#,Song,Artist,BPM,Camelot,Energy,Added At,Duration,Popularity,Genres,Album,Album Date,Dance,Acoustic,Instrumental,Valence,Speech,Live,Loud (Db),Key,Time Signature,Spotify Track Id,ISRC,song_frequency
1,Boss Bitch,Doja Cat,126,3A,96,2021-11-11,02:14,76,,Boss Bitch,2020-01-23,71,13,0,57,20,20,-5,A#/B♭ Minor,4,78qd8dvwea0Gosb6Fe6j3k,USAT21907355,2
2,The Real Slim Shady,Eminem,105,4A,66,2021-11-11,04:44,86,"rap, hip hop",The Marshall Mathers LP,2000-05-23,95,3,0,76,0,0,-4,F Minor,4,3yfqSUWxFvZELEM4PmlwIR,USIR10000448,2
3,Like a Virgin,Madonna,120,2A,80,2021-11-11,03:08,30,,Celebration (double disc version),2009-09-18,78,37,0,96,0,10,-3,D#/E♭ Minor,3,1iaIEmZHrjGzWUmJ9BaFr6,USWB10903604,1
4,...Baby One More Time,Britney Spears,93,5A,70,2021-11-11,03:31,86,pop,...Baby One More Time (Digital Deluxe Version),1999-01-12,76,20,0,91,0,40,-6,C Minor,4,3MjUtNVVq3C8Fn0MP3zhXa,USJI19810404,1
5,God is a woman,Ariana Grande,145,3B,66,2021-11-11,03:17,80,pop,Sweetener,2018-08-17,60,2,0,27,0,20,-6,C♯/D♭ Major,4,5OCJzvD7sykQEKHH7qAC3C,USUM71808574,1
6,Only Girl (In The World),Rihanna,126,10A,71,2021-11-11,03:55,89,,Loud,2010-01-01,79,11,0,64,0,0,-4,B Minor,4,2ENexcMEMsYk0rVJigVD3i,USUM71023200,3
7,What’s New,Megan Thee Stallion,140,3B,87,2021-11-11,02:35,61,,Good News,2020-11-20,93,0,0,72,30,0,-5,C♯/D♭ Major,4,3jRHehB5ulTMKfK5WaqDqc,QMCE32000684,2
8,Truth Hurts,Lizzo,158,9A,62,2021-11-11,02:53,57,,Cuz I Love You (Deluxe),2019-05-03,72,11,0,41,10,10,-3,E Minor,4,5qmq61DAAOUaW8AUo8xKhh,USAT21703896,1
9,Womanizer,Britney Spears,139,1B,70,2021-11-11,03:44,83,pop,Circus (Deluxe Version),2008-12-02,72,7,0,24,0,0,-5,B Major,4,4fixebDZAVToLbUCuEloa2,USJI10800838,1
10,Obsessed,Mariah Carey,86,3A,47,2021-11-11,04:02,76,christmas,Memoirs of an imperfect Angel,2009-09-29,74,5,0,37,0,80,-6,A#/B♭ Minor,4,3IcIIZMMS7UArJJPtEHXG8,USUM70973055,2
11,Promiscuous,"Nelly Furtado,Timbaland",114,3A,97,2021-11-11,04:02,89,,Loose,2006-01-01,81,6,0,87,0,10,-6,A#/B♭ Minor,4,2gam98EZKrF9XuOkU13ApN,USUM70603473,2
12,Gucci Flip Flops (feat. Lil Yachty),"Bhad Bhabie,Lil Yachty",160,4B,60,2021-11-11,02:31,70,,15,2018-09-18,82,4,2,18,30,10,-7,G#/A♭ Major,4,3hv6ndi7uFT9L9wrhQCsqY,USAT21801136,1
13,Ur Man,Slayyyter,143,2B,65,2021-11-11,02:24,39,hyperpop,Slayyyter,2019-09-17,83,0,0,90,0,30,-5,F#/G♭ Major,4,6bJm2QRP0pYF8nVwF2YR4l,QZHN31940609,1
14,Take Your Man,Mahogany Lox,110,8B,66,2021-11-11,01:57,47,,Take Your Man,2019-10-18,93,41,0,34,10,0,-8,C Major,4,1CF5kzz5XDBAL24wtVyyTJ,QZHN71992267,1
15,Confident,Demi Lovato,130,5B,75,2021-11-11,03:25,61,,Confident (Deluxe Edition),2015-10-16,59,0,0,34,0,0,-6,D#/E♭ Major,4,0Mn3amMRMoabaoTf1Publ4,USHR11536743,3
16,Want U Back,Cher Lloyd,98,11B,89,2021-11-11,03:34,61,,Sticks & Stones,2012-10-02,69,6,0,56,0,50,-3,A Major,4,6E11E0lT5Zy7yb6iT3y8DN,GBHMU1100387,1
17,Feeling Myself,"Nicki Minaj,Beyoncé",102,10B,70,2021-11-11,03:57,58,,The Pinkprint (Deluxe),2014-12-15,61,44,1,49,20,30,-5,D Major,3,5fyIGoaaKelzdyW8ELhYJZ,USCM51400377,1
18,Bad Girls,M.I.A.,143,3B,91,2021-11-11,03:47,75,,Matangi,2013-01-01,64,0,0,34,0,10,-3,C♯/D♭ Major,4,6nzXkCBOhb2mxctNihOqbb,USUG11200143,2
19,"break up with your girlfriend, i'm bored",Ariana Grande,170,4A,55,2021-11-11,03:10,77,pop,"thank u, next",2019-02-08,73,4,0,34,0,10,-5,F Minor,4,4kV4N9D1iKVxx1KLvtTpjS,USUM71900409,1
20,Only Girl (In The World),Rihanna,126,10A,72,2021-11-11,03:55,76,,Loud,2010-11-16,79,13,0,61,0,0,-4,B Minor,4,0AH6WMe3OlAlUb5miXt2FQ,USUM71023200,3
21,What the Hell,Avril Lavigne,150,11A,93,2021-11-11,03:40,79,,Goodbye Lullaby (Expanded Edition),2011-03-08,58,0,1,88,0,10,-4,F#/G♭ Minor,4,2z4U9d5OAA4YLNXoCgioxo,USRC11000915,2
22,I'm a Slave 4 U,Britney Spears,110,4A,84,2021-11-11,03:23,74,pop,Britney (Digital Deluxe Version),2001-10-31,85,42,0,96,10,10,-4,F Minor,4,6ldwfK0yWgTAlmIfuQkTYN,USJI10100421,1
23,WAP (feat. Megan Thee Stallion),"Cardi B,Megan Thee Stallion",133,3B,45,2021-11-11,03:07,76,,WAP (feat. Megan Thee Stallion),2020-08-07,94,2,0,36,30,0,-8,C♯/D♭ Major,4,4Oun2ylbjFKMPTiaSbbCih,USAT22005111,1
24,Juice,Lizzo,120,9B,89,2021-11-11,03:15,70,,Cuz I Love You,2019-04-19,77,1,0,84,10,40,-3,G Major,4,0k664IuFwVP557Gnx7RhIl,USAT21813044,1
25,How to Be a Heartbreaker,MARINA,140,10A,90,2021-11-11,03:41,49,,Electra Heart (Deluxe),2012-04-27,69,1,0,85,0,10,-5,B Minor,4,2Ow4Pmi0VOOLvbmJ8V70qo,GBFFS1200077,2
26,I Like Him,Princess Nokia,133,11B,58,2021-11-12,02:12,58,,Everything Sucks,2020-02-26,89,6,0,61,10,20,-9,A Major,4,68UU9oaQtMDnh6PRlW842H,US23A1502010,1
27,Looking at Me,Sabrina Carpenter,106,10B,80,2021-11-12,03:01,76,pop,Singular Act II,2019-07-19,68,0,0,52,0,0,-4,D Major,4,59tskctgqUmjCWAwhzYAFm,USHR11838865,2
28,Crying in the Club,Camila Cabello,85,11A,62,2021-11-12,03:36,68,,Crying in the Club,2017-05-18,33,33,0,60,30,10,-6,F#/G♭ Minor,4,1SJtlNRJDeYHioymcvsqev,USSM11704592,1
29,Kiwi,Harry Styles,147,10B,93,2021-11-12,02:56,72,,Harry Styles,2017-05-12,38,0,0,49,0,30,-3,D Major,4,33SNO8AaciGbNaQFkxvPrW,USSM11703958,2
30,Trust Fund Baby,Why Don't We,164,4B,79,2021-11-12,03:04,63,,Trust Fund Baby,2018-02-01,62,6,0,59,0,10,-3,G#/A♭ Major,4,54j7EaJPDmSZYcNYvLSJ78,USAT21704316,1
31,Hurts Like Hell (feat. Offset),"Madison Beer,Offset",75,12A,56,2021-11-12,03:27,0,,Hurts Like Hell (feat. Offset),2018-11-09,70,19,0,61,10,0,-7,C♯/D♭ Minor,4,3WefHNGtjexZvi66ZEx9u4,UKELY1800123,1
32,When I Grow Up,The Pussycat Dolls,118,10A,69,2021-11-12,04:05,75,,Doll Domination (Deluxe),2008-09-23,67,0,0,37,0,40,-6,B Minor,4,21pySLskKIKrhDziCX5ojQ,USUM70813999,1
33,Toxic,Britney Spears,143,4A,84,2021-11-12,03:18,87,pop,In The Zone,2003-11-13,77,2,3,92,10,20,-4,F Minor,4,6I9VzXrHxO9rA9A5euc8Ak,USJI10301005,2
34,Barbie Tingz,Nicki Minaj,102,2B,68,2021-11-12,03:11,59,,Barbie Tingz,2018-04-12,92,9,0,45,20,50,-6,F#/G♭ Major,4,2qsQ8eVDPmobZpvDxQCVQu,USCM51800075,1
35,Fergalicious,"Fergie,will.i.am",129,1A,58,2021-11-12,04:52,72,,The Dutchess,2006-09-13,91,6,0,83,30,10,-8,G#/A♭ Minor,4,1D066zixBwqFYqBhKgdPzp,USUM70609117,1
36,I Like Boys,Todrick Hall,124,11A,83,2021-11-12,02:55,0,ballroom vogue,"Haus Party, Pt. 1",2019-05-23,85,6,0,68,0,0,-5,F#/G♭ Minor,4,4XPkcokxbJRup3hjiMbZkE,USB251977760,1
37,Girls in the Hood,Megan Thee Stallion,180,2B,86,2021-11-12,02:34,61,,Girls in the Hood,2020-06-26,82,1,0,87,30,0,-3,F#/G♭ Major,4,6WbTTAGKrQtCQvmc5BuYfh,QMCE32000328,2
38,SexyBack (feat. Timbaland),"Justin Timberlake,Timbaland",117,6A,58,2021-11-12,04:02,87,,FutureSex/LoveSounds,2006-09-12,97,6,0,96,0,0,-6,G Minor,4,0O45fw2L5vsWpdsOdXwNAR,USJI10600269,1
39,Bang Bang,"Jessie J,Ariana Grande,Nicki Minaj",150,5A,79,2021-11-12,03:19,82,"pop, ",Sweet Talker (Deluxe Version),2014-10-10,71,26,0,75,0,30,-3,C Minor,4,0puf9yIluy9W0vpMEUoAnN,USUM71409737,2
40,The Hills,The Weeknd,113,5A,56,2021-11-12,04:02,88,,Beauty Behind The Madness,2015-08-28,59,7,0,14,0,10,-7,C Minor,4,7fBv7CLKzipRk6EC6TWHOB,USUG11500737,2
41,Lost in the Fire (feat. The Weeknd),"Gesaffelstein,The Weeknd",101,10B,67,2021-11-12,03:22,82,,Hyperion,2019-03-08,66,9,0,17,0,10,-12,D Major,4,2vXKRlJBXyOcvZYTdNeckS,USQX91803314,3
42,Luxurious,Gwen Stefani,131,8B,73,2021-11-12,04:24,76,,Love. Angel. Music. Baby. (Deluxe Version),2004-11-12,81,15,0,67,0,10,-4,C Major,4,3UQmoVQJqBYauTZLVPs3uo,USIR10400848,1
43,Rich Girl,"Gwen Stefani,Eve",98,6A,75,2021-11-12,03:56,74,,Love. Angel. Music. Baby. (Deluxe Version),2004-11-12,86,3,0,76,0,20,-3,G Minor,4,2Y2q7PkD7lvuWr8YaZfWuv,USIR10400846,2
44,All I Need,Lloyd,126,3A,50,2021-11-12,03:58,0,r&b,All I Need,2021-10-05,72,0,0,29,0,0,-10,A#/B♭ Minor,4,1bpdLkA2MDdMAx043uDIQM,QZ8WX2051120,2
45,Super Freak,Rick James,132,8A,79,2021-11-12,03:25,75,"funk, motown, disco",Street Songs (Deluxe Edition),1981-04-07,84,22,0,96,0,0,-8,A Minor,4,2dCmGcEOQrMQhMMS8Vj7Ca,USMO18100048,1
46,Feeling Good,Michael Bublé,115,3B,55,2021-11-12,03:57,73,christmas,It's Time,2005-02-08,54,53,0,48,0,10,-7,C♯/D♭ Major,3,1AM8QdDFZMq6SrrqUnuQ9P,USRE10401889,2
47,Crazy In Love (feat. JAY-Z),"Beyoncé,JAŸ-Z",99,7A,77,2021-11-12,03:56,80,"hip hop, east coast hip hop, rap",Dangerously In Love,2003-06-24,65,0,0,68,20,0,-7,D Minor,4,5IVuqXILoxVWvWEPm82Jxr,USSM10305425,2
48,Daddy Issues,The Neighbourhood,85,6B,52,2021-11-12,04:20,86,,Wiped Out!,2015-10-30,59,7,15,34,0,10,-9,A#/B♭ Major,4,5E30LdtzQTGqRvNd7l6kG5,USSM11506747,2
49,All For You,Janet Jackson,114,10B,93,2021-11-12,05:30,50,new jack swing,All For You,2001-04-24,75,2,13,69,0,10,-3,D Major,3,0UdqZQEbRWTkNXlh5kl2L8,USVI20100057,1
50,Maniac,Conan Gray,108,4B,65,2021-11-12,03:05,28,,Maniac,2019-10-25,62,0,0,52,0,30,-5,G#/A♭ Major,4,7hpJ9tATWb2vztlq99hERP,USUM71920712,1
51,all the good girls go to hell,Billie Eilish,185,1A,44,2021-11-12,02:48,74,,"WHEN WE ALL FALL ASLEEP, WHERE DO WE GO?",2019-03-29,73,28,14,57,30,10,-9,G#/A♭ Minor,4,6IRdLKIyS4p7XNiP8r6rsx,USUM71900766,1
52,Diet Mountain Dew,Lana Del Rey,88,3A,70,2021-11-12,03:42,79,,Born To Die - The Paradise Edition,2012-01-01,60,28,0,53,0,40,-6,A#/B♭ Minor,4,2vtmY2mSccRzKGjtcHSzI3,GBUM71111528,1
53,Earned It (Fifty Shades Of Grey) - From The  Fifty Shades Of Grey  Soundtrack,The Weeknd,120,7A,38,2021-11-12,04:12,73,,Earned It (Fifty Shades Of Grey) [From The  Fifty Shades Of Grey  Soundtrack],2014-12-23,66,39,0,43,0,10,-6,D Minor,3,2PIvq1pGrUjY007X5y1UpM,USUG11401951,2
54,nasty,Ariana Grande,128,11A,51,2021-11-12,03:20,68,pop,Positions,2020-10-30,77,8,0,46,10,10,-7,F#/G♭ Minor,4,0sci7ppTZFm4mjcH3nu8yO,USUM72020434,1
55,Greedy,Ariana Grande,110,3B,71,2021-11-12,03:34,0,pop,Dangerous Woman,2016-05-20,62,3,0,84,10,0,-5,C♯/D♭ Major,4,2tpIAmAq9orm1Owh5pja1w,USUM71602108,1
56,National Anthem,Lana Del Rey,85,5A,90,2021-11-12,03:50,61,,Born To Die - The Paradise Edition,2012-11-12,53,53,0,44,20,10,-6,C Minor,4,1M0g1beKC4H9gbrOiSayHW,GBUM71111567,5
57,Royals,Lorde,85,9B,43,2021-11-12,03:10,81,,Pure Heroine,2013-09-27,67,12,0,34,10,10,-10,G Major,4,2dLLR6qlu5UJ5gk0dKz0h3,NZUM71200031,2
58,Wrecking Ball,Mother Mother,97,9B,80,2021-11-12,03:14,0,,O My Heart,2008-09-23,66,19,0,28,0,30,-4,G Major,4,2y51QpLzI5qbWfCcSx9Tu1,CAL450882109,2
59,Potential Breakup Song,Aly & AJ,158,11A,89,2021-11-12,03:39,66,,Insomniatic,2007-01-01,57,0,1,77,0,50,-4,F#/G♭ Minor,4,11dxtPJKR4E0wlSr0A0t47,USHR10723111,1
60,Confident,"Justin Bieber,Chance the Rapper",134,4A,56,2021-11-12,04:08,75,,Journals,2014-05-13,74,11,0,88,10,10,-5,F Minor,4,5Isz0twJeFdduOQEFQLezv,USUM71319306,2
61,Pretty,Coco & Clair Clair,120,4B,56,2021-11-12,03:44,0,,Pretty,2017-11-15,77,12,0,73,0,0,-7,G#/A♭ Major,4,3L545updZMVxAsaYV6K8Z9,QZANL1753729,1
62,OHFR?,Rico Nasty,158,12A,72,2021-11-14,02:00,38,,OHFR?,2020-11-10,86,41,0,81,40,0,-6,C♯/D♭ Minor,4,3IBGU1NgiTjDsIJn2Jtdg4,USAT22007045,1
63,Vroom Vroom,Charli xcx,151,1B,68,2021-11-26,03:13,71,"hyperpop, art pop",Vroom Vroom EP,2016-02-26,84,12,0,51,20,0,-6,B Major,4,5hyq3LBlCfjRQAFkdQwe8o,GBAHS1600092,1
64,Wannabe,Spice Girls,110,1B,86,2022-04-03,02:53,83,,Spice,1996-01-01,77,10,0,89,0,10,-6,B Major,4,1Je1IMUlBXcx1Fz0WE7oPT,GBAAA9600008,1
65,Step On Up,Ariana Grande,111,4A,88,2022-04-03,03:00,61,pop,Dangerous Woman,2016-05-20,66,9,0,55,10,20,-4,F Minor,4,3K1y89UHuAEZbpiSPbtAae,USUM71603587,2
66,Where Have You Been,Rihanna,128,5A,85,2022-04-03,04:02,62,,Talk That Talk (Explicit),2011-01-01,72,0,2,44,0,20,-6,C Minor,4,1uN0f4NqMDcReSwXO6PLuG,USUM71118074,1
67,We Found Love,"Rihanna,Calvin Harris",128,3B,77,2022-04-03,03:35,64,edm,Talk That Talk (Explicit),2011-01-01,74,3,0,60,0,10,-4,C♯/D♭ Major,4,1zv3WFUbZ5vPxFq9I2jAU1,USUM71115507,1
68,Turn Me On (feat. Nicki Minaj),"David Guetta,Nicki Minaj",128,4B,79,2022-04-03,03:19,65,"edm, ",Nothing but the Beat 2.0,2011-08-24,71,5,0,41,0,50,-2,G#/A♭ Major,4,6JOlNkT0QdHeZB0wPbI9IR,GB28K1100029,1
69,My Attitude,Bratz,97,9A,75,2022-04-03,02:50,41,,Forever Diamondz - Collector's Edition,2006-01-01,87,6,0,87,0,0,-5,E Minor,4,2NJtlvTBmOyBRe6t7FVKHG,USUM70607990,1
70,Turn Up the Music,Chris Brown,130,3B,84,2022-04-03,03:47,66,r&b,Fortune (Expanded Edition),2012-07-03,59,0,0,64,10,10,-6,C♯/D♭ Major,4,1RMRkCn07y2xtBip9DzwmC,USRC11200099,1
71,Maneater,Nelly Furtado,133,2B,78,2022-04-03,04:18,86,,Loose,2006-01-01,80,3,0,79,0,10,-5,F#/G♭ Major,4,4wH4dJgrsxONID6KS2tDQM,USUM70601449,4
72,Luxury,Azealia Banks,122,4B,91,2022-04-03,02:48,1,"ballroom vogue, hip house",Broke with Expensive Taste,2014-11-07,69,2,0,57,10,20,-7,G#/A♭ Major,4,7IzN1BfaQ8fmTHYPRPhNws,US5Z51400592,1
73,Grow A Pear,Kesha,120,8B,67,2023-05-08,03:28,64,,Cannibal (Expanded Edition),2010-11-19,86,2,0,89,0,10,-4,C Major,4,2ISUiwj8xXqHeUFcen0AIU,USRC11000890,1
74,motive (with Doja Cat),"Ariana Grande,Doja Cat",117,3A,74,2023-05-08,02:47,74,"pop, ",Positions,2020-10-30,79,7,0,66,0,10,-6,A#/B♭ Minor,4,5GkQIP5mWPi4KZLLXeuFTT,USUM72020425,1
75,Applause,Lady Gaga,140,6A,78,2023-09-18,03:32,80,"art pop, pop",ARTPOP,2013-11-11,67,3,0,74,0,10,-4,G Minor,4,5ka2ajep9OAvU5Sgduhiex,USUM71310271,1
76,Can't Remember to Forget You (feat. Rihanna),"Shakira,Rihanna",138,10A,81,2023-09-18,03:26,82,"latin pop, ",Shakira. (Expanded Edition) [Spanish Version],2014-03-13,69,12,0,82,0,10,-4,B Minor,4,7o1Pm9jpH0wFpN5g793Lnq,USRC11301790,1
77,Love You Like A Love Song,Selena Gomez & The Scene,117,12A,68,2023-09-18,03:08,85,,When The Sun Goes Down,2011-01-01,86,8,0,92,0,0,-4,C♯/D♭ Minor,4,0laYHRpNTS6i8FXdupHkJ4,USHR11132668,1
78,Pound The Alarm,Nicki Minaj,125,11B,86,2023-09-18,03:25,61,,Pink Friday ... Roman Reloaded,2011-01-01,73,4,0,59,0,0,-4,A Major,4,0LohatbcUXRauoeMlR1jnS,USCM51200111,1
79,Cool for the Summer,Demi Lovato,114,4A,61,2023-09-18,03:34,85,,Confident,2015-01-01,58,0,0,34,0,10,-6,F Minor,4,3uwnnTQcHM1rDqSfA4gQNz,USHR11536621,2
80,Bad Blood,"Taylor Swift,Kendrick Lamar",170,10A,66,2023-09-18,03:20,68,"hip hop, west coast hip hop",Bad Blood,2015-05-17,65,3,0,22,10,10,-7,B Minor,4,6xsEAm6w9oMQYYg3jkEkMT,USCJY1531564,2
81,Come & Get It,Selena Gomez,80,6A,79,2023-12-18,03:51,73,,Stars Dance (Bonus Track Version),2013-01-01,55,1,0,57,0,0,-4,G Minor,4,6LoQHIo74tOzQ8EsLEkhgF,USHR11334422,1
82,Primadonna,MARINA,128,9A,69,2023-12-18,03:41,49,,Electra Heart,2012-04-27,66,9,0,43,0,0,-3,E Minor,4,02b5L9jExmkRTdUTqXFzmR,GBFFS1200009,2
83,Oops!...I Did It Again,Britney Spears,95,12A,83,2023-12-18,03:31,84,pop,Oops!... I Did It Again,2000-05-16,75,30,0,89,0,30,-5,C♯/D♭ Minor,4,6naxalmIoLFWR0siv8dnQQ,USJI10000100,1
84,Don't Stop The Music,Rihanna,123,11A,67,2023-12-18,04:27,80,,Good Girl Gone Bad,2007-01-01,83,3,0,55,0,0,-6,F#/G♭ Minor,4,1Jo0Zg7XlrA6z0mFTZVdkn,USUM70734700,1
85,Va Va Voom,Nicki Minaj,127,4B,84,2023-12-18,03:03,74,,Pink Friday ... Roman Reloaded (Deluxe),2012-01-01,65,6,1,71,0,20,-3,G#/A♭ Major,4,2jATUzETZL49e6SywauZKE,USCM51200109,1
86,Pink Friday Girls,Nicki Minaj,127,1B,79,2023-12-18,02:46,63,,Pink Friday 2,2023-12-08,74,7,0,19,0,10,-5,B Major,4,44L2bY93uD65CEHWbozpx4,USUM72318696,1
87,Partition,Beyoncé,176,10A,44,2023-12-18,05:19,73,,BEYONCÉ [Platinum Edition],2014-11-24,42,3,7,17,20,30,-12,B Minor,4,5hgnY0mVcVetszbb85qeDg,USSM11307803,1
88,Bitch Better Have My Money,Rihanna,103,3B,73,2023-12-18,03:39,76,,Bitch Better Have My Money,2015-03-26,78,5,0,40,0,20,-5,C♯/D♭ Major,4,0NTMtAO2BV4tnGvw9EgBVq,QM5FT1500006,3
89,Tia Tamera (feat. Rico Nasty),"Doja Cat,Rico Nasty",120,8B,65,2023-12-18,03:31,73,,Amala (Deluxe Version),2019-03-01,82,2,0,42,10,20,-5,C Major,4,1uNePI826aqh9uC9pgbeHU,USRC11803908,5
90,Black Widow,"Iggy Azalea,Rita Ora",164,2A,72,2023-12-18,03:29,68,,The New Classic,2014-01-01,74,19,0,51,10,10,-4,D#/E♭ Minor,4,7pNC5ZIKtwUK0ReSpM3P9f,GBUM71401093,1
1,Choice,Jack Stauber's Micropop,126,9A,65,2025-09-23,00:39,64,,Micropop,2019-05-30,53,16,17,76,20,20,-7,E Minor,4,57YgVR1hxgSVPMhI3ckK92,QMEZE1935906,2
2,"Harder, Better, Faster, Stronger",Daft Punk,123,11A,72,2025-09-26,03:46,77,"french house, electronic, electro",Discovery,2001-03-12,82,4,0,69,10,30,-9,F#/G♭ Minor,4,5W3cjX2J3tjhG8zb6u0qHn,GBDUW0000059,3
3,Heart Attack,Demi Lovato,174,4B,79,2025-09-26,03:30,83,,Demi,2013-01-01,50,7,0,50,10,20,-5,G#/A♭ Major,4,1V6gIisPpYqgFeWbMLI0bA,USHR11334249,1
4,Run No More,KALEO,108,8A,50,2025-10-12,05:48,55,,MIXED EMOTIONS,2025-05-09,47,38,0,19,0,10,-10,A Minor,4,4M5BOn53S0p9wTRHzNARWA,USAT22500957,1
5,Break My Stride,Matthew Wilder,110,6B,59,2025-10-12,03:04,76,,I Don't Speak The Language,1983-03-19,92,20,0,83,0,0,-11,A#/B♭ Major,4,1mCsF9Tw4AkIZOjvZbZZdT,USSM18300576,1
6,It's Oh So Quiet,Björk,124,5B,14,2025-10-18,03:37,52,"art pop, trip hop",Post,1995-06-13,47,63,0,20,0,0,-14,D#/E♭ Major,3,0OMNQyneWmmZtTQpULYJcl,GBBTF0200247,2
7,DIVIDE,石元 丈晴,125,8B,86,2025-10-18,05:29,20,japanese vgm,NEO: The World Ends with You - Original Soundtrack,2021-08-04,53,0,11,13,0,10,-4,C Major,4,6vO9dyMZkcfY19Qv72pJ7W,JPA842100338,1
8,Blood Sweat & Tears (from the series Arcane League of Legends),"Arcane,Sheryl Lee Ralph",148,10B,82,2025-10-21,03:42,62,"score, ",Arcane League of Legends: Season 2 (Soundtrack from the Animated Series),2024-11-23,46,11,0,22,10,10,-7,D Major,4,4yb2x8ZxKSszH0TX4rJI8M,USA2P2459605,1
9,BURY ME ALIVE,Neoni,120,11B,80,2025-10-22,03:07,42,,ALL MY FAVORITE MONSTERS,2022-10-28,49,1,0,26,10,30,-6,A Major,4,6J8QLoPTNP1pSsse6ULaVV,QZNWX2298558,1
10,Walk on Water,Thirty Seconds To Mars,140,3A,78,2025-11-01,03:05,63,,America,2018-04-06,49,0,0,41,0,10,-7,A#/B♭ Minor,4,3TpzgwcbhrZWW9Qrj6MmKd,USUG11700409,1
11,BATTLE OF THE LARYNX,Melanie Martinez,94,10A,75,2025-11-01,05:28,55,,PORTALS,2023-03-31,59,14,0,32,0,30,-9,B Minor,4,3jBJbxZSaVkaHRrUqEZ1eb,USAT22220424,1
12,MILK OF THE SIREN,Melanie Martinez,122,1A,60,2025-11-01,04:25,61,,PORTALS (Deluxe),2023-04-05,63,17,0,37,0,40,-6,G#/A♭ Minor,3,1AUyzuh7CIr1yDYPTOgQQL,USAT22303674,1
13,Ruiner,Nine Inch Nails,117,9B,97,2025-11-01,04:56,53,"industrial rock, industrial, industrial metal, alternative metal, nu metal",The Downward Spiral (Deluxe Edition),1994-03-08,52,0,39,8,0,50,-6,G Major,4,0KIwLmhPmSJNHWJjCRBhd9,USIR19400530,1
14,Bullet In A Gun,Imagine Dragons,130,4B,74,2025-11-05,03:24,54,,Origins (Deluxe),2018-11-09,82,16,0,48,0,0,-5,G#/A♭ Major,4,3R4Xk37WTagjzODMNEQLvs,USUM71816163,1
15,Come Here,Dominic Fike,81,2B,79,2025-11-05,01:17,54,,What Could Possibly Go Wrong,2020-07-31,50,0,0,46,0,20,-1,F#/G♭ Major,4,3Wgs96Z4TdCpnqFj2CxpsI,USQX92003243,2
16,Yes I Am,MAMAMOO,120,8B,89,2025-11-05,03:31,0,k-pop,Purple,2017-06-22,74,14,0,65,20,0,-3,C Major,4,3RqUX4U46H6TPdH30gPy4k,KRNAR1704414,2
17,Feeling Good,Nina Simone,82,6A,33,2025-11-05,02:54,77,"vocal jazz, soul jazz, soul, jazz, blues",I Put A Spell On You,1965-06-01,45,86,0,55,0,10,-9,G Minor,4,6Rqn2GFlmvmV4w9Ala0I1e,USPR36500094,2
18,BOOKER T,Bad Bunny,114,9B,60,2025-11-05,02:36,78,"reggaeton, trap latino, latin, urbano latino",EL ÚLTIMO TOUR DEL MUNDO,2020-11-27,88,11,0,69,30,0,-7,G Major,4,26w9NTiE9NGjW1ZvIOd1So,QMFME2066844,2
19,Money,Poppy,112,4B,76,2025-11-05,03:10,39,,Bubblebath,2016-06-10,74,0,0,89,0,0,-4,G#/A♭ Major,4,3ecc8UTM48hMOkqGDnP6I4,USUM71605093,3
20,"Bills, Bills, Bills",Destiny's Child,128,10A,58,2025-11-05,04:16,72,,The Writing's On The Wall,1999-07-27,85,14,0,46,10,0,-5,B Minor,4,1Oi2zpmL81Q0yScF1zxaC0,USSM19900561,3
21,Kill This Love,BLACKPINK,132,7A,84,2025-11-05,03:11,75,k-pop,KILL THIS LOVE,2019-04-05,76,32,0,65,10,20,-5,D Minor,4,6hvczQ05jc1yGlp9zhb95V,KRA401900005,3
22,Sou a Barbie Girl,Kelly Key,130,10A,93,2025-11-05,03:16,49,brazilian pop,Kelly Key,2005-05-30,85,3,0,96,0,20,-5,B Minor,4,0OzO3DeuiYqC9ZPlkwJUxw,BRWMB0400868,2
23,Often,The Weeknd,134,6A,63,2025-11-05,04:09,81,,Beauty Behind The Madness,2015-08-28,57,22,0,7,0,10,-10,G Minor,4,4PhsKqMdgMEUSstTDAmMpg,USUG11401323,4
24,RED EYES BLACK DRAGON CHAIN,Odetari,142,11A,91,2025-11-30,01:52,56,hyperpop,RED EYES BLACK DRAGON CHAIN,2023-04-23,57,0,0,46,10,20,-1,F#/G♭ Minor,4,2FamzT4tqyhS7an6OQ2gwo,QZHNB2361172,1
25,Why Didn't You Stop Me?,Mitski,120,8B,86,2025-11-30,02:21,61,,Be the Cowboy,2018-08-17,61,0,11,56,0,0,-5,C Major,4,2nifujUVU1XyhTSHI2kQ8g,USJ5G1815002,3
26,ロストワンの号哭,Neru,162,9B,89,2025-11-30,03:34,55,vocaloid,Kagaminext feat. 鏡音リン、鏡音レン ―10th ANNIVERSARY BEST―,2018-01-17,38,10,0,81,10,50,-1,G Major,4,7bjO3BMl5ps63mpPMfhPDC,JPC231700369,1
27,Manchild,Sabrina Carpenter,123,9B,69,2025-11-30,03:33,87,pop,Manchild,2025-06-05,73,12,0,81,0,30,-5,G Major,4,42UBPzRMh5yyz0EDPr6fr1,USUM72504354,3
28,Keys to the Kingdom,Linkin Park,184,9B,98,2025-11-30,03:38,52,"nu metal, rap metal, rock, alternative metal",The Hunting Party,2014-06-09,40,1,0,33,10,30,-5,G Major,4,2cZXlLwkRmDww37tbEygXl,USWB11401076,1
29,There You Go,P!nk,108,3A,85,2025-11-30,03:22,57,,Can't Take Me Home (Expanded Edition),2000-04-04,82,9,0,67,0,0,-7,A#/B♭ Minor,4,6dJ2mSRaKE9ctYw9qWNGWQ,USLF29900351,1
30,Just Take My Wallet,Jack Stauber's Micropop,184,8B,15,2025-11-30,01:19,66,,Micropop,2019-05-30,57,96,76,21,0,10,-17,C Major,5,2dNKGg5Nn1JNVH1GRd41bp,QMEZE1935909,1
31,Baptism,Crystal Castles,120,10A,82,2025-11-30,04:11,56,"witch house, electroclash, new rave, alternative dance",Crystal Castles (II),2010-01-01,69,0,54,14,0,80,-5,B Minor,4,4GJTbB9FNkGkvf6dxl22qW,GBUM71001705,1
32,I’m So Sorry,Imagine Dragons,143,7A,68,2025-11-30,03:50,65,,Smoke + Mirrors,2014-09-18,52,13,0,37,0,20,-6,D Minor,4,4o74y4XY1ypNZkZtZkK8Wi,USUM71417931,3
33,The Tradition,Halsey,106,8A,26,2025-11-30,03:46,47,,"If I Can’t Have Love, I Want Power",2021-08-27,43,78,0,24,0,10,-8,A Minor,4,3e2bWR3uFw1utzl37g4z3S,USUM72106122,3
34,Work This Out,"High School Musical Cast,Disney",122,4A,94,2025-12-01,03:03,59,,High School Musical 2 (Original Soundtrack),2007-01-01,78,1,0,81,10,0,-5,F Minor,4,4k9EAtZdZrzPlBUsFncXCZ,USWD10732094,1
35,24,Lana Del Rey,98,1A,37,2025-12-01,04:55,59,,Honeymoon,2015-09-18,28,78,0,9,0,10,-10,G#/A♭ Minor,4,302ZEWd1TDXvA4PLz0UQhj,GBUM71503934,3
36,Ain't Your Mama,Jennifer Lopez,120,1A,68,2025-12-01,03:38,72,,Ain't Your Mama,2016-04-07,76,5,0,82,20,0,-6,G#/A♭ Minor,4,2hgzdQdnfWwtdpZbhZlV72,USSM11602625,1
37,Spear of Justice,Toby Fox,76,1A,59,2025-12-01,01:55,60,soundtrack,UNDERTALE Soundtrack,2015-09-15,33,58,87,86,0,10,-10,G#/A♭ Minor,1,0wae8KoprNjfrXWjYYHGy9,USE831569644,1
38,Level Up,Ciara,153,3B,83,2025-12-01,03:24,67,,Beauty Marks,2019-05-10,75,1,1,58,10,10,-5,C♯/D♭ Major,4,7ssEhls1ZYEGtBsoovkMSe,ZZOPM1800407,1
39,Run Like Hell,Pink Floyd,117,11B,50,2025-12-10,04:23,61,"progressive rock, psychedelic rock, classic rock, art rock, rock",The Wall,1979-11-30,72,2,45,42,0,80,-15,A Major,4,0EaLRxrtnq7Mqhdf8q9txr,GBN9Y1100116,1
40,Unbreakable,Fireflight,90,2A,85,2025-12-20,03:21,55,"christian rock, christian alternative rock, chinese rock",Unbreakable,2008-03-04,46,0,0,39,0,10,-4,D#/E♭ Minor,4,6M9vEm3Cy3PHr3QkXRX6x3,USA5W0700349,1
41,Hellfire,Barns Courtney,94,9A,85,2025-12-29,02:48,60,,The Attractions Of Youth,2017-09-29,53,24,0,69,0,20,-6,E Minor,4,00RI7b6oZDjx6IQC2eH6bh,GBUM71700144,1
42,I Won't Back Down,Tom Petty,114,9B,48,2026-01-04,02:58,76,classic rock,Full Moon Fever,1989-01-01,77,5,0,97,0,10,-13,G Major,4,7gSQv1OHpkIoAdUiRLdmI6,USMC18925675,1
43,Every Night,Imagine Dragons,140,8B,60,2026-01-08,03:35,39,,Night Visions,2012-09-04,45,5,0,42,0,10,-7,C Major,4,3WQZfz5DLbO2vnJDWNxRBf,USUM71208570,1
44,Is It Me (feat. Guy First),"The Living Tombstone,Guy First",105,5A,71,2026-01-16,03:36,33,,In Sound Mind - Original Soundtrack,2021-09-28,49,0,22,37,0,10,-10,C Minor,4,6Y7PqB8EocaOyyUzGb08DJ,ZZOPM2110187,1
45,I Will Be,Avril Lavigne,75,9B,67,2026-01-16,03:59,52,,The Best Damn Thing (Expanded Edition),2007-04-17,41,4,0,14,0,10,-3,G Major,4,1ERza8JzFin9c3Keo8XQEX,USRC10700189,1
46,Ainsi bas la vida,Indila,128,4B,64,2026-01-24,03:34,72,french pop,Mini World (Deluxe),2014-11-17,78,5,0,44,10,10,-7,G#/A♭ Major,4,4lsOsGMzO1yCjGVucoWOZ1,FRUM71402811,3
47,Are You Satisfied?,MARINA,124,8B,71,2026-01-27,03:18,71,,The Family Jewels,2009-07-15,67,30,0,84,0,0,-5,C Major,4,6lKRMylSZMtA7EqPl0pcdI,GBFFS0900114,6
48,Real Men,Mitski,109,8A,41,2026-02-05,02:41,61,,Lush,2012-01-31,76,18,0,72,0,0,-8,A Minor,3,1BkQ2tVHP4VATMyuu7KU8Z,USCGH1222959,4
49,Hermit the Frog,MARINA,122,8B,68,2026-02-14,03:35,66,,The Family Jewels,2009-07-15,61,24,0,49,0,20,-5,C Major,4,4Zcz6saEkOII3PlXd9gN3o,GBFFS0900117,2
50,ESTJ (Right for Once),Greg McLeod,106,10B,48,2026-02-14,02:30,3,,MB-LP,2015-01-15,49,80,0,49,0,30,-9,D Major,4,3GNFfcUtB5uaAnN5XA3ZDy,CA9OT1400021,2
51,Écoute Chérie,Vendredi sur Mer,93,6A,65,2026-02-14,03:44,74,"french indie pop, french pop",Premiers émois,2019-03-22,61,14,0,69,0,20,-7,G Minor,4,1zyUz3eZ3sytdaR9lfW17q,FR9W11813454,2
52,Tia Tamera (feat. Rico Nasty),"Doja Cat,Rico Nasty",120,8B,65,2026-02-14,03:31,73,,Amala (Deluxe Version),2019-03-01,82,2,0,42,10,20,-5,C Major,4,1uNePI826aqh9uC9pgbeHU,USRC11803908,5
53,I Don't Care - Single Version,Fall Out Boy,134,10A,94,2026-02-14,03:34,66,"emo, pop punk",Folie à Deux,2008-12-10,55,0,0,43,0,50,-4,B Minor,4,7ewT0nLFkMD8ONbRibePr9,USUM70835313,2
54,Lost Cause,Billie Eilish,75,3A,33,2026-02-14,03:32,71,,Happier Than Ever,2021-07-30,53,70,1,52,20,0,-8,A#/B♭ Minor,4,4191RXFPa7Ge9XkA4cWlna,USUM72105929,2
55,Pacify Her,Melanie Martinez,158,8A,59,2026-02-14,03:40,75,,Cry Baby (Deluxe Edition),2015-08-14,58,5,0,37,0,20,-6,A Minor,4,360Wr96ywrCQq4kTAJ8Pq6,USAT21501941,5
56,Work Bitch,Britney Spears,128,11B,82,2026-02-14,04:07,72,pop,Britney Jean (Deluxe Version),2013-11-30,63,16,0,85,10,0,-7,A Major,4,3KliPMvk1EvFZu9cvkj8p1,USRC11301398,2
57,Wicked Boy,Alex G,95,9B,41,2026-02-14,02:39,44,,Rules,2012-01-15,72,73,2,73,0,10,-10,G Major,4,1Pes8wTxf2dHdgbwoLY5zW,GBJET1400065,1
58,Not Afraid Anymore,Halsey,132,4A,73,2026-02-14,03:46,54,,Fifty Shades Darker (Original Motion Picture Soundtrack),2017-02-10,55,0,0,42,0,10,-7,F Minor,4,0wH7iJqYQnmUU09YGcQPHo,USUM71700117,1
59,Oh Ana,Mother Mother,128,7B,53,2026-03-04,03:17,69,,Touch Up,2007-05-08,51,67,0,34,0,10,-7,F Major,4,1HOhw9h6IpSVpFPS6OzUu4,CAL450793904,2
60,White Wedding - Pt. 1,Billy Idol,147,11B,81,2026-03-05,04:12,75,,Billy Idol,1982-01-01,67,1,0,73,0,30,-5,A Major,4,1gzIbdFnGJ226LTl0Cn2SX,USCH30100008,1
61,You Oughta Know - 2015 Remaster,Alanis Morissette,105,12B,83,2026-03-11,04:09,73,,Jagged Little Pill (2015 Remaster),1995-00-00,67,21,0,41,0,40,-8,E Major,4,3jS7bB0oXVOwGFZn3aE5NV,USMV21500002,1
62,"jealousy, jealousy",Olivia Rodrigo,164,3A,57,2026-04-07,02:53,83,,SOUR,2021-05-21,70,20,0,70,10,0,-6,A#/B♭ Minor,4,0MMyJUC3WNnFS1lit5pTjk,USUG12101248,3
63,Angry Again,Megadeth,128,2A,72,2026-04-07,03:47,67,"thrash metal, metal, heavy metal, speed metal",Hidden Treasures,1995-00-00,69,0,68,96,0,30,-9,D#/E♭ Minor,4,3CI1JP2ooMBSFjIy1u6Yrc,USNPD9500002,2
64,Mount Everest,Labrinth,88,5A,43,2026-04-07,02:37,80,,Imagination & the Misfit Kid,2019-11-22,49,24,7,44,20,0,-7,C Minor,4,1ZdhOMWyFR8Iv9eylMGYg2,GBHMU1800032,2
65,It's Over When It's Over,Falling In Reverse,146,7A,98,2026-04-07,03:53,56,"emo, rap metal",Fashionably Late (Deluxe Edition),2013-06-18,56,5,0,58,0,10,-3,D Minor,4,3Wn52FjoUJClQOXwKePPp3,USEP41310008,2
66,Murder In My Mind,Kordhell,120,6B,97,2026-04-07,02:25,76,"phonk, drift phonk",Murder In My Mind,2022-01-21,71,1,0,57,10,10,-1,A#/B♭ Major,4,6qyS9qBy0mEk3qYaH8mPss,QM4TW2218315,1
67,Working for the Knife,Mitski,83,1B,63,2026-04-07,02:38,58,,Laurel Hell,2022-02-04,47,17,0,33,0,10,-8,B Major,4,2ORVHijyYA8bAOCVaIbmdS,USJ5G2125002,1
68,Rolling in the Deep,Adele,105,4B,77,2026-04-30,03:48,80,soft pop,21,2011-01-24,73,14,0,51,0,0,-5,G#/A♭ Major,4,1c8gk2PeTE04A1pIDH9YMk,GBBKS1000335,2
1,Sagittarius（射手座）,樊宇镈(Coulson Fan),95,3B,69,-,03:17,47,chinese r&b,Sagittarius（射手座）,2026-03-28,71,19,0,84,0,30,-6,C♯/D♭ Major,4,0rnRdigAqV90Yqljl4OzUc,QZTAY2668885,1
2,365,Kelly is Green,92,4B,44,-,03:22,55,,Colorfully You,2025-10-02,75,81,0,70,0,20,-11,G#/A♭ Major,4,2EncKlD4EzcsCCY4qMV1y3,QT3F62578990,1
3,Gorilla Grip,Greg Shilling,111,4A,65,-,03:05,63,,Gorilla Grip,2025-03-28,78,21,1,83,0,10,-8,F Minor,4,72NSAIXc4MlxKdWCoqOe4S,QZHN42554552,1
4,I Love This Song,"Jessie Hill,ZUHAIR",132,9B,32,-,03:21,41,"nz reggae, ",I Love This Song,2025-11-28,68,77,0,35,10,10,-12,G Major,4,1AK6SU1MKmXP7ItyUdHGfd,AUG0H2501510,1
5,DUMMY,donny daydream,89,1B,43,-,03:15,55,,DUMMY,2025-02-14,68,51,0,51,0,10,-8,B Major,4,7HrWXshLomWHVYD1tC21S1,QZDA62589267,1
6,Dear New Year,樊宇镈(Coulson Fan),95,10B,71,-,03:10,37,chinese r&b,Dear New Year,2025-12-30,74,57,0,42,0,20,-6,D Major,4,34aIgeUYglurC9qn6UuBXr,QT6G92575166,1
7,Heavenmade,JHIN,170,1B,69,-,03:29,58,,Heavenmade,2024-07-18,56,25,0,42,0,10,-6,B Major,4,7K6XQTW4sbLyp0GfJ0cA2m,TLVEM2429140,1
8,"Real tight, Real slow",16,148,10B,68,-,02:46,44,,Not Anymore,2026-03-12,50,46,0,49,0,10,-6,D Major,4,21gkr60F7psOt3pNZGsGUg,KRMIM2571631,1
9,You Arrived,"ZUHAIR,Labit",84,7B,32,-,03:37,39,,You Arrived,2026-02-11,63,69,0,48,0,10,-10,F Major,4,07ttGJgiMoA0LpEnH6VOwV,QZHN62641801,1
10,meet you again,tonybear,150,9B,43,-,03:38,35,,starstruck,2025-10-24,45,33,0,25,0,0,-8,G Major,4,0eeAKSulwSEus5fWF7TmL0,QT3F72518671,1
11,Gemini,樊宇镈(Coulson Fan),95,2B,61,-,02:58,29,chinese r&b,Gemini,2026-01-30,70,39,0,84,0,10,-6,F#/G♭ Major,4,077d3TNyk6VIlA9t1HSooa,QZHN72621768,1
12,Autumn Night,krnb,72,5B,67,-,03:15,45,,"in Autumn, You",2025-09-28,57,6,0,55,0,10,-4,D#/E♭ Major,4,3yEpbDpsrWJaRX2KJSM7HF,KSA002502025,1
13,dandelions,brb.,105,1B,68,-,03:12,46,,the blueprint,2025-10-24,69,62,0,68,0,10,-6,B Major,4,4scU0oTj0SuHcL9f5kC6gP,QZNJW2579900,1
14,say so,JHIN,117,3B,53,-,03:39,57,,say so,2025-09-12,81,23,3,97,0,10,-10,C♯/D♭ Major,4,6Uv1JFj9jmtOlVpR47IKxI,QZZ7L2523129,1
15,Escape,mikah,98,2B,46,-,04:04,38,chinese r&b,Escape,2025-10-17,36,85,0,17,0,10,-10,F#/G♭ Major,4,2qqxjg91h2XgfAy1bRpieo,JPB602503383,1
16,Aquarius,樊宇镈(Coulson Fan),100,4B,76,-,03:33,34,chinese r&b,Aquarius,2026-02-20,67,9,0,73,0,0,-4,G#/A♭ Major,4,5K84X5okfkb4MlMUz2frdV,QZMEM2617296,1
17,Fine,RIKII,98,2B,56,-,02:43,49,,Fine,2025-12-12,72,33,2,42,0,20,-8,F#/G♭ Major,4,7ahujqMJOEezGXr3ETzRpz,QT6F72564682,1
18,"wrong way, right",Paul Bill Jr.,96,7A,46,-,03:55,46,,save a little for me,2025-10-17,73,61,6,87,0,10,-12,D Minor,4,03nPFsGFUGQqNLaSOqZZWp,QZWV32588642,1
19,swan song,brb.,80,11A,64,-,03:25,43,,the blueprint,2025-10-24,69,50,0,39,10,30,-5,F#/G♭ Minor,4,5E9GFYeMdd6asHesvMflaT,QZNJZ2522344,1
20,Ocean Blue!,"EJEAN,niko rain",91,1B,56,-,02:52,53,,Ocean Blue!,2025-09-19,66,19,0,84,0,30,-9,B Major,4,0oidZjEhNZTQPZErfyLiN7,QZZ7V2537106,1
21,Libra（天秤座）,樊宇镈(Coulson Fan),92,1B,74,-,02:38,33,chinese r&b,Libra（天秤座）,2026-03-08,70,22,0,67,0,30,-4,B Major,4,0Knh6CCkJWAVantiIccmbM,QZNWV2625290,1
22,Dream,mikah,162,8B,63,-,02:54,36,chinese r&b,Homesick,2025-11-18,67,58,0,34,0,10,-7,C Major,4,1OpgKay3Z8cmxVsi50OFqX,JPB602503590,1
23,Shawty wanna,16,88,11A,60,-,02:17,40,,STRANGER,2025-02-16,72,53,1,61,0,0,-4,F#/G♭ Minor,4,6fFed3KQe6bvPyDflWqyiH,KRMIM2505674,1
24,Je N'aime Que Toi,oftn,91,10B,62,-,03:16,44,,Je N'aime Que Toi,2022-10-03,59,46,0,45,0,40,-5,D Major,4,2WW1ymvg1h7hXbYoLFNhz8,KRB472201895,1
25,!?,Kelly is Green,96,6B,43,-,02:51,58,,Mixed Feelings,2025-11-04,79,43,0,92,0,10,-8,A#/B♭ Major,4,1jSS64ikMnFVKQxBjql0rD,QT6EA2524964,1
26,戒断（去哪里忘记你）,樊宇镈(Coulson Fan),120,6B,63,-,03:17,26,chinese r&b,戒断（去哪里忘记你）,2026-01-06,65,63,0,38,0,20,-6,A#/B♭ Major,4,2j8wTgTZDsAtOqYkSgFtPU,QZFZ42602026,1
27,same clothes,Paul Bill Jr.,73,9B,42,-,02:41,43,,save a little for me,2025-10-17,62,84,0,59,0,10,-13,G Major,4,6dIftiN41Uy09eMloLC3eb,QZZ8A2591067,1
28,till i die,tonybear,188,1B,50,-,03:44,41,,starstruck,2025-10-24,28,50,0,25,0,10,-7,B Major,3,0A4O3X4ZOwC8qJNHddTFDS,QT3F72518668,1
29,Why Do You,16,85,9B,47,-,02:29,45,,Why Do You,2025-05-21,74,17,0,62,0,30,-6,G Major,4,0jZAXYV64prJIk004FifI1,KRMIM2528831,1
30,Your Side,"HYESUNG,16",111,1B,55,-,03:07,37,,Your Side,2026-01-14,75,34,0,60,0,0,-9,B Major,4,4EsACnu3xnp6zAVum0vvpC,KSA002650004,1
31,Centerpiece,JHIN,93,10B,42,-,02:44,51,,Centerpiece,2025-04-04,68,73,0,18,0,0,-10,D Major,3,5MlcCAtScThdqUBx3sa3Xe,QZPEW2594970,1
32,after you,ash major,120,10A,61,-,02:44,41,indie r&b,after you,2024-06-12,75,44,0,85,0,10,-10,B Minor,4,6lOPTDiYh26lhrj776hXY8,QZK6J2448752,1
33,Too Cute2,Kelly is Green,96,11B,47,-,02:59,54,,Mixed Feelings,2025-11-04,70,81,2,75,0,10,-11,A Major,4,0hdq1GGAnjVgeXa3KMC76B,QT6EA2524967,1
34,starstruck,tonybear,87,9B,53,-,03:06,36,,starstruck,2025-10-24,49,48,0,44,0,30,-8,G Major,4,13jK2cu5Fja5Nr7TRMVPRs,QT3F72518667,1
35,Love you even more,16,91,5B,44,-,02:18,43,,Not Anymore,2026-03-12,56,81,0,28,0,10,-5,D#/E♭ Major,4,1NqTOzKSIQDJxbJJswPYq5,KRMIM2618679,1
36,Can You Love Me Tonight? - Stripped,KAIRO,114,1B,35,-,04:07,56,,Can You Love Me Tonight? - Stripped,2022-07-13,62,73,0,35,0,10,-10,B Major,4,5Xef2VIPCHT6UOpF508Ail,USDA12204598,1
37,SUMMER SLOW LANE,"Vincentz,Plastic Ocean",124,1B,56,-,03:09,38,"chinese r&b, j-r&b",SUMMER TAPE,2024-08-07,77,75,0,80,0,10,-7,B Major,4,7KJHC91xSOBe8EshUNDwWM,QZTB32489388,1
38,Sing,RIKII,145,2B,47,-,02:45,46,,Sing,2025-10-17,64,62,0,58,0,30,-10,F#/G♭ Major,4,3coQvpxHPFbkjWxlJUI6ob,QT3F72585678,1
39,over you,oftn,90,12A,55,-,02:56,46,,over you,2022-06-16,60,62,0,53,0,20,-7,C♯/D♭ Minor,4,0tv6V94goKx2AL8BxZ1mSI,KRB472200980,1
40,Roses,tonybear,87,12B,77,-,02:51,38,,Roses,2025-02-07,51,70,0,32,0,20,-6,E Major,4,5LIs50n4eAAgHZmpyx97z9,QZFYZ2563191,1
41,7am,16,75,10B,49,-,02:14,43,,STRANGER,2025-02-16,79,24,0,70,20,30,-6,D Major,4,23Ow4Eow43ZtnmE6YRTGPT,KRMIM2505672,1
42,回避（应激反应）,樊宇镈(Coulson Fan),134,11B,55,-,02:45,32,chinese r&b,回避（应激反应）,2026-01-14,60,44,0,48,0,60,-5,A Major,4,62xyZmRdzY9SVj11PAkZWP,QZDA62662171,1
43,I Hope You Miss Me Too,Adrian Milanio,91,12B,27,-,03:33,42,,Me & You (Loverboy Edition),2026-03-27,57,87,0,28,0,10,-10,E Major,3,42toA7dbJANWnOVDxyGvgi,QT62W2508394,1
44,Pink Skies,"KIKIYO,Orion Song",152,12B,57,-,03:22,38,,Pink Skies,2024-08-09,51,74,2,35,0,20,-6,E Major,4,5Wl6SJgNNdqbRBm4VaCwfK,QZTAY2433463,1
45,break,ash major,146,11B,60,-,02:57,40,indie r&b,ash,2023-10-03,65,36,0,50,0,0,-7,A Major,4,1IJL1SMN8T2hqLSqLNY0Xi,QZTAU2340886,1
46,Take You There,soowoo,162,12B,60,-,02:52,35,,Take You There,2022-07-30,56,71,0,26,0,10,-5,E Major,4,69xe3Ix5HhyGL6XHUYSR0V,KRB472201260,1
47,Smell Like You (feat. Gyuna),"16,Gyuna",123,7B,60,-,03:03,44,psytrance,Smell Like You (feat. Gyuna),2023-08-13,84,11,0,86,0,10,-4,F Major,4,3hC6sIOAnZlH2lWlUu9Coj,KRMIM2389900,1
48,WANT U MORE,"keanu.,riensu",81,5A,62,-,02:49,34,,blush.,2026-01-09,53,64,0,85,0,30,-9,C Minor,4,148M69fYwqj3PTnkjrtjA8,QT4K42532386,1
49,For No Reason,YAØ,112,12A,58,-,03:15,45,,For No Reason,2023-07-28,69,21,0,64,0,10,-9,C♯/D♭ Minor,4,6AFUs8A7itwJ2BF0Q8xXnW,DGA062317067,1
50,My Favourite Muse,ZUHAIR,115,3A,30,-,04:21,49,,For the Lovers,2022-07-20,67,88,0,70,0,20,-11,A#/B♭ Minor,4,31j4XokWckLmq5O5niNh7R,QZMHP2017442,1
1,Pacify Her,Melanie Martinez,158,8A,59,2022-06-07,03:40,76,,Cry Baby (Deluxe Edition),2015-08-14,58,5,0,37,0,20,-6,A Minor,4,360Wr96ywrCQq4kTAJ8Pq6,USAT21501941,5
2,Real Men,Mitski,109,8A,41,2022-06-07,02:41,0,,Lush,2012-01-31,76,18,0,72,0,0,-8,A Minor,3,5pf3AX7eqShjqkvD1CjMYA,uscgh1222959,4
3,Why Didn't You Stop Me?,Mitski,120,8B,86,2022-06-07,02:21,61,,Be the Cowboy,2018-08-17,61,0,11,56,0,0,-5,C Major,4,2nifujUVU1XyhTSHI2kQ8g,USJ5G1815002,3
4,Kill This Love,BLACKPINK,132,7A,84,2022-06-07,03:11,75,k-pop,KILL THIS LOVE,2019-04-05,76,32,0,65,10,20,-5,D Minor,4,6hvczQ05jc1yGlp9zhb95V,KRA401900005,3
5,Bad Blood,"Taylor Swift,Kendrick Lamar",170,10A,66,2022-06-07,03:20,68,"hip hop, west coast hip hop",Bad Blood,2015-05-17,65,3,0,22,10,10,-7,B Minor,4,6xsEAm6w9oMQYYg3jkEkMT,USCJY1531564,2
6,What Else Can I Do?,"Diane Guerrero,Stephanie Beatriz",120,12B,71,2022-06-07,02:59,67,,Encanto (Original Motion Picture Soundtrack),2021-11-19,72,26,0,54,0,10,-6,E Major,4,3XoYqtiWHhsk59frZupImG,USWD12112916,3
7,Work Bitch,Britney Spears,128,11B,82,2022-06-07,04:07,72,pop,Britney Jean (Deluxe Version),2013-11-30,63,16,0,85,10,0,-7,A Major,4,3KliPMvk1EvFZu9cvkj8p1,USRC11301398,2
8,We Don't Talk About Bruno,"Carolina Gaitán - La Gaita,Mauro Castillo,Adassa,Rhenzy Feliz,Diane Guerrero,Stephanie Beatriz,Encanto - Cast",206,5A,45,2022-06-07,03:36,75,,Encanto (Original Motion Picture Soundtrack),2021-11-19,58,36,0,83,0,10,-9,C Minor,4,52xJxFP6TqMuO4Yt0eOkMz,USWD12112915,1
9,Sour Candy (with BLACKPINK),"Lady Gaga,BLACKPINK",120,8A,87,2022-06-07,02:37,64,"art pop, pop, k-pop",Chromatica,2020-05-29,75,6,0,78,0,40,-4,A Minor,4,1IWNylpZ477gIVUDpJL66u,USUM72004306,1
10,"Harder, Better, Faster, Stronger",Daft Punk,123,11A,72,2022-06-07,03:46,77,"french house, electronic, electro",Discovery,2001-03-12,82,4,0,69,10,30,-9,F#/G♭ Minor,4,5W3cjX2J3tjhG8zb6u0qHn,GBDUW0000059,3
11,Lost Cause,Billie Eilish,75,3A,33,2022-06-07,03:32,71,,Happier Than Ever,2021-07-30,53,70,1,52,20,0,-8,A#/B♭ Minor,4,4191RXFPa7Ge9XkA4cWlna,USUM72105929,2
12,GO HARD,TWICE,100,11A,85,2022-06-07,03:01,59,k-pop,Eyes Wide Open,2020-10-26,79,30,0,51,0,10,-4,F#/G♭ Minor,4,5uZ5VUoj2al8GttE421bTD,US5TA2000141,1
13,YES or YES,TWICE,138,1B,91,2022-06-07,03:57,71,k-pop,YES or YES,2018-11-05,70,5,0,74,0,10,-3,B Major,4,26OVhEqFDQH0Ij77QtmGP9,US5TA1800109,1
14,Perfect World,TWICE,135,2A,88,2022-06-07,03:02,55,k-pop,Perfect World,2021-06-30,68,5,0,60,0,30,-2,D#/E♭ Minor,4,0hpYo5x9iNMGz52fRrflbT,JPWP02170588,1
15,Bring It Back,Travis Porter,98,10A,76,2022-06-07,03:37,67,,From Day 1,2012-05-28,94,12,0,55,0,10,-4,B Minor,4,6VWUOFXGwH1OgyPrfRONrn,USJI11100022,1
16,These Boots Are Made for Walkin',Nancy Sinatra,83,11B,32,2022-06-07,02:42,55,,Full Metal Jacket (Original Motion Picture Soundtrack),1987-08-04,72,56,0,46,0,0,-16,A Major,4,4j2W1eM03mz5MVN5LvR7VH,USWB10102872,2
17,Problem,"Ariana Grande,Iggy Azalea",103,12A,81,2022-06-07,03:13,81,"pop, ",My Everything (Deluxe),2014-08-22,66,2,0,63,10,10,-5,C♯/D♭ Minor,4,7vS3Y0IKjde7Xg85LWIEdP,USUM71405403,2
18,Lost One's Weeping,JubyPhonic,162,9A,54,2022-06-07,03:33,43,vocaloid,Lost One's Weeping,2022-05-09,53,0,0,61,0,50,-10,E Minor,4,3PrRSLpIiDkUIdxVQ2kQZU,QZHN92261870,1
19,Hung Up,Madonna,125,8A,65,2022-06-07,05:37,83,,Confessions on a Dance Floor,2005-11-11,65,0,16,41,0,0,-8,A Minor,4,3850dYVgOFIXJh5U4BFEWH,USWB10504319,1
20,Money,Poppy,112,4B,76,2022-06-07,03:10,39,,Bubblebath,2016-06-10,74,0,0,89,0,0,-4,G#/A♭ Major,4,3ecc8UTM48hMOkqGDnP6I4,USUM71605093,3
21,24,Lana Del Rey,98,1A,37,2022-06-07,04:55,59,,Honeymoon,2015-09-18,28,78,0,9,0,10,-10,G#/A♭ Minor,4,302ZEWd1TDXvA4PLz0UQhj,GBUM71503934,3
22,Spine Breaker,BTS,94,8B,93,2022-06-07,03:58,66,k-pop,Skool Luv Affair,2014-02-12,68,16,0,86,10,40,-1,C Major,4,0F3Dpp18yIxIm7XRmn0LBj,KRA341404058,1
23,Should've Said No,Taylor Swift,168,9A,78,2022-06-07,04:02,55,,Taylor Swift (Deluxe Edition),2006-10-24,48,1,0,47,0,20,-4,E Minor,4,6CdaXOq1MWe2JHDalTG01d,USCJY0603021,1
24,Often,The Weeknd,134,6A,63,2022-06-07,04:09,81,,Beauty Behind The Madness,2015-08-28,57,22,0,7,0,10,-10,G Minor,4,4PhsKqMdgMEUSstTDAmMpg,USUG11401323,4
25,I’m So Sorry,Imagine Dragons,143,7A,69,2022-06-07,03:50,67,,Smoke + Mirrors (Deluxe),2015-05-11,53,14,0,42,0,20,-6,D Minor,4,7oTQ4d0UJeH8LOyvpfd5uW,USUM71417931,3
26,You And I,Lady Gaga,127,10B,70,2022-06-07,05:07,61,"art pop, pop",Born This Way (International Special Edition Version),2011-05-23,52,9,0,52,0,0,-5,D Major,4,1ADciGUxOaUbBFd0rpYx7d,USUM71106457,1
27,White Wedding,Billy Idol,147,11B,62,2022-06-07,08:26,3,,Vital Idol,1985-00-00,68,3,5,67,0,20,-12,A Major,4,0bvpSvOYt4KTfZIZJmyFOs,USNPD1227957,1
28,The Tradition,Halsey,106,8A,26,2022-06-07,03:46,47,,"If I Can’t Have Love, I Want Power",2021-08-27,43,78,0,24,0,10,-8,A Minor,4,3e2bWR3uFw1utzl37g4z3S,USUM72106122,3
29,Adios,EVERGLOW,128,3A,71,2022-06-07,03:09,58,"k-pop, noise music",HUSH,2019-08-19,63,0,8,40,0,20,-5,A#/B♭ Minor,4,0sq2QUCf3ykmfYxjCDWcir,KRMIM1914433,1
30,Choice,Jack Stauber's Micropop,126,9A,65,2022-06-07,00:39,64,,Micropop,2019-05-30,53,16,17,76,20,20,-7,E Minor,4,57YgVR1hxgSVPMhI3ckK92,QMEZE1935906,2
31,Sway,Michael Bublé,126,7A,64,2022-06-07,03:08,75,christmas,Michael Bublé,2003-00-00,71,75,0,74,0,0,-6,D Minor,4,2ajUl8lBLAXOXNpG4NEPMz,USRE10201551,1
32,Ferrari,The Neighbourhood,76,10A,65,2022-06-07,03:04,58,,Wiped Out!,2015-10-30,44,0,0,18,0,50,-9,B Minor,4,7xrwGUa11hnnxXWeTIzcHf,USSM11506750,1
33,IDGAF,Dua Lipa,97,9B,54,2022-06-07,03:37,76,pop,Dua Lipa (Deluxe),2017-06-02,84,4,0,51,0,0,-6,G Major,4,76cy1WJvNGJTj78UqeA5zr,GBAHT1600301,1
34,MORE,"K/DA,Madison Beer,i-dle,Lexie Liu,Jaira Burns,Seraphine,League of Legends",142,12A,79,2022-06-07,03:37,1,"k-pop, c-pop, chinese hip hop, chinese r&b, mandopop, ",ALL OUT,2020-11-06,66,0,0,20,0,30,-5,C♯/D♭ Minor,4,6ZlvEI2HQC6R5TahN9Ffm4,QZH6S1900273,3
35,Waiting For The Worms - 2011 Remastered Version,Pink Floyd,76,9B,35,2022-06-07,03:57,0,"progressive rock, psychedelic rock, classic rock, art rock, rock",The Wall (Remastered),1979-11-30,57,46,0,61,0,50,-16,G Major,4,7s9MWRmBH5fbohw3Tqikyb,GBN9Y1100117,1
36,"Bills, Bills, Bills",Destiny's Child,128,10A,58,2022-06-07,04:16,72,,The Writing's On The Wall,1999-07-27,85,14,0,46,10,0,-5,B Minor,4,1Oi2zpmL81Q0yScF1zxaC0,USSM19900561,3
37,¡aquí yo mando!,"Kali Uchis,Rico Nasty",157,1B,62,2022-06-07,02:21,54,,Sin Miedo (del Amor y Otros Demonios) ∞,2020-12-04,72,3,0,45,0,10,-8,B Major,4,05ufCucv6Z1oLMWeS8XapR,GBUM72004218,1
38,BIJIN,CHANMINA,95,3B,73,2022-06-07,02:38,34,"j-pop, j-rap",BIJIN,2021-03-19,80,1,0,41,10,20,-6,C♯/D♭ Major,4,4lX99xEjKmioWNxH9H3nEt,JPWP02100328,1
39,Sharp Dressed Man - 2008 Remaster,ZZ Top,125,7B,86,2022-06-07,04:18,7,"southern rock, classic rock, blues rock, rock",Eliminator,1983-03-23,60,0,0,45,0,0,-5,F Major,4,1UBQ5GK8JaQjm5VbkBZY66,USWB10702682,1
40,Persistence,King Gizzard & The Lizard Wizard,77,10A,83,2022-06-07,03:47,0,"neo-psychedelic, psychedelic rock",Omnium Gatherum,2022-04-22,72,8,0,74,10,10,-5,B Minor,4,1Zmi9ADrlNq0X8MmJIcbTN,AU2ZC2100211,1
41,Ainsi bas la vida,Indila,128,4B,64,2022-06-07,03:34,72,french pop,Mini World (Deluxe),2014-11-17,78,5,0,44,10,10,-7,G#/A♭ Major,4,4lsOsGMzO1yCjGVucoWOZ1,FRUM71402811,3
42,No Scrubs,TLC,93,1A,68,2022-06-07,03:34,87,,Fanmail,1999-02-23,74,3,0,59,10,0,-4,G#/A♭ Minor,4,1KGi9sZVMeszgZOWivFpxs,USLF29900479,3
43,Can't Hold Us Down (feat. Lil' Kim),"Christina Aguilera,Lil' Kim",99,4B,66,2022-06-07,04:15,64,east coast hip hop,Stripped,2002-07-19,86,3,0,54,10,0,-4,G#/A♭ Major,4,0cv1Mnb47oMvjVKMc2cyZw,USRC10201077,1
44,Sou a Barbie Girl,Kelly Key,130,10A,93,2022-06-07,03:16,49,brazilian pop,Kelly Key,2005-05-30,85,3,0,96,0,20,-5,B Minor,4,0OzO3DeuiYqC9ZPlkwJUxw,BRWMB0400868,2
45,It's Oh So Quiet,Björk,129,5B,13,2022-06-07,03:38,0,"art pop, trip hop",Post,1995-06-13,46,65,0,25,0,0,-14,D#/E♭ Major,4,3CMVjlbvNJMHDfYPX7xCpi,GBBTF0200247,2
46,Mr. Roboto,Styx,144,3B,48,2022-06-07,05:28,63,"classic rock, aor, progressive rock",Kilroy Was Here,1983-01-01,66,19,0,31,0,0,-12,C♯/D♭ Major,4,7C0rG4oWO7VeZcffyW1sK9,USAM18300364,1
47,See U Later,BLACKPINK,107,8A,93,2022-06-07,03:18,60,k-pop,SQUARE UP,2018-06-15,74,4,0,57,10,50,-4,A Minor,4,2REoTZjaB3jyAt5dgkV5GK,KRA401800099,1
48,Can’t Bring Me Down,EXO,87,3A,94,2022-06-07,03:00,37,k-pop,LOTTO - The 3rd Album Repackage,2016-08-18,60,19,0,74,10,20,-4,A#/B♭ Minor,4,2HTV9fE1pXpAI3hjohFYM6,KRA301600285,1
49,Boyfriend,Selena Gomez,92,10B,51,2022-06-07,02:41,50,,Rare (Deluxe),2020-04-09,81,22,3,35,10,0,-6,D Major,4,4QnC1bIaMSfDQvF4XDhV5M,USUM72002989,1
50,Bionic,Christina Aguilera,176,10B,93,2022-06-07,03:21,38,,Bionic (Deluxe Version),2010-06-08,42,7,0,85,20,30,-2,D Major,5,3Vf1gIyoOSHPQTycGpVKju,USRC11000257,1
1,It's You,Ali Gatie,96,10A,46,2025-07-02,03:32,67,,It's You (Versions),2023-06-23,73,37,0,40,0,10,-7,B Minor,4,3HHqVJHqwgkxWhOQ4MhLB6,USWB11901154,1
2,we can't be friends (wait for your love),Ariana Grande,116,7B,65,2025-07-02,03:48,87,pop,eternal sunshine,2024-03-08,65,6,0,30,0,0,-8,F Major,4,51ZQ1vr10ffzbwIjDCwqm4,USUM72317276,2
3,blue,yung kai,97,12B,32,2025-07-02,03:34,82,,blue,2024-08-02,75,93,2,59,0,10,-12,E Major,3,3be9ACTxtcL6Zm4vJRUiPG,TLVEM2456474,1
4,Enchanted,Taylor Swift,82,4B,62,2025-07-02,05:52,73,,Speak Now,2010-10-25,54,7,0,23,0,10,-4,G#/A♭ Major,4,04S1pkp1VaIqjg8zZqknR5,USCJY1003663,1
5,Obsessed,Mariah Carey,86,3A,47,2025-08-18,04:02,83,christmas,Memoirs of an imperfect Angel (International Version),2009-09-29,74,5,0,37,0,80,-6,A#/B♭ Minor,4,5EGPf0nqO7vEIwsOX6Er98,USUM70973055,2
6,lowkey,NIKI,118,8B,49,2025-11-03,02:51,79,indonesian r&b,lowkey,2019-04-24,75,43,0,23,0,0,-8,C Major,4,7ipqVwkp2MhZv0Ojzqy1NV,ZZOPM1900990,1
7,About You,The 1975,96,10B,76,2025-11-06,05:26,88,,Being Funny In A Foreign Language,2022-10-14,42,31,80,46,0,0,-7,D Major,4,3hEfpBHxgieRLz4t3kLNEg,GBK3W2202321,1
8,back to friends,sombr,93,3B,72,2025-11-06,03:19,91,,back to friends,2024-12-27,44,0,0,24,0,0,-2,C♯/D♭ Major,4,0FTmksd2dxiE5e3rWyJXs6,USWB12405502,3
9,Payphone,"Maroon 5,Wiz Khalifa",110,12B,75,2025-11-06,03:51,87,"pop, ",Overexposed Track By Track,2012-01-01,74,2,0,55,0,20,-5,E Major,4,1XGmzt0PVuFgQYYnV2It7A,USUM71203347,1
10,Beauty And A Beat,"Justin Bieber,Nicki Minaj",128,8B,84,2025-11-06,03:47,91,,Believe (Deluxe Edition),2012-06-15,60,0,0,53,0,0,-5,C Major,4,190jyVPHYjAqEaOGmMzdyk,USUM71205367,1
11,Mistletoe,Justin Bieber,162,11A,56,2025-12-09,03:02,70,,Under The Mistletoe (Deluxe Edition),2011-01-01,66,50,0,85,0,0,-9,F#/G♭ Minor,4,7xapw9Oy21WpfEcib2ErSA,USUM71116290,1
12,People You Know,Selena Gomez,150,1A,62,2026-01-05,03:14,76,,Rare,2020-01-10,70,9,0,62,0,10,-8,G#/A♭ Minor,4,63mdJr3NMY3wReOkNE6c6W,USUM71923485,1
13,I Like Me Better,Lauv,92,11B,51,2026-01-23,03:17,74,,I Like Me Better,2017-05-19,75,53,0,42,20,10,-8,A Major,4,1jXfVzMk8cSbvAXMML4Y4f,GBWWP1702907,1
14,Love,Keyshia Cole,117,7B,52,2026-01-28,04:15,84,r&b,The Way It Is,2005-01-01,69,6,0,31,0,10,-4,F Major,4,0W4NhJhcqKCqEP2GIpDCDq,USAM10500210,2
15,Backburner,NIKI,168,9B,56,2026-02-03,03:56,80,indonesian r&b,Nicole,2022-08-12,57,5,1,22,0,10,-9,G Major,4,4x2PkqSLtuwv53hLqq4GiY,ZZOPM2236004,1
16,Take A Chance With Me,NIKI,94,6B,42,2026-02-03,05:03,79,indonesian r&b,Nicole,2022-08-11,63,84,0,52,0,10,-12,A#/B♭ Major,4,21acb66djKRlDPJOXRBCkc,ZZOPM2236012,1
17,Bad,Christopher,96,12A,59,2026-02-21,03:11,53,dansk pop,Bad,2018-04-13,76,7,0,68,10,50,-7,C♯/D♭ Minor,4,6L2TOTO0JjlVuKBnIuWcVY,DKAZA1800026,2
18,Shinunoga E-Wa,Fujii Kaze,158,11A,76,2026-02-22,03:05,78,j-pop,HELP EVER HURT NEVER,2020-05-20,60,17,0,52,0,10,-6,F#/G♭ Minor,4,0o9zmvc5f3EFApU52PPIyW,JPPO02000610,1
19,La La Lost You - Acoustic Version,"NIKI,88rising",101,3B,20,2026-02-27,03:28,75,"indonesian r&b, ",NIKI Acoustic Sessions: Head In The Clouds II,2019-08-11,62,91,0,39,0,30,-12,C♯/D♭ Major,4,0e2wfbDK7ppotqyUWD7qs8,ZZOPM1901607,1
20,XXL,LANY,151,6B,73,2026-02-27,03:26,76,,a beautiful blur,2023-09-29,39,1,0,51,0,20,-5,A#/B♭ Major,4,3l1grOhgJQG4E1E2MjfHWG,QM24S2304035,1
21,Who Knows,Daniel Caesar,121,4A,26,2026-02-27,03:46,90,,Son Of Spergy,2025-10-24,67,76,0,39,0,30,-15,F Minor,4,6DH13QYXK7lKkYHSU88N48,USUG12505893,2
22,Back To December,Taylor Swift,142,10B,61,2026-02-27,04:53,66,,Speak Now,2010-10-25,52,2,0,30,0,30,-6,D Major,4,5l6GqSxplqnZbLg0LTPQeG,GBUM71027838,1
23,On The Drive Home,NIKI,96,6A,13,2026-02-27,04:16,64,indonesian r&b,Nicole,2022-08-11,40,96,0,23,0,10,-18,G Minor,4,6b9yQhy8XyaeadWPlFYSDE,ZZOPM2236011,1
24,You'll Be in My Heart,NIKI,188,11B,61,2026-02-27,04:01,81,indonesian r&b,You'll Be In My Heart,2022-09-14,49,6,0,63,0,10,-9,A Major,4,1UPB5rYJ0bzn6mNSoAHrZC,ZZOPM2240877,1
25,That’s So True,Gracie Abrams,109,3B,81,2026-02-27,02:46,90,,The Secret of Us (Deluxe),2024-10-18,55,21,0,37,0,10,-4,C♯/D♭ Major,4,7ne4VBA60CxGM75vw0EYad,USUG12406903,1
26,ours to keep,"Kendis,adis",180,8B,38,2026-02-27,03:28,54,,ours to keep,2024-04-12,38,71,0,26,0,10,-8,C Major,4,7flKzMJj46Ttsb62sM93zy,QZHNA2470061,1
27,Nothin' on You (feat. Bruno Mars),"B.o.B,Bruno Mars",104,6B,85,2026-02-28,04:28,87,,B.o.B Presents: The Adventures of Bobby Ray,2010-04-27,69,39,0,74,0,0,-6,A#/B♭ Major,4,59dLtGBS26x7kc0rHbaPrq,USAT20904033,2
28,NO BATIDÃO,"ZXKAI,slxughter",130,3B,96,2026-03-08,01:29,88,"phonk, brazilian phonk",NO BATIDÃO,2025-09-05,64,14,0,89,0,10,1,C♯/D♭ Major,4,7vg9noSnFEyPfwLiaCW4vi,QMFME2517989,1
29,Hard 2 Face Reality,"Poo Bear,Justin Bieber,J A Y E L E C T R O N I C A",142,9B,62,2026-04-18,03:16,52,alternative hip hop,Hard 2 Face Reality,2018-04-06,62,26,0,32,0,20,-5,G Major,4,5vXvOxDaE8pgXRgiq7PUQN,USUG11702132,1
1,Emperor's New Clothes,Panic! At The Disco,94,3B,90,2021-03-24,02:38,69,emo,Death of a Bachelor,2016-01-15,56,0,0,65,0,0,-5,C♯/D♭ Major,4,3px2rAPu74ltbkf9eZsZ8h,USAT21503476,3
2,Ghosting,Mother Mother,92,1B,62,2021-03-24,04:45,0,,O My Heart,2008-09-23,61,33,0,24,0,10,-5,B Major,4,3vZUC1m6QVm7urnN6lcF64,CAL450882107,1
3,Lotta True Crime,Penelope Scott,159,4B,41,2021-03-24,03:22,0,,Public Void,2020-09-25,52,33,7,40,20,10,-14,G#/A♭ Major,4,6Dqs6JddZc16yl27MDzIWY,QZK6F2019391,1
4,Power & Control,MARINA,120,8A,90,2021-03-24,03:46,24,,Electra Heart (Deluxe),2012-04-27,53,1,0,48,0,10,-5,A Minor,4,5IixEDnbG6pZOy38vkkuvr,GBFFS1200014,3
5,Whatever It Takes,Imagine Dragons,135,3A,66,2021-03-24,03:21,84,,Evolve,2017-06-23,67,4,0,56,0,10,-5,A#/B♭ Minor,4,6Qn5zhYkTa37e91HC1D7lb,USUM71703515,1
6,What's the Use of Feeling (Blue)? [feat. Patti LuPone & Deedee Magno Hall],"Steven Universe,Deedee Magno Hall,Patti LuPone",58,8A,39,2021-03-24,02:26,53,musicals,"Steven Universe, Vol. 1 (Original Soundtrack)",2017-06-02,37,43,0,14,0,30,-9,A Minor,4,4i1aLZ3ndlI6Z2z2vmfHpz,TCADA1768018,1
7,Almost There,Anika Noni Rose,79,8B,50,2021-03-24,02:24,66,,The Princess and the Frog (Original Motion Picture Soundtrack),2009-11-23,51,81,0,51,0,20,-6,C Major,4,2GLyruWagsv8o7aGNXboH1,USWD10936987,2
8,Body,Mother Mother,148,3A,63,2021-03-24,03:33,1,,O My Heart,2008-09-23,60,13,0,47,0,30,-4,A#/B♭ Minor,4,0VmREvheUiN0xgM5fJYQqp,CAL450882106,1
9,Big Girls Cry,Sia,162,7B,59,2021-03-24,03:30,60,,1000 Forms Of Fear,2014-07-04,47,4,0,9,0,10,-5,F Major,4,75xgoXAGed7jiNDdV8TNOe,USRC11400980,1
10,Rockabye (feat. Sean Paul & Anne-Marie),"Clean Bandit,Anne-Marie,Sean Paul",102,8A,76,2021-03-24,04:11,73,dancehall,Rockabye (feat. Sean Paul & Anne-Marie),2016-10-21,72,41,0,74,0,10,-4,A Minor,4,5knuzwU65gJK7IF5yJsuaW,GBAHS1600363,1
11,DICTATOR,REI AMI,130,3B,63,2021-03-24,03:01,48,,DICTATOR,2019-11-11,56,52,0,52,30,30,-7,C♯/D♭ Major,4,1i5fRXLDQmiNf878YdAUjk,FRX201900530,2
12,"Johnny Fontane, the band kept playing (Abbey Road Session)",Ben Tansing,124,8B,51,2026-02-23,04:28,34,,"Johnny Fontane, the band kept playing (Abbey Road Session)",2026-02-06,45,35,0,15,0,20,-9,C Major,4,0HbeahliyoRWUlIGWvM0O7,QZHN42626521,1
13,My Way,Calvin Harris,120,9A,91,2021-03-24,03:39,77,edm,My Way,2016-09-16,82,9,0,54,0,10,-3,E Minor,4,1vvNmPOiUuyCbgWmtc6yfm,GBARL1601358,1
14,Hit and Run,LOLO,98,10A,82,2021-03-25,03:04,52,,Hit and Run,2014-08-12,68,0,0,67,0,20,-5,B Minor,4,5NyA9sbbbRbjBeoJqFw1th,USA2P1431247,2
15,Little Game,Benny,130,12A,54,2021-03-25,03:58,55,,Little Game,2014-10-25,61,8,0,30,0,10,-5,C♯/D♭ Minor,4,0ODyahnUlK9G5bT4dA5NCI,ushm91448208,1
16,Mad Hatter,Melanie Martinez,92,4B,69,2021-03-25,03:21,71,,Cry Baby (Deluxe Edition),2015-08-14,57,2,0,58,0,10,-5,G#/A♭ Major,4,5gWtkdgdyt5bZt9i6n3Kqd,USAT21501943,1
17,Savages,MARINA,120,8A,76,2021-03-25,04:16,56,,Froot,2015-03-13,76,8,0,73,0,0,-7,A Minor,4,4sT2hi5bgnG2ApK7Oq06QW,GBAHS1400463,1
18,Control,Halsey,120,9A,68,2021-03-25,03:34,71,,BADLANDS (Deluxe),2015-08-28,55,40,0,21,0,10,-6,E Minor,4,3SKzTIl9mW0DadTys9SFo3,USUM71507636,3
19,House of Memories,Panic! At The Disco,110,10A,82,2021-03-25,03:28,81,emo,Death of a Bachelor,2016-01-15,51,0,0,51,0,0,-5,B Minor,4,2DgdHcjWmO3qd50RzuBLgZ,USAT21503701,2
20,Wolf in Sheep's Clothing,"Set It Off,William Beckett",165,10A,91,2021-03-25,03:07,63,,Duality,2014-10-14,45,0,0,71,0,40,-4,B Minor,4,55Fpeuuc2sbQiy74eA1gTt,ITH711400134,1
21,Killer In The Mirror,Set It Off,90,12A,95,2021-03-25,03:35,58,,Midnight,2019-02-01,55,1,0,69,10,40,-4,C♯/D♭ Minor,4,0x2TYePnFyfZ9ajY2WMkby,US5261822941,1
22,Nightmare,Set It Off,170,1A,95,2021-03-25,03:23,51,,Cinematics (Deluxe),2012-09-18,44,0,0,70,10,30,-3,G#/A♭ Minor,4,2FxfCsAdtZDqoqjWqiib5X,US3X51222502,1
23,No Place Like Home,Todrick Hall,103,4A,69,2021-03-25,03:11,0,ballroom vogue,Straight Outta Oz,2016-06-23,34,54,0,34,10,0,-7,F Minor,4,1rG4dAAarH5E8XHPzbaBxG,USB251682551,1
24,The Zombie Song,Stephanie Mabey,92,9A,44,2021-03-25,02:52,65,,Wake Up Dreaming,2012-06-22,74,14,0,83,0,10,-9,E Minor,4,2bfNnO1OpLCxaDR73phdMk,ushm21215369,1
25,Sorry About Your Parents,Icon For Hire,162,1A,95,2021-03-25,03:17,41,christian rock,Icon for Hire,2013-10-15,43,0,0,39,10,10,-5,G#/A♭ Minor,4,65TtqCvMUIU95GDPlwQUA2,GMGVJ1300122,1
26,Kiss the Girl,Chase Holfelder,122,4A,69,2021-03-25,02:31,33,,"Major to Minor, Vol. 2",2018-10-24,44,10,0,36,10,30,-5,F Minor,4,47Hig18yE1dZJRui4EJ0GW,UST8K1846355,1
27,Crazy = Genius,Panic! At The Disco,114,10B,91,2021-03-25,03:18,63,emo,Death of a Bachelor,2016-01-15,46,0,0,45,10,10,-4,D Major,4,6V68ItawQkQlZhYIf1S86C,USAT21503697,1
28,Parasite Eve,Bring Me The Horizon,102,11B,80,2021-03-25,04:51,68,"metalcore, emo, rock, screamo, post-hardcore",POST HUMAN: SURVIVAL HORROR,2020-10-30,59,3,0,23,10,30,-5,A Major,4,36xBFaVGjqm7le8CTHytUj,GBARL2000489,1
29,Bisexual,GRLwood,133,10A,93,2021-03-25,02:00,0,"riot grrrl, queercore",Daddy,2018-06-15,60,1,1,64,0,0,-6,B Minor,4,1w47gZOFLLt9voDEyK7fGd,USGAC1800081,1
30,The Plan (Fuck Jobs),The Front Bottoms,101,8B,87,2021-03-25,03:38,48,"midwest emo, folk punk, emo",Back on Top,2015-09-18,41,0,0,80,0,10,-5,C Major,4,2UJ2JvrxU5Ue1y08o5TzqJ,USAT21502134,1
31,all over,Kara Cold,105,6B,37,2023-05-11,03:25,0,,adaptations,2023-04-26,84,52,87,32,0,10,-12,A#/B♭ Major,4,2UcmIJgl2X4MgnDzFxCquJ,QZES82363073,1
32,Bust Your Knee Caps - Johnny Don't Leave Me,Pomplamoose,119,8A,56,2021-03-25,03:05,0,,Hey It's Pomplamoose,2014-06-21,41,5,0,56,0,0,-6,A Minor,3,1uRKeDUiD4fDUEAjXbmYr6,USE830926084,1
33,Benz,Frequency77,146,10A,76,2026-01-06,03:17,8,,Benz,2026-01-05,47,0,77,74,0,10,-11,B Minor,4,5F7VWs4XkCJ4OfO6yDcIeN,QT3TB2557290,1
34,Free Yourself - Live,12 Monkeys,141,4B,69,2025-11-19,04:23,0,,Free Yourself (Live),2025-06-04,22,61,0,44,0,90,-9,G#/A♭ Major,4,4Xtg7fAKTfFWAta9Eu1V3M,QZPLS2568080,1
35,Back In Black,AC/DC,188,11B,70,2021-03-25,04:16,87,"rock, hard rock, classic rock, rock and roll",Back In Black,1980-07-25,31,1,1,76,0,0,-6,A Major,4,08mG3Y1vljYA6bvDt4Wqkj,AUAP08000046,1
36,Brown Eyed Girl,Van Morrison,151,9B,58,2021-03-25,03:03,20,,Blowin' Your Mind!,1967-09,49,19,0,91,0,40,-11,G Major,4,3yrSvpt2l1xhsV9Em88Pul,USSM16700357,1
37,Warriors,Imagine Dragons,78,9A,85,2021-03-25,02:50,54,,Smoke + Mirrors (Deluxe),2015-10-23,37,10,0,31,0,20,-6,E Minor,4,6Q2JimwoGgG5W9HdmH1hmq,USUM71414163,2
38,Hello,Adele,158,4A,45,2021-03-25,04:55,0,soft pop,Hello,2015-10-23,48,34,0,29,0,0,-6,F Minor,4,0ENSn4fwAbCGeFGVUbXEU3,GBBKS1500214,1
39,My Shot,"Lin-Manuel Miranda,Daveed Diggs,Okieriete Onaodowan,Leslie Odom Jr.,Original Broadway Cast of Hamilton",180,4B,65,2021-03-25,05:33,72,musicals,Hamilton (Original Broadway Cast Recording),2015-09-25,70,15,0,57,40,0,-7,G#/A♭ Major,4,4cxvludVmQxryrnx1m9FqL,USAT21502598,1
40,Ten Feet Tall,"AFROJACK,WRABEL",127,8B,86,2021-03-25,03:49,63,"edm, big room, ",Forget The World (Deluxe),2014-01-01,52,3,0,35,0,10,-3,C Major,4,2ldAdghnrO34HPcZ0IWfTu,CYA221400001,1
41,How Far We've Come,Matchbox Twenty,83,8B,91,2021-03-25,03:32,58,post-grunge,Exile on Mainstream,2007-10-02,57,0,0,79,0,20,-5,C Major,4,0gbLfFlEyVHiKzlZIb0gce,USAT20703843,1
42,10 (feat. Starxs),"Built By Titan,Starxs",104,10B,92,2021-03-25,05:27,32,"christian edm, ",10 (feat. Starxs),2016-11-16,59,6,0,38,0,60,-3,D Major,4,4MnTL6aGTMpDEAdSz3Qgen,TCACT1677211,1
43,Killer,The Ready Set,100,5A,84,2021-03-25,03:03,55,,Feel Good Now,2011-10-07,64,15,0,94,0,20,-6,C Minor,4,2LYAG9jlH9rul11nalRxR0,USRE11100644,1
44,Pit of Vipers,Simon Curtis,100,12A,63,2021-03-25,03:27,51,,R∆,2011-06-07,73,28,0,35,0,30,-7,C♯/D♭ Minor,4,0G37ZYFgookTlLOjBrLSHd,TCAAY1160145,1
45,Kill the Lights,Set It Off,160,12A,89,2021-03-25,02:48,54,,Cinematics (Expanded Edition),2013-06-25,51,8,0,83,0,0,-4,C♯/D♭ Minor,4,0BfgFi5DedehpKzMJrqABI,US3X51224502,1
46,I'm the Bad Guy,Caleb Hyles,97,8B,47,2021-03-25,02:24,0,,I'm the Bad Guy,2017-02-16,66,37,0,78,0,10,-12,C Major,4,4FoRp17jtblWkNCfPe9QEU,QZ4JJ1790058,1
47,"Tag, You're It",Melanie Martinez,115,4A,84,2021-03-25,03:09,73,,Cry Baby (Deluxe Edition),2015-08-14,56,24,2,38,0,10,-6,F Minor,4,3u1FiuSpfsgVnekEMXgMwJ,USAT21501939,2
48,Another Way Out,Hollywood Undead,150,11B,95,2021-03-25,02:47,62,"rap rock, rap metal",Notes From The Underground,2012-01-01,56,0,1,65,0,10,-6,A Major,4,7J8D1BVioYBaKFUnDAHTak,USUM71215656,1
49,Horrible Kids,Set It Off,170,10A,92,2021-03-25,03:02,47,,Horrible Kids,2012-01-10,39,5,0,39,10,20,-4,B Minor,4,6p55bkwk9a7nq8UoTG4Bxt,US3X51121505,1
50,Queen,Stephen Jerzak,138,6A,94,2021-03-25,03:36,36,,Miles And Miles,2011-01-01,56,0,0,52,0,10,-4,G Minor,4,4JMTWtybQVXP8yaEEBIhto,USUM71108965,1
51,You're So Creepy - 2013 Remaster,Ghost Town,120,7A,84,2021-03-25,03:35,48,emo,Party in the Graveyard,2013-11-19,49,14,0,51,10,20,-6,D Minor,4,2RYNQvVCbCZcHE0wW4iSRz,USAT21304164,1
52,Animal,Chase Holfelder,115,9B,38,2021-03-25,03:43,45,,"Major to Minor, Vol.1",2015-09-08,39,10,0,40,0,10,-7,G Major,4,74ZqYPeN9a3qMfUOM6j7yy,TCACI1539307,1
53,Don't You Dare Forget the Sun,Get Scared,145,8A,81,2021-03-25,03:13,62,"emo, metalcore, post-hardcore","Built for Blame, Laced With Shame - Spotify Exclusive",2012-08-28,28,0,0,47,10,10,-5,A Minor,4,4JIYKZzKnlPhL28h0uixzZ,USA2P1215186,1
54,ECHO (feat. Gumi) [dj-Jo Remix],Crusher-P,140,2A,86,2021-03-25,03:56,0,vocaloid,ECHO (dj-Jo Remix),2016-02-24,67,1,0,63,10,10,-4,D#/E♭ Minor,4,2bkRO0uCaQxAtGsVvyBaRR,USE831543531,1
55,Echo (feat. dj-Jo),AmaLee,140,1B,92,2021-03-25,03:56,0,anime,"Total Coverage, Vol. 4",2018-04-03,63,0,1,39,10,10,-2,B Major,4,0oEZA99xNosYqKWXRGWzvb,QM4DW1852295,1
56,Wonderland,Sounds Like Harmony,133,10B,68,2021-03-25,02:55,0,,Wonderland,2016-09-23,65,0,0,73,0,10,-6,D Major,3,6yhbb3lXkf9kUHARsnOsst,TCACQ1665285,1
57,Happy Pills,Weathers,116,9A,89,2021-03-25,03:23,65,,Happy Pills,2016-06-03,52,0,1,34,10,30,-5,E Minor,4,3zjjzKg16tczCMwckGKGuH,USRC11600888,1
58,What I Know,#R!sK,146,4B,93,2023-06-02,02:50,7,,What I Know,2023-06-02,62,0,3,71,0,20,-4,G#/A♭ Major,4,7hAzub4kl8eFOLBOv46JKU,QZK6P2325198,1
59,Arrow of Hope,Dropsomnia,126,11B,23,2026-02-23,03:39,9,,In Hug of Light,2026-01-01,31,55,11,7,0,10,-15,A Major,4,6wWq3QYNhE28yryQhyaWg5,USY282597874,1
1,Manchild,Sabrina Carpenter,123,9B,69,2025-06-18,03:33,87,pop,Manchild,2025-06-05,73,12,0,81,0,30,-5,G Major,4,42UBPzRMh5yyz0EDPr6fr1,USUM72504354,3
2,Rock with you,SEVENTEEN,164,1B,81,2025-06-18,03:00,46,k-pop,SEVENTEEN BEST ALBUM '17 IS RIGHT HERE',2024-04-29,62,10,0,71,10,10,-5,B Major,4,4CAK2Dmo5YVGDQxs789pbx,USA2P2135688,2
3,HBD,SEVENTEEN,138,10A,87,2025-06-18,02:35,7,k-pop,SEVENTEEN 5th Album 'HAPPY BURSTDAY',2025-05-26,73,1,0,86,0,0,-5,B Minor,4,0PvRQaGO5lkS7uqdsOHdvI,USA2P2501604,1
4,THUNDER,SEVENTEEN,130,4A,84,2025-06-18,02:44,18,k-pop,SEVENTEEN 5th Album 'HAPPY BURSTDAY',2025-05-26,75,3,0,72,0,0,-5,F Minor,4,0qkYuCno3SoU8vxkCdx0iJ,USA2P2501605,2
5,eternal sunshine,Ariana Grande,160,11B,50,2025-06-18,03:30,73,pop,eternal sunshine,2024-03-08,65,53,0,35,10,10,-7,A Major,4,3RwWW7KeVhHGayYJgUL5eZ,USUM72317272,1
6,supernatural,Ariana Grande,76,4B,71,2025-06-18,02:43,80,pop,eternal sunshine,2024-03-08,58,10,0,52,10,10,-7,G#/A♭ Major,4,142PiXzA84lmEw2RstFHFa,USUM72317274,1
7,Ordinary,Alex Warren,112,10B,68,2025-06-18,03:06,89,,Ordinary,2025-02-07,45,74,0,38,0,0,-6,D Major,4,6qqrTXSdwiJaq8SO0X2lSe,USAT22500463,3
8,Mikrokosmos,BTS,174,4B,86,2025-06-18,03:44,78,k-pop,MAP OF THE SOUL : PERSONA,2019-04-12,58,13,0,48,10,0,-5,G#/A♭ Major,3,0jSccBRnhNU4KtACMQPvco,QM6MZ1917909,1
9,Sweet Dreams (feat. Miguel),"j-hope,Miguel",94,9A,58,2025-06-18,02:52,74,"k-pop, k-rap, r&b",Sweet Dreams (feat. Miguel),2025-03-07,56,15,0,80,0,0,-6,E Minor,4,1yX9gy5fK02j6nBnGJ1S3k,USA2P2500740,1
10,Hope World,j-hope,117,3B,90,2025-06-18,03:24,64,"k-pop, k-rap",Hope World,2018-03-02,71,1,0,77,10,60,-4,C♯/D♭ Major,4,5UMPPsXaGbR1qtzcnEtTpM,QMDA61890751,2
11,like JENNIE,JENNIE,130,3A,74,2025-06-18,02:03,88,k-pop,Ruby,2025-03-07,81,28,1,82,0,0,-5,A#/B♭ Minor,4,0fK7ie6XwGxQTIkpFoWkd1,USQX92500261,1
12,Love Hangover (feat. Dominic Fike),"JENNIE,Dominic Fike",148,5A,78,2025-06-18,03:00,74,"k-pop, ",Ruby,2025-03-07,63,12,0,58,20,10,-6,C Minor,4,0rx7xu0RmZLpJjKNVZjSVv,USQX92500253,1
13,twilight zone,Ariana Grande,115,7B,48,2025-06-18,03:18,72,pop,eternal sunshine deluxe: brighter days ahead (a cappella version),2025-03-27,73,10,0,20,0,10,-7,F Major,4,1edcyazKIdKrIuz9cWpXU6,USUM72501915,1
14,Don't Forget You Love Me,Calum Hood,194,11B,85,2025-06-18,03:37,46,,Don't Forget You Love Me,2025-04-10,30,2,0,45,20,30,-7,A Major,3,3PCpcXOeOFSkJORnFuBF4B,AU2DY2500075,1
15,Gnarly,KATSEYE,135,5A,83,2025-06-18,02:17,86,k-pop,Gnarly,2025-04-30,78,15,0,66,30,10,-5,C Minor,4,1j15Ar0qGDzIR0v3CQv3JL,USUM72503410,2
16,Daylight,Taylor Swift,150,8B,50,2025-06-18,04:53,81,,Lover,2019-08-23,56,81,0,27,0,0,-10,C Major,4,1fzAuUVbzlhZ1lJAx9PtY6,USUG11901486,1
17,HOT,LE SSERAFIM,128,8B,63,2025-06-18,02:23,70,k-pop,HOT,2025-03-14,76,9,0,97,0,40,-3,C Major,4,406IpEtZPvbxApWTGM3twY,USA2P2506404,1
18,XO (Only If You Say Yes),ENHYPEN,97,4B,76,2025-06-18,03:08,77,k-pop,ROMANCE : UNTOLD,2024-07-12,66,11,0,47,0,20,-7,G#/A♭ Major,4,3RkSwrsIadAvqVtMp5yhaB,USA2P2436970,2
19,Moonstruck,ENHYPEN,88,9A,63,2025-06-18,02:38,77,k-pop,ROMANCE : UNTOLD,2024-07-12,64,23,0,35,0,10,-6,E Minor,4,3gYWGRS64XrGSrjD3vvtga,USA2P2436969,2
20,Busy Woman,Sabrina Carpenter,117,9B,76,2025-06-18,03:06,84,pop,Short n' Sweet (Deluxe),2025-02-14,73,17,0,90,0,10,-5,G Major,4,0b0Dz0Gi86SVdBxYeiQcCP,USUM72413907,2
21,Deja Vu,TOMORROW X TOGETHER,163,4A,57,2025-06-19,02:51,71,k-pop,minisode 3: TOMORROW,2024-04-01,36,8,0,24,0,10,-5,F Minor,4,3aAnwyBJY9OLNLqSgd4fZU,USA2P2408081,2
22,Rebirth (Intro),Jimin,172,4A,57,2025-06-19,02:24,67,k-pop,MUSE,2024-07-19,37,14,0,9,0,0,-4,F Minor,4,7gMfVc4zfNIxuMyMGglOHa,USA2P2431057,1
23,Slow Dance (feat. Sofia Carson),"Jimin,Sofia Carson",87,3B,72,2025-06-19,03:08,69,"k-pop, ",MUSE,2024-07-19,68,13,0,80,0,0,-6,C♯/D♭ Major,4,3d2bsbugow8JiNvuaRupFH,USA2P2431060,1
24,Bad Desire (With or Without You) (English Ver.),ENHYPEN,156,5A,76,2025-06-19,02:21,71,k-pop,DESIRE : UNLEASH,2025-06-05,65,21,0,62,10,10,-5,C Minor,4,4N8IFzGERNBWoQyzYVYEoJ,USA2P2518626,2
25,Gameboy,KATSEYE,120,1B,80,2025-06-28,03:05,2,k-pop,BEAUTIFUL CHAOS,2025-06-26,74,28,0,67,0,0,-4,B Major,4,2HMvIK2S3oC6OABl2YXAx1,USUM72503467,2
26,Soda Pop,"Saja Boys,Andrew Choi,Neckwav,Danny Chung,KEVIN WOO,samUIL Lee,KPop Demon Hunters Cast",126,8B,85,2025-06-28,02:30,86,k-pop,KPop Demon Hunters (Soundtrack from the Netflix Film),2025-06-20,84,8,0,76,0,0,-4,C Major,4,02sy7FAs8dkDNYsHp4Ul3f,QZ8BZ2513509,1
27,Fortunate Change (JOSHUA Solo),SEVENTEEN,180,10B,59,2025-07-01,03:37,5,k-pop,SEVENTEEN 5th Album 'HAPPY BURSTDAY',2025-05-26,59,28,0,85,0,10,-4,D Major,4,38Q0fowu5nXnOS14brjEPR,USA2P2501608,1
28,Mean Girls,KATSEYE,135,11B,64,2025-07-06,03:36,71,k-pop,BEAUTIFUL CHAOS,2025-06-27,70,21,0,27,30,10,-5,A Major,4,6oDFDGaAayXd8HXmynsgPv,USUM72503466,1
29,M.I.A,KATSEYE,128,3B,89,2025-07-06,02:09,82,k-pop,BEAUTIFUL CHAOS,2025-06-27,74,3,0,67,20,20,-5,C♯/D♭ Major,4,4vyQ2NdodXhtMGsaaMBqSt,USUM72503468,1
30,Billyeoon Goyangi (Do the Dance),ILLIT,130,12A,74,2025-07-06,03:08,78,k-pop,bomb,2025-06-16,65,2,0,77,20,20,-4,C♯/D♭ Minor,4,4p0uVFAXKUISu8yp9gNtWE,USA2P2525115,1
31,jellyous,ILLIT,162,4B,86,2025-07-09,02:43,71,k-pop,bomb,2025-06-16,63,5,0,44,10,0,-4,G#/A♭ Major,4,0wFU2pYHZi45Ws1VD6aSJX,USA2P2525116,1
32,oops!,ILLIT,116,10A,78,2025-07-09,02:41,66,k-pop,bomb,2025-06-16,88,2,0,76,0,10,-5,B Minor,4,1tO6hb9Ym7aTV8hJ31tLjr,USA2P2525117,1
33,bamsopoong,ILLIT,176,11B,72,2025-07-09,02:19,65,k-pop,bomb,2025-06-16,49,1,1,96,0,10,-5,A Major,4,3INETdToKVgt2vfp1wYBFw,USA2P2525118,1
34,little monster,ILLIT,128,6A,76,2025-07-09,02:29,63,k-pop,bomb,2025-06-16,74,19,0,59,0,10,-6,G Minor,4,5MaPzLp2vwSqu8YyUZ4zR7,USA2P2525114,1
35,OMG,NewJeans,127,8A,77,2025-07-09,03:32,79,k-pop,NewJeans 'OMG',2023-01-02,80,36,0,74,0,10,-4,A Minor,4,65FftemJ1DbbZ45DUfHJXE,USA2P2251723,2
36,THIS IS FOR,TWICE,128,11A,74,2025-07-11,02:11,78,k-pop,THIS IS FOR,2025-07-11,80,15,0,92,0,60,-5,F#/G♭ Minor,4,3598iBWrS4JhJqP5tHlpVK,US5TA2500103,1
37,With the Clouds,Jin,102,1B,87,2025-07-20,03:08,67,k-pop,Echo,2025-05-16,26,0,0,31,0,30,-6,B Major,4,5RdKO1lsHG9jhbG03LL7cv,USA2P2514500,1
38,It's Not Living (If It's Not With You),The 1975,121,3B,84,2025-07-24,04:08,75,,A Brief Inquiry Into Online Relationships,2018-11-30,62,0,0,53,0,0,-5,C♯/D♭ Major,4,3TgMcrV32NUKjEG2ujn9eh,GBK3W1800838,1
39,Free,"Rumi,Jinu,KPop Demon Hunters Cast,EJAE,Andrew Choi",140,3B,56,2025-07-25,03:07,83,"k-pop, ",KPop Demon Hunters (Soundtrack from the Netflix Film),2025-06-20,65,23,0,44,0,10,-6,C♯/D♭ Major,4,5DxDLsW6PsLz5gkwC7Mk5S,QZ8BZ2513513,1
40,Golden,"HUNTR/X,EJAE,AUDREY NUNA,REI AMI,KPop Demon Hunters Cast",123,9A,69,2025-07-25,03:14,94,k-pop,KPop Demon Hunters (Soundtrack from the Netflix Film),2025-06-20,65,10,0,10,0,10,-4,E Minor,3,1CPZ5BxNNd0n0nF4Orb9JS,QZ8BZ2513510,1
41,JUMP,BLACKPINK,145,4A,93,2025-08-01,02:44,87,k-pop,JUMP,2025-07-11,71,0,0,52,0,10,-6,F Minor,4,5H1sKFMzDeMtXwND3V6hRY,KRA402400094,2
42,Song of the Stars,TOMORROW X TOGETHER,95,11B,75,2025-08-03,03:26,63,k-pop,The Star Chapter: TOGETHER,2025-07-21,53,31,0,43,0,10,-6,A Major,4,1Kv0G4eKjJ4ysGRXlHvQCm,USA2P2529282,1
43,Ghost Girl,TOMORROW X TOGETHER,90,8A,78,2025-08-03,03:06,68,k-pop,The Star Chapter: TOGETHER,2025-07-21,64,12,0,48,0,10,-6,A Minor,4,5voKDnuTGXBnIZbAqWnb8R,USA2P2529277,1
44,Sunday Driver,TOMORROW X TOGETHER,131,2A,79,2025-08-03,02:47,63,k-pop,The Star Chapter: TOGETHER,2025-07-21,74,22,0,88,0,10,-6,D#/E♭ Minor,4,4QfHWIOU5nh4yBdYSnt1AE,USA2P2529278,1
45,if you do,jodi,115,6B,49,2025-08-24,02:38,42,,if you do,2025-08-20,70,5,5,58,0,20,-8,A#/B♭ Major,4,5VvmrvtaQJahSsZ296zvjP,QZWFT2560139,1
46,House Tour,Sabrina Carpenter,118,2B,88,2025-09-15,02:49,87,pop,Man’s Best Friend,2025-08-29,77,13,0,61,0,30,-5,F#/G♭ Major,4,25jgQBxuUkGDdCG1WGKKN9,USUM72504449,1
47,When Did You Get Hot?,Sabrina Carpenter,89,7B,67,2025-09-15,02:25,87,pop,Man’s Best Friend,2025-08-29,70,23,0,57,10,30,-5,F Major,4,0je57Uq5eTk1wrPzn9sWbl,USUM72504446,2
48,Nobody’s Son,Sabrina Carpenter,174,10B,74,2025-09-15,03:02,85,pop,Man’s Best Friend,2025-08-29,45,34,0,65,0,0,-5,D Major,4,4SRShYMtFIGgnOU7iBicMH,USUM72504443,1
49,Never Getting Laid,Sabrina Carpenter,92,11B,55,2025-09-15,03:28,77,pop,Man’s Best Friend,2025-08-29,57,55,0,32,0,10,-6,A Major,4,1PdUyYYw9sGU0yhLrpeHKt,USUM72504444,1
50,Indigo,"88rising,NIKI",145,9B,66,2025-09-22,02:53,60,indonesian r&b,Head In The Clouds II,2019-10-11,82,10,0,71,0,20,-6,G Major,4,6y0WlFecBZMaIlitqe9bNg,ZZOPM1901214,1
51,Vintage,NIKI,105,10B,82,2025-09-22,02:57,57,indonesian r&b,Zephyr,2018-05-23,77,1,0,44,0,30,-7,D Major,4,1dgXgUbDPavCqQoJ9sS6XP,USUYG1195549,1
52,Debut,KATSEYE,122,1B,60,2025-09-22,02:03,84,k-pop,Debut,2024-06-28,87,1,0,71,0,20,-4,B Major,4,58AZXyKRlsMBMcrRjpJpVG,USUM72407139,1
53,IS THIS LOVE,XG,130,4B,71,2025-09-22,02:35,71,k-pop,AWE,2024-11-08,76,4,0,46,0,10,-6,G#/A♭ Major,4,0dzbNEBsrs17os3jJOFLar,JPB602402896,1
54,My Way,KATSEYE,178,12A,63,2025-09-22,02:34,80,k-pop,SIS (Soft Is Strong),2024-08-16,50,19,0,53,0,20,-5,C♯/D♭ Minor,4,3zUxQpCyUrfEjz6Y07yg4b,USUM72407250,1
55,Ghost Of You,5 Seconds of Summer,150,6B,56,2025-09-23,03:17,74,,Youngblood (Deluxe),2018-06-15,46,10,0,21,0,10,-5,A#/B♭ Major,3,1MhXdlCQPnO56T57MfmaRm,GBUM71800863,1
56,Ditto,NewJeans,134,11A,64,2025-10-06,03:05,80,k-pop,Ditto,2022-12-19,81,3,0,18,10,10,-6,F#/G♭ Minor,4,3r8RuvgbX9s7ammBn07D3W,USA2P2254487,2
57,Boyband,5 Seconds of Summer,120,12A,92,2025-10-18,02:57,59,,Boyband,2025-10-16,62,0,0,57,0,80,-4,C♯/D♭ Minor,4,5wPwqVdBFCVGcQKyFXZgcA,USUG12507982,1
58,Where You Are - Zedd Remix,"John Summit,HAYLA,Zedd",130,8A,62,2025-10-25,03:04,58,"house, tech house, edm",Where You Are (Zedd Remix),2023-07-28,55,4,0,7,0,10,-6,A Minor,4,6hI3PnULFXwkOQSHLHNfOO,USUG12304061,1
59,4EVR,"ISOKNOCK,ISOxo,Knock2,cade clair",140,4B,92,2025-10-25,03:15,38,"bass house, edm, edm trap, bassline, hyperpop, jersey club",4EVR,2024-07-31,56,1,0,4,0,10,-3,G#/A♭ Major,4,5Zg8ogzHlYTAU0IFy8TZh1,QM6P42472446,1
60,Rock Ur World,"Knock2,fussy",126,1A,91,2025-10-25,04:41,58,"bass house, edm, bassline",ROOM202 EP,2023-01-27,67,9,0,29,0,50,-4,G#/A♭ Minor,4,5PkWhNfVEz2O9n8b6cQFMw,CA5KR2318989,1
61,Illegal + SEVENTEEN,"PinkPantheress,SEVENTEEN",141,6A,82,2025-10-25,02:47,45,"bedroom pop, k-pop",Illegal + SEVENTEEN,2025-10-10,57,19,1,61,0,10,-6,G Minor,4,4SOMaty4XlNYTtBx9Au5uu,GBAYE2501209,1
62,SPAGHETTI,"LE SSERAFIM,j-hope",112,1B,82,2025-10-25,02:51,70,"k-pop, k-rap",SPAGHETTI,2025-10-24,90,8,0,84,0,20,-5,B Major,4,4ly7INe0YNvJNZYXnp85PH,USA2P2552926,2
63,Bad Influence (Prod. by Pharrell Williams),"SEVENTEEN,Pharrell Williams",120,3B,60,2025-10-25,02:47,61,"k-pop, ",SEVENTEEN 5th Album 'HAPPY BURSTDAY',2025-05-26,84,1,0,46,0,10,-7,C♯/D♭ Major,4,3cjHBmP0CsTGNN44gf6cID,USA2P2549425,1
64,Man I Need,Olivia Dean,119,3B,59,2025-10-25,03:04,97,pop soul,Man I Need,2025-08-15,81,49,0,69,0,0,-7,C♯/D♭ Major,4,1qbmS6ep2hbBRaEZFpn7BX,GBUM72503089,1
65,Nice To Each Other,Olivia Dean,132,8B,74,2025-10-25,03:29,89,pop soul,Nice To Each Other,2025-05-30,76,41,0,74,0,30,-7,C Major,4,7gKxCvTDWwV9wBhdeBbr3l,GBUM72502230,2
66,So Easy (To Fall In Love),Olivia Dean,140,5B,63,2025-10-25,02:49,97,pop soul,The Art of Loving,2025-09-26,75,67,0,57,0,0,-6,D#/E♭ Major,4,6sGIMrtIzQjdzNndVxe397,GBUM72503087,1
67,bye,Ariana Grande,110,7A,64,2025-10-25,02:44,61,pop,eternal sunshine deluxe: brighter days ahead,2025-03-28,64,24,0,49,0,10,-5,D Minor,4,3NcrKwg8J1mOB1Ybt18rYt,USUM72317269,1
68,"yes, and?",Ariana Grande,119,3B,76,2025-10-25,03:34,60,pop,eternal sunshine deluxe: brighter days ahead,2025-03-28,79,20,0,79,0,10,-7,C♯/D♭ Major,4,0eanJEFFplPt5ByX33ms63,USUM72400048,1
69,don't wanna break up again,Ariana Grande,194,8A,72,2025-10-25,02:54,61,pop,eternal sunshine deluxe: brighter days ahead,2025-03-28,56,44,0,56,20,10,-5,A Minor,4,65EIzsI7l5NgVG6ARaPath,USUM72317273,1
70,intro (end of the world) - extended,Ariana Grande,81,6B,37,2025-10-25,02:41,70,pop,eternal sunshine deluxe: brighter days ahead,2025-03-28,35,78,0,40,0,0,-9,A#/B♭ Major,4,5BBkvXH2jYROUzKIB7WX7S,USUM72501960,1
71,warm,Ariana Grande,122,4B,76,2025-10-25,03:21,69,pop,eternal sunshine deluxe: brighter days ahead,2025-03-28,74,12,0,49,0,10,-6,G#/A♭ Major,4,0BeR2fJmYnKNn7IORw3GR9,USUM72501916,1
72,Touch,KATSEYE,167,4A,90,2025-10-25,02:09,86,k-pop,Touch,2024-07-26,74,55,0,79,0,0,-3,F Minor,4,6aJn7Cst74cj4lNIiPRgav,USUM72407248,2
73,LOVE INSANE (Feat. JAY of ENHYPEN),"MAX,JAY (ENHYPEN)",170,12A,84,2025-10-25,02:31,57,,LOVE INSANE (Feat. JAY of ENHYPEN),2025-07-18,46,11,0,91,30,90,-3,C♯/D♭ Minor,4,3IglY1ukGerwdCA0FVWY2i,USA2P2531126,1
74,WANTCHU,keshi,97,9B,53,2025-10-25,03:19,70,,WANTCHU,2025-08-08,67,3,0,51,0,20,-8,G Major,4,0XWf8CRB6IptewumZDi5b6,USUM72507968,1
75,"5, 4, 3 (Pretty woman) (feat. Lay Bankz)","CxM,Lay Bankz",114,1B,76,2025-11-06,02:46,61,jersey club,CxM 1st Mini Album ‘HYPE VIBES’,2025-09-29,85,2,0,97,0,0,-4,B Major,4,4eTDkRxOmm4llv4Yr1bteq,USA2P2542222,1
76,Nights Like This (feat. Ty Dolla $ign) - Snakehips & B. Lewis Remix,"Kehlani,Ty Dolla $ign,B. Lewis,Snakehips",153,12B,77,2025-11-22,03:09,25,"trap soul, ",Nights Like This (feat. Ty Dolla $ign) [Snakehips & B. Lewis Remix],2019-02-21,44,58,0,73,30,30,-5,E Major,4,6AlSPBn4rsXnVsj1yC67wH,USAT21901687,1
77,Do It,Stray Kids,105,10B,92,2025-11-22,02:39,80,"k-pop, noise music",DO IT,2025-11-21,77,14,0,73,0,0,-4,D Major,4,1KuNhOubescxn3xD6WNI7Q,US5TA2500371,1
78,SPAGHETTI (English ver.),"LE SSERAFIM,j-hope",111,1B,83,2025-11-22,02:51,62,"k-pop, k-rap",SPAGHETTI,2025-10-24,89,7,0,84,0,30,-5,B Major,4,6xndk83L8mJQ4sKdGfP4ie,USA2P2552924,1
79,Folded,Kehlani,136,3B,60,2025-11-22,03:58,88,,Folded,2025-06-11,57,30,0,50,0,10,-7,C♯/D♭ Major,4,0bxPRWprUVpQK0UFcddkrA,USAT22504344,1
80,Can You Blame Me (feat. Lucky Daye),"Kehlani,Lucky Daye",114,12A,56,2025-11-22,03:03,67,,It Was Good Until It Wasn't,2020-05-08,72,50,0,54,0,10,-5,C♯/D♭ Minor,4,12xVuIohhHSklxvi1ItKGA,USAT22002476,1
81,Let Me Tell You (feat. Daniela of KATSEYE),"YEONJUN,Daniela Avanzini",110,9A,80,2025-11-22,02:34,72,k-pop,NO LABELS: PART 01,2025-11-07,82,11,0,70,0,0,-4,E Minor,4,2Hg6JQr80HfDgb8T9s28g1,USA2P2552263,1
82,By My Side,Levity,141,4A,94,2025-11-22,03:42,54,dubstep,Snack Pack Vol. 1,2025-09-24,63,5,0,34,10,10,-2,F Minor,4,6oGFDrlsSXovBIAY7gNYIq,USUS12500586,1
83,how2fly,ISOxo,140,6B,95,2025-11-22,04:01,36,"bass house, edm trap, edm",kidsgonemad!,2023-10-20,56,6,1,5,0,10,-3,A#/B♭ Major,4,4fnIayaayvpWOsyAZyuHPu,QMFME2305400,1
84,growing pains,ISOxo,150,7B,70,2025-11-22,01:48,41,"bass house, edm trap, edm",kidsgonemad!,2023-10-20,31,0,0,14,0,30,-4,F Major,4,1OEnCqwp3i23DxhOjzlUeH,QMFME2305429,1
85,hold my hand,"Knock2,Sophia Gripari",128,5A,85,2025-11-22,04:26,45,"bass house, edm, bassline",hold my hand,2024-10-25,58,5,4,22,0,10,-4,C Minor,4,3GPmn3HANnZTlEovc2J9nt,QMDA62435301,2
86,GO!,CORTIS,150,4B,43,2025-11-22,02:50,83,k-pop,COLOR OUTSIDE THE LINES,2025-09-08,79,22,0,30,30,10,-6,G#/A♭ Major,4,6OWWZtNQORY1McaZmOrwhc,USA2P2536188,2
87,NOT OK,5 Seconds of Summer,140,8B,94,2025-11-22,03:26,60,,EVERYONE'S A STAR! (Fully Evolved),2025-11-17,60,0,0,60,10,90,-3,C Major,4,41GSQLHFU2rx97I6QEyw1F,USUG12507980,1
88,"LOVE, MONEY, FAME (feat. DJ Khaled)","SEVENTEEN,DJ Khaled",100,9B,70,2025-11-22,03:06,62,"k-pop, ",SEVENTEEN 12th Mini Album 'SPILL THE FEELS',2024-10-14,87,4,0,79,0,0,-4,G Major,4,145tqlcE6YFsjNfxi9K3AE,USA2P2452188,1
89,1-800-hot-n-fun,LE SSERAFIM,136,10B,89,2025-11-22,02:53,70,k-pop,CRAZY,2024-08-30,75,8,0,88,10,10,-3,D Major,4,7vjfnsnDXZGK4PSq54ISjc,USA2P2421023,1
90,No. 1 Obsession,5 Seconds of Summer,138,10A,93,2025-11-22,03:05,60,,EVERYONE'S A STAR! (Fully Evolved),2025-11-17,32,0,0,26,10,10,-3,B Minor,4,5enE6FKFZzS2nNKpOfy5eU,USUG12507984,1
91,I'm Scared I’ll Never Sleep Again,5 Seconds of Summer,176,10B,94,2025-11-22,02:49,61,,EVERYONE'S A STAR! (Fully Evolved),2025-11-17,44,1,0,34,10,20,-2,D Major,4,519y2mj7Tjt88o76JGcZdQ,USUG12507985,1
92,Wishful Dreaming,5 Seconds of Summer,110,12A,75,2025-11-22,03:05,61,,EVERYONE'S A STAR! (Fully Evolved),2025-11-17,63,1,0,51,0,0,-4,C♯/D♭ Minor,4,6GXzWGC7HRKiwyY474Edzc,USUG12507999,1
93,Free,"SABAI,Miles Away,ANDe,Shannon",145,3A,76,2025-12-02,03:53,47,"melodic bass, future bass, edm, freestyle",Free,2025-11-05,57,3,0,38,0,10,-7,A#/B♭ Minor,4,1hnCdU2BvDF1ybrKMnwLvO,CA5KR2598563,1
94,Golden (Keia manawa alohi au),Joseph Soul,122,9A,51,2025-12-02,03:31,32,,Golden (Keia manawa alohi au),2025-10-10,79,3,0,69,0,10,-8,E Minor,4,1EIEli2LDvxbyzYn6G6l3C,NZPB12504099,1
95,Like Crazy (English Version),Jimin,120,9B,76,2025-12-06,03:32,67,k-pop,FACE,2023-03-24,62,0,0,32,0,30,-5,G Major,4,0u8rZGtXJrLtiSe34FPjGG,USA2P2251868,1
96,All the Things She Said,Harrison,126,1A,83,2025-12-16,02:50,77,deep house,All the Things She Said,2022-10-07,66,0,1,28,0,10,-5,G#/A♭ Minor,4,2ihHDb5epUtpn97W0pOsOA,DK4YA2290301,1
97,Back To U,"SLANDER,William Black",150,12B,50,2025-12-23,03:34,59,"melodic bass, future bass, dubstep, edm",Back To U,2020-04-24,59,65,0,27,0,10,-7,E Major,4,19m23w2ANVhtB7rApM6pbN,CA5KR2040247,1
98,Strangers,"Seven Lions,Myon,Shane 54,Tove Lo",130,5A,70,2025-12-23,03:24,57,"melodic bass, future bass, edm, chillstep, dubstep, progressive trance, trance, ",Worlds Apart,2014-04-29,58,1,0,49,0,10,-7,C Minor,4,2U0pVx4m1Kdm1Gsjjm6iq8,USUM71313869,1
99,Telepathy,BTS,105,4A,67,2025-12-23,03:22,67,k-pop,BE,2020-11-20,79,1,0,57,0,10,-4,F Minor,4,6Fnvi5QnVkTskSzeRvvQds,QMFME2038760,1
100,AEAO,"Dynamicduo,DJ Premier",153,10B,76,2025-12-24,05:16,75,"k-rap, k-pop, east coast hip hop",A Giant Step,2014-07-16,45,6,0,58,10,10,-6,D Major,4,3TPvrMAd1hbPRXuHCRX0Pl,KRA381208477,1
101,Oh My!,SEVENTEEN,92,4B,89,2025-12-29,03:15,48,k-pop,SEVENTEEN BEST ALBUM '17 IS RIGHT HERE',2024-04-29,68,25,0,90,20,0,-3,G#/A♭ Major,4,4ldXW2srmZMpwqy5SayT6i,KRA871800007,2
102,Stay,BTS,126,2B,69,2025-12-31,03:24,63,k-pop,BE,2020-11-20,58,11,0,34,0,10,-5,F#/G♭ Major,4,0TdWVbcerMAcvljXrl9gpG,QMFME2038765,1
103,NOT CUTE ANYMORE,ILLIT,99,3B,74,2026-01-07,02:11,84,k-pop,NOT CUTE ANYMORE,2025-11-24,94,24,0,95,0,10,-6,C♯/D♭ Major,4,1k0JAiH11gHL9dc5dfQjQr,USA2P2551249,1
104,Aperture,Harry Styles,128,10B,72,2026-01-24,05:11,83,,Aperture,2026-01-22,68,11,7,18,0,10,-10,D Major,4,45Z3m6yazmAi4jZuW0tzW0,USSM12600096,1
105,Internet Girl,KATSEYE,130,10B,94,2026-01-24,02:43,85,k-pop,Internet Girl,2026-01-02,69,1,0,84,0,10,-2,D Major,4,3THVfoVD5kdCxPviVaCPi7,USUM72512688,1
106,Habang Buhay,Zack Tabudlo,118,11B,67,2026-01-29,04:04,58,"opm, harana, p-pop, kundiman, pinoy r&b, pinoy indie, parang",Habang Buhay,2021-09-17,62,9,0,18,0,30,-6,A Major,4,0zANeX4R6uWb82gCQAguOD,PHUM72100295,1
107,Fatal Trouble,ENHYPEN,89,6A,74,2026-01-29,02:50,71,k-pop,DARK MOON SPECIAL ALBUM <MEMORABILIA>,2024-05-13,53,5,0,30,0,10,-4,G Minor,4,6i1PYoUEMHqxAsAUKHkqpe,USA2P2419394,2
108,Way It Was,"Two Friends,Quinn XCII",145,5B,70,2026-02-07,03:19,49,,Way It Was,2025-08-15,56,17,0,43,0,20,-6,D#/E♭ Major,4,5DeYzhFraf23cUaakwghkP,CBEFB2501159,1
109,luther (with sza),"Kendrick Lamar,SZA",138,10B,57,2026-02-09,02:57,83,"hip hop, west coast hip hop, r&b",GNX,2024-11-22,71,25,0,58,10,20,-8,D Major,4,45J4avUb9Ni0bnETYaYFVJ,USUG12408496,1
110,Soft Spot,keshi,106,1B,60,2026-02-09,03:24,76,,Requiem,2024-09-13,70,36,0,71,0,0,-8,B Major,4,2aL4lMGhWdPpyPL6COPou7,USUM72406558,1
111,Say,keshi,102,4A,67,2026-02-09,03:01,69,,Requiem,2024-09-13,67,43,0,66,0,10,-8,F Minor,4,49PPH7Kji3bCyKKNx78SxS,USUM72406556,1
112,HEARTBREAK AVENUE,TWICE,140,9B,69,2026-02-09,03:16,58,k-pop,THIS IS FOR,2025-07-11,70,11,0,65,0,10,-5,G Major,4,7G2QDv7SqclV5jGEqEVDGR,US5TA2500115,1
113,Nerdy Love,"pH-1,Yerin Baek",104,11B,59,2026-02-09,03:16,58,"k-rap, k-ballad",Nerdy Love,2020-01-09,76,54,0,87,0,0,-7,A Major,4,2TfsNTyC4uuamXBZJnU0ga,KRF152000001,1
114,I Just Might,Bruno Mars,103,7B,71,2026-02-09,03:32,90,,I Just Might,2026-01-09,79,5,0,88,0,10,-6,F Major,4,12bYYQaLqHliSXvRIYlq8G,USAT22509144,1
115,Lady Lady,Olivia Dean,96,1B,60,2026-02-09,03:29,57,pop soul,Man I Need,2025-08-15,63,82,6,52,10,10,-9,B Major,4,1cTyjhfHUncimwNj3nmqhO,GBUM72503085,2
116,A Couple Minutes,Olivia Dean,125,5B,41,2026-02-09,03:32,89,pop soul,The Art of Loving,2025-09-26,56,71,0,16,0,30,-8,D#/E♭ Major,4,312z6PZ8wwREck8613PkJk,GBUM72503093,1
117,Let Alone The One You Love,Olivia Dean,82,4B,42,2026-02-09,03:06,85,pop soul,The Art of Loving,2025-09-26,55,70,0,31,0,10,-8,G#/A♭ Major,3,3Vd4fHzwS6pBS3muymjiDi,GBUM72503088,1
118,Supermodel,SZA,120,2B,44,2026-02-09,03:01,71,r&b,Ctrl,2017-06-09,61,65,0,25,20,20,-9,F#/G♭ Major,5,5wTVNpi5WDByxBgKgUE6MU,USRC11701110,1
119,Drew Barrymore,SZA,135,5A,52,2026-02-09,03:51,74,r&b,Ctrl,2017-06-09,58,49,0,29,0,10,-6,C Minor,4,06u5LrUpbosQlQ1QJFhPpG,TCACW1767742,1
120,The Weekend,SZA,73,1A,37,2026-02-09,04:32,77,r&b,Ctrl,2017-06-09,40,24,0,16,0,10,-9,G#/A♭ Minor,3,6gU9OKjOE7ghfEd55oRO57,USRC11701116,1
121,Broken Clocks,SZA,113,2B,68,2026-02-09,03:51,79,r&b,Ctrl,2017-06-09,69,13,0,41,10,10,-7,F#/G♭ Major,4,2fXwCWkh6YG5zU1IyvQrbs,USRC11701122,1
122,20 Something,SZA,81,1B,30,2026-02-09,03:18,71,r&b,Ctrl,2017-06-09,57,74,0,51,20,0,-9,B Major,4,4h6ViRoztTBpWcJ1zFT9Zg,USRC11701132,1
123,Conceited,SZA,150,3B,46,2026-02-09,02:31,62,r&b,SOS,2022-12-09,79,5,0,77,0,10,-8,C♯/D♭ Major,4,4hTej08FutmriOs7S1hWWy,USRC12204587,1
124,HYPNOTIZE,XG,128,3A,87,2026-02-09,02:50,78,k-pop,THE CORE - 核,2026-01-23,69,10,0,77,0,0,-6,A#/B♭ Minor,4,3fEX9NgOeklq816Fw00uoo,JPB602600009,1
125,Feel Alive,"ILLENIUM,Bastille,Dabin",140,4A,75,2026-02-09,02:48,52,"melodic bass, future bass, edm, chillstep",ODYSSEY,2026-02-05,52,3,0,29,0,10,-4,F Minor,4,1xkkHeokEkhrUmqjh2dkv5,USUG12509641,1
126,ROCK THE BOAT,XG,96,8B,70,2026-02-09,02:51,66,k-pop,THE CORE - 核,2026-01-23,77,17,0,69,10,30,-6,C Major,4,3TjR6ccJO902cKi8Al4VCy,JPB602600006,1
127,TAKE MY BREATH,XG,126,2B,83,2026-02-09,03:27,62,k-pop,THE CORE - 核,2026-01-23,74,7,0,76,0,0,-5,F#/G♭ Major,4,6f9cRA5Ar7RggRyShSCmIl,JPB602600007,1
128,Tití Me Preguntó,Bad Bunny,107,4A,72,2026-02-10,04:03,93,"reggaeton, trap latino, latin, urbano latino",Un Verano Sin Ti,2022-05-06,65,10,0,19,20,10,-5,F Minor,4,1IHWl5LamUGEuP4ozKQSXZ,QM6MZ2214878,1
129,DtMF,Bad Bunny,136,6A,13,2026-02-10,03:57,97,"reggaeton, trap latino, latin, urbano latino",DeBÍ TiRAR MáS FOToS,2025-01-05,63,18,22,3,0,0,-27,G Minor,4,3sK8wGT43QFpWrvNQsrQya,QMFMF2447070,2
130,Love wins all,IU,101,8B,45,2026-02-15,04:31,51,"k-pop, k-ballad",The Winning,2024-02-20,51,82,0,29,0,10,-6,C Major,4,53g7ZIvZE47H9pwXPFYMCH,KRA382400642,1
131,Bloom,"Dabin,Dia Frampton",134,3B,56,2026-02-21,04:00,49,"melodic bass, future bass, edm, chillstep",Wild Youth,2019-03-22,60,23,0,14,0,10,-6,C♯/D♭ Major,4,0bey95Gcplo3PsvEubZjv1,USA2P1914481,1
132,Part-Time Lover,"Dabin,Claire Ridgely",173,5B,77,2026-02-21,03:39,46,"melodic bass, future bass, edm, chillstep, ",Wild Youth,2019-03-22,47,1,0,36,0,10,-4,D#/E♭ Major,4,6X4priUWuwcekpnoo9kH1Z,USA2P1914478,1
133,Light,San Holo,150,3B,76,2026-02-21,03:59,59,"future bass, edm, melodic bass",Light,2017-02-10,57,9,0,43,0,0,-4,C♯/D♭ Major,4,6jq6rcOikCZAmjliAgAmfT,NLRD51630379,1
134,Daydream (백일몽),j-hope,116,1A,96,2026-02-21,03:48,66,"k-pop, k-rap",Hope World,2018-03-02,75,1,0,86,0,10,-7,G#/A♭ Minor,4,56sdcbPR74RxqmKVbQzJ8s,QMDA61890753,1
135,Pasilyo,SunKissed Lola,120,10B,61,2026-02-24,04:30,75,"opm, harana, pinoy indie, p-pop, parang",Pasilyo,2022-10-28,72,42,0,41,0,10,-5,D Major,3,0uZFcsx96wzbixsULmrg8o,AUBEC2225179,1
136,Bakit Nga Ba Mahal Kita,Roselle Nava,73,7B,37,2026-02-24,05:02,64,"opm, p-pop, harana",Roselle,1994-00-00,45,69,0,18,0,10,-10,F Major,4,0tNsICeicv2tSuxd1fX9S5,PHI011606243,1
137,Where You Are - GRiZ Remix,"John Summit,HAYLA,GRiZ",140,8A,79,2026-02-26,04:00,63,"house, tech house, dubstep, edm",Where You Are (GRiZ Remix),2023-06-02,35,3,0,25,0,70,-4,A Minor,4,47kEJq44ZBrRBD4gvdCu0v,USUG12301342,1
138,hold my hand,"Knock2,Sophia Gripari",128,5A,84,2026-02-28,04:26,43,"bass house, edm, bassline",nolimit,2025-01-17,51,5,3,22,0,10,-4,C Minor,5,7EZzLjvLJlAbOixtiExeE8,QMDA62435301,2
139,Nice To Each Other,Olivia Dean,132,8A,75,2026-03-10,03:29,59,pop soul,Man I Need,2025-08-15,76,39,0,72,0,30,-7,A Minor,4,3D9Y8HQDJtu7g18KC60mQI,GBUM72502230,2
140,Lady Lady,Olivia Dean,96,1B,59,2026-03-10,03:29,73,pop soul,The Art of Loving,2025-09-26,63,81,6,55,10,10,-9,B Major,4,2dmBAIjIfisvCG7G9YEh0g,GBUM72503085,2
141,Risk It All,Bruno Mars,172,10B,35,2026-03-10,03:24,96,,The Romantic,2026-02-27,40,50,0,27,0,0,-10,D Major,4,5y2ijHECwFYWqcAHKTZgzD,USAT22509142,1
142,Stateside + Zara Larsson,"PinkPantheress,Zara Larsson",123,2B,66,2026-03-10,03:04,97,"bedroom pop, ",Fancy Some More?,2025-10-10,68,7,0,85,0,20,-6,F#/G♭ Major,4,1DwscornXpj8fmOmYVlqZt,GBAYE2501217,1
143,American Girls,Harry Styles,101,3B,66,2026-03-10,03:33,93,,"Kiss All The Time. Disco, Occasionally.",2026-03-06,58,1,0,29,0,0,-7,C♯/D♭ Major,4,7gtG45ieyQzKtNKobfLd49,USSM12600097,1
144,"Ready, Steady, Go!",Harry Styles,118,8A,76,2026-03-10,02:40,86,,"Kiss All The Time. Disco, Occasionally.",2026-03-06,75,5,9,85,0,20,-6,A Minor,4,0i4qKfuKJ3juUsEwnJAxk3,USSM12600098,1
145,Taste Back,Harry Styles,123,8A,80,2026-03-10,03:41,87,,"Kiss All The Time. Disco, Occasionally.",2026-03-06,62,38,1,50,0,10,-6,A Minor,4,3xClevycpBON8bkyxFbAna,USSM12600100,1
146,Season 2 Weight Loss,Harry Styles,118,4A,89,2026-03-10,03:49,83,,"Kiss All The Time. Disco, Occasionally.",2026-03-06,67,0,0,40,0,10,-7,F Minor,4,6GteP2UCnpHRWSZTL63QHe,USSM12600102,1
147,Carla's Song,Harry Styles,154,8B,65,2026-03-10,04:13,84,,"Kiss All The Time. Disco, Occasionally.",2026-03-06,51,46,3,56,0,0,-8,C Major,4,3QuRLv8zkIYH31O5VgEpmo,USSM12600107,1
148,God Was Showing Off,Bruno Mars,160,2B,72,2026-03-10,03:31,83,,The Romantic,2026-02-27,57,26,0,96,0,40,-6,F#/G♭ Major,4,1sVBT215CDmVJvfy1E2OCU,USAT22509145,1
149,On My Soul,Bruno Mars,130,3B,86,2026-03-10,02:54,82,,The Romantic,2026-02-27,69,19,0,97,0,10,-6,C♯/D♭ Major,4,4i4BVY2JiH4mDSLIBdNGKD,USAT22509147,1
150,WANTCHU (HTOWN REMIX),keshi,96,9B,51,2026-03-10,03:22,47,,WANTCHU (HTOWN REMIX),2025-09-12,53,7,1,22,0,10,-10,G Major,4,4IdIJaHAbIVWZrkHMrPbEG,USUM72509937,1
151,On My Body,DnD Music,130,10A,89,2026-03-10,03:50,55,bass house,On My Body,2025-02-28,59,9,0,9,0,10,-6,B Minor,4,4KfALxHbdOorW7ZgkxpVZY,QZHN42502026,1
152,feel U luv Me,Knock2,130,10A,94,2026-03-10,03:54,56,"bass house, edm, bassline",nolimit,2025-01-17,66,10,3,29,0,10,-3,B Minor,4,7C46d7mrdoSsgd3rNOa4A7,QMBZ92447777,1
153,select@,Knock2,174,11A,87,2026-03-10,02:44,44,"bass house, edm, bassline",nolimit,2025-01-17,56,0,0,50,20,10,-4,F#/G♭ Minor,4,55uf1FtsrO1C1pQU457O5h,QMFME2478614,1
154,The Days - NOTION Remix,"Chrystal,NOTION",138,11A,84,2026-03-11,03:53,87,"bassline, bass house, uk garage, drum and bass",The Days (NOTION Remix),2024-11-08,62,1,0,24,0,50,-5,F#/G♭ Minor,4,2FAZskT9yRjp2Oow9szJD8,GBUM72406694,1
155,we can't be friends (wait for your love),Ariana Grande,116,7B,65,2026-03-11,03:48,87,pop,eternal sunshine,2024-03-08,65,6,0,30,0,0,-8,F Major,4,51ZQ1vr10ffzbwIjDCwqm4,USUM72317276,2
156,Body to Body,BTS,120,11A,79,2026-03-21,03:09,95,k-pop,ARIRANG,2026-03-20,67,11,0,50,0,10,-3,F#/G♭ Minor,4,2rKkfc4VZ74FQDc1FF1Zo6,USA2P2600443,1
157,SWIM,BTS,94,11A,71,2026-03-21,02:39,99,k-pop,ARIRANG,2026-03-20,53,15,0,16,0,10,-5,F#/G♭ Minor,4,68lbSrXDORS51pmyjZv712,USA2P2600449,1
158,Merry Go Round,BTS,84,4B,63,2026-03-21,03:49,92,k-pop,ARIRANG,2026-03-20,60,34,0,26,0,10,-6,G#/A♭ Major,4,3VegC0PZiHjGxb80DER8XU,USA2P2600450,1
159,NORMAL,BTS,73,12A,77,2026-03-21,03:01,94,k-pop,ARIRANG,2026-03-20,46,21,0,65,0,10,-4,C♯/D♭ Minor,4,4B4Q7zfd0aHcuhQBfCRnH5,USA2P2600451,1
160,One More Night,BTS,117,2B,80,2026-03-21,02:47,92,k-pop,ARIRANG,2026-03-20,66,20,0,64,0,10,-6,F#/G♭ Major,4,6s3w7SUVtmm68Bw5KrKMh0,USA2P2600454,1
161,High and I Like it,"it's murph,Evalyn",128,3B,75,2026-03-29,03:43,66,"stutter house, house, ",High and I Like it,2023-12-01,82,7,27,64,0,0,-5,C♯/D♭ Major,1,0FBdJP7yzvq88bG1keGgt4,USUG12309589,1
162,Down Low - YDG Remix,"it's murph,YDG,Sorana",145,3A,93,2026-03-29,03:09,64,"stutter house, house, dubstep, riddim, ",Down Low (YDG Remix),2024-06-21,52,27,1,36,0,20,-3,A#/B♭ Minor,4,20iODoi8eZUC1sBS5C01GF,USUG12403973,1
163,Lift Me Up,"it's murph,Twin Diplomacy,Liv Grace Blue",132,12B,68,2026-03-29,04:30,61,"stutter house, house, ",Lift Me Up,2026-03-06,67,10,0,24,0,10,-7,E Major,4,6flTr5BDb7OQN7nZCs8xmR,QM24S2600925,1
164,Dracula - JENNIE Remix,"Tame Impala,JENNIE",115,2A,79,2026-04-04,03:29,96,"neo-psychedelic, indie, k-pop",Dracula (Remix),2026-02-06,66,2,0,76,0,80,-3,D#/E♭ Minor,4,5yvVYFDUpbnjcnRBgjwTzM,USQX92600464,1
165,Who,"Lauv,BTS",142,10A,34,2026-04-05,03:00,72,k-pop,~how i'm feeling~,2020-03-06,63,56,0,10,0,10,-8,B Minor,3,0pSqYDTjY1Xt86usTQslAx,GBKPL1969291,1
166,Unang Kilig,BINI,110,7B,87,2026-04-12,03:37,67,"p-pop, opm",Unang Kilig / Honey Honey,2026-03-05,66,35,0,84,0,10,-1,F Major,4,7mfaRuBDtbywhmLSoPSscp,PHS032603788,1
167,Honey Honey,BINI,142,9B,72,2026-04-12,02:38,65,"p-pop, opm",Unang Kilig / Honey Honey,2026-03-05,70,9,0,73,0,10,-4,G Major,4,282XNtIdfDh0NupdD8zBzp,PHS032603798,1
168,Pantropiko,BINI,95,1B,80,2026-04-12,03:45,69,"p-pop, opm",Pantropiko,2023-11-17,78,25,0,80,0,20,-3,B Major,4,6Csrqur3IfnVp0EtHskjMw,PHS032302500,1
169,Blush,BINI,99,8B,81,2026-04-12,03:15,71,"p-pop, opm",Signals,2026-04-09,74,15,0,32,0,10,-3,C Major,4,1yhQJwdcU0HAwAKZdRURfM,PHS032603838,1
170,Cherry On Top,BINI,76,5A,74,2026-04-12,02:55,63,"p-pop, opm",Cherry On Top,2024-07-11,64,29,0,34,0,0,-4,C Minor,4,6EpoDm2IoOkTfcPkNwhf07,PHS032402621,1
171,Bored,Laufey,139,9B,42,2026-04-13,03:33,73,,Bewitched: The Goddess Edition,2024-04-26,51,91,0,26,0,10,-10,G Major,3,2SPbioo65CuUB3H0aW1ID5,QM4TW2430371,2
172,"눈,코,입 (Eyes, Nose, Lips)",TAEYANG,144,8B,52,2026-04-14,03:49,72,k-pop,RISE,2014-06-03,63,74,0,25,0,20,-6,C Major,4,0lYtIvI7bO51PZSeK22Mbz,KRB471402723,2
173,drop dead,Olivia Rodrigo,130,4B,74,2026-04-17,03:44,94,,drop dead,2026-04-17,58,22,0,68,0,20,-6,G#/A♭ Major,4,6gkbtMtioHgtyGjrMel6ei,USUG12601721,1
174,Please Please Please,Sabrina Carpenter,107,11B,59,2026-04-18,03:06,80,pop,Please Please Please,2024-06-06,67,27,0,58,0,10,-6,A Major,4,5N3hjp1WNayUPZrA8kJmJP,USUM72404101,1
175,Espresso,Sabrina Carpenter,104,8B,76,2026-04-18,02:55,50,pop,Please Please Please,2024-06-06,70,14,0,70,0,20,-5,C Major,4,5KRy7KqBVoxYVSnzdkdq2w,USUM72403305,2
176,Juno,Sabrina Carpenter,131,7B,73,2026-04-18,03:43,85,pop,Short n' Sweet,2024-08-23,63,5,0,64,0,20,-4,F Major,4,21B4gaTWnTkuSh77iWEXdS,USUM72404107,1
177,SOBER,BIGBANG,130,7B,84,2026-04-20,03:57,69,k-pop,MADE,2016-12-13,65,1,0,54,0,90,-3,F Major,4,3gUSmSBeeYsSMWECJcQW8w,KRA401500584,1
178,WE LIKE 2 PARTY,BIGBANG,90,12A,92,2026-04-20,03:15,58,k-pop,MADE,2016-12-13,67,2,0,69,30,40,-3,C♯/D♭ Minor,4,07gp2fnoTbVCsRJYazycI4,KRA401500557,1
179,Still Life,BIGBANG,118,4B,58,2026-04-20,03:08,66,k-pop,Still Life,2022-04-05,68,44,0,24,0,0,-4,G#/A♭ Major,4,3TSLqZssCoCdDlMhCJ08XW,KRA402100165,1
180,REDRED,CORTIS,121,8B,60,2026-04-25,02:43,84,k-pop,REDRED,2026-04-20,70,3,0,91,0,20,-6,C Major,4,2fCwv2ppU5nTRTckomIGsd,USA2P2607175,1
1,Unstoppable,Sia,174,11B,78,2023-10-03,03:37,80,,This Is Acting (Deluxe Version),2016-10-21,47,11,0,26,0,10,-5,A Major,4,1yvMUkIOTeUNtNWlWRgANS,USRC11502934,1
2,Can't Hold Us (feat. Ray Dalton),"Macklemore,Ryan Lewis,Macklemore & Ryan Lewis,Ray Dalton",146,10B,92,2023-10-03,04:18,81,,The Heist,2012-10-09,64,3,0,85,0,0,-4,D Major,4,3bidbhpOYeV4knp8AIu8Xn,GMM881200021,1
3,Titanium (feat. Sia),"David Guetta,Sia",126,5A,79,2023-10-03,04:05,55,"edm, ",Nothing but the Beat 2.0,2012-09-10,60,7,15,30,10,10,-4,C Minor,4,2i1AVZAYLhrQTvzr1hu7Jt,GB28K1100036,1
4,Welcome to the Black Parade,My Chemical Romance,97,10B,91,2023-10-03,05:11,82,"emo, pop punk",The Black Parade,2006-10-20,22,0,0,24,0,20,-4,D Major,4,5wQnmLuC1W7ATsArWACrgW,USRE10602613,1
5,Fight Song,Rachel Platten,176,9B,71,2023-10-03,03:24,75,,Wildfire,2016-01-01,56,5,0,33,10,10,-5,G Major,4,37f4ITSlgPX81ad2EvmVQr,USSM11500753,1
6,Warriors,Imagine Dragons,78,9A,85,2023-10-03,02:51,72,,Smoke + Mirrors (Deluxe),2015-05-11,37,10,0,31,0,20,-6,E Minor,4,1sWeSMifj6Z6kZyI6z3bRc,USUM71414163,2
7,Phoenix,"League of Legends,Cailin Russo,Chrissy Costanza",168,3A,72,2023-10-03,03:17,7,,Phoenix,2019-10-08,42,6,0,29,10,10,-7,A#/B♭ Minor,4,6zAiRKvAMlXHxEtyO4yxIO,NLRD51859891,1
8,Viva La Vida,Coldplay,138,4A,62,2023-10-03,04:02,89,,Viva La Vida or Death and All His Friends,2008-06-06,49,10,0,42,0,10,-7,F Minor,4,1mea3bSkSGXuIRvnydlB5b,GBAYE0800265,1
9,Pompeii,Bastille,127,11B,72,2023-10-03,03:34,79,,Bad Blood,2013-01-01,68,8,0,57,0,20,-6,A Major,4,6fNhZRFEkBfgW39W3wKARJ,GBAAA1200795,1
10,Save Your Tears,The Weeknd,118,8B,83,2023-10-03,03:35,87,,After Hours,2020-03-20,68,2,0,64,0,50,-5,C Major,4,5QO79kh1waicV47BqGRL3g,USUG12000658,1
11,Circles,Post Malone,120,8B,76,2023-10-03,03:35,87,,Hollywood's Bleeding,2019-09-06,70,19,0,55,0,0,-3,C Major,4,21jGcNKet2qwijlDFuPiPb,USUM71915699,2
12,Ride,Twenty One Pilots,75,2B,71,2023-10-03,03:34,86,,Blurryface,2015-05-15,65,1,0,57,0,10,-5,F#/G♭ Major,4,2Z8WuEywRWYTKe1NybPQEW,USAT21500598,1
13,Time-Bomb,All Time Low,139,10A,92,2023-10-03,03:29,45,"pop punk, emo, punk",Dirty Work,2011-01-01,53,0,0,63,0,30,-4,B Minor,4,0ydyPs14G4gAp2L1fWIhpV,USUM71100512,1
14,GODS,"League of Legends,NewJeans",146,2A,77,2023-10-04,03:40,10,k-pop,GODS,2023-10-04,59,1,0,49,0,20,-6,D#/E♭ Minor,4,210JJAa9nJOgNa0YNrsT5g,QZH6S1900802,1
15,シルエット,KANA-BOON,91,10B,93,2023-10-04,04:00,77,"anime, j-rock, j-pop",TIME,2015-01-21,44,0,14,38,0,30,-3,D Major,4,1di1C0QI6Y92yZPYn6XYAZ,JPU901401691,1
16,High Hopes,Panic! At The Disco,82,7B,90,2023-10-04,03:10,84,emo,Pray for the Wicked,2018-06-22,58,19,0,68,0,0,-3,F Major,4,1rqqCSm0Qe4I9rUvWncaom,USAT21801174,1
17,I Will Survive,Gloria Gaynor,117,8A,78,2023-10-12,04:56,78,disco,Love Tracks,1978-11-27,77,2,0,80,0,30,-10,A Minor,4,7rIovIsXE6kMn629b7kDig,USUR10200634,1
18,Bad Romance,Halestorm,124,3B,93,2023-10-17,04:08,65,,ReAniMate: The CoVeRs eP,2011-03-22,55,1,0,68,0,30,-5,C♯/D♭ Major,4,0n3sHHfdOq6Awix3JPe3xl,USAT21100240,1
19,Kids In The Dark,All Time Low,130,12A,98,2023-11-04,03:36,59,"pop punk, emo, punk",Future Hearts,2015-04-07,52,0,0,77,0,0,-3,C♯/D♭ Minor,4,50oS45iNMFp7pKIQRAWIUP,USHR21547014,1
20,unravel,TK from Ling tosite sigure,135,6A,89,2023-11-06,03:58,73,"anime, j-rock, j-pop",Fantastic Magic,2014-08-27,51,5,0,33,0,10,-3,G Minor,4,1rN9QoVxw5U7TJkyaUR8C1,JPU901400608,1
21,katharsis,TK from Ling tosite sigure,144,4B,83,2023-11-09,04:26,58,"anime, j-rock, j-pop",katharsis,2018-11-21,56,4,0,39,10,10,-3,G#/A♭ Major,4,7MtpXnAhLKdkXjoFaK95TB,JPU901802954,1
22,more than words,Hitsujibungaku,130,2B,80,2024-01-02,04:49,64,"japanese indie, j-pop, anime, j-rock, shoegaze",12 hugs (like butterflies),2023-12-06,57,0,0,60,0,20,-5,F#/G♭ Major,4,2kXER8pkjxDVQnlagpVJJw,JPU902303487,1
23,踊り子,Vaundy,157,9B,52,2024-06-27,03:49,73,"j-pop, japanese indie, j-rock, anime",replica,2023-11-15,71,83,80,69,0,0,-10,G Major,4,1YXot2MLAG9sttepCtBRM7,JPR652100061,1
24,Numb Little Bug,Em Beihold,85,1A,53,2024-07-16,02:49,71,,Egg in the Backseat,2022-07-22,74,33,0,64,0,20,-7,G#/A♭ Minor,4,1KQc37jezhunxnOPhvdwSG,USUM72200626,1
25,Thnks fr th Mmrs,Fall Out Boy,155,3A,89,2024-08-30,03:23,82,"emo, pop punk",Infinity On High,2007-01-01,46,1,0,59,0,10,-5,A#/B♭ Minor,4,3Zwu2K0Qa5sT6teCCHPShP,USUM70700326,1
26,Heavy Is the Crown,Linkin Park,128,9A,93,2024-09-25,02:47,73,"nu metal, rap metal, rock, alternative metal",Heavy Is the Crown,2024-09-24,57,1,0,49,0,30,-4,E Minor,4,3fgehc497TFqKH1zBL2YNK,USWB12403466,1
27,Deslocado,NAPA,76,2B,46,2025-07-31,02:59,75,,Deslocado,2025-03-10,57,15,0,41,0,10,-8,F#/G♭ Major,4,31CsSZ9KlQmEu0JvWSkM3j,PTUM72500004,2
28,青のすみか,Tatsuya Kitani,152,3B,90,2026-01-21,03:16,75,"anime, j-pop, j-rock",青のすみか,2023-07-07,48,1,0,64,10,30,-5,C♯/D♭ Major,4,12usPU2WnqgCHAW1EK2dfd,JPU902302107,1
1,Zaferlerim,Demir Demirkan,126,7A,72,2025-06-08,04:02,49,"anatolian rock, turkish pop",2004 Istanbul,2004-01-01,70,27,0,53,0,10,-6,D Minor,4,3I0XubzyOROiSfaim3RVyf,USA561129346,1
2,Bihaber,Vega,135,10A,65,2025-06-08,03:49,55,anatolian rock,Tatlı Sert,2002-02-13,68,11,0,84,0,0,-9,B Minor,4,1fZpoShaD1NIwqadYTAfrn,TR0531303756,1
3,Gitti Gider,Demir Demirkan,100,8A,84,2025-06-15,04:15,39,"anatolian rock, turkish pop",2004 Istanbul,2004-01-01,60,16,0,41,0,20,-4,A Minor,4,6XNqjkUslwWMnFQBuLwPar,USA561129339,1
4,Arzuhal,Vega,153,11A,86,2025-06-15,04:23,42,anatolian rock,Delinin Yıldızı,2017-09-22,58,21,0,85,0,0,-4,F#/G♭ Minor,4,3VZGcqlcSyhwCI32oA12Lp,TR8671700003,1
5,Okyanus,Adamlar,83,3A,48,2025-06-15,03:58,47,anatolian rock,Harekete kimse mâni olamaz.,2023-01-20,70,68,3,53,0,10,-10,A#/B♭ Minor,4,2AwFrsfrltFdaUXbju6VXl,TRA162300020,1
6,İkimizden Biri,Fatma Turgut,122,11A,75,2025-06-17,03:47,67,turkish pop,İkimizden Biri,2022-09-30,57,7,0,61,0,20,-6,F#/G♭ Minor,4,7M9KPD0b04Z1rxJNGERuAe,TR0532215124,1
7,Serzenişte,Vega,192,9B,84,2025-06-19,04:50,51,anatolian rock,Hafif Müzik,2006-03-03,54,0,0,86,10,0,-5,G Major,4,2769e3EfBMnc1wmtbu5ubo,TRA160500225,1
8,Desem De İnanma,Vega,148,7A,79,2025-07-05,04:25,43,anatolian rock,Tatlı Sert,2002-02-13,45,1,0,60,0,30,-7,D Minor,4,2dkYZzG1KmwBQ0Htpwxf20,TR0531303763,1
9,Ankara,Vega,132,9A,69,2025-07-05,05:22,51,anatolian rock,Hafif Müzik,2006-03-03,63,35,4,50,0,10,-7,E Minor,4,7IKeb4jtqRFp2x87wVkwIm,TRA160500234,1
10,Yara,Kalben,111,9A,49,2025-07-06,03:33,70,turkish pop,Sonsuza Kadar,2017-11-06,70,44,0,46,0,20,-11,E Minor,4,1IquNFg2RRH1CLRAHNVgQ9,TRBDY1702105,1
11,"Evet, Ne Var?",Vega,80,7A,70,2025-07-06,03:37,46,anatolian rock,Tatlı Sert,2002-02-13,58,34,0,85,0,10,-6,D Minor,4,1l8qDHz91cv87eyqDpM6Gr,TR0531303757,1
12,İz Bırakanlar Unutulmaz,Vega,120,9A,41,2025-08-03,04:05,56,anatolian rock,Tatlı Sert,2002-02-13,57,60,0,17,0,10,-9,E Minor,4,7qdT4zHhEZXngjZRK3xwYD,TR0531303758,1
13,Lafügüzaf,Gökhan Türkmen,142,3A,45,2025-08-03,03:45,62,turkish pop,Lafügüzaf,2018-02-16,40,27,0,25,0,10,-10,A#/B♭ Minor,4,3pZDZloBhUwlKA5O6JzXXa,TRASC1800069,1
14,Ellerinin İzi,Selin Çıngır,80,4A,51,2025-08-05,03:03,60,,Ellerinin İzi,2022-06-24,63,1,1,68,0,10,-11,F Minor,4,3PQKLPUEqSbe9DqceW7zuy,TR0532214970,1
15,Delinin Yıldızı,Vega,135,9A,85,2025-08-05,05:15,48,anatolian rock,Delinin Yıldızı,2017-09-22,51,3,0,64,0,10,-5,E Minor,4,1xM97t56EibEvtgDqPGhdT,TR8671700001,1
16,Güzel Bir Gün,Teoman,140,4B,93,2025-08-08,05:04,50,"anatolian rock, turkish pop",En Güzel Hikayem,2004-05-28,60,3,5,74,0,10,-3,G#/A♭ Major,4,05PAaQDvV1J6AxLtxAo6tT,TR0530601659,1
17,Isınamazsın Ağlarken,Vega,135,9B,69,2025-08-08,03:50,36,anatolian rock,Tatlı Sert,2002-02-13,60,1,6,53,0,10,-9,G Major,4,0HLfHOQPAfFH0B2P028531,TR0531303760,1
18,İZ,noirdenoir,148,8A,37,2025-11-08,03:51,0,,İZ,2025-04-15,77,0,0,48,0,10,-11,A Minor,4,7aCV5zpMYQEBoIROIPNRmB,SEYOK2508851,2
19,İZ,noirdenoir,148,8A,37,2026-04-08,03:51,34,,İZ,2025-04-15,78,0,0,50,0,10,-11,A Minor,4,3GJZVhnSWtGd6D8Mikho5j,SEYOK2508851,2
20,Araf,mor ve ötesi,96,7A,70,2026-04-08,04:08,61,"anatolian rock, turkish pop",Masumiyetin Ziyan Olmaz,2010-05-06,47,0,0,31,0,10,-6,D Minor,4,18K55OneX9jdsCiUddsWAp,TR4151000806,1
21,Alışamadım Yokluğuna,Vega,125,3B,55,2026-04-08,03:38,45,anatolian rock,[Tamam] Sustum!,1999-07-16,66,72,0,85,0,10,-12,C♯/D♭ Major,4,3FJIkYZLcZMXi7h7z509en,TR2150600302,1
22,Sevda Çiçeği,mor ve ötesi,114,12B,74,2026-04-08,04:00,58,"anatolian rock, turkish pop",Dünya Yalan Söylüyor,2004-04-16,49,0,0,18,0,20,-3,E Major,4,6vB3dkbTERT1L4vXm5IZJn,TR0440600106,1
23,Melekler Ölmez,mor ve ötesi,100,9A,67,2026-04-08,03:38,49,"anatolian rock, turkish pop",Melekler Ölmez,2016-12-13,55,0,10,26,0,10,-6,E Minor,4,6p6W14WwH3xuHeqVZb7ZuF,TR0011601105,1
24,Küçük Sevgilim,mor ve ötesi,105,7A,38,2026-04-08,04:13,55,"anatolian rock, turkish pop",Büyük Düşler,2006-05-05,62,52,0,9,0,0,-9,D Minor,4,3kqHgBc6kh4R6iUaazvVoo,TR0440602105,1
25,Renkli Rüyalar Oteli,Teoman,108,7A,88,2026-04-08,04:33,59,"anatolian rock, turkish pop",Renkli Rüyalar Oteli,2006-01-05,60,15,0,77,0,0,-4,D Minor,4,3ps9amJ8VfgTZcbrhtBd4o,TR0530601811,1
26,Aşk Durdukça,Yüksek Sadakat,76,9A,61,2026-04-08,04:29,60,"turkish pop, anatolian rock",Katil & Maktül,2008-01-01,56,63,0,27,0,0,-6,E Minor,3,4scldqQmZGfzMMnZHEQDyX,TR0010800016,1
1,Wicked Game,Chris Isaak,112,11B,30,2023-08-09,04:49,86,,Heart Shaped World,1989-06-13,66,68,1,36,0,0,-18,A Major,4,7w5AOd6HrDIHewHfpABEss,USRE19900989,2
2,i was all over her,salvia palth,105,9B,35,2023-08-09,02:41,3,"slowcore, lo-fi indie",melanchole,2014-07-01,53,79,85,6,0,10,-13,G Major,4,7svpAkwc6xaSxlbZ7V7JiS,GBSMU1456120,1
3,Rosyln,"Bon Iver,St. Vincent",160,3A,28,2023-08-09,04:49,76,art pop,The Twilight Saga: New Moon (Original Motion Picture Soundtrack),2009-10-16,33,97,2,12,0,10,-13,A#/B♭ Minor,3,4k7x3QKrc3h3U0Viqk0uop,USAT20903243,1
4,Ultraviolence,Lana Del Rey,79,8B,54,2023-09-19,04:11,81,,Ultraviolence (Deluxe),2014-01-01,14,28,0,9,0,10,-7,C Major,3,1y3r6RXiJZNBV1EI0NggpS,GBUM71402015,2
5,Mind Games,Sickick,85,11B,45,2023-10-02,04:18,3,,Mind Games,2017-11-17,69,46,7,35,0,10,-9,A Major,4,21a1k8q3DJtsF8GorRfcL8,QZANL1751842,1
6,Skyfall,Adele,76,5A,55,2023-08-09,04:46,86,soft pop,Skyfall,2012-10-04,35,42,0,8,0,10,-7,C Minor,4,6VObnIkLVruX4UVyxWhlqm,GBBKS1200164,3
7,Nervous,The Neighbourhood,120,5A,61,2023-11-06,04:05,78,,Hard To Imagine The Neighbourhood Ever Changing,2018-11-02,59,2,17,32,0,30,-8,C Minor,4,113xf7t4qNM7038YJvauik,USSM11800521,1
8,Void,The Neighbourhood,84,7B,58,2023-10-07,03:23,72,,Hard To Imagine The Neighbourhood Ever Changing,2018-11-02,53,5,3,35,0,0,-8,F Major,4,2wXioTynVwrEWYRv6R6vEj,USSM11800522,1
9,Cry Baby,The Neighbourhood,108,9A,66,2023-11-09,03:55,78,,Wiped Out!,2015-10-30,58,0,0,34,0,10,-5,E Minor,4,0EfsDEYaSjGYd66Pr881nq,USSM11506744,1
10,HEAVEN AND BACK,Chase Atlantic,194,3A,79,2023-11-19,04:08,77,,PHASES,2019-06-28,31,9,9,53,0,0,-6,A#/B♭ Minor,4,1JdQibdvxgcrB8Rv1KFndw,QMRSZ1900604,1
11,Stargirl Interlude,"The Weeknd,Lana Del Rey",180,4A,47,2023-09-19,01:51,75,,Starboy,2016-11-25,64,35,19,44,10,10,-13,F Minor,4,4EDijkJdHBZZ0GwJ12iTAj,USUG11601002,1
12,House Of Balloons / Glass Table Girls,The Weeknd,89,8B,71,2023-11-19,06:45,75,,Trilogy,2012-11-13,65,1,1,32,0,30,-5,C Major,4,50iiDJGpAPdr2VTrz999XA,USUM71212069,2
13,Earned It (Fifty Shades Of Grey),The Weeknd,120,7A,28,2023-10-19,04:37,78,,The Highlights,2021-02-05,66,43,0,39,0,0,-8,D Minor,3,1cQ3LIkZE68pMSnPhZWXLu,USUG11500923,1
14,"One Of The Girls (with JENNIE, Lily Rose Depp)","The Weeknd,JENNIE,Lily-Rose Depp",85,4B,64,2023-11-19,04:04,92,"k-pop, ",The Idol Episode 4 (Music from the HBO Original Series),2023-06-23,26,4,0,19,0,10,-6,G#/A♭ Major,4,7CyPwkp0oE8Ro9Dd5CUDjW,USUG12303881,2
15,Call Out My Name,The Weeknd,134,3B,60,2023-11-19,03:48,1,,"My Dear Melancholy,",2018-03-30,45,21,0,17,0,30,-5,C♯/D♭ Major,3,4MPTj8lMMvxLwT3EwuXFop,USUG11800560,1
16,Earned It (Fifty Shades Of Grey) - From The  Fifty Shades Of Grey  Soundtrack,The Weeknd,120,7A,38,2023-11-19,04:12,73,,Earned It (Fifty Shades Of Grey) [From The  Fifty Shades Of Grey  Soundtrack],2014-12-23,66,39,0,43,0,10,-6,D Minor,3,2PIvq1pGrUjY007X5y1UpM,USUG11401951,2
17,The Party & The After Party,The Weeknd,204,4A,63,2023-09-19,07:39,69,,Trilogy,2012-11-13,42,48,0,39,30,10,-7,F Minor,4,0dcf0L6F1LUA1nE2zWH4J2,USUM71212072,2
18,Breakin' Dishes,Rihanna,125,1A,67,2023-11-27,03:20,86,,Good Girl Gone Bad: Reloaded,2008-06-02,80,0,0,88,0,0,-4,G#/A♭ Minor,4,46aZJc0z1HHHSFxaIRxYSP,USUM70734702,4
19,Maria,Justin Bieber,111,11A,69,2023-11-29,04:08,77,,Believe (Deluxe Edition),2012-06-15,83,1,0,29,0,10,-7,F#/G♭ Minor,4,7E1dQbOk1qcx9gEPUMBKsk,USUM71205389,1
20,Lost in the Fire (feat. The Weeknd),"Gesaffelstein,The Weeknd",101,10B,67,2023-11-29,03:22,82,,Hyperion,2019-03-08,66,9,0,17,0,10,-12,D Major,4,2vXKRlJBXyOcvZYTdNeckS,USQX91803314,3
21,Reminder,The Weeknd,160,4B,47,2023-12-03,03:38,50,,Starboy (Deluxe),2023-03-14,71,17,0,39,20,10,-8,G#/A♭ Major,4,4zHa39io9pjsiAE6LwM2NH,USUG11600998,1
22,Popular (with Playboi Carti & Madonna) - From The Idol Vol. 1 (Music from the HBO Original Series),"The Weeknd,Playboi Carti,Madonna",99,3B,67,2023-12-03,03:35,83,"rage rap, ",Popular (Music from the HBO Original Series),2023-06-02,85,5,0,85,10,50,-6,C♯/D♭ Major,4,6WzRpISELf3YglGAh7TXcG,USUG12303876,1
23,After Hours,The Weeknd,109,4A,57,2023-12-07,06:01,83,,After Hours,2020-03-20,66,8,1,14,0,10,-6,F Minor,4,2p8IUWQDrpjuFltbdgLOag,USUG12000586,2
24,Heartless,The Weeknd,170,3A,75,2023-12-07,03:20,1,,Heartless,2019-11-27,53,1,0,20,10,10,-6,A#/B♭ Minor,4,57vxBYXtHMk6H1aD29V7PU,USUG11904007,1
25,The Hills,The Weeknd,113,5A,56,2023-12-07,04:02,88,,Beauty Behind The Madness,2015-08-28,59,7,0,14,0,10,-7,C Minor,4,7fBv7CLKzipRk6EC6TWHOB,USUG11500737,2
26,Party Monster,The Weeknd,78,3B,63,2023-12-07,04:09,79,,Starboy,2016-11-25,57,19,0,22,10,20,-8,C♯/D♭ Major,4,4F7A0DXBrmUAkp32uenhZt,USUG11600997,1
27,Pray For Me (with Kendrick Lamar),"The Weeknd,Kendrick Lamar",101,10B,67,2023-12-08,03:31,1,"hip hop, west coast hip hop",Pray For Me (with Kendrick Lamar),2018-02-02,73,8,0,16,10,10,-5,D Major,4,4ofvoCdXq99vpMZO4Cfp8x,USUM71800001,1
28,Often,The Weeknd,134,6A,63,2023-12-08,04:09,81,,Beauty Behind The Madness,2015-08-28,57,22,0,7,0,10,-10,G Minor,4,4PhsKqMdgMEUSstTDAmMpg,USUG11401323,4
29,Reflections,The Neighbourhood,114,10A,59,2024-01-28,04:04,88,,Hard To Imagine The Neighbourhood Ever Changing,2018-11-02,65,11,5,54,0,10,-7,B Minor,4,2xql0pid3EUwW38AsywxhV,USSM11800527,2
30,I Was Never There,"The Weeknd,Gesaffelstein",113,6B,74,2023-12-14,04:01,83,,"My Dear Melancholy,",2018-03-30,32,14,0,16,0,10,-4,A#/B♭ Major,4,1cKHdTo9u0ZymJdPGSh6nq,USUG11800570,1
31,Friends,Chase Atlantic,107,10A,61,2023-12-14,03:50,85,,Nostalgia - EP,2015-02-21,33,1,0,8,0,10,-6,B Minor,3,7uDUb37h7Xdhza1eWMkoJv,GBLFP1508173,2
32,Heartbeat,Childish Gambino,120,12A,55,2023-12-14,04:29,8,,Camp,2011-11-15,80,0,0,29,10,0,-7,C♯/D♭ Minor,4,0zo4aX57COch7Wh3NRImTM,USYAH1100351,1
33,Is There Someone Else?,The Weeknd,135,8A,59,2023-12-14,03:19,81,,Dawn FM,2022-01-06,70,4,0,61,0,10,-8,A Minor,4,0mL82sxCRjrs3br407IdJh,USUG12106692,1
34,I Wanna Be Yours,Arctic Monkeys,68,5A,42,2023-12-14,03:03,92,"indie, garage rock",AM,2013-09-09,46,14,2,48,0,10,-9,C Minor,4,5XeFesFbtLpXzIVDNQP22n,GBCEL1300373,1
35,The Color Violet,Tory Lanez,105,11A,53,2023-12-14,03:46,87,,Alone At Prom,2021-12-10,65,16,0,46,0,0,-11,F#/G♭ Minor,4,3azJifCSqg9fRij2yKIbWz,QZTGW2100275,1
36,Dark Red,Steve Lacy,172,2B,78,2023-12-14,02:53,87,,Dark Red,2017-02-20,60,45,0,77,0,10,-4,F#/G♭ Major,4,3EaJDYHA0KnX88JvDhL9oa,GBKPL1778015,1
37,Candy,Doja Cat,125,4B,52,2023-12-16,03:10,81,,Amala,2018-03-30,69,51,0,21,0,10,-6,G#/A♭ Major,4,1VJwtWR6z7SpZRwipI12be,USRC11801164,1
38,Can't Feel My Face,The Weeknd,108,8A,77,2023-12-19,03:33,84,,Beauty Behind The Madness,2015-08-28,71,11,0,58,0,10,-6,A Minor,4,22VdIZQfgXJea34mQxlt81,USUG11500741,1
39,I Put A Spell On You,Annie Lennox,174,7A,37,2024-01-10,03:32,58,synthpop,Nostalgia,2014-10-21,57,44,0,30,0,10,-8,D Minor,3,3sesq9P6ndjuqaq5om7sxT,GBUM71403864,1
40,greedy,Tate McRae,111,11A,73,2024-01-15,02:11,86,,greedy,2023-09-15,75,26,0,82,0,10,-3,F#/G♭ Minor,1,3rUGC1vUpkDG9CZFHMur1t,USRC12301932,2
41,Lose Control,Teddy Swims,160,11B,60,2024-01-16,03:30,89,,I've Tried Everything But Therapy (Part 1),2023-09-15,56,20,0,24,0,10,-4,A Major,3,17phhZDn6oGtzMe56NuWvj,USWB12302315,1
42,Lovin On Me,Jack Harlow,105,10B,56,2024-01-16,02:18,81,,Lovin On Me,2023-11-10,94,0,0,61,0,0,-5,D Major,4,4xhsWYTOGcal8zt0J161CU,USAT22311371,1
43,exes,Tate McRae,137,4A,58,2024-01-19,02:39,5,,exes,2023-11-17,82,16,0,63,0,10,-7,F Minor,4,0HD8mbiPjp3o94X3EaZp0o,USRC12302756,1
44,Jealou$y (feat. Casey Veggies & Kossisko),"The Neighbourhood,Casey Veggies,Kossisko",151,8A,62,2024-01-28,04:27,68,,#000000 & #FFFFFF (No DJ Version),2014-11-28,51,14,0,30,10,10,-5,A Minor,4,7ofaLUVPCwrPrKY6Rk6c0b,USSM11709119,1
45,in for it,"11:11 Music Group,Still Tech,ghostly echoes,accelerate",114,11A,35,2024-01-28,03:07,55,"lo-fi, ",in for it,2023-10-06,57,13,5,15,0,10,-12,F#/G♭ Minor,4,3SAC6Ka0EIeWhk341z9Bd7,GX5MX2309915,1
46,No More Excuses,"DMP,Sdot go,Kyle Richh",140,3A,49,2024-01-28,02:38,0,"new york drill, drill, brooklyn drill, sexy drill, jersey club",No More Excuses,2024-01-15,66,39,0,35,40,10,-13,A#/B♭ Minor,4,6LhdsGjia8IwpmKl2wHnDn,TCAHU2457043,1
47,prettygrunge.wav,Artemas,134,12B,67,2024-01-28,01:59,59,,just want u to feel something,2023-12-01,41,77,0,40,0,20,-4,E Major,4,5NQw9mvEfBYOEmfl0A2A0i,QZJ842004261,1
48,Desert Rose,Lolo Zouaï,90,6A,38,2024-01-28,04:26,56,alternative r&b,Desert Rose,2018-05-02,51,37,0,41,0,10,-9,G Minor,4,0chhVazddPxu4bIgC2PwcM,QM24S1809467,1
49,Reflections,The Neighbourhood,114,10A,59,2024-01-28,04:04,88,,Hard To Imagine The Neighbourhood Ever Changing,2018-11-02,65,11,5,54,0,10,-7,B Minor,4,2xql0pid3EUwW38AsywxhV,USSM11800527,2
50,Suffocation,Crystal Castles,120,1B,71,2024-02-03,04:02,73,"witch house, electroclash, new rave, alternative dance",Crystal Castles (II),2010-01-01,54,0,3,16,0,20,-6,B Major,4,12oxsGACfwMozi4nK9noGQ,GBUM71001709,1
51,Somebody That I Used to Know,"Gotye,Kimbra",129,8B,51,2024-02-07,04:05,63,,Making Mirrors,2011-08-19,87,54,0,77,0,10,-7,C Major,4,62oaDoBveZxvZb94ziiMXi,AUZS21100040,1
52,Stay,"Rihanna,Mikky Ekko",112,8A,31,2024-02-07,04:00,76,,Unapologetic (Deluxe),2012-12-11,62,95,0,13,0,10,-10,A Minor,4,0GNI8K3VATWBABQFAzBAYe,USUM71214754,1
53,Untrust Us,Crystal Castles,126,10A,81,2024-02-11,03:06,1,"witch house, electroclash, new rave, alternative dance",Crystal Castles,2008-03-16,60,4,13,19,0,10,-5,B Minor,4,15rbqfWtrFCW3uLf9a01sf,CAL450896202,1
54,Devil's Advocate,The Neighbourhood,98,10A,68,2024-02-11,03:06,71,,Chip Chrome & The Mono-Tones,2020-09-25,66,3,14,86,0,50,-8,B Minor,4,4XfI7M5gLwEY84gYiH4RDD,USSM12003781,1
55,Undone - The Sweater Song,Weezer,80,2B,62,2024-02-11,05:05,77,alternative rock,Weezer,1994-05-10,46,0,0,58,0,0,-7,F#/G♭ Major,4,5WhtlIoxoZrMmuaWWEQhwV,USGF19962905,1
56,Again (feat. XXXTENTACION),"Noah Cyrus,XXXTENTACION",120,8A,74,2024-02-12,03:13,84,emo rap,Again (feat. XXXTENTACION),2017-09-22,66,19,0,20,0,10,-4,A Minor,4,2S2od3hT7ceytw7d1pTRuE,QM33K1700076,1
57,Mess It Up,Gracie Abrams,133,8B,58,2024-02-15,02:51,77,,Mess It Up,2021-05-07,77,25,0,36,10,10,-5,C Major,4,0PLhwCmQ7cC3ThRGPn3HxF,USUG12001931,1
58,Back to the Old House - 2011 Remaster,The Smiths,104,10B,49,2024-02-16,03:06,83,"new wave, madchester, jangle pop",Louder Than Bombs,1987-00-00,63,1,0,40,0,10,-8,D Major,3,6LUGvXEAK8WxIBYK43uoTb,GBCRL1100089,1
59,Blue Hair,TV Girl,136,12B,72,2024-02-16,03:37,84,,Death of a Party Girl,2018-05-08,75,55,5,88,0,20,-6,E Major,4,39sDitIeCMrVX2QyXHY46t,USDY41861506,2
60,"Tag, You're It",Melanie Martinez,115,4A,84,2024-02-16,03:09,73,,Cry Baby (Deluxe Edition),2015-08-14,56,24,2,38,0,10,-6,F Minor,4,3u1FiuSpfsgVnekEMXgMwJ,USAT21501939,2
61,Never Lose Me,Flo Milli,122,3B,57,2024-02-16,02:05,73,,Never Lose Me,2023-11-30,78,5,0,7,10,10,-8,C♯/D♭ Major,4,6uTPdRrEDeH8Fyg5L5qmeU,USRC12303379,1
62,Wine Pon You (feat. Konshens),"Doja Cat,Konshens",95,8A,44,2024-02-16,03:39,79,"dancehall, soca, riddim, ragga, reggae, shatta",Amala,2018-03-30,80,30,0,14,0,10,-8,A Minor,4,2s4AcE9n80mSHl87lp4gIm,USRC11801358,1
63,So High,Doja Cat,132,3A,57,2024-02-16,03:21,77,,So High,2014-03-11,65,13,0,66,0,0,-6,A#/B♭ Minor,4,2qyhy9ndo8tTGMzXeHTisR,USRC11400475,1
64,A Little Death,The Neighbourhood,88,11A,75,2024-02-16,03:29,78,,I Love You. (10th Anniversary Edition),2013-04-23,53,0,0,33,0,10,-5,F#/G♭ Minor,4,0pxPNTroZcxXA0w6IDgMQJ,USSM11206332,2
65,West Coast,Lana Del Rey,123,11A,59,2024-02-16,04:16,84,,Ultraviolence (Deluxe),2014-01-01,53,19,2,46,0,0,-8,F#/G♭ Minor,4,5Y6nVaayzitvsD5F7nr3DV,GBUM71402081,1
66,"I miss you, I’m sorry",Gracie Abrams,110,9B,46,2024-02-18,02:47,82,,minor,2020-07-14,45,73,0,15,0,10,-6,G Major,5,4nyF5lmSziBAt7ESAUjpbx,USUG11903591,1
67,Fairytale,Alexander Rybak,108,7A,78,2024-02-24,03:02,74,,Fairytale,2009-01-12,57,61,0,66,0,20,-5,D Minor,4,3MnAsEBBsEj86d03RgO4EM,NO23B0900001,1
68,Dernière danse,Indila,115,5A,45,2024-02-24,03:33,82,french pop,Mini World,2014-01-01,67,18,0,33,0,0,-8,C Minor,4,65uoaqX5qcjXZRheAj1qQT,FRUM71301049,1
69,Don't Go Insane,DPR IAN,115,6A,48,2024-02-26,03:24,60,k-rap,Don't Go Insane,2023-10-04,72,19,0,60,0,10,-6,G Minor,4,5izX3yhDZHqQFi8p2m6RHi,QMBZ92331724,1
70,Traphouse,"Tory Lanez,Nyce",112,5A,27,2024-03-23,04:16,69,,Traphouse,2015-01-15,69,35,0,52,0,0,-15,C Minor,4,5rqfg8Hz5D1aCcn2XUxzNA,USUM71600006,1
71,Feather,Sabrina Carpenter,124,11A,69,2024-04-17,03:05,84,pop,emails i can’t send fwd:,2023-03-17,79,7,0,83,0,10,-4,F#/G♭ Minor,4,2Zo1PcszsT9WQ0ANntJbID,USUM72301876,2
72,Animals,Maroon 5,190,9A,74,2024-04-17,03:51,85,pop,V,2014-09-02,28,0,0,33,0,50,-6,E Minor,4,2bL2gyO6kBdLkNSkxXNh6x,USUM71409576,2
73,There's Nothing Holdin' Me Back,Shawn Mendes,122,10A,81,2024-04-17,03:19,88,,Illuminate (Deluxe),2017-04-20,87,38,0,97,0,0,-4,B Minor,4,7JJmb5XwzOO8jgpou264Ml,USUM71702833,1
74,Grenade,Bruno Mars,110,7A,56,2024-04-17,03:42,82,,Doo-Wops & Hooligans,2010-05-11,70,15,0,25,0,10,-7,D Minor,4,4lLtanYk6tkMvooU0tWzG8,USAT21001883,1
75,Back To Black,Amy Winehouse,123,6A,42,2024-04-17,04:01,79,,Back To Black (Deluxe Edition),2006-00-00,43,13,0,38,0,0,-14,G Minor,4,3FAclTFfvUuQYnEsptbK8w,GBUM70604698,1
76,Mr. Rager,Kid Cudi,102,9B,73,2024-04-21,04:54,75,,Man On The Moon II: The Legend Of Mr. Rager,2010-11-09,67,39,88,58,0,10,-9,G Major,4,393MDhe62s8hbH8ETrlxe5,USUM71025042,1
77,Like That,"Future,Metro Boomin,Kendrick Lamar",162,10B,68,2024-05-06,04:27,52,"rap, hip hop, west coast hip hop",WE DON'T TRUST YOU,2024-03-20,81,0,0,28,10,10,-5,D Major,4,5M2KX4eOJLWlPdjV1UPwzS,USSM12402255,1
78,Money Trees,"Kendrick Lamar,Jay Rock",72,9B,53,2024-05-06,06:26,81,"hip hop, west coast hip hop, ","good kid, m.A.A.d city",2012-00-00,72,7,0,34,10,20,-7,G Major,4,74tLlkN3rgVzRqQJgPfink,USUM71210785,1
79,meet the grahams,Kendrick Lamar,75,7B,80,2024-05-06,06:32,69,"hip hop, west coast hip hop",meet the grahams,2024-05-03,48,55,0,60,30,10,-6,F Major,4,4S8PxReB1UiDR2F5x1lyIR,USUG12400909,1
80,All The Stars (with SZA) - From  Black Panther: The Album ,"Kendrick Lamar,SZA",97,4B,63,2024-05-06,03:52,91,"hip hop, west coast hip hop, r&b",Black Panther The Album Music From And Inspired By,2018-02-09,70,6,0,56,0,0,-5,G#/A♭ Major,4,3GCdLUSnKSMJhs4Tj6CV3s,USUM71713947,2
81,HUMBLE.,Kendrick Lamar,150,12A,62,2024-05-06,02:57,85,"hip hop, west coast hip hop",DAMN.,2017-04-14,91,0,0,42,10,10,-7,C♯/D♭ Minor,4,7KXjTSCq5nL1LoYtL7XAwS,USUM71703085,1
82,PRIDE.,Kendrick Lamar,139,9A,54,2024-05-06,04:35,82,"hip hop, west coast hip hop",DAMN.,2017-04-14,67,8,0,37,0,10,-7,E Minor,4,6IZvVAP7VPPnsGX6bvgkqg,USUM71703084,3
83,Swimming Pools (Drank),Kendrick Lamar,74,4B,45,2024-05-06,04:07,83,"hip hop, west coast hip hop",Swimming Pools (Drank),2012-01-01,69,1,0,20,20,0,-6,G#/A♭ Major,4,6REbwUNlppTfcnV4d4ZoZi,USUM71207642,1
84,MILLION DOLLAR BABY,Tommy Richman,138,12A,70,2024-05-06,02:35,11,,MILLION DOLLAR BABY,2024-04-26,85,10,0,93,0,0,-5,C♯/D♭ Minor,4,7fzHQizxTqy8wTXwlrgPQQ,QM24S2402528,1
85,Coming Down,The Weeknd,121,7A,61,2024-05-06,04:55,69,,Trilogy,2012-11-13,67,48,0,25,0,10,-5,D Minor,4,3PsS445MHcmtroGTstfTbm,USUM71212074,2
86,Cigarette Daydreams,Cage The Elephant,114,10B,68,2024-05-06,03:28,76,,Melophobia,2013-10-08,64,8,0,27,0,0,-3,D Major,4,6jHvX8ZnHKC1PnrPMJ0Emt,USRC11301169,1
87,One Night Only,Sonder,120,12B,40,2024-05-06,03:15,78,"dark r&b, r&b",One Night Only,2018-02-09,87,26,0,76,0,10,-6,E Major,4,74fQgHleHZ4V7Gm1XYcGkj,QM24S1801024,1
88,Love Me,"Lil Wayne,Drake,Future",125,1B,63,2024-05-06,04:15,87,"rap, hip hop",I Am Not A Human Being II (Deluxe),2013-01-01,67,1,0,50,0,0,-6,B Major,4,2XHzzp1j4IfTNp1FTn7YFg,USCM51300001,1
89,Army Dreamers,Kate Bush,144,9A,7,2024-05-10,02:58,72,"art pop, baroque pop, art rock",Never for Ever,1980-09-08,68,74,0,32,0,0,-22,E Minor,3,6OmdWLjlx4BIDGEO8BZlqH,GBAYE8000334,2
90,Swim,Chase Atlantic,120,4B,54,2024-06-12,03:48,86,,Chase Atlantic,2017-10-04,67,27,0,8,0,0,-6,G#/A♭ Major,4,3M0lSi5WW79CXQamgSBIjx,USWB11701711,2
91,Why'd You Only Call Me When You're High?,Arctic Monkeys,92,10B,63,2024-05-11,02:41,87,"indie, garage rock",AM,2013-09-09,69,5,0,80,0,10,-6,D Major,4,086myS9r57YsLbJpU0TgK9,GBCEL1300370,1
92,Do I Wanna Know?,Arctic Monkeys,85,7B,53,2024-05-14,04:32,89,"indie, garage rock",AM,2013-09-09,55,19,0,41,0,20,-8,F Major,4,5FVd6KXrgO9B3JPmC8OPst,GBCEL1300362,1
93,Snap Out Of It,Arctic Monkeys,130,4A,64,2024-05-14,03:13,81,"indie, garage rock",AM,2013-09-09,73,25,0,87,0,10,-6,F Minor,4,0NdTUS4UiNYCNn5FgVqKQY,GBCEL1300371,2
94,Attention,Charlie Puth,100,2A,61,2024-05-16,03:28,88,soft pop,Voicenotes,2018-05-11,78,11,0,80,0,10,-5,D#/E♭ Minor,4,5cF0dROlMOK5uNZtivgu50,USAT21700928,1
95,How Long,Charlie Puth,110,12A,56,2024-05-16,03:20,79,soft pop,Voicenotes,2018-05-11,85,21,0,81,0,0,-5,C♯/D♭ Minor,4,6wmAHw1szh5RCKSRjiXhPe,USAT21702278,1
96,Sweater Weather,The Neighbourhood,124,6B,81,2024-05-19,04:00,93,,I Love You.,2013-04-22,61,5,2,40,0,10,-3,A#/B♭ Major,4,2QjOHCTQ1Jl3zawyYOpxh6,USSM11300080,2
97,Consume (feat. Goon Des Garcons),"Chase Atlantic,GOON DES GARCONS*",146,8A,71,2024-05-19,04:27,78,,Chase Atlantic,2017-10-04,56,7,0,43,10,20,-5,A Minor,4,0X2bh8NVQ8svDQIn2AdCbW,USWB11701710,1
98,Art Deco,Lana Del Rey,148,10A,46,2024-05-20,04:55,80,,Honeymoon,2015-09-18,28,54,22,6,0,10,-11,B Minor,5,5jqNQZBwbZWQXPWfo0ygZF,GBUM71503925,2
99,Cardigan,Don Toliver,142,9A,50,2024-05-23,02:38,77,,Heaven Or Hell,2020-03-13,75,25,0,7,0,10,-7,E Minor,4,0Li1OuXXfi7950ilZUFGkF,USAT22000786,1
100,Too Sweet,Hozier,117,6B,62,2024-05-25,04:11,9,,Unreal Unearth: Unheard,2024-03-22,74,3,0,93,0,0,-6,A#/B♭ Major,4,5Z0UnEtpLDQyYlWwgi8m9C,IEACJ2300335,3
101,Falling Down - Bonus Track,"Lil Peep,XXXTENTACION",120,9A,57,2024-05-28,03:16,85,"emo rap, cloud rap","Come Over When You're Sober, Pt. 2",2018-11-09,67,2,0,27,0,10,-6,E Minor,4,4jvjzW7Hm0yK4LvvE0Paz9,USQX91802294,1
102,Telephones,Vacations,75,10B,45,2024-06-02,03:32,82,,Changes,2018-00-00,53,0,3,18,0,10,-9,D Major,4,0JIMT9gzLIIz0esKLyjbKf,SEYOK1814657,1
103,Mr. Loverman,Ricky Montgomery,130,8B,53,2024-06-02,03:36,81,,Montgomery Ricky,2016-04-01,64,25,0,49,0,20,-7,C Major,3,2IVsRhKrx8hlQBOWy4qebo,USA2P1624702,1
104,Stressed Out,Twenty One Pilots,170,9A,64,2024-06-08,03:22,88,,Blurryface,2015-05-15,73,5,0,65,10,0,-6,E Minor,4,3CRDbSIZ4r5MsZ0YwxuEkn,USAT21500597,1
105,Cool for the Summer,Demi Lovato,114,4A,61,2024-06-08,03:34,85,,Confident,2015-01-01,58,0,0,34,0,10,-6,F Minor,4,3uwnnTQcHM1rDqSfA4gQNz,USHR11536621,2
106,The Walls,Chase Atlantic,144,5A,70,2024-06-11,03:49,76,,Chase Atlantic,2017-10-04,36,33,0,23,0,10,-7,C Minor,4,5pXui9rkf5W90DgZobuDiK,USWB11701708,1
107,Swim,Chase Atlantic,120,4B,54,2024-06-12,03:48,86,,Chase Atlantic,2017-10-04,67,27,0,8,0,0,-6,G#/A♭ Major,4,3M0lSi5WW79CXQamgSBIjx,USWB11701711,2
108,Shameless,Camila Cabello,130,9A,65,2024-06-16,03:39,83,,Romance,2019-12-06,38,2,0,9,0,10,-5,E Minor,4,2ogKhhoMClkFXek7ZgxAhN,USSM11905431,1
109,Apocalypse,Cigarettes After Sex,94,7B,47,2024-06-16,04:50,11,dream pop,Cigarettes After Sex,2017-06-09,37,2,57,18,0,10,-9,F Major,4,0yc6Gst2xkRu0eMLeRMGCX,USBQU1700034,4
110,Favorite,Isabel LaRosa,97,3A,65,2024-06-26,02:13,73,,Favorite,2024-03-29,73,0,0,63,0,0,-5,A#/B♭ Minor,4,3QJsSWa0Xo8MfaRn1gr4Be,USRC12400507,1
111,Houdini,Eminem,127,8A,89,2024-06-26,03:47,76,"rap, hip hop",Houdini,2024-05-31,94,3,0,89,0,0,-3,A Minor,4,2HYFX63wP3otVIvopRS99Z,USUG12403398,1
112,Supermassive Black Hole,Muse,120,9B,92,2024-06-26,03:32,84,"alternative rock, rock",Black Holes and Revelations,2006-06-28,67,5,1,78,0,0,-4,G Major,4,3lPr8ghNDBLc2uZovNyLs9,GBAHT0500593,1
113,Say It,Tory Lanez,107,10A,53,2024-06-28,03:57,80,,I Told You,2016-08-19,55,9,0,25,0,10,-11,B Minor,4,2Gyc6e2cLxA5hoX1NOvYnU,USUM71510633,1
114,Heartburn,Wafia,131,3B,35,2024-06-28,03:26,0,,Heartburn,2015-10-23,51,59,0,52,10,10,-11,C♯/D♭ Major,5,3tjfbu0G0PPy8UjhxfxVIe,AUFF01500752,2
115,On My Own,Darci,130,12B,59,2024-06-29,02:51,71,dark r&b,On My Own,2018-05-09,77,3,0,58,0,0,-6,E Major,4,0F4FejjWi3bf5vGOkuQwPS,QM24S1808865,1
116,Streets,Doja Cat,90,1B,46,2024-06-30,03:46,85,,Hot Pink,2019-11-07,75,21,4,19,0,30,-8,B Major,4,60ynsPSSKe6O3sfwRnIBRf,USRC11903460,1
117,Яд,Erika Lundmoen,75,8B,60,2024-06-30,03:36,72,,Источник,2019-04-26,55,3,1,21,0,10,-6,C Major,4,59vIllaE2ottAAAtAiAuLt,RUA0G1800549,1
118,Dangerous Woman,Ariana Grande,134,9A,60,2024-06-30,03:55,81,pop,Dangerous Woman,2016-04-01,66,5,0,29,0,30,-5,E Minor,3,3nef5W8jTkXrOKgCu4kmq7,USUM71601826,2
119,Right Here,Chase Atlantic,160,2B,59,2024-06-30,03:55,73,,Part One,2017-01-27,35,1,0,22,0,10,-6,F#/G♭ Major,4,2KtS31kaWNHs12Q5B43Ixh,USWB11602564,1
120,Needed Me,Rihanna,111,4A,32,2024-07-01,03:11,84,,ANTI (Deluxe),2016-01-28,70,11,0,30,20,0,-8,F Minor,4,4pAl7FkDMNBsjykPXo91B3,QM5FT1600118,1
121,I See Red,Everybody Loves an Outlaw,157,9A,45,2024-07-01,03:50,77,,I See Red,2018-10-31,51,1,1,22,0,20,-8,E Minor,3,5MAK1nd8R6PWnle1Q1WJvh,USQX92003330,1
122,Woo,Rihanna,115,11B,47,2024-07-02,03:55,75,,ANTI (Deluxe),2016-01-28,42,5,0,19,0,30,-5,A Major,4,3HQcsqRjRdruUjkbDSgmVF,QM5FT1600117,1
123,Suffocation - Slowed,noturgf,103,3A,66,2024-07-03,01:04,2,,Suffocation (Slowed),2023-03-27,56,0,14,51,0,20,-6,A#/B♭ Minor,4,15uq77MdhAjrnBuumngIsz,GX8LD2394853,1
124,Meddle About,Chase Atlantic,160,9A,80,2024-07-03,03:23,79,,Meddle About,2014-12-25,38,0,1,37,0,30,-6,E Minor,4,5fVl28RgREvxVtGSf9OsbK,GBMA21404437,1
125,Unforgettable,"French Montana,Swae Lee",98,2B,77,2024-07-03,03:53,89,,Jungle Rules,2017-07-14,73,3,1,73,10,10,-5,F#/G♭ Major,4,3B54sVLJ402zGa6Xm4YGNe,USSM11703478,1
126,We Don't Talk Anymore (feat. Selena Gomez),"Charlie Puth,Selena Gomez",100,12A,56,2024-07-03,03:37,85,"soft pop, ",Nine Track Mind (Special Edition),2015-11-05,73,62,0,35,10,10,-8,C♯/D♭ Minor,4,54PbBpquVfhfrwRwvjSXbI,USAT21502909,1
127,Heartburn,Wafia,132,3B,35,2024-07-03,03:26,72,,Heartburn,2015-10-23,53,60,0,52,10,10,-11,C♯/D♭ Major,5,5z0q8ZJx9TFLXzspcOvWBC,AUFF01500752,2
128,I Put A Spell On You (Fifty Shades of Grey) - From  Fifty Shades Of Grey  Soundtrack,Annie Lennox,174,7A,38,2024-07-03,03:30,64,synthpop,Fifty Shades Of Grey (Original Motion Picture Soundtrack),2015-02-09,56,28,0,36,0,10,-8,D Minor,3,32YHCNItnCdiYaPbw0uTo8,USUG11500006,1
129,Okay,Chase Atlantic,130,8B,82,2024-07-03,03:32,69,,Chase Atlantic,2017-10-04,61,11,0,43,10,10,-7,C Major,4,492PZFHvGTm3RZZYeeUVWT,USWB11701714,1
130,make you mine,Madison Beer,123,11A,64,2024-07-03,03:41,76,,make you mine,2024-02-09,53,22,1,49,0,20,-6,F#/G♭ Minor,4,48vIfHaK7by6x0T6ucpODL,USSM12400758,1
131,NIGHTS LIKE THIS,The Kid LAROI,143,2B,76,2024-07-04,01:26,85,,THE FIRST TIME,2023-11-10,48,1,0,12,0,10,-5,F#/G♭ Major,4,1XBYiRV30ykHw5f4wm6qEn,USSM12308065,1
132,Millions,Always Never,125,10B,44,2024-07-04,03:58,44,"dark r&b, trap soul",Always Never,2018-08-24,63,35,0,4,0,10,-7,D Major,4,2wURhZBabqEhQY0lnjPCT8,QM24S1800217,1
133,I Smoked Away My Brain (I'm God x Demons Mashup) (feat. Imogen Heap & Clams Casino),"A$AP Rocky,Imogen Heap,Clams Casino",142,10B,65,2024-07-04,03:10,81,"rap, cloud rap",I Smoked Away My Brain (I'm God x Demons Mashup) (feat. Imogen Heap & Clams Casino),2023-08-18,47,8,0,10,0,10,-10,D Major,4,3ZaEs1O8BG581qYPHpQ8d6,USRC12302098,1
134,Stay,Ari Abdul,103,4A,58,2024-07-06,02:52,59,dark r&b,Stay,2022-04-29,50,35,0,23,0,10,-5,F Minor,4,4WNrx9GTx4RvdnxR6qVysR,USRC12201439,1
135,Me and Your Mama,Childish Gambino,118,7B,44,2024-07-07,06:19,4,," Awaken, My Love! ",2016-12-02,55,1,3,24,0,0,-12,F Major,3,4AFsRbaLKRWo3dDtjDFA2V,USYAH1600102,2
136,Play with Fire (feat. Yacht Money),"Sam Tinnesz,Yacht Money",75,7A,54,2024-07-07,03:00,74,,Play with Fire (feat. Yacht Money),2017-07-07,57,2,0,39,0,10,-6,D Minor,4,7vguMCv8uVuZLiQJ156u3Z,TCADC1794515,1
137,Renegade,Aaryan Shah,103,8A,56,2024-07-07,03:42,0,dark r&b,Renegade,2018-03-02,38,52,38,19,0,30,-10,A Minor,4,3yWF3DqFBNLvf7s4C7mKUm,TCADM1875890,1
138,GIRLS,The Kid LAROI,101,6A,73,2024-07-09,02:32,65,,GIRLS,2024-06-28,73,4,0,80,0,30,-3,G Minor,4,7z3PblAN3dH1JMewiRydkZ,USSM12402296,1
139,Move,"Adam Port,Stryv,Keinemusik,Orso,Malachiii",120,1A,78,2024-07-09,02:57,84,"afro house, house, melodic house, afro tech",Move,2024-06-07,73,6,34,66,0,20,-9,G#/A♭ Minor,4,1BJJbSX6muJVF2AK7uH1x4,DEEC33501508,1
140,Everlong,Foo Fighters,158,10A,88,2024-09-20,04:10,87,"rock, post-grunge, alternative rock, grunge",The Colour And The Shape,1997-05-20,41,0,0,36,0,0,-6,B Minor,4,5UWwZ5lm5PKu6eKsHAGxOk,USRW29600011,1
141,Chk Chk Boom,Stray Kids,102,10B,74,2024-09-21,02:28,80,"k-pop, noise music",ATE,2024-07-19,93,17,0,84,10,0,-3,D Major,4,09keT5ocFhEd5W5HidiUNq,US5TA2400140,2
142,CRAZY,LE SSERAFIM,130,10A,90,2024-09-21,02:44,78,k-pop,CRAZY (Party Remixes 1),2024-09-02,80,1,0,53,10,10,-2,B Minor,4,4gxEY3Mh5FZZDAJAKPNrCS,USA2P2449061,1
143,Rockstar,LISA,140,4B,63,2024-09-21,02:18,76,k-pop,Rockstar,2024-06-27,67,13,0,57,0,0,-5,G#/A♭ Major,4,6vvPecFTmWxDfEJ6cYT1wa,USRC12401857,1
144,EASY,LE SSERAFIM,165,8B,70,2024-09-28,02:44,73,k-pop,EASY,2024-02-19,74,19,0,60,0,10,-5,C Major,4,2O4Bb2WCkjlTPO827OnBMI,USA2P2402101,1
145,Sudden Shower,ECLIPSE,133,8B,51,2024-10-02,03:53,71,"k-ballad, soundtrack","Lovely Runner, Pt. 1 (Original Soundtrack)",2024-04-08,47,59,0,22,0,10,-6,C Major,4,1OhIn0L6iofnk5bjalWfHq,KRA492400564,1
146,Trendsetter,"Connor Price,Haviah Mighty",95,4A,58,2024-10-18,02:22,60,,Trendsetter,2023-11-03,86,1,0,85,10,0,-6,F Minor,4,09VW2o6EHSWwzCdhW4ARU1,QZTBA2329254,1
147,Montreal,The Weeknd,184,6A,78,2024-10-26,04:10,61,,Echoes Of Silence (Original),2011-12-21,54,6,0,17,10,60,-4,G Minor,4,0UGdO687azruy9tFlCxO6F,USUM72121525,1
148,House of Cards (Full Length Edition),BTS,105,7A,67,2024-11-10,03:46,72,k-pop,The Most Beautiful Moment in Life: Young Forever,2016-05-02,37,34,0,38,0,10,-4,D Minor,4,6S2gYweMmT6xygVh5q3QLa,KRA381600807,1
149,No Doubt,ENHYPEN,130,1A,46,2024-11-11,02:47,76,k-pop,ROMANCE : UNTOLD -daydream-,2024-11-11,84,11,0,52,0,0,-7,G#/A♭ Minor,4,44hqFxUWsADWewEJELnncj,USA2P2464138,2
150,Daydream,ENHYPEN,105,10A,68,2024-11-11,02:00,67,k-pop,ROMANCE : UNTOLD -daydream-,2024-11-11,95,0,0,66,20,20,-9,B Minor,4,4lwTKer57RtonkWsEi2pVn,USA2P2464137,1
151,Love Me Harder,"Ariana Grande,The Weeknd",99,12A,71,2026-02-12,03:56,87,"pop, ",My Everything (Deluxe),2014-08-22,49,1,0,24,0,0,-4,C♯/D♭ Minor,4,5J4ZkQpzMUFojo1CtAZYpn,USUM71409728,2
152,Fantasy,Bazzi,144,4A,67,2024-12-08,02:28,70,,COSMIC,2018-04-12,70,15,0,31,0,30,-4,F Minor,4,1i36kkhmhBxf4lYJscg5zK,USAT21801529,1
153,"not a lot, just forever",Adrianne Lenker,92,3B,27,2024-12-10,04:10,79,,songs,2020-10-23,35,89,0,30,0,0,-13,C♯/D♭ Major,4,11hEwcy9LMEvzAlOYAFhkK,GBAFL2000258,2
154,P*RNSTAR,Nessa Barrett,100,11B,82,2024-12-26,02:29,74,,AFTERCARE,2024-11-15,59,13,1,16,10,30,-5,A Major,4,0IVAYMUDvpzFxIEuGc71SM,USWB12404159,1
155,Slow Down,Chase Atlantic,130,6B,78,2024-12-26,03:32,80,,Paradise - EP,2016-12-20,47,2,0,26,0,20,-5,A#/B♭ Major,4,2VyaGJJI8dOiv36F8vHZIL,AUBEC1933728,2
156,Into It,Chase Atlantic,130,3A,57,2024-12-26,03:16,83,,Chase Atlantic,2017-10-04,52,5,0,29,0,10,-7,A#/B♭ Minor,4,4HwDCXsMBC7SUdp2WT4MZP,USWB11602565,2
157,Moonlight,Chase Atlantic,135,1B,58,2024-12-26,04:12,70,,Paradise - EP,2016-12-20,31,0,0,14,0,10,-6,B Major,4,0laLzrH5PsoA7HpGw2vCVh,AUBEC1933729,1
158,Falling,Chase Atlantic,99,4B,76,2024-12-26,03:43,64,,Paradise - EP,2016-12-20,55,0,0,64,0,10,-6,G#/A♭ Major,4,7kJJcoJmbN0CnsYoT9VDyB,AUBEC1933732,1
159,i'm yours,Isabel LaRosa,111,4A,71,2024-12-26,02:25,77,,i'm yours,2022-10-28,40,20,0,64,0,40,-7,F Minor,4,37vVp2sWHuuIBOSl1NswP6,USRC12203917,1
160,eyes don't lie,Isabel LaRosa,125,1A,77,2024-12-26,02:30,75,,eyes don't lie,2023-07-07,56,2,0,26,10,0,-9,G#/A♭ Minor,4,2GWCZJWundoYi5IloWIgTX,USRC12301495,1
161,bloodline,Ariana Grande,152,7A,67,2024-12-26,03:36,82,pop,"thank u, next",2019-02-08,76,8,0,64,0,20,-5,D Minor,4,2hloaUoRonYssMuqLCBLTX,USUM71900399,1
162,Collide (feat. Tyga),"Justine Skye,Tyga",140,10A,31,2024-12-26,04:20,75,,Dark Side,2023-01-31,42,10,0,13,0,20,-10,B Minor,4,5kY2DRIom6dcVZbQb1SAX8,USAT21403439,2
163,DISCONNECTED,Chase Atlantic,113,5A,47,2024-12-26,04:10,61,,LOST IN HEAVEN,2024-11-01,71,38,0,49,0,10,-6,C Minor,4,2KemQ0cHDFOV2nbMVMC0UG,US5262426975,1
164,DIE FOR ME,Chase Atlantic,130,11A,73,2024-12-26,03:26,65,,LOST IN HEAVEN,2024-11-01,41,9,0,36,10,30,-4,F#/G♭ Minor,4,0BmRj1LXJGPAox0pl3rMbc,US5262426872,1
165,Pretty Boy,Isabel LaRosa,136,3B,90,2024-12-26,02:03,57,,Pretty Boy,2024-08-16,72,1,0,62,0,10,-5,C♯/D♭ Major,4,0gc3meo5sZtNnv19oI0vRM,USRC12402467,1
166,ALWAYS BEEN YOU,Chris Grey,74,1A,56,2024-12-26,02:08,66,dark r&b,THE CASTLE NEVER FALLS,2024-10-18,25,28,0,28,0,20,-7,G#/A♭ Minor,3,60Jn0ge4EIHRecFarOZ5qn,QZZ662327365,1
167,Church,Chase Atlantic,113,4A,82,2025-01-19,03:40,73,,Part One,2017-01-27,56,1,0,29,0,10,-5,F Minor,4,7bbYT48HWWIbL3YKmtMNzn,USWB11602566,2
168,One For The Road,Arctic Monkeys,180,8B,67,2025-02-11,03:26,70,"indie, garage rock",AM,2013-09-09,42,21,6,84,0,20,-7,C Major,4,6wNUBZNWFxdUGof6vkaykE,GBCEL1300364,1
169,Baby Came Home 2 / Valentines,The Neighbourhood,74,7A,50,2025-02-23,06:30,76,,Wiped Out!,2015-10-30,21,7,0,11,0,70,-10,D Minor,4,40gvh6jP5qxMJuMmF9lG9A,USSM11506748,1
170,Gilded Lily,Cults,62,10A,57,2025-03-10,03:32,76,,Offering,2022-10-26,40,47,0,15,0,50,-7,B Minor,4,3Z0qLOS0cqWKPHXkbTXmNF,USQX92206420,1
171,my strange addiction,Billie Eilish,100,1A,31,2025-03-16,02:59,76,,"WHEN WE ALL FALL ASLEEP, WHERE DO WE GO?",2019-03-29,94,35,0,56,30,10,-11,G#/A♭ Minor,4,3Tc57t9l2O8FwQZtQOvPXK,USUM71900769,1
172,No Time To Die,Billie Eilish,71,9A,22,2025-03-16,04:02,77,,No Time To Die,2020-02-13,34,92,1,5,0,0,-13,E Minor,4,73SpzrcaHk0RQPFP73vqVR,USUM72002771,1
173,"i hate u, i love u (feat. olivia o'brien)","gnash,Olivia O'Brien",93,11A,28,2025-03-16,04:11,76,,us,2016-03-25,49,69,0,18,30,10,-13,F#/G♭ Minor,4,7vRriwrloYVaoAe3a9wJHe,USAT21601051,1
174,The Beach,The Neighbourhood,136,7A,64,2025-03-16,04:15,78,,Wiped Out!,2015-10-30,25,13,0,11,0,0,-7,D Minor,4,2u0CelO5c81XS7z3dGpHbS,USSM11506746,1
175,#icanteven (feat. French Montana),"The Neighbourhood,French Montana",112,11A,63,2025-03-22,03:54,65,,#000000 & #FFFFFF (No DJ Version),2014-11-28,36,11,0,15,10,0,-9,F#/G♭ Minor,4,0xSfELjbi6QwmprLDu4Nrx,USSM11409509,1
176,OHMAMI,Chase Atlantic,126,3A,72,2025-03-22,03:46,64,,OHMAMI,2021-06-25,63,5,0,40,10,20,-6,A#/B♭ Minor,4,2zVaxB54fNngkbWs5uZnla,US5262124147,2
177,NUNCA MUDA?,"Scythermane,NXGHT!,MC Fabinho da Osk",130,10A,96,2025-03-29,01:21,44,"phonk, brazilian phonk, funk, funk de bh, brazilian funk, brega funk",NUNCA MUDA?,2025-01-09,89,48,69,9,0,10,-4,B Minor,4,5EIjpM1B1VsLoKvv2iwd0P,SGW502245352,1
178,cross my heart,Artemas,132,4B,46,2025-03-29,02:26,67,,pretty,2024-02-09,81,8,0,23,20,20,-11,G#/A♭ Major,4,1GnTBbaFtxNkHEjUsWEdNu,QZTAZ2311089,1
179,MUSTANG BABY (FT. ARTEMAS),"Nessa Barrett,Artemas",150,8A,86,2025-03-29,03:11,58,,AFTERCARE,2024-11-15,56,13,0,44,20,30,-6,A Minor,4,31rLeplcJIGfbvUBpPa9f7,USWB12404162,1
180,PELIGROSA,FloyyMenor,100,11A,44,2025-04-09,02:14,76,reggaeton chileno,PELIGROSA,2024-07-12,78,32,0,84,0,0,-9,F#/G♭ Minor,4,5PCGEfALcpGtURIuTqvX0R,QZNMT2414551,1
181,southbound,Artemas,97,9B,92,2025-04-09,02:17,70,,southbound / test drive,2025-03-19,57,0,0,57,20,50,-4,G Major,4,4jiwz2tQZo21Z4NQwz4zUt,QZJ842501250,1
182,Take My Breath - Single Version,The Weeknd,121,4B,74,2025-04-12,03:40,56,,Take My Breath,2021-08-05,75,1,0,52,0,10,-6,G#/A♭ Major,4,6M3PsepEj5gyJoIi7Xvr7u,USUG12102076,1
183,Hush,The Marías,93,4A,43,2025-04-13,03:01,71,bedroom pop,CINEMA,2021-06-25,85,7,18,68,0,0,-7,F Minor,4,4zXZ5Mq2L6jnsOsTssgRh8,USAT22100692,1
184,Hush - Still Woozy Remix,"The Marías,Still Woozy",104,3A,55,2025-04-13,03:02,64,bedroom pop,Hush (Still Woozy Remix),2021-09-16,71,40,4,56,0,10,-7,A#/B♭ Minor,4,4dGuRldChjvboZktprNJFM,USAT22104520,1
185,Where's My Love,SYML,104,5A,36,2025-04-15,03:22,79,,SYML,2019-05-03,60,87,3,37,0,10,-10,C Minor,4,1B62o4CbdL9ckGvwsz2cgn,CAN111700009,2
186,Doubt (demo),Twenty One Pilots,123,7A,91,2025-04-14,02:57,69,,Doubt (demo),2025-04-09,72,23,0,54,0,30,-2,D Minor,4,0vsW1vAlNYiy9Y5briGT8Y,USAT22502775,1
187,undressed,sombr,116,8B,89,2025-04-14,03:02,81,,undressed,2025-03-21,64,14,0,89,0,0,-4,C Major,4,4AajxCEwGEsmHmT4H1TwjY,USWB12500737,1
188,back to friends,sombr,93,3B,72,2025-04-14,03:19,91,,back to friends,2024-12-27,44,0,0,24,0,0,-2,C♯/D♭ Major,4,0FTmksd2dxiE5e3rWyJXs6,USWB12405502,3
189,Ordinary,Alex Warren,112,10B,68,2025-04-14,03:06,89,,Ordinary,2025-02-07,45,74,0,38,0,0,-6,D Major,4,6qqrTXSdwiJaq8SO0X2lSe,USAT22500463,3
190,two,bbno$,128,3B,88,2025-04-14,02:15,72,,two,2024-10-04,86,1,0,88,0,30,-5,C♯/D♭ Major,4,6DRZmJa38MaMNthwG3fCBD,QM24S2405396,1
191,Heaven - From  Fifty Shades Freed  Soundtrack,Julia Michaels,200,6A,37,2025-04-15,03:11,65,,Amethyst,2023-08-15,55,86,0,25,0,0,-9,G Minor,3,6eJ2rRy68QOduhNLW3M1Yy,USQ4E1703344,1
192,watch,Billie Eilish,165,8B,60,2025-04-15,02:57,80,,dont smile at me,2017-12-22,44,33,0,35,20,10,-9,C Major,4,7eB1V5LvAdxCc7brfGhRRo,USUM71706941,1
193,idfc,blackbear,145,9A,42,2025-04-15,03:27,70,,dead,2015-06-02,72,8,0,46,0,10,-9,E Minor,4,3SErMoIKdRELto2OspGs5L,USLD90811103,2
194,Stay,The Hails,127,11B,72,2025-04-17,02:39,57,,What's Your Motive (Deluxe),2024-02-01,67,0,0,66,0,10,-4,A Major,4,4ABxROGzabee4HvqzH8sSn,SE5VF1800657,1
195,No. 1 Party Anthem,Arctic Monkeys,115,8B,70,2025-04-18,04:03,87,"indie, garage rock",AM,2013-09-09,51,33,9,60,0,10,-6,C Major,4,5TTGoX70AFrTvuEtqHK37S,GBCEL1300367,2
196,As the World Caves In,Matt Maltese,124,6B,45,2025-04-18,03:38,73,,Bad Contestant,2018-06-08,33,37,0,18,0,20,-5,A#/B♭ Major,4,3NM41PVVUr0ceootKAtkAj,GBAHS1700229,1
197,Tek It,Cafuné,147,4B,91,2025-04-18,03:11,83,,Running,2021-07-20,42,0,0,60,0,20,-5,G#/A♭ Major,4,751srcHf5tUqcEa9pRCQwP,QM24S1926168,1
198,You Are the Right One,Sports,100,9A,59,2025-04-18,02:52,78,,Naked All the Time,2015-07-24,66,16,85,85,0,60,-8,E Minor,4,2qpacEyFxmbxCpIEqZkqvC,QMAAK1594503,1
199,SWEAT,ZEROBASEONE,119,3A,89,2025-04-18,03:11,53,k-pop,SWEAT,2024-04-24,73,20,0,76,0,0,-3,A#/B♭ Minor,4,3BzjdhbQH8VlQ81RbvRoV8,KRA492400512,1
200,Stargazing,The Neighbourhood,160,8B,48,2025-04-19,03:37,71,,Chip Chrome & The Mono-Tones (Deluxe),2020-12-11,51,0,0,37,0,10,-8,C Major,4,0VF7YLIxSQKyNiFL3X6MmN,USSM12006844,1
201,100!,ONE PACT,115,4A,86,2025-04-19,03:13,42,k-pop,PINK CRUSH,2025-02-14,70,12,0,64,0,30,-4,F Minor,4,2Zd5mKEDcw4I5ykv5ZQGyZ,KRMIM2506047,1
202,Pop,*NSYNC,120,1B,86,2025-04-21,03:58,61,,Celebrity,2001-07-23,71,3,0,92,10,10,-7,B Major,4,0Jc8qF1mUPo1A96HE9QxZz,USJI10100205,1
203,Still a Little Something,Mulaa Joans,57,2A,42,2025-04-26,02:30,31,,Still a Little Something,2025-03-24,57,86,0,30,0,10,-5,D#/E♭ Minor,4,2l4yeEmCYXA0zQ2tQeqUKl,UK8E21961028,1
204,Billie Bossa Nova x West Coast,Lewis Hanton,100,11A,43,2025-05-12,04:16,43,,Billie Bossa Nova x West Coast,2023-05-15,44,38,56,40,0,0,-10,F#/G♭ Minor,4,6byrWFaS4NYh0JzytmnjKF,QZK6L2301763,1
205,Mirrors,Justin Timberlake,77,4A,51,2025-05-15,08:05,86,,The 20/20 Experience (Deluxe Version),2013-03-15,57,23,0,51,0,0,-7,F Minor,4,4rHZZAmHpZrA3iH5zx8frV,USRC11300059,1
206,Bleed (feat. Omar Apollo),"Malcolm Todd,Omar Apollo",124,8A,57,2025-05-16,02:59,67,bedroom pop,Bleed (feat. Omar Apollo),2025-02-28,73,0,0,51,0,40,-7,A Minor,4,5p3ckKoVpUi51ByUmA1vfT,USSM12500663,1
207,Right My Wrongs,Bryson Tiller,133,3B,45,2025-05-19,04:09,80,"trap soul, r&b",T R A P S O U L,2015-10-02,54,35,0,29,0,10,-8,C♯/D♭ Major,4,5rgrBsAFYMun6yhtnLKRPz,USRC11502201,1
208,Forever Ever (feat. Young Thug & Reese LAFLARE),"Trippie Redd,Reese LAFLARE,Young Thug",90,5A,42,2025-05-19,03:57,80,"melodic rap, rap, trap",LIFE'S A TRIP,2018-08-10,69,40,0,39,0,10,-10,C Minor,4,4bnq2OQUwACkp2vCEbY52g,QMEU31815209,1
209,Flatline,Justin Bieber,122,9A,67,2025-05-19,03:39,83,,Journals,2014-05-13,34,48,0,36,0,10,-6,E Minor,4,2GBgiuXwY1KzJMA0gSAr9J,USUM71320144,1
210,No Idea,Don Toliver,128,11A,63,2025-05-19,02:34,83,,Heaven Or Hell,2020-03-13,65,52,0,35,0,10,-6,F#/G♭ Minor,4,7AzlLxHn24DxjgQX73F9fU,USAT21903300,1
211,Suave,"El Alfa,Chael Produciendo",120,10A,84,2025-05-22,03:31,67,"dembow, urbano latino, latin, dembow belico",Suave,2017-12-18,85,16,54,40,0,20,-4,B Minor,4,1n9oyF3gpxlbp1zuGdY9J5,QM6P42597423,1
212,Don't,Bryson Tiller,97,10A,36,2025-05-24,03:18,84,"trap soul, r&b",T R A P S O U L,2015-10-02,77,22,0,19,20,10,-6,B Minor,4,3pXF1nA74528Edde4of9CC,USRC11501051,1
213,Let Me Love You,"Ariana Grande,Lil Wayne",103,10B,44,2025-05-24,03:43,74,"pop, rap, hip hop",Dangerous Woman,2016-04-01,53,3,0,8,10,20,-8,D Major,3,59NC8SuXPiSaiYL69XQ4dt,USUM71601828,1
214,Cinnamon Girl,Lana Del Rey,92,11A,34,2025-05-25,05:00,89,,Norman Fucking Rockwell!,2019-08-30,29,81,41,14,0,10,-11,F#/G♭ Minor,5,2mdEsXPu8ZmkHRRtAdC09e,GBUM71903147,1
215,Constellations,Jade LeMac,75,3B,66,2025-05-25,03:20,73,,Constellations,2023-02-10,58,22,0,16,0,0,-7,C♯/D♭ Major,4,6XZFPFanJb6RKGvuAAv3g8,TCAFR2121057,1
216,rises the moon,Liana Flores,137,4A,13,2025-05-30,02:41,82,,recently,2019-04-10,48,95,14,20,0,10,-20,F Minor,3,51Grh1RyUDcMBbpuyUIUHI,QZDA61986777,1
217,Nobody,Mitski,117,8B,72,2025-05-30,03:13,76,,Be the Cowboy,2018-08-17,40,7,0,49,0,0,-5,C Major,4,2P5yIMu2DNeMXTyOANKS6k,USJ5G1815009,1
218,The Exit,Conan Gray,82,8B,42,2025-05-31,03:41,72,,Superache,2022-06-24,58,61,0,45,0,0,-10,C Major,4,6PDWMQJ55ZYrGrSx3EZzl4,USUM72204112,1
219,Are You Satisfied?,MARINA,124,8B,73,2025-05-31,03:21,66,,The Family Jewels,2009-07-15,67,32,0,80,0,0,-5,C Major,4,411Hvulc0PrGQLOHljTYed,GBFFS0900114,6
220,Romantic Homicide,d4vd,132,2B,54,2025-06-02,02:12,85,,Romantic Homicide,2022-07-20,57,45,1,22,0,30,-11,F#/G♭ Major,4,1xK59OXxi2TAAAbmZK0kBL,QZMEM2232831,2
221,After Party,Don Toliver,163,7B,69,2025-06-04,02:47,76,,Heaven Or Hell,2020-03-13,63,1,33,45,0,60,-8,F Major,4,527k23H0A4Q0UJN3vGs0Da,USAT22001223,1
222,En nuit,Videoclub,100,10A,69,2025-06-05,03:43,70,"french indie pop, french pop",Euphories,2021-01-29,64,11,8,36,0,10,-8,B Minor,4,2TnfUjv4rwqskSHCj4NY7b,FR9W11913036,1
223,Fame is a Gun,Addison Rae,138,2A,40,2025-06-06,03:03,78,,Fame is a Gun,2025-05-30,69,17,0,41,0,10,-7,D#/E♭ Minor,4,1c2AFg2WpURtpsOTMr6ZBX,USSM12501572,1
224,No Sense,"Justin Bieber,Travis Scott",134,7A,50,2025-06-07,04:35,75,rap,Purpose (Deluxe),2015-11-13,64,5,0,36,0,10,-7,D Minor,4,5L9WFUodzACitS1TiGm7Mi,USUM71516764,1
225,Oh No!,MARINA,127,8B,90,2025-06-08,03:02,73,,The Family Jewels,2009-07-15,77,5,0,96,0,20,-4,C Major,4,4sNwdacKyi2S26WrRtNama,GBFFS0900127,4
226,THE GREATEST,Billie Eilish,128,9B,19,2025-06-08,04:53,81,,HIT ME HARD AND SOFT,2024-05-17,41,64,0,16,0,20,-11,G Major,4,6TGd66r0nlPaYm3KIoI7ET,USUM72401992,1
227,Fable,Gigi Perez,102,6B,30,2025-06-08,04:21,72,,Fable,2024-10-25,32,42,0,14,0,0,-10,A#/B♭ Major,4,1e0vsza0hIVYv9Mkz542qn,USUG12407607,1
228,What You Need,The Weeknd,134,6A,34,2025-06-08,03:26,73,,House Of Balloons (Original),2011-03-21,64,51,1,6,0,10,-11,G Minor,4,4Yw8TyBm9J8cpy2guHUYog,USUM72104129,1
229,High For This,The Weeknd,75,9A,40,2025-06-08,04:09,68,,House Of Balloons (Original),2011-03-21,47,59,0,10,0,10,-10,E Minor,4,2ye9iWj5V4g6k6HFeTTAKa,USUM72104128,1
230,House Of Balloons / Glass Table Girls,The Weeknd,89,8B,51,2025-06-08,06:47,80,,House Of Balloons (Original),2011-03-21,66,0,0,23,0,20,-8,C Major,4,2r7BPog74oaTG5shNYiUnV,USUM72104130,2
231,The Morning,The Weeknd,120,11A,51,2025-06-08,05:14,78,,House Of Balloons (Original),2011-03-21,68,14,0,19,0,0,-10,F#/G♭ Minor,4,4jBfUB4kQJCWOrjGLQqhO0,USUM72104139,1
232,The Party & The After Party,The Weeknd,102,4A,58,2025-06-08,07:39,79,,House Of Balloons (Original),2011-03-21,65,22,0,16,0,0,-10,F Minor,4,0GROiXm03OrMC5ltXLhGIu,USUM72104141,2
233,Coming Down,The Weeknd,121,7A,65,2025-06-08,04:55,79,,House Of Balloons (Original),2011-03-21,69,30,0,34,0,20,-5,D Minor,4,3mHO1J6kfiArjBo1zhLFGP,USUM72104142,2
234,i don't know you anymore,sombr,132,1A,50,2025-06-09,03:47,75,,i don't know you anymore,2023-12-14,36,66,3,17,0,10,-7,G#/A♭ Minor,4,5FCMqNc9fodjQRIXbG7Ld1,USWB12307133,1
235,Into You,Ariana Grande,108,11B,73,2025-06-20,04:04,84,pop,Dangerous Woman,2016-04-01,62,2,0,37,10,10,-6,A Major,4,76FZM38RC8XaAjJ77CVTNe,USUM71601827,1
236,Rockin’,The Weeknd,113,8A,87,2025-07-07,03:52,45,,Starboy (Deluxe),2023-03-14,75,1,0,78,20,0,-7,A Minor,4,3mynPhglTz2Ggh8SxA34kR,USUG11600999,1
237,Bad,Christopher,96,12A,59,2025-08-30,03:11,53,dansk pop,Bad,2018-04-13,76,7,0,68,10,50,-7,C♯/D♭ Minor,4,6L2TOTO0JjlVuKBnIuWcVY,DKAZA1800026,2
238,Bloodsucker,Cil,132,7A,77,2025-09-07,02:37,65,,Bloodsucker,2023-10-27,43,31,0,48,0,40,-3,D Minor,4,3Vjz4qxSB8k2UGjJPR6JGd,USWB12306363,1
239,Timeless (feat Playboi Carti),"The Weeknd,Playboi Carti",120,10A,78,2025-09-10,04:16,90,rage rap,Hurry Up Tomorrow,2025-01-31,77,7,0,60,0,10,-5,B Minor,4,0FIDCNYYjNvPVimz5icugS,USUG12406536,1
240,Six Feet Under,The Weeknd,140,11A,50,2025-09-16,03:57,67,,Starboy,2016-11-25,77,13,0,24,0,10,-8,F#/G♭ Minor,4,4mU5iXHeLgbR94siF7p1sY,USUG11601004,1
241,Might Not,"Belly,The Weeknd",134,3B,56,2025-09-16,03:44,64,,Up For Days,2015-11-20,79,32,0,32,0,10,-5,C♯/D♭ Major,4,5e9aFSdnkQUrm5y8Dhw0qN,CACA61500009,1
242,Daddy Issues,The Neighbourhood,85,6B,52,2025-11-08,04:20,86,,Wiped Out!,2015-10-30,59,7,15,34,0,10,-9,A#/B♭ Major,4,5E30LdtzQTGqRvNd7l6kG5,USSM11506747,2
243,Softcore,The Neighbourhood,94,8A,57,2025-11-08,03:26,87,,Hard To Imagine The Neighbourhood Ever Changing,2018-11-02,57,5,0,37,0,20,-6,A Minor,4,2K7xn816oNHJZ0aVqdQsha,USSM11800523,1
244,Private,The Neighbourhood,124,7A,58,2025-11-08,03:49,65,,Private,2025-10-23,73,1,73,44,0,0,-6,D Minor,4,1735xgk2J8CHCGY2LS1HM6,USWB12503647,1
245,Leather Weather,The Neighbourhood,141,8B,71,2025-11-08,02:56,62,,Wiped Out! (10th Anniversary Edition),2015-10-31,49,0,0,55,0,10,-6,C Major,4,4a9axdtH9qFx0nMiKjwChd,USSM12504073,1
246,Cinnamon,The Neighbourhood,87,5B,61,2025-11-08,03:27,54,,Wiped Out! (10th Anniversary Edition),2015-10-31,47,1,0,4,0,30,-7,D#/E♭ Major,4,7HNVTbfyLcwDskK0Rp2ZZ6,USSM12504076,1
247,Honey Baby,Henry Morris,126,2B,59,2025-11-08,02:07,60,,"Late Bloomer, Early Death",2025-10-24,70,2,35,39,0,40,-7,F#/G♭ Major,4,1quXL570qcPiZDX2X3fYFr,QZTPX2566420,1
248,Obsolete,Tame Impala,104,1A,83,2025-11-08,04:23,68,"neo-psychedelic, indie",Deadbeat,2025-10-17,76,33,0,92,0,10,-3,G#/A♭ Minor,4,0On1SxfkvTOfzvjVgFLK7V,USQX92504228,1
249,Church Bells,Henry Morris,104,11A,67,2025-11-08,03:21,62,,"Late Bloomer, Early Death",2025-10-24,37,47,0,18,0,0,-5,F#/G♭ Minor,4,5F4W8jsy2jpuskS3yler30,QZNJY2518106,1
250,Angel,"Massive Attack,Horace Andy",107,9B,31,2025-11-23,06:19,81,"trip hop, downtempo, roots reggae, dub, reggae, rocksteady, lovers rock, ragga",Mezzanine,1998-01-01,71,2,81,7,0,0,-11,G Major,4,7uv632EkfwYhXoqf8rhYrg,GBAAA9800327,1
251,Poison,Brent Faiyaz,117,7A,39,2025-11-23,03:32,77,r&b,Poison,2016-08-03,69,71,0,38,0,0,-10,D Minor,3,5NijSs5dAwaIybq1GaRTIe,TCACQ1663630,1
252,Best Time,Brent Faiyaz,93,11B,31,2025-11-23,01:22,77,r&b,Larger Than Life,2023-10-27,81,16,0,70,10,0,-7,A Major,4,1zgHn1EqUyA0HqNYMdJ5ia,QZNMY2304784,1
253,Been Away,Brent Faiyaz,133,4B,50,2025-11-30,03:43,78,r&b,Fuck The World,2020-02-07,60,48,0,40,30,30,-9,G#/A♭ Major,4,5PvVkf1Yuq3XyMqqjPiKPd,QM24S1926721,1
254,Cherry Flavoured,The Neighbourhood,92,2B,57,2025-12-03,03:28,70,,Chip Chrome & The Mono-Tones,2020-09-25,62,23,1,40,0,10,-10,F#/G♭ Major,4,40iocOzytrqaRn5RbGPDNp,USSM12003783,1
255,Prey,The Neighbourhood,115,8A,78,2025-12-03,04:42,68,,Wiped Out!,2015-10-30,52,3,0,20,0,0,-5,A Minor,4,38kjFXYgPvtuXCPbHPMGte,USSM11506743,1
256,Compass,The Neighbourhood,110,4A,82,2025-12-03,02:47,70,,Hard To Imagine The Neighbourhood Ever Changing,2018-11-02,70,24,32,67,0,60,-5,F Minor,4,0YNtAadZvKBBEFARtfoCV8,USSM11709910,1
257,Flawless,The Neighbourhood,120,8B,87,2025-12-03,04:06,71,,I Love You.,2013-04-22,57,6,51,37,0,30,-3,C Major,4,2Kt1XplPBQBsDKQDa6TssB,USSM11300895,1
258,R.I.P. 2 My Youth,The Neighbourhood,94,6A,69,2025-12-03,03:25,69,,Wiped Out!,2015-10-30,35,0,0,18,0,10,-6,G Minor,4,07VBqWH6NG8L2ad3l84UKk,USSM11506390,1
259,A Little Death,The Neighbourhood,88,11A,76,2025-12-03,03:29,72,,"Thank You,",2012-12-18,53,0,0,34,0,10,-5,F#/G♭ Minor,4,0Ot6e3wYVQQ1Us9PM977jE,USSM11206332,2
260,Afraid,The Neighbourhood,84,11A,70,2025-12-03,04:11,80,,I Love You.,2013-04-22,46,1,31,36,0,30,-6,F#/G♭ Minor,4,7brQHA2CgQpcMBiOlfiXYb,USSM11300889,1
261,W.D.Y.W.F.M?,The Neighbourhood,124,1A,85,2025-12-03,04:19,69,,I Love You.,2013-04-22,56,3,1,51,0,30,-3,G#/A♭ Minor,4,3vooOYHU0Fi3ViCG7Ozh0Y,USSM11300894,1
262,Wiped Out!,The Neighbourhood,128,8A,74,2025-12-03,06:13,60,,Wiped Out!,2015-10-30,57,1,0,7,0,30,-7,A Minor,4,4Tp4gRuDo1sIMP6gH9LwuH,USSM11506745,1
263,Claw Marks,panicbaby,78,5A,37,2025-12-04,02:35,61,,Claw Marks,2025-07-22,44,51,0,27,0,10,-11,C Minor,4,6QsXgv4TR4luZN0omMH5Di,DEZC62505003,1
264,Lilith,Saint Avangeline,110,8B,39,2025-12-06,04:15,69,,Gardener of Eden,2022-04-22,42,17,47,4,0,10,-9,C Major,4,4RF4iaYoM1XBbdvmC6zRtD,QZHN62208603,2
265,The Sick,Bella Kay,120,4A,28,2025-12-05,03:15,83,,The Sick,2025-08-04,48,46,0,19,0,20,-13,F Minor,4,18d1pubaNYUpaKIeSoxPFA,USAT22505801,1
266,Moment,Sean Biopcik,120,5B,39,2025-12-05,03:07,60,,Moment,2025-11-14,59,57,0,41,0,0,-13,D#/E♭ Major,4,1c2S8whRoKEsdzwAGKmo5p,GXHUT2594280,1
267,Lilith,Saint Avangeline,110,8B,39,2025-12-06,04:15,69,,Gardener of Eden,2022-04-22,42,17,47,4,0,10,-9,C Major,4,4RF4iaYoM1XBbdvmC6zRtD,QZHN62208603,2
268,CHIHIRO,Billie Eilish,110,9B,43,2025-12-12,05:03,87,,HIT ME HARD AND SOFT,2024-05-17,70,14,88,52,0,0,-13,G Major,4,7BRD7x5pt8Lqa1eGYC4dzj,USUM72401988,2
269,Girl You Loud,"Chris Brown,Tyga",130,1A,55,2025-12-12,03:33,81,"r&b, ",Fan of A Fan The Album (Expanded Edition),2015-02-24,72,9,0,56,0,10,-9,G#/A♭ Minor,4,6dRVOzSxLqRdqUjc9mctGg,USRC11500129,1
270,Been Like This,Doja Cat,99,6B,53,2025-12-12,02:57,81,,Planet Her,2021-06-25,68,13,0,18,0,30,-5,A#/B♭ Major,4,7y3xU9vEC1s8DSuuoSYKih,USRC12101538,1
271,Feel Good,Clara La San,137,11A,44,2025-12-12,03:32,77,,Good Mourning,2024-12-13,63,45,0,28,0,0,-9,F#/G♭ Minor,4,4E2j6b0NrYXnlypn9sMiOu,QMDA72485662,1
272,Golden Brown,The Stranglers,94,2B,38,2025-12-12,03:26,83,"proto-punk, new wave",La Folie,1981-00-00,56,14,12,60,0,10,-15,F#/G♭ Major,3,2AX5E86cn9n2dgioZEjirI,GBAYE8100053,1
273,Solo,Future,111,4A,49,2026-01-15,04:25,82,rap,HNDRXX,2017-07-27,78,5,50,9,0,10,-6,F Minor,4,4lH6nENd1y81jp7Yt9lTBX,USSM11701733,1
274,Collide (feat. Tyga),"Justine Skye,Tyga",140,10A,31,2026-01-16,04:20,72,,Collide (feat. Tyga),2014-08-25,42,10,0,13,0,20,-10,B Minor,4,22I3h5AOENlH4CqXJsEbFR,USAT21403439,2
275,PILLOWTALK,ZAYN,125,1B,70,2026-01-16,03:22,83,,Mind Of Mine (Deluxe Edition),2016-03-25,58,12,0,44,0,0,-4,B Major,4,0PDUDa38GO8lMxLCRc4lL1,USRC11600042,1
276,Pyramids,Frank Ocean,108,4A,65,2026-01-16,09:52,81,,channel ORANGE,2012-07-10,40,1,0,15,0,70,-6,F Minor,4,4QhWbupniDd44EDtnh2bFJ,USUM71207185,1
277,Champagne & Sunshine,"PLVTINUM,Tarro",110,4A,52,2026-01-16,03:16,72,"dark r&b, ",Champagne & Sunshine,2016-11-18,61,6,0,27,0,0,-10,F Minor,4,77U6kcldLRFl9vCfaw11Sr,TCACT1660884,1
278,Shameless,Avenoir,130,9A,42,2026-01-18,02:55,72,"dark r&b, alternative r&b, r&b",Shameless,2022-08-19,69,74,0,24,0,20,-12,E Minor,4,2MJlhN2OockKCadeGS4AEP,QZMEP2209127,1
279,Be My Baby,"Ariana Grande,Cashmere Cat",145,2A,59,2026-02-11,03:37,68,"pop, ",My Everything (Deluxe),2014-08-22,62,7,0,43,0,0,-6,D#/E♭ Minor,4,0fonaf88IEDQM309zmU80L,USUM71409720,1
280,run for the hills,Tate McRae,130,4B,86,2026-02-11,02:23,82,,THINK LATER,2023-12-08,54,50,0,32,0,10,-3,G#/A♭ Major,4,51hyZpbJlIgZIaX3TtMxmu,USRC12302981,1
281,Purple lace bra,Tate McRae,145,4A,76,2026-02-12,03:11,68,,So Close To What,2025-02-20,50,35,0,41,0,20,-3,F Minor,4,1TmqxQwvEDGYOTm1fPJJbT,USRC12403552,1
282,needy,Ariana Grande,87,6A,31,2026-02-11,02:51,84,pop,"thank u, next",2019-02-08,65,78,0,20,0,20,-8,G Minor,4,1TEL6MlSSVLSdhOSddidlJ,USUM71900396,1
283,That's What I Like,Bruno Mars,134,3B,56,2026-02-12,03:26,92,,24K Magic,2016-11-18,85,1,0,86,0,0,-5,C♯/D♭ Major,4,0KKkJNfGyhkQ5aFogxQAPU,USAT21602948,1
284,Love Me Harder,"Ariana Grande,The Weeknd",99,12A,71,2026-02-12,03:56,87,"pop, ",My Everything (Deluxe),2014-08-22,49,1,0,24,0,0,-4,C♯/D♭ Minor,4,5J4ZkQpzMUFojo1CtAZYpn,USUM71409728,2
285,Die For Me,ZAYN,168,6A,64,2026-02-13,03:00,72,,Die For Me,2026-02-06,35,4,0,23,0,30,-5,G Minor,3,15tkKpcwBE3XJhaBdLPBKJ,USUG12600847,1
286,vanilla sky.,Brent Faiyaz,89,10A,23,2026-02-13,02:23,68,r&b,Icon,2026-02-13,68,80,0,76,0,10,-8,B Minor,4,48MdaprisCULgR80rGs8cb,QZJG52634682,1
287,Good Grief,The Neighbourhood,92,4A,61,2026-02-21,04:21,70,,(((((ultraSOUND)))))+,2026-02-20,54,1,1,60,0,10,-6,F Minor,4,6pFmi8RgLNHLB7nOan39RA,USWB12504420,1
288,Lulu,The Neighbourhood,105,8A,72,2026-02-21,03:39,62,,(((((ultraSOUND)))))+,2026-02-20,44,2,28,22,0,10,-7,A Minor,4,1MQp9dpigWvVlXni1Sl3ke,USWB12504419,1
289,Alleyways,The Neighbourhood,101,4A,83,2026-04-06,04:27,62,,I Love You.,2013-04-22,62,0,80,36,0,10,-5,F Minor,4,4V37tyDu9CtqYshvrgLke4,USSM11300893,1
1,National Anthem,Lana Del Rey,85,5A,90,2026-04-14,03:50,61,,Born To Die - The Paradise Edition,2012-11-12,53,53,0,44,20,10,-6,C Minor,4,1M0g1beKC4H9gbrOiSayHW,GBUM71111567,5
2,Oh No!,MARINA,127,8B,90,2026-04-14,03:00,0,,The Family Jewels (Deluxe),2010-02-15,78,6,0,96,0,20,-4,C Major,4,0VVNXqaDwfHngG2gXaOtlI,GBFFS0900127,4
3,Pacify Her,Melanie Martinez,158,8A,59,2026-04-14,03:40,76,,Cry Baby (Deluxe Edition),2015-08-14,58,5,0,37,0,20,-6,A Minor,4,360Wr96ywrCQq4kTAJ8Pq6,USAT21501941,5
4,Breakin' Dishes,Rihanna,125,1A,66,2026-04-14,03:20,78,,Good Girl Gone Bad,2007-01-01,80,0,0,86,0,0,-5,G#/A♭ Minor,4,5EcG8eMMlwkHRVa4aTR1qd,USUM70734702,4
5,Are You Satisfied?,MARINA,124,8B,71,2026-04-14,03:18,56,,The Family Jewels (Deluxe),2010-02-15,67,30,0,84,0,0,-5,C Major,4,7loxeufSLQPImESzV0Cn30,GBFFS0900114,6
6,Tia Tamera (feat. Rico Nasty),"Doja Cat,Rico Nasty",120,8B,65,2026-04-14,03:31,73,,Amala (Deluxe Version),2019-03-01,82,2,0,42,10,20,-5,C Major,4,1uNePI826aqh9uC9pgbeHU,USRC11803908,5
7,Woman,Doja Cat,108,4A,76,2026-04-14,02:52,85,,Planet Her,2021-06-25,82,9,0,88,0,10,-4,F Minor,4,6Uj1ctrBOjOas8xZXGqKk4,USRC12101532,1
8,Feather,Sabrina Carpenter,124,11A,69,2026-04-14,03:05,84,pop,emails i can’t send fwd:,2023-03-17,79,7,0,83,0,10,-4,F#/G♭ Minor,4,2Zo1PcszsT9WQ0ANntJbID,USUM72301876,2
9,Bubblegum Bitch,MARINA,158,5A,86,2026-04-14,02:34,81,,Electra Heart (Deluxe),2012-04-27,50,0,0,61,0,10,-5,C Minor,4,6IbnUaczZBT34DhaD6S18F,GBFFS1200008,2
10,Busy Woman,Sabrina Carpenter,117,9B,76,2026-04-14,03:06,84,pop,Short n' Sweet (Deluxe),2025-02-14,73,17,0,90,0,10,-5,G Major,4,0b0Dz0Gi86SVdBxYeiQcCP,USUM72413907,2
11,Primadonna,MARINA,128,9A,69,2026-04-14,03:41,82,,Electra Heart (Deluxe),2012-04-27,66,9,0,43,0,0,-3,E Minor,4,4sOX1nhpKwFWPvoMMExi3q,GBFFS1200009,2
12,Too Sweet,Hozier,117,6B,64,2026-04-14,04:11,83,,Unreal Unearth: Unaired,2024-08-19,74,4,0,96,0,0,-5,A#/B♭ Major,4,19XpFsce28aByvCC4g89tJ,IEACJ2300335,3
13,tv off (feat. lefty gunplay),"Kendrick Lamar,Lefty Gunplay",100,11A,53,2026-04-14,03:40,85,"hip hop, west coast hip hop, mexican hip hop",GNX,2024-11-22,86,8,0,55,20,40,-7,F#/G♭ Minor,4,0aB0v4027ukVziUGwVGYpG,USUG12408493,1
14,I Think I Like You Better When You’re Gone,Reneé Rapp,114,11A,44,2026-04-14,02:23,72,,BITE ME,2025-08-01,54,54,0,63,20,40,-7,F#/G♭ Minor,5,3hBzKgqQKkChH9hyb3MhmT,USUM72504849,1
15,15 Minutes,Sabrina Carpenter,132,9B,89,2026-04-14,03:11,77,pop,Short n' Sweet (Deluxe),2025-02-14,58,1,0,73,0,30,-4,G Major,4,1zhvxTuSha22nsUT5Nw8gE,USUM72413904,1
16,Thought I Was Dead (feat. ScHoolboy Q & Santigold),"Tyler, The Creator,ScHoolboy Q,Santigold",130,3A,86,2026-04-14,03:27,74,,CHROMAKOPIA,2024-10-28,77,36,0,64,20,60,-3,A#/B♭ Minor,4,2aYHxnMF2umAavtgBvmkY1,USQX92405793,1
17,When Did You Get Hot?,Sabrina Carpenter,89,7B,67,2026-04-14,02:25,87,pop,Man’s Best Friend,2025-08-29,70,23,0,57,10,30,-5,F Major,4,0je57Uq5eTk1wrPzn9sWbl,USUM72504446,2
18,Dead To Me,Kali Uchis,119,9A,76,2026-04-14,03:19,77,,Isolation,2018-04-06,68,43,0,43,0,10,-4,E Minor,4,6LOZws7T3jqZz78unPgFF9,GBUM71801115,1
19,Cry about it! (feat. Ravyn Lenae),"Kali Uchis,Ravyn Lenae",120,2A,48,2026-04-14,02:51,51,"alternative r&b, indie soul",Sincerely: P.S.,2025-10-03,65,52,0,69,0,20,-8,D#/E♭ Minor,3,2qMymtxoafC1JRtiiXUVFN,USUG12503754,1
20,Ain't Shit,Doja Cat,124,5B,49,2026-04-14,02:54,81,,Planet Her,2021-06-25,86,51,0,62,20,30,-5,D#/E♭ Major,4,5lAnYvAIkSDNXqfo7DyFUm,USRC12101540,1
21,Slumber Party (feat. Princess Nokia),"Ashnikko,Princess Nokia",105,10A,40,2026-04-14,02:58,73,,DEMIDEVIL,2021-01-15,96,0,0,56,0,10,-9,B Minor,4,11ZulcYY4lowvcQm4oe3VJ,GBAYE2000706,1
22,I Didn't Change My Number,Billie Eilish,142,11B,48,2026-04-15,02:38,73,,Happier Than Ever,2021-07-30,85,61,27,68,20,30,-6,A Major,4,7bcy34fBT2ap1L4bfPsl9q,USUM72105926,2
23,Freak,Doja Cat,117,9B,72,2026-04-15,04:44,78,,Freak,2020-08-07,69,10,0,37,0,10,-6,G Major,3,3aA6xB0tOilDDX17fIJ0Bl,USRC12002580,1
24,"jealousy, jealousy",Olivia Rodrigo,164,3A,57,2026-04-21,02:53,83,,SOUR,2021-05-21,70,20,0,70,10,0,-6,A#/B♭ Minor,4,0MMyJUC3WNnFS1lit5pTjk,USUG12101248,3
25,Rich Girl,"Gwen Stefani,Eve",98,6A,75,2026-04-21,03:56,76,,Love. Angel. Music. Baby.,2004-11-12,86,3,0,76,0,20,-3,G Minor,4,2oxtQ84p1j5GmyzmD50Lq0,USIR10400846,2
26,brutal,Olivia Rodrigo,124,12B,53,2026-04-21,02:23,79,,SOUR,2021-05-21,67,3,0,28,0,20,-6,E Major,4,6SRsiMl7w1USE4mFqrOhHC,USUG12101242,2
27,Von dutch,Charli xcx,130,6B,70,2026-04-24,02:44,80,"hyperpop, art pop",BRAT,2024-06-07,71,0,0,65,0,10,-6,A#/B♭ Major,4,3Y1EvIgEVw51XtgNEgpz5c,USAT22313737,1
28,My Kink Is Karma,Chappell Roan,87,10B,60,2026-04-27,03:42,74,,The Rise and Fall of a Midwest Princess,2023-09-21,56,1,0,42,0,10,-6,D Major,4,3bFC4mJkgF9HvTU1mncW7x,USUG12302737,1
1,不要怕&啊杰咯,莫西子诗,122,3B,51,2026-03-17,05:23,34,"chinese indie, chinese rock, taiwanese indie",月光白得很,2018-06-12,50,72,17,29,0,10,-7,C♯/D♭ Major,4,2TWPM6rlvQRozPkg2YHbbA,TWAE31801190,1
2,"눈,코,입 (Eyes, Nose, Lips)",TAEYANG,144,8B,52,2026-03-17,03:49,72,k-pop,RISE,2014-06-03,63,74,0,25,0,20,-6,C Major,4,0lYtIvI7bO51PZSeK22Mbz,KRB471402723,2
3,Love You With All My Heart,Crush,134,12B,33,2026-03-17,04:04,68,"k-rap, k-pop, k-ballad","Queen of Tears (Original Television Soundtrack), Pt.4",2024-03-24,46,76,0,21,0,0,-8,E Major,4,0UaaFmF3xUwMjnuAHBq7qL,KRMIM2426493,1
4,Story of My Life,One Direction,121,5B,66,2026-03-17,04:05,86,,Midnight Memories (Deluxe),2013-11-25,60,23,0,29,0,10,-6,D#/E♭ Major,4,4nVBt6MZDDP6tRVdQTgxJg,GBHMU1300210,1
5,A Sky Full of Stars,Coldplay,125,2B,68,2026-03-17,04:27,88,,Ghost Stories,2014-05-16,55,1,0,16,0,20,-6,F#/G♭ Major,4,0FDzzruyVECATHXKHFs9eJ,GBAYE1400217,1
6,Sweater Weather,The Neighbourhood,124,6B,81,2026-03-17,04:00,93,,I Love You.,2013-04-22,61,5,2,40,0,10,-3,A#/B♭ Major,4,2QjOHCTQ1Jl3zawyYOpxh6,USSM11300080,2
7,Dimple,BTS,135,4A,84,2026-03-17,03:16,67,k-pop,Love Yourself 結 'Answer',2018-08-24,61,14,0,65,0,20,-5,F Minor,4,1rLkzFZdokhx6Wcs80uvnw,QM6MZ1886134,1
8,Pied Piper,BTS,94,7A,71,2026-03-17,04:05,76,k-pop,Love Yourself 承 'Her',2017-09-18,58,20,0,78,0,20,-5,D Minor,4,1ZPeaPDjQOOC8hw1mNjyjF,KRA381702190,1
9,Rewrite The Stars,"James Arthur,Anne-Marie",126,6B,74,2026-03-17,03:38,72,"soft pop, ",The Greatest Showman: Reimagined (Deluxe),2017-12-08,67,24,0,57,0,40,-5,A#/B♭ Major,4,7FlHNJT4TC120CDvFOHzei,USAT21811541,1
10,Fix You,Coldplay,138,5B,42,2026-03-17,04:55,86,,X&Y,2005-06-07,21,16,0,12,0,10,-9,D#/E♭ Major,4,7LVHVU3tWfcxj5aiPFEW4Q,GBAYE0500605,1
11,雪 Distance,"Capper,RollFlash",100,12A,28,2026-03-17,02:45,56,"chinese hip hop, chinese r&b, c-pop, mandopop",Uniconfication,2023-03-01,59,74,0,67,0,10,-9,C♯/D♭ Minor,4,0EpH84Gd5z9xDavnWowfaC,FR96X2311686,1
12,ALL MY LOVE,Coldplay,138,11B,28,2026-03-17,03:42,69,,Moon Music,2024-10-04,52,59,0,23,0,10,-10,A Major,4,6iYxkBHyMpsgVxUgfy5fSx,GBAYE2400888,1
13,sad,LANY,94,11B,55,2026-03-17,03:19,62,,mama's boy,2020-10-02,54,8,0,4,0,10,-8,A Major,4,6guqC53ktWrwIuXOMApLbV,GBUM72003716,1
14,苦咖啡·唯一,"那奇沃夫,KKECHO",140,1B,68,2026-03-17,03:03,49,"chinese hip hop, chinese r&b, c-pop",苦咖啡·唯一,2023-03-24,66,52,0,79,0,10,-4,B Major,4,7xELio8VQbpFtDHEPEtKrA,CNZ632300369,1
15,Apocalypse,Cigarettes After Sex,94,7B,47,2026-03-17,04:50,4,dream pop,Cigarettes After Sex,2017-06-09,37,2,46,17,0,10,-9,F Major,4,3AVrVz5rK8Hrqo9YGiVGN5,USBQU1700034,4
16,Ordinary,Alex Warren,168,10B,69,2026-03-17,03:06,92,,"You'll Be Alright, Kid (Chapter 1)",2024-09-26,37,70,0,39,0,0,-6,D Major,3,2RkZ5LkEzeHGRsmDqKwmaJ,USAT22500463,3
17,Dehors (普通话版),JORDANN,170,12A,59,2026-03-17,03:18,42,bedroom pop,Dehors (普通话版),2025-08-22,66,62,4,71,0,10,-9,C♯/D♭ Minor,4,5xodI6q1mAwTEnDVg3VMcy,QZWV32558322,1
18,Dehors,JORDANN,170,12A,66,2026-03-17,03:15,50,bedroom pop,Dehors,2017-05-08,63,58,29,53,0,10,-7,C♯/D♭ Minor,4,39BHbFt8BhCFoU4OWbTpHe,TCADB1730827,1
19,Deja Vu,TOMORROW X TOGETHER,163,4A,57,2026-03-17,02:51,71,k-pop,minisode 3: TOMORROW,2024-04-01,36,8,0,24,0,10,-5,F Minor,4,3aAnwyBJY9OLNLqSgd4fZU,USA2P2408081,2
20,Meridian (feat. 邹沛沛Peipei),"JORDANN,邹沛沛",88,5A,57,2026-03-17,03:02,41,"bedroom pop, chinese r&b, c-pop, mandopop",Meridian (feat. 邹沛沛Peipei),2025-03-14,70,76,3,86,0,10,-10,C Minor,4,3kRduohRs3ffCraa6NgMFH,GBRKQ2556334,1
21,Adventure of a Lifetime,Coldplay,112,9B,92,2026-03-17,04:23,88,,A Head Full of Dreams,2015-12-04,64,0,0,53,0,10,-4,G Major,4,69uxyAqqPIsUyTO8txoP2M,GBAYE1500981,1
22,Say Yes To Heaven,Lana Del Rey,100,11A,35,2026-03-17,03:29,86,,Say Yes To Heaven,2023-05-19,49,68,17,14,0,10,-12,F#/G♭ Minor,4,6GGtHZgBycCgGBUhZo81xe,GBUM72304301,1
23,ocean eyes,Billie Eilish,145,9A,37,2026-03-17,03:20,84,,Ocean Eyes,2016-11-18,48,82,6,16,0,0,-8,E Minor,4,2uIX8YMNjGMD7441kqyyNU,US23A1500056,1
24,JoyRide,CORTIS,120,11B,55,2026-03-17,02:37,78,k-pop,COLOR OUTSIDE THE LINES,2025-09-08,75,36,0,19,0,10,-7,A Major,4,6T17ZI0glfM2IGLdUwtnLK,USA2P2536190,2
25,Circles,Post Malone,120,8B,76,2026-03-17,03:35,87,,Hollywood's Bleeding,2019-09-06,70,19,0,55,0,0,-3,C Major,4,21jGcNKet2qwijlDFuPiPb,USUM71915699,2
26,Goodbyes (feat. Young Thug),"Post Malone,Young Thug",150,7B,65,2026-03-17,02:54,78,"rap, trap, melodic rap",Hollywood's Bleeding,2019-09-06,55,46,0,16,0,10,-4,F Major,4,0t3ZvGKlmYmVsDzBJAXK8C,USUM71912330,1
27,All The Stars (with SZA) - From  Black Panther: The Album ,"Kendrick Lamar,SZA",97,4B,63,2026-03-17,03:52,91,"hip hop, west coast hip hop, r&b",Black Panther The Album Music From And Inspired By,2018-02-09,70,6,0,56,0,0,-5,G#/A♭ Major,4,3GCdLUSnKSMJhs4Tj6CV3s,USUM71713947,2
28,FaSHioN,CORTIS,77,6A,85,2026-03-17,02:54,83,k-pop,COLOR OUTSIDE THE LINES,2025-09-08,63,1,0,25,10,30,-4,G Minor,4,4ecdsGz3Hg6TKPwQ0ZOdJz,USA2P2536189,4
29,What You Want,CORTIS,171,12B,61,2026-03-17,03:14,76,k-pop,What You Want,2025-08-18,57,1,0,59,20,0,-5,E Major,4,3rAcN3CLeSrkhIZN8PHbwb,USA2P2536184,2
30,Best Of Me,BTS,122,4B,76,2026-03-17,03:47,71,k-pop,Love Yourself 承 'Her',2017-09-18,66,3,0,47,0,40,-4,G#/A♭ Major,4,5C6A1WXVfKvBBQmaFFnBgs,KRA381702188,1
31,Haru Haru,BIGBANG,126,2B,91,2026-03-17,04:16,72,k-pop,Stand Up,2008-08-08,69,17,0,68,0,0,-5,F#/G♭ Major,4,1L4d2lafz1odpIMe8va21X,KRA341104530,1
32,Never Let Go,LNGSHOT,105,10B,60,2026-03-17,03:13,80,k-pop,SHOT CALLERS,2026-01-13,64,19,0,38,0,10,-8,D Major,4,37xebnhvUyM8VyyDDeo65d,KRMIM2574055,1
33,The One,Jorja Smith,82,5A,66,2026-03-17,03:17,67,,Lost & Found,2018-06-08,31,25,0,44,0,10,-9,C Minor,4,1Ahp4PZ1vzdbzBCedUrsqI,QM4TW1828153,1
34,el cielo,TINI,128,5A,87,2026-03-19,03:08,66,latin pop,el cielo,2024-12-05,69,1,0,58,0,10,-4,C Minor,4,2otAnGaeFFFeIDV8nbu5uA,USHR12449118,1
35,Nothin' on You (feat. Bruno Mars),"B.o.B,Bruno Mars",104,6B,85,2026-03-27,04:28,87,,B.o.B Presents: The Adventures of Bobby Ray,2010-04-27,69,39,0,74,0,0,-6,A#/B♭ Major,4,59dLtGBS26x7kc0rHbaPrq,USAT20904033,2
36,FEVER DREAM,Alex Warren,108,3A,78,2026-03-30,02:33,92,,FEVER DREAM,2026-02-26,77,14,0,76,0,30,-6,A#/B♭ Minor,4,7ogpGbKc4Io6NCU6ydxXwZ,USAT22600670,1
37,Art Deco,Lana Del Rey,148,10A,46,2026-03-31,04:55,80,,Honeymoon,2015-09-18,28,54,22,6,0,10,-11,B Minor,5,5jqNQZBwbZWQXPWfo0ygZF,GBUM71503925,2
38,WAGWAN,Central Cee,140,4A,53,2026-04-02,02:07,83,"uk drill, drill, uk grime",ALL ROADS LEAD HOME,2026-03-27,84,71,0,61,30,10,-8,F Minor,4,33XUHrCbrAW6me9ewdCZip,USSM12600569,1
39,Who Knows,Daniel Caesar,121,4A,26,2026-04-06,03:46,90,,Son Of Spergy,2025-10-24,67,76,0,39,0,30,-15,F Minor,4,6DH13QYXK7lKkYHSU88N48,USUG12505893,2
40,Désolé,Sexion d'Assaut,100,12A,48,2026-04-06,03:24,71,"french rap, french r&b",L'école des points vitaux,2010-03-29,63,43,0,68,10,0,-7,C♯/D♭ Minor,4,5NsOnvpjvH9sCz8TyVOmOz,FR7U61000025,1
41,Lo siento,Beret,80,10A,41,2026-04-12,03:50,58,,Lo siento,2018-08-21,42,58,0,31,0,10,-9,B Minor,4,4S6gJt4RYR34t4sjW8wEah,GBLPF0608870,1
42,Te Necesito (Déjà Vu),Cali Y El Dandee,92,9B,89,2026-04-12,03:32,40,"colombian pop, pop urbano",Te Necesito,2013-01-01,71,3,0,51,0,10,-4,G Major,4,1KJysnyS8JMJN1EziAIaeh,ES5701301039,1
43,"Quevedo: Bzrp Music Sessions, Vol. 52/66","Bizarrap,Quevedo",128,10B,78,2026-04-12,03:18,82,"argentine trap, trap latino, urbano latino, ","Quevedo: Bzrp Music Sessions, Vol. 52/66",2022-07-06,62,1,3,55,0,20,-6,D Major,4,2tTmW7RDtMQtBk7m2rYeSw,UYB282201028,1
44,El Perdón (with Enrique Iglesias),"Nicky Jam,Enrique Iglesias",180,4B,69,2026-04-12,03:25,80,"reggaeton, latin, latin pop",Fénix,2017-01-20,63,44,0,66,0,10,-6,G#/A♭ Major,4,7qCAVkHWZkF44OzOUKf8Cr,USSD11500005,1
45,That Should Be Me,Justin Bieber,140,4B,60,2026-04-14,03:52,87,,My World 2.0,2010-01-01,55,20,0,23,0,10,-6,G#/A♭ Major,4,0aPZbnkMoWJaJ5CNVLCj8S,USUM71004778,1
46,No One Else (feat. Fridayy),"Chris Brown,Fridayy",120,11A,80,2026-04-26,03:43,61,"r&b, ",11:11,2023-11-10,70,6,0,29,0,10,-6,F#/G♭ Minor,4,1lYqI9WKBPsL6Hf93yT9bB,USRC12302905,1
1,People I Don't Like,UPSAHL,90,10A,57,2025-01-07,02:22,63,,People I Don't Like,2020-07-17,75,27,0,55,30,30,-7,B Minor,4,5srKMwXoeyrRnyTnNbpgIW,USQX92003333,3
2,Top of My School,Katherine Lynn-Rose,209,12B,41,2025-01-07,02:37,59,,Top of My School,2021-02-19,46,71,0,29,0,10,-10,E Major,3,5OKyAO31eOeJV5qEx2lv4k,QZFZ72108704,1
3,Oh No!,MARINA,127,8B,90,2025-01-07,03:00,0,,The Family Jewels (Deluxe),2010-02-15,78,6,0,96,0,20,-4,C Major,4,0VVNXqaDwfHngG2gXaOtlI,GBFFS0900127,4
4,National Anthem,Lana Del Rey,85,5A,90,2025-01-07,03:50,61,,Born To Die - The Paradise Edition,2012-11-12,53,53,0,44,20,10,-6,C Minor,4,1M0g1beKC4H9gbrOiSayHW,GBUM71111567,5
5,Bitch Better Have My Money,Rihanna,103,3B,73,2025-01-07,03:39,76,,Bitch Better Have My Money,2015-03-26,78,5,0,40,0,20,-5,C♯/D♭ Major,4,0NTMtAO2BV4tnGvw9EgBVq,QM5FT1500006,3
6,Seven Nation Army,The White Stripes,124,8B,46,2025-01-07,03:51,2,"garage rock, blues rock, rock, alternative rock",Elephant,2003-04-01,75,1,48,30,0,30,-8,C Major,4,1jNOi6m3Hn8nLEeHCp5Msr,USVT10300001,2
7,Bad Blood (Taylor's Version),Taylor Swift,170,9B,71,2025-01-07,03:31,65,,1989 (Taylor's Version),2023-10-26,62,4,0,35,10,10,-6,G Major,4,64FzgoLZ3oXu2SriZblHic,USUG12306679,1
8,What Else Can I Do?,"Diane Guerrero,Stephanie Beatriz",120,12B,71,2025-01-07,02:59,67,,Encanto (Original Motion Picture Soundtrack),2021-11-19,72,26,0,54,0,10,-6,E Major,4,3XoYqtiWHhsk59frZupImG,USWD12112916,3
9,Ainsi bas la vida,Indila,128,4B,64,2025-01-07,03:34,52,french pop,Mini World (Deluxe),2014-11-17,78,5,0,44,10,10,-7,G#/A♭ Major,4,4FzGx0UiusrwGAyrDKZYrk,FRUM71402811,3
10,"Bills, Bills, Bills",Destiny's Child,128,10A,58,2025-01-07,04:16,72,,The Writing's On The Wall,1999-07-27,85,14,0,46,10,0,-5,B Minor,4,1Oi2zpmL81Q0yScF1zxaC0,USSM19900561,3
11,No Scrubs,TLC,93,1A,68,2025-01-07,03:34,87,,Fanmail,1999-02-23,74,3,0,59,10,0,-4,G#/A♭ Minor,4,1KGi9sZVMeszgZOWivFpxs,USLF29900479,3
12,Problem,"Ariana Grande,Iggy Azalea",103,12A,81,2025-01-07,03:13,81,"pop, ",My Everything (Deluxe),2014-08-22,66,2,0,63,10,10,-5,C♯/D♭ Minor,4,7vS3Y0IKjde7Xg85LWIEdP,USUM71405403,2
13,MORE,"K/DA,Madison Beer,i-dle,Lexie Liu,Jaira Burns,Seraphine,League of Legends",142,12A,79,2025-01-07,03:37,1,"k-pop, c-pop, chinese hip hop, chinese r&b, mandopop, ",ALL OUT,2020-11-06,66,0,0,20,0,30,-5,C♯/D♭ Minor,4,6ZlvEI2HQC6R5TahN9Ffm4,QZH6S1900273,3
14,Pacify Her,Melanie Martinez,158,8A,59,2025-01-07,03:40,76,,Cry Baby (Deluxe Edition),2015-08-14,58,5,0,37,0,20,-6,A Minor,4,360Wr96ywrCQq4kTAJ8Pq6,USAT21501941,5
15,Money Honey,Lady Gaga,119,3B,75,2025-01-07,02:50,54,"art pop, pop",The Fame,2008-01-01,78,1,0,84,0,0,-3,C♯/D♭ Major,4,6gknJVkbQb8jkAXbXx0SYA,USUM70839535,2
16,MONEY,LISA,140,12A,55,2025-01-07,02:48,74,k-pop,LALISA,2021-09-10,83,16,0,40,20,10,-10,C♯/D♭ Minor,4,7hU3IHwjX150XLoTVmjD0q,KRA402100099,1
17,Shut Up And Drive,Rihanna,133,3B,83,2025-01-07,03:32,72,,Good Girl Gone Bad,2007-01-01,73,0,13,74,0,20,-5,C♯/D♭ Major,4,4QdX6pmNnJ5cleufWQIr5D,USUM70734703,1
18,Maneater,Nelly Furtado,133,2B,78,2025-01-07,04:18,86,,Loose,2006-01-01,80,3,0,79,0,10,-5,F#/G♭ Major,4,4wH4dJgrsxONID6KS2tDQM,USUM70601449,4
19,Dangerous Woman,Ariana Grande,134,9A,60,2025-01-07,03:55,81,pop,Dangerous Woman,2016-04-01,66,5,0,29,0,30,-5,E Minor,3,3nef5W8jTkXrOKgCu4kmq7,USUM71601826,2
20,Watch Me Work,"Andrew Rannells,Brianna Mazzola",120,3B,69,2025-01-07,02:30,68,"musicals, ",TROLLS Band Together (Original Motion Picture Soundtrack),2023-10-20,75,1,0,75,0,10,-4,C♯/D♭ Major,4,0ukPlkEhhWPQWKq5b2awnn,USRC12301388,1
21,Breakin' Dishes,Rihanna,125,1A,66,2025-01-07,03:20,78,,Good Girl Gone Bad,2007-01-01,80,0,0,86,0,0,-5,G#/A♭ Minor,4,5EcG8eMMlwkHRVa4aTR1qd,USUM70734702,4
22,NO,Meghan Trainor,92,12A,80,2025-01-07,03:33,80,,Thank You (Deluxe Version),2017-05-12,56,1,0,66,20,70,-4,C♯/D♭ Minor,4,0l0CvurVUrr2w3Jj1hOVFc,USSM11600935,1
23,Blow My Brains Out,Tikkle Me,145,11B,88,2025-01-07,03:42,46,,Tikkle Me,2010-03-23,55,9,0,55,0,60,-6,A Major,4,4ZlQzskKkK4jsbcqO96luB,SELHA1000406,1
24,Emperor's New Clothes,Panic! At The Disco,94,3B,90,2025-01-07,02:38,69,emo,Death of a Bachelor,2016-01-15,56,0,0,65,0,0,-5,C♯/D♭ Major,4,3px2rAPu74ltbkf9eZsZ8h,USAT21503476,3
25,House of Memories,Panic! At The Disco,110,10A,82,2025-01-07,03:28,81,emo,Death of a Bachelor,2016-01-15,51,0,0,51,0,0,-5,B Minor,4,2DgdHcjWmO3qd50RzuBLgZ,USAT21503701,2
26,Romantic Homicide,d4vd,132,2B,54,2025-01-07,02:12,85,,Romantic Homicide,2022-07-20,57,45,1,22,0,30,-11,F#/G♭ Major,4,1xK59OXxi2TAAAbmZK0kBL,QZMEM2232831,2
27,Born Without a Heart,Faouzia,123,3B,61,2025-01-07,03:18,65,,Born Without a Heart,2019-03-28,70,3,0,54,0,10,-6,C♯/D♭ Major,4,6i5jBmnB22alUpJ7hpznuj,USAT21901900,1
28,dumb dumb - sped up,mazie,149,8A,60,2025-01-07,01:42,3,,the rainbow cassette (bonus),2022-09-28,71,13,0,72,0,20,-7,A Minor,4,2pJmSaPh5lMe4npn0Z6m8A,QZRYT2100048,1
29,Try,P!nk,104,10B,62,2025-01-07,04:09,57,,Try,2012-10-19,68,0,0,56,0,10,-7,D Major,4,3i7RZuAJ6iWbSW2k9lUtJx,USRC11200785,1
30,Diva,Beyoncé,146,11A,55,2025-01-07,03:20,48,,I AM...SASHA FIERCE,2008-11-17,88,5,1,86,30,0,-7,F#/G♭ Minor,4,1CxebLetK1dLJvRXlgHGXg,USSM10804755,2
31,E.T.,Katy Perry,150,4A,86,2025-01-07,03:26,69,pop,Teenage Dream,2010-01-01,60,2,0,73,0,30,-5,F Minor,4,4kkeuVl6gF3RMqE4Nn5W3E,USCA21001256,1
32,Toxic,Britney Spears,143,4A,84,2025-01-07,03:18,87,pop,In The Zone,2003-11-13,77,2,3,92,10,20,-4,F Minor,4,6I9VzXrHxO9rA9A5euc8Ak,USJI10301005,2
33,Confident,Demi Lovato,130,5B,75,2025-01-07,03:25,61,,Confident (Deluxe Edition),2015-10-16,59,0,0,34,0,0,-6,D#/E♭ Major,4,0Mn3amMRMoabaoTf1Publ4,USHR11536743,3
34,Bad Girls,M.I.A.,143,3B,91,2025-01-07,03:47,75,,Matangi,2013-01-01,64,0,0,34,0,10,-3,C♯/D♭ Major,4,6nzXkCBOhb2mxctNihOqbb,USUG11200143,2
35,What the Hell,Avril Lavigne,150,11A,93,2025-01-07,03:40,79,,Goodbye Lullaby (Expanded Edition),2011-03-08,58,0,1,88,0,10,-4,F#/G♭ Minor,4,2z4U9d5OAA4YLNXoCgioxo,USRC11000915,2
36,Bang Bang,"Jessie J,Ariana Grande,Nicki Minaj",150,5A,79,2025-01-07,03:19,82,"pop, ",Sweet Talker (Deluxe Version),2014-10-10,71,26,0,75,0,30,-3,C Minor,4,0puf9yIluy9W0vpMEUoAnN,USUM71409737,2
37,Step On Up,Ariana Grande,111,4A,88,2025-01-07,03:00,61,pop,Dangerous Woman,2016-05-20,66,9,0,55,10,20,-4,F Minor,4,3K1y89UHuAEZbpiSPbtAae,USUM71603587,2
38,Tia Tamera (feat. Rico Nasty),"Doja Cat,Rico Nasty",120,8B,65,2025-01-07,03:31,73,,Amala (Deluxe Version),2019-03-01,82,2,0,42,10,20,-5,C Major,4,1uNePI826aqh9uC9pgbeHU,USRC11803908,5
39,Are You Satisfied?,MARINA,124,8B,71,2025-01-07,03:18,56,,The Family Jewels (Deluxe),2010-02-15,67,30,0,84,0,0,-5,C Major,4,7loxeufSLQPImESzV0Cn30,GBFFS0900114,6
40,Hall of Fame (feat. will.i.am),"The Script,will.i.am",85,6B,87,2025-01-08,03:22,72,,#3,2012-10-09,42,7,0,63,0,10,-4,A#/B♭ Major,4,1X1DWw2pcNZ8zSub3uhlNz,GBARL1201055,1
41,Find A Way,Twilight Sparkle,120,6B,39,2025-01-08,01:40,0,,Songs Of Ponyville (Music From The Original TV Series),2016-04-22,53,88,0,16,0,10,-9,A#/B♭ Major,4,5JDWQwKkAszJn1OYIXpBRg,USQX91600623,1
42,Nothing New (feat. Phoebe Bridgers) (Taylor’s Version) (From The Vault),"Taylor Swift,Phoebe Bridgers",102,8B,38,2025-01-08,04:18,70,,Red (Taylor's Version),2021-11-12,61,82,0,45,0,10,-9,C Major,4,01K4zKU104LyJ8gMb7227B,USUG12103683,1
43,National Anthem,Lana Del Rey,85,5A,90,2025-01-08,03:50,69,,Born To Die - The Paradise Edition,2012-01-01,53,53,0,44,20,10,-6,C Minor,4,7cNz65PfCatRXoX7QtqM2A,GBUM71111567,5
44,Rumour Has It,Adele,120,8B,75,2025-01-09,03:43,68,soft pop,21,2011-01-24,61,62,0,57,0,10,-5,C Major,4,2A73XBDBQgmdXO8VsXPWIs,GBBKS1000349,1
45,Rolling in the Deep,Adele,105,4B,77,2025-01-09,03:48,80,soft pop,21,2011-01-24,73,14,0,51,0,0,-5,G#/A♭ Major,4,1c8gk2PeTE04A1pIDH9YMk,GBBKS1000335,2
46,Skyfall,Adele,76,5A,55,2025-01-09,04:46,86,soft pop,Skyfall,2012-10-04,35,42,0,8,0,10,-7,C Minor,4,6VObnIkLVruX4UVyxWhlqm,GBBKS1200164,3
47,Diva,Beyoncé,146,11A,55,2025-01-29,03:20,72,,I AM...SASHA FIERCE,2008-11-14,88,5,1,86,30,0,-7,F#/G♭ Minor,4,5Ssv6DaKrW0HczVqx6zXdl,USSM10804755,2
48,Are You Satisfied?,MARINA,124,8B,71,2025-03-28,03:18,71,,The Family Jewels,2009-07-15,67,30,0,84,0,0,-5,C Major,4,6lKRMylSZMtA7EqPl0pcdI,GBFFS0900114,6
1,BTS Cypher Pt.3: Killer,"BTS,Supreme Boi",140,9A,92,2026-04-27,04:27,64,"k-pop, k-rap",Dark & Wild,2014-08-20,79,2,0,67,30,60,-3,E Minor,4,5OlieB5VdsOMuBuCtllXGW,KRA381208694,1
2,No More Dream,BTS,168,10B,86,2026-04-27,03:42,71,k-pop,2 Cool 4 Skool,2013-06-12,44,1,0,59,40,40,-5,D Major,4,089PFeXotzDLNQz9NCk6pF,KRA341308133,1
3,Come Back Home,BTS,100,10A,88,2026-04-27,04:04,59,k-pop,Come Back Home,2017-07-04,65,0,0,46,0,10,-4,B Minor,4,5dEaQCUCJIQyJs5qVZYXOC,KRNAR1704753,1
4,TOXIC (with Skepta),"Playboi Carti,Skepta",142,8B,64,2026-04-27,02:15,79,"rage rap, grime, uk grime",MUSIC,2025-03-14,86,0,0,43,20,0,-6,C Major,4,4evMMKc2HD6fV9slMfgkMx,USUM72414854,1
5,Silver Spoon,BTS,167,11B,88,2026-04-27,03:53,73,k-pop,The Most Beautiful Moment in Life Pt.2,2015-11-30,65,0,0,54,0,0,-3,A Major,4,6O734u9qnz6B4gWMyszWhi,KRA381500662,1
6,Get Buck,Young Buck,77,12A,67,2026-04-27,04:14,53,"southern hip hop, crunk",Buck The World,2006-01-01,80,55,0,62,10,0,-6,C♯/D♭ Minor,4,2v89G6dKQHB3LiV1Ej1vfX,USUM70700428,1
7,Innit,Nemzzz,146,3B,70,2026-04-27,01:58,59,"uk drill, drill",From Me 2 U,2025-11-21,90,8,0,59,40,10,-5,C♯/D♭ Major,4,6wt8cP0IS02qFL3dbU5V4S,GBAHS2501620,1
8,eediyat,"savemesah,s3L",128,2B,71,2026-04-27,02:15,42,"rage rap, ",eediyat,2025-12-03,70,3,0,34,10,10,-5,F#/G♭ Major,4,1BdcFO85A1c6Wuwp0ELK4r,QT6FF2553246,1
9,21st Century Girl,BTS,101,10B,91,2026-04-27,03:12,65,k-pop,Wings,2016-10-10,72,0,0,76,0,0,-4,D Major,4,52d5NT69mkmr6WzvQJ9vHr,KRA381601903,1
10,UGH!,BTS,166,3A,82,2026-04-27,03:45,67,k-pop,MAP OF THE SOUL : 7,2020-02-21,72,4,0,33,10,0,-5,A#/B♭ Minor,4,2QZe2H1f03t5PJWEMg2Mbe,QM4TX2001950,1
11,Puff Puff Pass,"Young Buck,Ky-Mani Marley",138,7B,53,2026-04-27,04:40,32,"southern hip hop, crunk, reggae, roots reggae, ragga",Buck The World,2006-01-01,73,2,0,44,0,30,-7,F Major,4,4C0Qijf42AEhA7y5f9Ed7Z,USUM70724600,1
12,Dope,BTS,154,3A,89,2026-04-27,04:00,72,k-pop,The Most Beautiful Moment in Life Pt.1,2015-04-29,60,5,0,62,20,30,-3,A#/B♭ Minor,4,7jPCPDYoiaKeK7cgNGpIzq,KRA381210518,1
13,N.O,BTS,147,10A,91,2026-04-27,03:29,67,k-pop,"O!RUL8,2?",2013-09-11,60,4,0,57,10,40,-4,B Minor,4,7JosxtkCqIQieNWXA2Dj3v,KRA341323831,1
14,FaSHioN,CORTIS,77,6A,85,2026-04-27,02:54,83,k-pop,COLOR OUTSIDE THE LINES,2025-09-08,63,1,0,25,10,30,-4,G Minor,4,4ecdsGz3Hg6TKPwQ0ZOdJz,USA2P2536189,4
15,Panic,EsDeeKid,113,10B,93,2026-04-27,01:52,74,,Rebel,2025-06-20,85,3,0,70,20,20,-4,D Major,5,7eCiTvwXk0GEEhWyNmZ7Rv,US38Y2546769,1
16,We On,BTS,97,7A,80,2026-04-27,03:50,60,k-pop,"O!RUL8,2?",2013-09-11,80,4,0,80,10,10,-4,D Minor,4,29vOLabxvytbI8fX9xgTaD,KRA341323832,1
17,CRANK,Playboi Carti,143,10A,87,2026-04-27,02:27,69,rage rap,MUSIC,2025-03-14,70,0,0,53,0,10,-4,B Minor,4,7xAvtuHf8nGi5OtXVPYgb3,USUM72414855,1
18,Way Too Gone,"Jeezy,Future",142,3B,62,2026-04-27,04:47,53,"southern hip hop, crunk, rap, gangster rap",TM:103 Hustlerz Ambition (Deluxe),2011-01-01,74,19,0,28,10,10,-7,C♯/D♭ Major,4,44sQXptPXVOrYvcvf9TSUk,USUM71118886,1
19,항상 (HANGSANG),"j-hope,Supreme Boi",179,2B,90,2026-04-27,03:49,64,"k-pop, k-rap",Hope World,2018-03-02,83,16,0,62,20,20,-5,F#/G♭ Major,4,270k38FpoKhnvZLv50NlTr,QMDA61890755,1
20,Breathe,Yeat,118,1B,55,2026-04-27,02:50,71,rage rap,2093,2024-02-16,76,3,92,11,0,10,-13,B Major,4,5NAOhPAZ57eFAXr3qatS6i,USUM72401623,1
21,Danger,BTS,112,3B,87,2026-04-27,04:05,71,k-pop,Dark & Wild,2014-08-20,74,0,0,38,0,20,-3,C♯/D♭ Major,4,0zzRxtfO5FGxKdqq4OKmlw,KRA381208689,1
22,Agust D,Agust D,80,3A,98,2026-04-27,03:54,71,"k-pop, k-rap",Agust D,2016-08-16,50,2,0,59,30,0,-2,A#/B♭ Minor,4,6AknCCsxOsrJ2mkSdCtET1,USA2P2316842,1
23,Hope World,j-hope,117,3B,90,2026-04-27,03:24,64,"k-pop, k-rap",Hope World,2018-03-02,71,1,0,77,10,60,-4,C♯/D♭ Major,4,5UMPPsXaGbR1qtzcnEtTpM,QMDA61890751,2
24,Flawlëss (feat. Lil Uzi Vert),"Yeat,Lil Uzi Vert",131,3B,81,2026-04-27,02:56,71,"rage rap, melodic rap",Lyfë,2022-09-09,47,7,0,9,30,10,-6,C♯/D♭ Major,4,1a019wP7IdYLexwbmfZPm3,USUM72217061,1
1,Can I Love ? (feat. youra & Meego),"Cosmic Boy,youra,Meego",80,4A,44,2020-06-10,03:49,0,,Can I Love ?,2019-02-18,71,56,0,28,0,10,-4,F Minor,4,4T2cOfemKB0owJS2JOu7dF,KRB471900313,1
2,lovememore.,dosii,156,5A,69,2020-06-10,03:51,0,,dosii,2019-02-28,64,77,2,92,0,0,-8,C Minor,4,7dwqDvzzXQhieo18mxOrAv,KRMIM1902271,1
3,We (OUI),"jeebanoff,sogumm",88,11B,72,2020-06-10,04:26,0,k-rap,We (OUI),2019-04-12,71,52,0,52,10,10,-5,A Major,4,75xxSdoiR2z8b4l8mYnV5C,KRB471900549,1
4,2000/90,GIRIBOY,150,8A,93,2020-06-10,03:42,29,k-rap,Lonely 4songs,2015-09-01,82,30,0,92,20,10,-4,A Minor,4,6T7VYAQOGEuVTPqPSXWtKA,KRA381500114,1
5,내가 날 모르는 것처럼,MR MakeR,78,12B,53,2020-06-10,03:56,0,,인기 MR반주 Vol.12,2019-11-20,59,0,87,29,0,10,-9,E Major,4,3n3U10KLGaUyhFZ1buCVvI,QZEKE1915131,1
6,Swimming pool,george,150,5A,29,2020-06-10,03:29,0,k-ballad,Swimming pool,2018-03-03,47,59,0,11,0,10,-10,C Minor,4,0KlGGlCwuBw9cPcjq7xjgf,KRNAR1802697,1
7,Sometimes,oftn,85,5B,64,2020-06-10,04:13,0,,Sometimes,2018-05-28,56,26,50,37,0,10,-9,D#/E♭ Major,4,4J0UlXgfA8oix1ZcGqTW8v,KRMIM1801394,1
8,"sydney, hongkong (feat. THAMA)","Kid Milli,THAMA",84,10B,56,2020-06-10,03:26,23,k-rap,L I F E,2019-03-14,58,3,0,20,20,10,-4,D Major,4,0HvublBa6Vlo9AZCa4vdil,KRA381900696,1
9,Wonder,ADOY,100,2B,74,2020-06-10,03:55,0,,LOVE,2018-06-15,66,75,54,53,0,10,-6,F#/G♭ Major,4,0v89jw9S9NPzOPCoZnLZxE,KRA531800010,1
10,Outro (Feat. GIRIBOY),"Kid Milli,GIRIBOY",148,9B,74,2020-06-10,03:31,20,k-rap,Maiden Voyage III,2018-11-17,70,87,0,70,20,20,-1,G Major,4,5s4Ea5SOjO1MiXdFajtpVf,KRA381801937,1
11,Grace,ADOY,100,12A,70,2020-06-10,04:05,44,,CATNIP,2017-05-17,62,38,0,64,0,10,-6,C♯/D♭ Minor,4,6hpWk3kV9phxtzxbzzXmIF,KRNAR1702870,1
12,Your Dog Loves You,"Colde,Crush",102,11B,23,2020-06-10,04:30,0,"k-rap, k-pop, k-ballad",Your Dog Loves You,2018-03-28,67,93,0,13,0,10,-12,A Major,4,2XdyebP7KxClMOse2C5iyA,KRNAR1804612,1
13,하루살이,"DEAN,SULLI,Rad Museum",86,3A,49,2020-06-20,03:27,55,"k-rap, k-pop",하루살이,2018-11-09,73,57,0,53,0,20,-8,A#/B♭ Minor,4,2AA1f7utyvXpmtKsEvp5lz,KRUM71800443,1
14,Love Me Harder,WOODZ,130,3A,80,2020-06-30,03:27,0,"k-rock, k-pop",EQUAL,2020-06-29,73,2,0,66,0,10,-4,A#/B♭ Minor,4,6fDFxA3j4WpfeCVihCPWSH,KRMIM2017224,1
15,Jasmine,DPR LIVE,138,4B,49,2020-08-29,03:21,63,k-rap,Jasmine,2017-10-08,60,33,0,40,10,10,-6,G#/A♭ Major,4,2IgbYlOlFpiSFYnsqB39lM,KRA381702312,1
16,Control Me,Colde,172,6A,63,2021-03-31,03:26,0,,Control Me,2019-09-05,66,81,0,74,0,10,-7,G Minor,4,2yGzZkY6OGXWgS5vpd5VuF,QM7281943091,1
1,Heart To Heart,Mac DeMarco,150,1A,14,2023-04-14,03:31,83,"indie, lo-fi indie",Here Comes The Cowboy,2019-05-10,90,67,35,64,10,10,-16,G#/A♭ Minor,4,7EAMXbLcL0qXmciM5SwMh2,QZG4T1900008,1
2,Show Me How,Men I Trust,166,7B,27,2023-04-14,03:35,3,"bedroom pop, indie pop",Show Me How,2018-02-28,79,67,53,54,0,10,-12,F Major,4,01TyFEZu6mHbffsVfxgrFn,TCADM1873570,1
3,Tek It - Sped Up,Cafuné,169,3A,95,2023-04-14,02:46,76,,Tek It (I Watch the Moon),2019-00-00,35,0,0,38,10,0,-5,A#/B♭ Minor,4,0MnTkIEP4zZN1IUSu8MvIz,USEE12200097,1
4,Lovers Rock,TV Girl,105,4A,87,2023-04-14,03:33,88,,French Exit,2014-06-05,56,0,1,57,0,10,-5,F Minor,4,6dBUzqjtbnIa1TwYbyw5CM,USHM21438143,1
5,golden hour,JVKE,94,12B,59,2023-04-14,03:29,78,,this is what falling in love feels like (554Hz),2022-10-03,52,65,16,15,0,20,-5,E Major,3,4yNk9iz9WVJikRFle3XEvn,GBKPL2204171,1
6,the perfect pair,beabadoobee,146,1B,66,2023-04-14,02:57,84,bedroom pop,Beatopia,2022-07-15,63,43,12,60,0,10,-7,B Major,4,41P6Tnd8KIHqON0QIydx6a,GBK3W2202093,1
7,Sunsetz,Cigarettes After Sex,75,8A,48,2023-04-14,03:34,1,dream pop,Cigarettes After Sex,2017-06-09,41,5,80,14,0,10,-9,A Minor,4,69UqtTHfUKAJweQwEStRzC,USBQU1700033,2
8,The Great Gig in the Sky,Pink Floyd,116,7B,22,2023-04-14,04:44,78,"progressive rock, psychedelic rock, classic rock, art rock, rock",The Dark Side of the Moon,1973-03-01,27,77,90,18,0,0,-14,F Major,4,2TjdnqlpwOjhijHCwHCP2d,GBN9Y1100080,1
9,For the First Time,Mac DeMarco,76,4A,53,2023-04-14,03:02,84,"indie, lo-fi indie",This Old Dog,2017-05-05,55,30,1,52,0,10,-10,F Minor,4,2R4AlwtrrkMaRKojcTIzmL,QMMZN1701301,1
10,Cigarettes out the Window,TV Girl,114,8B,66,2023-04-14,03:18,86,,Who Really Cares,2016-02-25,63,12,0,59,0,10,-6,C Major,4,6QeYSvYqYUsfBzsApbjDHO,USCGH1682129,1
11,Blue Hair,TV Girl,136,12B,72,2023-04-14,03:37,84,,Death of a Party Girl,2018-05-08,75,55,5,88,0,20,-6,E Major,4,39sDitIeCMrVX2QyXHY46t,USDY41861506,2
12,M.,Anıl Emre Daldal,100,12A,37,2023-04-14,03:43,73,,M.,2020-12-04,57,57,96,44,0,10,-14,C♯/D♭ Minor,4,6wfb4nI2Vih263JqC8WSoW,TR0532013623,1
13,Shut up My Moms Calling,Hotel Ugly,138,8A,41,2023-04-14,02:44,89,,Shut up My Moms Calling,2020-02-10,49,33,0,38,10,10,-11,A Minor,4,3hxIUxnT27p5WcmjGUXNwx,TCAEQ2083509,1
14,Watching Him Fade Away,Mac DeMarco,139,5B,7,2023-04-14,02:23,73,"indie, lo-fi indie",This Old Dog,2017-05-05,74,98,1,30,0,10,-18,D#/E♭ Major,4,2QzKAF0y1BQhxwg8N05Uog,QMMZN1701310,1
15,Static,Steve Lacy,79,3B,31,2023-04-14,02:36,72,,Gemini Rights,2022-07-15,34,43,63,22,0,10,-13,C♯/D♭ Major,5,4OmfWzukSVD140NiAIEjem,USRC12202285,1
16,Me and Your Mama,Childish Gambino,118,7B,44,2023-04-14,06:19,4,," Awaken, My Love! ",2016-12-02,55,1,3,24,0,0,-12,F Major,3,4AFsRbaLKRWo3dDtjDFA2V,USYAH1600102,2
17,M. - Sped Up Version,Anıl Emre Daldal,125,4A,39,2023-04-14,02:56,51,,Silly Matters (Sped Up Version),2022-11-25,59,58,92,60,0,20,-12,F Minor,4,2BVENsgSCozPejCti0lmwo,TR0532215192,1
18,Inside Out,Duster,79,11B,47,2023-04-14,02:21,73,"slowcore, shoegaze",Stratosphere,1998-02-24,55,84,97,65,0,10,-10,A Major,4,6WlmEymaXKMRs3D2c4j6os,US68F0505011,1
19,Sparks,Coldplay,103,3B,27,2023-04-14,03:47,90,,Parachutes,2000-07-10,37,75,5,17,0,10,-11,C♯/D♭ Major,3,7D0RhFcb3CrfPuTJ0obrod,GBAYE0000569,1
20,Clocks,Coldplay,131,4A,75,2023-04-14,05:07,86,,A Rush of Blood to the Head,2002-08-27,58,60,1,26,0,10,-7,F Minor,4,0BCPKOYdS2jbQ8iyB56Zns,GBAYE0200771,1
21,Where's My Love,SYML,104,5A,36,2023-04-14,03:22,79,,SYML,2019-05-03,60,87,3,37,0,10,-10,C Minor,4,1B62o4CbdL9ckGvwsz2cgn,CAN111700009,2
22,To Build A Home,"The Cinematic Orchestra,Patrick Watson",149,11B,12,2023-04-14,06:11,76,"nu jazz, downtempo, ",Ma Fleur,2007-05-07,26,89,35,7,0,0,-15,A Major,4,54KFQB6N4pn926IUUYZGzK,GBCFB0700100,1
23,snowfall,"Øneheart,reidenshi",95,6B,9,2023-04-14,02:04,84,"dark ambient, ambient",snowfall,2022-01-14,47,93,80,8,0,40,-27,A#/B♭ Major,4,4xF4ZBGPZKxECeDFrqSAG4,QM3DF2191341,1
24,Valentine,Laufey,83,5B,20,2023-04-15,02:48,78,,Everything I Know About Love,2022-08-26,47,92,0,22,0,10,-13,D#/E♭ Major,4,6cx5CvFhqN19efStehJqoW,GBKPL2280365,1
25,WASTE,KXLLSWXTCH,132,9B,12,2023-04-15,02:00,72,trap metal,DISORDER,2021-10-29,63,86,0,11,0,10,-14,G Major,4,4NgherJDfCXWBZBYheM4jK,USUYG1393224,1
26,Apocalypse,Cigarettes After Sex,94,7B,47,2023-04-21,04:50,4,dream pop,Cigarettes After Sex,2017-06-09,37,2,46,17,0,10,-9,F Major,4,3AVrVz5rK8Hrqo9YGiVGN5,USBQU1700034,4
27,Good Looking,Suki Waterhouse,150,12B,55,2023-04-21,03:34,15,,Good Looking,2022-08-18,37,8,0,26,0,10,-9,E Major,3,0j3mqDTK4Z6lvrLzFCUUz6,QZ9Y21712533,1
28,One More Hour,Tame Impala,102,12B,40,2023-04-21,07:12,76,"neo-psychedelic, indie",The Slow Rush,2020-02-14,65,11,11,32,0,10,-9,E Major,4,0mO6oS60RST2sWmN2FKknP,AUUM71900935,1
29,Let You Break My Heart Again,"Laufey,Philharmonia Orchestra",77,10B,14,2023-05-08,04:29,80,"opera, classical, orchestral",Let You Break My Heart Again,2021-08-13,30,97,11,12,0,10,-15,D Major,4,709p9UGPAuyImWf1Z3vjRo,TCAFR2175884,1
30,Moonlight,Kali Uchis,137,6A,72,2023-05-13,03:07,76,,Moonlight,2023-02-24,64,48,0,89,0,10,-6,G Minor,4,2i2gDpKKWjvnRTOZRhaPh2,USUM72219486,1
31,Chamber Of Reflection,Mac DeMarco,131,1B,56,2023-05-19,03:51,84,"indie, lo-fi indie",Salad Days,2014-04-01,54,26,91,51,0,10,-9,B Major,4,7H7NyZ3G075GqPx2evsfeb,QMMZN1300568,1
32,Heavenly,Cigarettes After Sex,105,4B,43,2023-05-19,04:48,3,dream pop,Cry,2019-10-25,54,63,65,12,0,10,-9,G#/A♭ Major,4,1Bh0UzthW8pKEnYg7v40Oa,USBQU1900118,2
33,ベサメ・ムーチョ,Lisa Ono,113,5A,29,2023-09-18,03:19,65,"bossa nova, bolero",Romance Latino vol.3 -Cuba Caliente Y Su Ritmo Sabroso-,2005-08-19,91,74,0,80,0,0,-13,C Minor,4,26nkboSGZauLZQJo2Ni1vA,JPTO00501603,1
34,Lying love,BerthCh,200,5A,47,2023-09-18,01:09,0,,Lying love,2023-07-10,43,86,84,82,0,10,-14,C Minor,4,38dzTj8ml7ZZNvJzmpA4ST,QZNWS2375338,1
35,The Lamp Is Low,Laurindo Almeida,103,9B,31,2023-09-18,02:50,67,"brazilian jazz, bossa nova",Classical Current,1969-09-15,49,89,95,20,0,10,-14,G Major,4,4QzZVJc6qPTtTkPem7qZRo,USWB12302102,1
36,Amtrak,Los Retros,176,9B,70,2023-09-18,02:56,70,"latin indie, bedroom pop",Looking Back,2021-04-30,44,49,0,65,0,0,-7,G Major,4,5F6ekGcdu623mkhTVgk64Z,US2S72145001,1
37,this is what autumn feels like,JVKE,79,5B,44,2023-10-14,03:39,69,,this is what autumn feels like,2023-09-12,24,91,43,16,0,10,-7,D#/E♭ Major,4,2YOGCTiPJWMhZRdeadFj8G,QMDA72396962,1
38,Falling Behind,Laufey,166,9B,35,2023-10-30,02:53,82,,Everything I Know About Love,2022-08-26,45,94,8,55,0,10,-13,G Major,4,4KGGeE7RJsgLNZmnxGFlOj,GBKPL2298396,1
39,A Night To Remember,"beabadoobee,Laufey",115,7A,62,2023-11-01,03:53,77,"bedroom pop, ",A Night To Remember,2023-10-20,73,50,3,57,0,0,-8,D Minor,4,180AbZduI6bYQIzwCHRwu9,GBK3W2302799,1
40,From The Start,Laufey,82,3B,41,2023-11-01,02:49,74,,From The Start,2023-05-11,66,88,0,74,0,10,-7,C♯/D♭ Major,3,1Ukxccao1BlWrPhYkcXbwZ,QM6N22309399,1
41,I Wish You Love,Laufey,108,8B,38,2023-11-01,02:35,71,,Typical of Me EP,2021-04-30,74,84,0,63,0,10,-9,C Major,4,5zHLswJplBXyPstFSSMIOH,TCAFJ2195578,1
42,Promise,Laufey,76,7B,11,2023-11-01,03:54,83,,Bewitched,2023-09-08,26,94,0,9,0,0,-17,F Major,4,08PdFBcXzpkn1cWNgmKqhn,QMDA62312092,1
43,Evergreen,Richy Mitch & The Coal Miners,79,5B,22,2023-12-09,01:27,83,,RMCM,2017-05-17,56,56,0,50,0,10,-12,D#/E♭ Major,3,6me7F0aaZjwDo6RJ5MrfBD,SEYOK1732035,1
44,See You Again (feat. Kali Uchis),"Tyler, The Creator,Kali Uchis",79,2B,56,2023-12-23,03:00,91,,Flower Boy,2017-07-21,56,37,0,62,10,10,-9,F#/G♭ Major,4,7KA4W4McWYRpgf0fWsJZWB,USQX91701275,1
45,Pink + White,Frank Ocean,160,11B,55,2023-12-23,03:04,88,,Blonde,2016-08-20,55,67,0,55,10,40,-7,A Major,3,3xKsf9qdS1CyvXSMEid6g8,QZ5C81600003,1
46,Shootout,"Izzamuzzic,Julien Marchal",87,10B,58,2024-01-06,04:55,66,,Shootout,2022-06-30,66,31,91,55,0,10,-9,D Major,4,4pTkDIlpFNoeWbahu8pVXW,US3DF2266823,1
47,Cry,Cigarettes After Sex,143,9B,40,2024-01-30,04:16,61,dream pop,Cry,2019-10-25,41,76,65,17,0,10,-10,G Major,4,3p4hRhMcb6ch8OLtATMaLw,USBQU1900121,1
48,Fragile,Laufey,149,5B,41,2024-02-02,04:01,72,,Everything I Know About Love,2022-08-26,36,93,0,34,0,20,-12,D#/E♭ Major,4,608wYP5XWenLz8cOSYjX7X,GBKPL2298384,1
49,Kingston,Faye Webster,142,3A,36,2024-02-21,03:22,78,,Atlanta Millionaires Club,2019-05-24,73,15,0,56,0,10,-9,A#/B♭ Minor,4,5WbfFTuIldjL9x7W6y5l7R,US38W1837601,1
50,Sí,"La Lá,Jósean Log",109,9B,32,2024-02-27,02:38,0,"latin folk, latin indie, mexican indie",DEBUT,2023-09-22,57,82,0,18,0,0,-13,G Major,4,5du2uwRLgghKRYT6Lz2ikZ,ES71G2307998,1
51,Let The Light In (feat. Father John Misty),"Lana Del Rey,Father John Misty",132,11B,44,2024-03-06,04:38,78,,Did you know that there's a tunnel under Ocean Blvd,2023-03-24,34,39,0,20,0,10,-10,A Major,4,4qG7hWhljsqqENL5PaLA2z,GBUM72206754,1
52,K.,Cigarettes After Sex,94,5B,40,2024-03-06,05:20,7,dream pop,Cigarettes After Sex,2017-06-09,45,14,84,32,0,10,-10,D#/E♭ Major,4,1FWsomP9StpCcXNWmJk8Cl,USBQU1600214,1
53,End of Beginning,Djo,160,10B,45,2024-03-20,02:39,97,,DECIDE,2022-09-16,69,4,0,91,0,0,-8,D Major,4,3qhlB30KknSejmIvZZLjOD,GBKPL2205058,1
54,Taking What's Not Yours,TV Girl,100,3B,91,2024-03-23,03:25,81,,Who Really Cares,2016-02-25,71,65,0,70,10,0,-6,C♯/D♭ Major,4,53mChDyESfwn9Dz8poHRf6,USCGH1682127,1
55,Too Sweet,Hozier,117,6B,62,2024-04-09,04:11,74,,Unheard,2024-03-22,74,3,0,93,0,0,-6,A#/B♭ Major,4,4IadxL6BUymXlh8RCJJu7T,USSM12401865,3
56,i like the way you kiss me,Artemas,152,1B,95,2024-04-14,02:22,81,,i like the way you kiss me,2024-03-19,60,0,1,75,0,0,-4,B Major,4,2GxrNKugF82CnoRFbQfzPf,QZJ842400387,1
57,Duvet,bôa,93,10A,89,2024-04-24,03:23,86,,Twilight,2001-03-21,58,19,0,71,0,0,-9,B Minor,4,42qNWdLKCI41S4uzfamhFM,USCGJ0659337,1
58,Dreamer,Laufey,117,10B,15,2024-05-01,03:30,56,,Bewitched: The Goddess Edition,2024-04-26,61,95,0,41,0,0,-11,D Major,4,59ufJBDa8L0dduJwcxXnZj,QM6P42387612,1
59,Bewitched,Laufey,139,3B,20,2024-05-01,04:06,54,,Bewitched: The Goddess Edition,2024-04-26,28,95,0,32,0,10,-12,C♯/D♭ Major,3,2e0txm9dWOYCWbfUvPqU75,QM6P42387635,1
60,Goddess,Laufey,79,7B,13,2024-05-01,04:27,68,,Bewitched: The Goddess Edition,2024-04-26,37,97,0,17,0,0,-13,F Major,4,2SEeyc2KS9DIjiJPCYtfgJ,QM4TW2430375,1
61,Lovesick,Laufey,105,12B,37,2024-05-01,03:45,55,,Bewitched: The Goddess Edition,2024-04-26,58,66,0,34,0,10,-10,E Major,4,4bKuWOD35m2axLUKh5h3sl,QM6P42387616,1
62,The Blonde,TV Girl,88,12A,55,2024-05-01,03:47,81,,French Exit,2014-06-05,50,23,91,23,0,20,-8,C♯/D♭ Minor,4,72cGBEqu7RitIOoACXYjfR,USHM21438141,1
63,Better in the Dark,"Jordana,TV Girl",90,11B,64,2024-05-07,02:35,81,,Summer's Over,2021-10-13,68,28,0,70,0,60,-7,A Major,4,3SeDS5sSoWnwAZvVgkdKzf,QM5BK1900509,1
64,My Girlfriend,TV Girl,103,8B,53,2024-05-07,04:08,70,,Lonely Women,2013-06-18,75,29,2,58,0,10,-7,C Major,4,36RNOJkIDAoyfEOHdLhmD3,USHM21316363,1
65,Song About Me,TV Girl,101,9A,95,2024-05-07,04:03,71,,Who Really Cares,2016-02-25,63,0,1,50,0,60,-5,E Minor,4,5ExWCOYjZbMEZCIdlfH2dO,USCGH1682128,1
66,Birds Dont Sing,TV Girl,107,9B,94,2024-05-07,03:29,73,,French Exit,2014-06-05,61,2,0,80,0,10,-5,G Major,4,21LkHnuxPxVrOZ5gCaG7aM,USHM21438136,1
67,"Good Luck, Babe!",Chappell Roan,117,10A,58,2024-06-09,03:38,90,,"Good Luck, Babe!",2024-04-05,70,5,0,79,0,0,-6,B Minor,4,0WbMK4wrZ1wFSty9F7FCgu,USUG12401967,1
68,BIRDS OF A FEATHER,Billie Eilish,105,10B,51,2024-08-01,03:30,94,,HIT ME HARD AND SOFT,2024-05-17,75,20,6,44,0,10,-10,D Major,4,6dOtVTDdiauQNBQEDOtlAB,USUM72401994,1
69,Pretty Boy,TV Girl,108,11B,38,2024-08-01,02:46,66,,Death of a Party Girl,2018-05-08,71,45,0,38,0,20,-7,A Major,4,2vVXZKnEIU5j0yVDGQX46l,USDY41861504,1
70,Safeword,TV Girl,123,8B,49,2024-08-01,03:36,68,,Who Really Cares,2016-02-25,63,27,6,14,0,10,-7,C Major,4,2c4Est3dxGfn834VReid5d,USCGH1682133,1
71,ARE WE STILL FRIENDS?,"Tyler, The Creator",187,6B,50,2024-08-01,04:25,84,,IGOR,2019-05-17,22,13,0,31,0,10,-8,A#/B♭ Major,3,5TxRUOsGeWeRl3xOML59Ai,USQX91901168,1
72,It Could Happen To You,Laufey,81,10B,28,2024-09-02,02:07,61,,Bewitched: The Goddess Edition,2024-04-26,68,78,0,43,0,10,-11,D Major,4,1pyfaPU3aw8JorXRJQf6cs,QM4TW2430374,1
73,Wasted Summers,juju<3,104,8B,64,2024-11-06,02:10,70,,Wasted Summers,2023-07-12,63,11,1,47,0,70,-8,C Major,4,43MifzVnh8W3jJN0xqU9jR,QZNWT2328449,1
74,I Know You,Faye Webster,155,6B,39,2024-11-15,04:11,78,,Faye Webster,2017-05-12,45,29,0,14,0,0,-13,A#/B♭ Major,4,71BWZa1liIRyUiuJ3MB66o,QZ5VZ1600004,1
75,Apocalypse,Cigarettes After Sex,94,7B,47,2024-11-18,04:50,11,dream pop,Cigarettes After Sex,2017-06-09,37,2,57,18,0,10,-9,F Major,4,0yc6Gst2xkRu0eMLeRMGCX,USBQU1700034,4
76,Sunsetz,Cigarettes After Sex,75,8A,48,2024-11-18,03:35,6,dream pop,Cigarettes After Sex,2017-06-09,41,6,81,13,0,10,-9,A Minor,4,0SpkyS1Q4MD8GaVcP5YjT4,USBQU1700033,2
77,Sweet,Cigarettes After Sex,96,2B,51,2024-11-18,04:52,6,dream pop,Cigarettes After Sex,2017-06-09,45,35,76,12,0,10,-9,F#/G♭ Major,4,6ilc4vQcwMPlvAHFfsTGng,USBQU1700036,1
78,Heavenly,Cigarettes After Sex,105,4B,44,2024-11-18,04:46,55,dream pop,Cry,2019-10-25,54,67,70,13,0,10,-9,G#/A♭ Major,4,70YTBH8vOGJNMhy6186yFm,USBQU1900118,2
79,Nothing's Gonna Hurt You Baby,Cigarettes After Sex,97,12B,33,2024-11-18,04:46,4,dream pop,I.,2012-07-21,50,26,15,9,0,10,-14,E Major,4,7cs7MLtAWvsdf3w5kBvfK2,TCACJ1593857,1
80,Ma Meilleure Ennemie (from the series Arcane League of Legends),"Stromae,Pomme,Arcane",88,9A,60,2024-11-28,02:27,75,"french pop, score",Ma Meilleure Ennemie (from the series Arcane League of Legends),2024-11-23,68,0,0,37,10,20,-8,E Minor,4,4lriIG2vNqwDWzOj2I9rtj,USA2P2459602,1
81,Cocktail Molotov (from the series Arcane League of Legends),"Arcane,ZAND",93,4A,97,2024-11-28,02:28,60,"score, ",Arcane League of Legends: Season 2 (Soundtrack from the Animated Series),2024-11-23,49,0,0,27,0,30,-5,F Minor,4,597xDoReZvNnlEoN0IVpVk,USA2P2459597,1
82,Ma Meilleure Ennemie (from the series Arcane League of Legends),"Arcane,Stromae,Pomme",88,9A,60,2024-11-28,02:27,76,"score, french pop",Arcane League of Legends: Season 2 (Soundtrack from the Animated Series),2024-11-23,68,0,0,37,10,20,-8,E Minor,4,2LwsunYgfRoqyIsNtgOCQx,USA2P2459602,1
83,Fantastic (from the series Arcane League of Legends),"Arcane,King Princess",106,7B,64,2024-11-28,03:04,66,"score, ",Arcane League of Legends: Season 2 (Soundtrack from the Animated Series),2024-11-23,56,0,0,29,0,10,-7,F Major,4,071uK6V3dKj3BMNNzTEyRu,USA2P2459603,1
84,No. 1 Party Anthem,Arctic Monkeys,115,8B,70,2024-11-30,04:03,87,"indie, garage rock",AM,2013-09-09,51,33,9,60,0,10,-6,C Major,4,5TTGoX70AFrTvuEtqHK37S,GBCEL1300367,2
85,Sailor Song,Gigi Perez,95,1B,41,2024-11-30,03:31,88,,Sailor Song,2024-07-26,49,68,0,27,0,10,-10,B Major,4,2262bWmqomIaJXwCRHr13j,USHM92438095,1
86,Army Dreamers,Kate Bush,144,9A,7,2024-11-30,02:58,72,"art pop, baroque pop, art rock",Never for Ever,1980-09-08,68,74,0,32,0,0,-22,E Minor,3,6OmdWLjlx4BIDGEO8BZlqH,GBAYE8000334,2
87,PRIDE.,Kendrick Lamar,139,9A,54,2024-11-30,04:35,82,"hip hop, west coast hip hop",DAMN.,2017-04-14,67,8,0,37,0,10,-7,E Minor,4,6IZvVAP7VPPnsGX6bvgkqg,USUM71703084,3
88,Real Man,beabadoobee,130,3A,75,2024-12-15,02:40,79,bedroom pop,This Is How Tomorrow Moves,2024-08-09,56,64,0,44,0,10,-6,A#/B♭ Minor,4,0OpC8hRrbsh24taKOsQBEX,GBK3W2402964,1
89,Coming Home,beabadoobee,204,12B,32,2024-12-15,02:15,63,bedroom pop,This Is How Tomorrow Moves,2024-08-09,42,72,0,68,0,20,-8,E Major,3,36FgNo5lmrUUSrDqXJLsrz,GBK3W2402967,1
90,Like Him (feat. Lola Young),"Tyler, The Creator,Lola Young",96,9A,56,2024-12-15,04:38,85,,CHROMAKOPIA,2024-10-28,39,29,0,19,0,10,-7,E Minor,3,6jbYpRPTEFl1HFKHk1IC0m,USQX92405794,1
91,Juna,Clairo,142,5B,71,2024-12-15,03:15,79,bedroom pop,Charm,2024-07-12,61,24,10,45,0,10,-6,D#/E♭ Major,4,2mWfVxEo4xZYDaz0v7hYrN,USA2P2416229,1
92,Bored,Laufey,139,9B,42,2024-12-15,03:33,73,,Bewitched: The Goddess Edition,2024-04-26,51,91,0,26,0,10,-10,G Major,3,2SPbioo65CuUB3H0aW1ID5,QM4TW2430371,2
93,Magnolia,Laufey,167,3B,26,2024-12-15,03:00,70,,Typical of Me EP,2021-04-30,30,86,0,31,0,10,-12,C♯/D♭ Major,3,0R5vO904RzxDJ30yZaspQD,TCAFJ2195567,1
94,Come Play (from the series Arcane League of Legends),"Stray Kids,Young Miko,Arcane,Tom Morello,League of Legends",95,9B,87,2025-01-02,02:41,70,"k-pop, noise music, trap latino, score, ",Come Play (from the series Arcane League of Legends),2024-10-16,56,0,0,42,10,20,-5,G Major,4,37ozVDmL5b6NNVWFYgAlkz,USA2P2459606,1
95,To Ashes and Blood (from the series Arcane League of Legends),"Woodkid,Arcane,League of Legends",85,2B,70,2025-01-02,04:05,63,"score, ",To Ashes and Blood (from the series Arcane League of Legends),2024-11-09,48,1,4,29,0,10,-7,F#/G♭ Major,4,1clsf1YjKNHVUonDva4fnk,USA2P2459593,1
96,No One Noticed (Extended Spanish),The Marías,98,9B,30,2025-01-10,04:44,80,bedroom pop,No One Noticed (Extended),2024-11-15,63,70,3,35,0,10,-11,G Major,4,2kn0fLwt9QRorHuGdmk6ze,USAT22410707,1
97,Messy,Lola Young,111,11B,56,2025-01-14,04:44,83,,This Wasn't Meant For You Anyway,2024-06-21,80,11,1,65,0,10,-6,A Major,4,35ISBknsCeZQtq66xABI9g,GBUM72401610,1
98,DtMF,Bad Bunny,136,6A,13,2025-01-14,03:57,97,"reggaeton, trap latino, latin, urbano latino",DeBÍ TiRAR MáS FOToS,2025-01-05,63,18,22,3,0,0,-27,G Minor,4,3sK8wGT43QFpWrvNQsrQya,QMFMF2447070,2
99,"Sticky (feat. GloRilla, Sexyy Red & Lil Wayne)","Tyler, The Creator,GloRilla,Sexyy Red,Lil Wayne",80,3B,81,2025-01-14,04:15,80,"rap, hip hop",CHROMAKOPIA,2024-10-28,51,28,0,66,40,40,-4,C♯/D♭ Major,4,3tFed7YsjGnIfxeLEQwx3R,USQX92405790,1
100,"One Of The Girls (with JENNIE, Lily Rose Depp)","The Weeknd,JENNIE,Lily-Rose Depp",85,4B,64,2025-01-14,04:04,92,"k-pop, ",The Idol Episode 4 (Music from the HBO Original Series),2023-06-23,26,4,0,19,0,10,-6,G#/A♭ Major,4,7CyPwkp0oE8Ro9Dd5CUDjW,USUG12303881,2
101,Jump the Turnstile,"Jordana,TV Girl",160,5A,80,2025-01-23,03:42,65,,Summer's Over,2021-10-13,74,18,82,96,0,40,-8,C Minor,4,1YNcvRZoNJUjR4opG7Qr9o,QM5BK1900506,1
102,Wicked Game,Chris Isaak,112,11B,30,2025-03-12,04:49,86,,Heart Shaped World,1989-06-13,66,68,1,36,0,0,-18,A Major,4,7w5AOd6HrDIHewHfpABEss,USRE19900989,2
103,Kiss Me,Sixpence None The Richer,100,5B,75,2025-03-23,03:28,86,,Sixpence None The Richer,1997-11-22,53,2,0,42,0,0,-7,D#/E♭ Major,4,754kgU5rWscRTfvlsuEwFp,USEE19900312,1
104,"Please, Please, Please, Let Me Get What I Want - 2011 Remaster",The Smiths,92,10B,47,2025-04-05,01:52,79,"new wave, madchester, jangle pop",Hatful of Hollow,1984-00-00,24,53,0,45,0,10,-10,D Major,3,6BrMEbPSSj55nQhkgf6DnE,GBCRL1100072,1
105,Best Friend,Laufey,83,5B,41,2025-04-05,02:44,66,,Typical of Me EP,2021-04-30,76,82,0,33,0,10,-10,D#/E♭ Major,4,5zQR0qoA4S1Iwj2bAwW03a,TCAFJ2195330,1
106,ゆめうつつ,Lamp,93,10B,13,2025-04-06,05:15,67,"shibuya-kei, japanese indie, city pop",ランプ幻想,2008-12-03,35,99,46,8,0,0,-17,D Major,4,1GTC0DN9LGOdP0NdvoHyX7,JPG100800130,1
107,Vivo,Gustavo Cerati,180,9B,48,2025-04-09,04:20,70,"argentine rock, latin rock, rock en español, latin alternative",Siempre Es Hoy,2002-11-11,45,1,19,13,0,10,-8,G Major,3,1ShyiEm2kD0XMA7fNhMIVk,ARF030200396,1
108,Friends,Vacations,90,10A,80,2025-04-09,02:32,63,,Vibes,2016-00-00,59,0,25,39,0,0,-6,B Minor,4,0jYfN0oxUjdYmAifDBORz9,SEYOK1669276,1
109,Glue Song (feat. Clairo),"beabadoobee,Clairo",114,3B,39,2025-04-09,02:15,71,bedroom pop,Glue Song (feat. Clairo),2023-04-17,62,78,1,53,0,10,-10,C♯/D♭ Major,3,0tMMPZEt6Gyrl9FI8zSicm,GBK3W2302605,1
110,"not a lot, just forever",Adrianne Lenker,92,3B,27,2025-04-13,04:10,79,,songs,2020-10-23,35,89,0,30,0,0,-13,C♯/D♭ Major,4,11hEwcy9LMEvzAlOYAFhkK,GBAFL2000258,2
111,CHIHIRO,Billie Eilish,110,9B,43,2025-04-13,05:03,87,,HIT ME HARD AND SOFT,2024-05-17,70,14,88,52,0,0,-13,G Major,4,7BRD7x5pt8Lqa1eGYC4dzj,USUM72401988,2
112,Step On Me,The Cardigans,90,10B,47,2025-04-14,03:50,78,swedish pop,First Band On The Moon (Remastered),1996-01-01,33,1,0,14,0,0,-6,D Major,4,6ZaiqbV2GfUtrUlhsu58fN,SEBKB9629370,1
113,After Hours,The Weeknd,109,4A,57,2025-04-20,06:01,83,,After Hours,2020-03-20,66,8,1,14,0,10,-6,F Minor,4,2p8IUWQDrpjuFltbdgLOag,USUG12000586,2
114,the way things go,beabadoobee,132,11B,51,2025-04-21,03:07,76,bedroom pop,the way things go,2023-07-18,53,85,1,46,0,30,-8,A Major,4,5sA3i6SGkILMiZW6Fhx4wv,GBK3W2302683,1
115,NEW MAGIC WAND,"Tyler, The Creator",140,4A,73,2025-04-21,03:15,78,,IGOR,2019-05-17,62,10,0,46,10,60,-5,F Minor,4,0fv2KH6hac06J86hBUTcSf,USQX91901115,1
116,The Bug Collector,Haley Heynderickx,100,6B,42,2025-04-24,03:48,67,,I Need to Start a Garden,2018-03-02,54,78,33,53,0,10,-10,A#/B♭ Major,4,5nVE45ithgyVocZp5XLAk6,QMFW91700130,1
117,Motion Sickness,Phoebe Bridgers,107,3B,55,2025-04-24,03:49,65,,Stranger in the Alps (Deluxe Edition),2018-10-02,65,77,4,62,0,0,-9,C♯/D♭ Major,4,25Syi9wnfn6ZGAmiOBypPq,USJ5G1714202,1
118,Symphonia IX,Current Joys,99,8B,39,2025-05-08,03:01,76,lo-fi indie,Wild Heart,2013-01-02,57,90,76,14,0,30,-12,C Major,4,1rluwEqsWp5tz0lgyOT9rE,TCACS1661027,1
119,welcome and goodbye,"Dream, Ivory",140,5A,72,2025-05-08,02:20,80,,welcome and goodbye,2018-03-31,58,2,76,66,0,0,-5,C Minor,4,00RLNHc2jkEjUoCUlFgPVT,QM42K1745830,1
120,In A Good Way,Faye Webster,71,11B,29,2025-05-08,03:44,75,,I Know I'm Funny haha,2021-06-25,59,19,3,30,0,20,-9,A Major,4,2VYnlKxB8jpbCeLUjQsebc,US38W2040401,1
121,Fear,Current Joys,94,10B,45,2025-05-08,03:36,73,lo-fi indie,A Different Age,2018-03-02,72,70,43,51,0,0,-8,D Major,4,1JbbYSre3n6j2YlfHH31UL,QMBZ91743918,1
122,Watermelon,John + Jane Q. Public,80,9A,79,2025-05-08,01:50,75,,Dinner in America Soundtrack,2022-05-31,62,0,0,55,0,20,-5,E Minor,4,03W2WiY9OSnUI4F9dy9L60,QZHNC2297955,1
123,Everything In Its Right Place,Radiohead,124,4A,46,2025-05-08,04:11,76,"art rock, alternative rock",Kid A,2000-10-02,30,71,5,6,0,10,-11,F Minor,5,2kRFrWaLWiKq48YYVdGcm8,GBAYE0000810,1
124,Where'd All the Time Go?,Dr. Dog,166,10B,82,2025-05-30,03:54,82,,"Shame, Shame (Deluxe Edition)",2010-11-02,45,13,0,57,0,10,-4,D Major,4,0UV5zxRMz6AO4ZwUOZNIKI,USEP40937005,1
125,Lover Girl,Laufey,88,1B,45,2025-06-26,02:44,76,,Lover Girl,2025-06-25,66,84,0,90,10,0,-7,B Major,4,6dWilYAxP2aJbTTt0UsatK,QM6N22553527,1
126,lost woods - slowed + reverb,skywave,85,5B,54,2025-07-22,01:17,63,jersey club,lost woods,2024-05-28,64,76,31,77,0,0,-12,D#/E♭ Major,4,5pnxl9ttXN02vDhYM5YrJz,CA5KR2460733,1
127,Unloveable - 2017 Master,The Smiths,97,10B,52,2025-08-07,03:55,66,"new wave, madchester, jangle pop",The Queen Is Dead (Deluxe Edition),1986-06-16,62,5,26,63,0,0,-8,D Major,4,14WNN9XlshGSckMBNcP6Ez,GBAHT1700349,1
128,Deslocado,NAPA,76,2B,46,2025-08-19,02:59,75,,Deslocado,2025-03-10,57,15,0,41,0,10,-8,F#/G♭ Major,4,31CsSZ9KlQmEu0JvWSkM3j,PTUM72500004,2
129,Ay No Puedo,The Marías,121,11A,46,2025-09-18,03:01,70,bedroom pop,Submarine,2024-05-31,87,62,70,66,0,10,-11,F#/G♭ Minor,4,3L0JDlycMhSA7R0M0OfNIY,USAT22400846,1
130,Sienna,The Marías,148,9B,47,2025-09-18,03:44,87,bedroom pop,Submarine,2024-05-31,69,58,57,59,0,10,-9,G Major,4,0InIeZW4P6VO7dUGRM4AKH,USAT22400849,1
131,スウェイ・イット・フラ・ガール,Lisa Ono,121,6B,32,2025-09-28,04:25,55,"bossa nova, bolero",Bossa Hula Nova,2001-07-11,68,87,3,69,0,10,-13,A#/B♭ Major,4,5CzhAD9QczjC4IYwmlfDPH,JPTO00100844,1
132,Garota de Ipanema - 2006 Version,Lisa Ono,149,4A,40,2025-09-28,04:42,53,"bossa nova, bolero",Around The World,2006-08-11,59,95,10,35,0,10,-12,F Minor,4,75Wq1LZlCcpSTB3YCiV4y6,JPTO00601258,1
133,her (feat. Annika Wells),"JVKE,Annika Wells",144,1B,56,2025-11-13,02:47,74,melodic bass,her (feat. Annika Wells),2025-11-11,47,92,0,42,0,10,-5,B Major,4,2Kc8MeW8prVwHEREYM3wCG,QMFMG2538471,1
134,I Thought I Saw Your Face Today,She & Him,158,9B,55,2026-01-29,02:50,92,christmas,Volume One,2008-03-18,36,33,0,53,0,30,-8,G Major,4,0myRViRgmQ3J8izICXEAVO,USMRG0832405,1
135,back to friends,sombr,93,3B,72,2026-02-17,03:19,91,,back to friends,2024-12-27,44,0,0,24,0,0,-2,C♯/D♭ Major,4,0FTmksd2dxiE5e3rWyJXs6,USWB12405502,3
136,Summertime,The Sundays,96,11B,65,2026-03-03,03:33,63,"dream pop, jangle pop",Static & Silence,1997-09-22,62,13,0,80,0,10,-7,A Major,4,4TwaeQT1YTeBUBRB8NeSCo,USGF19713101,1
137,Out of My League,Fitz and The Tantrums,170,8A,97,2026-03-18,03:29,70,,More Than Just a Dream,2013-05-07,55,4,0,53,0,30,-4,A Minor,4,2Z5wXgysowvzl0nKGNGU0t,USAT21300149,1
138,A New Kind Of Love - Demo,"Frou Frou,Imogen Heap,Guy Sigsworth",133,11B,49,2026-04-13,04:19,80,,A New Kind Of Love (Demo),2022-04-08,67,17,0,33,0,10,-13,A Major,4,3fuyYaLhZ2RoP9eWpvfP1H,GBJPX2100355,1
139,I'm God,"Clams Casino,Imogen Heap",142,10B,64,2026-04-13,04:37,77,"cloud rap, ",Instrumental Relics,2020-04-24,53,7,76,9,0,10,-7,D Major,4,0FVuyC9RP5MACjp4lgU3qZ,QM24S2003584,1
140,Headlock,Imogen Heap,120,6A,37,2026-04-13,03:35,85,,Speak for Yourself (Deluxe Version),2005-00-00,81,79,0,79,0,10,-11,G Minor,4,63Pi2NAx5yCgeLhCTOrEou,GBJPX0500001,1
141,Coladinha no Baile,Amiraldo Soares De Morais,90,2B,57,2026-04-22,02:14,41,,Coladinha no Baile,2026-03-19,78,3,0,87,10,10,-9,F#/G♭ Major,4,7JWVU8pwAI7Rk0jfLxqbxW,AEA3A1971988,1
1,Bite Me,ENHYPEN,105,3B,78,2024-04-15,02:37,80,k-pop,DARK BLOOD,2023-05-22,80,28,0,69,10,10,-5,C♯/D♭ Major,4,7mpdNiaQvygj2rHoxkzMfa,USA2P2319853,1
2,Ditto,NewJeans,134,11A,64,2024-04-15,03:05,80,k-pop,Ditto,2022-12-19,81,3,0,18,10,10,-6,F#/G♭ Minor,4,3r8RuvgbX9s7ammBn07D3W,USA2P2254487,2
3,Magnetic,ILLIT,131,2B,67,2024-05-12,02:40,83,k-pop,SUPER REAL ME,2024-03-25,80,26,0,69,0,0,-6,F#/G♭ Major,4,1aKvZDoLGkNMxoRYgkckZG,USA2P2413259,1
4,Super Shy,NewJeans,150,4A,82,2024-04-15,02:34,80,k-pop,NewJeans 'Super Shy',2023-07-07,78,18,0,52,0,10,-6,F Minor,4,5sdQOyqq2IDhvmx2lHOpwd,USA2P2330068,1
5,Hurt,NewJeans,180,3A,45,2024-04-15,02:57,73,k-pop,NewJeans 1st EP 'New Jeans',2022-08-01,60,73,0,57,0,10,-7,A#/B♭ Minor,4,5expoVGQPvXuwBBFuNGqBd,USA2P2230224,1
6,Super,SEVENTEEN,137,4B,88,2024-04-15,03:20,70,k-pop,SEVENTEEN 10th Mini Album 'FML',2023-04-24,77,16,0,35,0,10,-4,G#/A♭ Major,4,3AOf6YEpxQ894FmrwI9k96,USA2P2310675,1
7,Here With Me,d4vd,132,12B,45,2024-04-15,04:02,21,,Petals to Thorns,2023-05-26,57,53,0,26,0,10,-9,E Major,4,5LrN7yUQAzvthd4QujgPFr,QZMEM2209263,1
8,Smart,LE SSERAFIM,113,3B,68,2024-05-12,02:46,74,k-pop,Smart (Remixes),2024-03-22,80,12,0,59,0,0,-5,C♯/D♭ Major,4,3lwK3WyKAI5bUuGY1OgGbZ,USA2P2402103,1
9,Attention,NewJeans,105,3A,65,2024-05-12,03:00,77,k-pop,NewJeans 1st EP 'New Jeans',2022-08-01,81,24,0,70,0,0,-4,A#/B♭ Minor,4,2pIUpMhHL6L9Z5lnKxJJr9,USA2P2230221,1
10,greedy,Tate McRae,111,11A,71,2024-04-30,02:09,66,,THINK LATER,2023-12-08,75,28,0,86,0,20,-4,F#/G♭ Minor,1,4kfSXPK13aXkLzuz02hCSC,USRC12301932,2
11,SPOT!,"ZICO,JENNIE",108,4A,78,2024-05-02,02:47,74,"k-rap, k-pop",SPOT!,2024-04-26,88,15,0,91,0,10,-4,F Minor,4,1SS0WlKhJewviwEDZ6dWj0,USA2P2421932,1
12,SHEESH,BABYMONSTER,140,10B,73,2024-05-12,02:50,78,k-pop,BABYMONS7ER,2024-04-01,77,11,0,46,10,0,-5,D Major,4,1njlnn8ZKHI77Pe9szIONR,KRA402400016,1
13,Hype Boy,NewJeans,100,9A,94,2024-05-12,02:59,78,k-pop,NewJeans 1st EP 'New Jeans',2022-08-01,59,27,0,78,20,20,-3,E Minor,4,0a4MMyCrzT0En247IhqZbD,USA2P2230222,1
14,You & Me,JENNIE,112,11B,57,2024-05-12,02:59,68,k-pop,JENNIE Special Single [You & Me],2023-10-06,79,2,0,56,0,10,-6,A Major,4,6gcuJpHu0Ey30D5WR76y98,KRA402300041,1
15,Gone,ROSÉ,80,2B,38,2024-05-12,03:27,67,k-pop,R,2021-03-12,65,59,0,65,0,0,-6,F#/G♭ Major,4,2dHoVW9AxJVSRebPRyV2aA,KRA402100041,1
16,SOLO,JENNIE,95,2A,64,2024-05-12,02:49,70,k-pop,SOLO,2018-11-12,75,9,0,39,0,10,-5,D#/E♭ Minor,4,2wVDWtLKXunswWecARNILj,KRA401800139,1
17,On The Ground,ROSÉ,189,3B,61,2024-05-12,02:48,67,k-pop,R,2021-03-12,31,2,0,29,10,10,-7,C♯/D♭ Major,4,2pn8dNVSpYnAtlKFC8Q0DJ,KRA402100040,1
18,Hard to Love,BLACKPINK,105,7B,77,2024-05-12,02:42,63,k-pop,BORN PINK,2022-09-16,65,1,0,46,0,10,-5,F Major,4,3MJhPqL2IgGs7gHEB2M35q,KRA402200024,1
19,OMG,NewJeans,127,8A,77,2026-04-03,03:32,79,k-pop,NewJeans 'OMG',2023-01-02,80,36,0,74,0,10,-4,A Minor,4,65FftemJ1DbbZ45DUfHJXE,USA2P2251723,2
20,New Jeans,NewJeans,134,9A,72,2026-04-03,01:48,79,k-pop,NewJeans 'Super Shy',2023-07-07,81,51,0,53,0,10,-6,E Minor,4,6rdkCkjk6D12xRpdMXy0I2,USA2P2330067,1
21,XO (Only If You Say Yes),ENHYPEN,97,4B,76,2026-04-03,03:08,77,k-pop,ROMANCE : UNTOLD,2024-07-12,66,11,0,47,0,20,-7,G#/A♭ Major,4,3RkSwrsIadAvqVtMp5yhaB,USA2P2436970,2
22,Sweet Venom,ENHYPEN,115,6B,67,2026-04-03,02:28,72,k-pop,ORANGE BLOOD,2023-11-17,84,4,0,91,0,10,-4,A#/B♭ Major,4,2YmfV4lAjrAQvuggKCUX6m,USA2P2343662,1
23,Pink Venom,BLACKPINK,180,12B,75,2026-04-03,03:06,74,k-pop,BORN PINK,2022-09-15,68,1,0,75,10,10,-6,E Major,4,5zwwW9Oq7ubSxoCGyW1nbY,KRA402200017,2
24,Touch,KATSEYE,167,4A,90,2026-04-03,02:09,86,k-pop,Touch,2024-07-26,74,55,0,79,0,0,-3,F Minor,4,6aJn7Cst74cj4lNIiPRgav,USUM72407248,2
25,Gameboy,KATSEYE,120,1B,80,2026-04-03,03:05,83,k-pop,BEAUTIFUL CHAOS,2025-06-26,72,29,0,70,0,0,-4,B Major,4,0LqbLHWFiy0qTfpk1Q1Ggc,USUM72503467,2
26,Gabriela,KATSEYE,146,9B,75,2026-04-03,03:17,91,k-pop,Gabriela,2025-06-20,65,18,0,62,0,30,-5,G Major,4,1xOqGUkyxGQRdCvGpvWKmL,USUM72503465,1
27,JUMP,BLACKPINK,145,4A,93,2026-04-03,02:44,87,k-pop,JUMP,2025-07-11,71,0,0,52,0,10,-6,F Minor,4,5H1sKFMzDeMtXwND3V6hRY,KRA402400094,2
28,Gnarly,KATSEYE,135,5A,83,2026-04-03,02:17,86,k-pop,Gnarly,2025-04-30,78,15,0,66,30,10,-5,C Minor,4,1j15Ar0qGDzIR0v3CQv3JL,USUM72503410,2
29,As If It's Your Last,BLACKPINK,125,4B,85,2026-04-03,03:33,77,k-pop,As If It's Your Last,2017-06-22,79,7,0,46,0,0,-3,G#/A♭ Major,4,4ZxOuNHhpyOj4gv52MtQpT,KRA401700174,1
30,STAY,BLACKPINK,88,3B,43,2026-04-03,03:50,68,k-pop,SQUARE TWO,2016-11-01,63,55,0,34,0,10,-7,C♯/D♭ Major,4,3tP6QKbXvtrxiDI7QwKyUf,KRA401600237,1
31,Forever Young,BLACKPINK,110,12B,95,2026-04-03,03:59,69,k-pop,SQUARE UP,2018-06-15,61,4,0,51,0,0,-3,E Major,4,6veFyjNycn6EaNCKhkPXUY,KRA401800097,1
32,No Doubt,ENHYPEN,130,1A,46,2026-04-03,02:47,76,k-pop,ROMANCE : UNTOLD -daydream-,2024-11-11,84,11,0,52,0,0,-7,G#/A♭ Minor,4,44hqFxUWsADWewEJELnncj,USA2P2464138,2
33,FEVER,ENHYPEN,73,11A,71,2026-04-03,02:52,76,k-pop,BORDER : CARNIVAL,2021-04-26,60,6,0,47,0,10,-5,F#/G♭ Minor,4,0UzymivvUH5s8z4PeWZJaK,USA2P2108331,1
34,Given-Taken,ENHYPEN,108,1A,65,2026-04-03,03:03,72,k-pop,BORDER : DAY ONE,2020-11-30,63,17,0,46,0,30,-5,G#/A♭ Minor,4,69WpV0U7OMNFGyq8I63dcC,USA2P2041798,1
35,10 Months,ENHYPEN,110,11A,73,2026-04-03,03:14,62,k-pop,BORDER : DAY ONE,2020-11-30,88,3,0,71,0,10,-4,F#/G♭ Minor,4,3LcFQsZw01tRvjCNLgSmTv,USA2P2041800,1
36,GO!,CORTIS,150,4B,43,2026-04-03,02:50,83,k-pop,COLOR OUTSIDE THE LINES,2025-09-08,79,22,0,30,30,10,-6,G#/A♭ Major,4,6OWWZtNQORY1McaZmOrwhc,USA2P2536188,2
37,SPAGHETTI,"LE SSERAFIM,j-hope",112,1B,82,2026-04-03,02:52,84,"k-pop, k-rap",SPAGHETTI,2025-10-24,90,8,0,87,0,20,-5,B Major,4,2N9miXnewVmUrgl6JSK1FI,USA2P2552922,2
38,FaSHioN,CORTIS,77,6A,85,2026-04-11,02:54,83,k-pop,COLOR OUTSIDE THE LINES,2025-09-08,63,1,0,25,10,30,-4,G Minor,4,4ecdsGz3Hg6TKPwQ0ZOdJz,USA2P2536189,4
39,What You Want,CORTIS,171,12B,61,2026-04-03,03:14,76,k-pop,What You Want,2025-08-18,57,1,0,59,20,0,-5,E Major,4,3rAcN3CLeSrkhIZN8PHbwb,USA2P2536184,2
40,JoyRide,CORTIS,120,11B,55,2026-04-03,02:37,78,k-pop,COLOR OUTSIDE THE LINES,2025-09-08,75,36,0,19,0,10,-7,A Major,4,6T17ZI0glfM2IGLdUwtnLK,USA2P2536190,2
41,What You Want (feat. Teezo Touchdown),"CORTIS,Teezo Touchdown",171,12B,62,2026-04-03,03:14,68,"k-pop, ",What You Want (feat. Teezo Touchdown),2025-08-22,56,1,0,64,10,0,-5,E Major,4,1pFQRreMptp3dkh64WiUNx,USA2P2536186,1
42,Polaroid Love,ENHYPEN,138,6A,67,2026-04-03,03:04,72,k-pop,DIMENSION : ANSWER,2022-01-10,74,46,0,65,0,30,-4,G Minor,4,5elW2CKSoqjYoJ32AGDxf1,USA2P2146748,1
43,DARARI,TREASURE,85,8B,64,2026-04-03,03:40,66,k-pop,THE SECOND STEP : CHAPTER ONE,2022-02-15,72,49,0,55,0,0,-7,C Major,4,0dcnrLo8s1rhjm8euGjI4n,KRA402100151,1
44,Darl+ing,SEVENTEEN,95,8B,70,2026-04-03,02:56,65,k-pop,SEVENTEEN 4th Album 'Face the Sun',2022-05-27,52,30,0,52,0,40,-5,C Major,4,2j1Es5qEl4pD8GEe2WsYgP,USA2P2212798,1
45,Shadow,SEVENTEEN,152,6B,84,2026-04-03,03:32,64,k-pop,SEVENTEEN 4th Album 'Face the Sun',2022-05-27,69,12,0,70,0,10,-5,A#/B♭ Major,4,2rwJP8OEao5y3xexw52HfD,USA2P2146892,1
46,Rock with you,SEVENTEEN,164,1B,82,2026-04-03,03:00,69,k-pop,SEVENTEEN 9th Mini Album 'Attacca',2021-10-22,62,10,0,69,10,10,-5,B Major,4,6LnEoRQKMcaFTR5UvaKuBy,USA2P2135688,2
47,Circles,SEVENTEEN,82,3B,46,2026-04-03,03:59,60,k-pop,SEVENTEEN 4th Album Repackage 'SECTOR 17',2022-07-18,65,66,0,48,0,10,-6,C♯/D♭ Major,4,6rurduYegrf5XSZrphuyF2,USA2P2212521,1
48,Crush,SEVENTEEN,110,8B,79,2026-04-03,02:49,57,k-pop,SEVENTEEN 9th Mini Album 'Attacca',2021-10-22,85,13,0,88,0,20,-4,C Major,4,68kHuoBxtNcWZWxBu1V007,USA2P2135690,1
49,Drunk-Dazed,ENHYPEN,133,4A,87,2026-04-03,03:13,77,k-pop,BORDER : CARNIVAL,2021-04-26,60,0,0,45,0,0,-5,F Minor,4,1wcr8DjnN59Awev8nnKpQ4,USA2P2108330,1
50,Bad Desire (With or Without You) (English Ver.),ENHYPEN,156,5A,76,2026-04-03,02:21,71,k-pop,DESIRE : UNLEASH,2025-06-05,65,21,0,62,10,10,-5,C Minor,4,4N8IFzGERNBWoQyzYVYEoJ,USA2P2518626,2
51,Fatal Trouble,ENHYPEN,89,6A,74,2026-04-03,02:50,66,k-pop,DARK MOON: THE BLOOD ALTAR (Soundtrack Compilation),2026-01-11,53,5,0,30,0,10,-4,G Minor,4,53sDnvNZNq2vvQmD9SxvWL,USA2P2419394,2
52,ZEN,JENNIE,108,11A,75,2026-04-03,03:21,75,k-pop,Ruby,2025-03-07,69,2,0,21,0,20,-8,F#/G♭ Minor,4,2chbuybiy6aDDBC985tJcP,USQX92500267,1
53,THUNDER,SEVENTEEN,130,4A,84,2026-04-03,02:44,73,k-pop,SEVENTEEN 5th Album 'HAPPY BURSTDAY',2025-05-26,75,3,0,72,0,0,-5,F Minor,4,6oeMntjclWLoguzwj5ECTo,USA2P2501605,2
54,SHOUT OUT,ENHYPEN,160,10B,84,2026-04-03,03:48,71,k-pop,MANIFESTO : DAY 1,2022-07-04,50,0,0,49,0,40,-4,D Major,4,5Z2DNRAhs6r4VdINVkRhYY,USA2P2228071,1
55,Bills,ENHYPEN,89,4B,58,2026-04-03,02:55,66,k-pop,DARK BLOOD,2023-05-22,70,4,0,35,0,10,-6,G#/A♭ Major,4,2nfluhFVrO5OBXPzRWlwlz,USA2P2319856,1
56,VERY NICE,SEVENTEEN,122,2A,90,2026-04-03,03:12,68,k-pop,Love&Letter repackage album,2016-07-04,75,5,0,88,0,0,-3,D#/E♭ Minor,4,1Rrj7KyS2R6SP9CQMDJW1w,KRA381601262,1
57,Adore U,SEVENTEEN,204,9B,85,2026-04-03,03:06,59,k-pop,SEVENTEEN 1st Mini Album ’17 CARAT’,2015-05-29,53,0,0,77,20,10,-3,G Major,4,6wtgR5ZVbOZPHIeMNQwugp,KRA381210844,1
58,Mansae,SEVENTEEN,112,9B,96,2026-04-03,03:06,59,k-pop,SEVENTEEN 2nd Mini Album ‘BOYS BE’,2015-09-10,75,5,0,76,0,10,-2,G Major,4,5rIsrawNyPv1q8v11iwJsh,KRA381500160,1
59,Pretty U,SEVENTEEN,155,4B,93,2026-04-03,03:27,64,k-pop,SEVENTEEN 1ST ALBUM [FIRST ‘LOVE&LETTER’],2016-04-25,64,2,0,88,10,0,-3,G#/A♭ Major,4,1117juaaAkSIUsQxTmmcKM,KRA381600780,1
60,_WORLD,SEVENTEEN,111,7A,81,2026-04-03,02:58,64,k-pop,SEVENTEEN 4th Album Repackage 'SECTOR 17',2022-07-18,71,31,0,79,0,0,-3,D Minor,4,3QwiidVHfeE9y5jl4n2MTC,USA2P2212522,1
61,Home,SEVENTEEN,88,11B,55,2026-04-03,03:23,60,k-pop,SEVENTEEN 6th Mini Album 'YOU MADE MY DAWN',2019-01-21,75,42,0,61,20,0,-5,A Major,4,2Zp4i8aIXc1dGoP7m1wOpa,KRA381900183,1
62,Our dawn is hotter than day,SEVENTEEN,125,1B,75,2026-04-03,03:32,59,k-pop,SEVENTEEN 5th Mini Album 'YOU MAKE MY DAY',2018-07-16,85,49,0,53,0,10,-5,B Major,4,2EGRE8lyfRRGuq7spra3eR,KRA871800012,1
63,A-TEEN,SEVENTEEN,150,1B,79,2026-04-03,03:16,55,k-pop,A-TEEN Part.3,2018-08-13,65,11,0,54,10,30,-5,B Major,4,5P0Uo1LqAgvFuxabQMe81X,KRA381800492,1
64,Don't Wanna Cry,SEVENTEEN,100,8B,68,2026-04-03,03:23,65,k-pop,SEVENTEEN 4th Mini Album ‘Al1’,2017-05-22,78,16,0,72,0,10,-4,C Major,4,6Upu6yjkdi0DVI8E3IBZEU,KRA381701127,1
65,Oh My!,SEVENTEEN,92,4B,89,2026-04-03,03:15,59,k-pop,SEVENTEEN 5th Mini Album 'YOU MAKE MY DAY',2018-07-16,68,25,0,90,20,0,-3,G#/A♭ Major,4,06pQBEBRpmMv9JlxbpLp0E,KRA871800007,2
66,OVERDRIVE,TWS,104,3B,85,2026-04-03,02:40,74,k-pop,TWS 4th Mini Album 'play hard',2025-10-13,81,7,0,67,10,30,-4,C♯/D♭ Major,4,5qAfVxNUxjrELshgTpWxLf,USA2P2543675,1
67,What is Love?,TWICE,170,4B,91,2026-04-05,03:28,78,k-pop,Summer Nights,2018-07-09,57,10,0,57,0,20,-2,G#/A♭ Major,4,3zhbXKFjUDw40pTYyCgt1Y,US5TA1800038,1
68,Love,Keyshia Cole,117,7B,52,2026-04-05,04:15,84,r&b,The Way It Is,2005-01-01,69,6,0,31,0,10,-4,F Major,4,0W4NhJhcqKCqEP2GIpDCDq,USAM10500210,2
69,toxic till the end,ROSÉ,167,9B,60,2026-04-05,02:36,81,k-pop,rosie,2024-12-06,41,5,0,30,10,10,-6,G Major,4,1z5ebC9238uGoBgzYyvGpQ,USAT22409170,1
70,Chk Chk Boom,Stray Kids,102,10B,74,2026-04-05,02:28,80,"k-pop, noise music",ATE,2024-07-19,93,17,0,84,10,0,-3,D Major,4,09keT5ocFhEd5W5HidiUNq,US5TA2400140,2
71,HOT,SEVENTEEN,112,4A,78,2026-04-07,03:17,69,k-pop,SEVENTEEN 4th Album 'Face the Sun',2022-05-27,77,5,0,64,0,30,-4,F Minor,4,6I2tqFhk8tq69iursYxuxd,USA2P2146867,1
72,Bad Desire (With or Without You),ENHYPEN,156,5A,73,2026-04-07,02:21,73,k-pop,DESIRE : UNLEASH,2025-06-05,63,23,0,67,10,10,-5,C Minor,4,38pEX03GFZ0PfFDaOrpKOM,USA2P2518621,1
73,Moonstruck,ENHYPEN,88,9A,63,2026-04-07,02:38,77,k-pop,ROMANCE : UNTOLD,2024-07-12,64,23,0,35,0,10,-6,E Minor,4,3gYWGRS64XrGSrjD3vvtga,USA2P2436969,2
74,WHISTLE,BLACKPINK,103,1B,72,2026-04-07,03:31,73,k-pop,SQUARE ONE,2016-08-08,82,1,0,61,10,0,-5,B Major,4,6NEoeBLQbOMw92qMeLfI40,KRA401600168,1
75,Replay,SHINee,100,3B,78,2026-04-07,03:33,69,k-pop,The SHINee World - The First Album,2008-08-28,72,18,0,59,0,10,-2,C♯/D♭ Major,4,1rp986nzkyAX1wFpxzbwlC,KRA300803086,1
76,Cookie,NewJeans,157,8B,64,2026-04-07,03:55,75,k-pop,NewJeans 1st EP 'New Jeans',2022-08-01,85,6,0,66,0,0,-4,C Major,4,2DwUdMJ5uxv20EhAildreg,USA2P2230223,1
77,CRIMINAL LOVE,ENHYPEN,90,7A,81,2026-04-07,03:35,68,k-pop,CRIMINAL LOVE,2023-07-31,60,7,0,55,0,40,-3,D Minor,3,0Eglu3fErlG196PtTwCUPM,USA2P2335617,1
78,LOVE SCENARIO,iKON,118,9B,71,2026-04-07,03:29,71,k-pop,Return,2018-01-25,81,33,0,75,0,20,-5,G Major,4,3d3ELsqKlQ7WA0a10Isu3l,KRA401800015,1
79,Don't Know What To Do,BLACKPINK,130,11A,64,2026-04-07,03:21,66,k-pop,KILL THIS LOVE,2019-04-05,63,10,0,41,0,10,-4,F#/G♭ Minor,4,38SKB7UfhL6Sd6Joxex5yK,KRA401900006,1
80,FAMOUS,ALLDAY PROJECT,120,8A,76,2026-04-07,03:00,70,k-pop,FAMOUS,2025-06-23,78,7,0,49,0,10,-6,A Minor,4,40UVUuyy5RfpO0awclCttA,KSA002501028,1
81,Fighting (Feat. Lee Young Ji),"BSS,Lee Young Ji",152,10A,86,2026-04-07,03:24,66,"k-pop, k-rap",BSS 1st Single Album 'SECOND WIND',2023-02-06,71,10,0,92,10,10,-3,B Minor,4,7eBpUuPnDTfbeP1P4P93CS,USA2P2251802,1
82,Really,BLACKPINK,142,3B,88,2026-04-07,03:17,59,k-pop,SQUARE UP,2018-06-15,70,2,0,95,10,20,-2,C♯/D♭ Major,4,2URMA0ap6SAI8wFmcY1yta,KRA401800098,1
83,Lovesick Girls,BLACKPINK,128,2B,71,2026-04-07,03:14,72,k-pop,THE ALBUM,2020-10-02,65,1,0,45,0,0,-6,F#/G♭ Major,4,4Ws314Ylb27BVsvlZOy30C,KRA402000136,1
84,Moonwalkin',LNGSHOT,150,5A,69,2026-04-11,03:28,82,k-pop,SHOT CALLERS,2026-01-13,66,26,0,64,0,10,-6,C Minor,4,46V2ciN6F5bxjQWityNhkY,KRMIM2574053,1
85,FaceTime,LNGSHOT,95,1B,75,2026-04-11,02:47,76,k-pop,SHOT CALLERS,2026-01-13,66,5,0,70,0,0,-7,B Major,4,7Ji60z4V0d0IUbuZMkpjJa,KRMIM2574054,1
86,Backseat,LNGSHOT,90,3A,69,2026-04-11,03:02,70,k-pop,SHOT CALLERS,2026-01-13,66,6,0,46,10,10,-6,A#/B♭ Minor,4,2xsZMSE32OCHKWe4A8sM0w,KRMIM2574052,1
87,Are You Ready,LNGSHOT,97,3B,85,2026-04-11,02:35,68,k-pop,4SHOBOIZ MIXTAPE,2026-01-16,68,3,0,54,0,20,-4,C♯/D♭ Major,4,0kEplasbmZGhmSvotJRqBM,KRMIM2601725,1
88,Next 2 U,"OHYUL of LNGSHOT,LOUIS of LNGSHOT",60,8B,75,2026-04-11,02:10,67,k-pop,4SHOBOIZ MIXTAPE,2026-01-16,42,4,0,19,0,30,-5,C Major,4,6Qq5N2ZFOSxink8xHHLGbZ,KRMIM2601730,1
89,FaSHioN,CORTIS,77,6A,85,2026-04-11,02:54,83,k-pop,COLOR OUTSIDE THE LINES,2025-09-08,63,1,0,25,10,30,-4,G Minor,4,4ecdsGz3Hg6TKPwQ0ZOdJz,USA2P2536189,4
90,Saucin',LNGSHOT,145,8B,76,2026-04-11,02:53,66,k-pop,SHOT CALLERS,2026-01-13,74,11,0,75,10,0,-5,C Major,4,7j43jbkVpBrfDe5HCZPU73,KRMIM2572072,1
91,Thinking,"RYUL of LNGSHOT,LOUIS of LNGSHOT",138,2B,86,2026-04-11,01:53,67,k-pop,4SHOBOIZ MIXTAPE,2026-01-16,75,50,0,85,20,0,-5,F#/G♭ Major,4,50kTEFEUSOLV3gQD9Y1Kim,KRMIM2601727,1
1,Into It,Chase Atlantic,130,3A,57,2021-12-18,03:16,83,,Chase Atlantic,2017-10-04,52,5,0,29,0,10,-7,A#/B♭ Minor,4,4HwDCXsMBC7SUdp2WT4MZP,USWB11602565,2
2,Judas,Lady Gaga,131,3A,94,2021-12-18,04:09,78,"art pop, pop",Born This Way,2011-01-01,66,0,0,54,0,30,-4,A#/B♭ Minor,4,0QkWikH5Z3U0f79T9iuF6c,USUM71104998,1
3,Bubblegum Bitch,MARINA,158,5A,86,2021-12-18,02:34,54,,Electra Heart (Deluxe),2012-04-27,50,0,0,61,0,10,-5,C Minor,4,0ZFBKLOZLIM16RAUb5eomN,GBFFS1200008,2
4,Love Me,The 1975,97,3A,80,2021-12-18,03:42,51,,"I like it when you sleep, for you are so beautiful yet so unaware of it",2016-02-26,62,1,0,89,0,60,-3,A#/B♭ Minor,4,5hRzAbY2AAO258hL6oqsqO,GBK3W1500404,1
5,Gimme More,Britney Spears,113,10B,84,2021-12-18,04:11,86,pop,Blackout,2007-10-25,79,25,0,38,0,0,-3,D Major,4,6ic8OlLUNEATToEFU3xmaH,USJI10700609,1
6,Paparazzi,Lady Gaga,115,4A,69,2021-12-18,03:28,82,"art pop, pop",The Fame,2008-01-01,76,11,0,40,0,0,-4,F Minor,4,02XnQdf7sipaKBBHixz3Zp,USUM70824408,1
7,Just Dance,"Lady Gaga,Colby O'Donis",119,12A,74,2021-12-18,04:01,85,"art pop, pop, ",The Fame,2008-01-01,82,3,0,75,0,10,-5,C♯/D♭ Minor,4,1dzQoRqT5ucxXVaAhTcT0J,USUM70807646,1
8,Toxic,2WEI,120,4B,62,2021-12-18,03:57,1,,Sequels,2018-09-20,40,18,44,6,0,10,-10,G#/A♭ Major,4,5zj80ti5GGOgMwXHWyqaDm,US43C1608480,1
9,Confident,Demi Lovato,130,5B,75,2021-12-18,03:25,75,,Confident,2015-01-01,59,0,0,34,0,0,-6,D#/E♭ Major,4,3DXXKDbbZKyAZfNb96ST3q,USHR11536743,3
10,The Real Slim Shady,Eminem,105,4A,66,2021-12-18,04:44,86,"rap, hip hop",The Marshall Mathers LP,2000-05-23,95,3,0,76,0,0,-4,F Minor,4,3yfqSUWxFvZELEM4PmlwIR,USIR10000448,2
11,Only Girl (In The World),Rihanna,126,10A,71,2021-12-18,03:55,89,,Loud,2010-01-01,79,11,0,64,0,0,-4,B Minor,4,2ENexcMEMsYk0rVJigVD3i,USUM71023200,3
12,Promiscuous,"Nelly Furtado,Timbaland",114,3A,97,2021-12-18,04:02,89,,Loose,2006-01-01,81,6,0,87,0,10,-6,A#/B♭ Minor,4,2gam98EZKrF9XuOkU13ApN,USUM70603473,2
13,How to Be a Heartbreaker,MARINA,140,10A,90,2021-12-18,03:41,49,,Electra Heart (Deluxe),2012-04-27,69,1,0,85,0,10,-5,B Minor,4,2Ow4Pmi0VOOLvbmJ8V70qo,GBFFS1200077,2
14,Kiwi,Harry Styles,147,10B,93,2021-12-18,02:56,72,,Harry Styles,2017-05-12,38,0,0,49,0,30,-3,D Major,4,33SNO8AaciGbNaQFkxvPrW,USSM11703958,2
15,Lost in the Fire (feat. The Weeknd),"Gesaffelstein,The Weeknd",101,10B,67,2021-12-18,03:22,82,,Hyperion,2019-03-08,66,9,0,17,0,10,-12,D Major,4,2vXKRlJBXyOcvZYTdNeckS,USQX91803314,3
16,All I Need,Lloyd,126,3A,50,2021-12-18,03:58,0,r&b,All I Need,2021-10-05,72,0,0,29,0,0,-10,A#/B♭ Minor,4,1bpdLkA2MDdMAx043uDIQM,QZ8WX2051120,2
17,Crazy In Love (feat. JAY-Z),"Beyoncé,JAŸ-Z",99,7A,77,2021-12-18,03:56,80,"hip hop, east coast hip hop, rap",Dangerously In Love,2003-06-24,65,0,0,68,20,0,-7,D Minor,4,5IVuqXILoxVWvWEPm82Jxr,USSM10305425,2
18,Royals,Lorde,85,9B,43,2021-12-18,03:10,81,,Pure Heroine,2013-09-27,67,12,0,34,10,10,-10,G Major,4,2dLLR6qlu5UJ5gk0dKz0h3,NZUM71200031,2
19,Rät,Penelope Scott,144,4A,45,2021-12-18,03:14,0,,Public Void,2020-09-25,59,31,0,30,20,10,-13,F Minor,4,25z6kpmIwkCUqk2IORrJ5v,QZK6F2019397,1
20,Hayloft,Mother Mother,96,8A,92,2021-12-18,03:01,3,,O My Heart,2008-09-23,53,0,0,49,0,40,-3,A Minor,4,2kS6td1yvmpNgZTt1q5pQq,CAL450882108,1
21,"Me, Myself & I","G-Eazy,Bebe Rexha",112,5A,67,2021-12-18,04:11,82,,When It's Dark Out,2015-12-04,76,2,0,39,10,10,-7,C Minor,4,40YcuQysJ0KlGQTeGUosTC,USRC11502210,2
22,OHMAMI,Chase Atlantic,126,3A,72,2021-12-18,03:46,64,,OHMAMI,2021-06-25,63,5,0,40,10,20,-6,A#/B♭ Minor,4,2zVaxB54fNngkbWs5uZnla,US5262124147,2
23,Power & Control,MARINA,120,8A,90,2021-12-18,03:46,50,,Electra Heart (Deluxe),2012-04-27,53,1,0,48,0,10,-5,A Minor,4,2IPMpbBwyCm2V6azTZgAKj,GBFFS1200014,3
24,Look What You Made Me Do,Taylor Swift,128,8A,71,2021-12-18,03:31,79,,reputation,2017-11-10,77,20,0,51,10,10,-6,A Minor,4,1P17dC1amhFzptugyAO7Il,USCJY1750000,2
25,ESCORT,Chase Atlantic,102,1B,62,2021-12-18,03:38,53,,ESCORT,2021-10-14,56,0,0,10,0,10,-5,B Major,4,6yfScK103B2KuUHf7aZ6Tp,US5262124385,1
26,What's My Name?,"Rihanna,Drake",100,10B,78,2021-12-20,04:23,81,rap,Loud,2010-01-01,69,18,0,56,0,0,-3,D Major,4,6DkXLzBQT7cwXmTyzAB1DJ,USUM71025031,1
27,Killer Scene,Pale Honey,142,12B,65,2021-12-20,03:28,37,,"Some Time, Alone",2020-11-06,62,7,0,33,0,10,-8,E Major,4,4bdNEYkmvHCvwnFwZtjpgv,SE3T62002006,1
28,Confident,"Justin Bieber,Chance the Rapper",134,4A,56,2022-01-20,04:08,75,,Journals,2014-05-13,74,11,0,88,10,10,-5,F Minor,4,5Isz0twJeFdduOQEFQLezv,USUM71319306,2
29,it's not u it's me,"Bea Miller,6LACK",151,5A,57,2022-01-20,03:14,52,,it's not u it's me,2019-03-01,78,2,0,75,10,0,-6,C Minor,4,7cLm450e9XaPrEZTSTsfwU,USHR11939059,1
30,Control,Halsey,120,9A,68,2022-01-20,03:34,71,,BADLANDS (Deluxe),2015-08-28,55,40,0,21,0,10,-6,E Minor,4,3SKzTIl9mW0DadTys9SFo3,USUM71507636,3
31,Poker Face,Lady Gaga,119,12B,81,2022-02-12,03:57,86,"art pop, pop",The Fame,2008-01-01,85,12,0,77,0,10,-5,E Major,4,1QV6tiMFM6fSOKOGLMHYYg,USUM70824409,1
32,Bloody Mary,Lady Gaga,100,8A,63,2023-01-28,04:04,76,"art pop, pop",Born This Way (International Special Edition Version),2011-05-23,59,1,0,44,0,10,-6,A Minor,4,53jnnqFSRGMDB9ADrNriCA,USUM71106449,1
33,Used To Be My Girl,The Last Shadow Puppets,109,8A,80,2023-01-28,02:55,55,baroque pop,Everything You've Come To Expect (Deluxe Edition),2016-12-02,59,0,16,75,0,0,-7,A Minor,4,4QzJg2N57KhY0tDVmEVIgU,GBCEL1600012,1
34,One Way Or Another,Blondie,161,11A,80,2023-03-17,03:36,64,,Best Of Blondie,1981-10-31,47,8,0,91,0,20,-12,F#/G♭ Minor,4,1gKmnrz6SzJlGMNRKBLx1V,USCH38500014,1
35,How You Like That,BLACKPINK,130,1B,76,2023-04-27,03:02,76,k-pop,THE ALBUM,2020-10-02,81,5,0,34,0,0,-5,B Major,4,4SFknyjLcyTLJFPKD2m96o,KRA402000111,1
36,Pink Venom,BLACKPINK,180,12B,75,2023-04-27,03:06,74,k-pop,BORN PINK,2022-09-15,68,1,0,75,10,10,-6,E Major,4,5zwwW9Oq7ubSxoCGyW1nbY,KRA402200017,2
37,Kill This Love,BLACKPINK,132,7A,84,2023-04-27,03:11,75,k-pop,KILL THIS LOVE,2019-04-05,76,32,0,65,10,20,-5,D Minor,4,6hvczQ05jc1yGlp9zhb95V,KRA401900005,3
38,BOOMBAYAH,BLACKPINK,125,4A,84,2023-04-27,04:00,77,k-pop,SQUARE ONE,2016-08-08,66,0,0,40,0,50,-3,F Minor,4,13MF2TYuyfITClL1R2ei6e,KRA401600169,1
39,7 rings,Ariana Grande,140,12A,32,2023-04-27,02:58,86,pop,"thank u, next",2019-02-08,78,59,0,33,30,0,-11,C♯/D♭ Minor,4,6ocbgoVGwYJhOv1GgI9NsF,USUM71900110,1
40,Bones,Imagine Dragons,114,4A,75,2023-04-27,02:45,82,,Mercury - Acts 1 & 2,2022-07-01,77,2,0,59,0,0,-4,F Minor,4,54ipXppHLA8U4yqpOFTUhr,USUM72201759,1
41,Rain (from The Suicide Squad),"grandson,Jessie Reyez",126,3A,64,2023-04-27,03:56,58,,Rain (from The Suicide Squad),2021-06-22,48,1,0,22,0,30,-7,A#/B♭ Minor,4,6gi7qsHSH2JWZsTRHndxqm,USAT22102417,1
42,I Kissed A Girl,Katy Perry,130,7B,76,2023-04-27,02:59,78,pop,One Of The Boys,2008-06-17,70,0,0,70,0,10,-3,F Major,4,14iN3o8ptQ8cFVZTEmyQRV,USCA20801738,1
43,R U Mine?,Arctic Monkeys,97,11A,76,2023-04-27,03:21,0,"indie, garage rock",AM,2013-01-01,29,1,0,62,0,30,-6,F#/G♭ Minor,4,29tzJGvqJPTAFs6LXmsHoA,GBCEL1300363,1
44,Snap Out Of It,Arctic Monkeys,130,4A,64,2023-04-27,03:13,81,"indie, garage rock",AM,2013-09-09,73,25,0,87,0,10,-6,F Minor,4,0NdTUS4UiNYCNn5FgVqKQY,GBCEL1300371,2
45,Arabella,Arctic Monkeys,180,10B,56,2023-04-27,03:27,77,"indie, garage rock",AM,2013-09-09,58,2,0,51,0,20,-7,D Major,4,7nzsY8vlnKdvGOEE0rjAXZ,GBCEL1300365,1
46,Break My Heart,Dua Lipa,113,9A,73,2023-04-27,03:41,81,pop,Future Nostalgia,2020-03-27,73,17,0,47,0,30,-3,E Minor,4,017PF4Q3l4DBUiWoXk4OWT,GBAHT1901303,1
47,No Roots,Alice Merton,116,9A,67,2023-05-30,03:57,65,,Mint,2019-01-18,86,26,0,82,10,0,-7,E Minor,4,3D5wnLaeVlCCIPzQOOAirA,DEVQ71600001,1
48,Closer,Nine Inch Nails,90,3A,72,2023-06-03,06:13,76,"industrial rock, industrial, industrial metal, alternative metal, nu metal",The Downward Spiral (Deluxe Edition),1994-03-08,55,0,67,59,0,10,-9,A#/B♭ Minor,4,5mc6EyF1OIEOhAkD0Gg9Lc,USIR19400529,1
49,VILLAIN,"K/DA,Madison Beer,Kim Petras,League of Legends",160,4A,63,2023-06-03,03:19,7,"k-pop, ",ALL OUT,2020-11-06,65,2,0,31,0,0,-6,F Minor,4,3QSjVPObHxuAJc3E5nrjRn,QZH6S1900275,2
50,Beautiful Is Boring,BONES UK,92,2B,93,2023-06-03,03:51,1,,Bones UK,2019-07-12,54,0,0,50,0,30,-3,F#/G♭ Major,4,6uguPVToau9mv1nDKU1JL8,USHM81716700,1
51,my ordinary life (slowed + reverb) - Slowed,Leverutlo,141,4A,39,2023-06-03,04:46,0,,my ordinary life (slowed + reverb) [Slowed],2021-01-22,67,1,54,66,0,20,-17,F Minor,4,6N4w4TCWR5oPK5SsVBh83e,QZFZ22176802,1
52,idfc,blackbear,145,9A,42,2023-06-03,03:27,70,,dead,2015-06-02,72,8,0,46,0,10,-9,E Minor,4,3SErMoIKdRELto2OspGs5L,USLD90811103,2
53,Undisclosed Desires,Muse,116,4B,59,2023-06-18,03:55,71,"alternative rock, rock",The Resistance,2009-09-10,68,1,2,64,0,0,-7,G#/A♭ Major,4,0It6VJoMAare1zdV2wxqZq,GBAHT0900322,1
54,Bang Bang Bang Bang,Sohodolls,94,3A,58,2023-06-18,03:01,66,,Ribbed Music for the Numb Generation,2009-03-30,73,54,0,37,0,10,-7,A#/B♭ Minor,4,0WTCo2nNtSRCrGCiQuZO8d,GBHGV0700025,1
55,Used to the Darkness,Des Rocs,106,9A,75,2023-06-18,04:16,61,,Let the Vultures In,2018-11-02,67,18,0,47,0,10,-5,E Minor,4,3SemJVQCsUo0K3QGN7pIXu,GBKPL1805608,1
56,A Good Song Never Dies,Saint Motel,120,7A,81,2023-06-18,03:21,64,,The Original Motion Picture Soundtrack,2021-06-25,68,5,0,56,0,0,-4,D Minor,4,5K43AHQPTJTqlyRZ3uBGKz,USAT22000985,1
57,Verbatim,Mother Mother,78,9B,58,2023-06-18,02:48,1,,Touch Up,2007-05-08,83,31,0,49,30,10,-7,G Major,4,266Vb7ItE3o1q8HdJ9QOvn,CAL450793908,2
58,Far From Home (The Raven),Sam Tinnesz,187,2A,45,2023-06-18,04:24,49,,Far From Home (The Raven),2018-05-02,17,15,0,13,0,10,-10,D#/E♭ Minor,3,4kH98W7Wqeycg6CzrrX8JP,QM24S1809229,1
59,Everybody Loves Me,OneRepublic,170,12B,90,2023-06-19,03:38,40,soft pop,Waking Up (Deluxe),2009-01-01,57,5,0,68,0,0,-6,E Major,4,2e42fb37LVhtCOescNb1yN,USUM70974275,1
60,Young God,Halsey,120,8A,60,2023-06-19,03:00,55,,BADLANDS (Deluxe),2015-08-28,45,33,0,20,0,10,-7,A Minor,4,5x2XIAdvFxWCwIOMNkbWUj,USUM71507635,1
61,Friends,Chase Atlantic,107,10A,61,2023-06-19,03:50,3,,Nostalgia,2015-02-21,42,1,0,9,0,10,-6,B Minor,3,2jQiSYrwJehQAcuaaQrXnS,GBLFP1508173,2
62,My Ordinary Life,The Living Tombstone,176,8A,66,2023-06-19,03:50,74,,My Ordinary Life,2017-11-23,68,2,35,58,0,20,-9,A Minor,4,6tMdpUXfT70TD6Eh3XfB1p,QZANL1777908,1
63,Pump It,Black Eyed Peas,154,12A,93,2023-06-19,03:33,85,,Monkey Business,2005-01-01,65,1,0,74,10,70,-3,C♯/D♭ Minor,4,2ygMBIctKIAfbEBcT9065L,USIR10500407,1
64,Holding On To Hell,Gin Wigmore,129,10B,85,2023-06-20,03:13,29,,Blood To Bone (Deluxe),2015-12-04,73,0,0,58,0,0,-5,D Major,4,4guIYkutVOWAusVN7E9k6b,AUUM71500273,1
65,I WANNA BE YOUR SLAVE,Måneskin,133,3B,61,2023-06-20,02:53,86,,Teatro d'ira - Vol. I,2021-03-19,75,0,0,96,0,10,-4,C♯/D♭ Major,4,4pt5fDVTg5GhEvEtlz9dKk,ITB002100115,1
66,Kill Of The Night,Gin Wigmore,126,8B,71,2023-06-20,03:25,24,,Witchy Vibes,2019-10-11,50,1,0,50,0,30,-6,C Major,4,5ITUN3ieNCoYMquXVn7ySW,AUUM71101239,1
67,Animals,Maroon 5,190,9A,74,2023-06-20,03:51,85,pop,V,2014-09-02,28,0,0,33,0,50,-6,E Minor,4,2bL2gyO6kBdLkNSkxXNh6x,USUM71409576,2
68,Call Me Over,Always Never,140,10B,78,2023-06-23,02:38,31,"dark r&b, trap soul",Always Never,2018-08-24,51,8,0,25,0,0,-5,D Major,4,47fhDwRoNeW2RU0zd6fDF0,QM24S1703004,1
69,From Tha Back Miss The Rage - Interlude,framed,76,3A,60,2023-06-23,01:30,0,,From Tha Back Miss The Rage (Interlude),2021-09-07,50,0,74,45,0,10,-14,A#/B♭ Minor,4,0Kavbx1Vua5BAqloRTiPMJ,GBLLT2146038,1
70,Way 2 Sexy (with Future & Young Thug),"Drake,Future,Young Thug",136,10A,60,2023-06-23,04:17,75,"rap, melodic rap, trap",Certified Lover Boy,2021-09-03,80,0,0,33,10,30,-6,B Minor,4,0k1WUmIRnG3xU6fvvDVfRG,USUG12104403,1
71,Gimme! Gimme! Gimme! (A Man After Midnight),ABBA,119,7A,66,2023-06-24,04:49,52,,ABBA Gold,2008-01-01,71,3,0,69,0,30,-6,D Minor,4,1DSfSCGnvhEP8XA2oKkcCq,SEAYD7901120,1
72,Bezos I,Bo Burnham,115,10B,95,2023-06-24,00:58,0,comedy,Inside (The Songs),2021-06-10,69,1,0,71,0,10,-5,D Major,4,0Kdj7nwaYQmvhxnqZaIQuW,USA2P2122060,1
73,bad guy,Billie Eilish,135,9B,43,2023-06-27,03:14,83,,"WHEN WE ALL FALL ASLEEP, WHERE DO WE GO?",2019-03-29,70,33,13,56,30,10,-11,G Major,4,2Fxmhks0bxGSBdJ92vM42m,USUM71900764,1
74,do re mi,blackbear,111,4B,59,2023-06-27,03:32,77,,digital druglord,2017-04-21,75,1,0,17,0,10,-6,G#/A♭ Major,3,6Se3x9ANMLv0dCDsjGmEjh,USLD91700850,1
75,Buttons,The Pussycat Dolls,211,10B,82,2023-06-27,03:45,77,,PCD,2005-01-01,56,15,0,48,20,20,-4,D Major,4,314QzMOrpNUqWBUozYshf6,USUM70500444,1
76,S&M,Rihanna,128,3B,68,2023-06-27,04:03,76,,Loud,2010-11-16,77,1,0,83,0,10,-5,C♯/D♭ Major,4,0C4ejWmOTMv8vuYj85mf8m,USUM71026591,1
77,Touch It,Busta Rhymes,138,3B,55,2023-06-27,03:34,64,east coast hip hop,The Big Bang,2006-01-01,66,0,0,44,30,20,-7,C♯/D♭ Major,5,3HVJbdz0V402U5YggQK4Ao,USUM70505393,1
78,Runway Walk (Bonus) (feat. Brevi),Demrick,93,9B,67,2023-06-27,03:10,75,,#HeadsUP,2014-01-07,76,2,0,54,20,20,-9,G Major,4,49G3ExbNrPDgopoEwjhEsQ,USUYG1038821,1
79,Pretty Savage,BLACKPINK,152,8A,56,2023-06-27,03:21,72,k-pop,THE ALBUM,2020-10-02,70,1,0,33,0,10,-7,A Minor,4,1XnpzbOGptRwfJhZgLbmSr,KRA402000133,1
80,Goodbye (feat. Lyse) - Slow Version,"Feder,Lyse",93,12A,68,2023-07-05,03:05,56,,Goodbye (feat. Lyse) [Slow Version],2020-10-02,76,17,84,14,0,10,-6,C♯/D♭ Minor,4,0Cp85ha3RN0FDytbku8nzq,FRY682000007,1
81,Slow Down,Chase Atlantic,130,6B,79,2023-07-14,03:32,6,,Paradise EP,2016-12-20,48,2,0,26,0,20,-4,A#/B♭ Major,4,5lT5IZWW3JQErXELJpQgJ9,AUBEC1933728,2
82,Church,Chase Atlantic,113,4A,82,2023-07-14,03:40,73,,Part One,2017-01-27,56,1,0,29,0,10,-5,F Minor,4,7bbYT48HWWIbL3YKmtMNzn,USWB11602566,2
83,Feel It Still,Portugal. The Man,79,12A,80,2023-07-17,02:43,84,,Woodstock,2017-06-16,80,4,0,75,0,0,-5,C♯/D♭ Minor,4,6QgjcU0zLnzq5OrUoSZ3OK,USAT21700437,1
84,Cake By The Ocean,DNCE,119,9A,75,2023-07-17,03:39,84,,DNCE,2016-11-18,77,15,0,90,0,0,-5,E Minor,4,76hfruVvmfQbw0eYn1nmeC,USUM71514637,1
85,Kissing Strangers,"DNCE,Nicki Minaj",120,9B,74,2023-07-17,03:22,61,,Kissing Strangers,2017-04-14,77,5,0,86,0,0,-6,G Major,4,1NkwZ9TnIs8js6G0M6M7RU,USUM71703401,1
86,Talk Too Much,COIN,104,12B,89,2023-07-17,03:08,66,,How Will You Know If You Never Try,2017-04-21,60,1,0,48,0,30,-5,E Major,4,4djIFfof5TpbSGRZUpsTXq,USSM11602662,1
87,Rock Your Body,Justin Timberlake,101,9A,71,2023-07-17,04:27,85,,Justified,2002-11-04,89,20,0,82,10,0,-6,E Minor,4,1AWQoqb9bSvzTjaLralEkT,USJI10200367,1
88,Toothbrush,DNCE,105,9B,79,2023-07-17,03:51,70,,DNCE,2016-11-18,56,12,0,83,10,40,-6,G Major,4,7ciLq0Cip0yxiz6KANrOUq,USUM71516725,1
89,Move,DNCE,120,6A,79,2023-07-17,02:36,51,,Move,2022-05-06,74,0,0,90,0,20,-6,G Minor,4,2ZzHR2sOKAOKyN8efCa69E,USUM72207324,1
90,Don’t Blame Me,Taylor Swift,136,8A,53,2023-10-14,03:56,83,,reputation,2017-11-10,62,11,0,19,0,0,-7,A Minor,4,1R0a2iXumgCiFb7HEZ7gUE,USCJY1750006,1
91,No Church In The Wild,"JAŸ-Z,Kanye West,Frank Ocean,THE-DREAM",93,1A,75,2024-12-01,04:32,80,"hip hop, east coast hip hop, rap, r&b",Watch The Throne,2011-08-08,65,24,2,56,10,10,-8,G#/A♭ Minor,4,7r6PigmGzlB3YPB7wvBBbi,USUM71111617,1
92,People I Don't Like,UPSAHL,90,10A,56,2025-04-21,02:22,34,,People I Don't Like,2020-07-17,76,25,0,54,20,30,-7,B Minor,4,1dBQlSKl49IlZI50R5eKoH,USQX92003332,3
93,Cupid - Twin Ver.,FIFTY FIFTY,120,10A,59,2025-06-06,02:54,6,k-pop,The Beginning: Cupid,2023-02-24,78,44,0,73,0,30,-8,B Minor,4,7FbrGaHYVDmfr7KoLIZnQ7,KSA012239181,1
94,Breakin' Dishes,Rihanna,125,1A,67,2025-07-05,03:20,86,,Good Girl Gone Bad: Reloaded,2008-06-02,80,0,0,88,0,0,-4,G#/A♭ Minor,4,46aZJc0z1HHHSFxaIRxYSP,USUM70734702,4
95,Breaking Dishes - Slowed & Reverb,"Nikko,Jynxx",111,8A,93,2025-07-05,03:46,46,,Breaking Dishes,2025-02-04,80,3,0,65,0,10,-3,A Minor,4,2UbDulrHdvgn8IdaHctlou,MXA3V2424658,1
96,Manchild,Sabrina Carpenter,123,9B,69,2025-07-13,03:33,87,pop,Manchild,2025-06-05,73,12,0,81,0,30,-5,G Major,4,42UBPzRMh5yyz0EDPr6fr1,USUM72504354,3
97,Espresso,Sabrina Carpenter,104,8B,76,2025-07-13,02:55,86,pop,Espresso,2024-04-12,70,11,0,69,0,10,-5,C Major,4,2qSkIjg1o9h3YT9RAgYN75,USUM72403305,2
98,Beggin',Måneskin,134,10A,80,2026-04-21,03:31,87,,Chosen,2017-12-08,71,13,0,59,0,30,-5,B Minor,4,3Wrjm47oTz2sjIgck11l5e,ITB001700846,1
99,Feeling Good,Michael Bublé,115,3B,55,2026-04-21,03:57,73,christmas,It's Time,2005-02-08,54,53,0,48,0,10,-7,C♯/D♭ Major,3,1AM8QdDFZMq6SrrqUnuQ9P,USRE10401889,2
100,Maneater,Nelly Furtado,133,2B,78,2026-04-21,04:18,86,,Loose,2006-01-01,80,3,0,79,0,10,-5,F#/G♭ Major,4,4wH4dJgrsxONID6KS2tDQM,USUM70601449,4
1,Irreplaceable,Beyoncé,176,6A,69,2025-02-02,03:47,73,,B'Day Deluxe Edition,2007-05-29,45,3,0,51,30,10,-5,G Minor,4,6RX5iL93VZ5fKmyvNXvF1r,USSM10603620,1
2,She's Got All The Friends That Money Can Buy,Chumbawamba,122,11B,72,2025-02-02,03:11,26,,WYSIWYG,2000-04-04,53,7,0,25,0,40,-7,A Major,4,3CysZu1IG29JR1zh3cxBUC,DEA349901267,1
3,Real Men,Mitski,109,8A,41,2025-02-02,02:41,61,,Lush,2012-01-31,76,18,0,72,0,0,-8,A Minor,3,1BkQ2tVHP4VATMyuu7KU8Z,USCGH1222959,4
4,The Fine Print,The Stupendium,91,8B,91,2025-02-02,04:34,62,,The Fine Print (The Outer Worlds Song),2019-12-02,76,29,0,77,10,50,-4,C Major,4,73MWNenV7mQGUdXB8npY4H,QZK6Q1930448,1
5,Chemical Overreaction / Compound Fracture - 2020 Remastered Version,Will Wood and the Tapeworms,107,8A,99,2025-02-02,03:22,54,,Everything is a Lot (2020 Remastered Version),2020-12-25,35,2,0,18,10,0,-2,A Minor,4,6IL01C6dNgO1XozcWG9iVN,USCGH2118282,1
6,Almost There,Anika Noni Rose,79,8B,50,2025-02-02,02:24,66,,The Princess and the Frog (Original Motion Picture Soundtrack),2009-11-23,51,81,0,51,0,20,-6,C Major,4,2GLyruWagsv8o7aGNXboH1,USWD10936987,2
7,Devil,Slayyyter,108,10A,85,2025-02-02,02:57,44,hyperpop,Slayyyter,2019-09-17,72,0,9,54,0,0,-5,B Minor,4,6mfsAvXQ3pTT5tEnKKbxZp,QZHN31940608,1
8,Mascara,Jazmine Sullivan,144,2A,64,2025-02-02,04:13,42,r&b,Reality Show,2015-01-12,67,5,0,25,0,0,-7,D#/E♭ Minor,4,1EIdwrjUNFB2qoKj033ABC,USRC11401530,1
9,In A Minute,Poppy,180,10B,74,2025-02-02,02:53,33,,Am I A Girl?,2018-10-31,68,6,0,41,10,10,-5,D Major,4,7AkxKbVlqpjSGtuNT5LIuL,USZ4V1800127,1
10,10/10 (Don't Recommend),Nico Collins,146,3A,63,2025-02-02,03:20,35,nightcore,10/10 (Don't Recommend),2018-03-17,71,11,0,73,0,10,-6,A#/B♭ Minor,4,0y0A4zXgD0F9fowFSbJ80N,uscgj1852233,1
11,Pageant Material,Kacey Musgraves,94,1B,75,2025-02-02,03:53,43,,Pageant Material,2015-06-23,65,44,0,92,0,20,-7,B Major,4,0tVtxY5EotWzEafJhyCAhf,USUM71504469,1
12,Never Shut Up Again,"T'Shan Williams,Dominic Andersen,Christopher Chung,Original West End Cast of Heathers",124,3A,75,2025-02-02,03:16,58,musicals,Heathers the Musical (Original West End Cast Recording),2019-03-01,74,16,0,77,10,30,-4,A#/B♭ Minor,4,3JCCvTgni9OxtLGzOxxHH2,USSK31993188,1
13,What Else Can I Do?,"Diane Guerrero,Stephanie Beatriz",120,12B,71,2025-02-02,02:59,67,,Encanto (Original Motion Picture Soundtrack),2021-11-19,72,26,0,54,0,10,-6,E Major,4,3XoYqtiWHhsk59frZupImG,USWD12112916,3
14,Babylon,Lady Gaga,116,10B,80,2025-02-02,02:41,58,"art pop, pop",Chromatica,2020-05-29,70,1,0,35,0,20,-4,D Major,4,5DttNeiizFqWUON9hZBqTY,USUM72004313,1
15,"Money Game, Pt. 2",Ren,98,6A,50,2025-02-02,03:38,43,,"Money Game, Pt. 2",2020-04-30,89,63,0,74,30,10,-8,G Minor,4,4jgLqsWfvkBrnc98COXMKy,NL1AP2037464,1
16,BLOOD,MOTHICA,75,9A,58,2025-02-02,02:40,33,,Nocturnal,2022-06-30,54,7,0,35,0,10,-6,E Minor,4,2rEx5lBEksao69mK5311j1,QMRSZ2201286,1
17,Austin (Boots Stop Workin'),Dasha,115,8B,67,2025-02-02,02:51,84,,What Happens Now?,2024-02-16,76,46,0,74,0,10,-7,C Major,4,2uqYupMHANxnwgeiXTZXzd,QZTB92360479,1
18,BOA,Megan Thee Stallion,147,8B,74,2025-02-02,02:34,61,,MEGAN,2024-06-28,90,0,0,81,30,10,-3,C Major,4,0FPCqTZoiZpEs324IJFFpQ,USAT22402630,1
19,Terms and Conditions,Seb Lowe,90,2B,93,2025-02-02,03:22,53,,Terms and Conditions,2022-02-23,78,17,0,71,20,10,-3,F#/G♭ Major,4,5Dj6O4NKfznlav1xo9TCX1,GX53U2086922,1
20,Dead-End Life,Citizen Soldier,178,4A,95,2025-02-02,03:21,38,,Dead-End Life,2024-02-21,45,0,0,59,10,30,-4,F Minor,4,50RET5GkdBWJ4pTU8GQGdT,TCAHU2464734,1
21,No Scrubs,TLC,93,1A,68,2025-10-04,03:34,87,,Fanmail,1999-02-23,74,3,0,59,10,0,-4,G#/A♭ Minor,4,1KGi9sZVMeszgZOWivFpxs,USLF29900479,3
22,Bette Davis Eyes,Kim Carnes,117,7B,65,2025-10-04,03:48,82,,Mistaken Identity,1981-01-01,68,2,0,60,0,10,-10,F Major,4,0odIT9B9BvOCnXfS0e4lB5,USCA28100081,1
23,The Happiest Days of Our Lives,Pink Floyd,104,8A,23,2025-10-04,01:51,62,"progressive rock, psychedelic rock, classic rock, art rock, rock",The Wall,1979-11-30,74,55,75,55,0,20,-19,A Minor,4,2O3l4X1yTua8oMMCtazkyo,GBN9Y1100098,1
24,Plug Me In - 2014 Remaster,George Harrison,161,8B,93,2025-10-04,03:19,37,,All Things Must Pass (2014 Remaster),1970-11-20,43,1,91,70,0,30,-8,C Major,4,5iWu0NAWYgWFK6V5Ylz42w,GB77R1400049,1
25,Money (That's What I Want) - Remastered 2009,The Beatles,129,10A,85,2025-10-04,02:49,51,"classic rock, psychedelic rock",With The Beatles (Remastered),1963-11-22,55,43,0,92,0,20,-8,B Minor,1,3zw4FTrVNfy2teEkV9FOvh,GBAYE0601437,1
1,ESTJ (Right for Once),Greg McLeod,106,10B,48,2021-09-20,02:30,3,,MB-LP,2015-01-15,49,80,0,49,0,30,-9,D Major,4,3GNFfcUtB5uaAnN5XA3ZDy,CA9OT1400021,2
2,People I Don't Like,UPSAHL,90,10A,57,2021-09-20,02:22,63,,People I Don't Like,2020-07-17,75,27,0,55,30,30,-7,B Minor,4,5srKMwXoeyrRnyTnNbpgIW,USQX92003333,3
3,Are You Satisfied?,MARINA,124,8B,71,2021-09-20,03:18,71,,The Family Jewels,2009-07-15,67,30,0,84,0,0,-5,C Major,4,6lKRMylSZMtA7EqPl0pcdI,GBFFS0900114,6
4,Oh No!,MARINA,127,8B,90,2021-09-20,03:00,0,,The Family Jewels (Deluxe),2010-02-15,78,6,0,96,0,20,-4,C Major,4,0VVNXqaDwfHngG2gXaOtlI,GBFFS0900127,4
5,Hermit the Frog,MARINA,122,8B,68,2021-09-20,03:35,66,,The Family Jewels,2009-07-15,61,24,0,49,0,20,-5,C Major,4,4Zcz6saEkOII3PlXd9gN3o,GBFFS0900117,2
6,Emperor's New Clothes,Panic! At The Disco,94,3B,90,2021-09-20,02:38,69,emo,Death of a Bachelor,2016-01-15,56,0,0,65,0,0,-5,C♯/D♭ Major,4,3px2rAPu74ltbkf9eZsZ8h,USAT21503476,3
7,National Anthem,Lana Del Rey,85,5A,90,2021-09-20,03:50,61,,Born To Die - The Paradise Edition,2012-11-12,53,53,0,44,20,10,-6,C Minor,4,1M0g1beKC4H9gbrOiSayHW,GBUM71111567,5
8,Bitch Better Have My Money,Rihanna,103,3B,73,2021-09-20,03:39,76,,Bitch Better Have My Money,2015-03-26,78,5,0,40,0,20,-5,C♯/D♭ Major,4,0NTMtAO2BV4tnGvw9EgBVq,QM5FT1500006,3
9,"jealousy, jealousy",Olivia Rodrigo,164,3A,57,2021-09-20,02:53,83,,SOUR,2021-05-21,70,20,0,70,10,0,-6,A#/B♭ Minor,4,0MMyJUC3WNnFS1lit5pTjk,USUG12101248,3
10,brutal,Olivia Rodrigo,124,12B,53,2021-09-20,02:23,79,,SOUR,2021-05-21,67,3,0,28,0,20,-6,E Major,4,6SRsiMl7w1USE4mFqrOhHC,USUG12101242,2
11,Daisy,Ashnikko,122,4B,66,2021-09-20,02:26,63,,Daisy,2020-07-09,83,24,0,77,10,30,-6,G#/A♭ Major,4,0AUvWawuP0ibk4SQ3sIZjk,GBAYE2000596,1
12,Fucked My Way Up To The Top,Lana Del Rey,130,7B,69,2021-09-20,03:32,66,,Ultraviolence (Deluxe),2014-01-01,52,60,20,18,0,10,-6,F Major,4,70Laus6ozJIHDpfTtUSmAZ,GBUM71402192,1
13,you should see me in a crown,Billie Eilish,150,12B,53,2021-09-20,03:00,77,,"WHEN WE ALL FALL ASLEEP, WHERE DO WE GO?",2019-03-29,68,46,22,32,10,10,-10,E Major,4,3XF5xLJHOQQRbWya6hBp7d,USUM71810049,1
14,Maneater,Nelly Furtado,133,2B,78,2021-09-20,04:18,86,,Loose,2006-01-01,80,3,0,79,0,10,-5,F#/G♭ Major,4,4wH4dJgrsxONID6KS2tDQM,USUM70601449,4
15,Michelle,Sir Chloe,116,12B,44,2021-09-20,03:34,0,,Michelle,2019-04-11,37,8,0,11,0,10,-5,E Major,3,3sa1wUB8FAkoH95MGPGBWI,QZDA41967250,1
16,Money Power Glory,Lana Del Rey,137,1A,53,2021-09-20,04:30,66,,Ultraviolence (Deluxe),2014-01-01,35,58,0,29,0,30,-7,G#/A♭ Minor,5,7Ms58r8G6Y0r1XLtpwoGxN,GBUM71402109,1
17,Bitch,Allie X,85,4B,64,2021-09-20,03:27,0,,Collxtion I,2015-12-04,61,1,48,8,0,10,-5,G#/A♭ Major,4,1CVQ8euBNROz7KDPeNqwWE,CA8OU1500007,1
18,Feeling Good,Nina Simone,82,6A,33,2021-09-20,02:54,77,"vocal jazz, soul jazz, soul, jazz, blues",I Put A Spell On You,1965-06-01,45,86,0,55,0,10,-9,G Minor,4,6Rqn2GFlmvmV4w9Ala0I1e,USPR36500094,2
19,Ultraviolence,Lana Del Rey,79,8B,54,2021-09-20,04:11,81,,Ultraviolence (Deluxe),2014-01-01,14,28,0,9,0,10,-7,C Major,3,1y3r6RXiJZNBV1EI0NggpS,GBUM71402015,2
20,STUPID (feat. Yung Baby Tate),"Ashnikko,Baby Tate",150,10B,64,2021-09-20,02:47,65,,"Hi, It's Me",2019-07-12,77,0,0,54,10,0,-7,D Major,4,6qNB2ChCVPepl5ZjVJJTUW,GBAYE1900593,1
21,Money,Poppy,112,4B,76,2021-09-20,03:10,39,,Bubblebath,2016-06-10,74,0,0,89,0,0,-4,G#/A♭ Major,4,3ecc8UTM48hMOkqGDnP6I4,USUM71605093,3
22,You Don't Own Me,Lesley Gore,95,10B,43,2021-09-20,02:30,71,,Lesley Gore Sings Of Mixed-Up Hearts,1963-11-01,47,70,0,71,0,60,-10,D Major,3,7ngRS53kqxLcEt9Pythc5d,USPR36309035,1
23,Watch Me,Jaden,130,10B,73,2021-09-20,02:34,0,,SYRE,2017-11-17,72,1,0,23,0,10,-5,D Major,4,6DiS8gTaI6P40meyqi5gQ7,QMJMT1701332,1
24,Do It Myself,Russ,142,3B,56,2021-09-20,02:47,38,,Do It Myself,2016-07-28,83,2,0,34,20,0,-4,C♯/D♭ Major,4,1F7752qVUzbE1OOzxjyHaT,USSM11606234,1
25,Money,Cardi B,130,1A,59,2021-09-20,03:03,68,,Money,2018-10-23,95,1,0,22,20,10,-7,G#/A♭ Minor,4,2GGMabyHXnJmjY6CXhhB2e,USAT21811495,1
26,Kream,"Iggy Azalea,Tyga",174,6B,42,2021-09-20,02:46,28,,Bad Bitch Party,2020-05-08,79,4,0,21,10,10,-6,A#/B♭ Major,4,6qSQ89Hyz8TnEtgmv3p8Ul,USUM71809405,1
27,Rules,Doja Cat,144,9B,72,2021-09-20,03:07,73,,Hot Pink,2019-11-07,65,17,0,69,10,10,-5,G Major,4,1TMWcbxL5YF8rKsFHv5hAP,USRC11902867,1
28,Seven Nation Army,The White Stripes,124,8B,46,2021-09-20,03:51,2,"garage rock, blues rock, rock, alternative rock",Elephant,2003-04-01,75,1,48,30,0,30,-8,C Major,4,1jNOi6m3Hn8nLEeHCp5Msr,USVT10300001,2
29,SIMP (feat. Lil Mariko & Rico Nasty),"Full Tac,Lil Mariko,Rico Nasty",128,3B,84,2021-09-20,03:00,54,"hyperpop, ",SIMP (feat. Lil Mariko & Rico Nasty),2021-04-30,81,8,0,46,10,20,-5,C♯/D♭ Major,4,7uIrdhnGQw7bZSR2ygopuX,USQX92101133,1
30,I Don't Care - Single Version,Fall Out Boy,134,10A,94,2021-09-20,03:34,66,"emo, pop punk",Folie à Deux,2008-12-10,55,0,0,43,0,50,-4,B Minor,4,7ewT0nLFkMD8ONbRibePr9,USUM70835313,2
31,INDUSTRY BABY (feat. Jack Harlow),"Lil Nas X,Jack Harlow",150,2A,70,2021-09-20,03:32,75,,INDUSTRY BABY (feat. Jack Harlow),2021-07-23,74,2,0,89,0,0,-7,D#/E♭ Minor,4,27NovPIUIRrOZoCHxABJwK,USSM12104539,1
32,When I Rule the World,LIZ,129,1A,63,2021-09-20,03:05,55,hyperpop,When I Rule the World,2015-07-17,77,1,0,82,10,20,-4,G#/A♭ Minor,4,7nu0Lc0jJltztDxsGeoPiG,USSM11503890,1
33,I Feel Like A God,DeathbyRomy,104,6A,90,2021-09-20,02:59,44,,Songs For My Funeral,2021-08-20,60,3,0,34,10,30,-4,G Minor,4,61DonSX1OM40L2oOtbc1KU,USUM71918679,1
34,DICTATOR,REI AMI,130,3B,63,2021-09-20,03:01,48,,DICTATOR,2019-11-11,56,52,0,52,30,30,-7,C♯/D♭ Major,4,1i5fRXLDQmiNf878YdAUjk,FRX201900530,2
35,I’m So Sorry,Imagine Dragons,143,7A,68,2021-09-20,03:50,65,,Smoke + Mirrors,2014-09-18,52,13,0,37,0,20,-6,D Minor,4,4o74y4XY1ypNZkZtZkK8Wi,USUM71417931,3
36,Therefore I Am,Billie Eilish,94,10A,34,2021-09-20,02:54,70,,Therefore I Am,2020-11-12,89,22,13,72,0,0,-8,B Minor,4,54bFM56PmE4YLRnqpW6Tha,USUM72021500,1
37,VILLAIN,"K/DA,Madison Beer,Kim Petras,League of Legends",160,4A,63,2021-09-20,03:19,7,"k-pop, ",ALL OUT,2020-11-06,65,2,0,31,0,0,-6,F Minor,4,3QSjVPObHxuAJc3E5nrjRn,QZH6S1900275,2
38,Look What You Made Me Do,Taylor Swift,128,8A,71,2021-09-20,03:31,79,,reputation,2017-11-10,77,20,0,51,10,10,-6,A Minor,4,1P17dC1amhFzptugyAO7Il,USCJY1750000,2
39,Candy Store,"Jessica Keenan Wynn,Alice Lee,Elle McLemore",142,12A,53,2021-09-20,02:52,67,musicals,Heathers: The Musical (World Premiere Cast Recording),2014-06-10,73,59,0,78,10,10,-6,C♯/D♭ Minor,4,13Soih2NRLeDx8Unbr22mx,US6W61422223,1
40,All Eyes on Me,OR3O,110,4A,81,2021-09-20,04:02,1,electro swing,All Eyes on Me,2017-12-13,56,21,0,37,0,20,-5,F Minor,4,0gg5h5BgdjVlXTti79TUao,QZAPG1732935,1
41,Greedy,"OR3O,Swiblet",117,5A,86,2021-09-20,03:06,50,"electro swing, ",Greedy,2017-12-13,66,14,0,80,10,90,-4,C Minor,4,71KaNgCTNC2J5foUoO06wF,QZAPG1744160,1
42,Literal Legend,Ayesha Erotica,137,9B,82,2021-09-20,02:44,0,,Literal Legend,2021-03-31,64,1,0,82,20,0,-4,G Major,4,0mKojbEMHYtJr58TmTKjZ2,QZES62197347,1
43,Lalala,"Y2K,bbno$",130,10B,39,2021-09-20,02:40,72,,Lalala,2019-06-28,84,18,0,50,0,10,-8,D Major,4,51Fjme0JiitpyXKuyQiCDo,USSM11904230,1
44,Verbatim,Mother Mother,78,9B,58,2021-09-20,02:48,1,,Touch Up,2007-05-08,83,31,0,49,30,10,-7,G Major,4,266Vb7ItE3o1q8HdJ9QOvn,CAL450793908,2
45,Thank God I'm Not You,HIMALAYAS,126,10A,83,2021-09-20,03:14,0,,Thank God I'm Not You,2017-04-24,54,0,1,79,0,0,-4,B Minor,4,4YZVtRbdGOhHdGNi4JpCL5,uscgj1798848,1
46,Choke,I DONT KNOW HOW BUT THEY FOUND ME,120,9A,85,2021-09-20,03:15,66,,Choke,2018-08-24,52,0,0,58,0,30,-4,E Minor,4,37mfTcSlX60JtAvAETytGs,TCADH1774692,1
47,Blood In The Cut,K.Flay,130,10B,66,2021-09-20,03:08,60,,Every Where Is Some Where,2017-04-07,77,12,2,64,0,10,-5,D Major,4,4q604hQba5940BbOoaenmz,USUM71607030,1
48,Lo malo de ser bueno,El Cuarteto De Nos,95,12A,85,2021-09-20,04:02,69,"cuarteto, argentine rock, latin rock, rock en español",Porfiado,2012-04-27,69,10,0,64,0,0,-3,C♯/D♭ Minor,4,7xB3hSztVbX6xFvQqEGKud,ARF111200008,1
49,Champion,Fall Out Boy,188,8B,90,2021-09-20,03:12,0,"emo, pop punk",M A N I A,2018-01-19,32,0,0,28,20,30,-4,C Major,4,5OnSg2bKBBsbFiPhx4Wxnp,USUM71704112,1
50,Big God,Florence + The Machine,73,7A,37,2021-09-20,04:01,59,baroque pop,High As Hope,2018-06-29,63,53,0,22,0,10,-8,D Minor,4,1NcXkWB3UwXfMt8izByICb,GBUM71800804,1
51,I Come With Knives,IAMX,147,1A,91,2021-09-20,04:22,0,,The Unified Field,2013-03-22,58,0,15,79,0,0,-9,G#/A♭ Minor,4,2KzYjp7bRcGlwgZRUmoSeZ,DEZ901300038,1
52,Packet Loss,Istasha,145,3B,91,2021-09-20,02:22,43,"trap metal, horrorcore",Neuronal Nightmares,2019-09-10,75,8,0,23,40,10,-11,C♯/D♭ Major,4,3tSZq3pQg2FOSo1bABTr9S,QZHN41942885,1
53,I Don't Give A... (feat. Zeale),"MISSIO,Zeale",141,9A,62,2021-09-20,03:31,46,,Loner,2017-05-19,50,0,0,11,0,10,-6,E Minor,4,67ejyJ02NkUc7eZzab3imz,USRC11700803,1
54,A Little Wicked,Valerie Broussard,77,10A,40,2021-09-20,03:30,56,,A Little Wicked,2016-02-16,59,44,0,32,0,0,-11,B Minor,4,0ZPMI8Gnz7p6omBBIOwiO9,QMPKX1645089,1
55,STAY DISTANT,"Undead Ronin,Numb$kull",170,3A,100,2021-09-20,02:07,6,"trap metal, horrorcore, drift phonk, phonk",STAY DISTANT,2021-06-25,53,4,0,28,50,10,-5,A#/B♭ Minor,3,7IWU8y05T5CNwvfuilLOMM,QZMHK2088487,1
56,I Didn't Change My Number,Billie Eilish,142,11B,48,2021-09-24,02:38,73,,Happier Than Ever,2021-07-30,85,61,27,68,20,30,-6,A Major,4,7bcy34fBT2ap1L4bfPsl9q,USUM72105926,2
57,edamame,"bbno$,Rich Brian",106,9A,85,2021-09-30,02:13,6,indonesian hip hop,edamame,2021-07-24,82,2,0,68,10,0,-5,E Minor,4,1uMHCAyGmHqyygoNRuo7MV,QMUY42100151,1
58,fan behavior,Isaac Dunbar,130,2B,67,2021-10-17,03:01,48,,evil twin,2021-02-19,80,1,0,71,0,20,-6,F#/G♭ Major,4,2HWJELHnneoKGVe0mRFeeD,USRC12100018,1
59,Mount Everest,Labrinth,88,5A,43,2021-10-20,02:37,80,,Imagination & the Misfit Kid,2019-11-22,49,24,7,44,20,0,-7,C Minor,4,1ZdhOMWyFR8Iv9eylMGYg2,GBHMU1800032,2
60,PRIDE.,Kendrick Lamar,139,9A,54,2021-10-23,04:35,82,"hip hop, west coast hip hop",DAMN.,2017-04-14,67,8,0,37,0,10,-7,E Minor,4,6IZvVAP7VPPnsGX6bvgkqg,USUM71703084,3
61,Come Here,Dominic Fike,81,2B,79,2021-10-23,01:17,54,,What Could Possibly Go Wrong,2020-07-31,50,0,0,46,0,20,-1,F#/G♭ Major,4,3Wgs96Z4TdCpnqFj2CxpsI,USQX92003243,2
62,Oh Ana,Mother Mother,128,7B,53,2021-10-23,03:17,0,,Touch Up,2007-05-08,51,67,0,34,0,10,-7,F Major,4,45i70K1PefHafKui2WxH0M,CAL450793904,2
63,Wrecking Ball,Mother Mother,97,9B,80,2021-10-23,03:14,0,,O My Heart,2008-09-23,66,19,0,28,0,30,-4,G Major,4,2y51QpLzI5qbWfCcSx9Tu1,CAL450882109,2
64,Devil's Worst Nightmare,FJØRA,142,9A,60,2021-10-23,04:10,37,,Devil's Worst Nightmare,2020-01-16,71,8,0,65,0,10,-8,E Minor,4,3d8k5cXwfK1Xp0fIIHr4k5,TCAEP2083990,1
65,Why Do You Love Me,Charlotte Lawrence,120,1A,31,2021-10-23,02:51,50,,Charlotte,2021-03-05,84,28,0,72,0,20,-6,G#/A♭ Minor,4,09rBX6mQFN1GFJgfqUQak5,USAT21903663,1
66,Boss Bitch,Doja Cat,126,3A,96,2021-10-23,02:14,76,,Boss Bitch,2020-01-23,71,13,0,57,20,20,-5,A#/B♭ Minor,4,78qd8dvwea0Gosb6Fe6j3k,USAT21907355,2
67,Rebels,Call Me Karizma,114,3A,45,2021-10-25,02:15,51,,"The Gloomy Tapes, Vol. 2",2019-07-26,93,54,18,32,10,10,-12,A#/B♭ Minor,4,7fBKbK8897K5V5zgr7ymIz,USQX91901364,1
68,DEATHWISH,poutyface,84,12A,38,2021-10-25,02:20,44,,DEATHWISH,2020-04-20,90,1,0,61,20,0,-10,C♯/D♭ Minor,4,1QrIPQyOGl0wTilfU57weG,QM42K2095275,1
69,Brutus,The Buttress,140,10A,55,2021-10-25,03:53,62,,Brutus,2016-03-15,73,0,5,39,20,10,-11,B Minor,4,57gfWnvoMmnXBdghubxWrg,TCACW1756761,1
70,Enemy (with JID) - from the series Arcane League of Legends,"Imagine Dragons,JID,Arcane,League of Legends",77,10A,78,2021-10-29,02:53,76,"score, ",Enemy (with JID) [from the series Arcane League of Legends],2021-10-28,73,24,0,56,20,40,-4,B Minor,4,1r9xUipOqoNwggBpENDsvJ,USUM72119916,1
71,Killer Queen,Queen,117,6B,56,2021-11-05,03:00,0,"classic rock, rock, glam rock",Greatest Hits,1981-10-26,56,34,0,58,0,0,-10,A#/B♭ Major,4,4mKlzy0qaK1c2Qw5e2VqpF,GBCEE7400013,1
72,Cut My Lip,Twenty One Pilots,112,12B,56,2021-11-06,04:42,62,,Trench,2018-10-05,64,12,0,68,0,30,-6,E Major,4,6gFtgkh8ShkrJn52Cbdhxy,USAT21810691,1
73,King of the Clouds,Panic! At The Disco,198,7A,92,2021-11-07,02:40,55,emo,Pray for the Wicked,2018-06-22,28,24,0,47,20,10,-2,D Minor,3,50Hv5NZIM0puIUoBttjpfb,USAT21801179,1
74,Real Men,Mitski,109,8A,41,2021-11-20,02:41,0,,Lush,2012-01-31,76,18,0,72,0,0,-8,A Minor,3,5pf3AX7eqShjqkvD1CjMYA,uscgh1222959,4
75,Why Didn't You Stop Me?,Mitski,120,8B,86,2021-11-20,02:21,61,,Be the Cowboy,2018-08-17,61,0,11,56,0,0,-5,C Major,4,2nifujUVU1XyhTSHI2kQ8g,USJ5G1815002,3
76,Pacify Her,Melanie Martinez,158,8A,59,2021-11-20,03:40,76,,Cry Baby (Deluxe Edition),2015-08-14,58,5,0,37,0,20,-6,A Minor,4,360Wr96ywrCQq4kTAJ8Pq6,USAT21501941,5
77,Volatile Times,IAMX,116,4A,59,2021-11-20,05:38,0,,Volatile Times,2011-03-18,23,0,1,19,0,10,-6,F Minor,5,2WDWbsPJ9UMb5GuaSdqo59,DELV41000356,1
78,"Harder, Better, Faster, Stronger",Daft Punk,123,11A,72,2021-11-20,03:46,77,"french house, electronic, electro",Discovery,2001-03-12,82,4,0,69,10,30,-9,F#/G♭ Minor,4,5W3cjX2J3tjhG8zb6u0qHn,GBDUW0000059,3
79,Often,The Weeknd,134,6A,63,2021-11-20,04:09,81,,Beauty Behind The Madness,2015-08-28,57,22,0,7,0,10,-10,G Minor,4,4PhsKqMdgMEUSstTDAmMpg,USUG11401323,4
80,Money Honey,Lady Gaga,119,3B,75,2021-11-20,02:50,54,"art pop, pop",The Fame,2008-01-01,78,1,0,84,0,0,-3,C♯/D♭ Major,4,6gknJVkbQb8jkAXbXx0SYA,USUM70839535,2
81,24,Lana Del Rey,98,1A,37,2021-11-20,04:55,59,,Honeymoon,2015-09-18,28,78,0,9,0,10,-10,G#/A♭ Minor,4,302ZEWd1TDXvA4PLz0UQhj,GBUM71503934,3
82,Looking at Me,Sabrina Carpenter,106,10B,80,2021-11-20,03:01,76,pop,Singular Act II,2019-07-19,68,0,0,52,0,0,-4,D Major,4,59tskctgqUmjCWAwhzYAFm,USHR11838865,2
83,Psycho,Muse,125,10B,88,2021-11-20,05:16,70,"alternative rock, rock",Drones,2015-06-04,56,0,4,51,0,80,-3,D Major,4,383QXk8nb2YrARMUwDdjQS,GBAHT1500068,1
84,Stronger,Britney Spears,108,1B,92,2021-11-20,03:23,70,pop,Oops!... I Did It Again,2000-05-16,71,13,0,84,0,20,-4,B Major,4,5QhBKPqsnX1uY9fZNaAtZg,USJI10000143,1
85,No Scrubs,Unlike Pluto feat. Joanna Jones,73,12A,78,2021-11-20,03:21,0,,No Scrubs,1999-00-00,46,16,0,31,20,30,-5,C♯/D♭ Minor,4,0C9g70hdhr7W3HCs3ITUYz,TCADD1790282,1
86,Yes I Am,MAMAMOO,120,8B,89,2021-11-20,03:31,0,k-pop,Purple,2017-06-22,74,14,0,65,20,0,-3,C Major,4,3RqUX4U46H6TPdH30gPy4k,KRNAR1704414,2
87,All I've Got To Do - Remastered 2009,The Beatles,119,12A,58,2021-11-20,02:02,55,"classic rock, psychedelic rock",With The Beatles (Remastered),1963-11-22,49,22,0,88,0,0,-10,C♯/D♭ Minor,4,5tztLBvTlNC15Np2tnQ5Ll,GBAYE0601425,1
88,MORE,"K/DA,Madison Beer,i-dle,Lexie Liu,Jaira Burns,Seraphine,League of Legends",142,12A,79,2021-11-20,03:37,6,"k-pop, c-pop, chinese hip hop, chinese r&b, mandopop, ",MORE,2020-10-28,66,0,0,20,0,30,-5,C♯/D♭ Minor,4,6juLaduD4STCUDWT0AYun4,QZH6S1900273,3
89,These Boots Are Made for Walkin',Nancy Sinatra,83,11B,43,2021-11-20,02:47,69,,Boots,2021-09-17,74,40,0,34,10,10,-11,A Major,4,2PneNdtypG6XcgmWmGd9FI,USASE0500005,2
90,Tia Tamera (feat. Rico Nasty),"Doja Cat,Rico Nasty",120,8B,65,2021-12-19,03:31,73,,Amala (Deluxe Version),2019-03-01,82,2,0,42,10,20,-5,C Major,4,1uNePI826aqh9uC9pgbeHU,USRC11803908,5
91,Hit and Run,LOLO,98,10A,82,2021-12-19,03:04,52,,Hit and Run,2014-08-12,68,0,0,67,0,20,-5,B Minor,4,5NyA9sbbbRbjBeoJqFw1th,USA2P1431247,2
92,Sticks and Stones,The Pierces,119,4A,74,2021-12-25,03:12,38,,Thirteen Tales Of Love And Revenge,2008-10-27,64,0,1,36,0,10,-5,F Minor,4,6BDgTU7f2DtntXB1cfa4pJ,GBPPE0600006,1
93,Nightmare,Halsey,146,8A,62,2022-01-06,03:51,2,,Nightmare,2019-05-17,61,2,0,54,0,30,-5,A Minor,4,340UVheS8z3ncW9TTUhAbc,USUM71907487,1
94,It's Over When It's Over,Falling In Reverse,146,7A,98,2022-01-11,03:53,56,"emo, rap metal",Fashionably Late (Deluxe Edition),2013-06-18,56,5,0,58,0,10,-3,D Minor,4,3Wn52FjoUJClQOXwKePPp3,USEP41310008,2
95,The Tradition,Halsey,77,8A,26,2022-01-14,03:46,32,,"If I Can’t Have Love, I Want Power (Extended)",2021-08-27,59,79,0,25,0,10,-8,A Minor,3,30jUl25F42P63dwvHXhxC5,USUM72106122,3
96,THAT BITCH,Bea Miller,162,10B,74,2022-03-11,03:21,62,,THAT BITCH,2019-11-01,78,1,0,63,20,50,-2,D Major,4,77o1HdXHm1hLd7Ebe9ygd0,CA5KR1963712,1
97,U Know What's Up,"4*TOWN (From Disney and Pixar’s Turning Red),Jordan Fisher,Finneas O'Connell,Topher Ngo,Grayson Villanueva,Josh Levi",110,10B,52,2022-03-25,03:08,59,,Turning Red (Original Motion Picture Soundtrack),2022-03-11,81,4,0,49,0,0,-10,D Major,4,0d83zVs3OmdjrhfoAxg1dE,USWD12213566,1
98,nada contra (ciúme),Clarissa,79,11A,47,2022-03-25,02:22,0,"brazilian pop, new mpb, mpb",nada contra (ciúme),2021-08-20,61,71,25,36,0,0,-10,F#/G♭ Minor,4,76rt88JFYACGfrXvxGnyOB,BCCLR2100007,1
99,Écoute Chérie,Vendredi sur Mer,93,6A,65,2022-03-25,03:44,74,"french indie pop, french pop",Premiers émois,2019-03-22,61,14,0,69,0,20,-7,G Minor,4,1zyUz3eZ3sytdaR9lfW17q,FR9W11813454,2
100,Beauty Is Empty,"Lullaby Layla,Keevin",102,11A,73,2022-03-25,03:04,32,,Missing Mars Argo,2021-01-08,63,20,0,75,0,10,-7,F#/G♭ Minor,4,3F08ymm6yXshAJpuprOKyj,usx9p2022492,1
101,Control,Halsey,120,9A,68,2022-04-06,03:34,71,,BADLANDS (Deluxe),2015-08-28,55,40,0,21,0,10,-6,E Minor,4,3SKzTIl9mW0DadTys9SFo3,USUM71507636,3
102,Everybody Wants To Rule The World - From “The Hunger Games: Catching Fire” Soundtrack,Lorde,111,10A,57,2022-04-06,02:35,65,,The Hunger Games: Catching Fire (Original Motion Picture Soundtrack / Deluxe Version),2013-01-01,57,60,0,6,10,10,-9,B Minor,4,3S1tTwSKIZgf4QGltFyCxM,NZUM71300190,1
103,Cannibal,Kesha,130,3B,68,2022-04-06,03:14,73,,Cannibal (Expanded Edition),2010-11-19,71,1,2,57,10,0,-5,C♯/D♭ Major,4,3JTMWdhcJPiegDSe7SvZS3,USRC11000876,1
104,Twisted,MISSIO,98,10B,79,2022-04-06,03:42,63,,Loner,2017-05-19,58,1,1,15,0,20,-5,D Major,3,4TQcARE7Fd58akNhr3N7AE,USRC11700801,1
105,IN THE BIBLE,e11ander,130,6A,60,2022-04-06,04:51,0,,IN THE BIBLE,2022-03-15,62,12,0,63,10,0,-12,G Minor,4,419djWileHXFHmphK5DHGy,GBKPL2286192,1
106,I'll Be Good,Jaymes Young,89,9B,28,2022-04-06,04:07,64,,Feel Something,2017-06-23,39,70,0,13,0,10,-11,G Major,4,4JuJZzGcswQszYiKJSnC6i,USAT21403991,1
107,Smack a Bitch,Rico Nasty,170,10B,70,2022-04-24,02:18,53,,Smack a Bitch,2018-01-17,70,1,0,34,20,10,-2,D Major,4,1nrsFfACPG4Hnw5AuOpCND,USAT21800315,1
108,YES MOM,Tessa Violet,97,4B,56,2022-04-28,02:42,48,,YES MOM,2022-02-16,78,14,0,54,0,10,-8,G#/A♭ Major,4,3imd2WJDPDoIOyqDmw3plc,QM4TW2207715,1
109,Power & Control,MARINA,120,8A,90,2022-04-28,03:46,50,,Electra Heart (Deluxe),2012-04-27,53,1,0,48,0,10,-5,A Minor,4,2IPMpbBwyCm2V6azTZgAKj,GBFFS1200014,3
110,All That Glitters,Earl,97,2A,66,2022-04-29,03:17,0,"electro swing, swing music",All That Glitters,2017-06-14,71,59,0,75,0,0,-4,D#/E♭ Minor,4,42yYNABph1ZtU0B5iIWpeU,GB5KW1701319,1
111,God Complex,VIOLENT VIRA,160,9A,63,2022-06-02,02:59,0,,God Complex,2022-04-23,46,7,0,21,0,10,-5,E Minor,3,0wSbwjYG0hJaNvMqX3UHb6,QZHN52283084,1
112,Angry Again,Megadeth,128,2A,72,2022-07-18,03:47,67,"thrash metal, metal, heavy metal, speed metal",Hidden Treasures,1995-00-00,69,0,68,96,0,30,-9,D#/E♭ Minor,4,3CI1JP2ooMBSFjIy1u6Yrc,USNPD9500002,2
113,Bit By Bit,Mother Mother,90,6B,74,2022-07-18,03:18,0,,The Sticks,2012-09-18,63,6,0,52,0,0,-5,A#/B♭ Major,4,5m2GbLVzyHEItJkKWpjdje,CAL451240004,1
114,BOOKER T,Bad Bunny,114,9B,60,2022-07-18,02:36,78,"reggaeton, trap latino, latin, urbano latino",EL ÚLTIMO TOUR DEL MUNDO,2020-11-27,88,11,0,69,30,0,-7,G Major,4,26w9NTiE9NGjW1ZvIOd1So,QMFME2066844,2
115,ZITTI E BUONI,Måneskin,103,9A,94,2022-07-18,03:14,74,,Teatro d'ira - Vol. I,2021-03-19,63,0,0,64,0,40,-3,E Minor,4,776AftMmFFAWUIEAb3lHhw,ITB002100112,1
116,Skyfall,Adele,76,5A,55,2022-07-19,04:46,86,soft pop,Skyfall,2012-10-04,35,42,0,8,0,10,-7,C Minor,4,6VObnIkLVruX4UVyxWhlqm,GBBKS1200164,3
117,How I Survived Bobby Mackey's Personal Hell,Lincoln,205,1B,85,2022-10-06,03:07,0,midwest emo,A Constant State of Ohio,2017-01-27,31,2,0,51,0,10,-4,B Major,4,4CM9SADUN91UE0yTS9NRxT,USBAL1600004,1
118,Public Enemy No. 1,Megadeth,158,9B,98,2023-01-01,04:15,0,"thrash metal, metal, heavy metal, speed metal",Th1rt3en,2011-10-26,42,0,1,33,10,0,-3,G Major,4,0bpeXTCwvkZad3GRtFSIOT,NLA321191672,1
1,倘若不曾心动,白宁冰,132,10A,44,-,03:27,36,"chinese r&b, mandopop",倘若不曾心动,2025-12-17,75,59,0,59,0,10,-12,B Minor,4,09AxSUrzU48mrTZoteWcDI,QT6FZ2513310,1
2,雍正 ESTJ - Chinese Version,Tango Chung,77,4A,46,-,02:42,13,"chinese r&b, cantopop",雍正 ESTJ (Chinese Version),2026-03-29,57,13,0,52,0,30,-15,F Minor,4,582RD2IvGI9NQyN0s52Ill,QZTB42600354,1
3,有个重庆人说会一直爱我,休眠火山,142,11A,43,-,03:40,19,"chinese rock, mandopop",有个重庆人说会一直爱我,2026-01-09,62,37,0,42,0,20,-8,F#/G♭ Minor,4,3AV9LRjt3cbolLJTLk9AQE,FR10S2660182,1
4,祝你爱上谁都痛彻心扉 - 抖音热播版,星火哥,108,4A,65,-,03:27,21,chinese r&b,祝你爱上谁都痛彻心扉 (抖音热播版),2026-01-26,65,1,0,48,0,30,-10,F Minor,4,5cFMCQep1zqcmWR9LxkRGK,HKG732605378,1
5,慢慢,En,130,1A,55,-,03:21,22,"mandopop, c-pop",慢慢,2025-12-28,65,53,0,33,0,10,-9,G#/A♭ Minor,4,7hBqkxS0XEAehgcqp0BWKy,HKG732590979,1
6,怪你 - 一棵枯树在等春暖花开,L71,126,7B,54,-,02:35,16,"chinese r&b, mandopop",怪你 (一棵枯树在等春暖花开),2026-01-13,63,43,0,71,0,20,-8,F Major,4,2Sg9EGwVl8rNeYACgPA5I2,CN2DY2600292,1
7,ENFP之歌 - Chinese Version,Tango Chung,173,6A,87,-,01:29,8,"chinese r&b, cantopop",ENFP之歌 (Chinese Version),2026-04-14,50,16,0,71,0,40,-10,G Minor,4,2l3XdoQn2LqmiwJzJvlxuA,QZWFE2698902,1
8,長大才知道,VioletZero薇尔,150,10A,57,-,03:24,26,,長大才知道,2025-12-10,58,17,0,32,0,10,-14,B Minor,4,7DjDYDl7tV9VnqmZYc7oMJ,QT6652573221,1
9,长大,Xiyang,120,4B,52,-,04:16,24,"chinese r&b, c-pop",长大,2026-01-14,66,24,0,33,0,0,-10,G#/A♭ Major,4,6HlpdMky0KEbVsZRkMPw5R,QZDA62629793,1
10,Dizzy Love,任嘉倫,170,3B,64,-,02:21,27,"gufeng, c-pop, mandopop",37·單槍匹馬,2026-03-02,62,6,0,52,0,0,-5,C♯/D♭ Major,4,3SXwR6vriW54xQdVnRr1BP,TWF712600014,1
11,晚风遇见你,"歪歪超,陆杰awr",130,5B,55,-,02:50,18,"mandopop, chinese hip hop, chinese r&b, gufeng, c-pop",晚风遇见你（说唱版）,2024-05-16,77,61,0,77,0,10,-12,D#/E♭ Major,4,5fweIr1BATF1FNkCgnlR88,QZJPM2402163,1
12,不合身,Tango Chung,89,4A,46,-,02:01,0,"chinese r&b, cantopop",不合身,2026-04-28,80,41,0,72,0,10,-13,F Minor,3,7FfitqRduAxGHzDo09sASp,QZWFS2626959,1
13,静静离开,DianXia,134,2B,33,-,04:22,32,"chinese r&b, mandopop, c-pop",静静离开,2026-02-08,56,19,0,19,0,10,-14,F#/G♭ Major,4,4nU7M1cbCFPtOE9QR4Y8Rz,QZK6Q2671644,1
14,人间别相见,"承桓,一只白羊,一隻白羊",174,1A,79,-,03:08,19,"mandopop, c-pop, chinese r&b, taiwanese pop, gufeng",人间别相见,2024-04-02,58,33,0,60,0,10,-5,G#/A♭ Minor,4,7xiELHfI9EpZsa7Q3qhQqn,FRX872438539,1
15,能不能再爱我一遍,阿野,130,2B,41,-,03:00,32,mandopop,能不能再爱我一遍,2025-12-03,77,26,0,19,0,10,-11,F#/G♭ Major,4,6SWgY1Ft68jjlRsPRV8Y7q,QT6FD2565957,1
16,向著看不見的遠方,炫娜Xana,140,6B,54,-,04:01,19,c-pop,向著看不見的遠方,2026-01-10,49,29,0,28,0,10,-11,A#/B♭ Major,4,6UXHDbdx7bj3KtkkcZFkKN,TWCT52544658,1
17,雨是神的烟花 - 说唱版,"Nyxx.,歪歪超",160,12A,78,-,03:04,22,"mandopop, chinese hip hop, chinese r&b, gufeng, c-pop",雨是神的烟花（说唱版）,2025-12-31,50,35,0,34,0,10,-6,C♯/D♭ Minor,4,3BckDK19z6484kB8Hwmaez,NL3M12600393,1
18,莫名的喜欢,"嘿人李逵Noisemakers,G蜜",95,10B,52,-,02:56,13,"chinese r&b, c-pop, mandopop, chinese hip hop",莫名的喜欢,2023-06-03,69,12,0,53,0,10,-7,D Major,4,3DSe6JJsKLV61rauWltGDs,FRX872341391,1
19,追逐信仰,"善宇,怪兽",158,7B,41,-,02:47,24,"c-pop, mandopop, chinese r&b, chinese hip hop, cantopop",追逐信仰,2024-10-02,57,30,0,36,0,20,-11,F Major,4,5Xtgum1hfbQwcaUAttmNAa,FR10S2575036,1
20,別再讓我掉眼淚,Laurence Larson,88,11A,32,-,02:52,21,"mandopop, c-pop",別再讓我掉眼淚,2025-12-18,57,69,0,28,0,10,-11,F#/G♭ Minor,4,5ZxOO3g7DuZgOM0nAQdljd,TWDL72503315,1
21,单身的原因,coco-木子文,186,3B,72,-,02:55,28,"chinese hip hop, mandopop, c-pop",单身的原因,2023-05-20,63,13,0,54,0,20,-7,C♯/D♭ Major,4,0QYuGW5wmuqJDV2Qp2CMrj,HKC992324394,1
22,情非得已(女生版),白允y,110,5B,49,-,02:55,22,"gufeng, chinese r&b",情非得已(女生版),2025-08-01,73,80,0,32,0,10,-9,D#/E♭ Major,4,1tz0u70AIoiT3ELB766K00,HKD012526417,1
23,攒够失望就离开,田园,128,6A,55,-,03:07,33,"mandopop, c-pop, chinese rock",攒够失望就离开,2025-05-28,58,3,0,39,0,20,-10,G Minor,4,7Ctbqsy8sIkdlv4tyfcmjH,HKD012499776,1
24,分手站台,卢润泽,93,3A,64,-,02:30,20,"c-pop, mandopop, gufeng",分手站台,2026-01-19,67,57,0,41,0,60,-5,A#/B♭ Minor,4,0WFfmpzsQzdnpNMZtJ51Fq,CN2DY2600489,1
25,在意你的话,王小雯,140,3B,63,-,02:52,33,,在意你的话,2025-12-24,64,71,0,41,0,30,-6,C♯/D♭ Major,4,5xkqcA3Szz2lyf22ByquVB,HKD012421193,1
26,四点的海棠花未眠（氛围版）,"向思思,袁小葳,潘成（皮卡潘）,卢润泽,窝窝,独琴者,格雷西西西,耳朵便利店,指尖笑,黄文文",97,6A,54,-,04:01,22,"mandopop, c-pop, chinese r&b, gufeng",四点的海棠花未眠（氛围版）,2025-06-22,67,30,0,25,0,30,-8,G Minor,4,3ZythWhT03PYnRnZhEgIGI,HKD012508787,1
27,我是野花 没必要长成玫瑰,卢润泽,118,5A,65,-,03:20,14,"gufeng, c-pop, mandopop",我是野花 没必要长成玫瑰,2025-09-03,73,1,0,50,0,30,-7,C Minor,4,73gcdezAuXEVjJnDBrQZbn,HKD012555382,1
28,来日没有那么长,Tiger Wang,136,8A,65,-,03:30,19,"mandopop, c-pop",来日没有那么长,2019-09-15,63,75,0,24,0,0,-9,A Minor,4,37820EgueVGxaPsZrTa774,HKG732252830,1
29,木偶人·晝 (《百分之一相對論單元》主題曲),FEniX,146,3A,45,-,03:53,39,"taiwanese pop, c-pop, mandopop, t-pop",木偶人·晝 (《百分之一相對論單元》主題曲),2026-04-17,56,38,0,10,0,20,-10,A#/B♭ Minor,4,0yd1RIPzVh00wGwRK1amcc,TWA532600062,1
30,重归自由,九姨太,172,11A,61,-,03:03,29,"mandopop, c-pop",重归自由,2023-04-25,57,63,0,61,10,0,-10,F#/G♭ Minor,4,2J4Es0Rc2367NWB2l0Uym0,HKC992324173,1
31,落空 - 男版,赖仔Morris,126,9B,47,-,03:44,29,"mandopop, gufeng",落空 (男版),2023-03-30,67,50,0,31,0,0,-7,G Major,4,6PR3KfkBtW0V6FgRzMwgsV,FRX282359693,1
32,余生的嘉宾,潘成（皮卡潘）,114,3A,55,-,04:04,23,"c-pop, gufeng",余生的嘉宾,2025-11-19,69,55,0,28,0,30,-8,A#/B♭ Minor,4,15S5oR7lRzV3DEAnDLG2YX,HKD012684208,1
33,光的背面,"徐剑秋,范诗琪",144,9A,60,-,03:36,17,"mandopop, c-pop, chinese r&b, gufeng",光的背面,2023-05-24,63,20,0,49,0,0,-9,E Minor,4,7kR5ZlZOnCSHu4De9Kc8yf,FRX872341945,1
34,羡慕,"L(桃籽),何文宇",160,5A,56,-,02:27,20,"gufeng, c-pop, mandopop",羡慕,2022-04-14,73,53,0,54,0,10,-7,C Minor,4,4dWL6zwNDw8zWJJnY2XXgW,NL8RL2436496,1
35,咏春,善宇,152,3B,67,-,03:36,22,"c-pop, mandopop, chinese r&b",咏春,2026-01-13,59,67,0,76,0,10,-6,C♯/D♭ Major,4,4hdJyrDxagtDHlIRgHUquZ,HKD012735270,1
36,两头白 （月老与孟婆支线）,旻,160,10A,30,-,04:26,39,gufeng,月老与孟婆支线,2026-03-03,60,71,0,50,0,10,-13,B Minor,4,2obMwnYwyEHSc5uNpA5IaM,QZTB52675949,1
37,爱情索嗨 ［爆发版］,JBMS大熊,128,11B,66,-,02:28,13,"mandopop, c-pop",爱情索嗨 ［爆发版］,2026-01-02,80,21,0,57,0,0,-7,A Major,4,4Vk7DTariOdqweYv1JlEF2,QZFYY2691842,1
38,开场散场,Lancelot_兰斯洛,144,10A,63,-,03:26,28,"c-pop, mandopop",开场散场,2022-09-16,54,34,0,42,0,0,-9,B Minor,4,1rCRIcnyPXa9Qpj1fecThh,HKG732273053,1
39,3721,"ATK,陈戚钧",144,11B,55,-,03:07,15,"gufeng, c-pop",3721,2024-02-03,66,46,0,51,0,0,-9,A Major,4,6zIVrrH5plGR9jqkiG32Ey,FR59R2498034,1
40,揉碎夜的光·2025,高睿,112,9B,27,-,03:11,19,"chinese r&b, c-pop, chinese hip hop, mandopop",揉碎夜的光·2025,2025-09-18,62,78,0,19,0,0,-12,G Major,4,0GFgTVSw4gDX8VUJD7CDMp,CN2DY2505423,1
41,阿斗 - 都笑我是个扶不起的傻瓜,进一,132,8A,51,-,03:16,14,"chinese r&b, gufeng, chinese hip hop",阿斗 (都笑我是个扶不起的傻瓜),2025-12-03,61,17,0,30,0,80,-13,A Minor,4,4F8VvKERtuLWm2Xui2N4nE,DGA082530184,1
42,把柄(我們都有病),文年 Wayne Nian,130,4B,46,-,03:18,27,"mandopop, chinese r&b, c-pop",把柄(我們都有病),2025-12-19,55,30,0,33,0,10,-11,G#/A♭ Major,4,0GiLjJVJVlDtBCUsElm2B7,QT6FK2525886,1
43,雨过后的风景 - R&B版,郭靖,140,2B,63,-,04:26,12,,雨过后的风景 (R&B版),2026-01-13,50,65,0,31,0,10,-7,F#/G♭ Major,4,4yqS5W5nUXl91iI5j6LzPL,HKG731429818,1
44,梅雨季,Jet,75,5B,53,-,03:54,27,"c-pop, chinese indie",梅雨季,2026-04-14,64,19,0,54,0,0,-7,D#/E♭ Major,4,6S1QUx4jU1dfFYoxV8uvyG,TWCT52646053,1
45,心似烟火,卢润泽,160,1B,60,-,03:45,26,"c-pop, mandopop, gufeng",心似烟火,2025-06-25,58,62,0,21,20,20,-8,B Major,4,0OefdgjAYD6yIv5GQC30Z4,HKD012510111,1
46,蓄谋的雨季,森光,121,6B,44,-,02:44,30,"chinese r&b, mandopop, c-pop",蓄谋的雨季,2026-03-14,69,52,0,54,0,10,-12,A#/B♭ Major,4,66butDQNdjSuLvc16yNpiu,HKG732617597,1
47,爱不是一场博弈,珍藏版,199,6B,32,-,04:09,37,"chinese r&b, mandopop, c-pop",爱不是一场博弈,2025-12-03,45,59,0,29,0,0,-12,A#/B♭ Major,4,17maDFqCrfbAPiHwJ3uLzk,QT6FD2565088,1
48,后来是她把我取代,田园,80,4B,62,-,03:21,19,"mandopop, chinese rock, c-pop",后来是她把我取代,2026-01-10,59,49,0,31,0,20,-7,G#/A♭ Major,4,3gA0ZJbEBovz5L21U6vCwJ,FR10S2613245,1
49,慢慢愛SLOW FALLING,BIDO 曾愷妤,123,9B,60,-,02:51,23,"taiwanese pop, mandopop, c-pop",慢慢愛SLOW FALLING,2025-12-14,67,26,0,30,0,20,-7,G Major,4,5bJCiL9MKQPKsCF6909LOi,TWCT52543990,1
50,不正经的雪,"潘成（皮卡潘）,承桓,向思思,袁小葳,一只白羊,卢润泽,耳朵便利店,懂不董,窝窝",126,4A,69,-,03:13,19,"c-pop, gufeng, mandopop, chinese r&b, taiwanese pop",不正经的雪,2024-11-16,80,35,0,70,0,30,-8,F Minor,4,3uNF99evBGtZGNN5gJssoM,QT3T42423284,1
1,Perfect,Logic,160,8B,83,2024-11-10,01:40,60,,No Pressure,2020-07-24,77,1,0,65,0,30,-5,C Major,4,5jbDih9bLGmI8ycUKkN5XA,USUM72014321,1
2,Kumbaya,Hopsin,112,1B,86,2024-12-20,04:04,54,,Kumbaya,2020-06-09,83,34,0,62,30,0,-6,B Major,4,6DLlxJucyETo8X4YPVIAz7,QM24S2006193,1
3,Wolves (feat. Post Malone),"Big Sean,Post Malone",160,10B,68,2024-12-30,03:19,65,,Detroit 2,2020-09-04,72,10,0,33,0,30,-5,D Major,4,33gwZOGJWEZ7dRWPqPxBEZ,USUM72016329,1
4,On The Road (feat. Meek Mill & Lil Baby),"Post Malone,Meek Mill,Lil Baby",113,9B,74,2025-01-03,03:38,69,"rap, ",Hollywood's Bleeding,2019-09-06,44,6,0,22,10,10,-5,G Major,5,12Fkyg9lpmaz2zmKOfw2Y2,USUM71915729,1
5,Tyler Herro,Jack Harlow,123,4A,79,2025-01-06,02:36,73,,Thats What They All Say,2020-12-11,79,9,0,78,0,20,-6,F Minor,4,3w1WjD2zJqjBjDz5fwqQPJ,USAT22006588,1
6,Steppers,"NLE Choppa,Nardo Wick,Fast & Furious: The Fast Saga",104,10A,84,2025-01-09,02:44,37,"phonk, drift phonk",Steppers (FAST X Soundtrack),2023-05-17,79,1,0,65,10,10,-6,B Minor,4,5LEEhCD3GsPGlHAVk1JNda,QZVFR2301320,1
7,"King's Dead (with Kendrick Lamar, Future & James Blake)","Jay Rock,Kendrick Lamar,Future,James Blake",137,3B,71,2025-01-11,03:49,68,"hip hop, west coast hip hop, rap, ","King's Dead (with Kendrick Lamar, Future & James Blake)",2018-01-12,65,0,0,38,30,10,-5,C♯/D♭ Major,4,51rXHuKN8Loc4sUlKPODgH,USUM71714093,1
8,"I'm Good Luv, Enjoy.",Aaron May,130,1B,59,2025-01-19,02:14,26,,CHASE,2019-02-28,89,8,0,95,10,20,-5,B Major,4,3RKLJPyyMZfwebsePAzqjL,USUYG1241306,1
9,I Mean It (feat. Remo),"G-Eazy,Remo the Hitmaker",140,6B,56,2025-02-14,03:56,68,,These Things Happen,2014-06-23,71,13,0,14,10,10,-6,A#/B♭ Major,4,6jmTHeoWvBaSrwWttr8Xvu,USRC11400730,1
10,Walking On The Moon,Stela Cole,87,4B,62,2025-12-14,02:40,0,,Walking On The Moon,2021-11-09,75,28,0,40,0,10,-6,G#/A♭ Major,4,5o6XukezQCeF9aLPyS1jOz,USUS12100781,1
11,I Do (feat. SZA),"Cardi B,SZA",135,6A,47,2026-02-22,03:20,64,r&b,Invasion of Privacy,2018-04-06,89,27,0,44,20,0,-7,G Minor,4,1f5PNhkNgUpvDEeZfcIlO1,USAT21801435,1
12,Money In The Grave (Drake ft. Rick Ross),"Drake,Rick Ross",101,3A,50,2026-02-22,03:25,77,"rap, southern hip hop",The Best In The World Pack,2019-06-15,83,10,0,10,0,10,-4,A#/B♭ Minor,4,5ry2OE6R2zPQFDO85XkgRb,USCM51900318,1
13,B.I.T.C.H.,Megan Thee Stallion,174,10A,73,2026-02-22,03:03,53,,B.I.T.C.H.,2020-01-24,74,9,0,55,30,10,-4,B Minor,4,06scTb0zbkxYNgpAB3J9fN,QMCE32000028,1
14,Girls in the Hood,Megan Thee Stallion,180,2B,82,2026-02-23,02:34,67,,Good News,2020-11-20,82,1,0,80,30,0,-4,F#/G♭ Major,4,7yiSvALPjMrBLDDrbcDRNy,QMCE32000328,2
15,Bodak Yellow,Cardi B,125,10A,70,2026-03-01,03:43,76,,Invasion of Privacy,2018-04-06,93,7,0,49,10,20,-6,B Minor,4,6KBYefIoo7KydImq1uUQlL,USAT21701762,1
16,"Me, Myself & I","G-Eazy,Bebe Rexha",112,5A,67,2026-03-17,04:11,82,,When It's Dark Out,2015-12-04,76,2,0,39,10,10,-7,C Minor,4,40YcuQysJ0KlGQTeGUosTC,USRC11502210,2
17,Nonstop,Drake,155,9B,41,2026-04-19,03:58,79,rap,Scorpion,2018-06-29,91,2,1,42,10,10,-8,G Major,4,0TlLq3lA83rQOYtrqBqSct,USCM51800191,1
18,Enough (Miami),Cardi B,139,7B,79,2026-04-21,02:38,67,,AM I THE DRAMA? (Ultimate Edition),2025-11-12,93,0,0,47,20,0,-5,F Major,5,3j4AWNKYVeL9njKINCTzKm,USAT22401679,1
19,Backin' It Up (feat. Cardi B),"Pardison Fontaine,Cardi B",165,3A,68,2026-04-22,03:10,62,,Backin' It Up (feat. Cardi B),2018-09-20,80,9,0,56,30,20,-5,A#/B♭ Minor,4,0PpfPNtQOOvbMNVJijTQj0,USAT21811197,1
20,What’s New,Megan Thee Stallion,140,3B,87,2026-04-24,02:35,61,,Good News,2020-11-20,93,0,0,72,30,0,-5,C♯/D♭ Major,4,3jRHehB5ulTMKfK5WaqDqc,QMCE32000684,2
21,SMALL TALK,Russ,144,3B,65,2026-04-27,02:01,62,,SMALL TALK,2021-05-07,79,6,0,61,30,30,-4,C♯/D♭ Major,4,4RQvgOmRgrrfrkCqAvy9TE,TCAFN2175531,1
