#,Song,Artist,BPM,Camelot,Energy,Added At,Duration,Popularity,Genres,Album,Album Date,Dance,Acoustic,Instrumental,Valence,Speech,Live,Loud (Db),Key,Time Signature,Spotify Track Id,ISRC,song_frequency
1,Those Eyes,New West,120,12B,35,2023-01-19,03:40,79,,Those Eyes,2019-05-10,59,71,0,25,0,30,-8,E Major,3,50x1Ic8CaXkYNvjmxe3WXy,TCAEE1990215,1
2,Here With Me,d4vd,132,12B,47,2023-01-19,04:02,5,,Here With Me,2022-09-22,57,53,0,29,0,10,-8,E Major,4,78Sw5GDo6AlGwTwanjXbGh,QZMEM2209263,2
3,Right Now,One Direction,120,4B,78,2023-01-19,03:20,77,,Midnight Memories (Deluxe),2013-11-25,65,22,0,37,0,0,-5,G#/A♭ Major,4,1dQQ2QlnvXUehsRUrukKmf,GBHMU1300217,1
4,Glimpse of Us,Joji,170,4B,32,2023-01-19,03:53,3,,SMITHEREENS,2022-11-04,44,89,0,27,0,10,-9,G#/A♭ Major,3,4ewazQLXFTDC8XvCbhvtXs,USWB12201789,3
5,Enchanted,Taylor Swift,82,4B,62,2023-01-25,05:52,71,,Speak Now (Deluxe Package),2010-01-01,54,7,0,23,0,10,-4,G#/A♭ Major,4,3sqrvkNC6IPTIXvvbx9Arw,USCJY1003663,3
6,Heather,Conan Gray,102,7B,43,2023-01-25,03:18,85,,Kid Krow,2020-03-20,36,58,0,27,0,30,-7,F Major,3,4xqrdfXkTW4T0RauPLv3WA,USUM71924264,1
7,Memories,Conan Gray,113,1B,68,2023-02-09,04:08,79,,Superache,2022-06-24,34,1,0,56,0,30,-6,B Major,4,5UXJzLFdBn6u9FJTCnoHrH,USUM72204111,4
8,The Way I Loved You (Taylor’s Version),Taylor Swift,161,7B,73,2023-02-09,04:03,77,,Fearless (Taylor's Version),2021-04-09,40,0,0,47,0,10,-5,F Major,4,22bPsP2jCgbLUvh82U0Z3M,USUG12100626,1
9,Strong,One Direction,115,8B,66,2023-02-09,03:04,74,,Midnight Memories (Deluxe),2013-11-25,74,6,0,34,0,0,-7,C Major,4,3cKM7UXBZmgjEgEBTkaIlU,GBHMU1300215,1
10,Co2,Prateek Kuhad,81,3B,68,2023-02-25,02:43,72,"indian indie, hindi indie",The Way That Lovers Do,2022-05-20,53,66,0,68,0,10,-5,C♯/D♭ Major,4,3hB9lDLyAClYVZivMMl20N,USAT22201719,1
11,Yours,Conan Gray,130,10B,30,2023-03-03,03:24,65,,Superache,2022-06-24,52,85,0,17,0,10,-9,D Major,4,3rPVtXLBfJz59U1LgrGHhb,USUM72204106,1
12,drunk text,Henry Moodie,95,8B,49,2023-03-03,03:07,2,,drunk text,2023-01-26,61,7,0,18,0,10,-5,C Major,3,0KpWiHVmIFDTvai20likX4,GBARL2202513,2
13,People You Know,Selena Gomez,150,1A,62,2023-03-06,03:14,76,,Rare,2020-01-10,70,9,0,62,0,10,-8,G#/A♭ Minor,4,63mdJr3NMY3wReOkNE6c6W,USUM71923485,1
14,Story of My Life,One Direction,121,5B,66,2023-03-08,04:05,86,,Midnight Memories (Deluxe),2013-11-25,60,23,0,29,0,10,-6,D#/E♭ Major,4,4nVBt6MZDDP6tRVdQTgxJg,GBHMU1300210,1
15,Steal My Girl,One Direction,77,3A,77,2023-03-08,03:48,84,,FOUR (Deluxe),2014-11-17,54,0,0,55,0,10,-6,A#/B♭ Minor,4,2Bs4jQEGMycglOfWPBqrVG,GBHMU1400159,1
16,Last First Kiss,One Direction,82,12B,82,2023-03-08,03:23,64,,Take Me Home (Expanded Edition),2012-11-12,54,4,0,48,0,20,-3,E Major,4,0KqlLyIGuBZWqzNwP9rypc,GBHMU1200376,1
17,Somebody To You,The Vamps,172,5B,82,2023-03-08,03:05,71,,Meet The Vamps,2014-01-01,53,6,0,90,0,30,-6,D#/E♭ Major,4,6VrLYoQKdhu1Jruei06t65,GBUM71401330,1
18,she's all i wanna be,Tate McRae,160,7A,63,2023-03-08,03:27,79,,i used to think i could fly,2022-05-27,60,1,0,62,0,10,-5,D Minor,4,7l9IqDtVWJurTvkQHq1BGh,USRC12103120,1
19,golden hour,JVKE,94,12B,59,2023-03-25,03:29,81,,this is what ____ feels like (Vol. 1-4),2022-09-23,52,65,16,15,0,20,-5,E Major,3,5odlY52u43F5BjByhxg7wg,GBKPL2204171,2
20,Open Arms (feat. Travis Scott),"SZA,Travis Scott",78,11B,59,2023-04-30,03:59,75,"r&b, rap",SOS,2022-12-09,67,76,1,22,10,10,-8,A Major,4,0xaFw2zDYf1rIJWl2dXiSF,USRC12204602,1
21,Kill Bill,SZA,89,4B,74,2023-05-02,02:33,83,r&b,SOS,2022-12-08,64,5,14,42,0,10,-6,G#/A♭ Major,4,1Qrg8KqiBpW07V7PNxwwwL,USRC12204584,1
22,I Love You So,The Walters,76,6B,65,2023-05-02,02:40,87,,I Love You So,2014-11-28,57,58,0,47,0,10,-5,A#/B♭ Major,4,4SqWKzw0CbA05TGszDgMlc,TCACC1438995,3
23,LIMBO,keshi,130,4B,37,2023-07-21,03:32,73,,GABRIEL,2022-03-25,58,88,0,8,0,10,-12,G#/A♭ Major,4,2bdVgAQgosGUJoViVDNeOV,USUM72123297,1
24,Crush,David Archuleta,162,5A,66,2023-08-10,03:33,69,,David Archuleta,2008-11-11,57,1,0,49,0,0,-5,C Minor,4,4wCD0qOFNRu1Q6O3N6ycm4,GBCTA0800201,1
25,Car's Outside,James Arthur,150,11B,56,2023-08-16,04:09,83,soft pop,YOU,2019-10-18,34,4,0,26,0,10,-7,A Major,4,0otRX6Z89qKkHkQ9OqJpKt,DEE861903416,1
26,Wish You Were Sober,Conan Gray,91,10B,73,2023-08-16,02:48,71,,Kid Krow,2020-03-20,70,2,0,70,0,10,-5,D Major,4,0kn2gu8Pd03DiYHzRvX2Xk,USUM71924258,3
27,someone will love you better,Johnny Orlando,84,10B,37,2023-08-16,02:51,47,,all the things that could go wrong,2022-08-19,50,68,0,25,0,10,-8,D Major,4,5BIEu2u0dElmmyiZxTLBty,CAUM72200116,1
28,i'm yours,Isabel LaRosa,111,4A,71,2023-08-16,02:25,77,,i'm yours,2022-10-28,40,20,0,64,0,40,-7,F Minor,4,37vVp2sWHuuIBOSl1NswP6,USRC12203917,1
29,Every Summertime,NIKI,79,2B,68,2023-08-16,03:35,76,indonesian r&b,Every Summertime,2021-08-10,63,39,0,72,0,10,-4,F#/G♭ Major,4,68HocO7fx9z0MgDU0ZPHro,USUM72114018,1
30,Never Let You Go,Keenan Te,115,3B,50,2023-09-02,03:22,0,,Never Let You Go,2022-01-28,73,9,0,47,0,0,-9,C♯/D♭ Major,4,5MdZOhx2f37BPtxaEn0F85,UK6KW2200008,1
31,Visiting Hours,Ed Sheeran,150,4B,40,2023-09-02,03:35,66,soft pop,=,2021-10-25,47,77,0,26,0,0,-7,G#/A♭ Major,4,0rt63HYAAIzUZo5O2D0uA6,GBAHS2100680,1
32,"I miss you, I’m sorry",Gracie Abrams,110,9B,46,2023-09-27,02:47,82,,minor,2020-07-14,45,73,0,15,0,10,-6,G Major,5,4nyF5lmSziBAt7ESAUjpbx,USUG11903591,2
33,Angels Like You,Miley Cyrus,122,7B,64,2023-09-27,03:16,83,,Plastic Hearts,2020-11-27,67,10,0,49,0,10,-4,F Major,4,1daDRI9ahBonbWD8YcxOIB,USRC12003754,1
34,Photograph,Ed Sheeran,108,12B,38,2023-11-24,04:18,88,soft pop,x (Deluxe Edition),2014-06-21,61,61,0,20,0,10,-10,E Major,4,1HNkqx9Ahdgi1Ixy2xkKkL,GBAHS1400094,1
35,I Want It That Way,Backstreet Boys,99,11A,69,2023-11-24,03:33,86,,Millennium,1999-05-18,69,26,0,48,0,10,-6,F#/G♭ Minor,4,47BBI51FKFwOMlIiX6m8ya,USJI19910614,5
36,A Thousand Miles,Vanessa Carlton,95,1B,83,2023-11-24,03:57,82,,Be Not Nobody,2002-04-30,56,32,0,27,0,10,-4,B Major,4,4w1lzcaoZ1IC2K5TwjalRP,USIR10210955,1
37,Just the Way You Are,Bruno Mars,109,7B,84,2023-11-24,03:40,88,,Doo-Wops & Hooligans,2010-05-11,64,1,0,42,0,0,-5,F Major,4,7BqBn9nzAq8spo5e7cZ0dJ,USAT21001269,1
38,Just Give Me a Reason (feat. Nate Ruess),"P!nk,Nate Ruess",95,10B,55,2023-11-24,04:02,87,,The Truth About Love,2012-09-18,78,34,0,44,0,10,-7,D Major,4,1mKXFLRA179hdOWQBwUk9e,USRC11200786,1
39,I Gotta Feeling,Black Eyed Peas,128,8B,77,2023-11-24,04:49,85,,THE E.N.D. (THE ENERGY NEVER DIES) [Deluxe Version],2009-01-01,74,9,0,61,0,50,-6,C Major,4,4kLLWz7srcuLKA7Et40PQR,USUM70965169,1
40,Stitches,Shawn Mendes,150,3B,75,2023-11-24,03:26,7,,Handwritten,2015-04-14,75,2,0,76,0,0,-7,C♯/D♭ Major,4,3zkWCteF82vJwv0hRLba76,USUM71500658,1
41,Never Gonna Give You Up,Rick Astley,113,4B,94,2023-11-24,03:33,80,,Whenever You Need Somebody,1987-11-12,72,12,0,91,0,10,-12,G#/A♭ Major,4,4PTG3Z6ehGkBFwjybzWkR8,GBARL9300135,1
42,You're Beautiful,James Blunt,82,5A,48,2023-11-24,03:29,65,,Back to Bedlam,2005-10-04,68,63,0,45,0,0,-10,C Minor,4,5pbajJXEPdcoXQPXoAVR1t,USAT20401588,1
43,The Only Exception,Paramore,138,12B,56,2023-11-24,04:27,70,"pop punk, emo",Brand New Eyes,2009-09-25,45,14,0,21,0,10,-7,E Major,3,3ZHfX6kbiY7JVsB63lLOLu,USAT20902323,4
44,When I Look At You,Miley Cyrus,138,2B,55,2023-11-24,04:08,65,,The Time Of Our Lives,2009-01-01,46,14,0,19,0,10,-5,F#/G♭ Major,3,7ywzEdEuVG1lsjsRCGJfLy,USHR10924540,1
45,Lover,Taylor Swift,69,9B,54,2023-11-24,03:41,85,,Lover,2019-08-23,36,49,0,45,0,10,-8,G Major,4,1dGr1c8CrMLDpV6mPbImSI,USUG11901473,1
46,Somebody's Me,Enrique Iglesias,83,3B,55,2023-12-02,03:58,53,"latin pop, latin",Insomniac (Deluxe Edition),2007-00-00,63,30,0,35,0,10,-7,C♯/D♭ Major,4,6S18su3fmCpLzBsJCQWovx,USUM70734410,1
47,Stuck with U (with Justin Bieber),"Ariana Grande,Justin Bieber",179,4B,45,2023-12-22,03:48,82,"pop, ",Stuck with U,2020-05-08,60,22,0,54,0,30,-7,G#/A♭ Major,3,4HBZA5flZLE435QTztThqH,USUM72009644,1
48,Rewrite The Stars (with James Arthur & Anne-Marie),"James Arthur,Anne-Marie",126,6B,74,2023-12-22,03:38,80,"soft pop, ",Rewrite The Stars (with James Arthur & Anne-Marie),2018-10-25,67,24,0,57,0,40,-5,A#/B♭ Major,4,6mQLN3zRtAp6ovjusyYKrV,USAT21811554,1
49,Gorgeous,Taylor Swift,92,9B,54,2023-12-22,03:29,74,,reputation,2017-11-10,80,7,0,45,10,20,-7,G Major,4,1ZY1PqizIl78geGM4xWlEA,USCJY1750009,1
50,Who Says,Selena Gomez & The Scene,101,12B,93,2023-12-22,03:15,76,,When The Sun Goes Down,2011-01-01,68,8,0,74,0,10,-3,E Major,4,3TcL0dyCMyr0kyTTc4NLgI,USHR11132695,1
51,Old Love,"yuji,putri dahlia",142,1B,37,2024-01-25,04:09,72,,Old Love,2022-08-19,48,72,0,36,0,10,-11,B Major,3,3W4U7TEgILGpq0EmquurtH,SE6XW2261728,1
52,My Love Mine All Mine,Mitski,114,11B,31,2024-01-25,02:17,87,,The Land Is Inhospitable and So Are We,2023-09-15,50,87,14,12,0,10,-15,A Major,4,3vkCueOmm7xQDoJ17W1Pm3,USJ5G2335007,1
53,Call Me Maybe,Carly Rae Jepsen,120,9B,58,2024-01-25,03:13,85,,Kiss,2012-01-01,78,1,0,66,0,10,-7,G Major,4,20I6sIOMTCkB6w7ryavxtO,CAB391100615,1
54,Thank You For Everything,Diego Gonzalez,142,5B,36,2024-01-26,02:45,53,,Thank You For Everything,2023-07-07,65,76,0,35,0,10,-6,D#/E♭ Major,3,5hVdovNC8QAuuJqUnT400l,USUM72308445,1
55,Perfect,Ed Sheeran,95,4B,45,2024-01-26,04:23,89,soft pop,÷ (Deluxe),2017-03-03,60,16,0,17,0,10,-6,G#/A♭ Major,3,0tgVpDi06FyKpA1z0VMD4v,GBAHS1700024,2
56,You're Not There,Lukas Graham,92,7A,52,2024-01-26,03:22,54,dansk pop,Lukas Graham,2016-04-01,77,6,0,30,0,10,-8,D Minor,4,3cdmLOVYY9vht4a1THRJcZ,USWB11600037,1
57,If You Come Back,Blue,78,6B,71,2024-01-26,03:27,64,,All Rise,2001-11-26,58,8,0,70,0,0,-4,A#/B♭ Major,4,6nV2SYnWxCg0Cnmz1GSh2H,GBAAA0100725,1
58,18,One Direction,124,11A,58,2024-02-09,04:08,80,,FOUR (Deluxe),2014-11-17,68,22,0,22,0,10,-8,F#/G♭ Minor,4,3JjnGLK8IxkNLvo8Lb3KOM,GBHMU1400162,1
59,Make You Mine,PUBLIC,103,11B,80,2024-02-09,03:52,73,,Make You Mine,2019-08-09,61,1,0,64,0,10,-4,A Major,4,5iFwAOB2TFkPJk8sMlxP8g,TCACE1578479,1
60,Let Her Go,Passenger,76,9B,54,2024-02-10,04:12,77,folk pop,All the Little Lights (Deluxe),2013-11-29,45,36,0,22,0,10,-7,G Major,4,2pUpNOgJBIBCcjyQZQ00qU,GBMQN1100004,1
61,Snooze,SZA,143,7B,55,2024-03-21,03:21,88,r&b,SOS,2022-12-09,56,14,0,39,10,10,-7,F Major,4,4iZ4pt7kvcaH6Yo8UoZ4s2,USRC12204591,1
62,Nobody Gets Me,SZA,100,9B,28,2024-03-21,03:00,85,r&b,SOS,2022-12-09,36,81,0,28,0,10,-8,G Major,3,5Y35SjAfXjjG0sFQ3KOxmm,USRC12204598,1
63,Love Language,SZA,65,8A,26,2024-03-21,03:03,68,r&b,SOS,2022-12-09,71,85,0,55,0,10,-10,A Minor,4,1eIXYZWEfJO3Na2LCCnIJE,USRC12204588,1
64,Secret Love Song (feat. Jason Derulo),"Little Mix,Jason Derulo",93,11B,61,2024-03-26,04:09,78,,Get Weird (Expanded Edition),2015-11-06,53,22,0,14,0,20,-5,A Major,4,6KHL1En9v6iNWjcs44mcmU,GBHMU1500073,1
65,we can't be friends (wait for your love),Ariana Grande,116,7B,65,2024-04-12,03:48,87,pop,eternal sunshine,2024-03-08,65,6,0,30,0,0,-8,F Major,4,51ZQ1vr10ffzbwIjDCwqm4,USUM72317276,2
66,It Will Rain,Bruno Mars,150,10B,84,2024-04-16,04:17,86,,It Will Rain,2011-09-28,58,34,0,48,0,0,-7,D Major,4,0M3HkE321xpCbCYqVKzr1q,USAT21102075,1
67,Locked out of Heaven,Bruno Mars,144,7B,70,2024-04-16,03:53,92,,Unorthodox Jukebox,2012-12-07,73,5,0,87,0,30,-4,F Major,4,3w3y8KPTfNeOKPiqUTakBh,USAT21203287,1
68,When I Was Your Man,Bruno Mars,73,8B,28,2024-04-16,03:33,90,,Unorthodox Jukebox,2012-12-07,61,93,0,39,0,0,-9,C Major,4,0nJW01T7XtvILxQgC5J7Wh,USAT21206701,2
69,Daylight,Taylor Swift,150,8B,50,2024-04-16,04:53,81,,Lover,2019-08-23,56,81,0,27,0,0,-10,C Major,4,1fzAuUVbzlhZ1lJAx9PtY6,USUG11901486,2
70,Cruel Summer,Taylor Swift,170,11B,70,2024-04-16,02:58,89,,Lover,2019-08-23,55,12,0,56,10,10,-6,A Major,4,1BxfuPKGuaTgP7aM0Bbdwr,USUG11901472,1
71,Unconditionally,Katy Perry,129,9B,73,2024-04-16,03:48,78,pop,PRISM,2013-01-01,43,0,0,35,0,20,-5,G Major,4,009ImBOrIUlWgla8U05RAC,USUM71311295,1
72,Is It Just Me? (feat. JP Cooper),"Emily Burns,JP Cooper",145,12B,34,2024-04-16,03:23,51,,Is It Just Me?,2020-12-04,48,69,0,29,0,10,-7,E Major,4,754zNJgoWQaGETFzSYVlmC,GBUM72005663,1
73,One Love,Blue,95,1A,72,2024-05-29,03:27,67,,One Love,2002-00-00,68,2,0,85,0,30,-4,G#/A♭ Minor,4,2W5acFzXf5FrktecuD30Or,GBAAA0200939,1
74,Sorry Seems To Be The Hardest Word - Radio Edit,"Blue,Elton John",79,6A,61,2024-05-29,03:27,60,,Sorry Seems To Be The Hardest Word,2002-01-01,57,19,0,48,0,30,-7,G Minor,4,6q7AwoBe44UEL3TiSnk6B1,GBAAA0201088,1
75,All Rise,Blue,98,4A,74,2024-05-29,03:43,67,,All Rise,2001-11-26,72,12,0,93,0,10,-3,F Minor,4,7jley98gCQFueQ5MCaFWIb,GBAAA0100115,1
76,Best In Me,Blue,99,9A,56,2024-05-29,03:13,63,,All Rise,2001-11-26,76,11,0,36,0,0,-7,E Minor,4,0t78xGJe3jXsih4qRMId7I,GBAAA0100733,1
77,She Told Me,Blue,92,8B,56,2024-05-29,04:02,34,,One Love,2002-00-00,82,12,0,79,0,0,-4,C Major,4,55sWNMi7cOZqb1oC3wpjJj,GBAAA0200961,1
78,Love At First Sight,Blue,136,3B,68,2024-05-29,03:57,36,,Best Of Blue,2004-01-01,51,33,0,30,0,10,-5,C♯/D♭ Major,4,4DS6dARXSbcb97W5MpwD4H,GBAAA0400460,1
79,It's Alright,Blue,100,11A,97,2024-05-29,03:31,29,,4ever Blue,2005-01-01,55,9,0,84,0,10,-4,F#/G♭ Minor,4,2K9xPGGj6VGVIessOdPhrS,GBAAA0400488,1
80,This Could Be Love,Blue,116,10B,80,2024-05-29,02:56,31,,Heart & Soul,2022-10-28,62,2,0,33,0,0,-5,D Major,4,3H9o4K5f3W2ha3O7d5YD5j,GB5KW2201428,1
81,One Last Time,Ariana Grande,125,4B,59,2024-05-29,03:17,86,pop,My Everything (Deluxe),2014-08-22,63,9,0,10,0,10,-5,G#/A♭ Major,4,7xoUc6faLbCqZO6fQEYprd,USUM71409723,3
82,Espresso,Sabrina Carpenter,104,8B,76,2024-06-07,02:55,86,pop,Espresso,2024-04-12,70,11,0,69,0,10,-5,C Major,4,2qSkIjg1o9h3YT9RAgYN75,USUM72403305,1
83,Strangers,Kenya Grace,170,10A,52,2024-06-11,02:52,77,,Strangers,2023-09-01,63,70,0,42,0,20,-8,B Minor,4,5mjYQaktjmjcMKcUIcqz4s,USWB12305048,1
84,BLUE,Billie Eilish,142,9B,34,2024-06-13,05:43,81,,HIT ME HARD AND SOFT,2024-05-17,35,29,17,4,0,10,-11,G Major,4,2prqm9sPLj10B4Wg0wE5x9,USUM72401996,1
85,BIRDS OF A FEATHER,Billie Eilish,105,10B,51,2024-06-21,03:30,94,,HIT ME HARD AND SOFT,2024-05-17,75,20,6,44,0,10,-10,D Major,4,6dOtVTDdiauQNBQEDOtlAB,USUM72401994,1
86,Please Please Please,Sabrina Carpenter,107,11B,59,2024-06-24,03:06,80,pop,Please Please Please,2024-06-06,67,27,0,58,0,10,-6,A Major,4,5N3hjp1WNayUPZrA8kJmJP,USUM72404101,1
87,Not Like Us,Kendrick Lamar,101,3B,47,2024-06-29,04:34,88,"hip hop, west coast hip hop",Not Like Us,2024-05-04,90,1,0,21,0,10,-7,C♯/D♭ Major,4,6AI3ezQ4o3HUoP6Dhudph3,USUG12400910,1
88,The Man Who Can't Be Moved,The Script,100,6B,63,2024-06-29,04:01,88,,The Script,2008-07-14,61,44,0,31,0,10,-5,A#/B♭ Major,4,3nqqDo8CcCLke3ZoTgiOKf,GBARL0800144,1
89,Cinnamon Girl,Lana Del Rey,92,11A,34,2024-07-04,05:00,89,,Norman Fucking Rockwell!,2019-08-30,29,81,41,14,0,10,-11,F#/G♭ Minor,5,2mdEsXPu8ZmkHRRtAdC09e,GBUM71903147,3
90,Fortnight (feat. Post Malone),"Taylor Swift,Post Malone",192,1B,39,2024-07-04,03:48,83,,THE TORTURED POETS DEPARTMENT,2024-04-18,50,50,0,28,0,10,-11,B Major,4,2OzhQlSqBEmt7hmkYxfT6m,USUG12401028,3
91,Apocalypse,Cigarettes After Sex,94,7B,47,2024-08-21,04:50,11,dream pop,Cigarettes After Sex,2017-06-09,37,2,57,18,0,10,-9,F Major,4,0yc6Gst2xkRu0eMLeRMGCX,USBQU1700034,3
92,K.,Cigarettes After Sex,94,5B,40,2024-08-23,05:20,7,dream pop,Cigarettes After Sex,2017-06-09,45,14,84,32,0,10,-10,D#/E♭ Major,4,1FWsomP9StpCcXNWmJk8Cl,USBQU1600214,3
93,Sweet,Cigarettes After Sex,96,2B,51,2024-08-23,04:52,6,dream pop,Cigarettes After Sex,2017-06-09,45,35,76,12,0,10,-9,F#/G♭ Major,4,6ilc4vQcwMPlvAHFfsTGng,USBQU1700036,3
94,West Coast,Lana Del Rey,123,11A,59,2024-08-23,04:16,84,,Ultraviolence (Deluxe),2014-01-01,53,19,2,46,0,0,-8,F#/G♭ Minor,4,5Y6nVaayzitvsD5F7nr3DV,GBUM71402081,1
95,Nothing's Gonna Hurt You Baby,Cigarettes After Sex,97,12B,33,2024-08-23,04:46,4,dream pop,I.,2012-07-21,50,26,15,9,0,10,-14,E Major,4,7cs7MLtAWvsdf3w5kBvfK2,TCACJ1593857,2
96,Dreaming of You,Cigarettes After Sex,132,9B,40,2024-08-23,05:22,0,dream pop,I.,2012-07-21,28,54,9,19,0,10,-15,G Major,5,5DZNSYxhFA1WA9WEJg9TNY,TCACJ1593860,1
97,Cry,Cigarettes After Sex,143,9B,40,2024-08-23,04:16,61,dream pop,Cry,2019-10-25,41,76,65,17,0,10,-10,G Major,4,3p4hRhMcb6ch8OLtATMaLw,USBQU1900121,1
98,august,Taylor Swift,90,7B,62,2024-08-23,04:21,85,,folklore,2020-07-24,53,54,0,40,0,0,-9,F Major,4,3hUxzQpSfdDqwM3ZTFQY0K,USUG12002842,1
99,X's,Cigarettes After Sex,133,10A,44,2024-08-30,03:03,1,dream pop,X's,2024-07-12,59,45,82,22,0,10,-11,B Minor,4,4ImeysCxPlYmM4LRFp7z9f,USBQU2400001,1
100,You're All I Want,Cigarettes After Sex,91,7B,47,2024-08-31,04:24,41,dream pop,You're All I Want,2020-05-26,44,36,83,26,0,10,-11,F Major,4,4nvLuqwTOZdEJI1fcHXv8h,USBQU1900259,2
101,You're the Only Good Thing In My Life,Cigarettes After Sex,131,7B,29,2024-08-31,04:35,41,dream pop,Cry,2019-10-25,47,78,74,6,0,10,-11,F Major,4,37xXDxPzfk5lnU8aNSRXfw,USBQU1900117,1
102,Each Time You Fall in Love,Cigarettes After Sex,76,6B,54,2024-08-31,04:50,1,dream pop,Cigarettes After Sex,2017-06-09,38,47,51,30,0,10,-9,A#/B♭ Major,4,2hIsd0F6ZGfHCC1xa7vSad,USBQU1700032,1
103,Neon Moon,Cigarettes After Sex,181,12B,49,2024-08-31,03:45,3,dream pop,Neon Moon,2018-12-17,27,10,9,28,0,10,-11,E Major,4,7nbAMKGkPMjc4EuNNsjXqZ,QZFM41800001,1
104,Keep on Loving You,Cigarettes After Sex,73,7A,37,2024-08-31,03:53,2,dream pop,Affection,2015-01-01,45,53,96,12,0,10,-9,D Minor,4,5VYBergVrUDcb8QyEg70cF,TCACJ1596832,1
105,Affection,Cigarettes After Sex,90,9B,41,2024-08-31,05:11,0,dream pop,Affection,2015-01-01,41,50,91,28,0,10,-11,G Major,4,1lusH0zFDRV1ThaFYsUgfi,TCACJ1596829,4
106,love.,wave to earth,62,10B,39,2024-09-04,05:07,2,,0.1 flaws and all.,2023-04-20,32,65,30,25,0,20,-10,D Major,4,5rDXfGMWI6S8wkXR0MHsvv,KRA252300813,4
107,bad,wave to earth,136,10B,55,2024-09-04,04:23,2,,0.1 flaws and all.,2023-04-20,56,71,11,39,0,10,-9,D Major,4,5TZKpQFKCbIlWGD8DzHbC6,KRA252300807,5
108,light,wave to earth,80,1B,62,2024-09-04,03:45,14,,light,2019-11-18,44,26,3,72,0,10,-7,B Major,4,1MNHqDjKxhtn7YwLCpm7Nt,KRMIM1921432,3
109,peach eyes,wave to earth,95,10A,49,2024-09-04,03:05,0,,0.1 flaws and all.,2023-04-20,62,64,0,72,0,10,-9,B Minor,4,1V8s51MOKlmES1Vc9Erm89,KRA252300809,4
110,pink,wave to earth,130,11B,52,2024-09-04,04:27,0,,0.1 flaws and all.,2023-04-20,59,81,75,30,0,10,-9,A Major,4,2KHXLUeYXiXnasuGzA2f8G,KRA252300812,2
111,evening glow,wave to earth,100,1B,52,2024-09-04,03:36,0,,0.1 flaws and all.,2023-04-20,52,30,62,49,0,10,-9,B Major,4,4ti11xaTQ4ZrLBglUyrkMX,KRA252300810,2
112,ocean floor,wave to earth,136,10A,51,2024-09-04,04:01,4,,summer flows 0.02,2020-08-04,56,50,0,27,0,10,-9,B Minor,4,3DbZqVaXg8Yi1VBU44i0ns,KRMIM2021579,2
113,Die With A Smile,"Lady Gaga,Bruno Mars",158,11A,59,2024-09-07,04:11,91,"art pop, pop, ",Die With A Smile,2024-08-16,52,31,0,54,0,10,-8,F#/G♭ Minor,3,2plbrEY59IikOBgBGLjaoe,USUM72409273,1
114,Wonderwall,LEEHEESANG,130,9B,36,2024-09-15,03:07,28,,WHOEVER,2021-12-20,53,91,0,10,0,10,-10,G Major,4,2rJQahbM3ea3gpHMBili3b,KRMIM2179192,1
115,Ich liebe dich !,LEEHEESANG,95,9B,58,2024-09-15,03:25,28,,HOWEVER,2023-02-03,59,32,0,55,0,40,-7,G Major,4,3yHWrjCabT4vbo83GvT5IU,KRMIM2302939,1
116,There Is a Light That Never Goes Out - 2011 Remaster,The Smiths,136,12B,77,2024-09-15,04:04,85,"new wave, madchester, jangle pop",The Queen Is Dead,1986-06-16,52,4,0,88,0,10,-6,E Major,4,0WQiDwKJclirSYG9v5tayI,GBCRL1100054,1
117,Everlasting Love,LEEHEESANG,130,10B,39,2024-09-15,05:32,47,,HOWEVER,2023-02-03,49,78,21,28,0,10,-9,D Major,4,1ueWBHHclILiJ2loAoqDxI,KRMIM2302941,2
118,Be My First,LEEHEESANG,120,11A,33,2024-09-15,03:17,30,,HOWEVER,2023-02-03,68,62,15,11,0,10,-8,F#/G♭ Minor,4,6nHO3jqTR0H1B5Pcsfr0yb,KRMIM2302937,1
119,Better With You,blah,140,1B,52,2024-09-15,04:11,27,,The,2023-01-11,53,67,32,23,0,0,-8,B Major,4,60VviGExTCCOxMujxzmu7N,KRA252300013,1
120,Blue,jungumul,144,11B,31,2024-09-15,04:35,0,,Blue,2019-02-27,62,51,70,18,0,10,-11,A Major,4,3edfo7rDZbKrLlGdVj9Ond,KRMIM1903385,2
121,I Thought It Was Love.,Sagong,130,5B,46,2024-09-15,04:00,33,k-rock,I Thought It Was Love.,2020-08-14,63,68,0,38,0,20,-9,D#/E♭ Major,4,2k51JpmC8P0TfYfYD0mNh5,KRMIM2020861,1
122,Hey Jude,The Beatles,74,7B,63,2024-09-16,03:58,74,"classic rock, psychedelic rock",Love,2006-11-17,46,9,0,59,0,40,-7,F Major,4,1eT2CjXwFXNx6oY5ydvzKU,GBAYE0601566,1
123,Iris,The Goo Goo Dolls,156,10A,72,2024-09-16,04:49,94,,Dizzy up the Girl,1998-00-00,32,0,0,50,0,0,-8,B Minor,3,6Qyc6fS4DsZjB2mRW9DsQs,USWB19800160,2
124,Love Story (Taylor’s Version),Taylor Swift,119,10B,79,2024-11-17,03:55,78,,Love Story (Taylor’s Version),2021-02-12,63,14,0,42,0,10,-4,D Major,4,3CeCwYWvdfXbZLXFhBrbnf,USUG12100342,1
125,BMF,SZA,128,3A,55,2025-01-24,03:00,76,r&b,SOS Deluxe: LANA,2024-12-20,79,51,2,97,0,0,-9,A#/B♭ Minor,4,3U3hFkMr0Q90pD24EkE3Pr,USRC12403826,1
126,"I Love You, I'm Sorry",Gracie Abrams,116,6B,41,2025-01-25,02:37,87,,The Secret of Us,2024-06-21,53,66,0,34,0,10,-8,A#/B♭ Major,3,51rfRCiUSvxXlCSCfIztBy,USUG12401766,2
127,That’s So True,Gracie Abrams,109,3B,81,2025-02-04,02:46,90,,The Secret of Us (Deluxe),2024-10-18,55,21,0,37,0,10,-4,C♯/D♭ Major,4,7ne4VBA60CxGM75vw0EYad,USUG12406903,1
128,luther (with sza),"Kendrick Lamar,SZA",138,10B,57,2025-02-04,02:57,85,"hip hop, west coast hip hop, r&b",GNX,2024-11-21,71,25,0,58,10,20,-8,D Major,4,2CGNAOSuO1MEFCbBRgUzjd,USUG12408496,1
129,Taste,Sabrina Carpenter,113,5A,91,2025-02-04,02:37,70,pop,Short n' Sweet,2024-08-23,67,9,0,79,0,30,-4,C Minor,4,1d7Ptw3qYcfpdLNL5REhtJ,USUM72404100,1
130,Fix You,Coldplay,138,5B,42,2025-02-05,04:55,86,,X&Y,2005-06-07,21,16,0,12,0,10,-9,D#/E♭ Major,4,7LVHVU3tWfcxj5aiPFEW4Q,GBAYE0500605,1
131,Soft Spot,keshi,106,1B,60,2025-02-10,03:24,76,,Requiem,2024-09-13,70,36,0,71,0,0,-8,B Major,4,2aL4lMGhWdPpyPL6COPou7,USUM72406558,1
132,All The Stars (with SZA) - From  Black Panther: The Album ,"Kendrick Lamar,SZA",97,4B,63,2025-02-10,03:52,91,"hip hop, west coast hip hop, r&b",Black Panther The Album Music From And Inspired By,2018-02-09,70,6,0,56,0,0,-5,G#/A♭ Major,4,3GCdLUSnKSMJhs4Tj6CV3s,USUM71713947,1
133,End of Beginning,Djo,160,10B,45,2025-02-11,02:39,97,,DECIDE,2022-09-16,69,4,0,91,0,0,-8,D Major,4,3qhlB30KknSejmIvZZLjOD,GBKPL2205058,2
134,Line Without a Hook,Ricky Montgomery,190,4B,65,2025-02-12,04:09,81,,Montgomery Ricky,2016-04-01,43,26,0,51,0,20,-5,G#/A♭ Major,3,5NvOZCjZaGGGL597exlQWv,USA2P1624696,1
135,Heavy,The Marías,97,8B,41,2025-02-15,04:13,83,bedroom pop,CINEMA,2021-06-25,76,33,75,73,0,0,-8,C Major,4,1ShRHPAiiIrh0arZbSFmx1,USAT22100694,2
136,No One Noticed,The Marías,98,9B,34,2025-02-19,03:56,90,bedroom pop,Submarine,2024-05-31,71,55,8,46,0,10,-11,G Major,4,3siwsiaEoU4Kuuc9WKMUy5,USAT22307579,1
137,Slipping Through My Fingers,Declan McKenna,121,9B,12,2025-03-10,04:23,61,,Slipping Through My Fingers,2023-12-15,52,90,0,22,0,10,-17,G Major,4,5GRarkYarOgejsLCxLprQD,GBARL2301803,1
138,The Cut That Always Bleeds,Conan Gray,136,8B,41,2025-04-14,03:51,83,,Kid Krow,2020-03-20,49,59,0,25,0,0,-6,C Major,4,7wTqEW5nrMhvyEhEyTnOMd,USUM71924260,1
139,back to friends,sombr,93,3B,72,2025-04-21,03:19,91,,back to friends,2024-12-27,44,0,0,24,0,0,-2,C♯/D♭ Major,4,0FTmksd2dxiE5e3rWyJXs6,USWB12405502,1
140,Sailor Song,Gigi Perez,95,1B,41,2025-04-21,03:31,88,,Sailor Song,2024-07-26,49,68,0,27,0,10,-10,B Major,4,2262bWmqomIaJXwCRHr13j,USHM92438095,1
141,You'll Be in My Heart,NIKI,188,11B,61,2025-05-20,04:01,81,indonesian r&b,You'll Be In My Heart,2022-09-14,49,6,0,63,0,10,-9,A Major,4,1UPB5rYJ0bzn6mNSoAHrZC,ZZOPM2240877,1
142,Style,Taylor Swift,95,9B,79,2025-07-17,03:51,85,,1989 (Deluxe),2014-01-01,59,0,0,49,0,10,-6,G Major,4,0ug5NqcwcFR2xrfTkc7k8e,USCJY1431319,1
143,blue,yung kai,97,12B,32,2025-07-18,03:34,82,,blue,2024-08-02,75,93,2,59,0,10,-12,E Major,3,3be9ACTxtcL6Zm4vJRUiPG,TLVEM2456474,2
144,Glue Song,beabadoobee,114,3B,41,2025-07-18,02:15,81,bedroom pop,Glue Song,2023-02-14,62,77,5,58,0,10,-10,C♯/D♭ Major,3,3iBgrkexCzVuPy4O9vx7Mf,GBK3W2302568,1
145,We Hug Now,Sydney Rose,120,8B,33,2025-07-20,04:08,79,,We Hug Now,2025-02-13,37,71,0,21,0,10,-11,C Major,4,7zFio8WT0tTBqLs1pXYKqy,QZNWP2551442,1
146,Yellow,Coldplay,173,1B,66,2025-07-20,04:26,91,,Parachutes,2000-07-10,43,0,0,28,0,20,-7,B Major,4,3AJwUDP919kvQ9QcozQPxg,GBAYE0000267,1
147,So High School,Taylor Swift,176,9B,87,2025-07-22,03:48,72,,THE TORTURED POETS DEPARTMENT: THE ANTHOLOGY,2024-04-19,37,3,0,29,0,10,-5,G Major,4,1GP8VW5Wk2w2obkWjGCGXd,USUG12402544,1
148,No Surprises,Radiohead,76,7B,39,2025-11-13,03:49,87,"art rock, alternative rock",OK Computer,1997-05-28,26,6,0,12,0,10,-11,F Major,4,10nyNJ6zNy2YVYLrcwLccB,GBAYE9700386,6
149,About You,The 1975,96,10B,76,2025-07-22,05:26,27,,Being Funny In A Foreign Language,2022-10-14,42,31,80,46,0,0,-7,D Major,4,1fDFHXcykq4iw8Gg7s5hG9,GBK3W2202321,3
150,Always,Daniel Caesar,136,10B,44,2025-07-23,03:45,85,,NEVER ENOUGH,2023-04-07,58,67,0,20,0,10,-8,D Major,4,2LlOeW5rVcvl3QcPNPcDus,USUG12209355,1
151,the perfect pair,beabadoobee,146,1B,66,2025-08-11,02:57,84,bedroom pop,Beatopia,2022-07-15,63,43,12,60,0,10,-7,B Major,4,41P6Tnd8KIHqON0QIydx6a,GBK3W2202093,1
152,Sparks,Coldplay,103,3B,27,2025-09-02,03:47,90,,Parachutes,2000-07-10,37,75,5,17,0,10,-11,C♯/D♭ Major,3,7D0RhFcb3CrfPuTJ0obrod,GBAYE0000569,2
153,The Scientist,Coldplay,146,7B,44,2025-09-02,05:09,89,,A Rush of Blood to the Head,2002-08-27,56,73,0,21,0,10,-7,F Major,4,75JFxkI2RXiU7L9VXzMkle,GBAYE0200772,1
154,Mamma Mia,ABBA,138,10B,75,2025-11-10,03:33,80,,Abba,1975-00-00,75,30,0,83,0,40,-7,D Major,4,2TxCwUlqaOH3TIyJqGgR91,SEAYD7501010,1
155,Every Breath You Take,The Police,117,3B,45,2025-10-11,04:13,93,,Synchronicity (Remastered 2003),1983-06-17,82,54,0,74,0,0,-10,C♯/D♭ Major,4,1JSTJqkT5qHq8MDJnJbRE1,GBAAM0201110,1
156,Fade Into You,Mazzy Star,157,11B,33,2025-10-11,04:55,87,"dream pop, shoegaze, slowcore",So Tonight That I Might See,1993-10-05,42,25,0,18,0,0,-14,A Major,3,1LzNfuep1bnAUR9skqdHCK,USCA29300105,2
157,Saturn,SZA,89,3B,58,2025-10-12,03:06,81,r&b,SOS Deluxe: LANA,2024-12-20,56,64,0,33,0,10,-8,C♯/D♭ Major,4,040I32EKLxQrkuxQu1pqvT,USRC12400216,1
158,supernatural,Ariana Grande,76,4B,71,2025-10-12,02:43,80,pop,eternal sunshine,2024-03-08,58,10,0,52,10,10,-7,G#/A♭ Major,4,142PiXzA84lmEw2RstFHFa,USUM72317274,1
159,we fell in love in october,girl in red,130,9B,37,2025-10-22,03:04,86,bedroom pop,we fell in love in october / October Passed Me By,2018-11-21,57,11,18,24,0,10,-13,G Major,4,6IPwKM3fUUzlElbvKw2sKl,GBKPL1828677,2
160,The Winner Takes It All,ABBA,126,2B,79,2025-11-10,04:54,87,,Super Trouper,1980-00-00,45,57,0,52,0,0,-7,F#/G♭ Major,4,3oEkrIfXfSh9zGnE7eBzSV,SEAYD8001020,1
161,What Are Words,Chris Medina,124,8B,24,2025-11-10,03:09,53,,What Are Words,2011-11-28,60,84,0,46,0,0,-7,C Major,4,50A1WCxKycJUHRr4Rz6WrD,NOYEL1104040,1
162,Have You Ever Seen The Rain,Creedence Clearwater Revival,116,8B,70,2025-11-10,02:40,89,"classic rock, southern rock, country rock",Pendulum (Expanded Edition),1970-12-07,74,7,0,77,0,10,-7,C Major,4,2LawezPeJhN4AWuSB0GtAU,USC4R0817643,1
163,Let Down,Radiohead,102,11B,68,2025-11-13,04:59,89,"art rock, alternative rock",OK Computer,1997-05-28,35,0,11,14,0,10,-9,A Major,4,2fuYa3Lx06QQJAm0MjztKr,GBAYE9701374,1
164,Scott Street,Phoebe Bridgers,135,6B,42,2025-11-18,05:05,73,,Stranger in the Alps (Deluxe Edition),2018-10-02,51,77,9,48,0,0,-10,A#/B♭ Major,4,21uFPefbgeR3QLVJWATlrr,USJ5G1714205,1
165,cardigan,Taylor Swift,130,5A,58,2025-11-21,03:59,86,,folklore,2020-07-24,61,54,0,55,0,20,-9,C Minor,4,4R2kfaDFhslZEMJqAFNpdd,USUG12002836,3
166,right where you left me,Taylor Swift,138,6B,62,2025-11-21,04:05,51,,the  ladies lunching  chapter,2021-02-04,58,77,0,64,0,10,-7,A#/B♭ Major,4,3IxAFD3NO9vUqJpL0xH3kc,USUG12004720,1
167,Stumblin' In,"Chris Norman,Suzi Quatro",129,9B,77,2025-11-10,03:58,61,glam rock,Licorice Pizza (Original Motion Picture Soundtrack),2021-11-26,75,1,0,85,0,20,-8,G Major,4,0ctgmKdlPY8xx41wY339Da,DEA817800048,1
168,Guilty as Sin?,Taylor Swift,95,10B,43,2025-11-29,04:14,77,,THE TORTURED POETS DEPARTMENT,2024-04-18,63,61,0,49,0,0,-8,D Major,3,0W0iAC1VGlB82PI6elxFYf,USUG12401036,1
169,Stop Crying Your Heart Out,Oasis,75,10B,57,2025-11-29,05:03,76,"britpop, madchester",Heathen Chemistry,2002-02-03,38,8,0,9,0,0,-5,D Major,4,5YciOakY5dB5dULkiLdCaf,GBBQY0202057,1
170,SLOW DANCING IN THE DARK,Joji,89,5B,48,2025-12-03,03:29,87,,BALLADS 1,2018-10-26,52,54,1,28,0,10,-7,D#/E♭ Major,4,6rY5FAWxCdAGllYEOZMbjW,ZZOPM1800452,1
171,Who Knows,Daniel Caesar,121,4A,26,2025-12-04,03:46,90,,Son Of Spergy,2025-10-24,67,76,0,39,0,30,-15,F Minor,4,6DH13QYXK7lKkYHSU88N48,USUG12505893,1
172,my tears ricochet,Taylor Swift,130,8B,26,2025-12-15,04:15,79,,folklore,2020-07-24,47,81,0,11,0,0,-11,C Major,4,1MgV7FIyNxIG7WzMRJV5HC,USUG12002839,2
173,Back To December,Taylor Swift,142,10B,61,2025-12-15,04:53,66,,Speak Now,2010-10-25,52,2,0,30,0,30,-6,D Major,4,5l6GqSxplqnZbLg0LTPQeG,GBUM71027838,2
174,Manchild,Sabrina Carpenter,123,9B,69,2025-12-18,03:33,87,pop,Manchild,2025-06-05,73,12,0,81,0,30,-5,G Major,4,42UBPzRMh5yyz0EDPr6fr1,USUM72504354,1
175,I Thought I Saw Your Face Today,She & Him,158,9B,55,2025-12-20,02:50,92,christmas,Volume One,2008-03-18,36,33,0,53,0,30,-8,G Major,4,0myRViRgmQ3J8izICXEAVO,USMRG0832405,1
176,Lush Life,Zara Larsson,98,6A,71,2026-01-09,03:20,94,,So Good,2017-03-17,69,13,0,80,0,20,-4,G Minor,4,1rIKgCH4H52lrvDcz50hS8,SEWEE1500509,2
177,Don't Look Back in Anger - Remastered,Oasis,163,8B,94,2026-01-16,04:49,77,"britpop, madchester",(What's The Story) Morning Glory? [Remastered],1995-10-02,33,7,0,33,0,10,-3,C Major,4,0UvCh63URrLFcPkKt99hHd,GBQCP1400110,1
178,Super Trouper,ABBA,118,8B,63,2026-01-21,04:12,77,,Super Trouper,1980-00-00,76,46,0,96,0,20,-8,C Major,4,0J2p4KYdr6Mg4ET6JPlbe1,SEAYD8001010,1
179,I'd Love You to Want Me,Lobo,78,6B,54,2026-01-24,04:07,73,,Of A Simple Man,1972-00-00,43,12,0,44,0,0,-10,A#/B♭ Major,4,71CXzHYYOyNqgtVFpNdeCS,USAT20108558,1
180,I Could Die for You,Red Hot Chili Peppers,170,11B,73,2026-01-24,03:12,70,"funk rock, alternative rock, rock",By the Way (Deluxe Edition),2002-07-09,38,10,0,39,0,0,-4,A Major,4,3oP2vxUR2bjFCrU9YolGnM,USWB10201695,1
181,Can't Stop,Red Hot Chili Peppers,91,11B,94,2026-01-24,04:29,89,"funk rock, alternative rock, rock",By the Way (Deluxe Edition),2002-07-09,62,2,0,88,0,10,-3,A Major,4,3ZOEytgrvLwQaqXreDs2Jx,USWB10201694,1
182,Loving Arms,The Chicks,136,11B,34,2026-01-24,03:37,47,country,Wide Open Spaces,1998-01-27,57,47,0,25,0,10,-8,A Major,4,4cHYaDubVO44HdsNHkiTOi,USSM19702921,1
183,Cure From Adulting,The Blue Cove,135,10B,72,2026-01-24,04:06,29,,Cure From Adulting,2023-09-01,60,0,0,51,0,0,-8,D Major,4,2O3JSj5WDKtsT2AXoUHxZv,QZXLZ2376971,1
184,Creep,Radiohead,92,9B,43,2026-01-24,03:58,93,"art rock, alternative rock",Pablo Honey,1993-02-22,52,1,0,10,0,10,-10,G Major,4,70LcF31zb1H0PyJoS1Sx1r,GBAYE9200070,1
185,All Too Well (10 Minute Version) (Taylor's Version) (From The Vault),Taylor Swift,93,8B,52,2026-01-26,10:13,82,,Red (Taylor's Version),2021-11-12,63,27,0,21,0,0,-9,C Major,4,5enxwA8aAbwZbf5qCHORXi,USUG12103690,1
186,Sienna,The Marías,148,9B,47,2026-02-10,03:44,87,bedroom pop,Submarine,2024-05-31,69,58,57,59,0,10,-9,G Major,4,0InIeZW4P6VO7dUGRM4AKH,USAT22400849,2
187,Last Kiss (Taylor's Version),Taylor Swift,80,6B,36,2026-02-24,06:09,68,,Speak Now (Taylor's Version),2023-07-07,56,44,0,19,0,10,-9,A#/B♭ Major,3,59KOoHFcw5XfICnO57holu,USUG12302085,1
188,exile (feat. Bon Iver),"Taylor Swift,Bon Iver",76,2B,38,2026-02-24,04:45,80,,folklore,2020-07-24,30,78,0,15,0,10,-8,F#/G♭ Major,4,4pvb0WLRcMtbPGmtejJJ6y,USUG12002838,1
189,Red (Taylor's Version),Taylor Swift,125,12A,78,2026-02-24,03:43,75,,Red (Taylor's Version),2021-11-12,52,0,0,41,0,0,-5,C♯/D♭ Minor,4,4OAuvHryIVv4kMDNSLuPt6,USUG12103662,1
190,White Horse (Taylor’s Version),Taylor Swift,185,8B,52,2026-02-24,03:54,68,,Fearless (Taylor's Version),2021-04-09,42,37,0,37,0,10,-7,C Major,4,5YL553x8sHderRBDlm3NM3,USUG12100621,1
191,Untouchable (Taylor’s Version),Taylor Swift,200,7B,53,2026-02-24,05:12,64,,Fearless (Taylor's Version),2021-04-09,39,2,0,22,0,10,-6,F Major,4,0tQ9vBYpldCuikPsbgOVKA,USUG12100631,1
192,You're Still The One,Shania Twain,134,5B,49,2026-02-24,03:32,75,country,Come On Over,1997-11-04,59,36,0,63,0,0,-9,D#/E♭ Major,4,1wb4P4F0sxAQ2KXrRvsx6n,USMR19887499,1
193,Heaven,Bryan Adams,140,8A,59,2026-03-29,04:03,85,,Reckless (30th Anniversary / Deluxe Edition),1984-11-05,38,5,0,33,0,10,-7,A Minor,4,7Ewz6bJ97vUqk5HdkvguFQ,USAM18490004,1
194,Keep on Loving You,REO Speedwagon,175,8B,72,2026-03-29,03:20,74,"soft rock, aor, classic rock",Hi Infidelity (30th Anniversary Edition),1980-00-00,31,5,0,41,0,10,-6,C Major,4,4rcHWl68ai6KvpXlc8vbnE,USSM11102617,1
195,Have You Ever Really Loved A Woman? - From  Don Juan DeMarco  Soundtrack,Bryan Adams,146,9B,48,2026-03-29,04:51,74,,18 Til I Die,1996-06-04,57,54,0,36,0,0,-10,G Major,3,32Gf5A7Hr8RdgggXG0Fdks,USAM19500599,1
196,The One That Got Away,Katy Perry,134,12A,80,2026-04-25,03:47,72,pop,Teenage Dream,2010-08-24,69,0,0,88,0,10,-4,C♯/D♭ Minor,4,4uQY80TKE1u4ZQZQKHzVEi,USCA21001266,1
1,I Wanna Be Yours,Arctic Monkeys,68,5A,42,2022-07-08,03:03,0,"indie, garage rock",AM,2013-01-01,46,14,2,48,0,10,-9,C Minor,4,7a8GawTVgHZvBLQOh46he7,GBCEL1300373,2
2,Fallen Star,The Neighbourhood,75,3A,55,2022-07-08,03:44,76,,Fallen Star,2021-10-01,60,7,10,44,0,10,-6,A#/B♭ Minor,4,60F6pgM6H6miNr5AmjxwjL,ZZOPM2110941,1
3,K.,Cigarettes After Sex,94,5B,40,2023-04-27,05:20,7,dream pop,Cigarettes After Sex,2017-06-09,45,14,84,32,0,10,-10,D#/E♭ Major,4,1FWsomP9StpCcXNWmJk8Cl,USBQU1600214,3
4,cardigan,Taylor Swift,130,5A,58,2022-07-08,03:59,86,,folklore,2020-07-24,61,54,0,55,0,20,-9,C Minor,4,4R2kfaDFhslZEMJqAFNpdd,USUG12002836,3
5,willow,Taylor Swift,81,9B,58,2022-07-08,03:34,68,,evermore,2020-12-10,39,84,0,55,10,10,-9,G Major,4,3Uo7WG0vmLQ07WB4BDwy7D,USUG12004699,1
6,Young And Beautiful,Lana Del Rey,114,10A,42,2022-07-13,03:56,89,,Young And Beautiful,2013-01-01,32,26,0,15,0,10,-9,B Minor,4,2nMeu6UenVvwUktBCpLMK9,GBUM71301823,1
7,Sparks,Coldplay,103,3B,27,2022-07-14,03:47,90,,Parachutes,2000-07-10,37,75,5,17,0,10,-11,C♯/D♭ Major,3,7D0RhFcb3CrfPuTJ0obrod,GBAYE0000569,2
8,You're All I Want,Cigarettes After Sex,91,7B,47,2022-08-06,04:24,41,dream pop,You're All I Want,2020-05-26,44,36,83,26,0,10,-11,F Major,4,4nvLuqwTOZdEJI1fcHXv8h,USBQU1900259,2
9,Iris,The Goo Goo Dolls,156,10A,72,2022-09-12,04:49,94,,Dizzy up the Girl,1998-00-00,32,0,0,50,0,0,-8,B Minor,3,6Qyc6fS4DsZjB2mRW9DsQs,USWB19800160,2
10,Baby Came Home 2 / Valentines,The Neighbourhood,74,7A,50,2022-09-13,06:30,76,,Wiped Out!,2015-10-30,21,7,0,11,0,70,-10,D Minor,4,40gvh6jP5qxMJuMmF9lG9A,USSM11506748,1
11,Cinnamon Girl,Lana Del Rey,92,11A,34,2022-10-05,05:00,89,,Norman Fucking Rockwell!,2019-08-30,29,81,41,14,0,10,-11,F#/G♭ Minor,5,2mdEsXPu8ZmkHRRtAdC09e,GBUM71903147,3
12,Somebody Else,The 1975,101,8B,79,2023-01-23,05:47,58,,"I like it when you sleep, for you are so beautiful yet so unaware of it",2016-02-26,62,20,1,46,0,10,-6,C Major,4,2T8Z4bj1su4iOz9iSlD8Ev,GBK3W1500426,1
13,About You,The 1975,96,10B,76,2023-01-28,05:26,27,,Being Funny In A Foreign Language,2022-10-14,42,31,80,46,0,0,-7,D Major,4,1fDFHXcykq4iw8Gg7s5hG9,GBK3W2202321,3
14,Fade Into You,Mazzy Star,157,11B,33,2023-02-15,04:55,87,"dream pop, shoegaze, slowcore",So Tonight That I Might See,1993-10-05,42,25,0,18,0,0,-14,A Major,3,1LzNfuep1bnAUR9skqdHCK,USCA29300105,2
15,Sunny day,beabadoobee,93,11A,60,2023-02-17,02:40,67,bedroom pop,Beatopia,2022-07-15,75,21,0,71,0,0,-6,F#/G♭ Minor,4,12UQIJePnGeLmpVReYpG2w,GBK3W2202090,1
16,mirrorball,Taylor Swift,110,10B,41,2023-03-06,03:28,73,,folklore,2020-07-24,55,69,0,38,0,0,-10,D Major,4,0ZNU020wNYvgW84iljPkPP,USUG12002840,1
17,Bags,Clairo,105,3B,55,2023-03-06,04:20,8,bedroom pop,Immunity,2019-08-02,74,17,38,87,0,10,-8,C♯/D♭ Major,4,6UFivO2zqqPFPoQYsEMuCc,US4HB1900080,1
18,Bambi,Clairo,84,11B,20,2023-03-06,04:37,58,bedroom pop,Sling,2021-07-16,44,90,0,28,0,10,-15,A Major,4,6wQXjA6KWbwPT3ydQCsJ4P,USUG12101890,1
19,Softly,Clairo,94,5A,44,2023-03-06,03:05,2,bedroom pop,Immunity,2019-08-02,76,33,1,78,0,10,-11,C Minor,4,4PvbbMYL4fkToni5BLaYRb,US4HB1900087,1
20,Sunsetz,Cigarettes After Sex,75,8A,48,2023-03-06,03:35,6,dream pop,Cigarettes After Sex,2017-06-09,41,6,81,13,0,10,-9,A Minor,4,0SpkyS1Q4MD8GaVcP5YjT4,USBQU1700033,1
21,Sweet,Cigarettes After Sex,96,2B,51,2023-03-06,04:51,1,dream pop,Cigarettes After Sex,2017-06-09,45,36,82,11,0,10,-9,F#/G♭ Major,4,3VSYkAf6f46i5ZkXOHORq1,USBQU1700036,3
22,Apocalypse,Cigarettes After Sex,94,7B,47,2023-03-06,04:50,11,dream pop,Cigarettes After Sex,2017-06-09,37,2,57,18,0,10,-9,F Major,4,0yc6Gst2xkRu0eMLeRMGCX,USBQU1700034,3
23,Everyone Adores You (at least I do),Matt Maltese,74,7B,43,2023-03-11,03:23,72,,Good Morning It's Now Tomorrow,2021-10-08,60,75,11,11,0,10,-9,F Major,4,6klFWv2xDGeTDoiKTtx4hg,CAN112100381,1
24,All Night,Men I Trust,146,3A,21,2023-03-16,03:08,58,"bedroom pop, indie pop",Oncle Jazz,2019-09-13,79,74,91,62,0,0,-13,A#/B♭ Minor,4,0XvoMOI25j4wODyk8nuANS,QZFZ31973926,1
25,"Cry, Cry",Mazzy Star,123,9B,20,2023-04-05,03:58,64,"dream pop, shoegaze, slowcore",Among My Swan,1996-10-29,50,75,4,14,0,10,-16,G Major,4,4u5ofLk8CMrtQnRaiIVH4O,USCA29601035,1
26,How to disappear,Lana Del Rey,79,11B,30,2023-04-05,03:48,74,,Norman Fucking Rockwell!,2019-08-30,54,61,0,7,0,10,-12,A Major,3,4qUtC2BwFC154Ha8YQRrkk,GBUM71903148,1
27,Over the Moon,The Marías,74,8B,23,2023-04-24,03:02,71,bedroom pop,"Superclean, Vol. II",2018-09-28,68,86,40,39,0,10,-13,C Major,4,02wNtFxlr9dLmZXKT5TIF5,QM2PV1867237,1
28,John Wayne,Cigarettes After Sex,124,5B,46,2023-04-27,04:18,0,dream pop,Cigarettes After Sex,2017-06-09,43,35,86,18,0,10,-8,D#/E♭ Major,4,5IonbH68pmDKBwcKlyswmR,USBQU1700039,1
29,Back To December,Taylor Swift,142,10B,61,2023-05-28,04:53,66,,Speak Now,2010-10-25,52,2,0,30,0,30,-6,D Major,4,5l6GqSxplqnZbLg0LTPQeG,GBUM71027838,2
30,Glue Song (feat. Clairo),"beabadoobee,Clairo",114,3B,39,2023-05-28,02:15,71,bedroom pop,Glue Song (feat. Clairo),2023-04-17,62,78,1,53,0,10,-10,C♯/D♭ Major,3,0tMMPZEt6Gyrl9FI8zSicm,GBK3W2302605,1
31,Pyramids,Frank Ocean,108,4A,65,2023-06-25,09:52,81,,channel ORANGE,2012-07-10,40,1,0,15,0,70,-6,F Minor,4,4QhWbupniDd44EDtnh2bFJ,USUM71207185,1
32,Alewife,Clairo,103,5B,33,2023-07-16,03:33,0,bedroom pop,Immunity,2019-08-02,43,93,5,26,0,10,-13,D#/E♭ Major,4,3jgrNd3uPU1c2PFBKYsV9d,US4HB1900082,1
33,Daylight,Taylor Swift,150,8B,50,2023-08-12,04:53,81,,Lover,2019-08-23,56,81,0,27,0,0,-10,C Major,4,1fzAuUVbzlhZ1lJAx9PtY6,USUG11901486,2
34,Robbers,The 1975,100,12B,68,2023-08-26,04:14,53,,The 1975,2013-09-02,62,0,0,35,0,30,-7,E Major,4,4ZrWnXFf4hhd8GYWUemI4X,GBK3W1000199,1
35,Enchanted,Taylor Swift,82,4B,62,2023-09-04,05:52,73,,Speak Now,2010-10-25,54,7,0,23,0,10,-4,G#/A♭ Major,4,04S1pkp1VaIqjg8zZqknR5,USCJY1003663,3
36,The Archer,Taylor Swift,124,8B,57,2023-09-06,03:31,75,,Lover,2019-08-23,29,12,1,17,0,0,-9,C Major,4,3pHkh7d0lzM2AldUtz2x37,USUG11901475,1
37,peach eyes,wave to earth,95,10A,49,2023-09-09,03:05,0,,0.1 flaws and all.,2023-04-20,62,64,0,72,0,10,-9,B Minor,4,1V8s51MOKlmES1Vc9Erm89,KRA252300809,4
38,Jupiter,Matt Maltese,180,9B,55,2023-09-19,02:48,55,,Krystal,2020-11-20,49,39,3,46,0,60,-8,G Major,4,3kg7A13eqXpZnnyXEVcGsj,QMBZ91905949,1
39,seasons,wave to earth,59,9B,28,2023-09-29,04:16,1,,summer flows 0.02,2020-08-04,33,78,6,16,0,20,-11,G Major,4,1acVBP8BcK6LTeNeFjfxnh,KRMIM2021578,2
40,light,wave to earth,80,1B,62,2023-09-29,03:45,0,,light,2019-11-18,42,25,4,73,0,10,-7,B Major,4,4i2T7Nm4Q72sNnSlGADSm6,KRMIM1921432,3
41,Say Yes To Heaven,Lana Del Rey,100,11A,35,2023-11-01,03:29,86,,Say Yes To Heaven,2023-05-19,49,68,17,14,0,10,-12,F#/G♭ Minor,4,6GGtHZgBycCgGBUhZo81xe,GBUM72304301,1
42,Love,Lana Del Rey,99,6B,37,2024-01-11,04:32,70,,Lust For Life,2017-07-21,53,49,0,23,0,10,-11,A#/B♭ Major,4,2Kerz9H9IejzeIpjhDJoYG,GBUM71604605,1
43,Ivy,Frank Ocean,116,8A,39,2024-01-24,04:09,85,,Blonde,2016-08-20,57,79,0,47,0,20,-10,A Minor,4,2ZWlPOoWh0626oTaHrnl2a,QZ5C81600002,1
44,A Night To Remember,"beabadoobee,Laufey",115,7A,62,2024-01-31,03:53,77,"bedroom pop, ",A Night To Remember,2023-10-20,73,50,3,57,0,0,-8,D Minor,4,180AbZduI6bYQIzwCHRwu9,GBK3W2302799,1
45,Promise,Laufey,76,7B,11,2024-02-27,03:54,83,,Bewitched,2023-09-08,26,94,0,9,0,0,-17,F Major,4,08PdFBcXzpkn1cWNgmKqhn,QMDA62312092,1
46,Who Hurt You?,Daniel Caesar,105,10A,49,2024-04-08,03:51,2,,Who Hurt You?,2018-10-16,65,59,0,28,10,0,-8,B Minor,4,23c9gmiiv7RCu7twft0Mym,TCADX1816901,1
47,Medicine,The 1975,67,10B,27,2024-04-25,05:52,50,,Medicine,2014-10-31,19,53,34,5,0,10,-13,D Major,5,48xNw8YZxvrc3qB5IKaJ8w,GBK3W1000312,1
48,The greatest,Lana Del Rey,79,7A,23,2024-05-02,05:00,65,,Norman Fucking Rockwell!,2019-08-30,44,94,2,20,0,10,-13,D Minor,3,6ERZ30cRjVWGtVLhczX9aL,GBUM71903151,1
49,fallingforyou,The 1975,170,3B,28,2024-05-29,04:00,46,,The 1975 (Deluxe Version),2014-01-01,40,89,0,10,0,30,-16,C♯/D♭ Major,4,5U7wEDTUQBiFrmrhROymgi,GBK3W1000187,1
50,Hold Me Down,Daniel Caesar,116,1A,43,2024-06-03,03:51,4,,Freudian,2017-08-25,46,63,0,23,0,0,-10,G#/A♭ Minor,4,1Mza2sr6tPhy6jjI3HB9fW,CADDS1700023,1
51,"I miss you, I’m sorry",Gracie Abrams,110,9B,46,2024-06-14,02:47,82,,minor,2020-07-14,45,73,0,15,0,10,-6,G Major,5,4nyF5lmSziBAt7ESAUjpbx,USUG11903591,2
52,Special,SZA,76,8B,20,2024-06-16,02:38,68,r&b,SOS,2022-12-09,60,78,0,19,0,10,-12,C Major,4,6RQ5IwG7uADz9LDWliJGjU,USRC12204597,1
53,Heavy,The Marías,97,8B,41,2024-07-01,04:13,83,bedroom pop,CINEMA,2021-06-25,76,33,75,73,0,0,-8,C Major,4,1ShRHPAiiIrh0arZbSFmx1,USAT22100694,2
54,Happiness is a butterfly,Lana Del Rey,70,10B,12,2024-07-01,04:32,75,,Norman Fucking Rockwell!,2019-08-30,47,97,0,16,0,10,-11,D Major,4,3lG6OtGDsYAOALxEmubQQm,GBUM71903150,1
55,"I Love You, I'm Sorry",Gracie Abrams,116,6B,41,2024-07-16,02:37,87,,The Secret of Us,2024-06-21,53,66,0,34,0,10,-8,A#/B♭ Major,3,51rfRCiUSvxXlCSCfIztBy,USUG12401766,2
56,us. (feat. Taylor Swift),"Gracie Abrams,Taylor Swift",102,9B,55,2024-07-16,04:02,73,,The Secret of Us,2024-06-21,53,50,0,39,0,0,-6,G Major,4,0hhzNPE68LWLfgZwdpxVdR,USUG12401767,1
57,Waiting Room,Phoebe Bridgers,130,10B,29,2024-07-25,06:33,78,,"Lost Ark Studio Compilation, Vol. 8",2016-08-12,53,34,0,12,0,10,-10,D Major,4,04mAOoQNsXmDJlyupJwmkO,QMCBW1400074,1
58,Loose,Daniel Caesar,70,3B,16,2024-08-05,03:05,6,,Freudian,2017-08-25,20,93,1,5,0,10,-16,C♯/D♭ Major,1,59acp1OhcvxwVBwQJBYKuX,CADDS1700028,1
59,Undo,The 1975,129,11A,70,2024-08-11,04:04,33,,The 1975 (Deluxe Version),2014-01-01,45,1,49,39,0,0,-9,F#/G♭ Minor,4,68HmOLTXM8aXfEWK4wuniu,GBK3W1000133,1
60,bad,wave to earth,136,10B,55,2024-09-03,04:23,2,,0.1 flaws and all.,2023-04-20,56,71,11,39,0,10,-9,D Major,4,5TZKpQFKCbIlWGD8DzHbC6,KRA252300807,5
61,love.,wave to earth,62,10B,39,2024-10-03,05:07,2,,0.1 flaws and all.,2023-04-20,32,65,30,25,0,20,-10,D Major,4,5rDXfGMWI6S8wkXR0MHsvv,KRA252300813,4
62,Nothing's Gonna Hurt You Baby,Cigarettes After Sex,97,12B,33,2024-10-16,04:46,59,dream pop,I.,2012-07-21,51,27,13,10,0,10,-14,E Major,4,2TeX8rhHEbWA5u3FZZAxBX,TCACJ1593857,2
63,Juna,Clairo,142,5B,71,2024-10-22,03:15,79,bedroom pop,Charm,2024-07-12,61,24,10,45,0,10,-6,D#/E♭ Major,4,2mWfVxEo4xZYDaz0v7hYrN,USA2P2416229,1
64,fairy song,beabadoobee,78,10B,70,2024-10-23,02:44,53,bedroom pop,Beatopia,2022-07-15,54,3,0,44,0,0,-6,D Major,4,4Bg0jUvMb30sfvAeqcSnaz,GBK3W2202098,1
65,Sesame Syrup,Cigarettes After Sex,187,12B,41,2024-11-25,05:03,36,dream pop,Crush,2018-07-10,24,4,45,36,0,10,-11,E Major,4,73ROvjXlrsrDcNmCurwWOF,USBQU1800094,1
66,White Ferrari,Frank Ocean,109,8B,10,2024-12-03,04:08,86,,Blonde,2016-08-20,50,77,0,20,0,30,-16,C Major,4,2LMkwUfqC6S6s6qDVlEuzV,QZ5C81600014,1
67,Touch,Cigarettes After Sex,96,2B,50,2024-12-03,04:52,53,dream pop,Cry,2019-10-25,48,37,92,37,0,10,-9,F#/G♭ Major,4,1l4pW7Tklvcc3k38rDFMkk,USBQU1900116,1
68,I Know The End,Phoebe Bridgers,112,3B,32,2024-12-04,05:44,77,,Punisher,2020-06-18,32,33,2,26,0,20,-10,C♯/D♭ Major,4,0pJW1Xw3aY4Eh6k5iuBkfI,USJ5G2020011,1
69,Nervous,The Neighbourhood,120,5A,61,2024-12-09,04:05,78,,Hard To Imagine The Neighbourhood Ever Changing,2018-11-02,59,2,17,32,0,30,-8,C Minor,4,113xf7t4qNM7038YJvauik,USSM11800521,1
70,Look After You,The Fray,78,11A,59,2024-12-09,04:26,81,,How To Save A Life,2005-09-13,45,6,0,28,0,10,-3,F#/G♭ Minor,4,5l6hpyTGBK0LAAxgPnqTQL,USSM10503843,1
71,Heavenly,Cigarettes After Sex,105,4B,44,2024-12-11,04:46,55,dream pop,Cry,2019-10-25,54,67,70,13,0,10,-9,G#/A♭ Major,4,70YTBH8vOGJNMhy6186yFm,USBQU1900118,3
72,Sidelines,Phoebe Bridgers,180,6B,54,2024-12-24,04:24,72,,Sidelines,2022-04-15,41,52,39,4,0,10,-9,A#/B♭ Major,4,4SKvKJaqkRl1bUZWEqTYzl,USJ5G2232201,1
73,Best,Gracie Abrams,122,6B,37,2024-12-27,03:53,71,,Good Riddance (Deluxe),2023-06-16,60,82,0,40,0,10,-11,A#/B♭ Major,4,5HO2RD12vZ5NcIdAULo43M,USUG12202347,1
74,lacy,Olivia Rodrigo,78,5B,37,2025-01-14,02:57,82,,GUTS,2023-09-08,40,82,0,43,0,10,-8,D#/E♭ Major,4,6QT6j7rKt7Vk3IuV2AUO9W,USUG12304095,1
75,Dreams From Bunker Hill,Cigarettes After Sex,150,9B,34,2025-03-03,03:39,44,dream pop,X's,2024-07-12,54,64,70,30,0,0,-13,G Major,4,4sLNVowgTYZocPRi2xennG,USBQU2400009,1
76,Kiss It Off Me,Cigarettes After Sex,80,12B,30,2025-03-06,04:29,44,dream pop,Cry,2019-10-25,52,76,47,22,0,10,-12,E Major,4,2UKvxuMTM7JwprZrnpxgY1,USBQU1900115,1
77,Starry Eyes,Cigarettes After Sex,100,10B,36,2025-03-05,03:26,41,dream pop,I.,2012-07-21,42,45,32,12,0,0,-15,D Major,4,0EiKPqzEVQOEFWt8Z4iaEl,TCACJ1593861,1
78,Cry Baby,The Neighbourhood,108,9A,66,2025-03-31,03:55,78,,Wiped Out!,2015-10-30,58,0,0,34,0,10,-5,E Minor,4,0EfsDEYaSjGYd66Pr881nq,USSM11506744,1
79,二十歳の恋,Lamp,114,9A,38,2025-04-25,03:13,69,"shibuya-kei, japanese indie, city pop",ランプ幻想,2008-12-03,63,79,36,27,0,10,-12,E Minor,4,1EA40FX9aBaKIXwIp83WzL,JPG100800133,1
80,Ambien Slide,Cigarettes After Sex,80,7B,55,2025-04-28,03:33,36,dream pop,X's,2024-07-12,56,42,85,33,0,10,-11,F Major,4,76teYLULBXtDDbDXfiwJO7,USBQU2400010,1
81,twilight zone,Ariana Grande,115,7B,47,2025-05-09,03:18,69,pop,eternal sunshine deluxe: brighter days ahead,2025-03-28,73,10,0,23,0,0,-7,F Major,4,1UrwJzlNC2oaTlxj1OZmcu,USUM72501915,1
82,Fortnight (feat. Post Malone),"Taylor Swift,Post Malone",192,1B,39,2025-05-21,03:48,83,,THE TORTURED POETS DEPARTMENT,2024-04-18,50,50,0,28,0,10,-11,B Major,4,2OzhQlSqBEmt7hmkYxfT6m,USUG12401028,3
83,"Please, Please, Please, Let Me Get What I Want - 2011 Remaster",The Smiths,92,10B,47,2025-06-17,01:52,79,"new wave, madchester, jangle pop",Hatful of Hollow,1984-00-00,24,53,0,45,0,10,-10,D Major,3,6BrMEbPSSj55nQhkgf6DnE,GBCRL1100072,1
84,Mean It,"Lauv,LANY",96,9B,45,2025-07-12,03:52,79,,~how i'm feeling~,2020-03-06,75,4,0,33,0,10,-9,G Major,4,6mXdCcFnPKQznj4CmMRmHC,GBKPL1969288,1
85,Slow Dance,Clairo,84,10B,53,2025-09-01,03:54,77,bedroom pop,Charm,2024-07-12,73,72,2,60,0,10,-8,D Major,4,2qmmnbJ9JR3f7vofbyje5r,USA2P2416226,1
86,Don’t Smile,Sabrina Carpenter,90,3B,45,2025-09-08,03:26,81,pop,Short n' Sweet,2024-08-23,63,45,0,33,0,10,-10,C♯/D♭ Major,4,09LrGvT9KsACH66RHYMDyR,USUM72317637,1
87,intro (end of the world) - extended,Ariana Grande,81,6B,37,2025-09-09,02:41,70,pop,eternal sunshine deluxe: brighter days ahead,2025-03-28,35,78,0,40,0,0,-9,A#/B♭ Major,4,5BBkvXH2jYROUzKIB7WX7S,USUM72501960,1
88,we can't be friends (wait for your love),Ariana Grande,116,7B,65,2025-09-14,03:48,79,pop,eternal sunshine,2024-03-08,65,6,0,30,0,0,-8,F Major,4,46kspZSY3aKmwQe7O77fCC,USUM72317276,2
89,Stop Waiting,Cigarettes After Sex,87,10B,33,2025-11-21,06:02,45,dream pop,Bubblegum,2023-07-18,46,33,79,8,0,0,-15,D Major,4,2xLIRwMgfdEB7mLmEF3SL1,USBQU1900064,1
90,Louise,TV Girl,116,8B,92,2026-01-03,03:14,75,,French Exit,2014-06-05,73,17,1,92,0,30,-5,C Major,4,263KsGZODTZouh3RFGNaLX,USHM21438137,1
91,There’d Better Be A Mirrorball,Arctic Monkeys,144,5B,37,2026-02-04,04:25,40,"indie, garage rock",The Car,2022-10-21,52,63,1,32,0,10,-11,D#/E♭ Major,4,4cVsyYAbxGcTIdLoooHTRC,GBCEL2200512,1
92,North,Clairo,98,10B,63,2026-02-20,03:33,67,bedroom pop,Immunity,2019-08-02,60,24,0,55,0,10,-6,D Major,4,3eIwoaqQ3htsJ4bz7Y3GQp,US4HB1900085,1
93,Sienna,The Marías,148,9B,47,2026-02-20,03:44,87,bedroom pop,Submarine,2024-05-31,69,58,57,59,0,10,-9,G Major,4,0InIeZW4P6VO7dUGRM4AKH,USAT22400849,2
94,"About You (Live from Madison Square Garden, New York, 07.11.22)",The 1975,96,10B,90,2026-03-01,05:27,56,,"At Their Very Best (Live from Madison Square Garden, New York, 07.11.22)",2023-01-06,37,15,56,41,0,90,-7,D Major,4,5oEBb8plpj6Ya0LS7Dwv7s,GBK3W2202543,1
1,Somebody's Watching Me,Rockwell,124,12A,36,2025-10-05,04:58,67,,Somebody's Watching Me,1984-01-30,82,4,0,77,0,0,-14,C♯/D♭ Minor,4,7jwQlYGpOml9ETGre1HqGA,USMO18400484,6
2,Virtual Insanity,Jamiroquai,92,2B,91,2025-10-05,03:47,66,acid jazz,Pop Music: The Modern Era 1976-1999,1999-10-11,63,6,0,63,0,10,-7,F#/G♭ Major,4,24SUWisv2lYQiB3bVpE1sn,GBBBL9600119,2
3,No Surprises,Radiohead,76,7B,39,2025-10-05,03:49,87,"art rock, alternative rock",OK Computer,1997-05-28,26,6,0,12,0,10,-11,F Major,4,10nyNJ6zNy2YVYLrcwLccB,GBAYE9700386,6
4,NDA,Billie Eilish,85,4B,37,2025-10-05,03:15,75,,Happier Than Ever,2021-07-30,77,34,53,55,0,10,-10,G#/A♭ Major,4,38GBNKZUhfBkk3oNlWzRYd,USUM72105935,5
5,I Want It That Way,Backstreet Boys,99,11A,69,2025-10-05,03:33,86,,Millennium,1999-05-18,69,26,0,48,0,10,-6,F#/G♭ Minor,4,47BBI51FKFwOMlIiX6m8ya,USJI19910614,5
6,Empathy,Crystal Castles,110,6A,90,2025-10-05,04:11,68,"witch house, electroclash, new rave, alternative dance",Crystal Castles (II),2010-01-01,51,12,52,33,0,40,-6,G Minor,4,2R3heksil8zmzSFUwYQIPC,GBUM71001708,3
7,stranger,Olivia Rodrigo,186,8B,60,2025-10-05,03:12,75,,GUTS (spilled),2024-03-22,44,78,0,54,10,10,-5,C Major,4,2U3jOPfO4wZZFaaWS4Dcj6,USUG12305566,2
8,A Pearl,Mitski,85,4B,64,2025-10-05,02:36,71,,Be the Cowboy,2018-08-17,30,5,2,22,0,10,-4,G#/A♭ Major,4,7fd3aMiuwHWKsTdZafjOfZ,USJ5G1815004,3
9,I Can't Handle Change,Roar,186,7B,44,2025-10-05,03:18,79,,I Can't Handle Change,2010-03-14,25,4,0,39,0,10,-8,F Major,3,37l31PrCNsg8baUjarNAi9,USHM81020595,7
10,"Would've, Could've, Should've",Taylor Swift,158,8B,85,2025-10-05,04:20,65,,Midnights (3am Edition),2022-10-22,49,39,0,55,10,10,-7,C Major,4,0aV5uARAknQgYhBaK944FP,USUG12207556,3
11,Memories,Conan Gray,113,1B,68,2025-10-05,04:08,79,,Superache,2022-06-24,34,1,0,56,0,30,-6,B Major,4,5UXJzLFdBn6u9FJTCnoHrH,USUM72204111,4
12,Living Dead,MARINA,124,9B,90,2025-10-05,04:04,47,,Electra Heart (Deluxe),2012-04-27,65,0,0,40,0,0,-3,G Major,4,4TSmV8D9i5uTXZzqoD5eSu,GBFFS1200015,2
13,Miss The Rage,Six Dior,78,4B,75,2025-10-05,02:55,59,,Miss The Rage,2023-08-17,51,0,0,32,0,20,-7,G#/A♭ Major,4,6hPWQ0BxwioM7wzG0DE2F1,GX4R52353318,2
14,you broke me first,Tate McRae,124,12B,38,2025-10-05,02:50,84,,TOO YOUNG TO BE SAD,2021-03-26,66,80,0,8,0,0,-9,E Major,4,4l0RmWt52FxpVxMNni6i63,USRC12000832,3
15,the 1,Taylor Swift,140,8B,36,2025-10-05,03:30,76,,folklore,2020-07-24,78,76,0,17,0,10,-7,C Major,4,0Jlcvv8IykzHaSmj49uNW8,USUG12002835,4
16,Pantyhose,TV Girl,101,9B,85,2025-10-05,02:57,61,,French Exit,2014-06-05,52,51,0,75,0,20,-4,G Major,4,7m6xr2HY0BYmBDTh2UIx02,USHM21438135,1
17,Jigsaw Falling Into Place,Radiohead,166,10A,83,2025-11-28,04:08,81,"art rock, alternative rock",In Rainbows,2007-12-28,46,11,0,81,0,0,-6,B Minor,4,0YJ9FWWHn9EfnN0lHwbzvV,GBSTK0700009,1
1,the 1,Taylor Swift,140,8B,36,2022-07-29,03:30,76,,folklore,2020-07-24,78,76,0,17,0,10,-7,C Major,4,0Jlcvv8IykzHaSmj49uNW8,USUG12002835,4
2,You Give Love A Bad Name,Bon Jovi,123,5A,96,2022-07-29,03:42,78,glam metal,Slippery When Wet,1986-08-16,54,7,0,81,0,30,-3,C Minor,4,0rmGAIH9LNJewFw7nKzZnc,USPR39402224,4
3,Better Man,5 Seconds of Summer,98,8B,86,2022-07-29,03:09,52,,Youngblood (Deluxe),2018-06-15,68,7,0,52,0,0,-4,C Major,4,40rMvmTT9RX4KB0JzMNYZO,GBUM71800861,1
4,My Alcoholic Friends,The Dresden Dolls,110,9A,68,2022-07-29,02:47,76,,"Yes, Virginia",2006-03-29,60,18,0,75,0,0,-4,E Minor,4,2gvmxusSOe3vNjNDjQWaso,NLA320581712,2
5,I Can't Handle Change,Roar,186,7B,44,2022-07-29,03:18,3,,I Can't Handle Change,2010-03-14,25,4,0,39,0,10,-8,F Major,3,0I1eFRytp4XRhLCjT6tZm7,USHM81020595,7
6,Teenagers,My Chemical Romance,112,12B,86,2022-07-29,02:41,83,"emo, pop punk",The Black Parade,2006-10-20,46,5,0,86,0,10,-3,E Major,4,7j31rVgGX9Q2blT92VBEA0,USRE10602912,1
7,Liquid Smooth,Mitski,114,6A,34,2022-07-29,02:49,0,,Lush,2012-01-31,36,84,0,12,0,10,-9,G Minor,3,3UChNf9rb9hJZvOcU9HCTb,uscgh1222956,1
8,Francis Forever,Mitski,102,10B,45,2022-07-29,02:29,74,,Bury Me At Makeout Creek,2014-11-11,54,0,0,32,0,10,-9,D Major,4,5411TEB6tlzvuF5A4oyldr,USA2B1511605,1
9,The Adults Are Talking,The Strokes,165,7B,75,2022-07-29,05:09,85,"garage rock, indie rock, alternative rock",The New Abnormal,2020-04-10,59,1,11,65,0,30,-6,F Major,4,5ruzrDWcT0vuJIOMW7gMnW,USRC11902726,1
10,When You're Gone,Shawn Mendes,147,7B,69,2022-07-29,02:52,69,,When You're Gone,2022-03-31,60,2,0,58,0,50,-6,F Major,4,0U1W2LZVUX7qTm7dDpqxh6,USUM72204098,1
11,No Promises,Shawn Mendes,102,9A,62,2022-07-29,02:46,53,,Illuminate (Deluxe),2017-04-20,62,32,0,47,0,10,-7,E Minor,4,3gnDoaJUgD9Bblzld77Kcp,USUM71606062,1
12,Because I Had You,Shawn Mendes,203,9B,34,2022-07-29,02:22,53,,Shawn Mendes,2018-05-25,56,33,0,71,40,30,-10,G Major,4,1RRZSm4akqNyMOsPUhw4cb,USUM71804962,1
13,Summer of Love (Shawn Mendes & Tainy),"Shawn Mendes,Tainy",124,1B,81,2022-07-29,03:04,68,reggaeton,Summer Of Love,2021-08-20,78,3,0,49,10,10,-5,B Major,4,0z8hI3OPS8ADPWtoCjjLl6,USUM72114707,1
14,Sober II (Melodrama),Lorde,113,1A,31,2022-07-29,02:58,57,,Melodrama,2017-06-16,52,17,0,10,0,0,-12,G#/A♭ Minor,4,54ucfuN596MU25jQD3KjCL,NZUM71700069,1
15,Glory And Gore,Lorde,144,3B,38,2022-07-29,03:30,0,,Pure Heroine (Extended),2013-01-01,69,28,0,29,0,20,-9,C♯/D♭ Major,4,0SK9wxN40P6jlcMfTSAe0V,NZUM71300125,1
16,Liability,Lorde,76,3A,23,2022-07-29,02:51,0,,Melodrama,2017-11-10,59,92,0,38,10,10,-11,A#/B♭ Minor,4,4iSN72L6xCM7vQZR2I9Suz,NZUM71700064,1
17,Writer In The Dark,Lorde,72,9B,27,2022-07-29,03:36,63,,Melodrama,2017-06-16,33,73,0,28,0,30,-8,G Major,4,193Dm5SqYy3hTSbuzxbwKc,NZUM71700070,1
18,champagne problems,Taylor Swift,171,8B,24,2022-07-29,04:04,74,,evermore,2020-12-11,46,92,0,32,0,10,-12,C Major,4,0sY6ZUTh4yoctD8VIXz339,USUG12004700,1
19,my tears ricochet,Taylor Swift,130,8B,26,2022-07-29,04:15,79,,folklore,2020-07-24,47,81,0,11,0,0,-11,C Major,4,1MgV7FIyNxIG7WzMRJV5HC,USUG12002839,2
20,Hard Feelings/Loveless,Lorde,97,12A,45,2022-07-29,06:07,62,,Melodrama,2017-06-16,49,3,1,18,10,0,-11,C♯/D♭ Minor,4,1Dp7JGFNjvg8Nk0CtMCcnr,NZUM71700068,1
21,Riptide,Vance Joy,102,3B,73,2022-07-29,03:24,83,folk pop,Dream Your Life Away,2014-09-08,48,43,0,51,0,10,-7,C♯/D♭ Major,4,7yq4Qj7cqayVTp3FF9CWbm,AULI01385760,1
22,Wonder,Shawn Mendes,140,12A,63,2022-07-29,02:52,67,,Wonder,2020-12-04,44,14,0,13,0,10,-5,C♯/D♭ Minor,4,6ZuahEctZD6w75peme58hm,USUM72018522,1
23,Me Myself & I,5 Seconds of Summer,88,12B,56,2022-07-29,02:57,0,,Me Myself & I,2022-05-11,57,3,0,44,0,0,-5,E Major,4,0C9aH2f4LO8SPPqUWOrcbk,QMRSZ2200652,1
24,Wildest Dreams (Taylor's Version),Taylor Swift,140,4B,67,2022-07-29,03:40,70,,Wildest Dreams (Taylor's Version),2021-09-17,58,4,0,50,0,10,-7,G#/A♭ Major,4,1Ov37jtRQ2YNAe8HzfczkL,USUG12103658,1
25,"Genius (feat. Sia, Diplo, and Labrinth)","Sia,Diplo,Labrinth,LSD",159,10A,62,2022-07-29,03:33,77,"moombahton, dance pop","LABRINTH, SIA & DIPLO PRESENT... LSD",2019-04-12,60,8,0,56,10,10,-5,B Minor,4,4xigPf2sigSPmuFH3qCelB,USQX91800798,1
26,505,Arctic Monkeys,140,8B,87,2022-07-29,04:13,88,"indie, garage rock",Favourite Worst Nightmare,2007-04-22,53,0,0,25,0,0,-6,C Major,4,0BxE4FqsDD1Ot4YuBXwAPp,GBCEL0700074,3
27,Beggin',Måneskin,134,10A,80,2022-07-29,03:31,87,,Chosen,2017-12-08,71,13,0,59,0,30,-5,B Minor,4,3Wrjm47oTz2sjIgck11l5e,ITB001700846,2
28,I Bet on Losing Dogs,Mitski,82,11B,50,2022-07-29,02:50,0,,Puberty 2,2016-06-17,40,0,0,39,0,10,-10,A Major,4,3uS7pHvPRtJlyukzNZGpcO,USJ5G1612306,1
29,Supermassive Black Hole,Muse,120,9B,92,2022-07-29,03:32,84,"alternative rock, rock",Black Holes and Revelations,2006-06-28,67,5,1,78,0,0,-4,G Major,4,3lPr8ghNDBLc2uZovNyLs9,GBAHT0500593,1
30,Jealous,Eyedress,93,8A,91,2022-07-29,02:02,0,,Let's Skip to the Wedding,2020-08-07,47,0,86,75,0,40,-10,A Minor,4,5KbTBSGUvgDg75gIVhUaAW,GBMYF1900115,2
31,Oh No!,MARINA,127,8B,90,2022-07-29,03:00,62,,The Family Jewels,2009-07-15,78,6,0,96,0,20,-4,C Major,4,4umN41ggyywUcvMbZxhcHR,GBFFS0900127,1
32,Nobody Gets Me (Like You),Wallows,116,10B,89,2022-07-29,02:37,0,indie,Nobody Gets Me (Like You),2020-09-09,57,4,0,82,0,70,-1,D Major,4,6n3hQsudILw9w3CqDwoO5M,USAT22005094,1
33,Compass,The Neighbourhood,110,4A,82,2022-07-29,02:47,70,,Hard To Imagine The Neighbourhood Ever Changing,2018-11-02,70,24,32,67,0,60,-5,F Minor,4,0YNtAadZvKBBEFARtfoCV8,USSM11709910,1
34,Good Old-Fashioned Lover Boy - Remastered 2011,Queen,97,5B,46,2022-07-29,02:53,69,"classic rock, rock, glam rock",A Day At The Races (Deluxe Edition 2011 Remaster),1976-12-10,54,58,0,39,0,0,-7,D#/E♭ Major,4,1n7xFAY4xoPeqRvrkzAtsw,GBUM71029614,1
35,Freaks,Surf Curse,180,11B,94,2022-07-29,02:27,87,indie,Freaks,2021-05-15,35,0,63,41,0,0,-10,A Major,4,7EkWXAI1wn8Ii883ecd9xr,USAT22102269,2
36,I'm Not Okay (I Promise),My Chemical Romance,180,11B,94,2022-07-29,03:06,79,"emo, pop punk",Three Cheers for Sweet Revenge,2004-06-08,21,1,0,26,10,20,-3,A Major,4,7lRlq939cDG4SzWOF4VAnd,USRE10400660,1
37,Family Line,Conan Gray,154,2B,40,2022-07-29,03:36,76,,Superache,2022-06-24,33,62,0,28,0,10,-8,F#/G♭ Major,3,0iNZGC211wst3VjtobNnC5,USUM72204108,1
38,Carry on Wayward Son,Kansas,127,9B,79,2022-07-29,05:23,79,"classic rock, progressive rock, aor",Leftoverture (Expanded Edition),1976-00-00,48,0,0,79,0,40,-6,G Major,4,4DMKwE2E2iYDKY01C335Uw,USSM17600874,1
39,Boyfriend,Dove Cameron,180,6A,61,2023-01-15,02:33,73,,Boyfriend,2022-02-11,35,23,0,23,0,10,-7,G Minor,3,59CfNbkERJ3NoTXDvoURjj,USQX92200693,1
40,"Would've, Could've, Should've",Taylor Swift,158,8B,85,2023-05-11,04:20,65,,Midnights (3am Edition),2022-10-22,49,39,0,55,10,10,-7,C Major,4,0aV5uARAknQgYhBaK944FP,USUG12207556,3
41,Somebody's Watching Me,Rockwell,124,12A,36,2023-05-11,04:58,67,,Somebody's Watching Me,1984-01-30,82,4,0,77,0,0,-14,C♯/D♭ Minor,4,7jwQlYGpOml9ETGre1HqGA,USMO18400484,6
42,Out Of The Woods (Taylor's Version),Taylor Swift,92,9B,88,2024-05-01,03:55,62,,1989 (Taylor's Version) [Deluxe],2023-10-27,54,0,0,18,0,30,-6,G Major,4,1OcSfkeCg9hRC2sFKB4IMJ,USUG12306675,1
43,I Want It That Way,Backstreet Boys,99,11A,69,2023-05-11,03:33,86,,Millennium,1999-05-18,69,26,0,48,0,10,-6,F#/G♭ Minor,4,47BBI51FKFwOMlIiX6m8ya,USJI19910614,5
44,Cry Me a River,Justin Timberlake,74,1A,65,2023-05-11,04:48,80,,Justified,2002-11-04,62,58,0,56,10,10,-7,G#/A♭ Minor,4,7Lf7oSEVdzZqTA0kEDSlS5,USJI10200366,3
45,Cold as Ice,Foreigner,131,2A,61,2023-05-11,03:23,74,"aor, classic rock",Foreigner (Expanded),1977-03-08,56,3,0,51,0,10,-7,D#/E♭ Minor,4,7vidktgNZFQylTgH1GEnMs,USAT29900657,1
46,ISTJ,NCT DREAM,122,9A,96,2023-08-07,03:05,0,"k-pop, noise music",ISTJ - The 3rd Album,2023-07-17,65,2,0,36,0,30,-2,E Minor,4,43Pmqpiw4zFY77pT5QdxQ8,KRA302300210,3
47,Now That We Don't Talk (Taylor's Version) (From The Vault),Taylor Swift,110,8B,51,2023-11-17,02:26,71,,1989 (Taylor's Version),2023-10-26,80,16,0,8,0,0,-9,C Major,4,5KD6AEm19QnMbfWpfoOHMl,USUG12306689,1
48,Say Don't Go (Taylor's Version) (From The Vault),Taylor Swift,110,12B,54,2023-11-17,04:39,69,,1989 (Taylor's Version),2023-10-26,63,7,0,19,0,10,-8,E Major,4,4NioO5R9sHEZh4cGzMHyNt,USUG12306688,1
49,Is It Over Now? (Taylor's Version) (From The Vault),Taylor Swift,100,8B,65,2023-11-17,03:49,73,,1989 (Taylor's Version),2023-10-26,60,5,0,15,0,10,-7,C Major,4,1Iq8oo9XkmmvCQiGOfORiz,USUG12306691,1
1,Dear New Year,樊宇镈(Coulson Fan),95,10B,71,-,03:10,37,chinese r&b,Dear New Year,2025-12-30,74,57,0,42,0,20,-6,D Major,4,34aIgeUYglurC9qn6UuBXr,QT6G92575166,1
2,Language,Kevin Chung,104,8B,47,-,02:34,51,,If It's The End,2024-09-06,68,19,0,26,0,20,-9,C Major,4,6057Vz5Bd1xJHLYoeWnyAg,TLVEM2455766,1
3,Somebody,16,96,4B,57,-,02:32,42,,Somebody,2025-10-29,68,32,0,38,0,10,-8,G#/A♭ Major,4,1Lzl9khK8ORJofCt41Kuks,KRMIM2560046,1
4,satellite,Lyle Kam,100,3B,55,-,02:39,53,,satellite,2025-10-29,68,7,0,41,0,10,-9,C♯/D♭ Major,4,4rb3MM2MxUaIPQoC5uTPsO,QZZ8B2506993,1
5,Need Nobody,"Vincentz,Bumpÿ",90,11B,52,-,03:01,42,"melodic bass, future bass",Need Nobody,2024-03-01,72,71,0,49,0,0,-6,A Major,4,5J16bQYkuJxX11XSdlPtpd,GX8KD2481855,1
6,ISTJ,樊宇镈(Coulson Fan),81,5B,68,-,03:42,27,chinese r&b,ISTJ,2025-09-04,66,52,0,38,0,10,-4,D#/E♭ Major,4,6Nio9C0Nq2yHgmBHk4NjhA,QZZ7R2567383,1
7,Your Side,"HYESUNG,16",111,1B,55,-,03:07,37,,Your Side,2026-01-14,75,34,0,60,0,0,-9,B Major,4,4EsACnu3xnp6zAVum0vvpC,KSA002650004,1
8,Don't End Tonight,Kevin Chung,90,3B,50,-,02:27,44,,If It's The End,2024-09-06,65,28,0,38,0,10,-10,C♯/D♭ Major,4,7n9hJJllSgUSklHIg9ccp5,TLVEM2455767,1
9,2AM,16,90,9B,73,-,03:17,50,,2AM,2024-06-21,63,24,0,16,0,10,-6,G Major,4,63tFtYmvkcTRwoggdYVp8Q,KRMIM2442709,1
10,mutual,Lyle Kam,100,3B,50,-,02:26,43,,re:collections,2025-05-09,68,30,0,62,10,10,-8,C♯/D♭ Major,4,0k0uNJxJBmOHkHpy1vS0bZ,QT2VB2444282,1
11,Sagittarius（射手座）,樊宇镈(Coulson Fan),95,3B,69,-,03:17,47,chinese r&b,Sagittarius（射手座）,2026-03-28,71,19,0,84,0,30,-6,C♯/D♭ Major,4,0rnRdigAqV90Yqljl4OzUc,QZTAY2668885,1
12,PARALLEL,Labit,97,7B,69,-,02:45,30,,SOL,2025-10-17,66,4,0,76,0,30,-5,F Major,4,7rSxqkh2eajW5VZpraqWFB,QZWFE2576907,1
13,break,ash major,146,11B,60,-,02:57,40,indie r&b,ash,2023-10-03,65,36,0,50,0,0,-7,A Major,4,1IJL1SMN8T2hqLSqLNY0Xi,QZTAU2340886,1
14,I Get It But I Don't Tho,Kevin Chung,76,1B,56,-,02:30,45,,If It's The End,2024-09-06,58,12,0,47,0,40,-8,B Major,4,53nCQ1a1zZAEYKCFqFn6Ra,TLVEM2455765,1
15,Make no sense,16,94,11B,63,-,03:13,51,,STRANGER,2025-02-16,67,15,0,18,0,0,-6,A Major,4,37DC1WzJ4cNBDq7lJS8ojr,KRMIM2505673,1
16,Gemini,樊宇镈(Coulson Fan),95,2B,61,-,02:58,29,chinese r&b,Gemini,2026-01-30,70,39,0,84,0,10,-6,F#/G♭ Major,4,077d3TNyk6VIlA9t1HSooa,QZHN72621768,1
17,11 11,"Ben Provencial,Mykyl",150,9B,54,-,02:56,39,"melodic bass, ",11 11,2024-05-17,67,34,0,31,0,10,-5,G Major,4,07s8xUDW2OmuTxcic5cCEa,QZK6H2451538,1
18,till i die,tonybear,188,1B,50,-,03:44,41,,starstruck,2025-10-24,28,50,0,25,0,10,-7,B Major,3,0A4O3X4ZOwC8qJNHddTFDS,QT3F72518668,1
19,Freeze the Night,Vincentz,90,10B,65,-,02:53,41,,Freeze the Night,2025-01-22,69,69,0,44,0,10,-5,D Major,4,1b0YJSCdYQoBzhLw61wc8P,QZDA42550058,1
20,Daisy,Kevin Chung,95,4A,48,-,02:44,44,,Daisy,2024-03-27,68,29,0,35,0,10,-9,F Minor,4,71ndvkqDqhCGGgPTRF5KqP,QZPEW2414544,1
21,Libra（天秤座）,樊宇镈(Coulson Fan),92,1B,74,-,02:38,33,chinese r&b,Libra（天秤座）,2026-03-08,70,22,0,67,0,30,-4,B Major,4,0Knh6CCkJWAVantiIccmbM,QZNWV2625290,1
22,Why Do You,16,85,9B,47,-,02:29,45,,Why Do You,2025-05-21,74,17,0,62,0,30,-6,G Major,4,0jZAXYV64prJIk004FifI1,KRMIM2528831,1
23,falling,Lyle Kam,120,12A,82,-,03:21,40,,re:re:collections,2025-07-11,65,2,0,78,0,20,-9,C♯/D♭ Minor,4,3Tc9KG8uEfilbgL1sXZfcs,QT4K52532553,1
24,starstruck,tonybear,87,9B,53,-,03:06,36,,starstruck,2025-10-24,49,48,0,44,0,30,-8,G Major,4,13jK2cu5Fja5Nr7TRMVPRs,QT3F72518667,1
25,is it 2 late?,Vincentz,90,7B,58,-,03:03,30,,is it 2 late?,2024-07-09,74,73,0,60,0,20,-6,F Major,4,6Tj7kf2UQlyPHJc2NsdcNP,QZRP52420630,1
26,Aquarius,樊宇镈(Coulson Fan),100,4B,76,-,03:33,34,chinese r&b,Aquarius,2026-02-20,67,9,0,73,0,0,-4,G#/A♭ Major,4,5K84X5okfkb4MlMUz2frdV,QZMEM2617296,1
27,"You Wake Up, I Go To Sleep",Chris James,87,12B,50,-,02:07,38,,"You Wake Up, I Go To Sleep",2025-10-10,67,60,0,14,10,10,-7,E Major,4,7FU821SU2P8i7QT8IidbXo,USANG2524044,1
28,So bad,16,80,8B,71,-,02:26,38,,STRANGER,2025-02-16,62,44,0,43,0,20,-6,C Major,4,1GACrmJsAXZYSv95MkMuTy,KRMIM2505675,1
29,Autumn Night,krnb,72,5B,67,-,03:15,45,,"in Autumn, You",2025-09-28,57,6,0,55,0,10,-4,D#/E♭ Major,4,3yEpbDpsrWJaRX2KJSM7HF,KSA002502025,1
30,Rescue,"GABE ISAAC,Jordan Jack",95,10B,70,-,03:07,48,,Rescue,2022-01-28,58,5,0,29,0,10,-6,D Major,4,1osSKszHVvydCr5Yz1iZbh,QZTAT2172368,1
31,is it 2 real?,Vincentz,100,11A,59,-,03:34,30,,is it 2 real?,2025-05-23,72,60,0,22,0,10,-6,F#/G♭ Minor,4,5EGCjvxC8RNn43T3vAZVwD,QZRP52558698,1
32,all we do is talk,Lyle Kam,97,6B,71,-,02:23,45,,re:collections,2025-05-09,63,7,0,45,0,10,-7,A#/B♭ Major,4,2lC1QmgOjizg5GsGUGeIBQ,QZPEW2516996,1
33,SOMETHING ABOUT YOU,BNZA,95,9B,45,-,03:27,38,indie r&b,SOMETHING ABOUT YOU,2025-08-22,64,74,0,18,0,10,-10,G Major,4,6WjcjrsgpcaXMQnQ9aF7H5,USLD91781057,1
34,7am,16,75,10B,49,-,02:14,43,,STRANGER,2025-02-16,79,24,0,70,20,30,-6,D Major,4,23Ow4Eow43ZtnmE6YRTGPT,KRMIM2505672,1
35,​o,Mira,142,9B,64,-,02:58,40,,​lifesaver,2022-12-02,73,83,11,68,0,0,-11,G Major,4,2Qjirka5vTtMxsy6ua2klT,GBLLT2253742,1
36,WHEN WE WERE 17,ehren,98,4B,45,-,03:32,49,,WHEN WE WERE 17,2022-07-08,75,48,0,41,0,0,-8,G#/A♭ Major,4,1v04yM2kvdeDKcK7E7DHdi,QZK6K2239817,1
37,Little Too Late,"Ben Provencial,Kevin Chung",164,9B,72,-,02:07,38,"melodic bass, ",Mostly Sad Songs,2024-07-19,58,11,0,47,0,10,-8,G Major,4,3AmXbyeKzrEHoJeFdbblsF,QZTAX2328543,1
38,with you,Lyle Kam,171,1B,74,-,01:57,34,,re:collections,2025-05-09,56,3,0,29,10,10,-8,B Major,4,2bfJrbJOIGEpZHvL3Cel2u,QZVEM2583987,1
39,i broke my rules for you,"ZUHAIR,Sarah Hemi",116,4A,28,-,03:35,40,,COLOURS,2024-12-20,61,85,0,33,0,10,-15,F Minor,4,5p34UlfJZSUNC07l3KOxiq,USA2P2441161,1
40,six weeks,"16,hayawn",92,11B,67,-,03:13,47,,six weeks,2023-06-15,76,43,0,85,0,10,-5,A Major,4,5LNmAzMtnESulx9AKY8S78,KRMIM2360613,1
41,​wish you the best,Mira,174,12B,46,-,02:37,38,,​wish you the best,2022-11-25,63,68,0,63,0,10,-11,E Major,4,7z7cqCTC6gSA0EdVzMRfP3,GBLLT2253743,1
42,BLUE,raph,63,4B,42,-,02:40,55,,BLUE,2026-01-02,26,52,0,17,0,10,-9,G#/A♭ Major,4,5wytwzo2D7gdk1VRVKC5Ro,QZS7J2544674,1
43,High Note,"Kevin Chung,Zach Paradis",128,11B,67,-,02:05,37,christian hip hop,High Note,2024-04-26,66,1,0,34,0,0,-6,A Major,4,4QeTDgytYy8euNAR9beIgT,QZPEW2421739,1
44,Love is you,entoy,110,1B,63,-,03:15,34,,Love is you,2025-11-28,84,32,0,81,0,10,-7,B Major,4,5tErAiI5lGJ2EPzvmOtJhM,KRMIM2565716,1
45,IDK IDK,Ben Provencial,139,10A,58,-,02:38,40,melodic bass,IDK IDK,2024-03-29,76,34,0,70,0,10,-4,B Minor,4,1vPKR1N4BXuAUwTEwbw64M,QZHN82406524,1
46,Replay,16,138,2B,62,-,02:36,47,,Replay,2024-10-21,69,34,0,53,0,10,-6,F#/G♭ Major,4,6brAP92ZIRqqKtdPIXMUf1,KRMIM2469016,1
47,​never,Mira,148,9B,66,-,03:04,37,,​never,2021-06-30,61,10,0,30,0,10,-8,G Major,4,5OloWw3Ch11q6pO1aXOLUt,GBLLT2134961,1
48,Cliché,"Someone Else's Rain,Griffy",124,7B,69,-,02:48,38,,Cliché,2025-02-07,74,6,0,48,0,10,-6,F Major,4,4mknipSiXetAyxqjY7kqUK,UKXN22506333,1
49,Shy,Kevin Chung,130,8B,77,-,02:24,42,,If It's The End,2024-09-06,73,17,0,82,0,10,-7,C Major,4,4sM1T1QR7GXBncHiivohG1,TLVEM2429154,1
50,curbside,quiet morning,145,6A,47,-,02:30,41,,curbside,2025-09-12,48,75,0,14,0,20,-11,G Minor,4,5HuwUxCB958kIcSh9rqC05,QZNJY2581249,1
1,ISTJ,NCT DREAM,122,9A,96,-,03:05,51,"k-pop, noise music",ISTJ - The 3rd Album,2023-07-16,65,2,0,36,0,30,-2,E Minor,4,4GLcRYhMko1k0qc47eFrxW,KRA302300210,3
2,GO,"NCT,NCT DREAM",132,1A,93,-,03:27,53,"k-pop, noise music",NCT 2018 EMPATHY,2018-03-14,76,31,0,67,20,0,-4,G#/A♭ Minor,4,741wqAxJIPwjHWLjyG2so6,KRA301800102,1
3,Memories,RIIZE,93,4A,80,-,02:58,54,k-pop,Memories,2023-08-21,69,1,0,42,0,10,-5,F Minor,4,11s5p72subU7SHJPzyR2Lq,KRA302300276,1
4,Perfume,NCT DOJAEJUNG,106,4B,74,-,02:47,62,k-pop,Perfume - The 1st Mini Album,2023-04-17,72,17,0,70,0,10,-2,G#/A♭ Major,4,0jd4aa9XgV5eom0ez0WBrD,KRA302300106,1
5,Golden Hour,MARK,129,9A,81,-,03:19,48,k-pop,Golden Hour - SM STATION : NCT LAB,2023-04-07,78,9,0,59,10,30,-4,E Minor,4,14sD1EmQ20kSJY3P0M82MY,KRA302300102,1
6,Hello Future,NCT DREAM,170,3B,80,-,03:40,64,"k-pop, noise music",Hello Future - The 1st Album Repackage,2021-06-28,55,3,0,50,0,10,-2,C♯/D♭ Major,4,332GJ8ykVuEt3jOT1sy7j6,KRA302100215,1
7,Tiger Inside,SuperM,170,8B,93,-,03:29,58,"k-pop, noise music",Super One -The 1st Album,2020-09-25,55,30,0,54,20,10,-1,C Major,4,1ADlTU9mFc3oDdD9Vla2Yw,KRA302000353,1
8,RESONANCE,NCT 2020,109,3A,94,-,05:14,36,"noise music, k-pop",RESONANCE,2020-12-03,51,5,0,37,10,30,-2,A#/B♭ Minor,4,1OYq0TdlQ7sDcufnSwLK1r,KRA302000619,1
9,Get A Guitar,RIIZE,110,3B,62,-,02:40,58,k-pop,Get A Guitar,2023-09-04,90,13,0,90,0,10,-5,C♯/D♭ Major,4,3Dah48XTdzVtbIl4dUn6l4,KRA302300278,1
10,Kiss,NCT DOJAEJUNG,92,9B,80,-,03:00,54,k-pop,Perfume - The 1st Mini Album,2023-04-17,67,17,0,71,10,30,-3,G Major,4,6iirdwpyu2Ohg3iVdu4vXl,KRA302300107,3
11,Smoothie,NCT DREAM,110,3B,77,-,03:08,48,"k-pop, noise music",iScreaM Vol.31 : Smoothie Remix,2024-04-11,80,1,0,39,10,10,-4,C♯/D♭ Major,4,56YMapWl4HqXS3z6Y5viT0,KRA302400038,1
12,1999,MARK,109,10B,78,-,03:25,62,k-pop,The Firstfruit - The 1st Album,2025-04-07,77,1,0,69,10,30,-5,D Major,4,4irSoWVMefjnL4ZjmmM25t,KRA302500095,1
13,Fighting (Feat. Lee Young Ji),"BSS,Lee Young Ji",152,10A,86,-,03:24,66,"k-pop, k-rap",BSS 1st Single Album 'SECOND WIND',2023-02-06,71,10,0,92,10,10,-3,B Minor,4,7eBpUuPnDTfbeP1P4P93CS,USA2P2251802,1
14,Golden Age,NCT 2023,151,4B,86,-,03:38,40,,Golden Age,2023-08-23,55,2,0,43,0,10,-5,G#/A♭ Major,4,6MI7uXSmAiXHb3XY8xRzRr,KRA302300280,1
15,Love 119,RIIZE,99,4B,75,-,02:53,54,k-pop,RIIZING - The 1st Mini Album,2024-06-17,75,43,0,42,0,20,-5,G#/A♭ Major,4,0QlNUEvJTe2QtXprDcfaOA,KRA302400001,3
16,Candy,NCT DREAM,120,3B,96,-,03:37,65,"k-pop, noise music",Candy - Winter Special Mini Album,2022-12-16,65,5,0,84,0,20,-1,C♯/D♭ Major,4,27bIik73QCu8Xzt3xpG1bI,KRA302200259,1
17,Can We Go Back,NCT DOJAEJUNG,115,4B,69,-,03:23,51,k-pop,Perfume - The 1st Mini Album,2023-04-17,75,42,0,56,0,10,-4,G#/A♭ Major,4,5pclRrU254BhS94sYWeCxt,KRA302300110,1
18,+82 Pressin',"MARK,HAECHAN",106,10A,69,-,03:22,55,"k-pop, ",The Firstfruit - The 1st Album,2025-04-07,94,7,0,91,0,0,-5,B Minor,4,4LNSkM5pU80uYmyYXzuaGJ,KRA302500072,2
19,CRZY,HAECHAN,115,12A,91,-,03:26,62,,TASTE - The 1st Album,2025-09-08,76,14,0,66,0,0,-3,C♯/D♭ Minor,4,2jlVG4zVT1HEeuZJlfnQt5,KRA302500446,1
20,Just do it,BSS,150,10B,98,-,03:21,58,k-pop,BSS Digital Single 'Just do it',2018-03-21,61,17,0,82,10,30,-2,D Major,4,57ITlzpnOMkSE6oHGbvTqi,KRA381704606,1
21,Hot Sauce,NCT DREAM,100,2B,93,-,03:15,61,"k-pop, noise music",Hot Sauce - The 1st Album,2021-05-10,77,1,0,55,0,20,-2,F#/G♭ Major,4,6B8MM3PVQtUbZLay7tP7er,KRA302100144,1
22,Jelly Pop,BOYS PLANET,121,2A,88,-,03:23,51,k-pop,BOYS PLANET - FINAL TOP9 BATTLE,2023-04-21,77,9,0,87,0,30,-2,D#/E♭ Minor,4,6fJW5vgrTBrKksFKApn7v2,KRA492300299,1
23,Strawberry Sunday,NCT DOJAEJUNG,104,3B,69,-,02:58,46,k-pop,Perfume - The 1st Mini Album,2023-04-17,69,3,0,81,0,10,-4,C♯/D♭ Major,4,0Ki5UBToUGKXAQp1JxvRDb,KRA302300109,1
24,TAP,TAEYONG,88,3A,87,-,02:37,59,"k-pop, noise music",TAP - The 2nd Mini Album,2024-02-26,80,2,0,85,20,0,-4,A#/B♭ Minor,4,1JxRZB6gjp3nsn2jUIaXMs,KRA302400018,1
25,Boom Boom Bass,RIIZE,117,4A,76,-,02:32,59,k-pop,RIIZING - The 1st Mini Album,2024-06-17,81,2,0,83,0,10,-4,F Minor,4,2J194R0KIKbK7bTHfUHPDB,KRA302400143,2
26,Broken Melodies,NCT DREAM,150,3B,82,-,03:46,54,"k-pop, noise music",ISTJ - The 3rd Album,2023-07-16,58,19,0,39,0,10,-3,C♯/D♭ Major,4,1zx9zBldr8zbLNPNwoWYJh,KRA302300198,1
27,Oh Mymy : 7s,TWS,109,10B,57,-,03:09,58,k-pop,Oh Mymy : 7s,2024-01-02,87,7,0,68,0,10,-6,D Major,4,0oasRG0i7nOHdj6sIe6B80,USA2P2360924,1
28,Here I Am,BOYS PLANET,128,9B,93,-,04:04,53,k-pop,BOYS PLANET - Here I Am,2023-01-05,62,1,0,49,10,10,-3,G Major,4,5ZMbkW9TYzmKyod6FCIS4Q,KRA492201302,1
29,Dive,NCT DOJAEJUNG,81,8A,71,-,03:56,46,k-pop,Perfume - The 1st Mini Album,2023-04-17,55,7,0,73,20,10,-5,A Minor,4,7MosmUFQt3qNapB3K2zk1x,KRA302300108,1
30,But I Like You,BOYNEXTDOOR,100,5B,81,-,02:17,61,k-pop,WHO!,2023-05-30,82,3,0,83,0,0,-3,D#/E♭ Major,4,3cJgwAm8FRkgjRIGatdRct,USA2P2310715,1
31,BOOM,NCT DREAM,120,4A,52,-,03:15,66,"k-pop, noise music",We Boom - The 3rd Mini Album,2019-07-26,91,13,0,70,0,0,-4,F Minor,4,6rcn967QN5JtkPOBDwYIuT,KRA301900318,1
32,Energetic,Wanna One,125,8B,89,-,03:09,64,k-pop,1-1=0 (NOTHING WITHOUT YOU),2017-11-13,71,6,0,75,0,10,-3,C Major,4,3NkkcnnKrNHv4AiGaPdD76,KRA491700108,1
33,Talk Saxy,RIIZE,89,4A,59,-,03:10,50,k-pop,RIIZING - The 1st Mini Album,2024-06-17,71,11,0,57,0,10,-6,F Minor,4,4Ly8KdojCH1dQAn47eiui6,KRA302300398,2
34,Favorite (Vampire),NCT 127,150,4A,76,-,03:35,56,"k-pop, noise music",Favorite - The 3rd Album Repackage,2021-10-24,56,0,0,18,0,10,-4,F Minor,4,6412NtV3XH9z7XrrxBkopc,KRA302100305,1
35,BFF,TWS,90,10A,89,-,02:46,57,k-pop,TWS 1st Mini Album 'Sparkling Blue',2024-01-22,70,9,0,84,10,30,-4,B Minor,4,1ZHt0k1wsoqkRKNR4HwsbO,USA2P2360923,1
36,Yogurt Shake,NCT DREAM,130,1B,80,-,03:17,46,"k-pop, noise music",ISTJ - The 3rd Album,2023-07-16,79,27,0,55,0,20,-3,B Major,4,7yzaVj1HkqqY8vPo1Zs2aH,KRA302300211,1
37,Serenade,BOYNEXTDOOR,136,10B,92,-,03:03,63,k-pop,WHO!,2023-05-30,80,4,0,87,0,10,-2,D Major,4,0mJohf6KCgFeCWbMBAS8RL,USA2P2310717,1
38,Hot Summer,BOYS PLANET,75,8A,76,-,03:46,49,k-pop,BOYS PLANET - FINAL TOP9 BATTLE,2023-04-21,63,9,0,61,0,20,-4,A Minor,4,4eSaL5oRwSHcMGvmIrgYzP,KRA492300300,1
39,Role Model,EVNNE,110,3B,93,-,03:13,36,"k-pop, noise music",Target: ME,2023-09-19,76,8,0,86,10,0,-3,C♯/D♭ Major,4,5MGyAVTxpnhGAoqzYXdcAP,KRA772300002,1
40,Fact Check,NCT 127,130,4A,91,-,03:04,63,"k-pop, noise music",Fact Check - The 5th Album,2023-10-05,76,8,0,57,10,20,-3,F Minor,4,2nNBdv2vcJZuWOZ06nNF62,KRA302300304,2
41,Better Than Gold,NCT DREAM,110,8B,84,-,03:20,55,"k-pop, noise music",Glitch Mode - The 2nd Album,2022-03-28,71,5,0,72,0,0,-3,C Major,4,0tIkUSA5njpsBaTAx3z25z,KRA302200052,1
42,first hooky,TWS,105,9A,86,-,03:29,56,k-pop,TWS 1st Mini Album 'Sparkling Blue',2024-01-22,77,7,0,69,0,10,-4,E Minor,4,4n9FdF4QfvNzOMjiQZ72pm,USA2P2360922,1
43,But Sometimes,BOYNEXTDOOR,97,10A,86,-,02:55,62,k-pop,WHY..,2023-09-04,80,4,0,68,0,30,-4,B Minor,4,5TNMJ6Csb2NgSohuz76XJT,USA2P2340655,2
44,Beautiful,NCT 2021,128,3B,92,-,04:21,35,k-pop,Universe - The 3rd Album,2021-12-13,65,43,0,71,0,10,-2,C♯/D♭ Major,4,7xeFCMZi5ynJIHeceUIBD8,KRA302100392,1
45,Movie Star,CIX,112,2A,89,-,03:30,52,k-pop,"HELLO Chapter 1: Hello, Stranger",2019-07-23,72,11,0,74,0,40,-4,D#/E♭ Minor,4,65pVi11JqwSZqUuYAqLP36,KRA251901198,1
46,Skateboard,NCT DREAM,110,11B,94,-,03:06,38,"k-pop, noise music",ISTJ - The 3rd Album,2023-07-16,81,9,0,83,10,0,-2,A Major,4,0tOHHsSsZd0czUakXMBrV8,KRA302300212,1
47,RUBY,TAEYONG,119,10B,67,-,03:18,48,"k-pop, noise music",SHALALA - The 1st Mini Album,2023-06-05,75,23,0,56,0,10,-4,D Major,4,5tT5JkfzoiOx1rCNKYiE0Y,KRA302300191,1
48,Kick It 4 Now,TNX,106,5A,80,-,02:55,41,"k-pop, noise music",BOYHOOD,2023-06-07,82,5,0,77,0,30,-4,C Minor,4,5oyt64vcLF0MwDq5XNgx86,KRMIM2353187,1
49,2 Baddies,NCT 127,172,10B,92,-,03:50,56,"k-pop, noise music",2 Baddies - The 4th Album,2022-09-15,60,15,0,53,20,0,-2,D Major,4,1OXO0Onox9F26Pp732HnsI,KRA302200149,1
50,90's Love,NCT U,108,12A,92,-,03:33,51,"k-pop, noise music","NCT RESONANCE, Pt. 2 - The 2nd Album",2020-11-22,74,7,0,70,0,10,-2,C♯/D♭ Minor,4,0xAjTGmM5jFz9MlonPXZA8,KRA302000567,2
1,505,Arctic Monkeys,140,8B,87,2023-04-15,04:13,88,"indie, garage rock",Favourite Worst Nightmare,2007-04-22,53,0,0,25,0,0,-6,C Major,4,0BxE4FqsDD1Ot4YuBXwAPp,GBCEL0700074,3
2,Blue Hour,TOMORROW X TOGETHER,112,2A,82,2023-04-15,03:29,67,k-pop,minisode1 : Blue Hour,2020-10-26,71,1,0,75,0,0,-4,D#/E♭ Minor,4,3ObPkJQAgjAhTwYvDhPrAW,USA2P2034178,1
3,Alphabet Boy,Melanie Martinez,155,8B,85,2023-04-15,04:13,66,,Cry Baby (Deluxe Edition),2015-08-14,65,29,0,52,0,0,-6,C Major,4,3NDPcoeno6oasqi6Hs75Ax,USAT21501937,2
4,Snap Out Of It,Arctic Monkeys,130,4A,64,2023-04-17,03:13,81,"indie, garage rock",AM,2013-09-09,73,25,0,87,0,10,-6,F Minor,4,0NdTUS4UiNYCNn5FgVqKQY,GBCEL1300371,2
5,My Ordinary Life,The Living Tombstone,176,8A,66,2023-04-17,03:50,74,,My Ordinary Life,2017-11-23,68,2,35,58,0,20,-9,A Minor,4,6tMdpUXfT70TD6Eh3XfB1p,QZANL1777908,2
6,Better Than Me,The Brobecks,170,9B,67,2023-04-17,04:27,63,,Violent Things,2009-04-25,38,0,0,43,0,0,-7,G Major,4,2ACs0dJwkSsvNZvEbvFurK,USTC90933456,1
7,Beggin',Måneskin,134,10A,80,2023-04-17,03:31,87,,Chosen,2017-12-08,71,13,0,59,0,30,-5,B Minor,4,3Wrjm47oTz2sjIgck11l5e,ITB001700846,2
8,Cold Cold Cold,Cage The Elephant,136,7B,79,2023-04-20,03:34,70,,Tell Me I'm Pretty,2015-12-18,55,2,0,72,0,0,-6,F Major,4,1Q3t9fWvHUXKsMmpD2XpUu,USRC11502825,1
9,Like Crazy (English Version),Jimin,120,9B,76,2023-04-20,03:32,67,k-pop,FACE,2023-03-24,62,0,0,32,0,30,-5,G Major,4,0u8rZGtXJrLtiSe34FPjGG,USA2P2251868,1
10,O Psicopata,kamaitachi,130,8B,57,2023-04-26,03:04,52,,O Psicopata,2021-08-20,75,62,0,64,0,10,-10,C Major,4,7nMOiydlrXngDKZ1KXjxnA,BXK182100009,1
11,Dark Red,Steve Lacy,172,2B,78,2023-04-30,02:53,87,,Dark Red,2017-02-20,60,45,0,77,0,10,-4,F#/G♭ Major,4,3EaJDYHA0KnX88JvDhL9oa,GBKPL1778015,1
12,Cutthroat,Imagine Dragons,166,9B,63,2023-04-30,02:49,53,,Mercury - Acts 1 & 2,2022-07-01,67,8,1,68,30,0,-5,G Major,4,5KXp9E22MHunsS4W4PNBUf,USUM72102980,1
13,Doin' Time,Lana Del Rey,145,6A,56,2023-04-30,03:22,79,,Norman Fucking Rockwell!,2019-08-30,64,40,0,52,0,0,-11,G Minor,4,0Oqc0kKFsQ6MhFOLBNZIGX,GBUM71903894,2
14,"Já, Já Chega Dezembro",kamaitachi,183,11B,31,2023-04-30,02:55,49,,"Já, Já Chega Dezembro",2019-05-24,41,91,0,12,0,40,-12,A Major,3,19QaUnaIaSsW4WLJkWzFTC,QZGLS1993675,1
15,Black Mamba,aespa,90,10B,92,2023-04-30,02:54,61,k-pop,Black Mamba,2020-11-17,52,6,0,50,10,0,-3,D Major,4,1t2qYCAjUAoGfeFeoBlK51,KRA302000590,1
16,Problems,Mother Mother,104,3B,85,2023-05-06,03:27,0,,Eureka,2011-03-15,63,1,3,53,0,10,-4,C♯/D♭ Major,4,0mFSV2Bawz8i9wnlc9eYme,CAL451028707,2
17,Bang Bang Bang Bang,Sohodolls,94,3A,58,2023-05-07,03:01,64,,Ribbed Music For The Numb Generation,2007-09-24,73,52,0,37,0,10,-7,A#/B♭ Minor,4,1MPMUZopRX9DFx3HXToTKG,GBHGV0700025,2
18,Alien Blues,Vundabar,80,6B,68,2023-06-16,02:36,0,,Gawk,2015-07-24,46,8,83,46,0,0,-9,A#/B♭ Major,4,6UjeFOCGYgMpBUtqKg1Je3,USDY41567486,2
19,Vanished,Crystal Castles,120,5A,87,2023-06-16,04:02,1,"witch house, electroclash, new rave, alternative dance",Crystal Castles,2008-03-18,71,0,0,64,0,20,-7,C Minor,4,0Q2YGyMeeZMAvzebtxoQ5f,CAL450896208,2
20,Breezeblocks,alt-J,150,7B,66,2023-06-16,03:47,74,"indie, indie rock",An Awesome Wave,2012-09-18,62,10,0,29,0,20,-7,F Major,4,3n69hLUdIsSa1WlRmjMZlW,GBZUZ1200067,2
21,Little Dark Age,MGMT,98,2B,71,2023-06-16,04:59,80,indie,Little Dark Age,2018-02-09,71,1,0,62,0,10,-6,F#/G♭ Major,4,2Y0iGXY6m6immVb2ktbseM,USSM11707035,2
22,Unfair,The Neighbourhood,194,4B,57,2023-06-16,02:26,66,,#000000 & #FFFFFF (No DJ Version),2014-11-28,48,1,78,4,0,10,-7,G#/A♭ Major,4,0xD23i0X1WjqMSYIxRfO80,USSM11709128,2
23,Masquerade x Miss The Rage,Tukuturpe,154,4B,83,2023-06-16,01:52,0,,Masquerade x Miss The Rage,2021-11-19,50,3,70,89,0,20,-16,G#/A♭ Major,4,2t7EyTixyBubCijJuvarUX,QZNWZ2193205,2
24,Bubblegum Bitch,MARINA,158,5A,86,2023-06-16,02:34,81,,Electra Heart (Deluxe),2012-04-27,50,0,0,61,0,10,-5,C Minor,4,6IbnUaczZBT34DhaD6S18F,GBFFS1200008,2
25,After Dark,Mr.Kitty,140,4B,60,2023-06-17,04:17,3,"witch house, darkwave",Time,2014-08-08,58,7,41,4,0,0,-10,G#/A♭ Major,4,0zCgWGmDF0aih5qexATyBn,GBKPL1412568,2
26,Somebody's Watching Me,Rockwell,124,12A,58,2023-06-17,04:53,63,,12  80s Classics,2010-06-28,80,12,0,87,0,0,-8,C♯/D♭ Minor,4,2gGdO0zLa9W8ce1Ig0BzFK,USMO18400484,6
27,Amsterdam,Imagine Dragons,115,11B,77,2023-06-17,04:01,56,,Night Visions,2012-09-04,52,1,0,21,0,10,-5,A Major,4,5gXdinVZqeuDIVxogWzRk0,USUM71208568,3
28,Going Crazy,EXO,150,6A,78,2023-06-17,03:46,47,k-pop,THE WAR - The 4th Album,2017-07-18,59,13,0,71,0,10,-5,G Minor,4,64EJgeHPkqJThnr7RDppo3,KRA301700311,4
29,The Zone,"The Weeknd,Drake",140,2A,52,2023-06-17,06:58,56,rap,Trilogy,2012-11-13,44,26,0,25,10,10,-8,D#/E♭ Minor,4,46X8c9qJzpBLYcos3OX0CE,USUM71212052,3
30,ALL OR NOTHING,NAYEON,180,3B,60,2023-06-23,03:04,47,k-pop,IM NAYEON,2022-06-24,57,14,0,92,30,0,-4,C♯/D♭ Major,3,6QLs06H0H54PPV90ZUVWRE,US5TA2200045,2
31,New Axis,NCT U,120,3B,79,2023-06-23,02:11,39,"k-pop, noise music",Universe - The 3rd Album,2021-12-14,94,9,0,56,10,10,-3,C♯/D♭ Major,4,1qExTKTJfeYGNkSy2kl3Ak,KRA302100381,1
32,"jealousy, jealousy",Olivia Rodrigo,164,3A,57,2023-06-30,02:53,83,,SOUR,2021-05-21,70,20,0,70,10,0,-6,A#/B♭ Minor,4,0MMyJUC3WNnFS1lit5pTjk,USUG12101248,2
33,Bored,Billie Eilish,120,9B,32,2023-09-15,03:00,79,,Bored,2017-03-30,61,90,0,11,0,0,-13,G Major,4,04sN26COy28wTXYj3dMoiZ,USUM71702756,1
34,Washing Machine Heart,Mitski,106,11B,82,2024-11-16,02:08,83,,Be the Cowboy,2018-08-17,61,1,51,57,0,40,-4,A Major,4,3jjsRKEsF42ccXf8kWR3nu,USJ5G1815012,2
35,Hayloft,Mother Mother,96,8A,92,2024-11-16,03:01,73,,O My Heart,2008-09-23,53,0,0,45,0,40,-3,A Minor,4,2kKkl59fY6Cic1CmhvSEZK,CAL450882108,2
36,Hayloft II,Mother Mother,178,8A,87,2024-11-16,03:35,75,,Inside (Deluxe),2022-01-28,33,0,0,17,10,0,-5,A Minor,4,0kYMwaQWABTkFff8AZjmYI,CAW112100716,2
37,Why'd You Only Call Me When You're High?,Arctic Monkeys,92,10B,63,2024-11-16,02:41,87,"indie, garage rock",AM,2013-09-09,69,5,0,80,0,10,-6,D Major,4,086myS9r57YsLbJpU0TgK9,GBCEL1300370,3
38,Daddy Issues,The Neighbourhood,85,6B,52,2024-11-16,04:20,86,,Wiped Out!,2015-10-30,59,7,15,34,0,10,-9,A#/B♭ Major,4,5E30LdtzQTGqRvNd7l6kG5,USSM11506747,2
39,I Can't Handle Change,Roar,186,7B,44,2024-11-16,03:18,79,,I Can't Handle Change,2010-03-14,25,4,0,39,0,10,-8,F Major,3,37l31PrCNsg8baUjarNAi9,USHM81020595,7
40,Teacher's Pet,Melanie Martinez,141,6A,79,2024-11-16,04:01,76,,K-12,2019-09-06,69,27,0,53,0,10,-6,G Minor,3,5o5akY9xnEk6lpMkD8RwD9,USAT21902535,1
41,Backstabber,Kesha,160,9B,94,2024-11-16,03:06,72,,Animal (Expanded Edition),2010-01-01,60,7,0,83,10,30,-2,G Major,4,4GRFzKI7jTZ3kbMfouc7bn,USRC10900741,2
42,My Alcoholic Friends,The Dresden Dolls,110,9A,68,2024-11-16,02:47,76,,"Yes, Virginia",2006-03-29,60,18,0,75,0,0,-4,E Minor,4,2gvmxusSOe3vNjNDjQWaso,NLA320581712,2
43,Freaks,Surf Curse,180,11B,94,2024-11-16,02:27,87,indie,Freaks,2021-05-15,35,0,63,41,0,0,-10,A Major,4,7EkWXAI1wn8Ii883ecd9xr,USAT22102269,2
44,High Enough,K.Flay,89,8B,62,2024-11-16,03:51,72,,Every Where Is Some Where,2017-04-07,61,3,9,54,0,10,-5,C Major,4,1qwno7xb5mJe71xtMS6jl2,USUM71701789,2
45,The Red Means I Love You,Madds Buckley,79,10B,30,2024-11-16,03:53,2,,Sunset on Summerville,2022-04-22,28,9,0,19,0,0,-12,D Major,4,3FD23QWCO0aP7fzKXHCDE8,QZDA42138146,1
46,Softcore,The Neighbourhood,94,8A,57,2024-11-16,03:26,87,,Hard To Imagine The Neighbourhood Ever Changing,2018-11-02,57,5,0,37,0,20,-6,A Minor,4,2K7xn816oNHJZ0aVqdQsha,USSM11800523,3
47,Brooklyn Baby,Lana Del Rey,108,3B,66,2024-11-16,05:51,85,,Ultraviolence (Deluxe),2014-01-01,40,54,0,9,0,10,-7,C♯/D♭ Major,4,1NZs6n6hl8UuMaX0UC0YTz,GBUM71402169,2
48,"Sex, Drugs, Etc.",Beach Weather,144,9A,84,2024-11-16,03:16,83,,Pineapple Sunrise,2023-03-03,57,1,1,47,0,50,-5,E Minor,4,7MlDNspYwfqnHxORufupwq,TCACS1642138,2
49,Mr. Loverman,Ricky Montgomery,130,8B,53,2024-11-16,03:36,81,,Montgomery Ricky,2016-04-01,64,25,0,49,0,20,-7,C Major,3,2IVsRhKrx8hlQBOWy4qebo,USA2P1624702,1
50,Money,The Drums,102,9A,92,2024-11-16,03:53,78,indie,Portamento,2011-01-01,60,22,15,45,0,20,-7,E Minor,4,3VIJBrMpvimHEw5wtPh2wB,GBUM71105426,1
51,Sippy Cup,Melanie Martinez,135,7B,65,2024-11-16,03:15,74,,Cry Baby (Deluxe Edition),2015-08-14,72,49,0,73,10,20,-9,F Major,4,2e4jB31WcGsxKL1ByqdZCq,USAT21501779,1
52,Romantic Homicide,d4vd,132,2B,54,2024-11-16,02:12,85,,Romantic Homicide,2022-07-20,57,45,1,22,0,30,-11,F#/G♭ Major,4,1xK59OXxi2TAAAbmZK0kBL,QZMEM2232831,2
53,Bubble Gum,Clairo,208,11B,2,2024-11-16,02:55,74,bedroom pop,Bubble Gum,2019-02-22,51,98,0,23,10,30,-25,A Major,3,3zksbXteOCeSusJ5Xltr3t,QMEZE1907824,1
54,Do I Wanna Know?,Arctic Monkeys,85,7B,53,2024-11-16,04:32,89,"indie, garage rock",AM,2013-09-09,55,19,0,41,0,20,-8,F Major,4,5FVd6KXrgO9B3JPmC8OPst,GBCEL1300362,2
55,Labyrinth,Miracle Musical,111,3B,78,2024-11-16,02:32,0,,Hawaii: Part II (Deleted),2012-12-11,76,3,0,40,0,30,-7,C♯/D♭ Major,4,3JQISREXoFXeaKhEL5KeBA,TCACB1435457,1
56,All For Us,"Labrinth,Zendaya",142,5B,66,2024-11-16,03:11,77,,Imagination & the Misfit Kid,2019-11-21,46,1,0,18,0,30,-7,D#/E♭ Major,4,76YSWx6L6FNsuaP6GWBb8P,USUG11902729,1
57,bellyache,Billie Eilish,100,9A,57,2024-11-16,02:59,79,,Bellyache,2017-02-24,70,46,7,41,10,40,-9,E Minor,4,51NFxnQvaosfDDutk0tams,USUM71615103,1
58,Burning Pile,Mother Mother,140,7B,76,2025-04-19,04:22,71,,O My Heart,2008-09-23,52,6,0,17,0,10,-4,F Major,4,5ZpAU5f4jxj6i9XoKK0RaI,CAL450882102,2
59,i wanna be your girlfriend,girl in red,156,9B,38,2025-04-19,03:24,75,bedroom pop,i wanna be your girlfriend,2018-03-02,54,2,0,34,0,30,-14,G Major,4,5PjdC2gMATetx5xdnwGUu7,GBLFP1815318,1
60,You Get Me So High,The Neighbourhood,88,6A,88,2025-04-19,02:33,82,,Hard To Imagine The Neighbourhood Ever Changing,2018-11-02,55,19,8,39,0,10,-6,G Minor,4,7zwn1eykZtZ5LODrf7c0tS,USSM11707131,2
61,Mama's Boy,Dominic Fike,79,11B,35,2025-04-19,02:35,76,,Sunburn,2023-07-07,81,15,71,60,0,10,-8,A Major,4,0b6xZk9f96N77BfmYWnQNC,USQX92301820,2
62,we fell in love in october,girl in red,130,9B,37,2025-04-19,03:04,86,bedroom pop,we fell in love in october / October Passed Me By,2018-11-21,57,11,18,24,0,10,-13,G Major,4,6IPwKM3fUUzlElbvKw2sKl,GBKPL1828677,2
63,Blue Hair,TV Girl,136,12B,72,2025-04-19,03:37,84,,Death of a Party Girl,2018-05-08,75,55,5,88,0,20,-6,E Major,4,39sDitIeCMrVX2QyXHY46t,USDY41861506,1
64,Cigarettes out the Window,TV Girl,114,8B,66,2025-04-19,03:18,86,,Who Really Cares,2016-02-25,63,12,0,59,0,10,-6,C Major,4,6QeYSvYqYUsfBzsApbjDHO,USCGH1682129,2
65,Knee Socks,Arctic Monkeys,98,10A,54,2025-04-19,04:17,78,"indie, garage rock",AM,2013-09-09,67,12,0,59,0,30,-8,B Minor,4,2LGdO5MtFdyphi2EihANZG,GBCEL1300372,1
66,Body,Mother Mother,148,3A,63,2025-04-19,03:33,71,,O My Heart,2008-09-23,59,13,0,48,0,30,-4,A#/B♭ Minor,4,2zXbLJiS5099aDVyTHIDU4,CAL450882106,1
67,I Love You So,The Walters,76,6B,65,2025-04-19,02:40,87,,I Love You So,2014-11-28,57,58,0,47,0,10,-5,A#/B♭ Major,4,4SqWKzw0CbA05TGszDgMlc,TCACC1438995,3
68,Dollhouse,Melanie Martinez,130,4A,71,2025-04-19,03:51,76,,Cry Baby (Deluxe Edition),2015-08-14,73,22,0,56,0,70,-5,F Minor,4,6wNeKPXF0RDKyvfKfri5hf,USAT21401604,1
69,bad idea!,girl in red,162,3B,81,2026-01-02,03:39,74,bedroom pop,bad idea!,2019-09-03,51,3,5,42,0,20,-6,C♯/D♭ Major,4,57j65yC2HggQfmYNc6rdOK,GBKPL1963282,1
70,Nobody,Mitski,117,8B,72,2026-01-02,03:13,76,,Be the Cowboy,2018-08-17,40,7,0,49,0,0,-5,C Major,4,2P5yIMu2DNeMXTyOANKS6k,USJ5G1815009,1
71,Verbatim,Mother Mother,78,9B,58,2026-01-02,02:48,71,,Touch Up,2007-05-08,83,31,0,49,30,10,-7,G Major,4,4IA6pgGRmqfxWGAfyZ8cgR,CAL450793908,1
72,Rhinestone Eyes,Gorillaz,93,1A,70,2026-01-02,03:20,78,,Plastic Beach,2010-03-05,68,9,0,85,0,0,-6,G#/A♭ Minor,4,1foMv2HQwfQ2vntFf9HFeG,GBAYE1000017,2
73,Pacify Her,Melanie Martinez,158,8A,59,2026-01-02,03:40,76,,Cry Baby (Deluxe Edition),2015-08-14,58,5,0,37,0,20,-6,A Minor,4,360Wr96ywrCQq4kTAJ8Pq6,USAT21501941,2
74,She's My Collar (feat. Kali Uchis),"Gorillaz,Kali Uchis",140,1B,82,2026-01-02,03:29,80,,Humanz (Deluxe),2017-04-28,73,1,8,46,0,10,-6,B Major,4,3lIxtCaROdRDuTnNBDm3n2,GBAYE1700176,2
75,One More Hour,Tame Impala,102,12B,40,2026-01-02,07:12,76,"neo-psychedelic, indie",The Slow Rush,2020-02-14,65,11,11,32,0,10,-9,E Major,4,0mO6oS60RST2sWmN2FKknP,AUUM71900935,1
76,Cupid's Chokehold / Breakfast in America,Gym Class Heroes,79,12A,74,2026-01-02,04:03,82,,The Papercut Chronicles,2005-02-22,72,24,0,62,10,20,-7,C♯/D♭ Minor,4,2Lhdl74nwwVGOE2Gv35QuK,US56V0407211,1
77,my strange addiction,Billie Eilish,100,1A,31,2026-01-02,02:59,76,,"WHEN WE ALL FALL ASLEEP, WHERE DO WE GO?",2019-03-29,94,35,0,56,30,10,-11,G#/A♭ Minor,4,3Tc57t9l2O8FwQZtQOvPXK,USUM71900769,1
78,"New Person, Same Old Mistakes",Tame Impala,152,4B,81,2026-01-02,06:03,85,"neo-psychedelic, indie",Currents,2015-07-17,47,27,1,49,0,0,-7,G#/A♭ Major,4,52ojopYMUzeNcudsoz7O9D,AUUM71500302,1
1,Glimpse of Us,Joji,170,4B,32,2024-07-11,03:53,9,,Glimpse of Us,2022-06-10,44,89,0,27,0,10,-9,G#/A♭ Major,3,6xGruZOHLs39ZbVccQTuPZ,USWB12201789,3
2,Diggity,NCT DREAM,90,2B,84,2024-07-11,03:29,48,"k-pop, noise music",Hot Sauce - The 1st Album,2021-05-10,72,10,0,69,0,20,-3,F#/G♭ Major,4,2JEaSgRiEra5OQrZlnyqXG,KRA302100145,1
3,Bagaimana Kalau Aku Tidak Baik Baik Saja,Judika,130,10B,47,2024-07-11,03:52,0,"malay, indonesian pop, malay pop",Bagaimana Kalau Aku Tidak Baik Baik Saja,2021-07-31,30,79,0,30,0,10,-5,D Major,4,7As3vd7OvJwyGUsZfNtHce,IDAC52190009,1
4,Trapped in the past,TUYU,90,1B,84,2024-07-11,03:49,51,"j-pop, j-rock, vocaloid",Trapped in the past,2020-08-28,62,43,0,90,0,30,-4,B Major,4,5cGTr7yx9wo6NkgQV4eqdW,TCJPM2040377,1
5,Memories,Conan Gray,113,1B,68,2024-07-11,04:08,79,,Superache,2022-06-24,34,1,0,56,0,30,-6,B Major,4,5UXJzLFdBn6u9FJTCnoHrH,USUM72204111,4
6,On My Way,"Alan Walker,Sabrina Carpenter,Farruko",170,12A,69,2024-07-11,03:13,74,"pop, reggaeton, trap latino",On My Way,2019-03-21,51,2,0,30,10,30,-5,C♯/D♭ Minor,4,4n7jnSxVLd8QioibtTDBDq,NOG841901010,1
7,Young Girl A,Siinamota,130,10B,80,2024-07-11,03:41,69,vocaloid,Alive,2015-03-04,63,2,0,29,10,10,-6,D Major,4,5sPKAEb7afrIMtdqEnI6H6,JPJ931400241,1
8,千本桜,Ado,154,7B,92,2024-07-11,04:01,59,"j-pop, anime, vocaloid, j-rock",千本桜,2021-12-29,52,0,0,71,0,10,-4,F Major,4,6pUBZKUGia5EN2uQ2mLKeT,JPPO02104580,1
9,Fortnight (feat. Post Malone),"Taylor Swift,Post Malone",192,1B,39,2024-07-11,03:48,83,,THE TORTURED POETS DEPARTMENT,2024-04-18,50,50,0,28,0,10,-11,B Major,4,2OzhQlSqBEmt7hmkYxfT6m,USUG12401028,3
10,Wish You Were Sober,Conan Gray,91,10B,73,2024-07-11,02:48,71,,Kid Krow,2020-03-20,70,2,0,70,0,10,-5,D Major,4,0kn2gu8Pd03DiYHzRvX2Xk,USUM71924258,3
11,Lonely Boy (The tattoo on my ring finger),TOMORROW X TOGETHER,145,7A,64,2024-07-11,02:48,57,k-pop,minisode 2: Thursday's Child,2022-05-09,67,24,0,51,10,0,-5,D Minor,4,6AOrC7t2WS5ykYcnoHpiS2,USA2P2146798,1
12,Nothing Is Lost (You Give Me Strength),The Weeknd,127,7B,69,2024-07-13,04:27,59,,Avatar: The Way of Water (Original Motion Picture Soundtrack),2022-12-15,52,0,0,12,0,10,-8,F Major,4,1DzJbVkBELu6jDu6q0T0tk,USUG12209251,1
13,Memory Reboot,"VØJ,Narvent",81,4B,89,2024-07-13,03:29,69,"phonk, synthwave, drift phonk",Memory Reboot,2023-01-13,47,0,0,46,0,10,-6,G#/A♭ Major,4,1A7qPfbcyRVEdcZiwTFhZI,QM4TW2307105,2
14,Aku Di Sini,Andi Bernadee,79,10B,44,2024-07-13,02:53,32,"malay, malay pop, malaysian pop, malay rap",Aku Di Sini,2022-08-26,66,82,0,70,0,10,-8,D Major,4,5ZO4PNXO0ZLDhI12f9kU94,MYA112200190,1
15,29,Demi Lovato,184,12A,70,2024-07-14,02:43,53,,29,2022-08-17,32,1,0,29,0,20,-4,C♯/D♭ Minor,4,3gXWe15nwrjfhjYQ5RqLx7,USUM72210686,1
16,Cry Me a River,Justin Timberlake,74,1A,65,2024-07-14,04:48,80,,Justified,2002-11-04,62,58,0,56,10,10,-7,G#/A♭ Minor,4,7Lf7oSEVdzZqTA0kEDSlS5,USJI10200366,3
17,ZOOM,Red Velvet,90,10A,81,2024-07-14,03:04,49,k-pop,‘The ReVe Festival 2022 - Birthday’,2022-11-28,81,70,0,82,0,10,-2,B Minor,4,18OjYSOz2ryc2vLmAeG2de,KRA302200245,1
18,No More,Dreamcatcher,95,3A,96,2024-07-14,03:15,31,"k-rock, k-pop",No More,2020-11-20,47,0,0,32,10,20,-4,A#/B♭ Minor,4,2hlLKf7meSIz1q7N303Gz8,JPPC02001434,2
19,Goodbyes (feat. Young Thug),"Post Malone,Young Thug",150,7B,65,2024-07-14,02:54,78,"rap, trap, melodic rap",Hollywood's Bleeding,2019-09-06,55,46,0,16,0,10,-4,F Major,4,0t3ZvGKlmYmVsDzBJAXK8C,USUM71912330,1
20,16 CARRIAGES,Beyoncé,127,3B,46,2024-07-14,03:47,55,,16 CARRIAGES,2024-02-09,53,38,0,34,0,10,-7,C♯/D♭ Major,4,3Fwebmu4BzPUpDtPZo0qHb,USSM12401304,1
21,8 Mile,Eminem,90,11B,94,2024-07-14,05:59,66,"rap, hip hop",8 Mile (Music From And Inspired By The Motion Picture),2002-10-29,74,13,0,49,20,10,-4,A Major,4,5NmL2zxnlt9GiTB2TQbvFM,USIR10211622,1
22,Going Crazy,EXO,150,6A,78,2024-07-14,03:46,47,k-pop,THE WAR - The 4th Album,2017-07-18,59,13,0,71,0,10,-5,G Minor,4,64EJgeHPkqJThnr7RDppo3,KRA301700311,4
23,SWING,TWICE,120,3B,74,2024-07-14,03:22,39,k-pop,&TWICE (Repackage),2020-02-05,71,2,0,70,0,10,-4,C♯/D♭ Major,4,3egADkalVEpD99sI5AGGYe,JPWP01971338,1
24,The Zone,"The Weeknd,Drake",140,2A,52,2024-07-14,06:58,56,rap,Trilogy,2012-11-13,44,26,0,25,10,10,-8,D#/E♭ Minor,4,46X8c9qJzpBLYcos3OX0CE,USUM71212052,3
25,黒い涙,ANNA TSUCHIYA inspi' NANA(BLACK STONES),80,9A,79,2024-07-14,05:07,58,"anime, j-rock",ANNA TSUCHIYA inspi' NANA(BLACK STONES),2007-02-28,26,1,0,38,0,30,-3,E Minor,4,26crqErNUxxXERxSfWm5Ku,JPB600669101,1
26,Perfect 10,Red Velvet,122,1A,57,2024-07-14,03:29,43,k-pop,Perfect Velvet - The 2nd Album,2017-11-17,71,56,0,56,0,30,-6,G#/A♭ Minor,4,3OK4va42j6de25ZPNdI5kC,KRA301700606,1
27,half,MILGRAM カズイ (CV: 竹内良太),90,3B,56,2024-07-14,03:56,44,,half,2021-03-19,65,37,3,54,0,20,-8,C♯/D♭ Major,4,0Qcc4jWDIEyljPXvskGwDL,JPPO02100499,1
28,With Me,"Emma Gelotte,Tinna Karlsdotter,Marty Friedman",175,8B,93,2024-07-14,03:54,39,neoclassical,25th Anniversary Selection (Black Selection),2016-06-22,33,0,1,38,10,10,-5,C Major,4,24vc7He9XZsn0wtE4EzXL7,JPX301606750,1
29,Tonight (feat. Eve),"Doja Cat,Eve",92,6A,56,2024-07-14,02:48,52,,Planet Her (Deluxe),2021-06-27,78,4,0,87,20,0,-6,G Minor,4,2rokN1FX25tFt7vPTFi5lB,USRC12102152,1
30,Romance,YOASOBI,130,12A,93,2024-07-14,02:48,40,"j-pop, anime",Romance,2021-09-15,66,12,0,88,0,20,-3,C♯/D♭ Minor,4,7oV1mzPC3YZ8IGsReVZC0H,JPP302100985,1
31,Safety Zone,j-hope,77,4B,74,2024-07-14,02:45,56,"k-pop, k-rap",Jack In The Box,2022-07-15,68,56,0,69,10,10,-5,G#/A♭ Major,4,00I41xsW6SunZDJ5fB8KAd,USA2P2230922,1
32,Stupid O'clock,VICTON,100,3A,78,2024-07-14,03:05,38,k-pop,Chaos,2022-05-31,63,17,0,72,0,10,-4,A#/B♭ Minor,4,01ef1c362EzKpoTNLwI5Eb,KRA382205511,1
33,Oasis,EXO,145,5A,76,2024-07-14,03:14,41,k-pop,LOVE SHOT– The 5th Album Repackage,2018-12-13,63,9,0,61,0,0,-5,C Minor,4,2Ewt35352UKONyzomJlqXu,KRA301800585,1
34,The Backrooms,ChewieCatt,78,8A,43,2024-07-14,03:07,34,,The Backrooms,2022-08-26,71,62,0,54,0,20,-7,A Minor,4,5MkSxi81qVMxqZCSPBh0L2,QZNWT2221042,1
35,Surat Cinta Untuk Starla,Virgoun,144,1B,42,2024-07-14,05:08,65,"indonesian pop, malay, malaysian pop",Surat Cinta Untuk Starla,2016-02-16,67,67,0,49,20,30,-9,B Major,3,5o6StwqqVfG3vRLx8UP310,IDA641600070,1
36,ABCDLOVE,BOYNEXTDOOR,180,11B,59,2024-07-14,02:37,54,k-pop,WHY..,2023-09-04,75,9,0,63,20,60,-5,A Major,4,76WmEfvmMXKBvfAkb41fut,USA2P2340656,1
37,Numbers (feat. CHANGMO),"JAMIE,CHANGMO",89,9B,81,2024-07-14,02:56,36,k-rap,Numbers (feat. CHANGMO),2020-09-03,84,8,0,57,10,10,-3,G Major,4,79r5vi5H3sYvnRNpkNylXP,KRA112000001,1
38,Love In The Sky,The Weeknd,115,8A,74,2024-07-14,04:27,56,,Kiss Land,2013-09-10,65,16,0,35,0,60,-7,A Minor,4,3WKYPmiPpJas9j5Aari5iK,USUM71309545,1
39,Say It,WayV,74,5A,84,2024-07-14,03:15,33,"k-pop, c-pop, noise music",Take Off - The 1st Mini Album,2019-05-09,38,8,0,35,10,30,-6,C Minor,4,5LQhLNSWjV6IhsSO6b8Xxh,KRA301900205,1
40,Karma,달의하루,132,4A,94,2024-07-14,04:31,50,,Karma,2020-03-20,61,14,0,76,10,30,-3,F Minor,4,2s0UNcumDtAj7rKPZ4zjeO,KRF452000007,1
41,Let Somebody Go,"Coldplay,Selena Gomez",131,8B,34,2024-07-14,04:01,42,,Let Somebody Go,2021-09-14,59,19,0,16,0,10,-9,C Major,4,0hsZGlMNLFZtl7Zwgj2yHX,GBAYE2100947,1
42,No.1,DISH//,90,3B,88,2024-07-20,03:50,55,"j-pop, anime",No.1,2021-04-10,50,2,0,62,0,10,-4,C♯/D♭ Major,4,7b7QqKepv8wY6VopSmQqX8,JPU902100478,1
43,Yumeiro Graffiti (From  Fairy Tail ),Silver Storm,168,2B,85,2024-11-18,03:35,13,anime,Guild Jams,2021-11-02,42,20,0,66,10,20,-7,F#/G♭ Major,4,49KIE4ZNDJGpnRIAuTpO1P,QZPJ32117702,1
44,Yumeiro Graffiti,PelleK,168,2B,87,2024-11-18,01:33,32,anime,All Fairy Tail Openings by PelleK,2016-09-13,51,0,44,88,0,10,-6,F#/G♭ Major,4,2uKDlqdulPXyvUMviY00qG,USE831592770,1
45,Writing on the Wall,Will Stetson,204,12A,51,2025-01-01,04:32,60,vocaloid,Writing on the Wall,2023-09-23,32,37,0,46,0,20,-9,C♯/D♭ Minor,3,5rxbkKhHOLYTRe066svNMI,QZTAZ2306840,1
46,I Want It That Way,Backstreet Boys,99,11A,69,2025-01-12,03:33,86,,Millennium,1999-05-18,69,26,0,48,0,10,-6,F#/G♭ Minor,4,47BBI51FKFwOMlIiX6m8ya,USJI19910614,5
47,Under the Tree,SiM,160,10A,89,2025-01-12,02:01,59,"anime, j-rock",Under the Tree,2023-03-04,27,0,0,64,0,20,-2,B Minor,4,7qKXSF8MilgyiL52oq1AA0,JPPC02310298,1
48,God's Plan,Drake,77,9B,45,2025-01-12,03:18,86,rap,Scorpion,2018-06-29,75,3,0,36,10,50,-9,G Major,4,6DCZcSspjsKoFjzjrWoCdn,USCM51800004,1
49,ALL OR NOTHING,NAYEON,180,3B,60,2025-01-12,03:04,47,k-pop,IM NAYEON,2022-06-24,57,14,0,92,30,0,-4,C♯/D♭ Major,3,6QLs06H0H54PPV90ZUVWRE,US5TA2200045,2
50,How u doin',TWICE,83,6A,75,2025-01-12,03:29,36,k-pop,&TWICE,2019-09-23,68,2,1,43,0,0,-4,G Minor,4,3SSsWyiigwW44UO14r1HzQ,JPWP01971169,1
51,Lazy Baby (Feat. pH-1),"TZUYU,pH-1",169,1B,76,2025-01-12,02:42,50,"k-pop, k-rap",abouTZU,2024-09-06,76,11,0,62,10,0,-4,B Major,4,7CYnDrufyGMIHCMGVZ3usQ,US5TA2400197,1
52,Cool Out,Imagine Dragons,144,12A,72,2025-01-12,03:37,55,,Origins (Deluxe),2018-11-09,64,0,0,44,0,20,-5,C♯/D♭ Minor,4,6LXMUR2rpxFBDo6nilS3yX,USUM71816160,1
53,Flowers,aespa,140,7A,74,2025-01-12,03:10,52,k-pop,Whiplash - The 5th Mini Album,2024-10-21,59,37,0,34,0,10,-5,D Minor,4,4u9cOL7R5OjAmlWkeEFXzf,KRA302400345,1
54,LIKE THAT,BABYMONSTER,102,10A,50,2025-01-12,02:48,74,k-pop,BABYMONS7ER,2024-04-01,87,32,0,76,10,0,-9,B Minor,4,7GDgpad2BQVuDUzaxHFakc,KRA402400017,1
55,Hold Up (Wait A Minute),Ava Max,118,1A,73,2025-01-12,02:28,45,,Diamonds & Dancefloors,2023-01-27,79,4,0,70,0,10,-3,G#/A♭ Minor,4,6fOMwREhKJy0VZXH7lLmn9,USAT22206820,1
56,Iwatodai Dorm -Reload-,"Lotus Juice,ATLUS Sound Team,ATLUS GAME MUSIC",180,10A,69,2025-01-12,02:30,56,"japanese vgm, soundtrack",Persona 3 Reload Original Soundtrack,2024-04-24,67,15,40,96,0,0,-8,B Minor,4,3uekHQtWNzxkcU6eNn16fv,JPK652300111,1
57,Angel,EXO-K,84,10A,81,2025-01-12,03:00,52,k-pop,Mama - The 1st Mini Album,2012-04-09,55,12,0,62,0,60,-5,B Minor,4,0vZtHRT1Ez9xmmxGRCNF8h,KRA341203122,1
58,TEST DRIVE,Joji,75,5A,65,2025-01-12,02:59,65,,BALLADS 1,2018-10-26,65,71,0,46,0,10,-9,C Minor,4,3u9RHP8IpKPZh7bKHw83Ci,ZZOPM1800561,2
59,Ain't About You - feat. Kiiara,"WONHO,Kiiara",110,6A,59,2025-01-12,03:24,43,"k-pop, ",Love Synonym #2 : Right for Us,2021-02-26,78,42,0,93,10,30,-8,G Minor,4,1hrFtyabFmFVelM1SRPOnm,KRMIM2104680,2
60,Last Dance,WJSN,98,12A,87,2025-01-12,03:16,31,k-pop,UNNATURAL,2021-03-31,69,6,0,57,0,30,-3,C♯/D♭ Minor,4,76FEyNQpjyI7zlXOvYb0lV,KRA382102148,1
61,NOT!,Stray Kids,170,9A,86,2025-01-12,01:22,47,"k-pop, noise music",I am NOT,2018-03-26,57,2,0,40,30,20,-7,E Minor,3,34MjyCKTNnDNFFXBaadEsy,US5TA1800030,1
62,A Pearl,Mitski,85,4B,64,2025-01-26,02:36,71,,Be the Cowboy,2018-08-17,30,5,2,22,0,10,-4,G#/A♭ Major,4,7fd3aMiuwHWKsTdZafjOfZ,USJ5G1815004,3
63,No Surprises,Radiohead,76,7B,39,2025-01-26,03:49,87,"art rock, alternative rock",OK Computer,1997-05-28,26,6,0,12,0,10,-11,F Major,4,10nyNJ6zNy2YVYLrcwLccB,GBAYE9700386,6
64,I Can't Handle Change,Roar,186,7B,44,2025-01-26,03:18,79,,I Can't Handle Change,2010-03-14,25,4,0,39,0,10,-8,F Major,3,37l31PrCNsg8baUjarNAi9,USHM81020595,7
65,Last Words of a Shooting Star,Mitski,130,10B,17,2025-01-26,02:44,65,,Bury Me At Makeout Creek,2014-11-11,39,47,0,10,0,10,-19,D Major,3,7gn3NdQez9Pwbqak4gspz5,USA2B1511611,2
66,"Would've, Could've, Should've",Taylor Swift,158,8B,85,2025-01-26,04:20,65,,Midnights (3am Edition),2022-10-22,49,39,0,55,10,10,-7,C Major,4,0aV5uARAknQgYhBaK944FP,USUG12207556,3
67,Somebody's Watching Me,Rockwell,124,12A,58,2025-01-26,04:53,63,,12  80s Classics,2010-06-28,80,12,0,87,0,0,-8,C♯/D♭ Minor,4,2gGdO0zLa9W8ce1Ig0BzFK,USMO18400484,6
68,Get Free,Lana Del Rey,204,6B,47,2025-01-26,05:34,68,,Lust For Life,2017-07-21,21,50,0,4,0,10,-10,A#/B♭ Major,4,761QvVHTibYjEi2r6A4g4Q,GBUM71702625,2
69,NDA,Billie Eilish,85,4B,37,2025-01-26,03:15,75,,Happier Than Ever,2021-07-30,77,34,53,55,0,10,-10,G#/A♭ Major,4,38GBNKZUhfBkk3oNlWzRYd,USUM72105935,5
70,Out Of The Woods,Taylor Swift,92,9B,84,2025-01-26,03:55,64,,1989 (Deluxe),2014-01-01,55,0,0,34,0,30,-7,G Major,4,0qUnBLZ8bJqUNEeQgayL9t,USCJY1431329,2
71,the 1,Taylor Swift,140,8B,36,2025-01-26,03:30,76,,folklore,2020-07-24,78,76,0,17,0,10,-7,C Major,4,0Jlcvv8IykzHaSmj49uNW8,USUG12002835,4
72,Jobless Monday,Mitski,100,7B,44,2025-01-26,02:06,62,,Bury Me At Makeout Creek,2014-11-11,43,0,1,20,0,10,-11,F Major,4,3ngZf8e29zHlW4gNMQb6IR,USA2B1511607,1
73,Two Slow Dancers,Mitski,83,8B,11,2025-01-26,03:59,59,,Be the Cowboy,2018-08-17,37,79,0,6,0,10,-13,C Major,4,0pM91oR6zMZcepPBklxO8Q,USJ5G1815014,1
74,Fireworks,Mitski,77,9B,31,2025-01-26,02:37,60,,Puberty 2,2016-06-17,33,0,0,16,0,10,-11,G Major,4,17o747C5ZZ3UnAg0zNBjOW,USJ5G1612304,2
75,The Only Exception,Paramore,138,12B,56,2025-01-26,04:27,83,"pop punk, emo",Brand New Eyes,2009-09-25,45,14,0,21,0,10,-7,E Major,3,7JIuqL4ZqkpfGKQhYlrirs,USAT20902323,4
76,Little Miss Perfect,"Write Out Loud,Taylor Louderman,Joriah Kwamé",82,2B,19,2025-01-26,03:18,59,"musicals, ",Write Out Loud 2019,2019-08-23,59,83,0,53,10,0,-13,F#/G♭ Major,4,2z1xTVeAvEIdniWEnoGeAH,QZ93L1960162,1
77,Once in a Lifetime,Talking Heads,117,10B,88,2025-01-26,04:19,65,"new wave, post-punk",Remain in Light,1980-10-08,65,6,16,80,0,30,-8,D Major,4,1Tr4K5MU5XYE44umXGDndd,USWB19900867,1
78,Question...?,Taylor Swift,109,9B,51,2025-01-26,03:30,64,,Midnights,2022-10-21,65,21,0,11,20,20,-9,G Major,4,0heeNYlwOGuUSe7TgUD27B,USUG12205713,1
79,Fitter Happier,Radiohead,124,11B,39,2025-01-26,01:57,57,"art rock, alternative rock",OK Computer,1997-05-28,43,81,0,74,20,10,-15,A Major,4,6wnmRxEbwUK7WLyUtiRuT7,GBAYE9701373,2
80,I Earn My Life,Lemon Demon,73,8B,82,2025-01-26,03:10,35,,Spirit Phone,2016-02-29,71,18,0,86,0,10,-7,C Major,4,4RI2XoSY5KiiDshVhA9Khe,TCACM1645314,3
81,Humpty,Mitski,142,9B,29,2025-01-26,03:21,54,,"Retired from Sad, New Career in Business",2013-08-01,37,87,0,25,0,0,-12,G Major,3,1F0BkspIdyq3N7EyZ94Bfa,USHM81309664,2
82,Top of My School,Katherine Lynn-Rose,209,12B,41,2025-01-26,02:37,59,,Top of My School,2021-02-19,46,71,0,29,0,10,-10,E Major,3,5OKyAO31eOeJV5qEx2lv4k,QZFZ72108704,2
83,Heat Lightning,Mitski,140,8B,27,2025-01-26,02:51,53,,Laurel Hell,2022-02-04,54,68,1,26,0,10,-14,C Major,4,01vuMD0IeeHeQTSUk0f7iK,USJ5G2125005,2
84,Hell Is Forever,"Alex Brightman,Hazbin Hotel,Sam Haft,Andrew Underberg,Erika Henningsen",138,8B,80,2025-01-26,02:20,68,musicals,Hazbin Hotel (Original Soundtrack),2024-02-02,70,21,0,94,0,50,-5,C Major,4,6Ux7hThoEVu7V0YmmZqunV,QMB622401802,2
85,you broke me first,Tate McRae,124,12B,38,2025-01-26,02:50,84,,TOO YOUNG TO BE SAD,2021-03-26,66,80,0,8,0,0,-9,E Major,4,4l0RmWt52FxpVxMNni6i63,USRC12000832,3
86,Yen,Slipknot,137,10B,93,2025-01-26,04:43,60,"nu metal, metal, alternative metal, rap metal, heavy metal","The End, So Far",2022-09-30,56,0,2,30,10,30,-4,D Major,4,5ih5d9WJSI7Hxz0KIPJPY2,NLA322200173,2
87,TEARS,JISOO,125,8B,79,2025-04-14,03:02,63,k-pop,AMORTAGE,2025-02-14,81,3,0,84,10,0,-4,C Major,4,08fvSPSKjoF4vmoEtcGain,USWB12500153,2
88,Take Me Back To LA,The Weeknd,208,1A,57,2025-04-14,04:13,66,,Hurry Up Tomorrow,2025-01-31,37,10,0,18,0,0,-8,G#/A♭ Minor,4,7rVmzyFA7f4rNGl9onF21E,USUG12501140,1
89,YESMAN - Original Ver.,NILFRUITS,149,10A,96,2025-04-14,04:09,19,vocaloid,LIVING DEAD,2020-07-16,63,1,0,62,10,20,-3,B Minor,4,6fXCcQaL3b4954ggR1SFBH,TCJPM2006304,1
90,Summer Rain,IRENE,79,12B,81,2025-04-14,03:31,50,k-pop,Like A Flower - The 1st Mini Album,2024-11-26,61,4,0,54,10,60,-5,E Major,4,4BcqpfIZa8eXNhu5ziEI7v,KRA302400443,1
91,Imu's Theme,Melodic Blaze,85,10B,69,2025-04-27,02:28,1,anime,Imu's Theme,2024-04-26,40,3,58,38,0,10,-10,D Major,4,1G8Pjtd8qFOqOFY2vUEJM0,QZK6K2478911,1
92,KEMURIKUSA,NANO,143,2A,97,2025-04-27,04:07,22,"j-rock, anime, j-pop",KEMURIKUSA,2019-02-06,53,0,0,60,10,10,-2,D#/E♭ Minor,4,5zRD9dRgPRRLg6LFUi7HVx,JPVI01821121,1
93,千本桜,KuroUsa(WhiteFlame),154,7A,94,2025-04-27,04:12,60,vocaloid,千本桜,2012-02-29,48,1,0,95,0,30,-3,D Minor,4,38mUTswfszVFQ952r89AP8,JPE561200583,1
94,Senbonzakura,WagakkiBand,153,8B,97,2025-04-27,04:30,40,"j-rock, j-pop, folk metal, vocaloid",Vocalo Zanmai,2014-04-23,58,1,0,64,0,10,-4,C Major,4,2G9Tsm7ztGlVAN0e6q5KbK,JPB601401708,1
95,When Memories Snow,Mitski,115,10B,33,2025-05-13,01:44,57,,The Land Is Inhospitable and So Are We,2023-09-15,19,13,0,30,0,10,-10,D Major,4,0QzJS1fQv5l0s1mqKTECRX,USJ5G2335006,2
96,Empathy,Crystal Castles,110,6A,90,2025-05-13,04:11,68,"witch house, electroclash, new rave, alternative dance",Crystal Castles (II),2010-01-01,51,12,52,33,0,40,-6,G Minor,4,2R3heksil8zmzSFUwYQIPC,GBUM71001708,3
97,It's Over Isn't It (feat. Deedee Magno Hall),"Steven Universe,Deedee Magno Hall",47,8B,20,2025-05-13,02:18,65,,"Steven Universe, Vol. 1 (Original Soundtrack)",2017-06-02,64,87,0,39,0,10,-12,C Major,4,2eqzI3kGqPk93vz8RkASfA,TCADA1768008,3
98,stranger,Olivia Rodrigo,186,8B,60,2025-05-13,03:12,75,,GUTS (spilled),2024-03-22,44,78,0,54,10,10,-5,C Major,4,2U3jOPfO4wZZFaaWS4Dcj6,USUG12305566,2
99,Affection,Cigarettes After Sex,90,9B,42,2025-05-13,05:11,68,dream pop,Affection,2015-10-05,41,50,91,28,0,10,-11,G Major,4,769vrAYHcuLwOV0at2hiOf,TCACJ1596829,4
100,Amsterdam,Imagine Dragons,115,11B,77,2025-05-13,04:01,56,,Night Visions,2012-09-04,52,1,0,21,0,10,-5,A Major,4,5gXdinVZqeuDIVxogWzRk0,USUM71208568,3
101,Forgotten,Linkin Park,108,1A,95,2025-05-13,03:14,70,"nu metal, rap metal, rock, alternative metal",Hybrid Theory (Bonus Edition),2000-10-24,62,1,0,50,10,30,-4,G#/A♭ Minor,4,7kxM3UJwN6rHAW5kwdlAHK,USWB10002408,1
102,Even tears withered,TUYU,102,3B,97,2025-05-13,04:09,45,"j-pop, j-rock, vocaloid",It's Raining After All,2020-02-19,61,35,0,85,0,0,-2,C♯/D♭ Major,4,1Jj5r9yLJ4tQEtLrCNOhd8,TCJPK2068822,2
103,Snow,Ricky Montgomery,150,4B,65,2025-05-13,04:36,54,,Montgomery Ricky,2016-04-01,59,32,0,41,0,10,-6,G#/A♭ Major,3,4WpvTgKsoU6efxHued4HBt,USA2P1624704,1
104,Working Man,Imagine Dragons,101,8B,86,2025-05-13,03:53,47,,Night Visions,2012-09-04,65,2,0,65,0,0,-6,C Major,4,3fipHLkzOLcHciI86QgOAB,USUM71208825,1
105,slow dive,wave to earth,69,1B,43,2025-05-13,04:33,44,,play with earth! 0.03 (extended),2024-10-11,65,44,0,44,0,30,-9,B Major,4,6IP5uRxuuoQL1JDIkfuGA2,KRA252402441,2
106,Passing Through (Can't the Future Just Wait),Kaden MacKay,86,11A,15,2025-05-24,03:13,64,,Passing Through (Can't the Future Just Wait),2021-12-11,54,91,0,67,10,20,-17,F#/G♭ Minor,4,2lXqwlG8za1sWKgHRwEiEC,TCAFN2151061,1
107,Inertia,AJR,176,3B,58,2025-05-24,03:40,61,,The Maybe Man,2023-11-10,43,3,0,65,0,30,-6,C♯/D♭ Major,3,2IA1ctUxjk865QW3CpIuZk,USUG12305407,2
108,Killer,Yugo Kanno,80,4B,6,2025-05-24,03:03,53,anime,JOJO'S BIZARRE ADVENTURE -Diamond is unbreakable O.S.T Vol.2 -Good Night Morioh Cho- Music by Yugo Kanno,2016-12-21,56,92,96,6,0,10,-20,G#/A♭ Major,4,21YiaS85ngOoYT773cMFlW,JPQ461600479,1
109,NIGHT & DAY,Mr Groove,76,12A,99,2025-05-24,05:11,40,,SUPEREUROBEATpresentsINITIALDDSELECTION3,1999-01-01,38,2,0,87,0,20,-5,C♯/D♭ Minor,4,1tYWuxQgXJqA4L4jACzjcK,ITA879700015,1
110,Compass,Mili,88,3B,58,2025-06-20,02:48,62,anime,Compass,2023-12-18,51,16,40,19,0,10,-11,C♯/D♭ Major,4,2Pg7QBO36ycIlNcK9aBJl0,TCJPY2344522,1
111,Kiss & Tell,ITZY,130,10B,87,2025-06-20,02:46,53,k-pop,Girls Will Be Girls,2025-06-09,76,5,0,55,10,20,-4,D Major,4,4VdEbMZUwvUqTK9ezuRwcc,US5TA2500092,1
112,Fortunate Change (JOSHUA Solo),SEVENTEEN,180,10B,59,2025-06-20,03:37,5,k-pop,SEVENTEEN 5th Album 'HAPPY BURSTDAY',2025-05-26,59,28,0,85,0,10,-4,D Major,4,38Q0fowu5nXnOS14brjEPR,USA2P2501608,1
113,Show Me Love,RIIZE,157,1B,79,2025-06-20,03:09,45,k-pop,ODYSSEY - The 1st Album,2025-05-19,53,0,0,52,0,10,-6,B Major,4,5CeLRBiMt8R6IC3Jtzym88,KRA302500157,1
114,Midnight Mirage,RIIZE,88,12A,64,2025-06-20,03:22,45,k-pop,ODYSSEY - The 1st Album,2025-05-19,72,7,0,42,0,10,-7,C♯/D♭ Minor,4,4FlDdYU4AHFi0G4CtCNQA1,KRA302500159,1
115,Born Fire,LE SSERAFIM,127,5A,80,2025-06-20,02:16,51,k-pop,HOT,2025-03-14,67,40,1,22,20,0,-6,C Minor,4,2FktPXK8yLMFyx6ZTQtRSm,USA2P2507988,1
116,Keeper,TWICE,134,12B,67,2025-06-20,02:35,52,k-pop,STRATEGY,2024-12-06,72,5,0,60,0,20,-5,E Major,4,3Jscz9ODgRCDQKyFtJPIyW,US5TA2400301,1
117,Wake Up,Alan Walker,105,11A,92,2025-06-20,02:53,47,,Neon Nights,2024-08-07,64,34,6,22,0,10,-5,F#/G♭ Minor,4,0FCZmbRuOkaNCW2x4Sttmo,CA6D22400321,1
118,Television,f5ve,127,4B,85,2025-06-20,02:17,41,j-pop,SEQUENCE 01,2025-05-05,84,0,6,77,0,0,-5,G#/A♭ Major,4,6i8UulJBnmsBGxeShGsFST,QM4TX2596294,1
119,Melt Down,DAY6,185,4A,95,2025-06-20,02:45,51,"k-rock, k-pop",Band Aid,2024-09-02,47,1,0,74,0,10,-3,F Minor,4,0T6J3Ipbe06lm7p3grH2bg,US5TA2400209,1
120,Beyond the Horizon,TWICE,100,3B,80,2025-06-20,03:32,45,k-pop,DIVE,2024-07-17,73,11,0,61,0,30,-5,C♯/D♭ Major,4,27f7ZEBoJIJ3HzOpzqmDqO,JPWP02470698,1
121,Butterflies,NAYEON,160,3B,86,2025-06-20,03:41,54,k-pop,,2024-06-14,70,32,0,85,10,0,-3,C♯/D♭ Major,4,07W0lOkOUhVhdJQ9wVepWr,US5TA2400100,1
122,Love Fool,EXO,165,12A,87,2025-06-20,03:22,47,k-pop,EXIST – The 7th Album,2023-07-10,64,4,0,69,0,0,-1,C♯/D♭ Minor,4,6xiWbjsJD3pBKdM8tH46qH,KRA302300250,2
123,Infinity Repeating (2013 Demo) [feat. Julian Casablancas+The Voidz],"Daft Punk,Julian Casablancas,The Voidz",110,3B,64,2025-06-20,03:59,50,"french house, electronic, electro, ",Infinity Repeating (2013 Demo) [feat. Julian Casablancas+The Voidz],2023-05-11,64,11,64,19,0,60,-11,C♯/D♭ Major,4,6rMuHJjLnEQpBuc0TSkeFv,GBDUW2300030,1
124,You Give Love A Bad Name,Bon Jovi,123,5A,96,2025-09-15,03:42,78,glam metal,Slippery When Wet,1986-08-16,54,7,0,81,0,30,-3,C Minor,4,0rmGAIH9LNJewFw7nKzZnc,USPR39402224,4
125,Virtual Insanity - Remastered 2006,Jamiroquai,92,2B,95,2026-03-10,03:49,79,acid jazz,Driving Songs,2005-01-01,66,13,0,52,10,10,-5,F#/G♭ Major,4,4UQDZlZhGUDoYMohwrY28v,GBARL0601475,1
126,Virtual Insanity - Remastered 2013,Jamiroquai,92,2B,89,2026-03-10,05:40,64,acid jazz,Travelling Without Moving (Remastered),1996-09-09,62,17,0,52,10,20,-6,F#/G♭ Major,4,2Bxt2qamL6iu0XN0Td484J,GBARL1201220,1
127,Virtual Insanity,Jamiroquai,92,2B,91,2026-03-10,03:47,66,acid jazz,Pop Music: The Modern Era 1976-1999,1999-10-11,63,6,0,63,0,10,-7,F#/G♭ Major,4,24SUWisv2lYQiB3bVpE1sn,GBBBL9600119,2
1,I Can't Handle Change,Roar,186,7B,44,2022-06-07,03:18,3,,I Can't Handle Change,2010-03-14,25,4,0,39,0,10,-8,F Major,3,0I1eFRytp4XRhLCjT6tZm7,USHM81020595,7
2,No Surprises,Radiohead,76,7B,39,2022-06-07,03:49,87,"art rock, alternative rock",OK Computer,1997-05-28,26,6,0,12,0,10,-11,F Major,4,10nyNJ6zNy2YVYLrcwLccB,GBAYE9700386,6
3,Last Words of a Shooting Star,Mitski,130,10B,17,2022-06-07,02:44,65,,Bury Me At Makeout Creek,2014-11-11,39,47,0,10,0,10,-19,D Major,3,7gn3NdQez9Pwbqak4gspz5,USA2B1511611,2
4,Somebody's Watching Me,Rockwell,124,12A,58,2022-06-07,04:53,63,,12  80s Classics,2010-06-28,80,12,0,87,0,0,-8,C♯/D♭ Minor,4,2gGdO0zLa9W8ce1Ig0BzFK,USMO18400484,6
5,Little Miss Perfect,"Write Out Loud,Joriah Kwamé,Taylor Louderman",81,2B,19,2022-06-07,03:18,0,musicals,Write out Loud,2019-09-09,60,83,0,53,10,0,-13,F#/G♭ Major,4,2nsU500CyT77T4YB02TwyL,QZ93L1960162,1
6,The Only Exception,Paramore,138,12B,56,2022-06-07,04:27,70,"pop punk, emo",Brand New Eyes,2009-09-25,45,14,0,21,0,10,-7,E Major,3,3ZHfX6kbiY7JVsB63lLOLu,USAT20902323,4
7,the 1,Taylor Swift,140,8B,36,2022-06-07,03:30,76,,folklore,2020-07-24,78,76,0,17,0,10,-7,C Major,4,0Jlcvv8IykzHaSmj49uNW8,USUG12002835,4
8,Humpty,Mitski,141,9B,29,2022-06-07,03:21,0,,"Retired from Sad, New Career in Business",2013-08-01,34,87,0,24,0,0,-12,G Major,3,4is2lDOSQPmYzvxY33dX40,ushm81309664,2
9,Out Of The Woods,Taylor Swift,92,9B,84,2022-06-07,03:55,64,,1989 (Deluxe),2014-01-01,55,0,0,34,0,30,-7,G Major,4,0qUnBLZ8bJqUNEeQgayL9t,USCJY1431329,2
10,Fireworks,Mitski,77,9B,31,2022-06-07,02:37,60,,Puberty 2,2016-06-17,33,0,0,16,0,10,-11,G Major,4,17o747C5ZZ3UnAg0zNBjOW,USJ5G1612304,2
11,NDA,Billie Eilish,85,4B,37,2022-06-07,03:15,75,,Happier Than Ever,2021-07-30,77,34,53,55,0,10,-10,G#/A♭ Major,4,38GBNKZUhfBkk3oNlWzRYd,USUM72105935,5
12,Top of My School,Katherine Lynn-Rose,209,12B,41,2022-06-07,02:37,59,,Top of My School,2021-02-19,46,71,0,29,0,10,-10,E Major,3,5OKyAO31eOeJV5qEx2lv4k,QZFZ72108704,2
13,Heat Lightning,Mitski,140,8B,27,2022-06-07,02:51,53,,Laurel Hell,2022-02-04,54,68,1,26,0,10,-14,C Major,4,01vuMD0IeeHeQTSUk0f7iK,USJ5G2125005,2
14,I Earn My Life,Lemon Demon,73,8B,82,2022-06-07,03:10,35,,Spirit Phone,2016-02-29,71,18,0,86,0,10,-7,C Major,4,4RI2XoSY5KiiDshVhA9Khe,TCACM1645314,3
15,Get Free,Lana Del Rey,204,6B,47,2022-06-07,05:34,68,,Lust For Life,2017-07-21,21,50,0,4,0,10,-10,A#/B♭ Major,4,761QvVHTibYjEi2r6A4g4Q,GBUM71702625,2
16,Memories,Conan Gray,113,1B,68,2022-06-07,04:08,61,,Memories,2022-04-15,34,1,0,56,0,30,-6,B Major,4,7AYP21Q4qnxw2WxETEvSRb,USUM72204111,4
17,"Because Dreaming Costs Money, My Dear",Mitski,80,3B,17,2022-06-07,03:05,0,,"Retired from Sad, New Career in Business",2013-08-01,36,98,1,20,0,10,-14,C♯/D♭ Major,4,2DWf9b143xSKlm7ZWn4nVP,ushm81309663,1
18,Living Dead,MARINA,124,9B,90,2022-06-07,04:04,47,,Electra Heart (Deluxe),2012-04-27,65,0,0,40,0,0,-3,G Major,4,4TSmV8D9i5uTXZzqoD5eSu,GBFFS1200015,2
19,A Hard Day's Night - Remastered 2009,The Beatles,139,8B,81,2022-06-07,02:34,70,"classic rock, psychedelic rock",A Hard Day's Night (Remastered),1964-07-10,59,14,0,80,0,10,-6,C Major,4,5J2CHimS7dWYMImCHkEFaJ,GBAYE0601438,1
20,You Give Love A Bad Name,Bon Jovi,123,5A,96,2022-06-07,03:42,78,glam metal,Slippery When Wet,1986-08-16,54,7,0,81,0,30,-3,C Minor,4,0rmGAIH9LNJewFw7nKzZnc,USPR39402224,4
21,I Want It That Way,Backstreet Boys,99,11A,69,2022-06-07,03:33,86,,Millennium,1999-05-18,69,26,0,48,0,10,-6,F#/G♭ Minor,4,47BBI51FKFwOMlIiX6m8ya,USJI19910614,5
22,Fitter Happier,Radiohead,124,11B,39,2022-06-07,01:57,57,"art rock, alternative rock",OK Computer,1997-05-28,43,81,0,74,20,10,-15,A Major,4,6wnmRxEbwUK7WLyUtiRuT7,GBAYE9701373,2
23,Better Man (Taylor's Version) (From The Vault),Taylor Swift,74,12B,58,2022-06-07,04:57,71,,Red (Taylor's Version),2021-11-12,47,21,0,26,0,0,-6,E Major,4,4OmFmE0fzcMG6g0Y8p4eSD,USUG12103682,1
24,UNNATURAL,WJSN,124,2B,91,2022-06-07,03:01,49,k-pop,UNNATURAL,2021-03-31,70,37,0,71,10,10,-1,F#/G♭ Major,4,1eykKBqxHgasGHwjOQIvbt,KRA382102147,1
25,Whatsername,Green Day,120,10B,55,2022-06-07,04:17,65,"punk, pop punk",American Idiot,2004-09-21,81,0,0,80,0,0,-6,D Major,4,6CVWD0WRqwbR4HsiKHk1j3,USRE10400994,1
26,Amsterdam,Imagine Dragons,115,11B,77,2022-06-07,04:01,56,,Night Visions,2012-09-04,52,1,0,21,0,10,-5,A Major,4,5gXdinVZqeuDIVxogWzRk0,USUM71208568,3
27,Don't Go Outside,Poppy,123,11A,62,2022-06-07,06:06,0,,I Disagree,2020-01-09,29,43,0,5,0,10,-6,F#/G♭ Minor,4,2HIgWeaPy8M0ehdFs5rBnV,USYFZ1924110,1
28,It's Over Isn't It (feat. Deedee Magno Hall),"Steven Universe,Deedee Magno Hall",47,8B,20,2022-06-07,02:18,65,,"Steven Universe, Vol. 1 (Original Soundtrack)",2017-06-02,64,87,0,39,0,10,-12,C Major,4,2eqzI3kGqPk93vz8RkASfA,TCADA1768008,3
29,Still Sane,Lorde,130,8B,36,2022-06-07,03:08,56,,Pure Heroine,2013-09-27,36,66,1,9,0,0,-12,C Major,3,5TRZnGsX49uCZkXxIbD7Ru,NZUM71300126,1
30,Affection,Cigarettes After Sex,90,9B,41,2022-06-07,05:11,0,dream pop,Affection,2015-01-01,41,50,91,28,0,10,-11,G Major,4,1lusH0zFDRV1ThaFYsUgfi,TCACJ1596829,4
31,Video Killed The Radio Star,The Buggles,131,3B,68,2022-06-07,04:12,74,,The Age Of Plastic,1980-01-10,68,10,1,25,0,20,-12,C♯/D♭ Major,4,7o7E1nrHWncYY7PY94gCiX,GBAAN7900013,2
32,I Found,Amber Run,125,6A,30,2022-06-07,04:33,74,,5AM (Expanded Edition),2015-04-20,57,86,1,25,0,10,-12,G Minor,4,5zT5cMnMKoyruPj13TQXGx,GBARL1400303,1
33,Even tears withered,TUYU,102,3B,97,2022-06-07,04:09,45,"j-pop, j-rock, vocaloid",It's Raining After All,2020-02-19,61,35,0,85,0,0,-2,C♯/D♭ Major,4,1Jj5r9yLJ4tQEtLrCNOhd8,TCJPK2068822,2
34,changes,XXXTENTACION,65,1B,31,2022-06-07,02:01,75,emo rap,?,2018-03-16,67,88,0,52,0,10,-10,B Major,4,7AFASza1mXqntmGtbxXprO,USUG11800211,2
35,Charlie's Inferno,That Handsome Devil,146,8A,90,2022-06-07,03:44,0,,"The Heart Goes to Heaven, the Head Goes to Hell",2011-08-09,73,34,0,97,0,20,-5,A Minor,4,1ONC00cKNdFgKiATMtcxEc,TCAAZ1184323,1
36,All The Things She Said,Poppy,90,3B,83,2022-06-07,03:41,0,,All The Things She Said,2020-06-03,56,0,0,51,0,10,-5,C♯/D♭ Major,4,0je6JQMhrkDF8aPSHcQ1r2,USYFZ2035201,1
37,"The Aeroplane Flies High (Turns Left, Looks Right)",The Smashing Pumpkins,92,3B,59,2022-06-07,08:32,34,"alternative rock, rock",Mellon Collie And The Infinite Sadness (Deluxe Edition),1995-00-00,26,0,74,11,0,10,-7,C♯/D♭ Major,4,6YY8r6D5kiQ4baGEkz0M2G,USVI21200941,1
38,Cat's in the Cradle,Harry Chapin,78,6B,58,2022-06-07,03:42,70,singer-songwriter,Verities & Balderdash,1974-00-00,49,23,0,51,0,10,-10,A#/B♭ Major,4,2obblQ6tcePeOEVJV6nEGD,USEE10180356,2
39,Going Crazy,EXO,150,6A,78,2022-06-07,03:46,47,k-pop,THE WAR - The 4th Album,2017-07-18,59,13,0,71,0,10,-5,G Minor,4,64EJgeHPkqJThnr7RDppo3,KRA301700311,4
40,For What It's Worth,Buffalo Springfield,99,10B,52,2022-06-07,02:33,81,"folk rock, country rock",Buffalo Springfield,1966-12-05,65,41,2,82,0,10,-10,D Major,4,1qRA5BS78u3gME0loMl9AA,USEE10170607,1
41,Pinwheel,SEVENTEEN,174,1B,68,2022-06-07,03:39,55,k-pop,"SEVENTEEN 2ND ALBUM 'TEEN, AGE' (2)",2017-11-06,46,11,0,37,0,10,-5,B Major,4,2NvrIHgujKttUQyx2uUMY9,KRA381702573,1
42,Spiral of Ants,Lemon Demon,178,6B,56,2022-06-07,06:00,37,,Spirit Phone,2016-02-29,49,0,3,32,0,10,-8,A#/B♭ Major,4,77hzctaLvLRLAh71LwNPE3,TCACM1645319,1
43,Every Day Is Exactly The Same,Nine Inch Nails,144,8B,94,2022-06-07,04:54,59,"industrial rock, industrial, industrial metal, alternative metal, nu metal",With Teeth (Bonus Tracks),2005-05-03,61,2,7,41,0,10,-6,C Major,4,11sSvwrDX5BBUhbBZRKUxy,USIR10500485,1
44,"Hey, That's No Way to Say Goodbye",Leonard Cohen,139,6B,25,2022-06-07,02:56,0,singer-songwriter,Songs Of Leonard Cohen,1967-12-27,44,89,0,28,0,10,-13,A#/B♭ Major,4,0wiwCdb8sWzz9ETztz8taE,USSM10013407,1
45,I Threw It All Away,Bob Dylan,146,8B,19,2022-06-07,02:26,47,"folk rock, folk, singer-songwriter, roots rock",Nashville Skyline,1969-04-09,48,60,1,37,0,20,-20,C Major,4,2HXnjMxrO4QccqE3Grwmd0,USSM16900825,1
46,Misery - Remastered 2009,The Beatles,133,8B,61,2022-06-07,01:48,54,"classic rock, psychedelic rock",Please Please Me (Remastered),1963-03-22,59,71,0,88,0,30,-11,C Major,4,40qXGg5nRbcWzcFb26KWkQ,GBAYE0601411,1
47,No More,Dreamcatcher,95,3A,96,2022-06-07,03:15,31,"k-rock, k-pop",No More,2020-11-20,47,0,0,32,10,20,-4,A#/B♭ Minor,4,2hlLKf7meSIz1q7N303Gz8,JPPC02001434,2
48,No One,Alicia Keys,90,12A,55,2022-06-07,04:13,73,"r&b, neo soul",As I Am (Expanded Edition),2007-11-09,64,2,0,17,0,10,-5,C♯/D♭ Minor,4,6IwKcFdiRQZOWeYNhUiWIv,USJAY0700190,1
49,Over the Influence,The Neighbourhood,189,9B,49,2022-10-20,03:40,58,,Chip Chrome & The Mono-Tones (Deluxe),2020-12-11,33,15,8,16,0,0,-8,G Major,3,5VoBizwMwcd2D68EfqxDbO,USSM12006845,1
50,The Zone,"The Weeknd,Drake",140,2A,52,2022-10-20,06:58,56,rap,Trilogy,2012-11-13,44,26,0,25,10,10,-8,D#/E♭ Minor,4,46X8c9qJzpBLYcos3OX0CE,USUM71212052,3
1,Why'd You Only Call Me When You're High?,Arctic Monkeys,92,10B,63,2024-02-28,02:41,87,"indie, garage rock",AM,2013-09-09,69,5,0,80,0,10,-6,D Major,4,086myS9r57YsLbJpU0TgK9,GBCEL1300370,3
2,Do I Wanna Know?,Arctic Monkeys,85,7B,53,2024-02-28,04:32,89,"indie, garage rock",AM,2013-09-09,55,19,0,41,0,20,-8,F Major,4,5FVd6KXrgO9B3JPmC8OPst,GBCEL1300362,2
3,R U Mine?,Arctic Monkeys,97,11A,76,2024-02-28,03:21,83,"indie, garage rock",AM,2013-09-09,29,1,0,62,0,30,-6,F#/G♭ Minor,4,2AT8iROs4FQueDv2c8q2KE,GBCEL1300363,1
4,Snap Out Of It,Arctic Monkeys,130,4A,64,2024-02-28,03:13,81,"indie, garage rock",AM,2013-09-09,73,25,0,87,0,10,-6,F Minor,4,0NdTUS4UiNYCNn5FgVqKQY,GBCEL1300371,2
5,Cassie,Chase Atlantic,108,7B,73,2024-02-28,03:30,60,,Chase Atlantic,2017-10-04,62,17,0,28,0,10,-6,F Major,4,7J1dIWmxJoC0hhGFiFWy0s,USWB11700399,1
6,Unforgettable,"French Montana,Swae Lee",98,2B,77,2024-02-28,03:53,89,,Jungle Rules,2017-07-14,73,3,1,73,10,10,-5,F#/G♭ Major,4,3B54sVLJ402zGa6Xm4YGNe,USSM11703478,1
7,HER,Chase Atlantic,140,4A,59,2024-02-28,02:49,0,,PHASES,2019-06-28,71,11,0,69,0,10,-5,F Minor,4,5i7g9wTIruXgWKvA83BXlk,QMRSZ1900587,2
8,K.,Cigarettes After Sex,94,5B,40,2024-02-28,05:20,7,dream pop,Cigarettes After Sex,2017-06-09,45,14,84,32,0,10,-10,D#/E♭ Major,4,1FWsomP9StpCcXNWmJk8Cl,USBQU1600214,3
9,Uncomfortable,Chase Atlantic,97,12A,65,2024-02-28,05:40,60,,Chase Atlantic,2017-10-04,46,5,0,18,0,10,-8,C♯/D♭ Minor,4,73URX96PE74KPnE9ogX2ib,USWB11701715,1
10,"One Of The Girls (with JENNIE, Lily Rose Depp)","The Weeknd,JENNIE,Lily-Rose Depp",85,4B,64,2024-02-28,04:04,92,"k-pop, ",The Idol Episode 4 (Music from the HBO Original Series),2023-06-23,26,4,0,19,0,10,-6,G#/A♭ Major,4,7CyPwkp0oE8Ro9Dd5CUDjW,USUG12303881,1
11,Fluorescent Adolescent,Arctic Monkeys,112,12A,83,2024-02-28,03:03,79,"indie, garage rock",Favourite Worst Nightmare,2007-04-22,65,0,0,79,0,10,-5,C♯/D♭ Minor,4,2x8evxqUlF0eRabbW2JBJd,GBCEL0700067,1
12,Heavenly,Cigarettes After Sex,105,4B,44,2024-02-28,04:46,55,dream pop,Cry,2019-10-25,54,67,70,13,0,10,-9,G#/A♭ Major,4,70YTBH8vOGJNMhy6186yFm,USBQU1900118,3
13,Consume (feat. Goon Des Garcons),"Chase Atlantic,GOON DES GARCONS*",146,8A,71,2024-02-28,04:27,78,,Chase Atlantic,2017-10-04,56,7,0,43,10,20,-5,A Minor,4,0X2bh8NVQ8svDQIn2AdCbW,USWB11701710,1
14,Swim,Chase Atlantic,120,4B,54,2024-02-28,03:48,86,,Chase Atlantic,2017-10-04,67,27,0,8,0,0,-6,G#/A♭ Major,4,3M0lSi5WW79CXQamgSBIjx,USWB11701711,1
15,Friends,Chase Atlantic,107,10A,61,2024-02-28,03:50,3,,Nostalgia,2015-02-21,42,1,0,9,0,10,-6,B Minor,3,2jQiSYrwJehQAcuaaQrXnS,GBLFP1508173,1
16,Sweet,Cigarettes After Sex,96,2B,51,2024-02-28,04:52,6,dream pop,Cigarettes After Sex,2017-06-09,45,35,76,12,0,10,-9,F#/G♭ Major,4,6ilc4vQcwMPlvAHFfsTGng,USBQU1700036,3
17,505,Arctic Monkeys,140,8B,87,2024-02-28,04:13,88,"indie, garage rock",Favourite Worst Nightmare,2007-04-22,53,0,0,25,0,0,-6,C Major,4,0BxE4FqsDD1Ot4YuBXwAPp,GBCEL0700074,3
18,ANGELS,Chase Atlantic,116,7B,71,2024-02-28,04:18,0,,PHASES,2019-06-28,61,6,0,36,0,10,-6,F Major,4,1uCMyqf4cgJ3LIu01SgXb5,QMRSZ1900600,1
19,HEAVEN AND BACK,Chase Atlantic,194,3A,79,2024-02-28,04:08,1,,PHASES,2019-06-28,31,9,9,53,0,0,-6,A#/B♭ Minor,4,5dewQ7ojISR32NAYNHFYWC,QMRSZ1900604,2
20,LIKE A ROCKSTAR,Chase Atlantic,82,1A,61,2024-02-28,03:28,0,,DON'T TRY THIS,2019-01-25,58,33,0,46,0,10,-6,G#/A♭ Minor,4,1e5Zf1EU0TAitK207VOUY7,QMRSZ1802680,1
21,About You,The 1975,96,10B,76,2024-02-28,05:26,27,,Being Funny In A Foreign Language,2022-10-14,42,31,80,46,0,0,-7,D Major,4,1fDFHXcykq4iw8Gg7s5hG9,GBK3W2202321,3
22,Daddy Issues,The Neighbourhood,85,6B,52,2024-03-03,04:20,86,,Wiped Out!,2015-10-30,59,7,15,34,0,10,-9,A#/B♭ Major,4,5E30LdtzQTGqRvNd7l6kG5,USSM11506747,2
23,Trust Issues,Drake,89,10A,54,2024-03-03,04:41,81,rap,Care Package,2019-08-02,42,78,0,52,20,10,-5,B Minor,3,4Wjhj0WjkyECccfHVIgaTq,USUG11902746,1
24,Eyes Blue Like The Atlantic,"Sista Prod,Subvrbs",76,8A,28,2024-03-03,02:34,0,,Eyes Blue Like The Atlantic,2019-04-25,74,65,0,48,90,20,-17,A Minor,4,2RrZbxdl9nuFMCrO71tXTG,QZ22B2037047,1
25,Chosen (feat. Ty Dolla $ign),"Blxst,Tyga,Ty Dolla $ign",93,10B,77,2024-03-03,02:41,69,trap soul,No Love Lost (Deluxe),2020-12-04,57,34,0,61,20,0,-5,D Major,4,1dIWPXMX4kRHj6Dt2DStUQ,USP6L2000552,1
26,Apocalypse,Cigarettes After Sex,94,7B,47,2024-03-03,04:50,11,dream pop,Cigarettes After Sex,2017-06-09,37,2,57,18,0,10,-9,F Major,4,0yc6Gst2xkRu0eMLeRMGCX,USBQU1700034,3
27,Shinunoga E-Wa,Fujii Kaze,158,11A,76,2024-03-03,03:05,78,j-pop,HELP EVER HURT NEVER,2020-05-20,60,17,0,52,0,10,-6,F#/G♭ Minor,4,0o9zmvc5f3EFApU52PPIyW,JPPO02000610,1
28,I'm Sorry,Swell,135,11A,65,2024-03-03,02:37,53,,Theres Still Us,2016-01-19,94,8,0,80,10,0,-7,F#/G♭ Minor,4,1XWLdjLUzNDxW7ggw8uQnM,QM42K1600449,1
29,Cold,"Maroon 5,Future",100,8A,73,2024-03-03,03:54,47,"pop, rap",Throwback Hits,2020-12-18,70,13,0,43,10,0,-6,A Minor,4,3f4Ziw5igwW2CHJba3vE42,USUM71616357,1
30,I'm Only a Fool for You,"Glassinok,Dybbukk",71,4B,32,2024-03-03,01:01,2,,I'm Only a Fool for You,2021-08-07,63,3,54,37,0,40,-8,G#/A♭ Major,4,4qr8ZMJd9HIOf46FzEQT2U,QZK6H2179260,1
31,Him & I (with Halsey),"G-Eazy,Halsey",88,10B,73,2024-03-03,04:28,82,,The Beautiful & Damned,2017-12-15,59,5,0,19,0,30,-6,D Major,4,5k38wzpLb15YgncyWdTZE4,USRC11701867,1
32,20 Min,Lil Uzi Vert,123,1A,75,2024-03-03,03:40,86,"melodic rap, rage rap",Luv Is Rage 2 (Deluxe),2017-11-17,77,11,0,78,10,10,-4,G#/A♭ Minor,4,0uxSUdBrJy9Un0EYoBowng,USAT21704166,1
33,Moonlight,Chase Atlantic,135,1B,59,2024-03-03,04:12,0,,Paradise EP,2016-12-20,44,0,0,13,0,10,-6,B Major,4,1rWzYSHyZ5BiI4DnDRCwy7,AUBEC1933729,1
34,To the Bone,Pamungkas,140,6A,73,2024-03-03,05:44,5,"indonesian indie, indonesian pop",Flying Solo,2019-06-14,67,51,0,94,0,10,-7,G Minor,4,3pCt2wRdBDa2kCisIdHWgF,FR2X41995983,1
35,Into It,Chase Atlantic,130,3A,57,2024-03-03,03:16,83,,Chase Atlantic,2017-10-04,52,5,0,29,0,10,-7,A#/B♭ Minor,4,4HwDCXsMBC7SUdp2WT4MZP,USWB11602565,1
36,End of Beginning,Djo,160,10B,45,2024-03-11,02:39,97,,DECIDE,2022-09-16,69,4,0,91,0,0,-8,D Major,4,3qhlB30KknSejmIvZZLjOD,GBKPL2205058,2
37,No Guidance - Slowed,Khlaw,74,11B,68,2024-03-11,05:29,0,,Unforgettable - Slowed,2019-02-12,61,47,0,33,10,20,-8,A Major,4,4dYJvpAwxPJjSzADnkigS6,QZQAY2119929,1
38,Champagne & Sunshine,"PLVTINUM,Tarro",110,4A,52,2024-03-11,03:16,72,"dark r&b, ",Champagne & Sunshine,2016-11-18,61,6,0,27,0,0,-10,F Minor,4,77U6kcldLRFl9vCfaw11Sr,TCACT1660884,1
39,I Love You So,The Walters,76,6B,65,2024-03-30,02:40,87,,I Love You So,2014-11-28,57,58,0,47,0,10,-5,A#/B♭ Major,4,4SqWKzw0CbA05TGszDgMlc,TCACC1438995,3
40,Is There Someone Else?,The Weeknd,135,8A,59,2024-03-30,03:19,81,,Dawn FM,2022-01-06,70,4,0,61,0,10,-8,A Minor,4,0mL82sxCRjrs3br407IdJh,USUG12106692,1
41,Who? (feat. Shiloh Dynasty),"TSUKI,Shiloh Dynasty",110,9B,75,2024-03-30,02:37,0,"lo-fi, ",Who? (feat. Shiloh Dynasty),2016-04-02,84,45,1,29,10,20,-7,G Major,4,12PPtN6iHLnPVKuVzxfWSM,TCADF1726594,1
42,Burn,Ellie Goulding,87,3A,76,2024-03-30,03:51,79,,Halcyon Nights,2012-10-12,31,30,0,34,0,10,-5,A#/B♭ Minor,4,5lF0pHbsJ0QqyIrLweHJPW,GBUM71303482,1
43,See You Again (feat. Charlie Puth),"Wiz Khalifa,Charlie Puth",80,6B,48,2024-03-30,03:49,85,soft pop,See You Again (feat. Charlie Puth),2015-00-00,69,37,0,28,0,0,-8,A#/B♭ Major,4,2JzZzZUQj3Qff7wapcbKjc,USAT21703595,1
44,Overdose,natori,118,9A,60,2024-03-30,03:17,67,"j-pop, anime",Overdose,2022-09-07,73,3,0,83,0,20,-9,E Minor,4,2Dzzhb1oV5ckgOjWZLraIB,JPU902203154,1
45,Love Yourself,Justin Bieber,100,12B,38,2024-03-30,03:53,92,,Purpose (Deluxe),2015-11-13,61,84,0,52,40,20,-10,E Major,4,50kpGaPAhYJ3sGmk6vplg0,USUM71516761,1
46,Lady Killers II,G-Eazy,136,6A,57,2024-07-15,04:57,4,,Lady Killers II,2024-03-17,67,3,1,50,0,10,-10,G Minor,4,1xUddpWyEuYl5T3mduKnOJ,TCAIA2495220,1
47,Under The Influence,Chris Brown,117,8A,56,2024-07-19,03:04,84,r&b,Indigo (Extended),2019-10-04,76,2,0,37,0,10,-9,A Minor,4,5IgjP7X4th6nMNDh4akUHb,USRC11902743,1
48,Paradise,Chase Atlantic,104,8B,80,2024-07-24,04:16,68,,Paradise - EP,2016-12-20,48,2,0,30,0,20,-5,C Major,4,6xRiL9BVkWfZryQJmdHTmv,AUBEC1933727,1
49,Sorry,Justin Bieber,100,5A,76,2024-07-27,03:20,92,,Purpose (Deluxe),2015-11-13,66,8,0,41,0,30,-4,C Minor,4,09CtPGIpYB4BrO8qb1RGsF,USUM71516760,1
50,The Night We Met,Lord Huron,174,11B,37,2024-07-27,03:28,57,,Strange Trails,2015-04-06,45,97,27,10,0,60,-10,A Major,3,3hRV0jL3vUpRrcy398teAU,US53Q1200103,1
51,OTW,"Khalid,6LACK,Ty Dolla $ign",73,10B,68,2024-11-23,04:23,72,trap soul,OTW,2018-04-20,65,18,0,28,0,10,-6,D Major,4,6Hgh47WXVKtXN5zGOu0hjI,USRC11801716,1
52,Love Lies,"Khalid,Normani",144,2B,65,2024-12-06,03:21,76,,Love Lies,2018-02-14,71,10,0,34,0,10,-6,F#/G♭ Major,4,45Egmo7icyopuzJN0oMEdk,USRC11703646,1
53,All Girls Are The Same,Juice WRLD,162,8B,53,2024-12-08,02:45,83,"melodic rap, emo rap",Goodbye & Good Riddance,2018-12-10,67,8,0,20,30,0,-7,C Major,4,4VXIryQMWpIdGgYR4TrjT1,USUG11800651,1
54,Better,Khalid,98,5A,55,2024-12-09,03:49,72,,Suncity,2018-10-18,60,8,33,11,10,10,-10,C Minor,4,6zeeWid2sgw4lap2jV61PZ,USRC11803180,2
55,"Sex, Drugs, Etc.",Beach Weather,144,9A,84,2024-12-25,03:16,83,,Pineapple Sunrise,2023-03-03,57,1,1,47,0,50,-5,E Minor,4,7MlDNspYwfqnHxORufupwq,TCACS1642138,2
56,You Get Me So High,The Neighbourhood,88,6A,88,2024-12-25,02:33,82,,Hard To Imagine The Neighbourhood Ever Changing,2018-11-02,55,19,8,39,0,10,-6,G Minor,4,7zwn1eykZtZ5LODrf7c0tS,USSM11707131,2
57,Die For You,The Weeknd,134,12A,53,2024-12-25,04:20,86,,Starboy,2016-11-24,59,11,0,51,0,10,-7,C♯/D♭ Minor,4,2LBqCSwhJGcFQeTHMVGwy3,USUG11600995,1
58,Slow Down,Chase Atlantic,130,6B,78,2024-12-25,03:32,80,,Paradise - EP,2016-12-20,47,2,0,26,0,20,-5,A#/B♭ Major,4,2VyaGJJI8dOiv36F8vHZIL,AUBEC1933728,1
59,I Was Never There,"The Weeknd,Gesaffelstein",113,6B,74,2024-12-25,04:01,83,,"My Dear Melancholy,",2018-03-30,32,14,0,16,0,10,-4,A#/B♭ Major,4,1cKHdTo9u0ZymJdPGSh6nq,USUG11800570,2
60,Reminder,The Weeknd,160,4B,51,2024-12-25,03:38,83,,Starboy,2016-11-25,71,14,0,39,10,10,-7,G#/A♭ Major,4,37F0uwRSrdzkBiuj0D5UHI,USUG11600998,1
61,Tumblr Girls (feat. Christoph Andersson),"G-Eazy,Christoph Andersson",122,4B,37,2024-12-30,04:15,80,"nu disco, french house",These Things Happen,2014-06-23,49,10,0,35,20,10,-10,G#/A♭ Major,4,4Fv6wNYUixnYkj3Dgfrls8,USRC11400750,1
62,Sweater Weather,The Neighbourhood,124,6B,81,2024-12-30,04:00,93,,I Love You.,2013-04-22,61,5,2,40,0,10,-3,A#/B♭ Major,4,2QjOHCTQ1Jl3zawyYOpxh6,USSM11300080,1
63,HER,Chase Atlantic,140,4A,60,2024-12-30,02:49,66,,PHASES,2019-06-28,71,11,0,67,0,10,-5,F Minor,4,28jyMOvRd82hQp95Z9ftXw,QMRSZ1900587,2
64,No. 1 Party Anthem,Arctic Monkeys,115,8B,70,2025-01-12,04:03,87,"indie, garage rock",AM,2013-09-09,51,33,9,60,0,10,-6,C Major,4,5TTGoX70AFrTvuEtqHK37S,GBCEL1300367,1
65,No Pole,Don Toliver,85,4A,63,2025-03-16,03:07,89,,Love Sick (Deluxe),2023-02-28,33,7,0,38,0,50,-5,F Minor,4,0eaVIYo2zeOaGJeqZ5TwYz,USAT22302146,1
66,party 4 u,Charli xcx,79,3B,52,2025-03-18,04:56,84,"hyperpop, art pop",how i'm feeling now,2020-05-15,58,76,0,25,10,60,-8,C♯/D♭ Major,4,2RdEC8Ff83WkX7kDVCHseE,GBAHS2000219,1
67,Rocketeer,"Far East Movement,Ryan Tedder,Ruff Loaderz",96,9A,85,2025-04-18,03:31,71,,Free Wired,2010-01-01,66,18,0,36,0,20,-6,E Minor,4,3ZuiIFm9nRnkRz8AZAekjJ,USUM71022782,1
68,Her Way,PARTYNEXTDOOR,111,3B,49,2025-04-19,03:36,78,"dark r&b, r&b, trap soul",PARTYNEXTDOOR TWO,2014-07-29,54,5,0,12,0,0,-10,C♯/D♭ Major,4,3JEJwjqLkg2Jbau5922CAb,USWB11401862,1
69,Flatline,Justin Bieber,122,9A,67,2025-05-13,03:39,83,,Journals,2014-05-13,34,48,0,36,0,10,-6,E Minor,4,2GBgiuXwY1KzJMA0gSAr9J,USUM71320144,1
70,Sunflower - Spider-Man: Into the Spider-Verse,"Post Malone,Swae Lee",90,10B,48,2025-05-13,02:38,85,,Spider-Man: Into the Spider-Verse (Soundtrack From & Inspired by the Motion Picture),2018-12-14,76,55,0,91,0,0,-6,D Major,4,3KkXRkHbMCARz0aVfEt68P,USUM71814888,1
71,Mind Games,Sickick,85,11B,45,2025-05-22,04:18,41,,Mind Games,2017-11-16,69,47,6,36,0,20,-9,A Major,4,2wsYPQ6r1x829NPK1yR40P,QZANL1751842,1
72,Nobody's Better,"Suzi,Fetty Wap",101,5A,66,2025-05-24,03:29,2,,Nobody's Better,2015-11-03,36,1,0,54,10,10,-7,C Minor,4,6XKm1z5lYIq486iWMLnSFY,USHM81507535,1
73,mind games - sped up,"pearl,fast forward >>",93,1A,46,2025-05-25,03:49,35,,mind games (sped up),2023-10-03,81,2,2,42,0,10,-10,G#/A♭ Minor,4,67jqX55drLepOZnphvdeB0,GXBDS2395308,1
74,XXL,LANY,151,6B,73,2025-07-24,03:26,76,,a beautiful blur,2023-09-29,39,1,0,51,0,20,-5,A#/B♭ Major,4,3l1grOhgJQG4E1E2MjfHWG,QM24S2304035,1
75,Better,Khalid,98,5A,59,2025-07-25,03:49,81,,Suncity,2018-10-19,70,10,32,11,0,10,-10,C Minor,4,2OpBganfGk2GVdSlRdxzaX,USRC11803179,2
76,Mirrors,Justin Timberlake,77,4A,51,2025-08-10,08:05,86,,The 20/20 Experience (Deluxe Version),2013-03-15,57,23,0,51,0,0,-7,F Minor,4,4rHZZAmHpZrA3iH5zx8frV,USRC11300059,1
77,Infinity,Jaymes Young,122,10A,67,2025-08-11,03:57,81,,Feel Something,2017-06-23,67,15,0,49,0,30,-7,B Minor,4,1SOClUWhOi8vHZYMz3GluK,USAT21700859,1
78,Hard 2 Face Reality,"Poo Bear,Justin Bieber,J A Y E L E C T R O N I C A",142,9B,63,2025-09-08,03:16,70,alternative hip hop,Poo Bear Presents: Bearthday Music,2018-04-27,63,22,0,28,0,20,-5,G Major,4,3XBMJF4N7ZdZrK30oGCxpN,USUG11702132,1
79,LET THE WORLD BURN,Chris Grey,93,4A,56,2025-09-09,02:43,81,dark r&b,LET THE WORLD BURN,2024-03-08,38,13,0,25,0,10,-7,F Minor,4,1De425SCFJULIHbcmeebUw,QZZ662445642,1
80,Brooklyn Baby,Lana Del Rey,108,3B,66,2025-10-24,05:51,85,,Ultraviolence (Deluxe),2014-01-01,40,54,0,9,0,10,-7,C♯/D♭ Major,4,1NZs6n6hl8UuMaX0UC0YTz,GBUM71402169,2
81,Chemtrails Over The Country Club,Lana Del Rey,201,9A,28,2025-10-26,04:31,0,,Chemtrails Over The Country Club,2021-01-11,33,88,0,43,0,10,-13,E Minor,3,1PZDyestTVydtHpaIcfUJg,GBUM72006081,1
82,I Wanna Be Yours,Arctic Monkeys,68,5A,42,2025-11-27,03:03,92,"indie, garage rock",AM,2013-09-09,46,14,2,48,0,10,-9,C Minor,4,5XeFesFbtLpXzIVDNQP22n,GBCEL1300373,2
83,After Hours,The Weeknd,109,4A,57,2025-12-09,06:01,83,,After Hours,2020-03-20,66,8,1,14,0,10,-6,F Minor,4,2p8IUWQDrpjuFltbdgLOag,USUG12000586,1
84,Cry For Me,The Weeknd,120,6A,65,2025-12-09,03:44,81,,Hurry Up Tomorrow,2025-01-31,65,9,0,42,0,60,-6,G Minor,4,3AWDeHLc88XogCaCnZQLVI,USUG12501129,1
85,Entry Four,Jaydes Archive,72,9B,18,2025-12-25,00:33,70,,Entry Logs (1-6),2024-11-16,70,99,7,64,10,10,-18,G Major,3,1RM4jcne1iJXnxX1vuGJC0,QZJ842404054,1
86,M a k e I t T o T h e M o r n i n g,PARTYNEXTDOOR,123,9A,62,2026-02-21,02:48,83,"dark r&b, r&b, trap soul",PARTYNEXTDOOR 4 (P4),2024-04-26,68,8,1,9,0,10,-6,E Minor,4,12VH4g5pTMZmrUVzfJq7F7,USLD91757478,1
87,Break from Toronto,PARTYNEXTDOOR,117,11B,68,2026-02-21,01:39,83,"dark r&b, r&b, trap soul",PARTYNEXTDOOR,2013-07-01,60,2,0,26,0,40,-5,A Major,4,5fEB6ZmVkg63GZg9qO86jh,USWB11302160,1
88,Belong to the City,PARTYNEXTDOOR,88,4A,48,2026-02-21,01:38,80,"dark r&b, r&b, trap soul",PARTYNEXTDOOR TWO,2014-07-29,58,71,0,19,0,10,-10,F Minor,4,5c3luoCub1Z1Gg74NdNtuq,USWB11401863,1
89,Never Let Go,LNGSHOT,105,10B,60,2026-03-16,03:13,80,k-pop,SHOT CALLERS,2026-01-13,64,19,0,38,0,10,-8,D Major,4,37xebnhvUyM8VyyDDeo65d,KRMIM2574055,2
90,Softcore,The Neighbourhood,94,8A,57,2026-03-16,03:26,87,,Hard To Imagine The Neighbourhood Ever Changing,2018-11-02,57,5,0,37,0,20,-6,A Minor,4,2K7xn816oNHJZ0aVqdQsha,USSM11800523,3
1,peach eyes,wave to earth,95,10A,49,2026-03-26,03:05,68,,0.1 flaws and all.,2023-04-20,62,64,0,72,0,10,-9,B Minor,4,72UVMFjUAL6KJvwi36VBiz,KRA252300809,4
2,bad,wave to earth,136,10B,55,2026-04-06,04:23,2,,0.1 flaws and all.,2023-04-20,56,71,11,39,0,10,-9,D Major,4,5TZKpQFKCbIlWGD8DzHbC6,KRA252300807,5
3,love.,wave to earth,62,10B,39,2026-04-06,05:07,2,,0.1 flaws and all.,2023-04-20,32,65,30,25,0,20,-10,D Major,4,5rDXfGMWI6S8wkXR0MHsvv,KRA252300813,4
4,Only cry in the rain,CHUU,153,5A,91,2026-03-26,03:04,55,k-pop,Only cry in the rain,2025-04-21,78,5,0,95,0,0,-4,C Minor,4,0J92BX2A6XcG2ZbWAxtk1x,KRB472501182,1
5,"Hello, Goodbye",YENA,98,10B,61,2026-03-26,03:43,44,k-pop,Blooming Wings,2025-07-29,64,17,0,58,0,10,-4,D Major,4,74tKsdjzs3EnWEZHWca44M,KRMIM2540085,1
6,Bittersweet,Baby DONT Cry,160,9B,76,2026-04-28,03:20,63,k-pop,The 1st Mini Album [AFTER CRY],2026-03-24,60,0,0,94,0,10,-5,G Major,4,4attgopd8pmrJ03fSDeOI2,KRA382601405,1
7,"Oops, My Bad",FIFTY FIFTY,104,7B,82,2026-03-26,02:26,46,k-pop,"Oops, My Bad (From  Operation: True Love )",2025-12-02,69,22,0,76,0,0,-5,F Major,4,5sTNd7d05oLLJatfB4CP4N,KRMIM2568643,1
8,jellyous,ILLIT,162,4B,86,2026-04-26,02:43,75,k-pop,jellyous (Feat. Sophie Powers),2025-08-01,63,5,0,44,10,0,-4,G#/A♭ Major,4,51pREVFJeAJGvhJ1rYCKZH,USA2P2525116,1
9,Bloom,RESCENE,106,4A,75,2026-04-28,02:56,50,k-pop,lip bomb,2025-11-25,70,23,0,52,0,20,-4,F Minor,4,6yyjU86kQpxVW9RMUdgGfv,KRA382506688,1
10,DIORAMA,Yves,87,8B,55,2026-04-28,02:46,57,k-pop,LOOP,2024-05-29,74,7,0,62,0,10,-5,C Major,4,5Z3woeK4H1sTvLXnJAwaNI,KRA252401914,1
11,Royalty,ENHYPEN,94,3B,84,2026-04-26,02:50,61,k-pop,ROMANCE : UNTOLD,2024-07-12,80,5,0,94,0,0,-5,C♯/D♭ Major,4,2DPq5UkMuc7eN2NFHjGPNn,USA2P2436975,1
12,Your Eyes Only,ENHYPEN,112,1B,65,2026-04-26,02:20,66,k-pop,ROMANCE : UNTOLD,2024-07-12,78,15,0,78,0,10,-5,B Major,4,2DJRPYt6QLeYlU6xzdSW5p,USA2P2436971,1
13,XO (Only If You Say Yes),ENHYPEN,97,4B,76,2026-04-06,03:08,77,k-pop,ROMANCE : UNTOLD,2024-07-12,66,11,0,47,0,20,-7,G#/A♭ Major,4,3RkSwrsIadAvqVtMp5yhaB,USA2P2436970,2
14,Tea Time,"Lydia Ganada,P4BLO",172,7B,60,2026-03-26,02:26,31,,4U,2025-04-11,52,47,0,75,0,10,-9,F Major,4,2Pgrj8tsK7q32IpeTx8u2d,QZMZ92509491,1
15,Psycho,izna,140,8B,94,2026-04-06,02:11,49,k-pop,Psycho (From  Operation: True Love ),2025-11-18,75,15,0,88,0,10,-4,C Major,4,09Kgz5rQuikCMwaB3eqevM,KRMIM2565158,1
16,little monster,ILLIT,128,6A,76,2026-04-28,02:29,63,k-pop,bomb,2025-06-16,74,19,0,59,0,10,-6,G Minor,4,5MaPzLp2vwSqu8YyUZ4zR7,USA2P2525114,1
17,don't wanna break up again,Ariana Grande,129,8A,73,2026-04-07,02:54,69,pop,eternal sunshine,2024-03-08,51,40,0,57,20,10,-5,A Minor,5,0o3ua5ufFK7nfRzbDUNoGA,USUM72317273,1
18,3am,ROSÉ,150,10B,65,2026-04-28,02:34,71,k-pop,rosie,2024-12-06,60,37,0,32,0,10,-7,D Major,4,3y4q6bBdbXsTIaPiwiiUfy,USAT22409168,1
19,drinks or coffee,ROSÉ,136,4A,52,2026-04-07,02:13,71,k-pop,rosie,2024-12-06,77,7,0,54,10,0,-6,F Minor,4,3fpWkbEZMP1BgOOfymwoaS,USAT22409171,1
20,What is Love?,TWICE,170,4B,91,2026-03-26,03:28,67,k-pop,What is Love?,2018-04-09,57,8,0,60,0,20,-2,G#/A♭ Major,4,54mnwt3kO0uYsy0ceg14JP,US5TA1800038,1
21,do you think you could love me?,yung kai,108,12B,14,2026-04-06,03:56,62,,"stay with the ocean, i'll find you",2025-09-26,78,97,1,23,0,10,-17,E Major,3,4ZnouIAIei34XVzeq9T2xv,QMRSZ2500242,1
22,SOURPATCH,HITGS,140,4A,83,2026-04-28,02:49,47,,The 1st Single Album - Things we love : H,2025-04-28,70,30,0,65,0,10,-6,F Minor,4,6fuMhofxOh5ZmDWUYZnfaO,KRA382502663,1
23,Bubble Gum,NewJeans,105,11B,71,2026-04-06,03:20,72,k-pop,How Sweet,2024-05-24,76,14,0,53,0,0,-4,A Major,4,19D8LNpWwIPpi6hs9BG7dq,USA2P2414844,1
24,TEARS,JISOO,125,8B,79,2026-04-28,03:02,63,k-pop,AMORTAGE,2025-02-14,81,3,0,84,10,0,-4,C Major,4,08fvSPSKjoF4vmoEtcGain,USWB12500153,2
25,Hurt,NewJeans,180,3A,45,2026-03-26,02:57,73,k-pop,NewJeans 1st EP 'New Jeans',2022-08-01,60,73,0,57,0,10,-7,A#/B♭ Minor,4,5expoVGQPvXuwBBFuNGqBd,USA2P2230224,3
26,Heaven,TOMORROW X TOGETHER,122,9A,66,2026-04-28,02:34,56,k-pop,The Star Chapter: SANCTUARY (Expanded Edition),2024-11-08,75,20,0,88,0,10,-6,E Minor,4,4Wm7m3zaXN3nPNAzQ0nINf,USA2P2461744,1
27,Pleasure Shop,KEY,121,11A,81,2026-04-15,03:02,41,k-pop,Pleasure Shop - The 3rd Mini Album,2024-09-23,72,3,0,33,10,30,-4,F#/G♭ Minor,4,2022n4pxaEaDC2YvzVl1w7,KRA302400355,1
28,No Doubt,ENHYPEN,130,1A,46,2026-04-26,02:47,76,k-pop,ROMANCE : UNTOLD -daydream-,2024-11-11,84,11,0,52,0,0,-7,G#/A♭ Minor,4,44hqFxUWsADWewEJELnncj,USA2P2464138,2
29,Daydream,ENHYPEN,105,10A,68,2026-04-26,02:00,67,k-pop,ROMANCE : UNTOLD -daydream-,2024-11-11,95,0,0,66,20,20,-9,B Minor,4,4lwTKer57RtonkWsEi2pVn,USA2P2464137,1
30,JoyRide,CORTIS,120,11B,55,2026-03-26,02:37,78,k-pop,COLOR OUTSIDE THE LINES,2025-09-08,75,36,0,19,0,10,-7,A Major,4,6T17ZI0glfM2IGLdUwtnLK,USA2P2536190,1
1,Back Door,Stray Kids,108,9B,84,2026-04-14,03:09,70,"k-pop, noise music",IN LIFE,2020-09-14,82,16,0,65,20,10,-4,G Major,4,0XuepwFJUcKN8T5zTqoP0F,US5TA2000097,1
2,God’s Menu,Stray Kids,157,7B,77,2026-04-14,02:47,76,"k-pop, noise music",GO LIVE,2020-06-17,69,1,0,48,0,50,-4,F Major,4,4XPXrcpyNr30Km6aPiflJy,US5TA2000037,1
3,Venus,SHINHWA,126,2B,88,2026-04-14,03:37,41,k-pop,The Return,2012-03-23,71,8,0,82,0,20,-5,F#/G♭ Major,4,7FV7Ng7Oj3ToGGlxvIjPtF,KRA911200003,1
4,FACE,NU'EST,124,5A,88,2026-04-14,03:40,53,k-pop,NU'EST The First Album  Re:BIRTH ,2014-07-09,79,2,0,62,0,30,-3,C Minor,4,60oyvXjv0nwZnRrwZvZqUm,KRA381208395,1
5,The Rebirth - 인생은 즐거워,Jessi,93,11A,88,2026-04-14,03:42,35,"k-pop, k-rap",The Rebirth - 인생은 즐거워,2009-01-15,59,4,0,67,0,20,-1,F#/G♭ Minor,4,5JWwGApvvpzlWmRTvHzBTY,QZEKE1843558,1
6,Get Low,"Lil Jon & The East Side Boyz,Ying Yang Twins",101,3B,63,2026-04-14,05:34,80,"crunk, southern hip hop",Kings Of Crunk,2002-10-29,52,3,0,14,0,10,-7,C♯/D♭ Major,4,0r2Bul2NuCViraT2zX1l5j,USTV10200084,1
7,Turn All the Lights On (feat. Ne-Yo),"T-Pain,Ne-Yo",127,11A,81,2026-04-14,03:36,63,,Revolver (Expanded Edition),2011-12-06,70,4,0,72,0,50,-3,F#/G♭ Minor,4,7448rwdrtddS5irSvOgPA6,USRC11101041,1
8,HOLUP!,BOBBY,101,8B,95,2026-04-14,03:31,44,"k-rap, k-pop",The MOBB,2016-09-07,67,12,0,54,0,30,-2,C Major,4,0dkqqQAizwp3MHJKehq5ng,KRA401600196,1
9,NOT BY THE MOON,GOT7,152,4A,82,2026-04-14,03:24,55,k-pop,DYE,2020-04-20,55,6,0,56,10,20,-5,F Minor,4,0LrhTHjmH2ATnbCbsqKZyf,US5TA2000016,2
10,Halo,"Prezioso,Harris & Ford,Shibui",101,4B,92,2026-04-14,02:36,63,"italo dance, hardstyle, schlagerparty, ",Halo,2022-09-16,65,2,0,34,0,20,-5,G#/A♭ Major,1,2kfZCiSWhAYKdxD7o7WLoa,ITG412200047,1
11,Alors On Danse (feat. Stromae),"Dubdogz,Stromae",123,12A,75,2026-04-14,02:48,71,"brazilian bass, electronic, french pop",Alors On Danse (feat. Stromae),2019-05-03,79,3,0,74,10,60,-4,C♯/D♭ Minor,4,19eIZmuXlBmLTha1lPHef7,BET671800003,1
12,Rocking,TEEN TOP,128,9B,98,2026-04-14,03:12,44,k-pop,TEEN TOP CLASS ADDITION,2013-10-23,70,2,0,77,10,10,-3,G Major,4,2JbD7iiiZqNqaSahV2jalk,KRA381205290,1
13,Chained Up,VIXX,92,8A,94,2026-04-14,03:12,49,k-pop,Chained Up,2015-11-10,73,10,0,92,10,30,-2,A Minor,4,2JcQ5i13wsNdyyXs8Sqab0,KRA771500017,1
14,IL0V3Y0U,Faouzia,127,12A,69,2026-04-14,02:43,45,,IL0V3Y0U,2023-09-08,69,1,0,58,0,20,-7,C♯/D♭ Minor,4,0MdcE5oHji8C8XCJCR5o3z,USAT22306712,1
15,Smash My Heart,Robin Schulz,130,11A,71,2026-04-14,02:50,0,tropical house,Smash My Heart,2023-07-14,54,2,0,31,0,20,-6,F#/G♭ Minor,4,7uCbQR6CHGsy8xCR8JRKyG,DEA622301192,1
16,Bottoms Up (feat. Nicki Minaj),"Trey Songz,Nicki Minaj",74,3B,60,2026-04-14,04:02,4,"r&b, ","Passion, Pain & Pleasure",2010-09-13,85,2,0,33,10,30,-5,C♯/D♭ Major,4,2IpGdrWvIZipmaxo1YRxw5,USAT21001515,1
17,Chk Chk Boom,Stray Kids,102,10B,74,2026-04-14,02:28,80,"k-pop, noise music",ATE,2024-07-19,93,17,0,84,10,0,-3,D Major,4,09keT5ocFhEd5W5HidiUNq,US5TA2400140,1
18,MANIAC,Stray Kids,120,3B,80,2026-04-14,03:02,77,"k-pop, noise music",ODDINARY,2022-03-18,58,15,0,71,40,0,-3,C♯/D♭ Major,5,63irPUP3xB74fHdw1Aw9zR,US5TA2200027,1
19,The Hills,The Weeknd,113,5A,56,2026-04-14,04:02,88,,Beauty Behind The Madness,2015-08-28,59,7,0,14,0,10,-7,C Minor,4,7fBv7CLKzipRk6EC6TWHOB,USUG11500737,1
20,Pony,Ginuwine,142,1A,61,2026-04-14,04:11,75,r&b,R&B: From Doo-Wop To Hip-Hop,1999-10-08,75,0,4,97,0,10,-9,G#/A♭ Minor,4,6mz1fBdKATx6qP4oP1I65G,USSM19605851,1
21,Seven Nation Army,The White Stripes,124,9A,45,2026-04-14,03:52,86,"garage rock, blues rock, rock, alternative rock",Elephant,2003-04-01,74,0,12,28,0,30,-8,E Minor,4,3dPQuX8Gs42Y7b454ybpMR,USVT10300001,1
22,No Church In The Wild,"JAŸ-Z,Kanye West,Frank Ocean,THE-DREAM",93,1A,75,2026-04-14,04:32,80,"hip hop, east coast hip hop, rap, r&b",Watch The Throne,2011-08-08,65,24,2,56,10,10,-8,G#/A♭ Minor,4,7r6PigmGzlB3YPB7wvBBbi,USUM71111617,1
23,bury a friend,Billie Eilish,120,4B,39,2026-04-14,03:13,75,,"WHEN WE ALL FALL ASLEEP, WHERE DO WE GO?",2019-03-29,91,74,16,20,30,10,-15,G#/A♭ Major,4,4SSnFejRGlZikf02HLewEF,USUM71900770,1
24,VOODOO DOLL,VIXX,129,9A,95,2026-04-14,03:36,44,k-pop,VOODOO,2013-11-25,57,14,0,51,10,40,-2,E Minor,4,7AIiscePFRKJwfQhGOryGA,KRA491301525,1
25,Don't Call Me,SHINee,82,10B,78,2026-04-14,03:40,56,k-pop,Don't Call Me - The 7th Album,2021-02-22,69,1,0,31,0,10,-2,D Major,4,462OPOKW0VMbvW9H7HIb0U,KRA302100030,1
26,THE BADDEST FEMALE,CL,140,11B,84,2026-04-14,03:43,46,"k-pop, k-rap",THE BADDEST FEMALE,2013-05-28,73,0,0,67,0,30,-5,A Major,4,11F35JnHM8PhNqXloxWFKT,KRA341303001,1
27,What Type of X,Jessi,96,10B,69,2026-04-14,03:18,49,"k-pop, k-rap",What Type of X,2021-03-17,78,1,0,54,0,0,-4,D Major,4,0LweQRsfJ3pRAJJFy6DrR1,KRA382101660,1
28,GANJI (feat. Jessi),"PSY,Jessi",148,3B,66,2026-04-14,02:51,40,"k-pop, k-rap",PSY 9th,2022-04-29,92,1,0,47,0,0,-4,C♯/D♭ Major,4,5INgNRiLfTyTGTXt3eIr2r,QZEKE2084406,1
29,Who Dat B,Jessi,140,9B,82,2026-04-14,03:17,40,"k-pop, k-rap",NUNA,2020-07-30,74,4,0,44,10,10,-3,G Major,4,4MbHDCcaNyKC4714GViAxf,KRA381904284,1
30,My Type,"Jessi,CHEETAH,KangNam",103,1B,79,2026-04-14,02:59,27,"k-pop, k-rap",My Type (From UNPRETTY RAPSTAR),2015-02-13,74,13,0,38,10,30,-3,B Major,4,4iVHsWqfouC4Xj4aqU2uVR,KRA491402877,1
31,Hard,"Rihanna,Jeezy",182,3B,75,2026-04-14,04:10,61,"southern hip hop, crunk, rap, gangster rap",Rated R,2009-11-20,31,1,0,16,10,60,-4,C♯/D♭ Major,4,3YJkAQNEhmCZGLdmPsu6Ye,USUM70912456,1
32,Pour It Up,Rihanna,134,10B,48,2026-04-14,02:41,73,,Unapologetic (Deluxe),2012-12-11,79,3,0,39,0,0,-9,D Major,4,5r67bGhYXZNqk2m2Wupfmu,USUM71214737,2
33,멘붕 - CL SOLO,2NE1,100,10B,79,2026-04-14,03:15,51,k-pop,CRUSH,2014-02-27,76,2,1,21,0,10,-4,D Major,4,616ZM39dWv2G4l1G6qP09Q,KRB471400215,1
34,Change (Feat. Jun Hyung Yong From BEAST),"HyunA,Yong Jun Hyung",125,3B,79,2026-04-14,03:31,46,"k-pop, ",Change,2010-01-04,87,1,0,62,0,10,-4,C♯/D♭ Major,4,6kFDvPj3FVpQ90HZ5PacxE,KRA391000008,1
35,Numb,"Rihanna,Eminem",129,1A,70,2026-04-14,03:25,51,"rap, hip hop",Unapologetic (Deluxe),2012-12-11,72,1,0,38,10,10,-6,G#/A♭ Minor,4,3Naj4ZtvX9VpVqJH5EKmJE,USUM71214735,1
36,난리나,Block B,115,4B,96,2026-04-14,03:24,59,k-pop,Welcome to the BLOCK,2012-02-02,77,5,0,93,0,0,-4,G#/A♭ Major,4,7dgO6H1BxXeXfxDkiDN8E9,KRA381200086,1
37,Killin' It Girl (Solo Version),j-hope,194,1B,89,2026-04-14,02:18,78,"k-pop, k-rap",Killin' It Girl (feat. GloRilla),2025-06-13,66,0,0,80,10,20,-5,B Major,4,32SrQzg34vQiYjyzjg3wum,USA2P2518921,2
38,닐리리맘보,Block B,110,8A,84,2026-04-15,03:27,60,k-pop,BLOCKBUSTER,2012-10-17,75,1,0,55,0,0,-3,A Minor,4,4fZYGHiRcKxwVSnF498uaE,KRA381202099,1
39,HERO,MONSTA X,146,4A,89,2026-04-22,03:51,57,"k-pop, noise music",RUSH,2015-09-07,68,8,0,91,10,20,-3,F Minor,4,6gorwqDJ7bsdCHcVs5uS9u,KRA381500139,1
40,Drunk-Dazed,ENHYPEN,133,4A,87,2026-04-22,03:13,77,k-pop,BORDER : CARNIVAL,2021-04-26,60,0,0,45,0,0,-5,F Minor,4,1wcr8DjnN59Awev8nnKpQ4,USA2P2108330,1
41,Cause I'm God Girl (Feat. Il Hoon Jung Of BTOB),"HyunA,Il Hoon Jung",102,9A,83,2026-04-22,03:22,50,"k-pop, ",A+,2015-08-21,84,0,0,68,20,20,-3,E Minor,4,0AgMJriVSGWjN8WLaCqnDv,KRA391500035,1
42,HIP,MAMAMOO,138,2A,73,2026-04-22,03:15,66,k-pop,reality in BLACK,2019-11-14,78,4,0,82,10,10,-5,D#/E♭ Minor,4,24nK8tW7Pt3Inh2utttuoG,KRA381904798,1
43,GOTTASADAE,BewhY,132,3A,68,2026-04-22,02:13,56,k-rap,The Movie Star,2019-07-25,81,14,0,43,0,30,-4,A#/B♭ Minor,4,5nJvKQsFRmCp2i7EiKjZDg,KRA381903709,1
44,Lotto,EXO,100,10A,87,2026-04-22,03:09,63,k-pop,LOTTO - The 3rd Album Repackage,2016-08-18,80,6,0,70,0,10,-3,B Minor,4,6ukWoX4AHV76JdYVdKRPk8,KRA301600281,1
45,Okey Dokey,"MINO,ZICO",126,3B,61,2026-04-22,04:08,62,"k-rap, k-pop",Show Me the Money 4 Episode 6,2015-08-29,83,1,0,31,0,10,-4,C♯/D♭ Major,4,1R6qeTvAvaxB7hydIYVIY8,KRA491500733,1
46,LAW (Prod. Czaer),"YOON MIRAE,BIBI",128,10B,90,2026-04-22,03:09,52,"k-ballad, soundtrack, k-pop, k-rap",Street Man Fighter Original Vol.3 (Mission by Rank),2022-09-06,76,1,0,55,0,20,-4,D Major,4,0VES0jpNQEdRpD31gYDIMe,KRA492200791,1
47,WORK,ATEEZ,100,10A,75,2026-04-22,02:52,69,"k-pop, noise music",GOLDEN HOUR : Part.1,2024-05-31,91,1,0,64,0,0,-5,B Minor,4,3VHD84tIdyxRTtRc167YSR,KRD442400011,1
48,Sugar Free (BigRoom Version),T-ARA,128,10B,87,2026-04-22,03:55,53,k-pop,And&End,2014-09-11,67,0,0,75,0,10,-4,D Major,4,49BNP531CM6pNdSfMaI8rn,KRA341750857,1
49,พระคาถามหาจักรพรรดิ,เจ็บบ่ลืม,199,3A,64,2026-04-22,03:55,50,"thai rock, luk thung, thai hip hop",พระคาถามหาจักรพรรดิ,2026-03-24,34,0,0,34,0,20,-9,A#/B♭ Minor,4,4wh7PsE6bXwiqLIxBz6YFR,QZTB72656060,1
50,MOMMAE (Feat. Ugly Duck),"Jay Park,Ugly Duck",94,8B,69,2026-04-23,03:24,70,"k-rap, k-pop",WORLDWIDE,2015-11-05,69,23,0,68,20,10,-5,C Major,4,1LNlfvPQmB0cqYJQQskZ8x,KRA351505941,2
51,Up Down (Do This All Day) (feat. B.o.B),"T-Pain,B.o.B",97,4A,50,2026-04-23,03:51,81,,Happy Hour: The Greatest Hits,2014-00-00,78,26,0,46,0,30,-7,F Minor,4,6lbhWl34Il0WXm5pX1fM9E,USRC11301140,1
1,E先生 連環不幸事件,Edan 呂爵安,164,6B,45,2023-06-30,04:28,45,"cantopop, c-pop, taiwanese pop",E先生 連環不幸事件,2021-01-27,50,54,0,32,0,10,-9,A#/B♭ Major,4,06sDxr7MbbwFyTP1f6rvvl,HKG482110460,1
2,"Dear My Friend,",Keung To,95,8B,45,2023-06-30,03:52,48,"cantopop, c-pop","Dear My Friend,",2021-08-06,65,72,0,27,0,10,-8,C Major,4,11IqNbLOD4s4nVYSuEttFR,HKG482110492,1
3,記憶棉,MC 張天賦,150,11B,53,2023-06-30,04:33,61,"cantopop, c-pop, taiwanese pop",記憶棉,2021-10-22,49,39,0,21,0,0,-8,A Major,4,1ZrnCyms7CBYsCvkkVIkt8,HKI492108203,1
4,不可愛教主,Anson Lo 盧瀚霆,92,12A,45,2023-06-30,03:49,40,"cantopop, c-pop",不可愛教主,2021-07-07,66,45,0,39,0,10,-12,C♯/D♭ Minor,4,7zYZYyaMmfsc7Jp4ZHd6UX,HKG482110487,1
5,My Apple Pie,Edan 呂爵安,139,8B,55,2023-06-30,03:27,39,"cantopop, c-pop, taiwanese pop",My Apple Pie,2021-10-06,35,42,0,19,0,10,-7,C Major,4,4N3vPjL04eJNzUdGfT4Dfz,HKG482110575,1
6,賽勒斯的愛,Hins Cheung,140,5B,43,2023-06-30,04:09,52,"cantopop, mandopop, c-pop, taiwanese pop",賽勒斯的愛,2022-05-12,50,55,0,34,0,20,-9,D#/E♭ Major,4,7wDHnKKyw7GSw9ihEHTXm3,HKD252200030,1
7,來不及,Stanley Yau 邱士縉,79,4B,32,2023-06-30,03:58,26,cantopop,來不及,2023-05-14,57,85,0,33,0,10,-9,G#/A♭ Major,4,3UCmPhL3AEXBspj6wnQGms,HKG482310716,1
8,污糟兒,Kaho Hung,124,10A,45,2023-06-30,03:45,43,"cantopop, c-pop",污糟兒,2022-07-20,64,84,0,52,0,10,-10,B Minor,4,2W9MxlcyMWmeHgZNnCSosb,HKI492207215,1
9,我也難過的,"吳林峰,謝芊彤",135,9B,46,2023-06-30,04:38,44,cantopop,我也難過的,2022-01-24,58,60,0,27,0,10,-8,G Major,4,2PkErrvrjQry3l1IhhJsor,HKI431400048,1
10,漸漸地,Phoebus Ng 吳啟洋,132,2B,37,2023-06-30,04:02,33,cantopop,漸漸地,2022-06-20,62,56,0,36,0,10,-10,F#/G♭ Major,4,3s0LGsNnxPeJhqhE8bm3jQ,HKUM72200276,1
11,我地,Joyce Cheng,72,7B,42,2023-06-30,03:25,31,"cantopop, c-pop",Believe Us,2023-03-16,37,71,0,39,0,10,-8,F Major,4,0DMfjzsr0bbIsU9TmqJftd,HKH612200039,1
12,隔離,JACE,120,11B,46,2023-06-30,04:34,46,"cantopop, c-pop",Processing,2021-05-14,70,79,0,48,0,10,-9,A Major,4,1i5DjVNfPxqMelMdjfI0WR,HKUM72000175,1
13,第一個迷,Jeffrey 魏浚笙,108,12B,42,2023-06-30,04:07,35,cantopop,第一個迷,2022-12-29,43,75,0,32,0,10,-7,E Major,3,6l5q8rkGYOwrheeWK5puyL,HKC992222301,1
14,遺忘了初心的我們,Jeffrey 魏浚笙,140,8B,50,2023-06-30,04:17,34,cantopop,遺忘了初心的我們,2023-04-21,54,66,0,39,0,10,-8,C Major,4,46Ntxwf4zWxhWHjtqWul6h,HKC992322301,1
15,留一天與你喘息,陳卓賢 Ian,172,11B,48,2023-06-30,04:18,50,"cantopop, c-pop, taiwanese pop",留一天與你喘息,2022-02-14,41,57,0,26,0,20,-8,A Major,4,6flgMTTqhbJSNryAPCYcvA,HKG482210592,1
16,後來的我們,Mayday,78,8B,64,2023-06-30,05:46,63,"mandopop, taiwanese pop, c-pop, chinese rock",自傳,2016-07-21,49,1,0,22,0,0,-3,C Major,4,13AruKdh8wJhWx6i5dV8X1,TWK231610206,1
17,如果雨之後,Eric Chou,137,2B,53,2023-06-30,04:42,64,"mandopop, c-pop, taiwanese pop, chinese r&b",如果雨之後,2017-12-15,32,53,0,45,0,10,-6,F#/G♭ Major,4,6kabSi7XCHHGThNme6J2tL,TWA471715004,1
18,說好的幸福呢,Jay Chou,118,8A,47,2023-06-30,04:14,1,"mandopop, c-pop, taiwanese pop, gufeng, cantopop, chinese r&b",魔杰座,2008-11-09,54,35,0,24,0,10,-8,A Minor,4,6W2tmkeuHKaedHhdTPnyVs,TWK970801506,1
19,那些你很冒險的夢,JJ Lin,136,10B,49,2023-06-30,04:04,63,"mandopop, c-pop, taiwanese pop",學不會,2012-01-12,49,79,0,28,0,20,-5,D Major,4,2aMN1ky0SzSEcV1QdBYbW9,TWA531107004,1
20,愛情教會我們的事,Eric Chou,90,3B,56,2023-06-30,04:54,54,"mandopop, c-pop, taiwanese pop, chinese r&b",愛，教會我們的事,2016-08-05,47,82,0,28,0,10,-6,C♯/D♭ Major,4,5rpg3gTAg1skfIL11ZcLeD,TWA471602008,1
21,想回到那一天 - 電視劇「奇妙的時光之旅」插曲,Eric Chou,140,8B,50,2023-06-30,04:22,47,"mandopop, c-pop, taiwanese pop, chinese r&b",愛，教會我們的事,2016-08-05,46,55,0,32,0,30,-6,C Major,4,111hAyqvhmEZALxnxjdlMh,TWA471602001,1
22,乾杯,Mayday,82,8B,82,2023-06-30,04:49,53,"mandopop, taiwanese pop, c-pop, chinese rock",第二人生(末日版),2011-12-16,57,4,0,82,0,10,-5,C Major,4,1pq8manc3lP5iEbLhzuZv2,TWK231105507,1
23,最長的電影,Jay Chou,121,11B,36,2023-06-30,03:55,2,"mandopop, c-pop, taiwanese pop, gufeng, cantopop, chinese r&b",我很忙,2008-03-10,53,19,0,17,0,10,-9,A Major,4,6C9w3NKP7yKqGLBP09iEL4,TWK970701310,1
24,晴天,Jay Chou,137,9B,57,2023-06-30,04:29,3,"mandopop, c-pop, taiwanese pop, gufeng, cantopop, chinese r&b",葉惠美,2003-07-31,55,28,0,40,0,10,-7,G Major,4,0F02KChKwbcQ3tk4q1YxLH,TWK970300503,1
25,洋蔥,Mayday,130,8B,59,2023-06-30,04:35,52,"mandopop, taiwanese pop, c-pop, chinese rock",五月天 | 步步 | 自選作品輯 the Best of 1999-2013,2013-12-27,49,23,0,22,0,10,-6,C Major,4,1YQFHbLCNzdF9UtUOapZsX,TWK231307404,1
26,突然好想你,Mayday,140,10B,47,2023-06-30,04:25,62,"mandopop, taiwanese pop, c-pop, chinese rock",後 青春期的詩,2008-10-23,46,23,0,41,0,20,-6,D Major,4,0IAgufC1FlOg1nZMmRZxRr,TWK230801601,1
27,可惜沒如果,JJ Lin,80,8B,42,2023-06-30,04:58,3,"mandopop, c-pop, taiwanese pop",新地球,2014-12-27,49,62,0,29,0,10,-6,C Major,4,6WoQzK5Exbfcmow1AoNRkl,TWA531480007,1
28,不為誰而作的歌,JJ Lin,145,10B,64,2023-06-30,04:25,14,"mandopop, c-pop, taiwanese pop", 和自己對話  實驗專輯,2015-12-18,40,53,0,25,0,10,-6,D Major,4,0VqSdtXseb9khdZrnYVyM1,TWA531576502,1
29,以後別做朋友,Eric Chou,131,5B,36,2023-06-30,04:18,64,"mandopop, c-pop, taiwanese pop, chinese r&b",學著愛,2014-12-19,43,73,0,29,0,10,-9,D#/E♭ Major,4,7zyYmIdjqqiX6kLryb7QBx,TWA471410001,1
30,你，好不好？ - TVBS連續劇【遺憾拼圖】片尾曲,Eric Chou,160,6B,48,2023-06-30,04:47,68,"mandopop, c-pop, taiwanese pop, chinese r&b",愛，教會我們的事,2016-08-05,44,64,0,54,0,10,-6,A#/B♭ Major,4,2gug6MRv4xQFYi9LA3PJCS,TWA471602002,1
31,擱淺,Jay Chou,123,7B,49,2023-06-30,03:56,2,"mandopop, c-pop, taiwanese pop, gufeng, cantopop, chinese r&b",七里香,2004-08-03,50,67,0,13,0,10,-7,F Major,4,4Rt9k4SE8dbfKzngxKJPq9,TWK970400706,1
32,蒲公英的約定,Jay Chou,136,8B,51,2023-06-30,04:05,2,"mandopop, c-pop, taiwanese pop, gufeng, cantopop, chinese r&b",我很忙,2008-03-10,57,13,0,15,0,10,-7,C Major,4,4hYHaROtjB6YREh6AgW3fd,TWK970701305,1
33,孤獨病,Keung To,150,10B,52,2023-06-30,04:13,40,"cantopop, c-pop",孤獨病,2020-09-02,56,41,0,28,0,0,-9,D Major,4,5Gi88IBuzFwSTAAcYcqpqL,HKG482010445,1
34,特登,Anson Kong 江𤒹生,95,11B,75,2023-06-30,03:08,28,"cantopop, taiwanese pop",特登,2020-06-01,62,43,0,65,0,0,-6,A Major,4,0pTEpIFEicGtPX3bzgzZ83,HKG482010427,1
35,亞特蘭提斯,Keung To,84,1B,63,2023-06-30,04:32,38,"cantopop, c-pop",亞特蘭提斯,2020-06-01,58,53,0,36,0,10,-5,B Major,4,7thWHDtg50xkfMjeT7yxNy,HKG481910404,1
36,另一個諾貝爾,陳卓賢 Ian,148,4B,51,2023-06-30,04:14,43,"cantopop, c-pop, taiwanese pop",另一個諾貝爾,2020-06-01,45,15,0,31,0,10,-7,G#/A♭ Major,4,56Aal9B8gurDIRmlw4y74a,HKG481910405,1
37,鯨落,陳卓賢 Ian,123,7B,48,2023-06-30,04:02,50,"cantopop, c-pop, taiwanese pop",鯨落,2020-07-29,60,71,0,38,0,10,-8,F Major,4,1rTnGbIahUmq6fK8RWAXfd,HKG482010439,1
38,蝸牛,"Anson Kong 江𤒹生,陳卓賢 Ian",148,2B,34,2023-06-30,04:17,43,"cantopop, taiwanese pop, c-pop",蝸牛,2020-09-09,59,61,0,48,0,10,-12,F#/G♭ Major,4,4zYVhAyiJySa41foU2F645,HKG482010446,1
39,時光倒流一句話,Terence Lam,134,10B,45,2023-06-30,04:14,45,"cantopop, c-pop",SEVEN,2021-12-03,52,63,0,38,0,20,-10,D Major,4,1V7V9ekndGc7vqE3hVUKmA,HKC991900012,1
40,一人之境 in C major,Terence Lam,122,8B,32,2023-06-30,03:15,49,"cantopop, c-pop",MAJOR IN MINOR,2020-10-01,71,74,0,23,0,10,-11,C Major,4,32QnXosZq7A11knnBAEqk7,HKC991900006,1
41,One and All,MIRROR,133,1B,63,2023-06-30,03:51,33,"cantopop, c-pop",One and All,2021-01-20,57,31,0,37,0,10,-8,B Major,4,4Sq8dTIYcMNkGkxQoZMGle,HKG482010454,1
42,神隊友,Anson Lo 盧瀚霆,80,6B,62,2023-06-30,03:01,38,"cantopop, c-pop",神隊友,2020-12-09,63,15,0,52,0,10,-7,A#/B♭ Major,4,05hC0bzyZaqn4mxUNAdKNc,HKG482010458,1
43,愛不作聲（電視劇超感應學園片尾曲）,"Keung To,Anson Lo 盧瀚霆",138,1B,44,2023-06-30,03:34,30,"cantopop, c-pop",愛不作聲（電視劇超感應學園片尾曲）,2021-09-06,48,67,0,25,0,0,-8,B Major,4,61zLw4ZOLDYl4HHKhMnEZy,HKG482110491,1
44,小諧星,Edan 呂爵安,164,4B,39,2023-06-30,04:37,43,"cantopop, c-pop, taiwanese pop",小諧星,2021-07-23,35,61,0,31,0,10,-9,G#/A♭ Major,4,4Pzi0povbtMOuVyGKGNOKu,HKG482110490,1
45,窮小子,Kaho Hung,147,7B,45,2023-06-30,03:43,41,"cantopop, c-pop",Learning Curve,2022-05-31,54,63,0,42,0,10,-8,F Major,4,05PmS7hyZVdmI5aGgLZZ00,HKI492007204,1
46,逆時車站,Kaho Hung,140,8B,41,2023-06-30,03:20,48,"cantopop, c-pop",Learning Curve,2022-05-31,53,79,0,39,0,10,-8,C Major,4,3fuQNXu8hnIFadJqPXiQn7,HKI492107203,1
47,主角光環,Kaho Hung,128,7B,41,2023-06-30,03:43,46,"cantopop, c-pop",Learning Curve,2022-05-31,54,48,0,61,0,0,-9,F Major,4,3CsYuAe0Oi7t9w1jxWfHob,HKI492107206,1
48,及時行樂,Kaho Hung,144,2B,57,2023-06-30,03:54,50,"cantopop, c-pop",Learning Curve,2022-05-31,46,23,0,28,0,10,-6,F#/G♭ Major,4,4co81zh3xm4y6ZcyLj4eTz,HKI492207201,1
49,三個字,Anson Kong 江𤒹生,158,3B,73,2023-06-30,03:46,33,"cantopop, taiwanese pop",三個字,2021-11-08,44,1,0,32,0,0,-6,C♯/D♭ Major,4,524AUGUhR1F8SRiumM4T5e,HKG482110579,1
50,隱形遊樂場,Hins Cheung,134,9B,45,2023-06-30,03:53,51,"cantopop, mandopop, c-pop, taiwanese pop",隱形遊樂場,2023-04-20,49,44,0,16,0,20,-7,G Major,4,6bMgCXapeQEVFgAOr8EvgY,HKD252300064,1
51,海島與少年,Marco 葉振弘,124,11B,52,2024-04-27,03:09,27,cantopop,海島與少年,2023-02-21,68,54,0,55,0,10,-8,A Major,4,3WRwpAgpb3QbIqqUExT0hB,HKUM72300079,2
52,繼續繼續,陳健安,145,9B,74,2023-06-30,04:29,31,cantopop,繼續繼續,2023-04-04,57,24,0,33,0,0,-6,G Major,4,4BU2Lf1fEUlqSayBDPliHE,HKH612300017,1
53,萬一你是個好人,Terence Lam,112,8B,16,2023-06-30,03:05,38,"cantopop, c-pop",萬一你是個好人,2023-04-28,56,94,10,28,0,10,-15,C Major,3,6lwMbAQ6RLzlXrX5Zh1rG6,HKC992300037,1
54,再見 寧靜海,陳卓賢 Ian,147,6B,47,2023-06-30,04:10,49,"cantopop, c-pop, taiwanese pop",再見 寧靜海,2023-01-18,47,50,0,23,0,10,-9,A#/B♭ Major,4,3mVO7XaN9ULGNuXteiCOz3,HKG482310688,1
55,國際孤獨等級,Gareth.T,68,5B,19,2023-06-30,03:13,56,"cantopop, chinese r&b",國際孤獨等級,2023-03-03,69,82,0,58,0,10,-11,D#/E♭ Major,4,5KpWHEh32vzxkttIK3KHKI,HKI492350201,1
56,你瞞我瞞 - From THE FIRST TAKE,Jason Chan,152,10B,35,2023-06-30,03:44,29,"cantopop, c-pop",你瞞我瞞 - From THE FIRST TAKE,2023-01-26,43,86,0,25,0,30,-9,D Major,4,5w3SN2UjZRuuvPLAisQuaC,HKA412300004,1
57,洗面,Kaho Hung,124,2B,48,2023-06-30,03:51,32,"cantopop, c-pop",Cleanse,2023-06-01,60,74,0,53,0,0,-7,F#/G♭ Major,4,3a9EtOIDDtBel1IEXf6fYl,HKI492307230,1
58,到底發生過什麼事,Dear Jane,166,1B,81,2023-06-30,04:19,49,"cantopop, v-pop, c-pop, taiwanese pop",到底發生過什麼事,2022-10-24,42,10,0,56,0,30,-5,B Major,4,48yFnEAkBdOmqvhZ6NaR4U,HKI492299203,1
59,還原淚,Kaho Hung,150,3B,44,2023-06-30,03:33,40,"cantopop, c-pop",還原淚,2022-10-05,43,69,0,60,0,10,-7,C♯/D♭ Major,4,4knMu3Cbg277Di6oEkpeRA,HKI492207217,1
60,追,Keung To,178,8B,37,2023-06-30,05:13,34,"cantopop, c-pop",追,2023-03-16,38,76,0,23,0,10,-8,C Major,4,3uHE0cVFDFDORAVhwLqL4p,HKUM72300042,1
61,坐看雲起時,Jer 柳應廷,132,9B,34,2023-06-30,05:15,34,"cantopop, taiwanese pop",坐看雲起時,2022-11-25,40,88,0,36,0,10,-8,G Major,4,6K6L5LL0lvfGGEqJxDavTn,HKG482210679,1
62,永順街39號,Anson Lo 盧瀚霆,137,9B,39,2023-06-30,04:40,38,"cantopop, c-pop",永順街39號,2022-11-12,57,87,0,52,0,10,-9,G Major,4,3b4dQtIVyVhQdbYVfrik0k,HKG482210674,1
63,We All Are,MIRROR,135,8B,46,2023-06-30,04:18,36,"cantopop, c-pop",We All Are,2022-10-10,40,60,0,48,0,10,-8,C Major,4,33NGVjht7ARoo8fhyYwrCE,HKG482210663,1
64,記得,Terence Lam,138,7B,13,2023-06-30,03:53,47,"cantopop, c-pop",MEMENTO,2022-08-12,41,94,0,37,0,10,-18,F Major,4,2i40AXmoYGkzzW3C3OUoG6,HKC991900025,1
65,Frenemy,"MC 張天賦,Kaho Hung",130,1B,51,2023-06-30,03:55,45,"cantopop, c-pop, taiwanese pop",Frenemy,2022-08-16,59,58,0,52,0,0,-8,B Major,4,1WzMnzTmdWbJZ3OhizMtbX,HKI492208209,1
66,自毀的程序,Jer 柳應廷,135,8B,55,2023-06-30,03:58,33,"cantopop, taiwanese pop",自毀的程序,2022-07-11,43,47,0,43,0,10,-6,C Major,4,5cGipBquhoVjNn5U6XX61k,HKG482210623,1
67,呼吸之間,Janice Vidal,172,11B,37,2023-06-30,04:13,28,"cantopop, c-pop, mandopop",DAUGHTER,2022-12-19,33,93,0,34,0,10,-11,A Major,4,4dvsr1yWOyx2W7f8pcfwEc,HKI492237208,1
68,Close Friend,Phoebus Ng 吳啟洋,127,2B,47,2023-06-30,03:51,26,cantopop,Close Friend,2022-09-06,57,13,0,32,0,10,-10,F#/G♭ Major,4,6vBzVohriVvGnK3aZJniNk,HKUM72200413,1
69,和暖的風,Byejack,158,2B,67,2023-06-30,02:40,29,"cantopop, canto r&b",和暖的風,2022-07-29,34,3,0,30,0,30,-5,F#/G♭ Major,4,0lQyky5oqyrhyBqIdudekJ,HKI492210203,1
70,救,Kaho Hung,59,1B,28,2023-06-30,04:09,29,"cantopop, c-pop",Learning Curve,2022-05-31,27,89,0,38,0,10,-12,B Major,4,3UfBhaoNQ60QMBrchYFw4D,HKI492207213,1
71,日出的缺口,Byejack,134,5B,62,2023-06-30,03:16,27,"cantopop, canto r&b",日出的缺口,2022-10-21,51,2,0,33,0,30,-7,D#/E♭ Major,4,7ap3XCfO7Wr5iO4K45sqrk,HKI492210204,1
72,我懂,Kaho Hung,177,7B,21,2023-06-30,04:52,28,"cantopop, c-pop",Learning Curve,2022-05-31,21,96,0,35,0,10,-14,F Major,3,4hBOEjWhdEnW0LftXZURLA,HKI492207214,1
73,這天那天某天,Kaho Hung,118,9B,32,2023-06-30,03:37,27,"cantopop, c-pop",Learning Curve,2022-05-31,62,92,0,53,0,10,-10,G Major,4,4RPkBZQpmDSB7H2nPGsSef,HKI492207210,1
74,防火門,Kaho Hung,136,6B,26,2023-06-30,03:49,26,"cantopop, c-pop",Learning Curve,2022-05-31,45,92,0,32,0,10,-12,A#/B♭ Major,4,5qo4h34MdPrIS2tjPSkr5V,HKI492207212,1
75,斷點,Hins Cheung,100,6B,38,2023-06-30,04:28,54,"cantopop, mandopop, c-pop, taiwanese pop",My Way,2002-01-01,66,78,0,20,0,10,-9,A#/B♭ Major,4,1sqxhKZSdY77KM2XM5oCwG,HKD550300003,1
76,櫻花樹下,Hins Cheung,144,11B,50,2023-06-30,04:09,56,"cantopop, mandopop, c-pop, taiwanese pop",Urban Emotions,2008-01-01,42,66,0,30,0,20,-5,A Major,4,2FgDWCqMCIAATvqr9ozeYm,HKUM70801065,1
77,Children Song,Endy Chow,158,1B,55,2023-06-30,05:48,47,cantopop,風起,2016-12-23,46,31,0,48,0,10,-6,B Major,4,5CamFNiR231zWyRQDDIRRr,HKC751500021,1
78,只是太愛你,Hins Cheung,130,6B,39,2023-06-30,04:08,58,"cantopop, mandopop, c-pop, taiwanese pop",P.S. I Love You (2nd Edition),2011-01-01,55,59,0,35,0,10,-9,A#/B♭ Major,4,0hEFpdoj2feFvKNs13MSwa,HKUM71100231,1
79,一表人才,"Edan 呂爵安,邱鋒澤 Feng Ze",136,11B,58,2023-06-30,04:19,44,"cantopop, c-pop, taiwanese pop, mandopop",一表人才,2021-11-19,50,54,0,49,0,10,-5,A Major,4,6zeblz6qaURo2JphS7XeFz,HKG482110580,1
80,背對背擁抱,JJ Lin,130,5B,56,2023-06-30,03:54,63,"mandopop, c-pop, taiwanese pop",JJ林俊傑100天,2009-12-18,39,64,0,35,0,20,-5,D#/E♭ Major,4,5OZeRuBBRpEY13BagcAOLJ,CNA650969706,1
81,Just Say Hello,Melo-D,144,12B,51,2023-06-30,04:48,8,,Just Say Hello,2022-05-11,67,43,0,46,0,10,-9,E Major,4,1fflhv9kqRw6rm50KaXcYm,FR96X2260912,1
82,那些年,Hu Xia,79,7B,53,2023-06-30,06:09,60,"gufeng, mandopop, c-pop, taiwanese pop",燃點,2012-02-24,54,30,0,22,0,10,-8,F Major,4,3v8FOuA8jxAC5SOA2uN6Mg,TWA471108014,1
83,我在呢,TANK 呂建忠,120,3B,45,2023-06-30,03:36,42,"mandopop, taiwanese pop, c-pop, gufeng",愛情進化論 (電視原聲帶),2018-08-02,56,59,0,32,0,10,-6,C♯/D♭ Major,4,1kjGa9daGpwsVFfKHsrRy6,TWD951887103,2
84,human,Christina Perri,144,4B,49,2023-06-30,04:10,69,soft pop,head or heart,2014-03-28,44,13,0,25,0,10,-6,G#/A♭ Major,4,4IqcDJPzDL8Hq8KwAX4jUE,USAT21304202,1
85,下一束光,吳林峰,132,10A,21,2023-06-30,05:16,40,cantopop,下一束光,2019-08-12,62,91,0,27,0,10,-13,B Minor,4,5VUVf5tMTfL8UwdOmiRxqJ,FR96X1902457,1
86,青春頌,Alfred Hui,139,8B,59,2023-06-30,04:40,41,"cantopop, c-pop",長大,2012-12-13,39,70,0,24,0,10,-7,C Major,4,6gquGEq3Wh3XLIddshZNei,HKG401200390,1
87,開不了心,Eason Chan,128,6B,60,2023-06-30,04:39,35,"cantopop, mandopop, c-pop, taiwanese pop",Great 5000 Secs Vol. 2,2005-06-07,54,36,0,33,0,0,-5,A#/B♭ Major,4,6DVRmy9jJBEbVicEI6aciY,hkd250513603,1
88,我落淚˙情緒零碎,Jay Chou,134,1B,67,2023-06-30,04:16,0,"mandopop, c-pop, taiwanese pop, gufeng, cantopop, chinese r&b",跨時代,2010-05-20,56,18,0,45,0,40,-9,B Major,4,29WAoBFCndvO78qMdDwNUl,TWK971001608,1
89,drunk text,Henry Moodie,95,8B,49,2023-06-30,03:07,2,,drunk text,2023-01-26,61,7,0,18,0,10,-5,C Major,3,0KpWiHVmIFDTvai20likX4,GBARL2202513,2
90,golden hour,JVKE,94,12B,59,2023-06-30,03:29,46,,golden hour,2022-07-15,52,65,16,15,0,20,-5,E Major,3,35d8St7WKSMAKaF1M7wFDw,GBKPL2204171,2
91,Somewhere Only We Know,Keane,172,11B,67,2023-06-30,03:57,88,,Hopes And Fears,2004-05-10,45,6,0,30,0,0,-4,A Major,4,1SKPmfSYaPsETbRHaiA18G,GBAAN0300664,1
92,Someone You Loved,Lewis Capaldi,110,3B,41,2023-06-30,03:02,87,soft pop,Divinely Uninspired To A Hellish Extent,2019-05-17,50,75,0,45,0,10,-6,C♯/D♭ Major,4,7qEHsqek33rTcFNT9PFqLf,DEUM71807062,1
93,孤单心事,颜人中,128,8B,40,2023-06-30,04:24,0,"mandopop, c-pop, chinese r&b",孤单心事（青春重置计画 3 剧好听）,2020-08-11,51,76,0,50,0,0,-9,C Major,4,5od0oYezSZrcTnK2eFn13n,CNE221900442,1
94,葡萄成熟時,Eason Chan,125,6B,57,2023-06-30,04:40,46,"cantopop, mandopop, c-pop, taiwanese pop",Solidays,2008-09-04,52,42,0,24,0,10,-6,A#/B♭ Major,4,09NTxlInvTsQicA2DcASim,HKG070510006,2
95,嘉宾,张远,72,11B,43,2023-06-30,05:33,3,"mandopop, gufeng, c-pop, taiwanese pop",嘉宾,2020-10-26,31,67,0,43,0,0,-9,A Major,4,1IVj6CsBbTgOEpo0W6hgwN,FRX202120278,1
96,勇氣,Michael Wong,115,8B,51,2023-06-30,04:18,39,"mandopop, c-pop, taiwanese pop, cantopop",約定,2006-03-03,54,13,0,31,0,10,-7,C Major,4,4i77uGgJCyERCmMcGs3Mcp,TWQ370601003,1
97,囍帖街,Kay Tse,126,8B,49,2023-06-30,03:31,60,"cantopop, taiwanese pop, c-pop, mandopop",Binary,2008-01-01,61,79,0,49,0,10,-8,C Major,4,3hU9nGBhYJQwvF8BJ4PUcE,HKUM70801425,1
98,一手造成,Winka 陳泳伽,124,9B,47,2023-06-30,03:38,40,cantopop,一手造成,2023-03-10,56,72,0,18,0,20,-6,G Major,4,7D0xhG1kyWghQgAbtHXoN4,HKG482310700,1
99,捱麵包的人,吳林峰,139,5B,43,2023-06-30,04:24,31,cantopop,捱麵包的人,2023-03-15,43,62,0,60,0,10,-8,D#/E♭ Major,4,6PPrI7Mywr44qHwzMyE6od,HKI432300059,1
100,我很快樂,Eric Chou,150,11B,45,2023-06-30,04:56,60,"mandopop, c-pop, taiwanese pop, chinese r&b",小時候的我們,2020-01-07,30,80,0,46,0,10,-8,A Major,4,0ztR7sCDXwCU5I8QJKemSU,TWAP11900510,1
101,想知道你在想什麼 - 《我吃了那男孩一整年的早餐》電影主題曲,Eric Chou,90,9B,30,2023-06-30,04:54,54,"mandopop, c-pop, taiwanese pop, chinese r&b",想知道你在想什麼 (《我吃了那男孩一整年的早餐》電影主題曲),2022-01-28,46,21,0,24,0,10,-12,G Major,4,6whxKQ0Ocn1FmzpDc7lTHq,TWAP12200006,1
102,雪落,kkisnotemo,133,6B,23,2023-06-30,04:33,6,cantopop,雪落,2022-02-26,39,84,0,42,0,10,-10,A#/B♭ Major,4,0wQi0Ge3iGbxOa8LrVMZm6,QZDA72220232,1
103,童話,Michael Wong,136,2B,41,2023-06-30,04:06,64,"mandopop, c-pop, taiwanese pop, cantopop",十光年精選輯,2006-09-15,54,77,0,31,0,10,-7,F#/G♭ Major,4,6NCylXeJcHOI908PjZDFcg,TWA450582102,1
104,Until I Found You (with Em Beihold) - Em Beihold Version,"Stephen Sanchez,Em Beihold",101,6B,55,2023-06-30,02:56,79,,Until I Found You (Em Beihold Version),2022-04-22,55,78,0,34,0,20,-5,A#/B♭ Major,3,1Y3LN4zO1Edc2EluIoSPJN,USUG12202266,1
105,Here With Me,d4vd,132,12B,47,2023-06-30,04:02,5,,Here With Me,2022-09-22,57,53,0,29,0,10,-8,E Major,4,78Sw5GDo6AlGwTwanjXbGh,QZMEM2209263,2
106,明明就,Jay Chou,113,11B,43,2023-06-30,04:20,1,"mandopop, c-pop, taiwanese pop, gufeng, cantopop, chinese r&b",十二新作,2012-12-28,54,14,0,17,0,0,-9,A Major,4,04x6DpeFQ72efXsD0DmWPQ,TWK971201104,1
107,世一,MC 張天賦,142,10B,56,2023-06-30,04:23,54,"cantopop, c-pop, taiwanese pop",This is MC,2023-01-20,55,75,0,37,0,10,-7,D Major,4,3IxGmKdOkv7tgMCzyKF2Xm,HKI492308245,1
108,最低保障,MC 張天賦,128,8B,47,2023-06-30,04:01,33,"cantopop, c-pop, taiwanese pop",This is MC (Deluxe),2023-03-15,61,68,0,47,0,10,-7,C Major,4,1O2JmIWLCE4mnyiv1xUCAu,HKI492308253,1
109,聖誕很忙,"MC 張天賦,Kaho Hung",134,1B,38,2023-07-01,03:57,42,"cantopop, c-pop, taiwanese pop",聖誕很忙,2021-12-16,51,83,0,22,0,10,-8,B Major,4,3Tp3NMKc3zX2Yi1WfUecmF,HKI492108215,1
110,風雨不改 (電影《阿媽有咗第二個》主題曲),Keung To,63,8B,20,2023-07-02,05:08,36,"cantopop, c-pop",風雨不改 (電影《阿媽有咗第二個》主題曲),2022-08-17,32,94,0,29,0,0,-12,C Major,4,172oAbLGpgeCsukno7oBRe,HKG482210625,1
111,Wherever You Are,P1X3L,200,2B,40,2023-07-02,03:58,18,cantopop,Wherever You Are,2022-11-11,43,76,0,37,0,10,-9,F#/G♭ Major,4,2Upg9XxkkvKSRcY4izkaLC,HKUM72200598,1
112,離別的規矩,Jer 柳應廷,139,7B,42,2023-07-02,04:42,34,"cantopop, taiwanese pop",離別的規矩,2022-04-20,34,79,0,47,0,10,-7,F Major,3,5tHHZJbJgs6zQmvqewePEf,HKG482210607,1
113,某種老朋友,Terence Lam,144,1A,39,2023-07-02,04:30,45,"cantopop, c-pop",某種老朋友,2022-02-17,36,92,1,41,0,10,-13,G#/A♭ Minor,4,4c9hHw1PUYXHfKFASXo8H0,HKC991900021,1
114,如果可以 - 電影 月老 主題曲,WeiBird,75,5B,54,2023-07-02,04:34,67,"mandopop, taiwanese pop, c-pop, chinese r&b",如果可以 (電影 月老 主題曲),2021-11-05,54,24,0,37,0,30,-6,D#/E♭ Major,4,72OVnXDzugvrCU25lMi9au,TWA472116001,1
115,想見你想見你想見你 - 電視劇《想見你》片尾曲,831,130,2B,67,2023-07-02,03:59,65,"mandopop, taiwanese pop, c-pop, chinese rock",想見你想見你想見你 (電視劇《想見你》片尾曲),2019-11-11,55,40,0,43,0,10,-6,F#/G♭ Major,4,69zgyr5HVKdInjeKpq1qHa,TWA451900058,1
116,歲月如歌,Eason Chan,140,5B,43,2023-07-02,03:27,56,"cantopop, mandopop, c-pop, taiwanese pop",Live For Today,2003-07-22,59,83,0,45,0,10,-7,D#/E♭ Major,4,209lkexhDOdjGJMv9iw3rJ,HKD250319011,1
117,單車,Eason Chan,130,9B,35,2023-07-02,03:31,56,"cantopop, mandopop, c-pop, taiwanese pop",Shall We Dance? Shall We Talk!,2001-03-28,64,75,0,31,0,0,-11,G Major,4,2AllsVsmrJkEwXPXwDBCQu,hkh090112507,1
118,葡萄成熟時,Eason Chan,125,6B,57,2023-07-02,04:37,54,"cantopop, mandopop, c-pop, taiwanese pop",U 87,2005-01-01,52,42,0,22,0,10,-6,A#/B♭ Major,4,3ehzxWtA5tXu8o3zFdhNSq,HKG070510006,2
119,永不失聯的愛,Eric Chou,170,6B,43,2023-07-02,04:18,65,"mandopop, c-pop, taiwanese pop, chinese r&b",如果雨之後,2017-12-15,29,62,0,53,0,10,-7,A#/B♭ Major,4,46fURCnWErjFdNM2yBJ2c8,TWA471715006,1
120,你不屬於我 - 《比悲傷更悲傷的故事》影集版片尾曲,Eric Chou,75,11B,39,2023-07-02,05:22,60,"mandopop, c-pop, taiwanese pop, chinese r&b",你不屬於我 (《比悲傷更悲傷的故事》影集版片尾曲),2021-10-22,36,86,0,28,0,10,-9,A Major,4,5Y47GrCrjQY44qFv8Gt0Gm,TWAP12100004,1
121,小幸運,Hebe Tien,158,8B,41,2023-07-02,04:25,62,"mandopop, c-pop, taiwanese pop",小幸運,2015-07-10,52,75,0,51,0,10,-9,C Major,4,1ZeVIrCWzEmsJexkrgvjFv,TWD951562101,1
122,護航,Alfred Hui,140,11B,59,2023-07-02,03:33,0,"cantopop, c-pop",Colour By Numbers,2015-01-12,50,69,0,40,0,0,-8,A Major,4,2dXUNawqLOthmGP1VBy20O,HKJ341400075,1
123,時光,Alfred Hui,111,6B,35,2023-07-02,04:19,26,"cantopop, c-pop",The Times,2013-12-18,58,49,0,36,0,10,-10,A#/B♭ Major,4,1qY4Fp2vwipMG6VfjJPnZV,hkg401300450,1
124,你是你本身的傳奇,Charmaine Fong,130,6B,42,2023-07-02,03:48,36,"cantopop, c-pop",404 Not Found,2015-12-16,66,83,0,43,0,0,-7,A#/B♭ Major,4,5uMkdWf1H6JEcpcdnPOSZM,HKH611500266,1
125,假使世界原來不像你預期,Charmaine Fong,140,6B,43,2023-07-02,04:31,13,"cantopop, c-pop",LOST n FOUND,2021-10-08,52,68,0,34,0,10,-8,A#/B♭ Major,4,4UfEoZhydEepAaggFcRf3e,HKH611700202,1
126,我的天,Hins Cheung,100,3B,44,2023-07-02,04:30,47,"cantopop, mandopop, c-pop, taiwanese pop",酷愛,2007-01-01,37,70,0,24,0,10,-7,C♯/D♭ Major,4,6aApRAfQYk2YVWv52gfJCn,HKUM70703120,1
127,百年樹木,Hins Cheung,140,8B,35,2023-07-02,05:06,43,"cantopop, mandopop, c-pop, taiwanese pop",Senses Inherited,2018-12-21,47,57,0,34,0,20,-8,C Major,4,5ql4tlxS3GtADNsSRi2GnW,HKD251800065,1
128,凡星,Panther Chan,158,5B,57,2023-07-05,04:44,46,cantopop,凡星,2021-08-15,51,43,0,27,0,0,-6,D#/E♭ Major,4,7eZJLfMQ5mDtejHitRkzRf,HKI492106206,1
129,給缺席的人唱首歌,Jay Fung,134,8B,60,2023-07-05,03:57,52,"cantopop, c-pop",Love & Loss,2022-12-28,58,59,0,45,0,10,-6,C Major,4,1jPDZpQoMwgmP3CzmIiTxB,HKH612200053,1
130,Wish You The Best,Lewis Capaldi,108,5B,48,2023-07-05,03:30,76,soft pop,Broken By Desire To Be Heavenly Sent,2023-05-19,68,55,0,49,0,0,-4,D#/E♭ Major,4,3gdPwk2wyOXNRnTA1KXnEr,DEUM72206010,1
131,Haven't You Ever Been In Love Before?,Lewis Capaldi,110,3B,71,2023-07-05,03:50,59,soft pop,Broken By Desire To Be Heavenly Sent,2023-05-19,58,28,0,18,0,10,-4,C♯/D♭ Major,4,7136zBuda3024ZQUTBB1Vg,DEUM72206974,1
132,STAY (with Justin Bieber),"The Kid LAROI,Justin Bieber",170,3B,76,2023-07-05,02:21,9,,F*CK LOVE 3: OVER YOU,2021-07-23,59,4,0,48,0,10,-5,C♯/D♭ Major,4,5PjdY0CKGZdEuoNab3yDmX,USSM12103949,1
133,たぶん,YOASOBI,90,7B,66,2023-07-05,04:16,68,"j-pop, anime",THE BOOK,2021-01-06,75,16,0,74,0,10,-7,F Major,4,398dL22bDbKbAmiOnPaq7o,JPP302000323,1
134,好きだから。,Yuika,165,8B,50,2023-07-05,04:58,68,j-pop,好きだから。,2021-06-27,61,24,0,71,0,30,-6,C Major,4,02xwA3Ej9NPetftp9V7VZ3,JPPO02101687,1
135,優しい彗星,YOASOBI,90,7B,71,2023-07-05,03:33,55,"j-pop, anime",THE BOOK 2,2021-12-01,71,18,0,59,0,10,-4,F Major,4,5MUb136to9lnJLfIy5FZKI,JPP302000761,1
136,聽風,Terence Lam,160,10B,14,2023-07-06,03:18,36,"cantopop, c-pop",聽風,2019-08-28,31,92,0,43,0,10,-18,D Major,4,5IIkVc5iVM08r15PG0vV8V,HKC991900002,1
137,我們都是別人口中的壞人,"Nine Chen,Edan 呂爵安",77,10B,51,2023-07-06,04:56,30,"mandopop, taiwanese pop, c-pop, chinese r&b, cantopop",Sing to L9VE,2023-07-07,50,67,0,20,0,20,-6,D Major,4,2st1FcxkA5P73PbmUEEsRk,TWA452314107,1
138,Count on Me,Bruno Mars,89,8B,39,2023-07-07,03:17,81,,Doo-Wops & Hooligans,2010-05-11,59,85,0,50,0,0,-6,C Major,4,7l1qvxWjxcKpB9PCtBuTbU,USEE11000168,1
139,陀飛輪,Eason Chan,134,8B,29,2023-07-09,04:38,55,"cantopop, mandopop, c-pop, taiwanese pop",Time Flies,2010-01-01,54,93,0,36,0,10,-9,C Major,4,0pmGleExiQyd0HxV5kAOwK,HKUM71000251,1
140,怪我只敢做好人,Terence Lam,124,8B,36,2023-07-10,03:58,35,"cantopop, c-pop",怪我只敢做好人,2023-07-10,63,77,48,28,0,10,-12,C Major,4,3xO69oVpP3pSIKG9CIMEm4,HKC992300057,1
141,有天我會好 - 國,Joyce Cheng,130,12B,37,2023-07-11,02:49,17,"cantopop, c-pop",Joyce To The World,2021-12-28,45,82,0,21,0,10,-10,E Major,4,6p2E8NoQDp8jr71sCoP6zg,HKH612100092,1
142,Peter Pan Was Right,Anson Seabra,84,7B,52,2023-07-11,03:12,65,,Peter Pan Was Right,2022-04-29,66,22,0,24,0,10,-8,F Major,4,2At18rPHOuTEjGEppwGV0A,QZPY62200098,1
143,Christmas List,Anson Seabra,143,6B,25,2023-07-11,03:21,40,,Christmas List,2022-11-30,45,68,0,26,0,10,-10,A#/B♭ Major,4,3tIFJcxOORa8WkTZBrpxSn,QZTAZ2265970,1
144,Hard To Be Human,Anson Seabra,99,10B,28,2023-07-11,02:50,48,,Hard To Be Human,2022-11-04,70,89,0,20,0,20,-13,D Major,3,3rhcTGF7AK0QsSzMmLVkqu,QZRP52280252,1
145,逃生門 (feat. 王灝兒) - 門外版,"Endy Chow,JW",148,3B,44,2023-07-12,04:29,40,"cantopop, c-pop",逃生門 (feat. 王灝兒) [門外版],2019-11-13,54,63,0,36,0,0,-10,C♯/D♭ Major,4,2WMOgfhslraKnEEbXSL5JJ,HKC751900052,1
146,當我迷失時聽著的歌,Panther Chan,142,1B,61,2023-07-12,04:22,42,cantopop,1029,2019-05-20,53,60,0,18,0,10,-7,B Major,4,70Ol6rjehCLS0epkW4XfdW,HKJ951700008,1
147,留下來的人,C AllStar,157,3B,44,2023-07-12,04:04,49,"cantopop, c-pop",人類世,2021-11-26,40,50,0,35,0,0,-8,C♯/D♭ Major,4,0NaXXkY7Lss2VF3sYISJXG,HKH612100014,1
148,人類群星閃耀時 – From THE FIRST TAKE,MIRROR,153,2A,58,2023-07-13,05:13,29,"cantopop, c-pop",人類群星閃耀時 – From THE FIRST TAKE,2023-05-19,38,17,0,29,0,0,-7,D#/E♭ Minor,4,0wn6RJbs19D8DuIMVGyWzd,HKA412300037,1
149,兜圈,Yoga Lin,118,9B,37,2023-07-13,04:03,52,"mandopop, taiwanese pop, c-pop, chinese r&b, taiwanese indie, cantopop",必娶女人 (電視原聲帶),2015-11-20,59,82,0,31,0,10,-8,G Major,4,5CcqjfODDoSpI1xuTg9NCC,TWD951567102,1
150,未來的回憶,Hins Cheung,125,12B,36,2023-07-18,04:15,25,"cantopop, mandopop, c-pop, taiwanese pop",Love & Living,2009-01-01,36,79,0,22,0,10,-9,E Major,4,47DRVsIoHYYrO8AyRoCOfs,HKUM70900088,1
151,E先生 愛人執照,Edan 呂爵安,142,6B,48,2023-07-18,04:47,38,"cantopop, c-pop, taiwanese pop",E先生 愛人執照,2023-07-18,50,50,0,35,0,0,-8,A#/B♭ Major,4,2jTrNOXo88jG31MJZEYuKb,HKG482310735,1
152,我不願讓你一個人,Mayday,144,9B,51,2023-07-18,04:25,58,"mandopop, taiwanese pop, c-pop, chinese rock",第二人生(明日版),2011-12-16,47,43,0,41,0,40,-7,G Major,4,0I2We7TVGZhimAXUswSfMl,TWK231105503,1
153,別再想見我,許光漢,142,4B,37,2023-07-18,04:30,42,"taiwanese indie, chinese r&b, mandopop, chinese indie, c-pop, taiwanese pop",別再想見我,2020-10-27,45,74,0,49,0,10,-9,G#/A♭ Major,4,7xv1df9mhiy8JyPvaUW61f,TWEX52000101,1
154,知足,Mayday,160,12B,23,2023-07-20,04:16,0,"mandopop, taiwanese pop, c-pop, chinese rock",知足 just my pride 最真傑作選,2005-08-26,41,88,0,40,0,10,-9,E Major,4,4YJcQNIIdAJL9yrtHKLCXh,TWA450586301,1
155,浪漫殺死巨蟹座,Anson Lo 盧瀚霆,130,9B,45,2023-07-21,04:04,40,"cantopop, c-pop",浪漫殺死巨蟹座,2023-07-21,62,59,0,47,0,10,-8,G Major,4,2fOpn6RdCJzcYl32PZCMM3,HKG482310737,1
156,摯友,Eric Chou,136,6B,38,2023-07-25,05:13,65,"mandopop, c-pop, taiwanese pop, chinese r&b",摯友,2023-05-17,35,70,0,39,0,10,-7,A#/B♭ Major,4,5evE7bweEhX83fd1ZmwPjP,TWAP12300010,1
157,講再見,Goochan,120,12B,59,2023-07-29,04:21,16,"cantopop, chinese r&b",講再見,2023-04-10,50,12,0,26,0,20,-8,E Major,4,6A1Nw8alBWUyvxhTRSBxVG,QZHN72384910,1
158,Alone,Jon Caryl,82,10B,40,2023-07-29,03:09,41,,Alone,2022-03-18,51,71,2,18,0,10,-12,D Major,4,79GBqm87AiZSJBMg9rhxnL,QZDA52220421,1
159,二期大樓,陳卓賢 Ian,140,5B,36,2023-07-30,03:59,36,"cantopop, c-pop, taiwanese pop",二期大樓,2020-06-01,63,58,0,56,0,10,-12,D#/E♭ Major,4,79WiPhnL73wsJlCGOaWKfc,VAISRCMN020000098,1
160,霸氣情歌,Jason Chan,140,2B,44,2023-08-05,03:47,40,"cantopop, c-pop",I,2017-11-24,51,50,0,26,0,10,-10,F#/G♭ Major,4,0e3nb2Nttd12LNBhweuNms,HKA411700073,1
161,到此為止,Dear Jane,130,10B,83,2023-08-07,04:16,49,"cantopop, v-pop, c-pop, taiwanese pop",Infinity & Eternity,2019-03-21,41,1,0,30,0,20,-3,D Major,4,5k6GO6sQFmBPz0huGhsv82,HKI491999103,1
162,青春修炼手册,TFBOYS,130,1A,92,2023-08-09,04:23,0,"c-pop, mandopop",青春修炼手册,2017-01-01,70,4,0,56,10,20,-5,G#/A♭ Minor,4,7FrSronLW3WJJEVMvyRcdX,CNT081400004,1
163,好好掛住,陳健安,136,9B,35,2023-08-09,04:51,36,cantopop,好好掛住,2023-06-13,48,63,0,32,0,10,-11,G Major,4,0QA3wOHY0d8IYsevIrBrce,HKH612300028,1
164,好好 (想把你寫成一首歌),Mayday,134,8B,35,2023-08-10,03:18,49,"mandopop, taiwanese pop, c-pop, chinese rock",自傳,2016-07-21,57,80,0,60,0,10,-8,C Major,4,1Rxn57Wwv6hQUu60MIiMMJ,TWK231610203,1
165,Burning,Lewis Capaldi,108,5B,54,2023-08-12,03:36,53,soft pop,Broken By Desire To Be Heavenly Sent,2023-05-19,53,37,0,35,0,0,-4,D#/E♭ Major,4,3IwQl5UXtkFM4DiLmvV0WD,DEUM72206976,1
166,距離,麗英,144,8B,28,2023-08-15,04:22,27,cantopop,距離,2020-09-09,64,83,0,38,0,10,-8,C Major,4,4jxVPx9LaVbEtJlWTUcqQ1,HKG482010444,1
167,慢慢喜歡你 - Live at EasON AIR,Eason Chan,130,6B,32,2023-08-17,04:19,32,"cantopop, mandopop, c-pop, taiwanese pop",EasON AIR,2022-09-12,57,85,0,30,0,0,-13,A#/B♭ Major,4,2TCxRKDLjTJpi3OJOnr9VF,HKJ632203002,1
168,Rewrite The Stars,"Zac Efron,Zendaya",125,6B,62,2023-08-19,03:37,74,"musicals, ",The Greatest Showman (Original Motion Picture Soundtrack),2017-12-08,68,7,0,28,0,10,-7,A#/B♭ Major,4,65fpYBrI8o2cfrwf2US4gq,USAT21704623,1
169,甘心替代你 - 2020 Music Suite Live,Gin Lee,148,9B,42,2023-08-21,03:25,44,"cantopop, c-pop, mandopop",Dear Secret (2nd edition),2021-02-10,39,84,0,32,0,10,-7,G Major,4,5aB9F7Ku4KwzuvEmQqXnPI,HKUM72100007,1
170,Again!,Edan 呂爵安,164,3B,68,2023-08-22,03:44,36,"cantopop, c-pop, taiwanese pop",Again!,2023-08-22,44,20,0,56,0,0,-5,C♯/D♭ Major,4,3gQY0ZPLRoANIVHwNtnsz3,HKG482310743,1
171,Is It Just Me?,Emily Burns,73,12A,32,2023-08-23,03:23,55,,My Town,2019-11-20,72,75,0,24,0,10,-7,C♯/D♭ Minor,4,1o2E5CwlBWuVElc41EqOSU,GBUM71905249,1
172,vampire,Olivia Rodrigo,137,7B,53,2023-08-25,03:39,5,,vampire,2023-06-30,48,15,0,32,0,20,-6,F Major,4,3k79jB4aGmMDUQzEwa46Rz,USUG12304091,1
173,空白格,Tanya Chua,74,8B,22,2023-08-27,04:12,50,"mandopop, taiwanese pop, c-pop",Goodbye & Hello,2007-10-19,34,96,0,33,0,20,-12,C Major,4,6t2Pr9rcdVzvuAFuGJt8Fb,TWJ010700404,1
174,原來她不夠愛我,Kwan Gor,135,6B,70,2023-08-27,03:53,48,"cantopop, c-pop",原來她不夠愛我,2015-04-24,55,28,0,36,0,20,-5,A#/B♭ Major,4,4n5zyjjuwsLOeJn73BmKtV,HKE971504801,1
175,阿波羅,Jeremy Lee 李駿傑,145,4A,52,2023-08-29,04:49,26,cantopop,阿波羅,2022-10-27,30,81,0,36,0,10,-7,F Minor,4,23ziTCtVHy20Yk6gbXU6QV,HKG482210666,1
176,仍然是那個少年,陳健安,146,12B,73,2023-08-29,04:24,26,cantopop,仍然是那個少年,2023-08-29,49,5,0,41,0,10,-4,E Major,4,5urbsSwb4fPvE2mg18LLmG,HKH612300044,1
177,抽,MC 張天賦,140,5B,41,2023-08-29,04:02,45,"cantopop, c-pop, taiwanese pop",抽,2023-07-27,56,81,0,48,0,10,-8,D#/E♭ Major,4,7mz4dDKFWSwj7cjnJeITBH,HKI492308261,1
178,"December, 25","Byejack,dytheprince",125,4A,53,2023-08-29,03:06,29,"cantopop, canto r&b","December, 25",2020-12-25,60,47,0,26,0,10,-10,F Minor,4,15XAeJiTSKYRaf3ZGsK4bi,QZNWZ2082309,1
179,Right Here Waiting,Richard Marx,178,8B,25,2023-08-29,04:24,79,soft rock,Repeat Offender,1989-01-01,40,80,0,13,0,10,-14,C Major,4,4LFwNJWoj74Yd71fIr1W8x,USEM38900208,1
180,我愛的人,Yoga Lin,132,10B,42,2023-08-31,04:29,38,"mandopop, taiwanese pop, c-pop, chinese r&b, taiwanese indie, cantopop",星光同學會 - 超級星光大道10強紀念合輯,2007-06-29,63,56,0,18,0,10,-10,D Major,4,20wYmxFhrxw6Cgs32MUlvg,TWD950728103,1
181,November 12,Byejack,130,2B,61,2023-08-31,03:22,32,"cantopop, canto r&b",November 12,2023-02-14,56,39,0,23,0,10,-8,F#/G♭ Major,4,5tiZ8wO38MV7XnEnnpylli,HKI492310201,1
182,Distance (Mandarin Version),陳卓賢 Ian,75,3B,77,2023-09-01,03:20,30,"cantopop, c-pop, taiwanese pop",Distance (Mandarin Version),2023-09-01,39,21,0,58,20,10,-5,C♯/D♭ Major,1,3qUObXucAc56ax5DSzcUF1,HKG482310749,1
183,以為只是沒送花,193,100,4B,50,2023-09-01,04:31,22,cantopop,以為只是沒送花,2023-08-16,63,25,0,37,0,10,-8,G#/A♭ Major,4,48Vtl2U76KGRvOYOOJP8rN,HKG482310742,1
184,Perfect,Ed Sheeran,95,4B,45,2023-09-04,04:23,89,soft pop,÷ (Deluxe),2017-03-03,60,16,0,17,0,10,-6,G#/A♭ Major,3,0tgVpDi06FyKpA1z0VMD4v,GBAHS1700024,2
185,Off My Face,Justin Bieber,91,12B,23,2023-09-05,02:36,77,,Justice,2021-03-19,51,92,0,59,0,10,-9,E Major,4,3T03rPwlL8NVk1yIaxeD8U,USUM72102631,1
186,眼淚記得你 - 電影《想見你》主題曲,Shi Shi,130,9B,32,2023-09-05,04:04,58,"chinese r&b, taiwanese indie, mandopop, taiwanese pop, c-pop, chinese indie",眼淚記得你,2022-12-23,37,67,0,10,0,10,-9,G Major,4,0USeB0Tykai3QZj5YAUclG,TWA452200112,1
187,仍在,陳卓賢 Ian,168,11B,39,2023-09-08,04:38,44,"cantopop, c-pop, taiwanese pop",仍在,2023-09-08,45,84,0,43,0,10,-10,A Major,4,1rPPxVHA0YWiUzxzuFlQDN,HKG482310751,1
188,彩虹,Jay Chou,148,8B,28,2023-09-08,04:21,1,"mandopop, c-pop, taiwanese pop, gufeng, cantopop, chinese r&b",我很忙,2008-03-10,61,78,0,35,0,10,-10,C Major,4,4KJx4IOvCU2isprmXio9Xk,TWK970701302,1
189,My Secret Park,Kaho Hung,75,12B,76,2023-09-13,03:16,31,"cantopop, c-pop",My Secret Park,2023-02-14,60,42,0,54,0,10,-6,E Major,4,5e2rRSrFrisB661ithWQlF,HKI492307223,1
190,Enchanted,Taylor Swift,82,4B,62,2023-09-16,05:52,73,,Speak Now,2010-10-25,54,7,0,23,0,10,-4,G#/A♭ Major,4,04S1pkp1VaIqjg8zZqknR5,USCJY1003663,3
191,One Last Time,Ariana Grande,125,4B,59,2023-09-18,03:17,86,pop,My Everything (Deluxe),2014-08-22,63,9,0,10,0,10,-5,G#/A♭ Major,4,7xoUc6faLbCqZO6fQEYprd,USUM71409723,3
192,失約巴黎,Jeffrey 魏浚笙,143,1B,66,2023-09-20,03:42,42,cantopop,失約巴黎,2023-09-07,44,6,0,43,0,10,-6,B Major,4,4BEltAGEqpAGiZHakYyRE9,HKC992322302,1
193,相信愛,Eric Chou,75,12B,43,2023-09-21,04:26,47,"mandopop, c-pop, taiwanese pop, chinese r&b",小時候的我們,2020-01-07,60,75,0,38,0,10,-7,E Major,4,2ddl2ugwlZQGZiAvzJd8hR,TWAP11900507,1
194,她說,JJ Lin,169,8B,33,2023-09-21,05:18,63,"mandopop, c-pop, taiwanese pop",她說,2010-12-08,34,95,0,33,0,0,-7,C Major,4,632VyMrvhsHIsO4zq9khts,TWB671005201,1
195,修煉愛情,JJ Lin,135,5B,63,2023-09-21,04:47,65,"mandopop, c-pop, taiwanese pop",因你 而在,2013-03-13,43,63,0,23,0,10,-4,D#/E♭ Major,4,101iWa6yaODTI0RWewMK1B,TWA531398004,2
196,答案,kkisnotemo,128,6B,24,2023-09-26,05:00,7,cantopop,答案,2023-09-18,46,85,0,20,0,10,-13,A#/B♭ Major,4,4AeGPDzAwPSMRyGaNuyGLQ,QZTAX2388381,1
197,我怎麼哭了,831,132,2B,56,2023-09-28,04:54,45,"mandopop, taiwanese pop, c-pop, chinese rock",大逃殺,2014-11-28,49,28,0,31,0,0,-6,F#/G♭ Major,4,25tUA3vWZhsC8mHh8zcU23,TWA451408305,1
198,只要你不尷尬,Kaho Hung,115,11B,69,2023-10-02,04:03,33,"cantopop, c-pop",只要你不尷尬,2023-10-03,72,55,0,69,0,10,-7,A Major,4,1UdxSRCOnftG6I2dVBkHXH,HKI492307232,1
199,裹著心的光,JJ Lin,136,8B,53,2023-10-10,04:33,54,"mandopop, c-pop, taiwanese pop",裹著心的光,2021-06-09,42,16,0,32,0,0,-5,C Major,4,6ZpJxisQKOVQTthzmfN8TT,TWA532100868,1
200,Focus on me,Cha Eun-Woo,183,5B,37,2023-10-10,03:40,44,,Focus on me (The Villainess is a Marionette X CHAEUNWOO),2022-02-22,38,83,0,33,0,20,-6,D#/E♭ Major,4,79DhpB14zhaQ9wUP582Mcb,KRA382203661,1
201,Love so Fine,Cha Eun-Woo,104,7B,63,2023-10-10,03:09,60,,"True Beauty, Pt. 8 (Original Television Soundtrack)",2021-02-03,65,37,0,62,0,0,-3,F Major,4,5vLh2E2BqadttPtaylJno1,KRA492100122,1
202,好奇殺死愛,Kaho Hung,77,1B,40,2023-10-11,03:48,32,"cantopop, c-pop",Curiosity,2018-12-17,60,55,0,36,0,10,-9,B Major,4,6mPETlPYSIsvBiq9HCnNP1,HKI491807105,1
203,十號儲物櫃,Kaho Hung,146,4B,56,2023-10-11,03:38,29,"cantopop, c-pop",Learning Curve,2022-05-31,59,46,0,39,0,10,-7,G#/A♭ Major,4,2LxqTWieP5JQHdMIIKr8l7,HKI491907201,1
204,心淡,Joey Yung,126,7B,49,2023-10-16,04:08,57,"cantopop, c-pop, mandopop, taiwanese pop",我的驕傲,2003-03-25,66,70,0,38,0,10,-7,F Major,4,0Eum5dQqpUDgwJiUucG3QU,hkd250317806,1
205,逃避雖可恥但有用,Cecilia So,134,7B,38,2023-10-17,03:55,18,cantopop,metamorphosis,2023-10-17,57,79,0,26,0,0,-8,F Major,4,3QOiaqeWH44Hu1koIgdNrj,HKI492320203,1
206,Starlight,CHA NI (SF9),132,3B,49,2023-10-17,04:23,52,soundtrack,True Beauty (Original Television Soundtrack),2021-02-05,45,22,0,15,0,10,-6,C♯/D♭ Major,4,0rRANEjfIqzHFHfszRegeI,KRA492100024,1
207,拋物線 (音樂永續作品),Terence Lam,72,7B,25,2023-10-20,05:13,34,"cantopop, c-pop",拋物線 (音樂永續作品),2021-01-29,37,94,0,29,0,10,-11,F Major,4,32tG4pA0TCXYxMJt5Gpc3l,HKC991900013,1
208,不喜歡沒有你的地方,Eric Chou,108,9B,24,2023-10-20,03:47,54,"mandopop, c-pop, taiwanese pop, chinese r&b",不喜歡沒有你的地方,2023-10-20,41,79,0,41,0,30,-12,G Major,4,1R0OkkgvpoIqA0XdU0YSp4,TWAP12300011,1
209,"Love, Maybe",MeloMance,172,4B,73,2023-10-21,03:05,67,"k-ballad, k-pop","Love, Maybe (A Business Proposal OST Special Track)",2022-02-18,40,51,0,63,0,10,-4,G#/A♭ Major,4,2X45nVBeYzmDlrXji9Av0Q,KRA382203167,2
210,想創 - SUMMER BLUES Live,Terence Lam,170,8B,53,2023-10-23,04:28,28,"cantopop, c-pop",SUMMER BLUES,2023-06-16,34,59,0,23,0,50,-8,C Major,4,2pwFSWC26j4Z8YUjc3pAiD,HKC992300025,1
211,潛水 - SUMMER BLUES Live,Terence Lam,113,7B,68,2023-10-24,03:50,25,"cantopop, c-pop",SUMMER BLUES,2023-06-16,47,71,0,37,0,50,-6,F Major,3,5TQabCQpZc6AtQo4qLesIV,HKC992300031,1
212,十號儲物櫃,洪嘉豪,146,4B,56,2023-10-24,03:38,27,,十號儲物櫃,2019-06-03,59,46,0,39,0,10,-7,G#/A♭ Major,4,0RZuGwNBvkT0oPDKo5Y1su,HKI491907201,1
213,24/7 戀人,Kaho Hung,117,10B,55,2023-10-24,03:31,23,"cantopop, c-pop",Learning Curve,2022-05-31,59,55,0,32,0,10,-7,D Major,4,275DrXqQs1FDEMwTlp4FJ1,HKI492207203,1
214,掉進海的眼淚,Kaho Hung,124,4B,57,2023-11-17,03:59,48,"cantopop, c-pop",掉進海的眼淚,2018-11-14,52,65,0,36,0,10,-6,G#/A♭ Major,4,14E27fUMTIrhQtOxMWP0py,HKI491807103,2
215,活人鏢靶,Kaho Hung,140,9B,35,2023-10-24,03:35,27,"cantopop, c-pop",活人鏢靶,2022-04-26,52,94,0,68,0,20,-13,G Major,4,1TyUMXsMJfEKo4zfjwhCza,HKI492207211,1
216,以朋友的身份,于冬然,124,5B,66,2023-10-27,03:30,54,"mandopop, c-pop",以朋友的身份,2023-10-27,64,68,0,33,0,10,-5,D#/E♭ Major,4,7zYMWbC1ABibwQmJyESgc6,DGA0H2325087,1
217,惡作劇完成,麗英,92,8B,64,2023-10-28,03:42,30,cantopop,惡作劇完成,2022-11-24,71,25,0,59,0,30,-7,C Major,4,3WDXsnzbshvwHfZcQDFD8z,HKJ962217004,1
218,嘉宾 - 粤语版,张远,75,11B,41,2023-11-02,05:33,0,"mandopop, gufeng, c-pop, taiwanese pop",嘉宾 (粤语版),2022-07-24,57,57,0,39,0,0,-9,A Major,4,769uz36DP5d5iUKg3k64jO,FR10S2305915,1
219,Seven (feat. Latto),"Jung Kook,Latto",125,1B,84,2023-11-05,03:04,80,"k-pop, ",Seven (feat. Latto),2023-07-14,79,30,0,90,0,0,-4,B Major,4,7x9aauaA9cu6tyfpHnqDLo,USA2P2330093,1
220,Fictional,Khloe Rose,130,10B,65,2023-11-06,03:43,63,,The In Between,2023-08-18,68,36,0,51,0,0,-7,D Major,4,56xb5xXdUopdjiknbFmC4W,USQX92301920,1
221,Night Changes,One Direction,120,4B,52,2023-11-06,03:46,88,,FOUR (Deluxe),2014-11-17,67,86,0,37,0,10,-8,G#/A♭ Major,4,5O2P9iiztwhomNh8xkR9lJ,GBHMU1400165,1
222,是但求其愛,Eason Chan,182,2B,27,2023-11-10,04:29,46,"cantopop, mandopop, c-pop, taiwanese pop",是但求其愛,2020-11-19,33,94,0,25,0,30,-10,F#/G♭ Major,4,4IkQXb1IdIziAJmO3FODo7,HKJ632005001,1
223,白愛,"TakaseToya,Anson Kong 江𤒹生",136,11B,29,2023-11-15,03:38,33,"j-pop, cantopop, taiwanese pop",白愛,2023-11-15,66,82,0,41,0,10,-9,A Major,4,5z09FoC3OnYN7w9RnNZys1,HKG482310780,1
224,孤獨先生,Phoebus Ng 吳啟洋,138,11B,47,2023-11-15,03:16,25,cantopop,孤獨先生,2023-11-15,51,60,0,37,0,10,-8,A Major,4,0lE53VbqqXh4c6shQgodvx,HKUM72300408,1
225,社交障礙賽,YUTA,120,2B,44,2023-11-16,03:16,25,"cantopop, taiwanese pop",社交障礙賽,2022-08-08,72,80,0,64,0,10,-9,F#/G♭ Major,4,0GDzj9jEbtnpzqURgfiIgd,HKF090900328,1
226,掉進海的眼淚,Kaho Hung,124,4B,57,2023-11-17,03:59,48,"cantopop, c-pop",掉進海的眼淚,2018-11-14,52,65,0,36,0,10,-6,G#/A♭ Major,4,14E27fUMTIrhQtOxMWP0py,HKI491807103,2
227,在錯誤的宇宙尋找愛,陳健安,140,2B,50,2023-11-18,04:37,54,cantopop,在錯誤的宇宙尋找愛,2019-06-10,51,62,0,25,0,10,-9,F#/G♭ Major,4,22jikE8F9Ijg5B7dtLHjU0,HKH611900032,1
228,你的黑馬 (ViuTV 劇集  社內相親  插曲),Edan 呂爵安,124,12B,45,2023-11-23,03:25,30,"cantopop, c-pop, taiwanese pop",你的黑馬 (ViuTV 劇集  社內相親  插曲),2023-11-23,67,76,0,41,0,10,-8,E Major,4,5N87IbokWFJdRSkjUi7fyF,HKG482310784,1
229,我在等,林寶馨,148,1B,44,2023-11-24,04:59,43,"mandopop, c-pop",我在等,2021-01-08,64,34,0,27,0,10,-9,B Major,4,2PCXoEzfPGClvlmVE9Jomm,CNZ502100611,1
230,April Encounter,很美味,146,4B,8,2023-11-25,03:28,0,"chinese r&b, c-pop",April Encounter,2018-04-08,55,87,0,28,0,10,-17,G#/A♭ Major,4,7DB1XQksUMpIWBW17taJZZ,GX7JE2302250,1
231,沒身份妒忌,Hubert Wu,123,9B,39,2023-11-28,04:02,0,"cantopop, c-pop",沒身份妒忌,2020-01-06,49,58,0,23,0,10,-9,G Major,4,3g3gxmV5oJ4gm6uGN2zbp8,HKJ341950017,1
232,喜欢你很久,乔浚洆,116,9B,34,2023-11-28,03:41,17,,喜欢你很久,2020-08-03,69,80,0,38,0,0,-10,G Major,4,52sVonPWnOeoKftXyGbE0s,FRX282036704,1
233,緊急聯絡人,Gareth.T,134,7B,37,2023-11-30,03:42,61,"cantopop, chinese r&b",緊急聯絡人,2023-11-30,51,60,0,34,0,10,-11,F Major,4,1sb71AvysPMJlsx4qYtTpG,HKI492350205,1
234,修煉愛情,JJ Lin,135,5B,65,2023-12-05,04:47,2,"mandopop, c-pop, taiwanese pop",因你 而在,2013-03-12,47,63,0,24,0,10,-4,D#/E♭ Major,4,190kU2WKyIzx9XaBjfWRPk,TWA531398017,2
235,釋懷,kkisnotemo,136,8B,43,2023-12-05,04:38,15,cantopop,釋懷,2022-05-15,28,37,0,13,0,20,-8,C Major,4,7zRDcW13c1B15BOsndF3bS,QZHN82209448,1
236,都怪我,胡66,94,10B,52,2023-12-06,05:05,0,"c-pop, gufeng, mandopop, chinese r&b",都怪我,2020-05-28,65,74,0,19,0,10,-7,D Major,4,0P5YTVhmT2G8Q1iLxwBNxO,HKG732015028,1
237,你是我這輩子最想愛的呀,五堅情WOLF(S) (邱鋒澤、陳零九、黃偉晉、賴晏駒、婁峻碩),134,5B,51,2023-12-14,04:24,10,"mandopop, taiwanese pop, chinese r&b, c-pop",你是我這輩子最想愛的呀,2023-09-01,56,76,0,34,0,10,-7,D#/E♭ Major,4,4NF4arILnIdBOZu2FkRV8P,TWU712303117,1
238,暗戀,Hubert Wu,75,10B,33,2023-12-14,04:28,9,"cantopop, c-pop",化蝶,2013-10-02,45,64,0,27,0,0,-11,D Major,4,0Z84UyKVps8gHRnk2fcUmK,hkg401300430,1
239,永久損毀,"MC 張天賦,Panther Chan",141,2B,41,2023-12-19,03:52,45,"cantopop, c-pop, taiwanese pop",永久損毀,2023-12-19,51,76,0,46,0,10,-6,F#/G♭ Major,4,1mUhvuqX0ScGodDTdnRtuL,HKI492308269,1
240,青春告別式,Hins Cheung,134,3B,38,2024-01-03,04:16,49,"cantopop, mandopop, c-pop, taiwanese pop",青春告別式,2023-12-31,43,82,0,26,0,10,-9,C♯/D♭ Major,4,2mMgDVazhRjNoOweYMP1pz,HKD252400001,1
241,瞳をとじて,Ken Hirai,141,5B,60,2024-01-04,05:41,48,"j-pop, j-r&b",SENTIMENTALovers,2004-11-24,45,61,0,33,0,0,-5,D#/E♭ Major,4,2hxE4LWxgTLgPmDvBWxtPd,JPN100400201,1
242,晚安,颜人中,108,8B,32,2024-01-06,04:49,62,"mandopop, c-pop, chinese r&b",晚安,2019-04-19,74,78,0,35,0,10,-10,C Major,4,34M0W5H5mj7e0D83ptYbhd,HKG732001915,1
243,Fall in You,HA SUNG WOON,135,5B,36,2024-01-06,03:46,36,,True Beauty (Original Television Soundtrack),2021-02-05,42,53,0,20,0,10,-8,D#/E♭ Major,4,6eAn4KA7w3Eydzcccaidqm,KRA492100055,1
244,浮木,邱鋒澤 Feng Ze,140,10B,35,2024-01-12,05:23,5,"mandopop, taiwanese pop, cantopop, c-pop",DEEP AWAKENING 見過深淵的人,2022-12-23,39,73,0,18,0,10,-8,D Major,4,4DAbV9nuLXFsTUmygN4a3K,TWU712203342,1
245,Look into my eyes,Nancy Kwai,145,2B,44,2024-01-29,02:58,50,cantopop,Look into my eyes,2023-09-22,65,80,0,24,0,10,-7,F#/G♭ Major,4,22A9vU5ZK7nuwySBtwNZFT,HKI492322207,1
246,企好,Gin Lee,125,9B,41,2024-02-12,03:25,45,"cantopop, c-pop, mandopop",企好,2023-07-06,67,82,0,64,0,10,-8,G Major,4,7DtzElK1X4H5FWQMPX7ZYH,HKD252300087,1
247,天梯,C AllStar,122,10B,44,2024-02-16,04:31,0,"cantopop, c-pop",我們的胡士托,2011-00-00,68,68,0,41,0,0,-7,D Major,4,18zIfBQi4akd3aiTMlvYEY,HKB251000016,1
248,聽海,A-Mei Chang,124,6B,39,2024-02-16,05:18,52,"mandopop, taiwanese pop, c-pop, cantopop",Bad Boy,1997-06-11,53,27,0,14,0,40,-12,A#/B♭ Major,4,2WWDsBLNL4czuVcg7rjfy2,TWB519703505,1
249,16 號愛人,Joey Yung,132,2B,47,2024-02-17,04:05,44,"cantopop, c-pop, mandopop, taiwanese pop",喜歡祖兒4 (新曲 + 精選),2007-01-14,71,70,0,40,0,10,-6,F#/G♭ Major,4,3xtD4lxez1FVIOftA4fcpD,hkd250411603,1
250,滴滴金,CY陳宗澤,109,11B,52,2024-02-24,04:05,49,cantopop,滴滴金,2022-11-09,52,65,0,49,0,10,-8,A Major,4,6sGSI7NecTlsRfTNiwNdxS,HKC992202210,1
251,Really Like You,Gyubin,104,4B,71,2024-02-29,02:58,60,,Really Like You,2024-01-17,68,24,0,81,0,10,-3,G#/A♭ Major,4,0achc2JEdzkJQXRl0LbUox,KRMIM2400826,1
252,二次緣,"海俊傑,李施嬅",101,11B,42,2024-03-02,04:33,17,"cantopop, choral",二次緣,2020-02-12,64,63,0,33,0,10,-9,A Major,4,1WlPJpumaGJjfwhmgnFbh1,HKG520200210,1
253,哭泣健康指南,Gin Lee,125,6B,37,2024-03-02,04:06,33,"cantopop, c-pop, mandopop",哭泣健康指南,2023-11-13,61,76,0,40,0,0,-9,A#/B♭ Major,4,28uHoC2GJULmTcFTnkJFb9,HKD252300225,1
254,朋友身份,Hubert Wu,140,3B,34,2024-03-04,03:49,0,"cantopop, c-pop",到此一遊,2017-12-19,54,73,0,42,0,10,-11,C♯/D♭ Major,4,5rZinO8Hmfu8lFkXpPbk6e,HKJ341780083,1
255,Nothing's gonna change my love for you,Khalil Fong,131,8B,51,2024-03-16,03:29,57,"chinese r&b, mandopop, c-pop, taiwanese pop, cantopop",Timeless,2009-08-11,63,37,0,39,0,0,-9,C Major,4,20WIExWA0CPJ92x9jm7hNR,HKI490967103,1
256,七點半鐘的陽光,MC 張天賦,138,10B,59,2024-03-17,04:11,50,"cantopop, c-pop, taiwanese pop",TREBLE,2024-03-12,59,36,0,33,0,20,-5,D Major,4,7Hgtq72EtYE65iuAyIb5tY,HKI492408202,1
257,隔牆有耳,MC 張天賦,124,11B,58,2024-03-17,03:41,52,"cantopop, c-pop, taiwanese pop",TREBLE,2024-03-12,52,60,0,38,0,10,-7,A Major,4,4sguC2oBIqfn8WmMmReOYb,HKI492408204,1
258,三生有幸,Yan Ting,149,5B,34,2024-03-21,03:37,44,cantopop,三生有幸,2024-02-23,55,46,0,48,0,20,-9,D#/E♭ Major,4,5GnB3Nz0WfhOZK50PtAcma,HKUM72400100,1
259,他不是你,Shiga Lin,126,2B,48,2024-03-21,04:11,0,"cantopop, c-pop, mandopop",他不是你,2023-01-09,60,88,0,47,0,0,-7,F#/G♭ Major,4,4A6uVEFbhT7TO9zXq9pRAL,HKJ342200016,1
260,衰仔樂園,Kaho Hung,136,8B,56,2024-03-22,03:44,30,"cantopop, c-pop",衰仔樂園,2024-03-22,56,36,0,33,0,10,-6,C Major,4,0JsD8QChaTKv0fvWhe9T1W,HKI492407215,1
261,天空的遠岸,"Byejack,Winka 陳泳伽",76,12B,60,2024-03-22,03:44,31,"cantopop, canto r&b",天空的遠岸,2024-03-07,51,39,0,15,0,10,-8,E Major,4,5nVo6swVD8bGr6f5TeE1Hc,HKI492410212,1
262,難得一遇,Phil Lam,172,6B,35,2024-03-24,03:55,42,"cantopop, c-pop, taiwanese pop",Songs of Love,2017-02-06,42,77,0,22,0,10,-10,A#/B♭ Major,4,0gKNqldG2cL6UZGCre4rAj,HKA411700001,1
263,When I Was Your Man,Bruno Mars,73,8B,28,2024-03-26,03:33,90,,Unorthodox Jukebox,2012-12-07,61,93,0,39,0,0,-9,C Major,4,0nJW01T7XtvILxQgC5J7Wh,USAT21206701,2
264,紅綠燈,Stephanie Cheng,114,6B,42,2024-03-31,03:57,50,"cantopop, c-pop",Live Like 18 (新曲+精選),2013-08-02,60,75,0,45,0,20,-9,A#/B♭ Major,4,3Pj9gTUfcQEBe1glNWNwF9,HKG680601103,1
265,意外現場,Yan Ting,129,2B,48,2024-03-31,04:09,42,cantopop,意外現場,2022-09-16,59,63,0,31,0,10,-7,F#/G♭ Major,4,3xGgg3JwUJYcek3pX47hP6,HKUM72200404,1
266,羅生門,"Juno Mak,Kay Tse",140,7B,54,2024-03-31,04:22,53,"cantopop, c-pop, taiwanese pop, mandopop",羅生門,2015-07-22,46,44,0,25,0,0,-7,F Major,4,7xAVLrbnud6OrU6f4FmxDr,HKG781501173,1
267,油麻地莎士比亞,Edan 呂爵安,141,11B,28,2024-04-01,04:32,36,"cantopop, c-pop, taiwanese pop",油麻地莎士比亞,2024-04-01,38,82,0,34,0,10,-9,A Major,4,5EWNjlmkXpFRfEApInFALy,HKG482410834,1
268,样 Young,TFBOYS,76,6B,55,2024-04-01,04:24,42,"c-pop, mandopop",大梦想家,2017-07-01,53,55,0,16,0,10,-6,A#/B♭ Major,4,0yiQHp0XPLlGWyGAxlY2gy,CNE041500244,1
269,自我催眠,Yan Ting,140,10B,49,2024-04-01,04:01,26,cantopop,自我催眠,2015-12-07,60,9,0,26,0,10,-10,D Major,4,0Ek0NXzuBn48P57Y6nDupt,HKUM71501049,1
270,遇上你之前的我,Gareth.T,122,4B,42,2024-04-12,03:35,62,"cantopop, chinese r&b",遇上你之前的我,2024-04-12,58,62,0,23,0,10,-6,G#/A♭ Major,4,0zKILlXrocz7TS4EJ16rPt,HKI492450202,1
271,未來見,RubberBand,146,10B,57,2024-04-13,05:00,47,cantopop,未來見,2018-08-24,52,3,0,14,0,30,-8,D Major,4,5OPqZ5dEqrdPGatJgnZ8xG,HKG721800008,1
272,2084,Dear Jane,105,12B,85,2024-04-13,05:16,50,"cantopop, v-pop, c-pop, taiwanese pop",2084,2019-07-08,36,13,0,44,0,20,-4,E Major,4,6pJT4f6S8GPQ7hWCDvygrN,HKI491999220,1
273,記得,JJ Lin,121,9B,27,2024-04-13,04:47,53,"mandopop, c-pop, taiwanese pop",她說,2010-12-08,49,90,0,39,0,10,-8,G Major,4,2ZCn7ldYJ7doogRaGgXfNI,TWB671005211,1
274,可惜我是水瓶座,Hins Cheung,82,4B,9,2024-04-15,04:06,27,"cantopop, mandopop, c-pop, taiwanese pop",Dahlia II,2018-05-31,66,93,0,40,0,10,-18,G#/A♭ Major,4,5prj5O3T2LbCw89Unpw4xa,HKD251811109,1
275,友谊长存,Firdhaus,124,10B,36,2024-04-15,05:19,61,"mandopop, c-pop, chinese r&b, taiwanese pop",友谊长存,2024-04-12,42,73,0,51,0,0,-8,D Major,4,3Z9RDHetSqrfqCl31fcSN2,MYLO32410016,1
276,深閨,Anson Lo 盧瀚霆,133,1B,43,2024-04-17,04:22,0,"cantopop, c-pop",深閨,2024-04-17,61,61,0,60,0,10,-9,B Major,4,6apc6NX2mDQ59mortxddQQ,HKG482410836,1
277,緋聞男友,Wilfred Lau,73,12B,55,2024-04-19,03:53,32,"cantopop, c-pop",All the Best,2006-01-01,55,43,0,38,0,10,-7,E Major,3,3o5JDoTfKZJmr80ecOyPVE,HKH580460011,1
278,凡人不懂愛 - 劇集 “降魔的2.0” 插曲,Hubert Wu,134,7B,29,2024-04-19,04:28,0,"cantopop, c-pop",凡人不懂愛 (劇集 “降魔的2.0” 插曲),2020-04-27,62,74,0,35,0,10,-9,F Major,4,67rj1KvwNPRWQi5spctRGH,HKJ342000014,1
279,念,Panther Chan,137,10B,52,2024-04-21,04:48,38,cantopop,念,2024-02-22,39,80,0,43,0,10,-7,D Major,3,21Y7Om8LTUS5dNKqKYeywc,HKI492406201,1
280,傢俬,Jeffrey 魏浚笙,132,7B,53,2024-04-23,03:57,34,cantopop,傢俬,2024-04-23,49,33,0,18,0,10,-7,F Major,4,6zgzdah4QbDy3T4BKkjZhU,HKC992422301,1
281,"I Like You So Much, You'll Know It",Ysabelle Cuevas,108,5B,50,2024-04-24,03:18,0,,"I Like You So Much, You'll Know It",2020-07-19,64,41,0,57,0,10,-6,D#/E♭ Major,4,4u2r4YYfem2xWpc9NtOtnN,TCAFA2006876,1
282,I Can Love Anyone (As Long As It's You),Anson Seabra,70,11B,28,2024-04-24,03:22,37,,I Can Love Anyone (As Long As It's You),2023-01-27,47,79,0,23,0,10,-9,A Major,4,16TVnHHANCCcDN7673V7tC,QZFYZ2366413,1
283,半途而廢手冊,Marco 葉振弘,144,4B,44,2024-04-27,04:05,36,cantopop,半途而廢手冊,2024-04-26,57,64,0,46,0,10,-7,G#/A♭ Major,4,7fCGZtAdQLkTIhKB9HkOQL,HKUM72400238,1
284,海島與少年,Marco 葉振弘,124,11B,52,2024-04-27,03:09,27,cantopop,海島與少年,2023-02-21,68,54,0,55,0,10,-8,A Major,4,3WRwpAgpb3QbIqqUExT0hB,HKUM72300079,2
285,My Everything,Yan Ting,136,3B,42,2024-05-01,02:42,30,cantopop,My Everything,2023-02-14,53,31,0,68,0,10,-8,C♯/D♭ Major,4,2LEbO7lrxTx90SRKDisX5F,HKUM72300037,1
286,半祝福,Yan Ting,134,1B,38,2024-05-03,03:57,32,cantopop,半祝福,2015-05-12,54,62,0,46,0,10,-8,B Major,4,53BcbMYRKsyjY3xSYNUirL,HKUM71500296,1
287,好得太過份,Keung To,130,8B,45,2024-05-03,02:59,45,"cantopop, c-pop",好得太過份,2024-04-30,66,79,0,46,0,10,-8,C Major,4,1jQE96DjtfpWGjSqK6Gfnr,HKG482410835,1
288,讓愛高飛 - 劇集  多功能老婆  片尾曲,Pakho Chau,140,6B,38,2024-05-04,03:40,3,"cantopop, c-pop, mandopop",讓愛高飛 (劇集  多功能老婆  片尾曲),2019-10-14,49,71,0,36,0,10,-9,A#/B♭ Major,4,7nIxo0dE9d4FBwPYhmdQae,HKJ341800052,1
289,離開你以後 - 電影《你的婚禮》插曲,Eric Chou,155,5B,47,2024-05-09,05:09,57,"mandopop, c-pop, taiwanese pop, chinese r&b",離開你以後 (電影《你的婚禮》插曲),2021-05-25,24,75,0,24,0,0,-9,D#/E♭ Major,4,4cSCMlCcY65zlz1ZPhqsCe,TWAP12100003,1
290,少女的祈禱,Hins Cheung,114,6B,13,2024-05-14,04:08,30,"cantopop, mandopop, c-pop, taiwanese pop",Pink Dahlia,2013-01-01,58,93,0,30,0,10,-16,A#/B♭ Major,4,3Mdwx1F4O7LtvG9e1lspvM,HKUM71300009,1
291,你不會一輩子的愛上我,Tyson Yoshi,156,11B,85,2024-05-20,03:17,49,"chinese r&b, cantopop, chinese hip hop, mandopop, c-pop, taiwanese pop",你不會一輩子的愛上我,2023-11-03,51,18,0,56,0,20,-5,A Major,4,5FbxrTeMrO3zbLe3uLbYH7,HKC992300408,1
292,等你下課,"Jay Chou,Gary Yang",148,4B,41,2024-05-22,04:30,60,"mandopop, c-pop, taiwanese pop, gufeng, cantopop, chinese r&b",最偉大的作品,2022-07-15,59,49,0,45,0,10,-10,G#/A♭ Major,4,0TMGJMQJWHhuNY60MEr5jR,TWK971801101,1
293,我的秘密 (MySecret),G.E.M.,104,10B,74,2024-05-24,04:08,63,"mandopop, c-pop, cantopop, taiwanese pop, gufeng",MySecret,2010-10-22,56,21,0,40,0,10,-6,D Major,4,04colE4oJt50AHwFhrT57v,HKI111000207,1
294,日出時讓街燈安睡,"Gin Lee,Jacky Cheung",124,9B,40,2024-05-25,04:16,30,"cantopop, c-pop, mandopop, taiwanese pop",Time & Faith,2022-07-08,54,74,0,30,0,10,-6,G Major,4,2N7aXSRSW94a8qslD38U2u,HKUM72100434,1
295,Superman,AGA,82,4A,55,2024-05-25,04:05,43,"cantopop, c-pop",Ginadoll,2016-03-14,67,57,0,46,0,10,-7,F Minor,4,5D8Nin6waWHFxi4gyP5nda,HKUM71500938,1
296,爛泥,Andy Hui,79,8B,56,2024-05-26,03:17,47,"cantopop, mandopop, c-pop, choral",On Hits,2002-01-01,29,50,0,38,0,10,-5,C Major,4,0hC9HupMhDpbMgA3QXx8JZ,HKH580100249,1
297,请先说你好,贺一航,144,12B,50,2024-05-27,04:49,0,"mandopop, c-pop",请先说你好,2018-08-29,70,62,0,59,0,10,-6,E Major,4,7y4UH0uLKhLj22xwMsrbKT,HKG732011867,1
298,開燈 . 熄燈 - 熄燈版,Gin Lee,134,7B,15,2024-05-27,04:15,24,"cantopop, c-pop, mandopop",Dear Secret,2020-11-19,54,95,0,42,0,10,-13,F Major,4,0ESNH8JaBCbLb2PH5rZpL1,HKUM72000259,1
299,至少做一件離譜的事,Kiri T,142,12B,33,2024-06-04,03:52,51,cantopop,至少做一件離譜的事,2024-03-19,43,88,0,17,0,10,-9,E Major,4,2oOemghuOplk25PORF4s39,HKI492463201,1
300,Give Me Your Forever,Zack Tabudlo,100,4B,36,2024-06-04,04:04,69,"opm, harana, p-pop, kundiman, pinoy r&b, pinoy indie, parang",Episode,2021-10-15,63,28,0,30,0,0,-8,G#/A♭ Major,4,4mzP5mHkRvGxdhdGdAH7EJ,PHUM72100313,1
301,"24/7, 365",elijah woods,150,2B,55,2024-06-04,02:47,47,pop singer-songwriter,"24/7, 365",2023-07-24,66,20,0,41,0,10,-7,F#/G♭ Major,4,05QUYSOApWLr8oBbpONl7p,QZNWU2345439,1
302,would you be mine?,Tyson Yoshi,141,10B,56,2024-06-07,03:10,49,"chinese r&b, cantopop, chinese hip hop, mandopop, c-pop, taiwanese pop",would you be mine?,2024-06-07,60,36,0,49,0,0,-9,D Major,4,4JXFK04oMgM5HPKOQnUWuK,HKC992400403,1
303,愛在三千的宇宙,Raymond Lam,142,1B,55,2024-06-11,03:37,38,"cantopop, c-pop, mandopop",愛在三千的宇宙,2024-05-13,52,66,0,33,0,10,-8,B Major,4,4lwubl9lbpoN1S7UzExdzL,HKI492416205,1
304,dinner in bed,Gareth.T,135,3B,26,2024-06-11,03:17,42,"cantopop, chinese r&b",dinner in bed,2022-02-14,66,52,0,45,0,0,-9,C♯/D♭ Major,3,72ChE6ENMalJJnPbh0rjyM,HKI492250201,1
305,五十年以后,海来阿木,146,8B,44,2024-06-11,05:10,60,"mandopop, c-pop, gufeng",五十年以后,2021-08-17,56,72,0,28,0,20,-8,C Major,4,0kgs92vcvTsH2zwabta6Ts,HKG732152906,1
306,深閨 feat. Kelly Chen 陳慧琳,"Anson Lo 盧瀚霆,Kelly Chen",133,1B,43,2024-06-13,04:22,35,"cantopop, c-pop, mandopop",深閨 feat. Kelly Chen 陳慧琳,2024-06-12,60,60,0,46,0,10,-8,B Major,4,10YtrR4JpndrvuI2vohpUM,HKG482410853,1
307,在加納共和國離婚,"Firdhaus,DIOR 大穎",116,9B,38,2024-06-15,04:21,67,"mandopop, c-pop, chinese r&b, taiwanese pop",在加納共和國離婚,2023-08-14,42,86,0,24,0,10,-10,G Major,4,6GyUt7yJ0sOktc5HjvVnFh,MYLO32310010,1
308,人生，起起落落落落落？,Firdhaus,126,4B,26,2024-06-15,04:14,60,"mandopop, c-pop, chinese r&b, taiwanese pop",人生，起起落落落落落？,2022-10-21,56,86,0,18,0,10,-10,G#/A♭ Major,4,1VqdJfu2R0jnR1VGrTpqEB,MYLO32210077,1
309,我們都是第一次做人,Firdhaus,123,4B,23,2024-06-15,03:38,45,"mandopop, c-pop, chinese r&b, taiwanese pop",我們都是第一次做人,2023-12-13,37,93,0,19,0,10,-13,G#/A♭ Major,5,4hZXOzYgbNKndzLlFGrgSp,MYLO32310028,1
310,我的快樂時代,Eason Chan,90,10B,44,2024-06-15,03:36,45,"cantopop, mandopop, c-pop, taiwanese pop",我的快樂時代 (華星40系列),2011-05-22,58,63,0,23,0,20,-7,D Major,4,1tFF8EMjMwQ6FoXmFMIj2W,HKE050031204,1
311,給你幸福 所以幸福,Jay Fung,188,6B,46,2024-06-15,04:04,48,"cantopop, c-pop",給你幸福 所以幸福,2023-10-24,41,67,0,57,0,10,-7,A#/B♭ Major,3,6UuJk5rvrxSnOAwv6uSr5b,HKH612300084,1
312,遠在眼前,Jay Fung,144,4B,43,2024-06-15,04:05,55,"cantopop, c-pop",Awaken,2020-12-18,55,24,0,36,0,10,-7,G#/A♭ Major,4,6BC8sFJBG0XIoFZLrlI1Rc,HKH612000062,1
313,教我,Zeno 顧定軒,142,1B,18,2024-06-17,04:06,6,"cantopop, taiwanese pop",教我,2022-11-18,53,74,0,34,0,10,-13,B Major,4,0Os6judgkpr9F2bV864gXz,HKJ962218203,1
314,我害怕閉上眼睛再打開你已不在,KRAY,115,12B,29,2024-06-18,04:03,0,chinese r&b,我害怕閉上眼睛再打開你已不在,2023-12-14,60,82,0,31,0,10,-9,E Major,4,1ZpSu29ZUG7CCVLZfkYWHb,HKC992221114,1
315,眼睛不能沒眼淚,Leo Ku,150,11B,38,2024-06-22,04:17,37,"cantopop, c-pop, mandopop",Guitar Fever,2008-08-01,72,80,0,63,0,20,-11,A Major,4,5EPLxu9q3RXTnRjXofzmNc,HKG580800152,1
316,戀無可戀,Leo Ku,126,10B,36,2024-06-22,04:16,6,"cantopop, c-pop, mandopop",Glamorous Fifteen 英皇15周年 和華麗有約 新曲+精選,2015-04-30,64,76,0,29,0,10,-9,D Major,4,4pimyHmMyQ3MQMcVsHULAI,HKD251210801,2
317,At My Worst,Pink Sweat$,92,8B,42,2024-06-26,02:50,67,,The Prelude,2020-07-17,81,78,0,67,0,10,-6,C Major,4,0ri0Han4IRJhzvERHOZTMr,USAT22003823,1
318,去北極忘記你,Gareth.T,122,9B,23,2024-06-27,04:11,63,"cantopop, chinese r&b",去北極忘記你,2024-06-27,54,92,0,22,0,10,-13,G Major,4,0qBH1UQxdvqYyZrFQUBFno,HKI492450204,1
319,能遇見，就很不錯了,Firdhaus,116,9B,22,2024-06-30,03:48,56,"mandopop, c-pop, chinese r&b, taiwanese pop",能遇見，就很不錯了,2024-06-30,47,86,0,37,0,10,-10,G Major,4,2ASWo8MTESnHQhJhpMSPbF,MYLO32410022,1
320,You(=I),BOL4,105,5A,90,2024-07-01,02:49,64,"k-pop, k-ballad",Full Album RED PLANET,2016-08-29,70,62,0,68,0,30,-3,C Minor,4,6IBPrw5nYj84x8JpiOvXUp,KRA921600021,1
321,以孤獨命名,陳卓賢 Ian,133,9B,42,2024-07-02,03:48,53,"cantopop, c-pop, taiwanese pop",以孤獨命名,2024-07-02,70,77,0,27,0,10,-8,G Major,4,2gQoBhLuUmJqelyTrZfkKD,HKG482410860,1
322,老積,Jeffrey 魏浚笙,139,4B,27,2024-07-03,03:40,29,cantopop,老積,2024-07-03,47,88,0,45,0,10,-11,G#/A♭ Major,4,1OfmKifZjSv4hYpn2XzHmy,HKC992422303,1
323,風的形狀 - SUMMER BLUES Live,"Terence Lam,Yoyo Sham",77,8B,38,2024-07-04,03:24,32,"cantopop, c-pop, mandopop, taiwanese pop, chinese indie",SUMMER BLUES,2023-06-16,23,90,5,22,0,70,-10,C Major,3,3eWWLCklj6o3gYaP7noCf8,HKC992300023,1
324,五十年以后 - 粤语版,莫文迪,146,1B,45,2024-07-13,04:04,29,cantopop,五十年以后 (粤语版),2022-05-31,59,60,0,35,0,30,-8,B Major,4,30PQ2ttaC5v3BCVMiuNdhg,HKG732230076,1
325,拜託,Kaho Hung,140,1B,72,2024-07-23,03:55,44,"cantopop, c-pop",拜託,2024-07-23,69,53,0,41,10,10,-8,B Major,4,1wNJcZPwOanXp5YLU8ivC9,HKI492407219,1
326,我們 - 《後來的我們》電影主題曲,Eason Chan,145,11B,10,2024-07-24,04:20,51,"cantopop, mandopop, c-pop, taiwanese pop",我們 (《後來的我們》電影主題曲),2018-04-10,36,96,0,20,0,0,-15,A Major,4,0Uf0SvwUrf02ucIt1d0Wos,HKJ631801001,1
327,"沒有你, 我甚麼都不是",Jason Chan,94,11B,39,2024-07-24,04:38,33,"cantopop, c-pop",The Players,2016-10-28,63,72,0,26,0,10,-10,A Major,4,1zlUxL11eVVjPSPSI7tIjQ,HKA411600191,1
328,Let go,Nancy Kwai,136,3B,43,2024-07-25,03:50,56,cantopop,Let go,2024-07-25,57,58,0,22,0,10,-7,C♯/D♭ Major,4,0VKdwugDTY088b1J84QH3e,HKI492422205,1
329,我的宣言,Pakho Chau,84,7B,43,2024-08-04,04:37,55,"cantopop, c-pop, mandopop",8,2013-08-28,47,64,0,42,0,10,-8,F Major,4,2NGGtgT8EzAMbS4zXgLnYJ,HKI491395302,1
330,康城的日出,"Byejack,Winka 陳泳伽",134,5B,45,2024-08-05,02:44,28,"cantopop, canto r&b",康城的日出,2024-08-01,46,47,0,43,0,10,-8,D#/E♭ Major,4,4jhfZuJuyQZWfxWXH8o7gJ,QZTAX2469858,1
331,漸漸我們,"Edan 呂爵安,JACE",100,11B,48,2024-08-14,04:21,46,"cantopop, c-pop, taiwanese pop",漸漸我們,2024-08-14,54,25,0,23,0,10,-8,A Major,4,4CMTigUypmopzPdO3a8h0D,HKG482410857,1
332,新牌仔,Gin Lee,104,4B,25,2024-08-16,03:05,34,"cantopop, c-pop, mandopop",新牌仔,2024-07-24,77,88,0,40,0,10,-7,G#/A♭ Major,4,0mQccrxpvXVspsotma27wJ,HKD252400097,1
333,我很不愛你,陳健安,132,8B,36,2024-08-16,04:13,36,cantopop,我很不愛你,2024-08-08,43,63,0,36,0,10,-9,C Major,4,5lK1HwtIeO6tIisPf3Dogc,HKH612400038,1
334,我的世界地圖,Jeffrey 魏浚笙,101,6B,72,2024-08-24,03:32,25,cantopop,我的世界地圖,2023-11-21,73,35,0,72,0,20,-7,A#/B♭ Major,4,2n0jP1AyLtWiA4kTGf1uTn,HKC992322304,1
335,Never Say Never,Jeffrey 魏浚笙,97,4B,87,2024-08-24,03:36,22,cantopop,Never Say Never,2023-10-26,53,0,0,43,0,30,-6,G#/A♭ Major,4,2WhmAUL2A1alXac2uCTBau,HKC992322303,1
336,靈魂有路 - On The Way Home,"雷同二友,Jeffrey 魏浚笙",80,4B,34,2024-08-25,03:17,17,cantopop,靈魂有路 (On The Way Home),2024-05-23,51,93,4,40,0,20,-9,G#/A♭ Major,3,5gdK2KqJe6FpKjUfHM98kB,HKC992430154,1
337,沉船仔,"Tr33,Fylo",97,9B,39,2024-08-31,02:35,40,"chinese r&b, cantopop, mandopop, c-pop, taiwanese pop, chinese hip hop",沉船仔,2024-07-17,74,63,0,67,0,10,-10,G Major,4,4GKz6m57hsGpIA9IsKZwyX,CAGOO2412179,1
338,半首情歌 - 合唱版,"Tim Sung宋柏謙,王嘉莉",140,9B,54,2024-08-31,03:36,12,cantopop,半首情歌 (合唱版),2024-08-19,66,65,0,45,0,0,-9,G Major,4,61Z3e6HxudCzyIeOHvPlQP,TWAE32403312,1
339,引我笑,Cloud 雲浩影,144,7B,42,2024-09-02,03:17,36,cantopop,引我笑,2024-09-02,54,66,0,24,0,10,-8,F Major,4,5NV6UYomi1d0o02vPEi0nm,HKH612400047,1
340,會再見的,Jay Fung,135,5B,35,2024-09-24,04:30,41,"cantopop, c-pop",會再見的,2024-09-24,40,64,0,27,0,10,-8,D#/E♭ Major,4,2HMgfqnkZEynYfW1B9viVe,HKH612400049,1
341,偶像已死,Gareth.T,146,7A,36,2024-09-12,03:32,48,"cantopop, chinese r&b",偶像已死,2024-09-12,43,74,0,35,0,10,-8,D Minor,4,6iocSqeYyXVcXX6IigUqmH,HKI492450212,1
342,我的課本留白處,力臻 Lagchun,80,1B,45,2024-09-13,04:29,24,"cantopop, city pop, taiwanese pop",我的課本留白處,2024-06-28,57,70,0,46,0,10,-9,B Major,4,7mVQ1hbceh9arb9lgmXCAx,HKA412400176,1
343,Isn't It Obvious,Katherine Li,107,12B,37,2024-09-16,02:38,45,,"love, k",2024-02-14,63,52,0,13,0,10,-7,E Major,4,6Ac4h5tnkLkHHlFyBfL3j4,SGB502392996,1
344,Really Mean It,Katherine Li,122,2B,44,2024-09-16,03:14,36,,"love, k",2024-02-14,74,67,0,16,0,0,-6,F#/G♭ Major,4,50QZSJLlPPbE33kloSoNEj,SGB502394174,1
345,下雨天,芝麻Mochi,130,12B,67,2024-09-26,04:25,50,"mandopop, c-pop, chinese r&b",下雨天,2020-02-26,53,14,0,30,0,10,-4,E Major,4,5S08n0hgoGmK8uCPDrC7ck,HKG732153960,1
346,Fuck You & Your Friends,"Tyson Yoshi,Patrick Brasca",168,11B,81,2024-09-26,03:09,41,"chinese r&b, cantopop, chinese hip hop, mandopop, c-pop, taiwanese pop",Fuck You & Your Friends,2024-09-13,49,2,0,64,0,0,-4,A Major,4,1eYS3LGdTJQjZh980Y9RbS,HKC992400405,1
347,東京人壽,Joey Yung,142,5B,81,2024-09-26,04:17,45,"cantopop, c-pop, mandopop, taiwanese pop",東京人壽,2020-11-25,45,20,0,34,0,30,-5,D#/E♭ Major,4,1qc9E4zCJ5utXDQVIAZlkm,HKD252000065,1
348,this is what forever feels like (with Nick Jonas),"JVKE,Nick Jonas",149,3B,70,2024-09-27,02:34,59,,this is what forever feels like,2024-09-13,45,18,0,31,0,10,-5,C♯/D♭ Major,4,3uTsiaNxy6h6EAd7MsCf9D,USUG12406390,1
349,bad,wave to earth,136,10B,55,2024-09-28,04:23,2,,0.1 flaws and all.,2023-04-20,56,71,11,39,0,10,-9,D Major,4,5TZKpQFKCbIlWGD8DzHbC6,KRA252300807,5
350,我走后,en王翊恩,120,8B,50,2024-09-30,04:13,1,"mandopop, c-pop, gufeng, chinese r&b",我走后,2023-08-31,63,66,0,27,0,0,-8,C Major,4,6XOyXebHaZVAwGmTTvAei4,HKG731645456,1
351,朋友 - 電影《龍兄虎弟》歌曲,Alan Tam,109,9B,32,2024-10-02,04:45,52,"cantopop, c-pop, mandopop",暴風女神LORELEI,1985-01-01,67,70,0,30,0,10,-13,G Major,4,4mM7gB6GUqYmnECWhYPEfc,HKA619900235,1
352,戀無可戀,Leo Ku,126,10B,39,2024-10-06,04:15,45,"cantopop, c-pop, mandopop",告別我的戀人們,2012-09-07,63,66,0,37,0,10,-9,D Major,4,4zVevFBE0Ub4WaUS91f9g1,hkd251210801,2
353,不是因為天氣晴朗才愛你,Bestards,136,4B,27,2024-10-08,04:00,63,"mandopop, taiwanese indie, taiwanese pop, chinese indie, c-pop",不是因為天氣晴朗才愛你,2018-08-06,51,75,0,40,0,0,-13,G#/A♭ Major,4,2VEt42QSQxILgEf9B50xxm,TWCC31801669,1
354,小伙子,Supper Moment,148,12B,56,2024-10-13,04:54,39,"cantopop, taiwanese pop, c-pop",小伙子出城記,2012-11-25,46,10,0,38,0,10,-7,E Major,4,3PJd67f7tKhRdqQHtV3rVe,HKH611200071,1
355,活著多好,Eason Chan,76,7B,14,2024-10-14,04:23,41,"cantopop, mandopop, c-pop, taiwanese pop",The Easy Ride,2001-11-08,42,95,0,22,0,10,-12,F Major,4,2d7DyuRYenlzu6gh6ITssK,hkd250114409,1
356,外星人接我們回去 - live acoustic version,"moon tang,吳林峰",112,2B,13,2024-10-15,04:20,32,cantopop,外星人接我們回去,2024-09-26,49,95,0,22,0,10,-15,F#/G♭ Major,4,2dH4vTEnynelh39uCwRAHt,HKI492417207,1
357,Love You & Your Friends - Spotify Singles,Tyson Yoshi,148,11B,25,2024-10-16,03:53,32,"chinese r&b, cantopop, chinese hip hop, mandopop, c-pop, taiwanese pop",Spotify Singles,2024-10-17,58,89,0,47,0,0,-13,A Major,4,07KCePnVuhVdwrKIZGt1RS,HKC992400409,1
358,半天空檔,Kaho Hung,111,8B,72,2024-10-29,03:26,37,"cantopop, c-pop",半天空檔,2018-05-14,71,18,0,79,0,20,-6,C Major,4,5NCCX9hbf2BmJ47bSebdc3,HKI491807101,1
359,like my father,Jax,93,7B,22,2024-11-12,03:03,62,,like my father,2021-06-03,49,91,0,42,0,10,-8,F Major,4,5YVmHTAsdWnoanWXB7AwZX,USAT22102090,1
360,想念你想我,Eric Chou,140,11B,48,2024-11-15,04:00,50,"mandopop, c-pop, taiwanese pop, chinese r&b",想念你想我,2024-11-15,46,66,0,42,0,20,-6,A Major,4,48shm8jmaY2daKSe4gSKP6,TWAP12400006,1
361,耿,Silence Wang,131,10B,37,2024-11-15,04:29,53,"c-pop, mandopop, gufeng, chinese r&b",耿,2019-05-29,49,57,0,31,0,10,-8,D Major,4,70ArZtudhjbaZ2TafLhoQx,HKG732101641,1
362,玩偶奇遇記,陳卓賢 Ian,134,9B,41,2024-11-20,04:03,48,"cantopop, c-pop, taiwanese pop",玩偶奇遇記,2024-11-20,54,63,0,44,0,20,-9,G Major,4,1hf26XBrWNvfKiOeXU2Vtk,HKG482410914,1
363,number one girl,ROSÉ,175,9B,38,2024-11-24,03:36,67,k-pop,number one girl,2024-11-22,29,29,0,14,0,10,-8,G Major,3,02CrqOYzrJR8fYOffhvRZZ,USAT22409167,1
364,Sudden Shower,ECLIPSE,133,8B,51,2024-11-25,03:53,71,"k-ballad, soundtrack","Lovely Runner, Pt. 1 (Original Soundtrack)",2024-04-08,47,59,0,22,0,10,-6,C Major,4,1OhIn0L6iofnk5bjalWfHq,KRA492400564,1
365,Say No 2024,"Goochan,Tr33,Fylo",98,7B,58,2024-11-26,03:40,40,"cantopop, chinese r&b, mandopop, c-pop, taiwanese pop, chinese hip hop",Say No 2024,2024-10-31,65,56,0,69,0,10,-9,F Major,4,24hIgVRp6AVfknZnF3aAXm,HKP052400112,1
366,一百個未老先衰的方法,MC 張天賦,109,11B,58,2024-12-01,04:13,48,"cantopop, c-pop, taiwanese pop",一百個未老先衰的方法,2024-12-01,66,70,0,32,0,10,-8,A Major,4,33zXfdqtSYhvfdoRrEdiRH,HKI492408217,1
367,我該放手,JC 陳詠桐,127,9B,44,2024-12-02,04:44,43,"cantopop, mandopop, c-pop, taiwanese pop",萬人邂逅,2023-09-20,51,77,0,40,0,10,-6,G Major,4,4d1UGwG6309oPBopuiZnQj,HKF090900298,1
368,我感覺到,"Kaho Hung,Jeffrey 魏浚笙",144,6B,41,2024-12-05,04:33,46,"cantopop, c-pop",我感覺到,2024-12-05,50,85,0,51,0,10,-9,A#/B♭ Major,4,1oKqn2ZQPjxyO5cHukLyJz,HKI492407223,1
369,神愛世人 - 合唱版,"Tang Siu Hau,Hins Cheung",127,2B,40,2024-12-05,03:59,34,"cantopop, mandopop, c-pop, taiwanese pop",神愛世人 (合唱版),2024-12-05,40,83,0,27,0,10,-10,F#/G♭ Major,4,7fZMcJdrloGMKJiyDGG2mr,HKD252400159,1
370,我又戀愛了,Raymond Lam,137,6B,44,2024-12-09,04:10,32,"cantopop, c-pop, mandopop",我又戀愛了,2024-11-12,60,67,0,46,0,10,-8,A#/B♭ Major,4,3SYB9EMeVW0yMLETI9o2U4,HKI492416209,1
371,blue,yung kai,97,12B,32,2024-12-10,03:34,82,,blue,2024-08-02,75,93,2,59,0,10,-12,E Major,3,3be9ACTxtcL6Zm4vJRUiPG,TLVEM2456474,2
372,不要離我太遠,Stephy Tang,118,1B,52,2024-12-10,03:42,46,"cantopop, c-pop, choral",Coloring Stephy,2005-08-05,68,61,0,46,0,10,-7,B Major,4,44YfN1qY5Q7Wlf9OsdwUqt,HKG580500057,1
373,十分．愛 - 合唱版,"Alex Fong,Stephy Tang",146,3B,42,2024-12-10,03:53,32,"cantopop, c-pop, choral",十分愛精選,2016-01-08,50,79,0,29,0,30,-8,C♯/D♭ Major,3,16vjVQYp3KdCVLUzztOfFW,HKI491500177,1
374,Speechless (Full),Naomi Scott,125,11A,49,2024-12-11,03:28,70,,Aladdin (Original Motion Picture Soundtrack),2019-05-22,47,47,0,23,0,10,-8,F#/G♭ Minor,4,0XPsOSYzDJZJArevQNm2AR,USWD11993077,1
375,救命歌,鄭欣宜,92,12B,41,2024-12-12,04:19,21,cantopop,救命歌,2019-06-24,46,60,0,25,0,10,-13,E Major,4,0FM5vfSFUm2w5an9tnzF4E,HKE952200009,1
376,沒終點的青春,Jer 柳應廷,143,1B,56,2024-12-13,04:34,37,"cantopop, taiwanese pop",沒終點的青春,2024-12-13,41,53,0,33,0,20,-6,B Major,4,4M6cqPtqyBkCh7wJnL8Gba,HKG482410925,1
377,風,吳林峰,119,3B,50,2024-12-13,04:02,29,cantopop,風,2024-12-10,43,68,0,62,0,30,-10,C♯/D♭ Major,4,33xgzcKXaAJseUv7noCDt1,HKI432400103,1
378,You Are My Everything,Jay Fung,94,6B,32,2024-12-18,03:49,28,"cantopop, c-pop",In Good Time,2023-12-18,65,85,0,61,0,10,-9,A#/B♭ Major,3,6nTI7zLi5eWoQtuoOFEAE0,HKH612300095,1
379,感謝曾出現在你的生命,吳林峰,182,4B,22,2024-12-26,03:31,36,cantopop,感謝曾出現在你的生命,2024-12-24,39,94,0,33,0,10,-13,G#/A♭ Major,3,6C5GvVlsm57niiMkCgnKtS,HKI432400105,1
380,純銀子彈,Edan 呂爵安,142,8B,36,2024-12-28,04:50,41,"cantopop, c-pop, taiwanese pop",純銀子彈,2024-12-28,56,72,0,38,0,20,-11,C Major,4,00l58ywFDoFBShu2vvFsIz,HKG482410933,1
381,你應該是這世界上最懂我的人啊?,Edan 呂爵安,142,8B,35,2025-01-21,04:52,33,"cantopop, c-pop, taiwanese pop",你應該是這世界上最懂我的人啊?,2025-01-21,50,80,0,19,0,0,-12,C Major,4,4M1mQ522tDQr3Rl4FLtRKo,HKG482510943,1
382,說謊者,MC 張天賦,130,8B,51,2025-01-01,04:09,53,"cantopop, c-pop, taiwanese pop",說謊者,2025-01-01,54,64,0,32,0,0,-7,C Major,4,1R116HqW5ECo5VRjeewhM9,HKI492508201,1
383,三分甜,Lolly Talk,182,8B,97,2025-01-02,03:53,36,cantopop,三分甜,2022-07-11,43,3,0,66,10,30,-5,C Major,4,2KAUjZ3n3UmaRveXMvzgUu,HKH142209302,1
384,謝謝對不起,Angela Hui,129,7B,41,2025-01-02,03:45,41,"cantopop, c-pop",謝謝對不起,2020-10-06,65,56,0,38,0,10,-10,F Major,4,1szYB5fwpt5ZtbCDNcLHId,HKD252000062,1
385,想找到對的人,"潘釗彤 Chiutung,Manson 張進翹",78,1B,48,2025-01-03,04:05,21,"cantopop, taiwanese pop",想找到對的人,2024-12-19,55,80,0,38,0,10,-6,B Major,4,1H1Gc3dMGK9lHMplETHWK0,HKP052400123,1
386,心跳的證明 - 電影《一吻定情》心動版主題曲,刘人语,174,7B,56,2025-01-03,03:50,52,"c-pop, mandopop",心跳的證明 (電影《一吻定情》心動版主題曲),2019-02-18,46,27,0,27,0,0,-10,F Major,4,72f9WiINVWeJjtkwDKbZUU,TWDB51900001,1
387,測謊 (ViuTV劇集 「無用的謊言」片尾曲）,Stanley Yau 邱士縉,182,11B,34,2025-01-09,03:51,37,cantopop,測謊 (ViuTV劇集 「無用的謊言」片尾曲）,2024-12-23,45,62,0,39,0,10,-10,A Major,4,76rp2XlLNR30BSvHoty8X6,HKG482410931,1
388,別為我好 (我未夠好版),"Angela Hui,Phil Lam",126,7B,49,2025-01-12,03:27,41,"cantopop, c-pop, taiwanese pop",別為我好 (我未夠好版),2020-05-18,66,77,0,25,0,10,-8,F Major,4,64QzmIlqWatMTfUDuLp0wp,HKD252000027,1
389,四五成群,Error,136,12B,50,2025-01-14,03:55,26,cantopop,四五成群,2023-12-05,69,72,0,45,0,10,-8,E Major,4,11VlvtAIx3jek6iPIr4FBn,HKG482310791,1
390,但願人長久 - 劇集  跳躍生命線  插曲,HANA,183,10A,11,2025-01-18,03:55,0,"cantopop, c-pop",但願人長久,2018-12-20,38,86,0,24,0,0,-14,B Minor,4,1aJOV8dO0bxMZ7x7EGp3fX,HKJ341880022,1
391,Never-never Land,COLLAR,79,8A,50,2025-01-21,03:32,35,"cantopop, c-pop, taiwanese pop",Never-never Land,2022-03-18,52,54,0,43,0,20,-8,A Minor,4,2MKENhpdJ8egUGHl6EWG5F,HKG482210598,1
392,戀愛腦之死,陳健安,146,5A,70,2025-01-22,04:32,51,cantopop,戀愛腦之死,2024-05-10,43,1,0,43,0,10,-7,C Minor,4,28MuHiNnoY8yjwhvIw5NnO,HKH612400020,1
393,離別時刻,Yan Ting,140,8B,39,2025-01-24,03:41,45,cantopop,離別時刻,2025-01-24,55,55,0,48,0,20,-9,C Major,4,3quF1XqhzlctAjyX0a2Con,HKUM72500005,1
394,祝君好,Chilam,135,1B,51,2025-01-24,04:15,49,"cantopop, mandopop, c-pop",十指緊扣 (特別版),2001-02-20,38,43,0,14,0,20,-7,B Major,4,6bZxiol0nxTfofgGJDtY6g,HKE950000006,1
395,原來太幼稚,kkisnotemo,134,6B,23,2025-01-28,04:43,14,cantopop,原來太幼稚,2025-01-26,49,91,0,21,0,0,-14,A#/B♭ Major,4,6jjDMlKak4jKhJX9Y3xGjI,QZFZ32532965,1
396,Dear Vicky,Goochan,176,12B,48,2025-02-03,04:05,21,"cantopop, chinese r&b",Dear Vicky,2024-09-09,42,24,0,22,0,20,-8,E Major,4,0lB8tgI8wTnejGm4ARBDyT,QZTBC2482906,1
397,作賤。矛盾,"Angela Hui,Ken Hung",120,12B,51,2025-02-16,03:22,34,"cantopop, c-pop",作賤。矛盾,2024-12-30,56,78,0,54,0,20,-8,E Major,4,5Z8y7ndzaOjeNbbXUB7uo9,HKD252400167,1
398,手印,MIRROR,145,11B,68,2025-02-19,04:26,40,"cantopop, c-pop",手印,2025-02-19,51,45,0,56,0,20,-6,A Major,4,2EhtBJcKKkJ6gzZdVHZiSe,HKG482510952,1
399,我們什麼都不是 It’s nothing,Mayao,120,1B,43,2025-02-22,03:19,50,cantopop,我們什麼都不是 It’s nothing,2025-02-17,52,80,0,57,0,20,-8,B Major,4,0iUXhsKAxMnyHWJqZQIjSp,HKC652500331,1
400,我想和你好好的,Panther Chan,122,8B,32,2025-02-22,04:17,47,cantopop,Honesty,2021-10-28,61,94,0,49,0,30,-9,C Major,4,7CkJnz49JGUY76W7zl3vad,HKI492106203,1
401,青春快門 (日出版),劉藴晴 Rachel,83,9B,41,2025-03-13,04:40,35,cantopop,青春快門 (日出版),2021-07-08,66,78,0,41,0,30,-8,G Major,4,0iJhV3pBll9AWg8JNZ7ZCu,MOA122100183,1
402,後來的我們 - (電影《後來的我們》片名曲)眼淚未乾版,Mayday,78,9B,22,2025-03-14,04:45,35,"mandopop, taiwanese pop, c-pop, chinese rock",後來的我們(眼淚未乾版),2018-04-13,55,82,0,33,0,10,-12,G Major,4,40VgImIgnTfkwtGoR9hW36,TWK231800023,1
403,Thank You Postman,陳卓賢 Ian,132,4B,65,2025-03-14,02:59,43,"cantopop, c-pop, taiwanese pop",Thank You Postman,2024-04-24,67,62,0,36,0,10,-7,G#/A♭ Major,4,4o3KjIcDPZ2ReW2b94htYD,HKG482410840,1
404,不要活成自己討厭的模樣,Jer 柳應廷,152,11B,55,2025-03-28,04:25,40,"cantopop, taiwanese pop",不要活成自己討厭的模樣,2025-03-25,31,62,0,52,0,10,-6,A Major,4,2tiNRa6S62B6AINTgNXX3S,HKG482510961,1
405,我們沒有在一起,麗英,132,10B,25,2025-03-28,03:43,34,cantopop,我們沒有在一起,2025-03-24,49,86,0,35,0,0,-11,D Major,4,2rUyO4jirsMSeZwvjZvbJr,HKJ962517001,1
406,Love Is Gone - Acoustic,"SLANDER,Dylan Matthew",140,2B,15,2025-03-29,02:56,76,"melodic bass, future bass, dubstep, edm",Love Is Gone (Acoustic),2019-11-13,54,88,0,36,0,10,-11,F#/G♭ Major,4,7F1CiKqrY44kh5cDqwHOnx,CA5KR1969481,1
407,夜闌人靜,moon tang,117,6A,29,2025-03-30,03:13,55,cantopop,25,2025-03-11,60,88,0,40,0,10,-12,G Minor,4,44FUMcOGhsXw79mwOTS6vr,HKI492517215,1
408,懷疑人生,MC 張天賦,146,3B,66,2025-04-01,04:29,48,"cantopop, c-pop, taiwanese pop",懷疑人生,2025-04-01,51,20,0,60,0,20,-5,C♯/D♭ Major,4,7kp3oZUfOx34IdZPZ5v83l,HKI492508203,1
409,天天都是愚人節,Edan 呂爵安,176,8B,50,2025-04-01,04:53,37,"cantopop, c-pop, taiwanese pop",天天都是愚人節,2025-04-01,38,68,0,16,0,10,-10,C Major,4,5HqkQEUOOXoMmmbcndy5IU,HKG482510963,1
410,刻在我心底的名字 (Your Name Engraved Herein) - 電影<刻在你心底的名字>主題曲,Crowd Lu,136,6B,20,2025-04-01,05:20,65,"mandopop, taiwanese pop, taiwanese indie, c-pop, chinese indie",刻在我心底的名字 (Your Name Engraved Herein),2020-08-25,43,87,0,27,0,10,-12,A#/B♭ Major,4,3OC84eKMxRJ4x0Hcwl9i4i,TWK012000002,1
411,愚人節快樂,Crowd Lu,118,12B,31,2025-04-01,04:16,52,"mandopop, taiwanese pop, taiwanese indie, c-pop, chinese indie",愚人節快樂,2025-04-01,44,73,0,24,0,20,-10,E Major,4,2FQE7XVMDtuHjkjY0D1uwj,TWK012500001,1
412,幾分之幾 - 電影<花甲大人轉男孩>主題曲,Crowd Lu,144,3B,34,2025-04-01,03:48,68,"mandopop, taiwanese pop, taiwanese indie, c-pop, chinese indie",幾分之幾,2018-02-02,52,64,0,43,0,10,-6,C♯/D♭ Major,4,4F7ZAsndEIJXyFzJUHNlRu,TWK011700047,1
413,indigo,Henry Moodie,169,10B,52,2025-04-05,03:33,52,,indigo,2025-03-28,36,9,0,25,0,50,-7,D Major,3,34r4lkt0hO0sbLI17vb0Os,GBARL2500324,1
414,無力挽回,Pakho Chau,130,4B,43,2025-04-19,04:01,41,"cantopop, c-pop, mandopop",Imperfect Collection,2012-12-18,62,39,0,26,0,10,-8,G#/A♭ Major,4,54KIYjrzlywnTiawI9wWxI,HKC091900049,1
415,逆時車站 x 青春告別式 - Live,"Kaho Hung,Hins Cheung",134,8B,79,2025-04-26,03:57,21,"cantopop, c-pop, mandopop, taiwanese pop",KAHO LIVE 2024 (Live),2025-04-24,32,53,0,35,0,90,-6,C Major,4,3DnUs9g2WuUGPuJq63NCJ7,HKI492507224,1
416,你快樂嗎 - Live,Panther Chan,149,9B,52,2025-05-05,04:16,19,cantopop,陳蕾演唱會2024《念》 (Live),2025-05-01,30,59,0,44,0,60,-8,G Major,4,05PZAU0yG7X7Hzu8FKDIZM,HKI492406222,1
417,Monologue,Kaho Hung,134,1A,53,2025-05-05,03:55,0,"cantopop, c-pop",世上最虐心情歌,2024-04-16,55,67,0,38,0,10,-8,G#/A♭ Minor,4,7B94gf8yJmFPvaeAyTBfDT,HKI492007202,1
418,I'll Always Remember You,Hannah Montana,144,4B,72,2025-05-10,03:53,69,,Hannah Montana Forever,2010-01-01,42,5,0,23,0,10,-3,G#/A♭ Major,4,60c0p6GGnuwdKcQnmuM2zC,USWD11048341,1
419,By my side 2,Tyson Yoshi,164,4B,72,2025-05-24,03:12,40,"chinese r&b, cantopop, chinese hip hop, mandopop, c-pop, taiwanese pop",By my side,2025-05-16,47,20,0,44,0,10,-4,G#/A♭ Major,4,0dwxXxQzXxwNNTcBLXfnTz,HKC992500410,1
420,顏色,Gareth.T,79,8B,48,2025-05-24,03:31,59,"cantopop, chinese r&b",顏色,2025-05-06,46,65,0,28,0,10,-7,C Major,4,0M7YiMq9KiC9rW3GapANfL,HKI492550203,1
421,今期不流行,Winka 陳泳伽,136,7B,43,2025-05-24,04:23,34,cantopop,今期不流行,2025-05-07,50,70,0,31,0,10,-7,F Major,4,7x74wZMW5dUZqNsib2eR98,HKG482511010,1
422,自動棄權(放手版),Calvert Fu,167,6B,56,2025-05-24,03:10,34,cantopop,自動棄權(放手版),2014-01-28,49,36,0,43,0,10,-7,A#/B♭ Major,4,6pj8GU0pQkYSuXVhWXLqCG,HKI031300087,1
423,你都有今日,Anson Lo 盧瀚霆,176,6B,81,2025-05-26,04:25,50,"cantopop, c-pop",你都有今日,2025-05-26,39,19,0,40,0,30,-4,A#/B♭ Major,4,3ufV4RrrwubU5qKQqWb977,HKG482511020,1
424,求救的勇氣,Panther Chan,141,3B,38,2025-05-27,04:37,47,cantopop,求救的勇氣,2025-05-27,39,59,0,44,0,10,-8,C♯/D♭ Major,4,1Fj6ahpJNC7sJyG8SRxuaf,HKI492506204,1
425,樹會流眼淚,陳卓賢 Ian,134,1B,36,2025-06-05,03:17,53,"cantopop, c-pop, taiwanese pop",樹會流眼淚,2025-06-05,61,87,0,28,0,10,-10,B Major,4,0OKWgqGKyCsJqvOWWMtKcc,HKG482511029,1
426,用背脊唱情歌,Gareth.T,76,3B,28,2025-06-09,03:30,64,"cantopop, chinese r&b",用背脊唱情歌,2025-06-09,62,56,0,36,0,0,-9,C♯/D♭ Major,4,1jQp4mCBDmXr8NMqsMpH8E,HKI492550205,1
427,說不出口,Lewsz,130,8B,68,2025-06-10,03:38,26,"cantopop, chinese hip hop, chinese r&b",說不出口,2025-06-10,62,19,0,45,0,10,-8,C Major,4,7oEEIaV0u2aZ5lKNOtfmnG,HKI492565203,1
428,MY HEAD!,Jeffrey 魏浚笙,102,12A,47,2025-06-14,02:34,20,cantopop,MY HEAD!,2025-06-13,89,38,0,63,0,10,-8,C♯/D♭ Minor,4,3uNGpqQf08GeDNK2JnkGTf,HKC992522303,1
429,我以為可以,Edan 呂爵安,88,8B,48,2025-06-16,05:16,33,"cantopop, c-pop, taiwanese pop",我以為可以,2025-06-16,51,54,0,24,0,0,-11,C Major,4,2F8dNE0lyWQzPNVR4B4jTJ,HKG482511032,1
430,但你要甜,Joey Yung,144,12B,44,2025-06-17,04:08,37,"cantopop, c-pop, mandopop, taiwanese pop",但你要甜,2025-06-16,55,81,0,20,0,10,-9,E Major,4,2uHvcjcc8QaOeNPeKb1dVd,HKD252500092,1
431,地球很危險,Leo Ku,136,11B,33,2025-06-20,04:08,34,"cantopop, c-pop, mandopop",You Talkin' To Me?,2009-11-03,60,87,0,30,0,10,-10,A Major,4,62fcIjbUoM30nsJj77USA3,hkd250915401,1
432,夏天的风,蓝心羽,114,3B,59,2025-06-26,04:02,43,"c-pop, chinese r&b, mandopop, gufeng",夏天的风,2020-04-28,71,32,0,63,0,0,-8,C♯/D♭ Major,4,7gGvXsmdA3HgS7Fakdl01X,HKG732340271,1
433,緊張大師,Gigi Cheung,156,4B,56,2025-06-26,03:09,33,"cantopop, chinese indie",緊張大師,2025-06-19,49,52,0,34,0,10,-8,G#/A♭ Major,4,5fjEMYNAp3HR8ODLqsl7TU,HKI492513203,1
434,123我爱你,新乐尘符,90,2B,49,2025-06-26,03:19,54,"c-pop, mandopop, chinese r&b",123我爱你,2017-12-25,78,17,0,62,0,10,-7,F#/G♭ Major,4,0F6nAVTpdghoq4CJDtxI4u,FR2X41962428,1
435,恋爱画板,锦零,160,3B,57,2025-06-26,03:26,10,"gufeng, c-pop, chinese r&b, mandopop",恋爱画板,2021-04-22,59,86,0,51,0,0,-7,C♯/D♭ Major,4,6LY0X62hygBthNXzbQmush,FR59R2187231,1
436,我在呢,TANK 呂建忠,120,3B,45,2025-06-27,03:36,39,"mandopop, taiwanese pop, c-pop, gufeng",愛情進化論電視原聲帶,2018-08-02,58,59,0,32,0,10,-6,C♯/D♭ Major,4,3fSZR3szZHnFQkpMFzwDNF,TWD951887103,2
437,好想讓你知道,Jeremy Lee 李駿傑,90,11B,31,2025-07-04,03:19,20,cantopop,RISE IN LOVE,2025-07-02,47,86,0,56,0,10,-8,A Major,1,5EajxjtjssdnIcsDxlrK5y,HKG482510972,1
438,不枉我們一起過,Jeremy Lee 李駿傑,139,5B,35,2025-07-04,04:22,29,cantopop,RISE IN LOVE,2025-07-02,36,78,0,42,0,10,-8,D#/E♭ Major,4,5QVrRAqS11WSX5kO7Xb22I,HKG482510973,1
439,失戀（及其他災難）,"Jaime Cheung,Georgina 陳樂頤,Kay 李凱翹,Beanies",121,8B,51,2025-07-04,03:23,33,"cantopop, taiwanese pop",失戀（及其他災難）,2025-07-03,70,74,0,65,0,0,-6,C Major,4,46cEgSefxQJJdVJk0d5KyU,HKA412500093,1
440,⼼死了幾百次,Anson Kong 江𤒹生,72,4B,64,2025-07-09,04:10,40,"cantopop, taiwanese pop",⼼死了幾百次,2025-05-21,58,55,0,35,0,10,-6,G#/A♭ Major,4,23gqU9VAja4DZOFBae0dup,HKG482511011,1
441,無以後,Goochan,116,9B,64,2025-07-15,03:47,28,"cantopop, chinese r&b",無以後,2025-07-14,59,66,0,21,0,0,-7,G Major,4,2tUdZ0IPHIhRThmeCHtZok,QZWFE2538225,1
442,女神戀愛惱(節目《女神配對計劃》主題曲),戴祖儀,163,8B,35,2025-07-17,03:15,35,cantopop,女神戀愛惱 (節目《女神配對計劃》主題曲),2025-06-27,39,90,0,36,0,0,-9,C Major,4,0oDvYg2dIOgN3bQjYs2LHG,HKJ342500044,1
443,問多一次,邱傲然 Tiger Yau,135,1B,43,2025-07-18,05:00,27,cantopop,問多一次,2025-07-18,50,68,0,30,0,20,-9,B Major,4,1cnmEBAuxESV8rThELY1jq,HKG482511084,1
444,昨遲人,Andy Hui,120,11B,52,2025-07-22,04:26,49,"cantopop, mandopop, c-pop, choral",On Hits,2002-01-01,61,73,0,37,0,10,-6,A Major,4,0JaChJKM1XYJE48rKaUvG8,HKH580100250,1
445,末世紀的呼聲,Nicholas Tse,134,9B,68,2025-07-22,04:49,19,"cantopop, c-pop, mandopop",末世紀的呼聲,1998-12-08,59,41,0,57,0,20,-7,G Major,4,18TO5gq1biNIXQiwE43Oe0,hkg579807801,1
446,大丈夫,Supper Moment,144,2B,35,2025-07-22,03:26,19,"cantopop, taiwanese pop, c-pop",[dal segno],2018-04-13,55,75,0,20,0,10,-9,F#/G♭ Major,4,1v66BnfXqBbskxIdlSV2Pv,HKI241500019,1
447,生還者,Shawn Yue,128,3B,40,2025-07-22,03:33,43,cantopop,The Survivor,2004-01-01,61,63,0,47,0,0,-10,C♯/D♭ Major,4,6TWqbYNkOQAMks0W23OTlb,HKA610402559,1
448,取消資格,Jordan Chan,110,11B,50,2025-07-22,04:12,48,"cantopop, mandopop, c-pop, taiwanese pop",陳小春金碟鐵盒珍藏系列,2008-09-25,64,38,0,28,0,10,-9,A Major,4,3gpXOtmPQmQD79J8L4WjQz,TWA130100411,1
449,如果一天,Jer 柳應廷,136,8B,18,2025-07-24,03:49,31,"cantopop, taiwanese pop",如果一天,2025-07-21,45,78,0,32,0,10,-17,C Major,5,0ML0lHGNGwlbKvqEipAUKU,HKG482511088,1
450,Love the Memory - From Hong Kong Disneyland Resort  Momentous  Nighttime Spectacular,Felicia Barton,124,10B,82,2025-07-25,03:26,42,,Love the Memory (From Hong Kong Disneyland Resort  Momentous  Nighttime Spectacular),2023-07-07,69,0,0,44,0,30,-6,D Major,4,3FmErYQjLRxnN5I2LGWtIY,USWD12327481,1
451,目擊者,MC 張天賦,169,6B,50,2025-07-26,04:23,46,"cantopop, c-pop, taiwanese pop",Sweet & Sour,2025-07-17,33,77,0,42,0,10,-7,A#/B♭ Major,4,4Gv1a2aasJe7OBGuJ3WJ0V,HKI492508205,1
452,攀上天梯的螞蟻 （電影 《過時．過節》主題曲),Edan 呂爵安,124,7B,47,2025-07-30,04:23,30,"cantopop, c-pop, taiwanese pop",攀上天梯的螞蟻 （電影 《過時．過節》主題曲),2022-11-08,57,42,0,31,0,10,-9,F Major,4,2Z0nzG4jTLJCTx69vvrLCb,HKG482210667,1
453,沒有你的世界,Jeremy Lee 李駿傑,176,1B,51,2025-08-02,04:36,24,cantopop,RISE IN LOVE,2025-07-02,38,53,0,40,0,10,-7,B Major,4,7zd2dhQ40XiKcfqdaA00RX,HKG482510971,1
454,感激跟你能夠遇見,Jinny Ng,119,3B,32,2025-08-05,03:26,0,"cantopop, c-pop",感激跟你能夠遇見,2025-04-30,54,86,0,39,0,10,-9,C♯/D♭ Major,4,7aqFNwwxBn9Jl1bMgzIXQB,HKJ342550017,1
455,再見有時 (重逢版),"sica,Endy Chow",79,10B,39,2025-08-07,03:55,34,cantopop,再見有時 (重逢版),2024-01-16,61,71,0,39,0,10,-7,D Major,4,2iuS7FCn9UWh6SRuezhe4G,HKG482410804,1
456,獵戶座,Tim Sung宋柏謙,146,2B,36,2025-08-07,04:37,18,cantopop,獵戶座,2025-07-18,49,73,0,38,0,0,-11,F#/G♭ Major,4,0V92ppJulAUcqSBAnC4Fyp,TWAE32503032,1
457,I Need You In My Li(f)e (ViuTV劇集 「無用的謊言」主題曲),Keung To,90,11B,76,2025-09-02,03:02,41,"cantopop, c-pop",I Need You In My Li(f)e (ViuTV劇集 「無用的謊言」主題曲),2024-12-19,64,23,0,56,0,10,-4,A Major,4,31DFL3AiVPjGUAnSlEHTyK,HKG482410930,1
458,流浪星球,Keung To,124,11B,38,2025-09-02,03:48,42,"cantopop, c-pop",流浪星球,2025-09-02,46,87,0,34,0,10,-10,A Major,4,488VGW7rB8QDomlqoMlpbo,HKG482511101,1
459,岩巉,Keung To,141,9B,31,2025-09-02,03:44,41,"cantopop, c-pop",岩巉,2023-11-27,52,92,0,37,0,20,-10,G Major,4,4ja627NyIBCz7wO2dYr83g,HKG482310787,1
460,刺青,Jeremy Lee 李駿傑,89,11B,46,2025-09-04,04:25,24,cantopop,RISE IN LOVE,2025-07-02,33,42,0,36,0,0,-8,A Major,1,3bFA5YalNFdZ76S0wUprdV,HKG482510970,1
461,開心果,sica,128,12B,49,2025-09-12,03:38,46,cantopop,開心果,2025-09-01,49,66,0,21,0,10,-7,E Major,4,3KNaTGL2CrSk5W5L0bEQLw,HKG482511099,1
462,給千億顆星選中的二人,陳卓賢 Ian,170,8B,40,2025-10-03,04:04,56,"cantopop, c-pop, taiwanese pop",給千億顆星選中的二人,2025-09-24,62,65,0,41,0,10,-7,C Major,4,3rT8GbzEYNApPxU7yYQlYU,HKG482511109,1
463,會痊癒的 PTSD,JACE,117,4B,53,2025-10-08,03:40,47,"cantopop, c-pop",會痊癒的 PTSD,2025-10-07,70,80,0,20,0,10,-8,G#/A♭ Major,4,4KrAZzqL8klH0BtmO89k96,HKA412500117,1
464,未來的歌,moon tang,130,10B,28,2025-10-08,04:11,48,cantopop,未來的歌,2025-10-08,59,84,0,25,0,10,-14,D Major,4,4KjnXaHhY2FQ09AXUe8MyP,HKI492517222,1
465,下世愛你,Kaho Hung,124,12B,49,2025-10-18,03:47,45,"cantopop, c-pop",下世愛你,2025-09-30,51,53,0,30,0,10,-8,E Major,4,7xpjZSCWAdrFtMrdFkYW1z,HKI492507267,1
466,这是你期盼的长大吗,ZQS,120,4B,50,2025-10-21,03:58,66,"mandopop, c-pop, chinese r&b",这是你期盼的长大吗,2023-11-08,64,68,0,52,0,10,-9,G#/A♭ Major,4,3AKYofM0vFekNthGbpjMpN,DGA0Q2351444,1
467,宇宙煙火,Andy Lai 黎展峯,124,3B,67,2025-10-22,03:34,33,"cantopop, taiwanese pop",宇宙煙火,2025-09-30,62,65,0,54,0,10,-4,C♯/D♭ Major,4,2PCrm8g1MOtYd2FuYwtm4c,HKD252500124,1
468,不眠來電,Andy Lai 黎展峯,126,12B,43,2025-10-28,03:22,21,"cantopop, taiwanese pop",不眠來電,2023-10-13,61,39,0,48,0,10,-8,E Major,4,3AuQuiPknYIOQwEfc3wCF4,HKD252300207,1
469,自我反省,Dark Wong 黃明德,148,7A,52,2025-10-29,04:20,26,"cantopop, taiwanese pop",自我反省,2024-01-22,51,21,0,47,0,10,-8,D Minor,4,3Zv61dsQ0CAkVReIPUIkck,HKD252400005,1
470,無限+1,Andy Lai 黎展峯,92,3B,55,2025-10-29,03:50,14,"cantopop, taiwanese pop",無限+1,2023-03-29,71,51,0,46,0,0,-7,C♯/D♭ Major,4,0K34reHtgaRbAIwL78nxkc,HKD252300056,1
471,如若我,Pandora,146,10B,61,2025-10-29,04:03,33,cantopop,The Opening,2019-10-06,56,6,0,41,0,10,-7,D Major,4,42zLlhlJy0gvzps2zVDdKM,HKC291900005,1
472,我可以,Evan Yo,133,4B,42,2025-11-13,04:26,54,"mandopop, taiwanese pop, c-pop",蔡旻佑首張創作專輯 19,2006-10-06,56,63,0,15,0,0,-6,G#/A♭ Major,4,6ufjxyxCJeYKw82FoaLjfd,TWE210603061,1
473,第三人稱,Arvin曾傲棐,133,6B,47,2025-11-24,04:28,41,"cantopop, taiwanese pop",第三人稱,2025-11-24,53,73,0,58,0,10,-8,A#/B♭ Major,4,1EX2J6U85ByqpZTqvzsnFz,HKD252500146,1
474,Over Over,雷同二友,126,2B,41,2025-11-27,03:31,44,cantopop,Over Over,2025-10-28,63,87,0,32,0,10,-8,F#/G♭ Major,4,4OoayY9UWpzaB77wP091qH,HKC992530153,1
475,安靜,Jay Chou,144,6B,41,2025-12-01,05:34,61,"mandopop, c-pop, taiwanese pop, gufeng, cantopop, chinese r&b",范特西,2001-09-14,52,69,0,12,0,10,-8,A#/B♭ Major,4,4oSqIlKulWts1oRUIem44V,TWK970100210,1
476,有你的冬天,Don Lou,134,1B,28,2025-12-03,03:46,31,"cantopop, indie r&b",有你的冬天,2025-11-10,48,77,0,29,0,0,-14,B Major,4,7f06AXUPh7PvDKoxUyi3ji,QT6EC2501248,1
477,鎖,Anson Kong 江𤒹生,128,8B,49,2025-12-03,03:46,51,"cantopop, taiwanese pop",The Trip,2025-12-04,58,79,0,42,0,10,-8,C Major,4,1yfY8lckIFO8tkfRqN1vGI,HKG482511104,1
478,我的支持型伴侶,Anson Lo 盧瀚霆,116,11B,64,2025-12-04,03:41,59,"cantopop, c-pop",Kingdom,2025-12-04,68,36,0,48,0,10,-6,A Major,4,5y3pmjOQvxW5TT5JuLyZRh,HKG482511187,1
479,心亂如麻,Janice Vidal,75,9B,37,2025-12-04,04:06,55,"cantopop, c-pop, mandopop",My Love,2005-11-25,65,69,0,51,0,10,-8,G Major,4,6Ntvb49Mctg777yOvGwsNc,HKC840500162,1
480,不許你注定一人,Dear Jane,152,4B,81,2025-12-06,05:03,50,"cantopop, v-pop, c-pop, taiwanese pop",不許你注定一人,2013-10-17,46,4,0,48,0,30,-5,G#/A♭ Major,4,0B2fMb8KALZeoFbRv7m3iE,HKI491399102,1
481,一首青春：,King Yip 葉家敬,77,11B,35,2025-12-15,04:33,30,cantopop,一首青春：,2025-01-09,57,62,0,29,0,0,-9,A Major,4,5atCQu7IRSNlTom2SeAlgn,HKC992434602,1
482,有點甜(廣東話版),"MÜK,KaNi",105,12B,57,2025-12-26,03:46,41,"cantopop, ",有點甜(廣東話版),2025-12-23,65,45,0,62,0,10,-8,E Major,4,6W9i2SJ37hSdNypR8F5rri,QT6G32521438,1
483,你要倔強,Keung To,179,1B,61,2025-12-26,03:54,69,"cantopop, c-pop",COMPOSITION,2025-12-16,41,65,0,37,0,10,-6,B Major,4,4vGg44GdCw3X8i8r01XJH0,HKG482511193,1
484,嘉賓(粵語版),张远,75,11B,41,2026-01-10,05:33,44,"mandopop, gufeng, c-pop, taiwanese pop",嘉賓（粵語版）,2022-07-24,56,57,0,38,0,0,-9,A Major,4,7DWEYuGqEtH5KanMZTM8t6,HKE022236409,1
485,純愛夜空,Delta T 蛋撻頭,96,12B,85,2026-01-17,03:29,35,"cantopop, chinese hip hop",INNER-SELF,2025-06-19,61,27,0,64,0,20,-4,E Major,4,60JNRKQrkdhQgAPvEaXEVj,HKC992540766,1
486,純愛戰神 Pure Love Warrior,"Tamki,YINJ",125,2B,64,2026-01-17,03:25,40,cantopop,純愛戰神 Pure Love Warrior,2025-04-26,72,11,0,56,0,0,-8,F#/G♭ Major,4,23ST90LRUrg1n13AChA8qg,QZMEP2521923,1
487,時不與我,Young Hysan,119,6B,57,2026-01-18,02:58,36,"cantopop, chinese hip hop",時不與我,2025-04-22,73,83,0,27,0,20,-8,A#/B♭ Major,4,4IGtwq0nqpgzkM2koIRXIV,QM6P42501303,1
488,唯有妳,Young Hysan,115,5B,61,2026-01-18,03:52,39,"cantopop, chinese hip hop",唯有妳,2025-12-18,68,52,0,24,0,10,-7,D#/E♭ Major,4,6RasKkUTe91KLCJZesBu8I,US6R22560017,1
489,告別之前,Jason Chan,130,8B,42,2026-01-22,04:01,32,"cantopop, c-pop",告別之後原聲大碟,2016-02-19,43,25,0,23,0,10,-9,C Major,4,2lNW5QL7nedgPJJo0ajYsj,HKA411500226,1
490,你的名字 我的聖詩,193,88,5B,71,2026-01-25,03:14,36,cantopop,你的名字 我的聖詩,2025-11-19,69,32,0,68,0,20,-7,D#/E♭ Major,4,3qkhcmThOLA0OGW3G5QcAT,HKG482511198,1
491,越州公路 193,193,170,4B,79,2026-01-25,03:33,24,cantopop,越州公路 193,2022-12-14,52,20,0,60,0,0,-4,G#/A♭ Major,4,3GsmPhxvLSDZoQahFEKuoA,HKG482210683,1
492,孤單心事,颜人中,128,8B,40,2026-01-25,04:24,50,"mandopop, c-pop, chinese r&b",孤單心事,2019-04-30,51,76,0,50,0,0,-9,C Major,4,51IfkNZ0BCvfusNGNc3JIQ,TWU711906636,1
493,遗憾也值得,王靖雯,140,7B,38,2026-01-31,04:04,52,"c-pop, mandopop, chinese r&b",遗憾也值得,2020-12-01,45,81,0,21,0,0,-8,F Major,4,1RVC2Ov7IyBko8X1PZoXOT,HKG732030352,1
494,出什麼風頭,George Au 歐鎮灝,128,6B,51,2026-01-31,04:25,46,cantopop,出什麼風頭,2026-01-26,55,32,0,57,0,10,-7,A#/B♭ Major,3,6RRzWp4qMwPxLVoEZs36yF,HKG482611245,1
495,無名氏,MC 張天賦,110,8B,44,2026-01-31,03:46,58,"cantopop, c-pop, taiwanese pop",無名氏,2026-01-20,64,68,0,35,0,0,-7,C Major,3,3ithr8auaaCWdGR1TCj2fz,HKI492608201,1
496,去见你想见的人,阿匡,135,7B,44,2026-02-01,03:42,42,"mandopop, c-pop",去见你想见的人,2025-07-02,60,61,0,49,0,30,-8,F Major,4,5nDnqQIa3CzlHO0LAO03xF,CN2DY2502747,1
497,我需要哭,Andy Lai 黎展峯,124,3B,48,2026-02-02,03:32,44,"cantopop, taiwanese pop",我需要哭,2026-02-02,55,72,0,33,0,10,-6,C♯/D♭ Major,4,5CJIPRKjOOacANUw5XsV9l,HKD252500166,1
498,美麗之最,Justin Lo,132,8B,41,2026-02-08,04:09,57,"cantopop, c-pop",No Protection,2006-03-24,63,59,0,41,0,10,-14,C Major,4,0Iz6uTneQ9aVAAEveG3ORL,HKG580600046,1
499,娜娜,"Teddy Fan,床哥",148,5B,50,2026-02-10,04:17,48,cantopop,娜娜,2026-02-09,46,78,0,39,0,20,-6,D#/E♭ Major,4,0ctQdwQS3cYmt2R38rOmTl,HKC992629852,1
500,傷口上灑辣椒醬,陳卓賢 Ian,136,10A,44,2026-02-12,03:48,60,"cantopop, c-pop, taiwanese pop",傷口上灑辣椒醬,2026-01-23,63,58,0,28,0,10,-8,B Minor,4,0KMxxchUDpKAR9bq34WdKP,HKG482611243,1
501,秋風吹起念掛,"羅子熙,Hei-Z 希晉",120,3B,63,2026-02-19,03:34,32,cantopop,秋風吹起念掛,2026-02-16,69,18,0,59,0,20,-8,C♯/D♭ Major,4,434o4ZsDu4GeaaX8zBQZQz,HKG482611260,1
502,沒人看見的星,Jeremy Lee 李駿傑,125,7B,53,2026-02-21,03:25,36,cantopop,沒人看見的星,2025-12-30,65,71,0,25,0,10,-7,F Major,4,6yaMXG0rP8H4c60038r0a9,HKG482511240,1
503,無名指,陳卓賢 Ian,110,9B,50,2026-02-23,04:16,62,"cantopop, c-pop, taiwanese pop",無名指,2026-02-23,49,86,0,39,0,30,-8,G Major,4,6eNXbPSaleVxmwZDqUZcWv,HKG482611264,1
504,世俗的星塵,Scarlett鍾熙彤,144,9B,52,2026-02-25,04:20,18,cantopop,世俗的星塵,2026-02-23,53,36,0,20,0,30,-10,G Major,4,4SygzVk1Fzn17crWvDf1yU,HKC652600656,1
505,至少相機拍下了,"Seluu,Fylo",130,10B,50,2026-02-25,02:46,43,"chinese r&b, mandopop, taiwanese pop, c-pop, chinese hip hop, cantopop",至少相機拍下了,2025-12-17,66,47,0,65,0,10,-10,D Major,4,6n78StoqWEERL5wEokhEmg,QT6FL2569770,1
506,勇气,棉子,140,12B,42,2026-02-28,04:01,56,"mandopop, c-pop",勇气,2021-07-01,57,50,0,16,0,30,-8,E Major,4,3W6CbayfW0NEhRUtiBliKl,FRX282119622,1
507,就讓我繼續沉迷下去,"pakheil,LonCFaceD",112,12B,29,2026-03-02,03:17,6,,就讓我繼續沉迷下去,2026-02-26,70,78,0,64,0,0,-16,E Major,4,1VDDng7BsUx13NC6YwUxFf,QZMER2644320,1
508,淚光萬歲,Jacky Fan 范卓賢,156,7B,65,2026-03-02,03:29,45,cantopop,淚光萬歲,2026-02-13,39,15,0,34,0,10,-5,F Major,4,70Zd3n8qDoMvFwQ8YUyjGk,HKG482611261,1
509,夠鐘,Pakho Chau,140,9B,51,2026-03-07,03:48,53,"cantopop, c-pop, mandopop",FOLLOW,2009-07-13,66,43,0,27,0,10,-6,G Major,4,1nPKpjJK7gumYbLgPSZzD6,HKC091900018,1
510,蒙著嘴說愛你,Keung To,95,3B,62,2026-03-17,04:00,43,"cantopop, c-pop",蒙著嘴說愛你,2020-06-01,65,59,0,50,0,10,-7,C♯/D♭ Major,4,2w9A7fvq6ka5CB9l7wDZXG,HKG482010432,1
511,幸福之歌,Supper Moment,145,8B,62,2026-03-17,05:29,48,"cantopop, taiwanese pop, c-pop",幸福之歌,2015-05-22,57,29,0,40,0,10,-7,C Major,4,25atREPmk8jKg0WlI28bsV,HKI241500006,1
512,夏日傾情,Leon Lai,79,6B,35,2026-03-17,04:14,51,"cantopop, mandopop, c-pop",夏日傾情,1993-06-23,68,56,0,25,0,10,-12,A#/B♭ Major,4,04C1lVLyzXciwU3mjY3vV9,HKA610001226,1
513,爱情快餐,虎皮蛋,124,4B,22,2026-03-18,04:14,23,"chinese r&b, chinese hip hop, c-pop",囚鸟,2024-09-07,52,73,0,37,0,0,-11,G#/A♭ Major,4,7EhJfl2d6ve2NXqqhZjdmz,HKG732462902,1
514,告別,"Byejack,kkisnotemo",122,5B,33,2026-03-20,04:46,35,"cantopop, canto r&b",目送 EP,2026-03-13,55,54,0,22,0,10,-10,D#/E♭ Major,4,23mQ1Il1ko7TKuVuHLPyDT,QZPLR2608118,1
515,回溯 - Acoustic Version,"Byejack,kkisnotemo",146,9B,26,2026-03-20,04:44,27,"cantopop, canto r&b",目送 EP,2026-03-13,51,84,0,51,0,10,-13,G Major,4,1IZcwaIVSqULHqwY2HiwvV,QZPLR2608121,1
516,路客,"Byejack,kkisnotemo",180,2B,37,2026-03-20,05:21,31,"cantopop, canto r&b",目送 EP,2026-03-13,35,74,0,28,0,10,-12,F#/G♭ Major,3,5eKS2pnQYv841TjJJ7IwpB,QZPLR2608117,1
517,一世人做一次傻仔,Mayao,141,10B,62,2026-03-22,03:29,53,cantopop,一世人做一次傻仔,2026-02-20,52,25,0,30,0,10,-6,D Major,4,0f2TQAlCNPGvRs3W4ovYDq,HKC652600658,1
518,本命,Anson Lo 盧瀚霆,76,2B,29,2026-03-25,03:31,68,"cantopop, c-pop",本命,2026-03-25,56,78,0,30,0,10,-11,F#/G♭ Major,4,1DSqBa9qCrbTUwVYJFUPba,HKG482611279,1
519,"用背脊唱情歌 - canon in d version, Bonus Track",Gareth.T,79,10B,31,2026-03-26,03:28,51,"cantopop, chinese r&b",THE PROTÉGÉ,2026-03-26,51,83,0,50,0,40,-8,D Major,4,5B1rNOr5a6PCsaD3k6NvA2,HKI492650211,1
520,思念病,step.jad,168,6B,60,2026-03-29,03:41,48,"chinese r&b, chinese hip hop, c-pop, mandopop",思念病,2024-02-29,52,25,0,64,0,20,-7,A#/B♭ Major,4,6t2b3l88RZ9a7qlvRElY8U,HKE672400174,1
521,你那麼愛她,Sam Lee,120,6B,40,2026-03-30,04:17,57,"mandopop, taiwanese pop, c-pop","音樂十年李聖傑, 唯一精選",2009-01-20,61,29,0,27,0,20,-10,A#/B♭ Major,4,6bB02f2f26pP0n0MW4pQa8,TWO910901006,1
522,當我們不再說晚安,晚安莉莉,160,11B,86,2026-04-14,04:00,56,cantopop,當我們不再說晚安,2026-04-02,47,2,0,56,10,30,-5,A Major,4,5nft8DV4HTOPyt5RJ5xBA9,HKH142614401,1
523,我看見今晚的月色很美，你呢？,晚安莉莉,148,10B,74,2026-04-14,04:04,52,cantopop,"Goodnight, Lillie.",2025-10-06,53,17,0,38,0,10,-7,D Major,4,5m5UYRlUNW7ypgh7TsmGIa,HKH142514406,1
524,時光刻下的我,Hadrian Chan,132,5B,46,2026-04-16,04:16,19,cantopop,時光刻下的我,2026-01-06,56,65,0,46,0,10,-10,D#/E♭ Major,4,4nVh6G9b3XTNsvg2lKqZwJ,QT6HJ2584294,1
525,我們那天穿甚麼,"Mic 周卓盈,Dark Wong 黃明德",116,11B,52,2026-04-22,03:47,33,"cantopop, taiwanese pop",我們那天穿甚麼,2026-04-22,86,58,0,47,0,10,-6,A Major,4,46BPjFfyC7O9RyONp7rGCz,QM6N22668537,1
526,我的世界不只有你,Dark Wong 黃明德,147,6B,58,2026-04-22,03:25,38,"cantopop, taiwanese pop",我的世界不只有你,2026-03-10,63,12,0,41,0,10,-7,A#/B♭ Major,4,4JbP6CdjgtrZWkWzDWytdV,HKD252500174,1
527,男朋友,Louis Koo,134,6B,40,2026-04-23,03:17,53,cantopop,男朋友,2000-00-00,38,74,0,27,0,10,-9,A#/B♭ Major,4,4HBOOGIvjHGOrdtEiFkN03,HKE050027901,1
528,重新長大,Alfred Hui,140,1B,56,2026-04-23,03:31,7,"cantopop, c-pop",許廷鏗 The Ultimate Collection 新曲+精選,2017-11-21,54,54,0,50,0,10,-7,B Major,4,3oFcv31RRqK037Bk6lVVGm,HKJ341780068,1
529,今世情人,Yan Ting,136,2B,47,2026-04-24,04:30,51,cantopop,今世情人,2026-04-23,58,47,0,22,0,10,-7,F#/G♭ Major,4,70rtdjRhEdd0Lf3773uqXV,HKUM72600069,1
1,0214,Yel,69,7B,37,2025-09-06,03:03,0,,About Last Night..,2022-04-04,58,63,0,18,0,10,-11,F Major,4,3ffUoOFNLBkHhQ9x0j8zkI,KRMIM2207976,1
2,1:05,The Black Skirts,88,12B,67,2025-06-02,04:00,60,k-rock,TEAM BABY,2017-05-30,64,37,0,55,0,10,-7,E Major,4,4bjNOhOMvqFPflwHIaS7Fw,KRA401700138,2
3,200%,AKMU,102,3B,64,2025-11-29,03:13,61,"k-ballad, k-pop",PLAY,2014-04-07,85,38,0,87,0,20,-5,C♯/D♭ Major,4,6qkx0tenDglbF21CU4wa1k,KRB471400414,1
4,2 O' CLOCK,dori,92,11B,64,2024-11-24,02:32,57,k-ballad,2 O' CLOCK,2022-02-01,82,67,0,74,0,10,-6,A Major,4,36PxJOUB8qFTcDFp2M0h6K,KSA002101410,1
5,about a boy,JANNABI,122,8B,60,2025-06-02,02:39,35,"k-ballad, k-rock",LEGEND,2019-03-13,67,68,0,61,0,20,-6,C Major,4,3glUhrBDHoDK35nQAawNBK,KRA381900668,1
6,About Last Night..,Yel,106,11B,63,2025-09-06,03:04,0,,About Last Night..,2022-04-04,77,16,0,90,0,20,-8,A Major,4,337iXj4y5t06TzMw4kEBvG,KRMIM2204299,1
7,akira,wave to earth,80,3B,57,2025-06-02,02:42,49,,0.1 flaws and all.,2023-04-20,58,85,93,12,0,10,-9,C♯/D♭ Major,4,5oThdPvhz6t4fdHjjEnrPM,KRA252300816,1
8,All I Wanna Do (K) (Feat. Hoody & Loco),"Jay Park,Hoody,Loco",97,4B,72,2025-06-02,03:36,62,"k-rap, k-pop",EVERYTHING YOU WANTED,2016-10-20,40,38,0,43,20,0,-6,G#/A♭ Major,4,2FWquqPNxte8iqZ3ATQG0p,KRC711600030,1
9,ALWAYS THE END,Jhung,117,7A,33,2025-09-06,01:05,1,,Always The End,2022-05-27,57,81,0,65,0,10,-9,D Minor,3,4nhISzZIUiwm8w2kUe3nuS,QZHNA2235590,1
10,Amusement Park,BAEKHYUN,85,7B,56,2023-11-27,04:16,52,k-pop,Amusement Park,2020-12-21,64,85,0,30,0,10,-5,F Major,4,1TUkEXQrskATO9SoB4QMUN,KRA302000630,1
11,and Forevermore,DANIEL,98,9B,27,2025-06-02,03:03,35,,and Forevermore,2023-08-08,75,67,9,81,0,0,-9,G Major,4,24JjU7mLnZRuvkJMFnLgzP,KRMIM2389869,1
12,annie.,wave to earth,74,6A,43,2025-06-02,03:20,62,,play with earth! 0.03,2024-09-06,60,34,1,30,0,10,-9,G Minor,1,57KdzjdxoBml2rx0rajGRg,KRA252402438,1
13,Another Love,DANIEL,76,6B,17,2025-06-02,03:46,37,,Another Love,2023-03-04,60,94,93,16,0,10,-13,A#/B♭ Major,3,6kUbsWrqQ17sL0Fc00FUvA,KRMIM2334303,1
14,are you bored?,wave to earth,144,1B,61,2025-06-02,01:51,53,,play with earth! 0.03,2024-09-06,68,8,92,63,0,10,-11,B Major,4,0fVaeDuKVb0vQSn9sGILo4,KRA252402436,1
15,A Song Nobody Knows,Colde,126,4A,22,2025-10-27,04:49,46,,idealism,2021-01-25,59,31,0,15,0,0,-9,F Minor,4,7x63A2ceUzPs7UBAxmVGbf,QM4TW2107828,1
16,A thought on an autumn night,JANNABI,74,6B,30,2024-11-24,03:07,55,"k-ballad, k-rock",JANNABI's Small Pieces l,2020-11-06,54,90,0,37,0,10,-9,A#/B♭ Major,3,4YaKlkNVJNbrIqN82EKFsQ,KRA382006276,1
17,August Snow,"Junwav,cykim",87,10B,45,2025-09-06,03:24,47,,August Snow,2024-06-14,65,11,0,43,0,0,-9,D Major,4,4PeNLPtPgVUmvyMC1Sgu5O,TCAII2474094,1
18,bad,wave to earth,136,10B,55,2025-06-02,04:23,76,,0.1 flaws and all.,2023-04-20,56,71,11,39,0,10,-9,D Major,4,6H67gFuycHyTOROX2M4bbs,KRA252300807,5
19,bad dreams,JANNABI,176,6B,74,2025-06-02,04:52,32,"k-ballad, k-rock",LEGEND,2019-03-13,42,24,2,35,0,10,-7,A#/B♭ Major,4,0EtiFHvYwpcaxYC5Y0EHTm,KRA381900673,1
20,beck.,wave to earth,132,1B,60,2025-06-02,04:06,55,,play with earth! 0.03,2024-09-06,51,22,13,35,0,30,-8,B Major,4,4zPz8sZesUItr39aJcqX1d,KRA252402440,1
21,bird,wave to earth,106,5B,46,2025-06-02,03:36,3,,wave 0.01,2020-06-02,59,36,0,16,0,0,-6,D#/E♭ Major,4,4APpKvbR6sBShQeyJOceI9,KRMIM1925218,1
22,Bittersweet (feat. LeeHi),"WONWOO,MINGYU,LEEHI",110,3A,68,2026-01-21,02:54,61,"k-ballad, k-pop",Bittersweet (feat. LeeHi),2021-05-28,82,43,0,77,0,0,-6,A#/B♭ Minor,4,347PJwH4XqRbeaKaIW9sX3,USA2P2108418,1
23,Black Mountain,wave to earth,111,7B,24,2025-06-02,06:10,54,,Twenty Plenty,2024-04-17,45,94,1,15,0,10,-11,F Major,3,06sXeC9qDRsw3JvAZOnC8g,KRA382402371,1
24,blue,jungumul,144,11B,31,2025-10-26,04:35,40,,blue,2019-02-27,62,51,70,18,0,10,-11,A Major,4,4Z9Lirn7tJ647vYKqIkjTw,KRMIM1903385,2
25,Blue Butterflies,JHIN,93,12A,56,2024-09-02,02:17,59,,Blue Butterflies,2023-08-25,74,60,0,69,0,30,-7,C♯/D♭ Minor,4,1FpQ2EPJarW7rpjFGGd8Jd,QZVEM2347851,1
26,blue salvia,PRYVT,130,3B,45,2025-06-02,03:17,54,,&SCENE,2024-11-15,56,21,70,31,0,20,-10,C♯/D♭ Major,4,5g8C2rOTtUCX5GebDsnYgL,QZVEM2374376,1
27,bonfire,wave to earth,104,9A,35,2025-06-02,04:40,10,,wave 0.01,2020-06-02,39,58,0,13,0,40,-9,E Minor,3,6ZO96viUqhiRQpwxOYdwdE,KRMIM1925217,1
28,By My Side,JUNNY,179,4B,43,2024-02-19,03:26,56,k-rap,By My Side,2020-03-11,47,67,0,38,0,0,-5,G#/A♭ Major,3,6nzCvAtyADh0wwZEVMoujK,KRA382000590,1
29,Calendar,off the menu,134,12B,44,2025-09-06,04:50,19,k-rock,off the menu,2019-02-19,59,55,4,30,0,10,-9,E Major,4,6aOBMjkUrLukHWOkIyYHGm,KRMIM1903251,1
30,calla,wave to earth,110,7B,52,2025-06-02,04:19,41,,calla,2022-06-08,56,28,0,28,0,10,-8,F Major,4,5LZ4YMkDx5hY7N9QsH4KTd,KRA252201123,1
31,Can I Love ? (feat. youra & Meego),"Cosmic Boy,youra,Meego",80,4A,44,2023-11-27,03:49,0,,Can I Love ?,2019-02-18,71,56,0,28,0,10,-4,F Minor,4,4T2cOfemKB0owJS2JOu7dF,KRB471900313,1
32,Can't Love You Anymore (With OHHYUK),"IU,OHHYUK",66,8A,63,2023-11-27,03:15,58,"k-pop, k-ballad",Palette,2017-04-21,61,57,0,66,30,20,-4,A Minor,4,5MvxeZPiiLAuB5gI8k3ynk,KRA381700864,1
33,cares,The Poles,136,11B,43,2025-09-06,04:34,45,k-rock,cares,2024-03-01,36,25,1,20,0,10,-8,A Major,4,0JSRc0gSUIsXzo4xHe9BUo,KRMIM2418775,1
34,Come Back with Me,Siggerr,120,12B,32,2025-09-06,05:55,10,,Dream,2022-11-29,57,97,95,29,0,10,-12,E Major,4,67Mwa9Je5itHHUAcBuC5VT,SGB502292000,1
35,Confetti and Balloons,The Black Skirts,168,6B,69,2025-06-02,03:21,52,k-rock,TEAM BABY,2017-05-30,53,75,0,28,0,0,-6,A#/B♭ Major,4,3P3guXf2RRhjPK0R2UlLZV,KRA401700137,1
36,Cosmos,Lee Jun Hyung,73,9A,44,2025-09-10,03:22,50,,Cosmos,2025-02-25,54,34,0,18,0,10,-7,E Minor,4,6ZfD4mPtAMiMcV8cAVoV3d,KRE892500006,1
37,daisy.,wave to earth,202,11A,58,2026-01-21,03:38,64,,daisy.,2021-05-13,44,36,0,65,0,30,-6,F#/G♭ Minor,4,18gHmYZHV9JHZ0VUpjYlFs,KRMIM2120660,1
38,Dedicated 2 U,Jay Park,87,1B,80,2025-06-02,03:14,34,"k-rap, k-pop",THE ONE YOU WANTED,2024-10-08,64,24,0,84,20,10,-4,B Major,4,5u1TFTu0MWgxWQBMtKfXd9,KRMIM2453721,1
39,Delphinium,Lee Jun Hyung,97,2B,35,2025-07-29,02:35,12,,Delphinium,2025-07-07,68,96,0,45,0,10,-9,F#/G♭ Major,3,4JSWJeMMRB2rvcch3B9Jek,KRE892500033,1
40,D (Half Moon),"DEAN,Gaeko",170,9B,77,2023-11-27,03:49,62,"k-rap, k-pop",130 Mood : TRBL,2016-03-25,51,25,0,52,10,0,-5,G Major,4,3uA8SjMyDtwtt0jLPMQbVD,KRUM71600036,1
41,DIE 4 YOU,DEAN,154,11A,36,2024-11-24,03:14,64,"k-rap, k-pop",DIE 4 YOU,2023-11-18,43,80,0,29,0,10,-10,F#/G♭ Minor,4,7yZD4AVfQtAZD4cG8eRnPk,KRUM72300306,1
42,DOLMARO,JANNABI,198,11B,49,2025-06-02,03:54,39,"k-ballad, k-rock",LEGEND,2019-03-13,26,64,0,24,0,40,-8,A Major,3,0NfiN84B533YRgbGko6RQy,KRA381900669,1
43,"Don't Leave Me, My Love",Colde,49,10A,28,2025-06-02,04:45,40,,Love Part 1,2019-05-31,28,93,0,21,0,30,-11,B Minor,3,4KNswWvpsQhCHs99Ub4VIG,QM6N21921545,1
44,doodle (Feat. Yerin Baek) (Prod. by WOOGIE),"punchnello,Yerin Baek",100,9B,53,2025-06-02,03:07,48,"k-rap, k-ballad",doodle,2019-11-11,80,65,0,41,10,10,-7,G Major,4,4WiZMFJos3BUHSieP9cHTM,KRC711900076,1
45,Do you want to walk with me? (Romance 101 X Jukjae),Jukjae,67,9B,40,2024-09-01,03:46,51,k-ballad,Do you want to walk with me? (Romance 101 X Jukjae),2020-10-23,49,77,0,33,0,10,-9,G Major,4,1hyyH6xSgtcgwpNOR9cX1t,KRA382006106,1
46,Draw the Line,1415,87,9B,45,2025-06-02,02:40,45,k-rock,DEAR : X,2017-04-21,68,80,0,38,0,10,-9,G Major,4,6jjqg0zQ73C1VUD2y6hGNW,KRNAR1702157,1
47,Dream,"Suzy,BAEKHYUN",49,12B,48,2024-03-13,03:42,0,"k-ballad, k-pop",Dream,2016-01-07,72,42,0,45,10,0,-9,E Major,4,3JBnDOUd18QKjDqSYuOfpm,KRA381600046,1
48,"dreams, books, power and walls",JANNABI,76,2B,33,2025-06-02,04:57,56,"k-ballad, k-rock",LEGEND,2019-03-13,51,82,0,36,0,10,-9,F#/G♭ Major,4,1deQhoZakgMT5fw0t9zliD,KRA381900675,1
49,dried flower,wave to earth,122,9A,30,2025-06-02,03:35,39,,dried flower,2022-10-11,38,65,69,10,0,10,-12,E Minor,4,6ViMRIzAzBkQLzI4obU5Rt,KRA252201803,1
50,Druken Truth,Kim Dong Ryul,120,10B,55,2024-06-30,05:20,46,k-ballad,Love in Memory,2013-06-17,59,67,0,32,0,0,-8,D Major,3,3gdoNzCfHlXZZjlvONGT6D,KRA341309413,1
51,Earth,Lee Jun Hyung,72,2B,42,2025-07-29,04:35,41,,UTOPIA,2022-09-15,43,12,80,14,0,10,-8,F#/G♭ Major,4,1zoscHQHPrcUmkpDecW4Fz,KSA012183876,1
52,Endless Love,Colde,134,5B,20,2025-06-02,02:03,28,,Love Part 1,2019-05-31,31,94,0,14,0,10,-12,D#/E♭ Major,1,0urEd3KPTq43H3TfF1yEa9,QM6N21921544,1
53,Enough (prod. APRO),"Colde,정유미,APRO",119,5A,59,2025-06-02,03:03,46,,Enough,2021-12-02,78,54,0,62,0,0,-7,C Minor,4,1JB8Y5r1Pee8E8b7J1Kf1q,KRMIM2176673,1
54,evening glow,wave to earth,100,1B,52,2025-06-02,03:36,57,,0.1 flaws and all.,2023-04-20,52,30,62,49,0,10,-9,B Major,4,7KboPR4TuGQSAEjJNXKwQQ,KRA252300810,2
55,Everlasting Love,LEEHEESANG,130,10B,39,2025-09-06,05:32,47,,HOWEVER,2023-02-03,49,78,21,28,0,10,-9,D Major,4,1ueWBHHclILiJ2loAoqDxI,KRMIM2302941,2
56,EVERYTHING,The Black Skirts,120,2B,37,2025-06-02,04:53,68,k-rock,TEAM BABY,2017-05-30,54,65,93,39,0,10,-9,F#/G♭ Major,4,19Hg1UCZaCdpHB37L7x63X,KRA401600005,1
57,Eye To Eye,Kwak Jin Eon,99,9B,34,2025-06-02,03:06,27,"k-ballad, soundtrack",Eye To Eye,2021-06-18,82,87,61,59,0,10,-12,G Major,4,3l5h4nyOoMXv52yRwbk139,KRA382158926,1
58,fairy,Dvwn,120,12B,39,2024-11-24,03:50,0,,panorama,2018-11-21,56,40,0,35,0,30,-7,E Major,3,1FGXujttO5H6XB25NlG3Yd,KRA251801991,1
59,fairy of shampoo,dosii,104,7A,73,2025-10-26,03:32,57,,echo,2020-05-25,71,3,5,82,0,0,-8,D Minor,4,72eVBUhcdUQusHUhDbfQoQ,KRMIM2011711,1
60,Fall for You,"Sarah Kang,Jesse Barrera",140,3B,46,2025-09-06,02:55,56,,Fall for You,2021-10-08,57,66,0,50,0,0,-8,C♯/D♭ Major,4,1tyxZ2buhi3Zn32j5LEpb5,QZMER2107884,1
61,Fall in Love Again,ALEPH,140,8B,36,2025-06-02,03:38,47,k-ballad,Fall in Love Again,2017-08-24,61,84,0,32,0,10,-8,C Major,4,623MRGJs27mi0ne71LEqGa,KRD951700024,1
62,Flower,DANIEL,79,5B,6,2025-06-02,04:32,45,,Flower,2020-02-14,41,97,0,13,0,10,-16,D#/E♭ Major,3,2i7XH68YyqN2pe1Om3rxsi,KRMIM2002973,1
63,Forest,Choi Yu Ree,114,10B,30,2024-11-24,03:48,58,k-ballad,Stroll,2022-08-24,41,92,0,19,0,10,-9,D Major,3,33xRp6ZX1DKraRFHR9ZDck,KRA922200019,1
64,Forever Has Always Been,Redoor,77,12B,43,2025-06-02,03:57,63,"k-ballad, k-rock",Forever Has Always Been,2021-01-09,50,70,25,33,0,10,-8,E Major,4,3tbHqU6PKS2bIGWx9cn082,KRMIM2036546,1
65,foreverymoments,Kim Daniel,62,8B,43,2025-09-06,03:26,43,,foreverymoments,2020-06-26,50,31,0,20,0,10,-8,C Major,4,2FnMrl3qRuXRghJupmqaH1,KRMIM2016935,1
66,for lovers who hesitate,JANNABI,74,6B,43,2026-01-21,04:25,62,"k-ballad, k-rock",LEGEND,2019-03-13,52,71,0,30,0,30,-8,A#/B♭ Major,4,5BqwC9kOBbqYkzdOKeXFFk,KRA381900671,1
67,Freely,Kwak Jin Eon,116,8B,38,2025-06-02,03:38,33,"k-ballad, soundtrack",Freely,2018-11-16,73,57,53,21,0,30,-6,C Major,4,5LiEMIbxRfUmm8w6TJTJXH,KRA381801935,1
68,Full of You,So Soo Bin,92,10B,65,2025-06-02,03:37,42,k-ballad,"Hey, Wave",2019-06-30,66,79,0,31,0,10,-6,D Major,4,2Palz7gBi0MZ8Fr0ckMucC,KRA381903419,1
69,Galaxy,BOL4,83,8B,81,2025-11-29,03:33,62,"k-pop, k-ballad",Full Album RED PLANET,2016-08-29,48,68,0,70,10,0,-2,C Major,4,15c7KZTrsCUxCQcOdUVELc,KRA921600019,1
70,geum ui hwan hyang,JANNABI,176,7B,44,2025-06-02,03:42,33,"k-ballad, k-rock",LEGEND,2019-03-13,51,89,0,64,0,40,-11,F Major,4,6INYE0DoIzVvnEUu7Pw4Bw,KRA381900672,1
71,Give Love,AKMU,96,7B,71,2025-11-28,02:56,64,"k-ballad, k-pop",PLAY,2014-04-07,79,33,0,84,0,0,-5,F Major,4,2A3ShNautqXezP1lFDePwa,KRB471400413,1
72,gold,wave to earth,146,7B,59,2025-06-02,04:40,2,,wave 0.01,2020-06-02,53,4,0,49,0,20,-6,F Major,4,6m1q4QZRV88YLeHlX4ySz4,KRMIM1925216,1
73,Good Good Night (Intro),JANNABI,135,8B,26,2025-06-02,03:36,45,"k-ballad, k-rock",LEGEND,2019-03-13,33,92,0,26,0,10,-10,C Major,4,6qpEu4YIoPzFjhXq8WTXCC,KRA381900664,1
74,‎Good Night Good Dream,Nerd Connection,130,10B,42,2025-06-02,04:25,60,"k-ballad, k-rock",‎Good Night Good Dream,2020-03-23,49,6,0,14,0,0,-5,D Major,4,3s761CQaziQ0GEN1yUkIsG,KRMIM2004811,1
75,Goodnight (Intro),JANNABI,146,4B,17,2025-06-02,01:08,33,"k-ballad, k-rock",MONKEY HOTEL,2016-08-04,38,90,8,17,0,10,-15,G#/A♭ Major,4,4MAMn2twjZR03xvTKAEth9,KRA381601430,1
76,Green,12BH,120,9B,34,2025-09-06,03:12,33,,Green,2023-02-06,59,81,21,19,0,10,-11,G Major,4,5DVaxaFcToqKYFnLxJMcFH,KSA012233085,1
77,happy endings do exist,PRYVT,100,2B,42,2025-09-06,03:17,46,,&SCENE,2024-11-15,52,2,7,17,0,20,-10,F#/G♭ Major,4,2TznDL9ONg1xvuAALxxGBd,QM7282415882,1
78,He’s something,Yel,82,5A,41,2025-09-06,01:39,51,,He’s something,2024-04-09,31,58,4,34,0,10,-8,C Minor,4,6QjSg2qedI0T7E5QpICqwQ,ZZA0P2404078,1
79,"Hi Bye, Goodnight",DANIEL,98,6B,54,2025-06-02,04:15,48,,"Hi Bye, Goodnight",2020-12-15,35,88,36,33,0,10,-8,A#/B♭ Major,4,0Cbo2nwSh4r2zjlDml9cQp,KRMIM2034323,1
80,holyland,wave to earth,106,2B,44,2025-06-02,04:22,59,,play with earth! 0.03,2024-09-06,35,23,1,16,0,0,-9,F#/G♭ Major,3,3EAVnk4Dq0DPhlJLG5ljDc,KRA252402442,1
81,home,jungumul,140,11B,27,2025-09-06,04:34,38,,home,2019-08-02,75,77,83,49,0,0,-11,A Major,4,63fP41GCXjDfphBuy5n5m8,KRMIM1913501,1
82,homesick,wave to earth,95,1A,44,2025-06-02,05:06,71,,0.1 flaws and all.,2023-04-20,52,67,37,10,0,10,-10,G#/A♭ Minor,4,2FZIabCRMEWAYfN69Ijn1U,KRA252300814,1
83,HONG KONG,JANNABI,146,7B,71,2025-06-02,03:37,38,"k-ballad, k-rock",MONKEY HOTEL,2016-08-04,64,38,0,66,0,20,-4,F Major,4,05Udoqtxi9KgqSMnV5OPpQ,KRA381601435,1
84,Horizon,JAEHYUN,200,4A,60,2024-12-03,03:42,51,,Horizon - NCT LAB,2023-08-08,38,10,0,55,20,20,-6,F Minor,4,2HfAb3qB9w3t9x5e7ZjX5T,KRA302300271,1
85,How about ♥?,Hangsung,97,2B,57,2025-09-06,03:11,41,,How about ♥?,2023-06-12,65,29,0,71,0,10,-7,F#/G♭ Major,4,7a1WunmBe0907q7VwE9yIC,KRMIM2358970,1
86,Hug Me,JOONIL JUNG,136,8B,27,2025-09-06,04:34,50,k-ballad,Lo9ve3r4s,2011-11-23,61,40,0,28,0,10,-10,C Major,4,1dAN9YSEram61KezA9X8lx,GB32E1404926,1
87,Hurt,NewJeans,180,3A,45,2024-01-19,02:57,73,k-pop,NewJeans 1st EP 'New Jeans',2022-08-01,60,73,0,57,0,10,-7,A#/B♭ Minor,4,5expoVGQPvXuwBBFuNGqBd,USA2P2230224,3
88,Hurt heart,Hangsung,63,9B,16,2025-09-06,02:22,36,,Some time s,2022-12-06,42,95,0,7,0,30,-14,G Major,4,7lTO81NBCVl791gNyHgRy8,KRNAR2216479,1
89,"I can't go home, anymore",PRYVT,120,2B,51,2025-09-06,02:32,34,,"I can't go home, anymore",2023-08-31,56,9,0,22,0,30,-11,F#/G♭ Major,4,1USRCr8va6RmsbekXRs19I,QZVEM2351980,1
90,I Do I Want,So Soo Bin,106,11A,42,2025-10-26,04:31,30,k-ballad,"Hey, Wave",2019-06-30,63,81,0,23,0,10,-8,F#/G♭ Minor,3,6A0bHqgw8SR9nNtdhfseJc,KRA381903418,1
91,if it's not you,PRYVT,110,2B,22,2025-06-02,03:46,58,,&SCENE,2024-11-15,53,86,0,21,0,0,-12,F#/G♭ Major,3,6jInHQJR01A97PbhwCwMzP,QZVEM2399461,1
92,I Fxxking Love You,Colde,80,11A,55,2023-11-27,04:03,0,,Love Part 1,2019-05-31,66,66,0,32,0,10,-6,F#/G♭ Minor,4,0amQL57HiAFWSO6Yz64tD1,QM6N21921540,1
93,If You Only Knew,Yayyoung,179,11B,33,2025-09-06,02:56,46,,If You Only Knew,2020-06-12,53,46,0,47,0,20,-11,A Major,3,5D1pcxANVw9SPSatgy5d1F,QZES92016542,1
94,Igloo,Lee Jun Hyung,74,9B,53,2025-10-26,05:22,38,,Igloo,2019-12-12,44,5,52,18,0,30,-6,G Major,4,1plxVCiD3Qw2IWDq3EFuYI,KRMIM1923006,1
95,I`m In Love,Colde,140,6B,33,2024-12-03,03:17,49,,I`m In Love,2021-05-06,61,64,0,67,0,0,-9,A#/B♭ Major,4,349TY23ZYSFWwVvHJR4HCG,KRA252100595,1
96,Impurities,LE SSERAFIM,180,8A,77,2024-11-24,03:16,63,k-pop,UNFORGIVEN,2023-05-01,60,24,0,45,10,0,-4,A Minor,4,7mYwDmbbp8UPLlnRjTJ54X,USA2P2230330,1
97,Insomnia (Feat. YAYYOUNG),"Dvwn,Yayyoung",120,2B,60,2025-06-02,03:30,53,,"Dawn Defibrillation, Vol.1",2019-12-16,67,24,0,37,0,10,-5,F#/G♭ Major,4,7tr6WuxHOWyWQl0W8YfBtq,KRA251902179,1
98,instagram,DEAN,94,4B,57,2024-02-19,04:15,66,"k-rap, k-pop",instagram,2017-12-26,46,20,0,22,10,20,-6,G#/A♭ Major,4,6z1kLsntE7FuzKZHZWrXYN,KRUM71700353,1
99,Introduce me a good person,JOY,94,5B,56,2025-09-06,03:03,0,k-pop,"HOSPITAL PLAYLIST (Original Television Soundtrack), Pt. 2",2020-03-20,62,69,0,73,0,10,-4,D#/E♭ Major,4,2CHk9VD0glOknemRMFEQfH,KRA492000304,1
100,INVITATION (Feat. Gaeko),"JUNNY,Gaeko",124,9A,85,2025-02-05,03:11,62,k-rap,INVITATION (Feat. Gaeko),2023-07-06,80,7,0,91,0,10,-3,E Minor,4,3ISOK4T54v6O1g1AB8FiEK,KRA382318313,1
101,It's not beautiful and it doesn't hurt,Wonstein,90,3B,50,2025-06-02,02:44,48,k-rap,It's not beautiful and it doesn't hurt,2024-01-30,71,68,0,57,0,10,-8,C♯/D♭ Major,4,0tS9IeWNCqTjpuYd2iQtSt,ZZA0P2401262,1
102,Jasmine,DPR LIVE,138,4B,49,2026-01-21,03:21,63,k-rap,Jasmine,2017-10-08,60,33,0,40,10,10,-6,G#/A♭ Major,4,2IgbYlOlFpiSFYnsqB39lM,KRA381702312,1
103,Joker (Feat. JAMIE),"BIG Naughty,JAMIE",97,5A,58,2025-06-02,03:19,53,"k-rap, k-ballad",Bucket List,2021-02-25,68,65,0,49,0,10,-6,C Minor,4,7GLn0324YKGYxbYN7GH8Ip,KRA382101158,1
104,joyful joyful,JANNABI,126,9A,51,2025-06-02,04:03,36,"k-ballad, k-rock",LEGEND,2019-03-13,59,70,0,43,0,20,-8,E Minor,4,2oTDvoEuxCj33rFL9u5Xum,KRA381900666,1
105,JUNGLE,JANNABI,130,11B,92,2025-06-02,03:09,27,"k-ballad, k-rock",MONKEY HOTEL,2016-08-04,73,1,0,96,0,30,-3,A Major,4,2wFmUoCn1z1BFxUjUtW0Lc,KRA381601437,1
106,land of night,JANNABI,148,12B,48,2025-06-02,04:26,32,"k-ballad, k-rock",LEGEND,2019-03-13,35,84,5,11,0,20,-9,E Major,4,2d87kHwM5YByBhsU8qCDWg,KRA381900674,1
107,Last,Dvwn,124,9B,39,2025-10-27,03:55,53,,"Dawn Defibrillation, Vol.1",2019-12-16,70,12,0,46,0,10,-5,G Major,3,41r2Q4UEDdU9cktfgQETnx,KRA251902178,1
108,LEGEND,JANNABI,96,9B,64,2025-06-02,03:47,38,"k-ballad, k-rock",LEGEND,2019-03-13,28,35,0,50,0,10,-7,G Major,3,71BlPUFrHUvQOg36AvOyZI,KRA381900670,1
109,Let′s forget it - Drama Version,Mido and Falasol,97,11B,57,2025-09-06,04:35,43,"soundtrack, k-ballad",HOSPITAL PLAYLIST Season2 Special (Original Television Soundtrack) [Drama Version],2021-07-30,75,49,0,37,0,0,-7,A Major,4,7kU5GMeSxtOTtl9I1ipgYa,KRA492100785,1
110,light,wave to earth,80,1B,62,2025-06-02,03:45,14,,light,2019-11-18,44,26,3,72,0,10,-7,B Major,4,1MNHqDjKxhtn7YwLCpm7Nt,KRMIM1921432,3
111,Lily of The Valley,DANIEL,124,3B,39,2025-06-02,04:57,65,,Flower,2020-02-14,57,74,28,27,0,0,-9,C♯/D♭ Major,4,4gAIUEY7VkeiKQOPwIYaYb,KRMIM2002972,1
112,Love,Damdamgugu,98,3B,43,2025-06-02,03:51,0,,Love,2021-06-18,71,36,38,32,0,10,-7,C♯/D♭ Major,4,5eDpB30zICt0Dkl13irQuY,KRMIM2123619,1
113,love.,wave to earth,62,10B,39,2026-01-21,05:07,79,,0.1 flaws and all.,2023-04-20,32,65,30,25,0,20,-10,D Major,4,5mtTAScDytxMMqZj14NmlN,KRA252300813,4
114,Love Is a Flower,Colde,80,8B,17,2025-06-02,02:11,41,,Love Part 1,2019-05-31,41,98,0,8,0,30,-14,C Major,4,2UJo3tPOgM7H3ZT9DGxOwZ,QM6N21921538,1
115,Love Makes Me Jealous,Colde,120,12A,47,2025-06-02,02:44,33,,Love Part 1,2019-05-31,68,89,2,30,0,0,-9,C♯/D♭ Minor,4,7hNHxoM7CL7ZxBOoNrRs6i,QM6N21921539,1
116,"Love, Maybe",MeloMance,172,4B,73,2025-06-02,03:05,67,"k-ballad, k-pop","Love, Maybe (A Business Proposal OST Special Track)",2022-02-18,40,51,0,63,0,10,-4,G#/A♭ Major,4,2X45nVBeYzmDlrXji9Av0Q,KRA382203167,2
117,Love Me Back,fromis_9,112,1B,84,2025-07-29,03:06,65,"k-pop, bubblegum pop",Love Me Back (From  Operation: True Love ),2023-10-11,72,35,0,89,0,30,-4,B Major,4,2IMPPA9UZpqTnnVIy9lDHU,KRNAR2351255,1
118,Love Shine,LEEHEESANG,120,10B,37,2025-06-02,04:26,59,,WHOEVER,2021-12-20,59,79,3,23,0,10,-10,D Major,4,467zSU1hr4OF3Zq5zVX3Dt,KRMIM2179193,1
119,"MERRY-GO-ROUND (Feat. Zion.T, Wonstein) (Prod. Slom)","sokodomo,Zion.T,Wonstein",108,12A,55,2025-06-02,04:09,54,"k-rap, k-ballad",Show Me The Money 10 Episode 2,2021-11-13,86,29,0,70,0,30,-7,C♯/D♭ Minor,4,2eLe81VDUQ5f0xFfc9cMWz,KRA492101252,1
120,mirror,JANNABI,110,5B,48,2025-06-02,03:20,38,"k-ballad, k-rock",LEGEND,2019-03-13,60,73,2,48,0,0,-11,D#/E♭ Major,4,6lEvp0pS6rqCpdsbvOaRaC,KRA381900667,1
121,mona lisa,PRYVT,147,9B,59,2025-09-06,02:53,31,,mona lisa,2023-12-13,37,6,19,80,0,20,-8,G Major,3,387WTI6cqaqrSGrgV6m6tC,QZVEM2379912,1
122,MONKEY HOTEL (Finale),JANNABI,114,4A,88,2025-06-02,02:00,29,"k-ballad, k-rock",MONKEY HOTEL,2016-08-04,60,12,0,77,0,10,-2,F Minor,4,4QY9yXvnZbvWL4boDFCjeN,KRA381601438,1
123,MOVIE,JUNNY,74,5B,56,2024-02-19,03:03,54,k-rap,MOVIE,2020-09-20,58,66,0,60,0,30,-4,D#/E♭ Major,4,51kQvG4aghW17VSZKkfxTp,KRA382005448,1
124,My whole world,"Car, the garden",75,9B,37,2026-01-30,03:25,63,k-ballad,Absence,2021-01-28,70,87,0,26,0,10,-8,G Major,4,55pCe0UgAeaeWKKSQqdiWh,KRA382100429,1
125,"NAM A (feat. THAMA, SOLE & Kim Seungmin)","Cosmic Boy,Kim Seungmin,SOLE,THAMA",94,1A,54,2025-06-02,03:26,43,"k-rap, k-ballad",Can I Heat ?,2020-01-21,50,51,0,28,0,20,-5,G#/A♭ Minor,4,4r7pGDzSCpXWjQLjJhcL1y,KRB472000077,1
126,NAN CHUN,SE SO NEON,141,3B,53,2025-06-02,03:49,59,"k-rock, japanese indie",NAN CHUN,2020-05-10,49,5,0,44,0,40,-3,C♯/D♭ Major,3,4TBHfv2isYco3fNKjQ8oSI,KRF252000039,1
127,No Blueberries,"DPR IAN,DPR LIVE,CL",148,9A,62,2024-06-04,03:05,61,"k-rap, k-pop",Moodswings In This Order,2021-03-11,72,51,0,90,0,20,-6,E Minor,4,4lpvCG7eNzHAXwvMxWUNjz,QMFMF2000505,1
128,No Make Up,Zion.T,92,11B,40,2023-11-27,03:09,62,"k-rap, k-ballad",No Make Up,2015-10-12,73,41,0,52,0,20,-5,A Major,4,4ppKRxity3jJd2hGoVyD4u,KRA381500307,1
129,Nothin' Without You,Hangsung,110,11B,50,2025-09-06,02:42,48,,Nothin' Without You,2024-04-03,79,23,0,77,0,20,-7,A Major,4,2hV74m69tD0OavP0g6TEn6,KRMIM2424975,1
130,nouvelle vague,wave to earth,90,11A,69,2025-06-02,03:49,57,,0.1 flaws and all.,2023-04-20,46,28,0,47,0,20,-8,F#/G♭ Minor,4,3pUBfXGCqH0imhTQ02wBLr,KRA252102205,2
131,November Rain,JANNABI,73,9B,52,2025-06-02,04:18,50,"k-ballad, k-rock",November Rain,2014-10-29,42,43,0,19,0,30,-7,G Major,4,14Np50ZA2kLzYwtJezBFqJ,KRB471404927,1
132,ocean floor,wave to earth,136,10A,51,2025-06-02,04:01,4,,summer flows 0.02,2020-08-04,56,50,0,27,0,10,-9,B Minor,4,3DbZqVaXg8Yi1VBU44i0ns,KRMIM2021579,2
133,ocean tide,"cykim,ainvyu,justin",136,5B,47,2025-09-06,03:05,0,,ocean tide,2024-02-09,69,43,6,49,0,10,-10,D#/E♭ Major,4,7GJh3oth9dsO569VvP7NtJ,QZFZ32452101,1
134,Old dog,JANNABI,102,4B,27,2025-06-02,02:23,27,"k-ballad, k-rock",JANNABI's Small Pieces l,2020-11-06,80,92,0,60,0,10,-11,G#/A♭ Major,4,1bDRX9v4BFGjCS2CENBRNQ,KRA382006279,1
135,OMG,NewJeans,127,8A,77,2026-01-21,03:32,79,k-pop,NewJeans 'OMG',2023-01-02,80,36,0,74,0,10,-4,A Minor,4,65FftemJ1DbbZ45DUfHJXE,USA2P2251723,1
136,once in a moon,Sarah Kang,148,3B,28,2025-09-06,04:05,54,,how i remember,2022-10-14,39,87,0,31,0,30,-12,C♯/D♭ Major,3,1OefEa9FQ4XxiYRC1cv3GI,QZDA72247108,1
137,ONLY,LEEHI,123,7B,30,2025-07-21,04:00,77,"k-ballad, k-pop",4 ONLY,2021-09-09,54,89,0,15,0,0,-7,F Major,3,6TBJkXHPhu3EsMk1bshwuI,KRC712100039,1
138,orange flavored cigarettes,orange flavored cigarettes,154,7B,65,2025-09-06,02:54,0,,orange flavored cigarettes,2021-08-19,57,47,84,47,0,10,-8,F Major,4,6CIOXZlo3a9tNa1hqVVSQx,KRMIM2127880,1
139,Ordinary Days,D.O.,67,1B,32,2025-06-02,03:06,54,"k-ballad, k-pop",Expectation - The 2nd Mini Album,2023-09-18,62,73,0,23,0,10,-7,B Major,4,6nZqsYlVsAAN4Q0MHVnLis,KRA302300335,1
140,peach eyes,wave to earth,95,10A,49,2025-09-06,03:05,68,,0.1 flaws and all.,2023-04-20,62,64,0,72,0,10,-9,B Minor,4,72UVMFjUAL6KJvwi36VBiz,KRA252300809,4
141,Peanut butter Sandwich,jisokuryClub,114,10B,55,2025-06-02,03:51,49,k-rock,pool vol. 2 - Peanut Butter Sandwich,2023-04-30,60,13,15,29,0,10,-9,D Major,4,3A76bRRuVaIJrV8mrVeb21,KRMIM2349939,1
142,Perfect Night,LE SSERAFIM,136,7B,82,2023-11-27,02:39,77,k-pop,Perfect Night,2023-10-27,70,10,0,50,0,0,-5,F Major,4,74X2u8JMVooG2QbjRxXwR8,USA2P2349660,2
143,Perhaps Love (사랑인가요) (Prod.By 박근태),"에릭남 (Eric Nam), CHEEZE (치즈)",84,4A,45,2023-11-27,03:59,61,k-ballad,Your BGM Vol.1,2017-09-29,53,30,0,26,0,10,-8,F Minor,4,5bN1ltT5BhVMnszmgsqGD5,KRB921932712,1
144,phobia,Dvwn,110,4B,44,2025-06-02,03:43,0,,panorama,2018-11-21,37,40,0,34,0,10,-4,G#/A♭ Major,3,4tAgRxarugPcoDfpkUrhkc,KRA251801990,1
145,pink,wave to earth,130,11B,52,2025-09-06,04:27,0,,0.1 flaws and all.,2023-04-20,59,81,75,30,0,10,-9,A Major,4,2KHXLUeYXiXnasuGzA2f8G,KRA252300812,2
146,pink horizon,wave to earth,65,11B,42,2025-06-02,00:59,50,,0.1 flaws and all.,2023-04-20,41,91,98,19,0,10,-11,A Major,4,2Fh7LC098S5WtVVtSJrgKg,KRA252300811,1
147,play with earth!,wave to earth,115,1B,61,2025-06-02,03:01,57,,play with earth! 0.03,2024-09-06,63,4,0,62,0,10,-7,B Major,4,7K8Cnsgdex1OSnRplCjjPG,KRA252402437,1
148,Promise,Jimin,89,10B,53,2024-09-02,02:31,70,k-pop,Promise,2018-12-31,69,83,0,74,0,20,-7,D Major,4,2RUcwyW74Sv4VracHFrKdh,QM4TW1971528,1
149,Promise,JUNNY,81,9A,56,2024-02-19,02:55,41,k-rap,Promise,2023-12-16,44,27,0,56,0,10,-8,E Minor,3,79cmYpry5DEPtK4KbmAUqj,KRA382322502,1
150,pueblo,wave to earth,76,3B,67,2025-06-02,03:48,4,,pueblo,2020-12-03,54,12,0,67,0,10,-5,C♯/D♭ Major,4,1U3LiGbnLaImLILPwefIRN,KRMIM2033675,1
151,pueblo - remastered 2024,wave to earth,76,3B,61,2025-06-02,03:47,49,,play with earth! 0.03,2024-09-06,52,21,0,70,0,10,-7,C♯/D♭ Major,4,6fKQTPHSmxgESEuGwvELDW,KRA252402439,1
152,purple lake,wave to earth,111,9A,62,2025-06-02,04:28,2,,wave 0.01,2020-06-02,44,8,16,26,0,10,-6,E Minor,4,2tJe2yqRtg8LYG37YdaOkq,KRMIM1925219,1
153,Restless,BIBI,90,7B,61,2023-11-27,04:27,0,"k-pop, k-rap",LISTEN 035 Restless,2020-02-02,57,38,0,30,0,10,-7,F Major,4,4AHNi316rl3KI3hKIsdxZe,KRA382000185,1
154,ride,wave to earth,78,9B,46,2024-09-02,03:48,6,,summer flows 0.02,2020-08-04,50,8,0,30,0,10,-7,G Major,3,67KfktISVA3XHSRqge5JiB,KRMIM2021577,2
155,Say Yes,"Loco,Punch",95,12A,78,2025-06-02,03:38,71,"k-rap, k-pop, soundtrack, k-ballad","Moonlovers - Scarlet Heart Ryeo (Original Television Soundtrack), Pt. 2",2016-08-29,70,35,0,41,0,30,-5,C♯/D♭ Minor,4,27zrFrtUtWl2urlvjOn5xc,KRA491600541,1
156,Scent,Colde,84,10B,49,2025-06-02,03:53,43,,Love Part 1,2019-05-31,71,58,1,36,0,10,-8,D Major,4,59HGJXowoYfE3HnTha3BT9,QM6N21921542,1
157,Scott and Zelda,BIBI,156,7A,53,2025-08-24,03:13,74,"k-pop, k-rap",EVE: ROMANCE,2025-05-14,70,15,0,65,0,0,-9,D Minor,4,1MJyiTlVdSLAjI9aclZ3hL,KRA382503380,1
158,seasons,wave to earth,60,9B,27,2025-06-02,04:15,22,,summer flows 0.02,2020-08-04,37,78,5,17,0,20,-11,G Major,4,5VBjyOQzqlPNgdRPMM6prF,KRMIM2021578,2
159,She,JANNABI,80,11B,38,2025-06-02,03:14,50,"k-ballad, k-rock",She,2017-09-09,43,91,1,17,0,20,-8,A Major,4,57rt6Jj7woE21ae3Ml2vw8,KRA381702174,1
160,"she likes spring, I prefer winter",slchld,80,11B,65,2024-05-25,03:27,18,,"my insecurities, not yours",2019-03-01,45,56,0,47,0,20,-7,A Major,4,6bM1QYzUKzZpQyAa7uO5kr,QZDA71918712,1
161,Skrr (feat. GISELLE),"HAON,GISELLE",116,3B,32,2025-12-21,03:39,62,"k-rap, k-pop, noise music",Skrr (feat. GISELLE),2024-11-20,92,61,0,51,0,0,-8,C♯/D♭ Major,3,21IVUjbu1ms4ZISGt74NCy,KRA252403082,1
162,Sleepless in Seoul (feat. LEE SUHYUN),"10CM,LEE SUHYUN",175,7B,44,2025-06-02,04:17,51,"k-ballad, soundtrack",5.2 (feat. LEE SUHYUN),2021-05-13,52,69,0,38,0,10,-6,F Major,3,3OrmrZSVQJ8Kt017K51aF2,KRF252100029,1
163,slow dive,wave to earth,69,1B,43,2025-06-02,04:33,56,,play with earth! 0.03,2024-09-06,65,44,0,44,0,30,-9,B Major,4,6AgHEBiPVFjRcQxEkoDVjI,KRA252402441,2
164,So life goes on,Heo Hoy Kyung,122,10B,19,2025-06-02,03:14,56,k-ballad,So life goes on,2022-01-07,67,96,0,9,0,10,-10,D Major,4,046Gh1kXtPynYPaKep5M8E,KRD952100022,1
165,Some,BOL4,104,12A,80,2024-01-19,03:01,68,"k-pop, k-ballad",Red Diary Page.1,2017-09-28,66,42,0,78,0,0,-3,C♯/D♭ Minor,4,3jsYQw78lrxJA2ysnmOIf9,KRA381702303,1
166,Some (feat. Lil Boi),"SOYOU,Junggigo,lIlBOI",95,10A,68,2025-06-02,03:31,67,"k-ballad, k-pop, k-rap",Some,2014-02-07,74,45,0,96,0,20,-3,B Minor,4,0g1AmSKokPboFrxmG1dxKx,KRA381206099,1
167,something between us (Romance 101 X george),george,130,11B,47,2025-09-02,04:08,55,k-ballad,something between us (Romance 101 X george),2021-02-18,42,57,0,23,0,0,-5,A Major,4,6VmavOAnMepekIwArBoEEH,KRA382100961,1
168,so real,wave to earth,144,7B,63,2025-06-02,04:33,55,,0.1 flaws and all.,2023-04-20,50,36,55,33,0,10,-8,F Major,4,6B75WGGugFzGfyVWSF38Q1,KRA252300817,1
169,Sorrow Thoughts,LEE MU JIN,125,12B,38,2025-06-19,03:26,47,k-ballad,Sorrow Thoughts,2024-06-30,74,78,0,70,0,10,-5,E Major,4,4zIE4wg2Fd0qb0kPxDSMtr,KRMIM2445985,1
170,space,The Poles,73,12A,44,2025-06-02,03:44,53,k-rock,The High Tide Club,2022-01-15,52,39,4,21,0,20,-9,C♯/D♭ Minor,4,0DHyNlgEaolgfVxPhyFDTq,KRMIM2182343,1
171,Spring Snow,10CM,111,11B,36,2024-09-02,03:21,70,"k-ballad, soundtrack","Lovely Runner, Pt. 8 (Original Soundtrack)",2024-05-14,51,81,0,19,0,10,-8,A Major,3,0tCr7DoUBSdtdSl0rxZmct,KRA492400665,1
172,stars burn out,"cykim,justin",128,7B,41,2025-09-06,03:35,0,,stars burn out,2023-12-07,59,73,0,37,0,10,-12,F Major,4,5A7NJLtdaDVWTUknxw2anc,QZWFK2384118,1
173,Step,JANNABI,130,7B,40,2025-06-02,03:22,35,"k-ballad, k-rock",JANNABI's Small Pieces l,2020-11-06,73,78,0,64,0,10,-9,F Major,4,5n2VlYCe6kW5Vv2Vg7aN8C,KRA382006277,1
174,Still With You,Jung Kook,88,12A,47,2024-09-02,03:59,81,k-pop,Still With You,2020-06-05,53,9,0,34,0,80,-7,C♯/D♭ Minor,4,0eFMbKCRw8KByXyWBw8WO7,QM6N22094716,1
175,Story of someone I know,San E,95,3B,91,2025-06-02,03:26,50,"k-rap, k-ballad, k-pop",Story of someone I know,2013-08-02,84,22,0,85,10,30,-4,C♯/D♭ Major,4,6qnOvA4WbP3HdYd1DFRoCr,KRA381204857,1
176,Strawberry Moon,The Poles,114,9B,41,2025-09-06,05:29,49,k-rock,The High Tide Club,2022-01-15,40,52,0,13,0,30,-9,G Major,3,1qAyputznbnPGaQkX0L9o5,KRMIM2202039,1
177,Sugarcoat (NATTY Solo),KISS OF LIFE,94,4A,82,2025-06-02,02:59,68,k-pop,KISS OF LIFE,2023-07-05,66,3,0,57,0,10,-3,F Minor,4,0NoeYUnwpb9R26mpylHcR9,KRA382317179,1
178,summer flows,wave to earth,104,11B,20,2025-06-02,00:37,2,,summer flows 0.02,2020-08-04,55,99,95,28,0,40,-11,A Major,3,6dPE7aRoX6dHhECqvf1Mta,KRMIM2021576,1
179,"summer, night (feat. wave to earth)","Jeon Jin Hee,wave to earth",128,4B,26,2025-06-02,04:39,58,,"summer,night",2021-07-01,65,90,38,16,0,10,-9,G#/A♭ Major,4,7BsB19lhDNnk1MgULMyv5p,KRMIM2125790,1
180,sunburn,wave to earth,121,7A,68,2025-06-02,03:32,53,,0.1 flaws and all.,2023-04-20,56,31,51,36,0,10,-10,D Minor,4,1pOIJTuRBw241sCT6eq2TK,KRA252300815,1
181,Sunflower(Only),Lee Jun Hyung,124,12B,29,2025-11-06,03:10,17,,Sunflower(Only),2025-08-11,69,86,3,19,0,10,-9,E Major,4,5LFLfrjH4HZ89oB4PCoHpm,KRE892500044,1
182,sunny days,wave to earth,158,9B,47,2025-06-16,04:08,67,,0.1 flaws and all.,2023-04-20,55,75,0,38,0,10,-8,G Major,4,3URe1bi21ftFK4zh5nO1P1,KRA252300808,1
183,SUNSET BOULEVARD,HOHYUN,109,12A,46,2025-09-06,03:10,43,,SUNSET BOULEVARD,2022-03-31,44,74,0,17,20,10,-12,C♯/D♭ Minor,3,79ncKQJ3BcdjNnII5XR2lS,QZDA72259908,1
184,surf.,wave to earth,135,10B,72,2025-09-06,03:45,2,,surf.,2020-07-13,55,65,0,46,0,70,-6,D Major,4,4ZYtt5NWf3BiNTnhLmy3qg,KRMIM2019276,1
185,Surprise!,JANNABI,164,10B,78,2025-06-02,03:22,36,"k-ballad, k-rock",MONKEY HOTEL,2016-08-04,45,23,0,49,0,20,-3,D Major,4,5CievkVz0QepORWuOsFHiu,KRA381601432,1
186,Swan Song,LE SSERAFIM,90,2A,63,2024-06-03,02:37,62,k-pop,EASY,2024-02-19,71,33,0,59,0,20,-5,D#/E♭ Minor,4,2GquhrcHbl2zOnF5javAFp,USA2P2402102,1
187,Sweet(Brand New Mix) (feat.Verbal Jint),"Lena Park,Verbal Jint",148,9B,62,2025-07-21,03:46,17,"k-ballad, k-rap",Syncrofusion Lena Park + Brand New Music,2014-10-21,61,52,0,44,20,10,-6,G Major,4,12YVdrlWZONFqxr7MrTwsO,KRA381209080,1
188,Sweet memories,JANNABI,140,2B,36,2025-06-02,02:55,45,"k-ballad, k-rock",JANNABI's Small Pieces l,2020-11-06,65,85,0,52,0,0,-10,F#/G♭ Major,4,49bu8WZAthRnScNwkT9tIC,KRA382006278,1
189,Sweet Nothings,So Soo Bin,120,9B,17,2025-10-27,03:26,36,k-ballad,Sweet Nothings,2018-05-03,52,96,0,15,0,20,-12,G Major,3,4zAOJVd0TH0aQXjDLn38xO,KRF251800025,1
190,Taxi Blurr (Feat. NATTY of KISS OF LIFE),"Jay Park,NATTY",144,2A,60,2025-06-02,03:47,50,"k-rap, k-pop",THE ONE YOU WANTED,2024-10-08,64,7,0,57,0,0,-7,D#/E♭ Minor,4,5iBhtYfyShGBAxx1Zf8Qos,KRMIM2434812,1
191,Tell me,JANNABI,108,2B,89,2025-06-02,02:43,41,"k-ballad, k-rock",MONKEY HOTEL,2016-08-04,65,18,0,85,0,10,-3,F#/G♭ Major,4,2kuxMt9uBIJ63li6NQWhlU,KRA381601436,1
192,"tell me, will we survive?","PRYVT,hanuel,HNATA",68,10B,45,2025-09-06,03:14,51,indonesian r&b,&SCENE,2024-11-15,55,2,13,38,0,20,-8,D Major,4,651JyjKjxZUsu7bLkMnQ5c,QZVEM2343693,1
193,The girl in my memories (Digging club Seoul Ver.),jeebanoff,85,8A,66,2025-06-02,03:18,45,k-rap,Onstage Digging Club Seoul THEME 04,2019-09-20,53,73,0,79,20,0,-7,A Minor,4,72znGmipHo5wclQX7RKhpB,QZEKE1917695,1
194,The Moon (Feat. TAEIL of NCT),"Moon Sujin,TAEIL",180,11A,46,2024-03-13,02:42,38,"k-rap, k-pop, k-ballad",The Moon (Feat. TAEIL of NCT),2021-04-11,50,49,0,32,0,0,-8,F#/G♭ Minor,3,6Qfhu8fcLSY8Tw7syG8hdK,KRA382102552,1
195,the one exists in my memories,dosii,156,5A,57,2025-06-02,03:48,48,,echo,2020-05-25,48,21,1,43,0,20,-8,C Minor,4,190K3zR3nkKQzmOtEQTB37,KRMIM2011710,1
196,TOGETHER!,JANNABI,126,11B,52,2025-06-02,03:06,51,"k-ballad, k-rock",LEGEND,2019-03-13,72,49,0,72,0,10,-7,A Major,4,5mrIZ0lvgFr5wnrYbzV0C1,KRA381900665,1
197,TOMBOY,HYUKOH,148,5B,43,2025-06-02,04:01,60,"k-rock, k-ballad",23,2017-04-24,30,10,0,22,0,10,-5,D#/E♭ Major,4,6DA7kCWYMggJjqPM84V2Ng,KRC081700004,1
198,To us (feat. wave to earth & WAVY),"APRO,WAVY,wave to earth",160,8B,57,2025-06-02,04:14,52,,Avenue,2022-07-07,47,5,3,40,0,30,-5,C Major,4,4hAiiTQncoVvEkHpWtbFZg,KRA252201084,1
199,Try Again,"JAEHYUN,d.ear",86,7A,35,2026-01-21,02:58,70,,Try Again - SM STATION,2017-11-24,44,81,0,35,0,20,-8,D Minor,3,4Sav8RLaXMBpTZX6xNPj0K,KRA301700613,1
200,Venus,DPR LIVE,129,3A,46,2025-06-02,03:16,46,k-rap,IITE COOL,2021-07-23,85,23,0,80,10,0,-8,A#/B♭ Minor,4,2aLH4EiEoZLpbeEQvTBbtH,QMFME2130318,1
201,V (Peace) (feat. AKMU),"Zion.T,AKMU",160,6B,71,2025-06-02,02:28,51,"k-rap, k-ballad, k-pop",Zip,2023-12-06,84,26,0,93,0,0,-7,A#/B♭ Major,4,0qsv5I5fEnRoX2Enb3mBNr,KSA002303351,1
202,Walking with you,So Soo Bin,136,8B,16,2024-06-06,03:53,31,k-ballad,"The Atypical Family (Original Television Soundtrack), Pt. 1",2024-05-12,37,98,0,6,0,10,-14,C Major,4,7fz4jscCC4eiXiAFPujYfY,KRF702400155,1
203,waltz (Bonus track),JANNABI,138,4A,27,2025-06-02,02:17,26,"k-ballad, k-rock",MONKEY HOTEL,2016-08-04,60,92,0,29,0,10,-10,F Minor,3,3cwBrp9XRLOcwhuhpzAqA0,KRA381601439,1
204,warm,Junggigo,82,1A,31,2024-12-03,03:08,50,,warm,2020-06-18,82,76,13,48,0,10,-8,G#/A♭ Minor,4,0mk9lGk7y9HpnoaAllUfmv,KRMIM2015204,1
205,Way Back Home,SHAUN,100,6B,74,2026-01-21,03:34,69,k-pop,Take,2018-06-27,75,41,0,56,0,10,-5,A#/B♭ Major,4,3NxuezMdSLgt4OwHzBoUhL,KRF221800012,1
206,WA-R-R,Colde,113,12A,36,2023-11-27,04:32,0,,Love Part 1,2019-05-31,74,87,0,24,0,10,-9,C♯/D♭ Minor,3,1ZEFYW6nPEvIcsIvymgsLk,QM6N21921541,1
207,wave,wave to earth,103,7B,51,2024-09-02,04:30,6,,wave,2019-08-23,27,73,20,27,0,10,-8,F Major,4,2lxZhv9vuzDKIWImiYhDh7,KRMIM1914745,1
208,What 2 Do,"DEAN,Crush,Jeff Bernat",95,4B,53,2024-11-24,03:44,60,"k-rap, k-pop, k-ballad, ",130 Mood : TRBL,2016-03-25,63,25,0,51,0,30,-6,G#/A♭ Major,4,6GS3lnAVy5w6AHWEKYzYeS,KRUM71500144,1
209,Whenever it rains (feat. Nason & amin),"Dept,Nason,amin",139,10B,53,2024-11-24,03:05,0,"tribal house, latin house, ",whenever it rains,2020-04-12,66,82,0,42,0,10,-6,D Major,4,6eQtDU7frMlvQp3jSUqInu,KRMIM2007441,1
210,When The Rain Stops,Hoody,130,9A,54,2024-03-13,03:01,42,k-rap,When The Rain Stops,2021-10-11,66,71,0,54,0,10,-8,E Minor,4,44SDHCVr81qmi5YL1GSNXx,KRC712100051,1
211,whereismylove?,OoOo,120,5A,42,2025-09-06,03:16,39,,whereismylove?,2023-11-28,77,70,0,54,0,30,-12,C Minor,4,1wG1Nc8GN6O0D4TUePxzbD,KRB472302118,1
212,Where My Loved One Stayed,DANIEL,63,8B,36,2025-06-02,04:13,42,,Where My Loved One Stayed,2020-06-25,51,68,23,16,0,10,-11,C Major,4,1BNT97tTIptIdFmbNmbTFU,KRMIM2016320,1
213,Who Do You Love,The Black Skirts,78,9B,47,2025-06-02,04:31,55,k-rock,TEAM BABY,2017-05-30,41,76,37,24,0,20,-7,G Major,4,3SLlqKXr91haZQhhNYNuVk,KRA401700139,1
214,Wi Ing Wi Ing,HYUKOH,125,9B,70,2024-11-24,03:14,60,"k-rock, k-ballad",20,2014-09-18,70,26,0,29,0,10,-5,G Major,4,66UcQu5LBo2A7AC0A5r0lI,KRA031209639,1
215,Wish,JANNABI,132,10B,58,2025-06-02,03:49,34,"k-ballad, k-rock",MONKEY HOTEL,2016-08-04,64,54,0,35,0,10,-6,D Major,4,45DQky9bZx5AFq5kgMYAZo,KRA381601433,1
216,Yanghwa BRDG,Zion.T,87,2A,44,2024-12-03,03:49,56,"k-rap, k-ballad",Yanghwa BRDG,2014-09-22,54,73,0,37,0,10,-9,D#/E♭ Minor,4,7saJl9V0kRYGWuyeURHYNU,KRA381208932,1
217,Yeonnam-dong (Feat. lIlBOI),"Dvwn,lIlBOI",70,7B,44,2025-06-02,03:32,48,k-rap,it's not your fault,2021-04-14,64,34,0,43,0,0,-8,F Major,4,63GQkN2BZiJnc8ywY04NFa,KRA252100433,1
218,You don't need my love?,Colde,103,4A,47,2025-06-02,03:12,42,,Love Part 1,2019-05-31,78,57,0,69,0,30,-8,F Minor,4,51bYu6E40GyZRu6ce6DVEB,QM6N21921543,1
219,Your Dog Loves You (Feat. Crush),"Colde,Crush",102,11B,26,2024-11-24,04:33,54,"k-rap, k-pop, k-ballad",Your Dog Loves You,2018-03-28,66,93,0,13,0,50,-11,A Major,4,72cq3rZCIEYaq1TM8y5LBQ,KRNAR1804612,1
220,yours,데이먼스 이어 Damons year,109,1B,47,2025-06-02,02:45,64,k-ballad,yours,2019-04-10,48,66,0,32,0,10,-6,B Major,4,7JQH2lBMZ10ztDnpoeq6Ki,KRMIM1905411,1
221,Youth (DAY),OOHYO,160,12B,79,2025-06-02,03:04,51,,Youth,2016-07-05,46,7,31,30,0,20,-6,E Major,4,5UYFb1uulJIf8A44zT6OxQ,KRA381601252,1
222,가끔 미치도록 네가 안고 싶어질 때가 있어,Autumn Vacation,78,12A,42,2025-06-02,04:03,42,"k-ballad, k-rock",가을방학,2010-10-07,64,80,0,21,0,10,-9,C♯/D♭ Minor,4,4m9Badp5xjHRXcPjsSPqHk,KRA341537404,1
223,걸어갈래요,Nerd Connection,170,11B,50,2025-06-02,04:09,44,"k-ballad, k-rock",걸어갈래요,2021-03-24,41,28,0,28,0,10,-8,A Major,4,3e6V7K9v4RBpO8WKJ14Cbe,KRMIM2107163,1
224,나무,"Car, the garden",141,1B,41,2025-01-02,03:52,58,k-ballad,나무,2019-04-16,33,46,0,28,0,10,-6,B Major,4,30tYWTkLIQtZWnRIOqcHnJ,KRA381901586,1
225,멋지게 인사하는 법 (Hello Tutorial) (Feat. 슬기 (SEULGI) of Red Velvet),"Zion.T,SEULGI",98,8B,35,2025-06-02,03:22,54,"k-rap, k-ballad, k-pop",ZZZ,2018-10-15,74,68,0,50,0,30,-7,C Major,4,36UcoqH2P24RtSGbLKLK3w,KRA401800132,1
226,eighteen winter,Soombee,75,10B,40,2026-02-04,03:19,43,,eighteen winter,2022-01-26,60,79,30,22,0,10,-8,D Major,4,4DCSmGoAFwHTc522Q0w1KG,KRMIM2202403,1
227,When Dawn Comes Again (feat. BAEKHYUN),"Colde,BAEKHYUN",168,7B,56,2026-03-09,03:56,49,k-pop,Love Part 2,2023-05-04,59,17,0,40,0,20,-4,F Major,3,1KaQt1oSSar5E4jGXvrXP4,KRA382159617,1
1,無路用的人ft.滅火器、阿跨面,"馬克SAVAGE.M,Fire EX.,阿跨面",150,8B,87,2024-11-09,04:05,42,"chinese hip hop, taiwanese pop, taiwanese indie, chinese indie, chinese r&b, chinese rock, mandopop",海口,2024-10-25,44,0,0,40,10,20,-4,C Major,4,1z0saATF3vhU4pr0UlstHI,TWAE32404362,1
2,山海,No Party For Cao Dong,160,10A,68,2024-11-09,04:11,55,"taiwanese indie, chinese rock, chinese indie, taiwanese pop, mandopop",醜奴兒,2016-02-19,56,5,6,31,0,10,-10,B Minor,4,0VUORVhLmsxKTSwg4P9CrB,TWBN31600010,1
3,但,No Party For Cao Dong,96,10B,48,2024-11-09,02:22,50,"taiwanese indie, chinese rock, chinese indie, taiwanese pop, mandopop",瓦合,2023-05-20,61,1,0,23,0,10,-6,D Major,4,54hpc7UxPBdpcsC7xFKEWB,TWKH12300011,1
4,爛泥,No Party For Cao Dong,115,10A,73,2024-11-09,02:29,52,"taiwanese indie, chinese rock, chinese indie, taiwanese pop, mandopop",醜奴兒,2016-02-19,71,4,0,43,10,10,-9,B Minor,4,6igC1CmfqGm8Xr7XW3lTO3,TWBN31600003,1
5,三年後的大雪,宋德鶴,120,9B,67,2024-11-09,03:46,0,"taiwanese indie, chinese indie, chinese rock, taiwanese pop",三年後的大雪,2024-11-09,67,5,0,43,0,20,-8,G Major,4,5wPSDvBFCJa7vGUy0dw92V,TWAE32404465,1
6,燈塔,宋德鶴,120,11B,68,2024-11-09,03:48,0,"taiwanese indie, chinese indie, chinese rock, taiwanese pop",燈塔Lighthouse,2022-05-01,66,1,0,29,0,10,-8,A Major,4,1uDm4kWvmy0GeM1Sc8n6GF,TWAE32201342,1
7,再見電影院,芒果醬 Mango Jump,172,11B,46,2024-11-09,04:22,45,"taiwanese indie, taiwanese pop, chinese indie, mandopop, chinese rock",心跳保衛戰,2023-12-21,36,17,0,37,0,10,-6,A Major,4,4JJ8GRo0zdKos9tePuHgSG,TWJL12300013,1
8,月亮,芒果醬 Mango Jump,180,12B,35,2024-11-09,04:17,45,"taiwanese indie, taiwanese pop, chinese indie, mandopop, chinese rock",月亮,2024-09-17,44,73,0,32,0,40,-7,E Major,3,72DMWUqA8F3gdcnMbSy3Q3,TWJL12400001,1
9,我喜歡你,芒果醬 Mango Jump,97,10B,53,2024-11-09,03:27,58,"taiwanese indie, taiwanese pop, chinese indie, mandopop, chinese rock",心跳保衛戰,2023-12-21,63,48,0,64,0,10,-6,D Major,3,6FpUCVpLvO0QXwsovSfWEa,TWJL12300025,1
10,缸,No Party For Cao Dong,114,11A,69,2024-11-09,03:06,47,"taiwanese indie, chinese rock, chinese indie, taiwanese pop, mandopop",瓦合,2023-05-20,66,1,0,24,0,0,-6,F#/G♭ Minor,4,2OL3D6q6Qs1PY0NV3u4dNu,TWKH12300002,1
11,你講的話,Jody Chiang,128,10B,43,2024-11-09,04:10,49,"taiwanese pop, mandopop, enka",遠走高飛,2013-05-18,55,87,0,18,0,20,-7,D Major,3,0ITqAC19p1USXCh6wtKkDb,TWI431300407,1
12,Back to the World,Fire EX.,120,1B,90,2024-11-10,04:05,28,"taiwanese indie, taiwanese pop, chinese indie, chinese rock, mandopop",Back to the World,2014-11-20,53,0,0,36,0,0,-4,B Major,4,3kLXgc6gY7A7gs5CAaFrKz,TWM671410302,1
13,運轉人生 - 影集《華麗計程車行》插曲,邱軍,132,8B,58,2024-11-10,03:28,56,"taiwanese pop, mandopop, c-pop",情歌手,2024-02-23,53,47,0,36,0,30,-5,C Major,3,30slz6D2PtbwDimGJaEVsH,TWA472420007,1
14,當,Power Station,140,4A,63,2024-11-10,04:53,49,"mandopop, taiwanese pop, chinese rock, c-pop",就是紅光輝全記錄,2004-04-02,48,4,0,20,0,0,-3,F Minor,4,2jKFpsM0gSWX76MUg67dQz,TWA559860102,1
15,捲菸,Amazing Show,160,9B,76,2024-11-10,03:52,59,"taiwanese indie, chinese indie, taiwanese pop, chinese rock, mandopop",Sound Check,2017-03-11,49,2,0,33,0,30,-4,G Major,4,7ks6KrwN2DKhEm06X85qEK,TWU711702232,1
16,無眠,sodagreen,144,1B,29,2024-11-10,03:46,55,"mandopop, taiwanese pop, c-pop, taiwanese indie, chinese rock",夏 / 狂熱,2009-09-11,46,90,0,37,0,10,-10,B Major,4,0YwbtJsL5CMCnOJUxVJimu,TWF670900210,1
17,敢有人愛我,芒果醬 Mango Jump,140,7B,73,2024-11-14,03:06,41,"taiwanese indie, taiwanese pop, chinese indie, mandopop, chinese rock",敢有人愛我,2024-11-11,49,0,0,50,0,10,-9,F Major,4,04PZNwgkMetGudb7ahGhgB,TWAE32404453,1
18,愛了傷過份,阿跨面,170,8B,81,2024-11-18,04:14,36,"chinese hip hop, taiwanese pop, taiwanese indie",心,2024-02-22,28,2,0,34,0,10,-4,C Major,4,0a6lKugYNRbNfkGAV40WyU,TWLE12400010,1
19,小さな恋のうた,MONGOL800,116,1B,78,2024-11-30,03:42,68,"j-pop, melodic hardcore, j-rock",MESSAGE,2001-09-16,40,0,0,63,0,20,-5,B Major,4,23atyJacJVHvB9RHBNhr35,JPB590501014,1
20,陷眠,阿跨面,95,11A,71,2024-12-04,03:52,39,"chinese hip hop, taiwanese pop, taiwanese indie",大嘻哈時代2: SEMI FINALS 名列前茅,2023-04-02,76,12,0,16,10,0,-6,F#/G♭ Minor,4,4Gv3WzG8DaeY1LLnufwXdJ,TWJK12200269,1
21,自由,Zhang Zhen Yue,150,2B,83,2024-12-04,04:21,45,"mandopop, taiwanese pop, c-pop, chinese rock, taiwanese indie, chinese indie",祕密基地,1998-12-11,56,0,0,97,0,20,-9,F#/G♭ Major,4,6mwtWN7n6zmYwQMNitewEL,TWB879804810,1
22,"走吧，我没想过这是最后的家（Hello,Bye）",简单对话A Little Conversation,110,12B,76,2024-12-08,04:57,26,"chinese rock, mandopop","走吧，我没想过这是最后的家（Hello,Bye）",2024-04-05,58,2,0,28,0,10,-6,E Major,4,64G6Rz4FE7tXPhs6PWQRsv,HKG732422637,1
23,髮如雪,Jay Chou,116,1B,70,2024-12-09,05:01,53,"mandopop, c-pop, taiwanese pop, gufeng, cantopop, chinese r&b",11月的蕭邦,2005-11-01,72,58,0,38,0,30,-5,B Major,4,51AAxvmRXUQwHJbv28a70Q,TWK970500905,1
24,鲜花 - I'm going to remember U,回春丹,200,12B,56,2024-12-09,05:41,1,"chinese rock, chinese indie, taiwanese indie, mandopop, taiwanese pop, c-pop, cantopop",鲜花 (I'm going to remember U),2023-09-30,35,0,0,25,0,10,-6,E Major,4,0FRF4XX79zF0vMKi7QjziG,FRX762438620,1
25,生活袂曉過,Amazing Show,98,10B,42,2024-12-09,05:18,41,"taiwanese indie, chinese indie, taiwanese pop, chinese rock, mandopop",電火王,2018-08-22,71,36,0,14,0,0,-10,D Major,4,5u9myQ7NH4SfCL03T4bGSC,TWU711802503,1
26,做事人,Amazing Show,128,9A,74,2024-12-12,04:36,44,"taiwanese indie, chinese indie, taiwanese pop, chinese rock, mandopop",電火王,2018-08-22,58,2,0,41,0,10,-6,E Minor,4,2Wg5zLf3eJ8JxgXzUz9HWO,TWU711802502,1
27,石垣好朋友,Fire EX.,111,5B,86,2024-12-27,04:34,23,"taiwanese indie, taiwanese pop, chinese indie, chinese rock, mandopop",Reborn,2016-03-25,55,0,0,32,0,40,-5,D#/E♭ Major,3,1P2N9TcT4RE1HXo1E14Lck,TWBF31603010,1
28,Wake Me Up When September Ends,Green Day,105,9B,68,2025-01-12,04:45,46,"punk, pop punk",American Idiot (20th Anniversary Deluxe Edition),2024-10-25,57,3,0,19,0,0,-9,G Major,4,5pugSJ7chgFcXiUBgrZSYd,USRE11200344,1
29,憂愁,小安,180,11B,66,2025-01-24,04:42,48,"taiwanese indie, chinese indie, taiwanese pop, mandopop, chinese rock",浪費愛情,2003-01-01,51,50,0,89,0,0,-4,A Major,4,6KhIdXJVEnOMzmbIhj1yxw,TWA550320106,1
30,無情我抵著閣較無情个妳,小安,144,8B,45,2025-01-24,04:16,37,"taiwanese indie, chinese indie, taiwanese pop, mandopop, chinese rock",無情我抵著閣較無情个妳,2022-07-22,41,30,0,44,0,10,-6,C Major,4,1lSzz84bK1okj8gxJ9Gxau,TWIN72200011,1
31,Bling-Bang-Bang-Born,Creepy Nuts,157,11A,82,2025-02-17,02:48,76,"anime, j-pop, j-rap",Bling-Bang-Bang-Born,2024-01-07,85,8,1,75,20,10,-7,F#/G♭ Minor,4,0kdqcbwei4MDWFEX5f33yG,JPU902305042,1
32,她来听我的演唱会 - Live,希林娜依•高,123,1B,39,2025-02-25,04:44,32,"gufeng, c-pop, mandopop",2021中国好声音 巅峰之夜 (Live),2021-10-15,54,73,0,36,0,10,-9,B Major,4,1vYSMqayrCPqa1w54Yg9Re,HKG732124834,1
33,偷偷愛,Amazing Show,90,9B,65,2025-02-27,04:22,60,"taiwanese indie, chinese indie, taiwanese pop, chinese rock, mandopop",Amazing Show同名專輯,2024-09-30,58,15,0,21,0,10,-6,G Major,4,0L7R4dmkwk46DEZgqx1fF7,TWU712405608,1
34,擁抱,Mayday,120,8B,45,2025-02-27,04:46,45,"mandopop, taiwanese pop, c-pop, chinese rock",五月天 | 步步 | 自選作品輯 the Best of 1999-2013,2013-12-27,42,42,0,25,0,10,-8,C Major,4,4krYRz1TcFweFvmREcygeU,TWK231307402,1
35,Sign,FLOW,178,10A,91,2025-02-28,03:56,68,"anime, j-rock, j-pop",MICROCOSM,2010-06-16,36,0,0,68,10,30,-3,B Minor,4,0xmWQKzc5m9rLv2ucDWxwD,JPKS00902021,1
36,シルエット,KANA-BOON,91,10B,93,2025-03-01,04:00,77,"anime, j-rock, j-pop",TIME,2015-01-21,44,0,14,38,0,30,-3,D Major,4,1di1C0QI6Y92yZPYn6XYAZ,JPU901401691,1
37,D-tecnoLife,UVERworld,168,12A,93,2025-03-03,03:53,61,"anime, j-rock, j-pop",Timeless,2006-02-22,46,2,0,65,10,30,-4,C♯/D♭ Minor,4,3eyxh8xkW0X7k1FSHlAatt,JPSR00500865,1
38,愛情的大壞蛋,Amazing Show,168,12A,84,2025-03-11,03:07,63,"taiwanese indie, chinese indie, taiwanese pop, chinese rock, mandopop",Amazing Show同名專輯,2024-09-30,38,0,0,49,0,20,-4,C♯/D♭ Minor,4,5HVq8nS0pbM6G7YK8M7DY4,TWU712405609,1
39,擋一根,Amazing Show,76,11A,80,2025-03-11,03:56,58,"taiwanese indie, chinese indie, taiwanese pop, chinese rock, mandopop",電火王,2018-08-22,52,8,0,43,0,10,-6,F#/G♭ Minor,4,6439IQyiZV5I7aOo8UREgm,TWU711802506,1
40,不夜城,Wendy Wander,152,8A,67,2025-03-14,03:33,39,"taiwanese indie, chinese indie, taiwanese pop, chinese rock",Midnight Blue,2023-12-02,60,1,0,69,0,30,-8,A Minor,4,3fZZA6E2Bg3SNaDeX8c7Hq,TWIZ72300002,1
41,天堂,無妄合作社,138,9B,42,2025-03-18,06:13,40,"taiwanese indie, chinese indie, chinese rock, taiwanese pop",開往天堂的海盜船,2024-10-23,48,6,0,18,0,10,-8,G Major,4,0YntsAcGo1i46zgnpimsxN,TWU712406092,1
42,魔神,Amazing Show,120,6A,85,2025-03-18,03:38,45,"taiwanese indie, chinese indie, taiwanese pop, chinese rock, mandopop",Amazing Show同名專輯,2024-09-30,57,0,0,53,0,30,-3,G Minor,4,5HF35n3Y9aVMYrnJdqqA8D,TWU712405604,1
43,這幾年,Amazing Show,168,9B,85,2025-03-20,04:30,46,"taiwanese indie, chinese indie, taiwanese pop, chinese rock, mandopop",電火王,2018-08-22,41,2,0,39,0,20,-6,G Major,4,3Qdmzp9DLel1UUilNnrusi,TWU711802500,1
44,阿基里斯,芒果醬 Mango Jump,158,8B,82,2025-03-21,02:54,37,"taiwanese indie, taiwanese pop, chinese indie, mandopop, chinese rock",新・寶島少年？,2022-06-30,55,0,0,68,0,30,-5,C Major,4,3grfyfny4HPV4sKuqi4xq9,TWJL12200009,1
45,安九,老王樂隊,122,5A,45,2025-03-30,06:26,47,"taiwanese indie, chinese indie, chinese rock, taiwanese pop, mandopop",吾日三省吾身,2019-10-18,66,2,0,15,0,10,-12,C Minor,4,0wRgHtaLt0CbQMt78EBALr,TWAE31901578,1
46,爛情歌,hue,103,7A,80,2025-04-01,05:51,39,"taiwanese indie, chinese indie, chinese rock, taiwanese pop",hue,2020-12-30,57,0,10,47,0,20,-5,D Minor,4,3Pciav12jikh4tRVzjjXQK,TWA212032306,1
47,皇軍,CHTHONIC,140,9A,76,2025-04-02,04:12,21,"folk metal, taiwanese indie, chinese rock, melodic death metal, black metal, taiwanese pop, chinese indie, symphonic metal",失竊千年,2014-12-30,60,30,0,42,0,10,-4,E Minor,4,0aarnubNi6z4wlhOYnWjdC,TWT431401202,1
48,關閉太陽,Flesh Juicer,132,2B,96,2025-04-02,05:40,37,"taiwanese indie, chinese rock, chinese indie, taiwanese pop",深海童話,2018-06-19,48,0,0,38,0,30,-4,F#/G♭ Major,4,5qvvEvhJj9DghORIeaNOvm,TWEE31718110,1
49,擱淺的人,KST,150,8B,75,2025-04-03,04:31,46,"taiwanese indie, chinese indie, chinese rock, taiwanese pop, post-rock",擱淺的人,2016-12-01,46,8,0,18,20,0,-9,C Major,4,3sHfuqSaGCN4FFoTc2xaaX,TWCI11600006,1
50,渺小,929,135,6B,28,2025-04-18,04:07,21,"taiwanese indie, chinese indie, taiwanese pop",929,2005-00-00,72,89,0,25,0,10,-11,A#/B♭ Major,4,7vPZg0TmG9fyMwm4T5JfTw,QMDA71363922,1
51,Canon - Drama Version,Mido and Falasol,180,10B,84,2025-04-30,02:49,0,"soundtrack, k-ballad",HOSPITAL PLAYLIST (Original Television Soundtrack),2020-06-04,31,0,91,26,0,0,-4,D Major,4,2ewgeQJweh9tJim3jRfypx,KRA492000583,1
52,終究還是因為愛,TRASH,126,6B,80,2025-05-22,04:45,57,"taiwanese indie, taiwanese pop, mandopop, chinese rock, chinese indie, c-pop",Holy Trip!,2021-09-24,55,3,0,18,0,10,-5,A#/B♭ Major,4,53yiHIP3ptxWtT4ambRcgb,TWA532107704,1
53,龐克笨蛋,punkhoo,145,8B,98,2025-06-14,03:17,18,"taiwanese indie, chinese rock, chinese indie",龐克笨蛋,2025-06-13,59,1,0,78,0,30,-2,C Major,4,5e4qMmKMTptefA7dF0nYV5,TWBF32506011,1
54,千千萬萬,Enno Cheng,92,4B,63,2025-06-14,05:50,39,"taiwanese indie, chinese indie, taiwanese pop, mandopop, chinese rock",給天王星,2019-12-06,55,8,0,29,0,10,-10,G#/A♭ Major,4,1817VXHbYh9blhQC9uIWWt,TWBF31911019,1
55,ジャージ,Sabasister,178,3B,91,2025-08-25,02:35,45,j-rock,鯖ノ壱,2022-09-30,57,3,0,88,0,10,-4,C♯/D♭ Major,4,6oSMcbm3LKdqMr1oJH0SqU,JPB752200101,1
56,予你的歌 Hōo Lí ê Kua,"TUDI-VOICE,Yujun Wang",100,12B,24,2025-08-25,05:10,21,"taiwanese indie, chinese indie, taiwanese pop",予你的歌 Hōo Lí ê Kua,2023-08-01,38,80,0,39,0,10,-13,E Major,4,2WtjSK1cWD0fkuGSGsFq2Q,TWHE32300001,1
57,我活著,FUMON,167,3B,78,2025-09-03,03:39,50,"chinese rock, taiwanese indie, chinese indie, taiwanese pop",苦難裡的祝福,2024-09-13,51,2,0,49,0,0,-3,C♯/D♭ Major,4,6HZPD9zSpnO3Rb5Q7copeU,TWA452409413,1
58,凄美地,郭顶,125,4B,79,2025-09-05,04:10,57,"chinese indie, taiwanese indie, mandopop, c-pop, chinese rock, taiwanese pop",飞行器的执行周期,2016-11-25,57,0,0,49,0,10,-6,G#/A♭ Major,4,3pGRliohdQk6NWJxYyctw5,CNUM71600042,1
59,The Beginning,ONE OK ROCK,182,8B,98,2025-10-13,04:52,21,"j-rock, j-pop",JINSEI KAKETE BOKU WA,2013-03-06,36,0,0,28,10,10,-2,C Major,4,4f3nDjgqXurMryYBSp0TZD,JPJ221200345,1
60,公賣局的酒香,Fire EX.,134,2B,76,2025-10-17,03:28,38,"taiwanese indie, taiwanese pop, chinese indie, chinese rock, mandopop",公賣局的酒香,2025-09-22,55,18,0,39,0,10,-5,F#/G♭ Major,4,7cJdaSjTvTuKwVjuFOrumv,TWBF32505013,1
61,勇氣,EmptyORio,105,6B,93,2025-11-27,03:14,25,"taiwanese indie, chinese rock, chinese indie",勇氣,2024-09-29,47,0,0,51,0,10,-4,A#/B♭ Major,4,3b51Ny7yoFgXPX5tIWZF07,TWBF32409005,1
62,今天的我 - 電影《冠軍之路》主題曲,Fire EX.,95,11B,86,2025-12-11,03:38,53,"taiwanese indie, taiwanese pop, chinese indie, chinese rock, mandopop",今天的我 (電影《冠軍之路》主題曲),2025-12-11,49,10,0,49,0,10,-4,A Major,4,75PnRxXcbLminTtBbR6Pph,TWBF32511005,1
63,一桌菜,Cosmos People,176,4B,53,2026-01-07,04:46,38,"taiwanese indie, chinese indie, taiwanese pop, mandopop, c-pop",一桌菜,2019-01-31,40,10,0,20,0,0,-8,G#/A♭ Major,4,5YgR4XYxJm4Lp54vuvPrea,TWK231981330,1
64,鼓仔燈,EUAN,126,2B,60,2026-04-08,03:18,32,"chinese indie, taiwanese pop, chinese rock, mandopop",鼓仔燈,2025-11-11,47,0,0,44,0,10,-8,F#/G♭ Major,4,2hoOEiO1vujA1PT6hkN6XR,TWA532500359,1
65,Leave Me Alone,EmptyORio,115,8B,97,2026-04-18,03:43,32,"taiwanese indie, chinese rock, chinese indie",ALL THE BEST,2026-02-13,53,0,0,47,0,60,-4,C Major,4,3M8Ug4bbHuyEnM9BSmfAN6,TWBF32602001,1
66,Keep Being Kind,EmptyORio,113,7B,35,2026-04-18,02:35,28,"taiwanese indie, chinese rock, chinese indie",ALL THE BEST,2026-02-13,69,35,0,44,0,10,-11,F Major,3,1qhghLz26zEHUB2R4i2TxF,TWBF32602009,1
67,Original Me,EmptyORio,140,9B,93,2026-04-18,04:05,29,"taiwanese indie, chinese rock, chinese indie",ALL THE BEST,2026-02-13,57,1,0,83,0,30,-4,G Major,4,442AACuOwP5rt8rOixMDAj,TWBF32602004,1
68,"It's All Good,My Friend!",EmptyORio,110,8B,100,2026-04-18,03:29,29,"taiwanese indie, chinese rock, chinese indie",ALL THE BEST,2026-02-13,55,0,0,39,0,30,-4,C Major,4,5urdyqIsIPQXdKpEQ7nAAZ,TWBF32602007,1
69,Wasted Nights,ONE OK ROCK,125,7B,83,2026-04-28,03:44,58,"j-rock, j-pop",Eye of the Storm,2019-02-15,56,2,0,37,0,0,-5,F Major,4,39LyUQIy7idLxPdsjyZsxe,USAT21811965,1
70,We Are,ONE OK ROCK,148,7B,83,2026-04-28,04:15,62,"j-rock, j-pop",Ambitions,2017-01-13,41,7,0,33,0,10,-5,F Major,4,57sk9X1fPLXRfkw74XNrmK,USAT21603322,1
71,Wherever you are,ONE OK ROCK,174,12B,69,2026-04-28,04:55,64,"j-rock, j-pop",Niche Syndrome,2010-06-09,38,3,0,29,0,30,-5,E Major,4,6kjnGjYMk9YAtH1BMD311b,JPJ221000176,1
1,Glimpse of Us,Joji,170,4B,29,2026-04-02,03:53,70,,Glimpse of Us,2022-06-10,44,90,0,27,0,10,-10,G#/A♭ Major,3,3aBGKDiAAvH2H7HLOyQ4US,USWB12201789,3
2,A Pearl,Mitski,85,4B,64,2026-04-02,02:36,71,,Be the Cowboy,2018-08-17,30,5,2,22,0,10,-4,G#/A♭ Major,4,7fd3aMiuwHWKsTdZafjOfZ,USJ5G1815004,3
3,No Surprises,Radiohead,76,7B,39,2026-04-02,03:49,87,"art rock, alternative rock",OK Computer,1997-05-28,26,6,0,12,0,10,-11,F Major,4,10nyNJ6zNy2YVYLrcwLccB,GBAYE9700386,6
4,I Can't Handle Change,Roar,186,7B,44,2026-04-02,03:18,79,,I Can't Handle Change,2010-03-14,25,4,0,39,0,10,-8,F Major,3,37l31PrCNsg8baUjarNAi9,USHM81020595,7
5,Memory Reboot,"VØJ,Narvent",81,4B,89,2026-04-02,03:29,69,"phonk, synthwave, drift phonk",Memory Reboot,2023-01-13,47,0,0,46,0,10,-6,G#/A♭ Major,4,1A7qPfbcyRVEdcZiwTFhZI,QM4TW2307105,2
6,you broke me first,Tate McRae,124,12B,38,2026-04-02,02:50,84,,TOO YOUNG TO BE SAD,2021-03-26,66,80,0,8,0,0,-9,E Major,4,4l0RmWt52FxpVxMNni6i63,USRC12000832,3
7,I Wait for You,alex_g_offline,123,9B,30,2026-04-02,02:38,76,,1234,2023-07-09,59,96,1,31,0,10,-14,G Major,4,7EDcAz6iuKSkxH4VcC3Oko,GX38U2388624,1
8,Wish You Were Sober,Conan Gray,91,10B,73,2026-04-02,02:48,71,,Kid Krow,2020-03-20,70,2,0,70,0,10,-5,D Major,4,0kn2gu8Pd03DiYHzRvX2Xk,USUM71924258,3
9,It's Over Isn't It (feat. Deedee Magno Hall),"Steven Universe,Deedee Magno Hall",47,8B,20,2026-04-02,02:18,65,,"Steven Universe, Vol. 1 (Original Soundtrack)",2017-06-02,64,87,0,39,0,10,-12,C Major,4,2eqzI3kGqPk93vz8RkASfA,TCADA1768008,3
10,Affection,Cigarettes After Sex,90,9B,42,2026-04-02,05:11,68,dream pop,Affection,2015-10-05,41,50,91,28,0,10,-11,G Major,4,769vrAYHcuLwOV0at2hiOf,TCACJ1596829,4
11,You Give Love A Bad Name,Bon Jovi,123,5A,96,2026-04-02,03:42,78,glam metal,Slippery When Wet,1986-08-16,54,7,0,81,0,30,-3,C Minor,4,0rmGAIH9LNJewFw7nKzZnc,USPR39402224,4
12,I Don't Like My Mind,Mitski,149,12B,37,2026-04-02,02:25,60,,The Land Is Inhospitable and So Are We,2023-09-15,15,8,0,28,0,10,-11,E Major,3,1l0BBsLElenQWul8Fn8tT1,USJ5G2335004,1
13,Inertia,AJR,176,3B,58,2026-04-02,03:40,61,,The Maybe Man,2023-11-10,43,3,0,65,0,30,-6,C♯/D♭ Major,3,2IA1ctUxjk865QW3CpIuZk,USUG12305407,2
14,Video Killed The Radio Star,The Buggles,131,3B,61,2026-04-02,04:13,68,,The Age Of Plastic,1980-01-10,68,9,2,34,0,10,-14,C♯/D♭ Major,4,6t1FIJlZWTQfIZhsGjaulM,GBAAN7900013,2
15,Cubicles,My Chemical Romance,99,1A,93,2026-04-02,03:51,56,"emo, pop punk","I Brought You My Bullets, You Brought Me Your Love",2002-00-00,29,0,0,50,10,10,-7,G#/A♭ Minor,4,0Unc6GaK4h3RXmUbUAvtdc,US5660602210,1
16,Cry Me a River,Justin Timberlake,74,1A,65,2026-04-02,04:48,80,,Justified,2002-11-04,62,58,0,56,10,10,-7,G#/A♭ Minor,4,7Lf7oSEVdzZqTA0kEDSlS5,USJI10200366,3
17,Cat's in the Cradle,Harry Chapin,78,6B,58,2026-04-02,03:42,70,singer-songwriter,Verities & Balderdash,1974-00-00,49,23,0,51,0,10,-10,A#/B♭ Major,4,2obblQ6tcePeOEVJV6nEGD,USEE10180356,2
18,I Can Talk,Two Door Cinema Club,163,8A,75,2026-04-02,02:57,58,"indie, indie rock",Tourist History,2010-02-17,47,0,16,68,10,50,-5,A Minor,4,6W7rf0mCRfcvz5RpRdwLfm,FRU700900083,1
19,Luck Runs Out,"Jorge Rivera-Herrans,Cast of EPIC: The Musical,Armando Julián",135,4B,64,2026-04-02,03:01,69,musicals,EPIC: The Ocean Saga (Official Concept Album),2023-12-25,70,72,0,45,0,10,-8,G#/A♭ Major,4,4EXwXh99qHAObiMKu9p222,QZWFN2335868,1
20,Get in the Water,"Jorge Rivera-Herrans,Steven Rodriguez,Steven Dookie,Armando Julián,Wanda Herrans,Cast of EPIC: The Musical",185,7A,57,2026-04-02,03:40,68,musicals,EPIC: The Vengeance Saga (Official Concept Album),2024-10-31,23,49,0,23,0,10,-7,D Minor,3,4qTGOuXmoR7fk7dApMlQjG,QZWFS2453463,1
21,Love Fool,EXO,165,12A,87,2026-04-02,03:22,47,k-pop,EXIST – The 7th Album,2023-07-10,64,4,0,69,0,0,-1,C♯/D♭ Minor,4,6xiWbjsJD3pBKdM8tH46qH,KRA302300250,2
22,Facebook Story,Frank Ocean,82,8B,18,2026-04-02,01:08,60,,Blonde,2016-08-20,53,87,0,70,60,20,-21,C Major,3,73D5hBkiVZkopZrmBZTBWf,QZ5C81600012,1
23,Ain't About You - feat. Kiiara,"WONHO,Kiiara",110,6A,59,2026-04-02,03:24,43,"k-pop, ",Love Synonym #2 : Right for Us,2021-02-26,78,42,0,93,10,30,-8,G Minor,4,1hrFtyabFmFVelM1SRPOnm,KRMIM2104680,2
24,New Perspective,Noah Kahan,157,7B,52,2026-04-02,04:16,77,,Stick Season,2022-10-14,69,27,0,45,0,0,-10,F Major,4,1M39ETXmej4g9EMSeXPUgj,USUM72217171,1
25,Scars (VIVINOS - ALNST Sub : Till Part.2),AKUGETSU,148,7B,62,2026-04-02,05:30,56,,Scars (VIVINOS - ALNST Sub : Till Part.2),2025-10-22,39,0,0,21,0,10,-8,F Major,4,3aKnUBX1tg4SxxBPBzdWCk,KSB022502881,1
26,Mutiny,"Jorge Rivera-Herrans,Armando Julián,Cast of EPIC: The Musical",118,7A,77,2026-04-02,04:53,67,musicals,EPIC: The Thunder Saga (Official Concept Album),2024-07-04,56,53,0,66,0,20,-4,D Minor,4,5NqYUPWXefHQA5Q9Asgsxf,QZNWY2441303,1
27,Scared,Three Days Grace,118,10B,89,2026-04-02,03:13,45,"post-grunge, rock",Three Days Grace (Expanded Edition),2003-07-22,53,0,0,39,0,0,-5,D Major,4,15ZDD1aPzLMKSaSVzRvQCY,USJI10300120,1
28,Hell Is Forever,"Alex Brightman,Hazbin Hotel,Sam Haft,Andrew Underberg,Erika Henningsen",138,8B,80,2026-04-02,02:20,68,musicals,Hazbin Hotel (Original Soundtrack),2024-02-02,70,21,0,94,0,50,-5,C Major,4,6Ux7hThoEVu7V0YmmZqunV,QMB622401802,2
29,Ten Duel Commandments,"Lin-Manuel Miranda,Jon Rua,Leslie Odom Jr.,Original Broadway Cast of Hamilton",78,3A,52,2026-04-02,01:46,68,musicals,Hamilton (Original Broadway Cast Recording),2015-09-25,89,7,0,83,60,60,-8,A#/B♭ Minor,4,3lXyAQ0kekAvY5LodpWmUs,USAT21502610,1
30,The Only Exception,Paramore,138,12B,56,2026-04-02,04:27,83,"pop punk, emo",Brand New Eyes,2009-09-25,45,14,0,21,0,10,-7,E Major,3,7JIuqL4ZqkpfGKQhYlrirs,USAT20902323,4
31,NDA,Billie Eilish,85,4B,37,2026-04-02,03:15,75,,Happier Than Ever,2021-07-30,77,34,53,55,0,10,-10,G#/A♭ Major,4,38GBNKZUhfBkk3oNlWzRYd,USUM72105935,5
32,God's Gonna Cut You Down,Johnny Cash,82,4A,48,2026-04-02,02:38,70,"classic country, outlaw country, country",American V: A Hundred Highways,2006-01-01,62,88,0,83,10,10,-8,F Minor,4,6jXPZid0KLorvgIDP6TiSo,USUM70603342,1
33,We Know,"Lin-Manuel Miranda,Daveed Diggs,Leslie Odom Jr.,Okieriete Onaodowan",114,1B,48,2026-04-02,02:22,66,musicals,Hamilton (Original Broadway Cast Recording),2015-09-25,72,31,0,69,50,10,-10,B Major,4,1DLfR4MOfLYbV6v3xrmWa8,USAT21502630,1
34,Somebody's Watching Me,Rockwell,124,12A,58,2026-04-02,04:53,63,,12  80s Classics,2010-06-28,80,12,0,87,0,0,-8,C♯/D♭ Minor,4,2gGdO0zLa9W8ce1Ig0BzFK,USMO18400484,6
35,I Earn My Life,Lemon Demon,73,8B,82,2026-04-02,03:10,35,,Spirit Phone,2016-02-29,71,18,0,86,0,10,-7,C Major,4,4RI2XoSY5KiiDshVhA9Khe,TCACM1645314,3
36,quiet motions,mxmtoon,80,10B,61,2026-04-02,02:38,33,"bedroom pop, indie pop",dawn,2020-04-22,52,31,0,35,0,30,-8,D Major,4,5JLCvvRxzSogiBcL1Fl0Xa,GBKPL2090045,1
37,Miss The Rage,Six Dior,78,4B,75,2026-04-02,02:55,59,,Miss The Rage,2023-08-17,51,0,0,32,0,20,-7,G#/A♭ Major,4,6hPWQ0BxwioM7wzG0DE2F1,GX4R52353318,2
38,Heaven Is Here,Florence + The Machine,106,8A,44,2026-04-02,01:51,53,baroque pop,Dance Fever,2022-05-13,85,61,0,36,30,0,-9,A Minor,3,4eh6egMbuQ1QJ65HIA9eXG,GBUM72108022,1
39,When Memories Snow,Mitski,115,10B,33,2026-04-02,01:44,57,,The Land Is Inhospitable and So Are We,2023-09-15,19,13,0,30,0,10,-10,D Major,4,0QzJS1fQv5l0s1mqKTECRX,USJ5G2335006,2
40,TEST DRIVE,Joji,75,5A,65,2026-04-02,02:59,65,,BALLADS 1,2018-10-26,65,71,0,46,0,10,-9,C Minor,4,3u9RHP8IpKPZh7bKHw83Ci,ZZOPM1800561,2
41,After Ur Gone,Alex G,206,9B,81,2026-04-02,02:21,47,,DSU,2014-06-17,39,33,74,57,0,30,-5,G Major,4,5BjwwMwWSp2Zv7O8oYrz8N,GBJET1400019,1
42,Everything In Its Right Place,Radiohead,124,4A,46,2026-04-09,04:11,76,"art rock, alternative rock",Kid A,2000-10-02,30,71,5,6,0,10,-11,F Minor,5,2kRFrWaLWiKq48YYVdGcm8,GBAYE0000810,1
43,Yen,Slipknot,137,10B,93,2026-04-09,04:43,60,"nu metal, metal, alternative metal, rap metal, heavy metal","The End, So Far",2022-09-30,56,0,2,30,10,30,-4,D Major,4,5ih5d9WJSI7Hxz0KIPJPY2,NLA322200173,2
44,changes,XXXTENTACION,65,1B,31,2026-04-09,02:01,75,emo rap,?,2018-03-16,67,88,0,52,0,10,-10,B Major,4,7AFASza1mXqntmGtbxXprO,USUG11800211,2
45,When He Sees Me,"Kimiko Glenn,Jessie Mueller,Keala Settle,Waitress Original Broadway Cast Ensemble",122,6B,46,2026-04-09,03:43,62,musicals,Waitress (Original Broadway Cast Recording),2016-06-03,73,51,0,42,0,0,-6,A#/B♭ Major,4,4tG0cdbL7v4pQ8RWOqLDHx,USWB11600728,1
46,Someday,The Strokes,106,11B,52,2026-04-09,03:03,71,"garage rock, indie rock, alternative rock",Is This It,2001-07-30,54,0,0,68,0,30,-7,A Major,4,7hm4HTk9encxT0LYC0J6oI,USRC10100769,1
47,Going Crazy,EXO,150,6A,78,2026-04-09,03:46,47,k-pop,THE WAR - The 4th Album,2017-07-18,59,13,0,71,0,10,-5,G Minor,4,64EJgeHPkqJThnr7RDppo3,KRA301700311,4
48,days gone by,DAY6,103,4A,87,2026-04-09,03:25,53,"k-rock, k-pop",Remember Us : Youth Part 2,2018-12-10,61,0,0,65,0,10,-4,F Minor,4,3E1Z2J1Q0pcAl1EPpzvR9Z,US5TA1800134,1
49,James,Laufey,134,11B,37,2026-04-09,02:55,61,,Typical of Me EP,2021-04-30,50,85,0,37,0,10,-10,A Major,4,2y1NtQ2ZfIq0zBUP3tOlbX,TCAFJ2195510,1
50,ROAR (MINGI),ATEEZ,145,3B,87,2026-04-09,02:34,60,"k-pop, noise music",GOLDEN HOUR : Part.3 'In Your Fantasy Edition',2025-07-11,59,0,0,64,0,0,-4,C♯/D♭ Major,4,6pL5MtUDvcszt8IK7u4AM2,KRD442500023,1
51,Warsaw,Lovejoy,180,2B,73,2026-04-09,03:30,49,,Wake Up & It's Over,2023-05-12,49,1,0,66,0,0,-5,F#/G♭ Major,4,09D359J8meGFVXIII0mveC,QM4TX2379725,1
52,Cloud of Unknowing (feat. Bobby Womack and Sinfonia ViVA),"Gorillaz,Bobby Womack,Sinfonia ViVa",67,9B,26,2026-04-09,03:06,49,"soul, classic soul, tango, contemporary classical",Plastic Beach,2010-03-05,26,81,4,6,0,70,-12,G Major,4,0NDOVMOT6ah2k6HuXLrq5x,GBAYE1000014,1
1,ISTJ,NCT DREAM,122,9A,96,2024-02-06,03:05,54,"k-pop, noise music",ISTJ - The 3rd Album,2023-07-17,64,2,0,36,0,30,-2,E Minor,4,6j268AN4RJXNyFNeFUfB50,KRA302300210,3
2,Off The Record,IVE,108,6B,75,2024-02-06,03:08,62,k-pop,Off The Record,2023-10-06,77,10,0,84,0,10,-5,A#/B♭ Major,4,3G7MgLuWLzUJQflWOCDZit,QMDA72364151,1
3,Love You Like A Love Song,Selena Gomez & The Scene,117,12A,68,2024-02-06,03:08,85,,When The Sun Goes Down,2011-01-01,86,8,0,92,0,0,-4,C♯/D♭ Minor,4,0laYHRpNTS6i8FXdupHkJ4,USHR11132668,1
4,ETA,NewJeans,135,3A,75,2024-02-06,02:31,78,k-pop,NewJeans 2nd EP 'Get Up',2023-07-21,81,11,0,84,0,0,-6,A#/B♭ Minor,4,56v8WEnGzLByGsDAXDiv4d,USA2P2330071,1
5,不落的太阳,张佑赫,105,10A,97,2024-02-13,03:37,0,,No More Drama,2005-09-12,83,2,0,66,0,0,-1,B Minor,4,0HOeQrJ2PZsoCXJRWHc4of,HKG732008473,1
6,Love 119,RIIZE,99,4B,75,2024-02-20,02:53,50,k-pop,Love 119,2024-01-05,75,45,0,42,0,20,-5,G#/A♭ Major,4,4ndxCrtl74lgOdF6Lz7bIq,KRA302400001,3
7,Perfect Night,LE SSERAFIM,136,7B,82,2024-02-23,02:39,77,k-pop,Perfect Night,2023-10-27,70,10,0,50,0,0,-5,F Major,4,74X2u8JMVooG2QbjRxXwR8,USA2P2349660,2
8,Me You (feat. Baek Yerin),"San E,Yerin Baek",90,5B,87,2024-02-23,03:28,51,"k-rap, k-ballad, k-pop",The Boy Who Cried Wolf,2013-12-02,79,48,0,86,10,0,-2,D#/E♭ Major,4,1DHkVkpOeNXxq4YhHOeEac,KRA111500116,1
9,Weekend,"DJ Wegun,GRAY,Chancellor",170,7B,76,2024-02-25,03:49,8,k-rap,Band Wegun Effect,2018-09-20,61,12,0,94,0,20,-2,F Major,4,1ikohA23Imzk0F1u4nG4MD,KRC711800038,1
10,"Call Me (Feat. GRAY, Jay Park)","Dayday,GRAY,Jay Park",98,11A,69,2024-02-25,03:40,17,"k-rap, k-pop",All Day Every Day,2017-07-22,79,12,0,88,0,10,-5,F#/G♭ Minor,4,2TeoGApL3PUquWBzToRyU8,KRC711700019,1
11,Cupid - Twin Ver.,FIFTY FIFTY,120,10A,59,2024-02-29,02:54,1,k-pop,The Beginning,2023-09-22,78,44,0,73,0,30,-8,B Minor,4,739WUU1tPFLO4x4HJq561K,KSA012239181,1
12,To. X,TAEYEON,97,4B,59,2024-03-06,02:50,65,"k-pop, k-ballad",To. X - The 5th Mini Album,2023-11-27,84,40,0,65,0,0,-6,G#/A♭ Major,4,2gyCwrOcC6JBoaJ8JGJ7T8,KRA302300481,1
13,AEAO,"Dynamicduo,DJ Premier",153,10B,76,2024-03-06,05:16,75,"k-rap, k-pop, east coast hip hop",A Giant Step,2014-07-16,45,6,0,58,10,10,-6,D Major,4,3TPvrMAd1hbPRXuHCRX0Pl,KRA381208477,2
14,Kiss,NCT DOJAEJUNG,92,9B,80,2024-03-20,03:00,54,k-pop,Perfume - The 1st Mini Album,2023-04-17,67,17,0,71,10,30,-3,G Major,4,6iirdwpyu2Ohg3iVdu4vXl,KRA302300107,3
15,90's Love,NCT U,108,12A,92,2024-03-21,03:33,58,"k-pop, noise music",NCT RESONANCE Pt. 2 - The 2nd Album,2020-11-23,74,7,0,70,0,10,-2,C♯/D♭ Minor,4,0B36SbjfDv15ji1bQEEeTN,KRA302000567,2
16,Gimme More,Britney Spears,113,10B,84,2024-03-21,04:11,86,pop,Blackout,2007-10-25,79,25,0,38,0,0,-3,D Major,4,6ic8OlLUNEATToEFU3xmaH,USJI10700609,1
17,After LIKE,IVE,125,8B,92,2024-03-26,02:56,74,k-pop,After LIKE,2022-08-22,68,10,0,80,10,0,-1,C Major,4,2gYj9lubBorOPIVWsTXugG,QMBZ92254957,1
18,Magnetic,ILLIT,131,2B,67,2024-03-30,02:40,83,k-pop,SUPER REAL ME,2024-03-25,80,26,0,69,0,0,-6,F#/G♭ Major,4,1aKvZDoLGkNMxoRYgkckZG,USA2P2413259,2
19,WINTER WITHOUT YOU,XG,80,6B,67,2024-04-01,04:03,57,k-pop,WINTER WITHOUT YOU,2023-12-08,52,17,0,39,10,0,-5,A#/B♭ Major,4,5KxTHd0r8eM6T2K65zxt2L,JPB602306869,1
20,BUT YOU,iKON,138,8B,91,2024-04-01,03:32,46,k-pop,FLASHBACK,2022-05-03,63,2,0,69,0,10,-2,C Major,4,7IqYkjcFnqKPmwg6lWxXYv,KRA402100168,1
21,Flower,iKON,115,9B,65,2024-04-06,04:19,42,k-pop,i DECIDE,2020-02-06,67,45,0,39,0,20,-5,G Major,4,4BFbn9GneqRPCSK2NLuiyq,KRA402000013,1
22,Tell Me (What Is Love),"D.O.,YOO YOUNG JIN",120,12A,81,2024-04-21,04:42,53,"k-ballad, k-pop, ",Tell Me (What Is Love) - SM STATION,2016-02-19,72,14,0,84,0,10,-2,C♯/D♭ Minor,4,0XFNh4Buo97mSzJK3C7gSJ,KRA301500774,1
23,"Baby, Don't Cry",EXO,138,7B,83,2024-04-21,03:53,58,k-pop,The 1st Album 'XOXO' (Repackage),2013-08-05,65,34,0,42,0,10,-4,F Major,4,7M4eO9xXwmAnO0hq6XDles,KRA301300170,1
24,MASAYUME CHASING,BoA,129,6A,99,2024-04-21,03:39,55,"k-pop, j-pop, j-r&b",WHO'S BACK?,2014-09-03,68,6,0,59,0,10,-2,G Minor,4,3Hg898AnfapEcgRwa4PT9L,JPB601402020,1
25,Polaroid Love,ENHYPEN,138,6A,67,2024-04-22,03:04,72,k-pop,DIMENSION : ANSWER,2022-01-10,74,46,0,65,0,30,-4,G Minor,4,5elW2CKSoqjYoJ32AGDxf1,USA2P2146748,1
26,Single,Shadya Lan,128,1B,67,2024-04-25,04:28,45,"taiwanese pop, mandopop, c-pop",KO One,2005-12-27,50,47,0,16,0,10,-4,B Major,4,6Q7jwp9gQFAsp9v337V9vc,TWD950521107,1
27,Hurt,NewJeans,180,3A,45,2024-04-26,02:57,73,k-pop,NewJeans 1st EP 'New Jeans',2022-08-01,60,73,0,57,0,10,-7,A#/B♭ Minor,4,5expoVGQPvXuwBBFuNGqBd,USA2P2230224,3
28,_WORLD,SEVENTEEN,111,7A,81,2024-04-26,02:58,64,k-pop,SEVENTEEN 4th Album Repackage 'SECTOR 17',2022-07-18,71,31,0,79,0,0,-3,D Minor,4,3QwiidVHfeE9y5jl4n2MTC,USA2P2212522,1
29,Sherlock (Clue + Note),SHINee,107,3B,94,2024-04-30,03:59,61,k-pop,Sherlock - The 4th Mini Album,2012-03-21,64,1,0,32,0,30,-2,C♯/D♭ Major,4,2sVtrcj32v3fR8mLjqWziv,KRA301200194,1
30,Don't Go Insane,DPR IAN,115,6A,48,2024-05-11,03:24,60,k-rap,Don't Go Insane,2023-10-04,72,19,0,60,0,10,-6,G Minor,4,5izX3yhDZHqQFi8p2m6RHi,QMBZ92331724,1
31,先说谎的人,"h3R3,张鑫",118,2B,58,2024-05-19,02:48,54,"chinese r&b, c-pop, mandopop, chinese hip hop",先说谎的人,2022-02-21,69,58,0,16,0,10,-5,F#/G♭ Major,4,4JUGXLT4ZXN2EetaCf8wK3,CNZ822100509,1
32,致你,Yihuik苡慧,108,4B,47,2024-05-28,04:31,56,"chinese r&b, c-pop, mandopop",致你,2021-08-08,68,60,0,23,0,0,-8,G#/A♭ Major,4,1BH8aQSiigtTbbqms4XpwR,HKG732126255,1
33,航行,蒋小呢,78,1B,68,2024-05-29,02:48,51,"chinese r&b, c-pop, mandopop",航行,2021-04-18,55,48,0,32,0,0,-8,B Major,4,3LJVA3pmQwH071agpGeABV,FRX202131393,1
34,想自由,Yoga Lin,130,11B,42,2024-06-06,04:41,51,"mandopop, taiwanese pop, c-pop, chinese r&b, taiwanese indie, cantopop",美妙生活,2011-05-06,43,52,0,18,0,10,-9,A Major,4,6kgIfsrBMGROn31uyhDoJC,TWD951134103,1
35,Boom Boom Bass,RIIZE,117,4A,76,2024-06-26,02:32,62,k-pop,RIIZING - The 1st Mini Album,2024-06-17,81,2,0,83,0,10,-4,F Minor,4,6Ixrp3yXfzv5brZXmZuXXN,KRA302400143,2
36,XO (Only If You Say Yes),ENHYPEN,97,4B,76,2024-08-06,03:08,77,k-pop,ROMANCE : UNTOLD,2024-07-12,66,11,0,47,0,20,-7,G#/A♭ Major,4,3RkSwrsIadAvqVtMp5yhaB,USA2P2436970,2
37,Brought The Heat Back,ENHYPEN,122,10A,87,2024-08-07,02:56,74,k-pop,ROMANCE : UNTOLD,2024-07-12,78,1,0,90,0,50,-4,B Minor,4,3ivdlmTbUSv5JN9W8Tk9V1,USA2P2436973,2
38,Sting,Stellar,105,9B,90,2024-09-15,03:32,44,k-pop,Sting,2016-01-18,71,8,0,82,0,0,-5,G Major,4,0ULq4YEtDWHBOJTeoOR2jt,KRC851600005,1
39,蠢货,喻言,117,10A,76,2024-10-05,03:30,42,"c-pop, mandopop, chinese r&b",Bad Girl,2015-11-30,82,54,0,60,0,10,-4,B Minor,4,2YsjrtkctbcRVNf339b3zW,CNZ181600034,1
40,pocket locket,Alaina Castillo,166,8A,74,2024-10-13,03:08,63,,parallel universe pt. 1,2021-05-14,50,14,0,62,10,10,-5,A Minor,4,7t9d2YdmD87JC72pocMtlz,GBKPL2145850,1
41,Whiplash,aespa,126,1A,90,2024-10-22,03:03,73,k-pop,Whiplash - The 5th Mini Album,2024-10-21,86,9,2,74,0,0,-3,G#/A♭ Minor,4,6uPnrBgweGOcwjFL4ItAvV,KRA302400341,2
42,Cherish (My Love),ILLIT,143,12B,82,2024-10-22,02:56,66,k-pop,I'LL LIKE YOU,2024-10-21,71,24,0,30,0,10,-4,E Major,4,2MoUuJhpSO4a0czxvsrSC6,USA2P2458809,1
43,Eyes on you,SEVENTEEN,128,8A,81,2024-10-24,02:54,57,k-pop,SEVENTEEN 12th Mini Album 'SPILL THE FEELS',2024-10-14,72,2,0,85,0,0,-5,A Minor,4,7qkv7ZLTIMkObkyhNo6sdQ,USA2P2452187,1
44,Love is,TEEN TOP,125,9B,88,2024-10-27,03:28,34,k-pop,HIGH FIVE,2017-04-10,62,1,0,74,0,10,-4,G Major,4,4CVFy4icXmGwNJ1D0h9D22,KRA381700745,1
45,No Doubt,ENHYPEN,130,1A,46,2024-11-12,02:47,76,k-pop,ROMANCE : UNTOLD -daydream-,2024-11-11,84,11,0,52,0,0,-7,G#/A♭ Minor,4,44hqFxUWsADWewEJELnncj,USA2P2464138,2
46,Hundred Broken Hearts,ENHYPEN,88,4B,74,2024-11-16,03:21,62,k-pop,ROMANCE : UNTOLD,2024-07-12,70,2,0,77,10,20,-7,G#/A♭ Major,4,3UIEaJs7OfXpcFSoQhqNC0,USA2P2436972,1
47,Love Me Harder,WOODZ,130,3A,80,2024-11-20,03:27,53,"k-rock, k-pop",EQUAL,2020-06-29,73,2,0,66,0,10,-4,A#/B♭ Minor,4,3gChfwiB0yrnZRnlJ5Oq9E,KRMIM2017224,1
48,Heart Attack,AOA,126,8B,97,2024-12-06,03:16,57,k-pop,Heart Attack,2015-06-22,66,14,0,77,0,80,-2,C Major,4,7pm5uhK7xiEM9fQvuCE78l,KRA851500033,1
49,Toosie Slide - Sped Up,"Dance Fruits Music,Steve Void",126,3B,80,2024-12-06,02:27,38,"deep house, slap house",Sped Up,2022-09-16,79,26,0,62,0,10,-4,C♯/D♭ Major,4,31d7BUC5hKumI35TSM9FiD,ZZOPM2240720,1
50,Lucifer,SHINee,125,10A,91,2024-12-26,03:53,63,k-pop,Lucifer - The 2nd Album,2010-07-19,75,3,0,87,0,10,-2,B Minor,4,7xAACq6jlGqXw4bNCTYcm6,KRA340927051,1
51,星空叙爱曲,"法老,阿达娃",140,12A,61,2024-12-31,03:12,51,"chinese hip hop, chinese r&b, c-pop, mandopop",退潮,2022-08-07,74,77,0,52,20,20,-8,C♯/D♭ Minor,4,1yEKxWWa0U4PnoAJYfWujM,FRX452250045,1
52,Tried to walk,B1A4,133,8B,77,2025-01-05,03:36,44,k-pop,IN THE WIND,2012-11-12,66,11,0,66,0,20,-6,C Major,4,6nEGKmAQOW0X5HBx5UXL5W,KRA341219706,1
53,PYTHON,GOT7,150,7A,81,2025-01-21,02:31,64,k-pop,WINTER HEPTAGON,2025-01-20,77,7,0,72,0,10,-4,D Minor,4,2kol6tv2jcinBERq425Ahv,KRA382500437,2
54,Really Like You,BABYMONSTER,97,4A,59,2025-01-22,03:17,73,k-pop,DRIP,2024-11-01,83,15,0,80,0,50,-6,F Minor,4,3entdIWiOuQfcXIkJEABsV,KRA402400058,1
55,Like a Movie,iKON,135,7A,67,2025-01-24,03:26,35,k-pop,TAKE OFF,2023-05-04,70,24,0,39,0,0,-5,D Minor,4,0rhaSFy7TdJHL76c6SWdST,KRA492300316,1
56,Doctor! Doctor!,ZEROBASEONE,87,4A,68,2025-02-27,02:32,47,k-pop,Doctor! Doctor!,2025-01-20,59,24,0,61,10,10,-5,F Minor,4,4yQ5AHwQd3w7IkV1mtzDwf,KRA492401230,1
57,Bad,Christopher,96,12A,59,2025-03-04,03:11,53,dansk pop,Bad,2018-04-13,76,7,0,68,10,50,-7,C♯/D♭ Minor,4,6L2TOTO0JjlVuKBnIuWcVY,DKAZA1800026,1
58,Butterflies,Hearts2Hearts,88,12A,52,2025-04-21,02:57,68,k-pop,The Chase,2025-02-24,67,37,0,66,0,10,-5,C♯/D♭ Minor,4,3s3Eo4rb6aq3O62g6z6jtZ,KRA302500048,1
59,365,ONE OR EIGHT,131,2B,78,2025-07-05,03:33,44,,365,2025-06-18,71,7,0,64,0,20,-6,F#/G♭ Major,4,4SbqbV7PNm5JNurMFHfVlG,QZJ842502700,1
60,STYLE,Hearts2Hearts,127,7B,84,2025-07-05,03:29,78,k-pop,STYLE,2025-06-18,78,28,0,68,0,10,-3,F Major,4,5EoV2HmAlkqN1XvsIjOBZZ,KRA302500267,1
61,Lips Hips Kiss,KISS OF LIFE,85,3B,60,2025-07-05,03:09,66,k-pop,224,2025-06-09,74,5,0,85,0,10,-5,C♯/D♭ Major,4,5Q4DLsIx0Fl0IDCCWHsLlH,KRA382502944,2
62,YELLOW,TREASURE,100,6B,62,2025-07-05,03:11,61,k-pop,SPECIAL MINI ALBUM [PLEASURE],2025-03-07,76,14,0,73,0,10,-6,A#/B♭ Major,4,7jKwFhIqA1a1HLk6AsVDYc,KRA402400077,1
63,GPT,STAYC,126,10B,92,2025-07-05,03:08,58,k-pop,...l,2024-10-30,66,18,0,75,0,10,-3,D Major,4,36qXU2yyq1JtGp05omV7bu,KRA382406101,1
64,"Earth, Wind & Fire",BOYNEXTDOOR,153,10A,89,2025-07-07,02:59,67,k-pop,HOW?,2024-04-15,66,2,0,62,0,0,-3,B Minor,4,0Tq7v8YAmwdnAYBwyR1pZ4,USA2P2409361,1
65,NO ONE,"LEEHI,B.I",92,10A,61,2025-07-24,03:14,52,"k-ballad, k-pop, k-rap",24℃,2019-05-30,75,23,0,54,0,0,-5,B Minor,4,0iQ7Nc2YhlyGHeUi4R8Gl6,KRA401900037,1
66,We don't talk together (Prod. by SUGA),"Heize,GIRIBOY",98,9B,74,2025-07-24,03:19,59,"k-ballad, k-pop, k-rap",We don’t talk together,2019-07-07,63,4,0,31,0,30,-5,G Major,4,6SG8lh7fWQ2bahP5WBYePn,KRA491900461,1
67,Red Lipstick (feat. Yoonmirae),"LEEHI,YOON MIRAE",107,2B,94,2025-07-27,03:07,47,"k-ballad, k-pop, soundtrack",4 ONLY,2021-09-09,76,10,0,82,0,70,-2,F#/G♭ Major,4,7nJc2Oxfn7xRX3eF4hltyl,KRC712100044,1
68,But Sometimes,BOYNEXTDOOR,97,10A,86,2025-08-26,02:55,62,k-pop,WHY..,2023-09-04,80,4,0,68,0,30,-4,B Minor,4,5TNMJ6Csb2NgSohuz76XJT,USA2P2340655,2
69,The Girl That's Underneath (feat. Jabbar Hakeem),"Jake Miller,Jabbar Hakeem",120,11A,64,2025-08-29,03:06,46,,Silver Lining,2018-03-09,75,8,0,70,0,10,-6,F#/G♭ Minor,4,6vzMM12p1XkbheVj39VVvT,USUYG1184138,1
70,Nice Guy,BOYNEXTDOOR,116,9B,84,2025-09-01,02:44,63,k-pop,19.99,2024-09-09,84,28,0,68,10,30,-4,G Major,4,6pqyZNnLKyJKtrlf42FQoq,USA2P2454972,1
71,Deja Vu,RESCENE,125,11B,92,2025-10-01,03:04,57,k-pop,Dearest,2025-07-02,78,13,0,49,0,20,-3,A Major,4,1pBUzZE9PoKLoPxo6QxsG6,KRA382504430,1
72,PARADISE,TREASURE,114,4B,75,2025-11-14,02:50,59,k-pop,3rd MINI ALBUM [LOVE PULSE],2025-09-01,80,8,0,86,0,80,-4,G#/A♭ Major,4,20pXBnV8q1xnWzSijxq6QM,KRA402400135,1
73,ONE MORE TIME,ALLDAY PROJECT,160,11A,82,2025-11-26,03:15,67,k-pop,ONE MORE TIME,2025-11-17,70,21,0,31,10,0,-6,F#/G♭ Minor,4,7FyKqLLICVzwBiAUtbVYUW,KSA002502305,1
74,NOT CUTE ANYMORE,ILLIT,99,3B,74,2025-11-26,02:11,84,k-pop,NOT CUTE ANYMORE,2025-11-24,94,24,0,95,0,10,-6,C♯/D♭ Major,4,1k0JAiH11gHL9dc5dfQjQr,USA2P2551249,1
75,TROPHY,82MAJOR,125,12A,70,2026-02-18,03:06,54,"k-pop, noise music",Trophy,2025-10-30,90,1,0,97,0,0,-5,C♯/D♭ Minor,4,47Mu43nMCpr04YGL1AlLEp,KRA492500856,1
76,404 (New Era),KiiiKiii,140,12B,52,2026-02-18,02:59,80,k-pop,Delulu Pack,2026-01-26,50,66,47,0,0,50,-49,E Major,1,24rDDbSlFY9OHrlJb48CRh,QM4TW2606899,1
77,HYPNOTIZE,XG,128,3A,87,2026-02-20,02:50,78,k-pop,THE CORE - 核,2026-01-23,69,10,0,77,0,0,-6,A#/B♭ Minor,4,3fEX9NgOeklq816Fw00uoo,JPB602600009,1
78,JERK,iKON,174,6A,73,2026-02-21,03:43,40,k-pop,Return,2018-01-25,59,23,0,75,0,10,-4,G Minor,4,5l9yN1JROmX6QptM6n4R9C,KRA401800018,1
79,Love Love Love,Epik High,128,12A,88,2026-03-02,03:51,67,"k-rap, k-pop, k-ballad",Remapping the Human Soul,2007-01-24,79,6,0,79,0,10,-4,C♯/D♭ Minor,4,7hlEhmg5h9XuFtaGfgvqjF,KRA490700223,1
80,And July,"Heize,DEAN,dj friz",99,10B,85,2026-03-15,03:46,59,"k-ballad, k-pop, k-rap",And July,2016-07-18,73,4,0,79,0,20,-4,D Major,4,0Yz3F0UGDibDe8uU69zmjn,KRA491600449,1
81,Good Parts (when the quality is bad but I am),LE SSERAFIM,121,8B,68,2026-03-18,02:36,63,k-pop,ANTIFRAGILE,2022-10-17,79,52,0,62,0,40,-5,C Major,4,1sZBzYhrQG40zcSuKkI93c,USA2P2230332,1
82,Come Over,LE SSERAFIM,156,9A,93,2026-04-08,02:17,65,k-pop,HOT,2025-03-14,67,14,0,91,0,0,-3,E Minor,4,6efcMTYO2lJ0zcpQEPk8m1,USA2P2507989,1
83,Sure Thing,82MAJOR,140,8B,93,2026-04-25,03:21,50,"k-pop, noise music",ON,2023-10-11,73,11,0,82,10,20,-3,C Major,4,3Xi4YPJEV7vYvZpWHh1b7a,KRA492300922,1
1,Alien Blues,Vundabar,80,6B,68,2021-12-19,02:36,0,,Gawk,2015-07-24,46,8,83,46,0,0,-9,A#/B♭ Major,4,6UjeFOCGYgMpBUtqKg1Je3,USDY41567486,2
2,Vanished,Crystal Castles,120,5A,87,2021-12-19,04:02,1,"witch house, electroclash, new rave, alternative dance",Crystal Castles,2008-03-18,71,0,0,64,0,20,-7,C Minor,4,0Q2YGyMeeZMAvzebtxoQ5f,CAL450896208,2
3,brutal,Olivia Rodrigo,124,12B,53,2021-12-19,02:23,79,,SOUR,2021-05-21,67,3,0,28,0,20,-6,E Major,4,6SRsiMl7w1USE4mFqrOhHC,USUG12101242,1
4,Crimewave,Crystal Castles,120,9A,69,2021-12-19,04:18,0,"witch house, electroclash, new rave, alternative dance",Crystal Castles,2008-03-18,75,18,3,89,0,20,-8,E Minor,4,3TjliM0xQ3fkza0RpINRrq,GBRQQ0700001,1
5,Violent,carolesdaughter,130,10B,76,2021-12-19,02:15,67,,Violent,2020-11-23,80,33,0,41,0,10,-5,D Major,4,7CFfqRW50ffULvBv7lfIIg,USQX92005133,1
6,Soap,Melanie Martinez,168,11A,69,2021-12-19,03:29,72,,Cry Baby (Deluxe Edition),2015-08-14,60,25,0,21,10,10,-6,F#/G♭ Minor,4,03f7xZmt2wHCIDJBFPK8G4,USAT21501777,1
7,Breezeblocks,alt-J,150,7B,66,2021-12-19,03:47,74,"indie, indie rock",An Awesome Wave,2012-09-18,62,10,0,29,0,20,-7,F Major,4,3n69hLUdIsSa1WlRmjMZlW,GBZUZ1200067,2
8,Little Dark Age,MGMT,98,2B,71,2021-12-19,04:59,80,indie,Little Dark Age,2018-02-09,71,1,0,62,0,10,-6,F#/G♭ Major,4,2Y0iGXY6m6immVb2ktbseM,USSM11707035,2
9,Washing Machine Heart,Mitski,106,11B,82,2021-12-19,02:08,83,,Be the Cowboy,2018-08-17,61,1,51,57,0,40,-4,A Major,4,3jjsRKEsF42ccXf8kWR3nu,USJ5G1815012,2
10,Nowhere To Run,Stegosaurus Rex,120,9B,67,2021-12-19,05:00,61,,The Dino Soars,2010-01-01,81,68,1,64,20,0,-7,G Major,4,2PJhATOD9dWsevezmfjoMA,usx9p0955719,1
11,Romantic Lover,Eyedress,184,8A,45,2023-01-10,01:26,38,,Let's Skip to the Wedding,2020-08-07,66,70,92,54,0,20,-9,A Minor,4,7s5VQqrjBtrBgZL4pEa46S,GBMYF2000011,1
12,Hayloft,Mother Mother,96,8A,92,2021-12-19,03:01,3,,O My Heart,2008-09-23,53,0,0,49,0,40,-3,A Minor,4,2kS6td1yvmpNgZTt1q5pQq,CAL450882108,2
13,Bad Things,Cults,114,12A,73,2021-12-19,03:38,55,,Cults,2011-05-23,29,37,32,29,0,20,-7,C♯/D♭ Minor,4,1caFMoQlQyF5JHvfPNe49E,GBARL1100250,1
14,Alphabet Boy,Melanie Martinez,155,8B,85,2021-12-19,04:13,66,,Cry Baby (Deluxe Edition),2015-08-14,65,29,0,52,0,0,-6,C Major,4,3NDPcoeno6oasqi6Hs75Ax,USAT21501937,2
15,NEVER MET! (feat. Glitch Gum),"CMTEN,Glitch Gum",160,2B,72,2021-12-19,02:27,54,"hyperpop, glitch",NEVER MET! (feat. Glitch Gum),2020-05-01,68,22,0,94,10,10,-3,F#/G♭ Major,4,4iMfYGWDKKuP79CAqsKd3n,QZDA62062258,1
16,SugarCrash!,ElyOtto,98,8B,74,2021-12-19,01:20,0,hyperpop,SugarCrash!,2020-08-25,75,53,0,36,10,0,-7,C Major,4,3FxPbp05KjMBa4HbhAJTH0,TCAFB2092742,1
17,好き好き大好き - 2016 Remaster,Jun Togawa,140,8B,89,2021-12-19,03:34,64,,好き好き大好き,2016-12-21,77,46,0,86,0,30,-4,C Major,4,6x1TTTokRumrQK4qqZONtG,JPAL01600520,1
18,High Enough,K.Flay,89,8B,62,2021-12-19,03:51,72,,Every Where Is Some Where,2017-04-07,61,3,9,54,0,10,-5,C Major,4,1qwno7xb5mJe71xtMS6jl2,USUM71701789,2
19,masquerade,siouxxie sixxsta,161,11B,79,2021-12-19,02:24,67,hyperpop,masquerade,2021-11-11,61,0,65,61,0,20,-6,A Major,4,0RYHqnmtNRfbYxP6Dn8Vse,USAT22107451,1
20,Rhinestone Eyes,Gorillaz,93,1A,70,2021-12-19,03:20,78,,Plastic Beach,2010-03-05,68,9,0,85,0,0,-6,G#/A♭ Minor,4,1foMv2HQwfQ2vntFf9HFeG,GBAYE1000017,2
21,Michelle,Sir Chloe,116,12B,44,2021-12-19,03:34,0,,Party Favors,2020-10-23,37,8,0,11,0,10,-5,E Major,3,48rZVgAGm0OlbbxjikCpqm,QZDA41967250,1
22,Problems,Mother Mother,104,3B,85,2021-12-19,03:27,0,,Eureka,2011-03-15,63,1,3,53,0,10,-4,C♯/D♭ Major,4,0mFSV2Bawz8i9wnlc9eYme,CAL451028707,2
23,She's My Collar (feat. Kali Uchis),"Gorillaz,Kali Uchis",140,1B,82,2021-12-21,03:29,80,,Humanz (Deluxe),2017-04-28,73,1,8,46,0,10,-6,B Major,4,3lIxtCaROdRDuTnNBDm3n2,GBAYE1700176,2
24,Feel Good Inc.,"Gorillaz,De La Soul",139,2B,71,2021-12-21,03:42,91,"jazz rap, east coast hip hop",Demon Days,2005-05-23,82,1,0,77,10,60,-7,F#/G♭ Major,4,0d28khcov6AiegSCpG5TuT,GBAYE0500172,1
25,Under The Influence,"Eminem,D12",97,2B,75,2023-01-10,05:21,65,"rap, hip hop, ",The Marshall Mathers LP,2000-05-23,92,2,0,71,20,10,-4,F#/G♭ Major,4,5H3B1WtZYGmyOYOXgQltKU,USIR10000643,1
26,After Dark,Mr.Kitty,140,4B,60,2021-12-21,04:17,3,"witch house, darkwave",Time,2014-08-08,58,7,41,4,0,0,-10,G#/A♭ Major,4,0zCgWGmDF0aih5qexATyBn,GBKPL1412568,2
27,Swimming Pool,Marie Madeleine,120,11A,90,2021-12-22,05:25,0,,Swimming Pool,2011-09-19,71,1,90,89,0,0,-5,F#/G♭ Minor,4,3BMqVk2NJbH4fxf84e8kDC,FR3PA1100090,1
28,Pour It Up,Rihanna,134,10B,48,2021-12-26,02:41,73,,Unapologetic (Deluxe),2012-12-11,79,3,0,39,0,0,-9,D Major,4,5r67bGhYXZNqk2m2Wupfmu,USUM71214737,2
29,Stan,"Eminem,Dido",80,11A,77,2021-12-30,06:44,82,"rap, hip hop, ",The Marshall Mathers LP,2000-05-23,78,4,0,51,20,50,-4,F#/G♭ Minor,4,3UmaczJpikHgJFyBTAJVoz,USIR10001280,1
30,I Can't Handle Change,Roar,186,7B,44,2021-12-30,03:18,3,,I Can't Handle Change,2010-03-14,25,4,0,39,0,10,-8,F Major,3,0I1eFRytp4XRhLCjT6tZm7,USHM81020595,7
31,Unfair,The Neighbourhood,194,4B,57,2022-01-06,02:26,66,,#000000 & #FFFFFF (No DJ Version),2014-11-28,48,1,78,4,0,10,-7,G#/A♭ Major,4,0xD23i0X1WjqMSYIxRfO80,USSM11709128,2
32,Masquerade x Miss The Rage,Tukuturpe,154,4B,83,2022-01-07,01:52,0,,Masquerade x Miss The Rage,2021-11-19,50,3,70,89,0,20,-16,G#/A♭ Major,4,2t7EyTixyBubCijJuvarUX,QZNWZ2193205,2
33,Only Love Can Hurt Like This,Paloma Faith,91,4B,89,2022-01-08,03:52,81,,A Perfect Contradiction (Outsiders' Expanded Edition),2014-03-10,57,10,0,30,0,30,-5,G#/A♭ Major,4,62ke5zFUJN6RvtXZgVH0F8,GBARL1301427,1
34,Wasted (Nightcore),"Murkish,Huken,harmony haven",94,4B,85,2022-01-12,03:14,4,witch house,Wasted (Nightcore),2021-08-05,55,0,36,22,0,0,-6,G#/A♭ Major,4,0zSDG1EI7SGhM62M5iBiGI,QZK6H2140264,1
35,Stay Fly,Three 6 Mafia,133,1B,88,2022-01-12,03:56,72,"southern hip hop, horrorcore, crunk, gangster rap",Most Known Unknown (Explicit),2005-09-27,79,11,0,65,0,30,-6,B Major,4,5MYFw4T2gy52pOGBN4EYHS,USSM10502938,1
36,Backstabber,Kesha,160,9B,94,2022-01-13,03:06,72,,Animal (Expanded Edition),2010-01-01,60,7,0,83,10,30,-2,G Major,4,4GRFzKI7jTZ3kbMfouc7bn,USRC10900741,2
37,Softcore,The Neighbourhood,94,8A,57,2022-01-15,03:26,87,,Hard To Imagine The Neighbourhood Ever Changing,2018-11-02,57,5,0,37,0,20,-6,A Minor,4,2K7xn816oNHJZ0aVqdQsha,USSM11800523,3
38,Bubblegum Bitch,MARINA,158,5A,86,2022-01-28,02:34,81,,Electra Heart (Deluxe),2012-04-27,50,0,0,61,0,10,-5,C Minor,4,6IbnUaczZBT34DhaD6S18F,GBFFS1200008,2
39,Treehouse (Slowed & Reverb),Khlaws,132,4A,23,2022-01-29,02:54,0,,Treehouse (Slowed &amp; Reverb),1999-04-01,69,66,9,12,0,10,-20,F Minor,4,2YwZrO2NZeUzuahuEIfBcd,QZQGC2200062,1
40,From Tha Back Miss The Rage (Interlude),framed,76,4B,54,2022-01-29,01:30,0,,From Tha Back Miss The Rage (Interlude),2021-09-07,43,0,83,55,0,10,-11,G#/A♭ Major,4,10II1rvNjfCQkksb7SfvMb,GBLLT2146038,1
41,Mount Everest,Labrinth,88,5A,43,2022-01-30,02:37,80,,Imagination & the Misfit Kid,2019-11-22,49,24,7,44,20,0,-7,C Minor,4,1ZdhOMWyFR8Iv9eylMGYg2,GBHMU1800032,1
42,Enemy (with JID) - from the series Arcane League of Legends,"Imagine Dragons,JID,Arcane,League of Legends",77,10A,78,2022-02-09,02:53,76,"score, ",Enemy (with JID) [from the series Arcane League of Legends],2021-10-28,73,24,0,56,20,40,-4,B Minor,4,1r9xUipOqoNwggBpENDsvJ,USUM72119916,1
43,Kids with Guns,"Gorillaz,Neneh Cherry",106,9A,48,2022-02-09,03:45,69,,Demon Days,2005-05-23,84,0,71,71,0,20,-6,E Minor,4,0eEgMbSzOHmkOeVuNC3E0k,GBAYE0500170,1
44,Stalker's Tango,Autoheart,120,10A,31,2022-02-11,02:55,1,,Lent,2013-02-11,65,21,0,65,0,10,-13,B Minor,4,0pEC10owcK34KgGYGddAqU,USA561472828,1
45,Toxic,BoyWithUke,180,1A,61,2022-02-15,02:48,63,,Toxic,2021-10-29,59,84,0,69,30,40,-7,G#/A♭ Minor,4,2gQPv5jvVPqU2a9HhMNO1v,TCAFS2101442,1
46,Japanese Stutter,Prompto,175,1B,40,2022-02-16,02:07,0,trap metal,Japanese Stutter,2021-08-13,81,0,0,64,30,30,-5,B Major,4,49fsYdg1kdM5FDwyuUAtSx,QZK6J2120957,1
47,Stay With Me,1nonly,127,11B,84,2022-02-16,02:21,3,,Stay With Me,2020-10-11,68,30,0,34,30,30,-8,A Major,5,2WYs5LxOZfEyURXu7V0O1a,TCAFE2016912,1
48,Clint Eastwood,"Gorillaz,Del The Funky Homosapien",168,3A,69,2022-02-17,05:40,82,,Gorillaz,2001-03-26,66,3,0,53,10,0,-9,A#/B♭ Minor,4,1RKUoGiLEbcXN4GY4spQDx,GBAYE0001408,1
49,LA ESPADA,Eternal Raijin,130,8A,84,2022-02-20,02:57,59,phonk,LA ESPADA,2020-02-08,78,14,87,73,0,20,-7,A Minor,4,2KYNQpVdHsqC84TgJa5T7O,QZK6L2074963,1
50,"jealousy, jealousy",Olivia Rodrigo,164,3A,57,2022-02-26,02:53,83,,SOUR,2021-05-21,70,20,0,70,10,0,-6,A#/B♭ Minor,4,0MMyJUC3WNnFS1lit5pTjk,USUG12101248,2
51,Doin' Time,Lana Del Rey,145,6A,56,2022-02-26,03:22,79,,Norman Fucking Rockwell!,2019-08-30,64,40,0,52,0,0,-11,G Minor,4,0Oqc0kKFsQ6MhFOLBNZIGX,GBUM71903894,2
52,favorite crime,Olivia Rodrigo,173,11B,27,2022-02-27,02:32,84,,SOUR,2021-05-21,37,87,0,22,0,10,-10,A Major,4,5JCoSi02qi3jJeHdZXMmR8,USUG12101249,1
53,Lost Umbrella,INABAKUMORI,137,6B,92,2022-03-04,03:24,68,"vocaloid, j-pop, anime",ANTICYCLONE,2019-11-17,72,4,0,97,0,20,-3,A#/B♭ Major,4,2zAi85TQB7mLzl8P1ySAj9,JPA651804033,1
54,Tokyo,Leat'eq,102,4A,88,2022-03-04,02:54,0,anime,Tokyo,2018-05-07,74,7,0,64,0,0,-3,F Minor,4,2Anpk7AihEt38POoMEDqRb,QZB4J1810678,1
55,Tear You Apart,She Wants Revenge,153,12A,73,2022-03-11,04:44,2,"darkwave, gothic rock",She Wants Revenge,2005-01-01,58,0,0,54,0,40,-7,C♯/D♭ Minor,4,3urJUvRhgMrwydaTQFVEg9,USUM70503877,1
56,Flyday Chinatown,EVADE FROM 宇宙,128,6A,84,2022-03-15,02:15,1,city pop,Flyday Chinatown,2021-01-22,44,17,92,90,20,20,-8,G Minor,4,2Oql5y6yNB0XUb8OWbi7pq,SE5BU2126286,1
57,drowning,"Vague003,Sadistik",180,10A,79,2022-03-18,02:04,0,underground hip hop,A Rose From Me to You,2022-02-28,49,1,84,4,0,10,-6,B Minor,4,7hOD93tb7KyIwR620kaiBi,QZDA72291409,1
58,Eventually,Tame Impala,78,8A,62,2022-03-21,05:18,81,"neo-psychedelic, indie",Currents,2015-07-17,42,2,0,16,0,0,-6,A Minor,4,5M4yti0QxgqJieUYaEXcpw,AUUM71500296,1
59,Take It Off,Kesha,125,4A,68,2022-03-22,03:35,77,,Animal (Expanded Edition),2010-01-01,73,0,0,74,0,0,-5,F Minor,4,0WCiI0ddWiu5F2kSHgfw5S,USRC10900736,1
60,all I want is you,"Rebzyyx,hoshie star",146,1B,100,2022-03-31,02:31,78,hyperpop,all I want is you,2021-02-09,46,11,0,78,30,20,-1,B Major,4,7lOvJBqH38ZY59eLU7bioq,QZDA72122180,1
61,help_urself - slowed,Ezekiel,151,10B,77,2022-03-31,02:31,51,"hyperpop, breakcore",help_urself (Alternates),2021-09-10,30,0,0,14,0,10,-7,D Major,4,6ivAviar2zmiKrQ397I4rG,USWB12103267,1
62,Baby My Phone,Yameii Online,85,4A,67,2022-03-31,03:35,56,"hyperpop, glitch",Baby My Phone,2021-01-14,43,18,23,23,0,0,-8,F Minor,4,2SjvBmZYIbQTJ7rrPgdmV8,QZFYZ2100601,1
63,The Perfect Girl,Mareux,129,1A,89,2022-03-31,03:14,77,"darkwave, cold wave",The Perfect Girl,2021-12-08,49,0,82,26,0,10,-6,G#/A♭ Minor,4,5RBOcBpJXaNnHCGViJmYhh,QZF8N1986577,1
64,Bang Bang Bang Bang,Sohodolls,94,3A,58,2022-04-12,03:01,64,,Ribbed Music For The Numb Generation,2007-09-24,73,52,0,37,0,10,-7,A#/B♭ Minor,4,1MPMUZopRX9DFx3HXToTKG,GBHGV0700025,2
65,Seventeen,Ladytron,120,4B,79,2022-04-21,04:37,0,"electroclash, alternative dance, synthpop",Light & Magic,2002-00-00,64,0,35,79,0,10,-8,G#/A♭ Major,4,106R0orU4XC4tFbugFfRzT,CAN111000309,1
66,help_urself,Ezekiel,83,1B,62,2022-04-25,02:19,60,"hyperpop, breakcore",Ezekiel Singles ’18-‘20,2021-08-11,41,1,2,8,0,10,-10,B Major,4,6bxKECVRnkLmtpeU22Ve9p,QM42K2012954,1
67,Shinigami Eyes,Grimes,116,8A,69,2022-04-27,02:39,58,art pop,Shinigami Eyes,2022-01-26,63,1,0,8,0,10,-5,A Minor,4,0YQEWdfq3ajtNtK106Dr0k,USQX92103017,1
68,Black Out Days - Future Islands Remix,"Phantogram,Future Islands",170,9A,48,2022-05-02,04:08,65,,Black Out Days (Future Islands Remix),2017-09-01,48,0,78,12,0,10,-9,E Minor,4,3kxkjirben9RVm9NqYa6rm,USUM71415944,1
69,My Ordinary Life,The Living Tombstone,176,8A,66,2022-05-02,03:50,74,,My Ordinary Life,2017-11-23,68,2,35,58,0,20,-9,A Minor,4,6tMdpUXfT70TD6Eh3XfB1p,QZANL1777908,2
70,Discord,"The Living Tombstone,Eurobeat Brony",105,1A,83,2022-05-02,03:13,70,,Discord,2012-01-21,68,1,0,83,0,0,-4,G#/A♭ Minor,4,6xqJ0XqDM9dVEW1jbm78wB,QZHNB1988493,1
71,Jealous,Eyedress,93,8A,92,2022-05-02,02:02,44,,Jealous,2019-12-06,47,0,85,70,0,40,-10,A Minor,4,1aXV8GrmQLvgoFtBPERP7E,GBMYF1900115,2
72,Leni (Crystal Castles vs GoodBooks),"GoodBooks,Crystal Castles",120,11A,64,2022-05-02,04:16,70,"witch house, electroclash, new rave, alternative dance",Control Freaks (The Remixes),2021-11-18,64,6,0,55,0,0,-7,F#/G♭ Minor,4,6slWUMiyoNNWcQGu6tkTlH,TCAFX2138511,1
73,Hey Kids,"Molina,Late Verlane",87,9A,53,2022-05-02,03:53,5,,Hey Kids,2018-04-20,58,2,1,47,0,20,-8,E Minor,4,5poS8LyxohSACjuIZ61EyS,DKPF51800801,1
74,In My Head,Bedroom,151,11B,61,2022-05-04,05:54,0,,In My Head,2017-01-12,58,17,92,18,0,10,-14,A Major,4,2nr9WZdKntw9a5muEC3gOk,QZ4JJ1725439,1
75,do ya like x resonance,lucid,123,5A,50,2022-05-16,02:22,10,,do ya like x resonance,2022-04-10,65,14,90,74,0,40,-13,C Minor,5,2XYildQe3IDgL5D0fVnHj2,QZHN42211214,1
76,unlock it x better off alone,Dorian Papiez,151,3A,91,2022-05-16,03:23,0,,unlock it x better off alone,2022-04-05,66,10,0,54,0,50,-6,A#/B♭ Minor,4,5uvjcAAv183WUQdKHaCEjs,QZHN32211540,1
77,falling in love. - 2022 Remastered Version,Tekko,154,7B,84,2022-05-16,02:17,0,,falling in love. (2022 Remastered Version),2022-02-25,54,35,78,39,0,10,-14,F Major,4,49JtDTzEnoIQ4WFcA5Xm9m,SE5752230034,1
78,Hayloft II,Mother Mother,178,8A,87,2022-05-22,03:35,75,,Inside (Deluxe),2022-01-28,33,0,0,17,10,0,-5,A Minor,4,0kYMwaQWABTkFff8AZjmYI,CAW112100716,2
79,evil empire,stevie vicious,155,5A,46,2022-06-05,01:54,35,,evil empire,2021-06-21,61,4,0,20,0,30,-11,C Minor,4,6weOGG6GFGbrn8WMTDPvEb,QZHNC2169704,1
80,Lost in the Fire (feat. The Weeknd),"Gesaffelstein,The Weeknd",101,10B,67,2022-06-05,03:22,82,,Hyperion,2019-03-08,66,9,0,17,0,10,-12,D Major,4,2vXKRlJBXyOcvZYTdNeckS,USQX91803314,1
81,YOU ARE WEAK (INTRO),framed,143,3B,46,2022-06-05,01:40,0,,YOU ARE WEAK (INTRO),2020-08-06,58,18,97,97,0,10,-17,C♯/D♭ Major,4,0OfNnNhLieVGgWCTI3OxUX,QZK6Q2137041,1
82,uhh - alternative version,framed,113,11A,41,2022-06-05,01:23,0,,uhh (alternative version),2021-05-12,42,51,1,24,0,10,-16,F#/G♭ Minor,4,1t47MgaiRLMnwIbp2rdsGn,USLZJ2173125,1
83,Never,"Mag.Lo,O Super",110,8A,64,2022-06-05,06:24,15,,Never,2016-02-01,52,83,52,11,10,10,-7,A Minor,3,7fwE3Nr0RsTzYOocfu2XbV,TCACL1689548,1
84,Freak Show,"Punkinloveee,H3artcrush",138,1A,83,2022-06-05,02:05,2,"hyperpop, ",Freak Show,2020-06-09,67,1,0,68,10,40,-6,G#/A♭ Minor,4,2Rb6nYmuLEblpq4KIAjngL,QZHN62062201,1
85,suicide yr,framed,103,10B,43,2022-06-05,01:36,0,,suicide yr,2021-08-21,64,95,93,16,0,10,-16,D Major,4,6kxSdpF11gTbGDAhYxWQKc,QZMEM2102663,1
86,Are You Satisfied?,MARINA,124,8B,73,2022-06-09,03:21,66,,The Family Jewels,2009-07-15,67,32,0,80,0,0,-5,C Major,4,411Hvulc0PrGQLOHljTYed,GBFFS0900114,1
87,Fitzpleasure,alt-J,144,11B,59,2022-06-24,03:39,0,"indie, indie rock",An Awesome Wave,2012-05-28,58,14,0,36,0,10,-7,A Major,4,29BwQ7fHY8PMkVH5kj5Htr,GBZUZ1100059,1
88,Something About You,"Eyedress,Dent May",133,8A,78,2022-06-27,02:33,46,,Mulholland Drive,2021-08-27,65,3,1,82,0,30,-9,A Minor,4,6RiiSy9GzSwiyDEJDiMuKe,GBMYF2000174,1
89,Show Me How,Men I Trust,166,7B,27,2022-06-27,03:35,3,"bedroom pop, indie pop",Show Me How,2018-02-28,79,67,53,54,0,10,-12,F Major,4,01TyFEZu6mHbffsVfxgrFn,TCADM1873570,1
90,cigarettes out the window,yvel,135,4B,60,2022-07-02,02:47,0,,cigarettes out the window,2022-04-06,52,9,0,70,10,10,-8,G#/A♭ Major,4,1hW3HDmBKAXzUnHtKXHzgr,QZHN32229367,1
91,shootout - sped up + reverb,"pearl,fast forward >>,Tazzy",102,8A,49,2022-07-03,04:07,0,"hypertechno, nightcore, hardstyle",shootout - sped up + reverb,2022-06-17,60,25,56,56,0,10,-14,A Minor,4,71mpFh6dS6wx3nAXj2MZbZ,GX5MX2282298,1
92,Burning Pile,Mother Mother,140,7B,76,2022-07-08,04:22,2,,O My Heart,2008-09-23,52,6,0,17,0,10,-4,F Major,4,0zMAvsQmaQ4DGsmXtKixpn,CAL450882102,2
93,I Was Never There,"The Weeknd,Gesaffelstein",113,6B,74,2022-07-08,04:01,83,,"My Dear Melancholy,",2018-03-30,32,14,0,16,0,10,-4,A#/B♭ Major,4,1cKHdTo9u0ZymJdPGSh6nq,USUG11800570,2
94,Stargirl Interlude,"The Weeknd,Lana Del Rey",180,4A,47,2022-07-08,01:51,75,,Starboy,2016-11-25,64,35,19,44,10,10,-13,F Minor,4,4EDijkJdHBZZ0GwJ12iTAj,USUG11601002,1
95,Ancient Dreams in a Modern Land,MARINA,138,3A,79,2022-07-08,03:26,63,,Ancient Dreams In A Modern Land,2021-06-11,58,2,0,64,0,30,-5,A#/B♭ Minor,4,1R1ihosU2CSEaSw8e5ZF6E,USAT22101355,1
96,Man's World,MARINA,110,4A,71,2022-07-08,03:27,57,,Ancient Dreams In A Modern Land,2021-06-11,50,40,0,23,0,0,-6,F Minor,4,6qXM63MqfsATteIuCVMXvu,USAT22001218,1
97,everything i wanted,Billie Eilish,120,11A,23,2022-07-13,04:05,84,,everything i wanted,2019-11-13,70,90,66,24,10,10,-14,F#/G♭ Minor,4,3ZCTVFBt2Brf31RLEnCkWJ,USUM71922577,1
98,She Knows (feat. Amber Coffman & Cults),"J. Cole,Cults,Amber Coffman",118,3B,74,2022-07-16,04:56,75,"rap, dubstep, dub",Born Sinner (Deluxe Version),2013-06-18,77,2,8,18,0,20,-10,C♯/D♭ Major,4,0Fs9cdPDhptWEDJmiCbkEW,USQX91301184,1
99,NDA,Billie Eilish,85,4B,37,2022-07-16,03:15,75,,Happier Than Ever,2021-07-30,77,34,53,55,0,10,-10,G#/A♭ Major,4,38GBNKZUhfBkk3oNlWzRYd,USUM72105935,5
100,Redchinawave,zzx3rown,141,3B,66,2022-07-23,04:50,0,,Redchinawave,2022-07-06,62,23,85,34,0,20,-9,C♯/D♭ Major,4,10oVG58tgVtot84E6rYL9q,QZK6G2236913,1
101,Molly,Mindless Self Indulgence,160,4A,81,2022-07-28,01:44,0,,Tighter,2011-04-26,68,1,1,81,20,30,-5,F Minor,4,1kTZ1aERsOBTrihsDdGFNn,US2421119806,1
102,No Surprises,Radiohead,76,7B,39,2022-08-03,03:49,87,"art rock, alternative rock",OK Computer,1997-05-28,26,6,0,12,0,10,-11,F Major,4,10nyNJ6zNy2YVYLrcwLccB,GBAYE9700386,6
103,#BrooklynBloodPop!,SyKo,132,12A,81,2022-08-06,02:25,2,hyperpop,#BrooklynBloodPop!,2020-07-27,69,2,0,51,10,30,-4,C♯/D♭ Minor,4,7K9Z3yFNNLv5kwTjQYGjnu,QZK6Q2049800,1
104,Play Date,Melanie Martinez,124,7B,73,2022-08-06,02:59,80,,Cry Baby (Deluxe Edition),2015-08-14,68,61,0,45,0,20,-5,F Major,4,4DpNNXFMMxQEKl7r0ykkWA,USAT21502465,1
105,DIVE IN! - SPED UP!,JELEEL!,175,1B,80,2022-08-10,01:20,0,rage rap,DIVE IN! (SPED UP! / SLOWED REVERB!),2021-05-21,60,0,15,53,10,40,-5,B Major,4,1I3DclkIlscxB8FjPpocCI,QZJ842001883,1
106,Government Hooker // Sped up > <,Strwzns,165,9B,72,2022-08-13,02:08,0,,Government Hooker // Sped up > <,2022-07-07,55,3,69,43,30,30,-7,G Major,4,1GoH9LY5tJY9pATxh3RJLE,MX2832260549,1
107,Transgender,Crystal Castles,138,9B,91,2022-09-01,03:04,58,"witch house, electroclash, new rave, alternative dance",(III),2012-01-01,52,0,85,4,0,20,-8,G Major,3,26ZzSLUJMmYp5u1hDELEWH,GBUM71206689,1
108,Bloody Mary,Lady Gaga,100,8A,63,2022-09-01,04:04,76,"art pop, pop",Born This Way (International Special Edition Version),2011-05-23,59,1,0,44,0,10,-6,A Minor,4,53jnnqFSRGMDB9ADrNriCA,USUM71106449,1
109,METAMORPHOSIS - Sped Up,INTERWORLD,112,10A,69,2022-09-09,01:50,61,"phonk, drift phonk, brazilian phonk",METAMORPHOSIS (Sped Up),2022-06-24,68,47,90,14,0,10,-11,B Minor,4,6MlIIJwO4FxnOlrpOrS4hU,QM6N22261650,1
110,Why'd You Only Call Me When You're High?,Arctic Monkeys,92,10B,63,2022-09-13,02:41,87,"indie, garage rock",AM,2013-09-09,69,5,0,80,0,10,-6,D Major,4,086myS9r57YsLbJpU0TgK9,GBCEL1300370,3
111,Me and Your Mama,Childish Gambino,118,7B,43,2022-09-13,06:19,2,," Awaken, My Love! ",2016-12-02,55,1,4,24,0,0,-13,F Major,3,31tf1qEai5o5f4r66Kd0pU,USYAH1600102,1
112,Crystals,Isolate.exe,100,1B,73,2022-09-14,02:19,65,"phonk, drift phonk",Crystals,2022-01-28,69,44,66,13,0,0,-10,B Major,4,2BH3j05ZXWr5PR30sW079d,QZFYZ2295706,1
113,Wild Horse,Darci,92,11A,53,2022-09-14,02:36,63,dark r&b,Long Days Away EP,2021-10-08,63,0,0,28,10,0,-8,F#/G♭ Minor,4,2wgBBqtX5x2UfcJItChy3H,QM24S2105899,1
114,Rosyln,"Bon Iver,St. Vincent",160,3A,28,2022-09-15,04:49,76,art pop,The Twilight Saga: New Moon (Original Motion Picture Soundtrack),2009-10-16,33,97,2,12,0,10,-13,A#/B♭ Minor,3,4k7x3QKrc3h3U0Viqk0uop,USAT20903243,1
115,Come Over (Again),Crawlers,93,10B,71,2022-09-17,04:14,57,,Crawlers - EP,2021-10-29,50,0,0,24,0,0,-8,D Major,4,4PDJDIdWxNN1AlnbrKkoPf,GB8MX2100935,1
116,After Dark x Sweater Weather,Ahri,140,4B,61,2022-09-17,04:48,0,,After Dark x Sweater Weather,2022-08-23,48,5,2,5,0,10,-10,G#/A♭ Major,4,5drMnds5Li20IwjUOoN4nq,QZNWT2200121,1
117,NEW MAGIC WAND,"Tyler, The Creator",140,4A,73,2022-09-17,03:15,78,,IGOR,2019-05-17,62,10,0,46,10,60,-5,F Minor,4,0fv2KH6hac06J86hBUTcSf,USQX91901115,1
118,Dark Beach,Pastel Ghost,130,9B,92,2022-09-17,03:42,3,"witch house, darkwave",Abyss,2015-03-10,53,28,59,15,0,0,-7,G Major,4,5QmdK8QFbY8TLVKPuJzexD,QM6XS1704798,1
119,4 Morant,marble fade,172,1B,78,2022-09-17,02:52,8,,4 Morant,1999-01-04,35,11,6,47,40,30,-3,B Major,4,4EJ0QCufCKaCMFrlpN35ws,QZNWU2290194,1
120,Deceptacon,Le Tigre,160,9A,86,2022-09-21,03:04,81,"riot grrrl, queercore, electroclash",Le Tigre,1999-10-26,60,6,0,62,0,10,-3,E Minor,4,5773KSWFzg9kCc8yazjbSt,TCABE1211301,1
121,Heathens,Twenty One Pilots,90,9A,48,2022-10-10,03:15,60,,Suicide Squad: The Album,2016-08-05,74,9,0,56,0,10,-6,E Minor,4,3vZM2544ETmOCCHuBPZRzm,USAT21601930,1
122,Judas,Lady Gaga,131,3A,93,2022-10-16,04:09,84,"art pop, pop",Born This Way (International Special Edition Version),2011-05-23,66,0,0,53,0,20,-4,A#/B♭ Minor,4,7F25roCtYi55JouckaayPC,USUM71104998,1
123,Genesis,Grimes,166,3A,68,2022-11-07,04:15,75,art pop,Visions,2012-03-12,61,8,7,23,0,20,-7,A#/B♭ Minor,4,0yljUudXzjVcGEoYmLB17X,CA21O1200002,1
124,Oblivion,Grimes,156,10B,53,2022-11-07,04:11,73,art pop,Visions,2012-03-12,70,12,90,49,0,0,-9,D Major,4,4BY4V1T0RJK1HmD2Q0ClyK,CA21O1200003,1
125,My Love,Still,135,8A,43,2022-11-07,01:11,0,,My Love,2022-10-04,54,4,0,61,0,40,-14,A Minor,4,5CqGUEYDnCrUxqqk5siUpX,AEA0D2218083,1
126,Romantic Homicide,d4vd,132,2B,54,2022-11-10,02:12,85,,Romantic Homicide,2022-07-20,57,45,1,22,0,30,-11,F#/G♭ Major,4,1xK59OXxi2TAAAbmZK0kBL,QZMEM2232831,2
127,Murder In My Mind,Kordhell,120,6B,97,2022-11-10,02:25,76,"phonk, drift phonk",Murder In My Mind,2022-01-21,71,1,0,57,10,10,-1,A#/B♭ Major,4,6qyS9qBy0mEk3qYaH8mPss,QM4TW2218315,1
128,Gilded Lily - Sped Up,Cults,137,11B,59,2022-11-15,03:12,0,,Offering,2022-10-26,42,49,0,11,0,10,-6,A Major,4,5fqusHbZRDZrLikLiFwWTq,QM8QH2000855,1
129,Pacify Her,Melanie Martinez,158,8A,59,2022-11-17,03:40,76,,Cry Baby (Deluxe Edition),2015-08-14,58,5,0,37,0,20,-6,A Minor,4,360Wr96ywrCQq4kTAJ8Pq6,USAT21501941,2
130,Cigarettes out the Window,TV Girl,114,8B,66,2022-11-20,03:18,86,,Who Really Cares,2016-02-25,63,12,0,59,0,10,-6,C Major,4,6QeYSvYqYUsfBzsApbjDHO,USCGH1682129,2
131,No Role Modelz,J. Cole,100,3A,52,2022-11-25,04:52,88,rap,2014 Forest Hills Drive,2014-12-09,69,32,0,49,30,0,-8,A#/B♭ Minor,4,68Dni7IE4VyPkTOH9mRWHr,USQX91402598,1
132,Who Is She ?,I Monster,153,12A,80,2022-11-30,03:33,71,,Neveroddoreven,2005-01-27,39,8,1,10,0,0,-4,C♯/D♭ Minor,4,1QxcWlk8PivolUaWcpAoNq,GBDKA0300194,1
133,Pop Star,Coco & Clair Clair,128,8B,67,2022-12-04,03:04,64,,Sexy,2022-11-04,89,20,0,94,10,10,-7,C Major,4,0widrZ6KVNuIPhbM1rWPDR,QZNWU2092283,1
134,"Tag, You're It",Melanie Martinez,115,4A,84,2022-12-09,03:09,73,,Cry Baby (Deluxe Edition),2015-08-14,56,24,2,38,0,10,-6,F Minor,4,3u1FiuSpfsgVnekEMXgMwJ,USAT21501939,1
135,,,110,10A,41,2022-12-13,00:00,0,,Driver Forever (Remix),2022-09-10,76,28,75,26,0,10,-13,B Minor,4,3aUp8zNlOTMDgleonAsp0j,,1
136,immortal,Brad,120,4B,52,2022-12-18,02:40,0,,immortal,2022-10-20,64,1,0,6,0,20,-6,G#/A♭ Major,4,1wQK2WQgK2YwZCFpzogZmR,QZTB22290281,1
137,Treehouse,"Alex G,Emily Yacina",73,6A,20,2023-01-01,02:38,78,lo-fi indie,Treehouse,2011-01-17,61,71,32,14,0,10,-19,G Minor,4,7fyG2MquxykO3Ufiku1Dj2,TCAFZ2296401,1
138,Shootout,"Izzamuzzic,Julien Marchal",87,10B,58,2023-01-20,04:55,66,,Shootout,2022-06-30,66,31,91,55,0,10,-9,D Major,4,4pTkDIlpFNoeWbahu8pVXW,US3DF2266823,1
139,SPIT IN MY FACE!,ThxSoMch,94,4B,79,2023-02-04,02:27,80,,SPIT IN MY FACE!,2022-12-20,73,5,2,65,0,10,-7,G#/A♭ Major,4,1N8TTK1Uoy7UvQNUazfUt5,USAT22223103,1
140,Blow My Brains Out,Tikkle Me,145,11B,88,2023-02-06,03:42,46,,Tikkle Me,2010-03-23,55,9,0,55,0,60,-6,A Major,4,4ZlQzskKkK4jsbcqO96luB,SELHA1000406,1
141,The Family Jewels,MARINA,112,7A,55,2023-02-12,04:05,64,,The Family Jewels (Deluxe),2010-02-15,78,68,0,52,0,10,-5,D Minor,4,6o8ELmIvIxADEZnRWmDjjM,GBFFS0900130,1
142,BANKAI,DXNT L13,200,12B,97,2023-02-12,01:55,50,"phonk, drift phonk",BANKAI,2022-08-19,51,9,85,65,20,50,-8,E Major,3,33sPNJZxIi4Qq9jy4rACPJ,FRX452223270,1
143,RAVE,Dxrk ダーク,120,4B,75,2023-02-12,02:49,70,"phonk, drift phonk",RAVE,2022-03-18,72,24,85,34,0,10,-6,G#/A♭ Major,4,01kfSdF9zfcDLri5sSWEoL,QM4TX2201027,1
144,7 Weeks & 3 Days,yungatita,130,10A,73,2023-02-15,03:14,0,,Over You,2020-01-03,61,24,14,66,0,20,-9,B Minor,4,0yABdzMcJpRkKhVKXjfcUk,USA2P1963750,1
145,A New Kind Of Love - Demo,"Frou Frou,Imogen Heap,Guy Sigsworth",133,11B,49,2023-02-16,04:19,80,,A New Kind Of Love (Demo),2022-04-08,67,17,0,33,0,10,-13,A Major,4,3fuyYaLhZ2RoP9eWpvfP1H,GBJPX2100355,1
146,Checkmate,Conan Gray,151,3B,72,2023-03-11,02:28,59,,Kid Krow,2020-03-20,51,7,0,70,30,10,-4,C♯/D♭ Major,4,3SnpCALgmzVy7k07aAXbuA,USUM71911108,1
147,good 4 u,Olivia Rodrigo,167,11B,66,2023-03-11,02:58,85,,SOUR,2021-05-21,56,34,0,69,10,0,-5,A Major,4,4ZtFanR9U6ndgddUvNcjcG,USUG12101245,1
148,Pray For Me,"The Weeknd,Kendrick Lamar",101,10B,68,2023-04-11,03:31,78,"hip hop, west coast hip hop",The Highlights,2021-02-05,73,9,0,20,0,10,-5,D Major,4,6huNf4dutXRjJyGn7f5BPS,USUM71800001,1
149,Christmas Kids,Roar,152,10B,75,2023-05-07,02:15,2,,I Can't Handle Change,2010-03-14,43,1,11,56,0,40,-6,D Major,4,40gk32E7YaTFoQwDIWv2SY,USHM81020599,1
150,Not Allowed,TV Girl,105,3B,91,2023-05-07,02:47,85,,Who Really Cares,2016-02-25,67,67,0,56,10,30,-7,C♯/D♭ Major,4,3IznIgmXtrUaoPWpQTy5jB,USCGH1682131,1
151,WASTE,KXLLSWXTCH,132,9B,12,2023-05-10,02:00,72,trap metal,DISORDER,2021-10-29,63,86,0,11,0,10,-14,G Major,4,4NgherJDfCXWBZBYheM4jK,USUYG1393224,1
152,Girl of My Dreams,Guti,139,6B,34,2023-05-11,03:42,0,,Girl of My Dreams,2019-12-14,57,79,40,5,0,0,-16,A#/B♭ Major,4,5ERQFMCgW9JO5EWqwWGpmO,TCAEO1957086,1
153,Goth,Sidewalks and Skeletons,115,3B,70,2023-05-14,03:27,77,"witch house, darkwave",White Light,2015-03-05,56,0,59,17,0,10,-9,C♯/D♭ Major,4,0uMZbmAAgOhdMrv25iPEH6,USCGH1585915,1
154,GOOD LOYAL THOTS,Odetari,146,2B,86,2023-05-24,01:42,0,hyperpop,GOOD LOYAL THOTS,2023-03-15,59,6,0,61,10,10,-5,F#/G♭ Major,4,6PadQidABni2peo3kYKW0M,QZES92330937,2
155,NARCISSISTIC PERSONALITY DISORDER,Odetari,152,1B,93,2023-05-24,01:50,70,hyperpop,NARCISSISTIC PERSONALITY DISORDER,2023-04-01,51,1,0,32,30,10,-4,B Major,4,6lDJ0CkQ6LdQv5EUQ39rpg,QZHN62339350,1
156,LOOK DON’T TOUCH (w/ cade clair),"Odetari,cade clair",125,9A,72,2023-05-24,02:18,69,"hyperpop, jersey club",LOOK DON’T TOUCH (w/ cade clair),2023-05-17,69,5,14,46,0,10,-12,E Minor,4,7E9kejvFw8NDfuu4y3hqkp,QZVFR2301356,1
157,The Lost Soul Down,NBSPLV,112,4B,74,2023-05-24,03:12,69,,The Lost Soul Down,2015-12-09,72,1,90,76,0,10,-7,G#/A♭ Major,4,5dPy1CCYQ04xaQHpajf5CY,FRX452396093,1
158,ICEWHORE!,Lumi Athena,174,3A,92,2023-05-24,01:19,61,"hyperpop, jersey club",ICEWHORE!,2023-03-24,40,2,37,7,0,10,-6,A#/B♭ Minor,4,0RgKtaVv27Nff2y29qaD8W,QZQAY2364546,1
159,Blah Blah Blah (feat. 3OH!3),"Kesha,3OH!3",120,6B,84,2023-05-24,02:52,69,,Animal (Expanded Edition),2010-01-01,75,8,0,52,10,40,-3,A#/B♭ Major,4,7lWUJpax919G4JdaFEVmCy,USRC10900738,1
160,D r u n k S k e l e t o n s,Every Rockkstar,82,2A,89,2023-05-24,02:36,0,,D r u n k S k e l e t o n s,2023-05-01,60,29,0,88,20,30,-7,D#/E♭ Minor,4,3YOeDIDHdjPY6HNgQzBbzP,QZK6Q2347940,1
161,I'll Do It - Sped Up,Six Dior,130,3B,88,2023-05-24,03:06,0,,I'll Do It (Sped Up),2023-03-30,56,0,71,10,0,10,-5,C♯/D♭ Major,4,6INDKxX12rYH57eni40ubE,GX8LD2359489,1
162,i'm yours sped up,Isabel LaRosa,129,6A,75,2023-05-24,02:07,66,,i'm yours,2022-10-28,39,11,0,64,10,50,-8,G Minor,1,4sFGNz4MYpGoz53ZGCwsiE,USRC12203969,1
163,Hands up!,"6arelyhuman,kets4eki,Pixel Hood",153,12A,88,2023-06-07,02:15,0,"hyperpop, nightcore",Sassy Scene,2023-03-03,54,0,0,75,10,20,-3,C♯/D♭ Minor,4,0Vqaw7CxyURWaRI9gNJthb,QZTB32254226,1
164,GOOD LOYAL THOTS,Odetari,146,2B,86,2023-06-24,01:42,74,hyperpop,GOOD LOYAL THOTS,2023-03-15,59,6,0,61,10,10,-5,F#/G♭ Major,4,06tNJ27nVxbDwhiQMChWyr,QZES92330937,2
165,I Know - PR1SVX Edit,"Kanii,PR1ISVX",134,10A,76,2023-06-24,02:13,69,jersey club,I Know (PR1SVX Edit),2023-03-24,67,8,47,11,0,30,-8,B Minor,4,3vcLw8QA3yCOkrj9oLSZNs,USWB12301125,1
166,Suffocation - Slowed,noturgf,103,3A,66,2023-06-27,01:04,2,,Suffocation (Slowed),2023-03-27,56,0,14,51,0,20,-6,A#/B♭ Minor,4,15uq77MdhAjrnBuumngIsz,GX8LD2394853,1
167,Lost Souls,LARO,112,5A,87,2023-06-29,02:00,0,,Lost Souls,2023-05-14,79,14,39,87,0,10,-5,C Minor,4,24VGfLuUuLFgum4GfbaRFP,TCAHC2350994,1
168,Empathy,Crystal Castles,110,6A,91,2023-06-29,04:09,54,"witch house, electroclash, new rave, alternative dance",Crystal Castles (II),2010-01-01,51,13,46,33,0,40,-6,G Minor,4,3nr48k3PusaqNAmWaGcdfv,GBUM71001708,3
169,HEAVEN AND BACK,Chase Atlantic,194,3A,79,2023-06-30,04:08,1,,PHASES,2019-06-28,31,9,9,53,0,0,-6,A#/B♭ Minor,4,5dewQ7ojISR32NAYNHFYWC,QMRSZ1900604,2
170,Untitled #13,glwzbll,150,9B,97,2023-07-01,01:55,57,phonk,Untitled #13,2023-04-04,60,1,89,55,0,0,-5,G Major,4,1YXV3fSpNgxXSfhsEgRmtb,RUA1D2328942,1
171,Hair Cut,Xdinary Heroes,130,10A,94,2023-07-01,03:25,0,"k-rock, k-pop, noise music",Overload,2022-11-11,68,1,0,52,0,30,-2,B Minor,4,4ZYSJfjSuR1XqcUPaTxjuG,US5TA2200115,1
172,Happy Death Day,Xdinary Heroes,130,8A,84,2023-07-01,03:40,0,"k-rock, k-pop, noise music",Happy Death Day,2021-12-06,68,2,0,42,0,10,-3,A Minor,4,3a4VCqofc7Wf7cqfZYu2Ad,US5TA2100121,1
173,Strawberry Cake,Xdinary Heroes,200,5A,67,2023-07-01,03:38,0,"k-rock, k-pop, noise music","Hello, world!",2022-07-20,48,6,0,69,0,30,-4,C Minor,4,6E8EAroyZLFR80NO8Ucliy,US5TA2200070,1
174,Trance (with Travis Scott & Young Thug),"Metro Boomin,Travis Scott,Young Thug",119,12A,55,2023-07-01,03:14,84,"rap, trap, melodic rap",HEROES & VILLAINS,2022-12-02,77,18,0,49,30,10,-8,C♯/D♭ Minor,4,5wG3HvLhF6Y5KTGlK0IW3J,USUG12208787,1
175,Too Many Nights (feat. Don Toliver & with Future),"Metro Boomin,Future,Don Toliver",88,6A,67,2023-07-01,03:19,85,"rap, ",HEROES & VILLAINS,2022-12-02,57,19,0,14,0,10,-4,G Minor,4,2Hh3ETdQKrmSI3QS0hme7g,USUG12208784,1
176,XTAYALIVE,"jnhygs,9lives",203,11A,87,2023-07-01,02:06,0,"jersey club, hyperpop",XTAYALIVE,2023-02-22,25,0,0,25,10,40,-5,F#/G♭ Minor,5,1JjiTsqfpfMoukoIW9cM5O,QZDA72377904,1
177,Go (Xtayalive 2),"Kanii,9lives",135,11A,80,2023-07-01,01:46,67,"jersey club, hyperpop",Go (Xtayalive 2),2023-04-28,60,0,0,24,0,10,-5,F#/G♭ Minor,4,1slDsIJxew9AOOA3v0xFzn,USWB12301992,1
178,SMOKE IT OFF!,"Lumi Athena,jnhygs",148,4B,82,2023-07-01,01:57,0,"hyperpop, jersey club",SMOKE IT OFF!,2023-04-30,43,0,0,29,0,50,-7,G#/A♭ Major,4,0mRaXMf9wwtkcW62t7zPm7,QZTB32217762,1
179,vampire heart,"Isak Roen,Key Kelly",140,3A,74,2023-07-01,02:24,62,,vampire heart,2023-02-21,32,0,87,21,0,10,-6,A#/B♭ Minor,5,6Ql2mpc1EbGp0GI6CbaGT4,QZDA82339573,1
180,XTAYALIVE (Sped Up),"jnhygs,9lives",119,1A,86,2023-07-01,01:49,0,"jersey club, hyperpop",XTAYALIVE (Remixes),2023-02-27,55,0,0,50,0,30,-5,G#/A♭ Minor,3,3kT9d883WaRCyzvDyRTagb,USANG2271401,1
181,The Lost Soul Down - Speed Up,NBSPLV,128,2A,63,2023-07-01,02:48,53,,The Lost Soul Down (Speed Up),2023-05-12,67,3,92,75,0,20,-9,D#/E♭ Minor,4,63mfuLcmuEQbaXXCgjL3gs,FRX762326805,1
182,I'll Do It,Heidi Montag,113,3B,88,2023-07-01,03:30,72,,Superficial,2010-01-11,83,1,54,62,0,0,-4,C♯/D♭ Major,4,3RpCFxfsccNPDTWd3ALMaB,US2RS0910019,1
183,Hands up! - Slowed,"6arelyhuman,kets4eki,Pixel Hood",130,3A,94,2023-07-01,02:38,0,"hyperpop, nightcore",Hands up! (Slowed),2023-02-27,60,0,0,75,0,20,-4,A#/B♭ Minor,4,5QysgWndNifZvQ6RSjZVcZ,QZES52366800,1
184,die,"lucidbeatz,Key Kelly",135,9A,74,2023-07-01,01:39,52,,die,2023-03-03,41,0,74,34,0,10,-10,E Minor,4,4ZIam3omF73NPEKufXiTvi,QZTLA2301933,1
185,party addict,"kets4eki,Nosgov,kojo",137,11B,96,2023-07-01,02:05,0,"hyperpop, nightcore, breakcore",party addict,2023-05-01,53,0,0,22,0,30,-2,A Major,4,1fp1tsLHqwy1Aj40GVyqVX,QZK6Q2348729,1
186,YOU'RE TOO SLOW,Odetari,162,10A,75,2023-07-01,01:56,59,hyperpop,YOU'RE TOO SLOW,2023-03-29,53,0,0,32,20,20,-5,B Minor,4,5EloqweGioDEbqiGXTYWgE,QZHN52367603,1
187,Sticky Rice (feat. Germ),"Lil Gnar,MadeinTYO,Germ",172,4A,78,2023-07-01,03:25,0,"melodic rap, horrorcore, trap metal, emo rap",Sticky Rice (feat. Germ),2018-06-05,39,1,0,78,30,30,-8,F Minor,4,2QG6sy6xFILDbmLXYTUJGW,USJ3V2163145,1
188,CRYSTALS,PR1SVX,157,11A,67,2023-07-01,01:08,0,"jersey club, phonk",CRYSTALS,2023-03-18,48,2,83,58,0,20,-13,F#/G♭ Minor,4,5bYFgV2KMMC6IVQ2gUyMGg,QZES82323878,1
189,AEAO,"Dynamicduo,DJ Premier",153,10B,76,2023-07-01,05:16,75,"k-rap, k-pop, east coast hip hop",A Giant Step,2014-07-16,45,6,0,58,10,10,-6,D Major,4,3TPvrMAd1hbPRXuHCRX0Pl,KRA381208477,2
190,Blicky,Fresh X Reckless,155,11B,81,2023-07-01,02:11,0,,Blicky,2023-01-11,61,0,0,56,0,10,-6,A Major,4,5udNN5hwk870U9dk7a0nHe,TCAGT2316203,1
191,vacation,Dj Mich,118,12A,29,2023-07-01,04:31,0,,vacation,2023-01-12,64,25,92,47,10,20,-17,C♯/D♭ Minor,4,0dDUScCQOFWbHk9ZAbHMwm,SE5XG2192401,1
192,SPINBACK,Eibell,130,1B,49,2023-07-01,01:22,0,,SPINBACK,2022-10-21,68,61,0,24,10,50,-10,B Major,4,3NDgRxQsoaJYJZjdUdqLXl,QZRP42220206,1
193,Never Felt So Alone,Labrinth,98,7B,41,2023-07-01,02:40,72,,Ends & Begins,2023-04-28,44,50,0,36,0,30,-4,F Major,3,6unndO70DvZfnXYcYQMyQJ,USSM12302165,1
194,Elastic Heart,Sia,130,11B,79,2023-07-18,04:17,81,,1000 Forms Of Fear,2014-07-04,42,1,0,50,0,10,-5,A Major,4,6kwAbEjseqBob48jCus7Sz,USRC11400976,1
195,Suffocation,Crystal Castles,120,1B,70,2023-08-02,04:00,42,"witch house, electroclash, new rave, alternative dance",(II),2011-01-01,55,0,6,15,0,20,-6,B Major,4,6GaBzGqQSA6GWfIxR5R98J,GBUM71001709,1
196,Emo Boy,Ayesha Erotica,134,10A,69,2023-08-12,02:34,0,hyperpop,Big Juicy,2016-04-20,70,1,0,60,10,20,-12,B Minor,4,0hVcvZOYo5vAOrtx7Yimxu,DEKB72082811,1
197,GMFU (w/ 6arelyhuman),"Odetari,6arelyhuman",126,1B,78,2023-08-29,02:07,73,hyperpop,GMFU (w/ 6arelyhuman),2023-07-26,74,0,3,28,0,0,-3,B Major,4,4D1k6x4MXTaSnljSvAXhaf,QZVFR2301503,1
198,The Hills X Creepin X The Color Violet,LonelyEve,121,12A,52,2023-09-04,03:17,66,,The Hills X Creepin X The Color Violet,2022-12-31,68,1,0,21,0,20,-8,C♯/D♭ Minor,4,5qpXZ45eZA3VX3qe76tmqh,GX8KD2306821,1
199,Spin Back x Collide,Losenn,98,1A,43,2023-09-04,01:55,53,,Spin Back x Collide,2021-01-01,75,17,0,51,0,50,-10,G#/A♭ Minor,4,20qEnjLN3sS456or3A0Yv6,QZLBC2301540,1
200,Werk Spinback,"Dj Panda Boladao,High Phantom",130,12A,40,2023-09-05,01:23,0,"phonk, ",Werk Spinback,2023-01-20,70,34,11,15,10,50,-17,C♯/D♭ Minor,4,6aivVq3OxtCJ1dxYmCirCp,QZRP52133389,1
201,I LOVE YOU HOE (w/ 9lives),"Odetari,9lives",152,3B,56,2023-09-07,02:06,67,"hyperpop, jersey club",3x3,2023-07-12,48,0,0,4,0,10,-8,C♯/D♭ Major,4,0NaUT74rJ0NHS62fewzatU,QZVFR2301453,1
202,XOXO (Kisses Hugs),"6arelyhuman,horrormovies,Pixel Hood",118,10A,94,2023-09-07,02:10,0,hyperpop,XOXO (Kisses Hugs),2022-09-19,59,3,0,83,0,10,-2,B Minor,4,7ezCLOpKZ2mg5FBLpWtsvg,SE6XW2283148,1
203,"Sun Down, I'm Up","Lil Yawh,Cryjng",100,1A,29,2023-09-16,01:55,60,,"Sun Down, I'm Up",2019-03-15,77,61,93,11,0,10,-13,G#/A♭ Minor,4,3H55CCf05tqTMGUG9Bm2ug,QZES51965703,1
204,Feeling Righteously Yummy,932sounds,82,4A,59,2023-09-19,02:24,0,,Feeling Righteously Yummy,2023-09-01,61,3,0,29,0,10,-11,F Minor,4,3Yzt4jqpclt7rJ7fNAAlim,QZTAU2349245,1
205,Forget,Pogo,108,1A,74,2023-09-22,02:44,58,plunderphonics,Kindred Shadow,2015-06-11,83,14,93,98,0,10,-8,G#/A♭ Minor,4,26xgfuQnTaa5UQJhdQACz6,TCACG1550645,1
206,Mama's Boy,Dominic Fike,79,11B,35,2023-09-23,02:35,76,,Sunburn,2023-07-07,81,15,71,60,0,10,-8,A Major,4,0b6xZk9f96N77BfmYWnQNC,USQX92301820,2
207,Build a Bitch,Bella Poarch,103,5B,46,2023-09-24,02:02,69,,Build a Bitch,2021-05-14,86,22,0,87,0,30,-7,D#/E♭ Major,4,7BoobGhD4x5K96Me0hqC8Q,USWB12101016,1
208,INFERNO,"Sub Urban,Bella Poarch",128,8A,61,2023-09-24,02:13,68,,HIVE,2022-06-03,82,8,0,64,10,0,-5,A Minor,4,6e2YNCn1sP5eqnUe17vtxv,USWB12101521,1
209,Heartbeat,Childish Gambino,120,12A,55,2023-09-25,04:29,8,,Camp,2011-11-15,80,0,0,29,10,0,-7,C♯/D♭ Minor,4,0zo4aX57COch7Wh3NRImTM,USYAH1100351,1
210,Les,Childish Gambino,103,12A,67,2023-09-25,05:17,8,,Camp,2011-11-15,54,1,0,12,0,20,-7,C♯/D♭ Minor,4,0YsGMHid6sFq5PcToe3JZE,USYAH1100353,1
211,bad idea right?,Olivia Rodrigo,130,11B,88,2023-09-26,03:04,80,,GUTS,2023-09-08,63,0,0,81,10,0,-4,A Major,4,3IX0yuEVvDbnqUwMBB3ouC,USUG12304094,1
212,Revenge,XXXTENTACION,140,10A,25,2023-09-30,02:00,82,emo rap,17,2017-08-25,75,78,0,18,20,10,-16,B Minor,4,5TXDeTFVRVY7Cvt0Dw4vWW,USUYG1156895,1
213,FΛSHION,Britney Manson,120,6B,65,2023-10-01,02:26,2,,FΛSHION,2023-08-11,75,0,0,25,0,70,-6,A#/B♭ Major,4,4YQgOgIElFtEvwJQ9ArWL7,RUB862300027,1
214,Let It Happen,Tame Impala,125,12A,88,2023-10-01,07:47,87,"neo-psychedelic, indie",Currents,2015-07-17,60,0,3,58,0,10,-6,C♯/D♭ Minor,4,2X485T9Z5Ly0xyaghN73ed,AUUM71500292,1
215,Sweet About Me,Gabriella Cilmi,132,2B,70,2023-10-04,03:22,60,,Lessons To Be Learned,2008-01-01,67,6,0,59,0,10,-5,F#/G♭ Major,4,5wznxkB792LjSRdbZ1J1zo,GBUM70709626,1
216,Step On Me,The Cardigans,90,10B,47,2023-10-04,03:50,78,swedish pop,First Band On The Moon (Remastered),1996-01-01,33,1,0,14,0,0,-6,D Major,4,6ZaiqbV2GfUtrUlhsu58fN,SEBKB9629370,1
217,Lovefool,The Cardigans,112,11B,64,2023-10-04,03:13,85,swedish pop,First Band On The Moon (Remastered),1996-01-01,70,3,0,89,0,30,-6,A Major,4,7aQjPecQdIuNd1sz3KCDhD,SEBKB9629380,1
218,ecstacy,SUICIDAL-IDOL,132,3B,86,2023-10-04,01:36,67,hyperpop,ecstacy,2022-02-18,50,1,0,71,0,50,-7,C♯/D♭ Major,4,2CIlKt4lRwAAUx5fYgCBxN,QZDA52266310,1
219,ecstacy (slowed),SUICIDAL-IDOL,106,10B,68,2023-10-04,01:59,77,hyperpop,ecstacy (slowed),2023-06-06,55,2,0,20,0,30,-7,D Major,4,1JgknGBbrfmEHeOZH051SS,QZK6F2330686,1
220,Yummy x Righteous,"Rohith Pai Kasturi,Kaushal Shekhawat,IAMPRANN",82,3B,62,2023-10-09,02:41,0,"desi hip hop, ",Yummy x Righteous,2023-10-02,59,0,88,30,0,20,-9,C♯/D♭ Major,4,0o3RogEsXESLnCDyO3lprk,IEWNY2315850,1
221,SWORDS,Essimou,127,3B,66,2023-10-15,01:33,0,,SWORDS,2023-06-10,94,0,90,67,0,10,-7,C♯/D♭ Major,4,1JWX9zU8IeXOwxNDGQs1eW,QZMEM2321425,1
222,Monëy so big,Yeat,138,10B,57,2023-10-15,02:40,73,rage rap,Up 2 Më,2021-09-10,69,12,0,35,0,10,-8,D Major,4,4Se3fXoHJkcraQzJXo2IYn,USLD91734275,1
223,VOID,Melanie Martinez,100,11B,66,2023-10-18,04:07,54,,VOID,2023-03-29,72,18,4,42,0,10,-7,A Major,4,1QvvLc5UihfQ2nOxzhjuek,USAT22220418,1
224,money so big (fast),Zephyr,159,12B,40,2023-10-19,02:19,0,,money so big (fast),2022-08-12,48,0,94,96,0,10,-8,E Major,4,2Eh4JaG7nE2AR0a2AT7rpx,QZES52235577,1
225,No More Tears,Ozzy Osbourne,103,2B,75,2023-10-23,07:24,80,"metal, glam metal, heavy metal, hard rock",No More Tears (Expanded Edition),1991-09-17,35,0,0,32,0,60,-7,F#/G♭ Major,4,7w6PJe5KBPyvuRYxFkPssC,USSM19100025,1
226,Sleepwalker - Slowed,"akiaura,LONOWN,STM",99,8B,81,2023-10-24,04:18,68,"witch house, electroclash, phonk",Sleepwalker (Slowed),2023-07-14,56,1,37,10,0,10,-6,C Major,4,5cjRF0yXxYvqzmJfUbq9AW,DGA062346464,1
227,Applause,Lady Gaga,140,6A,78,2023-10-26,03:32,80,"art pop, pop",ARTPOP,2013-11-11,67,3,0,74,0,10,-4,G Minor,4,5ka2ajep9OAvU5Sgduhiex,USUM71310271,1
228,HYPNOTIC DATA,Odetari,136,10A,62,2023-11-07,02:08,62,hyperpop,XIII SORROWS,2023-09-13,77,2,74,25,0,10,-6,B Minor,4,26wxtmoH4uPUF1n5VlPxMc,QZVFR2301571,1
229,SHAKE THAT SHIT!,"jnhygs,cade clair,ProdByAbnormal",144,3A,97,2023-11-03,02:35,56,"jersey club, hyperpop, philly club",SHAKE THAT SHIT!,2023-06-14,45,1,0,23,30,80,-3,A#/B♭ Minor,4,0zPlzJewGJ8iIxia2bEWDN,QZQAY2354017,1
230,Say Yes To Heaven x Shootout,"Julien Marchal,Izzamuzzic,RACH",87,11A,49,2023-11-06,02:34,51,,Say Yes To Heaven,2023-07-07,58,50,72,49,0,10,-12,F#/G♭ Minor,4,1Wi6fIQbFqvkfaW66qo4kq,QM3DF2252504,1
231,Empathy - Slowed & Reverb,Ren0wned,175,3A,80,2023-11-10,05:13,0,,Empathy (Cover Remake),2023-08-08,50,23,77,33,0,20,-7,A#/B♭ Minor,4,3YxhZZf7uMKxniB0Jf74nY,GX3HH2361540,1
232,MULLET DADDY,XXKATUSJINSUX,137,3B,34,2023-11-21,01:37,42,,MULLET DADDY,2021-10-01,42,1,20,14,0,30,-17,C♯/D♭ Major,4,7bGITgoXmRYOlNgR1ug638,QZKUS2149423,1
233,Teen Titans - Sped Up,XXKATUSJINSUX,192,9A,45,2023-11-21,01:15,45,,Teen Titans,2022-10-26,65,0,57,85,10,20,-9,E Minor,4,1ZtBN4BqluWIkAf0GrsKvG,QZRP42261810,1
234,Money Trunk,Shiryu.,140,1B,61,2023-12-07,01:25,0,,Money Trunk,2022-06-30,67,1,75,47,0,20,-9,B Major,4,20PtgAlG0wcKJhsuNqN5zp,QZNJZ2209440,1
235,GET GONE! - Alt Version,"Axxad,SAINTLYSILAS",132,3A,60,2023-12-15,02:51,0,"hyperpop, ",GET GONE! (Alt Version),2022-04-16,94,0,0,32,0,0,-8,A#/B♭ Minor,4,7nMTOUHxZEJASq2MYfM26m,QZHN62200330,1
236,Pretty Rave Girl,S3RL,175,9A,99,2024-02-13,06:03,62,"happy hardcore, nightcore, hyperpop",Old Skool Masters - S3RL,2007-00-00,43,1,5,31,10,10,-5,E Minor,4,3G1SVODcssMmS5YM5G3tun,GBTWT0900865,1
237,Team,Iggy Azalea,100,12B,69,2024-02-17,03:29,60,,Team,2016-03-18,89,5,0,22,0,60,-5,E Major,4,2bocAPQcUTLUXx8lAOTiK3,USUM71602349,1
238,prettygrunge.wav,Artemas,134,12B,67,2024-03-01,01:59,37,,if u think i'm pretty,2024-03-01,41,77,0,40,0,20,-4,E Major,4,1Z8El2HrGJH7flCLq4Q8bH,QZJ842004261,1
239,CLEARED - Remix,Lilithzplug,130,10A,59,2024-03-08,02:06,64,,Meet The Lilithz,2023-06-10,63,69,5,46,0,0,-9,B Minor,4,54L7uacUGRkvoLokUlNWfH,QZMEM2334518,1
240,Ginseng Strip 2002,Yung Lean,115,3B,71,2024-03-18,02:33,76,cloud rap,Lavender,2013-08-16,60,8,0,39,0,40,-9,C♯/D♭ Major,4,7v3rmoy5jcn4h5UqwQyCM3,SEY491300006,1
241,Faster n Harder,6arelyhuman,140,9B,98,2024-03-25,02:03,3,hyperpop,Faster n Harder,2024-02-28,48,1,0,48,20,20,-2,G Major,4,3qaMprRWLGggArD14diXYz,QZZ4J2400085,1
242,YOU'RE TOO SLOW (Bonus),Odetari,162,10A,75,2024-03-25,01:56,63,hyperpop,DOOR TO DUSK,2023-12-06,53,0,0,32,20,20,-5,B Minor,4,3QV4m1LpUixah1Ab2woVxl,QZHN52367603,1
243,TIPSY,MISS LUXURY,130,2B,94,2024-03-25,03:52,0,hyperpop,THE BIMBO DIARIES (BONUS TRACK EDITION),2021-02-09,64,9,0,72,0,70,-6,F#/G♭ Major,4,2SC5P8SD80albBk6l6uY7o,QZSYP2252329,1
244,Emo Boy,"gauthydies4u,serioity,dead2u",134,10A,60,2024-03-26,02:34,0,,Emo Boy,2024-03-22,68,1,0,60,10,20,-15,B Minor,4,5Y6XSXKQThkUxOSZx9m5mW,QZZ662469137,1
245,Jealous Girl,Lukas Ruth,134,11A,72,2024-03-26,02:49,3,,Jealous Girl,2023-07-24,72,1,0,71,0,20,-8,F#/G♭ Minor,4,2pEPPPRq63JuRyxkrgxc3y,GBWUL2359510,1
246,Never Be Alone,Shadrow,140,5B,69,2024-03-26,03:00,72,,Never Be Alone,2016-01-23,63,3,0,78,0,10,-8,D#/E♭ Major,4,3Mi2DxVPiT7j2EHdxOFCg3,uscgh1634802,1
247,bounce (i just wanna dance),"фрози,joyful",130,5A,95,2024-04-01,01:47,61,,bounce,2023-05-29,54,1,62,53,0,10,-6,C Minor,4,7zirrBlMqY5UD6DIQa0Lut,QZK6H2357238,1
248,I'm God,"Clams Casino,Imogen Heap",142,10B,64,2024-04-02,04:37,77,"cloud rap, ",Instrumental Relics,2020-04-24,53,7,76,9,0,10,-7,D Major,4,0FVuyC9RP5MACjp4lgU3qZ,QM24S2003584,1
249,i like the way you kiss me,Artemas,152,1B,95,2024-04-02,02:22,81,,i like the way you kiss me,2024-03-19,60,0,1,75,0,0,-4,B Major,4,2GxrNKugF82CnoRFbQfzPf,QZJ842400387,1
250,The Lost Soul Down X Lost Soul,NBSPLV,90,8B,48,2024-04-12,02:31,75,,The Lost Soul Down X Lost Soul,2023-08-18,78,17,91,44,0,10,-10,C Major,4,0kbBU3ey5IkKwPvDHXJOry,DGA082313648,1
251,Crazy Girls,TOOPOOR,90,4A,66,2024-04-18,03:14,66,,Crazy Girls,2019-02-08,66,4,0,48,0,70,-4,F Minor,4,6cSDNYoWlMxzVfJLn6H301,UKELY1800162,1
252,One Chance,MoonDeity,95,9B,95,2024-04-19,02:11,59,"phonk, drift phonk",One Chance,2023-01-13,71,0,82,28,0,10,-4,G Major,4,1RDxavHcARHSsw46Mz2hbJ,QM4TW2304777,1
253,Yummy,Ayesha Erotica,91,3B,91,2024-04-22,02:39,0,hyperpop,Yummy,2018-00-00,71,1,0,61,30,0,-2,C♯/D♭ Major,4,29CclqaZIRaCMBBOl7jA1n,DEKB72083159,1
254,Altyn,framed,152,6B,40,2024-05-22,01:40,50,,Altyn,2022-08-10,70,61,86,47,0,10,-18,A#/B♭ Major,4,5rMSlJaH154fjEfDadFpF8,QZNWY2212190,1
255,End Of Line (But Better),XXKATUSJINSUX,74,3B,46,2024-05-23,03:20,0,,End Of Line (But Better),2023-02-17,42,0,90,10,0,40,-12,C♯/D♭ Major,4,3pVVQsP6XAVtFyXvQvYUxd,QZDA72338930,1
256,our work is never over extended remix,Níquel,88,4B,50,2024-05-23,02:52,0,,our work is never over extended remix,2023-01-15,44,0,79,5,0,20,-10,G#/A♭ Major,4,7G6mt1ZsaPTTac1IdY3Ped,BXIV82347710,1
257,L’AMOUR DE MA VIE [OVER NOW EXTENDED EDIT],Billie Eilish,145,9A,66,2024-06-02,04:31,67,,L’AMOUR DE MA VIE [OVER NOW EXTENDED EDIT],2024-05-21,68,0,2,78,0,0,-7,E Minor,4,2Y6U158gVXfvqNWOLdis0R,USUM72405871,1
258,dancing while the world burns,adore,120,1B,54,2024-06-06,02:32,61,,dancing while the world burns,2023-06-29,70,10,89,36,10,10,-8,B Major,4,3MF3Zj7bYl1PdARlzqfwYC,QZK6G2354965,1
259,Wasted (Nightcore) [Bass Boosted],"Murkish,Huken,harmony haven",94,11B,85,2024-07-04,03:00,0,witch house,Wasted,2022-07-28,60,0,6,44,0,10,-3,A Major,4,1CPSRRXGTQVgc1DIRWmLcg,QZMEP2275543,1
260,void - super slowed,isq,195,10B,95,2024-11-07,01:41,68,"phonk, brazilian phonk",void,2024-08-23,52,0,83,18,0,10,-1,D Major,4,4Pxm8GR4lQT1WnhvN2qNvx,QZTB72492370,1
261,PUNK TACTICS,Joey Valence & Brae,98,3B,97,2024-11-07,02:23,74,,PUNK TACTICS,2023-09-08,69,2,0,51,30,0,-2,C♯/D♭ Major,4,2jQ1P0aGT4WkNyJCeoQnb9,TCAGD2268922,1
262,Righteous,Mo Beats,82,4A,78,2024-11-07,02:43,63,,Righteous,2022-03-29,43,0,87,13,0,10,-8,F Minor,4,1xZCK1MXhE4EkHGYENzP9U,QZES82296241,1
263,Psycho Dreams (Sped Up),"Kill Eva,ENCASSATOR",158,4A,60,2024-11-07,02:03,54,,Psycho Dreams (Sped Up),2023-03-17,29,0,93,14,0,60,-6,F Minor,4,6yt46G7lWn0oC2FEZZDsi6,AUMEV2330238,1
264,SLAY!,Eternxlkz,130,3B,77,2024-11-23,01:47,76,"phonk, brazilian phonk",SLAY!,2024-03-15,68,9,73,50,0,10,-5,C♯/D♭ Major,4,67smGwuPEtA6GAfeweAVNO,QM4TX2453776,1
265,BRODYAGA FUNK,Eternxlkz,130,10A,74,2024-11-23,02:14,68,"phonk, brazilian phonk",BRODYAGA FUNK,2023-11-17,59,27,97,59,0,20,-3,B Minor,4,2V3hsJU3bTOATih0Fm4aDp,QMFMF2345384,1
266,ENOUGH!,Eternxlkz,130,2A,58,2024-11-23,01:30,62,"phonk, brazilian phonk",ENOUGH!,2023-12-15,74,4,83,84,0,20,-5,D#/E♭ Minor,4,3bVJS1FUUkx3RmmmOVoeK2,QMFMG2333846,1
267,2 PHUT HON FUNK,H11T,128,9A,71,2025-01-11,02:25,0,phonk,2 PHUT HON FUNK,2024-12-06,70,48,65,41,20,50,-7,E Minor,4,696WZiOJPeszFQkYAdA7Ql,NLRD52263963,1
268,Angel,"Massive Attack,Horace Andy",107,9B,31,2025-02-03,06:19,81,"trip hop, downtempo, roots reggae, dub, reggae, rocksteady, lovers rock, ragga",Mezzanine,1998-01-01,71,2,81,7,0,0,-11,G Major,4,7uv632EkfwYhXoqf8rhYrg,GBAAA9800327,1
269,EYES ON ME,asteria,143,10A,91,2025-02-12,01:56,2,hyperpop,EYES ON ME,2024-03-06,37,0,1,48,0,60,-3,B Minor,4,4keoRXcdwFkP8OzuJQ3ScK,QZZ4J2400097,1
270,!Francheskaar! - Sped Up,altered,143,8A,78,2025-05-27,03:05,35,,!Francheskaar!,2025-01-27,72,1,0,73,30,10,-8,A Minor,4,2qYea7y9x4yple6kH8heOP,GX8KD2559192,1
271,radar,lil hero,138,4A,79,2025-05-27,02:22,59,hyperpop,pawwwfect!,2023-07-28,56,2,0,43,0,20,-6,F Minor,4,218EsnPhF2Fk5jA9fDqKSj,USA2P2330128,1
272,Feel It,Ayesha Erotica,119,9B,38,2025-05-27,02:30,63,hyperpop,Feel It,2023-06-27,82,1,54,73,0,40,-13,G Major,4,5IckKkhTzIupKyRMyAc4WO,DEKB72084184,1
273,Vixen,Ayesha Erotica,124,6B,72,2025-05-27,03:23,58,hyperpop,Vixen,2023-07-19,66,17,13,53,10,50,-7,A#/B♭ Major,4,5MEcmq1PG6BSrpGKestK1Z,BX4IU2334492,1
274,Dead Inside,АДЛИН,127,10B,68,2025-06-07,02:04,71,"phonk, drift phonk",Dead Inside,2021-10-27,90,7,22,42,0,0,-8,D Major,4,0EPK3XVvgbe8q0KrS7nEiY,SMRUS0069872,1
275,Close Eyes,DVRST,96,8B,57,2025-06-07,02:12,71,"phonk, drift phonk",Close Eyes,2021-05-25,78,7,84,21,0,10,-10,C Major,4,3CLSHJv5aUROAN2vfOyCOh,QZHN82186053,1
276,Beast (feat. Waka Flocka),"Mia Martina,Waka Flocka Flame",135,4B,50,2025-06-08,03:09,79,,Beast (feat. Waka Flocka),2015-04-07,71,7,0,26,0,30,-7,G#/A♭ Major,4,3mMjFf10PfJyvHHTyQYYdj,CACA61400032,1
277,A Little Bit Harder Now,She Wants Revenge,120,9B,75,2025-06-20,02:54,73,"darkwave, gothic rock",Up and Down,2009-09-22,77,0,0,91,0,10,-3,G Major,4,5td7LYTivVH0MXXwin8QvE,USI4R0911563,1
278,HEAVY LOVE,Odetari,118,3B,69,2025-08-16,02:22,70,hyperpop,VARIA 0.5,2025-06-03,51,0,0,12,0,10,-4,C♯/D♭ Major,4,1gS8gU93CLLk8LqRbGEj0T,QZZ4J2500018,1
279,Pitbull Terrier,Die Antwoord,124,10B,63,2025-08-19,03:40,71,,Donker Mag,2014-06-03,71,0,3,38,0,50,-7,D Major,4,4Zl4u5XQLxs9FQCSR040eJ,GBWWP1400371,1
280,Hate.,ThxSoMch,95,1B,83,2025-09-08,02:14,71,,Hate.,2023-02-14,64,0,4,74,0,0,-7,B Major,4,2XynYulas10Wmef4Gqrxw9,USAT22301370,1
281,poster boy,2hollis,111,11A,96,2025-10-23,02:01,80,"hyperpop, electroclash",2,2023-05-11,68,8,0,91,0,0,-1,F#/G♭ Minor,4,0Gz4Q1Bmyef5yA0G6LIIQZ,USUYG1488297,1
282,Heavenly,Cigarettes After Sex,105,4B,44,2025-11-12,04:46,81,dream pop,Cry,2019-10-25,54,68,67,13,0,10,-9,G#/A♭ Major,4,5E02BgqYNN9VzafXrYP6Np,USBQU1900118,3
283,welcome and goodbye,"Dream, Ivory",140,5A,72,2025-11-20,02:20,80,,welcome and goodbye,2018-03-31,58,2,76,66,0,0,-5,C Minor,4,00RLNHc2jkEjUoCUlFgPVT,QM42K1745830,1
284,NASTY! - Slowed,ZYZZCVNT,172,3B,46,2025-11-30,01:59,42,tekno,NASTY!,2025-09-12,76,0,84,22,0,0,-9,C♯/D♭ Major,4,30WIJtZVv9ZXqztRLkhgP8,GXF972567413,1
285,Kavkaz,starly,184,10A,91,2026-02-10,02:31,79,,Kavkaz,2025-12-20,81,0,94,86,60,30,-3,B Minor,4,7yoqSltRmGVlJF34OdLyZG,AEA3P2501990,1
286,time alone w u,Artemas,106,4B,78,2026-02-13,02:12,62,,time alone w u,2025-12-26,51,0,3,33,0,10,-6,G#/A♭ Major,4,5l8XXqPtwQQ28ThnjaDUh5,QZJ842509950,1
287,Imperfect Girl,"ThxSoMch,thekid.ACE",118,2A,79,2026-02-23,02:50,60,,Imperfect Girl,2022-10-14,77,31,0,62,0,20,-7,D#/E♭ Minor,4,3B2hdjmWoNNMFSfNgsi8Ph,USAT22314121,1
288,After Dark x Sweater Weather,mikeeysmind,140,4B,65,2026-02-23,04:48,68,,After Dark x Sweater Weather,2023-06-01,49,4,1,4,0,10,-10,G#/A♭ Major,4,05WC9MzJ6PDggbD6D8Ifzr,SE5XG2347007,1
1,ride,wave to earth,156,10B,46,2026-04-09,03:48,60,,summer flows 0.02,2020-08-04,41,9,0,29,0,10,-7,D Major,4,292o94drp4IqtnS9iK65lg,KRMIM2021577,2
2,Tsunami,NIKI,143,10B,21,2026-04-09,03:51,46,indonesian r&b,Tsunami,2024-07-26,36,84,46,34,0,10,-15,D Major,3,5T9RiaaXbVUQdIG3hLmZDY,QM6MZ2405486,1
3,Oceans & Engines,NIKI,95,3B,31,2026-04-09,05:36,47,indonesian r&b,Oceans & Engines,2022-07-08,48,64,0,7,0,0,-9,C♯/D♭ Major,4,6H6ldB48HrWYQlMuVJbGHk,ZZOPM2234425,1
4,nouvelle vague,wave to earth,90,11A,69,2026-04-09,03:49,40,,nouvelle vague,2021-11-24,46,28,0,48,0,20,-8,F#/G♭ Minor,4,6AjBYdnigpUohH3z0l8hxi,KRA252102205,2
5,Apple Cider,beabadoobee,138,10B,92,2026-04-09,02:58,78,bedroom pop,Loveworm,2019-04-26,49,8,1,68,0,30,-4,D Major,4,5xA5MggKc3aQxuOzNzPUWB,GBK3W1901010,1
6,Back To Me,The Marías,144,11B,49,2026-04-09,03:34,80,bedroom pop,Back To Me,2025-04-04,46,47,3,24,0,10,-9,A Major,4,4E0P1xs3JNmsNr5c5nFTZJ,USAT22501082,1
7,Cinnamon Girl,Lana Del Rey,92,11A,34,2026-04-09,05:00,89,,Norman Fucking Rockwell!,2019-08-30,29,81,41,14,0,10,-11,F#/G♭ Minor,5,2mdEsXPu8ZmkHRRtAdC09e,GBUM71903147,3
8,cardigan,Taylor Swift,130,5A,58,2026-04-09,03:59,86,,folklore,2020-07-24,61,54,0,55,0,20,-9,C Minor,4,4R2kfaDFhslZEMJqAFNpdd,USUG12002836,3
9,ゆめうつつ,Lamp,93,10B,13,2026-04-09,05:15,67,"shibuya-kei, japanese indie, city pop",ランプ幻想,2008-12-03,35,99,46,8,0,0,-17,D Major,4,1GTC0DN9LGOdP0NdvoHyX7,JPG100800130,1
10,Oras,Calein,80,12A,52,2026-04-09,04:20,64,"opm, harana, pinoy indie, parang, kundiman",Oras,2020-03-06,56,31,19,37,0,10,-9,C♯/D♭ Minor,4,77KU2ntd4vA44tIf2qGArD,PHV032010961,1
11,몽상,Switcbak,150,8B,42,2026-04-09,03:57,0,"k-ballad, k-rock",A Spacetime Odyssey,2023-09-04,58,51,0,41,0,30,-12,C Major,4,4tFNoRBvPTOCak7CevlCxd,TCAHJ2370167,1
12,1:05,The Black Skirts,88,12B,67,2026-04-09,04:00,60,k-rock,TEAM BABY,2017-05-30,64,37,0,55,0,10,-7,E Major,4,4bjNOhOMvqFPflwHIaS7Fw,KRA401700138,2
13,Wings,jungumul,76,12B,37,2026-04-09,05:14,25,,Wings,2022-11-29,71,67,1,31,0,0,-8,E Major,4,248PxpBNuftxSD0CKliYtN,KRNAR2232956,1
14,Ruin The Friendship,Taylor Swift,160,9B,69,2026-04-14,03:40,79,,The Life of a Showgirl,2025-10-03,63,45,0,67,0,10,-6,G Major,4,62V2ZHslgQV98gH4AuVXnr,USUG12506441,1
15,masshiro (pure white),Fujii Kaze,125,6A,69,2026-04-14,04:54,55,j-pop,masshiro (pure white),2025-02-27,67,27,10,72,0,10,-10,G Minor,4,00WTRpkXPTms4ah74VurQi,JPPO02500384,1
16,Last Train At 25 O'clock,Lamp,130,1B,74,2026-04-14,04:23,60,"shibuya-kei, japanese indie, city pop",For Lovers,2004-02-11,60,50,0,71,0,30,-6,B Major,4,3VPBPBZKxQu3bqeuzz8gRm,JPG100400503,1
1,"Farewell, Neverland",TOMORROW X TOGETHER,168,12A,65,2023-10-27,03:00,63,k-pop,The Name Chapter: TEMPTATION,2023-01-27,62,36,0,79,10,10,-6,C♯/D♭ Minor,4,43mnNatwMMydJ4CxMdQVnJ,USA2P2243435,1
2,La Equivocada,CNCO,90,1B,75,2023-10-27,03:18,43,"reggaeton, latin",La Equivocada,2022-04-07,81,2,0,66,0,10,-3,B Major,4,4hM1rUoUrthsX8D4BH74MO,USSD12200250,1
3,Kiss,NCT DOJAEJUNG,92,9B,80,2023-10-27,03:00,54,k-pop,Perfume - The 1st Mini Album,2023-04-17,67,17,0,71,10,30,-3,G Major,4,6iirdwpyu2Ohg3iVdu4vXl,KRA302300107,3
4,Fact Check,NCT 127,130,4A,91,2023-10-27,03:04,1,"k-pop, noise music",Fact Check - The 5th Album,2023-10-06,76,8,0,57,10,20,-3,F Minor,4,5EtiQveQFQy0R05hLVDyKv,KRA302300304,2
5,Delete,Katie Angel,174,5A,59,2023-10-27,02:59,27,,Delete,2020-02-14,75,29,0,49,30,20,-3,C Minor,4,2PtslNzmSnoB3pmYCOqSNo,TCAEP2068732,1
6,Cinderella,EXO,105,8A,71,2023-10-27,02:34,46,k-pop,EXIST – The 7th Album,2023-07-10,76,24,0,57,0,10,-3,A Minor,4,7I5GXijbz8XNZjbn45t8bu,KRA302300248,1
7,Poison,NCT DREAM,135,1A,61,2023-10-27,03:32,0,"k-pop, noise music",ISTJ - The 3rd Album,2023-07-17,64,6,0,59,0,30,-4,G#/A♭ Minor,4,0JelY23AS8fyxqGT9kkibH,KRA302300214,1
8,Tattoo,Loreen,150,2A,78,2023-10-27,03:03,80,europop,Tattoo,2023-02-25,55,24,0,30,0,10,-6,D#/E♭ Minor,4,1DmW5Ep6ywYwxc2HMT5BG6,SEUM72201638,1
9,Water,Tyla,117,2A,72,2023-10-27,03:20,85,afrobeats,Water,2023-07-28,67,9,0,52,0,10,-3,D#/E♭ Minor,4,5aIVCx5tnk0ntmdiinnYvw,USSM12305126,1
10,Candy,Plan B,96,10A,87,2023-10-27,03:27,75,reggaeton,Love and Sex,2014-09-09,90,25,0,59,10,50,-4,B Minor,4,2cRtuTadVm0JzoW4NNTIqI,USB271311099,1
11,Candy (Feat. Zion.T),"Jay Park,Zion.T",104,4B,71,2023-10-27,03:06,43,"k-rap, k-pop, k-ballad",Candy,2023-05-23,58,12,0,65,20,10,-7,G#/A♭ Major,4,0luFANDtNNjcBXKazh3dV8,KRMIM2351969,1
12,Chupón,"El Gudi,Yeri Mua,Jey F,Alan Dazmel,Oviña",196,4B,75,2023-10-27,03:21,58,"reggaeton mexa, son jarocho, electro corridos",Chupón,2023-08-25,73,16,0,93,20,10,-7,G#/A♭ Major,4,3lev2QW3nUHNuxrVstVEGj,PYC842302802,1
13,Paradinha,Anitta,180,10A,78,2023-10-27,02:21,57,"brazilian pop, funk pop, brazilian funk, funk carioca",Paradinha,2017-05-31,70,1,19,87,0,0,-5,B Minor,4,05rJdH2MRLJ3sQoEUO78qs,BRWMB1700282,1
14,Nirvana (feat. pH-1 & WDBZ),"KANGDANIEL,pH-1,WDBZ",111,6A,83,2023-10-27,03:39,34,"k-pop, k-rap, ",The Story : RETOLD,2022-11-24,62,3,0,32,0,10,-4,G Minor,4,36DcCSKGShF6p3h2JMcPDg,KRB462201360,1
15,Sacrifice (Eat Me Up),ENHYPEN,69,5A,73,2023-10-27,03:22,68,k-pop,DARK BLOOD,2023-05-22,54,44,0,53,0,10,-5,C Minor,4,58ItBuVuKc03DvqSeZFnH1,USA2P2319854,1
16,Brinca,"Cazzu,Young Miko",138,9B,66,2023-10-27,02:26,52,"argentine trap, trap latino, turreo",Brinca,2023-04-06,89,15,0,56,20,0,-4,G Major,4,2T9GW5NdmBnz5ZlDkmMZZS,QM4TX2371490,1
17,Miami,"CNCO,Beéle",98,3A,70,2023-10-27,03:45,42,"reggaeton, latin, latin afrobeats",Miami,2022-08-24,80,23,0,60,0,50,-4,A#/B♭ Minor,4,0969BXUHWVqlmZa7zhuuRV,USSD12200732,1
18,Life Is Still Going On,NCT DREAM,150,5A,75,2023-10-27,03:38,65,"k-pop, noise music",Hello Future - The 1st Album Repackage,2021-06-28,68,16,0,68,0,30,-3,C Minor,4,3THdOskGxdJcRbp0DcS4s0,KRA302100219,1
19,"Countdown (3, 2, 1)",NCT DREAM,107,3A,90,2023-10-27,03:34,45,"k-pop, noise music",Hot Sauce - The 1st Album,2021-05-10,73,14,0,61,10,0,-4,A#/B♭ Minor,4,5ngy93w3QaZl3mN9YinIux,KRA302100149,1
20,Talk Saxy,RIIZE,89,4A,59,2023-10-27,03:10,47,k-pop,Talk Saxy,2023-10-27,71,11,0,57,0,10,-6,F Minor,4,2cEwQnP4284g37N6D7ETND,KRA302300398,2
21,PADO,NCT U,96,11A,77,2023-10-27,02:58,50,"k-pop, noise music",Golden Age - The 4th Album,2023-08-28,65,2,0,80,20,0,-4,F#/G♭ Minor,4,6CenEp6o0RDrWwe38VFvaB,KRA302300283,1
22,Super Bowl -Japanese ver.-,Stray Kids,80,10B,88,2023-10-27,03:05,50,"k-pop, noise music",Super Bowl -Japanese ver.-,2023-08-10,81,1,0,45,20,0,-3,D Major,4,74zvsuvIImK08x0SyRdw78,JPU902303290,1
23,MOMMAE (Feat. Ugly Duck),"Jay Park,Ugly Duck",94,8B,69,2023-10-27,03:24,70,"k-rap, k-pop",WORLDWIDE,2015-11-05,69,23,0,68,20,10,-5,C Major,4,1LNlfvPQmB0cqYJQQskZ8x,KRA351505941,2
24,BOX,NCT DREAM,99,12A,79,2024-04-07,02:50,0,"k-pop, noise music",DREAM( )SCAPE,2024-03-25,73,23,0,36,0,10,-3,C♯/D♭ Minor,4,4I95uQMtIwg7779WEDy8Mc,KRA302400039,1
25,Breathing,NCT DREAM,158,1B,75,2024-04-07,04:13,0,"k-pop, noise music",DREAM( )SCAPE,2024-03-25,66,17,0,40,10,10,-5,B Major,4,0PXc6KmjeUEc39MOTmjEMq,KRA302400042,1
26,Carat Cake,NCT DREAM,156,1A,76,2024-04-07,02:32,0,"k-pop, noise music",DREAM( )SCAPE,2024-03-25,74,14,0,59,20,10,-5,G#/A♭ Minor,4,1rmfuohSVfLQF3nPiSd1ja,KRA302400040,1
27,Magnetic,ILLIT,131,2B,67,2024-04-07,02:40,83,k-pop,SUPER REAL ME,2024-03-25,80,26,0,69,0,0,-6,F#/G♭ Major,4,1aKvZDoLGkNMxoRYgkckZG,USA2P2413259,2
28,When I'm With You,NCT DREAM,117,6B,90,2024-11-14,03:31,48,"k-pop, noise music",DREAMSCAPE,2024-11-11,75,1,0,55,0,30,-4,A#/B♭ Major,4,2wzhZgSDjWgwB618a6eeua,KRA302400291,1
29,ÁNGEL,"Grupo Frontera,Romeo Santos",128,1B,60,2024-11-14,03:04,16,"cumbia norteña, banda, norteño, música mexicana, corrido, corridos tumbados, grupera, tejano, ranchera, bachata, latin",ÁNGEL,2024-07-25,83,29,0,87,0,10,-5,B Major,4,4JtKlgBLKHtRTqixKHrrw8,DGA082404215,1
30,Mantra,JENNIE,117,3A,73,2024-11-14,02:16,73,k-pop,Mantra,2024-10-10,89,0,0,84,0,0,-5,A#/B♭ Minor,4,2CspwnypzT7rcWI9RfsoSb,USQX92405226,1
31,Necio (feat. Carlos Santana),"Romeo Santos,Carlos Santana",115,3B,68,2024-11-14,04:24,80,"bachata, latin, ","Fórmula, Vol. 2 (Deluxe Edition)",2014-02-25,87,36,0,88,0,0,-5,C♯/D♭ Major,4,3DKWF8is9hzp84aSxnhlag,USSD11300471,1
32,La Boda,Aventura,130,8A,63,2024-11-14,04:49,72,bachata,God's Project,2005-04-26,77,59,0,77,0,70,-7,A Minor,4,2jQeX1fMZo5z82w3BviN5x,US83W0500027,1
33,Bad Girls Like You,Tobii,100,9A,61,2024-11-14,03:06,69,"t-pop, thai pop, thai hip hop",Bad Girls Like You,2024-08-29,71,5,0,56,0,20,-7,E Minor,4,23EDUpNbiKcDwhUf9kBRo8,THUM72400080,1
34,Smoke,JAEHYUN,127,11B,67,2024-11-14,02:49,52,,J - The 1st Album,2024-08-26,56,9,0,43,30,60,-5,A Major,5,5TvEmwYx56gqksISSMqgzk,KRA302400234,2
35,Roses,JAEHYUN,99,3A,48,2024-11-14,02:48,56,,J - The 1st Album,2024-08-26,48,39,0,58,0,10,-6,A#/B♭ Minor,4,1caThyEzTgp9LS3yneZSOO,KRA302400232,1
36,Moonstruck,ENHYPEN,88,9A,63,2024-11-14,02:38,77,k-pop,ROMANCE : UNTOLD,2024-07-12,64,23,0,35,0,10,-6,E Minor,4,3gYWGRS64XrGSrjD3vvtga,USA2P2436969,1
37,Fatal Trouble,ENHYPEN,89,6A,74,2024-11-14,02:50,71,k-pop,DARK MOON SPECIAL ALBUM <MEMORABILIA>,2024-05-13,53,5,0,30,0,10,-4,G Minor,4,6i1PYoUEMHqxAsAUKHkqpe,USA2P2419394,1
38,Pineapple Slice,BAEKHYUN,99,8B,76,2024-11-14,03:15,56,k-pop,"Hello, World - The 4th Mini Album",2024-09-06,63,5,0,54,0,10,-5,C Major,4,13U2hhhgeN57hffBCuaUcw,ZZA0P2408254,1
39,Whiplash,aespa,126,3A,90,2024-11-14,03:03,75,k-pop,Whiplash - The 5th Mini Album,2024-10-21,86,10,2,75,0,0,-3,A#/B♭ Minor,4,3coRPMnFg2dJcPu5RMloa9,KRA302400341,2
40,Mil Veces,Anitta,130,12A,71,2024-11-14,02:34,55,"brazilian pop, funk pop, brazilian funk, funk carioca",Funk Generation,2024-04-26,82,26,0,50,0,10,-2,C♯/D♭ Minor,4,4ykqiczrn3FPNVMKVd0wXh,USUG12307259,1
41,Let Me Love You,"DJ Snake,Justin Bieber",200,4B,72,2024-11-14,03:25,92,,Encore,2016-08-05,48,9,0,16,0,10,-5,G#/A♭ Major,4,0lYBSQXN6rCTvUZvg9S0lU,QMZSY1600015,1
42,Sal y Perrea - Remix,"Sech,Daddy Yankee,J Balvin",90,6A,96,2024-11-14,03:46,55,"reggaeton, urbano latino, latin",Sal y Perrea (Remix),2021-09-30,82,16,0,73,0,20,-1,G Minor,4,1mG8VynhqySA52bALfYrvO,QM9WM2100065,1
43,Magnetic,"MONSTA X,Sebastian Yatra",111,4A,65,2024-11-14,03:06,47,"k-pop, noise music, colombian pop, reggaeton",Magnetic,2019-12-20,84,4,0,68,0,0,-5,F Minor,4,4ZtiN13yPgoDtQB8TkIrv1,USUM71923339,1
44,Somebody,Jung Kook,106,12A,68,2024-11-14,02:48,75,k-pop,GOLDEN,2023-11-03,65,29,0,26,0,10,-6,C♯/D♭ Minor,4,5KfJvZ0PZzRdwFRaTUDAA7,USA2P2348395,1
45,LOVE ME RIGHT,EXO,110,8B,83,2024-11-14,03:25,64,k-pop,LOVE ME RIGHT - The 2nd Album Repackage,2015-06-03,63,0,0,76,0,10,-2,C Major,4,1kFevEv3s7Gf6o5xSDR5DL,KRA301500281,1
46,Igloo,KISS OF LIFE,140,10A,61,2024-11-14,02:11,74,k-pop,Lose Yourself,2024-10-15,92,17,0,87,20,0,-4,B Minor,4,2DbDefRFJ5YOfXCKOeCJJh,KRA382405135,1
47,There's Nothing Holdin' Me Back,Shawn Mendes,122,10A,81,2024-11-14,03:19,88,,Illuminate (Deluxe),2017-04-20,87,38,0,97,0,0,-4,B Minor,4,7JJmb5XwzOO8jgpou264Ml,USUM71702833,1
48,Ella Quiere Beber - Remix,"Anuel AA,Romeo Santos",95,4B,67,2024-11-14,03:39,76,"reggaeton, trap latino, urbano latino, latin, bachata",Ella Quiere Beber (Remix),2018-11-02,75,27,0,70,10,0,-3,G#/A♭ Major,4,3f5lA8nnc4YYF1qf78WpHw,QM6P41842818,1
49,icantfeelanything,NCT DREAM,154,4B,79,2024-11-14,02:12,45,"k-pop, noise music",DREAM( )SCAPE,2024-03-24,56,2,2,10,10,10,-6,G#/A♭ Major,4,2Ea626O51VnIjMeqCcb5cv,KRA302400037,1
50,Dangerous,TEN,112,2A,65,2024-11-14,02:55,50,k-pop,TEN - The 1st Mini Album,2024-02-13,89,27,0,91,0,0,-4,D#/E♭ Minor,4,56vA4AoGec8ae9nmdprBBI,KRA302400028,1
51,Nightwalker,TEN,128,9B,70,2024-11-14,03:24,56,k-pop,TEN - The 1st Mini Album,2024-02-13,44,11,0,58,10,30,-5,G Major,4,4RiudH8RehvLLrk8uNgIdR,KRA302400026,1
52,CRIMINAL LOVE,ENHYPEN,90,7A,81,2024-12-28,03:35,68,k-pop,CRIMINAL LOVE,2023-07-31,60,7,0,55,0,40,-3,D Minor,3,0Eglu3fErlG196PtTwCUPM,USA2P2335617,1
53,Machu Picchu,"Camilo,Evaluna Montaner",168,8B,79,2024-12-30,02:59,63,"colombian pop, pop urbano, ",Machu Picchu,2021-03-01,79,40,0,87,10,20,-2,C Major,4,1LXb70u8SLsvBAPWHMCTMe,USSD12100055,1
54,Love 119,RIIZE,99,4B,75,2024-12-30,02:53,48,k-pop,Love 119,2024-01-05,75,43,0,42,0,20,-5,G#/A♭ Major,4,7M7d0e8Ue3Z7QieuZe72J9,KRA302400001,3
55,Sweet Venom,ENHYPEN,115,6B,67,2024-12-30,02:28,72,k-pop,ORANGE BLOOD,2023-11-17,84,4,0,91,0,10,-4,A#/B♭ Major,4,2YmfV4lAjrAQvuggKCUX6m,USA2P2343662,1
56,Say You Love Me,KAI,71,9B,54,2025-01-04,03:22,45,k-pop,Rover - The 3rd Mini Album,2023-03-13,59,77,0,5,10,0,-5,G Major,4,6eTTfUgRT21VXq2C2eJ9F3,KRA302300062,1
57,Given-Taken,ENHYPEN,108,1A,65,2025-01-06,03:03,72,k-pop,BORDER : DAY ONE,2020-11-30,63,17,0,46,0,30,-5,G#/A♭ Minor,4,69WpV0U7OMNFGyq8I63dcC,USA2P2041798,1
58,Desce Pro Play (PA PA PA),"ZAAC,Anitta,Tyga",100,10A,71,2025-01-08,02:48,60,"brazilian funk, funk pop, brazilian pop, funk carioca, ",Desce Pro Play (PA PA PA),2020-06-26,94,8,0,64,10,10,-5,B Minor,4,4zGtfOglDBfVUypabBwIjQ,BRUM72000439,1
59,Dancing With A Stranger (with Normani),"Sam Smith,Normani",103,4B,52,2025-01-08,02:51,76,"soft pop, ",Dancing With A Stranger (with Normani),2019-01-11,74,45,0,35,0,20,-8,G#/A♭ Major,4,6Qs4SXO9dwPj5GKvVOv8Ki,GBUM71807386,1
60,BAD LOVE,KEY,102,10A,86,2025-01-09,03:25,45,k-pop,BAD LOVE - The 1st Mini Album,2021-09-27,67,11,0,42,0,20,-2,B Minor,4,7B8JKfqm63AO8MCHFO3pIb,KRA302100319,1
61,Eternal Sunshine,ATEEZ,110,6A,86,2025-01-09,03:29,53,"k-pop, noise music",ZERO : FEVER Part.3,2021-09-13,67,2,0,52,0,20,-5,G Minor,4,76mWY4B10RpcuxsA4nfqp3,KRD442100030,1
62,Deer Hunter,&TEAM,112,1A,79,2025-01-15,03:06,63,"k-pop, j-pop",雪明かり (Yukiakari),2024-12-17,90,38,0,71,20,0,-6,G#/A♭ Minor,4,5b2q0YAMyqk0JD0rHZZzQB,JPPO02405505,1
63,FIREWORK,&TEAM,165,1B,74,2025-01-15,03:08,63,"k-pop, j-pop",First Howling : NOW,2023-11-15,52,0,0,54,0,10,-6,B Major,4,1OvX9jsmeUcVSlhGfcNH6z,JPPO02301646,1
64,Andrea,"Bad Bunny,Buscabulla",103,12A,62,2025-01-15,05:39,81,"reggaeton, trap latino, latin, urbano latino, latin indie",Un Verano Sin Ti,2022-05-06,80,76,0,45,30,10,-10,C♯/D♭ Minor,4,44XjoNvtwevktFKjvVe1vH,QM6MZ2214893,1
65,34+35,Ariana Grande,110,8B,59,2025-01-18,02:53,78,pop,Positions,2020-10-30,83,24,0,49,0,20,-6,C Major,4,6Im9k8u9iIzKMrmV7BWtlF,USUM72020423,1
66,X (feat. Maluma & Ozuna) - Remix,"Nicky Jam,J Balvin,Maluma,Ozuna",180,8A,70,2025-01-18,03:56,83,"reggaeton, latin, urbano latino, trap latino",X (feat. Maluma & Ozuna) [Remix],2018-06-29,66,6,0,74,10,0,-5,A Minor,4,6JjPBQfI2Y8nIjnm65X6Pw,USSD11800257,1
67,Verte Ir,"DJ Luian,Mambo Kingz,Anuel AA,Nicky Jam,Darell,Brytiago",96,10A,65,2025-06-26,04:27,73,"reggaeton, trap latino, urbano latino, latin, dembow, trap",Verte Ir,2019-03-28,86,39,0,55,10,0,-4,B Minor,4,4lzxJ4jCuFDXXGkE1LmpKR,QZ7B81700011,1
68,Lips Hips Kiss,KISS OF LIFE,85,3B,60,2025-06-26,03:09,66,k-pop,224,2025-06-09,74,5,0,85,0,10,-5,C♯/D♭ Major,4,5Q4DLsIx0Fl0IDCCWHsLlH,KRA382502944,2
69,Wait On Me,KAI,97,3A,87,2025-06-26,03:13,62,k-pop,Wait On Me - The 4th Mini Album,2025-04-21,71,3,2,36,0,30,-6,A#/B♭ Minor,4,2BoGqSfsf9z5T1exqHtW54,KRA302500148,1
70,Soda Pop,"Saja Boys,Andrew Choi,Neckwav,Danny Chung,KEVIN WOO,samUIL Lee,KPop Demon Hunters Cast",126,8B,85,2025-06-26,02:30,86,k-pop,KPop Demon Hunters (Soundtrack from the Netflix Film),2025-06-20,84,8,0,76,0,0,-4,C Major,4,02sy7FAs8dkDNYsHp4Ul3f,QZ8BZ2513509,1
71,Free,"Rumi,Jinu,KPop Demon Hunters Cast,EJAE,Andrew Choi",140,3B,56,2025-06-26,03:07,83,"k-pop, ",KPop Demon Hunters (Soundtrack from the Netflix Film),2025-06-20,65,23,0,44,0,10,-6,C♯/D♭ Major,4,5DxDLsW6PsLz5gkwC7Mk5S,QZ8BZ2513513,1
72,Golden,"HUNTR/X,EJAE,AUDREY NUNA,REI AMI,KPop Demon Hunters Cast",123,9A,69,2025-06-26,03:14,94,k-pop,KPop Demon Hunters (Soundtrack from the Netflix Film),2025-06-20,65,10,0,10,0,10,-4,E Minor,3,1CPZ5BxNNd0n0nF4Orb9JS,QZ8BZ2513510,1
73,like JENNIE,JENNIE,130,3A,74,2025-06-26,02:03,88,k-pop,Ruby,2025-03-07,81,28,1,82,0,0,-5,A#/B♭ Minor,4,0fK7ie6XwGxQTIkpFoWkd1,USQX92500261,1
74,Love Language,TOMORROW X TOGETHER,118,3B,86,2025-06-26,02:57,71,k-pop,Love Language,2025-05-02,74,4,0,34,0,10,-4,C♯/D♭ Major,4,3wBeIjb0vtiTwIQPce2stZ,USA2P2514266,1
75,Booty,"C. Tangana,Becky G",103,3B,77,2025-06-26,02:53,61,"reggaeton, latin",Booty,2018-10-24,83,2,0,72,0,0,-4,C♯/D♭ Major,4,4W3FJapn5CD6Fnrlfj4HFe,ES5021800937,1
76,Bad Desire (With or Without You) (English Ver.),ENHYPEN,156,5A,76,2025-06-26,02:21,71,k-pop,DESIRE : UNLEASH,2025-06-05,65,21,0,62,10,10,-5,C Minor,4,4N8IFzGERNBWoQyzYVYEoJ,USA2P2518626,1
77,+82 Pressin',"MARK,HAECHAN",106,10A,69,2025-06-26,03:22,51,"k-pop, ",+82 Pressin',2025-03-19,94,7,0,91,0,0,-5,B Minor,4,1gh9hWNAzDR46rn52uyoiV,KRA302500072,2
78,Steady,NCT WISH,131,8B,87,2025-06-26,02:59,65,k-pop,Steady - The 1st Mini Album,2024-09-24,70,2,0,60,0,30,-5,C Major,4,1zJUr9Oo5zEjvJrdlg67jQ,KRA302400318,1
79,Last Festival,TWS,118,3B,79,2025-06-26,03:11,63,k-pop,TWS 1st Single 'Last Bell',2024-11-25,82,5,0,63,0,10,-4,C♯/D♭ Major,4,4eDednnc8XIGpOmRNcho66,USA2P2466281,1
80,Lemon Drop,ATEEZ,104,8B,78,2025-06-26,02:59,62,"k-pop, noise music",GOLDEN HOUR : Part.3,2025-06-13,82,4,0,46,0,0,-4,C Major,4,2kpmBZqu52h6uCZXFTIXJK,KRD442500009,1
81,Gabriela,KATSEYE,146,9B,75,2025-06-26,03:17,91,k-pop,Gabriela,2025-06-20,65,18,0,62,0,30,-5,G Major,4,1xOqGUkyxGQRdCvGpvWKmL,USUM72503465,1
82,Chaparrita,"Standly,Yeri Mua",100,3A,81,2025-06-26,02:38,66,"reggaeton chileno, chilean trap, chilean mambo, mambo, reggaeton, reggaeton mexa, electro corridos",Chaparrita,2025-01-30,81,9,0,67,0,10,-4,A#/B♭ Minor,4,7cxxLMhV6XyM3pOHXZig22,US7VG2592847,1
83,Killin' It Girl (Solo Version),j-hope,194,1B,89,2025-06-26,02:18,78,"k-pop, k-rap",Killin' It Girl (feat. GloRilla),2025-06-13,66,0,0,80,10,20,-5,B Major,4,32SrQzg34vQiYjyzjg3wum,USA2P2518921,2
84,Strategy (from the Netflix film KPop Demon Hunters),TWICE,110,10B,70,2025-06-26,02:46,76,k-pop,STRATEGY,2024-12-06,78,21,0,61,0,30,-3,D Major,4,22fSzde77hjB052Vo155LF,US5TA2400303,1
85,PYTHON,GOT7,150,7A,81,2025-06-26,02:31,64,k-pop,WINTER HEPTAGON,2025-01-20,77,7,0,72,0,10,-4,D Minor,4,2kol6tv2jcinBERq425Ahv,KRA382500437,2
86,0X1=LOVESONG (I Know I Love You) feat. Seori,"TOMORROW X TOGETHER,Seori",105,8B,84,2025-06-26,03:22,70,"k-pop, ",The Chaos Chapter: FREEZE,2021-05-31,58,6,0,48,0,0,-5,C Major,4,1Z8TPHiKeCUyClxV6WTTIf,USA2P2108442,1
87,Brought The Heat Back,ENHYPEN,122,10A,87,2025-06-26,02:56,74,k-pop,ROMANCE : UNTOLD,2024-07-12,78,1,0,90,0,50,-4,B Minor,4,3ivdlmTbUSv5JN9W8Tk9V1,USA2P2436973,2
88,The Chase,Hearts2Hearts,126,10B,73,2025-06-26,02:58,75,k-pop,The Chase,2025-02-24,71,16,0,14,0,0,-5,D Major,4,68UrZQUuO3O6eUiD226xHg,KRA302500047,1
89,Save,NCT 127,126,3B,69,2025-06-26,03:21,43,"k-pop, noise music",Save,2021-06-04,70,1,0,73,0,50,-4,C♯/D♭ Major,4,0nW8KgIzm3Q6DCLHUtEHDh,KRB142100006,1
90,Rock and Roll,THE BOYZ,96,6B,84,2025-06-26,03:12,39,"k-pop, noise music",Unexpected,2025-03-17,81,15,0,76,0,0,-5,A#/B♭ Major,4,0knNzfoL9Zpi63WAeiTH5H,KSA002500262,1
91,Pretty Boy,P1Harmony,102,4A,84,2025-06-26,02:56,68,"k-pop, noise music",DUH!,2025-05-08,86,10,0,49,10,0,-3,F Minor,4,4etRRTZx5odrdgKiZqGSZ6,KRA382501665,1
92,Loba,Shakira,122,9B,71,2025-07-27,03:09,69,latin pop,She Wolf (Expanded Edition),2009-10-09,85,40,5,78,0,0,-8,G Major,4,0FpB2Hw5qx9SeMMQuw1G5P,USSM10903531,1
93,Dirty Work,aespa,98,4A,74,2025-07-27,03:00,69,k-pop,Dirty Work,2025-06-27,75,29,0,63,0,10,-5,F Minor,4,4qtdab2DABnEokwupCl8lG,KRA302500189,1
94,Smoke,JAEHYUN,93,11A,69,2025-07-27,02:49,57,,J - The 1st Album,2024-08-26,68,9,0,40,20,60,-5,F#/G♭ Minor,4,6kEU60ykxhb0shZMTiPWZL,KRA302400234,2
95,Rechazame,Prince Royce,130,9B,87,2025-07-27,03:43,79,"bachata, latin",Prince Royce,2010-00-00,73,7,0,93,0,0,-2,G Major,4,07p0kLnvfQQ2bLujHyzSGK,US7YG0900001,1
96,1&Only,XLOV,112,3A,78,2025-07-28,02:54,73,k-pop,I ONE,2025-06-13,77,17,0,43,0,30,-6,A#/B♭ Minor,4,0lOOUAYUITTHYyGWWAqKIr,KRMIM2531910,1
97,Gameboy,KATSEYE,120,1B,80,2025-07-28,03:05,83,k-pop,BEAUTIFUL CHAOS,2025-06-26,72,29,0,70,0,0,-4,B Major,4,0LqbLHWFiy0qTfpk1Q1Ggc,USUM72503467,1
98,PUSH 2 START,Tyla,93,10B,81,2025-08-02,02:36,81,afrobeats,TYLA +,2024-10-11,68,28,1,76,0,0,-4,D Major,4,1Cbl3Yq8rHo7hhDQmLQagU,USSM12407085,1
99,IS IT,Tyla,108,12A,59,2025-08-09,02:44,73,afrobeats,IS IT,2025-07-11,82,3,0,49,0,0,-4,C♯/D♭ Minor,4,6NiiHhJPTeSaJR2TfDzpPz,USSM12502841,1
100,XOXO,JEON SOMI,145,11B,61,2025-08-09,03:27,55,k-pop,XOXO,2021-10-29,70,7,0,53,0,10,-6,A Major,4,4r34Yi0eltsu1tp6z4lq3x,KSA002100900,1
101,GO!,CORTIS,150,4B,43,2025-10-27,02:50,83,k-pop,COLOR OUTSIDE THE LINES,2025-09-08,79,22,0,30,30,10,-6,G#/A♭ Major,4,6OWWZtNQORY1McaZmOrwhc,USA2P2536188,1
102,FaSHioN,CORTIS,77,6A,85,2025-10-27,02:54,83,k-pop,COLOR OUTSIDE THE LINES,2025-09-08,63,1,0,25,10,30,-4,G Minor,4,4ecdsGz3Hg6TKPwQ0ZOdJz,USA2P2536189,1
103,FOCUS,Hearts2Hearts,130,9A,88,2025-10-27,02:57,78,k-pop,FOCUS - The 1st Mini Album,2025-10-20,62,0,0,73,20,0,-4,E Minor,4,6jYiHr12NVKLzn0X7K8aSK,KRA302500475,1
104,Can't Stop,TOMORROW X TOGETHER,109,3B,87,2025-10-27,02:24,60,k-pop,Starkissed,2025-10-19,79,6,0,49,10,0,-5,C♯/D♭ Major,4,0bhKpG1BqJnZiBPxPkKTkH,JPZ672500050,1
105,Monster (Shawn Mendes & Justin Bieber),"Shawn Mendes,Justin Bieber",146,7A,38,2025-10-27,02:58,69,,Monster,2020-11-20,65,7,0,55,0,0,-7,D Minor,4,2Z8yfpFX0ZMavHkcIeHiO1,USUM72018810,1
106,La player (Bandolera),Zion & Lennox,94,10B,84,2025-10-27,04:09,83,"reggaeton, latin",La player (Bandolera),2018-02-23,77,16,0,60,0,0,-5,D Major,4,0VKkyBKCXyR99navhVRqcP,USWL11700273,1
107,Amantes de una Noche,"NATTI NATASHA,Bad Bunny",87,9A,73,2025-10-27,03:45,71,"reggaeton, latin, urbano latino, bachata, trap latino",Amantes de una Noche,2018-01-12,52,35,0,53,20,10,-7,E Minor,4,3BccBzVmd2t5xxktYhzYjR,USB271800102,1
108,Outside,ENHYPEN,175,10B,88,2025-10-27,02:01,72,k-pop,DESIRE : UNLEASH,2025-06-05,77,0,0,63,10,10,-4,D Major,4,0IXWLMBZeK33mOb044Sxu6,USA2P2518622,1
109,Beat It Up,NCT DREAM,105,12A,95,2025-11-17,03:20,81,"k-pop, noise music",Beat It Up,2025-11-17,75,1,0,59,10,0,-3,C♯/D♭ Minor,4,4UJwJG0Byki4e9MNTxo8aF,KRA302500536,1
110,Drag Me Down,One Direction,138,5A,70,2025-11-17,03:12,80,,Made In The A.M. (Deluxe Edition),2015-11-13,73,11,0,60,0,0,-6,C Minor,4,2K87XMYnUMqLcX3zvtAF4G,GBHMU1500070,1
111,Encantadora,Yandel,170,4B,87,2025-11-17,04:00,81,"reggaeton, urbano latino",Dangerous,2015-11-06,66,15,0,93,0,10,-5,G#/A♭ Major,4,7LABrQFfRYcZUqUwng0Heb,USSD11500321,1
112,We Don't Talk Anymore (feat. Selena Gomez),"Charlie Puth,Selena Gomez",100,12A,56,2025-11-17,03:37,81,"soft pop, ",Nine Track Mind,2016-01-29,73,62,0,35,10,10,-8,C♯/D♭ Minor,4,06KyNuuMOX1ROXRhj787tj,USAT21502909,1
113,EYES CLOSED (with ZAYN),"JISOO,ZAYN",75,1B,74,2025-11-17,03:01,79,"k-pop, ",EYES CLOSED (with ZAYN),2025-10-10,56,20,0,38,0,10,-5,B Major,4,4WFfPxJv1KRekG6mxn837K,USWB12503797,1
114,LUNA,"Feid,ATL Jacob",100,6A,86,2025-11-17,03:16,86,"reggaeton, urbano latino, ",FERXXOCALIPSIS,2023-12-01,77,13,0,45,10,10,-3,G Minor,4,7bywjHOc0wSjGGbj04XbVi,USUM72318216,1
115,Big Girls Don't Cry,ENHYPEN,166,6B,59,2026-02-03,01:58,76,k-pop,THE SIN : VANISH,2026-01-16,64,40,0,19,10,20,-4,A#/B♭ Major,4,0NsmpxrKw7ZWGKjnWVJtm5,USA2P2570148,1
116,FaceTime,LNGSHOT,95,1B,75,2026-02-03,02:47,76,k-pop,SHOT CALLERS,2026-01-13,66,5,0,70,0,0,-7,B Major,4,7Ji60z4V0d0IUbuZMkpjJa,KRMIM2574054,1
117,Never Let Go,LNGSHOT,105,10B,60,2026-02-03,03:13,80,k-pop,SHOT CALLERS,2026-01-13,64,19,0,38,0,10,-8,D Major,4,37xebnhvUyM8VyyDDeo65d,KRMIM2574055,2
118,100 Ways,Jackson Wang,110,9B,78,2026-02-03,02:48,61,k-pop,100 Ways,2020-03-20,80,33,0,61,20,20,-7,G Major,4,3bdf03GVNLm9GOhjSFvdd9,ZZOPM2002107,1
119,Crown,EXO,160,9A,93,2026-02-03,03:18,69,k-pop,REVERXE - The 8th Album,2026-01-19,56,4,0,36,0,30,-4,E Minor,4,4iu11uPXYHUJaq5vr9cLwW,KRA302600001,1
120,In Your Fantasy,ATEEZ,115,4A,84,2026-02-13,03:12,72,"k-pop, noise music",GOLDEN HOUR : Part.3 'In Your Fantasy Edition',2025-07-11,87,0,0,72,0,20,-5,F Minor,4,3Z4BxvgOJ8KupcDIV3OV2f,KRD442500017,1
121,Die For Me,ZAYN,168,6A,64,2026-02-20,03:00,72,,Die For Me,2026-02-06,35,4,0,23,0,30,-5,G Minor,3,15tkKpcwBE3XJhaBdLPBKJ,USUG12600847,1
122,BURNING UP,MEOVV,140,8A,79,2026-03-02,02:49,69,k-pop,BURNING UP,2025-10-14,71,0,0,46,0,30,-5,A Minor,4,3uqgFeHo4Jr1D3gVIHQlD7,KSA002501951,1
123,PARANOIA,"HEARTSTEEL,League of Legends,BAEKHYUN,tobi lou,ØZI,Cal Scruby",170,4B,91,2026-03-02,03:18,65,"k-pop, chinese r&b, chinese hip hop, mandopop, taiwanese pop, taiwanese indie, c-pop, chinese indie, ",PARANOIA,2023-10-23,59,2,0,50,10,30,-4,G#/A♭ Major,4,4k5H18hi5SzFNfe2tBNvqY,QZH6S1900806,1
124,Elevator,BAEKHYUN,156,10A,87,2026-03-02,03:06,58,k-pop,Essence of Reverie,2025-05-19,69,36,0,55,0,10,-4,B Minor,4,0mFkmiC5u1V4JBP6PsoVP0,KRA252500910,1
125,Constellations,Jade LeMac,150,3B,66,2026-03-02,03:20,78,,Constellations,2021-08-11,56,24,0,18,0,0,-7,C♯/D♭ Major,4,32ShlHZGBYLoybP9pdb87z,TCAFR2121057,1
126,Body Go (with Tyla),"MOLIY,Tyla",112,12A,64,2026-03-02,02:45,68,"alté, afrobeats",Body Go (with Tyla),2025-10-17,82,12,0,45,0,10,-7,C♯/D♭ Minor,4,4UDguq9kRecAxXZZl2kH1P,QZS7J2560084,1
127,OVERDRIVE,TWS,104,3B,85,2026-03-02,02:40,74,k-pop,TWS 4th Mini Album 'play hard',2025-10-13,81,7,0,67,10,30,-4,C♯/D♭ Major,4,5qAfVxNUxjrELshgTpWxLf,USA2P2543675,1
128,WHERE YOU AT,"ALLDAY PROJECT,ANNIE,WOOCHAN",104,3B,84,2026-03-02,02:42,63,"k-pop, k-rap",ALLDAY PROJECT,2025-12-08,61,2,0,61,20,0,-8,C♯/D♭ Major,4,0BIutvdEclGIwaFeekFNCC,KSA002502308,1
129,No Way Back (Feat. So!YoON!),"ENHYPEN,So!YoON!",90,4B,82,2026-03-31,03:05,74,"k-pop, ",THE SIN : VANISH,2026-01-16,56,20,0,48,0,30,-5,G#/A♭ Major,4,6u7J7OH56kiN2A7Pfv5D0i,USA2P2570145,1
130,11 PM,Maluma,96,6B,71,2026-03-31,02:55,80,"reggaeton, latin, urbano latino",11:11,2019-05-17,78,22,0,68,20,0,-5,A#/B♭ Major,4,7KbF6AdprOXEEHlsq11Z6d,USSD11900166,1
131,Lush Life,Zara Larsson,98,6A,71,2026-03-31,03:20,94,,So Good,2017-03-17,69,13,0,80,0,20,-4,G Minor,4,1rIKgCH4H52lrvDcz50hS8,SEWEE1500509,2
132,SWIM,BTS,94,11A,71,2026-03-31,02:39,99,k-pop,ARIRANG,2026-03-20,53,15,0,16,0,10,-5,F#/G♭ Minor,4,68lbSrXDORS51pmyjZv712,USA2P2600449,1
133,My Angel,Prince Royce,120,10A,73,2026-03-31,03:10,38,"bachata, latin",My Angel,2015-03-03,63,14,0,57,0,50,-5,B Minor,4,4yIYUPqBGy7imJussAOoYz,USAT21500312,1
134,VELOCIDADE,SANTOS BRAVOS,123,3B,82,2026-03-31,02:13,73,,DUAL,2026-03-13,85,6,0,86,0,10,-5,C♯/D♭ Major,4,3J8uUvHttFs8zlYxoiPVe3,USA2P2608922,1
135,Step On Up,Ariana Grande,111,4A,88,2026-03-31,03:00,61,pop,Dangerous Woman,2016-05-20,66,9,0,55,10,20,-4,F Minor,4,3K1y89UHuAEZbpiSPbtAae,USUM71603587,1
136,La Curiosidad,"Jay Wheeler,DJ Nelson,Myke Towers",90,10A,68,2026-03-31,03:39,80,"reggaeton, trap latino, urbano latino",Platonicos,2020-06-12,85,27,0,68,10,10,-5,B Minor,4,4HYDUMY0xSpeBr0AMY9cUz,USUYG1313832,1
137,Flying Kiss,NCT DREAM,101,7B,75,2026-03-31,03:19,41,"k-pop, noise music",DREAMSCAPE,2024-11-11,65,14,0,54,0,20,-5,F Major,4,1FE8TJtdfIUIfOGcQNzQO1,KRA302400292,1
138,No Apagues la Luz,CNCO,164,8B,79,2026-03-31,03:12,32,"reggaeton, latin",XOXO,2022-08-26,55,22,0,58,30,0,-4,C Major,4,6cmRKkRE8xvWTp0i1JnWad,USSD12200590,1
139,Un Beso,CNCO,132,8B,70,2026-03-31,03:03,40,"reggaeton, latin",Déjà Vu,2021-02-05,75,60,0,56,0,0,-7,C Major,4,0zPf7UApQ1k5eM9XG18m92,USSD12000484,1
140,Callaita,"Bad Bunny,Tainy",176,10B,63,2026-03-31,04:10,81,"reggaeton, trap latino, latin, urbano latino",Un Verano Sin Ti,2022-05-06,61,60,0,25,30,20,-5,D Major,4,71wFwRo8xGc4lrcyKwsvba,QM6N21919851,1
141,Sideways,ZAYN,137,4B,57,2026-03-31,03:12,73,,Sideways,2026-03-27,65,18,0,32,0,10,-6,G#/A♭ Major,4,6oddAlRHDuiFVDdUZJlrZ6,USUG12600853,1
142,Little Miss,GIRLSET,102,5A,52,2026-04-01,02:23,70,,Little Miss,2025-11-14,77,0,0,38,0,30,-5,C Minor,4,24GdDBCqLhHEe2cAFvgUrL,USUG12509725,1
143,Journey Mercies,MARK,179,8B,68,2026-04-05,03:45,56,k-pop,The Firstfruit - The 1st Album,2025-04-07,39,27,0,31,10,30,-6,C Major,3,03HWY5ttImMemD11wWvxBi,KRA302500101,1
144,Too Much,MARK,80,10B,56,2026-04-05,03:34,51,k-pop,The Firstfruit - The 1st Album,2025-04-07,69,7,0,35,0,30,-6,D Major,4,5mso5sOnb2GJFAq2t0CCSR,KRA302500103,1
145,La Difícil,Bad Bunny,180,1A,85,2026-04-05,02:43,74,"reggaeton, trap latino, latin, urbano latino",YHLQMDLG,2020-02-29,69,9,0,76,0,0,-5,G#/A♭ Minor,4,6NfrH0ANGmgBXyxgV2PeXt,QM4TX2030889,1
146,La Santa,"Bad Bunny,Daddy Yankee",93,3B,87,2026-04-05,03:26,81,"reggaeton, trap latino, latin, urbano latino",YHLQMDLG,2020-02-29,74,3,0,59,0,0,-5,C♯/D♭ Major,4,69vlMrzHwATKzupwNcUPyK,QM4TX2030933,1
147,Yo Perreo Sola,Bad Bunny,97,1B,76,2026-04-05,02:52,83,"reggaeton, trap latino, latin, urbano latino",YHLQMDLG,2020-02-29,86,2,0,45,0,30,-5,B Major,4,0SqqAgdovOE24BzxIClpjw,QM4TX2030934,1
148,REMIX,Daddy Yankee,100,3B,78,2026-04-05,02:43,55,"reggaeton, latin",LEGENDADDY,2022-03-25,82,3,0,39,0,10,-5,C♯/D♭ Major,4,65MqlYPOWReasKWcuCaOCW,USUG12201734,1
149,De Cero,CNCO,94,1B,68,2026-04-05,03:39,52,"reggaeton, latin",Que Quiénes Somos,2019-10-11,81,3,0,82,10,0,-5,B Major,4,6N7I3N37xvT9kPWfXNgDmo,USSD11900232,1
150,Mamita,CNCO,91,6B,71,2026-04-05,02:54,58,"reggaeton, latin",CNCO,2018-04-06,80,11,0,49,0,10,-5,A#/B♭ Major,4,71GAvRsilpo9pqd0vYn8Mo,USSD11700441,1
151,One Last Time,Ariana Grande,125,4B,63,2026-04-05,03:17,55,pop,My Everything (Tenth Anniversary Edition),2024-08-22,62,9,0,11,0,10,-5,G#/A♭ Major,4,0e6qFb4yA7MkyHA9Cpb6c1,USUM71409723,3
152,Maria,Justin Bieber,111,11A,69,2026-04-05,04:08,77,,Believe (Deluxe Edition),2012-06-15,83,1,0,29,0,10,-7,F#/G♭ Minor,4,7E1dQbOk1qcx9gEPUMBKsk,USUM71205389,1
153,Faded In My Last Song,NCT U,135,3A,83,2026-04-05,03:35,50,"k-pop, noise music",NCT RESONANCE Pt. 1 - The 2nd Album,2020-10-12,76,15,0,68,0,10,-3,A#/B♭ Minor,4,6xOfdH7XjM8ImGLXBOtdgE,KRA302000493,1
154,OK!,NCT U,141,3A,78,2026-04-05,03:49,50,"k-pop, noise music",Universe - The 3rd Album,2021-12-14,75,3,0,73,10,10,-3,A#/B♭ Minor,4,58mfBDcqsmFuP4ywJ5AuWx,KRA302100383,1
155,Whiplash,NCT 127,100,12A,77,2026-04-05,03:21,57,"k-pop, noise music",NCT #127 CHERRY BOMB - The 3rd Mini Album,2017-06-14,82,3,0,76,10,10,-6,C♯/D♭ Minor,4,2iPxDFeN27VrKgGdZ0AIKw,KRA301700242,1
156,BOSS,"NCT,NCT U",99,3A,54,2026-04-05,03:30,61,"k-pop, noise music",NCT 2018 EMPATHY,2018-03-14,79,2,0,33,0,0,-7,A#/B♭ Minor,4,0ErzcmZ2gIwX7X0xSMQPix,KRA301800100,1
157,"PORFA Remix ( Feat. Maluma, Nicky Jam, Sech) - Remix","Feid,J Balvin,Maluma,Nicky Jam,Sech,Justin Quiles",168,11A,74,2026-04-05,05:33,64,"reggaeton, urbano latino, latin","PORFA Remix ( Feat. Maluma, Nicky Jam, Sech)",2020-06-26,79,8,0,70,0,0,-5,F#/G♭ Minor,4,7lUdbnz7wsv3C9zzf4WHl9,USUM72012767,1
158,Parce (feat. Justin Quiles),"Maluma,Lenny Tavárez,Justin Quiles",84,4A,74,2026-04-05,04:08,70,"reggaeton, latin, urbano latino, trap latino, argentine trap",PAPI JUANCHO,2020-08-21,69,42,0,88,20,10,-3,F Minor,4,4RJz8NfIe09gpKMiRUWKhJ,USSD12000217,1
159,Sigues Con El,"Arcángel,Sech,Dímelo Flow",88,11B,67,2026-04-05,03:46,66,"reggaeton, trap latino, urbano latino",Sigues Con El,2019-12-13,88,11,0,68,10,0,-3,A Major,4,7sQKy5vlPQllr0k9IjYJv3,QMFME1942300,1
160,La Fórmula (feat. Chris Jedi),"De La Ghetto,Daddy Yankee,Ozuna,Chris Jedi",172,7A,81,2026-04-05,03:52,67,"reggaeton, trap latino, urbano latino, latin",Mi Movimiento,2018-09-28,69,15,0,76,0,20,-3,D Minor,4,55NwAn7bAl1edTEg1azLOW,USWL11700161,1
161,Call Me,WayV,80,7B,52,2026-04-08,03:40,47,"k-pop, c-pop, noise music",FREQUENCY - The 6th Mini Album,2024-11-25,66,57,0,40,0,10,-4,F Major,4,6lmEozWswCzaSr6SS3Klsq,KRA302400427,1
162,Take Off,WayV,103,4B,83,2026-04-08,03:53,46,"k-pop, c-pop, noise music",Take Off - The 1st Mini Album,2019-05-09,72,1,0,17,0,10,-5,G#/A♭ Major,4,1FU3x0eu9cUl3AltO6t2KH,KRA301900203,1
163,Kick Back,WayV,90,10B,86,2026-04-08,03:50,47,"k-pop, c-pop, noise music",Kick Back - The 3rd Mini Album,2021-03-10,64,3,0,32,0,0,-3,D Major,4,1hXbbVF57nIcxIugYYtdms,KRA302100051,1
164,You Calling My Name,GOT7,111,5A,67,2026-04-08,03:14,59,k-pop,Call My Name,2019-11-04,81,9,0,51,0,0,-4,C Minor,4,0IxEQbRKjdc0fKPmovjEYw,US5TA1900095,1
165,Blue Flame,ASTRO,173,3A,90,2026-04-08,03:14,50,k-pop,BLUE FLAME,2019-11-20,60,16,0,81,10,0,-3,A#/B♭ Minor,4,2jF2oDPLFLmrj2o8CfUOWK,QZEKE1920587,1
166,Lullaby,GOT7,130,8B,89,2026-04-08,03:37,55,k-pop,Present : YOU,2018-09-18,73,1,0,71,0,10,-3,C Major,4,0ZsEQfX9EtqFMXzmnEK0AL,US5TA1800070,1
167,NOT BY THE MOON,GOT7,152,4A,82,2026-04-08,03:24,55,k-pop,DYE,2020-04-20,55,6,0,56,10,20,-5,F Minor,4,0LrhTHjmH2ATnbCbsqKZyf,US5TA2000016,2
168,I Like It,Stray Kids,145,4A,85,2026-04-08,02:28,76,"k-pop, noise music",ATE,2024-07-19,80,6,0,47,0,10,-3,F Minor,4,04A4WyCRyHQ8Nb3u3IsfzH,US5TA2400142,1
169,Something's In the Water,RIIZE,103,9A,39,2026-04-08,02:26,52,k-pop,Fame,2025-11-24,64,42,0,13,0,10,-8,E Minor,3,7znUXmIdLGuYBKC9FQHCeg,KRA302500501,1
170,All of You,RIIZE,155,8A,95,2026-04-08,02:38,60,k-pop,All of You,2026-02-08,46,1,0,46,10,30,-3,A Minor,4,5aZUKmHWosIdaehziLYEq4,JPPO02600029,1
171,Somebody,D.O.,89,3B,57,2026-04-08,02:38,57,"k-ballad, k-pop",Expectation - The 2nd Mini Album,2023-09-18,79,6,0,70,0,0,-6,C♯/D♭ Major,4,2sZEjTi51vnlwpmIAKdwgX,KRA302300332,1
172,they don’t know ’bout us,BTS,138,8A,65,2026-04-11,02:44,93,k-pop,ARIRANG,2026-03-20,74,28,0,64,0,10,-5,A Minor,4,0b61A7v9agI08BG21jJPQ9,USA2P2600453,1
173,Hooligan,BTS,135,12A,49,2026-04-12,03:02,95,k-pop,ARIRANG,2026-03-20,67,14,0,44,10,10,-5,C♯/D♭ Minor,4,20dAJsyno9ZoBLJtqgQnUI,USA2P2600444,1
174,2.0,BTS,130,8B,54,2026-04-12,02:49,94,k-pop,ARIRANG,2026-03-20,93,2,0,27,0,10,-4,C Major,4,3bmpXHVie1GTy37OkXJ7Vc,USA2P2600447,1
175,Lost In Japan,Shawn Mendes,105,6B,74,2026-04-18,03:21,72,,Shawn Mendes,2018-05-25,71,26,0,42,30,10,-7,A#/B♭ Major,4,79esEXlqqmq0GPz0xQSZTV,USUM71803548,1
176,Boyfriend,Big Time Rush,164,12A,86,2026-04-18,03:21,61,,BTR,2011-04-18,61,10,0,68,10,10,-4,C♯/D♭ Minor,4,5kKD7cAyb8ag6SIaGkibJf,USSM11003623,1
177,IS THIS LOVE,XG,130,4B,71,2026-04-21,02:35,61,k-pop,IS THIS LOVE,2025-03-07,76,4,0,46,0,10,-6,G#/A♭ Major,4,7HfDulyv4KLZAD170lF8at,JPB602402896,1
178,HOWLING,XG,131,11B,72,2026-04-21,03:08,64,k-pop,AWE,2024-11-08,68,27,0,25,0,10,-5,A Major,4,2uaZaTMbYE5KAk8gbdzBgW,JPB602402887,1
