playlist_name,mbti,transfer_emb_0,transfer_emb_1,transfer_emb_2,transfer_emb_3,transfer_emb_4,transfer_emb_5,transfer_emb_6,transfer_emb_7,transfer_emb_8,transfer_emb_9,transfer_emb_10,transfer_emb_11,transfer_emb_12,transfer_emb_13,transfer_emb_14,transfer_emb_15,transfer_emb_16,transfer_emb_17,transfer_emb_18,transfer_emb_19,transfer_emb_20,transfer_emb_21,transfer_emb_22,transfer_emb_23,transfer_emb_24,transfer_emb_25,transfer_emb_26,transfer_emb_27,transfer_emb_28,transfer_emb_29,transfer_emb_30,transfer_emb_31,transfer_emb_32,transfer_emb_33,transfer_emb_34,transfer_emb_35,transfer_emb_36,transfer_emb_37,transfer_emb_38,transfer_emb_39,transfer_emb_40,transfer_emb_41,transfer_emb_42,transfer_emb_43,transfer_emb_44,transfer_emb_45,transfer_emb_46,transfer_emb_47,transfer_emb_48,transfer_emb_49,transfer_emb_50,transfer_emb_51,transfer_emb_52,transfer_emb_53,transfer_emb_54,transfer_emb_55,transfer_emb_56,transfer_emb_57,transfer_emb_58,transfer_emb_59,transfer_emb_60,transfer_emb_61,transfer_emb_62,transfer_emb_63,transfer_emb_64,transfer_emb_65,transfer_emb_66,transfer_emb_67,transfer_emb_68,transfer_emb_69,transfer_emb_70,transfer_emb_71,transfer_emb_72,transfer_emb_73,transfer_emb_74,transfer_emb_75,transfer_emb_76,transfer_emb_77,transfer_emb_78,transfer_emb_79,transfer_emb_80,transfer_emb_81,transfer_emb_82,transfer_emb_83,transfer_emb_84,transfer_emb_85,transfer_emb_86,transfer_emb_87,transfer_emb_88,transfer_emb_89,transfer_emb_90,transfer_emb_91,transfer_emb_92,transfer_emb_93,transfer_emb_94,transfer_emb_95,transfer_emb_96,transfer_emb_97,transfer_emb_98,transfer_emb_99,transfer_emb_100,transfer_emb_101,transfer_emb_102,transfer_emb_103,transfer_emb_104,transfer_emb_105,transfer_emb_106,transfer_emb_107,transfer_emb_108,transfer_emb_109,transfer_emb_110,transfer_emb_111,transfer_emb_112,transfer_emb_113,transfer_emb_114,transfer_emb_115,transfer_emb_116,transfer_emb_117,transfer_emb_118,transfer_emb_119,transfer_emb_120,transfer_emb_121,transfer_emb_122,transfer_emb_123,transfer_emb_124,transfer_emb_125,transfer_emb_126,transfer_emb_127
ESFJ songs,ESFJ,-0.13242657,-0.3985066,-0.12588887,-0.19833307,-0.031041266,0.15965885,0.36841002,-0.28304714,0.27205187,0.30994275,0.20388655,0.004373845,-0.18366759,-0.04574949,-0.43692836,0.20236246,-0.22836249,-0.22139233,-0.28545988,-0.19179253,0.07860909,0.18774566,-0.076729886,-0.2718523,0.4107691,0.31346124,0.13521872,0.21938439,0.0779505,-0.13226174,-0.34005982,-0.24664585,0.41472703,0.4909132,0.45202735,0.5127776,0.39674875,0.61032295,0.47041976,0.45094848,0.30032802,0.6516868,0.64801407,0.61215067,0.6647643,0.37763387,0.48407185,0.42418438,0.42056483,0.63234156,0.43191013,0.5109926,0.41279322,0.24335428,0.63009214,0.5735798,0.58115953,0.71642834,0.4797178,0.36616865,0.39123034,0.3351246,0.31719193,0.6907429,-0.912028,-1.2673423,-1.3867387,-1.312492,-0.7538232,-1.619709,-0.58835465,-1.1598896,-0.63571626,-1.9288342,-0.87014985,-1.4078119,-1.7486768,-0.8796839,-1.8570331,-0.6384927,-1.1174928,-1.4486287,-1.5296358,-1.0547769,-0.8225742,-0.38320658,-1.462444,-1.6149377,-0.95752233,-1.572495,-1.2081879,-0.49766165,-1.0118322,-0.9649693,-1.0565592,-1.4337764,0.6641744,1.1556891,0.9327183,1.130387,0.9154745,1.4125342,1.2514518,0.8807182,1.2011143,1.586643,1.4410654,1.3683425,1.2782012,0.80303097,0.33226824,1.0838829,0.75336635,0.8470938,0.7937395,1.4604112,0.87099147,0.6945642,1.425827,1.0187538,1.5502409,1.7500545,0.9957007,1.2621942,0.7705936,0.7795435,0.492689,1.5112864
ESFJ Kpop Songs,ESFJ,-0.12904383,-0.57117033,0.11216247,-0.079957664,0.1389587,-0.34172755,0.71175313,-0.5293172,0.32940066,0.036992993,0.082455866,0.048735306,-0.647012,0.1325647,-0.51181,0.22515869,-0.32036117,0.30197236,-0.08932416,-0.027905926,0.50358486,0.14202625,-0.15842588,-0.21544535,0.56906253,0.44960916,0.47823092,0.07844365,-0.16166547,0.04341566,-0.39556712,0.20469435,0.3281216,0.5269625,0.34616184,0.41123727,0.33751407,0.44909444,0.37445086,0.3207462,0.17450589,0.4335024,0.41205478,0.4788228,0.47765535,0.35568678,0.47495615,0.39256305,0.37918505,0.37368312,0.39326262,0.38717172,0.30849758,0.18057436,0.552482,0.512228,0.4227354,0.71497923,0.35012737,0.3717134,0.43402866,0.4141656,0.2477356,0.5634479,-0.7744954,-1.7597462,-0.48966318,-1.138498,-0.76315343,-1.2762537,-0.114472754,-1.3043675,-0.18881978,-0.5635376,-0.60378903,-1.1711304,-1.7486768,-0.5067952,-1.9708716,-0.60191464,-1.2069384,-0.32345787,-1.0576874,-0.9309006,-0.21482013,-0.35354578,-1.2871765,-1.5896198,-0.60673445,-1.572495,-0.15272509,-0.49766165,-1.5444201,-1.1612126,-1.058024,-1.1099217,0.47646463,0.6984688,0.81442547,0.6461863,0.72020096,0.7815302,1.6303259,0.2811863,0.70256567,1.4084272,1.3488029,1.161848,0.5389431,0.8675333,0.21181725,1.2116145,0.43439367,1.2973112,0.7088493,0.52301717,1.1714045,0.36506405,1.425827,0.7438315,1.5229561,1.7226986,1.2199132,1.0376347,0.47400403,0.8906489,0.112316266,1.8930423
ESFJ,ESFJ,0.004325485,-0.28116336,-0.0895808,-0.29358584,-0.15523727,0.41446453,-0.02884914,-0.11624079,0.30935654,0.938642,0.76749295,0.15044664,0.22093926,-0.05195728,-0.52247757,0.16165139,-0.007883407,-0.77245617,-0.33566666,-0.55581504,-0.27944112,0.14690736,0.25673148,-0.4359844,0.10709298,0.120427184,-0.33570826,0.5168909,0.27225554,-0.39362052,-0.30731657,-0.8358367,0.24960873,0.39056304,0.19830522,0.33895555,0.44393,0.50027484,0.35200602,0.34888035,0.22443433,0.46883044,0.4842193,0.41277763,0.46385685,0.29142398,0.40032047,0.3991656,0.47359386,0.58223164,0.26465854,0.30935353,0.2858621,0.22235237,0.57970345,0.36179185,0.40242472,0.6334784,0.4248489,0.35419124,0.38221753,0.37505576,0.33932748,0.47284415,-0.94511527,-1.2360289,-0.5191824,-1.1704905,-1.2494056,-1.6604913,-0.842519,-1.1543179,-0.74909633,-0.27243236,-0.30466887,-1.7532661,-1.1516255,-0.8173141,-1.709867,-1.0006058,-1.3527089,-2.385342,-1.1199529,-1.2476788,-0.9735882,-0.29638577,-1.04652,-1.2909445,-1.1409409,-1.5103124,-1.3265067,-0.49910495,-1.2570629,-1.0594157,-1.0937808,-1.7654079,0.5710728,0.6026257,0.4895316,0.6866556,1.1522332,1.3118438,0.8989866,0.716623,0.8413515,1.7190418,1.7380865,1.0782936,1.588362,0.604118,0.5846065,1.3164837,0.9942044,0.45419368,0.6869155,0.18000253,0.4287017,0.8902881,1.5465552,0.48904774,1.1889166,1.4817735,0.65466255,1.3826674,1.136605,0.6863331,0.56558996,0.74495655
esfj(1),ESFJ,-0.13704443,-0.4556763,0.075754344,-0.14897396,0.20094606,-0.31918117,0.74842465,-0.3997203,0.37603435,-0.01753767,0.13971448,-0.098636836,-0.58783376,0.004346066,-0.50080353,0.12703717,-0.22378868,0.15218951,-0.13937987,-0.06608678,0.4411181,0.15046968,-0.030465934,-0.22855121,0.55233836,0.300821,0.508075,0.0830076,-0.12975442,0.067746274,-0.3962338,0.112829715,0.37474933,0.5352327,0.426689,0.44541752,0.39169022,0.5391362,0.4514555,0.38726753,0.27473268,0.61189693,0.5354534,0.54224485,0.5714616,0.41012704,0.50678694,0.42955974,0.50475186,0.6031385,0.4070861,0.51534975,0.43648848,0.18747504,0.6208932,0.55172795,0.45037326,0.71317625,0.506171,0.41006982,0.4922751,0.46692836,0.31940722,0.63597715,-1.2653912,-1.7478822,-1.769323,-1.3957199,-1.0724531,-1.5448701,-0.5562457,-1.296334,-0.50583565,-2.3954177,-0.8596679,-2.156574,-1.7169328,-1.6131418,-2.1462553,-1.3741014,-1.3623614,-2.7208784,-1.8006655,-1.3518757,-1.4424498,-0.48163804,-1.6631451,-1.7881684,-0.7122316,-1.7382077,-1.5017574,-0.812733,-1.4808174,-2.095346,-1.2684585,-1.7470534,0.80303717,1.8255333,1.6066847,1.4796692,1.236691,1.5385205,1.904462,1.5074096,1.4422278,1.7334682,1.8927404,1.5152273,2.033665,0.89427686,0.4782497,1.21187,1.8619622,1.1929529,0.7636988,2.008537,1.264735,0.6340387,2.1555238,0.9972276,2.1062872,2.0078232,1.895916,1.5231131,1.0757341,1.464825,0.8446095,2.404396
esfj(2),ESFJ,-0.13704443,-0.4556763,0.075754344,-0.14897396,0.20094606,-0.31918117,0.74842465,-0.3997203,0.37603435,-0.01753767,0.13971448,-0.098636836,-0.58783376,0.004346066,-0.50080353,0.12703717,-0.22378868,0.15218951,-0.13937987,-0.06608678,0.4411181,0.15046968,-0.030465934,-0.22855121,0.55233836,0.300821,0.508075,0.0830076,-0.12975442,0.067746274,-0.3962338,0.112829715,0.37474933,0.5352327,0.426689,0.44541752,0.39169022,0.5391362,0.4514555,0.38726753,0.27473268,0.61189693,0.5354534,0.54224485,0.5714616,0.41012704,0.50678694,0.42955974,0.50475186,0.6031385,0.4070861,0.51534975,0.43648848,0.18747504,0.6208932,0.55172795,0.45037326,0.71317625,0.506171,0.41006982,0.4922751,0.46692836,0.31940722,0.63597715,-1.2653912,-1.7478822,-1.769323,-1.3957199,-1.0724531,-1.5448701,-0.5562457,-1.296334,-0.50583565,-2.3954177,-0.8596679,-2.156574,-1.7169328,-1.6131418,-2.1462553,-1.3741014,-1.3623614,-2.7208784,-1.8006655,-1.3518757,-1.4424498,-0.48163804,-1.6631451,-1.7881684,-0.7122316,-1.7382077,-1.5017574,-0.812733,-1.4808174,-2.095346,-1.2684585,-1.7470534,0.80303717,1.8255333,1.6066847,1.4796692,1.236691,1.5385205,1.904462,1.5074096,1.4422278,1.7334682,1.8927404,1.5152273,2.033665,0.89427686,0.4782497,1.21187,1.8619622,1.1929529,0.7636988,2.008537,1.264735,0.6340387,2.1555238,0.9972276,2.1062872,2.0078232,1.895916,1.5231131,1.0757341,1.464825,0.8446095,2.404396
ESFJ(3),ESFJ,0.051859885,-0.55527526,-0.045407537,-0.06157808,0.15330875,-0.14984787,0.4688242,-0.40509576,0.27034628,0.15859747,0.09956532,-0.3060009,-0.5913534,-0.025772423,-0.1517928,-0.06614428,-0.37269312,-0.09221117,-0.13936603,-0.2904694,0.23347734,0.2957062,0.11399355,-0.11786578,0.33291677,0.28752452,0.12936339,-0.0074356366,0.11717269,-0.050881512,-0.42088154,-0.13777712,0.38807148,0.28169706,0.2715675,0.3826226,0.43479416,0.48342183,0.31245032,0.23063096,0.18924135,0.48262516,0.42545122,0.49560308,0.5325669,0.33488578,0.43409362,0.3452004,0.45816255,0.4000827,0.26935753,0.37841278,0.3262741,0.17563312,0.5316833,0.39913994,0.37967035,0.7042979,0.39363194,0.37858757,0.30777532,0.40479624,0.35592484,0.3906232,-0.73047215,-0.8831185,-0.559983,-1.0536559,-0.59661174,-0.9322984,-0.010670801,-0.6856537,-0.13163358,-0.57473147,-0.5356263,-1.2870338,-1.4211481,-0.6515979,-1.5075691,-0.54604673,-1.3269958,-0.8930615,-0.60229987,-0.88937914,-0.22935437,-0.12866442,-0.6977602,-1.0450839,-0.3980975,-1.0535864,-0.5742654,-0.44135055,-0.41464248,-0.7131523,-1.0636435,-0.86914426,0.5287481,0.049122956,0.41718832,0.54097986,0.9008976,0.88115144,1.1568635,0.16135125,0.5688471,1.4436675,0.8477344,0.8476274,0.42108032,0.4090584,0.38705826,0.682257,0.44959727,0.63859355,0.3701804,0.26979426,0.89532137,0.5267664,1.0688581,0.43642637,0.9638125,1.4320576,0.7852156,0.94115233,0.7123975,0.58122975,0.38332698,0.49775836
ESFJ🎧,ESFJ,0.13258958,-0.4089315,-0.043785762,-0.048886295,0.08001209,-0.11559357,0.3821798,-0.28446347,0.3587941,0.39637896,0.21311897,-0.0647368,-0.32666183,-0.10140389,-0.33491188,-0.05392877,-0.3535788,-0.32376444,-0.23454732,-0.37141156,0.07599958,0.1990043,0.004757964,-0.19878799,0.37051323,0.2530133,0.088780835,0.11134682,0.19782145,-0.050374452,-0.5304516,-0.29650453,0.3293907,0.4363107,0.30741584,0.3717184,0.40635175,0.49929336,0.44709742,0.3650422,0.23622131,0.50525576,0.50679874,0.4484445,0.5088582,0.43860814,0.47663513,0.4311778,0.46153116,0.5713664,0.37769973,0.40742055,0.3532322,0.20827882,0.57313097,0.5281757,0.3884281,0.7434617,0.45553818,0.40127367,0.41294983,0.4875161,0.32603866,0.49941042,-1.0059301,-1.3612562,-1.1282992,-1.1639817,-0.85318005,-1.5358236,-0.71116006,-1.296334,-0.40278196,-1.4659017,-0.7542122,-1.7706627,-1.401316,-1.2522378,-1.7715839,-1.2433268,-1.417282,-2.0135138,-1.7870668,-1.224875,-0.6664232,-0.31320715,-1.4795921,-2.1930034,-0.8839958,-1.3301609,-0.87303394,-0.89333385,-1.1423572,-1.4284066,-1.3730229,-1.2807114,0.87971705,1.3294077,1.0114906,0.7960368,1.022162,1.4655738,2.036987,0.53305066,0.9914802,1.974403,1.5552369,1.0999128,1.1987959,0.7660586,0.6377741,1.9243782,1.1029799,1.254473,1.1048392,1.7948003,0.9652039,0.7257423,1.4092,0.90866226,1.5720613,2.1507788,1.7813646,1.1689105,1.0628327,1.1887964,0.5316836,1.5139818
esfj(4),ESFJ,-0.016375648,-0.3782684,0.017639862,-0.13181596,-0.057335634,0.041109663,0.30218467,-0.24763612,0.33389345,0.46346506,0.44817105,0.19886161,-0.116716534,-0.05277707,-0.49234986,0.16620712,-0.2595853,-0.32684624,-0.26454595,-0.25202274,-0.0032799728,0.13780814,-0.044288173,-0.27023295,0.38507596,0.24693553,0.041899163,0.23910423,0.098602355,-0.074085094,-0.38989392,-0.35967138,0.4002838,0.48279318,0.3836993,0.4905537,0.42043757,0.43993032,0.50406533,0.41252866,0.28749475,0.5480606,0.5495072,0.43334505,0.6212556,0.36449507,0.5420652,0.43629584,0.45786366,0.6920408,0.3396313,0.42288527,0.44696975,0.22944824,0.65952045,0.55016667,0.51231337,0.7370586,0.5920953,0.38892713,0.4619029,0.35883555,0.31130362,0.685137,-0.85462415,-1.2498733,-0.83957374,-1.312492,-0.9984931,-1.2762537,-0.74574983,-0.953056,-0.36258683,-0.7822903,-0.61615366,-1.1711304,-1.7486768,-0.9443909,-1.9202336,-0.7487271,-1.1902857,-1.6926106,-1.5927366,-1.124532,-0.823217,-0.3336917,-1.387191,-1.4372332,-1.0520926,-1.3597169,-0.99425423,-0.49766165,-1.1106819,-0.7164259,-0.94264984,-1.428123,0.71143603,1.1101844,1.1696719,1.0989506,0.6574886,0.8314167,1.4159044,0.5200282,1.581371,1.3067632,1.671108,1.0364631,1.49055,0.65279967,0.40412357,0.90759254,0.6466539,1.077175,0.6801159,1.2422203,1.0612652,0.84127563,1.5941596,0.6542545,1.5502409,1.7226986,1.4138043,1.0020674,0.9025541,0.60604024,0.5493947,1.4399772
ESFJ MIX 2025（╹◡╹）♡,ESFJ,-0.109409355,-0.6199126,0.0023338948,-0.10071369,0.004476427,-0.09101072,0.48576444,-0.39707708,0.34056267,0.16197316,0.20367457,0.03125132,-0.4275387,0.028030885,-0.34599584,0.15016095,-0.44414803,-0.04475255,-0.22798325,-0.07958712,0.2267564,0.21941085,-0.037112568,-0.121469215,0.46676588,0.3273824,0.10042707,0.1051384,0.0061370796,0.0021393758,-0.30959126,-0.12420288,0.3187402,0.46937472,0.31709763,0.41228974,0.37791824,0.43192804,0.4703556,0.37288433,0.22631983,0.48405534,0.4967732,0.4802163,0.5049826,0.39220518,0.46877372,0.36652863,0.47392818,0.49357185,0.27310288,0.40223604,0.3673282,0.22522195,0.4900843,0.42595944,0.36507753,0.6322059,0.3522512,0.367311,0.32745865,0.43449196,0.2477166,0.45786703,-0.82835054,-1.4653695,-1.2514168,-0.9127109,-0.74984837,-1.0085465,-0.5284758,-0.9874484,-0.25290287,-0.5422007,-0.5423581,-1.080986,-1.4969348,-1.3932718,-1.5322881,-0.57532585,-1.2383611,-1.4486287,-0.94387573,-0.92235494,-0.59819883,-0.31846517,-1.2808253,-1.181791,-0.35551366,-1.1823033,-0.8153146,-0.5112418,-0.58322585,-1.0578221,-0.8210568,-1.234172,0.4492315,0.49508888,0.56789494,0.91080827,0.80223805,0.9500021,1.586128,0.6336365,1.0579264,1.2655686,1.3661736,1.2447808,0.70618147,0.7163507,0.44456664,0.9579459,0.8890773,0.6228736,0.40406558,1.376409,0.83754414,0.6835217,1.2756423,0.47607523,1.1042441,1.6144449,0.6804762,0.93126166,0.7705936,1.1082035,0.247511,0.7067967
a playlist of ESFJ,ESFJ,-0.3514565,-0.6032031,-0.26767132,-0.47419605,-0.6611416,0.71957356,-0.17688826,-0.112766765,-0.016529063,0.84342796,0.5958025,-0.16329458,-0.04427609,-0.16946384,-0.4384801,0.45961162,-0.07678025,-0.7572285,-0.485059,-0.33931488,-0.29887724,0.45721346,0.12154359,-0.39864233,0.11414497,0.71692127,-0.53515226,0.7345249,0.21800639,-0.5755641,0.26700273,-0.8693115,0.34062728,0.517505,0.26281375,0.3078279,0.41498893,0.28971738,0.31110963,0.36963454,0.23175094,0.32465285,0.65904117,0.46249008,0.30668107,0.41775638,0.19996354,0.3401173,0.49714214,0.6340987,0.20243713,0.39102304,0.2236607,0.13029519,0.9486764,0.21013695,0.4447158,0.5650872,0.2139837,0.4002254,0.3403141,0.50748134,0.332015,0.28372884,-0.8252118,-1.3596493,-0.8213229,-0.9222026,-1.5523028,0.2420907,-0.5187743,-0.7892201,-0.487695,0.2007197,-0.11485122,-0.57415354,-0.51712006,-0.8371783,-0.7540225,-0.044145264,-0.6767903,-1.7404182,-0.73944956,-0.91142017,-0.56656307,0.20026822,-1.370871,-0.6478977,-0.6087957,-0.3160707,-0.9136601,0.1888707,-0.4188292,-1.0947081,-0.44569802,-1.2456142,0.25345626,0.30628133,-0.07019167,0.016975274,-0.09908973,1.1837338,0.3940865,0.3174112,0.3363588,1.2667327,1.8013245,0.76502293,0.4243415,0.38772547,-0.12454281,0.88703895,0.62509876,0.38484544,-0.20304735,0.48420048,0.13320488,0.62290007,1.7840228,-0.017196389,0.88259965,1.6141764,-0.26885647,1.233429,0.7442731,0.19527808,0.64622754,-0.50415903
esfj(5),ESFJ,0.06838616,-0.2649031,0.2054323,-0.18456505,0.45528665,-0.38047758,0.8379209,-0.26714206,0.5485244,-0.033258002,0.26995662,-0.08937954,-0.4193316,-0.10749657,-0.4122273,-0.114544824,-0.2720296,-0.062936455,-0.15064394,-0.33821493,0.38534814,0.18585268,0.16385847,-0.01204899,0.51394695,-0.19087529,0.6259635,-0.0674124,-0.04696653,0.31286627,-0.62662554,0.14407001,0.32473087,0.5879791,0.46185988,0.33654293,0.4263884,0.55309874,0.3740091,0.37895852,0.28201273,0.568982,0.6018716,0.48163274,0.48148352,0.41023818,0.61752045,0.4410369,0.5237183,0.4144449,0.36703184,0.48357037,0.3771065,0.1865723,0.61215764,0.65066355,0.45366168,0.74013543,0.48936754,0.4529429,0.4606952,0.52797157,0.312005,0.64371914,-0.71357596,-1.6195896,-1.4007859,-1.2357014,-0.47088706,-1.797114,-0.2522804,-1.1662365,-0.1444495,-1.8240123,-0.92886496,-1.373186,-1.3264613,-1.3056438,-2.1600113,-1.0724559,-1.4595956,-1.4553065,-1.7848114,-1.338703,-0.8680447,-0.50323164,-1.5733726,-1.7187251,-0.6479597,-1.7701226,-0.40734345,-0.92277104,-1.1797597,-1.3320642,-1.63541,-1.7332038,0.71846205,1.2165945,1.3186793,0.68886197,1.4720732,1.4248377,1.7069949,0.9639495,1.2112323,1.5377586,1.7112854,1.2567396,1.4285073,0.7063843,0.3318459,1.2318246,1.0365075,0.7303941,0.66203207,1.7345662,1.1087065,0.63213754,1.656288,0.960541,1.7490592,1.440531,1.7925104,1.0905417,0.86933124,1.2731689,0.23996668,1.7556015
ESFJ(6),ESFJ,-0.1261902,-0.4621195,-0.1433359,-0.08387018,-0.11120505,0.12938942,0.3048609,-0.15931906,0.3130729,0.26260665,0.23818979,0.035858598,-0.19505468,-0.15036108,-0.3349474,0.1235775,-0.3865933,-0.4397021,-0.37297806,-0.064582676,-0.014593997,0.2034394,-0.04835124,-0.22995837,0.5161623,0.31918254,-0.04785,0.16125883,0.2187245,-0.059811674,-0.2765768,-0.4298024,0.37035987,0.5272026,0.42821598,0.4736908,0.36949882,0.4592934,0.47221252,0.49324712,0.27511758,0.7275956,0.4177005,0.47022313,0.514936,0.43961743,0.4953471,0.42778987,0.3728221,0.79473263,0.40895125,0.65746117,0.45514578,0.19004488,0.55510855,0.53362906,0.46071935,0.48757225,0.53277963,0.31981093,0.4375679,0.33257347,0.31642884,0.70028013,-1.1852794,-1.3837352,-1.22687,-1.0497404,-0.98524594,-0.7834425,-0.72204286,-0.9601795,-0.2938297,-1.9407454,-0.42063233,-1.3956228,-0.9248412,-1.0701095,-1.7396221,-0.7487271,-1.0182759,-2.7492633,-1.2274373,-0.9419638,-1.068715,-0.27167016,-1.1330866,-1.8578706,-0.47028127,-0.6804033,-1.0793724,-0.28502673,-0.7097403,-0.849021,-0.87589103,-1.9657924,0.4401434,0.5683229,0.9481198,1.1199154,0.7262695,0.90190583,1.0034829,0.65719116,1.1177918,1.7905456,1.1775217,1.3938196,0.9550355,0.5743505,0.42514554,0.90321124,0.24889272,0.6129727,0.5941276,1.8789374,0.72344434,0.4976565,1.0407703,0.7310451,1.3996079,1.0453365,1.1583678,0.86678267,1.2841381,0.56087565,0.54185057,0.95045006
peak esfj behaviour,ESFJ,-0.3628341,-0.5128083,-0.0055510458,-0.2372985,0.009336312,-0.15997735,0.7649897,-0.48489702,0.2658073,-0.17834598,-0.085553326,-0.1355524,-0.6130127,0.038705796,-0.50846934,0.27251455,-0.29051307,0.28126013,-0.16623001,0.13215405,0.4894799,0.24010536,-0.32034284,-0.21057704,0.6385753,0.66271204,0.57942694,0.048962124,-0.2108678,0.07414132,-0.27654973,0.256782,0.42083305,0.6463448,0.4747957,0.5010038,0.464493,0.61636007,0.45326477,0.38094294,0.381299,0.596088,0.43047926,0.6893735,0.53784555,0.41638774,0.52310103,0.46199858,0.54785556,0.42504647,0.47436014,0.48231494,0.37934458,0.25083944,0.6435741,0.6158823,0.5259456,0.71645314,0.44643432,0.3877623,0.4074136,0.4251465,0.32230052,0.659513,-1.5306684,-1.9578553,-1.6077589,-1.429652,-1.3472449,-2.0452423,-0.25290138,-1.2303408,-1.1080253,-2.2920737,-0.8357316,-2.440266,-1.7747511,-1.0414032,-2.2895627,-1.2465758,-1.4353845,-0.97486603,-1.9334679,-0.997254,-0.44164422,-0.6077624,-2.1747892,-2.1818905,-1.0086132,-1.4112965,-1.0713644,-0.76843846,-1.7077116,-1.0624826,-0.94264984,-1.2616858,0.55804247,1.7516086,1.0707488,1.4448891,1.447881,1.6939763,2.1807833,0.634714,1.6531452,1.1778798,1.2608716,1.9274797,1.0266732,0.78278226,0.3526721,1.4834318,1.4440237,1.1788837,1.1872212,1.9714535,1.4212584,0.8514294,1.1250231,1.0277302,1.7801112,2.4809747,1.8164555,1.2293137,0.5625385,1.392988,0.8114667,2.531332
esfj stuff,ESFJ,-0.085452594,-0.38959625,-0.2934288,-0.060289286,-0.18742688,0.457873,-0.008292652,-0.083791114,0.3057873,0.5672616,0.48138154,-0.013700472,0.15355763,-0.19787404,-0.44030765,0.3044008,-0.13363309,-0.72930616,-0.510363,-0.09177672,-0.20789324,0.20927164,0.12738207,-0.34469232,0.25189745,0.29470682,-0.36278462,0.38225323,0.1972243,-0.39349082,-0.16291912,-0.5568831,0.37562183,0.4986536,0.44382346,0.5486302,0.51406264,0.4764306,0.4055873,0.49207264,0.41623726,0.7075411,0.571141,0.4758784,0.64699864,0.4179038,0.45213285,0.45458952,0.51761365,0.874195,0.4175548,0.66679186,0.42905602,0.25803325,0.67829496,0.42662302,0.41623056,0.7213667,0.41759112,0.3532718,0.47586346,0.373921,0.38807318,0.7205104,-0.79241365,-1.3129915,-1.6090136,-1.2100822,-1.2923803,-0.7745182,-0.9129187,-1.1998252,-0.93746644,-1.4290515,-0.6972616,-0.96528655,-1.0369627,-1.3833954,-1.6776379,-0.8114813,-1.2074183,-2.9221175,-1.4122353,-1.2971821,-1.2301021,-0.32713038,-1.106245,-1.0065727,-0.8415562,-1.8520838,-1.296644,-0.3408148,-1.07338,-1.3320642,-1.3210849,-2.1092842,0.674931,0.6493217,0.7408733,1.6891627,1.2599902,1.4248377,0.9226761,1.1703553,1.5794489,1.8558497,1.8864937,1.3420783,1.7914579,0.46966243,0.67130786,1.2318246,0.8870555,0.6993802,0.27289522,1.4632665,0.71687907,0.88527405,2.136216,1.07827,1.1279948,1.7732416,0.5854585,1.2823751,1.3712159,0.77520865,0.6913067,1.0245267
esfj mode 𝜗ৎ,ESFJ,0.018421998,-0.090087675,-0.32188126,0.0023717699,-0.18083683,0.50947285,-0.110802226,0.25424224,0.3578991,0.7393409,0.5778146,0.03393974,0.335559,-0.41891545,-0.3901928,0.07463539,-0.07066681,-1.2343957,-0.61417544,-0.21469112,-0.49651733,0.13065523,0.25998053,-0.4082574,0.25845706,0.1271999,-0.5014069,0.35620967,0.44926235,-0.2644926,-0.25163072,-0.84583205,0.28788048,0.5007282,0.39444467,0.48578316,0.5076232,0.42148614,0.27652144,0.4918751,0.32647178,0.5902424,0.48556927,0.39912918,0.47173873,0.39572224,0.35450548,0.40339914,0.49895027,0.7017474,0.36982295,0.6077025,0.36364058,0.23360267,0.7083702,0.38336957,0.36999434,0.6547953,0.32628244,0.37949723,0.35744417,0.41871437,0.3139154,0.65256894,-0.6654948,-1.1914822,-1.4993525,-1.0513556,-1.1452432,-0.3930141,-0.6991561,-0.75356025,-0.22444898,-0.5808052,-0.64784765,-0.85502183,-0.6957453,-1.3723899,-1.1097264,-0.6841424,-1.292359,-2.5508692,-1.64264,-1.1090771,-1.2001562,-0.33271685,-1.090951,-1.0000771,-0.5585973,-1.4046803,-1.0521166,-0.5375245,-0.31990492,-1.0838215,-0.9626123,-1.7419754,0.6452719,0.9844058,0.2494174,1.2851732,1.0067875,1.3053211,0.7505111,1.3436041,1.0831543,1.5649266,1.6777,0.64452064,1.2969495,0.36692885,0.61454177,0.91012204,0.9061806,0.50114036,-0.10263275,1.2500825,0.3785412,0.64909315,1.8198112,0.44287664,1.3021216,1.1873374,0.14797187,0.9898749,1.2125388,0.7722306,0.3655419,0.8218371
jus an esfj girlie𑣲⋆｡˚,ESFJ,-0.077599086,-0.5177132,0.079548195,0.0070285005,-0.0448274,-0.17839058,0.39354512,-0.35763097,0.32507214,0.13555345,0.24110791,0.11373886,-0.42495164,-0.008983048,-0.40480247,0.1613987,-0.39647996,-0.06086667,-0.16020663,-0.0007713386,0.2175251,0.21958756,-0.13429268,-0.16766962,0.44109112,0.45058388,0.18040776,0.10389404,0.011897552,0.03744812,-0.28871077,-0.0818441,0.3751099,0.541552,0.4103312,0.4312293,0.3769379,0.5419258,0.40239513,0.4286342,0.3203827,0.5476921,0.5270787,0.5604039,0.53783876,0.38020304,0.52363,0.42067906,0.47522688,0.5600762,0.35667148,0.4945962,0.41771823,0.24738626,0.5201866,0.5462018,0.47824982,0.65019405,0.4623274,0.37307775,0.3997526,0.42574555,0.27434775,0.6468686,-0.97166085,-1.6253624,-1.1332266,-1.0482044,-1.0296469,-1.9236637,-0.6461742,-1.0946186,-0.63571626,-1.9065535,-0.99275506,-1.9202645,-2.2530587,-1.3378904,-2.4298596,-0.88559604,-1.2492185,-1.5969621,-1.2909565,-0.91031915,-0.8814331,-0.5028996,-1.6297499,-1.7308286,-0.8910037,-1.2949991,-1.0506554,-0.7207244,-1.4791963,-0.9639068,-1.194438,-1.5992678,0.6742509,1.2304066,1.2918036,1.5472541,0.96321553,1.4098988,1.5062762,1.3554304,1.594782,1.2945809,1.5220548,1.9729239,1.1091245,0.7479143,0.4473514,1.4656231,0.98996514,1.0240736,0.86981463,2.1142685,1.1739199,0.9801949,1.2999862,0.8860037,1.8297033,1.7087157,1.6603827,1.1511854,0.92478836,1.2763357,0.42995155,2.658566
ESFJ Radio,ESFJ,0.074967295,-0.31502992,-0.08037844,-0.15326048,-0.38789603,0.44687492,-0.17903493,-0.11399491,0.18149772,0.9636625,0.7495847,0.09391891,0.23888835,-0.16233544,-0.31871662,0.0897794,-0.20259692,-1.0178418,-0.46472532,-0.54565763,-0.32631207,0.30097792,0.21507633,-0.33455792,0.04070426,0.28416863,-0.5375376,0.41510463,0.4362347,-0.33017498,-0.24226828,-0.8575372,0.28249,0.43576598,0.28683257,0.33909297,0.5453799,0.49380973,0.30434972,0.45038527,0.3353746,0.4362348,0.6180886,0.4717526,0.510879,0.34892285,0.43671685,0.3670073,0.47212118,0.58479255,0.3540026,0.34498212,0.30270678,0.33014932,0.7457758,0.50364363,0.44932175,0.7018886,0.46758145,0.35835174,0.31279033,0.36252317,0.37447092,0.517838,-0.5405017,-1.3924097,-0.6432548,-1.2959937,-2.0682352,-0.67366916,-1.328332,-1.1031461,-1.2610265,-0.29680878,-0.5998531,-1.0514992,-1.2299836,-0.7637119,-1.2396517,-0.7590172,-1.1977398,-2.0750198,-1.378947,-1.1803222,-0.83597165,-0.13692911,-1.2418456,-1.0589029,-1.5649906,-0.9684277,-1.3991768,-0.6410298,-0.3126374,-1.0248134,-1.2880303,-1.7806517,0.6293474,0.4711577,0.6823374,0.40958178,1.0111849,1.4372663,0.5267504,0.6069922,0.7119601,1.6952171,2.3025606,1.2965587,1.4153599,0.3927509,0.6995679,0.9731278,0.77190983,0.16844603,0.3870168,0.27476695,0.33364883,1.768872,1.773301,1.8034875,1.0178306,1.4365579,0.44478464,1.3814934,1.0053531,0.5867094,0.76847,0.96106505
esfj girl.,ESFJ,0.010384213,-0.4273098,0.074018724,-0.036448397,-0.11303384,-0.014309976,0.25073743,-0.3388993,0.2660185,0.31934074,0.3776657,0.11865214,-0.16678077,-0.04018503,-0.3136792,0.111779146,-0.36255103,-0.28099295,-0.28770512,-0.19163209,0.07962899,0.26467836,0.015798373,-0.10361623,0.26027742,0.28591833,0.0048244772,0.1616264,0.06619572,-0.0024506967,-0.30267224,-0.19290619,0.34018072,0.54391223,0.3494193,0.42411086,0.46312693,0.55821973,0.45112276,0.4020082,0.33045438,0.5218433,0.51890504,0.4800285,0.61282134,0.39272842,0.50345004,0.4605149,0.5619193,0.63253057,0.36745086,0.43407947,0.40231007,0.24556209,0.56838036,0.5346859,0.460576,0.7034414,0.5184696,0.41395885,0.45790854,0.45949012,0.3014634,0.64710236,-1.0499073,-1.6189439,-1.5887533,-1.3488041,-1.8690146,-1.817287,-0.9096881,-1.1619081,-0.87941056,-1.4512798,-1.0471102,-1.6049025,-1.9036305,-1.1140003,-2.2176495,-1.297492,-1.4320651,-2.2150736,-1.4759192,-1.2221119,-1.0995595,-0.4307907,-1.3794369,-1.7367584,-1.4811028,-1.4408709,-1.1150557,-0.6612024,-1.4791963,-1.4946895,-1.1046968,-1.5767678,0.96082747,0.96867007,1.0559481,1.12823,1.0339292,1.5243665,1.3665844,0.8446569,1.6172922,1.778083,1.7456651,1.6489531,1.6409019,0.80062366,0.5581622,1.5143489,1.3378443,1.038562,0.7937395,1.8334157,1.1739199,1.3183305,1.3493634,1.0542585,1.7067497,2.0133626,1.6603827,1.5107461,0.9109276,0.9372106,0.48827362,2.658566
esfj❤︎,ESFJ,-0.10616235,-0.50173444,-0.08840272,-0.124395,-0.06440168,-0.047792245,0.44691664,-0.3679919,0.27905205,0.27649647,0.056019105,-0.010330951,-0.46981472,-0.06499954,-0.4189005,0.1434528,-0.41607624,-0.11162487,-0.179949,-0.18465745,0.17393805,0.22865844,-0.25439438,-0.29264283,0.50930387,0.56905484,0.18981074,0.12280165,0.09462159,-0.077579804,-0.3936026,-0.23630148,0.37366167,0.4957413,0.33649674,0.38023213,0.3959923,0.47683927,0.42434788,0.40519416,0.2804092,0.5622088,0.49990198,0.4728154,0.5031712,0.42123044,0.5019673,0.40120742,0.4386763,0.5924648,0.3722194,0.41277194,0.42453742,0.22661486,0.59218806,0.5636755,0.47391012,0.67643046,0.47032884,0.3501471,0.40823153,0.43540984,0.2997705,0.6194497,-1.1098063,-1.8228127,-1.3085419,-1.4332178,-1.276197,-1.3207744,-0.5571177,-1.351683,-0.5296793,-1.7881161,-1.168854,-1.7706627,-1.4320916,-1.3356837,-1.767316,-0.89911515,-1.5058384,-1.8460109,-1.2237173,-1.3514309,-0.77616876,-0.37719467,-1.4358813,-2.1930034,-0.88670146,-0.9469117,-1.1115712,-0.7421542,-1.4627137,-1.0645928,-1.2349921,-1.5761064,0.6652171,0.9133258,0.8993955,0.60147816,0.94775486,1.0189686,1.56466,0.6800567,1.7495005,1.5458881,1.824344,1.0629421,1.0506134,0.9450008,0.4686199,1.3620832,0.6163151,1.2483463,1.1048392,1.5367229,1.1416384,0.8557199,1.0663823,0.77854013,2.3461435,2.1507788,1.3978038,1.0887353,1.1184587,1.3427081,0.5538445,1.7556503
Esfj girl 🎧🩵,ESFJ,0.004676838,-0.38626093,-0.07692851,-0.07949438,-0.16662286,0.13274907,0.1818055,-0.16568144,0.31899327,0.47487363,0.42597148,0.0694495,-0.078270756,-0.14432582,-0.3170799,0.061671827,-0.33902964,-0.59056926,-0.35697076,-0.24640611,-0.12635148,0.21706827,0.053375423,-0.22915006,0.34608474,0.2777921,-0.16743231,0.2152981,0.2666291,-0.070378825,-0.31881675,-0.5245159,0.347624,0.49332133,0.37926087,0.43819585,0.40635848,0.5469672,0.403371,0.45901045,0.2810252,0.6269688,0.5966072,0.47562987,0.5622383,0.4066215,0.4638496,0.4199828,0.51985025,0.77661115,0.4177206,0.49061036,0.4158566,0.22708274,0.6209403,0.4934718,0.42349705,0.66683006,0.5077216,0.39033273,0.39455292,0.41700983,0.31373337,0.6463312,-1.1841153,-1.4504958,-1.5146385,-1.3852731,-1.1048043,-1.631692,-0.82693833,-1.1598896,-0.4162732,-1.9288342,-0.8947284,-1.4078119,-1.6039628,-1.6964111,-1.8833559,-1.213631,-1.4644253,-2.6965294,-1.737808,-1.1320673,-1.1137538,-0.38381293,-1.483553,-2.0034823,-0.8415562,-1.5706815,-1.3567482,-0.90415484,-0.88235605,-1.1264997,-1.0565592,-2.0160723,1.2171429,0.94802177,0.7719652,1.9018035,0.96201885,1.443944,1.2514518,1.0053895,1.581371,1.8409058,1.7456651,1.3683425,1.49055,0.80303097,0.6718103,0.96411955,1.250613,0.87969816,0.7937395,1.5592943,0.7425039,0.9383211,1.7491568,0.6243442,1.5435725,1.6426309,1.648257,1.2001902,1.2893296,1.0294408,0.492689,1.2009665
ENFP Core,ENFP,-0.3458274,-0.61193544,-0.10733772,-0.14830583,0.11769349,-0.14546682,0.7455321,-0.39916542,0.37805542,-0.29661447,0.015586777,-0.26713452,-0.62714994,0.0015717781,-0.51987,0.2745463,-0.23540708,0.22257186,-0.21050894,0.2408697,0.429684,0.22416751,-0.15189175,-0.24603464,0.6315997,0.50256,0.49613324,0.11843502,-0.16956879,-0.030093959,-0.21603133,0.18440303,0.47250447,0.5779924,0.4397033,0.5699474,0.45302016,0.6293799,0.4233564,0.44843844,0.37356004,0.7687026,0.5199938,0.69585437,0.58278537,0.41339824,0.51293576,0.4683831,0.6649575,0.46211737,0.49485183,0.6306953,0.38632426,0.22751963,0.58808196,0.6000598,0.5392912,0.6919362,0.46582127,0.4149578,0.40018833,0.44486883,0.36224097,0.6954288,-1.607742,-1.8498932,-1.2149429,-1.3555267,-0.8304244,-2.2545462,-0.2901409,-1.1865069,-0.436755,-2.4427981,-1.0507317,-2.9698606,-2.598055,-1.3004189,-2.036505,-0.8213799,-1.3554175,-0.9036914,-1.8822889,-1.1047441,-0.31163815,-0.3681308,-1.5892864,-1.9572453,-0.99359894,-1.7382077,-0.9132893,-0.5512972,-1.2749591,-1.123684,-1.0053127,-1.257617,1.230217,0.812455,1.0613943,1.829364,2.0654204,1.133075,1.6459347,0.75085264,1.8654659,1.3430262,1.8927404,1.3077735,1.4527693,0.87745446,0.24826115,1.2217755,2.3010633,1.2460167,0.98860997,2.075696,1.2044072,0.6987512,1.319317,0.9402581,2.0416908,1.9610715,1.7229269,1.1528292,0.6818723,1.2805699,0.98992693,2.2017612
ENFP kpop songs _3,ENFP,-0.2099236,-0.39041096,0.21215251,-0.15693296,0.101914994,-0.37932867,0.7786619,-0.47331226,0.27480125,-0.039275475,0.041619446,0.1144435,-0.62112695,0.09093588,-0.62892365,0.26432648,-0.2211953,0.37631646,-0.049546566,0.015197162,0.5885304,0.15356831,-0.30005306,-0.26060727,0.5813788,0.5540593,0.7200419,0.08861715,-0.320028,0.12159675,-0.37827504,0.3168126,0.33886674,0.6227691,0.38498738,0.42468634,0.32727146,0.46049395,0.35618958,0.3491355,0.2951144,0.5339911,0.414784,0.54227513,0.45301574,0.3644702,0.5564462,0.34045827,0.5363843,0.39325055,0.31025305,0.3927167,0.39534616,0.20335858,0.50016093,0.6355755,0.46516395,0.546036,0.36769885,0.39687562,0.45301908,0.42987844,0.2661338,0.6531272,-0.92245144,-1.3689011,-0.59135413,-1.3853357,-0.6784829,-1.655569,0.08374106,-0.97175443,-0.5776352,-0.7840987,-0.72311765,-1.1366196,-1.636386,-0.9844564,-1.9636537,-0.4892088,-1.2330123,-0.7320556,-0.6648518,-1.0254484,-0.44648466,-0.5183367,-1.5256602,-1.8562132,-0.56081575,-0.7088381,-0.054594442,-0.57718205,-1.3562412,-1.1843132,-1.0845933,-1.1608447,0.71143603,1.2459339,1.2858973,0.69228053,1.1807489,0.97102493,1.3838725,0.56699914,0.826723,1.1941566,1.0460883,1.4522278,0.60820705,0.78278226,0.19932032,1.3911349,0.93574524,1.1916163,0.90825504,0.7724232,1.2223487,0.80565333,0.69865817,0.8693662,1.5221125,1.6691357,1.6193653,1.1064798,0.60441685,1.2729098,0.22041465,1.7005703
ENFP,ENFP,-0.0977201,-0.5167934,0.018876133,-0.16433936,0.1490454,-0.20703605,0.6409732,-0.39762425,0.34546202,0.11010354,0.10915654,-0.06781015,-0.5256366,0.024673825,-0.43563095,0.08446068,-0.3289291,0.029008757,-0.17906226,-0.20028505,0.324433,0.20551823,-0.028744016,-0.17897357,0.5037821,0.28166896,0.35062462,0.085053004,-0.03543809,-0.0074001327,-0.4420193,-0.0463522,0.36832494,0.5195524,0.33362886,0.40931123,0.39546323,0.49009857,0.46207502,0.40768915,0.25383878,0.54874444,0.48981076,0.5327759,0.4815274,0.41180226,0.5406374,0.40694803,0.47438028,0.5504583,0.35168472,0.4253954,0.41433954,0.2115063,0.56368655,0.59449285,0.4263894,0.6706452,0.45143506,0.40425542,0.4281295,0.43607587,0.29771084,0.59472525,-1.4812645,-1.5851544,-1.3872857,-1.6762661,-1.2469134,-1.6990968,-0.79594177,-1.296334,-0.45468634,-1.763263,-1.0316132,-2.4817183,-1.7753197,-1.4711568,-2.0652802,-1.3741014,-1.3623614,-2.858504,-1.4315071,-1.3518757,-1.377491,-0.4419023,-1.5109432,-2.269445,-0.79044455,-1.5404931,-0.89722526,-1.0201942,-1.6794177,-1.3305212,-1.2713683,-1.6191652,0.8395382,1.8255333,1.0810934,0.9741388,1.2600023,1.4178629,2.0532734,0.9624742,1.1826453,1.7197099,1.7395873,1.5075651,1.0825098,0.8398252,0.6134529,1.6670672,1.2817721,1.3293763,0.9974643,1.5318068,1.177372,0.99843055,1.4425768,1.03014,1.5149952,1.8990881,2.016371,1.1658154,1.1337281,1.0209458,0.48669448,2.2693
ENFP __ the campaigner,ENFP,-0.39611778,-0.5476434,-0.20959558,-0.34583706,-0.032734964,0.1398419,0.574969,-0.40937826,0.24811073,0.011798759,0.048388686,-0.22395857,-0.4264479,-0.025371868,-0.5478178,0.37877914,-0.20514117,0.16173065,-0.27324718,-0.032934792,0.23036219,0.27185243,-0.20560345,-0.30019507,0.55590165,0.53653365,0.37911236,0.24074934,-0.17592788,-0.20179336,-0.20456944,-0.06235364,0.46275264,0.66721815,0.42964724,0.5928801,0.4879911,0.58246875,0.40769315,0.46399775,0.34624264,0.6889848,0.48171014,0.6516895,0.5400436,0.42828995,0.47924426,0.42583126,0.62853163,0.5114943,0.37518334,0.55840623,0.36146715,0.25489897,0.7016434,0.5717892,0.5131539,0.7780013,0.4942794,0.39469212,0.38800603,0.4758285,0.3160132,0.6378067,-1.3436912,-1.9392397,-1.2149429,-1.8801582,-1.6201946,-1.6452024,-0.47137797,-1.2861093,-0.69821876,-2.0607882,-0.7261558,-2.2370317,-1.739532,-1.6660031,-1.8804519,-0.6634635,-1.4992708,-1.0907505,-1.3828998,-1.0351232,-0.650938,-0.3474388,-1.9128602,-2.0155234,-0.6552175,-1.8390845,-0.9132893,-0.48080778,-1.2021155,-1.5108535,-1.0980918,-1.5490294,0.48135182,1.254165,0.9948982,1.321396,1.1502005,1.6098123,1.5568495,0.74696565,1.423193,1.4765259,1.2498938,1.4962829,1.1549641,0.7116496,0.32150334,1.3134302,1.1069198,1.1863159,0.87923574,1.8036128,0.907394,1.0981742,1.4895447,0.7432985,1.5289423,2.0355763,1.6102641,1.176593,0.58083564,0.80891776,0.5238821,1.6300393
ENFP (PDB),ENFP,-0.13072021,-0.49693665,0.033421345,-0.111498594,-0.0387508,-0.18611433,0.47398317,-0.38727495,0.3051735,0.1978122,0.20723352,0.053499125,-0.4396274,-0.0287434,-0.4306323,0.12559848,-0.37191722,-0.05350099,-0.18790148,-0.07864887,0.24266583,0.23740079,-0.11124264,-0.22066705,0.48470932,0.4656418,0.25262395,0.112302996,0.013186563,0.023652252,-0.34462178,-0.12347034,0.39133587,0.52134037,0.39897236,0.45043242,0.41050038,0.5820632,0.47582293,0.41197935,0.29441574,0.56229424,0.51383793,0.6167714,0.57017094,0.4259899,0.61655456,0.47169146,0.5823188,0.7010753,0.43600267,0.40068203,0.49329895,0.26445073,0.67324144,0.6451097,0.52641124,0.6730015,0.5779337,0.4155326,0.4906221,0.4801333,0.30749235,0.6771082,-0.9535572,-1.4374629,-1.6210228,-1.3217589,-1.0439833,-1.655569,-0.7222839,-1.2709562,-0.5776352,-0.85524815,-0.7698093,-2.2370317,-1.739532,-1.4097898,-2.0965648,-1.1116961,-1.4644253,-2.5062406,-1.6630692,-0.9390815,-0.8978295,-0.5183367,-2.0507758,-2.3269024,-0.7532922,-1.186377,-1.3431801,-0.5934904,-1.5791239,-1.1843132,-1.1420915,-1.7097937,0.7552987,0.8414497,1.2858973,0.69228053,0.7751258,1.2585522,1.5163922,0.695252,1.1649805,1.6351503,1.5434846,1.5489147,1.3223702,0.8928718,0.92048794,1.3896216,1.1069198,1.1863159,1.1660137,1.181385,1.1522603,1.0538988,1.5197997,0.8693662,1.7952178,2.192798,1.5060169,1.1064798,1.2139466,1.2729098,0.7458769,1.8948177
ENFP songs,ENFP,-0.16253868,-0.5140897,-0.0282029,-0.1119289,-0.029140193,-0.13025261,0.4549784,-0.36391103,0.3125154,0.09966205,0.21027462,-0.10268113,-0.44662145,-0.061709695,-0.35284817,0.11342056,-0.37001708,-0.05255977,-0.1967261,-0.021507729,0.18159886,0.2627829,-0.06964255,-0.20990907,0.44793224,0.45285138,0.19952558,0.089334264,0.0266514,0.010204569,-0.28220937,-0.13889131,0.42131004,0.5461351,0.39360076,0.4379727,0.45453963,0.59830743,0.46401855,0.40520865,0.3387134,0.5812132,0.5353066,0.62819314,0.59270495,0.3782241,0.5671213,0.4921564,0.58633274,0.62150174,0.4194748,0.43432721,0.43350175,0.24015176,0.6193063,0.567894,0.48786736,0.7165085,0.55341315,0.42770374,0.43985295,0.4761722,0.31992367,0.5989532,-1.256191,-1.6798178,-1.7321265,-1.4093236,-1.3692772,-1.816548,-0.7222839,-1.1660626,-0.58673483,-2.2180042,-0.83857083,-2.34606,-1.9974266,-1.5802625,-2.3899004,-1.3667364,-1.6312253,-2.5062406,-1.7235079,-0.94648004,-1.0462933,-0.43873844,-2.0507758,-1.8562132,-1.0922515,-1.7672203,-1.3834584,-0.9433369,-1.3666966,-1.3146626,-1.1420915,-1.8549469,0.7552987,1.1444575,1.2903231,0.91687804,1.6021154,1.3588256,1.7190596,0.8793453,1.8559631,1.6351503,1.5434846,1.5489147,1.3223702,0.9169771,0.65110797,1.268491,1.3632063,1.3263613,0.7636144,1.55891,1.259433,1.0700877,1.5670433,0.8927768,1.7952178,2.3058722,1.648257,1.2853373,1.1865302,1.3903363,0.7813429,1.7172173
enfp songs' database,ENFP,-0.16869628,-0.43892327,-0.08812257,-0.17391005,0.08255809,-0.07162817,0.5162908,-0.25754946,0.37399676,0.08362336,0.3021773,-0.19818595,-0.35613364,-0.09792345,-0.43179822,0.08985533,-0.19384727,-0.13709134,-0.2642039,-0.063779324,0.13076138,0.26569638,0.10418128,-0.23294112,0.44929257,0.2316315,0.23570947,0.17372411,0.0059873383,-0.04099774,-0.2910353,-0.17065753,0.42866367,0.5779128,0.41919646,0.5852931,0.45097408,0.6112922,0.5042009,0.45276394,0.40551326,0.7236425,0.5849705,0.68704057,0.625947,0.4089756,0.5789256,0.48992303,0.64429516,0.7237192,0.47462198,0.60296804,0.4797299,0.29082063,0.66032594,0.61727625,0.57527703,0.7017448,0.61455595,0.44986054,0.46767044,0.519174,0.3891995,0.66146564,-1.1978812,-1.5872413,-1.666622,-1.5049201,-1.171221,-1.6452024,-0.8310066,-1.1812415,-0.448924,-1.8275002,-1.3281553,-2.2370317,-1.739532,-1.2445031,-1.8226589,-1.5193326,-1.5001106,-2.6499465,-1.6630692,-1.324058,-1.1236607,-0.46896124,-1.6849017,-1.7367584,-1.4678335,-1.6071463,-1.9745963,-1.2145816,-1.2872605,-1.1919005,-1.3833077,-1.6496955,1.0342523,1.8973513,0.7820274,2.1657128,1.4663624,1.3541461,1.4023267,1.2671297,1.6847738,1.5291055,1.7587256,1.4486713,1.8379337,0.76240927,0.92048794,1.268491,1.540388,1.3263613,0.6045851,2.035868,1.259433,1.2183797,1.6785891,1.130498,1.8637668,1.976896,1.812627,1.2853373,1.2139466,1.3400086,1.0472068,1.3945558
ENFPに刺さる曲,ENFP,-0.14252314,-0.3470966,0.14072147,-0.32192543,0.2782512,-0.1631625,0.81309617,-0.31350142,0.32893676,-0.07319574,0.16734956,-0.07251407,-0.42101398,-0.012379827,-0.47049525,0.13311453,-0.19331683,0.1165915,-0.21863723,-0.22767559,0.42069557,0.16094668,0.050091855,-0.08553656,0.5122082,0.016991677,0.6051924,0.065344006,-0.21879254,0.19160725,-0.45651597,0.19455484,0.3835742,0.53933537,0.4822335,0.36815572,0.3843174,0.55414146,0.41876063,0.34845728,0.3527162,0.6207665,0.5450274,0.44119778,0.52592564,0.35792756,0.53358537,0.4660173,0.47376046,0.56397074,0.35621354,0.38465747,0.4348896,0.21509895,0.53097475,0.55157465,0.52405447,0.65952075,0.4537673,0.42248705,0.5329397,0.5248013,0.36845395,0.72727746,-1.0901828,-1.4822514,-1.3946893,-1.1857308,-0.54704905,-1.2120372,-0.21584186,-0.9444205,-0.58826476,-0.8529479,-0.94858867,-0.91963166,-1.3762568,-0.8929753,-1.9494399,-1.1527835,-1.1934495,-1.6849959,-1.1443353,-0.9439067,-0.64305234,-0.38892546,-1.425182,-1.5063503,-0.594182,-1.6698258,-0.42291313,-0.79393274,-1.564419,-1.1857841,-1.1750838,-1.2499173,0.4962191,0.97822124,1.0693021,0.57550335,1.1953124,1.5345231,1.7570297,0.4645939,0.9643775,1.4190185,1.6234545,1.1576902,0.7492917,0.671719,0.34169716,1.3667053,0.7229495,1.2306929,0.4597485,1.1835938,1.3365823,0.5963058,0.9812913,0.84131265,1.6709788,1.1789746,1.4296916,1.0398929,0.9300933,1.2879963,0.41167927,1.7809176
❝ENFP❞,ENFP,-0.0940388,-0.39895347,0.01120851,-0.004827034,-0.08948518,-0.09295803,0.28644526,-0.31112245,0.30951014,0.20241283,0.32322314,0.01507665,-0.27540365,-0.10614937,-0.34981808,0.103182666,-0.3317167,-0.23489131,-0.26226008,-0.01979794,0.10207296,0.24730463,-0.021159455,-0.17595424,0.3589124,0.4026405,0.11244135,0.09363305,0.0777535,0.03178817,-0.27108705,-0.15967396,0.456295,0.5735828,0.44982287,0.4871245,0.4421333,0.61459976,0.45777875,0.48438564,0.36674652,0.5680211,0.61028117,0.579429,0.66780823,0.4350387,0.51636106,0.5063736,0.53829193,0.79158413,0.49085802,0.55228025,0.5083217,0.30024216,0.7465515,0.5119906,0.53855777,0.7350122,0.5630639,0.39786893,0.50172055,0.44576627,0.39888626,0.69552034,-3.5330265,-1.8541687,-2.1668146,-2.5174475,-2.7451773,-1.872231,-1.1140238,-1.3445876,-1.9462762,-1.9864789,-0.96616143,-2.603465,-2.0009031,-2.1441777,-2.3917966,-1.4358535,-1.7307451,-3.084115,-3.3163826,-1.250108,-2.4518156,-0.73345214,-2.0671139,-2.0034823,-2.2137463,-1.7672203,-2.405245,-0.9853942,-1.7330737,-1.4850131,-1.3144529,-3.0577552,1.0939269,1.8577318,1.5791287,1.9187328,1.4625016,2.8743196,1.4023267,1.4686761,1.6042802,1.9753499,3.7489314,1.5440663,2.4292023,0.96751225,1.4050307,1.7516587,1.8238714,1.3908039,0.8918911,2.004393,1.1904393,3.1836987,4.4456725,1.0798916,1.9884506,2.315318,2.0214145,1.4770039,1.675659,1.4057374,2.035411,2.658566
ENFP(1),ENFP,-0.15254341,-0.49719706,-0.02583103,-0.32837832,0.37135783,-0.24922195,0.95175827,-0.3830737,0.36056513,0.070320666,0.09925743,-0.22648364,-0.61410993,0.031723425,-0.5490838,0.09045249,-0.19706653,0.16928595,-0.1884305,-0.3044051,0.43829727,0.18297946,0.09484419,-0.292349,0.6042846,0.083151855,0.5717085,0.13123739,-0.1527982,-0.010141585,-0.5666928,0.021078758,0.35784724,0.5144785,0.3079919,0.48023036,0.44933307,0.46739498,0.47265312,0.35862055,0.23153609,0.5860001,0.46224263,0.5407205,0.49024418,0.397082,0.64783496,0.31176674,0.5213586,0.48021805,0.32841623,0.3816836,0.4521148,0.22642446,0.5732554,0.59625566,0.3915238,0.6919813,0.53218263,0.4149953,0.44231507,0.3663352,0.30053166,0.5597034,-0.77565026,-1.3390449,-0.74859613,-1.4401158,-0.88725823,-1.1070611,-0.057003994,-0.9624141,-0.29971927,-0.59668255,-0.53923684,-1.0136261,-1.4792031,-0.7002531,-1.9634964,-0.52791363,-1.118528,-1.2750028,-0.92818505,-1.0371418,-0.7981137,-0.44227055,-1.1017772,-1.4998668,-0.13564257,-1.5404931,-0.886974,-0.47377262,-1.2385341,-1.0513922,-1.2605839,-1.3559316,0.5289313,0.9535519,0.7618935,0.54097986,1.4103067,0.8283973,1.7647867,0.56737244,0.96245074,1.3269757,1.1006429,1.4874353,0.3958085,0.5690726,0.8285039,0.7824839,1.131153,0.80952764,0.76565474,0.5483973,1.0974332,0.96780825,1.4425768,0.4862171,1.3816134,1.3335989,1.5324619,1.3049235,0.6962316,0.57531214,0.06585474,1.2899389
enfp(2),ENFP,-0.3578357,-0.60603505,-0.029870456,-0.25655267,0.1016648,-0.18352845,0.8088702,-0.51076096,0.26978898,-0.17518345,-0.07415164,-0.15013827,-0.66592604,0.08994884,-0.5990287,0.35166022,-0.26404974,0.40577784,-0.17326437,0.08089135,0.5430824,0.2143484,-0.27254432,-0.2729492,0.63466173,0.5932312,0.6176666,0.0948631,-0.30470857,-0.0599598,-0.3097567,0.25928634,0.3929888,0.6367742,0.50285023,0.43198133,0.4074454,0.55378515,0.41501907,0.41681647,0.34268573,0.5434288,0.43184307,0.55364054,0.48777497,0.4298038,0.58025604,0.4455072,0.57323503,0.40478328,0.43273777,0.44343534,0.3815113,0.2240384,0.55917156,0.6282143,0.52102166,0.6297972,0.43793756,0.38015682,0.44339558,0.43316102,0.25631124,0.6649941,-1.665365,-1.7673188,-1.7321265,-1.9994253,-0.8043439,-2.2637029,-0.64693916,-1.3292819,-0.6553326,-2.1985948,-1.1552229,-2.330732,-2.338321,-1.5802625,-2.4915948,-1.2258297,-1.3973131,-1.4221842,-1.3913685,-1.1883076,-0.71790856,-0.494749,-1.9514887,-2.2630944,-0.91518784,-1.118917,-0.4370828,-0.50781053,-1.8137828,-1.3783045,-1.1240808,-1.5613428,0.76225644,1.3462515,1.2462854,0.6963746,1.1614075,1.2071841,1.897571,0.7650111,1.613838,1.1600188,1.7776874,1.2682592,1.2280943,0.8981073,0.3153376,1.7265322,1.3744922,1.1599592,1.081678,1.5650585,1.1700168,0.862538,1.5058539,0.88252175,2.0305507,1.8117105,1.9603403,1.0828428,0.7866282,1.3068515,0.41349393,2.7277684
Enfp playlist ,ENFP,-0.13479227,-0.4683951,-0.091793254,-0.14502595,-0.07720223,0.039835833,0.36203614,-0.27373138,0.32785702,0.27851757,0.25218529,-0.013429421,-0.28103426,-0.10376411,-0.38700655,0.123853095,-0.34607786,-0.27215537,-0.26446968,-0.12684752,0.032186598,0.24321398,-0.06886941,-0.24006377,0.46508643,0.3956267,0.07128344,0.19370934,0.13045824,-0.03992081,-0.3131015,-0.3342256,0.4418915,0.49207035,0.3803056,0.50605613,0.4554722,0.49596098,0.4729274,0.43105182,0.31769907,0.66421944,0.61738575,0.53874433,0.54000777,0.3905024,0.51936734,0.42586792,0.54091066,0.66221946,0.35534018,0.5228848,0.41217625,0.21043058,0.7081133,0.55072135,0.46860707,0.74662524,0.5052838,0.42855856,0.3690883,0.4789138,0.32780874,0.640984,-1.1293095,-1.3540466,-1.3420238,-1.3596194,-1.0729293,-1.1708301,-1.0588967,-1.082291,-0.26108682,-1.9288342,-0.8058022,-2.1935213,-1.6052551,-1.4588383,-1.6644459,-0.9573043,-1.2782131,-2.2186518,-1.5296358,-1.1828285,-1.0966154,-0.34236842,-1.5892864,-1.7367584,-0.6811135,-1.8863412,-1.5054928,-0.49499986,-1.3412699,-1.0949678,-0.99516904,-1.5824997,0.7287533,0.5778208,1.3447306,1.8522105,1.4663624,1.3404258,1.3776945,1.0323818,1.646497,1.6477492,1.7920166,1.1958208,1.0140411,0.5958014,0.6718103,0.887666,1.1090566,0.8545518,0.6045851,2.1191478,0.92050445,0.6617958,1.8737494,0.87373114,1.5242077,1.7507284,1.1049047,1.3409733,0.9332881,0.95610064,0.78906304,1.5060834
enfp vibes!!!,ENFP,-0.16089082,-0.5305115,-0.08908621,-0.13984914,0.067434594,-0.05800965,0.5402362,-0.35512406,0.36068398,0.059460185,0.19458142,-0.13477361,-0.4361988,-0.05524114,-0.35494435,0.11822733,-0.3469554,-0.073567316,-0.21996227,-0.07564944,0.17691553,0.24725366,0.005930614,-0.18835723,0.5153305,0.26500887,0.20032069,0.11047957,0.051164873,-0.0206732,-0.31188026,-0.16356288,0.4027841,0.5149511,0.41269514,0.4563265,0.43949148,0.5083719,0.42887503,0.4240856,0.32179868,0.51751137,0.5185205,0.5677645,0.585453,0.4529756,0.5161242,0.3823825,0.5060049,0.4975493,0.37727296,0.4882567,0.40132773,0.217217,0.6936612,0.60302144,0.45769918,0.81540316,0.50379676,0.34014446,0.3283527,0.4117287,0.31775227,0.5544544,-1.3436912,-1.5523223,-1.54873,-1.3852731,-1.1853919,-1.3626236,-0.52780044,-1.2536776,-0.22827256,-1.7400604,-0.7867561,-1.4798758,-1.7776783,-1.6660031,-2.261817,-0.59731424,-1.6312253,-1.6926106,-1.5927366,-1.2279071,-0.823217,-0.3029082,-1.483553,-2.4300735,-0.48899326,-1.8863412,-0.9517284,-0.5231254,-1.3412699,-1.5504293,-1.0980918,-1.3962553,0.55404985,1.2830586,1.3447306,1.1022631,1.223483,1.2510823,1.5568495,0.8031667,1.581371,1.0785877,1.477707,1.4962829,1.49055,0.6044361,0.42197654,1.3492732,0.7112549,0.8702906,1.2567583,1.8036128,0.92050445,0.7701601,1.8258455,0.7432985,1.8714472,1.9519609,1.6781352,1.263483,0.65744144,0.91042054,0.5752801,1.5060834
ENFP (男声版） Radio,ENFP,-0.06546019,-0.35347512,-0.1627818,-0.22289127,-0.26842391,0.27167338,0.013871841,-0.15768217,0.20486227,0.75932723,0.4967836,-0.054278597,-0.090878,-0.18279648,-0.35507783,0.12699513,-0.18252215,-0.6008797,-0.26943094,-0.38663635,-0.2544063,0.25961944,0.045915447,-0.4326004,0.19610181,0.4594084,-0.24703202,0.39003453,0.31286705,-0.26586658,-0.23050526,-0.7701416,0.33381245,0.43184188,0.2851615,0.40748006,0.3767006,0.5176897,0.29226446,0.3508922,0.23857683,0.4170943,0.62671435,0.4917769,0.5331579,0.32663155,0.41599542,0.3953034,0.49226192,0.5911692,0.3117078,0.32993275,0.27118737,0.29095393,0.6924132,0.3124481,0.38728976,0.65299064,0.46910498,0.3769014,0.38195994,0.45112833,0.32422805,0.39922145,-1.1815727,-1.5624146,-0.766812,-1.4267296,-1.0829186,-0.9051659,-0.78016084,-0.84018743,-0.33330178,0.020453028,-0.5998531,-1.1041313,-1.2729774,-0.83151746,-1.1870956,-0.7499437,-1.3965524,-1.8520259,-1.1150687,-1.0693921,-0.7680268,-0.2155619,-1.2418456,-1.0256171,-0.6980577,-1.0739367,-1.9247621,-0.42254576,-0.91382,-1.1475998,-0.7619833,-1.5831215,0.54875076,0.45329362,0.46483693,0.4747592,0.6033536,1.378419,0.6290652,0.5988642,0.6922439,1.5379179,1.9759425,0.8536512,1.0328724,0.3927509,0.63107485,1.0243601,0.72700447,0.7485078,0.43300116,0.28768474,0.39000276,1.2259784,1.9299608,0.5063552,1.0178306,1.4365579,0.514637,1.1010078,0.88319033,0.69189227,0.6615996,0.27246317
ENFPcore,ENFP,-0.23808554,-0.52482444,-0.08311179,-0.21205862,0.1794644,-0.14347617,0.75670105,-0.3579556,0.38592097,-0.21792647,0.05466905,-0.32995227,-0.54257995,-0.06279833,-0.42261815,0.13839898,-0.23332739,0.095836304,-0.2517498,0.026009675,0.3560674,0.26871568,-0.00082534057,-0.16149746,0.59851927,0.28968883,0.46258357,0.089059696,-0.114355765,0.04876886,-0.33903265,0.1250023,0.4616607,0.5442971,0.48588943,0.49133894,0.48366266,0.63592607,0.4849171,0.39302674,0.47077763,0.70364714,0.5567412,0.64638335,0.60774463,0.38854668,0.60467464,0.53139883,0.612665,0.5444385,0.50805926,0.54796785,0.42311937,0.27093738,0.6374257,0.63537127,0.61293423,0.81611145,0.51984084,0.48493442,0.48370305,0.51909834,0.37175778,0.59731776,-1.256191,-1.5987085,-1.6210228,-1.4926493,-0.92017,-1.6893158,-0.39657655,-1.1660626,-0.65992266,-2.248165,-1.0050141,-2.2370317,-1.8782738,-1.4097898,-2.0965648,-1.1677847,-1.5453562,-1.3462783,-1.7235079,-0.94648004,-0.7536968,-0.40896177,-1.3481643,-2.3269024,-1.0248646,-1.8577533,-0.9075137,-0.9433369,-1.3980244,-1.4440608,-1.0464369,-1.3962553,0.5368595,0.78467214,1.0402265,0.9653847,1.3408192,1.5116997,1.7190596,0.695252,1.7291476,1.1906388,1.5377017,1.3116351,1.019041,0.8865893,0.89967656,1.4399819,1.3099569,1.3263613,1.1660137,1.8114063,1.259433,0.9992563,1.5789287,1.0587759,2.0825167,2.192798,1.6245823,1.4182475,0.95274854,1.3861544,0.7813429,1.4953203
My ENFP vibes,ENFP,-0.08114033,-0.41115835,-0.12278849,-0.046588387,-0.0013547841,0.06777573,0.3397125,-0.2153121,0.37728232,0.08893332,0.26603782,-0.10216811,-0.16965501,-0.16267979,-0.35917455,0.12425636,-0.2592008,-0.33887723,-0.3812175,-0.023914155,0.051351454,0.23389012,0.03264777,-0.12026816,0.42223653,0.24412693,0.06580426,0.14947635,0.07352141,-0.02083583,-0.27912042,-0.14065924,0.41674212,0.5578103,0.472735,0.52436864,0.5414292,0.5845936,0.49699497,0.49420124,0.45612526,0.72383285,0.61080754,0.5938053,0.6324852,0.4480157,0.5568475,0.50267404,0.55229545,0.7011626,0.43896353,0.625894,0.43522134,0.25850043,0.7155826,0.55451375,0.56994754,0.7893788,0.54172194,0.43540996,0.4520404,0.5066315,0.36609304,0.6811486,-1.5021389,-1.836648,-1.6998706,-1.7179635,-1.8052506,-1.7003108,-0.94762355,-1.309444,-0.95971435,-2.2756531,-1.1830081,-2.0877588,-1.9329292,-1.899058,-2.2385592,-1.3004557,-1.6312253,-2.4546478,-1.8783368,-1.2225161,-1.1370559,-0.4727358,-2.0507758,-2.0233676,-1.3055279,-1.8869675,-1.434794,-0.93543386,-1.5438484,-1.6567718,-1.3637067,-1.9668769,0.9451205,1.246043,1.0677578,1.6087693,1.6139977,1.854719,1.7847995,1.0789732,2.1613762,1.8376054,1.9915309,1.5489147,1.6894112,1.0627843,0.8929846,1.5521026,1.4115007,1.338908,1.0071522,2.2971773,1.2418551,0.8593692,1.8276348,1.3081579,2.0962775,2.5685918,1.3844377,1.5107461,1.1027656,1.6228408,0.84728074,1.9489572
ENFP playlist .#🎧🎤,ENFP,-0.20087537,-0.53713465,-0.08367102,-0.20631245,-0.06965066,0.03985307,0.41026187,-0.3874976,0.28249034,0.27803698,0.22994097,-0.022915618,-0.3421136,0.009581678,-0.45148543,0.21935335,-0.30434912,-0.060112428,-0.22159964,-0.13710259,0.12398302,0.20905645,-0.110492505,-0.2822054,0.4490223,0.45390698,0.13899925,0.21654607,0.0072306846,-0.1483312,-0.29019612,-0.25800395,0.44305706,0.5086274,0.35708097,0.4464971,0.3848038,0.5405915,0.44660324,0.4096535,0.2810854,0.56898844,0.5130889,0.48775187,0.5602612,0.3832759,0.4614692,0.4449568,0.5075098,0.66334504,0.34870592,0.4730091,0.43071622,0.23222423,0.63604885,0.45952132,0.4871257,0.69465894,0.47447345,0.37846103,0.44342408,0.43601388,0.3177936,0.58092517,-1.3693153,-1.6902583,-1.7208978,-1.5929915,-1.2052525,-2.2637029,-0.5629365,-1.320842,-0.725555,-2.2916234,-0.8071132,-2.330732,-2.338321,-1.6555649,-2.297073,-1.1823989,-1.2850506,-1.9877427,-1.4417949,-1.321861,-0.9197793,-0.46115938,-1.8595144,-1.9908941,-0.9569759,-1.7070571,-1.0714322,-0.81841576,-1.4687845,-1.274064,-1.1951919,-1.4975322,0.8236575,1.7965237,0.8329455,1.9438696,1.4663624,1.6579422,1.5823988,0.89462614,1.646497,1.7464914,1.7210938,1.4460268,0.90158826,0.8885023,0.7703246,1.3464404,1.2114466,1.2521623,1.081678,1.9576612,1.1434,0.8843043,1.6120868,0.87373114,1.823393,2.2424567,1.9570827,1.3016725,1.0944614,1.1924583,0.73625153,1.6217645
ENFP vibes 🌈✨,ENFP,-0.13773254,-0.5677888,-0.016886225,-0.13984135,-0.05749098,-0.0563227,0.41979983,-0.3734231,0.33460718,0.22350243,0.23771223,0.034256566,-0.371974,-0.013141296,-0.3909273,0.16575761,-0.4236408,-0.116189085,-0.2504847,-0.1309952,0.15808223,0.24127063,-0.07118698,-0.16923802,0.44646722,0.37721008,0.109428,0.14373405,0.04891079,-0.055998456,-0.3145639,-0.22346091,0.40096658,0.54817504,0.37373313,0.4545133,0.39819494,0.55138546,0.4618343,0.4045912,0.26168954,0.5732098,0.5303991,0.44125605,0.49221027,0.4044599,0.4869612,0.47206986,0.5032814,0.6091133,0.34649187,0.38118145,0.4224678,0.21960875,0.6152008,0.53812075,0.47329518,0.6441732,0.490538,0.41846347,0.42300507,0.50882196,0.2918002,0.6090649,-1.0492125,-1.5396022,-1.4808209,-1.4193093,-1.389266,-1.0134261,-0.665735,-1.1016449,-0.3577012,-1.177173,-0.8947284,-1.2116657,-1.71362,-1.3485656,-1.6931233,-0.9905372,-1.3084981,-2.0615852,-1.6780498,-1.0935208,-0.8669886,-0.26701513,-1.4610233,-1.7366297,-0.6246521,-1.2254475,-1.0218257,-0.8011807,-1.1436139,-1.3597096,-0.9091998,-1.6169407,0.6235954,0.94802177,0.83089215,0.71677077,0.8205165,1.6463282,1.5163922,0.85363764,0.98150206,1.7543713,1.9238065,1.0078678,1.4038149,0.6766045,0.5231632,1.4289422,1.250613,1.0240736,0.5345401,1.2153859,0.93670183,0.73100144,2.054332,0.61788887,1.4892491,1.6726036,1.648257,1.3523966,1.2011224,1.1834903,0.61812,1.2502244
ENFP's favs,ENFP,-0.31533128,-0.5611386,-0.052033626,-0.1886396,-0.020840358,-0.14877182,0.6074978,-0.3930586,0.27290654,-0.071482964,0.112619475,-0.14369272,-0.5874445,-0.036028095,-0.49008074,0.24838917,-0.28601035,0.15219942,-0.14129375,0.10875035,0.3141137,0.24844153,-0.19216795,-0.30344957,0.5460554,0.54462737,0.3992558,0.13903739,-0.115264975,-0.05449255,-0.18051082,-0.023163129,0.44156876,0.5904962,0.4597581,0.52126086,0.4421555,0.62235826,0.41946208,0.4460114,0.3816736,0.6742908,0.4844625,0.62437564,0.5416905,0.41696748,0.58234584,0.44838652,0.5522323,0.5343344,0.47255498,0.5373331,0.44040337,0.27691397,0.62583435,0.6307645,0.53635705,0.64112604,0.51275134,0.38596255,0.40690565,0.4033229,0.35236606,0.66869116,-1.9451644,-1.8061535,-1.6924477,-1.913747,-1.6077088,-1.7818363,-0.6164028,-1.3244514,-1.1215369,-2.4427981,-0.8849062,-2.3369675,-2.225588,-1.3623161,-2.2224176,-1.094536,-1.6311111,-1.9198887,-1.606648,-1.098048,-0.87244105,-0.5430914,-2.0873203,-2.5308924,-1.4465804,-1.6344312,-1.0987304,-0.7895623,-1.4962202,-0.9908764,-0.99129474,-1.7292802,0.8335586,1.1990744,1.2806846,1.6055354,1.56045,1.7586807,1.875207,1.2817937,1.9525812,1.4725757,2.113712,1.5926774,1.47841,0.8865893,0.63579524,1.3102847,1.4820772,1.1611348,1.4418225,2.008537,1.4483187,1.893552,1.8276348,0.90627646,1.8799222,2.5125499,2.1726103,1.237935,1.010234,1.196061,1.2333115,2.0984063
ENFP🎞️ 🪐,ENFP,-0.098071195,-0.52158064,0.0783011,-0.06618773,-0.10422216,-0.07111662,0.31696635,-0.40641946,0.26491207,0.27593786,0.3147587,0.17964385,-0.3055135,0.043584004,-0.4339443,0.2300896,-0.3546851,-0.08134084,-0.21245088,-0.100567415,0.17807676,0.20303945,-0.083274394,-0.17233148,0.3671809,0.4263085,0.11504426,0.18367483,-0.021615794,-0.05543724,-0.27351642,-0.12756112,0.38834953,0.4953878,0.39467603,0.4211737,0.3749299,0.56068337,0.43493614,0.4619682,0.29106918,0.58172804,0.52366525,0.5748545,0.653011,0.36333433,0.50344574,0.4515039,0.46147722,0.6834012,0.3717679,0.44859907,0.4429019,0.24890155,0.64194906,0.54744047,0.4998737,0.7029579,0.46728447,0.39958417,0.4590165,0.44286782,0.30698368,0.6592481,-1.1171862,-1.7043443,-1.3743464,-1.3552101,-1.1805942,-1.817287,-0.7555043,-1.3264203,-0.47226456,-1.3319819,-0.67962027,-1.689848,-1.9172132,-1.0714223,-1.8274789,-1.1823989,-1.262207,-2.3161473,-1.4819143,-1.1843306,-1.029789,-0.46115938,-1.7437171,-1.5716249,-0.79044455,-1.4155672,-1.1846373,-0.81841576,-1.4687845,-1.0838215,-1.1339127,-1.5428842,0.77849615,0.9079557,1.126746,1.12823,0.7404981,1.7092735,1.4910524,0.8182044,1.3185973,1.8134247,2.1060438,1.5067717,1.3207219,0.7531675,0.47419602,1.3432838,0.67153555,1.2521623,0.747962,1.5645678,0.9059168,0.8044703,2.544638,1.065688,1.8091705,2.0133626,1.2504361,1.2680933,1.2111155,1.2888685,0.46299487,1.5627251
ENFJ,ENFJ,-0.2582349,-0.5454328,-0.16998407,-0.30818492,-0.17894563,0.23570609,0.34888658,-0.36683556,0.24249618,0.40395838,0.20257671,0.020452043,-0.29282385,-0.03623518,-0.4516866,0.29955488,-0.32462826,-0.1341492,-0.23236667,-0.19386996,0.029914733,0.22179073,-0.20604753,-0.3305419,0.4869511,0.5447054,0.05120926,0.29154256,0.05352933,-0.18071105,-0.24960221,-0.40747568,0.35060084,0.42550355,0.31455076,0.39333478,0.4102288,0.4754066,0.39895308,0.38337836,0.25009623,0.488967,0.5338622,0.4663869,0.52543914,0.35612786,0.39711133,0.37675363,0.4985465,0.6036523,0.33143792,0.38080066,0.37153044,0.21893573,0.6642583,0.41224828,0.44964325,0.7290408,0.4380602,0.388452,0.42577797,0.44581208,0.2914275,0.55681944,-1.2634908,-1.5314983,-2.039909,-1.5225444,-1.7308971,-1.3419026,-0.8242125,-1.2511607,-0.94754225,-1.3449566,-0.8799692,-1.9918164,-2.0460157,-1.5822072,-1.9211687,-0.668065,-1.5455072,-2.5347803,-1.7777163,-1.1174877,-1.0757533,-0.34713933,-1.7165735,-1.5073766,-1.1364602,-1.7070571,-1.5424749,-0.5763957,-1.6139557,-1.4988314,-1.2846812,-1.8279831,0.60617316,1.1682265,0.930404,0.8063611,0.965503,2.0869837,1.5104184,1.0425615,1.0627345,1.6187588,1.7559439,1.4475492,1.9646246,0.8587175,0.5894949,1.4194671,1.0156542,1.2106353,0.9257504,1.3676033,1.0159228,0.9284447,1.7139945,0.65896994,1.6243067,2.0824656,1.2107772,1.3021607,1.1487187,1.1035644,0.72778237,1.6895146
ENFJ songs,ENFJ,-0.10101049,-0.45464218,-0.005854673,-0.13195711,0.051589176,0.006507477,0.41580242,-0.31837964,0.35916886,0.1917153,0.3162992,0.020239761,-0.20914371,-0.01948467,-0.34304714,0.08184223,-0.3623829,-0.20459957,-0.2788739,-0.1638854,0.09938557,0.2091524,0.07541107,-0.10512385,0.425156,0.12714462,0.08615202,0.11102858,0.081253506,0.0049839877,-0.35347444,-0.20788303,0.43087542,0.5024068,0.43498033,0.4011622,0.39258245,0.57287276,0.40160668,0.40992093,0.28628165,0.45885122,0.5939955,0.4742897,0.5167297,0.42067155,0.5216881,0.43444324,0.4643501,0.5645862,0.3367699,0.39798957,0.3729775,0.20728183,0.6220987,0.5570008,0.49068844,0.6955172,0.4728631,0.37390274,0.34865433,0.4301545,0.30047694,0.6106532,-1.5596584,-1.1901983,-1.8105792,-1.3596194,-0.6934888,-1.323981,-0.70324004,-0.93628913,-0.7626038,-0.66926175,-0.76466995,-1.3784355,-1.3575339,-1.6054318,-2.0164802,-1.302756,-1.2742938,-1.4771026,-1.1160377,-0.82412577,-0.6066441,-0.18236648,-1.5595899,-1.6933032,-0.5351708,-1.6744282,-1.319639,-0.866055,-0.77306575,-1.0308402,-0.99516904,-1.4501761,0.6320296,0.68237305,0.88378084,0.66026664,1.6424481,1.5087382,1.1665411,0.74393874,1.1618538,1.2480838,1.5712148,1.1905038,1.1926472,0.58767426,0.6015106,1.1950259,0.57018405,0.93543667,0.5028464,1.2153203,0.6873137,0.6952596,1.4505707,0.9299881,1.7826005,1.645558,1.0758296,1.176841,1.00929,1.0123094,0.6261065,1.3097351
ENFJ energy🫶🏻 ,ENFJ,-0.11473506,-0.5049612,-0.012142504,-0.073631875,-0.13922344,-0.0013741577,0.334968,-0.4148583,0.22355129,0.17887676,0.20184356,0.012516278,-0.33372092,-0.03614492,-0.34110013,0.19442326,-0.40601537,-0.09942605,-0.26101357,-0.08909978,0.1804219,0.29457542,-0.14041321,-0.12975965,0.3656498,0.49963874,0.11449649,0.12297928,-0.006036348,-0.029357964,-0.25974762,-0.0721922,0.4160851,0.56644684,0.41523314,0.45420295,0.42664805,0.5280444,0.45391026,0.42172658,0.32011625,0.5155478,0.5349889,0.5159872,0.5545244,0.42756942,0.49931443,0.45424864,0.5365953,0.6404573,0.38206446,0.47025517,0.41344106,0.23464476,0.6060637,0.55746955,0.5215523,0.7082605,0.5308421,0.36657885,0.47364503,0.41442886,0.34359214,0.67352706,-1.1913341,-1.6350564,-1.7103579,-1.3852731,-1.3264289,-1.4613403,-0.90782267,-1.3262899,-0.8194965,-1.381063,-0.7862465,-2.0451488,-1.630185,-1.8489519,-2.3538713,-0.9911953,-1.6312253,-2.4027205,-1.3649672,-1.1320673,-1.0313487,-0.30645755,-1.6250303,-1.7104285,-1.0520926,-1.4408709,-1.4422677,-0.607898,-1.5452232,-0.9975843,-1.210504,-1.8046628,0.7552987,1.254165,1.019704,1.1527616,0.9598433,1.6551161,1.6451144,1.0146801,1.2901081,1.6935444,1.7807571,1.210733,1.5415033,0.83196306,0.6718103,1.4656231,0.8486814,1.1788837,0.8918911,1.8787329,1.2632467,0.9033429,1.5099345,1.0158333,1.8714472,2.1779368,1.6603827,1.4923521,1.2202592,0.98182505,0.85492724,2.658566
ENFJ(1),ENFJ,-0.30676228,-0.6860457,0.0007100141,-0.115266144,-0.07838342,-0.1636815,0.533833,-0.519817,0.28731662,0.09238413,0.057558134,0.13329555,-0.5974114,0.08420294,-0.5551032,0.3442959,-0.44576156,0.23858696,-0.15320377,0.12066721,0.37629098,0.20053916,-0.31503755,-0.2504368,0.6113835,0.72355133,0.33338314,0.11620672,-0.13572645,-0.038391255,-0.29429856,0.04266058,0.39535388,0.53078836,0.42370722,0.42553198,0.39976335,0.5519536,0.47108063,0.4052479,0.27273327,0.47026,0.47618982,0.7059064,0.6139065,0.360399,0.52832437,0.4532329,0.5252834,0.4895053,0.38055924,0.35038444,0.3672722,0.28364158,0.4588547,0.5452819,0.4860853,0.6118815,0.36946705,0.41460374,0.38765904,0.44424418,0.30489781,0.51703674,-1.1171862,-1.7043443,-1.679623,-1.2056286,-1.118667,-1.7400388,-0.6908058,-1.2249508,-0.35462207,-0.5965434,-0.6810825,-1.9126664,-1.9172132,-0.7779987,-2.0116887,-1.2258297,-1.4330605,-1.1680139,-1.6391001,-0.73926866,-0.38280088,-0.5475975,-1.4050947,-1.336035,-0.83080673,-0.5672556,-0.58716875,-0.57444113,-0.9167106,-1.5514982,-1.1498826,-1.1384796,0.76225644,0.6984688,0.8136139,0.7183445,1.4667963,1.7474809,1.4588344,0.56062025,1.2915909,1.2641762,1.0742819,1.5063888,1.3244878,0.7531675,0.37031084,1.3638439,1.1394546,0.9652569,0.637517,1.1800854,1.0108229,0.8226823,0.5731815,0.82232964,1.4025378,1.8990881,1.0679042,1.1952051,0.7866282,0.8572949,0.5493947,1.2248987
ENFJ 플레이리스트,ENFJ,-0.063215196,-0.24735,-0.01559015,-0.11056334,-0.20627765,0.17175871,0.16413641,-0.23979843,0.24721447,0.46557078,0.30508986,0.18752585,-0.04583816,-0.13757338,-0.47192407,0.1704022,-0.29099244,-0.444238,-0.30333158,-0.23528963,0.0049688737,0.18277851,-0.21894273,-0.23938641,0.30946484,0.4984273,0.025751289,0.18115863,0.1102084,-0.08287035,-0.34457412,-0.2877395,0.5102201,0.5411926,0.37262166,0.4150535,0.50089175,0.5293702,0.43149018,0.48570588,0.34964454,0.65763843,0.67809933,0.47356078,0.6013279,0.44549385,0.40062612,0.47750252,0.4706657,0.81444085,0.34223497,0.5178594,0.48948798,0.29449114,0.74567115,0.4851834,0.4787674,0.79625726,0.5215748,0.40533295,0.5278712,0.47831386,0.47498524,0.8200461,-3.5047274,-1.7043443,-1.2673618,-2.1098301,-1.7252258,-1.1037804,-0.67848223,-1.2249508,-0.8190631,-1.1480213,-1.0588372,-2.6206872,-1.4277259,-1.739135,-1.9359173,-0.8129434,-1.3477325,-2.542914,-1.7165248,-1.2353326,-1.7578168,-0.35901773,-1.684192,-1.6809,-1.3317211,-1.7224991,-1.4224193,-0.5986561,-1.8694278,-1.1578391,-1.4829627,-2.4109204,0.9589396,1.2355541,0.993909,1.2651983,1.5860132,1.4083911,1.2144121,1.3216009,1.578983,1.6458763,4.6709757,1.2159957,1.5274416,0.84432083,0.31640592,1.553308,0.73318744,1.2988755,0.63805276,1.7899644,1.1550556,2.5684192,3.664957,0.7331913,1.5465224,2.3195956,1.335788,1.7522424,1.2323058,1.0551355,3.2146263,1.9991423
ENFJ (PDB),ENFJ,-0.083912246,-0.48161265,-0.013651437,-0.10909468,0.046652842,-0.027443485,0.4677462,-0.3974599,0.36232927,0.19905636,0.19774397,0.04185466,-0.26894775,0.016488925,-0.36691603,0.10125894,-0.37806916,-0.123732395,-0.2881333,-0.16545516,0.19808272,0.21276812,-0.0025151814,-0.08105959,0.44559255,0.22885127,0.15035324,0.12254344,0.027284594,-0.004630003,-0.40157312,-0.08656059,0.39683068,0.540947,0.38164955,0.42693815,0.39382017,0.50678235,0.4245017,0.3602868,0.30061215,0.48471966,0.5717012,0.46869266,0.5360841,0.41144663,0.51182246,0.38832003,0.52438915,0.5656457,0.33134502,0.41130042,0.38547394,0.21209337,0.6884702,0.53746504,0.49571213,0.73061687,0.5091367,0.38333637,0.37841067,0.47021034,0.25529173,0.5763248,-1.0345407,-1.5027454,-1.8105792,-1.3596194,-1.2429553,-1.323981,-0.57799643,-0.9659437,-0.7626038,-1.1148992,-0.82098806,-1.3784355,-1.3575339,-1.6054318,-2.0164802,-1.302756,-1.4439688,-1.4771026,-1.550383,-1.0739139,-0.7080915,-0.24305232,-1.5595899,-1.563168,-0.6461684,-1.9057574,-1.319639,-0.866055,-0.92597836,-1.0838215,-0.99516904,-1.4598413,0.7188517,1.0413365,0.7377782,0.9966764,1.6424481,1.5087382,1.4780419,0.58206195,1.270769,1.4365602,1.999037,1.1905038,1.7033429,0.63213724,0.6015106,1.1950259,0.95174766,1.0997902,0.5028464,1.2153203,1.0925081,0.5958345,2.5284424,0.9299881,1.7826005,1.6211449,1.7688359,0.9438829,1.00929,1.0123094,0.27079988,1.3097351
ENFJ(2),ENFJ,-0.19551261,-0.5327503,0.060930878,-0.080975175,-0.085983254,-0.16688989,0.42524457,-0.4198545,0.2775726,0.14946952,0.25819138,0.046911377,-0.4618413,0.0011643263,-0.4077553,0.20079671,-0.39651468,-0.014000086,-0.20578824,0.0062760036,0.25465235,0.24590982,-0.06538523,-0.20053901,0.42489457,0.50572425,0.2232239,0.106686614,-0.040306628,0.019057382,-0.23925343,-0.06351722,0.48945636,0.5541624,0.461947,0.45735398,0.3925897,0.6349634,0.46643087,0.48474646,0.29861948,0.6057181,0.66713613,0.6639853,0.65793645,0.43818164,0.50011873,0.4413457,0.5384984,0.8093692,0.49003032,0.4958719,0.55017066,0.31956726,0.77414453,0.55213016,0.54168487,0.6803486,0.5791066,0.40224853,0.51505804,0.4704148,0.42529538,0.698776,-3.5047274,-1.7833753,-1.832436,-2.1098301,-1.7252258,-2.1446404,-1.3068781,-1.3015561,-0.65913755,-0.8099397,-0.85484624,-2.6206872,-2.0292041,-1.597323,-1.9565685,-1.1899467,-1.5426655,-2.7251039,-3.3163826,-1.5988668,-1.7578168,-0.5475975,-1.7437152,-2.137429,-2.0470345,-1.8520838,-2.310969,-0.71206474,-1.4531099,-1.5406616,-1.3210849,-2.4109204,0.83223075,1.0819131,1.1927032,0.88980895,0.8483999,2.1575177,1.603065,1.4666027,1.226133,1.8550807,4.6709757,1.5463253,1.821413,0.8300207,0.9097365,1.3235132,1.6054014,1.1835334,1.089525,1.7092649,1.101082,2.5684192,4.4456725,0.82232964,1.5157086,1.8578199,1.6608083,1.7522424,1.2111155,1.2237793,3.2146263,1.835086
ENFJ vibes‼,ENFJ,0.07367195,-0.4297112,0.05019522,-0.031401735,0.067950815,-0.031170059,0.31526637,-0.28425196,0.3684095,0.23218626,0.52681637,-0.027049739,-0.10880762,-0.04709551,-0.27590442,-0.004249539,-0.31030077,-0.3707853,-0.37707102,-0.25508422,0.013789464,0.22570647,0.31331494,-0.03458981,0.24824098,-0.048214596,-0.056642383,0.1757647,0.11728784,-0.019106178,-0.36323416,-0.22313511,0.38200262,0.49940017,0.37633762,0.408858,0.4674479,0.49213672,0.44680762,0.4195272,0.32558197,0.709716,0.61680126,0.58676,0.49661338,0.3854337,0.5195375,0.4657765,0.4924347,0.6701713,0.3934559,0.58310246,0.38416612,0.2332877,0.6397849,0.52061534,0.4260513,0.73370194,0.5109978,0.4154543,0.44764176,0.4782009,0.3555572,0.69938326,-1.1841153,-1.3849446,-1.1825595,-1.3852731,-0.98218346,-1.3756312,-0.4825909,-1.1598896,-0.26739043,-1.9465308,-1.1054734,-1.8057125,-1.6083336,-0.88592905,-1.7919774,-1.302756,-1.347856,-2.0902889,-1.5296358,-1.1584445,-0.88432246,-0.31231344,-1.483553,-1.275043,-0.8415562,-1.8577533,-1.1275809,-0.866055,-0.82159746,-0.94676137,-1.1420915,-1.6479945,0.7552987,1.1101844,0.91311395,1.3138428,1.2171797,1.0181891,1.4321604,0.6450202,1.3809241,1.684064,2.0048523,1.1852138,1.0365441,0.80062366,0.6718103,0.9724101,0.95697224,0.77940094,0.3740429,1.9446818,0.6950407,0.8593692,1.5789287,1.0330484,1.5435725,1.78951,1.0714109,0.9851862,1.0106033,1.2383395,0.4465299,1.5619149
enfj based on PDB (2026),ENFJ,-0.038034935,-0.48577344,0.04201225,-0.06747338,-0.056858778,-0.027439514,0.29856738,-0.35943198,0.24784064,0.21583542,0.32796308,-0.04490172,-0.28762478,-0.007578327,-0.23736969,0.11470068,-0.34030175,-0.20306204,-0.25996992,-0.17537633,0.13167879,0.27252328,0.08634421,-0.098809086,0.2673813,0.27606148,0.04599937,0.13044079,0.0803025,-0.022160891,-0.25829425,-0.1741819,0.3696048,0.5069055,0.39757955,0.37812307,0.41027778,0.5540477,0.43867746,0.41209778,0.3043099,0.5914343,0.5764287,0.5068493,0.6036905,0.36981383,0.42109707,0.4413066,0.4747319,0.7019221,0.3159294,0.43276447,0.44299668,0.21763651,0.56735724,0.452903,0.50871074,0.68615174,0.5379169,0.361804,0.45531335,0.4373071,0.3206698,0.71582466,-1.1756935,-1.7252872,-1.0276437,-1.2793972,-1.130503,-1.4951129,-0.74574983,-1.167012,-0.40326402,-1.7703758,-0.8638593,-1.689848,-1.9172132,-1.1478443,-1.6921723,-1.302756,-1.3290085,-2.4788146,-1.1160377,-1.2225161,-0.851706,-0.18236648,-1.468498,-1.3275847,-1.1256535,-1.6744282,-1.319639,-0.866055,-1.6719872,-0.8860149,-0.99516904,-1.8372294,0.876283,0.7643037,1.1951982,0.9716825,1.6424481,1.2510823,1.5022266,0.60626966,1.1618538,1.9193714,1.6459749,1.3938196,1.3155192,0.76808876,0.6015106,1.6598922,0.97349113,1.3205761,0.6331131,2.2971773,1.1497316,0.9383211,1.8258455,0.7310451,1.7544612,1.7507284,1.4299505,1.176841,1.1669315,1.2468439,0.634761,2.2617483
ENFJ(3),ENFJ,-0.14360975,-0.46791404,-0.0061235996,-0.14924765,-0.1259496,0.007565501,0.3756689,-0.3798823,0.24427147,0.26453587,0.20956467,0.10651645,-0.3332458,-0.043257724,-0.46216232,0.24210098,-0.34216142,-0.06304001,-0.2146352,-0.12049505,0.16575275,0.19591711,-0.22038727,-0.22268742,0.4410377,0.5064516,0.16861296,0.1943181,-0.0294242,-0.048916943,-0.2776641,-0.15025972,0.38472882,0.5119052,0.40129417,0.43757385,0.44694528,0.5224596,0.43171015,0.39932674,0.31602216,0.5287138,0.516855,0.4901879,0.5246274,0.399753,0.46210325,0.46623927,0.47690558,0.6298551,0.35294437,0.4426336,0.39783823,0.23017676,0.62383693,0.48799783,0.47344983,0.7097325,0.48104766,0.3951771,0.4898653,0.46659133,0.34773263,0.6346639,-1.7283125,-1.7960839,-1.8624179,-1.7915375,-1.8064771,-1.6193043,-0.86069643,-1.6436969,-0.96471083,-1.9961483,-1.2268574,-1.5867599,-1.6166314,-1.3826523,-1.9302268,-1.2433268,-1.4896768,-2.1081233,-1.468099,-1.3827816,-0.8808954,-0.50178915,-2.251551,-1.9696826,-1.1811087,-1.2950758,-1.4188057,-0.89333385,-1.7363961,-1.8416897,-1.458423,-1.759858,0.87971705,1.1506312,1.2125959,1.6306632,1.5492518,2.2439096,1.5842905,1.0830767,1.6217657,1.4703338,1.9964021,1.5333918,1.8116335,1.0238167,0.6377741,1.6020175,1.2597966,1.2873784,0.8053108,2.3592725,1.2058812,1.09198,1.3877318,1.1314771,1.9950536,2.6508994,1.8714622,1.3623459,1.0628327,1.3427081,0.85751283,2.658566
enfj(4),ENFJ,-0.081370436,-0.4589317,-0.021345131,-0.09503207,-0.072560064,0.07369621,0.32476467,-0.29994833,0.3126312,0.37482744,0.36335096,0.09492198,-0.185529,-0.0842865,-0.35424957,0.10690963,-0.3796753,-0.3480382,-0.3453603,-0.1830357,0.027707541,0.24096785,0.060141455,-0.1510223,0.42655748,0.24111602,-0.038737927,0.19232154,0.1326026,0.011347604,-0.3474815,-0.31619546,0.3590043,0.47882655,0.3633319,0.5003695,0.5353133,0.53770834,0.42736158,0.45797047,0.36847767,0.5463544,0.53936315,0.56628066,0.59694207,0.40399504,0.5357063,0.37194428,0.5062053,0.73167145,0.36284333,0.49734926,0.42846224,0.29868418,0.67944825,0.46886602,0.4737245,0.716205,0.5136638,0.38865298,0.4068385,0.43811876,0.3510985,0.624218,-1.047781,-1.2083243,-1.104363,-1.312492,-1.5390526,-1.0335844,-0.7552489,-1.2951176,-0.81435406,-1.1682475,-0.6807638,-1.388785,-1.3492377,-1.6093824,-1.7976649,-0.61081403,-1.3851861,-2.2725883,-1.2436385,-1.0184605,-0.9323807,-0.49150494,-1.3897842,-1.2202835,-0.90438974,-1.7672203,-1.1263255,-0.5067231,-0.77689415,-1.0838215,-0.97999895,-1.6519197,0.5021379,0.8825386,0.68775636,1.3918729,1.0885223,1.3591833,1.3741809,1.2472447,1.278735,1.6887271,1.3445493,1.6742957,1.1373291,0.724108,0.61853105,0.925385,0.72470915,0.7406074,0.29816416,1.4909533,0.93453854,1.4356683,1.5670433,0.84530985,1.5502409,1.3626084,0.9957007,0.84160185,1.0260581,0.7735637,0.6076038,1.3808662
花木蘭 ENFJ Radio,ENFJ,-0.21506636,-0.5197332,-0.045881175,-0.23635674,-0.08742198,-0.010288354,0.38943818,-0.29760352,0.28233635,0.29680076,0.3593843,-0.008896883,-0.38835707,-0.05442654,-0.42076033,0.15290837,-0.32251355,-0.11317866,-0.14445075,-0.15246843,0.005637143,0.17442307,-0.052256703,-0.31878012,0.48509628,0.37986022,0.098542996,0.2249651,0.109516494,-0.053915333,-0.25032613,-0.46682587,0.39476767,0.4254942,0.2944304,0.37920684,0.3763102,0.4064535,0.40613016,0.34069586,0.21954805,0.44812074,0.5423643,0.51610404,0.5353644,0.3274092,0.38544953,0.35275948,0.3884093,0.5852258,0.28200692,0.34082443,0.3847631,0.24467957,0.65458417,0.34645846,0.47780457,0.69228935,0.50692225,0.26385877,0.34854445,0.3612852,0.3470747,0.42021376,-0.9368284,-1.3305732,-0.6694273,-1.0674502,-0.84356505,-0.7888792,-0.31385985,-1.1338762,-0.24428202,-0.7961367,-0.6170246,-1.3023515,-1.4025714,-1.034217,-1.3168142,-0.7091343,-1.0585715,-1.4319968,-0.94403356,-0.8563657,-0.81091875,-0.25185758,-1.4368262,-1.0727283,-0.7483451,-1.0097684,-1.0984675,-0.2956606,-0.6428428,-0.81085455,-1.0061418,-1.3156065,0.5572661,0.4665082,0.85312074,0.53798765,0.6610057,0.9240639,1.3169516,0.4362188,0.7037471,1.1903821,1.3943106,0.8982133,0.7591928,0.43885407,0.56675285,1.0102202,0.62092835,0.9778098,0.39301348,0.41015035,0.85652393,0.72191185,1.3300068,0.41078693,1.7396877,1.5140201,1.0619833,0.6999453,0.8734027,0.8065138,0.37606195,0.67419785
ENFJ songs🍃,ENFJ,-0.08282782,-0.53327465,-0.16491021,-0.043161273,0.031989764,0.07284247,0.38215783,-0.2787372,0.33500397,0.0842849,0.24004015,-0.25577304,-0.30199713,-0.08928786,-0.23396327,0.115370356,-0.31318504,-0.26187086,-0.35072574,-0.0460687,0.08696087,0.2830107,0.13380848,-0.12126255,0.39614412,0.21985641,-0.006896957,0.13247317,0.106939055,-0.0826686,-0.25788838,-0.16202047,0.41138202,0.48191735,0.4254387,0.4828013,0.51332545,0.48032677,0.49621788,0.4573906,0.3749793,0.6191867,0.5607094,0.49457914,0.5554382,0.42311504,0.44480067,0.35451072,0.5095854,0.6450967,0.37540486,0.5697217,0.4029005,0.22559522,0.6439463,0.45938393,0.48915008,0.755867,0.5734561,0.3164781,0.36929655,0.41780028,0.34420487,0.56366205,-1.5596584,-1.5987085,-1.8522474,-1.2429781,-1.2775152,-1.0627639,-1.0518465,-1.1660626,-0.8757905,-1.9465308,-0.8246155,-1.8057125,-1.6713066,-1.899058,-2.2385592,-0.71695495,-1.3290085,-2.438022,-1.5773231,-1.2225161,-0.9597821,-0.2601645,-1.4544541,-2.0233676,-0.8452002,-1.8390845,-1.5282824,-0.5480614,-1.2765474,-1.0903602,-1.0980918,-1.6479945,0.7901539,1.1101844,0.930392,1.1022631,1.6424481,1.5226922,1.5568495,1.3210543,1.598602,1.3624526,1.599472,0.918416,1.1654377,0.5974285,0.6718103,0.8392392,1.4115007,0.8838901,0.307104,1.9446818,1.2418551,1.0238562,1.8258455,0.6576341,1.7719065,1.7507284,1.3844377,0.88125527,0.963589,0.8084106,0.55178267,1.9489572
ENFJ Radio,ENFJ,0.03438381,-0.3304366,-0.21455485,-0.14711471,-0.44030857,0.32672882,-0.06401051,-0.033999525,0.21936253,0.9246467,0.31292096,0.23175177,-0.14019465,-0.26275378,-0.61432576,0.32288808,-0.29541424,-0.6644598,-0.18095474,-0.40813217,-0.28254643,0.18400364,-0.527477,-0.649165,0.31378382,0.8512881,-0.20200816,0.4639217,0.35466072,-0.45173663,-0.25821492,-0.87728465,0.19741721,0.4184709,0.24407727,0.28293318,0.2829466,0.31914347,0.2862425,0.34617224,0.11489949,0.338152,0.42273477,0.3618803,0.34973794,0.27747095,0.3505242,0.4197416,0.40314847,0.54697174,0.26911128,0.2584849,0.26521465,0.19309096,0.47433084,0.304039,0.36292464,0.4539784,0.3742348,0.29327175,0.31177157,0.4342643,0.24815956,0.39135975,-0.48379463,-1.3033127,-1.209562,-0.80278796,-1.0432317,-0.33236724,-0.75334966,-0.92376924,-0.066672705,0.10566984,-0.708539,-0.6548535,-0.92391056,-0.8197165,-1.1905466,-0.6444041,-1.0371767,-2.1773107,-1.283915,-0.9517467,-0.7793712,-0.23415285,-1.2581906,-1.24377,-0.8079367,-0.04988331,-1.0624616,-0.13905475,-0.6031209,-1.3786284,-0.73770094,-1.5562843,0.5013731,0.4689079,0.2241286,0.44752696,0.4087528,1.0020877,0.46793061,0.57930523,0.48952973,1.4888437,1.3412917,0.90021574,0.6868909,0.35837397,0.36329162,1.2357066,0.7792061,0.52458036,0.42345452,0.07032844,0.5206143,0.63746893,0.4759116,0.14939085,1.060946,2.137653,0.57260627,1.1111565,1.0359085,0.5195516,0.3129597,0.2069264
enfj songs according to personality database,ENFJ,-0.030698752,-0.37623972,-0.10843302,-0.08413618,0.0831427,0.07651148,0.37071517,-0.19213699,0.43421173,0.17794777,0.39592955,-0.14886135,-0.07971162,-0.15895173,-0.26622087,-0.019642219,-0.27204567,-0.4790094,-0.4368978,-0.14631602,-0.02757607,0.24456742,0.27380964,-0.06933782,0.3832701,-0.044498265,-0.019891659,0.12342972,0.18865727,0.0054984167,-0.35186353,-0.2810955,0.43090197,0.5089203,0.47184402,0.5700624,0.49536696,0.62066424,0.48302823,0.48404306,0.39442506,0.6986902,0.5979669,0.5714401,0.6033936,0.4401623,0.5145297,0.47730556,0.524899,0.7107812,0.45657274,0.63765126,0.40536898,0.24233386,0.72242945,0.56836164,0.53483975,0.7172547,0.5700585,0.43282047,0.39964104,0.51684445,0.38926056,0.6657256,-1.2243215,-1.5027454,-1.8105792,-1.5970067,-1.9675752,-1.1937399,-0.7249953,-1.104227,-0.7289611,-1.8586165,-0.8852358,-1.778171,-1.4515508,-1.6054318,-2.0164802,-1.461405,-1.3716218,-2.7002647,-2.2035441,-1.3028657,-1.1507899,-0.2972139,-1.5595899,-1.7836105,-1.6050367,-2.0350184,-1.4045932,-1.199736,-0.76121384,-1.0308402,-1.1439753,-1.9033282,0.7976971,0.9620356,0.88366836,1.6870759,1.6424481,1.6867939,1.5118084,1.0685705,1.6204487,1.9193714,2.0158749,0.9096872,2.303683,0.6872328,0.5602203,1.3580354,0.89049983,0.9326888,0.60840905,2.0895987,0.8622361,0.9744877,2.7747295,1.1023982,1.7826005,1.5360835,1.3619679,1.1980661,1.2712576,1.4592086,1.0123488,1.3097351
⋆｡‧˚ʚ🍓ɞ˚‧｡⋆ enfj ,ENFJ,-0.3446676,-0.70407104,0.04822299,-0.13672031,0.020309502,-0.35373673,0.7595519,-0.5654642,0.26669893,-0.14321932,0.0046405736,-0.09012618,-0.7970274,0.14518243,-0.5129216,0.30557406,-0.37046057,0.43922937,-0.10356227,0.16649881,0.54591334,0.19399776,-0.20184663,-0.26147828,0.62812704,0.6560641,0.50898606,0.07029703,-0.21965463,-0.0013540533,-0.22126025,0.18025851,0.4121362,0.48858553,0.3994859,0.4187101,0.33839226,0.52209324,0.3882633,0.3677209,0.22126931,0.36691877,0.5327198,0.5702062,0.44962955,0.3877138,0.36887532,0.32833967,0.39441082,0.4888932,0.43086618,0.32461423,0.38980544,0.26870364,0.53612465,0.516897,0.38927707,0.52393216,0.41309378,0.30601573,0.3879793,0.35285315,0.3958995,0.53323627,-3.5047274,-1.7043443,-2.1912038,-2.1098301,-1.7330714,-1.9075745,-0.36355385,-1.2249508,-0.487544,-1.0302093,-0.7205989,-2.6206872,-2.2210557,-1.7594146,-1.9349259,-0.62066454,-1.3015963,-2.874931,-2.0741124,-0.75758195,-1.7578168,-0.26206225,-1.8853717,-2.6563299,-0.5188387,-0.70178026,-1.9898306,-0.50493515,-1.3636596,-1.1930116,-0.8712507,-2.4109204,0.4527491,0.6984688,1.114562,0.63867384,0.7082185,2.7868505,1.6497302,1.8506162,0.87231743,1.1651343,4.6709757,1.3008633,0.5614215,0.76045895,0.19028775,1.1930438,0.9873575,1.4133176,1.4141046,1.6708474,1.2225379,2.5684192,3.664957,0.7825607,1.6973433,1.8990881,1.8119279,1.7522424,1.0200055,1.1533629,3.2146263,2.0279067
HAPPY ENFJ,ENFJ,-0.19639403,-0.467828,-0.008821196,-0.29819217,0.37064767,-0.39525437,0.9718308,-0.3038892,0.5031372,-0.12664825,0.07150549,-0.25817427,-0.64898705,-0.04277059,-0.530918,0.029299015,-0.1674773,0.18806113,-0.13061328,-0.07761257,0.43550596,0.11558352,0.03001293,-0.27291897,0.7209365,0.15310933,0.63944477,0.059898395,-0.11230228,0.12504388,-0.49858144,0.014265791,0.35398933,0.43917924,0.34615925,0.49976325,0.31405807,0.46699372,0.36742607,0.331103,0.29140955,0.6469567,0.5072361,0.5564107,0.45086548,0.38198966,0.5496485,0.41496113,0.48245755,0.45494646,0.3585066,0.49626523,0.3362847,0.1754867,0.54119885,0.5645889,0.44386983,0.60576624,0.3234502,0.44900954,0.3957101,0.5216504,0.2577126,0.4999981,-1.0780802,-1.3400311,-0.89451057,-1.3766706,-0.3383536,-1.4814422,-0.13294221,-0.7942262,0.10020915,-2.1132963,-0.829819,-1.6471194,-1.6334825,-0.97780997,-1.9645541,-0.8651611,-1.1115049,-1.2075615,-0.8655257,-0.90282327,-0.40079165,-0.3146848,-1.088117,-1.6452188,-0.33324128,-1.329178,-0.5982736,-0.77888286,-0.7799668,-1.1374338,-1.1028832,-1.3797452,0.41727644,0.3332777,0.6865387,1.1130743,1.047514,0.8003873,1.6711912,0.7068636,1.5676204,1.406782,1.220936,1.1457736,0.53879076,0.55354035,0.27075064,0.8897711,0.90655994,1.0406393,0.59094983,1.8228426,0.96748066,0.5517725,1.5611109,0.62046593,1.5738142,1.2715517,1.3079004,1.3189505,0.6490625,1.0915536,-0.08453034,1.0631001
enfj the protagonist 💅🏼 ,ENFJ,-0.20513317,-0.56131256,-0.04986324,-0.13030736,-0.13979135,-0.12765636,0.4546305,-0.4227935,0.2814027,0.13925387,0.088380836,-0.04599483,-0.51317245,-0.08121986,-0.28716776,0.10220822,-0.51738703,-0.048649315,-0.1446764,0.008763557,0.19531275,0.2975537,-0.23282294,-0.20061745,0.52060807,0.6160706,0.18436837,0.021133995,0.08163056,0.071387134,-0.27566883,-0.20121156,0.41898203,0.47437498,0.40700403,0.47237748,0.3447102,0.6444614,0.41302562,0.34250456,0.26237237,0.4581538,0.47373202,0.6010558,0.5597015,0.38408095,0.51576364,0.46628693,0.46985492,0.48466775,0.41205493,0.31839928,0.35985643,0.255712,0.5034148,0.617038,0.42674935,0.5666708,0.48580545,0.36523739,0.37871188,0.45620605,0.3000597,0.51508677,-1.5320202,-1.4504958,-1.5017064,-1.4550612,-1.1805942,-1.5836335,-0.7555043,-1.1520587,-0.5404335,-0.6127952,-0.61851037,-2.0451488,-1.89313,-1.0729878,-1.7997214,-0.97902006,-1.4354588,-1.1121284,-0.96187145,-0.8489558,-0.418806,-0.28210208,-1.4221996,-2.3822122,-0.57121027,-0.58099866,-1.0346395,-0.53626746,-1.2050718,-1.0119027,-0.97481656,-1.2871351,0.5368015,0.8594239,1.0821067,0.7366308,0.55235964,1.9631009,1.6415892,0.5807678,0.8819627,1.2761955,1.3684618,1.3002352,1.3207219,0.5785292,0.41639808,1.2199416,0.5864003,0.97677064,1.2237537,0.82925606,0.8972175,1.0245068,0.90642744,0.67301553,1.6738232,1.75647,1.4818505,0.8223355,0.76340646,1.1410917,0.35814404,1.2815875
Enfj style,ENFJ,-0.2959211,-0.3922865,-0.21478578,-0.4761195,-0.17292367,0.34784484,0.47303176,-0.158046,0.2852102,0.6480219,0.18101937,0.24290116,-0.14826857,-0.103986986,-0.5614784,0.28002465,-0.29281145,-0.37514627,-0.3238465,-0.29900536,-0.056766886,0.11958793,-0.24610446,-0.42501503,0.6744849,0.40926117,0.04326057,0.34309348,0.12628144,-0.13738276,-0.4094875,-0.6306922,0.39946255,0.43963796,0.30351356,0.5333847,0.41857052,0.5311202,0.45426205,0.39594716,0.18833593,0.56514126,0.36878252,0.42670375,0.46623304,0.35328165,0.49773327,0.3527579,0.43633044,0.78875935,0.29571086,0.37504962,0.41598773,0.18335633,0.4651137,0.4629817,0.38057718,0.48681423,0.5878424,0.388027,0.44312683,0.36007378,0.27083653,0.60089964,-1.1796727,-1.2498733,-0.73729813,-1.7133844,-1.2654742,-0.56515193,-0.029517762,-0.7543688,-0.12465403,-0.45434988,-0.37979737,-0.735489,-0.8980606,-0.82199925,-1.6644459,-0.39786232,-0.8147274,-2.2666395,-1.0283684,-0.912927,-0.84992623,-0.2292761,-1.0324471,-1.3816208,0.06711626,-0.63616645,-0.94396096,-0.17639309,-0.7030841,-0.644643,-0.783317,-1.7362198,0.3772126,0.53840786,0.5384363,0.32680154,0.4292516,1.1975714,1.4159044,0.6257185,0.5814343,1.3743346,0.9186049,0.92824316,0.6335487,0.5056033,0.15585095,0.8484726,0.8211673,0.59450114,0.08573405,0.60096693,0.62025684,0.41093984,0.65241164,0.293898,1.378706,1.2274371,1.0580183,1.0816423,0.9612887,0.5381011,0.16262498,0.3769481
ENTJ vibes.,ENTJ,0.0055735065,-0.4324894,-0.010243696,0.07305791,-0.01799514,-0.12120412,0.31717336,-0.2675704,0.3235845,0.09089907,0.29839277,-0.030083507,-0.30487362,-0.14240178,-0.3145433,0.059316922,-0.3474142,-0.25890344,-0.27994117,-0.036146007,0.09167031,0.2587098,0.020545145,-0.12124574,0.3472888,0.2920929,0.07070941,0.082144834,0.08088998,0.012829959,-0.27375737,-0.13122474,0.3883372,0.5779222,0.43132186,0.49316233,0.45686513,0.5362157,0.4451912,0.48848873,0.38979834,0.56223,0.5149833,0.5577994,0.5949747,0.49841744,0.59008324,0.48337978,0.5105208,0.65788853,0.42800263,0.55756736,0.41964874,0.23491424,0.62656623,0.6462413,0.45877588,0.720716,0.54432017,0.36020976,0.43697178,0.46463218,0.35062107,0.650221,-1.0946951,-1.6319914,-1.2895536,-1.3596194,-1.626083,-1.7610776,-0.7555043,-1.1598896,-1.0419027,-1.8956782,-0.6683154,-2.0877588,-1.846292,-1.899058,-2.3777266,-1.302756,-1.6311111,-2.1530933,-1.5708053,-1.1085382,-0.9296954,-0.39272064,-1.6821538,-2.0887897,-1.061271,-1.7696123,-1.1013565,-0.866055,-1.0245328,-1.0903602,-1.1255628,-1.6374776,0.9451205,1.2830586,1.3192958,1.5848702,1.447018,1.1172366,1.3336426,1.4874588,2.156136,1.6550634,2.0048523,1.3002352,1.3207219,0.80062366,1.0328915,1.2199416,1.4115007,0.91300935,0.93833077,1.6885711,1.1904393,0.86424506,1.572052,1.0706155,1.4956385,2.0808735,1.5055771,0.9764824,1.1826364,1.0622094,0.6362178,2.3380928
ENTJ—༒,ENTJ,-0.10140968,-0.482655,-0.13227496,0.044060323,-0.10056113,0.07032936,0.22902271,-0.18590495,0.33751556,0.14344877,0.3735275,-0.07961864,-0.19549718,-0.16771013,-0.3203638,0.1590063,-0.3275499,-0.38057852,-0.37331036,0.11604787,0.0011630959,0.26340178,0.07871168,-0.17188017,0.3813728,0.31050166,-0.10274932,0.14364755,0.11818537,-0.04352269,-0.152422,-0.2377821,0.4281645,0.5255589,0.56787485,0.54360604,0.40784797,0.6904848,0.44050464,0.5427284,0.38082716,0.61807704,0.5751664,0.54094946,0.6857327,0.46408325,0.5007673,0.49838766,0.50380445,0.8327967,0.51100695,0.63120955,0.47488502,0.26280963,0.66796,0.47980207,0.5197277,0.686549,0.5951843,0.3813797,0.436413,0.43551368,0.38580474,0.6277423,-1.4523752,-1.5369745,-2.4397638,-1.2425599,-1.2360541,-2.007911,-0.9113857,-1.1713582,-0.9241348,-2.0511289,-0.9163813,-1.8057125,-1.7048384,-1.7527523,-1.9707137,-1.1823989,-1.4240167,-3.4297605,-2.1341512,-0.9689894,-1.7456639,-0.5475975,-1.703255,-1.6625866,-1.1550715,-2.2059124,-1.9263101,-0.81841576,-1.910213,-1.3140861,-1.1675034,-1.9710592,0.84480953,0.9514917,1.0797722,1.8488086,1.0583136,2.6846251,1.4857144,1.7421757,1.6803416,1.5649266,2.0632653,1.3840117,1.7964742,0.69411063,0.7180583,1.708213,1.481058,1.12526,0.74381363,1.9446818,1.1588522,1.0880119,2.4777007,0.86157185,1.7182411,1.8810649,2.026169,1.9211998,1.1022344,1.0598633,1.2858001,2.483682
Entj songs (all base from pdb),ENTJ,-0.17544961,-0.44178316,0.06020398,-0.09786455,-0.1800243,-0.055926252,0.43364832,-0.44083136,0.17632398,0.061402675,0.0876418,0.09232444,-0.40851808,-0.053885832,-0.35695738,0.18683483,-0.3923409,0.002618799,-0.18053706,-0.021420771,0.27222493,0.30222538,-0.3039807,-0.097567596,0.47080287,0.5853851,0.3116881,0.09949343,-0.03982962,0.1176278,-0.24174355,0.04576602,0.41177097,0.5954116,0.42641655,0.4265131,0.42568502,0.43975502,0.4428112,0.38246602,0.3339148,0.50620013,0.47970304,0.5566434,0.47493726,0.43206164,0.4658061,0.4134616,0.5336719,0.5439075,0.3894906,0.47116905,0.4077046,0.2664477,0.6414992,0.6188435,0.5547506,0.73717386,0.539105,0.33115757,0.4828995,0.3963781,0.33512485,0.6935272,-1.0348414,-1.3289633,-0.82508767,-1.1189853,-1.8690146,-1.817287,-0.9096881,-1.148376,-0.5885626,-1.9998434,-0.68663776,-1.6049025,-1.9036305,-1.3035198,-1.7102042,-0.8184963,-1.2763134,-1.3303735,-1.2633334,-1.0201676,-0.4575256,-0.15443787,-1.6260364,-1.8375102,-0.7533844,-1.6889029,-0.9045075,-0.522934,-1.3846589,-0.45289606,-0.9714367,-1.4083481,0.54613876,1.7965237,1.1613295,1.12823,0.9494585,1.0213429,1.376285,0.42268187,0.965313,1.1203344,1.5170331,1.4169413,0.6496453,0.6346678,0.5304926,1.024286,1.2114466,1.1611348,1.0054893,1.9636155,1.4921658,1.3183305,1.4612443,0.93370044,1.5322353,2.0133626,1.9570827,0.86245966,0.8938171,1.0622094,0.42281488,2.3171794
entj playlist,ENTJ,-0.05082675,-0.44310832,0.09093404,-0.0027523723,-0.013419508,-0.16309974,0.37656814,-0.3974864,0.33282238,0.09203622,0.3475087,0.06277556,-0.25998837,-0.023520648,-0.36620077,0.1266379,-0.31313416,-0.094920196,-0.2381062,-0.051722255,0.19436094,0.23355992,0.039762255,-0.075369254,0.32816678,0.25315323,0.1826525,0.118420646,-0.044657078,0.033728234,-0.2832347,-0.002505769,0.3763431,0.5771461,0.43624082,0.4343971,0.4460163,0.56746763,0.46599635,0.40043,0.37767836,0.5820771,0.5647998,0.52307314,0.66141987,0.39188072,0.5445063,0.49041116,0.5823263,0.6552962,0.49500307,0.5167457,0.45229802,0.2602628,0.7395239,0.6193582,0.5393939,0.78223974,0.57407445,0.39893305,0.4438865,0.48118004,0.35422167,0.6765112,-0.84052014,-1.5022913,-1.3743464,-1.4025478,-1.8690146,-1.817287,-0.9106787,-1.148376,-0.6336044,-2.1912186,-1.0107889,-1.6049025,-1.9036305,-1.3035198,-1.8027638,-0.9573043,-1.3013254,-2.8100445,-2.0004013,-1.1618,-1.414817,-0.40554965,-1.6250303,-2.3822122,-1.4158273,-1.6889029,-1.5268999,-0.5737834,-1.3627484,-1.3014582,-1.315889,-1.7620229,0.97741973,1.7965237,1.5170472,1.2313057,1.3094574,1.3440044,1.4522005,1.0890156,1.8173368,1.5073509,2.1931665,1.4169413,2.0156407,0.85752183,0.6323283,2.1752307,1.2738667,1.1611348,1.2237537,1.9829885,1.3978367,1.3183305,2.6276326,1.2249793,1.8091705,2.0133626,2.0970051,1.410167,0.9332881,1.0740105,0.6254531,2.5025299
entj vibes ;),ENTJ,-0.031256862,-0.5360668,-0.032050416,0.21070288,0.0074459575,-0.17633764,0.31978428,-0.25847995,0.41420543,-0.19512017,0.33505806,-0.15729457,-0.36443007,-0.13271785,-0.32927895,0.14490585,-0.29898787,-0.20901024,-0.30990326,0.28076935,0.16503294,0.30810997,0.042863872,-0.060686823,0.38042778,0.33995757,0.07693766,0.074065685,0.0097900815,0.028523896,-0.12444926,0.063143805,0.46253192,0.5597552,0.54640234,0.5511415,0.50402546,0.6435733,0.45529082,0.53350276,0.49242613,0.75472873,0.6247414,0.7225882,0.64564705,0.44344217,0.53927076,0.5288268,0.57794,0.6439071,0.525177,0.7272633,0.44097498,0.3021079,0.7049045,0.5799883,0.6002919,0.7812331,0.5811305,0.3826664,0.3989726,0.41076288,0.3984854,0.657263,-1.5821488,-1.8061535,-1.6924477,-1.2928686,-1.2365863,-2.1899629,-0.783817,-1.3244514,-0.89064264,-2.2065027,-1.1212412,-2.2833972,-2.5121644,-2.1441777,-2.288916,-0.9573043,-1.540674,-2.2321687,-2.8927343,-1.4598904,-1.3358997,-0.40389395,-1.8169686,-2.0144491,-1.2414088,-1.7157602,-2.5775797,-0.5737834,-1.2012818,-1.2222737,-0.98790365,-1.870228,0.96082747,1.2523911,1.1205008,1.7537348,1.5938504,1.9320807,1.4890244,1.1888669,2.156136,1.6166462,2.270998,1.3774645,1.3207219,0.6214341,0.9717604,2.167155,1.227722,0.99057573,1.1315969,2.2104173,1.0178777,1.7643054,3.318332,1.1401156,2.0825167,2.1584725,1.6102641,1.0974803,1.010234,1.0561516,1.8490793,2.331595
ENTJ - The Commanders,ENTJ,-0.060263503,-0.40566403,0.20520714,0.026091954,-0.2075098,-0.0996748,0.24669781,-0.4799088,0.14390795,0.04790685,0.27964017,0.13799153,-0.25849888,-0.009285056,-0.30591264,0.24203126,-0.37092513,-0.048834175,-0.23826848,-0.015449347,0.28631744,0.34912163,-0.13801147,0.066343546,0.18812104,0.511438,0.18134426,0.07617464,-0.18113986,0.07137445,-0.16070887,0.19344723,0.43389097,0.5899756,0.4882146,0.43812373,0.4817636,0.53101695,0.4022146,0.40903512,0.42731073,0.46804127,0.5909139,0.5549849,0.4955831,0.4025445,0.4677539,0.5169506,0.5891732,0.5713904,0.3921738,0.47959226,0.4053486,0.27253687,0.5491983,0.54475296,0.4843485,0.80216944,0.5633582,0.40828097,0.5329161,0.5121966,0.4257114,0.7159877,-1.0641903,-1.6064737,-1.3346218,-0.9209662,-1.4872508,-1.3172697,-0.5603664,-1.3418511,-1.346904,-1.2052013,-0.978914,-1.3085433,-1.4146085,-0.99930215,-1.7369517,-0.9481592,-1.675507,-1.3943911,-1.9933516,-0.94693327,-0.75411594,-0.1954856,-1.3232379,-1.7515961,-1.5037138,-1.4963759,-0.9007252,-0.73273003,-1.5677624,-1.0480219,-0.9061121,-1.4607438,0.73659295,1.6378798,1.496751,1.294043,1.0141898,1.4667876,1.5594141,0.6616373,1.2868266,1.0266699,1.6444722,1.6094322,0.8236873,0.783006,0.49296755,1.4325885,1.4698776,1.1194018,0.6851857,1.3195516,1.1965711,1.1717652,1.1665659,1.0852218,1.2640729,2.305664,2.1004283,1.2822795,0.82996583,1.3455408,0.9295646,2.321505
ENTJ,ENTJ,-0.20916782,-0.524242,0.112326786,-0.04828241,-0.028101686,-0.2561509,0.54659694,-0.4535548,0.29927355,0.024558743,0.16488221,0.16341186,-0.5488131,0.039366722,-0.5594442,0.28749543,-0.3635009,0.20098148,-0.093525894,0.11665295,0.3927637,0.1846188,-0.25521606,-0.23395056,0.5519988,0.586314,0.4000541,0.11095082,-0.17594369,0.042652022,-0.25735706,0.12698482,0.40517506,0.59118754,0.43714526,0.45568365,0.35693303,0.5400893,0.37221915,0.4471969,0.29036555,0.52441967,0.4882234,0.53894514,0.53370637,0.40241316,0.5720192,0.40395802,0.5121715,0.5157619,0.39040932,0.45960167,0.41196412,0.22925681,0.6093127,0.6466094,0.48475495,0.7064115,0.50445384,0.38154766,0.40767092,0.4407951,0.31134477,0.65865946,-1.2250824,-1.7597462,-1.4544215,-1.4061515,-1.3470104,-2.3070192,-0.6794483,-1.3043675,-0.6514785,-1.2448844,-0.6945394,-1.8720043,-2.0858195,-1.292491,-2.7438974,-1.0834919,-1.6163306,-1.6911017,-1.5683184,-1.2892302,-0.75383955,-0.50800747,-1.9375623,-2.786803,-0.9745228,-2.0434632,-1.1151103,-0.71019226,-1.3678056,-1.1612126,-1.0717407,-1.3071386,0.6386474,1.9660116,1.185171,1.2883484,0.78595793,1.1455112,1.4735707,1.0752654,1.2297008,1.2864054,2.1337917,1.5344697,1.1978041,0.8675333,0.38356465,1.3765191,1.3096433,1.2114284,1.4934063,1.616306,1.1660148,0.73402315,2.2774274,0.80034167,2.2938216,2.3165119,2.2944484,1.2597793,0.739676,1.2271384,1.0158367,1.9594897
ENTJ_ 武則天 Radio,ENTJ,0.04686637,-0.13606869,0.15327959,-0.10769842,0.06398509,-0.114139974,0.2348804,-0.07530669,0.40881604,0.49095452,0.5886204,0.23048416,-0.021970011,-0.15375702,-0.4502685,-0.107865736,-0.22489808,-0.46484855,-0.16453607,-0.34337273,-0.15079254,0.06341887,0.104276046,-0.2689898,0.30019048,-0.036183055,0.08496677,0.18475886,0.22690956,0.084426366,-0.45357364,-0.5719879,0.27146727,0.4236967,0.24819437,0.31482536,0.27681124,0.4658186,0.3488756,0.3367225,0.25692564,0.4065303,0.4568828,0.37120503,0.42783308,0.3185657,0.40292576,0.40627939,0.41204822,0.5587242,0.27720398,0.3705586,0.35484883,0.20411086,0.42219812,0.37040403,0.39701048,0.4963418,0.40136895,0.3790206,0.38985756,0.4121584,0.29721916,0.5173941,-0.68749195,-1.0006359,-0.32301098,-0.76675844,-0.4573799,-1.1768914,-0.54330856,-0.8166852,-0.24051836,-0.31859478,-0.32964483,-0.54725057,-1.1311563,-1.1236222,-1.2206092,-0.9186994,-1.2324933,-1.8124647,-0.67608047,-0.9349429,-0.84115964,-0.18506901,-0.8860772,-1.0192101,-0.8334204,-1.2548821,-0.7212934,-0.5406357,-0.8460436,-0.68379277,-1.0368099,-1.5995346,0.5917459,0.876091,0.8583818,0.42130017,0.7752817,0.99777687,1.1198395,0.738695,0.9402524,1.303571,1.6450751,0.7863904,0.7867315,0.4198342,0.44184774,0.6578547,0.5571981,0.62520397,0.48385754,0.45903215,0.61280066,0.5498378,1.1012565,0.47436324,1.1424495,1.0212623,1.1830298,0.94638515,0.9511765,1.0036714,0.39601123,1.0792613
entj 3w4,ENTJ,-0.16049848,-0.44734496,-0.216962,-0.09230825,-0.05800781,0.16541822,0.3359704,-0.14546178,0.3157269,0.06923488,0.2928377,-0.27331927,-0.19334199,-0.18312234,-0.27009168,0.12059147,-0.21951953,-0.4309664,-0.44445193,0.07413957,-0.010481528,0.2943842,0.16494922,-0.16060723,0.37959698,0.29728818,-0.04875698,0.17166673,0.11593201,-0.04729253,-0.15949482,-0.1912603,0.4816314,0.60457385,0.5535674,0.5899312,0.50194424,0.78613997,0.496039,0.50281054,0.46572468,0.8331866,0.5574617,0.726958,0.71216446,0.42841053,0.45233434,0.5039971,0.5523973,0.81623113,0.54546106,0.7064134,0.50610644,0.30468187,0.72779655,0.56416684,0.5508265,0.7938508,0.6179591,0.40783936,0.45389467,0.4892977,0.41115576,0.7607359,-1.2138153,-1.8061535,-2.0059624,-1.4244585,-1.3439373,-1.829608,-0.6108591,-1.3244514,-0.7113028,-2.4062479,-0.98421574,-2.7637424,-1.9974266,-1.3616327,-1.6233742,-1.0986408,-1.3985041,-2.3699045,-2.0338995,-1.149873,-1.2647667,-0.4075145,-1.6876626,-1.613073,-0.8915571,-1.7361066,-1.7557629,-0.7839935,-0.9523166,-0.93899786,-1.3077831,-1.5991724,0.88664365,1.1069624,0.83763677,1.6892853,1.295961,2.168237,1.4666442,1.1986423,2.1613762,1.7004232,1.7025379,1.0564519,1.5899774,0.68170106,0.6637659,1.299063,1.0612713,0.9555905,0.84638536,2.008537,0.91150755,1.1808895,1.9820393,1.5240219,1.8091705,2.017279,1.2234396,1.2067884,1.1515958,1.598321,0.9708617,1.7264292
ENTJ anthem,ENTJ,-0.071892954,-0.4123381,0.16297717,0.019295309,-0.12509884,-0.1584652,0.31642488,-0.43972492,0.22842044,0.07452213,0.27243114,0.16954768,-0.29153153,-0.016279846,-0.37964275,0.20508918,-0.3379708,-0.027600694,-0.20288476,-0.003807588,0.2648651,0.27103797,-0.15340738,-0.046739314,0.30444846,0.45859304,0.25280076,0.09518776,-0.1148494,0.081152774,-0.2379721,0.113810435,0.40519902,0.5924044,0.4385304,0.45754322,0.47110838,0.5480339,0.4675676,0.43300596,0.40655777,0.550587,0.5272213,0.57271,0.5960427,0.4079027,0.5603101,0.5233518,0.56560993,0.60941213,0.41715357,0.483212,0.45528337,0.28414333,0.6209036,0.6473993,0.55150604,0.7540883,0.54047877,0.38616124,0.5085448,0.44591764,0.33627886,0.73866636,-1.0388019,-1.5022913,-1.3743464,-1.2934179,-1.8690146,-1.9646096,-0.9096881,-1.2618176,-0.87869686,-2.1912186,-1.0107889,-1.6049025,-1.9428618,-1.3675367,-1.884157,-1.0727501,-1.5001106,-2.0832195,-2.0004013,-1.0830137,-1.2879744,-0.38837516,-1.8545684,-2.7658472,-1.6754506,-1.6889029,-1.071144,-0.66842294,-1.5677624,-1.2020841,-1.1046968,-1.7620229,0.97741973,1.7965237,1.5170472,1.7486753,1.6115737,1.3440044,1.824177,0.83959866,1.6528289,1.4283037,1.5170331,1.6897095,1.8216693,0.85752183,0.7551876,2.1752307,1.2661012,1.1611348,1.4047707,1.9829885,1.4921658,1.3183305,1.4612443,1.2249793,1.8091705,2.0133626,2.0970051,1.1434342,1.0114347,1.2628324,0.6672891,2.5025299
ENTJ Radio,ENTJ,-0.182316,-0.6874261,-0.12848042,-0.04505312,-0.16565631,0.003746624,0.39522773,-0.37688035,0.27984044,0.13242628,0.07498211,-0.05759813,-0.54271215,-0.071774006,-0.2549431,0.20709966,-0.5646534,-0.06935039,-0.16340543,0.07909488,0.08842666,0.2921495,-0.26421407,-0.22816151,0.57919943,0.67645025,0.006716506,0.10047558,0.14380644,0.005891826,-0.2122014,-0.29201224,0.28245592,0.35306028,0.30941275,0.37608325,0.3032381,0.36131415,0.26515436,0.33970907,0.28273687,0.37234107,0.48489824,0.47022164,0.38427827,0.32674223,0.35696286,0.32345235,0.39125702,0.41245446,0.31398818,0.38442704,0.28011695,0.21568596,0.43207607,0.3455836,0.3082661,0.5705273,0.31450692,0.27465925,0.30258775,0.3672632,0.2082976,0.42020404,-0.7944209,-1.463352,-1.2235925,-0.567424,-0.8693306,-0.9662978,-0.19331685,-0.90897113,-0.2290183,-1.1410023,-0.78605473,-1.5479741,-1.7404364,-0.74934214,-1.3385077,-0.566552,-1.4338632,-1.0903939,-1.1696901,-0.6362228,-0.5726166,-0.08060989,-1.2294625,-1.041183,0.041050684,-0.8033008,-0.6924379,-0.51490635,-0.555002,-0.9360717,-0.8317246,-1.2360522,0.45020655,0.106874034,0.5305628,1.4632745,0.81445193,0.77104706,1.2505223,0.64890164,1.5295521,0.8174038,1.2096832,0.8536512,0.1626584,0.48294824,0.50213367,0.93203515,0.34720734,0.5975783,0.5847643,1.7691602,0.5654806,0.735678,0.8022479,0.372908,1.3068112,1.9823637,0.70741224,0.7042601,0.7683281,0.8244383,0.2770076,0.6416304
entj woman energy,ENTJ,-0.0465098,-0.57643414,0.1013015,0.139848,0.038509868,-0.26570323,0.46026376,-0.36564702,0.382588,-0.11259105,0.22032599,0.015562382,-0.494203,-0.01991387,-0.28766856,0.096709654,-0.44248605,-0.06052784,-0.19441,0.096634425,0.24069771,0.26711324,-0.015613388,-0.042738814,0.44143245,0.36303326,0.17922302,0.028886814,0.014918792,0.116635114,-0.2887291,0.05182038,0.3870224,0.5440663,0.40117276,0.4474402,0.45548216,0.46118617,0.40817976,0.4381396,0.45591322,0.58933055,0.50205386,0.58940643,0.619246,0.33902702,0.4458602,0.37319314,0.52764237,0.5556605,0.34984648,0.5120127,0.4125363,0.24575877,0.56116366,0.5217143,0.47478327,0.756176,0.40829417,0.28351313,0.34665444,0.38163424,0.2919276,0.64183784,-0.96034807,-1.5500189,-0.6988705,-0.8057448,-0.84541196,-1.4951129,-0.25994754,-1.1512822,-0.8788641,-1.8558929,-0.6222668,-1.6800733,-1.6878865,-0.7137145,-1.5843196,-0.7723037,-1.4353845,-1.164492,-1.0324507,-0.714021,-0.7501015,-0.39272064,-1.3041518,-1.4197972,-0.9472163,-1.7696123,-0.76379794,-0.522934,-0.99180365,-0.5850893,-0.7951801,-1.5936717,0.55194,0.5599245,0.9275218,1.3585392,1.2946552,0.74469465,1.3336426,0.7645698,2.156136,1.021154,1.5377017,0.887827,1.1007755,0.58073264,0.5304926,0.7818876,0.7723045,0.91300935,0.6331131,1.5758114,1.1904393,0.75769246,1.1796458,1.0837848,1.251571,1.7376071,1.0715922,0.69752455,0.67684466,0.9704347,0.4023196,1.6796142
ENTJ Radio(1),ENTJ,-0.30034322,-0.70742255,-0.90387994,0.29532906,-0.047746986,0.78557473,0.22416832,0.56399244,0.5129369,-0.5309354,0.515874,-0.57309717,-0.075541414,-0.68693787,-0.6169372,0.57341987,-0.07079644,-0.8126768,-0.9301065,1.3133626,-0.1412526,0.36147174,0.24437101,-0.31107876,0.89296526,0.0431225,-0.6790712,0.57103246,0.16836527,-0.12095508,0.6744026,-0.049893495,0.48341393,0.48425147,0.4290748,0.64860946,0.3759827,0.6300226,0.33519617,0.4121712,0.39112005,0.6679074,0.6603812,0.5560758,0.39687854,0.48769566,0.59401786,0.35272858,0.39514175,0.43787456,0.43671745,0.5918457,0.31949478,0.31877923,0.6377334,0.49692106,0.5258954,0.43287757,0.58421224,0.3047928,0.20384836,0.42483267,0.5013281,0.51366204,-2.0353756,-1.5563062,-2.1355953,-1.5093833,-0.9928684,-0.31179315,-0.5252187,-0.37813163,-0.88487774,-1.4290187,-0.7299299,-2.0361845,-0.92461485,-1.807982,-2.0776174,-0.28830624,-1.1862457,-1.7631134,-2.1420982,-0.04636519,-0.95033413,-0.321997,-1.406339,-1.58948,-0.4625083,-0.6082388,-2.1630409,0.03061181,-0.5295993,-1.3524851,-0.44602266,-1.2694615,0.5251564,0.6244945,0.0657231,1.5746807,0.61785716,3.08138,0.99062794,1.4686859,1.4161855,0.89936376,2.1138608,0.8312316,0.84921485,0.5099193,0.34735176,1.3615564,0.9161449,0.409768,0.029102577,2.0672097,0.6419995,1.3061349,1.7202752,0.5997389,2.042108,1.755777,0.5631927,1.4423714,0.5039774,0.5100817,1.7574096,1.0387629
ENTJ (PDB),ENTJ,-0.07811833,-0.3816543,0.08117512,-0.070002824,0.0012910762,-0.2082703,0.48210138,-0.3666833,0.31747907,0.16337083,0.21633144,0.094412886,-0.38576192,-0.05766686,-0.44516444,0.09086179,-0.33832842,-0.036920417,-0.1526804,-0.09171122,0.22877489,0.20097567,-0.13844547,-0.19060501,0.46297705,0.381388,0.29194018,0.09893779,-0.021092776,0.08532164,-0.37295678,-0.044367727,0.37819323,0.5872281,0.35919994,0.44212776,0.413884,0.50049126,0.44475734,0.411081,0.2989557,0.5232215,0.5450282,0.49242762,0.5075789,0.38646016,0.574332,0.46645162,0.5238973,0.5332951,0.3926143,0.37960887,0.4149943,0.25421885,0.66599673,0.60830355,0.46704602,0.7405943,0.5025349,0.4300901,0.4187224,0.4606186,0.33166426,0.6298791,-0.90383095,-1.5408025,-0.98051536,-1.3622639,-0.8686918,-1.7315052,-0.4660086,-1.148376,-0.35655814,-1.7708124,-0.7566182,-1.4136491,-1.402761,-0.88789195,-1.9785323,-0.9573043,-1.6163306,-1.659613,-1.7292011,-1.149873,-0.7777919,-0.38766432,-1.6908708,-1.872881,-0.7693173,-1.6765991,-0.8154617,-0.66842294,-1.0245328,-0.9799875,-1.3077831,-1.3977821,0.6996682,1.2641231,1.0472533,0.80097806,1.2133605,1.0168966,1.395177,0.5253501,1.1551851,1.2264546,1.551508,1.1226779,1.3515112,0.68904585,0.5588097,1.2441986,0.8613791,0.9331611,0.7682818,1.3554364,1.0680193,0.87902415,1.706284,0.6271402,1.5322353,1.78951,1.3995781,1.2838455,0.9332881,1.0373263,0.5375286,1.5493368
ENTJ - KPOP,ENTJ,-0.17312865,-0.4870244,0.26474863,-0.0036451116,-0.013206275,-0.36248353,0.5676825,-0.52957034,0.240333,-0.039734796,0.12839384,0.22754224,-0.58725095,0.121995926,-0.5033135,0.28761494,-0.3687888,0.31932193,-0.05659279,0.11320164,0.52179766,0.20156282,-0.26619583,-0.13502195,0.48194692,0.6130243,0.5137486,0.03333931,-0.28176552,0.14371718,-0.2825585,0.331381,0.4004865,0.5849667,0.39561847,0.41858456,0.3586608,0.4363601,0.35446584,0.33089274,0.29093653,0.44821644,0.440007,0.5268847,0.48828393,0.34142303,0.5222739,0.34665796,0.55207944,0.3611532,0.35076177,0.3589345,0.36135218,0.23390782,0.5148185,0.61321,0.47006845,0.6400326,0.421528,0.3801488,0.44372934,0.42212224,0.27524737,0.64466363,-0.88759184,-1.5408025,-0.4079229,-1.3622639,-0.7722885,-1.5079114,-0.29972553,-1.1299785,-0.65913755,-0.7781478,-0.61321104,-1.0338476,-1.4345205,-0.6886714,-1.9785323,-0.6502803,-1.6163306,-0.46798995,-0.80193925,-0.9673679,-0.2830528,-0.4014814,-1.7437152,-1.7387081,-0.8513307,-0.72550195,-0.6342259,-0.54287434,-1.4808174,-0.8151389,-0.96248776,-1.2065566,0.8249422,1.1947395,1.1082261,0.6932573,0.79943395,0.53661954,1.5026933,0.34436062,0.7658342,1.1853273,1.2732284,1.2492249,0.72831833,0.7381847,0.24108595,1.0735832,1.1909226,0.91548216,0.7678118,0.6906035,1.2260525,0.73402315,0.8387972,0.9239471,1.5157086,1.9321439,1.5704982,1.2838455,0.6792636,1.294246,0.5375286,2.231859
ENTJ playlist for badass commanders🔥💅,ENTJ,-0.18294786,-0.5904764,0.085504316,-0.05939712,-0.17252162,-0.040362906,0.36494848,-0.53599846,0.21188502,0.055537123,0.19101962,0.18902662,-0.3580653,0.07129676,-0.44842616,0.3663809,-0.43132693,0.12849939,-0.23146471,0.041221295,0.32270128,0.2722772,-0.25026208,-0.06634729,0.39746547,0.5884315,0.206834,0.1401591,-0.20492771,-0.030172586,-0.20601864,0.14654234,0.38213646,0.6052296,0.46192315,0.42035902,0.42892987,0.4986591,0.36684147,0.37332734,0.3531369,0.5575298,0.57802874,0.47185013,0.5082477,0.3133387,0.5680651,0.47381982,0.57039833,0.48651326,0.42753035,0.47426543,0.33995295,0.28023747,0.5891121,0.59373236,0.54082125,0.74780744,0.5011559,0.40497577,0.43821403,0.4387681,0.27304325,0.67235523,-1.2019023,-1.7904588,-1.3743464,-1.340067,-1.8690146,-1.277056,-0.9096881,-1.1649517,-0.83418065,-2.1912186,-1.0107889,-1.2934911,-1.5586641,-0.83431435,-1.9957365,-0.9358166,-1.4438269,-1.3022447,-2.0004013,-0.96755666,-0.45223513,-0.3589517,-1.6634389,-1.5264341,-1.0565867,-1.4408709,-0.96211606,-0.55885327,-1.525939,-0.9369373,-0.9841261,-1.3553263,0.48479113,1.0333031,0.9795388,0.6283859,0.75166607,1.3440044,1.0291029,0.4101222,1.1755176,1.3012017,2.042586,1.4169413,1.3207219,0.6154266,0.36663523,2.1752307,1.076771,1.1611348,0.62633383,1.9829885,1.1348245,1.3183305,1.3493634,1.2249793,1.8091705,2.1160612,1.593809,1.2112718,0.8508949,1.2468439,0.4404377,2.3612478
as an entj woman,ENTJ,-0.05690416,-0.45684332,0.101734266,0.020819021,-0.019659704,-0.21007748,0.38842914,-0.39944404,0.18482278,-0.05560847,0.23071459,-0.09771691,-0.48349524,-0.04991616,-0.37224486,0.17640436,-0.24860498,0.05760612,-0.18382888,0.00052985013,0.31029212,0.2896506,-0.081022575,-0.12575148,0.27860114,0.4308689,0.3318255,0.117120445,-0.11507464,0.023900809,-0.16231647,0.16170412,0.40622082,0.59314,0.50516087,0.49015886,0.45693818,0.5685466,0.4413219,0.4336186,0.40573245,0.60725373,0.56666833,0.6869376,0.5844556,0.46482962,0.535771,0.5023016,0.53470814,0.6189596,0.46911195,0.52557015,0.44370383,0.29175678,0.64398265,0.62541986,0.61089796,0.75531536,0.5265464,0.37352675,0.48776242,0.45362145,0.35525125,0.7177672,-0.99250644,-1.5176812,-1.347589,-1.2934179,-1.6139889,-2.0260425,-0.8159567,-1.1512822,-1.0804406,-2.0476012,-0.84749556,-1.7650954,-1.9036305,-1.4612209,-1.8107492,-1.2777169,-1.4399335,-2.534334,-1.7827929,-1.1883076,-0.9603331,-0.3681308,-1.6821538,-2.7850046,-1.6754506,-1.7696123,-0.8184364,-0.55361235,-1.4622594,-1.1009446,-1.1046968,-1.6674485,0.99308044,1.7965237,1.257852,1.6704687,1.447018,1.3183856,1.4353458,1.2182351,1.6369292,1.4283037,1.7776874,1.6151958,0.80173326,0.72979736,0.4315088,1.4774102,1.2114466,1.2031091,1.4322872,1.6245724,1.3453643,1.7142923,1.5058539,0.95716244,2.0825167,2.0133626,1.9570827,1.2032324,1.1879226,1.0999784,0.85332525,2.1055055
ENTJ-A(J-POPとか),ENTJ,-0.32739577,-0.6087872,-0.15264513,-0.28703964,0.23842725,-0.022987958,0.86972386,-0.32388693,0.42231688,-0.22154236,-0.061000045,-0.20969473,-0.4831881,0.02325826,-0.620377,0.3081527,-0.18981797,0.17623481,-0.33668503,0.069583714,0.40193176,0.15149745,-0.15658711,-0.2241881,0.75022453,0.28493917,0.52272546,0.16433007,-0.19459265,-0.06245536,-0.39513817,0.16824605,0.41115665,0.55824196,0.46725664,0.46301,0.4866802,0.5231786,0.45526022,0.47819945,0.42641482,0.7272196,0.46885103,0.47041696,0.48158485,0.48193076,0.5960916,0.47080988,0.52611685,0.5277618,0.44667295,0.5767872,0.44092658,0.24756129,0.5998052,0.5894161,0.543892,0.62918454,0.35639092,0.40261924,0.44922143,0.4704523,0.31453946,0.7386892,-1.2653912,-1.6000291,-1.693414,-1.352427,-0.98598045,-0.84542453,-0.44285062,-1.3865055,-0.28073925,-2.3495746,-0.9876354,-1.3013893,-1.4320916,-1.1918069,-2.4768102,-0.76381296,-1.0255396,-1.566836,-1.3600293,-1.2075069,-0.63822633,-0.42896438,-1.7104938,-1.701166,-0.78293943,-1.2282149,-0.34045693,-0.60870177,-1.299252,-1.1350151,-1.1240808,-1.5201708,0.4455141,0.6395381,0.56814206,0.62303346,1.3345021,1.3299267,1.6851157,0.83314925,1.4999361,1.0696317,1.15428,1.0205652,1.0189419,0.99816006,0.15104929,1.3533313,1.1925005,0.9869996,0.5651605,1.6891651,1.1001079,0.5864428,1.1965158,0.70451885,2.0305507,1.4896554,1.2581301,1.437298,0.6441384,1.2678847,0.27090737,2.3786738
ENTJ Girl_ Leader even if they're not asked 🍷,ENTJ,0.0033517156,-0.47176626,0.09457217,-0.049967337,-0.013844387,-0.1306271,0.31625378,-0.37933522,0.31443158,0.25112745,0.4422955,0.00977059,-0.24207117,-0.015948026,-0.24184397,-0.0071365563,-0.38380364,-0.22665665,-0.2289493,-0.21787262,0.077394985,0.2608632,0.1626657,-0.07454553,0.26259282,0.14980516,0.01673813,0.09010045,0.09551874,0.036953673,-0.3160755,-0.22101445,0.33942258,0.5622634,0.2959353,0.37088132,0.40925017,0.5051339,0.45265305,0.3968835,0.26243785,0.50081676,0.57322663,0.4043099,0.5841954,0.3950367,0.45680553,0.44061014,0.55509037,0.63830394,0.37676182,0.39815953,0.41787708,0.21746396,0.59995896,0.4863894,0.4086904,0.69565547,0.5052727,0.39897844,0.42566064,0.4538551,0.32368416,0.5343973,-0.78621584,-1.5527449,-0.6081889,-1.3488041,-1.1805942,-1.2737563,-0.7555043,-0.98860943,-0.47226456,-0.5430724,-0.64620066,-1.081675,-1.3063482,-1.3035198,-1.5692794,-0.9573043,-1.5117946,-2.2150736,-0.9669395,-1.1828285,-1.0995595,-0.32713038,-1.5670196,-1.8375102,-0.6287529,-1.5706815,-1.0063614,-0.62360436,-0.8169959,-1.0001231,-0.97555256,-1.3379488,0.70490015,1.7965237,0.83463705,0.7366308,0.96201885,1.3147289,1.2897718,0.8446569,0.8934072,1.6477492,1.6086106,1.3002352,1.3207219,0.6619928,0.41639808,1.2199416,1.2114466,1.0108498,1.0054893,0.53248847,0.76626015,0.7858102,1.8737494,0.6475078,1.100126,1.734323,1.9570827,1.3409733,0.9332881,1.3969105,0.41019475,0.88302934
entj (from an entj),ENTJ,-0.10598905,-0.46272582,-0.23104186,0.21088704,0.026234414,0.047409415,0.3332574,-0.0545405,0.49002793,-0.23281501,0.27907625,-0.14068787,-0.21304624,-0.2632277,-0.49643898,0.25814936,-0.16050884,-0.34759188,-0.42795599,0.47958532,0.07803074,0.20348933,-0.045070235,-0.16189407,0.5712348,0.3226195,0.042086244,0.17414251,-0.004479027,0.010452168,-0.06437261,0.061469004,0.48796636,0.57933575,0.5431374,0.69039285,0.58253914,0.6585782,0.4906807,0.5616923,0.54859346,0.7932977,0.55932075,0.7232597,0.6649001,0.48967102,0.61492205,0.5270001,0.5822627,0.6706283,0.4884675,0.7540883,0.41513345,0.29698613,0.7404182,0.554932,0.55910087,0.7367735,0.5690026,0.42810127,0.39227465,0.4548919,0.42328027,0.6109162,-1.3830158,-1.8750708,-1.6924477,-1.3198853,-1.5507067,-1.9333892,-0.78859645,-1.1512822,-0.8289186,-2.4062479,-1.1291609,-2.4806275,-1.6306388,-1.93421,-2.545646,-1.4006158,-1.4353845,-2.1396978,-1.6797171,-0.9547561,-0.9483273,-0.47346982,-1.9677485,-1.7228999,-1.0747907,-1.7951703,-1.5082693,-0.9054168,-1.1873881,-1.4091375,-0.99129474,-1.5861869,1.1136177,1.5897931,0.7922655,1.9450908,1.5715858,1.5274441,1.7831461,1.6432678,2.1613762,1.514617,1.9396734,1.6897095,1.6544979,0.62746763,0.825708,1.7986141,1.5599331,0.99888617,0.76363504,2.2923536,0.9116517,1.000399,2.1271553,1.2138953,1.9560002,1.901116,1.6530632,1.2822795,1.0108806,1.0958614,1.1580856,2.2893164
ENTP songs,ENTP,-0.1460826,-0.46846947,0.10197465,-0.05853162,-0.07728508,-0.079042524,0.39581963,-0.500834,0.14761761,0.0012189656,0.113841094,-0.037591044,-0.39753005,0.040702388,-0.30144116,0.21700643,-0.3330545,0.042792946,-0.27091706,-0.051128745,0.36223412,0.31612432,-0.0776684,-0.024833638,0.27953088,0.47866666,0.27104065,0.08219778,-0.13083707,0.0111061,-0.20073332,0.19362944,0.39348608,0.69521785,0.36714798,0.4134396,0.4498044,0.5397162,0.47266114,0.43132374,0.34609792,0.48374686,0.52816355,0.5819148,0.67319137,0.4114167,0.50300163,0.47353292,0.55254775,0.5919431,0.40718383,0.41031167,0.41252953,0.2348458,0.5890261,0.51950306,0.54502064,0.70928,0.51317906,0.40247986,0.49161136,0.44988832,0.37759495,0.6721827,-1.0104452,-1.8189116,-0.69346833,-1.032303,-1.4616662,-1.5123276,-0.8236289,-1.2878332,-0.6567974,-0.8958191,-0.8179595,-1.6800733,-1.6878865,-1.1935823,-2.0628204,-0.9301031,-1.4353845,-1.2535866,-1.2048844,-1.1085382,-0.49938217,-0.4189936,-1.5232179,-1.5072076,-1.0356568,-0.78042245,-0.97654647,-0.5621748,-1.3254201,-1.1301589,-0.9912942,-1.3174157,0.6560937,1.2830586,0.98273677,0.9758135,0.71054304,1.184508,1.3034375,0.6369231,0.6161594,1.4690609,1.3564591,1.0473554,1.0480487,0.8470408,0.7496983,1.5610434,1.4194521,1.0524904,0.6480652,0.6906035,1.0553658,0.6686674,1.1105958,0.97691023,1.2136465,2.3069913,1.8242364,1.1907892,0.88046235,1.02169,0.61154634,1.9063419
Entp playlist 🛐,ENTP,-0.25183088,-0.37489343,-0.03448633,-0.18373814,-0.056517996,-0.008132912,0.49364766,-0.4128558,0.20716475,0.019858506,0.034843773,-0.08336098,-0.39165005,-0.0650676,-0.43735927,0.24856037,-0.21512394,0.020419553,-0.22822657,-0.022669291,0.30994487,0.2799842,-0.19533935,-0.1830486,0.42971915,0.5443384,0.3922804,0.14037727,-0.12212144,-0.020522775,-0.2559909,0.08651576,0.3746932,0.59220344,0.426703,0.48990163,0.5739915,0.5847432,0.4909911,0.46099183,0.45380044,0.6545294,0.5638455,0.64990336,0.7518138,0.40956298,0.5508636,0.453283,0.57758707,0.59647286,0.44473204,0.498441,0.43283224,0.2742832,0.65350974,0.6455726,0.5605505,0.83005893,0.46192387,0.43051723,0.4579067,0.44206154,0.41521826,0.67462176,-0.9661487,-1.5230153,-1.4197811,-1.1879916,-1.626083,-1.3221304,-0.8236289,-1.1873504,-0.6567974,-2.0607882,-0.8706665,-1.6800733,-1.8842254,-0.9389548,-2.0461519,-0.78212607,-1.4353845,-1.6506177,-1.4513781,-1.2659974,-0.83280236,-0.53880835,-1.6821538,-1.7128751,-1.0356568,-2.0009487,-0.78822553,-0.63572115,-1.1558173,-0.87914187,-1.4450424,-1.4633255,0.5932867,1.0514064,0.86392367,1.321396,1.508687,1.6057392,1.3227248,0.8809389,1.6587503,1.5824242,2.0552905,1.0473554,1.435672,0.6336866,0.57192856,1.5610434,1.2690861,0.9519818,0.7065129,1.7686571,1.0570104,1.0742059,1.5167037,1.349469,1.6408299,2.3069913,1.1264975,1.2247059,0.8922783,1.0607127,0.54830176,1.5734569
ENTP Vibes✨,ENTP,-0.16799314,-0.53913546,-0.028421443,-0.09533667,-0.039923426,-0.040086836,0.46116525,-0.3920983,0.2946322,0.017002724,0.18561547,-0.04389902,-0.36976343,-0.030608071,-0.37430218,0.1916947,-0.36341813,-0.05156567,-0.28029758,-0.009733598,0.22799452,0.26681265,-0.07451109,-0.10236902,0.45375863,0.39267215,0.18716286,0.11082675,-0.05044384,0.0061931508,-0.25739738,0.0014839888,0.4011953,0.5995036,0.40786746,0.44840944,0.49515697,0.5286493,0.49343574,0.46724057,0.4103535,0.5860429,0.55778944,0.5634011,0.58421195,0.4407611,0.5531234,0.4683035,0.5548506,0.5895369,0.4191906,0.5191456,0.4148248,0.27275735,0.6659202,0.5586795,0.56227577,0.7587925,0.5179216,0.38472107,0.44514513,0.45132715,0.37097037,0.63552374,-1.311561,-2.0251865,-1.7482778,-1.3954821,-1.9170135,-1.829608,-1.0418224,-1.4284171,-1.2479153,-2.2458577,-0.93704116,-1.971557,-1.6924411,-1.921301,-2.369465,-1.302756,-1.6311111,-1.907484,-1.9334679,-0.9739437,-0.9355015,-0.6077624,-2.0507758,-2.0155234,-1.3565147,-1.8863412,-1.6441172,-0.866055,-1.4462216,-1.2698333,-1.071911,-1.9281613,0.70490015,1.7965237,1.2035434,1.5728312,1.4663624,1.4579562,2.057888,1.277031,1.8341018,1.55202,1.7730137,1.5489147,1.3716518,0.9614713,0.72363186,1.7075359,1.2114466,1.0561411,1.0054893,2.2499301,1.1904393,1.1859214,1.8276348,1.1738256,2.2919948,2.3069913,1.9570827,1.1056484,1.00929,1.2117084,1.3562043,2.531332
ENTP,ENTP,-0.28955892,-0.6059343,-0.054940853,-0.06664883,-0.19177073,-0.16468582,0.5158625,-0.569617,0.19373547,-0.008218155,-0.04701134,-0.06859633,-0.67681974,0.006338298,-0.40681818,0.27564722,-0.46328,0.2091391,-0.08985763,0.13394877,0.3669716,0.2917707,-0.41899475,-0.2291736,0.56728786,0.9309307,0.34912518,0.051008087,-0.0896444,-0.00017514595,-0.1831882,0.11378181,0.405559,0.6197261,0.30840942,0.47541714,0.39205903,0.5297928,0.40407726,0.35147884,0.29144073,0.38357168,0.4003229,0.64498615,0.5482173,0.4083561,0.3887747,0.38672376,0.50095505,0.44570744,0.44949514,0.40881,0.36278537,0.19522125,0.5905219,0.61661476,0.41088897,0.78685087,0.48095343,0.275237,0.39872998,0.36246175,0.3157963,0.5418471,-0.94987166,-1.5251625,-0.60166776,-1.1556333,-1.1358082,-1.4748812,-0.18606861,-1.1596581,-0.3632805,-0.60935813,-0.7526111,-1.8874426,-2.197454,-0.6653895,-1.5388405,-0.46725005,-1.1825079,-0.571901,-0.8442383,-0.8299276,-0.28636304,-0.20051374,-1.6945888,-1.4117534,-0.25159883,-1.3192372,-0.62469596,-0.32859725,-1.0994225,-0.6328326,-0.5780615,-1.0552222,0.6560937,0.7787474,0.5433046,1.0900387,0.6894842,0.8590632,1.4897858,0.10910166,0.79634786,0.88955057,1.2275294,0.9979836,0.38854802,0.70048016,0.18693636,1.0913824,0.6704052,0.96136683,0.83764094,0.8402822,1.0940741,0.68278486,1.2084537,0.65845966,1.4279084,2.2345815,1.1745907,0.7441238,0.4877455,0.8055411,0.45797762,1.1350453
ENTP playlist from an ENTP,ENTP,-0.1475876,-0.5255561,-0.034531195,-0.07043715,0.080588266,-0.17455079,0.56066257,-0.40878773,0.3546523,-0.004229895,0.15236521,-0.095595725,-0.51111656,-0.031996433,-0.415668,0.18012562,-0.32089078,0.053018056,-0.18063161,0.009752906,0.30105942,0.23100202,-0.099446185,-0.20429099,0.49173895,0.41560128,0.32787073,0.08849582,-0.06839737,0.012186054,-0.31087887,0.059508804,0.45392027,0.6093379,0.44159865,0.50894415,0.47471032,0.64624995,0.45205474,0.42362803,0.37933397,0.6242422,0.54808074,0.58077925,0.64269155,0.40033284,0.5465973,0.4966626,0.59386593,0.54785204,0.43600327,0.49492106,0.4136202,0.25803158,0.661661,0.5620862,0.54334754,0.8102969,0.56324047,0.40803242,0.43692946,0.40113547,0.3560445,0.5811956,-1.3436912,-1.6319914,-1.396311,-1.5071455,-0.8561995,-2.1202288,-0.45615515,-1.1534457,-0.43203396,-2.295643,-0.84749556,-1.4839071,-1.852559,-1.3035198,-1.8916931,-0.99537706,-1.6311111,-2.2210476,-1.5641285,-1.0201676,-1.1607324,-0.5855628,-1.5670196,-1.855415,-1.1170582,-1.7696123,-1.4583746,-0.7576004,-1.3412699,-1.3054266,-1.3633178,-1.4622581,0.8414552,1.7965237,1.3447306,1.1032368,1.8404577,1.9552327,1.376285,0.56116146,1.6983509,1.2808584,1.5377017,1.3077735,1.8951899,0.63144726,0.6329105,1.3118916,1.4211513,0.91300935,1.0054893,1.754542,1.1904393,0.86424506,1.8455824,0.8080071,2.0825167,1.78951,1.9570827,1.1539309,0.8556959,0.9451969,0.54830176,1.5060834
ENTP playlist,ENTP,-0.15184899,-0.37673104,0.038067315,-0.08770512,-0.029876012,-0.19070897,0.5461756,-0.42704138,0.19796908,-0.064641215,0.055997834,-0.21242683,-0.5591951,-0.075093724,-0.36462906,0.14029412,-0.23117752,0.09546451,-0.17575188,-0.033503767,0.35632858,0.30949846,-0.16192923,-0.16928127,0.3876496,0.56078404,0.414299,0.08065813,-0.10945537,0.026186625,-0.21622719,0.14572822,0.35837638,0.67841464,0.39535344,0.48746598,0.5013978,0.540664,0.46499714,0.42231575,0.36322474,0.62024105,0.5090048,0.6490321,0.57331514,0.4291181,0.50512856,0.4387069,0.5804631,0.63087344,0.42528114,0.49316445,0.41855118,0.24359037,0.69155514,0.6207139,0.4781444,0.7728272,0.5986788,0.37564084,0.48476744,0.4394309,0.36110643,0.6296083,-0.9609549,-1.8189116,-0.7181255,-1.5319867,-1.4616662,-1.829608,-0.8236289,-1.2878332,-0.6567974,-2.0607882,-0.8179595,-1.8590554,-1.6924411,-1.1935823,-1.7061971,-0.83596385,-1.4353845,-1.6506177,-1.2048844,-1.1085382,-0.83280236,-0.28047192,-2.171193,-2.1261618,-0.6138669,-1.3322655,-1.2254325,-0.7093404,-1.1958445,-1.1301589,-0.87637657,-1.4633255,0.47984916,1.2830586,0.8520799,1.321396,0.8293958,0.9484749,1.3482596,0.74696565,1.423193,1.1395735,1.4069076,1.0473554,0.8899339,0.8470408,0.436328,0.95880586,1.39278,1.1941216,1.0208387,1.7686571,1.1904393,0.89000124,1.1539253,0.8927768,1.3863796,2.3069913,2.0721152,0.9841947,0.8922783,1.081938,0.69446003,1.3059069
ENTP Radio,ENTP,-0.06953378,-0.43300644,-0.15189612,-0.12430522,-0.264967,0.19514377,0.16468668,-0.13496913,0.25990084,0.46818805,0.2692037,0.049571868,-0.23270832,-0.2088217,-0.36571667,0.165942,-0.36107972,-0.5090707,-0.26844844,-0.16863242,-0.16030729,0.22593296,-0.19511782,-0.32688126,0.46853533,0.56491196,-0.14717978,0.27235514,0.27015314,-0.09356789,-0.24723177,-0.5906231,0.27343923,0.42540103,0.39258334,0.38088712,0.33776155,0.39143416,0.28751007,0.36748332,0.26382586,0.46644813,0.59962636,0.45692417,0.45778495,0.36293012,0.44856673,0.40565768,0.43711475,0.5774465,0.37315997,0.44604555,0.32647464,0.25129712,0.5519153,0.3884949,0.39744413,0.6328164,0.35436824,0.38158482,0.34902796,0.42010403,0.29020065,0.51852554,-0.9494342,-1.4305501,-1.5850536,-0.82892764,-0.9435598,-0.46067268,-0.45199955,-0.7940789,-0.19042481,-1.2583213,-0.70371705,-1.0685366,-1.3187598,-1.0844198,-1.4747326,-0.98335916,-1.3189074,-2.131335,-1.4039052,-0.8004353,-0.8937795,-0.20093213,-1.2182488,-1.2301294,-0.21758632,-0.8033008,-0.8772514,-0.51490635,-0.40601504,-0.9499714,-0.8940525,-1.6411929,0.43573156,0.5068468,0.42497015,0.9179053,0.44851995,1.0598241,0.8015166,0.6488414,1.371381,1.3954955,1.4009217,0.85444933,0.721973,0.3927509,0.53546506,0.9983884,0.58386534,0.53556246,0.43300116,1.6636925,0.5239314,0.8944125,0.981378,1.0196041,2.0294838,2.214442,0.68351346,0.95774496,1.150124,0.8244383,0.44055942,0.75844306
ENTP vibes,ENTP,-0.20547682,-0.5471663,-0.0680434,-0.036515076,0.018032674,-0.106406294,0.50837123,-0.3381704,0.36464235,-0.15046342,0.13649006,-0.10943129,-0.4553002,-0.0780523,-0.47865534,0.22611323,-0.3090113,0.0031361657,-0.2656634,0.17628452,0.28836825,0.25093263,-0.13148078,-0.15475322,0.53038764,0.4579717,0.2917437,0.10282848,-0.10627732,-0.011021158,-0.20658243,0.08721332,0.47706458,0.6379812,0.47770503,0.59470105,0.47455105,0.59069777,0.44307825,0.53736275,0.45844924,0.71771646,0.5668719,0.66323954,0.57277644,0.48483858,0.5934635,0.5076973,0.5979122,0.611076,0.474813,0.65617716,0.41764227,0.2749124,0.64691764,0.6329382,0.58519655,0.7254953,0.51798093,0.4043278,0.42329842,0.46608913,0.37409818,0.6636121,-1.9451644,-1.9420171,-1.5932466,-1.913747,-1.6077088,-2.7948606,-0.6386017,-1.5152266,-1.1215369,-2.2924123,-1.0601279,-2.2976313,-2.0686529,-2.1441777,-2.288916,-1.311408,-1.5395722,-2.107435,-2.0081375,-1.4598904,-1.0986643,-0.5466348,-1.848124,-2.0233676,-1.2527066,-1.9314308,-1.3309431,-0.81841576,-1.4182606,-1.4440608,-1.3144529,-1.6869793,0.96082747,1.6709169,1.3523004,2.0113938,1.4521134,1.7586807,1.6236159,1.2528024,1.916787,1.3834914,2.031872,1.6115336,1.373574,1.0028381,0.5304926,2.1602902,1.4811642,1.2687924,1.0690283,2.4404078,1.1904393,1.893552,2.085525,1.2309812,2.2122962,2.5597649,1.8364108,1.1824428,1.1439841,1.3500314,1.2333115,2.3649366
entp woman,ENTP,-0.27205816,-0.42492583,0.02037391,-0.17067067,-0.06585828,-0.1411719,0.5143066,-0.41741118,0.22178239,0.0007015436,0.13218501,0.021770716,-0.4247458,-0.040099185,-0.5433425,0.2692769,-0.25338274,0.16407348,-0.15205884,0.07829657,0.3190167,0.243071,-0.25037178,-0.23977192,0.47802353,0.5510963,0.44038886,0.14229113,-0.2162861,0.010555334,-0.2085316,0.095151246,0.47416037,0.61251295,0.4441629,0.55224675,0.48884833,0.6058157,0.44667324,0.4569659,0.3718565,0.6311639,0.47884178,0.6750839,0.60180676,0.42206717,0.6437037,0.51632255,0.5898465,0.56863666,0.4507876,0.5002996,0.3931035,0.24596651,0.5997318,0.67386156,0.5115782,0.69344616,0.5187951,0.45054984,0.48801774,0.47474396,0.3863038,0.5949384,-1.640419,-1.8043727,-1.353554,-1.6025047,-1.5507067,-1.9542593,-0.6223226,-1.2320985,-0.5921848,-2.0476012,-0.9829126,-1.9612579,-1.8629044,-1.3764147,-2.0087898,-1.0929129,-1.3475482,-1.8406126,-1.7078091,-1.2356625,-0.5285466,-0.4158559,-1.6380836,-2.0239058,-0.93164206,-1.3740889,-1.1013565,-0.73621434,-1.3742313,-1.092103,-1.2953212,-1.4275941,1.0359523,1.1938869,1.2440499,1.6370529,1.1212213,1.144076,1.538629,1.2528024,1.6369292,1.2057158,1.8963672,1.587947,1.5046394,0.8943966,1.0328915,1.4174621,1.2276182,1.185149,0.9001598,1.9096625,1.1904393,0.8614092,1.1274645,0.9742159,2.0825167,2.3069913,1.7764698,1.1210257,1.0050374,1.1271372,0.8326332,1.8576075
ENTP SONGS💜☯️,ENTP,-0.023375766,-0.39445904,0.02600166,0.024718989,0.07059328,-0.13857047,0.41827506,-0.28141245,0.36940885,0.0057058926,0.30351156,-0.045650568,-0.31055683,-0.13468228,-0.4220495,0.09478925,-0.26806083,-0.15050167,-0.24714711,0.00078444247,0.19081171,0.23235942,-0.019735513,-0.13518497,0.4007141,0.25282255,0.24474093,0.119825915,-0.017404582,0.058627315,-0.31801066,0.025640797,0.3959927,0.56679314,0.48448718,0.45895338,0.5404298,0.5399137,0.4290855,0.49794957,0.4835731,0.65065145,0.63855684,0.6709392,0.62708896,0.47619107,0.6484641,0.5186106,0.59252965,0.5851486,0.41466013,0.60423684,0.42715988,0.3296034,0.705383,0.6763444,0.5654577,0.84024334,0.5468795,0.40741357,0.4845126,0.45996812,0.39673105,0.79237574,-0.87646013,-1.5230153,-1.3088484,-1.1879916,-1.3566953,-1.829608,-0.5060515,-1.1873504,-1.0577794,-2.0607882,-1.1830081,-2.0877588,-1.6924411,-1.6964111,-2.1443326,-1.0303146,-1.4353845,-1.5855736,-1.3077254,-1.2659974,-0.6768512,-0.44676512,-1.6728489,-2.0034823,-1.0356568,-2.0009487,-1.0505061,-0.7576004,-1.8105035,-1.6567718,-1.4450424,-1.6479945,0.9451205,0.9532921,1.6232919,1.321396,1.508687,1.1106212,1.3336426,1.0398072,1.8129069,1.5824242,2.0552905,1.5161616,1.3465483,0.69037086,0.6718103,1.7044663,1.6104256,0.9559432,0.84638536,1.86113,1.3465608,1.5540434,1.572052,1.0985312,2.0962775,2.3069913,2.0180514,1.2247059,0.8108695,1.2120882,0.83785516,3.1124673
ENTP(1),ENTP,-0.1985515,-0.3687458,-0.094967745,0.023029212,-0.46531352,0.49137366,-0.021762522,-0.17091124,0.09433634,0.07519243,0.5004622,0.09703851,0.31736016,-0.16047348,-0.30978137,0.48796645,-0.12295879,-0.6357793,-0.74687713,0.21715678,-0.050134126,0.38567886,0.10359218,0.095365785,0.13404955,0.34316823,-0.29400414,0.30564913,-0.11795242,-0.06645118,0.13550651,0.03340569,0.5127995,0.6393615,0.5803517,0.72756755,0.66240287,0.5789288,0.6079716,0.7089466,0.65060043,0.83600265,0.6478745,0.68185306,0.7712832,0.41363508,0.36335137,0.50906134,0.6587866,0.9991853,0.44489017,0.7000357,0.56278056,0.31943616,0.6211068,0.47106737,0.81511927,0.6758314,0.7201354,0.42815924,0.76150995,0.34133276,0.3440926,1.0528488,-1.4476162,-1.3811378,-1.2585338,-1.1636013,-1.8275335,-0.389393,-0.95923364,-1.3364593,-1.7429535,-1.3995377,-0.39345464,-1.2947637,-1.0159024,-0.8750318,-1.4706864,-0.28759667,-1.116496,-2.4255178,-1.6296124,-0.7839736,-0.961358,-0.154628,-1.3934977,-0.6362642,-2.5369282,-0.8185207,-1.4741884,-0.23278922,-1.9182862,-0.7865547,-0.7793016,-1.9854652,0.65265316,1.3174534,0.7194004,1.3728902,0.58043,1.879425,1.7135789,1.0165495,1.1671442,1.4439632,1.5056396,1.420865,2.2330413,0.5107267,0.10848145,1.9256854,2.0866005,0.88361555,-0.05197837,1.5153869,0.7889102,1.1100578,1.1217324,0.9826167,1.0395594,1.7256601,1.5896192,1.4933293,1.0806881,0.5942422,0.64021283,2.0139594
entp with them god complex,ENTP,-0.14143685,-0.49197403,-0.035792347,-0.056550488,0.058046624,-0.11537931,0.5104099,-0.3212165,0.3607974,-0.11373385,0.18567665,-0.149722,-0.43489575,-0.11681479,-0.37749562,0.12878545,-0.3289035,-0.061577603,-0.24022652,0.057570904,0.2604175,0.2765531,-0.052976537,-0.113875486,0.47272038,0.33148554,0.2820252,0.060174685,-0.040095065,0.06564056,-0.26047784,0.05345261,0.43383044,0.55673796,0.5151048,0.49243113,0.54036415,0.639495,0.4559626,0.44486722,0.40979183,0.6383504,0.58464664,0.64317733,0.597967,0.42895597,0.59659886,0.51236224,0.6042635,0.5332416,0.46615896,0.60057896,0.39393535,0.268645,0.6906213,0.62198925,0.542568,0.82903475,0.5365852,0.4133472,0.4163024,0.50381446,0.3869465,0.6589604,-1.3436912,-1.5725123,-1.8372288,-1.3596194,-1.7234603,-1.9542198,-1.0418224,-1.1873504,-0.7624402,-2.2458577,-1.0730516,-2.18796,-2.0702736,-1.6660031,-2.2654915,-1.0845046,-1.540674,-1.7327638,-1.9334679,-1.2715709,-0.7824005,-0.6077624,-2.1846008,-2.0155234,-1.0356568,-1.9314308,-1.2266668,-0.87245923,-1.3412699,-1.445166,-1.3633178,-1.6374776,0.7839035,1.1260087,1.3447306,1.7487274,1.8404577,1.9552327,2.057888,1.1224298,1.6983509,1.4475776,1.7776874,1.3353771,1.7955533,0.8943966,0.6718103,1.6072617,1.6104256,1.0281762,0.87923574,1.8859055,1.0553658,1.4047806,2.085525,0.83387005,2.1320949,2.3069913,1.4878253,1.4636977,0.8556959,1.3022126,1.0793754,2.531332
"entp, god complex_ dude, i'm god.",ENTP,-0.16030987,-0.37766314,0.03883753,-0.072974354,0.008851909,-0.20105852,0.5091107,-0.3599347,0.28910023,-0.06518779,0.16621134,-0.08520924,-0.46309373,-0.098713346,-0.4747828,0.18698879,-0.20475571,0.054138504,-0.16221112,0.06496723,0.33062497,0.26272163,-0.18667828,-0.20108369,0.43601966,0.49643213,0.43778712,0.06633745,-0.13643451,0.04190482,-0.24028642,0.14379387,0.47836906,0.6981144,0.5320558,0.543792,0.4931136,0.6792015,0.49816108,0.46685803,0.41416854,0.6295667,0.5390937,0.6752597,0.6420186,0.4650166,0.64322037,0.5609554,0.6070156,0.6118796,0.4800825,0.57190996,0.453356,0.28022254,0.6971246,0.66526574,0.6152581,0.75695896,0.6311979,0.434482,0.47529587,0.48997924,0.36668476,0.7156822,-1.3436912,-1.8043727,-1.7694024,-1.429652,-1.626083,-2.7948606,-0.6386017,-1.3740467,-0.6737272,-2.2924123,-0.8849889,-2.2976313,-1.8778944,-1.7963357,-2.5415537,-1.6528238,-1.4757919,-1.9330359,-1.4460075,-1.4598904,-0.89466625,-0.54832995,-2.33267,-2.1261618,-1.4863766,-1.4112966,-1.7557629,-1.0048416,-1.8105035,-1.2222737,-1.1111991,-1.8593158,0.88664365,1.6709169,1.6232919,1.6892853,1.367556,1.47183,1.824177,0.90803754,1.6369292,1.308428,2.031872,1.6681591,1.4463648,0.9614713,0.66109836,1.7120228,1.6104256,1.2153829,1.1546668,2.0473013,1.3465608,0.8645385,1.6367357,1.2073162,2.0825167,2.5817816,2.124745,1.1736442,1.00929,1.3551433,0.7108491,3.1124673
"the sarcastic, devil-may-care, morally grey ENTP",ENTP,-0.11669511,-0.5086253,-0.05487418,0.031495426,0.051906273,-0.09526119,0.45511398,-0.3334108,0.3397198,-0.14469373,0.174116,-0.17382793,-0.40934694,-0.08740365,-0.36997476,0.17318559,-0.2841034,-0.06629276,-0.29928648,0.1282368,0.27832296,0.29092777,-0.026612887,-0.08951023,0.4274022,0.35693285,0.25847232,0.083825216,-0.062563404,0.016229574,-0.22715893,0.12208628,0.45967704,0.60723716,0.5306562,0.5535756,0.50811076,0.5721603,0.44637924,0.4931244,0.4510707,0.6389841,0.5911641,0.631622,0.59765697,0.46097896,0.5927726,0.51320386,0.6163675,0.6176912,0.46230295,0.639532,0.4235535,0.27321103,0.6589561,0.6036663,0.5854334,0.7806445,0.5557643,0.4104552,0.46266595,0.50553966,0.36971354,0.6874074,-1.640419,-1.8061535,-1.6210228,-1.639281,-1.6139889,-1.7610776,-0.65374416,-1.3244514,-1.0804406,-2.0476012,-1.0860423,-2.2007437,-1.846292,-1.899058,-2.2385592,-0.9481592,-1.5198888,-2.0869994,-1.8163422,-1.3004045,-0.842624,-0.5855628,-1.8798995,-2.0233676,-1.2684076,-1.8239073,-1.5028157,-0.7576004,-1.8105035,-1.3054266,-1.3633178,-1.68731,0.96082747,1.2523911,1.6232919,1.7486753,1.8404577,1.9552327,1.543011,1.0492908,1.6983509,1.2640307,1.7885449,1.8656949,1.7955533,0.8865893,0.8575187,1.7044663,1.6104256,1.3263613,0.91802233,2.2131758,1.3465608,1.7142923,1.791222,1.2207804,2.0825167,2.3069913,2.0180514,1.1539309,0.8922783,1.3564698,1.0664934,3.1124673
ENTP Playlist(1),ENTP,-0.21215706,-0.5417478,-0.03193258,0.017207477,0.12533621,-0.21456125,0.6180662,-0.34703192,0.45379138,-0.2316127,0.11634236,-0.114644796,-0.51865,-0.073884554,-0.5265682,0.2503184,-0.27732232,0.08378128,-0.23837467,0.23939411,0.38294643,0.21169408,-0.124063656,-0.18095843,0.5946719,0.40350202,0.43182036,0.06447945,-0.14975442,0.04446781,-0.2553821,0.19380231,0.45480165,0.65981513,0.55566686,0.54356325,0.43609074,0.62903875,0.4786639,0.56050545,0.4743857,0.6588147,0.5696336,0.6011736,0.6653192,0.5244704,0.6046173,0.48839134,0.64440644,0.6330409,0.48223242,0.6306558,0.43279916,0.25629508,0.6038894,0.5896364,0.60831577,0.72066367,0.5044332,0.39025256,0.4239256,0.5038178,0.3885227,0.60137206,-1.1533953,-1.8061535,-1.665334,-0.94220173,-1.0897834,-1.9236637,-0.8962334,-1.3740467,-0.51426864,-2.2625916,-1.0966622,-1.9202645,-2.2530587,-1.7694747,-2.7438974,-0.9573043,-1.4353845,-2.3425617,-1.5757812,-1.0255716,-0.84833205,-0.5855628,-2.1784244,-1.7487508,-1.3447136,-1.7696123,-1.749424,-0.65674543,-1.4995625,-1.5326972,-1.3633178,-1.3975587,1.0342523,1.2703569,1.3808872,2.1657128,1.8404577,2.0108106,1.5062762,1.118478,2.0138361,1.1118411,2.015437,1.4570392,1.7955533,0.9614713,0.6122046,1.4871324,1.4811642,1.2088801,0.86981463,2.035868,1.2112126,0.7862336,1.3927982,0.8080071,2.2938216,1.927045,1.7379525,1.4406141,0.9332881,1.3969105,1.4906907,2.0187638
what being an ENTP sounds like,ENTP,-0.19938733,-0.40096113,-0.03477484,-0.09693286,-0.011233109,-0.07669309,0.5085583,-0.3048186,0.302016,-0.042478435,0.12957352,-0.10047213,-0.41598114,-0.15557232,-0.41581059,0.15859286,-0.28417215,-0.091053694,-0.22010282,0.04069154,0.23249024,0.2580118,-0.15958355,-0.1957077,0.49391186,0.426549,0.34570163,0.12747553,-0.036891993,0.047685817,-0.21290462,-0.029286971,0.4902699,0.60801965,0.48378524,0.57390904,0.51083314,0.55171824,0.44116357,0.43908882,0.41124442,0.6786827,0.46722925,0.6015593,0.52347887,0.44888115,0.47759882,0.45644233,0.5347935,0.590396,0.42508656,0.56470835,0.4429091,0.22901776,0.6378022,0.60326016,0.5489084,0.71865517,0.47303602,0.40970716,0.46452492,0.4380678,0.40335095,0.75586903,-1.5528077,-1.4857534,-1.3953061,-1.4547824,-1.4616662,-1.4773227,-0.8236289,-1.1873504,-0.6567974,-1.8558929,-0.8123727,-1.9662819,-1.3267382,-1.1935823,-1.7102042,-0.9163456,-1.4353845,-1.7099701,-1.2587515,-1.1085382,-0.6660715,-0.20811108,-1.5991105,-1.5563682,-1.0356568,-0.9704813,-1.1365951,-0.7576004,-1.3412699,-0.9649919,-0.87637657,-1.7425914,0.6458401,1.2830586,1.3447306,1.3780493,1.0478894,1.142511,1.3149194,0.6056147,1.5550199,1.3548828,1.3672932,1.0473554,0.9509299,0.63135695,0.3214296,1.5610434,0.8613791,0.88112605,0.91010994,1.763471,1.0553658,0.8985928,1.029902,0.63727176,1.629044,2.3069913,1.3731723,1.1468674,0.8281294,1.0302607,0.74900156,1.5734569
songs typed as ENTP on pdb,ENTP,-0.10404268,-0.47691402,0.0553592,0.037365668,0.054161638,-0.21064556,0.5074809,-0.34662473,0.27190277,-0.18156701,0.1558955,-0.07880622,-0.52020913,-0.044064812,-0.4537239,0.22414951,-0.22892964,0.06126279,-0.19679289,0.107654124,0.3687323,0.25372517,-0.09604398,-0.13733828,0.40643865,0.42169353,0.38123116,0.11743413,-0.15749866,0.0004143715,-0.18620272,0.2080153,0.3900384,0.6067326,0.48933023,0.53137624,0.48892543,0.4931226,0.46604297,0.4761235,0.49201655,0.703821,0.49491897,0.7287607,0.602807,0.43699512,0.54045063,0.41785902,0.5183072,0.5777716,0.40908462,0.6098791,0.42318314,0.260059,0.6421775,0.68366635,0.6043779,0.75880134,0.50903696,0.35725754,0.4281638,0.423204,0.34410417,0.7039552,-0.8969396,-1.6148362,-1.2311527,-1.1415927,-1.626083,-1.5799283,-0.52512074,-1.1512822,-0.638135,-2.0607882,-0.84749556,-2.6086268,-2.2164443,-1.1935823,-1.8175136,-1.0426623,-1.4353845,-1.8719939,-1.2923919,-1.1085382,-0.6475084,-0.4769174,-1.5063285,-1.7225199,-1.1400465,-1.5476186,-0.91473174,-0.7850347,-1.0390438,-1.0299529,-0.9346622,-1.6586388,0.8870222,1.2830586,1.2471999,1.6037813,1.447018,1.0047241,1.5384138,1.0003041,1.7291476,1.3833417,1.5392246,1.5063888,0.64287084,0.8943966,0.5471638,0.9546965,0.8688855,1.044894,0.62957305,2.2565122,1.0288353,0.93931395,1.4626062,0.95716244,2.0825167,2.0808735,1.3130256,0.9310807,0.75703585,1.02169,0.73393506,1.4689381
ENTP _ the debater,ENTP,-0.17397077,-0.51477367,-0.061882433,-0.0874937,0.019804077,-0.13999216,0.5164702,-0.35870856,0.34352994,0.04131996,0.13567346,-0.08772616,-0.5146529,-0.07846181,-0.3691667,0.14540179,-0.3662825,-0.024273647,-0.1802514,0.02277011,0.23861252,0.24119157,-0.12822372,-0.22924046,0.5203814,0.48136985,0.2664757,0.06793041,0.017455438,0.03752467,-0.30660358,-0.069680065,0.45633507,0.5748668,0.4388062,0.49845016,0.4337448,0.6683066,0.4552874,0.4050817,0.36997575,0.5956941,0.5185132,0.63449734,0.6629297,0.3557177,0.5486182,0.49050024,0.56763464,0.5801721,0.43112984,0.46234038,0.4340107,0.2664418,0.6284876,0.5466015,0.5499691,0.72110456,0.54381835,0.39633855,0.40683815,0.40520865,0.31656453,0.5918577,-1.3436912,-1.6319914,-1.396311,-1.1419191,-0.8561995,-2.1202288,-0.45615515,-1.1534457,-0.43203396,-2.0476012,-0.84749556,-1.698865,-1.89313,-0.8840638,-1.7829012,-0.99537706,-1.6311111,-2.2210476,-1.5641285,-1.0201676,-1.1607324,-0.5855628,-1.4412112,-1.855415,-1.1170582,-1.6889029,-1.4583746,-0.7576004,-1.3412699,-1.3054266,-1.3633178,-1.4622581,0.8414552,0.86437404,1.3447306,0.9758135,1.8404577,1.9552327,1.376285,0.56116146,1.6983509,1.2370121,1.5170331,1.3077735,1.8951899,0.63144726,0.6329105,1.3118916,1.4211513,1.0591654,0.736833,1.6245724,1.0731817,0.86424506,1.8455824,0.7974336,2.0825167,1.78951,1.5068945,1.1539309,0.922616,0.9465045,0.54775465,1.5060834
ENTPのだいすきな曲,ENTP,-0.072798505,-0.4256836,0.028488109,-0.17420062,0.2770456,-0.2960567,0.7470665,-0.37975794,0.3914267,0.023772858,0.05343766,-0.19017142,-0.58527994,-0.030403523,-0.42332646,0.0025330372,-0.27853546,0.088553995,-0.13359773,-0.21539298,0.4094972,0.21036486,-0.017172774,-0.18135339,0.5270599,0.2273952,0.52282876,0.007183996,-0.039844055,0.07968799,-0.505673,0.061147276,0.38652256,0.5435389,0.35311726,0.4251576,0.3947561,0.5313956,0.40439764,0.337678,0.2589758,0.58462834,0.5011326,0.5803793,0.5587674,0.3748087,0.5539392,0.4282825,0.5101927,0.44900775,0.36320403,0.4339398,0.33924952,0.19210753,0.57950014,0.6016789,0.45130154,0.70255244,0.4597523,0.42874655,0.41415918,0.5014152,0.29598826,0.52603114,-1.185587,-1.5753132,-1.2484657,-1.4926493,-1.0554998,-1.8326235,-0.55744386,-1.1365488,-0.21800394,-1.8052794,-1.0091256,-2.156574,-2.3802586,-0.96002877,-1.8428245,-1.1636297,-1.250541,-1.1301652,-1.5479065,-1.124532,-0.4341737,-0.4419023,-1.7564881,-1.8024799,-0.4881156,-1.3597169,-0.76591337,-0.9308403,-1.1399126,-1.1759536,-1.2713683,-1.4009886,0.684312,1.1884297,1.0673035,0.87892497,1.2665298,0.93790334,1.5537314,0.60033464,1.353344,1.6143931,1.6459749,1.5075651,1.0063831,0.67841685,0.48942456,1.15551,1.1445558,0.89079237,0.99366945,1.3012234,1.0539473,0.6482079,1.5941596,0.7674766,1.5578532,2.166114,1.5804995,1.0882273,0.79736924,1.3068515,0.25184682,1.5339255
ENTP (Big in Japan) Radio,ENTP,-0.4089406,-0.02441423,0.019063402,-0.3567276,-0.64886075,0.5295651,-0.061379727,-0.33384272,-0.29777557,0.3445071,0.23247312,0.0061134542,0.2982958,-0.30377686,-0.3040218,0.29795602,-0.036069598,-0.52492124,-0.53037685,-0.16288644,-0.027379842,0.61854726,-0.26474234,-0.04254738,-0.09951997,0.7358136,0.21474496,0.2604685,-0.113954335,-0.082367584,0.094839334,-0.048212033,0.49680683,0.69379395,0.5936023,0.43688065,1.0283939,0.82255596,0.66442585,0.58731514,0.92429215,0.4732934,0.4916547,0.8483092,1.1796942,0.39645705,0.40030518,0.6098308,0.48433527,0.7701717,0.71482265,0.4599925,0.47675934,0.6146372,0.7320512,0.8345917,0.921992,0.7737348,0.5871134,0.40800625,0.7101163,0.5011082,0.5638435,1.0969747,-1.6723881,-1.041654,-1.2826723,-1.2896503,-3.3642883,-1.3083689,-1.6042244,-2.0186017,-2.437004,-0.7484699,-0.78865886,-1.8189878,-1.377629,-1.1720034,-1.3163346,-0.94819504,-1.1060568,-2.0635898,-2.1892796,-1.2532073,-0.94152385,-0.16146569,-1.8487996,-1.4347689,-3.2661457,-0.99665594,-1.2100474,-0.4786507,-2.13294,-1.3520281,-1.0483986,-1.6751297,0.52004635,1.6541858,1.3435073,0.99210876,1.2549969,2.295237,1.2412357,0.8565688,0.84385103,1.3272508,1.4725901,2.107177,3.229102,0.30460748,0.4754197,2.050677,1.1051874,0.8840634,0.7913016,1.5160865,1.0741259,2.3269796,1.2479937,1.9904438,1.2559785,2.4418397,1.4883687,1.3217982,1.1187165,0.9826567,1.4269174,2.613529
Estp songs😎✨,ESTP,-0.06520165,-0.40677235,0.20078239,-0.035642054,0.119307585,-0.35432592,0.54298854,-0.36984462,0.3135427,-0.04160693,0.33549002,-0.10722293,-0.5554146,-0.036857102,-0.4036482,0.09567222,-0.21027781,0.06306393,-0.10504349,-0.04101423,0.3565776,0.2829247,0.044209875,-0.15206224,0.35404506,0.3320573,0.4367119,0.04570911,-0.119225785,0.103761666,-0.2523412,0.11772887,0.47079867,0.59532326,0.5406631,0.48556307,0.43355674,0.6180471,0.51254237,0.45707846,0.33339876,0.6113825,0.61972976,0.8073519,0.7121823,0.41352433,0.5322139,0.49948698,0.5934288,0.63980013,0.37800902,0.508618,0.53491974,0.26501894,0.71211785,0.6953892,0.62231445,0.79855645,0.6348897,0.4218743,0.48542264,0.5522259,0.33798268,0.85019326,-0.8210748,-1.6319914,-0.8431217,-1.3090669,-0.7634664,-2.219417,-0.4354336,-1.2861093,-0.50683093,-1.4792378,-0.6377451,-2.5144863,-2.598055,-1.3420204,-2.1557562,-0.9381152,-1.6311111,-2.107435,-0.96264,-1.1883076,-0.9231823,-0.56298816,-1.6896113,-1.8249656,-0.91518784,-1.5710686,-0.7649548,-0.7576004,-1.8105035,-1.3246974,-0.94401634,-1.6358069,1.0799673,0.9766499,1.8141994,0.9440988,1.1614075,0.79876256,1.3980399,1.1359413,1.380641,1.321131,2.0877209,1.5161616,1.3465483,0.69037086,0.37165514,1.7044663,1.0228151,1.2460167,0.89324415,1.4918951,1.3465608,0.86424506,1.5058539,1.0587759,1.642548,1.9060519,2.0180514,1.1743735,1.0193707,1.3861544,0.465213,3.1124673
ESTP ENERGY,ESTP,-0.11989791,-0.47553468,0.07799562,0.041742653,-0.002103374,-0.2090938,0.43735588,-0.35414186,0.32847324,-0.13716455,0.23651561,-0.014266648,-0.43398336,-0.062824644,-0.4343315,0.21839155,-0.27666923,0.013680643,-0.215446,0.16866246,0.31520498,0.26251283,-0.10180719,-0.086825565,0.41593105,0.4300631,0.30778927,0.07761189,-0.15184097,0.06362873,-0.18237041,0.17855686,0.45500776,0.5998494,0.5236591,0.56663036,0.49080223,0.5904922,0.47935003,0.5117138,0.4557612,0.64396083,0.5696099,0.6786495,0.5789092,0.4595263,0.6139125,0.5273913,0.59768033,0.5820998,0.4489961,0.6024547,0.43001086,0.27641028,0.61539537,0.6343408,0.58493525,0.74439114,0.53483325,0.4287308,0.48730958,0.47052318,0.3680932,0.6950892,-1.8658317,-1.9420171,-1.7694024,-1.941486,-1.8302386,-2.9514065,-1.1025146,-1.4800482,-1.4059135,-3.1477358,-1.529465,-2.3374226,-2.6469612,-2.1441777,-2.545646,-1.5507247,-1.5221378,-2.3658848,-1.9334679,-1.2356625,-1.0716769,-0.83016783,-2.1562767,-2.1995578,-1.7517996,-1.9189577,-1.5007267,-1.125818,-2.0059052,-1.4948761,-1.4605157,-1.8232026,1.2119073,1.8481991,1.8141994,2.134512,1.8404577,1.9552327,2.1807833,1.6336211,2.052828,1.5773683,2.0877209,1.9123421,1.9447312,0.8986229,0.875977,2.410729,2.3313491,1.3263613,1.4073269,2.6013982,1.4946262,1.6234475,1.7168484,1.3455282,2.2782755,2.6882386,2.6036615,1.4937489,1.151469,1.7546395,1.3558359,4.2646956
ESTP (PDB),ESTP,-0.086452894,-0.4211568,0.23483999,-0.05020453,0.008429032,-0.2778147,0.48658177,-0.46275455,0.2596132,0.0031370071,0.31847516,0.1567608,-0.44133323,0.03792033,-0.52799183,0.26592138,-0.22877161,0.17717001,-0.12985241,-0.027019832,0.40594384,0.20958838,-0.13091509,-0.1197314,0.3426113,0.38616553,0.4630129,0.1491393,-0.23681253,0.06187744,-0.25336492,0.23914097,0.40993795,0.6772152,0.47017086,0.5074878,0.39315847,0.59682673,0.38579786,0.4170166,0.370657,0.6444221,0.55318695,0.61576873,0.61365473,0.41790095,0.60566425,0.5799365,0.58866066,0.49777585,0.4182219,0.52351534,0.46243012,0.26653707,0.70909333,0.6980164,0.5805512,0.74298465,0.56337255,0.4200664,0.5387874,0.48518178,0.30854428,0.8451364,-1.1494666,-1.6495298,-0.915851,-1.429652,-0.8586744,-2.3070192,-0.4354336,-1.1897533,-1.0419027,-2.1579967,-0.68200177,-1.8720043,-2.0858195,-1.3895016,-1.9454738,-1.5317422,-1.6311111,-1.140632,-1.9688123,-1.1883076,-0.7900886,-0.46258584,-1.6896113,-2.3430812,-1.061271,-1.5598317,-0.810496,-0.981391,-1.9955525,-1.092103,-1.0341731,-1.4013835,0.7831496,1.9621817,1.4382925,1.2622344,1.1614075,1.1870373,1.3314322,0.6878366,0.9815179,1.2864054,1.7776874,1.6616036,1.402454,0.70238894,0.637532,1.9305067,1.3302724,1.6329535,1.3599441,2.2229652,1.1739199,0.97996736,1.7097946,1.2397988,1.4808105,1.9503874,2.277162,1.2026106,1.0296288,1.3996974,0.48340106,2.658566
ESTP,ESTP,-5.0894872e-05,-0.40664473,0.05727675,-0.17654184,0.27726445,-0.2535564,0.6940018,-0.32652336,0.41910365,0.09036053,0.19575568,-0.14312051,-0.46892104,-0.058790267,-0.37337098,-0.055754863,-0.29763708,-0.07409771,-0.1803811,-0.2902624,0.29549786,0.21081935,0.10692291,-0.12424791,0.4738426,0.050489437,0.39772126,0.02412872,0.017468033,0.11484567,-0.528149,-0.037948057,0.3889044,0.54563695,0.33931148,0.42547292,0.42875713,0.50971144,0.46758416,0.38184458,0.28984475,0.5876721,0.56245774,0.5190565,0.5015021,0.412013,0.6111929,0.41145095,0.53074473,0.49714863,0.35081008,0.4288117,0.37976646,0.21901327,0.6094622,0.6048704,0.4664694,0.7373345,0.52869564,0.44291556,0.44465157,0.45523942,0.3226591,0.58071166,-1.5772691,-1.5687692,-1.2033203,-1.6771512,-0.99540305,-1.5706768,-0.66055274,-1.1742644,-1.0430089,-2.0862026,-0.9714938,-2.156574,-1.9250065,-1.7565466,-2.23307,-1.0895975,-1.4896768,-2.0135138,-1.5285977,-1.2712939,-0.6690133,-0.36575717,-1.9152598,-1.985677,-1.8777795,-2.200393,-1.0811768,-0.8326328,-1.9996006,-1.0662856,-1.6695676,-1.5173993,1.2083497,2.9724941,1.1990728,1.3241805,1.7817227,1.1900421,1.754034,1.0077183,1.9381838,1.6143931,1.9435556,1.4323294,1.0469898,0.8411431,0.59164184,1.369028,2.762207,1.1877701,0.7459692,1.8517901,1.1638284,0.70542604,1.7059844,0.9070006,1.7523453,1.8722755,2.7055993,1.3500521,0.9377357,1.3469304,0.90100783,1.8605793
ESTP PLAYLIST,ESTP,-0.10476501,-0.39452696,0.07434644,0.035679933,0.011923795,-0.19205804,0.41784728,-0.36489987,0.27697662,-0.089139104,0.17168507,-0.05025553,-0.42541742,-0.053702336,-0.4740609,0.25408137,-0.19172843,0.06924928,-0.18977812,0.08741984,0.33815464,0.24406004,-0.17424864,-0.16028754,0.34735972,0.47367784,0.38935784,0.13415459,-0.16792472,-0.03262879,-0.18618782,0.214444,0.3930941,0.6521026,0.52793545,0.519383,0.45761815,0.57410216,0.5057119,0.49204153,0.45070216,0.6886291,0.5507648,0.64617556,0.5750825,0.43858346,0.54295176,0.49544802,0.56838846,0.574847,0.47154444,0.5962954,0.44143528,0.26547724,0.5463681,0.59382874,0.6018643,0.5865493,0.52464914,0.39553654,0.46366492,0.43196097,0.3823614,0.7542768,-0.8811869,-1.6495298,-1.2311527,-1.1619413,-1.1542873,-1.665957,-0.84948784,-1.1897533,-0.81441855,-2.0476012,-0.84749556,-1.8008404,-1.5001636,-1.3197448,-1.8538874,-0.8996119,-1.4353845,-1.8719939,-1.8163422,-1.1883076,-0.7501015,-0.3617697,-1.5218964,-2.0887897,-0.91518784,-1.118917,-0.91473174,-0.7576004,-1.4981643,-1.092103,-0.9480578,-1.5936717,0.7299649,1.2830586,1.0922534,1.6037813,1.4558182,0.82951814,1.6095868,1.0003041,1.6629965,1.3548828,1.7776874,1.595239,1.1028057,0.70238894,0.30684835,1.5712907,0.8243038,0.9003924,0.93833077,1.9788505,1.3418224,0.97996736,1.5058539,0.83974123,2.0825167,1.6009836,1.5671462,1.1268704,0.77467144,0.98755676,0.7770172,1.9440061
ESTP Radio,ESTP,-0.2916416,-0.53023756,-0.07868617,-0.13915373,-0.15304074,-0.08130144,0.48195583,-0.4321033,0.2327772,0.15697226,-0.023827797,0.014905232,-0.59625614,-0.060333215,-0.39440972,0.18623906,-0.50490427,0.072007105,-0.06822788,0.03031414,0.23026834,0.28542447,-0.409143,-0.29547969,0.5934922,0.7681122,0.30771467,0.06888912,0.0513072,0.017937228,-0.2745017,-0.17154108,0.31482467,0.53024656,0.33451873,0.41820964,0.24981447,0.39979014,0.32811493,0.35089543,0.23619907,0.4500327,0.44274223,0.4404911,0.38262272,0.36423388,0.5490291,0.30723292,0.4672587,0.36059606,0.3228887,0.28515977,0.35689628,0.2154837,0.57888925,0.6226181,0.39021522,0.47926882,0.38355258,0.36403567,0.3871838,0.36370027,0.26805454,0.55720264,-1.1223773,-1.4359967,-0.861999,-1.0618542,-0.6377834,-1.0775416,-0.2346364,-1.0058423,-0.35417095,-0.5543371,-0.733227,-0.9157291,-1.4252539,-0.81902325,-1.6431874,-0.59608626,-1.407135,-0.7123792,-0.72363424,-0.8031078,-0.73064697,-0.2745088,-1.6029308,-1.8631506,-0.2221136,-0.59282553,-0.81654185,-0.5449078,-0.94497705,-0.6097503,-0.79187626,-1.5776945,0.29001182,0.5923761,0.5562237,0.5677833,0.6033536,0.9460959,1.396806,0.61838865,0.7256871,1.0518435,1.2101604,1.0878587,0.382627,0.6066282,0.34678975,0.81356037,0.7214535,0.8714033,0.671748,0.48390862,0.842696,0.6448639,1.073314,0.5609765,1.351164,1.54064,1.1969428,0.85569435,0.5304538,0.9342743,0.41587853,1.0425254
ESTP(1),ESTP,-0.42728016,-0.60853493,0.2781629,-0.39327013,-0.17515078,-0.06040869,0.41865507,-0.57802767,0.016978487,0.027813077,0.47175676,0.49425858,-0.17835522,0.28158015,-0.71479905,0.56834126,-0.23391773,0.5531872,-0.31553927,0.036052816,0.45861,0.081648715,-0.11030422,-0.013627231,0.2938226,0.30178383,0.44306993,0.24291533,-0.680244,0.063162476,-0.10870708,0.37126017,0.4181344,0.5171396,0.07299929,0.28865612,0.13879916,0.36633933,0.5516046,0.27026236,0.17056894,0.64446217,0.426463,0.672817,0.64496773,0.3465778,0.82378125,0.6858569,0.6171075,0.48949885,0.24828243,0.3328501,0.34401685,0.27982348,0.34385264,0.3997705,0.34691226,0.2946421,0.29909468,0.6392328,0.6087826,0.29739913,0.13473761,0.4157951,-0.9853461,-1.1218137,0.1734708,-0.60504234,-0.34757972,-0.5925667,-0.36450902,-0.9024191,-0.16019972,-0.5212837,0.057405487,-0.348126,-0.6309602,-0.18683691,-1.8199321,-0.527948,-0.6293147,-0.16575837,-0.56237996,-0.4883558,0.033924446,-0.31993648,-0.5164569,-0.6712443,-0.112627745,0.10525738,0.0031299044,-0.40965816,-1.1706696,-0.2894106,-0.3192005,-0.27111587,0.09530764,0.16129272,0.3656223,0.09686116,0.035646327,0.44276395,1.0298287,-0.30335063,0.28281495,1.1007433,1.1856208,1.5333918,0.93403697,0.68367076,0.46981204,1.3484677,0.8333623,1.131826,0.024946269,0.4281354,0.8925077,0.44817615,0.30229726,0.39084062,0.8116478,0.8091715,0.77369225,1.3035959,0.36175567,0.53096867,0.056169022,0.7708858
ESTP playlist(1),ESTP,-0.098060176,-0.5559715,0.12601954,0.057613485,-0.0094379615,-0.33071706,0.4506631,-0.5023191,0.328567,-0.046424698,0.23592603,-0.055340104,-0.5451709,0.021013692,-0.391921,0.17590392,-0.35814303,0.1376225,-0.12779753,0.090167426,0.36210522,0.31807315,-0.0882023,-0.104994595,0.34510112,0.5270427,0.30913377,0.02757348,-0.13920957,-0.023844386,-0.21741326,0.16650267,0.5071633,0.59956485,0.45244572,0.5696051,0.505707,0.6386748,0.416497,0.4109043,0.3879634,0.5817771,0.53001136,0.68041015,0.5789905,0.3663284,0.5932365,0.55800724,0.6226785,0.54312617,0.4632298,0.45497993,0.387928,0.24016537,0.6680045,0.732843,0.50312054,0.77578527,0.5697502,0.44759783,0.40806928,0.5608718,0.3402473,0.64188164,-1.5266933,-1.9310524,-0.915851,-1.4759586,-1.1343937,-2.219417,-0.4354336,-1.3244514,-0.35655814,-1.7681333,-0.49851254,-2.5144863,-2.598055,-0.7648911,-1.9670122,-0.8996119,-1.6311111,-0.8277901,-1.2196797,-1.1883076,-0.5505116,-0.4757652,-1.6821538,-2.1261618,-0.91518784,-1.7672203,-0.810496,-0.7576004,-1.035478,-0.94981575,-0.8584318,-1.2552055,0.96082747,1.0070509,1.0478168,1.2442356,1.4521134,1.0749333,1.3741809,0.37704736,1.7327812,1.1406944,1.7776874,1.3116351,0.4312026,0.6403397,0.4053561,1.2407429,1.39278,1.2460167,1.0208387,1.4312762,1.1050806,0.86424506,1.5670433,1.0587759,1.4209633,1.9060519,2.0721152,1.004519,0.6222553,1.3861544,0.76132244,1.541364
ESTP VIBES,ESTP,-0.12589617,-0.3540345,0.08392834,-0.10399197,0.14498425,-0.23078385,0.6501377,-0.34052977,0.3253294,-0.14015347,0.13019975,-0.11143716,-0.47365028,-0.06923778,-0.5014596,0.15776399,-0.15180694,0.09527004,-0.17638616,-0.006954826,0.40796235,0.25463703,-0.10058317,-0.17284314,0.4594555,0.3465857,0.5572844,0.08941025,-0.19743712,0.08663377,-0.33723015,0.22385778,0.4086845,0.706775,0.5039829,0.5482769,0.46760967,0.59261787,0.4936216,0.44247943,0.44608232,0.69729525,0.5764577,0.6239592,0.5995086,0.45560873,0.6524058,0.46937087,0.6438453,0.5539078,0.44424978,0.5961741,0.43818763,0.25707728,0.6077588,0.7010087,0.57512337,0.7107615,0.58816016,0.44410738,0.47854558,0.5012463,0.3331682,0.7411404,-1.2718585,-1.5230153,-1.0452858,-1.7089278,-1.3566953,-2.3070192,-0.43729436,-1.1534457,-1.1855983,-2.2924123,-0.8706665,-1.8720043,-2.0858195,-1.8295249,-2.3777266,-1.0834919,-1.6220672,-2.107435,-1.8327103,-1.1883076,-0.7831681,-0.3785298,-1.6327764,-1.8546811,-1.3294896,-1.7696123,-0.75929725,-0.70150983,-1.5108654,-1.1685895,-1.326619,-1.6358069,0.99726903,2.4138248,1.5092441,1.7579379,1.3973035,1.2766665,1.8676882,1.4874588,1.7327812,1.321131,1.8347571,1.6115336,1.1375144,0.8943966,0.7527866,1.7075359,1.8821123,0.9979975,0.95703477,2.2499301,1.3014934,1.0742059,1.5058539,1.349469,1.8263035,2.3069913,2.6709473,1.1905832,1.0193707,1.5843898,0.61637175,2.3038588
ESTP songs,ESTP,-0.03597292,-0.39171547,0.25585622,-0.004927839,0.008250679,-0.36010984,0.427672,-0.38429964,0.26532435,0.03177812,0.36840653,0.03829098,-0.5427942,-0.060512204,-0.4039331,0.118875004,-0.27356654,0.069589935,-0.055013143,-0.035912428,0.32575357,0.27313223,-0.081855364,-0.17571063,0.2930141,0.41274837,0.3816237,0.06349091,-0.10996172,0.09689761,-0.21027654,0.08047701,0.4348396,0.61478025,0.48527867,0.5025099,0.41388044,0.6635324,0.3794288,0.4032099,0.341685,0.5771982,0.5417173,0.65827066,0.5541699,0.37840766,0.62814206,0.5271817,0.5866525,0.532757,0.37936616,0.45074803,0.4618078,0.293273,0.64644,0.67713416,0.6072385,0.7031513,0.58129436,0.43530178,0.4712035,0.51269686,0.31895852,0.8262772,-1.1494666,-1.6495298,-0.915851,-1.429652,-0.9001854,-2.3070192,-0.4354336,-1.1191881,-1.0419027,-0.92528373,-0.65942806,-1.8720043,-2.0858195,-1.0046693,-2.1557562,-1.5317422,-1.6311111,-1.7099701,-0.6581638,-1.1883076,-0.62275773,-0.56298816,-1.6896113,-2.0887897,-1.2331921,-1.4408709,-0.810496,-0.981391,-1.0535691,-0.941361,-0.806981,-1.4839712,0.7831496,1.054955,1.4382925,1.2442356,1.1614075,1.0694498,1.3336426,0.7865064,0.7876069,1.3548828,1.7776874,1.4354525,0.87026995,0.6488034,0.637532,1.2407429,0.9693554,0.91300935,0.95703477,0.97529125,1.1904393,0.97996736,1.5058539,1.0706155,1.642548,1.6984297,1.5668277,1.1743735,1.0296288,1.3996974,0.7925886,2.3380928
estp(2),ESTP,0.023562606,-0.41468802,-0.033579916,-0.12318432,-0.033320084,0.10631921,0.2727184,-0.28701746,0.37149388,0.39976287,0.5228528,0.11788815,-0.055673786,-0.07597159,-0.4025693,0.07132082,-0.29636106,-0.4238953,-0.3261125,-0.34573072,-0.05903677,0.18920729,0.113131545,-0.08464793,0.3864382,0.017770806,-0.08191951,0.20897894,0.14411597,-0.0639144,-0.3767177,-0.3849588,0.39805192,0.40509745,0.40236378,0.4397909,0.4913079,0.33306545,0.43967864,0.5119303,0.28721887,0.4136915,0.68356764,0.43257868,0.41629544,0.5130748,0.4815894,0.32365632,0.45186672,0.6400293,0.2639766,0.52253884,0.33359024,0.20364617,0.82013685,0.44709173,0.51263994,0.83841723,0.4700247,0.2736369,0.3345456,0.34072664,0.29491648,0.44555253,-0.6379446,-0.9461773,-1.0201496,-0.8862085,-0.820495,-0.4861038,-0.63681614,-0.78596365,-0.10253432,-0.38502663,-0.6807638,-0.69739664,-0.90424114,-1.5973591,-1.6125305,-0.6021342,-0.9562359,-1.8884712,-0.9008468,-1.1369133,-0.64469296,-0.22314152,-1.2215713,-1.1606618,-0.22144485,-1.65477,-0.9240855,-0.18597734,-0.49843433,-1.0591083,-0.9022442,-1.2678349,0.63750714,0.4709726,0.5713963,0.97195655,0.97178334,0.71489435,0.9458847,1.213203,0.9757799,1.1371504,1.6408774,1.0792123,0.7619477,0.4042519,0.23439711,0.6654973,0.68710375,0.49290177,0.04238754,1.4300079,0.59703183,0.48257503,1.640106,0.5395043,1.4650489,1.0541259,0.72182095,0.7471897,0.9025541,0.55239016,0.2917663,0.25633365
estp personality songs 😎,ESTP,-0.11724088,-0.48698312,0.11996269,-0.039875876,0.05281784,-0.2656329,0.5298752,-0.3948362,0.33394697,-0.16606918,0.22786592,-0.096839175,-0.50280374,-0.05373307,-0.30377743,0.10192879,-0.3593624,0.03708415,-0.18349473,0.026955387,0.3088002,0.28869876,-0.03504025,-0.03515912,0.42352757,0.32237783,0.3481748,0.017844548,-0.068657294,0.15963212,-0.22913113,0.12986732,0.40253487,0.6017754,0.4712944,0.46711296,0.44223136,0.48194623,0.42647597,0.43279487,0.44608915,0.6343456,0.54286015,0.6034265,0.4918194,0.42072544,0.4933878,0.4990329,0.54237944,0.5658965,0.39247155,0.535783,0.44419336,0.22244328,0.63198334,0.53697306,0.61191374,0.7580559,0.49341398,0.34146482,0.47292882,0.48892817,0.31546843,0.6899219,-1.1494666,-1.6319914,-1.084804,-1.429652,-1.0288726,-1.4238584,-0.4928269,-1.1654738,-0.5736032,-2.010368,-0.6802885,-1.4818101,-1.511457,-1.0650029,-1.6189702,-1.0550828,-1.6311111,-1.9813327,-1.3271289,-1.1883076,-0.7193465,-0.45501453,-1.6896113,-1.6765639,-1.3824595,-1.6297635,-0.75929725,-0.70811427,-1.5539814,-1.092103,-1.0383221,-1.6164705,0.6353777,0.79698056,1.0583029,1.4967452,1.1614075,1.0694498,1.565088,0.86691946,1.807661,1.304233,1.7776874,1.4962829,1.1091245,0.6331216,0.83762383,1.4656231,1.1687495,1.0594931,0.60330766,1.6953089,1.1739199,0.8762181,1.5058539,0.7432985,1.8962895,1.6829932,1.6603827,0.9128938,1.112892,1.1565415,0.5845587,2.658566
ESTP(3),ESTP,-0.36217758,-0.64757055,0.09064402,-0.12912545,-0.017180156,-0.2808565,0.6590739,-0.57329214,0.25182974,-0.08722895,0.05757477,0.1085616,-0.7151575,0.119158365,-0.61894155,0.42207116,-0.3527615,0.43262625,-0.068331584,0.20331106,0.53803027,0.17239365,-0.3189334,-0.27048427,0.6062209,0.71272373,0.5415662,0.12467483,-0.29157215,-0.024116302,-0.2059133,0.23226674,0.39937207,0.51348436,0.4740479,0.4940332,0.38219148,0.5122851,0.3670246,0.4086682,0.31574708,0.58005494,0.42520222,0.656271,0.52471155,0.36267036,0.55677426,0.37186378,0.45511752,0.36254,0.39040893,0.42702347,0.36482337,0.22753319,0.58552325,0.606737,0.51231974,0.61214775,0.3310774,0.38455138,0.38700134,0.45063695,0.3064171,0.6354778,-1.185587,-1.6311067,-1.3743464,-1.4926493,-1.1123157,-1.6116307,-0.27974302,-1.4765524,-0.5896645,-2.2033749,-0.79229355,-1.7150884,-1.9823078,-0.99782544,-2.3917966,-0.39331913,-1.221144,-0.432691,-1.4819143,-1.2075069,-0.3937395,-0.5475975,-1.7412049,-1.7307818,-0.55962384,-1.4351597,-0.404153,-0.50058466,-1.299252,-1.063493,-0.9969571,-1.3105817,0.5587483,0.50419813,1.3658211,1.119861,1.455477,1.011161,1.603065,0.74337524,1.4014788,1.2952763,1.285859,1.5463253,0.65710664,1.0371625,0.22654773,1.3432838,0.8602497,1.0446514,0.7432126,1.64352,1.1205482,0.60359365,1.1965158,0.8185856,1.9884506,1.8334736,1.3650337,1.0683084,0.3907222,1.3660023,0.80835927,1.6999724
ESTP core💛,ESTP,-0.12457633,-0.47887018,0.057421323,-0.030149464,0.011276675,-0.14231491,0.48458406,-0.37835905,0.32925674,0.0039457264,0.18878658,0.060985014,-0.4281301,-0.024691055,-0.48821726,0.2535705,-0.32515213,0.053820305,-0.19062653,0.071700156,0.31714997,0.2515487,-0.19048177,-0.15183237,0.47905603,0.4676634,0.34602693,0.12838118,-0.12526639,0.047039676,-0.30715197,0.13006064,0.4348239,0.61358374,0.4712218,0.58659285,0.40736404,0.54020905,0.39999115,0.42831764,0.42673856,0.74534386,0.52981603,0.60659134,0.53435045,0.34836388,0.66794926,0.51074713,0.6184448,0.48724446,0.41881466,0.615607,0.38429135,0.27642727,0.6680286,0.66112363,0.5973108,0.69171256,0.5690034,0.4527416,0.453806,0.4878431,0.34931114,0.75947225,-1.0345407,-1.4577415,-1.1401515,-1.5071455,-0.71449846,-1.9223586,-0.4354336,-1.148376,-0.58712596,-2.23152,-1.0860423,-1.2676066,-1.5536529,-1.0241147,-1.9670122,-0.8422983,-1.3697692,-1.209429,-1.447869,-1.1883076,-0.59278214,-0.4757652,-1.6896113,-1.8072932,-1.1897684,-1.4408709,-0.75929725,-0.62133956,-1.4791963,-1.063493,-1.326619,-1.4059093,0.96082747,1.2703569,1.019704,1.7579379,1.2004282,0.95412064,1.5942565,0.8605955,1.7327812,1.2952763,1.7776874,1.3755767,1.1091245,0.6346678,0.37165514,1.7075359,1.083479,0.91300935,0.7489031,2.2499301,1.1904393,0.6914714,1.5058539,0.7817508,1.6923325,1.9188974,1.7379525,1.1158311,0.6222553,1.3755001,0.4330718,2.658566
ESTP 🩷💅🏻,ESTP,-0.30888945,-0.6486002,-0.098289385,-0.049562994,-0.03185602,-0.18182126,0.5601918,-0.3998555,0.33626276,-0.14757827,0.06279041,-0.11071808,-0.6446234,-0.045919497,-0.516255,0.29945844,-0.36073005,0.16192827,-0.1481272,0.29878822,0.35186318,0.25442308,-0.2818798,-0.28834903,0.6184974,0.6841232,0.3562272,0.09810687,-0.10962748,-0.03755285,-0.15974942,0.061608348,0.44514185,0.5256893,0.50981116,0.5802894,0.4241703,0.6416069,0.43483627,0.4858549,0.3750474,0.6596997,0.47990045,0.6447918,0.51382416,0.4744678,0.63374776,0.4920876,0.5550947,0.48433223,0.4893907,0.5623453,0.4004699,0.24785611,0.598677,0.6548919,0.53768116,0.6049133,0.46263203,0.40566945,0.37769893,0.43148342,0.33290014,0.6262174,-1.5709404,-1.8061535,-1.8493279,-1.652372,-1.4754707,-1.9333892,-0.6855938,-1.3894037,-0.5595296,-2.2920737,-1.052974,-2.7095318,-2.2530587,-2.3921676,-2.5962355,-0.99073035,-1.540674,-2.3073153,-2.0081375,-0.939373,-1.1719648,-0.4887323,-1.9677485,-1.9966162,-0.8232244,-1.2093332,-1.352194,-0.6524518,-1.5837706,-1.0865468,-0.9590864,-1.6810607,0.59835905,0.9079557,1.436897,1.6333448,1.4663624,1.7310023,1.9493216,1.2159877,1.7327812,1.4061356,2.0389464,1.5472039,1.3469937,1.0639938,0.8252507,2.1752307,1.0750655,1.4489894,0.86981463,2.4755197,1.1922905,0.9729285,2.680289,1.2309812,2.2121713,2.0133626,1.4977146,1.1891491,1.0637853,1.3210448,1.2451519,2.3649366
ESTP(4),ESTP,-0.13446032,-0.44970956,0.10765271,0.010936342,-0.049915303,-0.1612541,0.4064675,-0.437774,0.2341805,-0.092346266,0.16999485,-0.0120922495,-0.41030538,-0.023351036,-0.4130281,0.26524505,-0.27132785,0.09198764,-0.19401042,0.098142855,0.34394673,0.27496475,-0.19303052,-0.07930856,0.34101868,0.5032707,0.35094485,0.113314405,-0.18310907,0.021362199,-0.15759417,0.26175165,0.4148496,0.6259153,0.4887176,0.48581913,0.54202497,0.5546229,0.5032481,0.43823776,0.45196047,0.6227036,0.5890885,0.65896624,0.57575375,0.3990476,0.54005104,0.46356964,0.6001163,0.45226726,0.4253898,0.5478231,0.37280574,0.2985734,0.6595574,0.5388881,0.57235056,0.7522358,0.47749397,0.38932824,0.4042527,0.4240953,0.4112885,0.63596976,-0.97692835,-1.8061535,-1.1568584,-1.1619413,-1.4865162,-1.665957,-0.84948784,-1.3244514,-1.0579705,-1.9847125,-0.8179595,-1.8008404,-1.5001636,-1.3197448,-1.8538874,-0.58189905,-1.4353845,-1.0415065,-1.8163422,-1.1883076,-0.7501015,-0.3617697,-2.2714326,-1.5129988,-0.91518784,-1.7696123,-0.5678812,-0.42051873,-1.0899504,-1.0349573,-0.9480578,-1.5936717,0.54680306,0.99678326,1.0922534,1.272622,1.4558182,0.82951814,1.3980399,0.7645698,1.6629965,1.3151555,1.7776874,1.595239,0.92334765,0.6146746,0.30684835,1.2237213,0.7977166,0.9003924,0.60330766,1.9788505,0.92113686,0.97996736,1.5058539,0.87157273,1.7210863,2.663743,1.5350077,1.1268704,0.6805623,0.98755676,0.7770172,1.5660496
Estp vibess,ESTP,-0.087084934,-0.45878252,0.1677867,-0.03339249,-0.082147166,-0.15922727,0.3832823,-0.39845023,0.30960184,0.12235646,0.36358696,0.18365203,-0.33436307,-0.028248347,-0.41226667,0.17116325,-0.37045902,-0.09228711,-0.19648221,-0.051821336,0.23257972,0.25841004,-0.0708327,-0.07182092,0.3871933,0.36241645,0.2070799,0.12111356,-0.05777692,0.08158603,-0.25922444,-0.02961242,0.37730736,0.5521797,0.4561524,0.47840372,0.44914833,0.5515488,0.46788314,0.42783383,0.3594908,0.61436313,0.5804806,0.57655805,0.60529554,0.35856166,0.5403523,0.47755527,0.50326884,0.63299215,0.35224074,0.503843,0.45261002,0.27223137,0.6914072,0.6003736,0.54387945,0.770675,0.5176484,0.3964598,0.4491993,0.5113941,0.34662783,0.71803445,-0.84357667,-1.6009521,-1.1401515,-1.2425599,-1.4359848,-1.665957,-1.0630883,-1.148376,-0.51121914,-1.9319366,-1.0860423,-1.2502338,-1.5001636,-0.8725863,-2.1557562,-0.57674164,-1.3030105,-1.4612286,-1.2672591,-1.1883076,-0.71790856,-0.56298816,-1.6821538,-1.7128751,-0.91518784,-1.4408709,-0.9390502,-0.5713112,-1.2295674,-1.063493,-0.8461363,-1.4833808,0.47984916,1.1158274,1.381151,0.91175175,1.1614075,0.9077365,1.3149194,0.7865064,1.0922194,1.3776683,1.7776874,1.6727335,1.5940329,0.6481484,0.6718103,1.7250733,0.7259552,0.97677064,0.7065129,1.7997912,1.0553658,0.8756592,1.5058539,1.0587759,1.642548,1.9060519,1.3691729,1.1698229,0.8108695,1.6285341,0.5278708,1.7081
𝐄𝐒𝐓𝐏,ESTP,-0.14813522,-0.55990016,0.087058775,0.012331408,0.011603894,-0.28362772,0.57935584,-0.5960516,0.2188631,-0.22147077,0.07701058,-0.14775632,-0.6328226,0.06760788,-0.5118656,0.37173977,-0.14521673,0.34385854,-0.12197492,0.10146917,0.5350306,0.328136,-0.22248577,-0.14487915,0.3661041,0.6171873,0.57680076,0.11687552,-0.31498593,-0.10019861,-0.15961668,0.41316867,0.5486546,0.77981526,0.6438286,0.5693839,0.4675512,0.5778733,0.4844754,0.4121903,0.40546244,0.6013044,0.5253369,0.51179403,0.6041807,0.45348302,0.5291806,0.43082303,0.65733916,0.49911237,0.56569034,0.45944682,0.40396556,0.18171006,0.74466646,0.7591668,0.75410086,0.8623173,0.59459656,0.38268283,0.47389948,0.44871196,0.32601276,0.78131306,-1.026377,-1.8061535,-1.100371,-1.5071455,-1.0638018,-1.4773227,-0.49697608,-1.3244514,-0.44443622,-2.0476012,-0.84749556,-1.252979,-1.4763306,-1.0283864,-1.8750148,-0.8996119,-1.3797865,-1.0298853,-1.458614,-0.92862153,-0.36325422,0.056633223,-2.33267,-1.9041222,-1.3447136,-1.0161438,-0.76172006,-0.7576004,-1.201973,-0.87914187,-1.326619,-1.220835,1.0799673,1.5654823,1.8141994,1.3587843,1.2004282,0.93643975,1.3373911,0.37187055,1.6369292,1.2808584,1.2357466,1.0612878,1.464512,0.6403397,0.18103077,1.024286,1.2453038,0.9980085,1.1546668,1.6245724,1.2112126,0.7862336,1.1321915,1.2138953,2.0825167,2.5817816,2.124745,1.1158311,0.5118529,1.1333884,0.57030594,2.1167953
Estp(5),ESTP,-0.44878647,-0.7140224,-0.111993335,-0.11622213,-0.087217204,-0.13592328,0.6425443,-0.5296174,0.31808904,-0.24819452,-0.08919884,-0.11695682,-0.7419046,0.015375314,-0.5355847,0.36281732,-0.4555362,0.28037906,-0.16242167,0.35519698,0.47669876,0.24873415,-0.41008356,-0.24162047,0.7471405,0.9055052,0.4420273,0.019116784,-0.1740241,0.015999582,-0.17515717,0.20240782,0.4098056,0.5670058,0.4494053,0.54352576,0.40826523,0.6107455,0.4078685,0.48513845,0.3561311,0.55719525,0.53345805,0.68666226,0.5369411,0.45411286,0.52653635,0.43702123,0.5537163,0.4875667,0.48595124,0.5415447,0.35968456,0.24263982,0.60125107,0.58528316,0.5200763,0.71475846,0.4119629,0.35754475,0.43727943,0.41365534,0.3078808,0.60415614,-1.5596584,-1.9682331,-1.635867,-1.4326334,-1.2675816,-1.924404,-0.22363937,-1.2861093,-0.507003,-2.2441387,-1.2815154,-2.0451488,-2.1018157,-1.860985,-2.7075207,-0.97902006,-1.2746832,-1.0551549,-1.5006323,-0.8290782,-0.42423588,-0.56852704,-2.111207,-1.9949424,-0.8672982,-1.390594,-0.93915457,-0.6602412,-1.6896614,-1.2642703,-0.7571879,-1.4856894,0.8175259,0.7827071,0.86126184,1.9038199,1.1852692,1.149331,1.922835,1.2937548,1.6486224,1.3750694,1.6330218,1.6645157,0.89925224,1.0307909,0.56949157,1.4260316,1.700522,1.601533,1.108101,2.104928,1.4406534,0.78269196,1.1496152,0.9402581,1.9963422,2.958046,1.4875757,1.0360209,0.6801351,1.2805699,0.73058033,2.2796144
estp vibes📀,ESTP,-0.0748471,-0.4896729,0.033085454,0.05180528,0.119611494,-0.23749687,0.51866484,-0.3979937,0.41972473,-0.0279873,0.23074746,-0.08144938,-0.48021343,-0.013901549,-0.46867114,0.1443718,-0.2912028,0.028158206,-0.14992025,0.045357052,0.27053925,0.22377181,-0.057297513,-0.1967592,0.4492851,0.3743523,0.3056829,0.13060887,-0.050415527,-0.06764296,-0.30690786,0.05696758,0.3885775,0.59559304,0.4608599,0.48508763,0.44667855,0.4588854,0.33828038,0.44928592,0.44449964,0.7407327,0.60633004,0.713499,0.55405164,0.38813385,0.5269982,0.34724984,0.572724,0.47525147,0.44485262,0.5831353,0.42761222,0.26654473,0.6770436,0.66247725,0.5817518,0.80437404,0.4680602,0.37088114,0.37478033,0.42580318,0.33459038,0.7442793,-0.59237075,-1.5640223,-1.100371,-0.91852015,-0.47112405,-1.3548118,-0.31072587,-1.1451484,-0.44443622,-2.0476012,-0.84749556,-1.9421636,-2.225588,-1.1935823,-1.7919774,-0.59731424,-1.1924504,-0.9709515,-1.2923919,-1.1085382,-0.5522194,-0.33569285,-1.4745307,-1.6184274,-1.3447136,-1.4408709,-0.7187203,-0.48108232,-1.201973,-1.1133232,-0.9841261,-1.3679667,0.84585726,1.2830586,1.3808872,1.185288,1.4521134,0.7508703,1.1526014,0.50450677,1.6369292,1.2809703,1.6139143,1.1814674,0.5376866,0.61729515,0.30957672,0.91265535,1.1097537,0.9384112,0.6254193,1.6245724,1.2112126,0.7862336,1.3493634,0.75860703,2.0825167,1.8320955,1.5283687,1.0744836,0.621399,0.6252528,0.57030594,1.9240817
ESFP,ESFP,-0.21349409,-0.49471122,-0.005019536,-0.06744624,-0.077597275,-0.086645514,0.41508928,-0.39677885,0.26174098,0.08225744,0.15269749,0.014073412,-0.4183131,-0.0394348,-0.43620664,0.25348768,-0.35199115,0.023116264,-0.21891096,0.08070922,0.25997514,0.23136266,-0.17984475,-0.19951689,0.45984086,0.55246085,0.2494905,0.10991815,-0.0751461,0.0057308613,-0.22113702,0.010794636,0.45807067,0.58421856,0.4735742,0.46216315,0.40847772,0.57740164,0.4529827,0.489829,0.34948415,0.52433664,0.57988113,0.59222394,0.6219256,0.45861328,0.5116398,0.4660114,0.5191604,0.6825661,0.44400012,0.49221066,0.47457632,0.27749267,0.66939235,0.52674496,0.51249385,0.6731934,0.5523893,0.3992868,0.4908243,0.46913686,0.38169724,0.6544425,-3.5047274,-1.7833753,-1.832436,-2.1098301,-2.358387,-2.1072428,-0.929243,-1.3425778,-1.3778733,-2.0793953,-0.9690723,-2.6206872,-2.2530587,-1.7577549,-2.2095373,-1.7119706,-1.3576096,-2.626524,-3.3163826,-1.0952772,-1.7578168,-0.5475975,-2.9682894,-2.137429,-1.204186,-1.8416721,-2.310969,-1.1189171,-1.6507385,-1.5514982,-1.1675034,-2.4109204,1.086947,2.54242,1.2411376,1.6892853,1.4667963,2.1575177,1.8103449,1.568771,1.5794489,1.4388752,4.6709757,1.6807853,2.2661703,0.80062366,0.9097365,1.6092321,1.250613,1.383718,1.0494218,2.4404078,1.2356361,2.5684192,4.4456725,1.1103878,2.0720537,3.2877722,2.1357238,1.7522424,1.39036,1.963344,3.2146263,2.2547865
ESFP songs,ESFP,-0.06224551,-0.50265634,0.18186636,-0.024486532,0.038640544,-0.38919255,0.5022705,-0.5045719,0.2901247,-0.03210044,0.21927379,-0.10912239,-0.5972792,0.039127313,-0.26399216,0.05657442,-0.3770969,0.1486255,-0.066224754,-0.029491568,0.3870638,0.29957178,-0.029132998,-0.09116988,0.31129682,0.43424317,0.35240218,-0.06390293,-0.076807186,0.11945529,-0.27563483,0.11528365,0.42943916,0.49747312,0.40579107,0.38297066,0.4082717,0.6127757,0.43753713,0.2887143,0.34669247,0.4344281,0.56083095,0.7309525,0.59222573,0.35183778,0.4284789,0.57839596,0.5668816,0.42905122,0.3873644,0.3637247,0.36986104,0.19838217,0.49292254,0.51659113,0.55284816,0.6621822,0.47404552,0.3920924,0.4979657,0.3841559,0.28840232,0.5434896,-1.1913341,-1.4112886,-0.8030739,-1.3852731,-1.1805942,-2.082973,-0.7555043,-1.1635966,-0.4791878,-0.96885115,-0.6076759,-2.2747953,-1.8502512,-0.81347054,-1.9297343,-1.2252736,-1.3788733,-1.1516134,-0.76228374,-0.70782477,-0.34161606,-0.040694617,-1.483553,-1.5457113,-1.098064,-1.2762455,-0.9550055,-0.9052045,-1.5791239,-0.84743303,-1.0017351,-1.2123497,0.81759435,0.66712344,1.0836445,0.5334203,1.2238213,0.9816073,1.1837252,0.0887176,1.0856324,1.0757346,1.7258716,1.4229022,1.3207219,0.8928718,0.5469156,1.3896216,1.1470275,1.0779012,0.8918911,0.67835176,1.1522603,0.71983904,1.0361437,0.6475078,1.5435725,1.645558,1.5475248,1.1953437,0.7659006,0.8360427,0.44131997,1.8948177
ESFP Playlist,ESFP,-0.2499332,-0.5076112,0.08113374,-0.12181636,-0.067109704,-0.1974109,0.5310339,-0.49513787,0.23530181,-0.09544775,0.13166758,-0.02509874,-0.5090451,0.015398907,-0.37348205,0.23110847,-0.32078105,0.17702481,-0.12790124,0.09352863,0.36221564,0.26690406,-0.18425786,-0.117114134,0.4477987,0.52887595,0.3894666,0.04513892,-0.16486675,0.08850707,-0.17971645,0.1697161,0.4263604,0.5659599,0.46128967,0.4706568,0.4626298,0.6081204,0.49006167,0.32816604,0.38396642,0.51946163,0.5559098,0.56771016,0.59127873,0.38632858,0.45175526,0.40706044,0.5170934,0.4604266,0.42788726,0.41982165,0.37559763,0.24447367,0.6729365,0.558208,0.5435255,0.7832146,0.4474212,0.3516924,0.4187533,0.36645326,0.30758634,0.55664134,-1.3976692,-1.5456346,-0.9456315,-1.3144406,-1.377523,-1.8055844,-0.7555043,-0.98860943,-1.2170694,-1.9088917,-1.04261,-2.0451488,-1.7048384,-0.97393763,-2.036505,-0.97902006,-1.22232,-1.5349871,-1.0878767,-0.76243705,-0.7777919,-0.28025323,-1.8909622,-1.7242281,-0.89701045,-2.2095869,-0.59085697,-0.6021236,-1.3412699,-0.9791331,-0.8608416,-1.2080876,0.57344526,1.3945762,1.3447306,0.9653847,1.2014529,1.3714265,2.1807833,0.65129495,1.6552554,1.1337371,1.551508,1.3002352,1.3515112,0.7377709,0.9361679,1.2199416,1.3744922,0.9467909,1.0001974,1.6397953,1.1456459,1.4072466,1.706284,0.94584674,1.858514,2.2418914,1.831591,0.97449744,0.68104315,1.1410917,0.7925886,1.5060834
ESFP Feeling,ESFP,-0.33472267,-0.7290845,-0.14251773,-0.27034837,0.057174377,-0.069517836,0.78999484,-0.5645487,0.28951183,-0.15346695,-0.14030859,-0.3173356,-0.7020869,0.096835226,-0.44680908,0.29674825,-0.39595038,0.3019488,-0.26115876,0.017635114,0.48898625,0.28414348,-0.2027493,-0.18799384,0.6615324,0.5805507,0.4296889,0.0689373,-0.15650293,-0.08728284,-0.29784837,0.13989718,0.36509952,0.52883685,0.44991103,0.39732718,0.3826568,0.53473544,0.4188692,0.3851915,0.3128969,0.5138803,0.4795321,0.49276346,0.39641628,0.4217755,0.42650872,0.4303195,0.45230615,0.43496215,0.4905064,0.5162397,0.3179594,0.18328764,0.5063523,0.51494795,0.49979338,0.6375676,0.4718915,0.33600435,0.48554298,0.38976973,0.33207846,0.5348942,-1.1477964,-1.4732939,-1.6367483,-1.2177838,-0.9034584,-1.1098872,-0.07360497,-1.1115394,-0.5247047,-1.5780935,-1.121898,-1.5329025,-1.7426199,-0.9878211,-2.0146909,-0.5680717,-1.2293125,-0.73296505,-1.5907172,-0.7969817,-0.2873632,-0.038713127,-1.2874116,-1.7688712,-0.60919654,-1.0872806,-0.93124336,-0.38287458,-1.6085324,-0.8324967,-1.1235765,-1.1878481,0.31002507,0.62022674,0.7430729,0.47946817,0.83454734,1.3772459,1.6797149,0.5109141,0.9935597,0.85459155,0.894838,0.8422373,0.27336773,0.7503475,0.280506,1.2108896,0.869347,1.0971646,0.67805207,1.7620498,1.0909282,0.71293753,0.78604054,0.62191594,1.9539212,1.7420974,1.5192194,0.93186015,0.53643167,0.7316769,0.45796978,1.7599926
ESFP(1),ESFP,-0.08619696,-0.47854027,-0.058299735,-0.24245508,0.23118314,-0.14636002,0.76898855,-0.3678386,0.42341068,0.13521117,-0.013990364,-0.11611439,-0.45108348,0.024661966,-0.4380733,0.039264396,-0.3138429,0.0016257055,-0.22643012,-0.24590865,0.33323726,0.19072104,-0.071291685,-0.16516843,0.6066888,0.21352917,0.4043356,0.042504147,-0.01114622,0.019905472,-0.5766269,-0.049177095,0.37015638,0.43044028,0.3395861,0.44660926,0.37695843,0.4929129,0.4284524,0.34694615,0.2660085,0.5730894,0.43992564,0.4740598,0.44789976,0.35883832,0.5049503,0.40499213,0.45521742,0.47487947,0.36126474,0.40156877,0.37530634,0.18823321,0.5342551,0.5610075,0.38544726,0.63872457,0.3990535,0.40651828,0.3886094,0.43572816,0.27102375,0.5431781,-0.98322815,-1.4876649,-0.94464016,-1.2490753,-0.6898535,-1.1558923,-0.23224111,-1.1176751,-0.18713911,-1.7465038,-0.7263898,-1.522097,-1.4403088,-0.6515979,-1.8341581,-0.8451802,-1.417282,-1.1649909,-1.1573064,-1.0510513,-0.42047432,-0.439714,-1.462444,-1.6668717,-0.1481357,-1.4151046,-0.7190259,-0.6349659,-1.004325,-0.88845557,-1.3030753,-1.2748716,0.6387041,0.47520813,0.77048707,1.2870443,1.1096019,0.88553333,2.0086477,0.5033614,1.8995184,1.5272279,0.98113734,1.4464658,0.6035672,0.78278226,0.6177972,0.8425061,0.82577205,0.9257389,0.5826229,1.4816887,1.0119904,0.6925074,1.1926092,0.614725,1.726266,1.8122255,1.1561973,1.0506603,0.7123975,0.87969816,-0.10799158,1.1459526
esfp vibes,ESFP,-0.32903436,-0.7472368,0.061206244,-0.098391935,-0.12778164,-0.15932173,0.5638588,-0.62421817,0.21553837,-0.09917534,-0.015016315,0.06899517,-0.6338226,0.16639055,-0.38602427,0.3317428,-0.5529516,0.29752702,-0.19240743,0.16148214,0.4765727,0.291413,-0.29365194,-0.0572026,0.53191596,0.7302206,0.32930392,-0.0013343889,-0.19117317,0.04019958,-0.2237389,0.2264699,0.42814648,0.49848935,0.38253993,0.42423448,0.33564562,0.49701986,0.38278168,0.3181482,0.25665063,0.49108988,0.4312139,0.50549656,0.48221472,0.34808588,0.47256193,0.45051503,0.44538143,0.445664,0.4058674,0.38005993,0.3448087,0.23038195,0.5278779,0.54084814,0.47362134,0.6090408,0.39892596,0.33052194,0.4307985,0.3659094,0.23960637,0.59789914,-1.1913341,-1.8541687,-1.1542262,-1.3596194,-0.9875834,-1.817287,-0.52610373,-1.3244514,-0.98828846,-2.1959817,-1.0221988,-1.6049025,-1.9036305,-0.84273666,-1.7293968,-0.8184963,-1.553448,-1.1546555,-2.0081375,-0.63717836,-0.42616186,-0.35746625,-1.6821538,-1.7128751,-0.83591264,-0.77371305,-0.8184364,-0.52769834,-1.4622594,-0.87914187,-0.77517676,-1.3679667,0.5890618,0.68218,1.0066221,1.12823,0.64031655,1.3523993,1.2738843,0.36828953,0.72666603,1.2407231,1.3038445,1.3476899,0.65152645,0.83196306,0.5244489,2.1602902,0.75452197,1.2306752,0.7749791,1.9652704,1.2632467,0.84504384,0.7474098,1.2309812,1.378706,2.0133626,1.1249052,1.2589211,0.7293515,0.9063872,0.46720994,2.3649366
ESFP(2),ESFP,-0.18386666,-0.87661695,-0.21615314,-0.10848755,-0.52005637,0.42274,0.065372564,-0.232824,0.18173715,0.36536145,0.5111442,-0.02006738,-0.21531126,-0.17757872,-0.20651552,0.3277422,-0.6768504,-0.54783976,-0.48475108,0.006608736,-0.16620335,0.46669865,-0.019447733,-0.11047933,0.38800123,0.5959647,-0.591307,0.26133794,0.17252877,-0.13489781,0.0614715,-0.51101434,0.38778988,0.42809752,0.538775,0.48442444,0.3970306,0.49173805,0.3431454,0.43886444,0.28101125,0.42629108,0.5657435,0.48504394,0.35438,0.4301613,0.38215873,0.41047063,0.39495242,0.51883066,0.33193505,0.5507696,0.29206985,0.23653476,0.58591574,0.32659417,0.36150807,0.6533903,0.38610017,0.33725834,0.2566307,0.40308905,0.45792532,0.46527478,-0.88107353,-1.7006507,-1.8673552,-0.8149917,-1.4646854,-0.8368547,-0.64368856,-1.008989,-0.35495514,-0.7791222,-0.52170515,-1.4291285,-0.8028172,-1.3866574,-1.082873,-0.43028697,-1.3649368,-1.7060281,-1.6456952,-0.59163785,-0.65065503,-0.033652134,-1.3219705,-0.8123198,-0.3003945,-0.81924933,-1.3074734,-0.28013232,-0.20345971,-0.79513115,-0.82124364,-1.3606158,0.49173662,0.22758609,0.42806327,1.3711886,0.33379465,1.4460664,0.5598193,0.88798666,0.7898231,1.246729,1.4301068,0.9259972,0.65272653,0.37886813,0.31337816,0.95630115,-0.043446954,0.39728117,0.14448604,1.7279563,0.43567622,0.991846,1.2871605,0.5077024,0.92724407,1.6184014,-0.03577065,0.7849839,0.5726492,0.6814138,0.9826637,0.51694036
ESFP(3),ESFP,-0.29610908,-0.59873956,0.08491824,0.011852202,-0.16464894,-0.175679,0.44030857,-0.50335014,0.20840181,-0.1704439,0.13463636,0.11439231,-0.53305936,0.039788295,-0.5334542,0.42760855,-0.34468287,0.24124119,-0.17582549,0.31577384,0.44019482,0.26764283,-0.30683234,-0.12469221,0.46111712,0.72090524,0.36169267,0.120375484,-0.29554504,-0.026240297,-0.057713825,0.29470602,0.4250943,0.6316277,0.52825975,0.5082484,0.4369478,0.5820457,0.42183405,0.47996435,0.4110476,0.5965295,0.49676585,0.6432211,0.57145196,0.44372073,0.5843739,0.42677757,0.5777318,0.505264,0.4798757,0.505095,0.40183365,0.2605187,0.61455834,0.6825944,0.57312834,0.63549,0.49861073,0.38777557,0.39359444,0.46274385,0.3301976,0.6480441,-1.6078041,-1.9420171,-1.6494306,-1.340067,-1.4772708,-1.8055844,-0.7868059,-1.3264203,-1.041042,-2.4724512,-1.295091,-2.6086268,-2.2164443,-1.7357792,-2.5874217,-0.57761323,-1.6311111,-2.626524,-2.1515622,-1.7088449,-1.7232643,-0.5033719,-1.9677485,-2.186894,-1.2949957,-1.2333012,-1.4285837,-0.6021236,-1.6527095,-1.4616898,-0.9433193,-1.5231417,0.70939076,1.3048055,1.2867857,1.5791974,1.3499547,1.673641,1.5448991,1.4666027,1.7578107,1.3386642,2.883493,1.8319834,1.821413,0.8463575,0.49030095,2.1602902,1.7265261,1.2714415,1.2066603,2.2647343,1.3771061,0.8800719,2.5189633,1.5682343,2.2099745,2.7578843,1.8259761,1.2210422,0.9522533,1.2237793,1.3778028,2.3649366
ESFP Radio,ESFP,-0.0426049,-0.37596753,-0.076699965,-0.056903988,-0.24543095,0.065009184,0.1559096,-0.1559059,0.2680714,0.47335595,0.3023255,0.070137054,-0.2854387,-0.22386856,-0.38027427,0.10245063,-0.38612217,-0.4540855,-0.16537811,-0.16342779,-0.16730072,0.21700579,-0.26350737,-0.37362343,0.44240806,0.5952965,-0.07023148,0.2277464,0.29357004,-0.051095854,-0.2611655,-0.6071251,0.3043234,0.44564462,0.3613893,0.3748191,0.3641293,0.4276101,0.29278272,0.3738382,0.2748754,0.35471588,0.5307145,0.43780577,0.45374712,0.37324008,0.37475094,0.36812124,0.4002933,0.5204581,0.32420015,0.36888182,0.30276343,0.22749558,0.569079,0.3872216,0.39122853,0.6854712,0.33066812,0.32371032,0.35548413,0.40808073,0.28144154,0.49291322,-1.004491,-1.4305501,-1.5850536,-0.9140661,-0.99259716,-0.82585776,-0.45199955,-1.0019797,-0.19071694,-0.63050056,-0.64108706,-1.0517336,-1.2361867,-1.0844198,-1.4747326,-0.5647441,-1.3404397,-1.7343861,-1.2531142,-0.8020869,-0.7942808,-0.21685217,-1.2313083,-1.0866572,-0.23335819,-0.8648211,-0.7932936,-0.51490635,-0.41886806,-0.9499714,-0.86886287,-1.6411929,0.5678204,0.5068468,0.47243306,0.9179053,0.48525843,0.9702448,0.8015166,0.59407693,1.371381,1.1053085,1.2282436,0.9259972,0.721973,0.6527839,0.2753126,0.8535111,0.58386534,0.43983778,0.4475323,1.1764789,0.49344835,0.699426,0.981378,0.3801709,2.0294838,2.214442,0.59012324,0.8948877,0.8147875,0.85249215,0.44055942,0.75844306
esfpの私が好きな曲,ESFP,-0.16611995,-0.5327561,-0.044220358,-0.22026466,0.14699621,-0.19302061,0.72681844,-0.41059762,0.35747793,0.013279216,0.014145307,-0.17910963,-0.57627463,-0.0065964,-0.4578292,0.12793654,-0.3035605,0.1154151,-0.19506474,-0.13504446,0.3675763,0.21512634,-0.124475,-0.20673351,0.58354044,0.3809994,0.44659188,0.062298637,-0.07394999,-0.0029700906,-0.4315541,0.007939586,0.4312352,0.50655967,0.40030134,0.4684354,0.43369722,0.53421265,0.44469178,0.3592024,0.28605062,0.60504985,0.48102146,0.55936337,0.47004384,0.39600676,0.51345474,0.47400206,0.5070528,0.5333799,0.39380392,0.47171655,0.3923521,0.21533373,0.6082123,0.55113924,0.5046675,0.67454064,0.45567033,0.40302396,0.44455457,0.46429792,0.3326992,0.5966709,-1.3299319,-1.8344806,-1.2484657,-1.623529,-1.2543297,-1.8778688,-0.70498353,-1.3176724,-0.7033414,-2.2795017,-1.0091256,-2.4817183,-1.7038891,-1.0500888,-2.0192983,-1.2433268,-1.5067974,-1.7326915,-1.5479065,-1.0842885,-0.68775386,-0.43195012,-1.4882209,-1.8567531,-1.2239529,-1.5079993,-0.6789131,-0.89333385,-1.4872701,-1.1908797,-1.4099344,-1.4404467,0.96883583,0.80339277,1.2180319,1.0033737,1.3454915,1.184787,1.7252951,0.7005823,1.3673816,1.5949177,1.7122113,1.4387898,1.5806224,1.0386871,0.6525584,1.4653887,1.2636551,1.2586538,0.76788867,2.409437,1.1668123,1.3060849,1.4340082,0.90866226,2.161938,2.325406,1.6654782,1.2533268,1.0628327,1.1887964,0.85324776,1.8952863
🌞🌙💛 ESFP!! 💛🌙🌞,ESFP,-0.2594824,-0.65193486,-0.012746552,-0.09817591,-0.075599514,-0.16322786,0.57019,-0.5146869,0.27460986,-0.03046677,-0.015825927,-0.046289027,-0.62617105,0.055529345,-0.40780312,0.2746999,-0.45645562,0.18301484,-0.15711659,0.09469937,0.39082745,0.26728743,-0.2827645,-0.18474792,0.56315583,0.68967044,0.33078048,0.058042042,-0.09871336,-0.012071706,-0.25331348,0.06504818,0.39686283,0.5408007,0.4075976,0.44389272,0.35288545,0.4878177,0.42489505,0.3562206,0.28733334,0.5576197,0.4481184,0.55985695,0.5025006,0.3589428,0.50534546,0.408623,0.5065507,0.49233022,0.3866392,0.3943512,0.3741109,0.22435178,0.5321399,0.5307435,0.46423167,0.58682656,0.44474214,0.3520728,0.4178061,0.4332625,0.29099336,0.58468825,-1.5596584,-1.9029064,-1.3743464,-1.429652,-1.4359848,-1.4674771,-1.0630883,-1.3244514,-0.5656627,-2.0694008,-0.89466095,-1.4377086,-1.8341558,-1.2860037,-2.1736524,-0.8699459,-1.5001106,-1.8406126,-1.5708053,-0.834115,-0.59819883,-0.5475975,-1.7561759,-2.1958148,-1.3447136,-0.8782902,-1.1013565,-0.54020417,-1.4791963,-1.063493,-1.0117779,-1.3291894,0.84585726,1.0070509,1.3808872,1.1525215,0.8842454,1.0694498,1.899897,0.74265534,1.4642142,1.5432916,1.2263883,1.6727335,1.5940329,0.93980604,1.0328915,1.7250733,1.4811642,1.1941216,1.0592784,1.6138394,1.2112126,1.0751618,1.1274645,0.82818955,1.8091705,2.2852123,2.0721152,1.2576365,1.0050374,1.1818011,0.6871262,2.658566
ESFP (PDB),ESFP,-0.1645637,-0.48502398,0.08959195,-0.05650969,-0.03621988,-0.24724013,0.4782522,-0.43477634,0.31917673,0.051820308,0.19965768,0.0290039,-0.5193528,-0.004287814,-0.38275957,0.17210373,-0.34036183,0.06504539,-0.11124053,0.06648919,0.33888873,0.243641,-0.13523664,-0.1690406,0.44141176,0.50673467,0.31516775,0.038541216,-0.061940882,0.057126716,-0.24941227,0.033485647,0.40437192,0.5114306,0.4587568,0.47459862,0.44178057,0.694096,0.4685979,0.37220216,0.3219624,0.56219417,0.5406816,0.6004395,0.6520106,0.34891862,0.549768,0.5509956,0.51213753,0.48719284,0.4346573,0.51303655,0.39493927,0.22487667,0.64436156,0.57034534,0.5578017,0.69393975,0.4718556,0.43441886,0.4008609,0.45920706,0.31870577,0.6133545,-1.1841153,-1.4112886,-1.3803939,-1.3852731,-1.4251137,-1.8343012,-0.9952604,-1.1345683,-0.60530096,-1.9088917,-0.7229183,-1.7570833,-1.9147406,-1.224399,-2.395171,-1.2846632,-1.3788733,-1.3644098,-1.8546491,-1.1620257,-0.56346965,-0.4356365,-1.8310647,-1.9922336,-1.1227084,-1.5083503,-0.9495633,-0.9052045,-1.0153434,-0.9791331,-1.0017351,-1.4785632,0.87893134,1.3635293,1.2671531,0.9653847,0.89499694,1.7181252,1.1367563,1.002365,1.598602,1.4553319,1.7820282,1.3144122,1.8766509,0.61122715,0.5724378,2.3198106,1.0378346,0.9467909,0.89504534,2.0330198,1.008341,0.7993778,1.6834544,0.7598351,1.7719065,2.1700256,1.71635,1.2597793,0.96379364,1.1327041,0.7925886,1.8362677
Esfp 💋,ESFP,-0.14044897,-0.511463,0.044695422,0.014599031,-0.08623718,-0.13016525,0.3559836,-0.3701343,0.29244807,0.01477457,0.27867472,0.030796831,-0.3764645,-0.043038458,-0.38875878,0.2073986,-0.34943074,-0.048852656,-0.21343097,0.118708745,0.22574937,0.26294112,-0.09472078,-0.12433524,0.38221,0.44425017,0.16854583,0.09960997,-0.060237654,0.013463642,-0.16868067,-0.00068366685,0.44671407,0.5631152,0.47482476,0.5028313,0.44951656,0.6034007,0.4410923,0.46405017,0.3912385,0.6033694,0.531923,0.6164797,0.6113365,0.4057107,0.538296,0.49479434,0.5511087,0.59258205,0.44342735,0.551516,0.41273376,0.25753865,0.5905337,0.5756035,0.53809774,0.6843632,0.5256703,0.39416912,0.41670546,0.4243073,0.35902193,0.6500382,-1.5518712,-1.8061535,-1.7325498,-1.7158881,-1.6496102,-2.0143468,-1.0630883,-1.4556934,-1.2622283,-2.668752,-1.0860423,-2.104197,-2.2530587,-1.7963357,-2.5415537,-1.297492,-1.540674,-2.0654218,-2.147103,-1.1883076,-0.9259716,-0.486506,-2.2454698,-2.0584042,-1.164356,-2.0285485,-1.7557629,-0.9471777,-1.4704139,-1.2020841,-1.1037711,-1.9701115,0.99308044,1.4139282,1.3011547,1.6905146,1.6177148,1.964146,1.4471709,1.2182351,2.169425,1.4495685,2.0877209,1.6897095,1.9447312,0.83196306,0.93256605,1.7250733,1.5338306,1.1788837,0.99118763,2.0812697,1.2632467,1.3879565,1.706284,1.286191,2.0708861,2.3812768,1.8727864,1.3379527,1.0687218,1.2468439,1.5068752,2.1920543
Electropop ( esfp core ),ESFP,-0.4611079,-0.5629192,-0.1905729,-0.29784796,0.18891531,-0.14812717,0.8125545,-0.21354042,0.32771516,-0.39110756,0.15536876,-0.3986888,-0.69940984,-0.13140851,-0.71374995,0.33020055,-0.015590728,0.28167403,-0.13678221,0.30901733,0.35729778,0.186612,-0.09394786,-0.49921414,0.67259204,0.40244028,0.61921734,0.27672884,-0.24991837,-0.115861066,-0.0820373,0.040738523,0.47365725,0.6408338,0.54716635,0.5945255,0.46309343,0.6902473,0.4252924,0.4856945,0.44966722,0.8053284,0.50056624,0.7535517,0.6136993,0.45498133,0.65706724,0.463372,0.5753726,0.47476256,0.5109705,0.6592503,0.40184638,0.264035,0.5918454,0.67298967,0.6224988,0.6644815,0.5393377,0.41213334,0.36474922,0.42508122,0.38603082,0.7362268,-1.5256763,-1.7513404,-1.7614609,-1.7426938,-1.0442749,-2.219417,-0.35177273,-1.0681173,-1.1011688,-2.2877984,-0.70263994,-2.8090544,-2.598055,-1.597411,-2.452331,-1.1649364,-1.1069814,-1.6478409,-1.3828998,-0.87626076,-0.72981185,-0.43561235,-2.0912354,-1.9536955,-1.2476734,-1.6738237,-0.9782293,-0.6286627,-1.3412699,-1.2649785,-1.1037711,-1.4575318,1.2583243,2.2970164,1.8083733,1.6408645,1.4663624,1.4564862,2.1807833,1.0771885,1.6570826,1.207035,1.5361876,1.381566,1.3559529,0.7282907,0.57638395,1.4336417,1.3744922,1.2460167,0.98765194,2.4786997,1.191327,1.1213524,1.3144513,1.0322919,2.2368808,2.07554,2.4678066,1.2302408,0.9358767,1.5391587,0.9291272,2.8926682
esfp energy,ESFP,-0.26975405,-0.56484735,-0.00089448225,-0.3018342,0.09093852,-0.124645,0.7079068,-0.43366435,0.32071045,0.037274156,0.1661905,-0.013229134,-0.5254672,0.021852622,-0.5355589,0.21856607,-0.3322241,0.1583409,-0.18567853,-0.11735817,0.32470468,0.23268643,-0.10338194,-0.22455004,0.58200365,0.32394448,0.431223,0.10684014,-0.1381287,-0.003126983,-0.3440513,-0.034385458,0.4623609,0.6069964,0.45885998,0.5051588,0.41728166,0.5925695,0.4378861,0.4602026,0.31658122,0.54476595,0.47883615,0.61113656,0.4639207,0.4936091,0.58581793,0.47631332,0.56270385,0.4664771,0.36902577,0.40633872,0.42087135,0.22255267,0.70420516,0.7058002,0.5884058,0.7358084,0.4602591,0.397215,0.4191978,0.48147836,0.26714972,0.69726783,-1.3436912,-1.5523223,-1.234182,-1.3852731,-0.8962671,-2.5756516,-0.28999302,-1.2252702,-0.5338939,-0.9469212,-0.739108,-2.0438414,-1.4769174,-1.899058,-2.2385592,-1.8543055,-1.3950086,-0.95402676,-0.87505364,-0.76571,-0.4847698,-0.28622907,-1.6896113,-2.0233676,-1.0461141,-0.9704813,-0.6636859,-0.9387943,-1.3412699,-1.0903602,-1.0220326,-1.390486,0.83940446,0.9958142,1.3447306,0.7262899,1.1131915,0.9816073,1.730351,1.039663,1.4373326,1.1415657,1.3672932,1.0704646,1.0492746,0.7337914,0.412412,1.3245546,1.4115007,0.9365773,1.1492307,1.5414999,0.92050445,0.74259526,1.268889,0.7275629,1.6827652,1.8888589,1.5616418,0.8795235,0.69897133,1.294183,0.44358394,1.6332947
ESFP Radio(1),ESFP,-0.40634206,-0.2581848,-0.107056625,-0.39259756,-0.6451121,0.5727221,-0.050862502,-0.385087,-0.048595697,0.5100396,0.3910119,0.2449173,0.17960761,-0.14049482,-0.69174296,0.7122505,-0.011627593,-0.2026765,-0.40596616,-0.062946275,0.06251142,0.2728836,-0.42784798,-0.26499453,0.10081878,0.7874659,0.090976216,0.52346784,-0.30528125,-0.34238166,0.16432396,-0.089869365,0.39551896,0.69486856,0.53584903,0.4581266,0.6054233,0.76913524,0.52041066,0.44565052,0.39980575,0.5655703,0.5596245,0.6213989,0.80030906,0.4223967,0.42725435,0.5295198,0.53874075,0.6650144,0.54127115,0.559951,0.38152838,0.2395072,0.76216656,0.5968648,0.6412832,0.8019873,0.5594798,0.44750345,0.50501275,0.57655597,0.3718559,0.86200416,-1.620736,-1.3799796,-1.5388436,-1.4219536,-2.8270876,-1.1905967,-1.0141844,-1.2367642,-1.1835927,-0.6458795,-1.4890436,-1.2517767,-1.2181723,-1.4053569,-1.8494146,-0.32050434,-1.2136414,-1.9604692,-2.3047454,-0.927426,-0.9357412,-0.28420305,-2.7467043,-2.0456924,-1.5082247,-0.8000545,-1.1062717,-0.35685018,-1.7987024,-1.7664394,-0.5664993,-1.4033244,0.48801264,2.1236708,1.1140693,1.0330509,0.80815667,3.390298,1.1430726,0.77467215,0.64881414,1.6190057,1.392357,1.495413,2.629473,0.5411525,0.17882524,2.2350574,1.3603966,1.205913,0.81393516,1.7523643,1.0682927,0.77136403,1.0447656,1.0725927,1.394643,3.4287462,1.4552395,1.7091378,0.7301616,1.0779387,1.2528176,2.6835992
YOUNG-ESFP Radio,ESFP,0.03469973,-0.33938262,0.08257029,0.12235206,-0.012619938,-0.11879792,0.12119198,-0.15556724,0.2785159,0.041074008,0.601352,-0.006062063,-0.17693675,-0.21053763,-0.3699401,0.054486305,-0.16214094,-0.27084655,-0.23975186,0.03917634,0.004147225,0.27583858,0.16875425,-0.12201954,0.17854255,0.07924139,0.040295053,0.1832308,0.025385223,0.060585853,-0.11737217,-0.1308783,0.32366925,0.5503875,0.43725336,0.4905981,0.38094154,0.54137796,0.30375063,0.50909394,0.41316134,0.5401576,0.56861156,0.58920836,0.5705905,0.49851283,0.7463948,0.50971586,0.62381595,0.5390719,0.4039527,0.5700335,0.31816164,0.3266275,0.57223445,0.6574627,0.51883185,0.5839763,0.49823505,0.46555302,0.4373907,0.5091466,0.294042,0.5914875,-0.68133754,-1.580008,-1.5274408,-0.97559667,-0.667081,-1.7200801,-0.49182665,-1.1465377,-0.70694447,-1.4965011,-0.47623357,-1.6883954,-1.5561244,-2.1490333,-2.2212293,-0.90315485,-1.2353098,-1.3035002,-1.0957239,-0.7354877,-0.68180734,-0.5891067,-1.4226569,-1.7387215,-0.93567944,-1.1171148,-1.0707469,-0.5348707,-1.1094565,-1.2302294,-0.72696614,-1.2224193,0.7259638,0.79528487,0.92466664,1.5546789,1.010897,0.91888654,1.2307831,1.2491049,1.7256773,1.1941226,1.9104414,1.5838084,1.0557207,0.7977824,0.6666249,0.9686102,0.89238626,0.94213843,0.7534242,1.5532857,0.8743247,0.9633186,1.525401,1.0552487,1.9849857,1.2613773,1.3731513,1.1613955,0.7837878,1.2237623,0.6856338,1.4717172
ESFP Kpop Song,ESFP,-0.3217555,-0.6109654,0.037922155,-0.102233775,0.03561471,-0.36132178,0.81060314,-0.5250552,0.3656236,-0.11728175,-0.15209973,0.046134967,-0.7795939,0.090564296,-0.6030942,0.27041668,-0.4204366,0.36637565,-0.077555954,0.2098138,0.61006224,0.15843965,-0.42300424,-0.27259243,0.7832702,0.788867,0.60736775,-0.0006698214,-0.16705583,0.07705472,-0.3793299,0.25604787,0.30112147,0.52090627,0.4516349,0.40262112,0.29886642,0.5434394,0.29997978,0.3254076,0.23969167,0.58066267,0.3841399,0.58091784,0.44508657,0.39311796,0.5978172,0.42555326,0.4522845,0.38182056,0.46261245,0.4041011,0.34796387,0.21506494,0.58099455,0.684868,0.43453196,0.4923169,0.3794744,0.36541033,0.37978527,0.42963254,0.2533392,0.5850135,-1.1116797,-2.082368,-1.6835172,-1.2794789,-0.89423037,-1.9427855,0.08094242,-1.2272029,-0.13004622,-2.3891666,-1.04261,-1.5805607,-2.2557793,-1.1137823,-2.5262797,-0.66320515,-1.3788733,-0.7488925,-1.748367,-0.59653354,-0.4061327,-0.4375506,-1.9375623,-2.1086133,-0.13903849,-0.40214956,-0.38046977,-0.6021236,-1.1461817,-1.158245,-0.9128234,-1.3518653,0.28043088,0.96463084,0.79693943,0.82657117,0.82539755,1.411057,1.3465829,0.47206408,1.1528497,1.2101451,1.0384816,1.5435085,0.27753493,0.7634297,0.12156543,1.5380125,0.79535884,1.1900872,1.090076,2.0906138,1.2314302,0.7639377,0.67525107,0.94584674,2.1005259,1.8703833,1.7568685,1.0465447,0.5903612,0.8572949,0.36064067,1.7386258
ESFP CJKpop 2 Chill 2,ESFP,0.02771658,-0.34402344,-0.016194858,-0.095689535,-0.13251868,0.10104241,0.24641302,-0.2078651,0.27463162,0.502761,0.3078716,0.1433969,-0.18917976,-0.16084507,-0.4120093,0.10456952,-0.36295488,-0.4695233,-0.29374883,-0.3477237,-0.024722617,0.18071896,-0.11011047,-0.25808904,0.359167,0.35062492,-0.033495538,0.21750957,0.20738146,-0.070199,-0.3833259,-0.43969598,0.3079605,0.46203014,0.34070435,0.35008356,0.43472964,0.48669592,0.41175678,0.45827672,0.25806853,0.5606552,0.48442864,0.36011523,0.53440565,0.45935506,0.37418762,0.43441558,0.46801978,0.77377784,0.30052042,0.40609223,0.4456998,0.21476746,0.60127413,0.45741716,0.39715543,0.7104605,0.43475097,0.3777535,0.5060672,0.4307682,0.33266634,0.6968697,-0.87146455,-1.5251625,-1.338201,-1.1708263,-1.17055,-0.849795,-0.5732516,-1.2598433,-0.32684118,-0.5326276,-0.98709774,-0.69109267,-1.0910003,-1.5959888,-1.5871947,-0.9914396,-1.5009729,-2.0536501,-1.1297596,-1.1156267,-0.8131661,-0.18902344,-1.3202084,-1.6463951,-1.0597506,-1.3341013,-0.9998864,-0.66505855,-1.4531099,-0.7551353,-1.1902078,-1.60911,0.54481065,0.66575515,0.749544,0.9713628,0.8387596,1.3026559,1.3350517,1.1585128,0.8291191,1.7184256,1.3408921,0.90294904,1.009504,0.51738477,0.39038694,1.3235132,0.92384,1.1835334,0.46312052,1.2155795,1.1657044,0.68435395,1.1956756,0.9738119,1.1108773,1.7627575,0.9143857,1.239997,1.0171599,1.0230877,0.48343894,1.5984507
ESFP core💛,ESFP,-0.13195156,-0.65045303,0.11634668,-0.007249447,-0.03248088,-0.30452672,0.54532987,-0.54408133,0.27431554,-0.021129915,0.05091947,-0.014993085,-0.65610796,0.11875964,-0.2679514,0.17708294,-0.49223173,0.19018577,-0.10996003,0.045864243,0.4290224,0.25794095,-0.13920453,-0.07692204,0.43467316,0.56593114,0.25636297,-0.011168213,-0.082432106,0.052467134,-0.25207445,0.10850272,0.33377013,0.35617426,0.33289713,0.36985248,0.33145162,0.50110316,0.39952356,0.25984874,0.2635744,0.4031555,0.39807734,0.54295987,0.48491478,0.27085042,0.34322733,0.38539052,0.3915584,0.39441314,0.30767587,0.2927531,0.32227358,0.1690656,0.46576074,0.4047725,0.41648167,0.529269,0.35908422,0.29775828,0.38398314,0.3767224,0.26207867,0.4534136,-0.8457058,-1.5527499,-0.77560294,-1.1383085,-1.1805942,-1.8055844,-0.7555043,-1.1345683,-0.47226456,-0.72307444,-0.7263898,-1.4377086,-1.8341558,-0.58685666,-1.655128,-0.5943368,-1.2953404,-0.92073214,-0.75748473,-0.6186513,-0.41745278,-0.1879274,-1.6847639,-1.4798751,-0.73738974,-0.92895234,-0.5487563,-0.4731836,-1.2262238,-0.8906727,-0.8415079,-1.0336399,0.7121967,0.35956863,0.8329455,0.93197787,0.57911235,0.92290056,1.4460983,0.063883394,0.7996764,1.2965798,1.0907874,1.3002352,1.3207219,0.6885448,0.42943242,1.2199416,0.4037072,1.176381,0.67218864,0.64570695,1.1668123,0.69321996,0.84938127,0.6669022,1.5229666,1.8561586,0.90195113,0.87238574,0.54227024,1.0089362,0.6254531,1.3952317
relaxing of a ESTJ,ESTJ,-0.19988586,-0.58093476,0.102756225,-0.09070896,-0.0853529,-0.19216023,0.4967573,-0.5208738,0.26552895,0.10256974,0.10286762,0.18972667,-0.5170063,0.084077366,-0.45204186,0.2784027,-0.46753022,0.19528916,-0.15685724,0.015797254,0.3684978,0.18701738,-0.29042405,-0.14870526,0.5260024,0.61705166,0.3144002,0.07054038,-0.122844465,0.07728445,-0.30880192,0.086906366,0.37126824,0.5074823,0.3142412,0.4077975,0.3280093,0.4906653,0.3864293,0.36318558,0.22951499,0.46716657,0.4388331,0.45642424,0.5085972,0.3915866,0.4643694,0.45362663,0.47158265,0.53065443,0.29108125,0.3385892,0.3781746,0.20701925,0.55813324,0.46965322,0.42724332,0.6136458,0.39246804,0.39236158,0.49577987,0.39953002,0.21872033,0.5793263,-0.9215412,-1.7043443,-0.6054677,-1.4025478,-0.91607916,-1.5212976,-0.6908058,-1.2249508,-0.3577012,-0.6438225,-0.8877867,-0.78910863,-1.4435282,-1.0714223,-1.581076,-1.2282032,-1.2766162,-1.0926715,-0.89084953,-0.9309006,-0.5878208,-0.44671613,-1.7437171,-1.5716249,-0.79044455,-1.572495,-0.61484087,-0.9115524,-1.497077,-1.0726703,-0.80488545,-1.3079926,0.63800675,0.9079557,0.83089215,0.65698004,0.82782733,1.1685864,1.3838725,0.56746894,0.8231962,1.3600739,1.3488029,1.4178072,1.3244878,0.8416865,0.46061823,1.2642787,0.8232655,1.2412397,0.44904113,0.6576929,1.3251576,0.5787808,1.425827,0.82232964,1.2475466,1.9321439,1.0705377,1.2951604,0.9861345,1.268217,0.12895948,2.079121
ESTJ songs,ESTJ,-0.16128446,-0.55818766,0.06828944,-0.04094098,-0.12096941,-0.12278449,0.39837304,-0.44192696,0.24079297,0.019855613,0.2205369,-0.044260636,-0.46162513,0.023360215,-0.24330862,0.1339137,-0.41700372,-0.047220793,-0.21012047,0.0047157393,0.26056826,0.3054434,-0.011034077,-0.050237373,0.3491483,0.4839351,0.1078867,0.047684427,-0.018248491,0.044949893,-0.19857462,0.016723948,0.34281984,0.5332637,0.40222675,0.38088387,0.40339464,0.62459654,0.45246392,0.38991487,0.2851481,0.54259795,0.561598,0.5810453,0.6026408,0.35986,0.40516138,0.39356235,0.5129544,0.6639985,0.43081114,0.43736315,0.48738226,0.22502317,0.65697825,0.46390966,0.448502,0.71333575,0.5551201,0.36050165,0.4209173,0.42062798,0.31254822,0.63529766,-1.0380156,-1.3634565,-1.6998706,-0.9967927,-1.1441127,-1.5375453,-0.77635336,-1.3451738,-0.49703383,-0.6830046,-0.84620756,-1.6262208,-1.60909,-1.1324561,-1.8243695,-1.1706116,-1.5692704,-1.9620925,-1.6890806,-0.9274992,-1.0239131,-0.13073678,-1.6511618,-1.2906883,-0.70672226,-0.8230875,-1.3704848,-0.6896483,-1.191286,-1.2698333,-0.8590404,-1.6380992,0.56705505,0.49563214,0.8787559,0.70917,0.8162697,1.7152443,1.2874877,0.9026753,0.7388409,1.4556359,1.5553871,1.0554302,1.2068385,0.7527811,0.7414302,1.0103897,0.7954185,0.96575236,0.75064707,0.82330596,1.366377,1.0576712,1.3144149,0.67032695,1.043095,1.6829565,1.4807812,1.1056484,0.98381597,0.9269104,0.45777634,1.8801231
ESTJ,ESTJ,-0.14468257,-0.53976494,0.016338848,-0.0037176248,-0.06270976,-0.12895791,0.4290348,-0.40093508,0.30912945,-0.0924389,0.08517316,-0.020616665,-0.43084654,-0.0073153917,-0.4135202,0.23824058,-0.31702635,0.021891749,-0.26997915,0.1045323,0.33183467,0.24738412,-0.17063004,-0.05064781,0.44458398,0.48164627,0.26712137,0.11563117,-0.093613036,-0.019703347,-0.20185332,0.1270206,0.31688416,0.6154613,0.4741639,0.43600503,0.39263707,0.5871965,0.47176126,0.44034517,0.33422133,0.7496655,0.5847575,0.5517866,0.5264105,0.45576838,0.4826423,0.5831135,0.5367346,0.5661326,0.5160328,0.6061132,0.3927456,0.2005569,0.6376868,0.6246349,0.46516192,0.60835516,0.4445552,0.38459092,0.40009195,0.5121552,0.34107706,0.7312426,-0.82410836,-1.5646993,-1.1488414,-1.1288563,-1.0663698,-1.4934334,-0.5985031,-1.111541,-0.46554312,-2.2920737,-1.0107889,-1.4585472,-1.4285291,-1.3035198,-1.7344098,-0.9573043,-1.1038594,-1.659613,-2.0004013,-1.0866009,-0.7127256,-0.19807579,-1.5670196,-1.8375102,-0.46043846,-1.1441612,-0.5453451,-0.49618623,-0.9464641,-1.0390229,-0.84848094,-1.4398948,0.513306,1.7965237,0.790221,1.2670338,1.0694712,1.3440044,1.5679845,0.80846435,1.4139754,1.2400856,1.816577,0.96009356,0.66109484,0.58484656,0.2897335,2.1752307,1.2114466,0.88112605,1.0054893,1.9829885,1.0553658,0.7195614,1.5503478,1.2249793,1.5068395,1.9189433,1.9570827,1.4261003,0.9332881,1.0622094,0.74989533,2.3612478
estj(1),ESTJ,-0.107078105,-0.46868533,0.059025865,-0.05298003,0.025823884,-0.1663118,0.46641728,-0.36094302,0.3371515,0.092425816,0.26688516,0.015647002,-0.38871104,-0.022863764,-0.44896138,0.15938123,-0.30112118,-0.010288154,-0.16525519,-0.02804994,0.2147133,0.21573673,-0.088387646,-0.20777728,0.44297028,0.36401206,0.26877767,0.12705486,-0.047033045,0.011724419,-0.3046183,-0.061912484,0.43502238,0.56571263,0.43991563,0.45870805,0.4152693,0.59759974,0.39004716,0.4163288,0.39235514,0.5793184,0.5838341,0.6125524,0.5898677,0.3791557,0.5398457,0.44965962,0.53822994,0.60237604,0.432381,0.50753224,0.4026549,0.23303232,0.57486576,0.5945898,0.54089123,0.70140415,0.53838223,0.38811615,0.42274413,0.4574028,0.31320152,0.6570845,-1.3783389,-1.7833753,-1.679623,-1.4913208,-1.1903142,-2.3463237,-0.701914,-1.143544,-0.81753564,-1.633439,-0.8877867,-2.070038,-2.2530587,-1.1616021,-2.1715305,-1.180012,-1.316894,-1.9141163,-1.6391001,-0.9836025,-0.7756987,-0.36451915,-1.4523703,-2.8188581,-1.4706873,-1.51479,-2.1916625,-0.8643778,-1.5172989,-1.5514982,-1.1513013,-1.5232346,0.8640022,1.3714596,1.050275,1.55432,1.4667963,1.7474809,1.2240707,0.86637473,2.161491,1.3238802,2.5818813,1.3938196,0.94967365,0.77229685,0.5977849,1.3638439,1.6432304,1.0240736,1.4951937,1.7766271,1.5153261,1.1294267,2.2354455,0.82232964,1.8091705,1.8578199,1.9441622,1.1735923,0.9894555,1.2384477,1.0552989,2.1681318
ESTJ(2),ESTJ,-0.07036181,-0.3091915,0.061517637,-0.18917848,0.25739557,-0.31370655,0.63881034,-0.2014266,0.40946844,0.05722755,0.28605124,-0.05490424,-0.47784442,-0.16586791,-0.45539737,-0.0507916,-0.24428122,-0.057982452,-0.072382554,-0.16255488,0.20855536,0.1889193,0.031490084,-0.22869733,0.5043255,0.06414613,0.48224905,0.050715473,0.028795872,0.1735646,-0.43802547,-0.131833,0.4253141,0.55434245,0.4382865,0.4413705,0.32432207,0.5745163,0.36188644,0.37891647,0.29554185,0.49978113,0.46800503,0.45736977,0.48585847,0.4537183,0.7022187,0.47710967,0.50577456,0.43223265,0.37681836,0.41730455,0.35258678,0.17094995,0.5506406,0.73818576,0.44248748,0.6717967,0.4688831,0.5065191,0.4275654,0.52699053,0.28916964,0.5803894,-0.8549443,-1.2674417,-1.3946893,-1.1941434,-0.53705597,-1.3853644,-0.012041384,-0.83132255,-0.091208346,-0.65475094,-0.5160562,-1.0473377,-1.6239047,-0.90349406,-1.7534857,-1.1677847,-1.1642834,-1.014246,-1.1443353,-0.75411445,-0.41160023,-0.18639015,-1.5991105,-1.7914611,-0.28298396,-1.2949991,-0.6011586,-0.9433369,-0.6754312,-1.1857841,-0.9383554,-1.4856894,0.5122195,0.9991951,0.8241791,0.46570006,0.7228651,1.5345231,1.6212313,0.4967966,0.9955856,1.1328171,1.4730427,0.6634824,0.498458,0.54698914,0.48926142,1.3667053,0.8244736,0.60582006,0.59117603,1.1835938,0.7712864,0.62611806,1.0020041,0.58792394,1.5242077,1.4712166,1.5129379,1.0398929,0.8415781,1.2256885,0.2763312,0.8742259
ESTJ Radio,ESTJ,-0.16601717,-0.40153077,-0.28504065,-0.20524043,-0.25381985,0.26225087,0.18301183,-0.16597791,0.22377315,0.49838138,0.14163765,-0.07498008,-0.33386132,-0.24989189,-0.43807575,0.23932885,-0.27712056,-0.39373425,-0.14443243,-0.177519,-0.16261655,0.24304833,-0.3541679,-0.5035221,0.5108482,0.74183464,-0.00077905,0.31342387,0.25774717,-0.2321053,-0.21453172,-0.6261948,0.3462104,0.46214825,0.38974905,0.43707177,0.42288965,0.5110646,0.28386453,0.38054666,0.28869405,0.48007083,0.5743923,0.47129896,0.4934446,0.35720932,0.37103102,0.39348602,0.40265146,0.54547983,0.37118652,0.4619704,0.31989035,0.22671065,0.5778634,0.346243,0.44265524,0.713974,0.3518091,0.31660974,0.32572642,0.36399698,0.30601096,0.5218828,-1.004491,-1.4305501,-1.5850536,-1.0057867,-0.9435598,-1.0263357,-0.45199955,-1.1522616,-0.19042481,-1.2583213,-0.70371705,-1.1858392,-1.2361867,-1.0844198,-1.4747326,-0.5647441,-1.109655,-1.7343861,-1.4039052,-1.1706833,-0.80261344,-0.23469025,-1.2182488,-1.1447634,-0.5647329,-1.4874624,-0.7932936,-0.51490635,-0.40601504,-0.9828739,-1.0560483,-1.6411929,0.43573156,0.5068468,0.23216999,0.9179053,0.904688,1.1925633,0.8015166,0.59407693,1.371381,1.3624592,1.6316786,0.85444933,0.92874634,0.45583883,0.2753126,0.9983884,0.6042566,0.6108092,0.598154,1.6636925,0.66460127,0.699426,1.553782,0.26264343,2.0294838,2.214442,0.68351346,0.89699084,0.8147875,0.8244383,0.44055942,0.75844306
estj anthems ,ESTJ,-0.21255584,-0.6843644,0.10906491,0.045272693,-0.11719129,-0.23081975,0.45631227,-0.6006513,0.22426711,-0.15816692,0.07119033,0.051939152,-0.5701635,0.105770215,-0.34371975,0.28951934,-0.49431342,0.22830488,-0.2091927,0.18618137,0.47281167,0.30638742,-0.20658663,0.0063063884,0.40143836,0.64979213,0.2940191,-0.0027072139,-0.19650139,0.040759955,-0.18274613,0.30218017,0.45050994,0.5481509,0.44143593,0.46537304,0.4270522,0.53059345,0.45839465,0.4192872,0.37782443,0.5163743,0.50540257,0.6395129,0.5611885,0.39286858,0.43906528,0.50406146,0.50159377,0.5047487,0.41381875,0.46528214,0.31106398,0.24286911,0.5265435,0.5311877,0.553235,0.6449235,0.45276,0.3048047,0.50183624,0.38504234,0.27432758,0.5556944,-1.3436912,-1.8061535,-1.0518823,-1.3596194,-1.1843499,-1.817287,-0.8159567,-1.3244514,-0.6881845,-2.2920737,-0.99275506,-2.18796,-1.9036305,-1.0184361,-1.9454738,-0.8184963,-1.4353845,-1.0589223,-1.4560993,-0.7322381,-0.41641632,-0.46258584,-1.6250303,-1.7104285,-1.6754506,-0.9739649,-0.88360137,-0.54819405,-1.9955525,-0.83662003,-0.82561743,-1.3406453,0.5890618,1.2304066,1.1840428,1.2449166,1.3755628,1.1076272,1.5679845,0.6849301,1.4278405,1.1594533,1.4692062,1.6141143,0.97462374,0.63135695,0.5239236,1.9305067,1.0928901,1.6329535,0.86512685,1.7003443,1.129589,0.9841641,1.116063,1.1049489,1.5637708,2.0133626,1.6132727,1.0781425,0.70085603,1.0622094,0.768718,1.6133778
ESTJ-Me,ESTJ,-0.06286844,-0.3157821,-0.027282448,-0.14583655,-0.013125518,0.035135385,0.2744254,-0.20629524,0.36780018,0.46907306,0.4592541,0.14604983,-0.064062655,-0.08066378,-0.45388612,0.0758351,-0.22049227,-0.37367523,-0.22278416,-0.22977571,-0.06277702,0.11931158,0.065464936,-0.2972097,0.37387827,0.14734271,0.019991284,0.24131304,0.14747502,-0.06869681,-0.38723636,-0.44582072,0.38341695,0.41906193,0.3078679,0.4448174,0.3915015,0.5416246,0.39703575,0.37608898,0.25875953,0.47871727,0.5619408,0.43921828,0.63759196,0.31458482,0.57848656,0.46492386,0.49394894,0.6400213,0.34787503,0.37496212,0.3922961,0.22404458,0.67428476,0.51352805,0.4156272,0.66956896,0.50358146,0.44807765,0.42143768,0.44871292,0.31961346,0.5003869,-0.9357294,-0.9605691,-0.7669323,-1.0365543,-1.0824822,-1.1559601,-0.42307323,-0.96669656,-0.44091985,-0.34222612,-0.6584177,-0.70715296,-1.2904178,-1.0714223,-1.7552922,-0.82800025,-1.3030105,-1.6911017,-1.0499558,-0.9454921,-0.7777919,-0.27083892,-1.703255,-1.5716249,-0.35365573,-1.2003325,-0.9697523,-0.490172,-1.1400152,-0.95115167,-1.0544062,-1.3330024,0.75850224,0.9079557,0.51878345,0.84389174,0.8152269,1.1685864,1.0748794,0.6848733,0.85356915,1.4072251,1.551508,1.1204107,1.3515112,0.45697916,0.6520595,1.3345402,0.7889354,0.66719824,0.44904113,0.5231602,0.63754827,0.6550839,1.706284,0.6400766,1.3540785,1.3832818,1.0705377,1.1952051,0.83666235,0.83595383,0.64622754,0.6206808
"I'm an ESTJ, maybe...",ESTJ,-0.0634659,-0.22255635,0.51452607,0.1561525,-0.19599974,-0.44327903,0.41571513,-0.51440114,0.08995769,-0.21512224,0.27470598,0.33847418,-0.44783497,-0.01583922,-0.4232985,0.2803853,-0.2200387,0.23698969,-0.084242016,0.16621636,0.59444535,0.3076257,-0.28430155,0.09399595,0.23503311,0.6160596,0.6071148,0.047910605,-0.38376942,0.3422036,-0.05904995,0.6329023,0.35042638,0.7776672,0.48944813,0.38194287,0.3572782,0.4778534,0.40390882,0.4323614,0.38899323,0.4293886,0.46926877,0.57732385,0.5539744,0.4549465,0.45374054,0.4219347,0.59371364,0.5588318,0.40928867,0.48739645,0.42639098,0.19143349,0.67633665,0.7306814,0.5678715,0.7007127,0.69326884,0.37273875,0.61343473,0.4432832,0.35145617,0.68822616,-0.71400625,-1.366224,-0.6536548,-0.29366702,-0.904557,-1.4699689,-0.14907765,-1.1655586,-0.6022916,-0.9716675,-0.89317155,-0.8155806,-1.1233429,-1.0714223,-1.5143801,-0.46549296,-1.1171846,-1.1576278,-0.8840038,-0.79704714,-0.5878208,-0.078261994,-1.703255,-2.0425649,-0.9950035,-0.6172552,-1.2515198,-0.5783169,-1.5504392,-0.5742471,-0.6355702,-1.0338956,0.47541672,1.9621817,1.3472378,1.4805903,0.43696982,0.5176133,1.2893891,0.6773328,0.75997174,0.84861714,1.0263996,1.377761,1.0888557,0.57665473,0.19501606,1.2687597,1.3302724,1.3213936,1.1482399,1.7502284,1.3014934,0.7246592,0.7038203,1.3746234,1.2720195,1.7716843,2.277162,0.94706357,0.715036,1.6734974,0.9458368,1.6779721
Pov; Estj ,ESTJ,-0.05778777,-0.34192792,-0.431384,0.03913039,-0.10095602,0.44445205,0.08055538,0.08689077,0.42766565,0.34979507,0.40722644,-0.17591682,0.13725664,-0.38432372,-0.37905544,0.18141285,-0.14910944,-0.87203276,-0.6316863,0.113431215,-0.22074662,0.22350389,0.21202916,-0.2705688,0.402957,0.18260139,-0.371686,0.27222863,0.24649903,-0.21057983,-0.15133789,-0.44147465,0.41239974,0.56680197,0.54121053,0.6523683,0.51137817,0.65603596,0.44819015,0.5387896,0.3892075,0.8087013,0.6388348,0.51853436,0.62458473,0.4766113,0.54103774,0.5134098,0.54449093,0.78048736,0.45911372,0.7918522,0.44715133,0.2751408,0.7154236,0.51273715,0.48439687,0.6639389,0.6204495,0.4666894,0.39214426,0.5641352,0.4410052,0.71105015,-1.1596975,-1.836648,-1.7794149,-1.1806217,-1.287268,-1.5023475,-1.0476447,-1.309444,-0.6737272,-2.2154198,-0.8666946,-2.1935213,-1.5824261,-1.7527565,-1.8751314,-1.1823989,-1.2492185,-2.9221175,-1.711255,-1.2225161,-1.2114774,-0.4560045,-1.6297499,-1.3535826,-0.7594825,-1.643129,-2.1916625,-0.81841576,-0.7353546,-1.5504293,-1.1675034,-2.1092842,0.8839912,1.6709169,0.81687707,1.9187328,1.0968224,2.0532696,1.5942565,1.5280875,1.6612706,1.8547369,2.5818813,1.019392,1.9734113,0.8520925,0.6520595,1.7516587,1.1467749,0.7382757,0.78004646,2.2135725,0.792607,1.1294267,2.2354455,0.7899676,1.7719065,1.7854229,1.3583542,1.506197,1.2421839,1.2848499,1.4147367,1.6928256
– ESTJ • the executive,ESTJ,-0.0704614,-0.35476556,0.068688884,0.009077151,-0.12331689,-0.07904881,0.28474715,-0.3248668,0.2571333,0.10938376,0.24362479,0.097886406,-0.24222805,-0.09839747,-0.3905136,0.18058617,-0.29597345,-0.16211937,-0.25809306,-0.013098356,0.17186129,0.2484331,-0.16864602,-0.09723794,0.33924758,0.45988443,0.20183873,0.09754823,-0.04852524,0.040921446,-0.24145955,0.014254827,0.40452313,0.61507714,0.48604384,0.46124354,0.51740426,0.59188104,0.4647327,0.4845865,0.44648916,0.6370183,0.5464162,0.6611685,0.6196913,0.43241686,0.5463012,0.53182673,0.5407166,0.6986754,0.4274444,0.52362686,0.45339364,0.2661822,0.6469381,0.5908153,0.50194967,0.75142896,0.55797917,0.39319816,0.49713627,0.47226322,0.36814758,0.7220573,-0.8807066,-1.6975056,-1.1797754,-1.1288563,-1.6961538,-2.2357264,-0.5985031,-1.2444339,-0.99008656,-2.0570555,-1.0406194,-2.0606008,-1.9595735,-1.8295249,-2.3777266,-1.311408,-1.4612128,-1.9965519,-1.6026378,-1.1125752,-0.843804,-0.44169244,-2.1846008,-1.5358219,-0.8463752,-1.7914753,-0.86763936,-0.77622485,-1.2767386,-1.0390229,-1.3144529,-1.6380992,0.9451205,1.0333031,1.6955801,1.4548336,1.2783042,1.2268788,1.4166179,1.4874588,1.952252,1.4305204,1.5553871,1.6897095,1.2214634,0.80062366,0.39411265,1.3632109,1.0432125,1.038562,0.9074641,1.6339154,1.1372174,0.79803884,1.534972,1.2023295,1.6752245,2.3069913,1.8823541,1.1197094,1.1439841,1.5244921,0.7686831,2.3569734
Estj 🤔- Executive,ESTJ,-0.01828158,-0.27666163,0.0070811347,-0.053350613,0.1859266,-0.12932317,0.5148613,-0.2161455,0.4182221,-0.07514576,0.19638672,-0.22270449,-0.25925988,-0.15794864,-0.27283156,-0.020684352,-0.1982156,-0.21408316,-0.28986853,-0.053787634,0.19294102,0.2420919,0.1204313,-0.05249805,0.3975848,0.069257915,0.31615624,0.015664287,0.046628945,0.15612961,-0.38297564,0.052624427,0.40446296,0.57506675,0.499097,0.4518768,0.4442225,0.64900285,0.5128229,0.44857037,0.46251813,0.66663677,0.5182762,0.5996983,0.6624315,0.43433896,0.56305325,0.54446065,0.596753,0.54765874,0.4754405,0.66427445,0.42851683,0.26608413,0.58301246,0.58082837,0.6181134,0.6491812,0.5409025,0.38464034,0.46211427,0.46402526,0.32855567,0.66029215,-0.82955116,-1.2406261,-1.396311,-0.9623123,-0.5516287,-2.03227,-0.5743626,-1.1897533,-0.6886283,-2.2025921,-0.7728971,-2.382809,-1.5394781,-1.212191,-2.2352831,-1.3603562,-1.1347373,-1.8428265,-1.559489,-1.0456284,-0.9248956,-0.5855628,-1.5235934,-1.7018203,-1.2513391,-1.3833735,-1.079872,-0.7249764,-1.4981643,-1.3054266,-1.3633178,-1.2303789,0.7986132,1.1853039,0.8832656,1.321396,1.8404577,1.9552327,1.6973845,1.1224298,1.6983509,1.1105299,1.6192666,1.144153,1.7955533,0.70238894,0.5361199,1.5712907,1.5614066,0.89784265,0.9061859,1.7990793,1.1378522,0.9096534,1.7384475,0.83974123,2.1320949,1.4016634,1.6291455,1.1539309,1.1827842,1.2117084,0.7193882,1.9440061
雍正 ESTJ - Chinese Version Radio,ESTJ,-0.15860139,-0.57098067,-0.014292691,-0.2905722,-0.18503982,0.14010534,0.16935886,-0.26504475,0.20025028,0.46612087,0.7408012,-0.039233178,-0.1819574,-0.017510198,-0.39982185,0.19353384,-0.15920545,-0.23917226,-0.22396372,-0.26947993,-0.16249266,0.24793085,0.28134948,-0.31755674,0.19159338,0.1952463,-0.21656007,0.45345047,0.06254784,-0.24717039,-0.034490723,-0.5931652,0.32515803,0.39568532,0.21971712,0.39571843,0.32817882,0.5103491,0.35070047,0.3297591,0.19909985,0.38762486,0.4491415,0.5245949,0.4743052,0.3260506,0.43561062,0.37268025,0.45355844,0.50103307,0.3564875,0.25677064,0.2878627,0.2520019,0.59662956,0.4568044,0.3606762,0.6236888,0.49409106,0.30470294,0.39339286,0.33272055,0.28823107,0.433484,-1.1272833,-1.3824872,-0.48456687,-1.1366234,-0.8395735,-1.499695,-0.56201714,-1.0498363,-0.3669902,-0.7961367,-0.2117572,-2.208491,-1.3862439,-0.81600076,-1.3546997,-0.7629747,-1.3700434,-1.5495399,-0.96431506,-0.96554124,-0.7032332,-0.2581376,-0.8214573,-1.6864285,-1.0563685,-1.1318055,-1.2000724,-0.228579,-0.89727736,-0.93362,-0.71844435,-1.5969907,0.2701038,0.35265058,0.49474996,0.44887885,0.62328535,1.0826566,0.9775321,0.3428651,0.5857433,1.3070185,1.7636945,0.9596851,0.94192296,0.7273177,0.7048699,0.8297116,0.6966011,0.85168326,0.903684,0.3200379,0.53793913,1.0013726,1.737474,0.47911197,0.8309466,1.4834285,0.80762225,1.148084,0.8103074,0.56201833,0.84191424,0.45169583
estj 💗,ESTJ,-0.020562768,-0.51818156,-0.07053885,-0.03813688,-0.06074972,0.008767339,0.29586962,-0.23509501,0.33313617,0.3407371,0.372969,-0.079107955,-0.26326632,-0.068699546,-0.28894,0.08149576,-0.29127187,-0.4108056,-0.29493234,-0.11136926,-0.014123627,0.2930028,0.14240636,-0.18013161,0.33783397,0.31077045,-0.11512399,0.22322634,0.17396986,-0.10958055,-0.24449268,-0.32219535,0.41721705,0.43793976,0.3565509,0.5948358,0.54494905,0.7060039,0.49698454,0.43088585,0.38952506,0.65207803,0.49351472,0.48663715,0.5849184,0.3546479,0.43205374,0.42258146,0.53182983,0.6696369,0.40720177,0.5395356,0.4250795,0.23085505,0.6078289,0.50216323,0.47824016,0.79191387,0.48515368,0.46575174,0.36128426,0.48075372,0.4404702,0.64149815,-0.92658126,-1.2671579,-0.9406474,-1.2241484,-1.0724531,-1.817287,-0.52610373,-1.1158917,-0.3674302,-1.1633935,-0.6664249,-1.6049025,-1.9036305,-0.7861957,-1.5530093,-0.8184963,-1.2492185,-2.3109365,-1.2332702,-1.1310207,-0.9331406,-0.2712673,-1.20285,-1.1777999,-0.6208072,-1.0550219,-1.0770097,-0.69716364,-0.5683776,-0.8699677,-1.1675034,-1.8277766,0.6742509,0.693909,0.44547597,1.4044993,1.0878205,1.1816624,1.5383714,0.8182044,1.3185973,1.6713043,1.4246323,0.89533544,0.87067336,0.5522866,0.3741868,0.8555333,0.72470915,0.5335805,0.747962,1.4941112,1.0157319,0.8044703,1.3320968,0.70875,1.5245689,2.0133626,0.9811679,1.0497974,1.0234318,0.8449959,0.64622754,1.0162919
£ ESTJ 3w4,ESTJ,-0.20307869,-0.35873187,0.044938263,-0.115944974,-0.10125427,-0.05784469,0.44180343,-0.38589928,0.2022427,-0.022314452,0.099695966,-0.018106662,-0.3864317,-0.1212004,-0.37095532,0.2580713,-0.33757046,0.05135522,-0.2035763,0.06294305,0.28188485,0.29491812,-0.25482208,-0.13775168,0.41982695,0.5736753,0.34613803,0.07087385,-0.13427836,0.10061788,-0.20068441,0.13768981,0.40963626,0.5863718,0.61230767,0.31772774,0.48584247,0.5783751,0.35150567,0.52514505,0.36067548,0.42166948,0.4692827,0.60627043,0.45698917,0.507929,0.47948638,0.4858126,0.5859846,0.54309547,0.42922485,0.50705487,0.4421772,0.21233562,0.6332806,0.68863803,0.46866345,0.83619696,0.54712474,0.37618855,0.5284118,0.49319306,0.37346885,0.7738286,-0.90552145,-1.3053935,-1.4750966,-1.0512426,-1.3545024,-1.2023911,-0.2605244,-1.2431364,-0.40864635,-0.6868617,-0.6108057,-1.1622279,-1.2774205,-1.4102027,-1.722534,-0.6494292,-1.1807244,-1.1292413,-1.0563391,-0.7321674,-0.49444875,-0.23271057,-1.8505832,-1.717306,-0.88068694,-0.6644788,-1.1065814,-0.68374264,-1.5063124,-0.78223825,-0.9083519,-1.2788703,0.45861718,0.7967009,0.9857539,0.34505,1.2886965,1.3320438,1.1387539,0.91124576,1.1790441,1.0294958,1.0520127,0.8846882,0.6594372,0.71007717,0.4883494,1.2897987,1.421624,0.982977,0.91010994,1.2855622,1.3040451,0.6673105,0.65447706,0.89122814,1.1048814,2.2319953,1.0519881,0.8678245,0.6746926,1.5221659,1.0796747,1.8972007
INFP의 뒤척이는 밤,ESTJ,-0.07796291,-0.29619977,-0.13876629,-0.07094346,-0.2619848,0.21533191,0.1390151,-0.1473578,0.2501785,0.39280367,0.20769116,0.25739473,-0.11116651,-0.18300092,-0.55640316,0.35219032,-0.20580041,-0.35523322,-0.3144049,0.010037487,0.003543253,0.16218156,-0.4053482,-0.28095633,0.49030092,0.65352964,0.009436429,0.2641222,0.035173208,-0.08092469,-0.2287511,-0.25630587,0.5053127,0.418714,0.47037426,0.69392455,0.34385043,0.3811526,0.44363385,0.481034,0.29417253,0.6485564,0.5138454,0.38532415,0.42082423,0.45364213,0.50781125,0.40530786,0.40548635,0.864142,0.28327248,0.5415597,0.4009575,0.24761243,0.5925382,0.5076851,0.48026037,0.53562367,0.62643176,0.4533183,0.6245624,0.45125285,0.2167049,0.69695127,-1.1918359,-1.0431905,-1.0148154,-1.601539,-0.9693725,-0.47301453,-0.46775013,-0.88683695,-0.16919336,-0.976831,-0.23119406,-0.49512422,-1.010076,-1.1016368,-1.3667862,-0.3585868,-0.9278795,-1.7556375,-1.0362836,-0.83407944,-0.677687,-0.17490517,-1.2735512,-0.8980501,-0.34115815,-0.51791877,-1.0684288,-0.73468256,-1.3450708,-0.96731716,-0.64825875,-1.6646233,0.7114114,0.699374,0.8098959,1.4716507,0.12745729,1.0481341,0.94273853,0.72251827,0.8593929,1.4021568,1.5791067,0.847912,0.7689265,0.5648772,0.21294212,0.9880881,0.5844333,1.2996663,0.1272781,1.3791524,0.81278694,0.83065325,1.0763952,0.92583215,1.3844289,1.4042403,1.1745,1.1446224,0.7293217,0.71594024,0.1290596,1.1164701
estj(3),ESTJ,-0.16371304,-0.55638653,-0.11047239,-0.2629043,-0.04481012,0.0937489,0.480969,-0.25673065,0.33462164,0.23148862,0.24519671,-0.096106306,-0.29379946,-0.07424737,-0.3135365,0.101501025,-0.42753333,-0.265,-0.37113637,-0.15909182,0.06706991,0.26145816,0.045448486,-0.1365245,0.5214336,0.19987331,0.012003062,0.12309257,0.12162284,-0.017124657,-0.29654104,-0.37049544,0.45150405,0.54037094,0.45352152,0.48906142,0.35836297,0.6023384,0.49981633,0.4542323,0.25179833,0.4484344,0.48161826,0.3527569,0.38538703,0.53014165,0.51180434,0.43428457,0.44222948,0.6075518,0.35321468,0.35886383,0.41522628,0.20672725,0.54417783,0.5065995,0.44756752,0.44933113,0.53227836,0.3928047,0.4050956,0.43677962,0.32218403,0.59762084,-1.1941637,-1.6947218,-1.869856,-1.3205137,-0.74554056,-1.1427561,-0.2432193,-1.0614719,-0.060667712,-0.62586087,-0.7742118,-0.5710849,-0.9256727,-1.917332,-1.5704195,-0.7415145,-1.0484326,-1.48501,-1.1368512,-0.7339298,-0.58356804,-0.11081909,-1.0499843,-1.3179735,-0.19693273,-0.6573034,-1.1386842,-0.66463244,-1.1819371,-0.68940026,-0.7258578,-1.2227495,0.7044622,0.62489784,0.5899646,0.52491117,0.55660653,1.7098372,1.51424,1.0564604,0.772305,0.98807824,1.1798563,0.84333897,0.52513397,0.9316335,0.46452868,0.9077402,0.7971083,1.0287428,0.20525156,1.2560875,0.9697689,0.7013281,1.1953336,0.51760846,1.6186707,1.2645763,1.1293774,0.928635,0.7492304,0.7737375,0.27334258,1.385437
ESTJ(4),ESTJ,0.077120595,-0.4463406,-0.018852212,0.12156068,-0.083746254,-0.04042261,0.17244884,-0.22168188,0.37155035,0.23142383,0.42077687,0.032136917,-0.12819281,-0.14567424,-0.2944929,0.032569017,-0.38815463,-0.46783042,-0.37334773,-0.055054907,-0.006569651,0.28274497,0.076870665,-0.076738,0.3008458,0.24429348,-0.113396764,0.08487675,0.16421098,0.00028881236,-0.29521963,-0.24776651,0.40725124,0.5655726,0.4570685,0.5219968,0.45128536,0.5460179,0.41910368,0.50939184,0.38491556,0.6020419,0.5795452,0.5614482,0.5849165,0.4421556,0.60313433,0.5015714,0.54093087,0.68639493,0.3938925,0.6077017,0.4187208,0.27958906,0.6218457,0.55428034,0.5182486,0.68234354,0.55970377,0.401961,0.4004389,0.43133286,0.3763581,0.5981512,-1.2504646,-1.7004415,-1.6135869,-1.2425599,-1.626083,-1.6108347,-0.90987974,-1.1865703,-1.0317316,-2.0476012,-1.0860423,-2.3850164,-1.6878865,-2.1441777,-2.288916,-1.7119706,-1.6197654,-3.084115,-1.5625789,-1.1883076,-1.40057,-0.5475975,-2.0869935,-1.8592929,-1.22044,-1.7672203,-1.767165,-0.8571413,-1.1710577,-1.4948761,-1.3144529,-1.7260885,0.96082747,1.246043,1.2571948,1.9187328,1.4521134,1.5809354,1.3741809,1.4587177,1.6369292,1.6378535,2.0110219,1.6867743,1.6394336,0.85847574,0.80194,1.3134302,1.1886499,0.9365773,0.8386838,1.9288058,0.9980957,0.972873,1.706284,0.91047263,2.0825167,2.0808735,1.3202137,1.5107461,1.39036,1.1599,0.92262924,1.51384
ESTJ(5),ESTJ,-0.18035853,-0.55253977,-0.005654325,-0.000254002,-0.18991816,-0.14977162,0.43459108,-0.62163293,0.1731611,0.06060815,-0.061316203,-0.06335483,-0.5761844,0.06146172,-0.35919434,0.30551448,-0.42935643,0.19523862,-0.14400275,0.01759558,0.3887042,0.32463044,-0.36853313,-0.17358981,0.4083205,0.798144,0.31014925,0.1003974,-0.12704729,-0.13450885,-0.18544719,0.14464654,0.3668272,0.73144513,0.34079197,0.40748546,0.340347,0.39629015,0.4512829,0.39974967,0.24183962,0.37109923,0.3865451,0.35569856,0.4161943,0.40786695,0.38746247,0.34671286,0.5202565,0.4227227,0.3526185,0.34608173,0.3095104,0.229588,0.49738953,0.48731232,0.46570686,0.63435566,0.43771484,0.26204115,0.36877188,0.37292287,0.30237198,0.5341842,-0.82410836,-1.6319914,-0.48121375,-0.842267,-0.8961609,-1.3182164,-0.34647992,-1.1598896,-0.41079485,-0.5664809,-0.809886,-0.62530726,-1.3645065,-0.77115566,-1.6218673,-0.26059288,-1.6311111,-1.0242615,-0.83042806,-0.54020154,-0.46954292,-0.10717452,-1.1506374,-1.6736932,-0.60700583,-0.7021464,-0.68852055,-0.3017166,-0.90171075,-0.90504795,-0.71269906,-1.5067912,0.5136948,0.92945933,0.6672536,0.66026664,0.5050356,0.4240739,1.3149194,0.45649755,0.60915935,1.1273094,0.7895514,0.7504186,0.19937445,0.80062366,0.21387604,1.2747023,0.7411097,0.83858925,0.7213513,0.6601953,0.8920379,0.86424506,0.7914798,0.3705128,1.0348333,1.78951,1.3414724,0.662136,0.58935493,1.0622094,0.4989165,0.8907273
💎Playlist for an ESTJ_ The Executive ,ESTJ,-0.18105276,-0.43625796,0.42963463,0.082459375,-0.37438536,-0.16287339,0.12764663,-0.7000938,-0.00013656843,-0.030823458,0.3380406,0.6186623,-0.23751763,0.19277205,-0.5548547,0.6973027,-0.3037293,0.36976027,-0.21637812,0.2661442,0.56673783,0.24538247,-0.398581,0.16889003,0.14157444,0.8344089,0.37459177,0.12572996,-0.60967374,0.013610577,-0.009508647,0.62183213,0.4823089,0.49667507,0.5006637,0.5862908,0.3152459,0.4330113,0.27294955,0.36132765,0.34533405,0.5355841,0.3518942,0.57831186,0.531494,0.2897441,0.578197,0.5448231,0.4747605,0.573213,0.37891296,0.43148315,0.383803,0.26975903,0.4981819,0.64660674,0.4492511,0.53271204,0.5623994,0.4448491,0.6271189,0.48424742,0.24692956,0.744202,-0.9004929,-1.6917635,-0.8702016,-1.2483032,-0.9218483,-0.9259225,-0.4274454,-1.335297,-0.5005472,-1.1775476,-0.5128712,-0.4021046,-1.1866829,-0.43662202,-1.932963,-0.4666934,-1.2481965,-0.7051966,-1.4773592,-0.2822047,-0.24302733,-0.45417008,-1.6307724,-1.6400412,-0.5827105,-0.3900965,-0.7625578,-0.5249867,-1.8984697,-1.1013141,-0.49008757,-0.817222,0.5361667,0.24889305,1.1028932,1.4190668,0.37031528,0.8735632,0.7593236,-0.0001866199,0.81731,0.9453279,0.8971577,1.5595704,1.0207181,0.6324189,0.25194734,1.8943877,0.6060056,1.4550374,0.39948136,1.6235546,1.129589,0.6895795,0.66331506,0.9279926,1.1513579,1.5956622,1.3545355,1.1086447,0.49300048,0.82527244,0.50567317,1.7706747
ESTJ playlist,ESTJ,-0.13271068,-0.3765396,-0.024447063,-0.0430908,-0.0064293984,-0.110409185,0.33981588,-0.25147083,0.31253716,0.007074561,0.24251363,-0.10303484,-0.3265554,-0.13587321,-0.33050305,0.08599988,-0.28227422,-0.14159796,-0.24453405,0.039369043,0.15367828,0.24376841,-0.014746116,-0.13364512,0.34695563,0.34878471,0.21626009,0.03918959,0.005444197,0.0548564,-0.22849059,-0.04237166,0.4458304,0.5655705,0.5228883,0.4765207,0.41185218,0.750437,0.42328283,0.4813075,0.33787873,0.59602416,0.6309815,0.6496205,0.6206798,0.46421555,0.5929259,0.5141187,0.55882293,0.68354625,0.46197012,0.57884145,0.43528336,0.24551561,0.5745685,0.5722518,0.47797185,0.63321716,0.5517941,0.42805928,0.47085205,0.45056686,0.40345383,0.6233055,-1.2198199,-1.6178033,-1.8452684,-1.3224434,-1.0234,-2.1236522,-0.77635336,-1.1598896,-0.38418666,-1.5155816,-1.1028699,-2.3339002,-1.7075511,-1.5125347,-2.517932,-1.0300595,-1.2724024,-1.9620925,-1.6890806,-0.99403983,-0.843804,-0.5162428,-1.480389,-1.5778303,-0.708723,-0.9764285,-1.4357423,-0.8731245,-1.0741206,-1.3305664,-1.1355698,-1.6380992,0.7974536,1.06185,0.9378616,1.8430533,0.96730834,1.7152443,1.3666955,0.9698463,1.1594673,1.4308923,1.872918,1.2607312,1.2068385,0.80062366,0.53347445,1.2602656,1.3194872,0.96575236,0.61688524,1.9082352,1.188519,0.96421385,1.4614966,0.7974336,1.4844297,1.829566,1.6542326,1.5846918,0.9184569,0.9964672,1.4254577,1.1852779
the estj,ESTJ,-0.2072751,-0.5154979,0.038503498,-0.0926822,-0.045408282,-0.13122831,0.45081204,-0.41964343,0.29136476,0.06397464,0.23608479,0.054762647,-0.4285706,-0.011612482,-0.4242091,0.15661766,-0.3898246,0.01058701,-0.1668265,-9.8618715e-05,0.23998167,0.27719262,-0.103976294,-0.1626095,0.4343326,0.40613464,0.24055602,0.091312714,-0.049953684,0.0028646474,-0.24378915,-0.073740385,0.42780113,0.61022514,0.3947833,0.47763386,0.39888138,0.5194491,0.4206238,0.485245,0.3381289,0.5443291,0.5559758,0.55998474,0.5477461,0.41832232,0.56563824,0.44715333,0.5385251,0.5530294,0.3891315,0.48027617,0.41437644,0.24351373,0.6326778,0.6698042,0.50870866,0.69565517,0.49913213,0.41087168,0.3944611,0.43108544,0.32846996,0.6329012,-1.217143,-1.5640223,-1.1286745,-1.4244585,-1.3566953,-1.665957,-0.7555043,-1.1804312,-0.64389104,-1.3314995,-0.7459754,-1.2502338,-1.5001636,-1.1935823,-1.7102042,-0.8996119,-1.4370615,-1.356318,-1.0109166,-1.2690848,-0.75693214,-0.28400558,-1.5232179,-2.1982121,-0.91518784,-1.8949933,-0.88360137,-0.7576004,-1.4622594,-1.1246104,-0.8930425,-1.6374776,0.7167004,1.2830586,1.0066221,1.697624,1.1614075,1.5052447,1.5682753,0.754957,1.2981067,1.2864054,1.9531019,1.3002352,1.3207219,0.7909423,0.6642606,1.2199416,1.39278,1.2031091,1.087464,1.6969329,1.0694147,0.87902415,2.211429,0.919597,1.5322353,2.3069913,2.0721152,1.2951604,0.6460494,0.85429096,1.0225567,1.7123493
INFJ Playlist ,INFJ,-0.12286279,-0.24656998,-0.3342351,-0.0638365,0.04878419,0.26193216,0.22576529,0.015213234,0.45574766,0.28284734,0.4080956,-0.26009384,0.068038024,-0.33657524,-0.3321897,0.048840296,-0.10623997,-0.72053605,-0.5390207,0.023638837,-0.1827552,0.18598384,0.33000028,-0.26935995,0.35708046,0.048081618,-0.16125084,0.19402817,0.23821539,-0.11855395,-0.25052917,-0.39960396,0.4538464,0.5709676,0.5704609,0.5303727,0.5207971,0.74765605,0.540704,0.5623786,0.38502243,0.75571495,0.6672659,0.5708156,0.7871102,0.5117423,0.516267,0.48615992,0.59671664,0.8744695,0.5604568,0.7100688,0.5364274,0.27556673,0.7900237,0.51720303,0.5336923,0.705285,0.6511741,0.4416729,0.39598176,0.5375167,0.44941783,0.6643054,-3.599386,-1.7389805,-2.3335586,-2.249144,-1.5847473,-2.0851674,-1.1690077,-1.276915,-0.67513764,-1.9778817,-1.1830081,-2.8155131,-2.0891736,-2.265053,-1.9837646,-1.4975094,-1.5659257,-3.3501937,-2.460371,-1.4196838,-2.1327689,-0.6556379,-1.4222183,-1.7836105,-1.4401302,-2.1228344,-2.1713138,-0.9806935,-1.1323241,-1.5527508,-1.3144529,-2.05893,1.1540941,1.51942,1.1166841,1.8220402,1.7178547,2.8967235,1.6110277,1.7983344,1.8129069,1.9608237,2.446805,1.5345888,2.6311595,0.6229714,0.91500676,1.3660047,1.4645835,0.93058956,0.94635755,2.6771288,1.1005462,1.1036838,3.0874734,0.8245905,2.102058,1.7744528,1.5936096,1.4621598,1.3551424,2.2381554,2.3324916,1.5437248
INFJ Kpop Songs,INFJ,0.042591825,-0.37688377,0.19053438,0.04028956,0.06265119,-0.30250984,0.4636245,-0.34667513,0.3870052,0.14862059,0.18193187,0.13179988,-0.40703276,-0.029935526,-0.35178053,0.028477598,-0.40446338,-0.092277355,-0.14944637,-0.094743475,0.2988604,0.18114604,-0.122239545,-0.08015055,0.44328552,0.37005833,0.29910138,0.012294749,0.046109986,0.21621786,-0.45752084,0.031832296,0.32718787,0.5198222,0.34092802,0.32427174,0.35458472,0.48149863,0.36767974,0.32517284,0.28874362,0.5069633,0.5022867,0.40877736,0.53155404,0.36090502,0.44252443,0.44778997,0.51847136,0.5629979,0.33827564,0.4300994,0.39133215,0.19126159,0.4991561,0.4983277,0.43483946,0.6279587,0.49412677,0.38097948,0.48145598,0.4988704,0.25680846,0.7032739,-0.8825121,-1.485271,-0.9295815,-0.8761575,-0.87648565,-1.4782887,-0.5565891,-1.0732665,-0.8348275,-2.0147204,-0.83857083,-1.0813471,-1.5036339,-1.0921614,-1.9164672,-0.967432,-1.348058,-1.9977974,-1.8210511,-1.2538364,-0.8264803,-0.3935457,-1.2839099,-1.9085964,-1.066001,-1.3101984,-1.1587847,-0.704386,-1.4192685,-0.951893,-1.2040915,-1.7979282,0.7129182,1.4941916,1.683828,1.0312526,1.0368469,1.0469334,1.5892879,0.6462018,1.5310812,1.6292105,1.6104915,1.6339672,1.3060147,0.71949404,0.50031507,2.1015544,1.3383652,1.0166159,0.7163241,1.6902679,1.3566858,0.7685921,1.1146567,1.4457715,1.6972759,1.6321214,2.2352157,1.2902755,0.95710367,2.0318296,0.10338268,2.916033
INFJ小老頭歌單,INFJ,-0.13109948,-0.39988223,-0.13127984,-0.21632734,-0.32185248,0.28618884,0.057887033,-0.24081588,0.17524238,0.6509679,0.43267262,0.07640152,-0.11139647,-0.10690067,-0.45804766,0.29895657,-0.19731002,-0.45141685,-0.24037002,-0.27585402,-0.13322037,0.23954992,-0.1226194,-0.41191453,0.25300545,0.57244474,-0.14373587,0.39747587,0.16236138,-0.3038279,-0.14328563,-0.56848216,0.32143193,0.47918555,0.34473777,0.3810571,0.4873101,0.53535074,0.37959495,0.4315055,0.2816512,0.50962853,0.5555618,0.43965545,0.6033797,0.3583466,0.37644765,0.42745093,0.46960214,0.71821344,0.3335349,0.41062304,0.40446153,0.23874918,0.7262916,0.42079708,0.42215517,0.7809587,0.49356127,0.38051176,0.4321187,0.42706263,0.3365976,0.6187223,-0.98291355,-1.501157,-1.4434668,-1.2193129,-1.6339803,-1.1696591,-1.2798612,-1.3055074,-0.60778517,-0.55687684,-0.649493,-1.6835874,-1.4619774,-1.58909,-1.4555982,-0.9914396,-1.2307677,-2.149651,-1.2632952,-1.1808283,-1.1471856,-0.347966,-1.6166176,-1.8674366,-1.6160436,-1.6288805,-1.7374078,-0.6201875,-1.195194,-1.226003,-1.1447556,-1.982828,0.58520716,0.8356787,0.80291253,0.77338237,1.0752078,1.5999935,1.1828425,1.2485113,0.9098497,1.8608023,1.8485575,1.0162685,2.0971432,0.6678014,0.52405137,1.2828538,1.0913107,1.0990558,0.7187571,1.5101334,0.8142937,1.349631,1.8500413,0.97691023,1.2390919,2.1185477,1.1197249,1.327965,0.99048674,0.9355205,1.0780678,1.9063419
‧₊˚ ⊹ 100_ infj ⭑꩜ ° ,INFJ,-0.11459559,-0.42627814,-0.07291655,-0.228965,-0.016059902,0.055789467,0.38200822,-0.29052973,0.34803978,0.36878055,0.3196491,-0.001937456,-0.23298837,-0.08106591,-0.33071163,0.027732287,-0.35670635,-0.2653431,-0.20191061,-0.26319948,-0.0039825942,0.19916125,-0.0118895685,-0.21990886,0.46387485,0.2446526,0.07138364,0.15149371,0.16634317,0.004680605,-0.39743388,-0.4534365,0.40155607,0.36439908,0.26985747,0.37754533,0.44542047,0.4629952,0.37588742,0.31026697,0.19388562,0.47252363,0.5322458,0.38417292,0.46984163,0.29883486,0.46903673,0.38169172,0.5169125,0.5605544,0.26773396,0.3378249,0.29805395,0.19719672,0.62158316,0.41811654,0.43875483,0.72351867,0.4762786,0.37389043,0.36489388,0.44999766,0.27396747,0.40290648,-1.1453109,-1.2659622,-0.6780579,-1.4082029,-1.3092769,-1.1407242,-0.40491658,-0.81932855,-0.1982239,-0.438591,-0.81213415,-1.5461252,-1.6508195,-0.8413952,-1.9107386,-0.8041451,-1.4575747,-1.7630209,-0.7636538,-0.9510525,-0.6681016,-0.21793258,-1.3312842,-1.1678461,-0.3719083,-1.2372537,-1.0140296,-0.53103566,-0.935323,-0.884731,-1.1827806,-1.428367,0.65113515,0.6578371,0.4613146,0.49743116,1.0798641,1.12964,1.1452233,0.35170043,0.7509924,1.5999607,1.3931283,0.82423747,0.55110073,0.3909607,0.6076017,0.7423995,0.8775459,0.8367698,0.50680554,0.3559572,0.75776345,0.687522,0.9986796,0.65920794,1.6070879,1.6161836,1.3297672,1.2342265,0.7487343,1.1052836,0.5321875,0.22679152
INFJな私のリスト,INFJ,0.02400511,-0.4645422,-0.075089954,-0.11653751,0.11586018,-0.053723495,0.526853,-0.35948473,0.39587617,0.22866362,0.08578795,-0.107692786,-0.36497322,-0.056549508,-0.3343304,-0.009796796,-0.425217,-0.20869663,-0.27894077,-0.32728162,0.1757324,0.23653339,-0.042340253,-0.11216603,0.4971161,0.24379432,0.1756617,0.049031593,0.13054466,-0.019740256,-0.51960546,-0.16317223,0.30056772,0.552673,0.38426328,0.3129547,0.37463412,0.46335658,0.42740104,0.42433086,0.22592586,0.47061494,0.49744704,0.37544942,0.4305279,0.48217264,0.44878408,0.45122778,0.44688877,0.53045416,0.33854508,0.41345185,0.37586075,0.18583356,0.6326727,0.5289286,0.41605222,0.7540396,0.42837545,0.3711769,0.41927135,0.45565602,0.27696425,0.55884767,-0.7279542,-1.4744065,-1.8795809,-0.8686949,-0.86833376,-1.028608,-0.49978882,-0.9444205,-0.23540318,-0.46884248,-0.83154994,-1.034432,-1.4579558,-1.2821146,-1.5978475,-0.9181281,-1.1881055,-1.2812899,-1.3434237,-1.2380513,-0.727486,-0.19865865,-1.4400418,-1.3339839,-0.4613663,-1.071078,-0.59890324,-0.7875539,-1.0162064,-1.1550004,-1.0364358,-1.4251463,0.6795668,1.2619488,0.62869805,0.6476496,0.88153857,1.420343,1.8870938,0.6123399,1.02114,1.4570081,1.1597548,0.8676703,0.37917426,0.61563736,0.39669573,1.0560952,0.6155279,0.80037487,0.48749864,1.1040751,0.8515501,0.5963058,1.1442667,0.6082701,1.9699373,1.6333562,1.1124631,0.79162985,0.9067758,0.97464997,0.2156604,1.1727132
INFJ Playlist 💚,INFJ,-0.013810356,-0.16353416,-0.2801071,-0.04689276,-0.12257544,0.40146163,-0.033429224,0.081376754,0.3915957,0.68397415,0.61028373,-0.012224497,0.30963734,-0.32716238,-0.4167799,0.06127059,-0.07658228,-1.0087584,-0.5505402,-0.18392986,-0.36360535,0.15996866,0.29885146,-0.3614185,0.23075949,0.09902521,-0.38921192,0.3061567,0.34508482,-0.2583803,-0.2899531,-0.70596737,0.36905748,0.51565456,0.49368078,0.48819876,0.5130021,0.56053215,0.4373536,0.51841927,0.38376418,0.580637,0.56658643,0.48717847,0.63303536,0.47251704,0.5343921,0.46627644,0.5749927,0.799277,0.46717936,0.6648831,0.41330367,0.29307613,0.7159686,0.47599563,0.46350238,0.6485828,0.5505242,0.41377908,0.39201522,0.48479372,0.42132282,0.5622638,-1.5320902,-1.836648,-2.2595963,-1.2401552,-1.5755159,-1.0131768,-1.0472035,-1.309444,-0.6229141,-1.1641406,-0.7867561,-1.6372106,-1.6545175,-2.0061476,-1.8479097,-1.2728497,-1.347856,-3.5827444,-2.278411,-1.1828285,-1.8007337,-0.6556379,-1.4610233,-1.8342755,-1.3506267,-1.4160162,-2.1866488,-0.9853942,-0.758032,-1.5527508,-1.1675034,-2.1092842,1.0939269,1.1011386,0.44547597,1.4448891,1.988441,2.8026419,1.2746652,1.58723,1.8766003,1.8586261,2.0938127,1.1084057,2.4583025,0.8520925,1.2321949,1.5017312,1.5127053,0.92779756,0.70877874,1.7099613,0.8747926,1.0431002,2.5097482,0.7602999,1.5245689,1.5540512,1.3839493,1.3409733,1.5067725,0.91042054,1.235387,1.01893
INFJ songs based on personality database,INFJ,0.027814629,-0.2894828,-0.120490566,-0.013825687,-0.013925211,0.09479481,0.2052393,-0.10637522,0.4170616,0.3467416,0.4495357,-0.06621188,-0.0025565668,-0.22928539,-0.2794666,-0.024673408,-0.24176866,-0.6406103,-0.40509105,-0.16418329,-0.12163124,0.21254702,0.22217828,-0.17258589,0.30948246,0.1138135,-0.1326309,0.14672962,0.24677384,-0.039155558,-0.3451269,-0.41016,0.39622176,0.5094452,0.4322912,0.5132752,0.48943257,0.66365826,0.447765,0.45549625,0.36276492,0.734163,0.60165256,0.52651954,0.65189046,0.38852933,0.50399536,0.4421043,0.5825053,0.78254104,0.45974442,0.6154238,0.4149946,0.25480714,0.68416923,0.5283855,0.48743233,0.70602864,0.60080254,0.42414808,0.40324688,0.49485672,0.37505558,0.65869397,-1.311561,-1.4910848,-1.4863039,-1.3954821,-1.2956241,-2.7948606,-0.89019096,-1.16229,-0.39363983,-2.2154198,-1.1159256,-1.9683803,-1.6435206,-1.5618556,-2.0769105,-1.2638166,-1.5453562,-2.9221175,-1.5927366,-1.165402,-1.1834694,-0.4727358,-1.3183315,-1.6660655,-1.0631677,-1.9479034,-1.605201,-0.8257867,-1.1000829,-1.432902,-1.1153718,-2.1092842,0.8841398,1.0471243,1.3523004,1.9187328,1.1324921,1.4689907,1.5942565,1.0398072,1.6612706,1.8547369,1.9469678,1.1348147,1.5595458,0.4921626,0.8271552,1.3557503,1.1306113,0.966971,1.0690283,1.9446818,1.0366038,0.8593692,2.307435,0.7767064,1.6923325,2.0624576,1.7362945,1.2576365,1.2421839,1.0183262,0.8657404,1.3644503
INFJ Playlist,INFJ,0.05702004,-0.33413446,0.060103368,-0.04163794,0.0018954814,-0.06099775,0.2789898,-0.27404743,0.34947154,0.34733683,0.4448337,0.03216161,-0.10574208,-0.09136084,-0.26682693,-0.04160104,-0.30905116,-0.43385476,-0.3051173,-0.28170988,0.009168406,0.22328444,0.19785221,-0.10272436,0.26194003,0.08969075,0.0104585895,0.111662544,0.17121033,0.02097894,-0.40498862,-0.30382207,0.35048676,0.5049339,0.36937302,0.41901496,0.4499749,0.59254014,0.45642057,0.42949593,0.362428,0.64782625,0.56749845,0.5027995,0.69046444,0.39719126,0.50125176,0.4569379,0.525665,0.75918084,0.42551616,0.5160326,0.44793168,0.23946244,0.6399111,0.54864645,0.46100426,0.7203848,0.5304619,0.40357885,0.46982777,0.46785906,0.33757052,0.7015267,-1.3783389,-1.5607915,-1.4470756,-1.4364666,-1.8125904,-1.5278418,-1.0219002,-1.479866,-1.369794,-2.2877984,-1.1054734,-2.6945708,-1.926195,-1.4695197,-1.8014998,-1.1697422,-1.5363212,-2.6965294,-1.6630692,-1.3115157,-1.3076782,-0.547371,-1.6896113,-1.9536955,-1.1834327,-1.8485755,-1.3232956,-0.83199906,-1.5618619,-1.432902,-1.2035551,-2.0160723,0.7128194,1.3781666,1.5645773,1.3091551,1.1847577,1.3722845,1.4042413,1.5026397,1.8912628,1.848785,2.3331199,1.7189922,2.132547,0.85752183,0.92048794,1.8052528,1.2603449,1.0849566,0.69529945,2.4786997,1.1904393,1.0211757,2.8861659,1.1390071,1.6519215,1.9820966,1.713001,1.3842065,1.2893296,1.4700369,0.9291272,2.0221474
INFJ (PDB),INFJ,0.0077031394,-0.24243912,-0.1197768,-0.04593218,-0.0480841,0.13170987,0.22486992,-0.040973686,0.4092657,0.3978106,0.37648523,-0.021901388,-0.02708578,-0.2496896,-0.31421518,-0.009499053,-0.21658672,-0.73394716,-0.40367955,-0.16989177,-0.11835891,0.20097312,0.16844097,-0.21690656,0.37137514,0.17311032,-0.11768817,0.18199986,0.28035596,-0.03881857,-0.34759378,-0.47159907,0.3652109,0.50136024,0.41253105,0.5271185,0.46489695,0.67345816,0.4600637,0.4517688,0.34470728,0.7887109,0.56263024,0.47606406,0.6618603,0.44468802,0.52039903,0.4472227,0.54609025,0.7781501,0.45007554,0.6359451,0.47646502,0.24431397,0.61938155,0.5495332,0.44517428,0.62735045,0.5270533,0.4861908,0.3981786,0.48887727,0.39153123,0.7733728,-1.2078364,-1.2364058,-1.4863039,-1.8801582,-1.1327305,-1.218982,-0.69532186,-0.9136062,-0.28755713,-1.9465308,-1.1159256,-1.8057125,-1.4076018,-1.5618556,-1.5954962,-1.6618187,-1.5117946,-2.7814617,-1.5649167,-1.0377353,-1.0866895,-0.40896177,-1.2839099,-1.6463951,-1.1759479,-1.3087314,-1.139634,-1.2136142,-0.9682283,-1.432902,-1.6940246,-1.9000007,0.8140516,0.9522118,0.77431107,1.9187328,1.0858473,1.3835804,1.3424327,1.168243,1.6570826,1.7881337,1.9469678,0.92096156,1.6303979,0.6882082,0.8271552,1.3557503,0.9837747,0.7510533,0.46312052,1.9446818,0.98182166,0.83928955,1.6883376,1.2243092,1.703251,2.0624576,0.9143857,1.176593,1.3507531,1.3552611,0.8657404,1.1142995
INFJ Playlist!!,INFJ,-0.08399667,-0.3951019,-0.23889455,0.051901244,0.05223393,0.108228974,0.35693616,-0.09309774,0.4463197,-0.055278815,0.26225612,-0.19347234,-0.15424314,-0.27904433,-0.42600593,0.17853841,-0.1811899,-0.38288924,-0.43634385,0.18810456,0.021548046,0.20666131,0.02701456,-0.18025666,0.515838,0.20476499,0.062397193,0.19476867,0.055541523,-0.029262554,-0.20080808,-0.06622471,0.40841126,0.583288,0.5787831,0.51350677,0.5401937,0.5927908,0.4872019,0.5535109,0.4955606,0.7341538,0.5830562,0.5804084,0.57310444,0.54901856,0.6017246,0.50580156,0.59866804,0.69613504,0.47134244,0.7134679,0.4489582,0.25898233,0.7008877,0.63808316,0.569238,0.7727928,0.58819044,0.39022171,0.45506358,0.5050658,0.39804006,0.7335015,-1.4871497,-1.5011528,-1.6739922,-1.1851498,-1.3566953,-1.4773227,-0.7343784,-1.2536776,-0.7821403,-1.9465308,-1.1830081,-2.0877588,-1.5506676,-1.9977803,-2.369465,-1.2168888,-1.268573,-2.2667458,-1.4132421,-1.2279071,-1.0765945,-0.4727358,-1.6821538,-2.5182545,-1.2443938,-1.8577533,-1.5974171,-0.7576004,-1.3692138,-1.6567718,-1.1255628,-1.9960976,0.9451205,1.7965237,1.3447306,1.5546432,1.3526303,1.854719,1.4630468,1.169917,2.1613762,1.8363814,1.8493212,1.0473554,1.7931414,0.6346678,0.91500676,1.7516587,2.09972,0.9972359,1.2259283,1.9446818,1.1904393,0.73695374,1.8680995,1.202517,2.2919948,2.3069913,1.9570827,1.220994,1.1826364,1.0302607,1.0398608,2.734882
for the infj girls,INFJ,0.013696877,-0.16195537,-0.2767427,0.013087864,-0.07461368,0.37838396,0.0090040695,0.09906342,0.42848206,0.52937967,0.6300021,-0.09419223,0.35854337,-0.33137643,-0.25466645,-0.018612448,-0.0888919,-1.1071731,-0.6548643,-0.1217749,-0.3778932,0.17084764,0.4941191,-0.21971221,0.24816991,-0.07034603,-0.4415792,0.22138183,0.3847648,-0.13903332,-0.2793062,-0.6290567,0.40491107,0.5139426,0.43898064,0.5672131,0.49562314,0.59119946,0.4661924,0.52209944,0.41310242,0.77156454,0.577355,0.49462646,0.6480298,0.44379076,0.49879628,0.4687753,0.53008705,0.82094514,0.4381716,0.7177587,0.4431404,0.26923087,0.67426187,0.49987045,0.49332294,0.5994413,0.57668036,0.4224364,0.4117475,0.46338522,0.3759088,0.70854014,-1.311561,-1.7293633,-1.7290661,-1.4486864,-1.5118663,-1.3939757,-1.3392736,-1.1057181,-0.3971133,-1.9465308,-0.5897879,-1.8057125,-1.4987193,-1.4404439,-2.0769105,-1.6618187,-1.429801,-2.9525983,-1.7579231,-1.0432546,-1.5145448,-0.6183967,-1.3794369,-1.6456133,-1.5370142,-1.9057574,-1.98256,-1.2136142,-0.90890354,-1.5504293,-1.6940246,-2.0160723,1.2171429,1.4390432,1.0029163,1.9018035,1.5562409,1.8032495,1.2371774,1.36845,2.156136,1.8786844,1.9808922,1.2140988,2.131509,0.58582896,0.8271552,1.7516587,1.4645835,0.78517234,0.78004646,1.9446818,0.76592386,1.2411484,2.5284424,1.2243092,1.7849002,1.7744528,1.2633218,1.263483,1.3507531,1.3552611,1.0398608,1.0632296
Ultimate INFJ Playlist,INFJ,0.10196569,-0.24281816,0.043254796,-0.082545586,0.08513499,-0.031231476,0.26130968,-0.16332155,0.43818814,0.45794284,0.5797658,0.064576104,0.0028821651,-0.1595925,-0.33662042,-0.12036807,-0.27064243,-0.5947764,-0.32745838,-0.37793,-0.08793611,0.19228289,0.28301677,-0.14670128,0.28397936,-0.07352129,-0.007613738,0.1357329,0.23115028,0.041941762,-0.4986683,-0.42970148,0.346641,0.53244036,0.36082625,0.42790988,0.48932198,0.586653,0.45741922,0.44790223,0.3229562,0.6625082,0.60742843,0.48579192,0.56829864,0.41868764,0.6335753,0.43539393,0.56578773,0.69373065,0.3846815,0.4989762,0.42427248,0.25048113,0.6439671,0.59797835,0.47218043,0.71205616,0.6248952,0.45834297,0.44256356,0.50299114,0.3289525,0.6696142,-0.8610455,-1.5234486,-1.6152191,-1.1951687,-1.5132313,-2.0260425,-1.0039799,-1.1540521,-0.7683982,-1.6694753,-0.9576168,-1.7552526,-1.4314668,-1.899058,-2.2385592,-1.304061,-1.6087854,-2.7250407,-1.3605036,-1.4627786,-0.9972043,-0.34811956,-1.498691,-2.7850046,-1.5059878,-1.9614756,-1.7062473,-0.8622105,-1.3363358,-1.5508863,-1.3944037,-2.0482073,0.8642392,1.2700295,1.174728,1.4210658,1.3969952,1.6244603,1.6918151,1.0947261,1.9546351,1.9598305,2.0980809,1.2654526,1.8238328,0.67804575,0.8929846,1.2141159,1.4115007,0.9358607,1.4322872,1.7141757,1.0255675,1.1362089,2.2545266,0.9746565,1.8845446,1.848044,1.851975,1.2576871,1.1898333,1.2111436,0.47220314,1.6353891
INFJ Radio,INFJ,-0.009038627,-0.37237972,0.10344356,-0.089134686,0.025207017,-0.18491212,0.5262381,-0.2839921,0.40034896,0.3134653,0.22144005,0.21333884,-0.35404354,-0.10111118,-0.42756504,0.016270822,-0.45128927,-0.15502045,-0.16816904,-0.22002727,0.14530271,0.12159198,-0.18577793,-0.18166819,0.5691673,0.27443117,0.24299406,0.10574875,0.11068743,0.17688477,-0.5037017,-0.24643499,0.275841,0.44024476,0.35289645,0.36722672,0.36951658,0.47089648,0.3352834,0.34342757,0.19303612,0.38739187,0.5411901,0.3662488,0.30907977,0.39161357,0.3775246,0.38164702,0.38316503,0.5395024,0.27781776,0.39386982,0.30532208,0.15859014,0.61502,0.4355143,0.31423932,0.6953351,0.28710938,0.34019616,0.46033275,0.45076334,0.23339126,0.55547404,-0.49320143,-1.1818994,-0.5108473,-0.9124643,-0.91560394,-1.3623474,-0.24583064,-1.0776631,-0.08441386,-0.31547427,-0.4446148,-0.6183881,-0.97958416,-0.828991,-1.3424332,-0.8237766,-1.4019638,-1.7032316,-0.9606726,-1.0675868,-0.42708993,-0.18509968,-1.3626419,-1.3517936,-0.19292419,-1.9483579,-0.4141664,-0.79836047,-1.1609597,-0.7549689,-1.0847789,-1.4095875,0.68152237,0.5757341,0.9614549,0.5862365,1.0151886,0.90758616,1.5244567,0.5043009,0.94019985,1.2788926,2.0991602,1.4169803,0.29800868,0.7418548,0.38295463,0.8864344,0.275886,1.0552115,0.4459935,0.52765745,0.755229,0.49515995,1.5138075,0.51942074,1.1696889,1.4028176,0.8957635,0.72858524,0.77862275,1.0188783,-0.018040575,0.9269357
INFJ ,INFJ,-0.01627024,-0.308873,-0.34920996,0.040100068,-0.055447012,0.34774712,0.07696192,0.04376453,0.42742014,0.36302444,0.48546922,-0.18452571,0.15989885,-0.3407486,-0.3350339,0.097654834,-0.1419185,-0.86870605,-0.6060441,0.0041870438,-0.25147152,0.21048339,0.3123302,-0.23477417,0.3360162,0.08783174,-0.34734905,0.2350342,0.27353862,-0.18583274,-0.2098243,-0.4689858,0.39678288,0.52709377,0.52848655,0.5831633,0.52410316,0.5933097,0.48027134,0.55770165,0.41437203,0.75113845,0.61530715,0.5017788,0.63913,0.5087191,0.53609306,0.48820817,0.5576767,0.8272229,0.46055034,0.7468576,0.46055856,0.27477798,0.7411734,0.5202238,0.52036697,0.69576126,0.6091888,0.41180253,0.42281434,0.4854648,0.43097603,0.68686235,-1.4004182,-1.836648,-2.0949836,-1.4486864,-1.5067321,-1.3939757,-1.2423786,-1.3901715,-0.89064264,-2.0793953,-1.1830081,-2.2029896,-1.6545175,-1.899058,-2.2385592,-1.311408,-1.4757919,-3.725891,-2.6370246,-1.4598904,-2.0823197,-0.5415634,-1.4222183,-2.0233676,-1.4984803,-2.5133684,-2.0748112,-0.88446546,-2.1233466,-1.6567718,-1.3144529,-2.1092842,1.2171429,1.4390432,1.0025439,1.9097737,1.7215921,2.0103304,1.5579593,1.555504,1.8129069,1.8547369,2.8161807,1.2865227,1.9584551,0.8520925,1.0121464,2.1806242,1.4645835,1.3523624,0.6299529,2.1191478,1.3622367,1.307389,2.611846,1.0441095,2.0962775,1.9259791,1.4422932,2.0022426,1.2893296,1.2254976,1.2663743,2.9194224
INFJ ⁺⁎˚📼 ｡ﾟ★_,INFJ,-0.6300728,0.008109763,-1.2595931,-0.18224813,-0.4133458,1.4431756,-0.45051622,0.8991947,0.38340792,0.85476714,1.2973032,-0.58863395,1.1263001,-1.0560365,-0.52924716,0.4778907,0.51232713,-2.1263568,-1.47066,0.8626696,-0.9267637,0.24364568,1.362173,-0.68937856,0.04650997,-0.34895626,-1.3722637,0.7527201,0.45086053,-0.45377493,0.64809525,-0.8552722,0.58917254,0.49036065,0.544313,0.58469677,0.60863185,0.6244536,0.34244782,0.59644616,0.36159387,0.5297874,0.68198544,0.4820945,0.54230857,0.47816923,0.5376066,0.5145255,0.44337603,0.8086615,0.5381597,0.73434645,0.49996078,0.34973857,0.90034765,0.31502545,0.56484497,0.590353,0.55374783,0.58850795,0.396851,0.5722261,0.6656019,0.45942107,-2.587243,-1.3213941,-2.0431967,-1.5453099,-1.8729626,-0.3313248,-1.294155,-0.8077851,-0.45671222,-1.1567899,-0.7040883,-1.5615889,-0.3068242,-2.2691216,-1.6729721,-0.658359,-0.70281965,-3.5277576,-2.558387,-0.9980572,-1.8796829,-0.52156645,-0.9183541,-1.3639317,-1.0841604,-2.0598264,-2.2076802,-0.6992456,-0.45014113,-1.4284548,-0.8489409,-2.3480632,0.7590512,0.990784,0.00016637897,1.1266052,1.1182301,3.0442452,0.6200693,1.9520563,1.2299029,1.9802009,3.1090975,0.510631,2.3122985,0.108190544,0.44336915,1.7721478,1.2816445,-0.13437441,0.035667058,2.433952,0.26924345,1.0825185,4.3544436,0.7155885,2.482719,1.261786,0.093438156,2.2186887,1.3252736,1.889304,2.3808887,0.5196125
INFJ,INFJ,-0.045846336,-0.52270937,-0.22353496,-0.100172676,-0.2631926,0.34338915,0.05353129,-0.12930302,0.2730542,0.54445374,0.43131226,-0.02128842,-0.07827834,-0.18677177,-0.39169848,0.23239326,-0.30467486,-0.62662464,-0.43222496,-0.18871908,-0.17586456,0.28260136,-0.005481167,-0.3013811,0.30990338,0.44501138,-0.334696,0.3482286,0.24665606,-0.28618607,-0.18101522,-0.58942986,0.38289446,0.52341765,0.4128209,0.5371359,0.50563085,0.5181153,0.37261173,0.4312551,0.34724724,0.5997326,0.5798204,0.51352614,0.4976682,0.40472248,0.5012552,0.4924359,0.5336924,0.65063614,0.3934896,0.5858405,0.3439961,0.27533814,0.6706378,0.4470471,0.46499848,0.6567284,0.46044272,0.43111444,0.3717563,0.49253267,0.36584368,0.59272254,-1.047781,-1.8963501,-1.8372874,-1.2054524,-1.9465661,-1.6003579,-0.8804849,-1.309444,-0.81435406,-1.8657669,-1.0029744,-1.8069115,-1.4900056,-1.4920923,-1.9428511,-1.3591738,-1.3698306,-2.365409,-1.6073872,-1.343029,-0.9296349,-0.25190482,-1.5042421,-1.2735122,-1.0336435,-1.6263232,-1.64621,-0.7502726,-0.8515186,-1.5505894,-1.1675034,-1.7182595,0.74145204,1.0466802,0.5241769,1.9204878,1.5415443,1.7125719,0.9132635,0.9388146,1.7760826,1.7408489,2.1416044,1.1370423,1.4732958,0.8520925,0.6858794,1.4835612,1.1806116,0.74630827,0.6493551,2.2167604,0.68685323,1.4356683,2.1622684,0.9260336,2.0062876,1.8150623,0.70811,1.7859292,1.2206868,1.6186553,1.2981108,1.0882487
infj - the advocate ,INFJ,-0.08858684,-0.34739932,-0.24928574,-0.055432905,-0.065314814,0.21738255,0.22428137,-0.05461707,0.40669012,0.27404836,0.38797465,-0.14840563,-0.009919597,-0.26490238,-0.26684114,0.054631725,-0.23774534,-0.65658844,-0.5070571,0.0008553525,-0.15243505,0.22186469,0.19955409,-0.19390231,0.42583773,0.16343684,-0.16985738,0.1782785,0.25571325,-0.025811385,-0.25549477,-0.4342742,0.43607223,0.50149465,0.47820014,0.5936872,0.4739737,0.6560337,0.4992259,0.48700783,0.36871576,0.7337843,0.5980469,0.5528798,0.6155816,0.39121106,0.49036574,0.49989182,0.5450847,0.8023453,0.46651873,0.7024697,0.4430727,0.24270186,0.7174654,0.45870626,0.48517284,0.63887364,0.5860317,0.42201045,0.43383995,0.48311797,0.40628827,0.6350366,-1.311561,-1.4868133,-1.5684917,-1.3954821,-1.1048043,-1.9297817,-1.0476447,-1.046973,-0.27494472,-1.9465308,-0.7186507,-1.8057125,-1.3889723,-1.2138264,-1.7152493,-1.1170515,-1.3030105,-2.7814617,-1.5985098,-1.1054667,-1.1753759,-0.4727358,-1.3148581,-1.0722066,-0.66212827,-1.4645605,-1.5974171,-0.60770786,-1.0480679,-1.5504293,-0.93266225,-2.0160723,0.8140516,0.94807297,0.7922655,1.9187328,1.0858473,1.854719,1.3949761,1.5280875,1.6570826,1.8372515,2.0996568,1.503,1.9734113,0.5172521,0.8271552,1.7516587,1.0505686,1.066665,0.8097887,1.9446818,0.69865906,0.9764115,1.9566681,0.6862687,1.72252,1.3626245,1.2633218,1.263483,1.2893296,0.9074394,1.4147367,0.9298411
infj anthems,INFJ,-0.023120608,-0.36299682,-0.13062946,-0.120635964,-0.07042364,0.2370603,0.18326102,-0.121259406,0.3824166,0.48793748,0.5500814,-0.0037068012,0.06956131,-0.16490667,-0.34588656,0.06912476,-0.22772877,-0.6866644,-0.44565016,-0.2423506,-0.16797611,0.21710536,0.26117077,-0.20821361,0.31098437,0.07000495,-0.23701146,0.2510051,0.25207222,-0.1381223,-0.3026922,-0.53271943,0.39233458,0.49575776,0.39602104,0.49658403,0.50909126,0.5759804,0.49525687,0.49691743,0.3393909,0.67817163,0.6178893,0.4580401,0.5939764,0.42628813,0.50174135,0.45531246,0.5231364,0.75834537,0.37503302,0.5576616,0.42223155,0.23568945,0.7052442,0.5133279,0.47245052,0.7115789,0.5887492,0.4399735,0.4039388,0.49190065,0.3821552,0.6612737,-1.311561,-1.836648,-1.5923158,-1.5571077,-1.5299407,-1.5233717,-0.91509223,-1.3911213,-0.5706017,-1.7383424,-0.97448295,-1.5391278,-1.684673,-1.5618556,-2.3298745,-1.304061,-1.376334,-2.9265783,-1.6979014,-1.4627786,-1.4062496,-0.38320658,-1.5734564,-1.6933213,-1.0328835,-1.9614756,-1.6641375,-0.8622105,-1.0592632,-1.5505894,-1.2165961,-2.0160723,0.9489823,1.0471243,0.9082961,1.9187328,1.57951,1.7448686,1.5041486,1.408632,1.8341018,1.8658088,2.0657465,1.2140988,1.9524437,0.91872036,0.91500676,1.3670557,1.3309028,1.0942851,0.7519118,1.877644,1.079194,1.1285249,2.5238545,0.84629714,2.0745535,1.7650439,1.1170784,1.7859292,1.2893296,1.0920585,1.2981108,1.433776
INFJ 不再續寫 - Chinese Version Radio,INFJ,-0.03242148,-0.43162692,0.11658245,-0.113041885,-0.05624383,-0.1377674,0.21273075,-0.23974547,0.26298288,0.3466482,0.6977572,0.019067116,-0.26981035,-0.058973145,-0.46935344,0.087456435,-0.1552267,-0.1344806,-0.08896468,-0.24031298,-0.07863734,0.19774845,0.14338416,-0.29305485,0.1905341,0.15733968,0.0038210738,0.34736365,0.036308896,-0.14358638,-0.14228788,-0.44663227,0.33817238,0.37066874,0.281518,0.40843618,0.43762463,0.5151797,0.3486945,0.27896076,0.23257335,0.37159157,0.5098151,0.53333294,0.42016745,0.30323946,0.3907752,0.40061963,0.4755042,0.5325769,0.28718138,0.28225,0.2585435,0.22879986,0.56324977,0.4308634,0.42124844,0.6074644,0.42728928,0.34073696,0.38832316,0.41577017,0.31660667,0.4228049,-0.95730907,-1.1910703,-0.41470444,-1.2252814,-1.1750469,-2.3120408,-0.44284377,-0.88290966,-0.38670415,-0.6105458,-0.23364672,-1.9938647,-1.7772442,-0.9645009,-1.3984381,-0.9043124,-1.0849905,-1.2958225,-0.57494324,-1.0995136,-0.64693004,-0.22791862,-1.0352868,-1.2815137,-1.2093743,-1.2852271,-1.0418001,-0.46891496,-1.0521916,-0.9289135,-0.71689135,-1.3156065,0.5121336,0.46702966,0.8686118,0.58542025,0.81932235,1.015697,1.0290587,0.4362188,0.6722296,1.1784072,1.6909782,0.7785102,0.7869004,0.48347726,0.45489892,1.1212641,0.99909616,1.1284642,0.8990941,0.35849628,0.5557844,0.7023519,1.350764,0.6294864,0.89253455,1.2932208,1.2493691,1.092926,0.8643383,0.85534334,0.5817004,0.64844763
infj core,INFJ,0.016408546,-0.41090637,-0.19187921,0.035194024,-0.047697026,0.18315473,0.1643433,-0.14292958,0.3659625,0.29413605,0.44193417,-0.123767205,0.05317424,-0.19132271,-0.22612688,0.046405733,-0.27294183,-0.63862973,-0.5345803,-0.08229058,-0.1335062,0.2474005,0.31080395,-0.0992228,0.28937286,0.069567405,-0.25418055,0.17750002,0.22220181,-0.09554587,-0.2712703,-0.33861655,0.3952182,0.56579924,0.45039445,0.5273263,0.5159354,0.5927544,0.5027372,0.47380468,0.39147386,0.67144,0.57940775,0.4900572,0.65343726,0.4414182,0.53001267,0.5198931,0.54714286,0.78541225,0.48682326,0.61605966,0.408291,0.27797455,0.6777134,0.5112118,0.4620365,0.6934967,0.6306747,0.39618716,0.4219283,0.48167595,0.41496757,0.6834294,-0.9939851,-1.3782004,-1.7119561,-1.0774523,-1.2956241,-2.1271768,-0.89019096,-1.3740467,-0.6296491,-1.9288342,-0.6642498,-2.0101228,-1.7192011,-1.1935823,-1.6223661,-1.2168888,-1.6221409,-2.3424592,-2.2517533,-1.1446171,-1.0720139,-0.6183967,-1.3845193,-1.898232,-0.8723102,-1.8577533,-2.0748112,-0.67722464,-1.026888,-1.0874712,-1.0555414,-1.8593158,0.98225886,1.2830586,0.63319546,1.890713,1.4663624,1.4689907,1.6512938,1.0995657,1.7956144,1.6422583,1.8571198,1.1265157,2.0720146,0.9614713,0.91500676,1.2789316,1.2208948,1.0456152,1.1219394,1.55891,0.8425084,0.94193006,1.8900132,0.73584455,1.4100399,1.6832049,1.3130256,1.1018829,1.1206828,1.0622094,0.859026,1.62922
infp playlist,INFP,-0.052294366,-0.35424352,-0.1935286,0.0213155,0.06688163,0.09119655,0.309706,-0.08959676,0.4935117,0.113435335,0.42159992,-0.19625202,-0.033584107,-0.25447437,-0.32521522,0.045611683,-0.20120281,-0.5681524,-0.46959636,0.038738254,-0.07254266,0.22465982,0.26214778,-0.14003769,0.42123592,0.045688767,-0.062604375,0.16451395,0.18659067,-0.0057422556,-0.2704275,-0.24672037,0.41979036,0.52934617,0.5340255,0.5204689,0.52806705,0.6139822,0.55964106,0.5555006,0.43994924,0.78166014,0.7248008,0.5256581,0.6303676,0.48122224,0.5154873,0.44749805,0.5508563,0.80564755,0.49571896,0.68245995,0.49070483,0.28168967,0.79096603,0.5762692,0.59274787,0.75131726,0.65046716,0.43972903,0.41079664,0.5472252,0.43476936,0.7170055,-1.5083655,-1.5251625,-2.2595963,-1.4441442,-2.1710248,-1.3939757,-1.0472035,-1.2536776,-0.8935287,-1.9465308,-1.1830081,-2.0877588,-1.6545175,-1.7080249,-1.970356,-1.1170515,-1.2970896,-2.6081784,-2.3734298,-1.3863066,-1.3802551,-0.47661617,-1.4637963,-2.0034823,-1.4984803,-1.8577533,-1.818035,-0.5600558,-1.099093,-1.5807583,-1.24462,-2.4320436,0.994143,1.2700295,0.97860456,1.9097737,1.4663991,2.3078275,1.483313,1.3262041,2.0204895,1.8508667,3.149032,0.89619523,1.8720726,0.85847574,0.6718103,1.3654524,1.341754,0.94937366,0.660891,1.9446818,1.188172,1.5471056,4.178132,1.0207366,2.151285,1.9966952,1.6678921,2.0022426,1.1826364,1.598889,1.2663743,2.1908987
INFP playlist(1),INFP,-0.10629675,-0.3373009,-0.17521583,-0.15892372,-0.19655994,0.30245015,0.14864509,-0.0482119,0.31277516,0.5849474,0.4853519,0.061800506,0.018607607,-0.21138705,-0.41147977,0.1540656,-0.22191527,-0.72507507,-0.43651778,-0.21902235,-0.20900027,0.19680955,0.12411929,-0.33367303,0.3884281,0.24730779,-0.22542527,0.3394226,0.26915765,-0.18771408,-0.24009857,-0.6425841,0.38165292,0.53137666,0.40628472,0.5553058,0.453026,0.59067076,0.45983082,0.48959756,0.34560597,0.7070238,0.5703576,0.49510315,0.56085175,0.3977004,0.4625223,0.43385452,0.46417627,0.8283295,0.3904797,0.5675696,0.41489685,0.28188407,0.69186455,0.5192558,0.46302947,0.6178237,0.5709852,0.38723445,0.43710986,0.4248542,0.4502317,0.7376432,-1.2953613,-1.4813274,-1.482151,-1.411232,-1.2490019,-0.97988826,-0.84692615,-1.1865703,-0.7194274,-1.3999242,-0.7671753,-1.8318772,-1.5587007,-0.9341183,-1.6196276,-0.7400636,-1.1316003,-2.628195,-1.3649672,-1.1446171,-1.0995595,-0.32713038,-0.9999919,-1.7890524,-1.0072773,-1.0217808,-1.5911834,-0.6490597,-0.89766616,-1.0726703,-0.9980479,-1.8593158,0.8236575,0.6493217,0.8136139,1.2197553,0.9055314,1.5651307,1.0879301,0.8446569,1.6051524,1.791744,1.8228625,1.0450305,1.0814474,0.85847574,0.49810675,1.0284996,0.9102376,0.913465,0.53589815,1.5883007,0.7536513,1.196413,2.1365676,0.60274684,1.3244401,1.7540654,1.121136,1.1630414,1.1406978,0.66731226,1.1614379,1.0423691
infp - the mediator ,INFP,-0.011970959,-0.41361615,-0.2086819,-0.033530366,-0.019750208,0.27308106,0.16738842,-0.14499898,0.41677445,0.35090256,0.5374879,-0.13810338,0.09333968,-0.1529168,-0.34135333,0.13051939,-0.18552922,-0.6436195,-0.58158207,-0.111900315,-0.10813208,0.21521948,0.36055133,-0.14186308,0.25774568,0.0063458346,-0.2620987,0.26138565,0.18212108,-0.21256799,-0.25210702,-0.3598099,0.42062217,0.5317169,0.4971315,0.5710922,0.5041767,0.6207636,0.56857353,0.5512885,0.34624982,0.7521728,0.5923305,0.54714507,0.57028913,0.47360092,0.5090141,0.5694632,0.523325,0.80364054,0.4007586,0.7129106,0.43665308,0.2667805,0.6743527,0.49754834,0.5341382,0.7048753,0.48129094,0.45895764,0.46220288,0.4862627,0.46325165,0.7121465,-1.4161412,-1.8720883,-1.6071476,-1.4441442,-1.3046386,-0.82960916,-1.3380972,-1.2536776,-0.32692835,-1.4958109,-0.8648247,-2.744447,-1.5524195,-1.6129016,-1.7204276,-1.2217475,-1.5096318,-2.7010581,-1.4460075,-1.3509274,-1.0995595,-0.32713038,-1.0476217,-1.5233668,-1.4984803,-1.8577533,-1.0713644,-0.6490597,-0.89766616,-1.6567718,-1.1302108,-1.8593158,0.8236575,0.68460476,0.72413975,1.5546432,1.223483,1.854719,1.4321604,1.0750973,1.3809241,1.9510723,2.8161807,0.7821226,1.6562275,0.85847574,0.61076045,1.9355335,1.0248325,1.066665,0.41150525,1.639814,0.7684194,1.307389,2.611846,0.6855475,1.5759462,1.5795774,1.0023073,2.0022426,1.2597694,0.81488955,1.2663743,1.0019505
INFPの私が好きな歌,INFP,-0.13398857,-0.5280509,-0.031527992,-0.1489795,0.05046937,-0.17589225,0.5989926,-0.47933382,0.29313657,0.11940568,-0.0448871,-0.10665069,-0.58051705,0.045094196,-0.38280284,0.15577689,-0.3487895,0.13440558,-0.1289468,-0.12206346,0.36077982,0.19521566,-0.20930976,-0.2166737,0.5264027,0.5322792,0.32953975,0.06992152,-0.016512845,-0.029093487,-0.37353492,-0.036366273,0.28346726,0.39001867,0.2841678,0.34009826,0.3795965,0.43463463,0.3950965,0.29006326,0.24582121,0.46975067,0.41236407,0.49613315,0.48838308,0.29952,0.37353477,0.38119683,0.3926102,0.4322972,0.3185389,0.33741927,0.3292896,0.17184347,0.51660997,0.41090748,0.4260497,0.5915911,0.36586374,0.37263367,0.40852395,0.41514915,0.2906186,0.47610217,-0.8115509,-1.3011929,-0.75393856,-0.86483574,-1.2543297,-1.0686404,-0.6842459,-1.1833435,-0.5811828,-0.55902153,-0.79229355,-1.1025826,-1.5095772,-0.6665726,-1.8189073,-0.642412,-1.0736893,-1.2658789,-0.83409786,-0.8846056,-0.45750475,-0.29345733,-1.22008,-1.2519627,-0.42662978,-0.57681775,-0.63212126,-0.5335027,-1.3688849,-1.0726703,-1.2713683,-1.1096019,0.4030964,0.6984688,0.8136139,0.5792611,0.6828985,0.7800742,1.504839,0.41655466,0.77144563,1.2264304,0.8573684,1.0680903,0.6920678,0.6551417,0.2669664,1.2526914,0.6416473,0.8180906,0.5962579,0.60791945,0.9211109,0.5819769,1.0634307,0.62191594,1.3883525,1.648512,0.97878236,1.1630414,0.7075728,0.8528676,0.32918262,1.4379545
INFP ผู้คลั่งรัก❤️,INFP,-0.22280791,-0.5515663,-0.16546309,-0.26869434,-0.076862775,0.09749611,0.46655148,-0.37161753,0.29558802,0.26693952,0.1236864,-0.08753792,-0.3875354,-0.06483771,-0.35796764,0.1839082,-0.38219336,-0.08450789,-0.22512603,-0.16071853,0.08787653,0.24039708,-0.15667522,-0.25109026,0.56122935,0.4696462,0.12947826,0.18724279,0.08152641,-0.052499685,-0.3167485,-0.31890097,0.35901305,0.41758817,0.32331324,0.4322657,0.4149503,0.5010549,0.39229676,0.3530574,0.2725797,0.443942,0.5654028,0.45732874,0.49557066,0.3464787,0.46051142,0.4151145,0.46837312,0.4955701,0.33895218,0.41076306,0.33689392,0.21177404,0.65856534,0.4189085,0.4319645,0.73267096,0.41730678,0.39700013,0.40529644,0.45617053,0.30952123,0.44604397,-1.1453109,-1.5314983,-1.5598707,-1.4082029,-1.1794457,-1.4193122,-0.48337704,-1.2780193,-0.479623,-1.5020444,-0.85681146,-1.3843718,-1.5095364,-1.3756287,-1.9107386,-0.88230723,-1.3401899,-1.4931489,-1.0958792,-1.1849766,-0.6944167,-0.1935655,-1.6123519,-1.5563141,-0.64406407,-1.7070571,-0.89611864,-0.7895001,-1.479233,-1.2911131,-1.1599613,-1.2579515,0.75739235,1.1682265,0.43598893,1.3991009,0.965503,1.2523301,1.317885,0.6919622,1.5765415,1.381634,1.8210995,1.3875024,1.4031954,0.7571139,0.668664,1.4080887,1.1453722,0.97512144,0.67281544,1.7365509,0.8440757,0.76346135,1.6200752,0.95990485,1.6070879,1.8659534,1.104694,1.2342265,0.9130144,1.0913142,0.69000286,1.3212281
INFP songs,INFP,0.05590579,-0.2526932,0.032625247,-0.002283123,-0.0006743276,0.011488407,0.29285142,-0.19114347,0.3535306,0.29453206,0.4319609,0.03945202,-0.01440418,-0.14687423,-0.3143839,0.025089633,-0.26935723,-0.50812626,-0.41718447,-0.22823475,-0.011024568,0.19889152,0.16279417,-0.113299675,0.29152673,0.07839292,0.017874649,0.1052041,0.14304115,0.01746576,-0.38778096,-0.23533697,0.31129947,0.607034,0.47026402,0.41777143,0.52508795,0.5503167,0.48952097,0.54099894,0.45018545,0.6665961,0.5094423,0.48639125,0.6508081,0.4821383,0.48134196,0.48334715,0.49658063,0.91502345,0.4284951,0.5592178,0.5604587,0.24531275,0.6555036,0.56501824,0.45787504,0.66415846,0.7112108,0.34138718,0.56056625,0.42390898,0.32748666,0.9196873,-0.54482037,-1.2716793,-1.53648,-0.5633849,-1.3046386,-1.405122,-0.66320956,-1.1865703,-1.4493493,-1.381063,-0.54003835,-1.1308624,-1.3690809,-1.5962119,-1.6196276,-1.2217475,-1.4288142,-2.6805854,-1.4791908,-0.9636789,-1.2347424,-0.35300732,-1.0997844,-1.6317525,-1.0393165,-1.7157602,-1.2737281,-0.59736884,-1.7021704,-0.8061197,-1.1037711,-2.0045707,0.66860646,1.3743114,1.3942932,1.2089881,1.4850906,1.1609617,1.1391732,1.0995102,1.64709,1.8508667,1.3586159,1.290662,1.7437494,0.85847574,0.61076045,1.3369985,0.84838694,1.066665,0.5190374,1.408229,1.188172,0.8408096,1.6309478,0.89855057,1.1533089,1.3729346,2.2243328,0.9274557,1.2439296,1.0233339,0.5187616,2.632181
infp 감성,INFP,0.0838269,-0.1705344,-0.2704533,-0.061084516,-0.33736354,0.53859645,-0.22978684,0.15977548,0.29555896,1.0079266,0.6324417,0.13628548,0.2910184,-0.36354572,-0.5700605,0.19948596,-0.077380404,-1.1750714,-0.48086035,-0.3608795,-0.41294137,0.17574607,-0.03274013,-0.5573797,0.15576534,0.4190437,-0.50286835,0.46844274,0.44299984,-0.4483176,-0.24061878,-0.9238235,0.33217326,0.41471282,0.44997904,0.5273879,0.51371926,0.488168,0.298887,0.40542337,0.31194362,0.48959184,0.4987041,0.49252966,0.44200385,0.45954943,0.41383898,0.44092858,0.45838767,0.5640197,0.36638847,0.6084139,0.28072822,0.21937843,0.6960917,0.38403013,0.40389016,0.6431696,0.44598886,0.37799853,0.35666412,0.45363525,0.37984228,0.55308115,-1.1918359,-1.2835354,-1.989806,-1.601539,-1.5685464,-1.0011543,-0.9856898,-0.8808609,-0.62282145,-0.59227335,-1.030134,-1.9985629,-0.882478,-1.739135,-2.0973475,-0.9468149,-1.3792355,-2.4866903,-1.9132123,-1.3162252,-1.0473341,-0.41337004,-1.6695842,-1.3220634,-1.0969748,-1.3088757,-1.5864761,-0.52202547,-0.64431643,-1.7162313,-1.1581244,-1.892141,0.95271033,1.5554721,0.64297163,1.6287786,1.327009,2.218599,0.94273853,1.5057166,1.2282151,1.9683142,1.9692329,1.6696398,2.1420233,0.470499,0.32810053,1.383219,1.0196798,0.52487123,0.4106146,1.4942605,0.44202086,0.79880995,1.9896322,0.81473476,1.3844289,2.1615465,0.88117033,1.5092968,1.217656,0.80864733,0.91397333,1.0780009
Infp 中文治癒系歌單 ❤️_🩹,INFP,-0.040464334,-0.35073945,-0.042519074,-0.19932024,-0.1440059,0.22460383,0.09304082,-0.1454644,0.3069197,0.66156673,0.64090824,0.1749496,-0.015345896,-0.07457392,-0.5888729,0.2271152,-0.089188665,-0.4530793,-0.21720697,-0.32496655,-0.16966702,0.119943544,0.032139216,-0.4325097,0.24962248,0.25772828,-0.15539862,0.4642783,0.14208293,-0.3062078,-0.21778005,-0.65741354,0.26822594,0.40942338,0.32193854,0.37950557,0.37505773,0.49074256,0.31538516,0.35147798,0.23650004,0.47027072,0.47412482,0.48839855,0.4649812,0.34299958,0.3728295,0.3776041,0.46223047,0.6163376,0.32040972,0.43769532,0.30635446,0.21412864,0.6045086,0.39717814,0.43095607,0.60183585,0.45360443,0.30243364,0.39435974,0.40967637,0.30058572,0.52705956,-1.1382592,-1.5750637,-1.5862049,-1.203805,-1.0460383,-1.9253829,-0.6965946,-1.1323678,-0.39452407,-1.0923443,-0.75487345,-1.9368637,-1.4497614,-2.0593503,-2.2534616,-0.9024783,-1.2418376,-2.1672218,-1.4278913,-1.1276617,-0.83696973,-0.25977924,-1.5528619,-1.9616932,-1.1668813,-1.2891748,-1.114,-0.5094274,-1.1204952,-1.1767603,-0.96637416,-1.5670252,0.52752995,0.79332083,0.59529454,1.3433954,0.7463384,1.282432,1.1783736,0.9779937,1.0504079,1.7458246,1.8775893,1.1243236,1.0686693,0.74627006,0.22896093,1.5285738,1.0359753,0.89205796,0.98738843,1.7734402,0.9378942,1.0378078,1.5053549,0.6221612,2.046175,1.7505199,1.3663615,1.2190304,1.0536488,0.9274473,0.75062066,1.3157915
INFP,INFP,-0.1286696,-0.44988945,-0.05682273,-0.13063067,-0.22398333,0.10399745,0.2242384,-0.3030062,0.21620916,0.34209427,0.2730277,0.045293305,-0.2493386,-0.11674587,-0.32566962,0.18375953,-0.3771561,-0.26049256,-0.24339405,-0.14137207,0.00523318,0.2575382,-0.13560513,-0.21278988,0.35597125,0.48599786,-0.003821746,0.2014808,0.11605041,-0.056527566,-0.20515358,-0.34485707,0.35812065,0.46784845,0.3785661,0.4001077,0.40187314,0.5164302,0.3642864,0.4249053,0.3082461,0.4400018,0.5017631,0.48522148,0.5483444,0.3957185,0.45191345,0.46236935,0.4940324,0.639542,0.3604728,0.40322858,0.38991314,0.20739073,0.5895206,0.49663302,0.44515285,0.64107996,0.48362303,0.40613577,0.4579397,0.4706421,0.33160642,0.6146067,-1.2653912,-1.4278919,-1.5628836,-1.3198853,-1.2443833,-1.1790893,-0.5820009,-1.209675,-0.9093473,-0.8461799,-0.7300668,-1.9130493,-1.9921824,-1.5718769,-1.6404176,-1.1823989,-1.4575747,-1.5561329,-1.1479428,-1.1849766,-0.7791549,-0.27965295,-1.4150149,-1.7616854,-1.2384437,-1.666969,-1.2764502,-0.81841576,-1.4791963,-1.4988314,-1.1675034,-1.9710592,0.6742509,0.889063,1.0785375,1.0679177,0.93252635,1.3026559,1.155507,1.065866,1.3185973,1.2907327,1.8210995,1.4073108,1.5809623,0.7178097,0.6718103,1.4656231,0.9306878,0.9869996,1.0072365,1.4405003,1.1739199,0.72227395,1.6200752,1.0412325,1.5245689,1.9825765,1.6603827,1.1112705,1.1022344,0.996499,0.82762146,2.658566
Infp🍀🌸🌷🪻🫧🌊🪼,INFP,-0.16057004,-0.5354931,0.077733785,-0.057703827,-0.04667078,-0.20720923,0.47845125,-0.42970318,0.30205983,0.11129895,0.17723127,0.10449948,-0.4948335,0.026029708,-0.46292034,0.22036514,-0.40142834,0.08898079,-0.12563558,0.03151823,0.31108105,0.20542806,-0.2049193,-0.21177939,0.49092627,0.54574865,0.287777,0.092437774,-0.07041355,0.032290794,-0.2908559,-0.006560887,0.40171367,0.50764894,0.3928904,0.4152037,0.37974757,0.55346495,0.39416456,0.40566155,0.2867029,0.5250973,0.53924125,0.5482065,0.54765654,0.38081598,0.5277703,0.44696686,0.4989026,0.55993885,0.3882704,0.44272992,0.41885978,0.2584147,0.54933167,0.56896186,0.44125405,0.6355798,0.4833646,0.4033157,0.4526102,0.4407371,0.33672452,0.63589823,-3.5047274,-1.7043443,-1.6151552,-2.1098301,-1.7252258,-2.1332173,-0.96319956,-1.3575385,-0.6112735,-1.867622,-0.9277879,-2.6206872,-2.3104646,-1.5199311,-2.6704192,-1.2819152,-1.5639057,-1.9889581,-1.9106919,-1.124532,-1.7578168,-0.5523803,-1.6838273,-2.302845,-0.92011154,-1.572495,-1.584892,-0.9115524,-1.5791239,-1.1664585,-1.1813327,-2.4109204,0.85318846,1.2873012,1.2545621,1.6843117,1.1807489,1.7980195,1.603065,1.2810116,1.4561718,1.5432916,4.6709757,1.680568,1.3244878,0.8928718,0.5319208,1.6112957,1.254081,1.3192754,1.1209571,1.9466779,1.1522603,2.5684192,3.664957,0.96827835,1.5882523,1.9864467,1.7877347,1.7522424,0.9861345,1.268217,3.2146263,2.0189166
INFP (PDB),INFP,0.07725159,-0.33013478,-0.028261669,0.06734747,0.020207355,0.060624357,0.23106581,-0.1665503,0.42021313,0.2730879,0.5032318,0.00919274,0.023071289,-0.11047064,-0.37269872,0.11104759,-0.18690908,-0.5298331,-0.44495812,-0.12041666,-0.014125322,0.17129427,0.23405053,-0.11559275,0.2722222,0.05272758,-0.10244437,0.16484927,0.101545855,-0.06339281,-0.31480217,-0.20125622,0.32258326,0.551207,0.4762988,0.5133174,0.4917842,0.5805765,0.5109432,0.5790502,0.4188506,0.7222899,0.6023513,0.45013034,0.6821169,0.49383518,0.40432718,0.42837536,0.5464818,0.9415933,0.4311419,0.64660287,0.5369054,0.22623391,0.57213175,0.44688195,0.46338227,0.65460515,0.66349965,0.3900323,0.49824274,0.4411783,0.36429834,0.78871983,-0.83741754,-1.5872413,-1.53648,-0.9087113,-1.3046386,-1.4611111,-1.2423786,-1.3911213,-0.32692835,-1.8514465,-0.54003835,-1.2226989,-1.3690809,-1.6688923,-1.9176333,-1.2217475,-1.4288142,-3.084115,-1.5927366,-1.230318,-1.40057,-0.35300732,-1.0997844,-1.48085,-0.9695334,-1.7157602,-1.5968393,-0.607898,-1.1861838,-0.82993263,-0.98790365,-1.8153062,0.75400734,1.147304,1.2277073,1.6781844,1.4850906,1.189801,1.2039949,1.555504,2.169425,1.8508667,1.7798741,0.89188766,1.6394336,0.91872036,0.61076045,1.0676167,1.5617114,1.0496957,0.5190374,1.6507723,1.188172,0.8408096,1.6309478,0.7867061,1.4763391,1.3787272,1.8265204,1.0409472,1.1597265,1.1212978,0.85588026,2.1908987
夜職INFP,INFP,-0.14071666,-0.3686405,0.0024840024,-0.3065771,0.3837791,-0.12846123,0.75028247,-0.2226826,0.44200152,0.02456264,0.3098715,-0.1493079,-0.4077468,-0.1016688,-0.559362,0.07026932,-0.11886388,-0.011491889,-0.2536781,-0.24368602,0.2753658,0.11269517,0.23264635,-0.19666044,0.54779553,-0.15758744,0.44552526,0.1960976,-0.12055713,0.05533525,-0.4460295,-0.0408529,0.36002097,0.51995987,0.3614426,0.4330151,0.38517204,0.50640285,0.4307279,0.3726117,0.23359075,0.5853965,0.6036984,0.4563026,0.5002357,0.39677423,0.60655594,0.46368262,0.56053215,0.5209862,0.3023435,0.46703,0.4186741,0.21894035,0.58402705,0.50888836,0.4403369,0.6219587,0.50849676,0.48366258,0.50782317,0.474904,0.3679471,0.6344322,-1.1752912,-1.250522,-0.9731597,-1.3982986,-0.40207416,-1.0754533,-0.16439345,-0.79656,0.021267578,-1.5819408,-0.756872,-0.9511862,-1.2973404,-1.2287602,-2.0997977,-0.857135,-1.2172396,-1.6162908,-1.1101278,-1.1590326,-0.6933195,-0.34686968,-1.251782,-1.4271798,-0.4181733,-1.2383913,-0.63846576,-0.58574045,-1.3060334,-1.0047222,-1.1384645,-1.6364311,0.64131117,1.1309177,0.809964,0.40674382,1.1614954,1.0731585,1.7402492,0.76255316,1.0138966,1.4410226,1.500711,1.1728113,0.60935277,0.56360215,0.48001224,1.1652,1.0652415,0.88006693,0.4679705,1.2414932,1.0344155,0.54799336,1.2467154,0.6816524,1.4800208,1.0552399,1.49086,1.1210489,0.82493585,1.0125889,0.3780011,2.3643427
INFP kpop songs _3,INFP,-0.0032051106,-0.4602396,0.12680018,0.015655974,0.0130021265,-0.23096783,0.45066229,-0.40885654,0.35744876,0.1856932,0.2068429,0.15419996,-0.3873922,0.030058535,-0.4003016,0.14557673,-0.3997237,-0.043383047,-0.16508973,-0.06093579,0.29035816,0.16529967,-0.15752831,-0.14427301,0.45132348,0.4322726,0.23688059,0.056163386,-0.007988289,0.08929556,-0.40731037,0.0015820988,0.3796843,0.43879524,0.38661858,0.42865542,0.37521553,0.5495927,0.42854932,0.4012845,0.33729693,0.5382281,0.46925145,0.4713888,0.5516928,0.4046175,0.43801925,0.4633224,0.44372252,0.6265808,0.36090827,0.503204,0.4300629,0.18959886,0.53513193,0.4867654,0.48780265,0.6675982,0.4985315,0.3829037,0.49659562,0.4259392,0.3012299,0.6992751,-0.9117536,-1.4103945,-1.0157262,-1.2559445,-0.97916806,-1.5867711,-0.60673904,-1.1330634,-0.5811828,-1.2667562,-0.6356005,-1.3665748,-1.4161166,-1.4127121,-1.917827,-0.91725,-1.335717,-1.7871528,-1.3568496,-1.0219185,-0.68532974,-0.3286116,-1.2716655,-1.48085,-0.90045804,-1.340315,-0.8703298,-0.8551044,-1.7487998,-1.0726703,-1.2040915,-1.3291894,0.6940979,0.5006584,1.5178797,1.6857129,0.92953116,1.3942446,1.4863535,0.84225655,1.5372946,1.5432916,1.2614343,1.2518759,1.2401367,0.9046376,0.41402704,1.8634565,0.6499307,1.158593,0.6702895,1.7113982,1.3391361,0.7018302,1.236995,0.862348,1.3796709,1.630401,1.5005009,1.2434508,0.9215737,1.0601352,0.48343894,2.815913
INFP Radio,INFP,-0.08651866,-0.42407936,-0.13096905,-0.16737133,-0.41055733,0.19346273,0.053183895,-0.2544161,0.14048876,0.56838304,0.36822337,0.023824869,-0.2323411,-0.14201051,-0.41269764,0.31269664,-0.25703233,-0.31416726,-0.14084488,-0.20161137,-0.12449889,0.23596251,-0.29515886,-0.4559397,0.23682572,0.759754,-0.121653214,0.37869465,0.16111866,-0.27140993,-0.07094897,-0.56293863,0.2408627,0.41174453,0.2664284,0.29593867,0.33017734,0.5092481,0.26498225,0.3592374,0.23168395,0.3917831,0.4530288,0.55659866,0.53388983,0.2854869,0.29617152,0.441974,0.48914585,0.5544696,0.34166926,0.2885117,0.3331085,0.19702451,0.53744894,0.34737733,0.4437708,0.55875623,0.46344134,0.3207618,0.47077352,0.3160877,0.30918968,0.53598017,-0.5516782,-1.2787918,-0.6040221,-0.70459306,-1.1497388,-1.267309,-0.6128322,-1.2094628,-0.77668774,-0.56495273,-0.62942165,-1.4923955,-1.199505,-0.9804304,-0.98429585,-0.8919725,-1.2467219,-1.5918003,-0.8904508,-1.0298674,-0.7617396,-0.17242236,-1.1533697,-1.2929486,-1.2581196,-0.3857252,-0.95020074,-0.32945773,-1.725356,-1.0545679,-0.85980994,-1.3176553,0.46526977,0.77923584,0.6039581,0.3344126,0.2885648,1.2600771,0.76268846,0.44016853,0.47683573,1.3586509,1.2803837,1.1585987,1.5755082,0.322124,0.26294768,1.6378081,1.2953221,1.1564656,0.6831313,0.5657225,1.0608014,0.6748046,1.0735942,0.24646051,0.9976558,1.7657415,1.5521653,1.0091485,0.87982035,0.60323733,0.77247995,1.4320323
INFP(1),INFP,-0.49866742,0.35403836,-1.3236334,0.12365017,-0.22193089,1.1929011,-0.560827,0.9975677,0.5836656,0.69892895,1.3045851,-0.563662,1.5577425,-1.1743289,-0.22215217,0.14746445,0.6161206,-2.541029,-1.7154126,1.0167611,-1.2697611,0.050071307,1.8135363,-0.5055314,-0.0509707,-0.68841237,-1.4563731,0.3985585,0.54820657,-0.23744045,0.45963004,-0.8636478,0.6743205,0.50975144,0.34446034,0.6276479,0.53769004,0.46908543,0.42191824,0.47021204,0.34908813,0.59909457,0.6280381,0.42383206,0.6032413,0.3665266,0.5688131,0.4173646,0.41648087,0.71850973,0.42508957,0.48494345,0.48847085,0.34469408,0.8152634,0.3581903,0.59377825,0.5591299,0.54881245,0.51464736,0.3441654,0.6213481,0.55044717,0.51302475,-3.103902,-2.0667102,-2.1011786,-2.339982,-2.1541061,-0.19018865,-1.5349122,-0.9624351,-0.69287974,-1.897187,-0.52929884,-1.8112799,-1.322118,-2.616027,-1.8367994,-1.1939646,-1.674782,-4.2290726,-2.9808807,-1.0635129,-2.632535,-0.6556379,-0.81102407,-1.4689522,-1.52176,-2.5575309,-2.415615,-1.0383863,-0.31029645,-1.4301678,-1.0619721,-2.77861,0.8781477,1.7597314,-0.029034037,1.4409441,1.8389603,2.8284998,0.8931106,2.0014453,1.7001492,1.9143188,3.1359951,0.87139285,2.9333527,0.3693049,1.407764,1.6488959,1.4967898,0.37283918,0.21456155,2.6191986,0.4144581,1.1698467,4.2817965,1.0259671,2.102079,1.451256,1.172916,1.8091638,1.7465106,2.5003066,2.1582172,0.73756415
•♫•♬•Infp vibes playlist•♬•♫•.,INFP,-0.0212807,-0.4604619,-0.01455977,-0.0070467843,0.009528371,0.03075468,0.28937247,-0.34189993,0.39593157,0.33771577,0.3231801,0.111187674,-0.16246268,-0.029143846,-0.38442785,0.1961647,-0.31993198,-0.25558764,-0.275711,-0.091047406,0.12109573,0.18624704,-0.0013859331,-0.16180578,0.36702746,0.2601544,0.0344832,0.16080713,0.09108706,-0.060513474,-0.35488412,-0.17733912,0.38399303,0.46958205,0.51115996,0.39967337,0.43370172,0.637496,0.41590375,0.46432394,0.30239797,0.4582407,0.5311406,0.40163332,0.7115683,0.40615505,0.33967826,0.4009751,0.503401,0.56904364,0.34739324,0.5299731,0.43516654,0.17604418,0.6596695,0.47486436,0.49080923,0.7855635,0.52628106,0.3697723,0.3802526,0.52939105,0.36427402,0.6292797,-1.1171862,-1.4278919,-1.3872857,-1.1556686,-1.0724531,-1.1049073,-0.56007147,-1.1591915,-0.34843355,-0.48642114,-0.509935,-0.69494426,-1.1745423,-1.0077212,-1.6701446,-0.6244957,-1.2130098,-1.4883747,-1.2821901,-1.1569121,-0.6971643,-0.4378847,-1.0450478,-0.97610873,-0.98047125,-1.5290203,-1.0163198,-0.65353537,-1.111998,-1.3305212,-1.2372895,-1.3834659,0.6937504,0.74031615,1.4294698,1.0133035,0.87145746,1.4178629,1.2878782,0.7234809,1.3736943,1.3667835,1.3152816,1.2888756,1.590586,0.657147,0.21743852,1.2305697,0.754206,0.7272986,0.34748754,1.2275413,1.1119556,0.52232987,1.6387514,1.343355,1.3340011,1.8578199,1.6902108,1.084119,0.75566983,1.4290615,0.53313327,1.9806224
INFP mood,INFP,0.010382664,-0.06544183,-0.3713684,-0.066478275,-0.26151004,0.63028514,-0.27872124,0.22803126,0.33598557,1.004849,0.8192375,-0.05603336,0.57288754,-0.41600037,-0.34753218,0.038433105,0.048107073,-1.505629,-0.7477928,-0.30475673,-0.5635209,0.18744758,0.5672175,-0.42399126,0.0771982,0.04787344,-0.7034645,0.39814276,0.5207049,-0.37784952,-0.23086555,-0.9648341,0.3751637,0.43122452,0.49034575,0.51982355,0.5454023,0.54143995,0.3282277,0.5185921,0.36424524,0.58029497,0.5810177,0.39997908,0.5501576,0.49793464,0.50034344,0.43595085,0.5270703,0.7357082,0.43088856,0.7055759,0.37169337,0.26985693,0.7793133,0.4195278,0.40380836,0.6500744,0.47362348,0.44724748,0.38580033,0.45540383,0.4399847,0.5884449,-1.0104822,-0.99967444,-1.6090136,-1.4441442,-1.7911307,-0.8826871,-1.0472035,-0.94543105,-0.67788285,-0.58163625,-0.71532977,-1.174964,-0.87673646,-1.7532775,-1.7953712,-1.2168888,-1.2492185,-3.1104717,-1.928846,-1.4611567,-1.5145448,-0.43458688,-1.7440622,-1.2920648,-1.4984803,-1.5619183,-1.8964502,-0.69716364,-0.58322793,-1.5527508,-1.3515617,-2.1092842,0.9451205,1.4118618,0.44547597,1.4112381,1.8763484,1.6338098,0.9399585,1.5484121,1.7151091,1.9553087,2.8161807,0.74857795,2.118229,0.64490354,0.91500676,1.2953243,1.7356541,0.20592864,0.039830733,1.4348212,0.25756696,1.307389,2.611846,0.73584455,1.0640651,2.0874383,0.39576703,2.0022426,1.2893296,0.8449959,1.2663743,0.69032764
POV_ You're an INFP,INFP,-0.09448258,-0.36968002,-0.21003702,-0.14656237,-0.12090673,0.2765634,0.19257277,-0.17653878,0.29284507,0.37349322,0.42787445,-0.17147997,-0.022723874,-0.18708782,-0.3835609,0.18277442,-0.14693959,-0.50700235,-0.42724714,-0.16819328,-0.06490488,0.27684277,0.14599334,-0.26515457,0.27082273,0.23609519,-0.102652185,0.30329794,0.10720643,-0.23928635,-0.17911516,-0.3484464,0.38642424,0.569941,0.49964127,0.48398376,0.61846656,0.7038613,0.523778,0.5091822,0.4383856,0.75305086,0.61711556,0.60569143,0.6474853,0.48973918,0.48955375,0.49867857,0.5350808,0.76438,0.4524438,0.6155971,0.41976365,0.27005357,0.7282819,0.5534609,0.54478997,0.75687927,0.63852847,0.41259298,0.4309904,0.5058636,0.43046066,0.69051486,-1.1974413,-2.0251865,-1.8522474,-1.3540128,-1.9675752,-1.8100121,-1.2211266,-1.2536776,-0.8757905,-1.9288342,-0.9621487,-2.227652,-1.7199858,-1.6964111,-2.0965648,-1.4755464,-1.6312253,-2.4694421,-1.5773231,-1.2955413,-1.1818647,-0.33103713,-1.9128602,-2.3781016,-1.7182522,-1.6858753,-1.6411835,-0.9433369,-1.2765474,-1.5587212,-1.1297139,-1.8802814,0.9451205,1.2607223,0.9285449,1.3413634,1.4556581,2.0538092,1.4932551,1.4502163,1.7342274,1.9510723,1.9528246,1.2484661,1.781558,0.75446737,0.7788151,1.522762,1.6480441,1.0275509,1.2039334,1.6397953,1.2418551,1.3115586,1.9548945,0.68102854,1.7952178,2.2144036,1.3844377,1.3755765,1.0854735,1.2256885,1.1614379,1.9489572
她是INFP - 她是个可爱善良的女孩 Radio,INFP,-0.26007253,-0.47384948,-0.074276865,-0.18973145,-0.2416333,0.12437493,0.1915312,-0.19685324,0.19161849,0.33011487,0.42398265,0.09844472,-0.3310279,-0.16207747,-0.5625792,0.33042794,-0.2163024,-0.15211652,-0.14402132,-8.662462e-05,-0.033137552,0.1778826,-0.18174097,-0.42359498,0.41072118,0.52568704,0.011483268,0.3654326,-0.0035324907,-0.18971348,-0.01205276,-0.46195576,0.30027327,0.4710741,0.35514474,0.43067354,0.36115327,0.47176823,0.38078365,0.45473126,0.25666773,0.44543839,0.47775626,0.44133815,0.4713391,0.4563735,0.50547904,0.34477672,0.45392188,0.63907677,0.30417734,0.5045554,0.34653062,0.21196175,0.56552976,0.43156704,0.41744566,0.54017526,0.41528183,0.34262562,0.38069656,0.42079267,0.2740366,0.45792297,-0.9531621,-1.3648689,-1.2370044,-1.0821241,-0.9394192,-0.9438505,-0.47439092,-0.9784896,-0.32777476,-0.54422647,-0.5840475,-1.0463678,-1.4863876,-2.0593503,-2.2534616,-0.38454783,-1.2740641,-1.5396829,-0.7603983,-0.82556653,-0.75768125,-0.27826333,-1.2748834,-1.9616932,-0.28065178,-0.69682115,-1.1295505,-0.44653898,-0.6427745,-1.000502,-0.6833296,-1.4143329,0.2322975,1.1617274,0.5273934,1.019736,0.41694936,1.078253,1.4177417,0.9779937,0.98402673,1.2022518,1.8682307,0.96978617,0.57654554,0.50125426,0.37011582,0.9709218,0.7294915,0.973455,0.5786243,1.6393486,0.6651125,0.83222723,1.4219398,0.4763573,1.720542,1.3950541,0.7209473,1.0158143,0.7929051,0.77830803,0.69680077,0.43467116
infp(laylis)-t ☆,INFP,-0.10178792,-0.37924823,-0.11503453,-0.05092376,-0.24778052,0.20834887,0.12192718,-0.2237823,0.21724486,0.34199145,0.32535312,0.021164646,-0.083367966,-0.17311345,-0.3526491,0.21496487,-0.28100157,-0.46618468,-0.39501178,-0.062135495,-0.0076895375,0.2923559,-0.05878065,-0.17941894,0.2820096,0.47241637,-0.09954711,0.20707533,0.10246393,-0.11190493,-0.17038126,-0.24398026,0.41466343,0.58472997,0.52038366,0.47566026,0.49693358,0.64156646,0.47760636,0.5310264,0.39031565,0.6541941,0.59934497,0.57555234,0.6687903,0.46695513,0.50461674,0.5101443,0.563593,0.81983656,0.44959182,0.6064668,0.48971218,0.28104803,0.706018,0.53767204,0.53888345,0.73094547,0.6077499,0.42255965,0.49204323,0.49883714,0.4044944,0.75091666,-2.7279902,-1.9630815,-2.1389692,-1.8192385,-1.9939258,-2.498596,-1.4099805,-1.6737164,-1.7385908,-2.0829172,-1.2940739,-2.7121823,-2.7180517,-2.1441777,-2.5415537,-1.6905241,-1.7664819,-3.3775566,-2.168629,-1.55857,-1.7754184,-0.591437,-2.3636394,-2.237788,-2.614596,-1.8719288,-2.228379,-1.1631463,-2.058224,-1.8348303,-1.4545518,-2.2166512,1.225964,2.3244717,1.9317312,1.69992,1.988441,2.8294213,1.699322,1.8432038,2.1310098,2.011772,2.7415595,2.783562,2.9729888,1.0725031,0.86691254,2.6586776,1.656672,1.2521623,1.1359458,2.4545803,1.4921658,1.5066143,2.763775,1.8447344,2.583556,2.9644105,2.1524632,1.7859292,1.3240148,1.7373807,2.045614,3.71217
isfj,ISFJ,-0.34092343,-0.6622983,-0.06627403,-0.16667664,0.095468,-0.2459087,0.7762602,-0.48685023,0.35253218,-0.10224,-0.11263246,-0.05562314,-0.6981327,0.07690579,-0.5699462,0.2670433,-0.37930566,0.3202307,-0.1345562,0.13520227,0.48393512,0.17585823,-0.32142162,-0.27548683,0.74981976,0.6130815,0.5204663,0.060678657,-0.14715876,0.0019179191,-0.35007855,0.11953214,0.31921753,0.52348953,0.43998635,0.38076895,0.3096265,0.488316,0.36891395,0.40347007,0.29740065,0.42519802,0.38045603,0.451576,0.421578,0.40967295,0.54487866,0.3390073,0.47601837,0.3435289,0.38018438,0.36852008,0.3346543,0.18843703,0.4659211,0.55274606,0.47086576,0.5386668,0.3491851,0.32406896,0.31517926,0.35488358,0.2771485,0.44178164,-1.0486484,-1.479376,-1.6943948,-1.2513077,-0.5445294,-1.7846644,0.028158918,-1.107837,-0.29516292,-1.7881161,-1.168854,-1.3655877,-1.9806669,-1.1912934,-2.5038488,-0.7151097,-1.2933497,-0.73371553,-1.2237173,-0.71991867,-0.3451781,-0.37133333,-1.9985166,-1.7475953,-0.1463344,-0.7826399,-0.22390197,-0.4459498,-1.0282475,-1.1451527,-1.2395597,-0.98834074,0.3159255,0.51477736,0.8290726,0.7543235,1.2874376,1.2028985,1.5950999,0.7098198,1.7495005,1.0494758,0.7229144,1.3008633,0.55561024,0.7366175,0.07221732,1.0897712,0.9511166,0.9935049,1.0043726,1.5367229,1.002332,0.7024924,0.7393252,0.6224624,2.3461435,1.8297695,1.3846953,1.3080579,0.72049755,0.80298185,0.32942662,1.2248987
ISFJ(1),ISFJ,-0.17772608,-0.4947383,0.035619758,-0.12521178,-0.035760112,-0.14859276,0.5050841,-0.3978087,0.2804837,0.16427825,0.17933635,0.028317261,-0.48734206,-0.011227121,-0.46487364,0.20342448,-0.35366067,0.052048083,-0.14767776,-0.04454689,0.26764685,0.20763467,-0.16951895,-0.26933753,0.49659184,0.5182951,0.2925657,0.13555513,-0.047106378,0.025407476,-0.3107726,-0.087649204,0.4520027,0.4814164,0.37482616,0.4581958,0.38681468,0.57050574,0.4071022,0.39514908,0.26341256,0.5474779,0.65055305,0.60530686,0.58227146,0.39640483,0.45643705,0.4134564,0.48143712,0.64510626,0.39124244,0.43166393,0.4657654,0.3004993,0.6213183,0.5080393,0.41330734,0.63829917,0.5127272,0.40675703,0.49203408,0.42637494,0.4093797,0.68299514,-3.5047274,-1.6253624,-1.4371349,-2.1098301,-1.7252258,-1.9236637,-0.33131248,-1.2598433,-0.487544,-0.9717067,-0.9057461,-2.6206872,-2.2530587,-1.5199311,-1.9222883,-0.91725,-1.335717,-1.6446337,-1.7165248,-0.9112414,-1.7578168,-0.468147,-1.5013216,-1.6239829,-0.5188387,-1.2215613,-0.98909444,-0.8551044,-1.4531099,-1.0667666,-0.9532885,-2.4109204,0.6150381,1.0970147,0.9160349,1.452403,0.97448796,1.3003793,1.535259,0.9858882,1.2625395,1.5432916,4.6709757,1.5463253,1.3244878,0.7518043,0.60139114,1.3235132,0.8487313,1.2080785,0.90101594,1.5592262,1.2225379,2.5684192,3.664957,0.5435563,1.5654942,1.8578199,1.5833341,1.7522424,0.88341993,0.9403111,3.2146263,2.0279067
ISFJ _3,ISFJ,-0.014482716,-0.3321423,-0.17219533,-0.0148973605,-0.090707794,0.19356117,0.0957473,-0.073226325,0.33484027,0.39939317,0.49945098,-0.11641192,0.0032698594,-0.23030469,-0.3610727,0.09250889,-0.14807904,-0.662836,-0.4402613,-0.1152748,-0.15687987,0.2533,0.21749446,-0.25882408,0.25200993,0.18953387,-0.20483293,0.26316756,0.22364326,-0.1833558,-0.20814656,-0.45723438,0.36780843,0.51095223,0.4640828,0.5182237,0.5128326,0.5898498,0.51079506,0.51445967,0.3699868,0.7112819,0.627074,0.49773666,0.59498966,0.47000748,0.5424593,0.4848979,0.5364706,0.7953638,0.44244945,0.64385104,0.44708696,0.26736036,0.65364915,0.5214995,0.50686777,0.66862416,0.5885549,0.4413611,0.44931242,0.47832403,0.41825077,0.71086156,-0.99134964,-1.4347627,-1.7794149,-1.4441442,-1.5543022,-1.7400388,-1.2423786,-1.2536776,-0.5972253,-1.9465308,-1.1830081,-1.928595,-1.5263187,-1.899058,-2.2385592,-1.7119706,-1.374989,-2.7471347,-1.9679087,-1.2279071,-1.1752883,-0.4727358,-1.2808253,-2.0233676,-1.4984803,-1.8390845,-1.7653203,-0.8571413,-1.4791963,-1.5527508,-1.1747688,-2.1756778,1.0359523,1.1101844,1.019704,1.9097737,1.4556581,1.6262146,1.5568495,1.555504,1.8129069,1.8458666,2.8161807,1.2865227,1.6894112,0.80062366,0.91500676,1.7516587,1.4115007,0.9856296,0.660891,1.9446818,1.1739199,1.307389,2.611846,0.86157185,2.0962775,2.073169,1.6603827,2.0022426,1.39036,1.0302607,1.2663743,2.658566
ISFJ(2),ISFJ,-0.0655639,-0.5134035,0.07356193,-0.017443268,-0.036732897,-0.15215391,0.43464768,-0.40591177,0.3379181,0.15617833,0.19208531,0.10226539,-0.41363144,-0.015933998,-0.3350771,0.122535095,-0.46919963,-0.078967795,-0.19656156,-0.061359562,0.23200205,0.22736439,-0.12832828,-0.11193865,0.4749131,0.4331783,0.1825863,0.060954485,0.055160884,0.11652547,-0.36702228,-0.09320809,0.3496321,0.4503155,0.36996976,0.4043657,0.37625626,0.47360104,0.3797486,0.37786788,0.28553554,0.4906207,0.53109705,0.48692873,0.51818466,0.34936932,0.44476616,0.40910438,0.5208851,0.5742151,0.36645496,0.45358098,0.39555526,0.21634494,0.6146606,0.50526184,0.48456928,0.704171,0.4808378,0.34514955,0.45419258,0.40985215,0.25927225,0.67437655,-0.94002205,-1.836648,-1.1401515,-1.0636798,-0.9481546,-1.6430176,-0.74574983,-1.309444,-0.5656627,-1.9319366,-1.0860423,-1.2510571,-1.7160348,-0.88803816,-1.8882737,-0.7937147,-1.3030105,-1.8132249,-1.3211006,-1.1883076,-0.7702134,-0.57313925,-1.6862766,-1.6456133,-1.0520926,-1.1207479,-0.9710646,-0.69716364,-1.4791963,-0.9890303,-1.1675034,-1.5824997,0.6742509,0.79698056,1.320829,1.4856181,1.1614075,1.0751138,1.7847995,0.6044674,1.5189284,1.2057158,1.7776874,1.4813907,1.3155192,0.8520925,0.6718103,1.4656231,0.9648202,1.0874454,0.76581335,1.7997912,1.2225379,0.7006142,1.5058539,0.7825607,1.5903817,1.8990881,1.6603827,1.1464386,0.8108695,1.0423563,0.26385376,2.658566
isfjが好きな曲,ISFJ,-0.09368621,-0.56712717,-0.10359726,-0.15434043,0.062662646,-0.09430833,0.59640926,-0.40686116,0.33100387,0.08302258,-0.039768282,-0.19615047,-0.5396776,-0.049779393,-0.29704264,0.069717035,-0.42540303,-0.049494173,-0.22853725,-0.18471223,0.26795918,0.27290225,-0.13444494,-0.140909,0.53605974,0.4227396,0.25930318,0.033434194,0.066846535,-0.005681489,-0.41818622,-0.0932204,0.39964062,0.46993667,0.34110537,0.4633972,0.47787648,0.50941586,0.4362094,0.35533756,0.32137194,0.5534117,0.44748384,0.52991265,0.48335776,0.40714478,0.48554122,0.40663972,0.4335803,0.43523383,0.36187464,0.4142315,0.34786782,0.19303054,0.59867257,0.54076385,0.44826818,0.69925827,0.45481256,0.3628396,0.38354293,0.42822877,0.29729623,0.5237549,-1.0697474,-1.5934058,-1.2484657,-1.520166,-1.8064771,-1.2670163,-0.86069643,-1.2601912,-0.8501455,-2.0846803,-1.0091256,-2.0504756,-1.7262707,-1.1093866,-1.8671858,-0.82458776,-1.1325617,-1.4572643,-1.5479065,-0.95343935,-0.5550815,-0.22704385,-1.2950754,-1.8024799,-0.6476511,-1.1200933,-0.604345,-0.66850245,-1.00656,-0.9178534,-1.1957201,-1.4009886,0.96883583,0.7025859,0.755081,1.593992,1.4990381,1.1171099,1.4107482,0.71370554,1.634142,1.3027639,0.99541533,1.3103831,1.413854,0.7884298,0.5599864,1.2526914,1.0219959,0.8525811,0.66357255,1.5656325,0.96260935,0.73956823,1.0807042,0.65003365,1.5718929,1.8894072,1.4218068,1.1411397,0.7578881,0.85939,0.44810048,1.2761616
ISFJ(3),ISFJ,-0.19312489,-0.48192397,-0.06948538,-0.13132799,-0.10219458,0.058501653,0.38441038,-0.32001033,0.29645485,0.2367725,0.25070214,0.073993675,-0.28719077,-0.055401657,-0.50898474,0.26024458,-0.307646,-0.14806779,-0.29302868,-0.028638149,0.15077716,0.21058093,-0.1352714,-0.24677484,0.4753529,0.45984602,0.13565856,0.2194967,-0.009867417,-0.06000697,-0.2682522,-0.13961986,0.4680076,0.5385711,0.4794503,0.4802328,0.5006424,0.6384503,0.4793074,0.5102706,0.3499546,0.6412631,0.64587986,0.58934164,0.5901056,0.47824073,0.4886272,0.41196683,0.5333563,0.7745089,0.46741584,0.58156335,0.48633397,0.29239163,0.7124151,0.5328391,0.47703537,0.73150325,0.5688564,0.42240942,0.48625004,0.449323,0.44666958,0.6884767,-3.5047274,-1.7306077,-2.1912038,-2.1098301,-1.7330714,-1.6116307,-0.9713557,-1.2468249,-0.638135,-1.935543,-0.92445815,-2.6206872,-1.7486768,-2.344187,-2.375798,-0.89860857,-1.2875217,-2.874931,-2.0741124,-1.1745366,-1.7578168,-0.47841477,-1.703255,-1.8248485,-1.5060973,-1.8271172,-1.9898306,-0.49766165,-1.503626,-1.5514982,-1.1498826,-2.4109204,0.6910661,0.9079557,1.2035434,1.6857129,1.4667963,2.7868505,1.6041269,1.8506162,1.7468405,1.8002616,4.6709757,1.4629765,1.3244878,0.9120615,0.5640685,1.6112957,1.1394546,1.2383388,0.83764094,1.8314159,1.0020065,2.5684192,3.664957,0.95716244,1.6971444,2.1710825,1.3759458,1.7522424,1.2323058,0.8906489,3.2146263,1.5824528
ISFJ(4),ISFJ,-0.2843711,-0.5811297,0.06908265,-0.10750917,-0.083711736,-0.18172316,0.5627549,-0.5242709,0.2812804,0.03783888,0.06471885,0.121151075,-0.5679289,0.08276127,-0.50806355,0.30710292,-0.42594126,0.22312169,-0.12963583,0.09841037,0.4089552,0.19974351,-0.31721258,-0.20665753,0.59061474,0.6887968,0.38306937,0.083492,-0.13693766,0.04890941,-0.2766569,0.10738317,0.41654113,0.5248664,0.37636688,0.4130487,0.36353922,0.48444897,0.38924724,0.3762559,0.29378134,0.5094182,0.570584,0.55377585,0.5330889,0.37614664,0.45372653,0.389926,0.4685873,0.5041058,0.375419,0.40942997,0.40948534,0.25573915,0.6257159,0.53800106,0.47618338,0.65693057,0.41625082,0.3804331,0.44456854,0.42475975,0.33664268,0.66930556,-3.5047274,-1.6253624,-1.3743464,-2.1098301,-1.7252258,-1.6672826,-0.6908058,-1.2567183,-0.6112735,-1.7776083,-0.9870652,-2.6206872,-1.9172132,-1.5199311,-1.9416364,-0.7384386,-1.4527986,-1.4769251,-1.7165248,-0.9803124,-1.7578168,-0.468147,-1.905334,-2.137429,-0.9025798,-1.1660247,-1.1136333,-0.5542328,-1.497077,-1.0322461,-0.9128234,-2.4109204,0.75739235,1.2873012,1.2448387,1.4830271,1.2034911,1.1929208,1.5062762,0.9858882,2.1560173,1.5527864,4.6709757,1.5463253,1.3244878,0.8416865,0.4555733,1.4472661,0.8588146,1.2889396,1.0494218,1.7006958,1.3251576,2.5684192,3.664957,0.97691023,1.8091705,2.2187505,1.6608083,1.7522424,0.965971,1.1818011,3.2146263,2.079121
ISFJ(5),ISFJ,0.032325692,-0.29966012,-0.012764985,-0.29989848,-0.07678607,0.4475097,-0.0028942144,-0.2132507,0.355143,0.90947926,0.8924569,0.2149913,0.36277398,0.08042154,-0.5232323,0.17310418,0.038378406,-0.7289003,-0.36828405,-0.5871938,-0.21361703,0.11160808,0.46249804,-0.29929054,0.041053437,-0.12298465,-0.391784,0.51935244,0.18054326,-0.4230785,-0.32336932,-0.73853904,0.27601555,0.38152924,0.19252548,0.30672666,0.4419051,0.39035383,0.31235164,0.32557383,0.27556035,0.4265899,0.35168746,0.3051245,0.4016493,0.19060872,0.3561383,0.36196938,0.43449974,0.49577504,0.23787218,0.2737903,0.23720987,0.19555911,0.46268284,0.389421,0.31987327,0.52022123,0.38843587,0.3132932,0.34751517,0.28325334,0.38371384,0.52248895,-0.7442578,-1.1035286,-0.29593322,-1.1069903,-1.5114286,-0.27366883,-0.77563035,-1.3144764,-0.9087932,-0.034803335,0.21909979,-0.48674312,-0.46759894,-0.5681876,-1.2832836,-0.38930368,-1.0284095,-1.6975485,-0.8782073,-1.0126925,-0.5909974,-0.21005212,-0.75348246,-1.120255,-1.0284486,-0.96319264,-1.2637526,-0.124316104,-1.144448,-0.9427013,-1.075289,-1.7497872,0.6328487,0.37526986,0.3757702,0.19723204,0.7194456,1.4245069,0.707111,0.26601017,0.73414785,1.6281525,1.824354,0.8985193,1.116407,0.58015954,0.25104994,1.4522371,0.79028857,0.2188437,0.22402148,0.07337778,0.45813173,0.73512405,1.4912386,0.78197247,0.6418508,1.3991517,0.6751801,1.2745458,0.75025713,0.124234535,0.59026843,1.104728
ISFJ songs,ISFJ,0.04470159,-0.26338607,-0.10030182,-0.07132538,0.01776257,0.19056338,0.14143582,-0.15178289,0.4170016,0.50899863,0.62466073,-0.07999535,0.13929069,-0.13612272,-0.339874,-0.0015626538,-0.10811281,-0.69838035,-0.44249606,-0.32061368,-0.18502997,0.20421953,0.36740085,-0.20385529,0.22694676,-0.05888976,-0.16432069,0.25233224,0.25836724,-0.15430835,-0.38821614,-0.5005621,0.4495069,0.40427876,0.43403414,0.5612416,0.51050764,0.5554653,0.47856772,0.45402578,0.34778,0.67650557,0.6486756,0.534116,0.5833053,0.38477847,0.5118527,0.4040845,0.5536649,0.8049697,0.4627827,0.54485476,0.42446855,0.2081963,0.7815781,0.52708936,0.5076506,0.73830175,0.5280475,0.44850382,0.41902167,0.45423084,0.33242986,0.7213142,-0.89685494,-1.0539024,-1.2097266,-1.2401552,-1.0414387,-0.8721938,-0.8733326,-1.0554959,-0.24132012,-0.8564679,-0.7261558,-1.328365,-0.86988187,-1.6964111,-1.8833559,-0.82265174,-1.1875614,-2.2690997,-1.737808,-1.1828285,-1.0310001,-0.30632618,-1.2808253,-2.0034823,-0.8415562,-1.6858753,-1.3567482,-0.53668004,-0.59670985,-1.0421687,-1.0544062,-1.7362198,1.2171429,0.56551516,0.7719652,1.9018035,1.223483,1.3147289,1.1472415,0.7849765,1.7956144,1.684064,1.8792199,1.2865227,1.5948367,0.64490354,0.570332,0.9579459,1.1090566,0.5766846,0.6396041,1.2079878,0.76592386,0.6336942,1.9705305,0.58325833,1.5503436,1.6144449,1.0540041,1.3409733,1.241611,0.9749644,0.4940617,1.0436597
SHSI Isfj playlist,ISFJ,-0.18828326,-0.5974084,0.15232193,-0.07554843,-0.019317618,-0.2578513,0.5293346,-0.501858,0.2747818,0.044805776,0.1784742,0.13962547,-0.56239676,0.10086798,-0.48683786,0.30297136,-0.40010095,0.26153213,-0.079723574,0.032776937,0.38116094,0.19200298,-0.21624418,-0.1866988,0.4952143,0.5447241,0.3790563,0.1139834,-0.14940426,0.031447012,-0.26091838,0.094472736,0.39100212,0.46250343,0.41342485,0.39775193,0.35280758,0.4714962,0.3724188,0.36673397,0.27436417,0.4480559,0.5102678,0.5417285,0.5079908,0.30812657,0.45376697,0.39380622,0.44841006,0.49414364,0.31826493,0.34349164,0.39353773,0.21704088,0.5063778,0.5637755,0.49694386,0.6414275,0.39470083,0.3314969,0.4364861,0.43886232,0.25153685,0.69042116,-1.1171862,-1.5987085,-0.5574711,-1.2028056,-0.89423037,-1.3149754,-0.6908058,-1.1660626,-0.35462207,-0.56723166,-0.79731405,-1.2510571,-1.7160348,-0.611928,-2.040796,-0.57510066,-1.3498607,-1.1795298,-0.8429461,-0.89593047,-0.50319487,-0.43873844,-1.7068514,-1.758757,-0.79044455,-1.1548725,-0.71230173,-0.40749297,-1.4808174,-0.75437665,-0.9107698,-1.2990701,0.6973726,0.465884,1.1014098,0.6026708,0.82782733,0.9534102,1.0471089,0.56062025,0.96774167,1.3221251,1.2353927,1.4136623,0.60837007,0.7518043,0.21433797,1.3578886,0.6104638,1.1782936,0.6921285,0.62354994,1.2260525,0.5975648,1.030389,0.8797475,1.4025378,1.8990881,1.5449964,0.8782052,0.71453446,1.0400417,0.19945775,2.231859
ISFJ(6),ISFJ,0.017899364,-0.31617996,-0.036989726,-0.15089211,-0.1507432,0.18570466,0.14310484,-0.1770534,0.29332247,0.63379115,0.4647652,0.247966,0.010288523,-0.12609796,-0.43562934,0.10861242,-0.27376974,-0.5360041,-0.29136097,-0.37443694,-0.13248843,0.15824214,-0.020838488,-0.2881215,0.3011911,0.23186424,-0.13155533,0.31328908,0.19432235,-0.1162613,-0.362754,-0.5408543,0.28094256,0.46580473,0.31182045,0.3753675,0.34442568,0.47798178,0.35269046,0.42027146,0.21900494,0.46783304,0.49255309,0.3909313,0.47061017,0.39979544,0.5081601,0.3864814,0.527103,0.5883617,0.2783737,0.36872232,0.35418317,0.25736558,0.5710793,0.52117443,0.39604405,0.60063154,0.44843888,0.41635978,0.40516177,0.4580283,0.27176943,0.5073054,-0.7997134,-1.207153,-0.71968764,-0.8881452,-1.0296469,-0.6376646,-0.5565304,-0.8878001,-0.27690983,-0.35725227,-0.59085417,-1.0449271,-1.1803625,-1.143983,-1.7563225,-0.7015585,-1.1777887,-2.0874975,-0.977468,-1.03402,-1.0406499,-0.23065649,-1.2152535,-1.4895738,-0.67713267,-1.105095,-0.8568641,-0.3978153,-0.9495203,-0.83161825,-0.9231445,-1.3661611,0.5634331,0.56343913,0.8136139,0.6704805,0.5791671,1.2226613,0.95925653,1.0284197,0.7050359,1.5352036,1.5318438,0.9512175,0.80637926,0.47148895,0.27179933,0.7890052,0.8487313,0.6092578,0.48006994,0.31831914,0.6983925,0.9383211,1.4090699,0.56543285,1.0422969,1.4525653,1.1408459,1.0425502,0.94155294,0.9493583,0.27046522,0.5417704
ISFJ(7),ISFJ,-0.13566321,-0.48321614,-0.07385554,-0.024778482,-0.27761987,0.1446532,0.17930134,-0.30403048,0.23025268,0.25449583,0.22506934,0.119601324,-0.26666623,-0.14792284,-0.35038462,0.2753564,-0.43242052,-0.2776743,-0.30189455,0.0069311243,0.086989895,0.30555978,-0.2336555,-0.14154658,0.39121857,0.6312632,-0.039426588,0.16397533,0.064825326,-0.02342002,-0.16998307,-0.16776548,0.47568277,0.5119062,0.5520815,0.43993136,0.46567172,0.56944287,0.35431024,0.474529,0.30463138,0.52106047,0.69506776,0.5426187,0.49537954,0.41733262,0.42299107,0.39098296,0.5203496,0.63893735,0.39043677,0.510556,0.44970533,0.3203559,0.7012772,0.49109575,0.48950553,0.6921991,0.5503646,0.41036674,0.40800428,0.48511896,0.4655117,0.6756154,-3.5047274,-1.6018459,-2.150147,-2.1098301,-1.7252258,-1.1856891,-0.526433,-1.0398035,-0.6059874,-1.3307576,-0.9695096,-2.6206872,-1.1803625,-1.735337,-1.6580627,-0.61081403,-1.3811009,-2.9126656,-2.021132,-1.006988,-1.7578168,-0.2065589,-1.6173574,-1.2691486,-1.2262762,-1.0637649,-1.9832346,-0.73468256,-1.1772935,-1.5807583,-1.0735605,-2.4109204,0.8496154,1.0173556,1.5612042,1.2183231,0.8252398,2.516904,1.0626684,1.7933675,1.0842123,1.7316542,4.6709757,1.3775792,1.0469898,0.72989935,0.49765688,1.3654524,0.77687055,1.0223165,0.42668745,1.591571,1.0020065,2.5684192,3.664957,1.0841447,1.8201339,2.2923832,1.1906208,1.7522424,1.0609467,1.0337679,3.2146263,2.0174437
ISFJ ,ISFJ,-0.123443894,-0.48496658,0.13325043,-0.07490831,-0.04402118,-0.1895101,0.47362062,-0.42868632,0.27971566,0.15233485,0.24539901,0.13807327,-0.43893364,0.04805402,-0.3910073,0.16205144,-0.39389315,0.025410516,-0.11650283,-0.055208463,0.25663587,0.18507849,-0.124254264,-0.15886527,0.45566767,0.43354154,0.25726488,0.104515135,-0.036623895,0.0751825,-0.3041854,-0.052582152,0.38155398,0.5123862,0.30319056,0.35419133,0.38772106,0.4457456,0.43909264,0.37214252,0.28916615,0.5277259,0.5507333,0.5601846,0.5978521,0.33090043,0.5132483,0.3925091,0.4050277,0.5420216,0.2715593,0.38014096,0.43615946,0.24918498,0.6416185,0.5347158,0.4493741,0.7487623,0.4315412,0.35205063,0.3820503,0.44709337,0.26886445,0.61690533,-1.1171862,-1.3178983,-0.49973184,-0.9913131,-1.3387754,-1.3172616,-0.6173005,-1.0156783,-0.6112735,-0.63112825,-0.9326673,-1.3068067,-1.537027,-0.6475246,-1.7502242,-0.7891548,-1.3135556,-1.2267236,-0.84987164,-0.89593047,-0.3991021,-0.4797706,-1.8645062,-1.4921948,-0.3899466,-1.358383,-0.97733724,-0.7207244,-0.9774877,-0.8685383,-0.9108547,-1.2532209,0.6973726,1.2873012,1.0451244,0.6789042,0.76134247,1.1594615,1.349515,0.51037925,0.8635215,1.38602,1.4055897,1.4886665,1.2324897,0.57037425,0.52914494,1.0965676,0.43274465,0.89846367,0.4737588,0.61525494,1.1716329,0.5510886,1.0781931,0.80386627,1.3152895,1.8578199,1.3592775,1.0130275,0.7243288,1.3767935,0.18620385,1.6125777
ISFJ Playlist,ISFJ,0.023565533,-0.24655059,-0.0954276,-0.10784121,-0.037169646,0.13210863,0.1514998,-0.0866834,0.34985662,0.48053995,0.56256306,-0.09759261,0.020171244,-0.2070015,-0.33897698,-0.01889413,-0.12539476,-0.69086814,-0.3917251,-0.28146544,-0.17012863,0.22932024,0.2826568,-0.25340888,0.23200037,0.071657665,-0.1157784,0.2359111,0.26374736,-0.097450614,-0.32013062,-0.5161235,0.42989573,0.47333062,0.4379862,0.53380597,0.50801307,0.66892004,0.5050947,0.4963291,0.3427958,0.7097102,0.6385625,0.5909613,0.64039755,0.4329835,0.55742335,0.48459384,0.560133,0.7890693,0.45396075,0.58880734,0.45456326,0.26241297,0.70750594,0.5572411,0.4957562,0.7247536,0.57841927,0.49547443,0.4491693,0.49815977,0.40642416,0.690816,-1.2775795,-1.2338423,-1.55571,-1.9278189,-1.2439501,-1.7003108,-1.0276324,-1.1406574,-0.6349844,-1.778262,-1.0722064,-2.198217,-1.7931954,-1.4187437,-2.1013186,-1.311408,-1.3482441,-2.5308418,-1.8965956,-1.2036295,-1.2331284,-0.7709695,-1.4413443,-2.083808,-1.4984803,-1.7797571,-1.3605285,-0.91449875,-1.2077223,-1.4206097,-1.3144529,-1.7532883,1.2171429,1.2472626,0.96840084,2.00568,1.3187191,1.795422,1.6941751,1.2465957,1.7956144,1.8409058,2.8161807,1.2865227,1.9800144,0.6919439,0.73487073,1.0368534,1.6145306,0.9920296,0.81463015,1.875948,0.95141804,1.307389,2.611846,0.7430786,1.5503436,1.6181803,1.4237057,2.0022426,1.2525754,0.99290967,1.2663743,1.3831053
Isfj(8),ISFJ,-0.049136724,-0.45467764,-0.06818291,-0.02268732,-0.08048581,0.07584422,0.22807509,-0.2814353,0.3110359,0.26189077,0.31757027,-0.021663336,-0.18578616,-0.07887646,-0.3359388,0.14597644,-0.31122357,-0.31595257,-0.33018544,-0.08979462,0.043474432,0.24311422,0.005200651,-0.14921346,0.33579457,0.3392368,-0.037667558,0.18114376,0.114927225,-0.09438491,-0.2646403,-0.23634078,0.37232515,0.5134063,0.41989264,0.45714167,0.43066174,0.552678,0.40763167,0.43248037,0.34395513,0.631388,0.58312577,0.49698374,0.5802983,0.3851509,0.46003583,0.47719285,0.5362348,0.6718385,0.39921424,0.57701486,0.42095467,0.2307038,0.60069704,0.44863907,0.5065765,0.65326405,0.485304,0.39173996,0.42915118,0.4458907,0.32981548,0.68602514,-1.0945916,-1.9420171,-1.5892191,-1.4265302,-1.2924092,-2.1088197,-0.55228704,-1.3740467,-0.56322396,-2.668752,-1.0408612,-1.5968958,-1.71362,-1.899058,-2.2385592,-1.3164923,-1.413771,-2.824904,-1.6780498,-1.1320673,-1.0799515,-0.4022043,-1.6920389,-2.0233676,-1.48815,-1.4158102,-1.2646847,-0.9686277,-1.1648192,-1.5807583,-1.1675034,-1.9727871,0.77165645,1.5897931,1.2338718,1.6244802,1.1131915,1.4573585,1.5162073,1.039663,1.4932535,1.8619485,1.7509395,1.2284194,1.2400429,0.9614713,0.7749649,1.3690001,1.5338306,1.0456152,0.8036442,1.9464313,1.1592761,1.1106482,1.4030379,1.1257606,2.3105805,1.6642061,1.6530632,1.2853373,1.1913397,0.9074394,0.7928463,2.3506458
isfj(9),ISFJ,-0.10173493,-0.39533013,-0.04861658,-0.11803443,-0.21716869,0.16429839,0.15427557,-0.15214342,0.2829782,0.46389577,0.47517377,0.16863874,-0.11958345,-0.14423126,-0.48924068,0.20749263,-0.26515737,-0.42888683,-0.25743952,-0.11975876,-0.10592774,0.18173616,-0.09755515,-0.3294696,0.37121373,0.3971933,-0.11109862,0.3207528,0.145901,-0.13351402,-0.17388609,-0.50307244,0.34857392,0.5088649,0.37008578,0.45326352,0.43899935,0.52895516,0.35717595,0.40769514,0.29792738,0.54078126,0.511477,0.46799138,0.5026104,0.3531726,0.4829899,0.42221546,0.5006165,0.63214505,0.37287483,0.4990612,0.36170807,0.2518598,0.6352992,0.46090105,0.41058075,0.6364671,0.47083595,0.3842287,0.38353682,0.44293198,0.34731045,0.5797574,-1.1515417,-1.836648,-1.2312989,-1.3287171,-1.6193118,-1.26921,-0.72694355,-1.309444,-0.5963514,-1.3293056,-0.8401835,-1.7372584,-1.2164042,-1.0164613,-2.3917966,-0.7937147,-1.5538428,-2.2150736,-1.5106035,-1.1883076,-1.0995595,-0.5986035,-1.8129871,-1.6998495,-0.91518784,-1.1485239,-1.1624504,-0.69716364,-1.0554279,-1.0001231,-1.1675034,-1.5664928,0.7901539,1.4503224,0.69062775,1.2400454,1.1614075,1.3147289,1.2850863,0.88390964,1.7970726,1.6477492,1.7776874,1.494336,1.306906,0.96751225,0.6718103,1.3575994,1.1090566,0.97432953,0.79422927,1.8408712,0.78888613,1.1307831,1.8737494,0.70875,1.9884506,2.1035633,1.4130623,1.3409733,1.0721954,0.9111461,0.81203854,1.1805582
isfj(10),ISFJ,0.036446683,-0.15649682,-0.24020343,-0.10675891,-0.17021595,0.52136266,-0.129866,0.05966633,0.38289753,0.93436867,0.81210357,0.030985873,0.42930284,-0.27090785,-0.45787892,0.14908667,0.0014374733,-1.1088793,-0.5560535,-0.3448622,-0.45965326,0.1890249,0.3740726,-0.4458801,0.09422121,0.10730045,-0.5593589,0.44817114,0.3638714,-0.36636272,-0.28368124,-0.8652414,0.30107334,0.46825588,0.36330327,0.6072309,0.6205515,0.5492804,0.21186975,0.43457872,0.37745348,0.54153794,0.36254072,0.48087305,0.5900582,0.3656904,0.3325382,0.3539876,0.67257273,0.54141194,0.35251984,0.6958628,0.21798266,0.31258103,0.75213885,0.29440555,0.4106957,0.7919347,0.4218988,0.33724117,0.35341108,0.41074386,0.32598373,0.46449643,-0.66482306,-1.4843673,-1.1707702,-1.2669686,-1.1653566,-0.5341833,-0.46886075,-0.66329044,-0.07302497,-0.3010868,0.26907974,-1.1641347,-0.6074065,-0.95908624,-0.97156,-0.53869784,-1.339362,-1.9905306,-1.2154826,-1.0828621,-0.8082123,-0.27720472,-0.8886273,-0.7628863,-0.9362915,-1.4607975,-1.154505,-0.2459296,-0.16417268,-1.1068972,-1.0761017,-1.472919,0.56083405,0.3805909,0.23676588,1.2261795,0.774403,1.5279329,0.3924625,0.8094092,1.1673046,1.6901602,1.5086613,0.7719057,1.4779766,0.24060896,0.052369032,0.68594384,0.9531463,-0.31543165,0.11238789,1.3261287,-0.043942768,0.86123174,1.8068461,0.0462715,0.6736678,1.4818211,0.27481747,1.2955782,0.9355768,0.28492683,0.16002935,0.15016189
ISFJ Radio,ISFJ,-0.03947465,-0.32674354,-0.22988948,-0.15969914,-0.2808501,0.31487918,0.03985496,-0.04898781,0.24076201,0.70820427,0.38281807,-0.02024495,-0.114917785,-0.26498735,-0.38329095,0.15424486,-0.23639368,-0.7201671,-0.2734532,-0.29885614,-0.27980274,0.2303564,-0.10853304,-0.48278573,0.34496877,0.5587485,-0.23683552,0.35544682,0.36621854,-0.23686606,-0.2420121,-0.7690217,0.2841593,0.42863533,0.3755505,0.410458,0.42750612,0.5097765,0.29129004,0.42799938,0.25165644,0.5135646,0.5907917,0.43489277,0.5435645,0.3938326,0.4003921,0.37748072,0.49830404,0.6148117,0.3920905,0.48473874,0.35694915,0.21950418,0.6466048,0.36533418,0.38579527,0.70055616,0.4125782,0.3833489,0.32916272,0.39868498,0.3214107,0.48996437,-0.93402165,-1.2972697,-1.4728515,-1.3889107,-1.1653566,-0.82585776,-0.665575,-0.7487975,-0.17705385,-1.2583213,-0.70371705,-1.0685366,-1.3187598,-1.9043971,-1.4031336,-0.5647441,-1.22769,-2.5676045,-1.4039052,-1.1706833,-1.1679854,-0.23469025,-1.0076396,-1.1270975,-0.4556661,-1.4874624,-0.9812012,-0.51490635,-0.40867504,-1.2799377,-1.0560483,-1.6560059,0.43573156,0.9062295,0.24188195,0.923689,0.904688,1.6097987,0.8015166,1.6250643,0.87249243,1.6981084,1.6316786,0.85444933,0.92874634,0.3927509,0.45292324,0.9983884,0.8866217,0.16844603,0.4475323,1.6636925,0.5239314,0.62413,1.553782,0.46625045,1.5780293,1.7114034,0.59012324,1.3176843,1.0736029,0.8244383,0.44055942,0.59157884
Isfj radio(1),ISFJ,-0.3378689,-0.533916,-0.5411201,-0.21275263,-0.3578466,0.6729241,0.057852305,-0.030871917,0.2682503,0.5495816,0.43756232,-0.08913597,0.027088823,-0.3485544,-0.6232503,0.5542584,-0.16146302,-0.62773675,-0.5428269,0.16679665,-0.18324408,0.26214454,-0.068852074,-0.5081802,0.44188967,0.5495341,-0.40004247,0.4899498,0.11010506,-0.4425791,0.08842488,-0.5294154,0.40380606,0.5174721,0.61645544,0.50269926,0.47430685,0.673781,0.47134522,0.6812251,0.30989113,0.57366884,0.6679153,0.5062291,0.70484465,0.60973084,0.49172795,0.43647507,0.5804123,0.9329162,0.55958354,0.7321886,0.48036295,0.2410731,0.8351884,0.44381177,0.4997088,0.7547629,0.6852367,0.44636047,0.3956844,0.48903933,0.5113056,0.59967494,-2.7729073,-1.8732662,-2.073668,-1.881348,-1.757135,-1.4996544,-1.0564474,-1.3121039,-0.6047019,-1.736798,-1.0046128,-1.9440166,-1.3613567,-1.88601,-2.4195995,-0.5647441,-1.3785478,-3.2644615,-2.1474345,-1.2271588,-1.5487297,-0.4427993,-1.7440622,-1.8791205,-1.0523444,-1.6680617,-2.2451875,-0.51490635,-1.6068137,-2.1057365,-0.8968881,-1.9799402,0.74649906,1.046574,0.91521037,1.4514401,1.2737755,2.6225731,1.6215116,1.6332786,1.2557119,1.8934641,2.8533907,1.4099934,2.0424483,0.81983113,0.98466945,2.4791865,1.4218262,1.4163945,1.2178591,2.0137367,1.0263462,0.95004576,2.9531884,0.8400677,2.1800854,2.0923102,1.5956284,2.3304036,1.0707434,1.622938,2.0614176,1.6731329
ISFJ vibes,ISFJ,0.06063839,-0.33348194,-0.074372254,-0.004471982,0.04718827,0.06965366,0.23858836,-0.095415816,0.47168562,0.35526115,0.56523263,-0.009860645,0.017033808,-0.20087695,-0.3602837,0.0016977395,-0.24140409,-0.6439486,-0.39996898,-0.1557589,-0.10095337,0.20254818,0.27424332,-0.16913366,0.33721948,-0.013421414,-0.14352477,0.1700111,0.22212148,-0.033453934,-0.3532576,-0.40092066,0.37496206,0.5105691,0.47208914,0.49928614,0.51324,0.64879006,0.5069306,0.4845649,0.35206884,0.7320232,0.59965295,0.49751535,0.62231034,0.43623474,0.5873024,0.4697426,0.56585,0.7252269,0.43153703,0.66349226,0.43194816,0.2511411,0.6531865,0.5608261,0.4790568,0.69740915,0.64109373,0.46548033,0.40916806,0.5273042,0.4080911,0.6680394,-1.5177814,-1.836648,-1.8496561,-1.3727179,-2.2640445,-1.8952754,-1.1518328,-1.309444,-0.9422109,-2.1138668,-1.1830081,-2.31761,-1.8304627,-1.899058,-2.4486284,-1.4033657,-1.5797,-3.2648406,-2.4270768,-1.4541299,-1.7214439,-0.77921754,-2.1388886,-2.295937,-1.5416008,-2.2546427,-2.022465,-0.9879965,-1.2415948,-1.6334255,-1.4450424,-2.0290866,1.0359523,1.804207,1.174395,1.9114714,1.9897797,2.333334,1.8351678,1.592488,2.2988145,1.9598305,3.1116564,2.1571808,2.155772,0.8520925,1.0606946,1.4600317,1.5149047,0.9856296,1.0857046,1.9026083,1.1668123,1.1561353,3.907375,1.0657566,2.0962775,2.5125425,2.3104563,2.1662035,1.3695437,1.4483119,1.3572543,2.109976
"INTP playlist (for intps, by an intp)",INTP,0.026697734,-0.37652138,-0.11869228,-0.033483215,-0.06418519,0.13261004,0.18755916,-0.14481442,0.35497716,0.3358587,0.412667,-0.07718748,-0.041857477,-0.17656603,-0.26703277,0.030579712,-0.26854196,-0.59993756,-0.41720185,-0.17904064,-0.08424318,0.25346226,0.1868179,-0.12901413,0.29581258,0.14187478,-0.14467373,0.16816568,0.22465341,-0.06933685,-0.30899513,-0.36783013,0.386429,0.4640356,0.45151055,0.50221497,0.4943592,0.588219,0.47808,0.47780576,0.39568964,0.7260023,0.62626296,0.48634952,0.5804358,0.43062967,0.5447034,0.46424043,0.48526067,0.7456187,0.41099653,0.58665234,0.42917904,0.26202908,0.6521446,0.5466804,0.49500692,0.72049665,0.5458379,0.43207443,0.41868818,0.48182753,0.37504682,0.68950826,-1.1035166,-1.4892936,-1.53648,-1.3262929,-1.4659771,-1.4446446,-1.218244,-1.3351626,-0.5709835,-2.0607882,-1.1830081,-2.0877588,-1.5005364,-1.6964111,-1.8833559,-1.2453275,-1.3999381,-3.0212357,-1.5296358,-1.2279071,-1.3660076,-0.30907977,-1.8442143,-2.0034823,-0.9983393,-1.8341576,-1.4962155,-0.88446546,-1.0464658,-1.432902,-1.1984924,-2.0371532,0.994143,0.69471407,0.91311395,1.9097737,1.3057753,1.80795,1.3588463,1.0995102,1.8129069,1.8341502,1.9293481,1.2846576,1.3347626,0.80062366,0.93555474,1.3359333,0.8611561,0.7891435,0.5592834,1.7686571,0.7786715,1.1917546,1.791222,1.0441095,2.0962775,1.7090179,1.0540041,1.1084025,1.2795547,1.2254976,0.56520396,1.3059069
Intp vibes_ intp playlist,INTP,-0.20323426,-0.3722461,-0.13133666,-0.058098327,0.15001738,0.043076947,0.51597804,-0.072159216,0.43850073,-0.2599491,0.30954304,-0.19504683,-0.23243102,-0.21281315,-0.5675378,0.28059167,-0.0007815376,-0.17751746,-0.35463098,0.24192224,0.16456689,0.17342034,0.039784666,-0.2139089,0.5438746,0.12922236,0.34500083,0.22090645,-0.12630476,0.025003407,-0.15252897,0.06907758,0.47830257,0.6486612,0.6099039,0.5808743,0.52550846,0.6406923,0.5189573,0.56896055,0.52328515,0.8368421,0.6097314,0.65987915,0.68660134,0.53311056,0.5694791,0.4867412,0.6046549,0.7335038,0.48243907,0.78794265,0.48043466,0.26020402,0.64072114,0.61425257,0.6235359,0.7118555,0.63599277,0.41084793,0.4705853,0.54731464,0.43307045,0.8677427,-1.4094983,-1.6521653,-1.7573533,-1.3091501,-1.3294494,-1.7546078,-0.8981442,-1.2536776,-0.7988267,-2.148114,-1.0457791,-1.8627937,-1.9354163,-2.0328825,-2.369465,-1.2242426,-1.1883745,-2.463643,-1.9283956,-1.2279071,-1.3704323,-0.53043514,-1.538861,-1.7377613,-0.8557511,-1.6953354,-1.6441172,-0.65808666,-1.2876072,-1.3266248,-1.1289208,-1.8593158,1.0628941,1.1506529,1.7536708,2.1977532,1.4663624,1.9696683,1.464612,1.8496085,1.7080516,1.4953803,1.8460112,1.8332393,1.4738368,0.8943966,0.4559397,2.4712613,1.9536226,1.066665,0.87923574,2.1623425,1.051544,0.93252265,1.791222,1.3782301,2.2919948,1.7251643,1.9650587,1.096028,0.8369564,1.7271544,0.93173164,2.5328882
intp songs,INTP,-0.06259707,-0.38621014,-0.3980083,0.17504862,0.23682044,0.22621281,0.34637156,0.087159894,0.65094453,-0.21704318,0.40758738,-0.32338655,0.06341765,-0.3474412,-0.4398116,0.17258507,-0.04329254,-0.6057211,-0.61596155,0.42074576,-0.11950914,0.16096944,0.3309971,-0.15362282,0.563652,-0.12177688,-0.14422625,0.2261317,0.10757375,-0.07000494,-0.1587497,-0.087168135,0.44794255,0.54025954,0.522643,0.6310265,0.4935133,0.6219309,0.47844246,0.54889995,0.46868962,0.76418954,0.62573844,0.5679504,0.6392937,0.49429378,0.69410557,0.53631395,0.6252272,0.63554645,0.49437374,0.79405504,0.3981647,0.2958411,0.6782733,0.58658653,0.55957854,0.6647867,0.59275305,0.43838784,0.3951444,0.5054256,0.40277073,0.66700983,-1.225811,-1.836648,-2.0901117,-1.4093236,-1.1232634,-1.444836,-0.55494976,-1.309444,-0.14293446,-1.9922895,-0.84342164,-2.2874908,-1.6878865,-1.899058,-2.485285,-1.3496999,-1.4199827,-2.1279697,-1.8144851,-1.2279071,-1.0765945,-0.65002805,-1.5320774,-2.0418098,-0.60319215,-1.8863412,-1.7675122,-0.6958069,-1.1837234,-1.6567718,-1.0675439,-1.9960976,0.8816863,1.0614487,0.88559735,1.9187328,1.3526303,2.2015932,1.6806858,1.3143784,2.156136,1.2640307,1.9075805,0.9931863,1.6520509,0.8520925,0.91500676,1.6072617,1.7692016,0.67828006,0.84347564,1.9617684,0.77762157,0.8413006,1.8459682,0.7767064,2.2919948,1.392803,1.2732474,1.4854138,1.1826364,1.114205,1.2720233,1.9994643
intp 🧬,INTP,-0.16298811,-0.3215522,-0.24632117,0.0123115005,-0.047246948,0.15000597,0.21306705,-0.02842364,0.34204412,0.07179269,0.45102397,-0.23440205,-0.07205419,-0.29866442,-0.42308834,0.19178662,-0.04866005,-0.4971706,-0.47655436,0.2157876,-0.054583594,0.24541536,0.2155355,-0.25623322,0.31731737,0.22224623,-0.030236414,0.23303978,0.053472906,-0.09573611,-0.06335678,-0.16583847,0.47249618,0.61406404,0.6666518,0.58139884,0.52545047,0.74314976,0.6111164,0.65878725,0.43040603,0.76311207,0.6546327,0.69824713,0.78399,0.5599944,0.58322096,0.5327071,0.601926,1.0152061,0.6222647,0.7118192,0.6298278,0.31191403,0.81456596,0.6155064,0.5985849,0.7505896,0.7935366,0.4300304,0.51638913,0.5131911,0.46637443,0.81719995,-1.640419,-1.867975,-2.2178276,-1.7294548,-1.4266068,-2.007911,-1.3448138,-1.2536776,-0.9785319,-2.3186972,-1.0730516,-2.6766374,-1.846292,-2.2151587,-2.4042425,-1.302756,-1.4429706,-3.5461679,-2.9518197,-1.2279071,-1.9229829,-0.500979,-1.6415648,-2.0144491,-1.530368,-1.8577533,-2.1324928,-0.866055,-1.6604203,-1.9333398,-1.0704641,-2.4320436,1.0799673,1.4709091,2.0780172,1.9261061,1.3752577,2.6886678,1.6566668,1.904428,2.1613762,1.6422583,2.792153,2.0974483,1.952633,0.64490354,1.3757839,1.8372792,1.5125061,1.157574,0.87923574,2.3188653,1.3905476,1.6794183,3.2562962,1.6066595,2.2919948,2.384565,2.675103,1.6305504,1.4105685,1.6858635,1.2868139,3.4202447
intp kpop songs,INTP,-0.07618331,-0.4185304,0.22540404,0.013485077,0.015035171,-0.3289353,0.56324524,-0.46899784,0.28879035,-0.003631747,0.09832346,0.18321693,-0.52139074,0.061938863,-0.4446005,0.20188746,-0.34753263,0.17234406,-0.084769525,0.036997028,0.4537013,0.18259567,-0.25899747,-0.116690926,0.4922184,0.5546035,0.46424103,0.02589575,-0.15879582,0.19032179,-0.35332638,0.24818729,0.3292755,0.5375953,0.43347982,0.34497446,0.34661728,0.44840682,0.33316752,0.36830565,0.30859685,0.51249206,0.515389,0.564357,0.5327209,0.38728383,0.5079815,0.41806933,0.4793633,0.43534726,0.36054435,0.41140166,0.39448926,0.22016788,0.55330074,0.62167305,0.43048236,0.71793705,0.39071688,0.35193163,0.48764837,0.46478647,0.26399454,0.71802086,-1.0211668,-1.6121918,-0.6155744,-1.1135378,-1.054583,-1.274431,-0.082657546,-1.1574497,-0.5811828,-2.153719,-0.83857083,-1.0206896,-1.555453,-1.0238074,-2.2132468,-0.6385083,-1.5506748,-0.77612615,-1.170107,-1.0788578,-0.4724448,-0.35537297,-1.8798995,-2.0629642,-0.82092094,-1.096586,-0.321729,-0.5849374,-1.3688849,-0.9077489,-0.9492841,-1.4354697,0.7889612,1.0407822,1.3138763,1.1532851,0.9213051,0.8879126,1.3953589,0.61989295,1.3112875,1.4191705,1.9915187,1.8656949,1.3060147,0.8041897,0.23907585,1.1824303,1.024779,1.0581546,0.7668191,2.023361,1.1478537,0.71980846,0.9349663,1.1645901,1.4056624,1.7977489,1.5830342,1.2068391,0.5969734,1.5112356,0.32918262,2.298596
INTP's Vibes,INTP,0.04975158,-0.32718995,-0.09863733,0.009036753,0.00426639,0.062062457,0.19520433,-0.15352602,0.38113314,0.3387743,0.49000365,-0.08565303,-0.05441173,-0.19454625,-0.35555494,0.0034571183,-0.21495938,-0.5679796,-0.3893247,-0.20006995,-0.09079011,0.21592349,0.22275606,-0.20352025,0.28125212,0.08770452,-0.10140405,0.20725454,0.21869572,-0.11428178,-0.32454816,-0.39305207,0.35161528,0.52991295,0.44965175,0.46632776,0.48990467,0.56741595,0.4670022,0.499875,0.37557206,0.73861635,0.6152361,0.5082142,0.60798675,0.48538193,0.5444915,0.45638865,0.52477705,0.770696,0.44845074,0.65657014,0.43965212,0.22987351,0.68059045,0.57103115,0.5046129,0.73253787,0.59051484,0.38755444,0.45316428,0.47288367,0.39384487,0.6913013,-0.96034807,-1.836648,-1.8328506,-1.2401552,-1.21685,-1.3939757,-1.0472035,-1.309444,-0.5705347,-2.2877984,-0.7774993,-2.6945708,-1.926195,-1.899058,-2.3917966,-1.2168888,-1.3758179,-2.6976233,-1.798948,-1.2953742,-1.1137538,-0.4253793,-1.5048121,-2.0233676,-1.3506267,-1.8863412,-1.767165,-0.81841576,-1.0245328,-1.5527508,-1.0918475,-2.0160723,0.8076255,1.1101844,0.83463705,1.6891627,1.1910002,1.4689907,1.5942565,1.039663,1.7327812,1.8676491,2.0938127,1.1022555,1.2600547,0.85847574,0.91500676,1.5073011,1.4115007,0.913465,0.72868687,2.4786997,1.0553658,0.75769246,1.8737494,0.7899676,1.9884506,1.9572331,1.4289906,1.3409733,1.2893296,0.9074394,0.9291272,1.3644503
INTP songs(1),INTP,0.079957575,-0.29776248,-0.20349485,0.40097106,0.25710583,-0.11806003,0.34422156,0.16103381,0.70846814,-0.43708387,0.4576902,-0.305006,-0.10190305,-0.41510466,-0.43888974,0.07583641,0.015136698,-0.5750143,-0.4570547,0.59503156,-0.011441615,0.20311208,0.24923937,-0.10300049,0.52015126,-0.025629405,0.024268998,0.12532541,0.05774983,0.12608975,-0.07350152,0.10572592,0.46003085,0.5829147,0.6266564,0.63271314,0.5008869,0.7259727,0.4798563,0.572766,0.54206306,0.77950823,0.63943756,0.62338203,0.66603947,0.5010834,0.6495631,0.4934255,0.59215635,0.7215054,0.5666586,0.8195319,0.4916335,0.28666958,0.66938865,0.6086821,0.6771752,0.6745962,0.69824,0.4392637,0.38401353,0.4874677,0.4822766,0.67563754,-1.6250135,-1.6935644,-1.945603,-1.5449073,-1.5601989,-2.3624158,-0.9413019,-1.0932165,-0.7312896,-2.28896,-1.1623825,-2.6370885,-1.846292,-2.3530693,-2.4585319,-1.5631756,-1.607739,-3.7748148,-2.7007875,-1.2285731,-2.166895,-0.68183935,-1.9677485,-2.7161746,-1.3839192,-1.9314308,-2.163794,-1.0522051,-1.201973,-1.3394916,-1.3390057,-1.9960976,1.1902088,1.4404466,1.3869764,2.192026,1.6115737,2.1557713,1.699322,1.6187387,2.3786077,1.5493469,2.1557035,1.5254074,2.473666,0.8943966,0.8509244,1.3697984,1.5551884,1.0334197,0.9772111,2.11748,1.2112126,1.1261172,2.8416202,1.4931194,2.2122962,2.5125499,1.8513689,1.696904,1.3133823,1.598889,1.7485904,2.0835214
INTP playlist (made by an intp 5w4),INTP,-0.14173189,-0.36178052,-0.16135415,-0.25802937,-0.13284352,0.33032498,0.26675385,-0.20623673,0.29543093,0.4074496,0.41854206,-0.08286956,0.038717084,-0.13080695,-0.33226177,0.15287061,-0.19505282,-0.54169905,-0.44145155,-0.22671475,-0.062223807,0.25864395,0.17497194,-0.17470522,0.3168902,0.16282018,-0.11059987,0.2796281,0.13601257,-0.13516603,-0.23448782,-0.37463316,0.4640657,0.5256741,0.43311986,0.49980852,0.5986691,0.6351529,0.5310477,0.439807,0.4029533,0.7226564,0.6688532,0.4799986,0.5955309,0.40724894,0.4744168,0.46429974,0.5309161,0.6710474,0.40806934,0.5741979,0.4281213,0.24934112,0.7808729,0.5197741,0.51381874,0.7402029,0.6646662,0.45076275,0.41235372,0.51845896,0.48367733,0.7370635,-2.7580512,-1.7389805,-2.183827,-1.8124939,-1.5719178,-1.1675107,-0.93924665,-1.2536776,-0.9023697,-1.9931192,-1.1585162,-1.7322946,-1.6545175,-1.8873286,-2.000718,-0.93287635,-1.1709237,-2.2186518,-1.8910023,-1.2279071,-1.6738427,-0.3549979,-2.028016,-2.0034823,-1.1164212,-1.8607252,-1.8252088,-0.5878088,-1.0476117,-1.2935826,-1.1255628,-2.707282,0.9451205,1.6505222,0.9215354,1.1356181,1.7444609,2.062104,1.4867773,1.1248658,1.7961521,1.8008287,2.0595086,1.0319362,2.0329964,0.6044361,0.8617994,1.6271489,1.4760616,0.7983926,0.7107664,1.8174057,0.9630409,0.969322,3.034014,0.6671779,2.2490525,2.2405438,1.9907726,1.2850311,0.95769745,1.9013357,1.3843651,1.386635
INTP songs(2),INTP,-0.042024747,-0.445019,-0.16260514,-0.009183778,-0.024853857,0.14479671,0.3190019,-0.14400731,0.44062233,0.06329522,0.44027787,-0.15720505,-0.010182393,-0.22237314,-0.25649074,0.07539975,-0.2744969,-0.60862947,-0.53904474,0.011017662,-0.0875284,0.25069198,0.30330944,-0.03288786,0.39998898,0.0068630506,-0.1399785,0.18173483,0.16165157,-0.003011173,-0.19144873,-0.23100248,0.36474565,0.5401736,0.5233562,0.5406957,0.6005304,0.5749911,0.58285165,0.53712046,0.48873383,0.84024024,0.6405841,0.60268486,0.6748208,0.4800294,0.43152767,0.44824067,0.44540825,0.8076128,0.47092542,0.731425,0.45958117,0.2864191,0.7725678,0.52337426,0.50115675,0.89631796,0.5158556,0.39234462,0.43978664,0.51128125,0.46288615,0.709291,-0.9309492,-1.7308244,-1.4930768,-0.97680134,-1.4659771,-1.5296744,-1.218244,-1.1069489,-0.5705347,-2.0011582,-0.7774993,-2.0877588,-1.6165076,-1.2847873,-1.1260338,-1.2453275,-1.2014929,-2.1545274,-1.5148425,-0.9157407,-0.9355015,-0.38266736,-1.5130476,-1.412761,-0.9983393,-1.8577533,-1.2222267,-0.88446546,-0.99197894,-1.1703411,-1.0704641,-1.9281613,0.51172584,0.55661124,0.7031207,1.3505139,1.2426411,1.5761997,1.4334064,0.9388146,1.6584998,1.5996586,1.4876442,0.7701495,1.6489606,0.67204213,0.93555474,1.1761419,0.6532272,1.2477105,0.72936934,1.8036128,0.71083575,1.1917546,2.3799465,1.0441095,1.7501163,2.207029,0.7554975,0.7854092,1.1895456,1.2254976,1.1011392,1.1896317
INTP vibes,INTP,-0.042310856,-0.39744115,-0.13409232,-0.048083056,0.08254627,0.083152175,0.34119818,-0.21911128,0.4072744,0.14882542,0.3697311,-0.15169156,-0.10713232,-0.15804195,-0.36504057,0.08520467,-0.21753535,-0.37601873,-0.39222923,-0.09184578,0.018840598,0.2374889,0.19264315,-0.13878629,0.3739251,0.07526077,0.029776584,0.19580889,0.088531494,-0.080915995,-0.30203068,-0.2007881,0.4079879,0.55186796,0.46732694,0.51034564,0.5197042,0.505079,0.5039978,0.47672248,0.44912976,0.71112496,0.6236226,0.5735034,0.59091216,0.4553724,0.57966584,0.45828524,0.57121915,0.64634806,0.4145574,0.6390225,0.40237343,0.253054,0.7403128,0.6115759,0.51272464,0.79527235,0.56158304,0.4294359,0.41627786,0.5488142,0.40230423,0.6697384,-1.051039,-1.867975,-1.53648,-1.2735417,-1.4616662,-1.5637997,-0.8236289,-1.2536776,-0.6567974,-1.9465308,-1.1830081,-2.1553957,-1.511457,-1.5962119,-2.268874,-1.2168888,-1.4429706,-2.144146,-1.5708053,-1.292219,-0.97867656,-0.41249248,-1.5320774,-2.3269024,-0.9453454,-1.8863412,-1.5911834,-0.67722464,-0.95588833,-1.6567718,-1.1166257,-1.9281613,0.7870359,1.0514064,0.97860456,1.5546432,1.4663624,1.1716098,1.5568495,1.0995102,2.1613762,1.6933967,1.8498418,1.0702493,1.6520509,0.6044361,1.0328915,1.3492732,1.4104772,0.86151975,1.1660137,1.9446818,1.188172,0.96483994,1.8785815,0.9610381,2.0962775,2.3069913,1.6647196,1.263483,1.1826364,1.518556,0.74989533,2.1908987
INTP (PDB),INTP,-0.075380966,-0.4184213,-0.07765988,0.01958837,-0.047277067,-0.024602396,0.35545677,-0.21310231,0.43449134,0.106475644,0.32086042,0.04865429,-0.17054725,-0.18653594,-0.46691844,0.15837933,-0.29821342,-0.36069062,-0.34321702,0.047337163,0.043891642,0.21153824,-0.05156265,-0.18098982,0.49918762,0.30779776,0.091671646,0.14668316,0.052376915,-0.017676175,-0.29088497,-0.16876379,0.4003525,0.5406466,0.53484416,0.55943274,0.56905276,0.6415231,0.5259637,0.5434768,0.47321284,0.7798228,0.6306791,0.6295893,0.67848927,0.51563317,0.64458525,0.49034676,0.530528,0.84223086,0.5357652,0.61387324,0.4839538,0.2821018,0.77385515,0.7268212,0.5580784,0.86011106,0.60163003,0.42712286,0.45328748,0.49108487,0.3665028,0.74081504,-0.9566908,-1.5963405,-1.8105792,-1.2784344,-1.634356,-2.0457442,-1.218244,-1.284224,-0.9344601,-2.0011582,-1.0181952,-2.0877588,-1.6165076,-1.8672948,-2.2132468,-1.2453275,-1.2182133,-3.0212357,-1.5148425,-0.9157407,-1.3660076,-0.38266736,-1.5595899,-2.5308924,-0.9983393,-1.8577533,-1.3321522,-0.88446546,-0.99197894,-1.0308402,-1.1984924,-1.9960976,0.7369009,1.1130139,0.73200685,1.3585392,1.2426411,1.5087382,1.4321604,1.3552576,1.689555,1.6185812,1.9915187,1.3179839,1.6489606,0.69630367,0.93555474,1.1950259,1.4599462,1.2477105,1.4418225,1.6071831,1.0051292,1.1917546,1.5789287,1.1797255,1.7826005,2.207029,2.1726103,1.2068391,1.1926956,1.2254976,0.56520396,1.2879285
INTP Radio,INTP,-0.040604662,-0.329337,-0.06450381,-0.097149275,-0.2309526,0.13519523,0.13152272,-0.12199157,0.29823422,0.5694021,0.45228055,0.103602275,-0.12999816,-0.23127681,-0.34339678,0.06528704,-0.36621547,-0.61197907,-0.26960763,-0.21470068,-0.2156437,0.20753261,-0.036262974,-0.33251888,0.38426647,0.4015913,-0.19167279,0.2405781,0.31240276,-0.025260737,-0.28798753,-0.68126833,0.32247293,0.44356728,0.33314565,0.44059545,0.38492998,0.47399068,0.28361258,0.4044794,0.24002187,0.3848023,0.5763481,0.3995165,0.5413081,0.39049426,0.43681446,0.40430135,0.48007295,0.6352418,0.33725968,0.41706496,0.32841873,0.2313848,0.6236344,0.34753644,0.30036634,0.7208982,0.38229805,0.3992162,0.3921461,0.42338672,0.3168975,0.48769358,-1.1089259,-1.4305501,-1.4271004,-1.3532267,-0.9435598,-0.7172899,-0.49454615,-0.78058124,-0.2118503,-0.09116042,-0.6283148,-0.9157291,-1.3187598,-1.6620804,-1.338073,-0.98335916,-1.3189074,-2.131335,-1.168257,-1.1706833,-0.93173975,-0.21685217,-1.2313083,-1.0793235,-0.21758632,-1.4874624,-0.93330854,-0.51490635,-0.551661,-0.95392,-1.0560483,-1.6411929,0.49173662,0.5068468,0.47243306,0.9368231,0.904688,1.0405293,0.64642197,1.1926092,0.87249243,1.4410062,1.6316786,0.85444933,0.95768315,0.3927509,0.4162833,0.9428152,0.65801805,0.40977898,0.43300116,1.154044,0.4933916,0.699426,1.7506368,0.31692317,1.0375711,2.214442,0.59012324,1.189255,1.150124,0.85249215,0.44055942,0.75844306
i am intp.,INTP,0.06869427,-0.26603776,-0.17141458,-0.0108178705,-0.029323673,0.26320451,0.067777105,-0.04332623,0.41912028,0.56173986,0.6360368,-0.04694419,0.18087934,-0.21481639,-0.35787192,0.010054881,-0.1333252,-0.85415226,-0.49943593,-0.26074645,-0.23959313,0.194038,0.37662822,-0.23479514,0.22601967,-0.024253566,-0.3196419,0.2729674,0.30192685,-0.20975828,-0.32925794,-0.5751087,0.33688563,0.48833936,0.4213638,0.48650515,0.47503987,0.54248244,0.48146626,0.5143618,0.32691416,0.7031584,0.57763743,0.440203,0.5704696,0.46854,0.53890795,0.4320098,0.5293962,0.7481515,0.39238775,0.6711877,0.40657127,0.22795744,0.668028,0.52477425,0.44046023,0.66652155,0.53547686,0.43657753,0.4064304,0.4940779,0.3971217,0.6376128,-0.7724574,-1.836648,-1.8797754,-1.2401552,-1.3387754,-1.0131768,-1.0472035,-1.3276397,-0.6112735,-1.936508,-0.7867561,-1.5037203,-1.6545175,-1.708973,-1.8833559,-1.2728497,-1.3851861,-2.5510786,-1.5346671,-1.1921933,-1.0995595,-0.35282964,-1.703255,-2.0034823,-1.3506267,-1.9479034,-1.7557629,-0.9853942,-1.0360936,-1.5527508,-1.1675034,-1.9689173,1.0939269,1.2873012,0.49904642,1.6892853,1.2171797,2.094571,1.4321604,1.3911986,1.4391705,1.8302715,2.0938127,0.900078,1.8238328,0.8520925,0.91500676,1.6591285,1.341754,1.1460509,0.44904113,1.6767575,0.9641597,0.8851234,2.307435,0.73584455,1.5245689,1.5086073,1.0714109,1.3409733,1.2125388,0.98514634,1.2276278,1.1963569
INTPMusic Radio,INTP,-0.057367474,-0.27702597,-0.29642013,0.030973671,-0.07154009,0.35396472,-0.0024301847,0.15635875,0.44766647,0.3931348,0.7731467,-0.16266294,0.25332406,-0.33489388,-0.33014584,0.07191791,-0.027188899,-0.96943957,-0.578834,0.07030277,-0.3821712,0.18209906,0.52951306,-0.28738537,0.25931457,-0.055904105,-0.52005404,0.31351498,0.34163192,-0.18639015,-0.056266975,-0.66617227,0.3405345,0.46655616,0.46790224,0.56773335,0.47533527,0.62075835,0.3982913,0.47048503,0.38630393,0.7724474,0.55749995,0.5901599,0.6022428,0.43588215,0.50543404,0.4342931,0.4788601,0.70998716,0.44294652,0.7216756,0.34041578,0.31844473,0.5772677,0.43103468,0.46343637,0.45780247,0.52088416,0.38057584,0.31282482,0.43034452,0.41678444,0.66088754,-1.0521482,-1.2636293,-1.3458354,-1.4092798,-1.0340446,-1.604253,-0.8718506,-0.79314697,-0.25066698,-1.3992051,-0.621117,-1.5290769,-1.0846478,-1.416061,-1.5591905,-0.89732957,-1.1765776,-2.0637224,-1.7259119,-1.0882306,-1.0332323,-0.48807043,-0.42111808,-1.0203325,-0.90863454,-1.2159003,-1.3642601,-0.43767494,-0.35798398,-1.1491326,-1.0028265,-1.7750689,0.70192856,0.7631582,0.353825,1.4444355,1.0141615,1.5245074,1.0243038,1.0442734,1.4565382,1.6858991,1.9997665,0.91698027,1.8308095,0.41036636,0.80283946,0.96511,1.2169603,0.49006867,0.6422916,1.4173788,0.34129915,1.197383,2.054393,0.6236122,1.1329545,0.8602463,0.6862347,1.1349529,0.89481777,0.92023426,0.9382221,1.0639777
INTP Bot Radio,INTP,-0.32051876,-0.68494314,0.050188374,-0.29515946,-0.12943423,-0.042423673,0.25569046,-0.44796205,0.08350785,0.03507546,0.6761967,-0.49137697,-0.44928014,0.008607638,-0.0631413,-0.011446119,-0.30117536,-0.024336766,-0.21940894,-0.15656036,0.023189198,0.53238875,0.58254987,-0.07189362,0.040919714,0.13142994,-0.070788,0.2111731,0.058423802,-0.12321476,0.09947956,-0.38156545,0.39523354,0.41890305,0.31646642,0.45261335,0.36454606,0.608764,0.4110144,0.31023318,0.35780808,0.52728343,0.67202836,0.66820484,0.595337,0.23644368,0.45961878,0.39868054,0.53247374,0.43901944,0.36061567,0.37772623,0.3064741,0.27008563,0.6908305,0.48266584,0.5356616,0.63068515,0.54814184,0.38492593,0.27566543,0.39861146,0.40475106,0.4747485,-1.2884735,-1.4275084,-0.7560294,-1.3417675,-1.0998313,-2.0269604,-0.5901194,-1.1967473,-1.1982535,-1.0191308,-0.69629866,-2.6021702,-2.3489125,-0.58070445,-1.7161975,-1.0109352,-1.1625588,-1.3132291,-1.0362935,-1.0823467,-0.7115418,-0.2677382,-0.830249,-1.544958,-1.0906821,-1.1624388,-1.2138269,-0.47483355,-1.0841105,-1.0062957,-0.8069482,-1.7284186,0.45260248,0.40212864,0.726497,0.5220613,0.47596544,1.1125153,1.4395111,0.5131315,0.6196186,1.4530051,1.8682915,0.93272626,0.9267939,0.5504065,0.58141834,0.890694,1.0085437,0.8371466,0.8992069,0.8732798,0.8833602,1.0941646,1.8201203,0.6471651,1.3351637,1.6508541,1.2182764,1.3935618,0.57348305,0.6261087,1.0997572,0.82996035
INTP의 플리,INTP,-0.15811116,-0.6426183,0.0891169,0.057357952,-0.31612578,-0.017930327,0.2711514,-0.50519764,0.18864384,0.060893282,0.14997739,0.22957724,-0.38298538,0.045457684,-0.40856704,0.425665,-0.5156445,0.01802835,-0.317302,0.15238859,0.3301821,0.29036403,-0.32108152,0.01107949,0.39003697,0.7650618,0.06856538,0.12137053,-0.1839049,-0.043555655,-0.11940437,0.15617321,0.36732572,0.55115294,0.4831394,0.4403037,0.32612842,0.46219328,0.38188237,0.47081077,0.37687075,0.6127141,0.57574034,0.48777816,0.50294626,0.38457713,0.39727813,0.45729414,0.5215919,0.6618596,0.36917868,0.5012671,0.4014425,0.22642694,0.44184348,0.4563252,0.46003073,0.54805785,0.52586335,0.3424402,0.49261826,0.48330128,0.35916844,0.6671982,-1.033895,-1.7605609,-1.3328729,-0.8172946,-1.3692772,-0.78083813,-0.8222647,-1.1512932,-0.7991042,-1.880003,-1.2802504,-1.136396,-1.219961,-0.9901028,-1.8941293,-0.55342543,-1.5204945,-2.0892475,-1.3765702,-0.71086204,-0.6973577,-0.33415085,-1.1028988,-1.2091492,-0.89581364,-0.82861936,-1.9342382,-0.4266556,-1.3335118,-1.0915489,-0.9881125,-1.3050247,0.4427319,0.66168684,1.5030091,0.99746674,0.43231383,1.2365743,1.1582943,0.7635984,0.949084,1.2106172,1.8147345,1.0784662,1.1520113,0.72832155,0.44139922,1.5291066,0.44694445,0.9443312,0.29757708,2.1476088,1.1065791,0.8085868,0.84075606,1.060849,1.3642911,1.650181,1.1807226,1.2312179,0.63886917,0.86964005,0.7401275,1.5990304
Songs INTPs like,INTP,-0.17806512,-0.5118091,-0.04417876,-0.28266698,0.23714623,-0.19575165,0.8345814,-0.42202646,0.37039304,-0.01924419,-0.041065246,-0.25081384,-0.6041606,0.015748605,-0.45536563,0.084315665,-0.2798839,0.14396855,-0.19616625,-0.21081637,0.4135025,0.23159486,-0.07883459,-0.19186191,0.6149134,0.2830582,0.53002423,0.040816654,-0.079064324,0.016530402,-0.4867661,0.05289491,0.38770714,0.5367074,0.39245662,0.41487482,0.41372776,0.49509627,0.43041334,0.36672884,0.27091867,0.55420977,0.5021038,0.4913102,0.4434516,0.41340512,0.5446292,0.40475816,0.47477034,0.4547869,0.39489225,0.42381212,0.39086837,0.18511766,0.6176259,0.6091832,0.46499765,0.7153147,0.44225654,0.37978286,0.42085886,0.45179695,0.3077927,0.59421587,-1.0720112,-1.6560768,-1.6943948,-1.3114107,-1.3250633,-2.0304995,-0.64693916,-1.3176724,-0.46133485,-2.067031,-1.153267,-1.9126664,-1.6024209,-1.3031856,-2.5038488,-1.2258297,-1.4926031,-2.1174014,-1.565749,-1.2104981,-0.8936127,-0.44227055,-1.6543409,-2.8171763,-0.83080673,-1.5939169,-1.4087818,-0.6751154,-1.4403261,-1.2980021,-1.4568684,-1.5887436,0.76225644,1.4117873,1.3186793,1.2973106,1.786538,1.1501781,2.0532734,0.80062675,1.7181392,1.7197099,1.504069,1.4874353,0.71768504,1.0386871,0.5631718,1.1687058,1.1193161,1.248059,1.4962155,1.4575683,1.308102,0.8226823,1.2619901,0.8086486,2.0697572,2.0386775,1.870766,1.1689105,1.0691974,1.2871073,0.43364486,1.7357241
INTP (2026 edition),INTP,-0.081496574,-0.38130507,-0.03364375,-0.14102574,-0.12965718,0.075996086,0.2719872,-0.23468067,0.26640186,0.36392757,0.3402346,0.062461555,-0.23972367,-0.11208611,-0.43803513,0.1643229,-0.26137042,-0.30524504,-0.2165912,-0.19464168,0.007968604,0.22105488,-0.12041157,-0.28151378,0.34447864,0.39488682,0.03976483,0.24031517,0.09739881,-0.108342856,-0.26158017,-0.33712342,0.35133818,0.52057195,0.4004865,0.44410855,0.5006321,0.6031817,0.43773052,0.40478584,0.3294472,0.6271103,0.5986522,0.6210879,0.56320393,0.38009828,0.52301186,0.4545248,0.4444453,0.56899637,0.37593427,0.4558176,0.40081084,0.25699547,0.6285322,0.54968095,0.42269158,0.74727535,0.49311313,0.4178716,0.37006742,0.45720226,0.34160438,0.6651609,-0.90487576,-1.6657121,-1.4808209,-1.3922464,-1.2053951,-2.0820584,-0.7914606,-1.1806084,-0.55272555,-2.2154198,-1.0568929,-2.4319875,-2.0477028,-1.3292614,-1.8479129,-1.3974217,-1.1682434,-1.6790066,-1.6780498,-1.204308,-0.8865891,-0.38000652,-1.6297499,-1.682674,-0.778581,-1.8699889,-0.94263387,-0.5769272,-1.0590516,-1.3597096,-1.2840204,-1.5624285,0.62420166,1.1444575,0.7960893,1.5222641,1.0968224,1.4573585,1.6512938,0.5379592,1.6612706,1.5682902,2.1567218,1.2133647,0.92837495,0.6765253,0.49429554,1.3211266,0.9135888,0.7038509,0.9018696,1.5441366,0.82185966,1.0043943,1.554847,0.8350667,1.6923325,2.078129,1.4610665,1.1288064,1.0220072,0.96499217,0.6631924,1.5701487
INTP Music,INTP,-0.0672529,-0.41221005,-0.31404397,0.08278902,0.16813454,0.16403358,0.36214513,-0.015315618,0.56211734,-0.09053007,0.35819095,-0.29285252,-0.061301365,-0.29165167,-0.38362867,0.13586417,-0.13483761,-0.51966643,-0.5187321,0.23449467,-0.062862374,0.1991628,0.25458276,-0.15480891,0.5202638,-0.0012166457,-0.0700775,0.20369247,0.120926574,-0.056011554,-0.21137011,-0.14034292,0.42521387,0.54152006,0.5201634,0.6105034,0.5080485,0.61553454,0.4886996,0.52578074,0.48163578,0.7900212,0.63793147,0.5491521,0.62947285,0.47836813,0.63993907,0.5271187,0.59959465,0.6611045,0.4889774,0.75850576,0.42728934,0.27560017,0.6939487,0.57207733,0.58170706,0.7249347,0.5944643,0.44697928,0.42136168,0.5328899,0.40231535,0.71504515,-1.4161412,-1.836648,-1.6739922,-1.9278189,-1.2024865,-1.5517682,-1.0472035,-1.3740467,-0.8757905,-1.9922895,-1.1830081,-2.2874908,-1.7537614,-2.1441777,-2.369465,-1.3496999,-1.6221409,-2.280114,-1.8144851,-1.2279071,-1.0765945,-0.65002805,-1.8442143,-2.0233676,-1.3506267,-1.8863412,-1.767165,-0.71686643,-2.1102426,-1.6567718,-1.0704641,-1.9960976,0.8816863,1.0614487,1.0690384,1.5546432,1.655327,1.854719,1.6806858,1.1888669,2.156136,1.5493469,2.0938127,1.1401515,1.9734113,0.9614713,0.91500676,2.2179558,1.7692016,1.3440114,0.87923574,1.7647048,1.357639,0.8524053,1.8459682,0.7767064,2.2919948,1.7251643,1.4888207,1.3361635,1.1826364,1.2876219,1.0398608,2.9832153
Intp,INTP,-0.0019239755,-0.4049489,0.16466653,-0.025885751,-0.004772475,-0.1630832,0.35340017,-0.35891232,0.3074688,0.20982145,0.41773307,0.120664604,-0.28747848,-0.005116903,-0.37542185,0.10501375,-0.29651108,-0.14326878,-0.19685024,-0.1630412,0.1923042,0.20993711,0.059873246,-0.10265604,0.29839355,0.23982583,0.15445243,0.13630067,-0.019735811,0.032302562,-0.30786455,-0.06981876,0.35760045,0.5223307,0.4227807,0.39264938,0.40719387,0.5740903,0.43671405,0.43961143,0.3068675,0.57967186,0.5710095,0.48766497,0.5798622,0.40048382,0.48290986,0.41379654,0.5207666,0.703442,0.36791444,0.46547198,0.4807892,0.23931062,0.63507515,0.55686086,0.48058894,0.7433589,0.56812394,0.39099902,0.50759256,0.4684706,0.32531586,0.75999016,-1.2993913,-1.6121918,-1.5847675,-1.287159,-1.5494056,-1.6672826,-0.74574983,-1.1598896,-0.8255478,-1.261737,-1.04261,-2.3146455,-2.0009031,-1.5618556,-1.9945197,-0.9126155,-1.3870695,-2.770734,-1.6049812,-1.1134899,-1.360819,-0.4769174,-2.2714326,-2.0311804,-1.3347237,-1.9351412,-1.7534833,-0.70986956,-1.5145131,-1.5232779,-1.2106491,-1.908355,0.83223075,1.8383433,1.6728055,1.215683,1.046758,1.7000993,1.860586,1.350694,1.3734424,1.8508667,2.0048523,1.5063888,1.7825158,0.8093582,0.64760184,1.2752897,1.8239775,1.2114284,0.7899746,1.7702594,1.1904393,1.4706273,1.6387514,1.1678349,1.744175,2.663743,2.3389876,1.2905297,1.1597265,1.5812536,0.8780574,2.4123683
INTJ playlist_As a INTJ_,INTJ,-0.14250898,-0.46952736,-0.15981025,0.0062335916,0.094169356,0.082687564,0.4555046,-0.16266719,0.4491688,-0.17427878,0.278461,-0.20422405,-0.17929094,-0.16045262,-0.40857852,0.20687464,-0.19579735,-0.2802223,-0.43425012,0.19978553,0.0961956,0.2202766,0.096598245,-0.10296447,0.50943726,0.13804509,0.13261692,0.14381394,-0.019352011,-0.009305263,-0.20904571,0.01623875,0.49252075,0.62628394,0.56719786,0.6214457,0.60222775,0.6122723,0.5054106,0.56757915,0.5843914,0.77242434,0.584899,0.60668176,0.69283557,0.5032689,0.52995366,0.5312738,0.5872679,0.7071385,0.48865142,0.7690392,0.49418876,0.29994705,0.65890783,0.58619153,0.6074252,0.78306895,0.55792606,0.36764687,0.4569094,0.44505447,0.4639832,0.779482,-1.7321174,-1.7255263,-1.6924477,-1.5487291,-1.7234603,-1.2951242,-1.0418224,-1.2536776,-1.0624676,-2.3702521,-0.8667936,-1.8746831,-1.4933894,-1.5792053,-2.07009,-1.3916363,-1.3487304,-2.144146,-1.5264505,-1.2279071,-1.0986643,-0.5415634,-1.4635272,-2.0144491,-1.0782125,-1.682636,-1.5911834,-0.8661586,-1.4912869,-1.1267774,-1.3390057,-1.7292802,0.8605448,1.4390432,1.3011547,1.7486753,1.5562409,1.2964793,1.388888,1.3122783,2.1613762,1.2587368,2.0048523,1.2443951,1.9584551,0.7320201,0.5128425,1.3145858,2.2383282,1.259934,0.66400427,2.008537,1.0585907,1.1808895,1.791222,0.8811763,1.928947,1.8562657,1.3651526,0.82417,1.1280131,1.1997676,1.0793754,2.5812123
pov_ you’re an intj ,INTJ,-0.04908543,-0.3586653,-0.013046041,-0.034771428,0.05506117,-0.049481776,0.40028462,-0.2683325,0.37374115,0.04233455,0.3051608,-0.08718924,-0.21026734,-0.1267232,-0.3571206,0.0823839,-0.23443697,-0.25150535,-0.3186619,-0.047776833,0.127867,0.22579835,0.068200625,-0.08775457,0.37600392,0.1740177,0.17146434,0.109870136,0.018066604,0.034235407,-0.28875554,-0.028980084,0.41038355,0.5882742,0.48788399,0.48149964,0.5494076,0.56777495,0.5174494,0.4945227,0.434232,0.6840077,0.57169086,0.58180183,0.60933256,0.49129444,0.51261234,0.47458556,0.53572667,0.66288555,0.43586907,0.5861767,0.44288218,0.26199564,0.7523861,0.5875468,0.525773,0.85951126,0.5730876,0.4177002,0.4675816,0.4938272,0.3557175,0.7480934,-1.2078364,-1.4892936,-1.53648,-1.8801582,-1.5299407,-2.0451818,-0.8236289,-1.2985474,-0.7581411,-2.2858694,-0.8849889,-2.0170827,-2.0496066,-1.899058,-2.2385592,-1.302756,-1.4353845,-2.280114,-1.9334679,-1.2279071,-1.0172458,-0.6077624,-2.7393844,-2.0233676,-1.1369085,-1.8577533,-1.767165,-0.866055,-1.3666966,-1.1167047,-1.245963,-1.8593158,0.9451205,1.2410893,1.6441476,1.7467967,1.6177148,1.4257977,2.057888,1.109778,2.1310098,1.4765259,2.0110219,1.5139958,1.9734113,0.9169771,0.7537946,1.4283442,1.4115007,1.1170793,1.000622,1.6751248,1.1929406,1.0092797,1.791222,1.3382876,2.0825167,2.7714782,2.0629866,1.176593,1.1736047,1.8357658,0.7651001,2.7450955
intj women,INTJ,-0.033393566,-0.3460256,-0.12917526,-0.130734,-0.08331886,0.10822059,0.24964395,-0.16874354,0.35828155,0.37996262,0.40739083,-0.08131417,-0.035410866,-0.19185558,-0.21380186,-0.048262216,-0.3257419,-0.6057799,-0.40907112,-0.23289421,-0.14772889,0.25994757,0.20868367,-0.14190948,0.35428783,0.13301314,-0.1161653,0.12619963,0.27727872,-0.01613495,-0.3575125,-0.47309145,0.41608763,0.52495027,0.39902762,0.42480215,0.4761034,0.583975,0.4863519,0.4685698,0.34066516,0.5813417,0.5319579,0.48229808,0.51703477,0.44698977,0.47808635,0.47093236,0.48356247,0.6773053,0.3626395,0.47063035,0.402448,0.25043708,0.6893843,0.597552,0.45125064,0.79366076,0.5470799,0.4036009,0.40106356,0.4749144,0.36985362,0.60052353,-1.020265,-1.4892936,-1.4930768,-1.1254076,-1.3566953,-1.4773227,-0.6471317,-1.2536776,-0.44067603,-1.3919916,-0.70122606,-1.6694874,-1.3594558,-1.6964111,-1.8833559,-1.1170515,-1.3999381,-2.1505668,-1.2630656,-1.2279071,-0.97867656,-0.2712673,-1.5232179,-2.0034823,-0.9453454,-1.8577533,-1.5911834,-0.7576004,-0.6803956,-1.0291417,-1.1685266,-1.6164705,0.94128716,0.9522118,0.91311395,1.0211766,1.223483,1.5761997,1.4321604,1.0398072,1.3809241,1.7309585,1.5502372,1.0473554,1.1080899,0.6044361,0.8271552,0.9538498,0.66688097,0.7983926,0.4943681,1.0158291,0.9009844,0.82711196,1.791222,0.8080071,1.5245689,2.3069913,1.0540041,0.94066805,1.1826364,1.0622094,0.7458769,0.93940395
INTJ songs based on personality database,INTJ,0.07057264,-0.2929561,0.022177538,0.07433016,0.10668557,-0.10855398,0.22338429,-0.14141952,0.4589954,0.1381599,0.59546643,-0.028127903,-0.03740639,-0.16815694,-0.38579085,-0.020720856,-0.14086127,-0.43785483,-0.32652572,-0.07051779,-0.05501722,0.20195676,0.28387207,-0.081286244,0.24878356,-0.037187774,0.019842293,0.1269828,0.09414445,0.005699939,-0.30873695,-0.20320162,0.39262047,0.5126872,0.4595608,0.5413841,0.52848667,0.60596216,0.4676161,0.44332,0.44668624,0.66095394,0.5888306,0.5734355,0.6205747,0.37980625,0.58640087,0.5412486,0.58109164,0.68429244,0.43268013,0.7058665,0.40220746,0.28737894,0.68607134,0.52840513,0.5768863,0.7415136,0.5442136,0.43748158,0.4345846,0.477139,0.43821588,0.61991394,-0.9671587,-1.7255263,-1.6739922,-1.1381335,-1.7234603,-2.007911,-1.0418224,-1.2357221,-0.8511684,-1.6295855,-0.5398045,-1.8590554,-1.6924411,-1.2222848,-2.369465,-1.3916363,-1.374989,-2.1119797,-1.4227327,-1.4598904,-0.90083164,-0.4757652,-1.4689379,-1.4130076,-1.9054589,-1.6963024,-1.5028157,-0.8661586,-1.2709178,-1.2222737,-1.3390057,-1.6362717,0.979612,0.74000436,1.0371597,1.836973,1.295961,1.4579562,1.1347644,0.90586376,2.1613762,1.5466468,2.1594434,1.6141143,1.6894112,0.5249534,0.7788151,1.6072617,1.232306,0.74955523,0.84638536,1.8926543,0.84692717,1.1808895,1.7795593,1.1049489,2.2919948,1.4111502,1.3435751,1.1485566,1.1280131,1.2117084,1.0793754,1.7886289
INTJ songs,INTJ,0.07051721,-0.27041528,0.08185466,0.05621418,0.079050824,-0.028682446,0.28944162,-0.185835,0.40569,0.0754459,0.489483,0.050513096,0.07551811,-0.08256892,-0.25819913,0.019009389,-0.14962386,-0.46623123,-0.42883646,-0.071020715,0.0350319,0.16696948,0.31503576,0.06233488,0.23660134,-0.08831109,0.033972945,0.10333596,0.06415532,0.09288763,-0.32675037,-0.03888134,0.33504054,0.49643642,0.51507944,0.4484095,0.5357268,0.5684099,0.54284936,0.44194344,0.4895519,0.7773736,0.5233746,0.68077946,0.7319633,0.3928922,0.42765346,0.5232997,0.46621242,0.81003547,0.43988013,0.60237247,0.50906885,0.283726,0.6370219,0.5628263,0.5046115,0.695441,0.56924194,0.39736307,0.5247382,0.5267115,0.4425425,0.8459251,-0.7017674,-1.0359818,-1.3389558,-0.8057448,-1.7234603,-1.3172697,-1.0418224,-1.2357221,-0.55711025,-1.5259056,-0.64289665,-1.4991103,-1.536187,-1.4363327,-1.3748393,-1.0779495,-1.2618473,-2.3202038,-1.5342023,-0.97354543,-1.1911057,-0.5454121,-1.3041518,-1.3910062,-0.8847805,-1.8242899,-1.2123111,-0.81320715,-1.6719872,-0.66914284,-1.1747688,-1.7615881,0.7382691,0.95208436,1.3521947,1.5962442,1.3834636,1.103238,1.4353458,1.25206,2.0978293,1.8053025,1.5022088,1.6141143,1.5566634,0.76536137,0.6329105,1.6598922,0.89295924,1.3205761,0.4114936,1.390822,1.1497316,1.0092797,1.6129884,1.3382876,1.327697,1.3377583,1.366529,0.9579267,1.0366254,1.8357658,1.0793754,2.2617483
INTJ villain,INTJ,0.069781214,-0.302339,0.015995063,0.1939326,-0.28782663,0.009961452,0.08349876,-0.3189767,0.11532837,0.13086171,0.15697345,0.010646652,-0.17565511,-0.19429356,-0.18708329,0.15359992,-0.3191694,-0.381968,-0.35882318,0.0072687794,0.12262269,0.36499804,-0.17360443,0.007288931,0.18650049,0.628335,0.0227466,0.111342885,0.039899815,0.089263946,-0.15091725,0.08446405,0.3250454,0.6496882,0.40946615,0.40177515,0.50712174,0.44582775,0.51881415,0.4465426,0.50689477,0.566765,0.61478055,0.56325364,0.69212776,0.32510003,0.3905048,0.49933696,0.5744874,0.6300015,0.37347162,0.4968992,0.40583974,0.26786673,0.5605387,0.41786632,0.6713329,0.7497708,0.57531637,0.41040638,0.5391678,0.35442418,0.4318802,0.71873844,-0.5788564,-1.2857884,-0.96770364,-0.4480596,-1.7436606,-1.0003128,-1.2425199,-1.2375057,-1.0708822,-1.5978731,-1.0631721,-1.4256587,-1.7049762,-0.7029333,-0.8889393,-0.9573043,-1.3478084,-1.659613,-1.401526,-0.62823254,-0.83280236,-0.091653675,-1.2011205,-1.0612533,-2.2137463,-0.8603474,-0.9165975,-0.66842294,-1.4184048,-0.4619739,-0.84848094,-1.4633255,0.6996682,1.0333031,0.9221636,1.2442356,0.9135788,0.7111118,1.1715535,0.6117943,1.5505614,1.3224088,1.3813035,1.5347506,1.1730736,0.5685027,0.5588097,1.1283008,1.3343533,0.6441525,0.5550295,1.4188062,0.85248315,1.0302494,1.0172199,0.77858764,1.5106945,1.9602686,1.4397675,1.0784259,0.9332881,0.7219879,0.8162339,1.7987678
INTJ,INTJ,-0.022112688,-0.28370628,-0.102114916,-0.052053474,-0.0077284747,0.03742968,0.2185695,-0.13838656,0.43461227,0.38882014,0.4117971,-0.07079634,-0.035031408,-0.21495348,-0.31174755,-0.05704396,-0.2584058,-0.6115001,-0.3726496,-0.17688163,-0.10784245,0.20494282,0.18685032,-0.20164621,0.34522215,0.1407488,-0.05858495,0.119694285,0.26973507,-0.04093374,-0.3788946,-0.45522532,0.38683638,0.55354244,0.42265624,0.42936364,0.402444,0.6405072,0.4632643,0.50898767,0.34704703,0.6492128,0.6396305,0.46953496,0.69078493,0.46534798,0.5166396,0.48877007,0.5461077,0.7812346,0.43595558,0.56269515,0.46757197,0.27246928,0.66071266,0.56794083,0.5312451,0.68554735,0.53259474,0.44560283,0.39967313,0.52475405,0.38888127,0.6360426,-1.3432704,-1.836648,-1.5521055,-1.3387009,-1.9928772,-1.817287,-1.0472035,-1.309444,-0.7396653,-2.0476012,-1.0243212,-1.7245903,-1.9036305,-1.6194197,-1.9249692,-1.311408,-1.2492185,-2.9716938,-1.3599259,-1.1828285,-1.5361414,-0.33747482,-1.3041518,-1.8866075,-1.3506267,-1.7896503,-1.4045932,-0.9162531,-0.8882661,-1.5527508,-1.3144529,-1.7785687,0.7087587,0.8947343,0.95506924,1.12823,1.0839819,1.7875192,1.1526014,1.388716,1.6369292,1.6550634,2.2259333,0.7366414,1.7482661,0.8520925,0.48114303,0.91265535,1.341754,0.9365773,0.747962,1.6245724,0.9116816,1.5072061,2.1999366,0.7912975,2.0825167,2.2433586,1.2473946,1.3890295,1.1439841,1.2468439,1.2414763,1.0586727
INTJ vibe songs,INTJ,0.058716524,-0.18258731,-0.17437433,0.3201746,0.18793009,-0.03410862,0.27767769,0.14093293,0.6319482,-0.24611922,0.5272651,-0.19068885,0.05152669,-0.42762756,-0.4615456,0.061645474,0.0072850334,-0.6315829,-0.48244193,0.43836883,-0.110086665,0.17462753,0.23341636,-0.15214248,0.44942746,-0.068698674,0.013661904,0.14146681,0.07940083,0.09305018,-0.14363174,-0.019097045,0.41035736,0.58825153,0.60447544,0.55879825,0.5361607,0.66885525,0.48062497,0.5821369,0.527761,0.7548339,0.56331366,0.57138395,0.66798544,0.52796435,0.7298147,0.5242775,0.68082124,0.70484716,0.51091146,0.8062647,0.4904277,0.34107742,0.7197288,0.68812704,0.6265879,0.71805644,0.6645009,0.43392497,0.4318962,0.49479848,0.4568199,0.7729994,-1.0348414,-1.4042256,-1.7794149,-1.1602844,-1.4255241,-1.8287157,-0.8893339,-1.1598896,-1.0624676,-1.9288342,-1.1827768,-1.9612579,-1.9917735,-2.1441777,-2.47024,-1.4978226,-1.6221409,-2.8787327,-1.858792,-0.8873182,-1.8639889,-0.79915875,-1.5160093,-2.0144491,-1.1256535,-2.4267292,-1.6513728,-1.2609326,-1.1902807,-1.6567718,-1.2671885,-1.9281613,0.9549847,1.5918425,1.3472378,1.9187328,1.610336,1.522372,1.4321604,1.679099,1.7548668,1.4493487,1.7883288,1.3927655,2.370264,0.80062366,0.89239544,1.6936069,1.9906008,0.9574237,0.97921884,2.278255,1.1904393,1.3346174,2.9356403,1.0618335,2.2919948,1.6895736,1.9792087,1.220994,1.1380196,1.39433,1.3469919,2.1908987
intj men,INTJ,-0.043437615,-0.41246325,-0.23031054,0.21976085,0.022313666,0.11971691,0.2326686,0.026473748,0.50782496,-0.13671046,0.41105184,-0.10355024,-0.06159852,-0.30339694,-0.5008999,0.25594273,-0.08366786,-0.5293428,-0.50713056,0.40753973,0.0070390822,0.2083425,0.105258636,-0.13514437,0.48672038,0.19025068,-0.07177647,0.22925624,0.03779478,-0.032241624,-0.08071587,-0.010119451,0.40523666,0.5895056,0.59552765,0.6248437,0.55757815,0.6958348,0.51289696,0.57015455,0.5078064,0.8407581,0.6362387,0.6272305,0.68192154,0.5175001,0.6596178,0.56468666,0.6111949,0.7703411,0.53443444,0.8207087,0.49827316,0.31281814,0.702764,0.5940341,0.6265772,0.6997523,0.6783175,0.44203258,0.487325,0.5162962,0.42414927,0.77597433,-1.6195297,-1.867975,-2.0245566,-1.7496833,-1.8302386,-2.3422651,-1.1482892,-1.3454905,-0.7377313,-2.4456177,-1.4726183,-2.3682737,-1.8016415,-2.2360523,-2.8038116,-2.2167034,-1.619491,-3.733082,-2.5818563,-1.1085382,-2.3275647,-0.79915875,-2.1562767,-2.884627,-1.5948064,-1.7157602,-2.1593919,-0.92318904,-1.6880387,-1.3721033,-1.1492145,-2.4507444,1.0499064,1.601243,1.4076642,1.9187328,1.8260342,2.2143006,1.6937752,1.6663269,2.1613762,2.0590324,2.150818,2.1394022,2.603876,0.7225829,1.7397397,1.9187624,1.9906008,1.2652487,1.3772528,2.2542717,1.4672629,1.6225592,3.0249288,1.5075005,2.6329813,2.539974,1.8883923,1.696904,2.4163702,1.8967688,1.7485904,2.2467
intj woman,INTJ,-0.04729932,-0.45282462,-0.121848606,0.008146544,0.2155891,-0.04132756,0.50139284,-0.2639522,0.48635593,-0.051427655,0.28332493,-0.2026497,-0.21822967,-0.09456351,-0.41311598,0.11229752,-0.21033527,-0.18237227,-0.35536164,0.022959221,0.14121391,0.19181626,0.17233385,-0.12853394,0.43766132,0.04171918,0.17448299,0.14199883,-0.005102598,-0.08029836,-0.34792808,0.00604143,0.44851288,0.60127014,0.47086,0.52673763,0.49933204,0.54197097,0.4966772,0.4714481,0.4431207,0.70935744,0.60648,0.5714284,0.66357625,0.47212803,0.6210304,0.49382967,0.6026429,0.59339154,0.4929248,0.6388605,0.3871316,0.28282815,0.69765115,0.6433238,0.48920777,0.8145194,0.5692072,0.44022653,0.39284304,0.5128884,0.34189138,0.65599585,-1.3436912,-1.867975,-1.5551457,-1.5032265,-1.0169063,-1.7610776,-0.62556976,-1.2536776,-0.453861,-2.2458577,-0.84749556,-2.0877588,-1.846292,-1.7053905,-1.8804519,-0.9381152,-1.4429706,-2.0359037,-1.9334679,-1.2279071,-0.7435458,-0.6077624,-1.6355122,-2.0155234,-0.4557765,-1.8577533,-1.1365951,-0.7692384,-1.2767386,-1.6567718,-1.1255628,-1.3103312,0.9451205,0.94807297,0.91311395,1.3780493,1.4663624,1.2230105,2.057888,1.1095545,1.7291476,1.8108065,1.9455454,1.5813853,1.3342129,0.6053781,0.5239236,1.4283442,1.1126382,1.038562,0.81852734,1.6245724,1.1904393,0.96483994,1.791222,0.99633753,2.0825167,1.7090179,1.593809,1.2240862,0.63992304,1.0302607,0.54830176,2.531332
INTJ Radio,INTJ,-0.07307825,-0.3894332,-0.23866579,-0.13068992,-0.2876996,0.24455833,0.13631979,-0.14229967,0.24887888,0.5748441,0.23130547,0.0011475814,-0.24850768,-0.25825334,-0.3542516,0.18571791,-0.35928294,-0.54199994,-0.2372045,-0.19669321,-0.17349298,0.24017537,-0.25512996,-0.43164843,0.4468927,0.6614059,-0.13686086,0.2721795,0.30579442,-0.15090889,-0.26810992,-0.6410835,0.30688676,0.41939342,0.3866297,0.42947373,0.3899872,0.4879544,0.30882892,0.43437287,0.22936329,0.48160052,0.53167933,0.45543227,0.51911646,0.38095975,0.40552673,0.39008665,0.506163,0.6334894,0.36889404,0.46136802,0.36773884,0.2168391,0.61484635,0.39474797,0.361393,0.68125737,0.37641132,0.37918505,0.37071112,0.42164376,0.306407,0.49351695,-0.93402165,-1.2972697,-1.4728515,-1.0057867,-0.9042367,-0.6139939,-0.665575,-0.84018743,-0.12553425,-1.2583213,-0.70371705,-1.0685366,-1.3187598,-1.9043971,-1.0533568,-0.5647441,-1.5497086,-2.5676045,-1.4039052,-1.1706833,-1.1679854,-0.20093213,-1.2418456,-1.1270975,-0.2221136,-1.4874624,-0.9955917,-0.51490635,-0.91382,-0.88764864,-1.0560483,-1.6560059,0.43573156,0.9062295,0.28074992,0.923689,0.904688,1.212176,0.83028424,1.6250643,0.87249243,1.4360754,1.6316786,0.8968288,0.92874634,0.3927509,0.76203585,0.9983884,0.52347034,0.7485078,0.43300116,1.6636925,0.5239314,0.7510627,1.553782,0.4975465,1.5780293,1.7114034,0.7375585,0.99343425,1.0736029,0.8244383,0.44055942,0.59157884
INTJ women personality ,INTJ,-0.06024555,-0.276675,-0.3058701,0.12690534,0.103592515,0.026872363,0.20952304,0.10962313,0.52695084,0.020557066,0.4644722,-0.29142842,-0.07239771,-0.4491319,-0.38353983,0.014120026,-0.09336926,-0.637454,-0.43726668,0.3046501,-0.17247666,0.20069383,0.275069,-0.2706605,0.40751496,0.08732949,-0.09517563,0.15305184,0.2072773,0.007631837,-0.1254309,-0.27957132,0.41269955,0.5279534,0.63411653,0.5188538,0.4473227,0.7901175,0.47690082,0.52124685,0.43891236,0.7050443,0.58662784,0.6758387,0.79701346,0.4993694,0.6721622,0.5748478,0.6192678,0.798709,0.6172274,0.74357384,0.5011422,0.30540445,0.81169516,0.6217569,0.61935484,0.7278204,0.6728683,0.44879314,0.39444637,0.58279014,0.44529238,0.64206046,-0.96496004,-1.4908772,-1.9116654,-0.99171376,-1.0663698,-1.816548,-0.8790748,-1.1865703,-0.46554312,-1.9922895,-0.79540724,-2.0392373,-1.9974266,-1.6964111,-2.369465,-1.3125305,-1.5049597,-2.9525983,-2.3033109,-1.4598904,-1.5079594,-0.5234593,-1.4387598,-2.0697436,-1.2414088,-2.0051684,-1.5237156,-0.87514853,-0.89766616,-1.264589,-1.050767,-1.9710592,0.7382562,0.76195884,0.9215354,1.7493507,1.0243064,1.6529163,1.4890244,1.1984116,1.6570826,1.2255054,2.031872,1.0664413,2.8150442,0.85847574,1.1954557,1.3046148,1.2971544,0.9555905,0.858697,2.0776565,0.9101313,1.0352947,3.1414971,0.78494424,2.2919948,1.9189433,1.272797,1.040668,1.1022344,1.3969105,1.0845345,1.4356107
İntj playlist,INTJ,-0.066653155,-0.27804998,-0.31324428,0.07590231,0.14596452,0.20119843,0.29007125,0.014795399,0.55062443,0.027219098,0.44758716,-0.27974424,0.14983337,-0.3334806,-0.34967348,0.08316455,-0.074642204,-0.6641209,-0.6138518,0.21310484,-0.11743443,0.18228683,0.3996799,-0.11659868,0.3857286,-0.119132474,-0.13623285,0.14075619,0.10834779,-0.046302058,-0.22951065,-0.13388856,0.4655821,0.5916695,0.6479027,0.5656271,0.5466143,0.727772,0.61425805,0.63388205,0.4939183,0.7196353,0.6541995,0.5040809,0.77366084,0.5679898,0.5415938,0.5057958,0.62782377,0.9045535,0.5146298,0.7679298,0.5599336,0.28646937,0.73799276,0.5390337,0.6031541,0.7336996,0.6796548,0.39768472,0.43741158,0.51640236,0.47279015,0.62715966,-1.6015916,-1.4812771,-2.116795,-1.039533,-1.626083,-1.5592419,-1.4478431,-0.9680809,-0.5705347,-2.28896,-0.8597551,-2.2201903,-1.4667078,-1.9786338,-1.8852142,-1.138447,-1.1568949,-3.084115,-2.169338,-1.1446171,-1.40057,-0.5454121,-1.2534844,-1.727119,-1.4069213,-1.8242899,-1.6486827,-0.7726235,-1.0190676,-1.1021851,-1.1986754,-1.6358069,0.994143,1.5501292,0.8509445,1.9097737,1.3834636,2.3375096,1.6837686,1.521088,2.1613762,1.6422583,1.8567626,0.887076,2.164911,0.68170106,0.8271552,1.3427966,1.6086898,0.9979975,0.42625895,2.11748,1.259433,0.80354816,2.6919034,0.7912975,2.0128744,2.0808735,1.6245823,1.2170901,1.1024741,1.1747833,1.2906835,1.4324689
Intje 2025,INTJ,0.072104685,-0.3192689,-0.11774521,0.15732388,-0.04436762,0.097677246,0.10237306,0.00043166446,0.46893942,0.26626283,0.55025953,0.0073630824,0.09821106,-0.26980302,-0.337308,0.03487733,-0.2260357,-0.7754531,-0.462376,0.04192468,-0.18411748,0.23760788,0.21365915,-0.15088284,0.33554566,0.09372217,-0.22558135,0.15794024,0.25867844,-0.0149591565,-0.2511595,-0.38589194,0.41789946,0.5260068,0.48475212,0.5684175,0.45427355,0.6492523,0.5119333,0.51024663,0.47289968,0.7873311,0.52620035,0.4946902,0.663448,0.42124093,0.56537867,0.48529112,0.5448023,0.80893975,0.47953627,0.7605912,0.455615,0.2786118,0.5888792,0.5678474,0.5995485,0.6390354,0.5960078,0.39995182,0.44525278,0.4745719,0.42934614,0.70627433,-1.3757564,-1.5845175,-1.5818745,-0.9908175,-1.1048043,-2.2265892,-1.1798439,-0.99042386,-0.3563028,-1.5130032,-0.5187057,-1.4728428,-1.3407588,-1.2161751,-2.172207,-1.0985249,-1.3252779,-2.7432375,-1.5156373,-1.0936011,-1.3782523,-0.51590216,-1.0030986,-1.4522876,-1.17884,-1.729991,-1.7022169,-0.7480872,-1.0790845,-1.1471021,-1.191621,-2.0160723,0.72638285,0.8945913,0.83082044,1.3430977,0.7784192,1.7754838,1.1393462,1.2136257,1.7910671,1.7873685,1.9469678,1.2133647,1.7993042,0.5202194,0.51308393,1.0047232,0.99235904,0.68279403,0.90658855,1.7585329,0.843041,1.1380948,1.5981635,0.8454496,1.5385044,1.905724,1.6279167,0.9909413,1.2893296,0.8955904,1.0429201,1.4232211
INTJ♀,INTJ,-0.06432057,-0.40727925,-0.18863927,0.004048315,0.041482933,0.019590955,0.36511937,-0.14502496,0.41732207,0.050480276,0.2543585,-0.19556294,-0.22729346,-0.225623,-0.3413056,0.05901342,-0.26083955,-0.3940762,-0.3874316,0.052771427,0.018969039,0.23239864,0.083141916,-0.17480339,0.4570159,0.23368758,0.045139577,0.12323164,0.13553336,-0.019197745,-0.28237402,-0.18992095,0.44135094,0.5923929,0.48550543,0.5457741,0.4887515,0.61300427,0.48198348,0.49337003,0.4011783,0.7102681,0.5724479,0.64954513,0.6223713,0.47538257,0.60415167,0.4990164,0.5633382,0.6957815,0.50860196,0.6405145,0.43559605,0.29695582,0.7390036,0.6277124,0.5294051,0.77763027,0.6145001,0.4153724,0.41000414,0.49251932,0.37137252,0.6704613,-1.4418117,-1.7304289,-1.6924477,-1.7374296,-1.3566953,-2.3180583,-0.8773091,-1.4556934,-0.2843641,-2.2148762,-0.8555564,-2.963613,-1.846292,-2.3218513,-2.1573706,-1.1955283,-1.6221409,-2.2385507,-1.8440347,-1.2668091,-1.0994365,-0.54587007,-1.596588,-2.91616,-1.4398904,-2.5133684,-1.7557629,-0.8530043,-1.1600308,-1.6345105,-1.2505399,-1.8593158,1.2171429,1.7965237,1.027137,1.9097737,1.7215921,1.6248846,1.8933735,1.4007312,1.9529531,1.614969,1.9189708,1.6800369,1.4207737,0.83784443,1.0328915,1.7404214,1.8583713,1.212824,1.5129925,2.008537,1.0040946,1.4233763,2.452085,1.1098996,2.0825167,2.4934642,1.9570827,1.4823217,1.1826364,1.2876219,0.81657875,1.8140743
intj 🍃,INTJ,-0.06486017,-0.4064661,-0.30332598,-0.08206658,-0.2475122,0.4081208,0.030156974,-0.06136489,0.309432,0.5648406,0.4251513,-0.013414151,0.035247445,-0.25944847,-0.44963604,0.24940847,-0.2087407,-0.7264284,-0.4539841,-0.1278309,-0.2182968,0.2301832,-0.0015643797,-0.35131183,0.3450874,0.42087287,-0.33649153,0.34530658,0.24157818,-0.28710565,-0.1687957,-0.58008766,0.35865298,0.48025018,0.43913603,0.5278034,0.473388,0.53398424,0.38905522,0.5159119,0.34075537,0.6053136,0.612563,0.469791,0.5823033,0.45883897,0.48016962,0.46595228,0.5360449,0.76603234,0.4190276,0.62458,0.40401113,0.22832508,0.705438,0.449673,0.466411,0.7136188,0.5329471,0.4224246,0.4027331,0.4634414,0.38972345,0.620655,-1.120688,-1.836648,-1.6707474,-1.2054524,-1.5523028,-2.0243106,-0.852572,-1.3901715,-0.7521806,-1.3824415,-0.8724739,-2.4333875,-1.999225,-1.5489029,-2.4911468,-1.2168888,-1.4498433,-2.9221175,-1.6590401,-1.3584938,-1.19084,-0.4837428,-1.9285736,-1.6486654,-1.1588254,-1.5014889,-1.855533,-0.73306507,-2.1233466,-1.446794,-1.1675034,-2.1092842,0.8839912,1.0038284,1.0025439,1.6891627,1.0275906,1.6046745,1.4910524,1.4347614,1.5329233,1.8547369,1.9238065,1.2741929,1.4247726,0.8520925,0.91500676,2.1806242,1.234931,1.3646979,0.9516028,1.6636925,1.3622367,0.9383211,2.054332,0.73584455,1.9035959,1.9679838,1.6136686,1.4924921,1.2421839,0.96504724,1.1189625,2.9194224
INTJ playlist song tik tok ,INTJ,0.036186192,-0.25800902,-0.46615595,0.4488179,0.16122864,0.15256189,0.15011866,0.29252797,0.74993616,-0.17348592,0.46828428,-0.25375316,0.16007549,-0.55075914,-0.4694267,0.12710059,0.0060953433,-0.91257024,-0.64586556,0.6586328,-0.2512509,0.14288387,0.3134899,-0.20536444,0.5402195,-0.001954559,-0.28971112,0.130018,0.17242123,-0.0029055567,-0.08837898,-0.13507196,0.46503827,0.6297789,0.57409394,0.6906625,0.54144144,0.71493715,0.500597,0.58612055,0.5163109,0.7760206,0.6162433,0.5746274,0.82261586,0.53820974,0.70583385,0.47715977,0.6370203,0.8507753,0.57950366,0.7333353,0.5017827,0.33143362,0.7888577,0.60627335,0.6132773,0.72036415,0.70197684,0.47958118,0.3612579,0.50749475,0.43802315,0.6123875,-1.2508417,-1.5707451,-1.9116654,-1.2376815,-1.2170202,-2.007911,-0.8115522,-0.9622443,-0.31291133,-1.8956782,-1.0218626,-2.0877588,-1.4992756,-2.4203026,-2.2887962,-1.0495746,-1.4594104,-3.2514932,-2.3033109,-0.95412475,-1.6263651,-0.57990825,-1.8449457,-2.0034823,-0.79143715,-2.0315847,-2.2125897,-1.0661539,-1.0192943,-1.1267774,-1.324101,-1.5595423,0.9376344,1.4390432,0.71357155,1.9574586,1.8260342,1.8380232,1.418272,1.6334175,2.1613762,1.5493469,2.043277,1.2509004,2.362559,0.463046,1.1954557,1.198628,1.5840014,0.7851861,0.71991414,2.008537,0.9558586,0.77140445,2.6178412,1.0934974,1.9875524,1.5011233,1.6830497,1.5089725,1.0045217,1.2117084,1.1836141,1.5492138
INTJ's Favorites,INTJ,-0.08014257,-0.37353095,-0.15075493,-0.056737106,0.074388295,0.062093046,0.35154712,-0.11250954,0.47092146,0.12938851,0.45655236,-0.14891776,-0.07123656,-0.2255932,-0.30621833,-0.0051970375,-0.25729412,-0.5254053,-0.44958812,-0.011357875,-0.08004384,0.23229343,0.30650795,-0.13538021,0.4200964,-0.011302043,-0.05323095,0.13851367,0.17693661,0.04082238,-0.28704572,-0.30996612,0.48990026,0.5681787,0.51776177,0.5770131,0.47290948,0.6492636,0.5071399,0.55089074,0.39426538,0.74035805,0.65943664,0.5936348,0.6790997,0.5009106,0.5780355,0.46443984,0.5967331,0.765443,0.50599056,0.6890342,0.48798805,0.27180293,0.7077517,0.58032876,0.5556604,0.6976439,0.61265916,0.44432834,0.4070593,0.5075125,0.42362067,0.6603076,-3.3704467,-1.6433625,-2.0138617,-2.3224304,-1.5118663,-2.1573699,-0.94762355,-1.5071876,-0.6112735,-2.2154198,-1.1054734,-2.3850164,-1.7931954,-2.265053,-2.2385592,-1.311408,-1.6087854,-3.6696544,-2.2478917,-1.1943619,-2.1583564,-0.7269036,-1.7077457,-2.0233676,-1.3055279,-2.3817875,-2.0035398,-0.9052045,-1.0245328,-1.5065033,-1.3144529,-2.05893,0.8816863,1.2873012,1.5293982,1.8846302,1.8438535,2.1578867,1.5942565,1.8815236,1.9802281,1.8458666,3.297,1.6681591,2.4555485,0.80062366,1.019574,1.3578721,1.4115007,1.0591654,0.86511946,2.3278136,1.0731817,0.8739776,3.141651,1.2073162,2.4051812,1.8150623,1.6537759,1.8009498,1.2837161,2.2381554,1.8794984,1.5619149
INTJ vibes,INTJ,0.07558619,-0.22014533,-0.18628213,0.22803062,0.12341028,0.009449854,0.17318712,0.047850084,0.5640515,0.03019735,0.55243075,-0.129885,0.14124992,-0.334316,-0.32859057,-0.009764915,-0.1022137,-0.73291177,-0.5136673,0.20329724,-0.19300516,0.15205616,0.3927893,-0.10647137,0.3354386,-0.10276226,-0.17804264,0.08087577,0.17529841,0.024622714,-0.22108859,-0.22234446,0.399613,0.5814722,0.5781307,0.52775556,0.45767465,0.616881,0.493124,0.60747975,0.45185935,0.6759441,0.5804508,0.5996382,0.7858727,0.50562185,0.64384454,0.46768087,0.5814315,0.89261216,0.578843,0.71100134,0.5312911,0.28567865,0.73643184,0.58164984,0.58401877,0.73743415,0.70862305,0.40403187,0.41250175,0.4638147,0.39935154,0.6182834,-1.0676727,-1.7304289,-1.5669767,-0.97080266,-1.162613,-1.8561366,-0.95022863,-1.4556934,-0.7581411,-2.0476012,-0.84749556,-1.4729245,-1.8922528,-1.899058,-2.2385592,-1.0932093,-1.4751858,-3.3453152,-2.3948612,-0.91095126,-1.8708588,-0.68305856,-1.4708517,-2.0233676,-0.97903603,-1.7107055,-2.0410721,-0.95722425,-1.2609516,-1.0903602,-1.1747688,-1.6251667,0.96082747,1.4053904,0.89276886,1.7809147,1.1131915,1.5809354,1.3078806,1.6242431,1.6369292,1.4458988,1.8547733,1.5177094,2.1785216,0.78342265,1.3494699,0.93245655,1.4115007,0.93291914,0.76339334,1.6464763,0.96426755,0.81249964,2.3544145,0.83958685,2.0825167,2.4891052,1.5071232,1.0565252,1.2095857,1.2190752,0.92262924,2.0202367
isfp's k-pop,ISFP,-0.21279669,-0.57551146,0.045200843,-0.074659705,-0.025752671,-0.30974805,0.5923359,-0.4642429,0.31932476,0.060934503,0.06289717,0.031819206,-0.6518548,0.009322853,-0.42877916,0.15900205,-0.46839982,0.15516868,-0.09695042,0.055812776,0.362949,0.20046258,-0.2400005,-0.2438822,0.59637725,0.612055,0.3707177,0.031475443,-0.010010034,0.09979783,-0.32083806,-0.013248786,0.39218017,0.5328557,0.38290974,0.39673656,0.35758874,0.5776193,0.3711126,0.43366593,0.22765976,0.42498577,0.40914372,0.5769306,0.52875996,0.44693008,0.46193555,0.4360422,0.42488185,0.5881715,0.42510882,0.3762021,0.4063714,0.20418388,0.55923814,0.56577265,0.40929434,0.59413135,0.4476886,0.34616628,0.4152196,0.40401572,0.31816334,0.5508152,-1.6121404,-1.491491,-2.1912038,-1.1681343,-1.7330714,-1.8103701,-0.6679389,-1.3045709,-0.6229906,-0.7122811,-0.696383,-1.5905888,-1.9806669,-1.7594146,-1.7564195,-0.9914396,-1.335717,-2.874931,-2.0741124,-0.91723514,-1.4693553,-0.43756726,-1.4667715,-2.137429,-0.62401193,-1.0637649,-1.9898306,-0.6201875,-1.2445394,-0.956244,-1.1111528,-1.60911,0.52791816,1.099583,0.8136139,0.7543235,0.9866509,2.7868505,1.2543836,1.8506162,0.80849344,1.1551291,1.6567035,1.8909774,1.2581848,0.8311795,0.45279485,1.3258508,0.56747216,1.12526,1.0817443,1.6708474,1.0766649,1.2341415,1.2193424,0.6542545,1.5647614,1.9300753,1.6608083,1.1287863,1.0200055,0.95608974,1.8022866,1.235643
ISFP,ISFP,-0.30431923,-0.68156624,0.011357521,-0.1387227,-0.070502296,-0.19206515,0.6234668,-0.5703736,0.26788595,-0.017529419,-0.03260564,-0.021767018,-0.67849576,0.11142927,-0.40713876,0.2769658,-0.48543808,0.2673637,-0.14137188,0.08423724,0.434259,0.23934262,-0.27611047,-0.17255358,0.5902002,0.71724886,0.3415363,0.03235365,-0.11424687,0.01699236,-0.26820236,0.08967288,0.42207554,0.42489058,0.31689057,0.4119425,0.36782905,0.4677513,0.37890288,0.31627184,0.25088558,0.4056893,0.539624,0.5348824,0.42838818,0.34079507,0.3829281,0.37575617,0.39650723,0.3980226,0.354268,0.35711062,0.37134674,0.2600698,0.60012907,0.45115626,0.41172066,0.6273799,0.36723113,0.33625662,0.3847533,0.37814394,0.36550283,0.55398786,-3.5047274,-1.6767284,-0.72824794,-2.1098301,-1.7252258,-1.4274096,-0.64640105,-1.2951176,-0.487544,-0.7809194,-1.0316132,-2.6206872,-1.8501785,-1.5199311,-1.9416364,-0.6279636,-1.3226866,-1.1598419,-1.7165248,-0.90180033,-1.7578168,-0.45524976,-1.9131129,-1.6764892,-0.90438974,-1.2232912,-0.8185865,-0.51644194,-1.3636596,-0.96953785,-1.045797,-2.4109204,0.4527491,0.5532167,0.8865227,0.8806355,0.9653598,1.3835276,1.6866016,0.9858882,0.79256046,1.1802907,4.6709757,1.4176356,0.78981066,0.88192666,0.32916695,1.1594758,0.5666366,1.1985309,0.7116475,1.5592262,1.2225379,2.5684192,3.664957,1.03014,1.5221125,1.97681,1.1371845,1.7522424,0.549574,0.8630196,3.2146263,2.0279067
isfp(1),ISFP,-0.2794322,-0.6279352,-0.071331576,-0.30846703,0.14461732,-0.17168863,0.82168615,-0.46388644,0.33512208,0.036012877,-0.025207702,-0.104860075,-0.6630927,0.05484762,-0.56026375,0.21948577,-0.3287863,0.2464445,-0.16677539,-0.120276324,0.42147794,0.19977826,-0.17825422,-0.2703967,0.7039152,0.4206186,0.5025317,0.11778185,-0.1311227,-0.038529344,-0.43007457,-0.0041384827,0.35015106,0.5078236,0.36374953,0.45713037,0.38104796,0.45390412,0.43235385,0.36444756,0.23012313,0.5355368,0.48048803,0.5380519,0.44452816,0.37959668,0.5796888,0.37125936,0.45379052,0.41514388,0.36543202,0.3996407,0.3535856,0.21532026,0.58237714,0.6065831,0.4253705,0.67107064,0.40121236,0.39928195,0.39981192,0.42319906,0.31095964,0.5217029,-1.1355065,-1.7159797,-1.4403187,-1.5685802,-1.2469134,-1.2172782,-0.64640105,-1.3097427,-0.4608504,-1.3904645,-1.0343726,-1.4381235,-1.564883,-1.1639584,-2.019992,-0.80280125,-1.2682743,-0.79703367,-1.2223277,-1.0371418,-0.44025713,-0.44227055,-1.5370804,-2.4457834,-0.51118445,-1.5404931,-0.8713906,-0.6969857,-1.2631086,-1.1374578,-1.4568684,-1.3559316,0.5201711,1.0386938,1.006845,0.84431165,1.11168,1.0020734,2.0532734,0.56737244,1.1821865,1.5377586,1.42641,1.4874353,0.5739112,0.77021116,0.37844098,1.1740171,0.9776329,1.2293999,1.2524443,1.6392478,1.177372,0.8831413,1.4425768,1.1314771,1.9227403,1.7473135,1.8181586,1.2812374,0.64233404,1.0568177,0.33384073,1.1617665
isfp(2),ISFP,-0.2794322,-0.6279352,-0.071331576,-0.30846703,0.14461732,-0.17168863,0.82168615,-0.46388644,0.33512208,0.036012877,-0.025207702,-0.104860075,-0.6630927,0.05484762,-0.56026375,0.21948577,-0.3287863,0.2464445,-0.16677539,-0.120276324,0.42147794,0.19977826,-0.17825422,-0.2703967,0.7039152,0.4206186,0.5025317,0.11778185,-0.1311227,-0.038529344,-0.43007457,-0.0041384827,0.35015106,0.5078236,0.36374953,0.45713037,0.38104796,0.45390412,0.43235385,0.36444756,0.23012313,0.5355368,0.48048803,0.5380519,0.44452816,0.37959668,0.5796888,0.37125936,0.45379052,0.41514388,0.36543202,0.3996407,0.3535856,0.21532026,0.58237714,0.6065831,0.4253705,0.67107064,0.40121236,0.39928195,0.39981192,0.42319906,0.31095964,0.5217029,-1.1355065,-1.7159797,-1.4403187,-1.5685802,-1.2469134,-1.2172782,-0.64640105,-1.3097427,-0.4608504,-1.3904645,-1.0343726,-1.4381235,-1.564883,-1.1639584,-2.019992,-0.80280125,-1.2682743,-0.79703367,-1.2223277,-1.0371418,-0.44025713,-0.44227055,-1.5370804,-2.4457834,-0.51118445,-1.5404931,-0.8713906,-0.6969857,-1.2631086,-1.1374578,-1.4568684,-1.3559316,0.5201711,1.0386938,1.006845,0.84431165,1.11168,1.0020734,2.0532734,0.56737244,1.1821865,1.5377586,1.42641,1.4874353,0.5739112,0.77021116,0.37844098,1.1740171,0.9776329,1.2293999,1.2524443,1.6392478,1.177372,0.8831413,1.4425768,1.1314771,1.9227403,1.7473135,1.8181586,1.2812374,0.64233404,1.0568177,0.33384073,1.1617665
ISFP(3),ISFP,-0.17740276,-0.37886932,0.09265382,-0.19949602,0.22092645,-0.4239638,0.79315317,-0.366913,0.34172142,-0.07349565,0.07849364,-0.18708877,-0.6835737,-0.027058383,-0.46627027,0.04022774,-0.20206581,0.24881345,-0.02145188,-0.07189197,0.44360456,0.17294808,-0.09337165,-0.29421043,0.5455464,0.34903178,0.6325809,0.012367628,-0.10605228,0.13124616,-0.38476387,0.06766561,0.34576258,0.54917073,0.35545644,0.40680575,0.32926956,0.53236544,0.3977717,0.3306673,0.23486577,0.480423,0.46637705,0.5876135,0.47243243,0.37724805,0.49828053,0.4036351,0.49475044,0.4025873,0.3716404,0.37166876,0.3730534,0.19470945,0.52063954,0.57808304,0.48722237,0.5972156,0.41645122,0.35590607,0.39698184,0.403424,0.2822657,0.55709296,-1.1513802,-1.8462301,-1.1505839,-1.6057673,-1.2516122,-2.6853588,-1.3750342,-1.3045709,-0.8386849,-2.3308377,-1.0138268,-2.337509,-2.3802586,-1.4765276,-2.1971703,-1.6508569,-1.4421206,-1.7844616,-1.4765977,-1.2021663,-0.787494,-0.5778183,-1.8428929,-2.7295756,-1.7046355,-1.8482226,-0.8318955,-0.8105105,-1.6354192,-1.5908858,-1.3288915,-1.60911,0.92861533,2.1730359,1.5403175,1.339841,1.5896964,1.3671299,2.081693,0.793245,2.0115724,1.5456034,2.257965,1.5915123,1.3041828,1.0070522,0.55943394,1.3768587,1.9564611,1.3510498,1.4221747,1.9878217,1.4202915,1.0980624,1.565808,1.2406117,1.8119913,2.166114,2.4985733,1.2549094,1.010575,1.5605241,0.5682889,2.7259183
감성적인 ISFP일때,ISFP,-0.04241874,-0.30699968,-0.14360109,-0.12354899,-0.28490558,0.18711491,0.14459829,-0.24658807,0.20783155,0.56143796,0.16703887,0.13114777,-0.20917192,-0.20304576,-0.46205753,0.22030394,-0.3296105,-0.3643608,-0.21756358,-0.28510082,-0.075600274,0.1970762,-0.41102636,-0.372119,0.3884802,0.7052753,0.0188839,0.27916372,0.17781068,-0.1599117,-0.31035736,-0.43608567,0.3021506,0.5003106,0.33530945,0.38276947,0.41507274,0.4575969,0.31519184,0.3895778,0.2635184,0.39630717,0.53415155,0.4460163,0.47950515,0.40201452,0.37644958,0.4345315,0.4640684,0.6102892,0.32377088,0.36103013,0.32488072,0.21189642,0.6338401,0.42336166,0.41557282,0.7089575,0.41427258,0.34242105,0.45176396,0.45757127,0.2774523,0.5730317,-1.080904,-1.826726,-2.004533,-1.266212,-1.5771999,-1.9312032,-1.1268817,-1.4711736,-0.8501706,-1.1574322,-1.1423622,-1.8018296,-1.592926,-1.7390832,-1.5925144,-1.1631917,-1.5159769,-2.5508692,-1.5644653,-1.1684452,-1.2336397,-0.3697367,-2.1990678,-1.9517252,-1.1977746,-1.5421677,-1.1030093,-0.76819503,-1.6631165,-1.640025,-1.1397917,-1.643773,0.75470924,1.4699792,0.8098959,1.8860251,1.0477005,1.5180966,1.5748851,1.3661541,1.4127127,1.7452245,1.8018383,1.5328249,1.4936239,0.82565814,0.6577229,1.8473029,1.1629956,1.2969314,0.9987633,1.6895384,0.8564738,0.9961377,1.5068169,1.1338171,1.5838525,2.5568795,1.5836817,1.2807084,1.0574143,1.3156645,0.5754745,1.9245983
isfpのぷれいりすと,ISFP,-0.120004766,-0.50123286,-0.084518865,-0.20578818,0.18044728,-0.14015199,0.7112563,-0.4200528,0.4099439,0.062280647,-0.0638887,-0.22909057,-0.5380848,-0.032365978,-0.37335652,0.02990854,-0.36386004,-0.0031796382,-0.22004111,-0.21198525,0.34846625,0.23631772,-0.100471795,-0.15341406,0.5845735,0.34791538,0.39893574,0.006570307,0.04176841,0.013498831,-0.51721126,-0.01689751,0.4258584,0.51413965,0.31192628,0.4415258,0.4670409,0.5700269,0.4009977,0.40533006,0.30082345,0.5778357,0.51477957,0.5819964,0.5823162,0.41420096,0.50147223,0.5048709,0.5185306,0.46535897,0.33605096,0.46110728,0.37228844,0.21843131,0.62148213,0.573396,0.47837895,0.733789,0.4028436,0.42027166,0.40280983,0.44695267,0.31723878,0.56111026,-0.9908578,-1.4837499,-0.76354206,-1.1604164,-1.3250633,-1.218951,-0.52844507,-1.2258462,-0.30283517,-1.983845,-0.8159028,-2.156574,-1.9205824,-1.5313689,-1.7768344,-1.3769339,-1.3623614,-1.1715748,-1.1019894,-1.3458695,-0.77018744,-0.29359347,-1.5820254,-1.7881684,-1.1990236,-1.5404931,-0.53391236,-0.79393274,-0.9139082,-0.88946986,-1.2738734,-1.2427754,0.790729,1.8510604,0.6567865,1.0600593,1.786538,1.5067322,1.6315879,0.6170667,1.7181392,1.3182348,1.1082257,1.0328822,1.6849535,0.6942679,0.357923,1.2743452,1.0091805,0.80962485,0.5273102,1.4575683,0.9189034,0.6340387,1.4425768,0.8086486,1.5578532,1.8683159,1.6545542,1.1168219,1.0603656,1.1887964,0.12415236,1.4412364
🧡ISFPのみんなへ🎨,ISFP,-0.27189785,-0.5366917,-0.033326097,-0.18396935,0.0080603175,-0.16133256,0.6527044,-0.4308786,0.33416462,0.017086748,-0.028729053,-0.056617524,-0.5686023,-0.0010416998,-0.45990467,0.18494491,-0.38820398,0.12278039,-0.17678821,0.027326962,0.37980756,0.23539129,-0.2535502,-0.20541315,0.6347653,0.58920753,0.41892976,0.053736623,-0.06245891,0.06110167,-0.34828827,0.03289142,0.43140507,0.51856744,0.41054234,0.48320025,0.41234845,0.5597575,0.44455752,0.3758371,0.3073182,0.5742457,0.5626124,0.63259697,0.49882126,0.40552127,0.5052979,0.42036775,0.4884013,0.5221028,0.39368337,0.43268278,0.4213282,0.26102695,0.6387444,0.57446164,0.4729075,0.6118332,0.4387655,0.41526866,0.41708073,0.4738535,0.37737238,0.6110243,-3.5047274,-1.7219834,-1.3916719,-2.1098301,-1.7252258,-1.7846644,-0.69532186,-1.1662365,-0.57622755,-1.7881161,-1.168854,-2.6206872,-2.173772,-1.5199311,-1.8828014,-0.93685263,-1.6214278,-1.8968507,-1.7165248,-1.0707018,-1.7578168,-0.34144655,-2.01001,-2.3409545,-1.1759479,-1.3540688,-1.1426111,-0.6964795,-1.497077,-1.3305212,-1.1291305,-2.4109204,0.96883583,1.0005484,1.0621531,1.3978554,1.236691,1.4666079,1.9183245,0.9858882,1.7495005,1.4803928,4.6709757,1.4529903,0.832029,0.90261,0.50129443,1.2305697,1.0120516,1.2412397,1.095928,1.5592262,1.3251576,2.5684192,3.664957,0.84772176,2.3461435,2.2187505,1.7773588,1.7522424,0.9320504,1.1238539,3.2146263,2.079121
ISFP vibes🎨🖌️🎐🌼✨🎡🌌,ISFP,0.02360021,-0.3629087,-0.07522051,-0.027548581,-0.11123408,0.09235777,0.17231205,-0.1753142,0.31799224,0.373273,0.33813313,-0.0047733537,-0.10605935,-0.19470564,-0.3068507,0.021799035,-0.3467682,-0.5246913,-0.3510482,-0.19772777,-0.0677545,0.28629652,0.0064371745,-0.16618872,0.3104427,0.30790237,-0.08703046,0.14258276,0.21808784,-0.06482074,-0.3339039,-0.38780156,0.36872187,0.5791198,0.4573559,0.43892246,0.46257058,0.51988494,0.41537225,0.47054496,0.36719275,0.55127984,0.5585278,0.51800585,0.5358228,0.4612058,0.5609307,0.47803664,0.54371107,0.6577586,0.3669027,0.5219197,0.40580556,0.28864408,0.5951948,0.6155608,0.45586613,0.6820852,0.5478187,0.42147294,0.39299965,0.5333771,0.36975244,0.65473795,-0.9034718,-1.4195963,-1.6159129,-1.0530158,-1.5299407,-1.3379207,-0.9046514,-1.0993698,-1.0419027,-1.0435106,-0.7182105,-2.273772,-1.6213208,-1.899058,-2.2385592,-1.311408,-1.3390639,-2.238658,-1.873783,-1.1085382,-1.2022061,-0.32147163,-1.3884017,-2.0233676,-1.1492782,-1.682636,-1.455359,-0.7655293,-1.1747276,-1.460841,-1.3144529,-1.6541277,0.7322302,1.2830586,1.3192958,1.5728312,1.4202495,1.5677764,1.7152411,1.1813259,1.6531452,1.5930818,2.0048523,1.4732382,1.2261488,0.6175042,0.95091087,1.3772346,1.4115007,0.8180906,0.75739276,1.5650712,1.0672157,1.3146354,1.6309478,1.0866914,1.4257945,2.2226315,1.518867,1.3030449,1.1439841,1.1099957,0.76123756,2.3380928
ISFP(4),ISFP,-0.107542545,-0.54675317,-0.12823051,-0.15441923,-0.28468594,0.25315636,0.19121952,-0.29262948,0.21851027,0.4818179,0.29314348,0.10366311,-0.18581915,-0.07222802,-0.40311915,0.29467848,-0.38773116,-0.364509,-0.33286723,-0.2014886,-0.017941287,0.26371488,-0.17909224,-0.25935608,0.36497805,0.5603826,-0.14933231,0.29610416,0.11933308,-0.20394467,-0.22803031,-0.3947918,0.38128927,0.49103576,0.38750842,0.4440024,0.470218,0.51392287,0.42243466,0.43605125,0.2971882,0.57464933,0.5567449,0.46983516,0.5206919,0.39364856,0.4771362,0.41053435,0.48798847,0.7063689,0.35293335,0.447653,0.39126128,0.253115,0.62902737,0.48769307,0.42762062,0.68847346,0.50931793,0.4042641,0.4208061,0.48653504,0.3416051,0.6371869,-1.0976156,-1.7043525,-1.976923,-1.4025506,-1.5797237,-1.3871067,-0.73231906,-1.1951138,-0.8821805,-1.3563573,-1.0201225,-1.3289759,-1.7634324,-1.6189693,-2.0628204,-0.8234718,-1.4347645,-3.158939,-2.1076767,-1.2953742,-1.5741591,-0.4189936,-1.9014632,-1.5223547,-0.857978,-1.452267,-1.75671,-0.50885993,-1.668836,-1.451734,-1.0630974,-2.0939167,0.8076255,0.8488805,1.0435299,0.9160289,1.5191194,1.832835,1.3118994,1.6142424,1.3285882,1.8676491,2.0328321,1.8010737,1.4217978,0.6619928,0.8697022,1.4863524,0.9556048,1.2521623,0.7810065,1.5550891,0.8082327,1.088401,1.5941596,1.3400593,1.7441943,2.0346847,1.3839493,1.4494612,1.0802149,1.0594149,1.1099943,1.4740094
ISFP songs,ISFP,0.065173574,-0.38131672,0.09403733,0.01791897,0.015763463,-0.20153973,0.31858778,-0.31367627,0.3638558,0.26946065,0.37951154,0.015589885,-0.22362784,-0.08219708,-0.16534549,-0.1389202,-0.4038286,-0.35917115,-0.24333456,-0.205513,0.051598586,0.26114464,0.17026116,-0.042972255,0.30876276,0.12313226,0.058557685,0.00524418,0.23088524,0.12970386,-0.4206463,-0.2701105,0.34933138,0.48624748,0.3653601,0.40486604,0.32675177,0.49790373,0.427412,0.4193677,0.24858274,0.5338158,0.50270635,0.5031129,0.5744609,0.39622727,0.5298429,0.40500385,0.47056264,0.68937427,0.4290546,0.4925645,0.41158822,0.21493639,0.6365737,0.62390107,0.41157308,0.69587076,0.52679366,0.39020663,0.3726257,0.5034132,0.31402034,0.59870005,-0.77973986,-1.1786436,-0.7436715,-0.92218155,-0.6737354,-1.6360779,-0.83041155,-1.2367799,-0.5435324,-0.6899969,-0.5348567,-0.9129879,-1.5353115,-0.8700004,-1.9043264,-1.311408,-1.2048986,-2.5451546,-1.285396,-1.1134899,-0.83396065,-0.34375483,-1.2729635,-2.2659128,-0.50304306,-1.7696123,-1.1365951,-0.83799845,-0.54222214,-1.1664585,-1.3144529,-1.6454458,0.73276,0.48726335,1.5293982,1.3780493,0.91618824,1.0814046,1.2766905,0.5990386,1.0593141,1.6600701,1.5377017,1.6681591,0.8450608,0.67590463,0.6856919,0.6477319,0.7596418,0.79237324,1.0972215,1.5344036,0.8357106,0.8335348,1.6183965,1.2073162,1.4256386,1.8146114,1.7877347,1.1796064,1.1439841,1.3551433,0.4355572,1.4233955
Isfp ,ISFP,-0.06858768,-0.48381317,-0.037327554,-0.096739,-0.084579125,-0.03609724,0.38472676,-0.37794086,0.30775097,0.34134296,0.16963758,0.096456945,-0.39082506,-0.038634766,-0.46193603,0.18905826,-0.39533883,-0.115232125,-0.16641314,-0.18498701,0.14969198,0.18478715,-0.26330498,-0.29108414,0.4777897,0.53600174,0.15719356,0.17433561,0.08369455,-0.08097908,-0.3731892,-0.24529831,0.34142515,0.46920294,0.3347749,0.36523372,0.39231503,0.48274526,0.4086125,0.39195898,0.25358188,0.5366434,0.5195469,0.43423614,0.505984,0.38405353,0.4194169,0.38703057,0.44983432,0.60584486,0.31771186,0.42158917,0.40020442,0.21058801,0.6368144,0.4783343,0.44771907,0.7252261,0.42748493,0.3454379,0.42778978,0.4207958,0.2830925,0.61480784,-1.0227296,-1.6926385,-1.1282992,-1.2481755,-1.3387754,-1.277056,-0.7597411,-1.2809885,-0.6112735,-1.7776083,-0.82608056,-1.6229395,-1.5215626,-1.1122966,-1.8333576,-1.019548,-1.4632182,-2.003217,-1.2338948,-1.124532,-0.87954503,-0.48388776,-1.5333592,-2.137429,-1.3317211,-1.3597169,-1.250413,-0.74823946,-1.5154698,-1.1367848,-1.1956162,-1.6003218,0.77849615,1.2873012,0.8329366,1.4830271,1.2034911,1.2226613,1.535259,0.77748716,2.1560173,1.6995777,1.824344,1.5463253,1.2324897,0.7922951,0.50031507,1.2360913,0.9161927,1.2743373,1.0494218,1.7948003,1.2225379,0.8010306,1.7690508,0.87792045,1.5720613,2.0615435,1.6608083,1.2434294,0.9625507,1.0997188,0.60904115,2.0279067
ISFP (PDB),ISFP,0.025908023,-0.3197969,0.057411473,0.015450325,-0.03201938,-0.17198525,0.29162836,-0.25711384,0.3281449,0.28319252,0.37351218,0.009448668,-0.23104513,-0.1372317,-0.26529628,-0.04837196,-0.3199061,-0.348399,-0.22600397,-0.13773298,0.05868194,0.22927015,0.08619595,-0.15367645,0.307485,0.2466128,0.077438824,0.06401355,0.16656177,0.06952125,-0.3451679,-0.26200727,0.3627373,0.52108526,0.37541068,0.43206102,0.42449993,0.5819791,0.46774477,0.41300708,0.3019441,0.55412835,0.4580693,0.50073963,0.6719431,0.383225,0.55345917,0.4738215,0.53303534,0.7598432,0.44239566,0.49817392,0.46036935,0.2314445,0.6284646,0.57874066,0.3908027,0.67931026,0.60865366,0.41260716,0.4525909,0.48428038,0.3708638,0.63169545,-1.4291651,-1.2030519,-1.1666052,-1.6285602,-1.0607164,-1.297867,-1.121556,-1.2367799,-0.5435324,-0.7804852,-0.62341374,-1.496474,-1.5353115,-0.9682061,-2.010636,-1.311408,-1.2048986,-2.5816808,-1.7284148,-1.149873,-1.0322794,-0.34375483,-1.4629507,-2.2659128,-0.57829076,-1.7696123,-2.1202238,-0.7863104,-1.3152357,-1.1664585,-1.3144529,-1.8153062,0.6012856,1.0279629,1.5293982,1.3780493,1.1258278,1.2214997,1.4735707,0.82447183,1.0593141,1.6600701,1.5377017,1.6681591,1.638494,0.67590463,0.6856919,1.7108587,1.4672239,0.9202553,1.0972215,1.5344036,0.98423153,0.84127563,1.6216075,1.2073162,1.4256386,1.8146114,1.7877347,1.1796064,1.1439841,1.3551433,0.58751756,1.4233955
isfp(5),ISFP,-0.23026069,-0.58902645,-0.026253121,-0.15912986,-0.10945868,-0.06221964,0.474175,-0.42496136,0.3014271,0.22236055,0.16139239,0.058961652,-0.43713143,0.025509126,-0.43889517,0.2252052,-0.4192566,-0.03513337,-0.21452731,-0.038170077,0.23629574,0.23317039,-0.17955343,-0.233454,0.5324873,0.5603269,0.18603241,0.1329642,0.006506065,-0.04230231,-0.30691388,-0.16856533,0.4084339,0.50109714,0.39014834,0.44263563,0.3935643,0.5782708,0.4774588,0.40967438,0.27617747,0.60754305,0.52415526,0.5107244,0.585093,0.3611339,0.5054866,0.43049812,0.49797952,0.7210423,0.37123668,0.4357251,0.47307009,0.23574638,0.5926968,0.5111859,0.4838897,0.59695375,0.5390573,0.3982623,0.45294577,0.4602527,0.3048512,0.6482654,-1.4812808,-1.7140357,-1.7842011,-1.5834888,-1.3405751,-2.1555316,-0.9660022,-1.2738669,-0.85140914,-1.381063,-0.7459754,-2.9260488,-2.2006161,-1.7310802,-2.6804152,-1.0512705,-1.5117946,-2.6976233,-1.8642461,-1.1828285,-1.2363032,-0.4765604,-1.8865428,-1.8635815,-1.2777194,-1.616472,-1.6140193,-0.6121301,-1.8758734,-1.6432683,-1.2007196,-2.0160723,0.75937635,1.2873012,0.9802467,1.1527616,0.9487015,2.4566352,1.6451144,1.1633875,1.2901081,1.8902584,1.7195704,2.0465698,1.3246862,0.9120615,0.67161614,1.9733458,1.1806116,1.5882797,1.0369521,1.5645678,1.1456459,1.9137164,1.8737494,1.0023946,2.2421887,1.8900954,1.8854985,1.3968611,1.3326217,1.2249856,1.2031825,1.7079705
isfp's playlist.,ISFP,-0.0054701576,-0.40743434,-0.2107221,0.09508059,0.1365231,0.06805166,0.38766852,-0.12191605,0.52131027,-0.062299404,0.2994238,-0.21308054,-0.102353975,-0.22772902,-0.3575291,0.10887296,-0.19828933,-0.4230821,-0.4823853,0.13254626,0.031411216,0.21347271,0.16719358,-0.0947111,0.47914162,0.068724066,0.028117614,0.14192633,0.077178165,-0.01718284,-0.29592267,-0.043498468,0.40651727,0.557894,0.55103093,0.5612621,0.5382598,0.57044107,0.51106596,0.57056236,0.4706792,0.77291983,0.57298297,0.6188946,0.61868477,0.5177396,0.6295506,0.51548976,0.6206463,0.6704952,0.4919016,0.743455,0.4183971,0.28208822,0.69268733,0.6314687,0.56729144,0.76933163,0.61287594,0.43250668,0.43717977,0.53156096,0.41934693,0.7264625,-1.0939614,-1.7162927,-1.6210228,-1.3728427,-1.3692772,-1.9874969,-0.70096207,-1.2536776,-0.5658122,-2.2458577,-1.1830081,-2.2007437,-1.6545175,-1.899058,-2.2385592,-1.1698731,-1.6312253,-2.3424592,-1.9334679,-1.2279071,-1.0765945,-0.6077624,-1.5232179,-2.2076287,-1.3598655,-1.8577533,-1.2231414,-0.8631834,-1.3412699,-1.6567718,-1.2516245,-1.9281613,0.98225886,1.2830586,1.3447306,1.890713,1.4663624,1.2585522,2.057888,1.2528024,1.8341018,1.684064,1.5434846,1.5897,1.488294,0.80062366,0.7788151,1.5743854,1.4115007,0.8545518,1.1005182,1.9446818,1.0689741,0.85482687,1.791222,1.0924969,2.1320949,2.3069913,1.6519899,1.220994,1.0643666,1.1852798,1.1194197,2.531332
isfp vibes,ISFP,-0.13124178,-0.45832244,-0.23094904,0.035507727,-0.14939922,0.21885672,0.18211158,-0.14212213,0.34524006,0.17751744,0.3431881,-0.061103925,-0.08461847,-0.22659892,-0.42537546,0.26596078,-0.25780022,-0.47801694,-0.469523,0.15763596,-0.02029312,0.24046418,0.012375743,-0.21074155,0.41515583,0.3825994,-0.16590802,0.21903917,0.07400179,-0.14800306,-0.11671237,-0.21579494,0.41372856,0.60416466,0.5258141,0.5311886,0.505727,0.6338839,0.49630383,0.5842138,0.421597,0.7076581,0.62788403,0.56784034,0.6734074,0.49081105,0.5523079,0.5191441,0.5725331,0.848629,0.4884289,0.6576668,0.49013484,0.2842179,0.71155185,0.52460736,0.5335966,0.7393589,0.63259506,0.4174452,0.46797803,0.49167666,0.41381168,0.691395,-1.2375729,-1.9865041,-1.6998706,-1.1804332,-1.626083,-1.9236637,-0.9130194,-1.3740467,-0.6149955,-2.2154198,-1.0622519,-2.3131409,-2.4628448,-1.6926324,-2.369465,-1.1170515,-1.5049597,-2.9265783,-1.7442467,-1.1134899,-1.4062496,-0.6183967,-1.9518242,-2.0155234,-1.0356568,-1.4505666,-2.1916625,-0.7850347,-1.3743489,-1.5807583,-1.1289208,-2.1092842,0.994143,1.3245628,1.1169342,1.9097737,1.0968224,1.7152443,1.6099696,1.520893,1.6612706,1.8547369,2.5818813,1.5813853,2.0720146,0.9614713,0.8271552,1.7870857,1.2208948,1.0456152,1.0748008,1.9446818,1.1668123,1.1294267,2.2354455,0.9610381,2.2919948,2.343675,1.4583185,1.3798779,1.2421839,1.518556,1.7361113,1.5734569
isfp core,ISFP,-0.0132977,-0.426213,0.055539228,-0.08141625,-0.044839602,0.016285934,0.30817464,-0.2954784,0.32417676,0.34472132,0.3835651,0.13164881,-0.19268644,-0.0538138,-0.34328014,0.10876452,-0.3601773,-0.30122343,-0.25704405,-0.21938612,0.06925937,0.22393152,0.042773142,-0.13598348,0.34358224,0.21894898,0.014165798,0.18280339,0.09900361,0.0115163755,-0.34151742,-0.26846647,0.316175,0.45972595,0.37715793,0.4002611,0.4431762,0.5223444,0.39994296,0.42471877,0.29205889,0.547016,0.5437483,0.41241094,0.5310601,0.37197226,0.4965831,0.39371002,0.5413557,0.62210065,0.3109219,0.445373,0.4274506,0.22337984,0.6005168,0.5161857,0.4439949,0.68446934,0.50040305,0.40965372,0.42562178,0.47852415,0.3261793,0.66969043,-1.0585679,-1.5453146,-1.3327405,-1.3634287,-1.5390526,-1.3853644,-0.7552489,-1.2951176,-0.5137034,-1.1633935,-0.7082622,-1.1765854,-1.2591165,-1.6093824,-2.0593474,-0.86996335,-1.4322209,-2.2689981,-1.2332702,-1.1310207,-1.0146081,-0.49150494,-1.4183011,-1.5661204,-0.90438974,-1.6467597,-1.2029842,-0.76843846,-1.3973622,-1.2159176,-1.3386023,-1.6324158,0.7322302,0.9991951,1.158971,1.4044993,1.17259,1.239612,1.5891389,1.2472447,1.3185973,1.6770148,1.698795,1.6742957,1.5965518,0.85679245,0.61853105,1.2642787,1.0170349,1.0874454,0.69529945,1.5143092,1.2225379,0.8851234,2.0440264,0.92329407,1.6497643,1.9820966,1.5129379,1.1952051,1.2125388,1.188713,0.38925114,2.0360034
ISFP(6),ISFP,0.06975616,-0.33697763,0.029700266,-0.054054633,-0.10989956,0.066855565,0.1312311,-0.21375288,0.27017418,0.47153723,0.5094947,0.047755495,-0.06996031,-0.10693231,-0.34835538,0.049855188,-0.24709813,-0.51375496,-0.3217747,-0.32363352,-0.053416952,0.23235597,0.10844844,-0.19899692,0.1933195,0.21821591,-0.10583716,0.21291618,0.18960376,-0.10436824,-0.311125,-0.41243362,0.35436943,0.48616788,0.36147636,0.42485994,0.4604583,0.5687005,0.46653897,0.4731942,0.28167555,0.62644815,0.6114415,0.45540196,0.5815603,0.44268885,0.419607,0.44107282,0.46871197,0.79927206,0.35191122,0.46584448,0.4555237,0.21727738,0.59756356,0.4683623,0.4627558,0.6986071,0.55975395,0.40149674,0.49536696,0.43671086,0.33321363,0.72345245,-0.9626927,-1.5694757,-1.349195,-1.0151008,-1.4808524,-1.7400388,-1.0037163,-1.1898483,-0.61316556,-1.8927346,-0.83448935,-1.9126664,-1.5263187,-1.8672948,-1.4311019,-1.2258297,-1.3677193,-2.7507374,-1.2284213,-1.209141,-1.0102826,-0.19094639,-1.3160056,-1.6034751,-0.88548046,-1.5505862,-1.4156668,-0.8290923,-1.2164131,-1.1303581,-1.1051589,-1.6273324,0.77849615,1.2928544,0.7842239,1.3505139,0.8920266,1.5856156,1.3435962,1.3552576,1.350795,1.9899274,1.824344,0.9461314,1.2782012,0.80062366,0.55349755,1.0210457,0.89961135,0.9856296,0.64769554,1.7761792,1.1668123,1.1113185,1.5941596,0.7824954,1.3236207,1.7374517,1.3879982,1.0469445,1.1559035,1.0997188,0.9478138,1.7894131
ISFP Mood,ISFP,-0.08166643,-0.47786868,-0.10223081,-0.025855355,0.015120757,-0.04481279,0.36716345,-0.23062956,0.4061825,0.1304082,0.29324558,-0.083293214,-0.29908192,-0.13965416,-0.3777512,0.09327602,-0.3322619,-0.27742416,-0.28600734,-0.006744673,0.068113014,0.2339077,0.0065649557,-0.19241336,0.4584719,0.28532222,0.07232424,0.112828255,0.106489345,-0.023395484,-0.2870667,-0.23103502,0.38357958,0.5594665,0.4587169,0.49641386,0.47171038,0.60773474,0.47047144,0.48979527,0.32667828,0.629224,0.60497594,0.5908776,0.6048992,0.4521336,0.5902897,0.49151266,0.53705555,0.67021155,0.42188513,0.5845918,0.44068423,0.2400114,0.67391735,0.5597255,0.48573032,0.7383035,0.5361922,0.42608923,0.39034483,0.47028458,0.34483305,0.6005047,-0.90347606,-1.7218014,-1.6998706,-1.4068612,-1.626083,-2.2284815,-1.1894854,-1.2891252,-0.5439157,-1.9963895,-1.0328785,-2.685681,-2.0755637,-1.899058,-2.3465214,-1.5700816,-1.4320651,-2.4099874,-1.6890806,-1.2844025,-1.0995595,-0.43873844,-2.1398475,-2.1940167,-1.2273884,-1.7195848,-1.3941753,-0.8351858,-1.195071,-1.2050778,-1.3144529,-1.9281613,0.97788686,1.8364714,0.7167258,1.3978659,1.399871,1.7152443,1.877549,1.1173215,1.9613391,1.5930818,2.002275,1.4136623,1.9077685,0.88383865,0.6856919,1.2851344,1.4115007,1.2471529,0.95469296,1.9714495,1.1577654,1.0428424,1.710568,0.739098,2.3658454,2.0808735,1.8496383,1.1993659,1.1439841,1.1268549,1.0674883,1.1790496
for people with mbti ISFP,ISFP,-0.16294149,-0.48819888,0.0706504,-0.052829564,-0.04115845,-0.19448373,0.46684596,-0.41772872,0.28901935,0.066436194,0.18673472,0.05529195,-0.4647646,-0.0050431658,-0.46028283,0.20807648,-0.34238434,0.053338885,-0.1706661,0.032249816,0.3107254,0.22334208,-0.16479263,-0.18557063,0.45533577,0.5165782,0.31620598,0.092170164,-0.09296001,0.031073255,-0.2752053,0.044862676,0.41868982,0.5670256,0.4358124,0.4635689,0.42712247,0.5625234,0.47068518,0.44650453,0.3324786,0.5922318,0.557344,0.60613734,0.60358065,0.4220747,0.54940706,0.47031197,0.5346875,0.64372617,0.42696497,0.48651484,0.45322165,0.25881475,0.6262775,0.5989272,0.51527417,0.7034092,0.5115648,0.4067886,0.4808796,0.45018137,0.35986543,0.67820483,-3.5047274,-1.8061535,-1.7016224,-2.1098301,-1.9155548,-2.2712111,-1.2192817,-1.3740467,-0.7981436,-2.668752,-1.1830081,-2.6206872,-2.4991548,-1.7844794,-2.5262797,-1.2947211,-1.6163306,-2.6561146,-2.0004013,-1.3124781,-1.7578168,-0.57313925,-2.0310373,-2.1701534,-1.0520926,-1.8577533,-1.5398456,-1.1189171,-1.6416926,-1.4440608,-1.3557305,-2.4109204,1.086947,1.8329796,1.5791287,2.0113938,1.4663991,2.0006564,1.6497302,1.3190166,1.8129069,1.6619979,4.6709757,2.1059232,1.5940329,1.0211543,0.9624198,2.1752307,1.8264556,1.3432779,1.1978592,2.1191478,1.4921658,2.5684192,3.664957,1.2249793,2.3105805,2.2376308,1.8242364,1.7522424,1.2296001,1.5112356,3.2146263,2.658566
ISTJ,ISTJ,-0.31390035,-0.68826723,-0.026207846,-0.11977611,-0.037950445,-0.2924968,0.63833505,-0.50429606,0.3113371,0.014180605,0.041368138,-0.069576815,-0.7414056,0.044602,-0.48115724,0.22052757,-0.45099226,0.24865012,-0.070865266,0.116920285,0.37372732,0.22472085,-0.2593494,-0.3314669,0.63887024,0.7215268,0.38371328,0.07665745,-0.030946186,0.011603652,-0.27072194,-0.05000188,0.48508662,0.4694932,0.29853326,0.4207174,0.34827933,0.5301591,0.39599043,0.35100225,0.2305507,0.39838937,0.6754842,0.62060803,0.5264482,0.39420277,0.39653882,0.35276622,0.42180344,0.4676049,0.44969773,0.35816255,0.43183607,0.32092652,0.63320106,0.54419905,0.40932763,0.6241013,0.42826343,0.3595764,0.33212137,0.38819474,0.45110664,0.52282876,-3.5047274,-1.50394,-0.86853427,-2.1098301,-1.7252258,-2.129257,-0.33131248,-1.1549839,-0.487544,-0.7809194,-0.78372896,-2.6206872,-2.389484,-1.5199311,-1.8504221,-0.8263788,-1.2121466,-1.1598419,-1.7165248,-0.73926866,-1.7578168,-0.23511054,-1.6648784,-2.137429,-0.5188387,-0.56171125,-0.785355,-0.53829366,-0.8108653,-1.0726703,-0.8840732,-2.4109204,0.40320954,0.5578913,0.7695973,0.5813903,0.64270604,0.7959184,1.603065,0.9858882,0.8392339,1.1342456,4.6709757,1.1249633,0.6459105,0.61568516,0.28760567,1.3081076,0.6171816,0.93932575,1.090076,1.5592262,1.0062428,2.5684192,3.664957,0.79131484,1.5106448,2.146016,1.6608083,1.7522424,0.71266884,0.82522476,3.2146263,0.88658303
💫ISTJ 💫,ISTJ,-0.16806519,-0.5529452,0.14656137,0.029789941,-0.10511577,-0.27146226,0.44539183,-0.5293558,0.28165692,0.03109907,0.11080018,0.17659476,-0.54908365,0.048338242,-0.4217992,0.24219485,-0.49622422,0.17634872,-0.11743491,0.10615876,0.38535032,0.22922565,-0.3105939,-0.110996716,0.49970296,0.68437093,0.31454155,0.021076733,-0.1124681,0.11465053,-0.27694905,0.1579902,0.39796326,0.55311847,0.38407475,0.38579273,0.35448852,0.4566667,0.38207474,0.36732242,0.30562794,0.40495098,0.48811013,0.51048017,0.47813556,0.3839638,0.47071964,0.42792064,0.50224525,0.498446,0.3834624,0.39675418,0.3412371,0.20351024,0.55936366,0.5220575,0.49747822,0.67063975,0.39532313,0.33743456,0.4758651,0.4212059,0.2465263,0.57840365,-1.0764153,-1.6496763,-1.4724969,-1.4001929,-1.3333287,-1.3353038,-0.6908058,-1.3820897,-0.5463458,-1.3683139,-1.0408612,-1.7520998,-1.518888,-1.0714223,-1.9822268,-0.67250127,-1.6163306,-1.6825124,-1.4819143,-0.9680548,-0.63995755,-0.57313925,-2.3199172,-2.137429,-1.0832971,-1.6947068,-0.98909444,-0.582717,-1.7666599,-1.2447084,-0.86970246,-1.4854808,0.8189474,1.0970147,1.0458392,0.8806355,0.90999013,1.011161,1.5776508,0.7621663,1.4932535,1.1128157,2.005374,1.8837612,1.0122552,0.96751225,0.44222456,1.3962923,0.9607994,1.5497886,1.0518026,1.5645678,1.1503448,0.812932,1.336942,0.9028257,2.3105805,1.9749204,1.6608083,1.3894525,0.8129167,1.0849664,0.44555697,1.7047446
istj 𓏲ּ𝄢˖ ,ISTJ,-0.27136028,-0.71578974,-0.059932966,-0.1410714,-0.08930936,0.020507429,0.48053578,-0.46953437,0.2656643,0.08314454,0.11011157,0.047742803,-0.46013626,0.08308211,-0.4116307,0.3372232,-0.46001393,0.07874698,-0.30683663,0.039420594,0.30701584,0.23361701,-0.1377925,-0.1177289,0.5238131,0.50222147,0.11631036,0.112099014,-0.120389685,-0.06454157,-0.21351416,-0.014662474,0.3922565,0.5064788,0.43194795,0.4372676,0.3108553,0.50761366,0.50349563,0.49219355,0.20992626,0.4370218,0.49725366,0.3495584,0.47172776,0.4661154,0.36457306,0.33369768,0.46924657,0.66429365,0.32589734,0.45102608,0.4490781,0.19201364,0.42936918,0.35490334,0.38689008,0.5758616,0.48359895,0.361055,0.41052544,0.39707166,0.32848755,0.5362678,-1.0227296,-1.6485727,-1.4756131,-1.0094652,-0.91555876,-1.105848,-0.6307442,-0.9987679,-0.2814086,-0.5223462,-0.65602744,-0.8127365,-1.0838919,-1.5085438,-1.571621,-0.6187236,-1.2423434,-2.0874975,-1.0588572,-0.73926866,-1.0406499,-0.12652317,-0.9320814,-1.064875,-0.16547616,-0.483828,-1.4860941,-0.37193105,-0.7643939,-1.0726703,-0.6255396,-1.0485134,0.3589492,0.6613245,0.8521822,0.5803676,0.7180761,1.4931524,1.5308168,1.0284197,0.62399197,1.1342456,1.2424482,0.80984,0.7008132,0.7197794,0.21181725,1.206447,0.5517375,1.017977,0.30748907,1.4793143,0.9149797,0.6334991,0.8368304,0.5685456,1.4836444,1.650215,0.7916323,1.1630414,0.94155294,0.591782,1.1189625,0.86352247
ISTJ Vibe,ISTJ,0.08370863,-0.33404818,-0.043248437,0.18861923,-0.084064655,-0.06563566,0.16193524,-0.17092861,0.3543843,0.12564455,0.27371812,-0.04207736,-0.14424087,-0.2614938,-0.16737315,-0.059925552,-0.4190522,-0.5282264,-0.40010944,0.0004305765,-0.022305934,0.3417474,0.034776554,0.016549291,0.30165696,0.28797525,-0.04320901,-0.009712646,0.20794122,0.13046281,-0.29863706,-0.17182851,0.42037752,0.6467556,0.4555198,0.56830317,0.54915464,0.6229662,0.42309898,0.5007893,0.47335854,0.54437846,0.52665627,0.5168614,0.5986772,0.4853566,0.55177736,0.49038002,0.5544566,0.6366596,0.4135622,0.65555376,0.36565182,0.27473903,0.62828,0.542253,0.48827332,0.6993728,0.50109464,0.39138353,0.4062563,0.48687991,0.37583438,0.5773799,-1.3115678,-1.836648,-1.234182,-1.2401552,-3.0292907,-1.3846742,-1.1335905,-1.309444,-2.0286512,-1.9319366,-1.0860423,-1.1951823,-1.4012845,-1.899058,-2.2385592,-1.3164923,-1.4681951,-1.986321,-1.8076607,-1.1828285,-0.8043555,-0.2712673,-2.263455,-2.0233676,-1.3506267,-1.7672203,-1.0232333,-0.9686277,-0.86462593,-1.5527508,-1.0918475,-1.6374776,0.8703778,1.5473341,1.038283,1.9187328,1.1131915,2.2016146,1.3741809,1.039663,1.4482871,1.6477492,2.0938127,1.5861231,2.4741228,0.8520925,0.6718103,0.9550715,1.4115007,0.9170647,0.53796756,2.2104607,0.7455988,1.7325758,1.8737494,1.3473128,1.5903817,2.9151983,1.3130256,1.3409733,0.9134079,1.0302607,0.889556,1.7703543
istj playlist,ISTJ,0.041389048,-0.4073093,-0.005653318,-0.0053097643,0.060191642,-0.08482134,0.3386417,-0.28525668,0.3962214,0.15557373,0.38815805,-0.17362882,-0.20782435,-0.10659293,-0.21691905,-0.029466756,-0.3140424,-0.36455825,-0.36074254,-0.15862775,0.10421008,0.26661527,0.2658215,-0.06214696,0.264555,0.1031522,0.022365045,0.08898309,0.14288494,0.030513272,-0.3635726,-0.15527332,0.32687446,0.53862387,0.40692168,0.43758735,0.5235194,0.64658195,0.4957684,0.45402795,0.40072203,0.7916431,0.65205693,0.6302035,0.7192309,0.39046016,0.52829266,0.48672545,0.6001089,0.6893277,0.46224654,0.6519115,0.43058038,0.26082915,0.59967124,0.5407493,0.5555836,0.71301275,0.64002734,0.438497,0.4556312,0.4893018,0.34773883,0.6539941,-0.82410836,-1.867975,-1.2664421,-0.9038969,-1.3046386,-1.7579803,-0.6471317,-1.5913631,-0.7587713,-2.0476012,-0.84749556,-2.2007437,-2.04992,-1.2842989,-1.9213703,-0.95491946,-1.4429706,-1.9233083,-1.5665072,-1.3863066,-0.770878,-0.25826058,-1.300055,-1.46443,-1.893577,-1.8577533,-1.3795274,-0.7104458,-1.4917065,-1.1167047,-1.24462,-1.4839712,0.67642283,1.2700295,0.63418764,1.4962944,1.3868135,1.183783,1.4321604,0.8010552,1.6369292,1.6600701,1.7173076,0.91476166,1.1935759,0.6044361,0.82458633,1.652587,0.9383957,0.8153218,0.75020355,1.6245724,1.1117954,0.96483994,1.791222,1.0128831,2.0825167,1.3707767,1.6678921,1.1796064,1.0764585,1.1224148,0.37668678,2.1071684
ISTJ(1),ISTJ,-0.19040124,-0.39296052,0.16581993,-0.0040925825,-0.09096686,-0.34198293,0.45390278,-0.39891502,0.2724263,0.0782782,0.24226922,0.16654678,-0.60584486,-0.02556565,-0.59393907,0.23479673,-0.29342055,0.14979716,0.010718081,0.13340993,0.3737755,0.1864246,-0.32330978,-0.3308261,0.47067463,0.7147457,0.44724733,0.08324099,-0.13885328,0.035690594,-0.21107833,0.059221346,0.40617147,0.57733643,0.33691886,0.54942584,0.44605756,0.5363443,0.46652544,0.39977428,0.34218186,0.6302627,0.59589666,0.6642293,0.5565052,0.35964188,0.72204185,0.442362,0.49320325,0.48327157,0.3743662,0.48426488,0.45086253,0.29480916,0.68747866,0.7200511,0.5543642,0.665542,0.4786544,0.46065843,0.41056675,0.47151062,0.29957473,0.7289804,-1.0595044,-1.6905413,-0.6594651,-0.90215284,-1.7234603,-1.2873704,-1.0418224,-1.0528666,-0.4595496,-1.3234982,-0.7151612,-1.0826257,-1.6763964,-0.79460776,-2.0513422,-0.6988918,-1.2470849,-1.1848763,-0.7227023,-1.4711335,-0.39044732,-0.5469518,-1.7437152,-1.8562132,-1.2484121,-1.6476644,-0.8184364,-0.49848694,-1.4226754,-1.1843132,-0.768331,-1.3832256,0.58371764,1.5169628,0.80291253,1.7875938,0.985376,0.7964746,1.292766,0.5310238,1.7541757,1.3430569,2.069799,1.4334258,0.97697735,0.72467214,0.47379187,1.2730021,1.5474004,1.2889396,0.74522156,1.9390466,1.1503448,0.66084373,1.8459667,0.97691023,1.6540606,1.9321439,1.724491,1.1520954,0.6074412,0.9355205,1.0793754,1.9063419
istj(2),ISTJ,0.038113568,-0.23871443,-0.07586573,-0.26452073,-0.068991505,0.3595123,0.060734525,-0.10999708,0.34088516,0.85724664,0.66198826,0.1479712,0.18292107,-0.048094638,-0.46972016,0.08729165,-0.046047736,-0.7245047,-0.30952665,-0.5537245,-0.24624926,0.108607136,0.24481712,-0.38520712,0.16198298,0.043516252,-0.27065194,0.42642114,0.27840182,-0.32973027,-0.38072866,-0.795396,0.26048142,0.3559719,0.24590881,0.32369798,0.40682286,0.47773948,0.29785177,0.31315485,0.1953608,0.45683828,0.4437611,0.3708214,0.41727978,0.3063194,0.3595002,0.3469094,0.4421354,0.52353,0.2660654,0.3028221,0.26050964,0.18464579,0.57273495,0.36126456,0.32990035,0.57678366,0.39895648,0.3351023,0.29507586,0.38076755,0.29111332,0.42588893,-0.98941714,-1.2338804,-1.438651,-1.2302533,-1.4578755,-1.9119406,-0.8611528,-0.953056,-0.32017297,-0.7674846,-0.87181973,-2.059943,-1.1835448,-1.1543194,-1.7519794,-1.4185224,-1.1669806,-2.5733807,-1.3357731,-1.3323764,-1.2529552,-0.3952934,-1.4504563,-1.7085332,-1.1252081,-1.3597169,-1.3679539,-0.607898,-0.99160033,-1.3531342,-1.0891058,-1.7671214,0.8076255,1.0617052,0.72646815,0.74960285,1.026908,1.557812,1.4509355,0.75832826,1.1228639,1.9314661,1.964729,1.3170922,1.6793154,0.64490354,0.73368746,0.90619844,1.3424609,0.7946938,1.0344113,1.3527627,0.974761,0.8525986,2.0116565,0.8197626,1.2632612,1.739247,1.4794197,1.2894478,1.2157238,1.107917,0.42766124,1.0399541
istj(3),ISTJ,0.037127405,-0.2636396,-0.24650581,0.0009203251,-0.16396932,0.27253613,0.02082558,-0.009968222,0.32219678,0.596899,0.38848925,0.009911249,0.010804479,-0.30478692,-0.45254382,0.131244,-0.19210985,-0.74651265,-0.3962823,-0.19526881,-0.23369494,0.1748655,-0.053737406,-0.39335632,0.31250653,0.39742237,-0.2345058,0.27664924,0.30616835,-0.23304234,-0.28182068,-0.5947545,0.35376555,0.46879002,0.39032054,0.50569236,0.45379248,0.48751998,0.42908537,0.50365263,0.3011856,0.55027133,0.5527245,0.48606518,0.5618347,0.47619873,0.4617493,0.44553238,0.47922903,0.772842,0.3928905,0.5747829,0.39880738,0.23897274,0.6773382,0.44210497,0.4501832,0.70727354,0.5127816,0.378916,0.4025886,0.4639249,0.31446084,0.60378104,-1.0327843,-1.715911,-1.4088823,-1.0257958,-1.17055,-1.7400388,-1.1204292,-1.0837462,-0.45462516,-1.2809374,-0.8799692,-1.9126664,-1.5263187,-1.7577549,-1.743369,-1.2258297,-1.4542478,-2.6766188,-1.6181005,-1.4439927,-1.2234848,-0.4415491,-1.684192,-1.763014,-1.0597506,-1.2610922,-1.470833,-0.7374263,-0.9394854,-1.4373591,-1.1371701,-1.9223402,1.0984858,1.2355541,0.6401268,1.4774058,1.1540116,1.4339508,1.1494423,1.568771,1.4214369,1.8428432,2.0165205,1.0420202,1.4959116,0.64972174,0.6875677,1.2672029,1.1489829,1.0834005,0.8712064,1.4992996,0.9159254,0.8226823,1.7528788,0.7331913,1.3340011,2.1810424,1.4702458,1.218402,1.4174588,0.8081401,0.66763294,1.5984507
ISTJ songs,ISTJ,-0.050892442,-0.34128314,-0.23935759,-0.06569158,-0.011139252,0.22743033,0.23157488,-0.157936,0.434185,0.34280112,0.45977402,-0.13914324,0.096078016,-0.25784564,-0.27694985,0.03130928,-0.25720346,-0.6799624,-0.54386455,-0.10341834,-0.12828338,0.25472686,0.33865204,-0.12044689,0.3522456,0.01400678,-0.21202481,0.1561126,0.23602375,-0.049456764,-0.31003392,-0.35014603,0.4385252,0.5462677,0.54719216,0.57479215,0.50286937,0.67544127,0.51353294,0.5861537,0.37770352,0.60751134,0.7027891,0.446274,0.7560084,0.5339381,0.5575715,0.48687372,0.5875517,0.8413915,0.4785544,0.7484841,0.47288215,0.27019742,0.8660439,0.51211,0.4739382,0.84749264,0.6729615,0.4819876,0.39470997,0.5581774,0.45878708,0.5461013,-1.1331676,-1.5778414,-1.5662035,-1.3047097,-1.3981421,-1.1466848,-0.6942267,-1.2536776,-0.48982972,-1.3187082,-0.5959485,-1.412352,-1.1905062,-1.5933791,-1.6499838,-1.2168888,-1.2937851,-2.6851282,-1.628472,-1.2942541,-1.1469344,-0.44802874,-1.2695853,-1.2844803,-0.47635543,-2.0041683,-1.3965986,-0.7292389,-0.5815128,-0.88720286,-1.0788242,-1.5326422,0.83410347,1.1101844,0.80154645,1.21543,0.94252926,1.7548422,1.2633811,1.3707768,1.3172175,1.5813076,2.373466,1.0543157,1.9015318,0.6044361,1.0591074,0.8395828,0.8817301,1.072989,0.26809597,1.9896919,0.8559985,0.8438146,2.3241467,0.75961035,1.667282,1.8317896,1.0714109,1.4261003,1.1206828,1.3481207,0.98992693,0.64072543
Because it's ISTJ,ISTJ,0.02157624,-0.38896585,-0.122840434,-0.052172404,-0.041272353,0.13321431,0.2222711,-0.16342062,0.40336904,0.41725767,0.41844153,-0.0042755557,-0.046766825,-0.155101,-0.2871232,0.010057024,-0.31982532,-0.5973238,-0.3841401,-0.20468451,-0.11587715,0.20170817,0.1779167,-0.16433533,0.3675528,0.13806866,-0.19640546,0.15209171,0.25829777,-0.06546962,-0.36197397,-0.47786742,0.36700046,0.43612155,0.36855975,0.4829874,0.39297906,0.49752018,0.44482538,0.48731822,0.26400617,0.5398431,0.588364,0.4385589,0.59015834,0.41332176,0.48212883,0.42036122,0.508629,0.70081174,0.35781842,0.507828,0.4121179,0.2328191,0.6449235,0.46499112,0.41565847,0.69352454,0.4866195,0.4215578,0.35119107,0.4743232,0.32230756,0.53424764,-1.5596584,-1.836648,-1.4993525,-1.2848983,-1.17621,-1.1643946,-0.63681614,-1.309444,-0.25290287,-0.8461799,-0.90508884,-1.208394,-1.5491735,-1.5973591,-1.6537373,-1.2168888,-1.4258286,-2.3706179,-1.3417422,-1.1014285,-1.0995595,-0.45063448,-1.36772,-1.4077559,-0.51837045,-1.6467597,-1.2625763,-0.7591017,-0.67920744,-1.0838215,-1.2292308,-1.8593158,0.8076255,1.1101844,0.58821654,1.3505139,1.0708818,1.1389905,1.3595521,1.213203,1.3185973,1.5930818,1.698795,1.3775792,1.3959935,0.8520925,0.91500676,1.0075376,0.750164,0.87969816,0.54717857,1.4300079,0.8501408,0.776363,2.0134463,0.7707835,1.5245689,1.8393623,1.0714109,1.1100464,1.1206828,1.0423563,0.64622754,0.8139818
istj songs 🌀,ISTJ,-0.104642645,-0.47201577,-0.075866126,-0.03630957,0.06195672,-0.010053268,0.37042502,-0.26983017,0.37397313,0.024268528,0.3730611,-0.11254658,-0.23604038,-0.11473536,-0.40093523,0.15362279,-0.2323368,-0.18068394,-0.3280478,0.023113225,0.09916871,0.23036918,0.15388201,-0.133508,0.37501737,0.14971481,0.08781878,0.20411196,-0.006418257,-0.05727255,-0.21192227,-0.0863726,0.3808123,0.47726732,0.4373516,0.5083565,0.5111066,0.5663838,0.4939857,0.49109784,0.39095494,0.63581264,0.6651077,0.5710493,0.61451,0.4805191,0.6504927,0.4985271,0.58999455,0.5825911,0.4936609,0.60937166,0.37244806,0.29913405,0.77993774,0.6577664,0.54377645,0.81576663,0.5135649,0.45006728,0.43404725,0.5089636,0.4017846,0.6986005,-1.1382394,-1.5385392,-1.482151,-1.4441442,-1.626083,-1.619709,-1.0276324,-1.2536776,-0.5439157,-2.147158,-0.6683154,-1.9169773,-1.6039628,-1.899058,-2.268874,-0.92677975,-1.3325785,-1.8406126,-1.9534618,-1.2428184,-0.6256148,-0.41249248,-1.5232179,-2.0233676,-1.4984803,-1.8577533,-1.1275809,-0.7831807,-1.3821313,-1.4206097,-1.0117779,-1.6479945,0.5553354,0.66637194,0.91311395,1.2670338,1.3526303,1.4693527,1.4321604,1.039663,1.5602108,1.5925589,2.8161807,1.0543157,1.6520509,0.9853958,1.0328915,1.8693081,1.4115007,0.9637438,0.7937395,1.6440139,1.1904393,1.307389,2.611846,1.2462603,1.5221125,2.3069913,1.0715922,2.0022426,1.0050374,1.2155652,1.2663743,2.5336459
ISTJ Songs(1),ISTJ,-0.071991906,-0.30566433,-0.04149275,-0.07557081,0.023938013,-0.036738373,0.37810475,-0.26834023,0.32896847,0.14775829,0.2771893,-0.11423396,-0.24484384,-0.15184398,-0.34698725,0.0584195,-0.19858497,-0.2675602,-0.28747275,-0.08726059,0.1284334,0.24393046,0.047110267,-0.15292491,0.37538964,0.25781322,0.19441345,0.123356335,0.057238955,0.074158035,-0.30957812,-0.06354333,0.38015693,0.53553855,0.46207204,0.5116154,0.51087123,0.6275668,0.52541286,0.4964342,0.38367188,0.68179935,0.6415345,0.5247348,0.67794126,0.48939186,0.5756881,0.50412947,0.5388066,0.7541884,0.4823185,0.64348096,0.48364267,0.24078535,0.7568039,0.5593888,0.5356449,0.82533497,0.6383663,0.46247897,0.53148144,0.5362977,0.40423006,0.6902779,-1.1331676,-1.5603771,-1.3682318,-1.4244362,-1.3731937,-1.5390218,-0.83361274,-1.2910068,-0.63095266,-2.0256183,-0.88131195,-1.565311,-1.6930321,-1.4590354,-1.9704309,-1.2168888,-1.254139,-2.6841407,-1.5342023,-1.2942541,-1.0685562,-0.5017844,-1.7129298,-1.653062,-1.0270317,-2.0041683,-1.8918682,-0.81320715,-1.3821313,-1.0123775,-1.2209585,-1.7097937,0.7382691,1.4377832,1.2095836,1.5962442,1.2972076,1.7548422,1.5349907,1.3335729,1.7464548,1.6351503,2.373466,1.0543157,1.2936841,0.9853958,1.0591074,1.5649561,1.1286794,1.1113393,0.7526747,1.9466779,1.243781,1.0003215,2.3241467,0.7662453,2.0401168,1.8317896,1.5740671,1.4261003,1.1865302,1.3481207,1.0489026,2.2192225
ISTJ Radio,ISTJ,-0.26883978,-0.53515035,0.09551742,-0.022780009,-0.006707063,-0.38236144,0.6990372,-0.53722036,0.34276217,-0.0620671,-0.09904992,0.095513165,-0.75421506,0.07616839,-0.50837713,0.21644421,-0.47448283,0.29918003,-0.0038689112,0.18036027,0.55426025,0.16428156,-0.43280822,-0.24987152,0.7101871,0.8115042,0.5574261,-0.049093008,-0.101567954,0.17890556,-0.37052578,0.23444831,0.3724459,0.54123193,0.3150992,0.29226115,0.31697574,0.38796982,0.2980617,0.3540233,0.21522065,0.38820213,0.44980952,0.4870589,0.43499947,0.34927213,0.45757154,0.33489117,0.42842692,0.34839165,0.32588106,0.31348228,0.3461666,0.22853191,0.5084236,0.5463112,0.3353182,0.6157091,0.3362865,0.31419232,0.39554262,0.32106587,0.18951923,0.5518028,-0.9968021,-1.5631205,-0.40727246,-0.62050515,-0.71208376,-1.5509567,0.027360214,-1.165309,-0.16860822,-0.5521429,-0.9555066,-0.90903425,-1.5159556,-0.684813,-1.8722082,-0.5641368,-1.315316,-0.55355084,-0.65700585,-0.69656,-0.4266178,-0.3850985,-1.614882,-1.9922336,0.032233756,-0.8498418,-0.19424288,-0.61099535,-1.2386436,-0.4187591,-0.6782885,-1.3927343,0.56681824,0.6088497,0.8752991,0.58261496,0.6770453,0.4197435,1.3626736,0.4370878,0.8374573,1.0397737,1.1226561,1.4532493,0.24396808,0.72449964,0.1434893,0.8800258,0.38001513,0.98904747,0.7738219,0.7201051,1.0612652,0.61629266,0.7080307,0.7925342,1.4083557,1.8490063,1.2642742,0.71763706,0.57475066,0.8552646,0.1585743,1.5047318
ISTJ Radio(1),ISTJ,-0.076485805,-0.47779343,-0.035704482,-0.058921594,-0.25143063,-0.006543447,0.22836234,-0.27861708,0.25714636,0.38548854,0.27128917,0.08361608,-0.38035846,-0.1684962,-0.27014893,0.090571806,-0.5106199,-0.33842683,-0.17013872,-0.09570405,-0.05201762,0.2616676,-0.21234967,-0.26712123,0.44897735,0.61468965,-0.06680552,0.13804686,0.24624328,0.06639239,-0.26784337,-0.4908304,0.3277264,0.38461155,0.28471494,0.40145105,0.33221072,0.42195988,0.299054,0.34143636,0.20348226,0.39508516,0.563423,0.46298835,0.46720043,0.32543346,0.44474587,0.382248,0.41162708,0.5458173,0.27664313,0.30590713,0.3140501,0.21857612,0.62284607,0.3892662,0.3379761,0.6811504,0.3433023,0.3695027,0.3687653,0.3988171,0.27820677,0.47622734,-1.1089259,-1.1138401,-0.5943036,-1.3532267,-0.9435598,-0.7688724,-0.43000755,-0.80474865,-0.19042481,-0.49840286,-0.6283148,-0.9157291,-1.3187598,-0.9625361,-1.5834163,-0.98335916,-1.3189074,-2.131335,-1.1681684,-1.1706833,-0.8937795,-0.37285927,-1.2313083,-1.0793235,-0.29560614,-1.4874624,-0.93330854,-0.51490635,-0.6550829,-0.95392,-1.0560483,-1.5323724,0.46379948,0.3717702,0.8151424,0.5636443,0.904688,1.0405293,0.86152446,0.5667135,0.87249243,1.2279216,1.6316786,1.3506199,0.92874634,0.38355964,0.50213367,0.9428152,0.5202656,0.5975783,0.43300116,0.32819828,0.49344835,0.699426,1.553782,0.53364176,1.1896766,2.214442,0.4481566,1.1616321,1.150124,0.85249215,0.3584913,0.75844306
POV_ you’re an istj ,ISTJ,-0.031132314,-0.3899419,-0.13720201,0.19688681,0.11946809,-0.027010385,0.33518225,-0.06756813,0.45155302,-0.22260717,0.39815605,-0.21321979,-0.21112677,-0.23474833,-0.49250406,0.21908437,-0.06669463,-0.27926424,-0.38985634,0.3448585,0.1194116,0.22508495,0.11879209,-0.16974528,0.3954736,0.14845341,0.11144105,0.22542153,-0.042928524,-0.030278303,-0.075019106,0.105753414,0.42523205,0.63060164,0.5999288,0.6059628,0.50647575,0.6741628,0.46635473,0.5515628,0.485322,0.75886834,0.6358771,0.69484854,0.64192086,0.47207093,0.6483063,0.5279146,0.62056434,0.6630945,0.5405021,0.759779,0.46096408,0.29130912,0.66957223,0.6175959,0.6121674,0.72297424,0.6798211,0.44939414,0.44981828,0.50351906,0.45045453,0.7842089,-1.4297191,-1.7549664,-1.7325498,-1.5091906,-1.2956241,-1.872231,-0.89019096,-1.6515696,-0.55676323,-3.1477358,-1.0940113,-2.3369675,-1.8906711,-1.6964111,-2.3917966,-1.3125305,-1.4199827,-2.144146,-2.3429527,-1.2279071,-1.0003847,-0.6548355,-2.212493,-2.0034823,-1.292029,-1.7951703,-1.7557629,-0.87514853,-2.0059052,-1.6567718,-1.1289208,-1.9960976,1.0521574,2.4138248,1.2135004,1.8403049,1.8260342,1.964146,1.5942565,1.3243394,2.1613762,1.684064,2.0877209,1.7456001,1.6520509,0.80062366,0.91500676,2.410729,2.1229966,1.066665,0.87923574,2.6013982,1.4946262,1.2125282,1.791222,1.3455282,2.2919948,2.065287,2.6709473,1.263483,1.1206828,1.3861544,1.305611,4.2646956
inside my istj brain,ISTJ,0.10843662,-0.21628168,-0.38182908,0.16818954,-0.13262425,0.3187014,-0.072392,0.21483843,0.4182229,0.44937572,0.46568665,-0.1613804,0.23182386,-0.46096465,-0.21392624,-0.032816134,-0.18717064,-1.1644416,-0.67636037,0.017025992,-0.41285762,0.19580775,0.30895084,-0.23160608,0.3330844,0.14089987,-0.5076881,0.17442793,0.4654171,-0.09725797,-0.2368505,-0.60911566,0.32518718,0.4787743,0.4971127,0.5143356,0.46325696,0.6152822,0.37539095,0.49288583,0.36696362,0.6926076,0.5892083,0.5514554,0.5871909,0.41514608,0.5158509,0.50903016,0.53686106,0.71638936,0.45039058,0.72960675,0.41368547,0.2745282,0.668195,0.46766874,0.5071348,0.5926198,0.5439932,0.41864341,0.36242044,0.45325333,0.3303117,0.63106954,-0.66263086,-1.3488342,-1.8263826,-0.81920683,-1.091529,-1.9795362,-0.90987974,-0.91552705,-0.19063918,-1.8523998,-0.87014985,-2.6495602,-1.3186527,-1.5016063,-1.4400017,-1.7119706,-1.3851861,-3.253455,-1.7621938,-1.0437224,-1.5569292,-0.51606715,-1.2581675,-1.8592929,-0.99669814,-1.7463905,-1.6002164,-0.8571413,-0.3852539,-1.5729154,-1.0895126,-2.1092842,0.9588013,1.0732985,0.42427823,1.4112381,1.1071967,1.7801402,1.0446056,1.5363994,1.581371,1.8547369,2.135219,1.0643717,1.704384,0.37009433,0.80194,1.5075725,1.0463454,0.63956285,0.8386838,1.9734792,0.7172506,0.9657848,2.149522,0.700794,1.7336106,1.4135909,1.3202137,1.1723747,1.39036,0.99631,0.42847323,0.6504234
ISTJ(4),ISTJ,0.09974282,-0.3952249,0.18130782,-0.072553724,0.24467538,-0.25967908,0.49780843,-0.30505672,0.47530377,0.11793242,0.576443,-0.06674975,-0.23903787,-0.010546447,-0.26710886,-0.10714616,-0.2547797,-0.21411347,-0.16072482,-0.2854694,0.13247836,0.21878001,0.37073028,-0.005046993,0.25750527,-0.2182246,0.16785447,0.054068483,0.054972317,0.08805246,-0.4226925,-0.14521894,0.33128756,0.3877158,0.34911206,0.39683476,0.47088358,0.5767893,0.47419736,0.36074314,0.3227387,0.6504221,0.47529897,0.49799457,0.51307064,0.3264857,0.5605405,0.42660874,0.53282017,0.50564,0.3794206,0.5135746,0.3791064,0.21827541,0.5363265,0.5904802,0.37566802,0.63617104,0.5376297,0.4571626,0.38818768,0.5352562,0.27970567,0.6610947,-0.8868071,-1.3390449,-0.6627288,-1.0859486,-0.8203802,-1.8826565,-0.5190034,-1.2022917,-0.19405656,-2.23152,-0.33192226,-1.2293378,-1.6249905,-0.7262463,-1.8403189,-0.98452055,-1.3175023,-1.7529819,-1.3738716,-1.1355252,-0.68013173,-0.48971057,-0.9306325,-1.7974689,-0.87174994,-1.7976261,-1.1048725,-0.76843846,-0.91996014,-1.318145,-1.0144045,-1.498049,0.8154089,0.34518853,1.0224463,0.90785563,1.7365787,1.0242856,1.7647867,0.58093596,2.125673,1.5207103,1.6735148,1.442567,1.0642164,0.6718767,0.53482693,1.7075359,1.025133,0.80952764,0.8001162,2.2499301,1.1070104,0.83703005,1.6456696,0.86107236,1.040409,0.9447114,1.5427201,1.0750977,0.8120216,1.1337075,0.4330718,1.9381193
she’s an istj,ISTJ,-0.063421935,-0.23071691,-0.37780318,0.012030648,0.007068418,0.31104523,0.07840825,0.085723385,0.3995813,0.36108223,0.45060697,-0.20741758,0.15547456,-0.3592177,-0.31672907,0.07531093,-0.036395397,-0.8136941,-0.51196635,-0.019864231,-0.3090158,0.092974745,0.34988368,-0.3202903,0.31196016,0.061819986,-0.3500874,0.25316194,0.28058755,-0.24144953,-0.19896735,-0.58662117,0.3424603,0.36862206,0.43406242,0.472751,0.41050717,0.44664007,0.4840733,0.51079184,0.35219878,0.76672286,0.49979222,0.48582846,0.65887076,0.4997117,0.3780946,0.3578849,0.45666885,0.93967754,0.4437488,0.59549826,0.42233554,0.20141308,0.6516967,0.3106662,0.45593086,0.49629712,0.6378985,0.30388308,0.34856725,0.41058245,0.24985322,0.55611575,-0.6880234,-0.81387275,-1.481991,-0.6251195,-0.60745084,-0.279258,-0.6253874,-0.9174335,0.06578984,-2.0793953,-0.32880244,-1.6517266,-0.64809537,-1.431143,-1.3011961,-0.53246135,-0.70617765,-2.775134,-1.2580743,-0.79635566,-1.2114774,-0.32713038,-0.8557919,-0.765661,-0.42514408,-0.85677445,-1.6936791,-0.16916226,-0.43970314,-0.85905296,-0.63757217,-1.5198478,0.60534906,0.6493217,0.19755414,1.1803938,1.195166,1.2705241,1.1662768,0.9224946,1.4153486,1.3979228,1.1512916,0.5836237,1.4332141,0.5075123,0.246859,0.8208169,0.7112259,0.45888922,0.28408313,1.5288911,0.3826993,0.46645203,1.4759616,0.5451689,1.2943605,0.8658047,0.6336364,0.8739476,0.83794284,0.55191636,0.36602354,1.0248487
ISTJ(5),ISTJ,-0.079162166,-0.24841037,-0.07604452,-0.16603473,-0.113926575,0.15273061,0.24705431,-0.2654295,0.23735112,0.28941277,0.2855658,-0.14772004,-0.06533223,-0.22599319,-0.22388294,0.0023174584,-0.2613396,-0.522956,-0.4203726,-0.22240426,-0.01326481,0.32022288,0.073778704,-0.06414256,0.27035618,0.2835977,0.045268707,0.09816541,0.15278018,0.014536149,-0.2987338,-0.19811209,0.43125558,0.56308234,0.4473234,0.42671156,0.7079648,0.6916224,0.54967767,0.47643176,0.51053685,0.629643,0.6389536,0.6029636,0.7305437,0.50110614,0.5482112,0.55384254,0.55871195,0.74120843,0.3977106,0.55663854,0.49894685,0.3282191,0.9152726,0.5605295,0.5425713,1.0094151,0.53303933,0.45591265,0.5423328,0.5668765,0.454193,0.7755732,-1.577978,-1.5385392,-1.4550438,-1.4155272,-2.30008,-1.0689646,-1.2541276,-1.2536776,-1.6042904,-1.0001839,-0.83794326,-1.6249574,-1.5166647,-1.3867445,-1.6827006,-1.2168888,-1.0908383,-2.1262977,-1.5860761,-1.2279071,-1.4156471,-0.2595425,-2.189062,-1.0724072,-1.291718,-1.5901649,-1.0405804,-0.81320715,-0.9947394,-1.0154032,-1.1443797,-1.5326422,0.71682495,1.4089953,1.0483434,0.87754154,1.7575629,2.5001185,1.4291561,1.0106329,1.2300338,1.6261175,1.7148358,1.6298437,2.0997465,0.71459967,0.91500676,0.962894,1.0480357,0.9152609,0.36647716,1.4644785,0.9317644,1.4435753,1.9231249,0.86801535,1.4466652,3.5666292,0.9944043,1.2420309,1.3771268,1.3402061,0.92369753,2.5186121
istj playlist ,ISTJ,-0.0121369995,-0.3853618,-0.07778587,-0.14178015,0.055169314,0.017518362,0.3511325,-0.21788613,0.4218339,0.31516397,0.37470502,-0.057335656,-0.16239029,-0.21638456,-0.27472755,-0.06291931,-0.40279055,-0.4251191,-0.37500596,-0.23212671,0.014690971,0.2741362,0.15798321,-0.093892284,0.40592295,0.06268841,0.04720355,0.072708994,0.18431976,0.12328884,-0.45210844,-0.30213198,0.40493223,0.64852995,0.37336302,0.47461736,0.4472792,0.6105743,0.51219684,0.46871218,0.27840683,0.59651357,0.5151727,0.49922228,0.4932647,0.46332008,0.59501725,0.6070954,0.6099174,0.60154027,0.3920222,0.5603163,0.33966535,0.2762303,0.6146256,0.54166245,0.40712562,0.6353943,0.62511086,0.5127116,0.5112187,0.5908492,0.3970719,0.49926397,-0.7922738,-1.867975,-1.1933463,-1.0774523,-0.7469747,-1.060664,-0.4030732,-1.2536776,-0.14015289,-1.1255492,-0.42392695,-0.9446806,-0.8477667,-0.8913354,-1.263035,-1.2168888,-1.4429706,-1.7109694,-1.2737943,-1.2279071,-0.5703566,-0.10152184,-0.6979362,-1.275043,-0.32363212,-1.466516,-0.88528806,-0.81320715,-0.8850726,-0.8015776,-1.1443797,-1.3109759,0.70710146,1.1101844,0.48048782,0.75287354,0.77190554,0.8917632,1.6512938,0.61963147,1.0380311,1.2631502,1.4326906,0.96517754,0.83774346,0.6044361,0.91500676,0.8395828,0.8124209,0.40344656,0.09547536,0.9411292,0.54610234,0.96483994,1.791222,0.73584455,1.0767901,1.0731161,1.0714109,0.99216396,1.1206828,1.0958614,0.17274626,0.38680696
ISTP의 주관적 플리,ISTP,-0.0624968,-0.18581668,-0.089103766,-0.13536786,-0.3214189,0.2562823,0.07381327,-0.2576873,0.1604356,0.6039173,0.2427753,0.22470762,-0.066661075,-0.18172841,-0.549483,0.31231087,-0.20798966,-0.35664555,-0.2164832,-0.27653787,-0.038787905,0.2067102,-0.4263484,-0.40142736,0.27446043,0.71007055,0.07786753,0.3353272,0.07498223,-0.17826569,-0.26821244,-0.33708635,0.2568622,0.51562476,0.3190998,0.37400344,0.4902143,0.49662834,0.38353837,0.4617046,0.2596101,0.40850025,0.5407296,0.5291273,0.55286264,0.3946274,0.36265436,0.38388422,0.5338418,0.6412663,0.3750154,0.4042201,0.3973358,0.24316941,0.69321245,0.5129229,0.48402628,0.8248485,0.5020568,0.36067063,0.49450502,0.43590558,0.28218672,0.71349037,-0.8854236,-1.2949101,-0.74901664,-1.0818663,-1.2332369,-1.4996544,-0.9856898,-1.105633,-0.45434752,-0.38741794,-1.30581,-1.529901,-1.3613567,-1.2840859,-1.2122828,-0.57941246,-1.0977409,-1.6497785,-0.9788553,-1.2449219,-0.9871375,-0.18806072,-1.8171048,-1.8791205,-1.2931622,-1.2621592,-0.9726745,-0.52202547,-1.1292752,-1.0422204,-1.0106992,-1.5165036,0.36911002,0.9181025,0.64380294,0.699624,0.96649086,1.4872392,0.78109324,1.0032033,0.7194884,1.4070114,1.9023561,1.6696398,1.1301335,0.5883946,0.22052579,1.4030341,1.2709861,0.8780736,1.2178591,0.75318295,0.8904362,0.7935669,1.2986645,0.81473476,1.0581393,2.401844,1.5956284,1.0055221,0.7544129,0.58729124,0.3466187,1.1087725
ISTPになる秋,ISTP,-0.45711923,-0.57958484,0.095073916,-0.2272783,-0.044936776,-0.27328485,0.7535909,-0.53540546,0.21394551,-0.14538638,0.03441911,-0.007794358,-0.7563819,0.08134573,-0.53500915,0.3032398,-0.36926103,0.3864642,-0.067896746,0.1791027,0.54223967,0.25697386,-0.27413312,-0.2538041,0.6300691,0.699321,0.5870127,0.05384025,-0.24093568,0.11370184,-0.19646811,0.20564307,0.5410366,0.57338005,0.3738226,0.49175224,0.38405785,0.40140647,0.35155836,0.35139245,0.2282329,0.49361485,0.772821,0.5865426,0.3722732,0.41743565,0.49805132,0.27422792,0.46902406,0.38514724,0.40048423,0.39918745,0.45730656,0.3882225,0.77594584,0.5538467,0.43982658,0.56095624,0.39378098,0.4292787,0.43101346,0.31635013,0.54916936,0.66046107,-3.5047274,-1.6560768,-0.5687273,-2.1098301,-1.7252258,-1.0665356,-0.33131248,-1.0594555,-0.487544,-0.7809194,-0.75340176,-2.6206872,-1.4361191,-1.5199311,-1.8748506,-0.35058105,-1.2836552,-1.1598419,-1.7165248,-0.68753004,-1.7578168,-0.48255104,-1.8377072,-1.6166859,-0.5188387,-0.52425253,-0.785355,-0.47604844,-1.4679703,-0.60688907,-0.8327781,-2.4109204,0.471235,0.880975,1.1273965,0.46992198,0.7398183,0.78117186,1.4275969,0.9858882,0.57127404,1.1701813,4.6709757,1.2172796,0.17346294,0.88192666,0.054246422,1.1286203,1.1651891,1.1985309,0.74188197,1.5592262,1.1925884,2.5684192,3.664957,0.8831715,1.5394018,1.8127964,1.7177649,1.7522424,0.47919598,0.74368393,3.2146263,1.4470433
ISTP,ISTP,-0.23450448,-0.5104668,0.04588152,-0.09985662,-0.039195873,-0.23644683,0.58662534,-0.5123501,0.27321213,0.025422245,0.0038875018,-0.015225843,-0.612514,0.034306847,-0.43394297,0.20428908,-0.38592783,0.20136768,-0.081790194,0.050831933,0.40734196,0.22183761,-0.30041835,-0.22324565,0.5511873,0.6771259,0.42016464,0.03560716,-0.083050944,0.05893845,-0.30167574,0.096650265,0.39327756,0.5364056,0.36015868,0.40304127,0.37150025,0.5216208,0.41795012,0.34824654,0.27295753,0.4529357,0.47348922,0.56036943,0.54280776,0.39180812,0.4656498,0.42099896,0.4670442,0.48006254,0.39306176,0.38404244,0.38945526,0.21064305,0.57303596,0.55348665,0.46123767,0.66586936,0.44773415,0.3517754,0.40754843,0.41595915,0.26238874,0.56872183,-1.2575021,-1.7140357,-1.1279464,-1.4926493,-1.1068158,-1.7400388,-0.6908058,-1.2819039,-0.6086753,-1.2388457,-0.9690723,-1.9129696,-2.173772,-1.0714223,-1.9484862,-1.2258297,-1.5426655,-1.5434192,-1.6097383,-1.0289564,-0.71790856,-0.5475975,-2.0869935,-2.2659128,-0.83080673,-1.389177,-0.888312,-0.704386,-1.5709307,-1.1664585,-0.9107698,-1.4833808,0.7831496,0.9079557,1.4382925,0.88182974,1.1827667,1.1929208,1.603065,0.56746894,0.93300956,1.2862484,1.4877777,1.5247998,1.3244878,0.89427686,0.4433846,1.2642787,0.7889354,1.259132,1.0972215,1.4050156,1.5182909,0.8946508,1.3006005,0.8802583,1.5186297,1.923399,1.7877347,1.1952051,0.8438627,1.3755001,0.57941353,2.183395
ISTP(1),ISTP,-0.21267326,-0.47203705,-0.26905504,-0.21830912,-0.34801778,0.5342805,0.05225255,-0.13210739,0.21405287,0.5536563,0.45174316,0.011318947,0.06583909,-0.23021503,-0.37684512,0.3061495,-0.29196164,-0.645493,-0.51540405,-0.12679118,-0.21507488,0.27139795,0.024525655,-0.28410146,0.32880893,0.4269097,-0.37595364,0.3678337,0.16167365,-0.24259336,-0.08905009,-0.5676754,0.32087854,0.5956519,0.44656348,0.43425232,0.47514096,0.40693712,0.3765458,0.48769277,0.3130133,0.48122287,0.57079387,0.43796632,0.58568555,0.47483727,0.4621375,0.40854517,0.58168143,0.73330563,0.35981467,0.5905673,0.3901132,0.29186985,0.7026109,0.35817826,0.3820506,0.71025336,0.5287705,0.35089737,0.40927947,0.4241843,0.3677791,0.624337,-0.88107353,-1.7006507,-1.6512685,-1.4086624,-1.4646854,-0.8368547,-0.7816535,-1.0999005,-0.4245411,-0.8512442,-0.70251864,-1.0043039,-0.7945649,-1.4073058,-1.6253623,-0.44715995,-1.1893556,-3.0199525,-1.515812,-0.9379331,-1.4783424,-0.3870531,-1.935092,-1.0599233,-0.46844465,-1.0119605,-1.5892751,-0.29702258,-1.2057709,-0.952453,-0.81727636,-1.6411929,0.4233414,1.0014951,0.4105645,0.7599258,0.52796227,1.2163604,1.002168,1.3434479,1.0078568,1.5258123,1.4919204,1.2263483,1.766681,0.73695093,0.6403436,1.2684472,0.8466977,0.8795294,0.21912777,1.8294042,0.85651475,0.991846,1.4121885,0.47327745,1.3503089,2.246157,0.6233964,1.1787405,0.9612935,0.6022027,0.7357848,1.573732
ISTP songs ___,ISTP,-0.09928459,-0.39228904,-0.040695585,0.026055552,-0.025185801,-0.102366194,0.37172666,-0.25694418,0.32780004,-0.02516195,0.23630781,-0.09160633,-0.3334456,-0.16612503,-0.4109884,0.19585647,-0.22558387,-0.16306974,-0.27848676,0.13611004,0.18289278,0.2507833,-0.098933876,-0.17387626,0.39698422,0.4525835,0.2329402,0.13762665,-0.061196603,0.016884416,-0.20877719,0.052263882,0.40827125,0.6255762,0.53875273,0.5367088,0.56950575,0.62835526,0.51720953,0.5355311,0.4752495,0.7157519,0.5415034,0.6560879,0.6276,0.48236093,0.6190022,0.54911643,0.6357577,0.667548,0.49020228,0.65410566,0.46524793,0.29352197,0.6603764,0.64230394,0.56014717,0.82934785,0.5874412,0.42498186,0.5513544,0.5071808,0.416969,0.76399326,-1.2281476,-1.6319914,-1.6184548,-1.9239794,-1.626083,-2.2671175,-1.0797502,-1.2709562,-0.82429683,-2.0296075,-1.1440579,-2.095536,-2.1175945,-1.899058,-2.2385592,-1.1933224,-1.6311111,-2.9655926,-1.7348706,-1.2908787,-1.7299716,-0.5855628,-1.6172063,-2.0684187,-1.020634,-1.8863412,-1.3431801,-0.7576004,-1.8794435,-1.3054266,-1.3633178,-1.912676,0.994143,1.1324646,1.4269142,1.9097737,1.8404577,1.9552327,1.6837686,1.2290292,1.7810103,1.432314,1.8570749,1.4799037,1.7955533,0.81457317,0.6524165,1.6362722,1.6104256,1.2384984,0.97095984,2.0481024,1.544509,1.0538988,1.836818,1.0655085,2.1320949,2.5125499,1.9336673,1.304746,1.0976253,1.4622289,1.2196578,2.7924714
ISTP being ISTP,ISTP,0.00015822334,-0.4044299,0.00770056,0.07540242,-0.08578274,-0.12630028,0.3029024,-0.29090056,0.28914744,0.048629984,0.21399058,0.03328429,-0.30313417,-0.09889811,-0.3284896,0.16386364,-0.29989848,-0.1753998,-0.21693343,0.058751017,0.14514692,0.24688041,-0.15473513,-0.10375418,0.36101717,0.46697134,0.16557229,0.08382682,-0.002534626,0.0577168,-0.24214208,0.0042675417,0.40066952,0.53449094,0.3952046,0.5388626,0.4633357,0.47925854,0.4410271,0.46314615,0.39204484,0.61695945,0.43509436,0.60799295,0.52034557,0.36572364,0.6056292,0.50421476,0.5866291,0.5709626,0.4158704,0.5671595,0.4101902,0.27190015,0.6667075,0.6166565,0.5121311,0.7469394,0.49404788,0.38992125,0.4388607,0.44854963,0.3925421,0.6860921,-0.8480348,-1.4672613,-0.6895827,-1.1419191,-1.0663698,-1.2717699,-0.55758804,-1.1873504,-0.55773485,-1.742719,-0.70122606,-1.5610627,-1.6239047,-0.88982517,-1.8670174,-1.0585977,-1.3442136,-1.6035777,-1.1500951,-0.71881926,-0.74960744,-0.3606883,-1.4248806,-1.7377613,-1.0356568,-1.159939,-0.8495861,-0.63841647,-1.1558173,-1.0704173,-1.1685266,-1.4109355,0.994143,0.7555717,0.91529924,1.9097737,1.447018,0.88066083,1.6837686,0.92560214,1.5615278,1.2440282,1.2357466,1.2848524,0.98995507,0.63135695,0.5239236,1.5610434,1.2126156,0.84316874,0.87923574,2.0481024,0.8565953,0.75769246,1.1443679,0.7260075,1.629044,1.9913404,1.4583185,1.0959171,1.0176287,1.0302607,0.50603527,1.5734569
istp(2),ISTP,0.090641744,-0.22236142,-0.118609376,-0.046622217,-0.18302536,0.26934463,0.040671352,-0.17019823,0.3074097,0.69376856,0.3675485,0.1581813,0.10860927,-0.17323282,-0.37598622,0.05302634,-0.28813905,-0.7505517,-0.37897754,-0.39308998,-0.15109563,0.17844194,-0.061036322,-0.24467984,0.2666965,0.37576023,-0.21057133,0.20689958,0.29793298,-0.17987943,-0.45211673,-0.5222598,0.34333014,0.46812296,0.3637841,0.3765121,0.45314553,0.44437507,0.3630254,0.44629475,0.29012117,0.55381846,0.61017084,0.41812617,0.5440551,0.4191048,0.41491434,0.38947818,0.48827833,0.694605,0.34953,0.5085304,0.3874043,0.22840525,0.76577353,0.48020342,0.40757933,0.81817293,0.4956964,0.3652622,0.4115372,0.43914378,0.32637376,0.64079815,-0.89464474,-1.6203202,-1.486564,-0.9684447,-1.3145792,-0.96114665,-0.7328597,-1.1699712,-0.5436836,-0.49476323,-1.0345964,-1.098087,-1.003711,-1.3723899,-1.7058553,-0.9264834,-1.4584758,-2.6965294,-1.5655662,-1.3069253,-1.1553067,-0.33271685,-1.9239507,-1.7284639,-0.73488,-1.5868158,-1.5424749,-0.59672356,-1.0697652,-1.1681106,-1.1371701,-2.0160723,0.9589396,0.9844058,0.81694186,1.4774058,0.88404524,1.2555577,1.4159044,1.3436041,1.1509074,1.8672186,1.7735366,1.4732382,1.9646246,0.67844325,0.9121803,1.1292171,0.97353846,0.6709286,0.83029044,1.3847556,0.78451526,0.9151355,1.9480679,0.8711129,1.8216558,2.6760182,1.1440446,1.134884,1.2893296,0.93002903,0.62308323,1.5579642
Istp(3),ISTP,-0.10033259,-0.42160887,-0.11878692,-0.10353959,-0.01811248,0.087785415,0.34403467,-0.21909234,0.366333,0.3003214,0.29369357,-0.0036638014,-0.19473878,-0.11054076,-0.46381617,0.18075475,-0.24993394,-0.34256884,-0.33458647,-0.114790805,0.0421583,0.18208154,-0.00023854933,-0.26058817,0.44669694,0.30949023,0.045963496,0.21539836,0.08793975,-0.12119462,-0.32375762,-0.28526255,0.4039666,0.53834546,0.43705073,0.4893463,0.4768692,0.58348423,0.4756233,0.51580274,0.3477413,0.7032765,0.567371,0.5492667,0.6298381,0.43681112,0.51476496,0.49206996,0.5143532,0.7997251,0.41937256,0.6036648,0.5009547,0.22787818,0.63589174,0.5286084,0.465295,0.7333997,0.5785979,0.42551354,0.48301113,0.4835702,0.36118263,0.7308949,-1.2320335,-1.8061535,-1.6005646,-1.579581,-1.164237,-1.7400388,-0.81068444,-1.3244514,-0.5656627,-2.0476012,-0.8799692,-2.0877588,-1.9172132,-1.6964111,-2.3917966,-1.2258297,-1.5759768,-2.9221175,-1.5567299,-1.292219,-1.1834694,-0.66057414,-1.7787808,-2.0034823,-0.8809079,-1.6858753,-1.767165,-0.9162531,-1.4993881,-1.4440608,-1.2081192,-2.1092842,0.8839912,1.2738404,1.1696719,1.6891627,1.7913191,1.5367984,1.6892802,1.0284197,1.8039463,1.8547369,2.0110219,1.4529903,2.249964,0.9445006,0.91500676,1.6112957,1.5801301,1.1912057,0.72257537,1.9446818,1.1739199,0.8226823,1.791222,0.8348709,2.0825167,2.2187505,1.6603827,1.227151,1.2421839,1.4067677,1.1189625,2.658566
ISTP Songs,ISTP,-0.05447963,-0.47791654,0.02239931,0.03859948,-0.11271648,-0.10887568,0.32257563,-0.3015936,0.32518274,0.045917016,0.35083416,0.033814475,-0.27841932,-0.12274505,-0.37808195,0.13675399,-0.33278033,-0.21316572,-0.26144287,0.07703056,0.15219596,0.29597893,-0.05981853,-0.08499911,0.38292593,0.3947453,0.10917231,0.12135042,-0.026850978,0.068873905,-0.18981466,-0.033138167,0.41283688,0.70280623,0.43538982,0.5614031,0.5218716,0.5478239,0.50977516,0.47389928,0.39578772,0.6354383,0.55183405,0.566121,0.59267354,0.445071,0.63256496,0.47766742,0.64170104,0.58883715,0.43854046,0.66524255,0.39256725,0.30088583,0.67441916,0.6346397,0.5687691,0.77304214,0.66761935,0.44231707,0.4466552,0.49161804,0.4284848,0.6182476,-1.0267391,-1.7293583,-1.5220802,-1.3439002,-1.626083,-1.2717699,-0.5565182,-1.2291205,-0.5835655,-1.8278202,-1.0054377,-1.5338453,-1.6239047,-1.518665,-2.3312252,-0.9987728,-1.3999381,-1.9058006,-1.4444684,-1.2908787,-0.7854388,-0.3606883,-1.5235934,-1.7377613,-1.4941196,-1.159939,-1.3340733,-0.6810845,-1.5108918,-1.0704173,-1.1255628,-1.4393406,0.994143,2.2767978,1.056582,1.9097737,1.1248089,1.4271995,1.6837686,1.1222875,1.1381193,1.432314,1.8570749,1.2723527,1.2038618,0.69930357,0.5647111,1.2872585,2.0153751,0.9952259,0.87923574,2.0481024,0.92691654,1.1072129,1.3309937,1.2817008,1.8384321,2.384565,2.9862723,1.1596395,0.7758732,1.4637591,0.82318157,1.4406036
ISTP woman vibes,ISTP,-0.12439629,-0.38238853,-0.07363585,-0.078555316,0.24568975,-0.17157765,0.63995504,-0.23523457,0.5558647,-0.078994356,0.2902913,-0.17722188,-0.30640206,-0.1359577,-0.42844027,0.041441265,-0.19412561,-0.1718744,-0.24761741,0.06356209,0.11992222,0.16526215,0.11500258,-0.18323852,0.59403497,0.07045183,0.33283737,0.080890626,0.031152595,0.095532835,-0.42460337,-0.06598135,0.50656235,0.50687015,0.40547734,0.5975689,0.5035736,0.54782385,0.436692,0.47672996,0.5026524,0.74604696,0.60856736,0.5466415,0.7206382,0.39316472,0.7053327,0.5130806,0.60692555,0.67296267,0.5231351,0.65190494,0.42954758,0.3042814,0.7416983,0.6732451,0.5260297,0.8961015,0.55429465,0.48620597,0.4043657,0.47392395,0.36117047,0.68711764,-1.1913341,-1.3289633,-0.8621665,-1.4265302,-0.7770035,-1.3607234,-0.3961503,-1.2536776,-0.20005114,-2.2458577,-0.8179595,-1.293513,-1.511457,-1.119246,-1.970356,-1.035959,-1.4751858,-2.107435,-1.9334679,-1.3863066,-0.7831681,-0.6077624,-1.2973518,-1.7377613,-0.45992988,-1.6577113,-0.93208015,-0.7549897,-0.9401864,-1.0704173,-1.24462,-1.6358069,0.9135563,1.2700295,0.6829177,1.406455,1.5497215,1.2230105,2.057888,1.0964073,2.1613762,1.321131,1.7173076,0.9745586,1.212771,0.6053781,0.83000344,1.4283442,1.1126382,0.84316874,0.87923574,1.5880655,0.7977651,0.81249964,1.791222,0.7935339,1.6245507,1.7251643,1.6678921,1.0959171,1.0193707,1.2672724,0.46590683,2.531332
Istp playlist made by an istp,ISTP,-0.080911025,-0.40865585,0.019175451,-0.00046517167,-0.07879104,-0.06296799,0.36173105,-0.30307642,0.32405663,0.091814235,0.2719857,0.080004565,-0.24355374,-0.100184865,-0.39093685,0.17171596,-0.3237223,-0.21036159,-0.29367787,0.031258978,0.14464203,0.2366502,-0.109328255,-0.10728438,0.4098973,0.37638706,0.16533373,0.12071985,-0.013561095,0.05373954,-0.2578014,-0.004779007,0.4290627,0.65370214,0.46897283,0.50215113,0.58541185,0.59330165,0.5042886,0.47868863,0.4346457,0.66925997,0.4964109,0.6193081,0.62554693,0.4326148,0.6154365,0.49925897,0.578886,0.6951178,0.47586206,0.5574621,0.45301107,0.29362696,0.72666854,0.6354869,0.5035717,0.82622415,0.57974476,0.4303513,0.47939807,0.4880659,0.36196426,0.72454035,-1.640419,-1.7293583,-1.5220802,-1.6025047,-1.4266068,-1.2717699,-0.7555043,-1.2709562,-0.6112735,-1.8523998,-1.0054377,-1.5421096,-1.6239047,-0.99625707,-1.9059529,-1.0585977,-1.3592627,-2.93772,-1.559489,-0.9782662,-1.087534,-0.5855628,-1.7437171,-1.8318563,-0.94643265,-1.6577113,-1.2563771,-0.71019226,-1.3020865,-1.3054266,-1.3633178,-2.0168495,0.994143,1.4827524,0.9557801,1.9097737,1.8404577,1.9552327,1.6837686,0.841755,1.9529531,1.9278152,1.7215173,1.6867743,1.7955533,0.81457317,0.4937745,1.3118916,1.4211513,1.1667091,0.87923574,1.9734792,1.0823716,1.0203459,1.6373912,1.2817008,1.8384321,2.384565,1.772081,1.1596395,1.269963,1.1670045,0.50603527,1.9100906
一個ISTP的收集～,ISTP,0.11014168,-0.25255355,0.023314822,-0.15148048,-0.06377152,0.1907775,0.06787546,-0.1148696,0.37573642,0.7874051,0.7384415,0.18348446,0.16776249,-0.063924044,-0.4573768,-0.000692249,-0.15900268,-0.7559797,-0.33016264,-0.5128058,-0.24109189,0.12247557,0.2465054,-0.31971127,0.1793258,0.016951889,-0.26215076,0.3323175,0.31672874,-0.20649397,-0.4403768,-0.75393695,0.30395493,0.41728806,0.23977594,0.33535853,0.42362452,0.47904667,0.387459,0.37877917,0.22264284,0.49147674,0.49507764,0.4450237,0.49356842,0.33494505,0.43535334,0.37821317,0.4789168,0.6478585,0.30494353,0.33517885,0.3463496,0.22173095,0.5854951,0.41168016,0.38889766,0.6090711,0.47475228,0.36002693,0.38550532,0.3838618,0.295166,0.5252622,-1.2349424,-1.8732662,-1.2473755,-1.2758878,-1.5666194,-1.9023372,-0.88431513,-1.333499,-0.5764627,-1.0130056,-0.90806687,-2.3870585,-2.1737826,-1.4878609,-2.0062423,-1.5097357,-1.4060994,-2.8472822,-1.4460375,-1.37911,-1.3373753,-0.40581754,-1.4898884,-2.3154607,-1.4304379,-1.4975266,-1.5297939,-0.7573085,-1.8758734,-1.3333795,-1.2069391,-1.9115885,0.80545944,0.94310075,1.2819793,1.0566803,1.1867783,1.4905062,2.0460389,1.4711704,1.0048078,1.9258553,2.1279812,1.3256555,1.3893347,0.8307883,0.6929329,1.5564971,1.2246059,1.5882797,1.1736208,0.92306376,1.0197995,1.0261875,2.4551015,0.73570544,1.7035066,1.8614072,1.8620538,1.328659,1.157466,1.1650985,0.5379973,1.5648875
Playlist of an ISTP,ISTP,0.035338014,-0.39674494,-0.2278922,0.26353386,0.1399393,-0.024707155,0.3341047,0.0013429504,0.6131496,-0.14964871,0.35370496,-0.21424283,-0.11456159,-0.29395372,-0.44037846,0.11634373,-0.1439141,-0.5461826,-0.49374118,0.31624436,-0.02562632,0.19862966,0.1648613,-0.14559999,0.5038718,0.13028708,-0.01811397,0.12796266,0.0977633,-0.018228253,-0.23740323,-0.058587085,0.46253276,0.6313222,0.5573242,0.6845298,0.5332921,0.6933288,0.49820903,0.57735914,0.5543295,0.8676943,0.6143275,0.59120727,0.67327756,0.52302676,0.6242413,0.5757928,0.6356646,0.8456836,0.58011514,0.80569565,0.52470547,0.31894702,0.77165717,0.6393748,0.5897878,0.7345194,0.6773658,0.41078955,0.47535694,0.5091549,0.42237154,0.8340002,-1.7247355,-1.7293633,-1.9557054,-1.1806217,-1.129197,-2.0132227,-0.9252741,-1.2536776,-0.51513785,-3.1477358,-1.1827768,-2.0153108,-1.9974266,-2.3921676,-2.601875,-1.2168888,-1.5453562,-3.4323642,-2.6283927,-1.2279071,-1.7926148,-0.6548355,-1.943092,-1.946587,-0.96648717,-1.7830075,-1.9797927,-0.8010011,-2.0059052,-1.3144538,-1.1675034,-1.9710592,1.0738153,1.4567494,0.93752587,2.0113938,1.6115737,2.2869408,1.8999193,1.725621,2.1613762,1.5236952,2.0110219,1.0213096,1.5978926,0.69411063,0.91500676,2.410729,2.1229966,1.1166108,0.8085397,2.6013982,1.4946262,1.3738395,2.967699,1.3455282,2.2122962,1.6144449,1.8001865,1.1396463,1.1206828,1.4399325,1.3715804,4.2646956
istp buzz,ISTP,-0.15155764,-0.49137887,-0.1084822,-0.08967556,-0.10306742,0.05844177,0.36971366,-0.32457075,0.27542892,0.18282579,0.14945984,-0.048636258,-0.34999928,-0.10189323,-0.35722658,0.19580233,-0.37996575,-0.18074745,-0.28496903,-0.04428295,0.122316524,0.28143546,-0.14143601,-0.20002939,0.4607505,0.49205163,0.10856266,0.14643651,0.06978575,-0.03330472,-0.27700067,-0.16384855,0.36339325,0.5514442,0.4526079,0.4838577,0.44596758,0.5373673,0.44909003,0.4806879,0.33926174,0.6246682,0.5536436,0.59716195,0.55304915,0.42833737,0.54819185,0.46218106,0.49851182,0.6374901,0.44754416,0.5368664,0.41808078,0.24723056,0.61042917,0.5423083,0.48050246,0.7225658,0.5184285,0.40855482,0.44792157,0.47127873,0.33061922,0.67973626,-1.1629255,-1.8061535,-1.5742719,-1.3672026,-1.3123794,-2.3496118,-0.6094869,-1.3244514,-0.9241348,-2.0011582,-0.9163813,-1.6153523,-1.8778944,-1.7963357,-2.5415537,-1.3164923,-1.5252125,-2.0315862,-1.9933516,-1.1184433,-0.85446125,-0.35746625,-1.742601,-1.7686552,-1.3447136,-1.2933716,-1.2698407,-0.9686277,-1.5645186,-1.6886139,-1.1526973,-1.6586388,0.84585726,1.3332002,1.3808872,2.0113938,1.3783908,1.4667876,1.9125131,1.247206,1.4685248,1.6690551,1.8444171,1.6867743,1.2342342,0.9920762,0.6718103,1.6210377,1.114325,1.2031091,0.99528307,1.8544713,1.2112126,1.1147865,1.5393014,1.5075005,2.0708861,2.340986,1.5283687,1.5251235,1.0459363,1.8967688,1.14943,2.0423253
pov_ you’re an ISTP,ISTP,-0.07148923,-0.44065014,-0.1307473,0.056418236,0.10136985,-0.049836963,0.45964143,-0.25609523,0.3748486,-0.15213561,0.16826287,-0.24994947,-0.2599337,-0.1259006,-0.3099957,0.16192572,-0.20326476,-0.16329867,-0.34574088,0.16635506,0.15595125,0.23696604,0.065950975,-0.09804893,0.3932782,0.27260292,0.17460293,0.11221982,-0.061308123,0.007491654,-0.22467312,0.14642781,0.45001325,0.61811924,0.50731957,0.64449745,0.5887944,0.68340683,0.5295967,0.42061943,0.56418574,0.6369514,0.56883717,0.6991892,0.7471298,0.38594466,0.5613045,0.49639568,0.5959417,0.5890722,0.57919854,0.54032487,0.39140546,0.318585,0.68462515,0.5961326,0.4961687,0.879941,0.5833139,0.427419,0.4267536,0.50766385,0.3938333,0.63066,-1.2311214,-1.5046775,-1.396311,-1.0288376,-0.860567,-1.9236637,-0.5180751,-1.0049591,-0.55773485,-1.6871682,-0.8774138,-1.9202645,-2.2530587,-0.87703913,-1.8670174,-0.88559604,-1.3999381,-2.050365,-1.559489,-0.7745041,-1.0023992,-0.5855628,-1.433828,-1.7377613,-0.71439886,-1.6577113,-1.1699814,-0.5970421,-0.9544707,-1.3054266,-1.3633178,-1.3256978,0.994143,1.1313375,0.98066044,1.9097737,1.8404577,1.9552327,1.5292181,0.841755,1.9529531,1.123723,1.4498425,1.1879876,1.7955533,0.68686545,0.5647111,1.3118916,1.4211513,0.84316874,0.87923574,1.477125,0.71272,1.1072129,1.6373912,1.0923188,1.5380344,1.9572331,1.57562,1.1539309,0.63286513,1.0302607,0.5375286,1.3567317
◖ ࣪˖ 𝐢𝐬𝐭𝐩 ◠ ⭑ ࣪,ISTP,-0.0029455507,-0.38750485,0.055859223,0.07885868,-0.047577538,-0.10271491,0.22983478,-0.28098238,0.33537364,0.13204983,0.41968375,0.061836608,-0.173989,-0.10794084,-0.35719082,0.0891851,-0.3013839,-0.2716562,-0.29058322,-0.030065143,0.063523,0.2664727,0.04725083,-0.08131905,0.26139623,0.24903245,0.050127845,0.0999038,0.029062124,0.010493324,-0.24883428,-0.09806956,0.42427316,0.60884964,0.4243123,0.54180217,0.50522053,0.5503444,0.4354732,0.51354605,0.43900058,0.59626865,0.5675645,0.5983135,0.6201521,0.4473861,0.5911905,0.4974235,0.5709937,0.6489997,0.41941762,0.5730278,0.42094514,0.28580683,0.6613204,0.6271771,0.4877859,0.7406415,0.5418396,0.40220428,0.43481162,0.46527407,0.36862615,0.6468475,-1.3583136,-1.7094455,-1.3216878,-1.312492,-1.658837,-1.8958842,-1.0282117,-1.3602114,-1.1959298,-2.1700823,-0.88689154,-1.7872154,-1.8462921,-2.1441774,-2.2889168,-1.3057221,-1.435329,-2.2150736,-1.5964953,-1.4598904,-1.2218784,-0.5673615,-1.7426012,-2.2689176,-1.2414088,-1.8577534,-1.7557628,-0.86084455,-1.4168108,-1.2222737,-1.286958,-1.8059121,0.96082747,1.3899219,0.92056865,2.0113938,1.4521133,1.3534757,1.4321605,1.5723674,1.722171,1.7705829,2.031872,1.6867743,1.7411393,0.8584757,0.7236319,1.577666,1.9140191,1.2676146,0.81852734,1.6715693,1.2594332,1.2499453,2.111863,1.3734677,1.7719061,2.6401126,1.6245824,1.3409729,1.010234,1.0958616,0.81832343,2.2950568
istp(4),ISTP,-0.003677183,-0.3963845,-0.061913803,0.03889499,0.2543437,0.045730617,0.4374737,-0.37506977,0.48604757,-0.08121597,0.33116516,-0.3281528,-0.09313001,-0.021644326,-0.22532399,0.03140587,-0.069889896,-0.25700456,-0.3782438,-0.06352122,0.058476586,0.2894783,0.3395415,0.07623721,0.33513397,-0.087152734,0.112675026,0.12232725,0.080345854,-0.053711753,-0.3822934,0.11100474,0.47751576,0.67834634,0.41543597,0.5511966,0.6518387,0.43351135,0.4641989,0.4699096,0.71122926,0.6727253,0.635469,0.35569397,0.5910848,0.43190497,0.42513657,0.43631318,0.5767001,0.49751076,0.3827259,0.81953585,0.27016166,0.32628983,0.88534135,0.35747004,0.58005434,0.9681607,0.38515216,0.3218105,0.26082096,0.5248855,0.2991616,0.6159953,-0.75793314,-1.3970594,-0.55349857,-0.59677213,-0.63222605,-0.7188904,-0.34848487,-1.2536776,-0.5867064,-1.6840484,-0.70122623,-0.8564272,-0.77366066,-0.99625695,-1.0691872,-0.7051631,-0.97973454,-1.185467,-1.0794595,-1.2279071,-0.4705901,-0.40751466,-0.66755027,-0.691761,-0.68100476,-1.6431291,-0.36601174,-0.29665503,-0.39912736,-0.6948604,-0.9096687,-0.9063134,0.84037876,1.4827526,0.95578,1.262105,1.4663621,0.6174149,1.2813827,0.3480464,2.1613762,0.5770295,1.4777071,0.33169207,1.142106,0.6044361,0.49242687,0.7381861,0.8150186,0.5683936,0.15595064,1.5589099,0.5271712,0.99557805,1.8258452,0.64160234,1.0664213,1.0715266,1.147845,0.8893034,0.53286606,1.011398,0.14305487,1.3382632
Istp cringe,ISTP,0.13311665,-0.20610082,0.23829447,-0.11836095,0.4070927,-0.4138966,0.6556269,-0.23476815,0.5165163,0.037170615,0.467974,-0.10222345,-0.31657213,-0.11511244,-0.3558607,-0.18901882,-0.18826099,-0.17604133,-0.13843228,-0.34711257,0.24549079,0.20882747,0.3117508,-0.020078942,0.33751866,-0.2609103,0.49755913,-0.047075868,-0.0097640455,0.26930317,-0.5651883,0.037999973,0.38168532,0.5543197,0.4162252,0.46012595,0.42809963,0.6269039,0.46514198,0.37916183,0.3267917,0.6573992,0.60288435,0.5772389,0.5843807,0.39087874,0.63133115,0.45731083,0.5558114,0.55703807,0.394986,0.4685844,0.41076043,0.21886808,0.5703481,0.64591223,0.48274618,0.7162916,0.5460048,0.49974632,0.46271485,0.5138055,0.33506185,0.64736784,-1.1057544,-1.4258709,-1.2835003,-1.57442,-1.0034612,-2.5717494,-0.5206218,-1.1540523,-0.5446823,-2.0499763,-0.92700917,-2.344033,-2.1704195,-1.4697286,-2.1294146,-1.5490277,-1.4273686,-2.4343047,-1.706165,-1.3863064,-1.3362967,-0.4653699,-1.6426011,-1.9085069,-1.1281477,-2.000949,-1.9300541,-1.1048464,-1.4751849,-1.5390339,-1.4450424,-1.6887842,0.9418932,1.3712165,1.3996933,1.5375116,1.508687,1.5146221,1.8857114,1.3021653,2.0138109,1.5951909,2.2131124,1.2091202,1.3833123,0.6682197,0.8291082,1.1033778,1.4063586,1.1418014,1.1236136,1.9557807,1.1593091,0.7623087,1.8605081,1.111458,1.8962893,1.5747837,1.8096083,1.2247058,1.1615428,1.4315275,0.66908413,1.7326885
ISTP(5),ISTP,0.02625152,-0.28302664,-0.010064516,0.02093046,0.18045144,-0.17039314,0.47994122,-0.13538402,0.51525897,-0.08333539,0.38763443,-0.16581516,-0.20174111,-0.23938611,-0.33344114,-0.02102411,-0.17790784,-0.33227283,-0.311336,0.00973455,0.040432017,0.21155588,0.20829551,-0.066799164,0.40840277,-0.011377844,0.21606943,0.073118605,0.03489777,0.16838683,-0.31897336,0.0046482324,0.39243683,0.6138564,0.50139815,0.5351786,0.55578244,0.60422575,0.49592865,0.54111284,0.47450924,0.6508026,0.6051896,0.64450264,0.6378997,0.47738388,0.6894687,0.510802,0.6250421,0.7271915,0.5346442,0.5622733,0.49362847,0.3399108,0.7373117,0.7085226,0.5336683,0.88477665,0.6406725,0.48560438,0.4416865,0.56550086,0.31604624,0.7119229,-0.86153674,-1.5833217,-1.1722058,-1.1767629,-1.0663697,-2.440725,-0.5413633,-0.9898571,-0.46554306,-2.0595675,-0.82557,-1.7237203,-1.6239046,-1.8337542,-1.9782174,-1.1933551,-1.3727314,-2.7703905,-1.7858542,-0.8597821,-1.5177807,-0.7683178,-1.2679272,-2.2638037,-1.1509098,-1.9578235,-1.6700824,-0.9345801,-1.0259014,-1.3225534,-0.972222,-1.5067911,0.8506011,1.5248028,1.2923717,1.3684754,1.16259,1.0150044,1.564276,1.8128148,1.7446405,1.2440282,1.6779197,1.2846576,1.4672074,0.64635706,1.0973026,1.2687551,1.4645483,0.9122845,0.9870189,1.5188462,1.0387063,0.9870026,1.4432464,0.8014093,1.5200496,1.9189433,1.9395279,1.1126958,1.1354563,1.5633152,0.42301726,1.8536196
ISTP Radio,ISTP,-0.21036455,-0.59135985,-0.25380355,-0.13559301,-0.22155325,0.12867911,0.36541888,-0.38646394,0.2040355,0.19111326,-0.06706678,-0.16787046,-0.5396342,-0.1323565,-0.33193994,0.27258217,-0.43261346,-0.07502993,-0.17653733,-0.024752932,0.07730834,0.28902915,-0.39095637,-0.31634912,0.5772059,0.82586944,0.08173804,0.17687929,0.11525193,-0.124283835,-0.19836625,-0.26803818,0.30101547,0.4148934,0.35023335,0.3990799,0.33485588,0.4297283,0.2637724,0.34487903,0.28128618,0.38739622,0.48929188,0.43771443,0.38661227,0.40955037,0.37919924,0.3555369,0.36512858,0.47191128,0.38490114,0.3905892,0.3130058,0.21237776,0.5413335,0.39544275,0.35999772,0.6516324,0.29220554,0.31853175,0.353084,0.41993913,0.24628368,0.5309104,-1.0044909,-1.4305501,-1.5850534,-0.91406596,-0.94355977,-0.96629757,-0.14413159,-0.94365263,-0.22901824,-0.9467454,-0.7860549,-1.5479743,-1.7404364,-1.0844197,-1.4747325,-0.56474423,-1.4284266,-1.2915468,-1.253114,-0.64903605,-0.80261326,-0.124681376,-1.2313082,-1.0793235,-0.12798522,-0.8789318,-0.8395853,-0.51490635,-0.834783,-1.013607,-0.8317247,-1.5369478,0.27074254,0.4631042,0.35697466,0.9179053,0.6602037,1.0430971,0.9318886,0.5940768,1.371381,0.9186135,1.2315589,0.65808284,0.1784486,0.6581909,0.41197124,0.93203497,0.4564113,0.7079415,0.58476436,1.598129,0.62902516,0.7144006,1.1201097,0.40995178,2.0294843,2.2144423,0.7074121,0.8576304,0.768328,0.8244383,0.32264912,0.9319063
ISTP kpop songs,ISTP,-0.1495071,-0.48813576,0.18571845,0.029659456,0.008437285,-0.43382534,0.6031196,-0.51677465,0.35329998,-0.025416207,-0.012599752,0.10703094,-0.6947972,0.041215934,-0.42501193,0.15936267,-0.48514625,0.21697731,-0.042012893,0.11956768,0.51482016,0.20811014,-0.3170615,-0.16385938,0.5711606,0.71437037,0.48840335,-0.072501525,-0.08449793,0.19689858,-0.3652638,0.21420385,0.33757734,0.5591805,0.394801,0.3325586,0.34337002,0.47480723,0.27854267,0.3865118,0.2948457,0.42949528,0.4555039,0.6142381,0.50739586,0.3851371,0.51856637,0.46341613,0.50578105,0.45837784,0.35343078,0.357098,0.36520928,0.20198044,0.52580017,0.61681336,0.4316052,0.61098325,0.36349374,0.34946677,0.47063553,0.45153612,0.2704151,0.6163521,-0.76350886,-1.3726704,-0.5969769,-0.79782796,-0.84761196,-1.9409196,0.11742706,-1.270956,-0.4021567,-0.71841145,-0.76973397,-1.61378,-2.1916258,-0.7946077,-2.284657,-0.8910229,-1.4239893,-0.9819929,-0.72678447,-1.2931439,-0.52799165,-0.44671616,-1.7437172,-1.6182106,-0.48834434,-0.7715113,-0.17640617,-0.7101923,-1.118465,-0.98313916,-1.0717409,-1.4109358,0.5241226,1.0405203,0.98886853,0.6681548,1.3945409,0.5829013,1.1349998,0.5235051,1.0718569,1.1827741,1.737532,1.4178073,0.25308567,0.81457335,0.16115272,1.0038158,1.3499686,0.96109605,1.036856,0.6663078,1.0823714,0.49719042,0.85417324,0.7167483,1.2813009,1.7483541,1.9024683,0.8853887,0.61400825,1.1099957,0.104999326,1.3553218
ISTP (PDB),ISTP,-0.04340489,-0.4478778,-0.014677837,0.008575474,-0.004505133,-0.12528788,0.35832682,-0.28830898,0.3532509,0.11987532,0.3416607,0.012520711,-0.31959498,-0.100233436,-0.452849,0.16351853,-0.2670894,-0.1746373,-0.24803317,-0.01925644,0.13794956,0.24016763,-0.028592503,-0.18526018,0.38684058,0.34722352,0.16627614,0.17261218,-0.023812974,-0.027764715,-0.26909187,-0.07357044,0.37343764,0.62827086,0.4172453,0.53687435,0.51864815,0.5046568,0.51659054,0.5037772,0.38952914,0.692876,0.5480393,0.595832,0.57835096,0.44545957,0.64510787,0.4948981,0.60886747,0.65410876,0.43941373,0.6498477,0.45917928,0.2677538,0.7173303,0.65977937,0.5227005,0.7931176,0.5831454,0.43383116,0.48249727,0.4771747,0.38268328,0.6811755,-0.8173709,-1.4892933,-1.2972107,-1.3529428,-1.6260829,-1.3962232,-1.0797501,-1.270956,-0.5577348,-2.0296075,-0.74376994,-1.54211,-2.1175945,-1.3639586,-2.0537508,-1.0585977,-1.3999379,-2.9655924,-1.7348701,-1.2908787,-1.7299716,-0.44671616,-1.7437172,-2.0684187,-0.91190326,-1.3753219,-1.2860395,-0.7332332,-1.3621101,-1.0308844,-1.1255629,-1.7477254,0.9941431,1.0893364,1.056582,1.9097735,1.0476958,1.0519255,1.6837689,1.2290294,1.78101,1.562083,1.8570751,1.6351318,1.156744,0.81457335,0.56471115,1.3128117,1.2126158,0.96109605,0.79007256,2.0481024,1.0823714,0.8035483,1.8368177,0.7167483,1.5958941,2.0808737,1.7720808,1.1812795,1.0522319,1.1099957,0.7245612,1.3849679
ISTP Music vibe💙,ISTP,-0.054359812,-0.4396486,-0.32984093,-0.0800701,-0.2572458,0.47558635,-0.014204254,-0.083431825,0.28087565,0.59586287,0.42995507,0.027125794,0.07416915,-0.27492478,-0.43701398,0.29050052,-0.2414187,-0.7046479,-0.4913385,-0.13711414,-0.20861137,0.216303,-0.007884533,-0.3314747,0.30956995,0.38617125,-0.42214993,0.35193065,0.21636306,-0.32563925,-0.15714844,-0.57972556,0.3710815,0.4839367,0.40457964,0.4855455,0.42488152,0.42989722,0.31488532,0.51285946,0.2892231,0.41207778,0.51719815,0.41226336,0.50268805,0.49404272,0.5274438,0.46987933,0.56115204,0.6928832,0.3461268,0.5704608,0.3443313,0.25063038,0.68824744,0.4386481,0.42359686,0.6659782,0.4556969,0.39466918,0.3821861,0.46684498,0.33309406,0.51382416,-0.86169827,-1.4800267,-1.6159128,-1.2303404,-1.3722702,-1.342609,-0.6904553,-1.382808,-0.25496444,-0.38502648,-0.7671754,-1.7393427,-0.84226215,-1.5973586,-1.7307383,-0.99119526,-1.364937,-2.3363671,-1.3030733,-1.07047,-1.0693703,-0.5008489,-1.9285737,-1.2029395,-1.1630666,-1.2172911,-1.4679698,-0.50550705,-0.8515187,-1.5807582,-0.8743854,-1.610026,0.6212898,0.8551545,0.38911012,1.3175173,1.2518057,1.3719803,0.93167,1.2132028,1.41085,1.4914789,1.6340503,0.98188126,2.2423308,0.62140673,0.654871,1.3772346,1.2870731,0.6591349,0.629953,1.4659997,0.81215036,0.79158485,1.6250482,0.67466,1.3844285,1.9464926,0.73561895,1.3034304,1.2353619,0.7121272,0.6245388,1.4021283
ISTP songs(1),ISTP,-0.1056168,-0.42240155,-0.10898471,0.022558039,0.006261376,-0.0672841,0.38540775,-0.2883859,0.3248892,-0.024084296,0.21243939,-0.12046702,-0.33878475,-0.14542337,-0.4404255,0.2342077,-0.2054767,-0.073745295,-0.2540515,0.12654276,0.18012933,0.24139534,-0.117845535,-0.21860434,0.40173575,0.43712026,0.22353457,0.17194323,-0.097361386,-0.06695334,-0.20355839,0.07067893,0.3790004,0.62288815,0.47149813,0.53661233,0.6446784,0.6127641,0.48352012,0.49936372,0.49220243,0.6771726,0.4236156,0.6053991,0.5778834,0.47835144,0.6640809,0.519786,0.66031814,0.57886213,0.51387805,0.634978,0.39255163,0.29184738,0.7000929,0.6413379,0.530058,0.8249472,0.55422807,0.42353275,0.49852002,0.4856902,0.3664744,0.62166697,-0.78391063,-1.4058282,-1.396311,-0.9445489,-1.6260829,-1.2717702,-0.5575881,-1.270956,-0.5577348,-2.0296075,-0.70122623,-1.2712915,-1.6239046,-1.8990582,-2.238559,-1.0585977,-1.3449228,-1.6035776,-1.559489,-0.873421,-0.7383053,-0.5855629,-1.7437172,-2.0233674,-0.6391338,-1.3833736,-0.8495861,-0.59704214,-1.3020865,-1.3054266,-1.3633177,-1.3550124,0.9941431,0.9660587,0.75956374,1.9097735,1.8404576,1.9552324,1.6837689,1.0396628,1.78101,1.562083,1.196241,1.4178073,1.7955531,0.81457335,0.56471115,1.3118913,1.4211514,0.96109605,0.8792361,1.7426766,0.91539985,0.8035483,1.0097358,0.58746225,1.7359006,2.0808737,1.7720808,1.1539308,1.0176286,1.0302609,0.50603527,1.2321929
