playlist_id,mbti,#_mean,#_std,BPM_mean,BPM_std,Energy_mean,Energy_std,Popularity_mean,Popularity_std,Dance_mean,Dance_std,Acoustic_mean,Acoustic_std,Instrumental_mean,Instrumental_std,Valence_mean,Valence_std,Speech_mean,Speech_std,Live_mean,Live_std,Loud (Db)_mean,Loud (Db)_std,Time Signature_mean,Time Signature_std
ENFJ (PDB).csv,ENFJ,-0.34602575716732864,-0.3460512796026317,0.5592671903821862,0.05568812897522211,0.21529749841320617,-0.004082229868138293,0.1709105072881324,0.10722574156743489,-0.17999181285332397,-0.44883576163591843,-0.35908606525721853,0.18009855846644662,-0.281851984053723,-0.1267236967120192,0.23288682719979503,0.13470576460301967,-0.24485755693108752,-0.0989850687668538,-1.377572212241338,-0.8798016187761268,0.4983817750490492,-0.40884380887485333,0.8050303610874803,0.1136390144622447
enfj based on PDB (2026).csv,ENFJ,-0.16204323266083553,-0.16209545174255105,0.24208402867009599,-0.08091031504817389,-0.2640559124722416,0.8072615651576542,1.0452052926019417,-0.5668590582905906,-0.14302704191325588,0.10172497895124887,-0.11167104515778814,0.45021639818977166,-0.3892842287271611,-0.6047459747324733,-0.1859622720929593,0.46761952733079676,-0.004840915442174661,0.15483315550826562,0.10736485262230896,-0.30241219678352665,-0.122776529432087,0.09521269447876438,0.08695820571187707,0.8201602046953049
ENFJ energy🫶🏻 .csv,ENFJ,0.15156334320250497,0.15146355852660506,-0.2178098891996589,-0.010847196129701985,-0.09962741303499228,-0.1139518195743076,0.3935826908968031,0.8725018860305683,0.5676936361943072,0.06273818741664805,-0.16828850346096463,0.18580199474992407,-0.4205105795657022,-0.448212446660978,0.35157985764812694,0.41217514135506883,0.4917281675062158,0.6533039709294289,-0.18814996127778685,0.23371468832919565,0.14848250577802447,-0.44862904226058026,0.09273668335707186,-0.1995463829428912
ENFJ Radio.csv,ENFJ,-0.4923754925702209,-0.49238236345458614,-2.6243334098123126,-1.98583545909903,-1.9346469777707866,-1.2142445494153167,-1.4111266547901549,-0.9891388409371107,0.7736992774004373,-0.5035773604708955,2.751117098519684,-0.4861077082482629,-0.5686497477226271,-1.2481387531852506,-0.5519053242528642,-1.3743624078901118,-1.2309457290679628,-1.6793649286273742,0.23456557251789237,-1.482481170933989,-0.14308362784781647,-0.9521070397207518,-0.00996612599010781,-0.25518564776221037
enfj songs according to personality database.csv,ENFJ,-0.049144865350032964,-0.049214044627556665,0.24609790757557243,0.8111038682003101,-0.18466530331232497,0.9870470840330057,-0.18782653724384263,0.629186561634777,-1.4221792842807606,0.4262192081740415,-0.21352708619587268,0.7136908652677629,0.1158437420451627,0.7448008531892589,-0.6264617801953538,1.0976350019399201,-0.7331853982543508,-0.5853002600412553,-0.7624559457635083,-0.4977086251980434,-0.43193908544078835,0.18615398360933155,1.2204288207299008,-0.3545650738219716
ENFJ songs.csv,ENFJ,-0.4923754925702209,-0.49238236345458614,0.48701144417240083,-0.4791385815090666,0.11041171652051808,-0.3655296316585409,0.8917069347986002,-0.4566963288925517,-0.3995917349512291,-0.6682547748920942,-0.19445689632756566,0.31155814205754623,-0.2534102661188863,-0.27375612099780405,-0.16197559721117485,0.3544342500550915,-0.4492281625553104,0.08328207521193255,-1.3364986381073443,-0.8544643896822596,0.08029445472520769,0.007453280065126627,1.3417353647727122,-0.2041817264035377
ENFJ songs🍃.csv,ENFJ,-0.28748586300617174,-0.28751968059098815,0.14262187425889847,0.12521005983409578,-0.22866708672254038,0.7879048265204214,0.5891590536489545,1.0597463482826317,-0.4233579602864998,0.13983073918118305,-0.1582026819345448,0.25828670911413115,0.07041374682254839,0.3678236494281702,0.2444711922337132,0.5640274436044812,-0.7913941007595017,-0.6242153966697277,0.25396142697005575,-0.8696979711513491,-0.297130404718653,0.239596721603165,-0.020206288798915287,0.043063604921523106
Enfj style.csv,ENFJ,-0.6303623859500906,-0.630367196796264,-0.8734255424880698,-0.4346887358594367,-0.3337474619025988,1.6421573681312662,0.6076469976213138,-1.6578541277599463,-0.08587756052565,-0.41080573381263996,0.8151534745797604,1.6238295023276765,-0.5750397372145948,-1.2924030925709906,0.5596780279146827,-0.5042195231356404,-1.0623399794279789,-1.3422178636706414,-3.225883048271028,-1.9104974794796696,-0.122776529432087,-0.22892592589949196,1.0038099920820127,0.608507697027078
enfj the protagonist 💅🏼 .csv,ENFJ,-0.4505612824551088,-0.4505729821636676,-1.4857360565724322,-2.2348469683336645,0.3954584503037077,-0.8204688930500789,1.6849907465967342,-1.5870117039092482,0.8552649627510873,-1.643230624109395,-0.5678833970342508,-0.3319881027044797,-0.4401399590508318,-0.5729293901832718,0.7066313037078552,0.4643173118557461,-0.23208439407957362,0.2757346835092004,-0.01273157174719109,1.0227315306891915,0.20721381982351675,-0.23315696068667388,1.0038099920820127,-2.078224018206959
ENFJ vibes‼.csv,ENFJ,-0.3794771252594183,-0.37949804712063345,1.1543224203039555,0.9060404163302563,-0.319639448568239,0.18905260415067937,0.6469502222188465,1.1770181808963804,-1.0025748234575367,-0.3106933021436015,-0.23045677630839073,0.35045976188002437,-0.3177804200055048,-0.08309008514527354,-1.0179042914393979,0.36490169979810827,-0.5281895329101238,-0.37933256627063106,-0.6087762548307195,-0.6288101434415432,-0.1557425982887905,-0.3017787269442591,-1.629374730183234,0.6961463546622837
ENFJ 플레이리스트.csv,ENFJ,-0.06168912838456658,-0.06175641110067127,-1.0344539485589073,0.7423824335899694,-0.6970423186850943,0.8585468240128069,-0.2168969986508753,-1.1171703205024175,-0.12586073961910657,1.1247988970181566,1.1105678812946005,1.1133913116307788,-0.34881461903490973,-0.22028623527403665,-0.33505846712440174,0.81845801295848,0.811057238794064,0.959080265511327,-0.9154945032339148,-0.9050144714187741,0.1260849707606759,1.3750262452987527,-0.32138754788154517,0.4675628368626996
ENFJ(1).csv,ENFJ,-0.4923754925702209,-0.49238236345458614,0.11745125223982604,-0.8898762066723425,0.7726905107572042,-0.883592970659968,1.281417234575159,-1.7736804901957777,1.7869960607950568,-0.8337071097871228,-0.6778194467059449,-1.1557601405186286,-0.5452197862520787,-1.100324766360102,1.215356825726403,0.4914557426701854,0.15877438917675255,0.24120299291294028,-0.8128105678989324,0.8403738248625451,0.9941138834330329,-1.206482777027456,0.32795924670059906,-0.5739676117895812
ENFJ(2).csv,ENFJ,0.1139305540989041,0.1138365372524725,0.04056107311246234,-0.3818319524961657,0.3739983034067731,1.0913815082011808,1.1972110564943215,-0.3544073927496839,0.7933265231850122,1.241912515319422,-0.32017635269457295,0.6571035777320788,-0.3221709222760432,-0.04676101091631498,0.3252484234540947,0.9531393067952653,0.1520930424544222,0.06473041739963639,0.06000288244842147,0.780132247837955,0.28336543888250193,2.780301125487422,-0.29590297980532304,0.695520091678271
ENFJ(3).csv,ENFJ,2.033202798382548,2.032810497043054,0.005878194148286772,0.5403315688815519,0.0667338547169253,-0.0363582931613386,-0.6405713510050022,-0.2563170108250425,0.6346097330327912,-0.18524650763760908,0.3150390982397536,0.37241671031064105,-0.4802646637098748,-0.5158058116329853,0.4368885582328784,-0.026376335710451074,0.3024744243392891,0.4422578762454979,-0.5912707624590838,-0.7313384805959944,0.35074526084295,-0.41196536013436813,0.5646103486766585,-0.04909179462014894
enfj(4).csv,ENFJ,-0.47983122953568724,-0.4798394819183018,-0.18297827306169415,1.464855278861313,-0.3204196575034511,0.4152490968943241,1.1528410270867933,0.5638258503255547,-0.2604920538380011,-0.41532531048852644,0.16041878826692235,0.5716701593259107,-0.5529359999782284,-1.1624165123997314,-0.48956719787654984,-0.058500953917987576,-0.49839278938000553,-0.1830089705272307,-1.685624018246286,-1.1544836762043094,-0.16109180946176518,0.8850049445820541,-0.5901776149496254,0.16429073900803726
ENFJ.csv,ENFJ,3.1538236294675515,3.153256303767851,-0.21456886193771135,0.6734284555631789,-0.43857984672185407,-0.19246824968532364,-1.6174877028143015,0.5813754962669995,0.5885058382937622,-0.8227064593607623,0.9770981611510572,0.4765536881342373,-0.529991004353651,-0.8388008030992274,0.8071688959222247,-0.11725033313689821,-0.6018411364948738,-0.3693232607526733,-1.041900432306806,-0.8407234207588401,-0.20206671847398067,-0.4541309735832325,-0.022427582249847745,-0.004278142517426157
HAPPY ENFJ.csv,ENFJ,-0.5007383345932432,-0.5007443243667834,1.7757792881023435,0.31812950138626417,2.04926017835697,-1.4944405995441312,-1.9335643755051068,-0.6046554824093615,-0.6544845016720121,-2.0485864031402587,-0.8669250301240055,-1.4773343699643966,-0.4973836149163759,-0.9330816565748837,1.5015149318618355,-1.1835129437747893,-0.9558969556653628,-1.2195997792691782,1.13283608183371,0.5412684628206231,1.3579493967148522,-1.0942736339158838,-0.7562179906820814,1.5100346305422108
my life as an enfj🍀.csv,ENFJ,,,,,,,,,,,,,,,,,,,,,,,,
⋆｡‧˚ʚ🍓ɞ˚‧｡⋆ enfj .csv,ENFJ,-0.015693497257943306,-0.01576774567026829,0.975637834992424,-1.8853361857235895,1.4450428299397309,-1.441159184237892,0.1429431948442175,-0.8518406554616113,1.650071301006136,-2.216667214986808,-0.6009933952073195,-0.9157432414389521,-0.3516498606661298,-0.1300232971494764,1.8281181486830762,-0.82281105617561,0.032725079671324916,-0.1767402873296685,0.6826807708059852,0.6539245119321653,1.0876008304078846,1.856734924159786,0.3856538225258417,0.1313461041542042
花木蘭 ENFJ Radio.csv,ENFJ,-0.4923754925702209,-0.49238236345458614,-0.04797092891094444,-0.521173936931361,0.07766166625606663,-0.15668202361884462,-2.9715082108125026,-1.9279356587492456,0.38469370111271867,0.06956485314145178,0.6587714729867553,-0.34813671551519476,-0.5686497477226271,-1.2481387531852506,0.19860458048328972,0.7965812439199412,-1.1440882216776682,-1.4908849442019985,-0.2018411526557845,-0.8036562197402392,-0.11262298022422249,-0.21088891220433212,-0.00996612599010781,-0.25518564776221037
ENFP (PDB).csv,ENFP,-0.35438859919035104,-0.35441296014724616,-0.07396523730505332,-0.02710296398927096,0.5017024777122575,0.7375288915533507,0.47757362656897523,0.05546657306912184,0.43193981171897977,-0.41958167379660943,-0.5114433734844447,0.09926440343277512,-0.5314133029320842,-1.0701619447373742,0.3595472039260697,0.16809949367656588,-0.11435584490598148,0.07751502417321587,-0.05567118928436025,1.4975741020381055,0.5928651918451254,0.1749585005744263,-0.6247460208852456,0.17808691716281908
ENFP (男声版） Radio.csv,ENFP,-0.4923754925702209,-0.49238236345458614,-1.0193862905622793,0.6373888979029148,-1.6835632590766587,-0.23994468352685294,-2.438544717837446,-1.6265646390505093,-0.4058660184397406,-0.6962852966813697,1.8711836159247892,0.07207671088047254,-0.5558697687386916,-1.1596100744137703,-0.6713999180237036,0.14141392334649042,-1.1440882216776682,-1.4908849442019985,0.7582536427263044,-0.7677680490682266,-1.0264424089320472,0.3352317637269021,-1.3616676167529354,0.9961623057800079
ENFP Core.csv,ENFP,-0.21222028479897,-0.21226506872267106,1.041396855415818,-0.8220510902173372,1.3342621228891476,-0.8179191161622947,0.7615665235526533,-0.11840911275715879,0.8552649627510873,0.19879460532040355,-0.9225250189119515,-1.0579443519341376,-0.08532259381308027,0.37393107934531583,1.7866337987651928,0.1909948654681618,0.09270329381148565,-0.15276005532612286,1.2983535897788554,1.995824342709317,0.6756222116991563,-0.34713617461811663,0.5705723347862367,-0.8719098657968256
ENFP kpop songs _3.csv,ENFP,-0.4463798614435976,-0.44639207463214714,1.4654083488719543,-0.9294671123810676,1.8776616966377788,-2.706873424994376,-0.33691709394684466,-0.3425698809256713,0.9272649372094172,-1.3385370625162194,-1.1229630398811425,-1.9800398055370942,-0.568056142141406,-1.238969692712761,1.4813242290029436,-1.747868283783148,1.2452051783373244,0.5970928308792988,0.8183489950453025,0.6486169158948243,1.74148168578242,-1.7056765490473276,0.4498339712775752,-0.7137359058269637
ENFP playlist .#🎧🎤.csv,ENFP,1.205281438103329,1.2050182708614088,0.3710183246159516,-0.40804870422005446,-0.060360962733687795,0.3422214430786399,-0.8331887934354342,1.1287269622343477,0.47068991120744885,0.3004865252407599,0.4192102089834358,0.5009105218990418,-0.43303997072642325,-0.3151820805660425,0.6241086829712219,0.9675055384730704,-0.5177998789160694,-0.5681345887467132,-0.3266381635387836,-0.2135672975814639,0.16223537815709826,-0.22807322491977566,-0.07073340792133098,0.1510379300958448
Enfp playlist .csv,ENFP,-0.33766291514430624,-0.33768960575096796,-0.6024932661654356,0.37850625226608736,-0.14054652305382315,0.42626394090059205,0.32451918988278317,1.4559137829074706,0.011482010847805426,-0.20729850360653354,0.21830592928607898,0.866279232209213,-0.42079861154640846,-0.5682121579513519,0.07229067434359546,0.9020815576429476,-0.6189497287202541,-0.6362256770820872,-0.5820667821749193,-0.14120075537075222,-0.03524593281256344,0.017134777659792773,-0.9382898509680263,0.6210466824109839
enfp songs' database.csv,ENFP,-0.2623973369371045,-0.2624347794612287,0.8217106293376379,0.08715714548869921,0.4717019535648644,0.78654339092807,0.250991808024981,0.9503547288673412,-0.3966039809090807,1.0059422418572261,-0.4620166979576919,0.2468239701612454,-0.2382974338283595,0.16746602701846122,0.341758504850361,1.0975738281113294,-0.5733103159700172,-0.7289556205124386,1.0575039685596825,1.8523138610475929,0.02710919696972553,0.5463194667430761,-0.1226079168870126,0.09854316324082675
ENFP songs.csv,ENFP,0.12647481713343772,0.12637887886252072,-0.19867469549124103,-0.36206214782519314,0.37368021822549413,0.4311904430621754,0.8610553880840316,-0.32675803410760734,0.37677162600096137,0.5573885674584452,-0.43503220217887295,-0.14310321208666202,-0.3442901166713161,-0.22542593372432693,0.47899230263811754,0.5557966104712739,-0.28691867904819407,-0.08204043735439212,0.6286540697959397,1.2109173842167287,0.23875135902976297,-0.3177635938636028,0.23579778142131674,-0.4913014223073841
ENFP vibes 🌈✨.csv,ENFP,-0.23312738985652606,-0.23316910174765065,0.02173013449946832,-0.5391821841545118,0.07304806790531987,0.6568692715755843,0.5071678332404207,1.1140253034872865,0.4029003273070606,-0.18688212224525477,-0.18558698370223248,0.5895885901585997,-0.39627217404645027,-0.474455000266662,0.22215160413048812,0.20949918776813348,-0.5810654505584364,-0.48294550141027864,-0.9452911808980844,-0.8381680218667078,0.2489158969272465,-0.18058310589360183,-0.05220679757644523,0.032386500851199804
enfp vibes!!!.csv,ENFP,-0.33766291514430624,-0.33768960575096796,0.38664156610072903,-0.3301085501007173,0.4523423179405579,-0.39720003676731025,0.24750134407713917,1.647718461461762,-0.029985954737185055,0.5863044483634469,-0.47157616379540124,-0.11265257529401443,-0.14659216591407728,0.19792453627481635,0.6108476759121128,-0.12116130525700007,-0.7687040518069691,-0.6421232320113551,-0.030288164139236195,0.2568679998995714,0.21567511083007065,-0.5848675074424177,0.22697005486199864,-0.10200214464706577
ENFP __ the campaigner.csv,ENFP,-0.4463798614435976,-0.44639207463214714,1.1855696399144215,-0.5994456578062916,0.46237036234977846,-0.10561551256832233,-0.2889387637728373,1.7985591554042668,0.6084079074653865,1.0765306434529043,-0.3436990785791638,-0.22465204739658678,-0.12110605745732518,0.2575397222463458,1.9366890168843438,-0.1533978922797025,0.24847968369459794,0.7065570913003528,0.5321806506691213,1.1031566983489884,0.10193316615180437,-0.4059471665874457,0.4498339712775752,-0.7137359058269637
ENFP's favs.csv,ENFP,1.0040994724903736,1.0113129211781566,0.43475461008913496,-1.9709225691261056,0.9011542410364549,-0.1835998732319935,0.4681846625185985,0.3401111588956172,0.9893275471423129,-0.028960435726844307,-0.8845407029083738,-0.7967994227837499,-0.24242452063762163,0.12318496016172903,1.3165311870757173,-0.053623945106844643,0.11555957022887203,0.17913132017872024,1.334826468793201,1.0821230313080596,0.378648745488326,0.27495912372817066,0.5044128895834286,-0.4045482064248003
ENFP(1).csv,ENFP,-0.433835598409064,-0.4338493781711859,2.547529490501218,1.3246989769830622,1.5176404388211686,-0.31284265227356145,-1.279714955384275,-0.09133963806093569,-0.8701629965895977,-1.138058542259978,-1.100594771329023,-1.616719840977492,-0.538430422416863,-1.091141455688396,1.6456421831205241,-1.3684279172907916,-1.0463735258635867,-1.337418469888414,0.9055409124724204,-0.43151751683112377,1.3050663279238899,0.15821546388855648,1.0038099920820127,-2.078224018206959
enfp(2).csv,ENFP,-0.11604760153421227,-0.1161066980235563,1.6153013362767472,-1.153914415515112,1.4957908269135856,-0.9609115278983457,0.3360781900578832,-0.7491490548801113,1.0602995838935205,-0.4202957184351888,-1.0072460941027328,-1.394000337748177,-0.33389370519628925,-0.06712342721323852,2.334083780691247,-1.4558898104525324,0.57444960311602,0.5972058669731224,0.7769567880908904,0.7422076435608966,1.1899323324418523,-0.7857813134307765,0.7624347258743661,-1.1732160177058801
ENFP.csv,ENFP,0.7495065478486075,0.7493143011468921,0.9372490552522689,0.2911805394022104,0.7912625053195945,-0.08999091526489876,-0.19091538936909347,-0.8852736620322835,-0.13831393550168306,-0.31194376319188594,-0.7156144931961167,-0.4673985944678299,-0.48756869950033926,-0.6714840713944963,0.849562843773672,-0.9787824458247188,-0.6044202506878255,-0.5714692925840712,0.1379775710961678,-0.2319175828196875,0.9774351426593068,-0.8272383678981502,0.5655782407540108,-0.7377143752841607
ENFPcore.csv,ENFP,-0.2623973369371045,-0.2624347794612287,1.1166883789074007,0.6441474739517088,1.2661939136839657,0.21665056899183543,1.3087035570891592,-0.5620348484113157,-0.23227750859091972,0.26916575276141647,-1.0577950585266753,-1.0680350845759141,-0.21192604862341335,-0.08037324582289028,1.5077542068080991,0.13186937410560903,-0.11834242011609249,-0.3904819336173428,1.3068792400874985,1.9262979877189814,0.5734668448214939,-0.24165427205865836,0.3601426155282883,0.48666256872194885
ENFPに刺さる曲.csv,ENFP,-0.48401265054719844,-0.48402043506066883,2.285673081611264,0.7011827235969842,1.6062072814834476,0.19191419031080306,0.036808846355952184,-0.4871815654139205,-1.0119376715703883,0.20026138871929325,-0.7305106894479995,-0.029313009030866505,-0.33131898415556965,-0.09330314915482377,1.0701410609617046,-0.9731205960560275,0.6030839462117218,0.1754855434455266,-0.17498535418355834,-0.9930636935909766,1.02926078453718,-0.4610768441294832,0.35395350613834864,-0.602576826844165
ENFP🎞️ 🪐.csv,ENFP,-0.19131317974141399,-0.1913610518346373,0.4874153350925442,-0.588480141039002,-0.03052087683060531,0.38021156579812304,1.4401750039456784,-1.3166195338228304,0.7459792872339791,0.6295180740232021,-0.013715814067160157,0.4456446708570675,-0.48250710249484363,-0.5273725114451817,-0.14338296700409336,0.36725619098319734,0.24847968369459794,0.3875478810002522,-0.755576899023696,-0.09546807925227072,0.3516106056894616,-0.107386880293655,-0.6581180703313,0.3952939486816459
My ENFP vibes.csv,ENFP,0.9878475455047463,0.9876182360546912,-0.13939395234659765,0.7714487051612878,-0.06860567869564647,0.670645613203881,-0.410237808134729,1.5117123608975758,-0.4784085386744868,0.6940533250656908,-0.07581083734909737,0.7248694910318026,0.12669920781915373,0.6352825928010943,-0.10814387427480623,0.8312554437805045,0.03665789363792243,0.2600499316846926,-0.2273342187797916,-0.03213145902683423,-0.15419221386236143,-0.0653408786766082,-0.37633076271913773,0.4414274665064771
❝ENFP❞.csv,ENFP,2.7273186862934082,2.726817992204323,-0.6011093950474216,-0.07372318183069305,-0.00929459863985825,0.6083374349645881,1.0315600718773863,-0.1291374910003838,0.10426383543717033,1.810554528169281,-0.006234698516499814,0.42495421481896617,-0.2361884651710221,0.10475380151608388,-0.293844042797395,0.9545435161491553,0.2074993323469179,0.4198543206716128,0.23562997916465725,0.20977108526744573,0.004142835666222067,1.9308224071650717,-0.3561335809415636,0.6645165755285573
as an entj woman.csv,ENTJ,-0.2456716528910597,-0.24571153022797543,0.7496268256479446,0.7230850629893016,0.47012811978195024,-0.45785834520227703,0.8048675471883838,0.06375429075151705,0.4839885544859519,0.4612797934078719,-0.9299745163239831,-1.059820679527749,-0.38646665281860554,-0.41585369558616664,0.36700867883472654,-0.013772492923125922,1.1922990413346632,0.5447066166930716,2.2380327768931934,1.937090764388727,0.4128464792396761,-0.20981981701544583,0.6937867143841188,-1.0536317945491307
entj (from an entj).csv,ENTJ,-0.05332628636154417,-0.05339483317212697,-0.2887811184928133,-0.691770163119889,0.3064424833364107,0.25528138570217374,0.7607765969290062,-0.06534158643909577,0.3958254943987886,0.9923480827918281,-0.5148321101677354,-0.07700756806749988,1.9761463900624086,2.441436219613513,-0.3394254070893213,1.5773448463907607,0.4193469113476367,0.5786122951068552,0.25708979059137216,0.4700107053955958,-0.2701667598688329,0.4832200508392889,0.24075269890945325,0.8383131748345725
ENTJ (PDB).csv,ENTJ,-0.36275144121337344,-0.36277464787756175,0.06105041401190427,-0.036065776847560335,0.6832006614749163,-0.6028986134592145,0.05962894881688384,0.965576532422299,0.25882072989257904,0.06088847002077284,-0.5930224697212104,-0.4889193706242388,-0.442243659295101,-0.818429226435961,0.14694523260228515,0.05988647930285519,0.2906691226212742,-0.013012762766833453,0.038451933057128684,-0.16081549824690453,0.7797611779336663,-0.7407021159410347,1.2124059011503512,-0.6096715231348021
ENTJ - KPOP.csv,ENTJ,-0.41292849335150794,-0.4129449599002569,0.9079887062868974,-0.5873717578684429,1.3497453416648175,-2.21394646415391,0.2812567917390829,-0.3224822390836589,1.5304324251017898,-1.1515234378966546,-1.0773124601582331,-1.8963487109824757,-0.5503441256514344,-1.0914414500012148,0.7757516191995062,-1.1675543731499296,1.514506787138309,0.6982827209616196,0.14854917451264538,0.5731045341927974,1.4002558517476218,-1.015970731580162,1.0038099920820127,-0.7749677064885068
ENTJ - The Commanders.csv,ENTJ,-0.3042115470522166,-0.3042429688635787,0.3467823387623952,0.34052735996290334,0.03188820419054647,-0.4542823682202883,-0.8493017374921416,1.3742208253289605,0.8321491814776234,0.8354335863465159,-0.640151181657557,-0.5716379654224044,-0.25329816104007985,-0.06867212979690206,-0.08429859442754493,0.7312140383098008,2.476498402170406,1.397924838152002,0.42750328259467607,0.08715962639104154,0.13373418739817963,-0.41050211009012244,0.47024361414931654,-0.3422767676539287
entj 3w4.csv,ENTJ,-0.33348149413279504,-0.3335087711931882,-0.4646460457457427,-0.1503510206222663,-0.4188820251271832,1.8155549525301833,0.5881866061009033,-0.17993182220421367,-0.5546663552638739,1.032406051798678,0.16296676755719997,1.193460007235802,0.5904072098999719,1.3813158039593312,0.06500695650664086,1.5136702007931062,-0.0840318246642986,0.374244363292848,0.49640960762209835,2.107780530581475,-0.9015999061717104,1.4195645190033153,-0.7242174819045515,1.188756562398176
ENTJ anthem.csv,ENTJ,0.172470448260061,0.1723674548668463,0.33179447953159147,0.01913885718849032,0.34894211982885737,-0.4529782165260067,0.9507048157243592,-0.9927479038721925,0.6991583879173063,0.4793438328574556,-0.8083678401928438,-1.0509726684957779,-0.32789899530037286,-0.15286127023342957,-0.15090180962425268,0.35137414572278614,1.7159757298056246,1.2312336105811879,0.17275868703874958,0.7733180147068924,0.4456278999077085,-0.6239627902071084,0.6804364296985599,-0.258780811060129
ENTJ Girl_ Leader even if they're not asked 🍷.csv,ENTJ,-0.45892412447813125,-0.45893481163378647,0.35023169497436635,0.6756445821404,-0.12172465508574716,-0.03335534202126695,1.756431438050935,-1.4565927793312823,-0.34009421911189497,0.11453825863372244,-0.21526846736690927,0.24416088276091902,-0.45385028133244837,-0.6845352317313989,-0.6861469822277276,0.010714901131818333,-0.41927729793796736,-0.30248134659544673,-0.3312583194314266,-0.23832129191656976,-0.043998992474515976,-0.21475098257752495,0.7124950156245085,0.16858827904033935
ENTJ playlist for badass commanders🔥💅.csv,ENTJ,-0.3669328622248847,-0.3669554946047326,0.6810305449370003,-0.47563583587273317,0.24459595024292302,-0.8763087904899659,0.50565498269781,0.18880682558485884,1.5395540057168813,-0.8505956779926378,-0.7951550381824645,-1.4625697527714112,-0.4259399824020147,-0.4644428925834029,0.5306213574737595,0.13887556962664666,1.4507798116073864,1.2972689475992893,-1.0310139304857708,-0.7088009308531796,0.4356686770004727,-0.8067481202914539,-0.47461351343982694,0.9309519411297771
entj playlist.csv,ENTJ,-0.12022902254572347,-0.1202874917572011,0.8375302339581214,-0.1928136895834942,0.3204989694159808,-0.02793530376941116,0.915588007850566,-0.535774546396028,0.13530221712691687,1.2166006289980147,-0.6155139198218444,-0.34882931603197825,-0.24711221892176705,0.0985433448539005,-0.31982368737974903,0.21271208213093373,0.5568192252027794,0.4520499188407467,0.04116518208121251,1.090435693599901,0.33376794933880877,-0.2432173299418411,0.3960305447965656,0.049651756299608024
ENTJ Radio(1).csv,ENTJ,-0.4923754925702209,-0.49238236345458614,-0.6392672360030616,-4.136894953109218,-0.8266036104901775,0.9352059168597753,-2.7142686058216516,-0.9000758301344368,0.9964363412425988,-2.8481282319159096,-0.004850592035494319,0.3196512648627501,7.2377874149646,1.6219477726349651,-0.6210864048570344,1.7003509178792897,-1.2309457290679628,-1.6793649286273744,-1.3364986381073443,-0.921472541906594,-3.6359045553532816,2.675332726265297,1.0038099920820127,-2.078224018206959
ENTJ Radio.csv,ENTJ,-0.4923754925702209,-0.49238236345458614,-1.8429775754405864,-1.7785206006524659,-0.056977429275567704,-2.069843132849376,-1.2000977572826907,-1.874691747304707,1.272504814737107,-3.2107499212354673,0.11799292905514346,-0.7406879302542533,-0.5707797442199496,-1.2717507029907158,0.6870649374763725,-0.3061761017926467,-1.0572307142873734,-1.3510127511553318,-0.6382478778294614,-0.677866189024616,-0.021241037353439653,-1.3002735734709323,1.0038099920820127,-2.078224018206959
Entj songs (all base from pdb).csv,ENTJ,-0.48819407155870964,-0.4882013954296487,-0.704345716113691,0.8521285175784035,0.5135441435230262,-0.5055843358543424,1.047101764865283,-0.1836010131722653,0.7291641671486496,-0.5634206719722006,-0.5606834890419395,-0.8165037364802875,-0.5019516221103888,-0.9511303011786443,0.6994377867109871,-0.8607779780398229,1.3219837528546208,0.7618752834415741,0.025774904003427322,0.9677040036372533,0.39485539096885974,-0.825364716994487,0.3412112221002376,-0.5884779665801262
entj vibes ;).csv,ENTJ,-0.028237760292476925,-0.02831010589381993,-0.030941210513104823,-1.3440125890038468,0.22455095312195342,-0.20732020152068673,0.4984375494767375,0.8658756407985845,0.4723777871322896,1.1827015862961119,-1.021054793982284,-1.4359626782658927,1.0641314802901676,1.9563336839303618,-0.4762267169742195,2.008108676044108,0.30065963416835195,0.17176942870124554,1.3773548603018815,1.542223609031337,-0.06601755870489288,1.1496370396944051,0.26918961666743,-0.30664558792846497
ENTJ vibes..csv,ENTJ,-0.03241918130398813,-0.03249089312525498,-0.361657139444188,0.05418510057382773,-0.0004608494789271228,-0.25354784667336117,0.6568025050913862,0.9829406191975743,-0.08783827411581031,0.38422774784029956,-0.6290826149688984,-0.6047318728038432,0.041327999198124604,0.48970887342969965,-0.4396170930449579,0.19174420231326564,-0.014940625603836855,0.32400718562237785,0.49640960762209835,0.22904449512242453,0.11202429599978495,-0.5672196860528106,0.05339488138940207,0.3693195822521456
entj woman energy.csv,ENTJ,-0.4923754925702209,-0.49238236345458614,-0.23451083531500563,-0.9316255537483129,0.5689124202228397,-0.9440830037196478,0.49429485044147736,1.1878276272715214,0.5823336310008342,0.5148383573618688,-0.9221712332231918,-1.1770624719002034,-0.1341304622688223,0.2705194494243838,-0.18503595741256568,0.09273113631617287,-0.10179813299413165,0.2816465109825983,0.06000288244842147,0.10002099125921418,0.5879719151184439,-0.8519988163748495,0.6658846193913059,-1.0035313321133443
ENTJ-A(J-POPとか).csv,ENTJ,-0.47564980852417604,-0.47565853560471794,1.7513374764665919,0.08360902833886988,1.446357696958278,-0.7318677440559995,-0.2840988445008976,-0.6602586229050174,0.07388428756145055,-0.7056812161035555,-0.707590702622436,-0.4788114400705715,-0.04451283186295399,0.3252345407473022,2.0382312277948644,-0.48608610403169916,-0.27229620305656194,-0.21477297554024596,-0.7158312956381155,-0.47572147184320424,1.0335999081302845,-0.5661583579013899,-0.24776546232800958,-0.06936490964802096
ENTJ.csv,ENTJ,0.14738192219099375,0.1472827788989074,0.5262127387517822,-1.322153288800276,1.0461274383619903,-0.6623734642354623,-0.8608474254477606,0.9295930032837695,1.4525582061771287,-0.5893014303522559,-0.8059382143116122,-0.6040117054193042,-0.2665574858782222,0.05051437543458018,0.7500910809197602,-0.25492972236189076,0.7145768625757322,0.3817243037931045,-0.030288164139236195,0.6070012172040721,1.012620352432589,-0.6577462115213313,0.4211800391670041,-0.32445695799615293
ENTJ_ 武則天 Radio.csv,ENTJ,-0.4923754925702209,-0.49238236345458614,-0.1676380386795859,-0.7720962045354128,-0.016949590063460515,-0.4349165407849283,-2.5987418371131854,-1.8643280796524249,-1.1493686118283633,-0.420180076730424,1.2516249878154857,0.3020366431005274,-0.5750397372145948,-1.2924030925709906,-1.6692845958293159,-2.1742430039493406,-0.7966581921164892,-0.8656971625782005,-0.6382478778294614,-1.2228878188342782,0.14121574997239564,-0.7751797959559857,1.3417353647727122,-0.2041817264035377
ENTJ—༒.csv,ENTJ,0.20592181635215065,0.20581368317857562,-0.6478797645049783,-0.7521981413428153,-0.42116872043960085,0.743379183891378,1.2115971856033336,-0.5509029441191208,0.1194100559187379,1.0718212583120001,0.21352831817822704,0.8032059560547606,0.5356012935321751,1.4624000741632375,-0.49863560236326765,1.614942756160901,-0.3371539594710591,-0.1739278488561651,-0.2778603886537797,-0.18157792749186732,-0.6164168250218236,1.3092566927480154,0.6923580356850496,0.11098563055815182
ENTP (Big in Japan) Radio.csv,ENTP,-0.4923754925702209,-0.49238236345458614,-1.1672103673353091,-0.0003915911164430403,-1.2523542639280472,0.6548537508529066,-2.284509026226158,0.07042745956452637,-0.21763751378439375,-0.025833142049284854,1.1234404440687331,0.3982951997729997,-0.36417008397966005,-0.050843663976258745,0.1713514275180106,-0.7807289074910099,6.499372428668266,8.690202044049789,2.6784432334904826,1.4097033636148237,-1.9605689360556018,2.1506492537748936,-1.0237422440622284,0.8508945039095417
ENTP playlist from an ENTP.csv,ENTP,-0.33766291514430624,-0.33768960575096796,0.49587117947981457,-0.1701039876243551,0.7158484694936165,0.20016787065761668,0.32451918988278317,1.3519176179247492,0.4081321164433655,1.087494515315823,-0.8667811448153817,-0.6236287493341564,-0.12455771939005068,0.21243819937154723,0.8301259181614863,0.47523815563551847,-0.06985054406896578,-0.25461418928480106,0.7722989166399402,1.27935095789936,0.659163467035656,-0.5516208032233276,0.4211800391670041,-0.26494246658086107
Entp playlist 🛐.csv,ENTP,-0.4923754925702209,-0.49238236345458614,0.2124810158796317,0.4945142527556598,0.5707318674597534,-0.11545836254743343,0.08455991075545127,1.4358439056214687,0.38469370111271867,1.0042476581757105,-0.7192123722908337,-0.29759513760703227,-0.37695006296359546,-0.6509830435378394,1.2426099786916822,-0.46398641757772296,1.4616370000311734,1.3338038579288916,1.0200976778305104,0.5514519059832433,0.37474738175328476,-0.25248673315034925,0.6658846193913059,-1.0035313321133446
ENTP Playlist(1).csv,ENTP,-0.23730881086803726,-0.23734991048012202,0.5902853648179929,-0.9917527885410579,1.211095337770727,-0.06025535150992866,1.0991000349004656,-0.15844731848360502,0.670145337301758,1.4121716012495962,-0.9651520304085471,-0.6850244497233062,0.23762108856568398,1.0936666437585072,0.8534734827134315,1.488178189353265,0.28632190002916735,0.18215757881981384,0.6340153317759604,0.7810991208028863,0.8193996583247297,0.057495190964741025,0.6993727193876856,-0.6356510106750505
ENTP playlist.csv,ENTP,-0.4560403858495028,-0.4531862962999087,0.2956168882848236,0.37357712737566956,0.7409442934510498,0.06106090396666958,0.2837971104912931,1.0704716172730673,0.2927429948155664,0.46545890378443916,-0.7562772277923192,-0.22379750847034205,-0.26472128200121997,-0.029592139156793568,1.209645952823864,-0.021688308597761153,1.15314309447254,1.1012059596588046,2.6784432334904826,1.0807489171047948,0.5424560048762918,-0.5690540749013584,-0.16144991374801218,1.060531019778681
ENTP Radio.csv,ENTP,-0.4923754925702209,-0.49238236345458614,-2.191420042119868,-0.15567192395799187,-0.9139370778620483,-1.6981587686359183,-0.819629599002809,-1.6671126684088027,0.2780308818080218,-1.0314445733605007,1.1955442499262812,0.17147202809639897,-0.509009845797595,-1.0283858299913309,-0.29195217289173797,0.30129726113340716,-0.883515699506784,-0.9364979417670739,-0.6382478778294614,-1.5305080849691128,-0.488304300915217,-0.6654322361622994,0.6658846193913059,-1.0035313321133446
ENTP songs.csv,ENTP,-0.4923754925702209,-0.49238236345458614,0.5679627243100109,0.13160350542651456,0.2868980985011732,0.082342804267111,1.1566483243700165,-0.36347214767276304,0.4944936621616718,0.3733344279019274,-0.6497790777613428,-0.2883690682000046,-0.2811002205840798,-0.588389313769219,0.7415712434069315,-0.11238383250169165,1.6353520148117626,1.6262494900352709,0.8455349877610402,0.512433691730406,0.28336543888250193,-0.12546331631442376,0.6658846193913059,-0.2041817264035377
ENTP SONGS💜☯️.csv,ENTP,-0.3251186521097726,-0.32514710655206125,0.39628343938048693,1.0545422168773848,0.4641931236982347,-0.2737437126746704,0.5733665054686056,1.4566800333203382,-0.16779181718121844,0.6635019944202033,-0.8260328254131274,-0.5754366776547858,0.08525917695540271,0.7081891361241622,-0.14590322494960034,-0.06744899536603009,0.4676010821200225,0.9663348147624813,0.738857788274141,0.7414073821748033,0.41310523431632895,-0.015241913422042968,0.06512840127449789,0.010257924808589766
ENTP vibes.csv,ENTP,0.5822497073881593,0.582083422721009,0.3311965669099335,-0.8720223098406618,0.695657366830794,-0.39348607674132374,0.8895243443800047,0.18574942518327278,0.6999406809508016,0.9696671172290534,-0.9271773546215533,-0.8861796412578172,0.1447880692909977,0.790724477057434,0.7666665421158769,0.7923246976935713,0.4080299722739827,0.41715614751706365,0.6030236284299997,1.2909229630772519,0.3915156209988461,-0.10233840670492092,0.6185530525323472,-0.6479111257895759
ENTP Vibes✨.csv,ENTP,0.6909666536874506,0.6907834990357659,0.2525920105424111,0.14424348067711193,0.34453578289218045,0.15519018271576693,-0.009448118091882033,1.37257517797636,0.40541956248617966,0.3014060215069543,-0.6469762437999133,-0.5584811006894317,-0.23667092427656447,-0.10497893824705848,0.5364958315695616,0.2743281338807766,0.3645719066870905,0.5449356882456362,-0.30956677670766497,0.02924163658858807,0.19585587063453874,0.1246773969837761,0.344195901244299,0.14798262726846437
entp with them god complex.csv,ENTP,0.13901908016797135,0.1389212192695838,0.23813397400240763,0.264362823979796,0.670276450864445,0.27579293697228396,0.2644138235129302,1.2848311301149236,0.10063410038906048,1.0196427207559042,-0.9852338303307747,-1.0329723583418522,-0.11883899487759605,0.11636617194846563,0.5421006921398186,0.27480880024975174,0.2594599574451042,0.1650329994095003,0.7460950473980824,0.9730203816134099,0.29649938313148105,-0.0174035711110916,0.49944376418543435,-0.23074511816169185
entp woman.csv,ENTP,-0.21222028479897,-0.21226506872267106,0.620245639538243,-0.8653521788124846,0.9182773913724908,-1.0548851972276247,-0.3107588680490052,1.2847114348855422,0.9343638357900146,0.3074081821431985,-0.9989883774503455,-1.2852347256551984,-0.13356610422252307,0.2663451729658496,1.01974691716496,0.7344595713450359,1.2804982666702167,0.550102412799986,0.9253563887757125,1.4139961363832052,0.532431133126705,-0.49553717599360464,1.0038099920820127,-2.078224018206959
ENTP _ the debater.csv,ENTP,-0.3209372310982614,-0.32096627637090935,-0.4115748393618192,-0.9859273853071184,0.5862671477134028,0.3112642117633742,0.03765519630986063,1.8805319825520568,0.4415759415305427,0.9457640385094631,-0.7154707218037204,-0.42366585277874047,-0.16776568168258638,0.1389367440972412,0.7248691843200108,0.46183468247581305,-0.3156012281087033,-0.3534724938857221,0.5683447821012756,1.2316486307861236,0.4406896628724937,-0.32885120012266084,0.4467901469874435,-0.3048727334644686
ENTP(1).csv,ENTP,-0.6219995439270682,-0.622002598132766,0.07076996483781686,1.6655838546675874,-1.3355700349216388,0.5951450016893847,0.40568379205666827,-1.8238420567472915,0.3103929755908711,0.7996151224079717,0.801924935493408,1.0933063162151684,0.2601430998934665,0.7856019350937625,-1.059674595290173,1.148854923325453,3.7107892966640685,4.35487143866668,-1.2262485180634684,1.5310576160469695,-1.9931671729861153,0.33307688346822606,-5.2211310837994205,3.703919106824896
"entp, god complex_ dude, i'm god..csv",ENTP,0.12229339612192651,0.12219809846221019,0.4484028111162584,-0.6589451802773099,0.8839076865283613,0.29321827809511425,0.8546836353174099,-0.3528866325320994,0.41335794040033574,1.1317677343388453,-1.0870176951767008,-0.9737900031611473,-0.1955327470825019,0.10835882296362026,0.7546072107565865,0.923326700520594,1.217377816811766,1.1135061330779032,2.0138644641904677,2.07965682382033,0.6297200108462122,-0.3319902595605097,1.0038099920820127,-1.3105863852829485
ENTP.csv,ENTP,-0.5927295968464898,-0.5927301468023101,-1.0545824993177628,-1.0821795709394502,0.5722713997371421,-1.0514836437605717,0.35376690409456385,-0.27254050474364566,1.784341556242225,0.07223046342720507,-0.6432055114153553,-1.2043480368308745,-0.4070977056949304,-0.4534939696834427,1.6849496152819847,-1.4317425290458659,0.8536344482991103,0.5579036377300435,1.167804569427756,2.649868150150571,0.6387396611577674,-0.9547203276947461,-0.29590297980532304,-0.013161349422952233
ENTPのだいすきな曲.csv,ENTP,-0.15368039063781314,-0.15373385622562097,1.0430846751741083,0.26951834689663157,1.2874968564324205,-0.4860360313303669,-0.09194617831149864,-0.7108361773311846,-0.6690027626067835,-0.1007709252009391,-1.0998621644522897,-1.6024875603722952,-0.5075627489406354,-0.6605255009086026,1.1508486286606123,-1.2502833046406543,-0.48901022700888047,-0.54305240894884,1.1793361622831953,0.6385940312794647,1.3111216411442292,-1.4248036977140488,0.35891424267226824,-0.6166115261425354
songs typed as ENTP on pdb.csv,ENTP,-0.36666821532542193,-0.3648301494801587,0.9291025574390579,-0.3934603511050561,0.8105534380671605,-0.29732817608078316,0.5603352159462157,0.16581223363633135,0.5852325088151465,0.6295739671711659,-1.2204403054145079,-2.086436751849957,-0.22048968734381214,-0.18829167423904405,0.6307806751206204,-0.8068277033035376,0.9910672131571715,0.6660061291511965,1.7393401540028233,1.474060801389862,0.6291002157072628,-0.7652550475919404,0.7899331739233366,-0.5910408896037402
"the sarcastic, devil-may-care, morally grey ENTP.csv",ENTP,0.2853688155708636,0.28524845054111625,0.4584070677346809,0.5221304961350745,0.5224856775927712,-0.293407005124807,0.10207820720819283,1.436709428686954,0.21454364040732027,1.155820855638175,-0.997126602024259,-1.1242520715873032,0.09103543864305715,0.5185313114158516,0.4693062048196398,0.7343832010655453,0.5223981913022238,0.6313701922836226,1.0141802985061212,0.6357479655969375,0.26228391722210515,-0.1066162609734843,0.43105512311471506,-0.3805183224609896
what being an ENTP sounds like.csv,ENTP,-0.47564980852417604,-0.47565853560471794,-0.3017747009365962,-0.12721335532447164,0.7051014152525851,-0.11065830898434996,-0.32973904942276094,1.9247664250037522,0.16393187466508932,-0.020865736602474552,-0.7100633982965632,-0.21675590991222285,-0.11156827714903499,0.1473074813383203,0.6872202260972575,-0.5405448285277555,0.531939976483204,0.7890223357937763,0.900489908708836,-0.05767923555432361,0.2344779797335235,-0.014130290728690388,0.06512840127449789,-0.32118989437761186
a playlist of ESFJ.csv,ESFJ,-0.6721765960652027,-0.6722147558226844,-0.36322839876362883,3.4983554565581065,-2.787707810849595,-2.2916738692212824,-0.06221409825130431,-0.3148174516876868,0.5863670989577348,-1.6338300174040452,2.5874529042715984,-1.2941250963934454,-0.19468321983556394,-0.30655789951549506,-0.2092942584036379,0.7796251905232412,-0.0769817023111902,0.3695984150144866,0.8081286970318672,-1.9073527787804359,-2.8787398858525126,-0.36954986747408397,-1.4099426699944617,0.7940130013888288
Esfj girl 🎧🩵.csv,ESFJ,-0.057507707373055376,-0.057575621994687506,-1.1677131703175294,-0.12583266474423735,-0.9068246932086573,0.3130955391012515,0.7609766432817482,-0.015994748848181972,-0.5187623791323748,0.4774023971565071,0.9322561103555367,1.3088211550401112,-0.39938418191591507,-0.39264594158058214,-0.9348652139727629,0.20328074423100656,-0.8383949164468906,-1.1026085672783679,-1.0621858394267476,-0.29208772025032304,-0.4623270386561345,0.01855519765674781,-0.861362519522538,1.457601952309242
esfj girl..csv,ESFJ,0.1766518692715722,0.17654823378720505,0.11024440949465653,0.4171210384651526,-0.3721750029847593,-0.1152346905820349,0.2649283705993359,0.8262211336282335,-0.032097987766979495,-0.21984745903419695,0.025033701397528224,0.36231713667811477,-0.5131684103876057,-0.894946540651844,-0.6610177645131211,-0.5299750538353412,0.27458439903047877,0.5855173820897414,-0.5842165689984349,0.22156368687086547,0.017439150105092494,-0.46172910881588103,-0.20306633895622817,0.8919773656833896
ESFJ Kpop Songs.csv,ESFJ,-0.5300082816738217,-0.530011511526484,1.4198826650159015,0.5912157247183785,1.3596175633285263,-1.301394311332444,0.06686459106059377,-1.2517873128398065,0.878219658440763,-1.1998501041722995,-0.6669419981258088,-1.3525838723490657,-0.5750397372145948,-1.2924030925709906,1.174911715040594,-1.8368184957967164,0.0592060270464148,-0.1173816723031291,-0.08901404809868785,-0.4514724184133814,1.5736091309062876,-1.0871678477744533,0.5917058790445654,-0.8914244843390201
ESFJ MIX 2025（╹◡╹）♡.csv,ESFJ,-0.5383711236968441,-0.5383736833431119,0.35552201812947914,-0.7105269143504981,0.2900238155492054,-0.5820493173043579,1.2374973143003511,0.05192108371974224,0.5174189287543087,-0.7367409823192738,-0.10482358021405139,0.4608648402574462,-0.542270560332709,-1.1631654989726081,0.31557274784511985,-0.8519045915758295,-0.7610243429307273,-1.021613899103007,-1.1261282167415718,-1.1378437463103677,0.4239530432990904,-1.058236071985039,0.5705723347862367,-0.8613741709799915
esfj mode 𝜗ৎ.csv,ESFJ,-0.5467339657198665,-0.5467359231872074,-2.074796928784132,1.5880593019762155,-2.1343927798341538,-1.8743233993350932,0.7674375998094938,-0.25267071490769444,-1.7985873776598928,0.20343426946377557,2.5029038969740296,0.7202413239082719,0.8526335907205349,1.1306149200297422,-1.9341671116560952,-1.7753531069311608,-1.2004282264713728,-1.6027502137482241,-1.3317807275649265,-2.0043530193224384,-1.5634828359534334,-0.35324402765077323,-2.192781371208452,1.8614355582913624
ESFJ Radio.csv,ESFJ,-0.4923754925702209,-0.49238236345458614,-1.0299451531889245,1.1298070260356439,-2.5750924051645057,-1.0885303634253793,-2.6079839786098633,-1.8542846313420172,-1.0207458003138759,-1.0775614978454888,1.9646515124067963,0.9196931040721957,-0.5132698387922401,-0.864514478508836,-1.918755765280719,-1.3653576183697094,-0.5360856699456051,0.4309638929739364,-0.7255292228641973,-0.8246901096454428,-1.5747340661567424,0.5721573112132626,-4.065070598278583,2.3315184539651823
ESFJ songs.csv,ESFJ,-0.4923754925702209,-0.49238236345458614,0.26527532901285594,-0.30118161934619175,-0.211630444413255,0.22978484519729717,0.6298462590594113,0.4518890896641927,-0.23959750599418328,-0.4564006234507214,0.39973187416519307,0.8682221441374819,-0.43658996488862756,-0.628103510534056,0.37050908380274394,1.4766875821787977,-0.10179813299413165,0.08734055392736814,-0.7255292228641973,0.062116904898132055,0.08029445472520769,-0.046534171741776,-0.00996612599010781,-0.25518564776221037
esfj stuff.csv,ESFJ,-0.4463798614435976,-0.44639207463214714,-0.268437672607175,-0.0711479821853389,-1.8193954347636465,-0.20299561668259022,0.6365379735310487,0.08657519391051574,-0.3995917349512291,1.925123965108424,1.8375833299529198,1.2436343300303059,0.46202413115393637,0.9532742015572961,-0.8556422295582092,1.1882715926456562,-0.5346617763818298,-0.17753004678345205,-0.9702031573058325,-1.2030583596012536,-1.2047121007619348,0.12596155246769417,-0.9351060807335151,0.7305303115373315
esfj(1).csv,ESFJ,0.8331349680788317,0.8329297243903314,1.4559045707003864,0.8146508509468665,1.4098044162348298,0.27185919168580974,-0.06895953044525932,-0.3853746330893316,0.007723807593153124,0.020314189542777764,-0.6119371318170316,-0.31670213843298894,-0.43052498848616955,-0.31522906735813105,1.0727390369852312,-0.6307880241600331,-0.11079155337786772,-0.2928754680907577,0.9185469030898239,0.07171461111546314,1.2065914254395753,-0.17830427860135226,0.4053045636107309,-0.2780114593062972
esfj(2).csv,ESFJ,0.8331349680788317,0.8329297243903314,1.4559045707003864,0.8146508509468665,1.4098044162348298,0.27185919168580974,-0.06895953044525932,-0.3853746330893316,0.007723807593153124,0.020314189542777764,-0.6119371318170316,-0.31670213843298894,-0.43052498848616955,-0.31522906735813105,1.0727390369852312,-0.6307880241600331,-0.11079155337786772,-0.2928754680907577,0.9185469030898239,0.07171461111546314,1.2065914254395753,-0.17830427860135226,0.4053045636107309,-0.2780114593062972
ESFJ(3).csv,ESFJ,-0.634543806961602,-0.6345497748995721,0.034300209054997664,1.20788648676163,0.002382036828750959,-1.2635419734863744,0.1523356150644182,-1.5722763459017577,-0.6152702298688147,-0.9174885416939891,-0.737572137671228,-1.1257530470479764,-0.5750397372145948,-1.2924030925709906,0.7415712434069315,-2.7291204502179185,-1.3178032364582575,-2.150908616218872,1.8601806237898386,0.1764038542901543,0.5118202960594583,-0.7787258444878671,1.0038099920820127,-2.078224018206959
esfj(4).csv,ESFJ,-0.5007383345932432,-0.5007443243667834,0.4192587423180948,-0.07491765888676737,-0.245896700708468,0.5840630104748321,0.7620602276924335,0.19068856861993327,-0.19698466396804298,1.1845397255790602,0.45581261205439727,0.6536462116747778,-0.5173523320787751,-1.0118241751756294,-0.660393837018495,0.9309036328281893,-0.4130375344760209,-0.21054077030494397,-1.2310336795237062,-1.4085884534164188,0.2368283383464552,-0.31458617470465583,-0.40421239412926707,0.5604406372413903
esfj(5).csv,ESFJ,-0.2038574427759476,-0.20390346014445737,1.8550200522122031,1.4518969348528679,1.8304773816702817,-0.7075204713132985,-1.0026084676261007,-0.4825624538042563,-1.9576175928127186,-0.35300888384378615,-1.3324762236982877,-1.2495302979903165,-0.4944936511813882,-0.5256059776867723,0.20117662982584378,-1.2626260602871564,-0.1864659553241667,-0.3896437611471897,0.25803618630874553,-0.28342779368581766,1.4727812032323697,-1.0494094338313231,0.5778536399508716,-0.8819120899278329
ESFJ(6).csv,ESFJ,-0.576003912800445,-0.5760044916101206,-1.3185540649838865,-1.7700623393819694,-0.3899362736308244,1.2539422224666112,1.0585789340441625,-0.5823506741578488,-0.19567752157460314,0.14029386422799184,0.3890498288529637,0.9582201453049193,-0.21294033266975745,0.3247378562069167,-0.2542170380167359,-0.3419957038881823,-0.7387531871896261,-0.24585816581595532,-1.5401551098550603,-1.9847050078574318,-0.3766152596287051,-0.17763070967375602,1.0038099920820127,-2.078224018206959
ESFJ.csv,ESFJ,-0.29166728401768294,-0.2917005009840325,0.9871567534875626,-0.12430159761868402,-1.9810243165239618,-0.2662184327335163,-0.47245201162422473,-1.0427426305397678,-1.004611928486274,-0.6991887447721042,2.286339126975336,0.5022356041305801,-0.5750397372145948,-1.2924030925709906,-1.5548384668149953,-2.6360255229667486,-1.0519129077124574,-0.9009050221262684,-0.8395293469911984,-0.36359266261102285,-1.0448845697381688,-0.16652744924818452,-0.20306633895622817,0.17131168888521628
esfj❤︎.csv,ESFJ,-0.10768475951118986,-0.10774511167895709,-0.8872765774166986,-0.08780792862714576,0.03609626599867978,0.32281012481681637,-0.4529595674644459,-0.0766690837849465,0.42446028660328455,-0.6408099029520777,-0.04725906418175704,0.20167265356059977,-0.5705397446146174,-1.2478203173234221,0.8072681722777293,-0.36699709621470183,-0.5837961317515417,-0.4674263652212847,-0.05678201583749172,-0.40486270044104383,0.6458900479238695,-0.820351754085613,0.765834377511093,-0.8027984501559726
ESFJ🎧.csv,ESFJ,0.21428465837517308,0.214175239211495,-0.36150647074232345,1.5502457401911978,-0.2626165069381002,0.09269856053892767,-0.2603604673690212,-0.7384264026686965,-0.8293371793698306,-0.9931472171874889,0.31329388535727304,0.35942745431325746,-0.57066303208311,-1.2532952410854454,-0.11493590853137818,-1.1621981188881811,-1.1393289062042273,-1.3483389867652567,0.2871735065114311,-0.0837546453628491,0.7442160284997411,-1.0468580798676932,0.5408985226426869,-0.16379042907567062
jus an esfj girlie𑣲⋆｡˚.csv,ESFJ,-0.11604760153421227,-0.1161066980235563,-0.17467728043068365,-0.8795219850124045,0.3605857115961893,-0.3707703569218284,0.4615072532270747,0.15603777137298472,0.7734751958472755,-0.9733184776602644,-0.37061526857477706,-0.18091842733903893,-0.4890791642869338,-0.5302404024388292,-0.04607482580938267,-0.029300269747081935,0.04710045110351648,0.3173779972653082,-0.1893723890793938,0.08346614448265988,0.5807193799699691,-0.661644790823522,0.7624347258743661,-0.7937205735454439
peak esfj behaviour.csv,ESFJ,0.07211634398379203,0.07202872244802393,0.4555251060695217,-1.0090623821354932,1.467129264262585,-1.399703621856817,-0.3591045123530611,1.2452442003711732,0.9493792150787601,0.10230131971441425,-1.0265016149720267,-1.3097511308209184,-0.31483475970383723,-0.014609687759317244,2.111877905496912,-1.0164424626998694,1.147071973266322,1.0484406817196406,0.8384581219474129,1.6542239253366577,0.9611834535696877,-0.5607093587935793,1.0038099920820127,-2.078224018206959
Electropop ( esfp core ).csv,ESFP,0.021939291845657554,0.021859322755416487,2.12579168201224,-2.2000291610044527,1.7389747490992962,-0.36746035195395266,0.21844630929643066,0.4773303866478736,0.844384702366386,-0.9016754702280485,-1.0035137733572852,-0.8641337879186777,0.49365214699118154,1.0945651128987148,1.983352857509643,-0.23775222387127162,-0.11284359636168352,0.3746756518079884,3.2081855010423457,2.1389402066896506,0.22936968586957981,0.1507304685296168,1.0038099920820127,-1.2587785273260443
ESFP (PDB).csv,ESFP,-0.3083929680637278,-0.3084237938417414,0.0818057301810821,-1.7534224223413803,0.7549605781081273,0.37420105999098774,0.2826104819058796,0.4360513324586535,0.831903268910885,0.5537808344597445,-0.8545845688673576,-0.7215330763920002,-0.44361442142235086,-0.26805444196201356,0.45944981541120067,-0.11404403039521414,0.4840280338723241,0.6753762515226088,0.8678195864933129,1.0670040857237355,0.6387396611577674,-0.20847714313043633,1.0038099920820127,-0.9638196160477922
ESFP CJKpop 2 Chill 2.csv,ESFP,-0.40456565132848554,-0.40458321542043474,-1.016164102436778,2.1252310242146453,-0.704495637477571,-0.17992932564943392,-0.25933019455870693,0.08117686194028914,-0.368662168458566,-0.23501540166875937,0.9922656798912683,0.958449438212397,-0.5660397520146402,-1.2294410472572213,-0.5081467406184719,-0.7502327298651197,-0.5837961317515417,-0.46142462693023545,-0.9480351869668324,-1.642998057521834,0.1560885544458877,-0.7225503108206189,-0.424043695343506,0.4080381245738641
ESFP core💛.csv,ESFP,-0.35438859919035104,-0.35441296014724616,0.03416769320877967,-1.9985521335486007,0.7022800947937383,-0.8513973391551135,1.7321293799332007,-1.4581395796590482,1.2237846254799307,-2.0515124735050887,-0.7471240418943246,-0.9370301058498075,-0.572473476374447,-1.269499232381467,0.8785947418653559,-0.7345627413358843,0.042615553992141515,-0.20754136404935886,0.3649617988348462,0.257304061409648,0.8436456240875674,-1.0135199031770374,0.5966709888402001,-0.9058104648868452
esfp energy.csv,ESFP,-0.40874707233999674,-0.40876408616851767,1.3588718153439414,0.041615163133949244,1.0552246745465597,-0.7393817045033358,0.17654122374619222,0.9358400594065092,0.326432497290825,0.05539725744556388,-1.1188353174537005,-1.4274573440763099,-0.4867970251826596,-0.7138276032262688,1.17732220565398,0.04373606018546398,-0.2631049324332504,-0.07012092557572096,-0.5010914784891635,1.046847514664681,0.7185175477909904,-0.9729249331687105,0.7624347258743661,-1.1699429220293223
ESFP Feeling.csv,ESFP,-0.5258268606623105,-0.5258304481268188,0.8812089822338114,0.18586421866372368,1.0071392832852621,-0.470917712038432,-0.05671282355090133,-1.384388097736362,0.8776731180671995,-1.063554340139659,-0.6871026527510966,-1.0637358186342891,-0.554754056287713,-1.1939950612761838,2.5060381982102715,-1.6413832802173276,-0.28378529133570146,-0.09292324301254114,0.28859688134891887,0.006924529333753273,0.7354401298040982,-0.27222647879082196,1.0038099920820127,-2.078224018206959
ESFP Kpop Song.csv,ESFP,-0.3920213882939519,-0.392040619876595,-0.20559286920239211,-2.067331238588891,1.7528316547077252,-1.8233578680286626,0.04201275485633333,-0.852820783925405,1.7137395616859483,-2.5125408639719073,-1.2177679668464039,-2.1849531489678764,-0.570722176747049,-1.271685931323002,2.036237657661885,-2.045905935055357,0.3254469033581289,-0.18388953730497698,-0.1523030919603941,0.8417546580555241,1.784444200153314,-1.573927903902,1.0038099920820127,-0.820391369570082
ESFP Playlist.csv,ESFP,-0.3251186521097726,-0.32514710655206125,0.42561361334339043,-0.5720357944371386,0.9281521691112984,-0.7045371513906502,0.8377944427346502,-0.27347043366000096,0.9406649324558294,0.0349881742375403,-0.7496265290825979,-0.8258300295828934,-0.31234016921147745,-0.16272040864946102,0.974504174734105,0.27908847774858914,1.143159472933426,0.8082683871606618,0.8843266966653669,1.0862805382409524,0.4864364230397966,-0.5068620708873018,1.1915463102435158,-0.6856150828859436
ESFP Radio(1).csv,ESFP,-0.4923754925702209,-0.49238236345458614,1.0747881303889677,0.9788607916091555,-1.2541737111649613,1.0906240405858019,-2.4077375795151883,-0.9554502547474796,1.5234761542775717,-1.1810244719433436,2.046102107912545,0.8804944601323442,-0.21081033617243486,0.2049085047774998,0.4313045788791361,0.06738095185886779,4.414792251301193,3.8908020927095337,0.14728422748315653,0.1576345343030194,-1.2599740407129363,0.8705563074614893,-0.00996612599010781,0.3051641251802135
ESFP Radio.csv,ESFP,-0.4923754925702209,-0.49238236345458614,-2.4201953990305105,0.09524809323585175,-0.7156173290384253,-1.7612050636761225,-0.9736652906140969,-1.8826772687018096,0.3784194176242072,-1.7443516443470588,1.2769948454320301,-0.1556403794364436,-0.5430897897547562,-1.174572054659519,-0.5099773966139723,0.19081622439620297,-0.883515699506784,-0.7621768797667287,0.06000288244842147,-1.0479911463365368,-0.2446191199264638,-0.7822777562642704,0.32795924670059906,-0.5739676117895812
ESFP songs.csv,ESFP,-0.4923754925702209,-0.49238236345458614,0.41309940578588583,-0.9999622447177349,0.8472878474706764,-0.36704930288518195,1.3106840159813045,-0.7898848318802736,0.4537108194863457,0.44971760351847145,-1.0236506636893707,-1.602916104614134,-0.5665197512253044,-1.2510983134104405,0.4354973716430251,0.7850375670671801,0.4193469113476367,0.4580640252827045,1.9801924732125993,2.3536288581641123,0.7402751532364147,-0.6436247061036776,1.3417353647727122,-1.0035313321133443
esfp vibes.csv,ESFP,-0.33348149413279504,-0.3335087711931882,0.04129945511432784,-1.395761826961855,0.8133799671463717,-1.2375065068186242,0.7282190530202568,0.8938336737937367,1.9087029007369811,-0.9143625800586073,-1.0873180814878287,-1.9538682073401545,-0.5169489236512518,-1.0562264217811421,1.4776922457033739,-0.3938028427163623,0.8536344482991103,0.4759953197578456,-0.991340591833618,0.24715652041852262,0.7598899642061532,-1.3179219191554683,1.0038099920820127,-0.9260325183474952
Esfp 💋.csv,ESFP,1.874308799945122,1.8739412991671833,0.12614745836415153,-1.613165247871669,0.3251419342537087,-0.27873672102827607,0.2557345736379043,1.0417031845179847,0.8692700598236568,0.5208370849821647,-0.6633310557021013,-0.5330221497932504,-0.15906801866280015,0.2659220770489225,0.027911630917037304,0.8345174554100131,0.6421307777058602,0.5799666560889587,0.36888816195446555,0.49055763483633347,0.15578675240705886,-0.16150929396524363,0.619803886751661,-0.4087602899091022
ESFP(1).csv,ESFP,-0.12441044355723468,-0.12446828587588438,0.7881175605254686,-0.295044944488157,0.971353053987782,-0.7858280193630751,-0.19424469106097983,-0.030381078487277613,-0.6973928715436265,-0.6419217051362112,-0.42226312352967466,-0.05158189227056605,-0.5086702811386016,-0.8261221112117224,1.2573151359215538,-0.6510687320509198,-0.877221677232125,-1.1405350598735156,-0.6736663946551514,-0.8626557277394006,1.275175897737694,-1.2911659646195046,0.26918961666743,-0.5228599581727438
ESFP(2).csv,ESFP,-0.6052738598810234,-0.6052749662975138,-1.9536160925284731,-0.530274081998735,-1.7564993613564275,-1.260262879486063,-0.897451109286425,-1.2626876559987092,1.4213144513885443,-0.8553283405182406,0.49209673335952403,-0.042488815068861305,-0.41297478633135554,-0.661004482014759,-0.4912009768452516,-0.03238847420308889,-0.7513412317389442,-0.6248029253501531,-2.2548501815162996,-2.2335657058544944,-2.06519463876273,1.0160935753392295,1.0038099920820127,-2.078224018206959
ESFP(3).csv,ESFP,0.6909666536874506,0.6907834990357659,0.6748408212876221,-2.5580572551756062,0.8086860614983131,-0.8228010101352404,0.34649922333420236,-0.9066041331454012,2.131318564130807,-0.8340573920032444,-1.1758657996118704,-1.6651013175391922,-0.07036489145257989,0.3732945113526517,0.9318522663627107,0.13957328077294565,1.955655375398195,1.222388325078152,0.6733312529627781,1.137040142592832,0.5099145998868108,-0.1740959157934828,1.1560286284291839,-1.1481697224019891
ESFP.csv,ESFP,0.8916748622399886,0.891460515554896,-0.0936151460922686,-0.3398941082310418,0.4162794213088121,0.01140270391924979,1.1310282672114662,-1.049038751641847,0.87420308876628,0.277784903427819,-0.31686584602098694,-0.09874041893094831,-0.15910341332798217,0.3153423754746564,0.6633002761282926,0.6207064648426474,0.5743681843801836,0.8688053206952712,0.06687542930155023,0.08491189933741752,0.3542537351893793,1.3907998445579717,0.5603383743776768,-0.3463195623371499
esfpの私が好きな曲.csv,ESFP,0.4902584451349127,0.49010641622122414,0.7722242305611314,0.15134169212479917,1.0501402543231035,-0.22036140053621708,-0.34584824017314203,0.12312351924441028,-0.057808397550730306,-0.08304918598260534,-0.6619369319653933,-0.5301085624968273,-0.3926821423561008,-0.21516740665189305,1.471815983117621,-0.4102818352134702,-0.4949426401291498,-0.3837999146447458,0.5346908993040002,0.45218741908833354,1.0457722916835726,-0.747215976694835,0.885239685874747,-1.4427527623263086
YOUNG-ESFP Radio.csv,ESFP,-0.4923754925702209,-0.49238236345458614,0.8143361855983942,0.7700160913979823,0.04491161599161517,-2.070045208774838,-2.3723093704445923,-0.8083175865089264,-0.20195180506311458,-1.8264930152253314,-0.8540731943577294,-1.0973543668315933,0.3813286900832403,0.9557182510877694,-1.4533557684890257,-1.4468217961485375,0.5062044187379315,0.46587923791992597,1.5437857480389223,0.08990712610865051,-0.36646171042084064,-0.7034293539301196,0.32795924670059906,-0.5739676117895812
🌞🌙💛 ESFP!! 💛🌙🌞.csv,ESFP,0.27282455253633,0.27270612094078706,-0.218106078787771,-1.370515108778181,0.7429234169069204,-0.7512651183236829,1.6151788623299868,-1.5413418937404086,1.4079674031017322,-1.1542980521716564,-0.7681239907135148,-0.7639836522568394,-0.34329977495224623,-0.2263549491276176,1.4080543420873755,-0.08731458286748722,0.19195172032583513,0.2555060342234596,0.16863631618264152,0.16036114197695106,0.7640248713406478,-0.7901539921328603,0.5687129456991276,-0.8719779902725208
estj anthems .csv,ESTJ,-0.3251186521097726,-0.32514710655206125,0.28873946818317925,-1.1990402742408786,0.654224279553694,-0.8886471114618694,0.7077198587073398,0.3670321713405803,1.7022932337001517,-0.5946809835188973,-1.0174194705905704,-1.601082551689412,-0.504039853970509,-1.0170318552825581,0.8906483194563228,0.6076187110365532,1.3844303267953557,1.1863213882365016,0.06000288244842147,0.65524366009723,0.678225685855019,-0.8424391008394667,0.06512840127449789,-0.3277829162173877
ESTJ playlist.csv,ESTJ,-0.41710991436301914,-0.4171258367463303,-0.2626678023193916,-1.0677399600698514,0.32713999032938773,0.93596894816512,0.4309589984201303,-0.5367669002665001,-0.07434395117176888,0.5542696188073996,-0.43959412735306475,0.34568696687224004,0.11564295052015115,0.6255058956859357,0.10340352125616036,1.0247047595953103,0.534305377011262,0.17607717280165566,1.009829284297012,1.416206041984074,0.026540370683570645,0.30797720471753326,-0.23856270163382326,1.2214726605884827
ESTJ Radio.csv,ESTJ,-0.4923754925702209,-0.49238236345458614,-2.3322048771418027,-0.14847926437680287,-0.939409339178844,-1.371291147386538,-0.9366967246273881,-1.7614709187284219,0.48508223692890406,-1.082152005578882,1.6575427096802016,0.07452332193995966,-0.538829796760111,-1.1836711543729004,0.5591847581777543,0.2430528483145176,-0.9703732068970787,-1.015680691578346,0.7582536427263044,-0.5160450514920218,-0.42738300566802856,-0.3945145464163395,-0.00996612599010781,-0.2551856477622106
ESTJ songs.csv,ESTJ,-0.4923754925702209,-0.49238236345458614,-0.185236143057329,0.07003459309781751,0.2013840783662167,0.8743694814368838,-0.0910407776814166,0.6361799122350896,0.6858593085612749,-0.004018495984605651,-0.5603169482714218,-0.08918884263539417,-0.4451099508779178,-0.9007273344080816,0.37050908380274394,0.06546004680730998,0.5062044187379315,-0.11992772612491305,0.32184691755262745,0.710363363628094,0.07014090551734273,0.5132172546743912,1.0038099920820127,-0.5429487523589381
estj 💗.csv,ESTJ,-0.5801853338119562,-0.5801858396246594,-0.17771143635788117,0.4713167135324843,-0.6299150902237882,1.0009533417426186,1.686053061711294,-1.293502521873122,-0.08587756052565,-0.738083700278857,0.35336627231426637,1.4396235600176865,-0.2702298936322266,0.2560265503311546,-0.561447542267232,-0.9222461323891622,-0.8685402671981125,-0.7863305785820401,0.270681991152955,1.3267196025363064,-0.31534384199503873,1.0784078051034496,0.4211800391670041,-0.6670833878930977
Estj 🤔- Executive.csv,ESTJ,-0.45474270346662,-0.4547538944168298,0.330895379234944,-0.05483978392153999,0.756469676068785,0.6175454783815199,-1.0479679310082877,1.1299943089419786,-1.2370490649856145,-0.15039919872753854,-0.7034835131976146,-0.5271122120509041,-0.2284640359553287,0.2732482405502969,0.06912545479166249,0.005323405664129792,0.30157401997096583,0.39433590934240365,1.0511639192835518,0.8744233243284751,0.34187741736850225,-0.11772951795888464,0.43105512311471506,-0.6912072275530992
estj(1).csv,ESTJ,0.051209238926236,0.051124809058044694,0.5644431034344634,-0.9290655811424537,0.5556708875541876,-0.44678373219903245,1.0525886571481675,-0.4127704949093665,0.43000797075196934,-0.3755756877095474,-0.3701913778877838,-0.18693933772593763,-0.5140981707634211,-0.9973012000782925,0.1784558819234894,1.3319084760166686,0.08156771594093509,0.28214785138441095,0.37518551729607663,1.3031384516498037,0.5597676117632638,-0.41169868288860884,0.06512840127449789,0.4263885154646824
ESTJ(2).csv,ESTJ,-0.5843667548234674,-0.5843672284163376,0.6549476402342757,0.40597492358460824,1.3450366272835708,-0.9579777968258544,1.0655472153313403,-0.02433420208435054,-0.8981731907347391,-0.7622992102512723,-1.1226503336366394,-1.048517686045898,-0.1604511332714512,0.31347700814093654,0.15757510843666062,-1.4031604559698796,-0.5422897776163405,-0.8504547203269097,0.9639882417367528,-0.3513380738119028,0.8019217019984504,-0.888492422642561,1.0038099920820127,-2.078224018206959
estj(3).csv,ESTJ,-0.5927295968464898,-0.5927301468023101,-0.20851978884941766,-0.2450844306762666,0.026437228662950413,0.20715084636605663,-0.4460338023486619,-0.9680557137630867,-0.2789324370952376,-2.0855381566382065,-0.27344240445356954,0.20048752969032405,-0.4562514710177589,-1.0329086311971918,0.2618189944619254,0.9451688610228363,-1.1507695683999986,-1.4969951761294422,-1.685624018246286,-2.0431784021909176,-0.27898497878385187,-0.010423607908924796,0.35395350613834864,-0.5878934085620925
ESTJ(4).csv,ESTJ,0.5069841291809576,0.5068295097925672,-0.766253695758571,-0.8042319157938098,-0.5223026340326107,0.027054473048786713,1.1963404972222393,-0.16792261754487647,-0.2389353411277492,1.0165334059662396,-0.27707641807206645,0.08359364281005122,-0.0031098818781531965,0.4019377225274139,-1.1435533578312806,0.8041481065953874,-0.2358412066829601,-0.034223530856912376,-0.49267829891339787,-0.07308028548152545,-0.16844993417334703,0.07981098015764834,-0.16548195494465642,0.5563534404726425
ESTJ(5).csv,ESTJ,-0.5843667548234674,-0.5843672284163376,-0.2752378768749209,-2.3605602001537758,0.1753919749817308,-0.7160198994751373,1.3983743347057302,-0.5158006017295907,1.5835300105247525,-0.8829822079413577,-0.502710203909042,-0.4197246209170237,-0.4723434775222564,-0.7600466883210231,1.3704901579903004,-0.7141761377074919,1.0087371400674936,0.6435218041862679,1.4315668758514057,0.3868406539422328,0.7475276883848895,-1.4211728982969827,0.40037182656289605,0.4397279645176421
ESTJ-Me.csv,ESTJ,-0.5091011766162657,-0.5091063219936244,0.26527532901285594,-0.5309398683482871,-0.24161177062153316,0.38818683220394434,1.2423055633138587,-0.27431832773106224,-0.5052997719859347,-0.03989058357551427,0.5312835843690613,0.7855730239539805,-0.23007291319169984,-0.35788587471541844,-0.7692013666248565,0.5533871626088371,-0.6569308976190587,-0.295452105038917,-0.9266558005529347,-1.2495888517200517,0.020697535461653645,-0.30604147657632186,1.0038099920820127,-0.4761667508555154
ESTJ.csv,ESTJ,-0.5007383345932432,-0.5007443243667834,0.3056043182118479,-0.8467667097686308,0.5216826023646135,-0.5809697272245705,0.6016063822640084,0.4890813893048469,0.8356578268494886,-0.7242486908095503,-0.6318643976022915,0.01537533496344429,-0.4241649853209125,-0.5484638497242075,0.5603203062179747,0.37781499939096763,0.9441110184973338,0.8463949077934896,0.2236554043885503,0.4602749355130955,0.5223969098176506,-1.008198240489309,0.2997987989763766,-0.5436294330688967
"I'm an ESTJ, maybe....csv",ESTJ,-0.6010924388695122,-0.6010932912531664,1.0498574825205031,0.3532649450867319,1.4598350838983807,-1.2139197713855803,0.7107149971553373,-1.3056585945630845,1.384657632094252,-0.7301984175233757,-1.3245282733171648,-1.8189343932514226,-0.1667904085611017,0.6668924073514575,-0.009637460123203306,-0.5954658095694032,4.653650396624504,2.113720561347825,1.7692625560453232,1.6464863739424827,0.977191301419925,-0.6625256342307793,1.7078211851876566,-0.5270387391762829
INFP의 뒤척이는 밤.csv,ESTJ,-0.634543806961602,-0.6345497748995721,-1.2415623583312672,1.1698806007662648,-0.42405090932296136,0.5577253999516113,-3.1498045238525685,0.251101623608494,0.5905686280795049,-2.5231126525693885,1.4948084256267073,1.1797997531726994,0.7096144002330818,1.4890375969582632,-0.08388483198374015,1.7615402821877533,0.8536344482991103,0.571550133437328,-1.4128698150127381,-3.123025904167502,0.1627920420391084,0.012273046583889466,1.0038099920820127,-2.078224018206959
Pov; Estj .csv,ESTJ,-0.11186618052270106,-0.11192590466678633,-1.2711265496396191,0.3496322658237327,-1.4141818369644883,1.3675347116947685,1.036948390115769,0.3466105708898623,-0.9758468496762286,0.666839275270972,1.2548352833481502,1.788104664861333,1.4635632933788887,1.9594059018359038,-0.8489394158733492,0.7942749704552919,-0.8249946838892095,-0.7089121050215813,-1.0356565552216608,-0.36217678993896163,-1.397371004461914,1.2200154480660923,-0.7936653945706786,0.601147894603961
relaxing of a ESTJ.csv,ESTJ,-0.3209372310982614,-0.32096627637090935,0.09509585810722365,0.3353314039980748,0.7612139974166704,-1.094658358203294,1.227623231504756,-1.5749553142978225,1.3206651116241985,-1.16266858209551,-0.5819451554008532,-0.8785685883330326,-0.5750397372145948,-1.2924030925709906,0.8204740742658343,-0.6168860321729875,0.5434290647623434,0.24025430693110006,-1.2060561883851029,-0.9839797161187409,0.9874192356036715,-1.4618147076142933,0.26111686528925376,0.4324833895269508
the estj.csv,ESTJ,-0.28330444199466054,-0.2833388612591189,0.2459174141973403,-0.8858421637330826,0.507051214167764,-0.8954618602982823,0.4064945062230432,1.1003504491793124,0.6842907376891462,0.07027811341241914,-1.0777285180825322,-1.5762783678967747,-0.1586254219880318,0.2629646674521732,0.33801493988260295,0.5921554630129936,0.24563189656704731,0.3800153525330012,-0.0272784625863136,0.20059748719058304,0.2681351150707047,-0.2623811078436816,0.4969219330459562,-0.3858652174996006
£ ESTJ 3w4.csv,ESTJ,-0.596911017858001,-0.5969116874438982,-0.2767462858215845,0.538933949942111,0.5834679981181512,0.3768036153390428,-0.10798470375865873,-0.5057084892564686,0.6419393241416936,0.3771218884258992,-0.41610933655632515,-0.015915770657184684,0.1704590368483056,1.11346317947332,0.8988009720527737,-0.26603586038767085,1.6353520148117626,1.2819812470437937,0.5836909526568335,-0.11326492710070658,0.26305834046677246,0.5268672969522243,-1.6995929894436421,2.667490385978213
– ESTJ • the executive.csv,ESTJ,-0.2080388637874588,-0.20808426411947467,-0.3163569343192813,-0.3088196839818461,0.15589789744336738,0.30098212351497877,-0.6785433485846056,1.361473243232483,0.3620956461752834,1.0042777568971322,-0.4726427034841832,-0.025569480977422714,-0.26817583505795295,-0.26108568011402666,-0.13784927274777903,0.6315606106242514,1.4056948766272548,1.1633026420591055,0.3114915037349472,0.7895868852660225,0.2859468496980609,-0.42132091851419706,0.001488971389241748,0.20746204429741608
雍正 ESTJ - Chinese Version Radio.csv,ESTJ,-0.4923754925702209,-0.49238236345458614,1.7505553384942452,-0.03948335270303086,-0.9139370778620483,-1.2179106811467362,-2.5355872035525575,-1.7815563820633744,0.24352232262120826,-2.4898130639024774,0.908464282160117,-0.14868708188022148,-0.5750397372145948,-1.2924030925709906,-0.8076656828501007,-1.6902881244960564,-1.0572307142873734,-1.1051476757775764,0.5836909526568335,0.8052638533500315,-1.2599740407129363,-0.23518725464708665,0.6658846193913059,-1.0035313321133446
💎Playlist for an ESTJ_ The Executive .csv,ESTJ,-0.6136367019040458,-0.6136385698701132,2.2094468602681148,-0.8983050486544195,0.39199283651910966,-1.1045323781836334,0.3815553942478824,-0.17541053440410423,2.797305090147529,-1.0716024766962953,-1.1321878740939872,-2.10478461891507,-0.5699683169828743,-1.2696359730673952,0.04027673944690516,0.1972671668015188,5.299911612326101,1.8805896559401254,-0.6465603868803885,-1.171339196214926,0.6750023369001412,-1.7993433202856137,2.612978433466324,0.20756661406883548
ESTP (PDB).csv,ESTP,-0.29166728401768294,-0.2917005009840325,1.8634705225016341,0.09723365269134915,0.9811471799007762,-0.7774182425290852,0.17984198856643366,0.3776921851976438,0.7688335065317947,0.5910534240248881,-1.2384633249044323,-1.7416730090137953,-0.4511521858397104,-0.4912663726220613,0.2367247677549756,-0.0634289557962223,1.606990379745544,1.5815961848488662,0.8971912940060877,1.0472882333983597,0.9288410670967594,-0.8672904902566704,0.6589881832139483,-0.5429487523589379
ESTP core💛.csv,ESTP,-0.40456565132848554,-0.40458321542043474,0.6197160228180741,-0.11157548354996774,0.7741255677327985,-0.7872274524155939,1.484961299180385,-1.7280974573160557,0.8044521035131423,-0.12021283086447716,-1.2071448821953954,-1.8632383983695893,-0.5255398186148448,-1.0993537715063268,0.47361635374289035,0.4106106159987542,0.7618835602107707,0.8238853006241731,0.21981379589230332,0.36960983208469755,0.7853225898628566,-0.8386323355301987,-0.424043695343506,1.0009638034953285
ESTP ENERGY.csv,ESTP,4.621502404507985,4.620705701473611,0.6168226929766961,-0.5334838322159317,0.7572230653543112,-0.4798161300577689,-0.3487038900726129,1.0027911500861284,0.720340759689025,0.7277618175589837,-1.1669740487549967,-1.6665157156535602,0.10403259463015463,0.7611977494916058,0.21767799988288247,0.824508229706801,1.1282624665598615,0.9878365960165532,1.0534881059781267,1.0170775911691496,0.4682509617719792,-0.42361322213550967,0.5658077415402455,-0.17073207934028814
estp personality songs 😎.csv,ESTP,-0.34602575716732864,-0.3460512796026317,0.45367856411573765,-0.09052652827412379,0.9377250777761067,-0.45681626706734624,0.6674490896586371,0.4745185501989269,0.2223004814100654,1.4407475086286587,-1.138247017443361,-1.5558971257342904,-0.3720636004109143,-0.47221409241966733,0.3352402976123825,0.17003493947889323,0.47043956275369225,0.48731493727985764,1.0355002681307577,0.7351257038597143,0.4565730430166652,-0.6558754757430475,0.8050303610874803,-1.2539723542028192
ESTP playlist(1).csv,ESTP,-0.47983122953568724,-0.4798394819183018,0.7500532986638508,-1.2080027424028237,0.6133343961580591,-0.46808975294007255,1.495788415957208,-1.0591256349785076,1.1038686481449425,1.3555482072297107,-1.3562300980448896,-2.1377833959570456,-0.4082569926129216,-0.4927106144133909,0.3687686792592429,1.5181118825802462,0.6487818365295472,0.4290295846715026,1.7726934265262473,2.1123185525250294,0.7488960912430924,-0.9192832187151709,0.047417427863028404,1.0532774189374845
ESTP PLAYLIST.csv,ESTP,-0.40038423031697434,-0.4004023475325405,0.8274369966351562,-0.8951361782779118,0.6625634127228832,-0.2674765535409398,-0.024163614906849134,1.0262718538302964,0.6504793211121673,0.3136497173759091,-0.8794430519742743,-0.7482771212968163,-0.25110276991345354,-0.08703098866513131,0.49262417305101464,0.44393928616777295,1.3964938694884523,0.9365223120827265,1.9510986915343542,0.9989512430229601,0.6387396611577674,-0.694646042899973,0.769139594380134,-0.5197731946008133
ESTP Radio.csv,ESTP,-0.4923754925702209,-0.49238236345458614,-1.64587880640988,-1.794089476173627,0.5325234754845598,-2.0771769549096515,-2.2675651001489165,-1.5263809198908282,1.2787790982256195,-2.945525193794069,-0.8407206377174428,-1.2798325302235003,-0.5601297617333367,-1.213507315149062,1.2509955642194601,-1.0416269810050423,-0.18865564038442625,-0.2683460774356317,-0.0272784625863136,-0.9862543257538944,0.506743521455526,-1.3202465483138817,1.0038099920820127,-2.078224018206959
ESTP songs.csv,ESTP,-0.4923754925702209,-0.49238236345458614,0.8248950482250396,-0.39039698666800937,0.8108989027323977,-0.18646772631273395,0.2940484513468034,0.9453037737797192,0.604293623210625,0.9798590180962395,-1.16518776407641,-1.0724971194038329,-0.4046400174287889,-0.42922338175087793,-0.10537289489867174,0.2629164933599316,0.8536344482991103,1.0972361278405356,2.416599198386276,2.060108885488534,0.6793538579892263,-0.5301683721252768,-0.00996612599010781,-0.25518564776221037
Estp songs😎✨.csv,ESTP,-0.48401265054719844,-0.48402043506066883,1.344851347570465,0.24278137064119934,1.0341310829537662,0.4331315832898252,0.1256755915163106,1.287109328221936,0.08606193891913863,1.4563206880315087,-1.145210285103058,-0.8091051899749193,-0.14699236419496242,0.22872901533608905,0.21747214792079075,1.9492271673934038,0.6030839462117218,1.2426043074615696,2.5105944930390693,2.340684384076924,0.7070808577491647,0.22132587956481295,1.0038099920820127,-0.5733532534195046
ESTP VIBES.csv,ESTP,-0.09514049647665623,-0.09520273485304179,1.319947929306472,0.4602915635086528,1.3093647060869322,-0.6068665458789005,0.27476743201752807,0.23741398071603653,-0.054506143083091645,-0.3650018539405651,-1.2480196585449472,-1.5509039928547994,-0.326050491493094,-0.19029709744247336,0.9349457372587144,0.4855077415693238,1.1082167975465258,1.1338561895804544,1.805629783143129,1.467242969580715,0.9696053163795662,-0.7577618462477221,0.5377060297500028,-0.829278194117951
Estp vibess.csv,ESTP,-0.45892412447813125,-0.45893481163378647,0.5049736472614046,-0.4981651443780025,0.4288149829804633,0.09177959667508596,1.3567353761975065,0.09397424896319213,0.5658906811688732,0.8598284688269076,-0.6492265581762274,-0.21037377238153815,-0.3950917572683774,-0.40988026023688373,-0.31566313886683495,0.7952001156385519,0.7787572867557527,1.048559871503353,-0.4065008582544744,0.08453088968924986,0.41991316960895847,-0.25729931013130547,0.4211800391670041,-0.6795165873462331
estp vibes📀.csv,ESTP,-0.5467339657198665,-0.5467359231872074,0.8455371490356854,-1.1826940930410963,0.6464110376654447,-1.4981164602347206,1.5688395088682217,-0.8339298529356786,0.5203538846481051,0.41631103576352363,-1.111308393633307,-1.6089573549649374,-0.4944452751537406,-0.9135011921930062,0.3180425148924556,0.6673721282463779,-0.1440531365894101,0.16033014426981823,1.2630700707650448,1.4336028071952571,0.8102523166960228,-1.2238900808813584,0.09049817399902389,-0.3361516068712544
ESTP 🩷💅🏻.csv,ESTP,0.557161181319092,0.5569987864801024,-0.13755171139458522,-2.3016201784521053,0.9385322197006323,-0.7681139698162593,0.6555103452198969,-0.011104850734689071,1.622874562300718,-1.0345589447278365,-1.1133345964457417,-1.472908801087149,0.06183629188517774,0.8088270994140533,1.252959629932777,0.3211040907622428,0.08172802880064398,-0.026859770861504303,1.0546042561000575,1.4519985123482642,0.5434447225789706,-0.26779576215529155,0.4424721636921348,0.05623281262702557
ESTP(1).csv,ESTP,-0.6847208590997363,-0.6848037930691357,4.224848814004712,0.4435104265619161,1.179336968207477,-1.8852901294723534,-0.4252982284779118,-1.5641142960802985,1.6787646706182324,-0.4778789874897742,-1.380163925985026,-2.767985134886895,-0.5750397372145948,-1.2924030925709906,0.5843415147610893,1.2223856839861187,3.025072133056478,0.571550133437328,-2.776640831180478,-1.3048175535175053,0.2579815658628402,-1.3545974396576097,1.0038099920820127,-2.078224018206959
estp(2).csv,ESTP,-0.617818122915557,-0.6178205231419804,0.7492231994007496,2.0829846090296003,-0.46726278119966835,-0.8446970034046121,1.3230068713102072,-1.4046477981252812,-0.8074201617044822,-0.12727379831600352,0.4958702819752575,0.29603160664863476,-0.5697147459712883,-1.2690737373073846,-0.9093409073744118,1.2283417565040067,-0.6663719310310472,-0.9293896139173166,-1.685624018246286,-2.1238850384447177,-0.09739265641242527,-1.210414457382311,-0.6858168713715216,0.26076804157659517
ESTP(3).csv,ESTP,-0.3251186521097726,-0.32514710655206125,1.145180547899935,-1.5012314778288118,1.3809923702987756,-1.7058079184094925,0.6401153051668304,-0.8471939715360164,2.049121682092875,-1.0614081602168177,-1.1806173850829633,-2.058850683234449,-0.504039853970509,-0.6982875766389379,1.6465156816130018,-0.9123255372908259,0.8536344482991103,0.4099852858954743,0.3024510631004641,0.5052142655960127,1.2197483102744713,-1.509998000035237,0.8160736739205098,-1.2771953845312372
ESTP(4).csv,ESTP,-0.45892412447813125,-0.45893481163378647,0.7264670299467731,-0.5656041411331953,0.5715474817383699,-0.5984527490621863,-0.12652210250774107,1.2876826441808105,0.8390383675221789,0.5489473269107492,-0.8598746500014404,-0.7227810100990321,-0.27757470914023546,-0.1643434308795622,0.5319316052124752,0.7265633215932651,1.7521603868194002,1.09499567790797,1.399320073498672,0.8487877374650041,0.49869070656653,-0.3291646471916176,1.0038099920820127,-0.6547587815748203
Estp(5).csv,ESTP,-0.19549460075292519,-0.19554185401691634,-0.5186402296319962,-0.549893866811774,1.196817194760473,-1.1526423848380314,-0.15796355708642013,1.4026682117874383,2.095861925252241,-0.519950648652567,-0.8670284848500407,-1.3791268874336675,-0.1560817484850309,0.21601220687331615,2.120255062359317,-0.04371462377363878,0.656231022412077,0.5373040060433828,0.4062429288672061,1.4829712394589194,0.7541209021562303,-0.42069686460080674,0.16597848954307368,0.48967682771468696
ESTP.csv,ESTP,0.7620508108831412,0.761856615228847,1.0848441900333903,1.252205872067723,1.0141571511990732,0.06429622243874897,-0.4869125051224268,-1.088059587112305,-1.1381645341703073,-0.5845065147139255,-0.9977085536453852,-0.8897799584734583,-0.491361303391208,-0.6496712280950836,0.49569389632457617,-0.9216023023701312,-0.7222089000676652,-0.7295699851294715,0.5338158983512705,0.03406882038283814,0.9941138834330329,-0.9100974159656826,0.6658846193913059,-1.0128094282107682
𝐄𝐒𝐓𝐏.csv,ESTP,-0.5718224917889339,-0.5718231804881553,1.9229032252388354,-0.6515044530734221,1.011331558024695,-0.6598085083123625,1.0181652687181897,0.1613886097156052,1.2499376338026222,0.7909234153088571,-1.212180148897548,-0.9058310126908172,-0.0734599168773438,0.3049778225701559,1.4702380503570176,1.6681109994802228,1.7642373483586515,1.7178143158896073,2.959995959408984,1.8849827387428846,1.056345314061881,-0.9493960049535363,0.4587690683873253,-0.7133629420063093
for the infj girls.csv,INFJ,0.21428465837517308,0.214175239211495,-1.1811442088837114,0.019840391828521063,-1.6753882084779224,1.3715320304690934,0.7268043416558314,0.20235578091543555,-2.205238843916719,0.5660164119631,1.427531203171153,1.865882760118031,0.9524303536735788,1.4825346279444305,-1.93851358323658,-0.2949752975163364,-0.9410240948108604,-0.9698538281696186,-1.3269335591994285,-0.6657465771484031,-1.6295817771745689,0.792475669513621,-1.850810736127151,1.9333065814104482
INFJ (PDB).csv,INFJ,-0.312574389075239,-0.3126046200586078,-1.3090927185442416,-0.1083249091832239,-0.7425764504628065,1.3003784764519124,0.6960153545418947,0.18031528620521595,-1.274955479719377,0.05166330664961529,0.6672280921922701,2.1050351259178743,-0.05971800399139173,0.34248306871190587,-0.9969725303293525,-1.2194709523067966,-0.7107346364185633,-0.7099220330661622,-0.5594131145722815,-0.39537194767908485,-0.49944045165932693,0.9241384933886413,-1.5397143184931956,2.396018090812389
infj - the advocate .csv,INFJ,-0.27494159997163814,-0.27497722565466753,-1.2736961518641539,-0.1529352311970962,-0.691393707982257,1.6129599849436844,0.894576227093321,0.5453090402650546,-1.1039108128282649,0.7086310409844604,0.8642437563455203,1.2506591348881941,0.5358996123693351,1.1721095848333116,-0.7074086088194572,0.6465185284815476,-0.8494539319027469,-0.7506004274105715,-0.872709530177672,-0.36142182768248865,-1.0385868501414548,1.3786527761477279,-0.9839863178633204,1.0014780310230227
INFJ .csv,INFJ,1.1509229649536832,1.150668265395084,-0.9288533788763362,0.6979078577437201,-1.365886950090605,1.3771712747873563,1.2628355926796577,-0.1979036541728847,-1.3630412480573246,1.0042447521874935,1.1102536640910232,1.5831005519930654,1.0948198192642526,1.6620662309314154,-1.1545317370346884,0.5556499632807445,-0.9354733506544773,-0.8666954848632284,-0.7596142627987552,-0.6684237809338018,-1.313469263853244,1.1187080403363137,-0.7506558254995301,0.4577470906272867
infj anthems.csv,INFJ,0.9753032824702127,0.9750759251912331,-0.11345694225873988,0.48225561538438105,-1.0608858002110084,1.47038374041167,-0.22420674578836255,1.1756166536515813,-1.1502369976977203,0.20343587462877816,0.8990941838095514,1.6166903427926949,0.05492930164440045,0.46557735190128474,-1.1440092180839792,0.5821711743904621,-0.960409502807419,-0.9454215743306396,-1.370018157148116,-1.1154030984888468,-0.8482109055052148,0.7050181321657487,-0.8501446710590178,1.127263556933001
infj core.csv,INFJ,-0.17458749569536916,-0.17463784865693693,-0.39954194747960275,0.23733928742639457,-1.0014727060380206,1.015571440030122,1.2690943792462561,-0.1212501059381939,-1.1241220901722095,0.6060408674278106,0.4229610838124219,1.1923593513453232,0.6108273603026945,1.1289764173383994,-1.0337104546365992,0.5015243707721018,-0.6284579397098868,-0.3411291814544786,-0.9236440219112951,-0.2396351339676754,-0.9165262095707182,0.8314452914428642,0.19922577138985717,0.7825009830405562
INFJ Kpop Songs.csv,INFJ,0.08047918600681445,0.08039028663861193,-0.3671271384653443,0.5229124739967037,0.7627857124300468,-0.2532797974190269,-0.9392996806995358,0.38754764889673743,0.041621248331804556,-0.9509833312710607,-0.3976442502077791,-0.42877233514747165,-0.5739007016545292,-1.2816423728135056,-0.1662132326784217,-1.4364886322040293,0.284648103095308,0.7782109391327054,-0.42541208458967866,-0.8767710334420105,1.1939270443150767,-1.0551112041914332,-0.4418600515145911,0.9032511972770476
INFJ Playlist .csv,INFJ,1.9119415890487228,1.9115682149940005,-0.6295530823865483,0.27321925732348173,-0.8054252446524991,2.1611632051979384,-0.12794772939148166,0.8945068754124055,-1.5989837666151032,1.2150346629931752,0.8572972851145381,1.885340030149181,1.3348003221447164,2.017410948859081,-0.6416310894000908,1.0428536846384637,-0.9981676092619731,-1.0614801899526507,-0.14947234563494363,-0.11693749202024929,-1.1454420056482222,2.46984245620155,-1.7536610490741493,1.786035900503458
INFJ Playlist 💚.csv,INFJ,0.20174039534063945,0.2016329050104323,-1.0627297698630125,0.17408874843807245,-1.7768436234358504,0.6693993750656737,0.8187539197438095,0.14254076992665676,-1.570936557517107,1.0638489911941729,1.968484190701693,1.1884871033792417,0.6423124275746254,1.44650285062377,-1.6731668113514355,0.02810989327554637,-0.9961087646423513,-1.1134423521813601,-0.9986875063988316,-1.274378171818845,-1.321459422027228,1.3251099222691565,-2.5162459734461833,1.9902217530603448
INFJ Playlist!!.csv,INFJ,0.01357644982263514,0.01349775348890872,-0.21224048568141968,0.6602739286273678,0.07051155781626445,0.7097737633172669,0.17057668380786017,1.7443089730690329,-0.42894510799689706,0.6433967298757604,-0.08277954833377583,0.6331726434637762,1.215527493721778,1.8174045627702433,-0.11200535362751377,0.40362904211501627,-0.07335356917040925,0.31472390002874784,0.07531539912118172,0.13752430982070343,-0.3305977120492013,0.47569282846507327,0.11453269552751906,-0.015426915292956977
INFJ Playlist.csv,INFJ,0.5237098132270024,0.5235526026745362,0.024427552375506333,0.6262841899386441,-0.35718001364884094,0.9192012683802656,0.3866748967563352,0.22689690682371816,-1.009353585925179,0.526635304403624,0.14922788578296775,0.9864726435902238,-0.531785542132447,-0.8709563766363546,-0.9868825312287604,-0.18145120163427148,-0.2950783200878932,0.35363931877711996,-0.3451255450165617,-0.02644719432567929,-0.04134021325979293,-0.0829748467685009,-1.0145156127259578,0.9646884435342944
INFJ Radio.csv,INFJ,-0.4923754925702209,-0.49238236345458614,-0.6955811700118334,1.8040555122571975,0.643509756936312,-1.6042042471905082,-2.2691054570650295,-1.7229539326875216,-0.22077465552864892,-1.568825438161218,0.37970303920476295,0.20793118454210693,-0.5750397372145948,-1.2924030925709906,-0.20390352485006671,-0.8390035661514906,-0.6229431773358998,-0.7443198645625303,-1.860186708315757,-2.434203360678798,0.9636532358094384,-1.5061543500305012,1.0038099920820127,-2.078224018206959
INFJ songs based on personality database.csv,INFJ,0.09720487005285927,0.0971134131367118,-0.7251938964359503,0.1568370319650707,-0.7254861632658753,1.4023776280411393,0.6190798900384129,0.8054372224100753,-1.2766774372719585,0.20937702187325458,0.6426435420081472,1.4652091822407407,0.1693438554360948,0.6406535456640126,-1.0763117448630588,-0.14290808699788654,-0.7038889172074834,-0.45446772791524226,-0.3375613593328338,0.4811325109197137,-0.5161601113074741,0.695662016700941,-1.7385163308006846,1.5774187237766057
INFJ ⁺⁎˚📼 ｡ﾟ★_.csv,INFJ,-0.27912302098314934,-0.27915804295705915,-1.3516594098529044,3.5466029053516297,-4.418390613778222,-0.5012712755474229,-1.1657371223123707,0.4401380688052268,-3.0521848533615707,0.6962663929435299,4.3396218467080905,-0.6568158316770741,7.165704959243328,2.1503626161397578,-2.8342375357960345,-1.8862104891847353,-0.9738131081798628,-1.2459416667520913,-1.9880841248023,-1.9387200697353755,-7.260420031990456,4.719688043042809,-4.1821734502011045,3.0468967549080563
INFJ 不再續寫 - Chinese Version Radio.csv,INFJ,-0.4923754925702209,-0.49238236345458614,1.6379274704767015,-0.1621349635790356,-0.25347773086227643,-1.439329862373849,-2.9946135645541956,-2.121258349960978,0.18077948773609268,-1.8331950182463361,0.9551982304011202,0.10958232745850477,-0.5494797792467239,-1.1532865973586646,-1.117932347377896,-1.0298673293744534,-0.7966581921164892,-0.8656971625782005,1.6310670930736588,0.9570319362772016,-0.2750797675500578,-0.7750755888741576,0.6658846193913059,-1.0035313321133443
INFJ.csv,INFJ,-0.12441044355723468,-0.12446828587588438,-1.0163257506704981,0.6014133745810255,-1.599604998173266,-0.1626360115303296,-1.326072164204792,1.7446529775314725,0.06415965333006213,0.30732420340592304,1.2806716363909498,0.9549113917722332,-0.17296431145189178,0.28534585624561676,-0.6529880889301035,-0.35424254218296497,-0.9401618999787154,-0.7277979220140876,-0.6736663946551514,-0.6091740288088452,-1.0093726740318691,0.23439503662861283,-0.9551776756902004,0.36357196690101506
INFJな私のリスト.csv,INFJ,-0.5258268606623105,-0.5258304481268188,-0.17048725557884137,1.0300642496859636,0.12557377682813495,-0.24969552017049984,-0.22725233926339883,-0.5975690540908176,-0.765591605114405,-0.20990025953569008,-0.27221964285647365,0.010008023301549302,-0.5598254765194335,-1.2107010112619714,0.5369230251694864,-1.469731806028347,-1.0075978529214906,-1.2817815098129342,-0.7504667500169787,-0.6681368769305989,0.7596152469656808,-0.8554501904523162,0.19922577138985717,-0.44028504987531025
INFJ小老頭歌單.csv,INFJ,-0.0115120762464321,-0.011586959404524418,-0.5186402296319962,0.3817657827878887,-1.4091024001264238,0.3371363462252741,-1.1105236687366113,0.08456803341192037,0.43317680079667226,0.7805136641720293,1.741097344414117,0.634481555172746,-0.49693986564610043,-0.8162224988051097,-0.315838386213288,-0.1351819846331766,-0.18602359470593255,0.05521023489643886,0.19224734462226284,-0.920554271071468,-0.7627578128368935,0.631298087425491,0.28699859546536166,0.4880519684675121
Ultimate INFJ Playlist.csv,INFJ,0.6327151333891566,0.6330915255834895,0.11191253851090635,0.9693594558004511,-0.3664089386707297,1.5494187963616033,0.08075006245823188,0.812879609355142,-1.68886848313911,-0.02540850410535714,0.1319398628248723,1.3131486750800028,-0.3944240467676493,-0.4529314500189885,-1.4874107090885138,-1.0321904563873134,-0.7732420615974755,-0.7898805381954497,-0.7553526291613324,-0.3767366562642775,-0.08298989460503071,0.3841755283416321,-1.2207771008662127,0.5649032014882663
‧₊˚ ⊹ 100_ infj ⭑꩜ ° .csv,INFJ,-0.4463798614435976,-0.44639207463214714,-0.35498572692393643,0.2725980624781163,-0.08197245853022167,-0.042440129669309254,-0.6500388277140535,-0.15193675493665587,-0.45102028813575074,-0.7666622640134466,0.5428231245874133,0.33335741140663255,-0.5418676606169481,-1.0385944432444,-0.005055172949554541,0.18941316895921745,-1.1754138800807252,-1.5522111797217768,-1.0417452433998777,-1.223662954734828,-0.014582972299102213,-0.9555120130128015,-1.2120940911357376,0.5082712070658402
INFP (PDB).csv,INFP,-0.3209372310982614,-0.32096627637090935,0.5012059591320293,0.8783546520305563,-0.5493878309318019,1.6569944135087111,0.2974846321596705,0.6766928613088069,-0.94772968806845,0.6249377695135657,0.5970415765189682,1.4261512815859354,-0.2567105903619905,-0.13483500454725517,-1.1768618193011287,0.4011998126953644,-0.22015341778969802,-0.12617236678238716,-0.8224019244961559,-0.600742283055651,-0.17856526134343145,0.6137897582531631,0.4467901469874435,0.31162163935576703
infp - the mediator .csv,INFP,-0.3920213882939519,-0.392040619876595,0.6695561052582696,1.0541332488495265,-1.1386142244961006,1.4387912032254426,-0.5210501448849286,2.1114311804847414,-1.2071937650603208,1.0877522134056088,0.9150322965075013,1.601037445306937,0.6799311720187047,1.3193699385980786,-1.004953580199586,0.3710362357603508,-0.7309281865238338,-0.6572742799004158,-1.0958852004440203,-0.22192166758520945,-1.0009213257879552,0.9962519841761376,-0.5944856895632235,0.49000996029051114
INFP kpop songs _3.csv,INFP,-0.3293000731212838,-0.32932793814355105,-0.009571469695691762,0.08136660968611606,0.5274535550940574,0.30638589531390875,-0.3863566210480919,0.32967009411887355,0.47281566022102683,-0.7928484537679595,-0.20093813730352508,0.07504556155467829,-0.5642700920034133,-1.2136891932097988,0.05082041306396153,-0.3072816377608794,0.19488369000193131,0.5137553061501177,-0.7049347481930796,-0.23960530410558312,1.0580013840667883,-0.9801103336830558,0.24442713210289504,-0.4948904674117855
INFP mood.csv,INFP,-0.06587054939607778,-0.06593720049565395,-1.6832516228120835,1.4569157674139228,-3.0143692124031167,-0.22952821210314583,0.2045253395248218,0.95876734396258,-2.498587230943426,0.15120131881268206,2.9269140481811426,0.9763586846857206,0.9194610946239075,1.6605655177903271,-2.5278416667243753,-2.4752941992232373,-1.089230848589061,-1.0799134294656505,-1.1114046430177638,-1.6259778223820966,-2.4440649174143187,1.6183171229250497,-2.7756185182745763,1.9483602616976436
INFP playlist(1).csv,INFP,-0.47564980852417604,-0.47565853560471794,-0.9959221513919584,-0.1437861689346176,-1.240696324224858,1.5732006497941726,1.0052369445417353,0.13995597850225475,-0.7307344746226743,0.7802254762007325,1.2767475758646176,1.8154035991472963,0.026487051381131693,0.24552689056055976,-0.9530158319982566,-0.11975064284681139,-0.835261528734398,-0.9106286867737307,-1.3623597773768958,-0.5783936553760225,-1.0347156712495666,1.326675170483535,-0.560659325930517,0.5906116512078836
infp playlist.csv,INFP,-0.02405633928096572,-0.0241293189105274,-0.24745956396825727,0.5462752418113537,-0.2574086353864732,2.0629951445762353,0.8901855946345391,0.693301544395592,-1.2090517652592048,0.5424701320366446,0.3264082051084087,1.5094558160316642,0.889661557857841,1.4811109095840465,-0.7550228403701593,0.9278017375557273,-0.6744142928264449,-0.47972781899763545,-0.3386896812904934,-0.3157191319771129,-0.6335878013092319,2.214190796708961,-0.6649572804646862,1.0001453910009437
INFP Radio.csv,INFP,-0.4923754925702209,-0.49238236345458614,-1.297436339730596,-0.978554464186823,-1.2778265252448429,-1.4112758582391645,-2.2490808171555616,-1.7194272474656322,1.056042034383458,-1.2632763313429276,1.6481959200320009,-0.28545539739769205,-0.5750397372145948,-1.2924030925709906,-0.08440893107922656,-1.5465062144920594,-0.18865564038442625,0.1640799174152921,1.3692230579694522,0.8976403158370646,-0.6507610882410523,-0.9864698192160327,-1.0237422440622284,0.41630302608044284
INFP songs.csv,INFP,-0.4923754925702209,-0.49238236345458614,-0.1605987969284907,0.5949747238060061,-0.3117000424435236,1.4873521792089743,0.9933704912620508,0.007654616414599765,-1.224660013690502,1.062851495089238,0.16072111030406075,1.0841604127023374,-0.2811002205840798,-0.17892833843843997,-0.9921485644612219,0.2292173121499656,0.07191688178645793,1.5041369731585783,-0.8128105678989324,-0.8438515422972418,-0.08216233260062807,0.4470746030803973,-0.00996612599010781,2.100997171400276
INFP ผู้คลั่งรัก❤️.csv,INFP,-0.15368039063781314,-0.15373385622562097,-0.48297994872775885,0.5868573325909247,0.04096716549326698,-0.12380232999525964,-0.841547349320629,-0.10819757561708922,0.24699473142210163,-1.165621538685121,0.47033733969745717,0.1778832097743888,-0.5571542704431839,-1.1709023881139873,0.9484103520835231,-0.3025306811073209,-0.8536791511666064,-0.48365202808263974,-0.7528462850506412,-0.6952066608524846,0.024488688086561596,-0.5102988002802311,0.22993509279032082,-0.48347404640261077
Infp 中文治癒系歌單 ❤️_🩹.csv,INFP,0.12229339612192651,0.12219809846221019,0.8620029292327227,-0.6906439345134275,-1.1151753308829548,-0.540068282085176,-1.9906761706393261,0.30059641691754757,-0.003069758139202898,-0.7091534502096737,1.928830059694149,0.05713182999504935,-0.5150322216808878,-0.8031299803769636,-1.0821339847948421,-1.2907344944794523,-0.8769021837156448,-0.8913407041612937,-0.24570335142958555,-0.06532847860548627,-0.5067559284097125,-0.6753885166587407,0.4034349644589301,-0.13993754830293853
infp 감성.csv,INFP,0.09302344904134807,0.09293263174139314,-2.0095112158152153,0.566782399308377,-2.6187591388504408,-0.8723425035332005,-3.363326367421637,-0.2656306155521973,-0.88089532360942,-0.4887368737848757,3.0802927580096995,0.021653563846116476,-0.005545936877822785,0.47877334985099895,-1.8954747317759657,-2.004346199746291,-0.9292301770806233,-0.7475717551452872,-0.5142164927801008,-1.246191947510319,-1.1862272096242343,0.26476646178234775,-1.1304555196487647,0.5709102089621877
INFP(1).csv,INFP,0.7250801822916272,0.7260654668734909,-2.779041906303789,1.5712268972530379,-4.4430084359204916,-0.8610735245618057,-1.7989713609996913,-0.09578704058252066,-5.232721985229176,1.5826986637855538,3.875887915146018,0.07945883169469563,8.366885440914816,0.8292671877279375,-4.144845924566932,-2.874350942765986,-1.2159175972907565,-1.0389615263855179,-2.658260707782927,-1.8126995620039568,-7.355319352277664,3.608570369026136,-5.58623026713558,4.077866880918563
infp(laylis)-t ☆.csv,INFP,10.545958638979064,10.54680829493326,-0.9336078026191559,0.11491089556872555,-0.9385953581353307,1.276971637397332,-0.5254586623872973,0.7328277788889466,0.09308768438652543,1.1132222220747647,0.6343391247393759,1.2942700195332733,0.1293482825861109,0.8805334083270708,-0.3655856594971307,0.879084475131488,0.7365431636989547,0.9841272077069677,-0.22823004574363856,0.10920491819055482,-0.6608504461746395,0.9752256826497627,-0.5419252567449465,0.9094798784389402
INFP.csv,INFP,-0.17458749569536916,-0.17463784865693693,-0.9582119277253679,0.36988637423226867,-0.4953486929123481,-0.5428794032161466,0.8723913480727411,-0.9407276668365561,0.37597941848978567,-0.13815841284997174,0.6327869738740705,0.5900885247361414,-0.40261144933610077,-0.23401262250286636,-0.024611719994236215,-0.1263725314392925,-0.0769817023111902,0.11474541764274411,-0.3348412974706197,-0.6541888547770297,-0.3202066529183457,-0.5038632545151028,0.06512840127449789,0.13586317561322317
INFPの私が好きな歌.csv,INFP,-0.4380170194205752,-0.4380302728416957,0.10605438464281423,-0.787410017611214,0.6692419392869521,-0.2251730627839999,-0.48886851390479236,0.0068462067812091465,0.48926509258791245,-1.7765513347113115,-0.023713727606693182,-0.04999444961172106,-0.5750397372145948,-1.2924030925709906,1.4062620010155449,-2.000787503953029,-0.35271982101053845,-0.03832529206091265,0.46177415324323523,-0.3901180105851095,1.013453977162299,-1.4360043076556421,1.0038099920820127,-0.7133629420063096
Infp🍀🌸🌷🪻🫧🌊🪼.csv,INFP,1.389263962609822,1.3889721225819796,0.11428359345183244,-0.8925535837448252,0.661886174029143,-0.21159464036031714,0.2854224526165711,-0.3815279616042773,1.0836488817329093,-0.9468883426747893,-0.4433485521025102,-0.13576806647442774,-0.4532039375677436,-0.31194887569871294,0.5285773710013643,-0.11459174048917001,0.21957464434995888,0.12429634754857255,-0.19311301815231116,0.12082905140140673,0.7808893500678736,0.22567703512531914,0.5982995448531645,-0.5678504810689604
POV_ You're an INFP.csv,INFP,-0.02405633928096572,-0.0241293189105274,0.28808768653955863,-0.023189968830342893,-1.022811902026518,2.074068231207801,-1.6086156248374668,1.9301363837198826,-0.6687662426373744,0.387039116099405,1.0096964430588833,1.766380807844714,0.19478307092266825,0.8377931124652189,-0.307273983485703,0.20376537591335267,-0.031025349194632245,0.7489579976485341,0.523348294361214,0.7996358819100233,-0.9407013267323008,1.3564828813772243,-0.8735531895330245,0.46270545005132785
•♫•♬•Infp vibes playlist•♬•♫•..csv,INFP,-0.534189702685333,-0.5341925895613464,0.3356677465238233,0.23423501870575017,-0.2580263489545611,0.9304870776679598,0.3237003219819762,-0.23802211309581217,-0.08587756052565,1.6518158482264715,0.5459423693763327,0.7429430781216569,-0.14371544650677384,0.24349572479843126,-0.3826213164108405,-0.42648878546952684,-0.34065627831744205,0.29435462251340516,-1.3583189743660284,-1.8712145393772321,0.3341331849218258,0.2471318151515772,-1.5306303030982849,1.1641728128338809
夜職INFP.csv,INFP,-0.47146838751266484,-0.47147759575076303,2.7770047720177926,2.1467635884751073,1.312900935826389,-0.4550477766652147,-1.0330390481079026,-1.2881756005982539,-1.2922511585440128,-1.1470745069729351,-0.39571634096025093,0.16824334217683026,0.11236822328496267,0.33432184234659246,0.631986887078011,-1.130941166722547,-0.8440350143293773,-0.9211513551241342,0.06000288244842147,-1.0513609514228197,0.6618159093574602,-0.06111839483081349,1.0038099920820127,-0.6157525119678416
她是INFP - 她是个可爱善良的女孩 Radio.csv,INFP,-0.4923754925702209,-0.49238236345458614,-0.01629434103100839,-0.4731892203293442,-0.3171583841542657,-0.46120296718259735,-1.7715701731605689,-1.3738755420974127,1.1595677119438987,-1.173296200986897,1.0606834278593857,0.4477112964261664,-0.19803035718849943,0.3213174711763379,-0.07811974193339263,-0.8237103907710489,-0.36237065516501565,-0.6015507855610939,0.5836909526568335,-0.8945271556286166,-0.5492255961624054,-0.9589315942320731,0.6658846193913059,-1.0035313321133446
intj men.csv,INTJ,1.773954695668853,1.7736028551508185,0.06313494089014911,0.18189762252782582,-0.09289307186100107,1.847407350489529,-0.7186685701869104,1.0684360571314933,-0.06759523110388872,1.1604459040483677,-0.07231258006099699,0.9309991422655717,2.104906024661618,2.357826504552772,-0.922797505772029,0.9970816971602204,0.4134781608482924,0.6796793950581228,-0.1007009454026963,0.10312158140509216,-0.6081573446053499,1.574437450265339,0.004875191053743922,0.9025628579695338
INTJ playlist song tik tok .csv,INTJ,-0.12859186456874588,-0.128649080388007,-1.3057087333213016,0.29452733716850904,-0.3537465384440319,1.7740396962580736,0.11719973650344909,0.5767500781631667,-1.0659481200449774,1.733965696768136,-0.06537568454365532,1.4565724717470871,4.096182508191003,2.917240157515368,-1.7591848056389823,1.0748059842435471,-0.8106061130112812,-0.9334533976107704,-0.28402577681257907,-0.1349531944308445,-1.030666878310502,1.665791349983781,-0.10616385982176467,0.02409839503507747
INTJ playlist_As a INTJ_.csv,INTJ,-0.35438859919035104,-0.35441296014724616,0.5515095568435927,0.030400284403090384,0.3449669627250898,0.8325479513334837,-0.6480004332171234,1.9722459734050346,-0.38069329070872465,1.9216160218884266,-0.43744125234550607,0.1168787538561318,0.8094579860450772,1.714875260700857,0.0791857600756521,1.810449613580033,0.14726315325755698,0.4671460164159719,-0.26598768334396383,-0.5181345880784712,-0.28792461895759736,0.964615666266787,0.39310148721929,0.12481068011397574
INTJ Radio.csv,INTJ,-0.4923754925702209,-0.49238236345458614,-2.5785783384301832,0.2905511422916857,-1.1595624548454349,-0.6972038916894375,-1.235525966353287,-1.5721594016139973,0.18391662948034784,-0.47264250188983625,1.5573985348780512,0.583075066913861,-0.5537397722413689,-1.1981382622418133,-0.04877019258616864,0.007068321349784129,-1.1440882216776682,-1.4908849442019985,-0.11455980762104945,-1.4351637817842444,-0.5086113993309465,-0.2771665046920211,-1.6995929894436421,0.7359820291298437
INTJ song's.csv,INTJ,,,,,,,,,,,,,,,,,,,,,,,,
INTJ songs based on personality database.csv,INTJ,-0.23730881086803726,-0.23734991048012202,0.8296830009476306,0.3492280202138012,-0.10103755695867318,0.3827323411345883,0.19361995583411035,0.9931856630394977,-1.0623482565980604,1.4792062731678142,0.017042789122453224,0.4971908526062077,0.226107593985562,0.7987783452180246,-1.4865581544300939,0.18174241752300838,-0.1440531365894101,0.13922249884937798,0.4767516470286895,0.4838359570286849,-0.1639395667612681,0.150716843574449,-0.21393909869531075,-0.10409710485032517
INTJ songs.csv,INTJ,-0.4923754925702209,-0.49238236345458614,0.9128855701137474,-0.06675117262033803,-0.06243577098630983,1.1818524361842473,-0.003240433462982937,1.2919205383156718,-1.3250485495066873,1.2955080274261652,0.04321861186953778,1.1937707749533237,0.43883859551094967,1.0589555838867606,-1.3464395530098534,-0.2898608319845585,0.8536344482991103,1.3655632629219825,-0.7255292228641973,0.22027989871290274,-0.17354427547141044,0.6747247427417656,0.32795924670059906,-0.5739676117895812
INTJ vibe songs.csv,INTJ,0.017757870834146348,0.017678538223979304,0.045299024291086155,-0.004811648575902874,0.3325535303297821,0.8418076700107138,-0.4629115950341568,1.3943760009338666,-1.0972409891243915,0.4587684772472891,-0.5716355689583625,0.21744680051386647,3.0038497263099595,2.75736949790936,-1.6138275985162474,0.6769227118205384,0.14665473698275805,0.5528809877448906,0.8769968679479797,0.6994698530561555,-0.4651636538833395,0.5852339908797095,0.21793703233618217,0.7465510173432027
INTJ vibes.csv,INTJ,-0.15368039063781314,-0.15373385622562097,-0.3338662398781933,-0.2464431247491598,-0.359033448423698,0.9975235157463566,0.5306637354913794,0.14787044775810845,-1.4880122866796692,1.7089114985185,-0.09791077686436292,0.7319337353459694,1.8281166162531624,2.2160355186156053,-1.7921078189699613,0.8382636119394637,-0.5553136677648307,-0.19000042337731857,-0.1198899660964526,0.6078378661239991,-0.7079619990456646,0.9023717971158376,-1.1888355559111232,1.8531931681647131
INTJ villain.csv,INTJ,-0.596911017858001,-0.5969116874438982,-1.7549870535518786,0.4125144120146555,-0.6319227561403824,-0.7625796087464344,-0.2312132570476887,1.0576123322396407,0.40979083506676445,-0.6867223704181016,0.15805059897600346,0.4981453330240263,0.025619275030370633,0.02966689380827658,-0.44708550515563605,0.6928128406133991,2.5039270887147103,2.5958604108649177,1.281941712934717,0.48404338207312686,-0.20400492309500487,-0.277208816814775,0.32795924670059906,-0.5583790461501976
intj woman.csv,INTJ,-0.35857002020186224,-0.35859380308152783,1.3876910106663736,0.13699775667485706,0.3800005449169181,0.2882507870125686,0.4904627429916358,1.053278086682585,-0.6788738658422936,0.8953440056097487,-0.6913674066141383,-0.08293251524506567,0.42631837219741947,0.9759795610177656,0.03978977164622108,0.829936538319191,-0.4704129204553823,-0.3030336340794911,0.23030794593083212,0.0906770894681114,0.2672683486749117,-0.2542521266975447,-0.8506585165865005,1.300496139444385
INTJ women personality .csv,INTJ,-0.3752957042479071,-0.37531719414770226,-0.8221972748424579,-0.19076595023555015,-0.23248410889788418,1.6032895063533463,0.671712370112735,-0.056790249323710344,-1.0571849082663856,1.3555151146507445,0.03982911672238811,1.3556211806530956,2.5475897431550996,2.614584182158072,-1.0511164319225856,0.6160979114757553,-0.8723801216362335,-0.6704709542996911,1.3356533098791694,1.6849324320163104,-1.0079577424254216,1.9937668624712415,-0.9457594657489872,0.3653327424889826
intj women.csv,INTJ,-0.39620280930546314,-0.39622148238808697,-1.0389129543238838,-0.00659463334773427,-0.6796770151256866,1.2211754015058613,0.2763026956419956,1.094463310791755,-1.2762724415651758,0.806944047502133,0.42608945514964935,1.0315285582203493,0.2215205967156275,0.5142718112362986,-0.7869314610999089,0.11973599285863287,-0.7823802456961668,-0.4888327333411477,-0.8486796138036179,-0.2949881883308964,-0.6930443616546264,0.6403460161565998,-0.8478358856752833,0.6268473755630802
intj 🍃.csv,INTJ,0.3355458677089981,0.33541776208759916,-1.2319827450611267,1.0020722126448431,-1.651444146160492,0.11427155794769835,0.6628893993566709,0.46828078318725885,-0.1750584044651798,0.39099542271685295,1.6446208806734726,0.8797330315661961,0.27094677482683016,0.8190665942187056,-0.6878667734754301,0.46577451422372557,-0.7399206268050871,-0.5831107832594412,-0.858562885860689,-0.3866618866501678,-1.046012556195593,0.2019882920350575,-1.7895247418532665,1.4159668957664562
INTJ's Favorites.csv,INTJ,1.5147065929551582,1.514395193728844,-0.0863547188367342,0.53276710998296,-0.20661838221345422,1.4495843597105427,0.34546149633932527,1.0102206643512752,-1.2114011504694964,0.3595084010362578,-0.07753384846422501,0.9794724779463578,0.5122631917488429,1.293924439245327,-0.8241995260133611,1.0261552615293508,-0.8917098039775666,-0.7536314941202864,-0.5904901607349838,0.3167387180070634,-0.6975057298772604,1.4786580762562123,-0.08010158069950235,0.300178849402158
INTJ.csv,INTJ,-0.1829503377183916,-0.1829994491622581,-0.968011179395003,-0.36946238779585966,-0.5682127569252178,1.209205111252498,1.2492188061351217,-0.4772926505628646,-1.188937077054299,1.498083121253008,0.5575720154823888,1.4604196431616512,0.15929373262846955,0.6054406277785896,-0.9389271466357261,0.7519502490019859,-0.8625017864284868,-1.0406725199109943,-0.3482485701334053,0.14678228104640975,-0.36433274042564284,0.8853059189744266,-1.448874164544081,2.3298534775441295
Intje 2025.csv,INTJ,-0.35857002020186224,-0.35859380308152783,-1.0138064038083612,-0.8440112555022723,-0.7693575876702017,1.7721380506881723,-0.09656352077089493,0.31608510722628047,-0.9122466053540044,0.9345772945988851,0.4069617950777386,1.5505022813005422,0.7601044086680909,1.4213790199092131,-1.8047833863696348,0.2863843617737952,-0.523374815205562,-0.3262782698538331,-0.727658036157727,0.1523807986851621,-0.7295130064874182,0.7614011339448911,-0.6446064600677768,0.48555599512285036
INTJ♀.csv,INTJ,0.5278912342385136,0.5277333757906054,-0.5637510166732688,0.2616911115922309,-0.013360204357983753,0.8720179865604009,-0.4790011481723233,1.6019255895826354,-0.6130027379618277,0.8797744882897612,-0.29810725266927446,0.22862549725813075,0.562769616202106,1.0160360475534032,-0.13299683906075777,1.0846967164172259,-0.4905888803602127,-0.33052404586306033,0.392503244485509,0.9236227212184066,-0.21602340991247732,0.29607767433239757,0.026814866955817376,0.2716595965999918
pov_ you’re an intj .csv,INTJ,0.22682892140970667,0.22671757252290733,0.43887825057706303,0.8257948008230435,0.25342682590857607,0.7021563483472668,-0.4863574215490532,1.7822265120451062,-0.5818851065769033,0.9358230403552802,-0.41631383517153675,0.19193831521741275,0.011189028489951097,0.3736534406863225,-0.1777268997565968,0.3556115736686171,0.423259411680533,0.7329453354293887,0.2998300016880097,0.14187574328287256,0.11048068209994057,0.0050945460372143255,-0.5183763713896379,0.9111122487726683
İntj playlist.csv,INTJ,-0.312574389075239,-0.3126046200586078,0.3031207147714406,0.1363525877090573,-0.37086142356640356,2.5410427493601593,0.6786242280696518,-0.14445577782505734,-1.6409553498825529,1.2153103171739392,0.5423170784605559,1.7155279147449292,1.661456584974106,2.250781609699359,-0.8763733836260902,2.2332990859946857,-0.5239442979448112,-0.4517122252206881,-0.6532640232117818,-0.28635672633154535,-0.9361522455459813,2.366573884123699,-1.5397143184931956,0.653969589795566
i am intp..csv,INTP,-0.0031492342234096865,-0.0032253875606500413,0.00815332493088335,0.8130618890526693,-1.4252235412221432,0.9998790364374303,1.6057592142050596,-0.4592038305111073,-1.6074852328892377,0.13271059175067848,1.2579654533338973,1.7090541080317592,0.6079373593522831,1.3361337010048187,-1.6463748748889038,-0.5599131463384326,-1.083756060855667,-0.9229362874095594,-0.7187348666638884,-1.0828585875155545,-0.9648523170304489,0.4818625466700038,-1.7279220626033407,1.2911968940216823
INTP (2026 edition).csv,INTP,-0.2456716528910597,-0.24571153022797543,-0.32240448690438694,-0.2935302300105973,-0.3936920133400508,0.24084132922892817,-0.3949150416004559,-0.07593099096928434,0.10119969945290683,-0.13605493321053408,0.36914349441216937,0.9964665831915923,-0.5134847925671993,-0.9806027455975234,-0.21863599850666776,0.37320877800993746,-0.08267354421094748,-0.06705938354556633,0.19612975085121953,0.22347837110755367,-0.07620061563454245,-0.4294750807624249,0.22875179783727387,0.08735041173869361
INTP (PDB).csv,INTP,-0.3794771252594183,-0.37949804712063345,-0.37694120736966197,0.13186875748309632,0.08087523540178465,1.0916388033277928,-0.4152959108408154,1.036621245398815,0.01190348085375103,1.0229749784935784,-0.41687233979291316,0.5875590316641414,0.012783971462089212,0.48926734793326454,-0.44479852728442365,1.9318369769479817,0.09222123416340985,0.5232033430974761,-0.6654524529052235,0.68482973039822,0.10139273879349803,0.4589761087485626,0.1260817513269305,-0.38072878879273825
INTP Bot Radio.csv,INTP,-0.4923754925702209,-0.49238236345458614,1.9054186570183704,-2.8457067435967875,-0.40267240428922224,0.022883276931022847,-2.8683042974329394,-0.9707790801623603,-0.13607182843374271,-0.6662506242344646,-1.0917487025548331,-1.5601819427282486,-0.44297995438059523,-0.3776067452656946,-0.12843325510006182,0.40986589515020116,-0.6229431773358998,-0.08998536089840381,3.1148499586641596,1.6250820436904332,-1.9707224852634673,0.9880154785162715,0.6658846193913059,-1.0035313321133446
intp kpop songs.csv,INTP,-0.3293000731212838,-0.32932793814355105,0.34239061785913993,0.1556698437491999,1.1816368312878456,-1.4161742216008857,-0.7385618260244641,0.284659475442401,0.9257625300377348,-0.9808993413112304,-0.7320398283890867,-0.9260574412949214,-0.5714498554775342,-1.2677866869336212,0.6491178074616235,-0.4771947571879248,1.2684034442640006,0.6800989830294033,-0.0674867226584951,0.057363144647851284,1.377438887235566,-1.2182836526700214,0.4342728470976782,-0.6989746013426286
INTP Music.csv,INTP,0.678422390652917,0.6782411836018177,0.22794601669643336,0.7392970288025913,-0.08448967688829671,0.9784057116289441,0.09025456359683857,1.62464472233018,-1.0037291829738215,0.20492321256499954,-0.2328556122416025,0.6058118987823184,1.6979247068222048,2.033316082062318,-0.494349714494022,1.1623203328605343,-0.8703554711143151,-0.6295042158616667,-0.24415938055141406,-0.2505464612254866,-0.6766064862247088,0.4621672024362405,-0.1226079168870126,0.38379042751334663
"INTP playlist (for intps, by an intp).csv",INTP,-0.040782023327010544,-0.040852468351339925,-0.5544844698490299,0.17097293109069073,-0.8177366840824326,1.266967631509004,-0.6363661223629997,1.3651372845485263,-1.0429043457986193,0.19895856105218795,0.35735863429532116,1.4269560741101186,0.07069970722686869,0.5234336923732602,-0.8605797889969038,0.7213501954685184,-0.5206932002815022,-0.6066316369481267,-0.41507279305710043,-0.8982887926531861,-0.5726173171222965,0.6712139611374732,-1.134958189504734,1.1003753336823714
INTP playlist (made by an intp 5w4).csv,INTP,-0.03660060231549934,-0.03667168060950002,0.18337220172022256,-0.1409065907930815,-0.936056521314594,2.4010402032561924,-0.6006470346517678,0.9644893684761227,-0.9421791435489285,0.26130291783714776,0.9137045308038522,1.725962324394074,0.011714014878038368,0.7024080721329843,-0.2832237804084214,0.2506930755483186,-0.0067465211330542405,0.44148850055280076,-0.9994499220612599,-0.9686311907437007,-1.004027970114686,1.8858957825980642,-0.8027092958871767,0.9555918893870899
INTP Radio.csv,INTP,-0.4923754925702209,-0.49238236345458614,-1.966164306084778,0.8731341091701774,-0.9448676808895861,-1.0068104684465065,-1.038360281090838,-1.9226330438763002,-0.20508894680736975,-0.0867463497176387,1.4145261788269834,0.3313597039897803,-0.49835986331098214,-0.9692520350126254,-1.004726942752889,-0.06683465363019699,-1.0572307142873734,-1.1051476757775764,-0.8128105678989324,-1.6589424304905351,-0.6304539898253232,-0.18206382572209698,-0.00996612599010781,-0.25518564776221037
INTP songs(1).csv,INTP,1.4018082256443556,1.4015144300133038,0.07739894629223448,-0.4940562895086376,0.5943919159222868,0.9935348870209865,-0.2345144593450441,0.5620339475554967,-0.8202680980726069,-0.07366852053339747,-0.7185089075771803,0.10874857495593365,3.307228232458038,2.8016190546424373,-1.4203635741361964,0.5676417999048503,-0.08314880735168256,0.05815178198880999,1.6112856351532616,1.4039289450437744,-0.38822219957805354,2.137724524430253,0.02967124376883971,0.3038997947975705
INTP songs(2).csv,INTP,-0.4923754925702209,-0.49238236345458614,-0.00573547840436554,1.075959269059808,-0.5082003440302323,1.457613717332321,-0.33441717042725194,1.4168131018477326,-1.0929000604317591,1.2694466874427672,0.04855963452565235,1.0301657912408797,0.8541879124888514,1.5957865491137635,-0.8454008177251027,1.5239296562214706,-0.36237065516501565,0.009976025647775038,-0.9873732579684033,-0.32511660116557767,-0.9452140152691293,1.1679094630693938,0.32795924670059906,-0.5739676117895812
intp songs.csv,INTP,0.08047918600681445,0.08039028663861193,0.5381871081329119,0.4083989665961525,-0.06083037636550226,0.8771949825780823,-0.38987825661007547,2.0295773344414183,-1.1268382302105255,-0.03502410129289514,-0.2823267155871209,0.40142410040871107,2.795366485019358,2.514596244166169,-0.8175534989403418,1.640474112966467,-0.9229963846841907,-1.0184818537527296,-0.5887728908044243,-0.3594116480083653,-0.8802204409278781,0.28529744045155403,0.19062059255891886,0.04842378434022355
INTP vibes.csv,INTP,-0.0031492342234096865,-0.0032253875606500413,0.7173463935668172,0.9300382902115977,-0.2169798371876549,0.557789822869085,-0.12875646289091142,1.6601354298443491,-0.8945838604670378,0.24425780323842483,-0.14805076534539574,0.5864207400391401,0.34774617045778916,0.9125503138780399,-0.372845456036952,0.7693727119567771,-0.3816145340478953,0.1959837891064858,-0.11769566432888375,-0.26260167464348266,-0.2899756930346499,0.16772459189001268,-0.6149941884722679,0.717462233193904
Intp vibes_ intp playlist.csv,INTP,-0.24149023187954846,-0.24153071996667685,1.3083629703117223,0.16082944342589345,0.9481844669722694,1.3481868040650307,-0.12422846760130365,1.0732285559942163,-0.3639423969483225,0.5939249481557836,-0.3010345756927634,0.7502267610767116,1.250948169126483,1.8537195767932122,0.2803640393791278,1.8373624814986216,0.7351923927668903,1.2201920563237953,0.7741229781871656,0.22799566981103914,-0.09508503159245586,0.9843955414662724,-0.6858168713715216,0.8241582266552643
intp 🧬.csv,INTP,0.5278912342385136,0.5277333757906054,0.022852462584783215,0.42370709255883815,-0.39334000145498305,2.6496382227924524,-0.3789303417173712,1.6977902885329592,-0.556982349671545,1.8283870434101015,0.3459038124982958,1.6557297365892478,1.5694465321986073,2.17473474461659,-0.4930921359593987,2.1825556863615003,0.2923104209468655,0.8705072213705977,1.1792228510911165,0.9272988862138903,-1.1156831271399468,2.986292677160871,-0.7777693537363383,1.1760126109698377
INTP's Vibes.csv,INTP,-0.007330655234920894,-0.007406173369361597,-0.06972473022608001,1.1972097913641044,-0.7154638816810953,1.0130100918947567,1.424985922563704,-0.005986589256858435,-1.080880649893526,0.40822251514396085,0.5756638734641997,1.1868520789850654,-0.057296612714800785,0.32540772408668467,-1.0492059069529425,0.264719987249844,-0.7160795406821195,-0.7819483002958263,0.18093486653269333,0.20600146239719647,-0.43472292075805125,0.2559333201191555,-1.4390240273688784,1.4974084781512955
Intp.csv,INTP,0.7285994427910515,0.7284104438425344,0.897160480353987,0.34793376549257654,0.17664597996957995,0.7841233040719432,0.009785040810111964,0.26773198874125403,-0.01157683500380244,0.08046133532099092,-0.18663276664711706,0.6129558367950011,-0.4785048082423729,-0.6309305157024507,-0.5138146601668886,-0.4343892071052913,0.3837912065679839,0.48740071731648277,-0.01400761480325451,0.04814486983298733,0.40271417518547337,0.08079383253008716,-0.6265317182678887,0.5184639858702159
INTPMusic Radio.csv,INTP,-0.4923754925702209,-0.49238236345458614,-0.5090412636077747,-1.6620375011898756,-1.539826927360455,1.0592170352341843,-1.682229472026022,-0.03544464742338479,-1.4379856522998955,-0.9072941960515853,1.419867201483098,1.7802607943474436,0.8392779370075932,1.233739592355938,-2.038250359051559,-1.3392948021187618,-1.3178032364582575,-2.150908616218872,-0.4636851877599905,-0.3438316160960804,-2.0621044281342495,0.8889933848760879,-2.7133691075157627,2.067019199582698
INTP의 플리.csv,INTP,-0.5174640186392881,-0.5174683612859851,-0.21067340302151846,-1.0934101332166504,-0.12115429545035127,-0.5944611882479958,-1.4632887412676139,1.302757483243032,2.056647653449043,0.024184594278833012,-0.21333255594178932,-0.04308347802948801,-0.3450969335263625,0.013603435682564065,0.38184868241417147,0.5493586800223405,1.741949864790761,1.0310095809116209,-1.0905239384639995,-0.5429935950042708,0.28105781406253294,-0.48607420523841327,1.7718222027427164,-0.47701372805843717
Songs INTPs like.csv,INTP,0.5906125494111817,0.5904449678432412,1.1554318708384261,0.3952658185078956,1.2912859668865277,-0.6328108081234921,-0.20770412042507289,-1.05133568655005,-0.48690377055187617,-0.44756766491377564,-0.9076389846855594,-1.0126578883623296,-0.5360931993185671,-1.0119415074596063,1.7560167741844745,-1.0644407667644007,-0.5869633684493053,-0.738714035020636,0.644703155011212,0.22189025013941288,1.1833839269194433,-0.9409386523015185,0.6210466249566197,-0.9456484497057818
ISFJ .csv,ISFJ,-0.27494159997163814,-0.27497722565466753,0.26872593771437325,-1.056257191645873,0.5724086129525954,-0.5156510077332672,0.46418238288530994,-0.5841103753233536,0.710710392182438,-0.08596812369611771,-0.5214112636293314,-0.49278725423898606,-0.5750397372145948,-1.2924030925709906,0.23699740834086278,0.3406692244198456,0.30013072473350677,0.5818370364551774,-0.31650488044651565,-0.6189039258088487,0.693489191200175,-1.0602111302570345,0.3412112221002376,-0.5958712928697696
ISFJ Playlist.csv,ISFJ,0.03866497589170238,0.038582458913667086,-0.17815713157882418,1.3513766735919956,-0.9108429896230024,1.4802903769668416,0.42320346260121705,0.028895886123808733,-1.5303806800558595,0.2851648249908549,0.9471037144265285,1.9040659212122124,-0.042540612883951646,0.4763881137446738,-1.2313509448553035,0.48228524693960073,-0.75347479861171,-0.7288999090998871,0.4101144924747615,0.30947421977628137,-0.739446890926696,0.8868454361246968,-0.3326180355083511,1.0007547219873392
Isfj radio(1).csv,ISFJ,1.0087546505623024,1.00852208717947,-0.7032658190139481,0.5627311335381063,-1.8754104022041698,1.6331183398702631,-1.5080674543518802,-0.1932318383600734,0.7712754710650226,0.7096375220038552,2.102600725324966,1.5771998203107427,1.680465111172706,2.5971581746701338,0.11406188629308546,1.1176052471638904,-0.6594700508594468,-0.4952186649876225,-1.290830648284769,-1.279363289889753,-1.9164047207969441,2.9852956693878756,-0.7312591586526688,0.8766310566593533
ISFJ Radio.csv,ISFJ,-0.4923754925702209,-0.49238236345458614,-2.2371751135019973,0.5216610818012335,-1.6162437113108417,-0.31775964856874955,-1.1061359853998052,-1.8429923783701219,-0.2866546321580208,-0.411709259275307,1.9900213700233407,0.4837288454650317,-0.5579997652360141,-1.2020857749538498,-0.5812548736000874,-0.45436609090520097,-1.2309457290679628,-1.6793649286273742,0.23456557251789237,-1.1072365029170235,-0.8944462692298059,0.001639947930885662,-2.3754437348250557,0.9923265134890827
ISFJ songs.csv,ISFJ,-0.4923754925702209,-0.49238236345458614,0.4764525815457555,0.9976574547874139,-1.072228987473564,1.1292794107256334,0.6005794776532664,0.4254402193727638,-1.7736598189352653,1.066506904096838,1.1594923469975071,1.7907203405751468,0.008579303051790135,0.5276943171981103,-1.4198134263779125,0.6038002122711102,-0.9703732068970787,-1.2371472188745096,-0.4636851877599905,-0.8412029081226426,-0.7116823834882411,0.7371269714823744,-1.0237422440622284,2.1653612447876234
ISFJ vibes.csv,ISFJ,5.5455964480519615,5.544655284624867,0.030516145446329117,0.41454939864660945,-0.5690799741328626,1.9638997280608366,-0.7763119581235813,1.1125913764723083,-1.227028618702229,0.2747352162600127,0.35066346287570027,1.535332845785894,0.3530912666388153,1.0673214987013808,-1.4025342931468114,-0.10266596790414859,-0.9224678614555776,-0.8263141484198125,-0.9057003527752575,-0.6137206815059095,-0.43336367722286184,0.6800631731540709,-0.47772360304792905,0.600494122018097
ISFJ _3.csv,ISFJ,0.5989753914342041,0.5988065128244491,-0.4222390381561489,0.6073088873834372,-1.10879344159161,1.1187456162192382,0.6356164063496732,1.0452631225602755,-0.8772240873322954,0.44851785315759957,0.9415064930616112,1.480058135659753,0.410169253588788,1.042250928236785,-1.0526676857380655,0.4575603576197907,-0.5916633032918066,-0.4224346592189788,0.39116682823937904,-0.14946542239843036,-0.945507847882862,0.9236232826032166,-1.060685853938383,0.828542798876047
ISFJ(1).csv,ISFJ,-0.1996760217644364,-0.19972265678197945,0.1112919157076171,0.14049200469138168,0.5902909252565789,-0.04175786991098848,0.565664720888041,-1.16918621805341,0.704943587505498,-1.0215547668283829,-0.08218414924382166,0.11875767158380154,-0.5191273291598771,-0.8307505577608459,0.6804263489335481,0.644278329456417,-0.05113125368312638,-0.24719035183922086,0.13273733664403403,0.42400258379420425,0.6133557881381057,1.9097974977951249,0.15899656035524937,0.5002104510157661
isfj(10).csv,ISFJ,-0.6387252279731132,-0.6387325868564933,-0.321328150245196,2.1591374207525362,-2.4489440634051367,-1.4270344786037563,-1.000364810493387,-0.3671591972772264,-1.497591345440756,1.6809099684653235,2.647857327168133,-0.260701594648799,0.08525917695540271,1.0164791827751885,-2.0920578661881364,-3.211929528744262,-1.3178032364582575,-2.150908616218872,-1.1037483846813834,-0.08801163428071591,-1.61196374658558,-0.5674759402367124,-0.1226079168870126,-0.11611259634265483
ISFJ(2).csv,ISFJ,-0.21640170581048124,-0.21644587397022313,-0.4629220935143825,0.6549391522785194,0.4068561370177086,-0.7777169553152007,1.1515757696979887,-0.7852001276763163,0.44419121695205277,-0.4087621599425396,-0.26361393106449893,-0.18028424071812302,-0.5539233926290692,-1.1473005839290953,0.12078490099489964,0.029602865904438513,-0.11976865176453728,0.07330230553972328,-0.9331986300158089,-0.6722840056681448,0.6256100716648391,-0.607796195011914,1.0038099920820127,-1.0760679210439652
ISFJ(3).csv,ISFJ,0.14738192219099375,0.1472827788989074,0.041614692093775954,0.7584631949312205,0.0517054140486627,1.0345483832787996,-0.31716972574584995,-0.04360638670333013,0.5230061080638972,0.25689214014471934,0.33264678787244223,0.9359550367846178,-0.27652544978194854,0.01091296659600739,0.33442628105144173,0.5071631679489814,0.13695304495554547,0.014831222877332838,-0.8902028935454958,-0.1297009777703486,0.1348135120482251,2.352748341503549,-0.41114846499730057,0.7295492749219332
ISFJ(4).csv,ISFJ,0.3480901307435317,0.3479600883831631,0.043020385278031065,-0.5669991733924287,0.9422108019224235,-0.8369965455313627,0.7290489265851673,-0.6634373519302837,1.5233136728326495,-1.193428556856004,-0.5537417450812248,-0.6303258415205466,-0.5483087054752875,-0.9744940958692715,1.188203898882969,-0.09584693638650753,0.6373557944388148,0.5008905028954774,-0.6250339690194221,-0.4120521464736087,0.9573022110061128,0.564678472577003,0.8018625582031047,-0.219027822099445
ISFJ(5).csv,ISFJ,-0.5509153867313777,-0.5509170721147364,2.675237956298025,-3.0926910294878995,-1.9844796159818199,-0.7132962073947172,-0.5622188432435012,-0.27225892934833773,-1.2100200188839747,-0.5243469489734538,2.0599739306443987,0.3558164199725188,-0.5424981240610555,-1.101127670355215,-1.838160971041517,-3.862591229915856,-0.7146261018034332,0.12492608800066524,-1.8068481085723078,-2.0858420192729015,-1.0817228435082,0.24036198438987094,0.06512840127449789,-0.3128428919372402
ISFJ(6).csv,ISFJ,-0.5216454396507993,-0.5216493983528888,-0.356797197828243,0.864044647313162,-0.9558689897639495,-0.3270392894645948,1.0595341941471779,-1.0528354182196011,-0.43607012732629596,-0.91650094181889,0.9689544689863461,1.0078060126994415,-0.4066214095193216,-0.6328507773825468,-1.0440221865632922,-1.8251919982583498,-0.5098264235252835,-0.6498812599688022,-1.4826441460724826,-0.9143310502549893,-0.2172281499703637,-0.8905577922499324,1.0038099920820127,0.7940130013888279
ISFJ(7).csv,ISFJ,-0.22058312682199244,-0.22062667987886767,-1.421082151358554,-0.15641009953910215,-0.5430071607364126,0.16437202564972644,-0.37841780059621544,0.06361412557770217,0.8866363801936457,-0.22811185494329542,0.4038537503454556,0.6379081033357928,-0.05087538178651823,0.4196705488627672,0.026517781826274824,-0.3924251046035614,0.6459317132353619,0.580258042924146,-0.8887073896682678,-1.230174888650191,-0.29935999391669077,2.6699010905291605,0.26918961666743,0.25888403638987156
Isfj(8).csv,ISFJ,0.1682890272485498,0.1681866758328145,-0.21613435324363198,-0.34010802282619085,-0.5102122328018204,-0.14490015152037056,0.7203422278810427,0.6016803304993315,-0.0074490169192552285,0.2609745382925443,0.3961112770761922,0.6474969021321618,-0.2939416417746687,-0.03196363887778642,-0.32577672220811266,0.5625470855811513,-0.16944676855772653,0.02874361865123609,-0.32185300207854584,-0.3595564412600536,-0.17891394091787768,-0.24166336803664742,-1.0269915264919416,1.2620955472137911
isfj(9).csv,ISFJ,0.21428465837517308,0.214175239211495,-0.5615945068180147,-0.6333110422486076,-0.7120781303036063,-0.26636036704532384,-0.07502528590977757,0.4588517264385828,0.3796800042611688,0.02287738797347929,1.198891534673093,0.9653179117770144,-0.18891708450360786,0.15811390828726823,-0.8046407456049199,-0.8906815018705219,-0.40560110404876965,-0.20382844643791923,-0.7490433751794909,-0.9581657799922693,-0.5029550842471131,-0.09322532995056135,0.4637466110694709,-0.09978236140072932
isfj.csv,ISFJ,-0.42547275638604154,-0.4254876003434957,0.37193050705977515,-2.4960356285686975,1.510834741296727,-1.8557595342436708,-0.47430958489968505,-0.8099881524206174,1.3020699990541842,-1.9525347762700171,-0.7813219918145916,-1.2580016625695092,-0.39269912797410184,-0.42647800327612273,1.969233670106286,-1.6644987869221766,-0.26498496506074587,-0.49036951882457486,-0.3631793965078709,0.15089245206387567,1.3233350244153133,-1.441757140396861,1.0038099920820127,-2.078224018206959
isfjが好きな曲.csv,ISFJ,-0.27076017896012694,-0.27079640932296745,-0.42839752315831636,0.27140246995662687,0.43455595727169627,-0.2631638466400473,-0.7752433919443333,-0.5334994068590587,-0.14831581854239137,-0.9174927413226633,-0.5725287039560336,-0.3986814092534985,-0.47474378564163866,-0.7386264663851131,1.2010484115855575,-1.3485497823979689,-0.6853456583735873,-0.2596688563945511,0.13626813539139448,-0.24856633269224743,0.7052799108209586,-0.6154894592284218,0.8397685490282718,-1.3294501435877997
SHSI Isfj playlist.csv,ISFJ,-0.45474270346662,-0.4547538944168298,0.8469075923449932,-1.0635031958928094,0.8983248843705517,-0.8333195384877715,1.1476933680610886,-1.7952955410016436,1.3763495236613703,-0.7707734675498079,-0.49301101022360366,-0.44532168517539217,-0.5750397372145948,-1.2924030925709906,0.6998209764783743,0.20085625147111313,0.37518207708138507,0.47723180085054767,-0.20627918714907637,0.02507988365742161,1.0044395266952681,-1.3811128450189072,0.7174325575983639,-1.088889209348207
for people with mbti ISFP.csv,ISFP,3.6470498585408992,3.650715172915221,0.23235312795902843,-0.22852170886355694,0.6526491018322474,0.07068790373578805,0.5518703320475057,-0.10027945219042611,0.8165422874121543,0.34025712755345583,-0.6248495841149985,-0.3221811332140169,-0.3429379009586153,-0.11531594498425528,0.5224806379168235,0.5084220814486822,0.5877013856528368,0.4020908990457742,0.334387824409113,0.6279340214170688,0.678639095123099,0.11917296973508681,0.4498339712775752,-0.008030609135473698
ISFP (PDB).csv,ISFP,-0.3293000731212838,-0.32932793814355105,-0.6759266579315244,-0.5323883759702931,-0.04086816609929582,0.8673174985833593,0.4469937779500564,0.10823078426523171,-0.5388244303423568,1.1439171263600965,-0.07866472537280972,0.8377291828096779,-0.3680232237107717,-0.19868402675730143,-0.7641831241863964,-0.15555670539628189,-0.1954871297297303,0.18138567060676136,0.5209268393734287,-0.04100198204363315,0.09398463343244069,0.22122721291550534,0.24442713210289504,-0.12389430090793194
Isfp .csv,ISFP,0.9125819672975446,0.9123643686260423,-0.5321102812635685,0.37956908581703847,-0.049143436250305435,-0.09324326216178203,-0.4677977133395755,-0.0898207001899265,0.5553672156965824,-0.5699428640255408,0.5208457894734105,0.6789439785637522,-0.5529672346516665,-0.8988753275611426,0.3956115295989815,-0.31916086882556294,-0.5302351642664661,-0.5271348642569218,-0.5776483947483498,-0.8211360852082956,0.668989872528349,-0.7640763257731664,0.3472192420353008,-0.2445225606406074
isfp core.csv,ISFP,0.24773602646726273,0.2476214594938517,0.1381348392353401,0.799456165574563,-0.23263824709145584,0.14487457396117714,0.5854337655970375,-0.3359600414036489,-0.22545963813350642,-0.26374261494657597,0.18684976959752067,0.9047268756870249,-0.46337912788358765,-0.5683555270475802,-0.5732941084845095,-1.061640577510202,-0.342091149034242,-0.2488670916284743,-1.1857749057125597,-1.289711933343051,0.07403235389216335,-0.22115676417527275,0.18504807587104713,0.09404087893746234
ISFP Mood.csv,ISFP,0.6826038116644282,0.682421955441739,-0.3296575652074707,-0.2609412181069273,0.07715595886695488,0.2979104987586079,-0.7864211792040733,1.1475265893712232,-0.11004587305692531,0.5793830492796053,-0.3071185887293566,0.47021130401931144,0.05977643940435316,0.46561129171695753,-0.16333097130705435,1.1796996451879629,-0.6880207055316494,-0.4985749905765904,-0.037562367288291466,0.1925790043173932,0.015262659194472575,-0.2182853916691356,-0.06815871282808401,0.34905040870586895
ISFP songs.csv,ISFP,-0.4923754925702209,-0.49238236345458614,-0.621669131625321,-0.4414122789061469,-0.007852353878889877,0.622993162734292,1.3260875851424323,-0.9301516871893629,-0.8921229887993883,1.0080977519569398,-0.29994209378583087,0.5823211539499146,-0.5409597932574336,-1.0987123765400826,-0.9711846006417767,-0.2710334620646417,-0.5360856699456051,-0.05396967917492471,-0.2018411526557845,-0.36910768866660837,0.12090865155666662,-0.663450057249333,-0.34789149868081465,0.5090678484107559
isfp vibes.csv,ISFP,0.4651699190658455,0.46502177450688764,-0.637967877758683,-0.46310412125306,-0.7282295546878575,1.299919930794802,0.914094559511281,0.8018983074291716,0.2250255549893056,1.4948982391119996,0.45353932732173197,1.216558353209752,0.955656670359512,1.5718365883106584,-0.350771495034613,1.487990337823684,0.05199257901592431,0.16612076602243558,-0.5906967507854479,0.07099550683901469,-0.7651067929403748,0.9862195861141236,-0.38907236847107507,0.7718567730276282
ISFP vibes🎨🖌️🎐🌼✨🎡🌌.csv,ISFP,-0.05332628636154417,-0.05339483317212697,-1.1686863373798926,-0.3414439759528355,-0.7347508709491981,0.177843697442428,-0.3726279597334066,1.571130247584023,-0.5615087282031408,0.12364059563420329,0.3935724690053188,1.0172718658170254,-0.2527918800390185,-0.07383820073127514,-0.7350356920691823,0.1198751784977587,-0.3371539594710591,0.2687180769505522,-0.33417093383747987,-0.15838888164042003,-0.2799927752312827,0.03922783032324645,-0.8493291484799294,0.8672027441989715
isfp's k-pop.csv,ISFP,-0.2623973369371045,-0.2624347794612287,-0.5978697904668491,-0.7215259783159789,1.0062728798391123,-0.9210178855933984,0.3412127131115925,-0.7375434415987668,1.1361138427130333,-1.0131787497256413,-0.685195144659627,-0.8689910833447155,-0.4766541847192187,-0.30477185145011265,0.9247563558292301,-0.6988571404610967,-0.24242457353079916,-0.09440790260691441,-0.023122208060850028,0.48236442216444103,0.9699387662714503,0.6918806557303949,0.6819763038051505,-0.5950071991063044
isfp's playlist..csv,ISFP,-0.03660060231549934,-0.03667168060950002,0.26527532901285594,0.922489579247064,0.06406730576893546,0.7532222294884793,-0.734822778602481,2.3499944863519686,-0.8839743124448114,0.7833811298120579,-0.484114999243773,0.23993883860264928,0.6909015772318399,1.301834308571571,-0.37485871660033826,0.34660207632235435,-0.3618243815336302,-0.007424131593950753,-0.23093493433402953,0.12575383994698636,-0.16428474946423827,0.07044662183000511,-0.8027092958871767,0.7042315064257649
isfp(1).csv,ISFP,0.051209238926236,0.051124809058044694,1.1696223595356867,-0.022122238782891098,1.300128048658155,-1.0762981892231354,-0.14332733744502626,-1.3917339217849518,0.4465651077355414,-0.8578025911380468,-0.8664613996851066,-1.1527801810245444,-0.5697147459712883,-1.2369594443962877,1.87246062500036,-1.4387610317446116,-0.7387531871896261,-0.639073838501727,-0.32791420659484705,-0.5244015504992057,1.1746214249061833,-1.1637703677028102,0.8160736739205098,-1.2794360284550332
isfp(2).csv,ISFP,0.051209238926236,0.051124809058044694,1.1696223595356867,-0.022122238782891098,1.300128048658155,-1.0762981892231354,-0.14332733744502626,-1.3917339217849518,0.4465651077355414,-0.8578025911380468,-0.8664613996851066,-1.1527801810245444,-0.5697147459712883,-1.2369594443962877,1.87246062500036,-1.4387610317446116,-0.7387531871896261,-0.639073838501727,-0.32791420659484705,-0.5244015504992057,1.1746214249061833,-1.1637703677028102,0.8160736739205098,-1.2794360284550332
ISFP(3).csv,ISFP,5.650131973339741,5.649174467127927,0.9886628453697905,-0.9659604572927222,1.7742057813232528,-1.425657382639094,-2.3084580777652217,0.35811888098299827,-0.07668711894438662,-1.0551624370543804,-0.7858037434748311,-1.1227341683502046,-0.554216532484351,-0.9732707535626033,1.3200124110056903,-1.487107693229385,-0.10271302444788051,-0.24478490564760413,2.2819710276052465,1.5248115291828865,1.2481865663763756,-1.3044800029825143,0.7146046039991146,-0.8515365136167456
ISFP(4).csv,ISFP,0.2770059735478412,0.276886897554942,-0.7785780417694227,0.2837459960853876,-1.0492915116235804,0.5713101573747713,-0.939408806035245,0.09508683585080449,0.6501441563959012,-0.6494946351149984,0.8703695521897947,0.9860380379496809,-0.4398668825768161,-0.44090011572328974,-0.016804627240962468,0.196829758845852,-0.24136404230503244,0.05114035786937954,-1.2939769571929862,-1.3887085814673032,-0.3809543832218097,0.3824532317919029,0.13733467749046058,-0.25687035774022865
isfp(5).csv,ISFP,1.1174715968615936,1.1172221071892805,-0.3011004440638851,-1.2698766770880852,0.2680971437197291,1.2607131836410306,0.40153703568842714,0.4039111556165884,0.9010600203971201,-0.059724377600096384,-0.10108108644307795,0.6696139582923283,-0.5037950267869087,-0.7555701724320378,0.6838601016281125,0.7372197403338306,-0.29947383946859546,-0.16417749206294746,-0.9331986300158089,-0.4853262626709309,0.4059082741498347,0.4801751384938063,0.6542320203330091,-0.5824799810100244
ISFP(6).csv,ISFP,-0.09601162585405444,-0.09335178325897114,-0.09646348319627689,1.2012954066375514,-0.8795444710642717,0.8414573258266008,0.25342153768432596,-0.021117617610451313,-0.7231094773276076,-0.23434577168451942,0.8434076589738312,1.1852613925883788,-0.4774148977539768,-0.6311088642057806,-1.0920476753841637,0.3715484501234066,-0.2622432508123149,-0.16958806089380843,0.011513246318013095,-0.1088913761095361,-0.2849512737243709,-0.1283761913676338,-0.9908883883839601,1.3435259394937296
ISFP.csv,ISFP,0.047027817914724795,0.04694402585832989,-0.11224825093422693,-1.3132684996770942,0.863093660059511,-0.8311586386188266,-0.04236033592470996,-1.3764046627544682,1.4975903534045778,-1.1541493806732845,-0.585351127089747,-0.9495764786971619,-0.5446962116940777,-0.9254059671742221,1.6407379038750531,-1.2208526602171221,0.11364730433151564,-0.15856054971747838,-0.3203292355800347,-0.11300616477347043,0.869888895917816,0.9425408217248984,0.5318471810614762,-0.20115211484938347
isfpのぷれいりすと.csv,ISFP,-0.12441044355723468,-0.12446828587588438,0.08164293550598768,0.830527726527415,0.8381906112861071,-0.7278994773879285,0.44980309198042007,-1.4913176714749417,-0.5382624932118111,0.03374663829363635,-0.7270497424927411,-0.5257606802826816,-0.45773558228958344,-0.4405706299178361,1.4867034356850526,-0.9554929497214635,-0.7513412317389442,-0.5482226809312339,0.14854917451264538,0.3411013624540056,1.0691618558389893,-0.9098398265446853,-0.22055730027561762,-0.10091542634061273
감성적인 ISFP일때.csv,ISFP,3.354531838020089,3.353933151146116,-1.8826005238539758,1.0684257748000565,-0.9096979533719187,-1.3128559476301833,-2.439513395898094,-0.6691240604942068,0.4000559931593328,-0.7741335427345777,1.5539571543006576,-0.071369882876372,-0.5258521892351868,-0.7973471885715728,0.13675008104900757,-0.37764875776090323,0.029831285422088287,0.21917889560765094,-0.14245384572493386,-0.7762288289296584,0.14257653491777975,-1.022657470673993,-0.4942097012891628,0.6223383815971382
🧡ISFPのみんなへ🎨.csv,ISFP,0.19337755331761702,0.19327134836370644,-0.2651348262975802,-0.741501259149851,1.0490424406107173,-0.26252755055196547,-0.35151945095381376,-0.26035648135706324,0.6734866560745832,-0.98331223163987,-0.615511675392906,-0.3203260483895657,-0.4063320707210546,-0.33011112324581415,1.4562072997754172,-0.6116065956403168,0.08246966305817592,-0.047648551897192706,-0.17655403400086145,0.4720328866916133,0.8949507159356622,1.1187632502081932,0.6090373604339901,-0.3604843252423702
Because it's ISTJ.csv,ISTJ,0.11811197511041531,0.11801731792622137,-0.7089054490406971,0.39591152916673256,-0.8062740724858836,0.08287151222786324,0.8541410875587051,1.0722925625730788,-0.9165798897444023,-0.10632996828812392,0.5835475288938746,0.9224786607534388,0.24381350805711863,0.8743983764987241,-0.9045277524158659,0.5109135253650043,-1.1848580720853574,-1.575052449530744,-1.3071079811058521,-1.3932090280985394,-0.4232386998689005,-0.20659714216970115,-0.720299052258325,0.5854924652335837
inside my istj brain.csv,ISTJ,-0.3083929680637278,-0.3084237938417414,-2.887406348871913,0.2095949063647434,-1.7641996121509524,-0.008715475774683002,0.10481396552476563,1.2848550139138988,-1.7645821321859292,0.28080153177779466,1.3563999428992672,1.1108403356459822,1.4563877732637944,1.7809631429696102,-1.8599674582295929,-0.6505616873045317,-1.2254016328515611,-1.6671703451498812,-0.7570990710682501,0.5920352453523504,-1.5053874853966456,0.11808532119249664,-0.4341703172401449,1.3853288123859568
istj playlist .csv,ISTJ,-0.6303623859500906,-0.630367196796264,-0.36618606336493115,2.092092090274033,-0.06083037636550226,1.5313093963078095,1.278155302282215,-1.3936174780560249,-1.2761460458462293,2.26558045569974,-0.013490481626268282,0.9462194937859065,0.09528268988397949,0.5228563888210941,-0.556344751885217,0.5113514645167493,-0.8068767223977004,-1.0435631981776363,-0.9154945032339148,-0.8916360000589223,-0.15263990945521844,-0.04504629084160606,0.00991183710934995,-0.23514126692638598
istj playlist.csv,ISTJ,-0.4965569135817321,-0.4965633395995243,0.4161162236792131,0.8654533232466454,-0.14579615969798002,1.795448685182319,0.2867238970314093,1.3409850627544642,-0.9886061032604795,0.29159427126171045,-0.23429656532368665,0.7819291251713648,-0.15338736937726918,0.33953480424313265,-0.5708156752899967,0.945235454657509,-0.34287203105699043,0.029747928896793188,0.6300035030834279,0.9946017115999063,-0.122776529432087,0.014608504060366762,-0.37547724339026045,0.024038219504795882
ISTJ Radio(1).csv,ISTJ,-0.4923754925702209,-0.49238236345458614,-2.409636536403865,0.1689027917593617,-0.44997803244898515,-1.6793250565555338,-1.144644908302627,-2.0136763221648715,0.6231164736761582,-1.422531348640187,0.5746503661529491,0.17913749941088974,-0.5516097757440465,-1.1301005148232768,-0.2982413620375719,-0.09525430216014401,-0.883515699506784,-0.9364979417670739,-0.5509665327947263,-1.3539749726364037,-0.20400492309500487,-0.6229965536240191,0.6658846193913059,-1.0035313321133446
ISTJ Radio.csv,ISTJ,-0.4923754925702209,-0.49238236345458614,-0.8610033511626064,-1.5721733560080131,1.5914417673684917,-1.73083382322608,-0.13109005750035171,-1.7542454098313607,1.6552361075363131,-1.6703544731480577,-0.9822577381044819,-1.9054050469364867,-0.5750397372145948,-1.2924030925709906,1.6031901563861466,-1.4680201489537426,0.5930619261282263,0.09947207460060872,-0.0272784625863136,-0.8511447195624111,1.7048623279835635,-1.6387610889154758,1.0038099920820127,-2.078224018206959
istj songs 🌀.csv,ISTJ,-0.3752957042479071,-0.37531719414770226,1.079751698290385,1.1128245245301513,0.12907271382219979,0.3763446669465074,0.9462118718302871,0.49321213408855885,-0.23066871795283986,-0.1117398283262208,-0.4994087475968831,-0.1363662075921472,0.2441896848325485,0.7320190974822992,-0.1950879092952228,0.21239107193514414,-0.092889670697691,0.24613054880516033,0.2166617068697416,0.1963523486100841,-0.21389812488728338,0.6317108734031152,-0.29590297980532304,-0.04015679352008691
ISTJ Songs(1).csv,ISTJ,-0.17040607468385796,-0.170457049185054,0.04633828242362971,2.4131588084749653,0.20854725646430286,1.7672043698653774,-0.09357569575596474,-0.45861163786546566,-0.6824285300042122,0.765852874470923,-0.09116908811167854,0.6850126977818272,-0.09033974687898576,0.40435629345741253,0.004943774554363528,1.1262718141210426,0.39199021610659907,0.07821194348879205,0.7884928488800713,0.17951808442550257,0.057109184880477164,0.6179661687411567,-0.592687831653606,0.15340348733450596
ISTJ songs.csv,ISTJ,-0.4923754925702209,-0.49238236345458614,-0.34361908245700173,2.256388475643866,-0.8575342135177153,2.2624200114182,-0.4114350162328959,0.928424992783648,-1.497591345440756,1.0591561702221162,0.5666388321687768,1.4323230820233501,-0.05532059186788709,0.5636376648026753,-0.8957143308917719,1.9520956818921726,-0.7966581921164892,-0.8656971625782005,-1.42377998314208,-1.9775453565283172,-0.9553675644769948,1.2912858774945484,-1.3616676167529354,0.585379016630136
ISTJ Vibe.csv,ISTJ,-0.3251186521097726,-0.32514710655206125,-1.934487718204842,-0.16425779928254217,-0.3515257208515292,-0.7306196424774024,0.6118754283714275,1.694045014190915,-0.5913059526557496,0.2025395772483319,-0.2800616205658484,0.2541331752406233,0.11010913609083273,0.6220835288021054,-1.049682998499034,0.11108764166819628,0.32283856980286474,1.6746369410635555,0.10849251857882984,-0.04384413161720312,-0.20174857882659059,-0.37423593089705887,0.06512840127449789,-0.3277829162173877
istj 𓏲ּ𝄢˖ .csv,ISTJ,-0.576003912800445,-0.5760044916101206,0.4236582684125312,-0.04207532324847648,0.21048131455078606,0.38268285145480657,0.14463383048385367,-0.1726121714158515,1.1376077197341081,-0.6164819146424355,-0.00039973982206542986,0.3820276503947263,-0.4259399824020147,-0.691122796152057,1.0071147851199092,0.18389182136199467,-0.15970313792099478,-0.20602701956594402,-1.831092926637512,-1.9847050078574318,0.28336543888250193,0.030184467863141256,1.0038099920820127,-0.08256980040137896
ISTJ(1).csv,ISTJ,-0.48819407155870964,-0.4882013954296487,-0.0659831063328668,-0.6911003573087369,1.0468919119909454,-0.8870919511952924,0.16517192269869202,-0.2761579339387673,1.5503571531450184,-0.38702505990356306,-1.2597291013863616,-1.787275822864985,-0.5019516221103888,-0.9984234479602361,0.4630793710995901,0.32451239656046754,1.0665204958243424,0.7029028815551956,1.8227437723656261,0.6472341676784158,1.0219863714546222,-0.40386200356785984,0.3412112221002376,1.3068990600108201
istj(2).csv,ISTJ,1.510525171943647,1.510214424798413,0.8348018827877819,-0.6753851055208437,-1.6479860148070213,-0.5066408994297594,-1.1861588375143872,-0.29556028400817297,-1.2900299823992574,-1.2427095334537375,2.1528367412000997,0.3186653762200889,-0.5551087680997616,-1.0516095021145953,-1.3765222466494398,-2.8478945363038886,-1.2685456708304912,-1.7422319141070346,-1.108148200436128,-1.4086152644099128,-0.6957130962652858,-0.3274208741292438,-0.01827053023392615,0.3080605631640161
istj(3).csv,ISTJ,0.24773602646726273,0.2476214594938517,-1.696099299871998,0.8595978669482266,-1.427301730184088,-0.06660301400501363,-0.8850303036613817,-0.006192165392258335,-0.6193298571259734,0.0880072602948368,1.8056266803494605,0.8153539390641789,0.42005334005879197,1.073977788047965,-0.9274650390905628,0.23668123326230397,-0.8586446070822502,-0.7576064301403108,-0.14762674891174166,-0.6457718800287462,-0.5052119731644367,-0.2863572475677688,-2.2712376727618424,1.4045952511992186
ISTJ(4).csv,ISTJ,-0.40456565132848554,-0.40458321542043474,2.1291872293032332,0.0848303887280448,0.510177588293166,0.7920858908826057,-1.0305934110067758,-0.4920178046632003,-1.4003841364638163,-1.1024167678432437,-0.7275812282132669,0.27673020189569525,-0.39204003814885263,-0.14920577123998433,-0.9938611136183036,-0.8150580556566505,-0.706130649202661,-0.7367520230410809,0.465676739652121,-0.42839375405531804,0.327697836832334,-0.3135976987127117,-0.424043695343506,0.05051982342307425
ISTJ(5).csv,ISTJ,-0.48401265054719844,-0.48402043506066883,-0.8819857063822212,2.4878060052459525,-0.5543863123518948,1.300719813473051,0.6233293644143179,-1.1765615425537832,-1.192926618354376,2.0601905628880894,0.4506770133465945,1.533071187928391,-0.06302134843513024,0.5366387185018958,-0.15141298467137723,0.8726343786890806,0.8536344482991103,2.494666073470422,0.5803339778478052,0.7078835099556967,-0.6109279336563527,0.607737882308041,-1.2706877087208193,0.9423504493156043
ISTJ.csv,ISTJ,-0.35438859919035104,-0.35441296014724616,-0.3326361691224598,-1.7740456287763533,0.9938300737209165,-0.8811221886846862,0.1574392072563586,-0.5147346138796834,1.5450581776025105,-1.7698731969639703,-0.3642435020885128,-0.6692000571913072,-0.5121663466309766,-0.7539544174860846,1.396379390417929,-0.00414204409140687,-0.5852700416003502,-0.7910799923128713,0.5226991693795491,1.5138493951139262,0.8681120077209766,2.5145554402155548,0.39310148721929,0.42414586164597046
POV_ you’re an istj .csv,ISTJ,0.5028027081694463,0.5026487364654804,1.0052511762852543,-0.11009213787223106,0.3258393233912351,0.41826887960978115,-0.7068947272047977,1.9062518513354063,-0.0880561311813827,0.02373219134020971,-0.7591309530800241,-0.21692852439964802,2.021633076014416,2.389262428702241,-0.5326446824937482,1.3490818364577681,0.4917281675062158,0.7948014472207202,1.5722734092655382,0.9633837846917696,-0.2726118910064798,0.7125559924354589,0.5344691966782553,0.015093596927670204
she’s an istj.csv,ISTJ,-0.634543806961602,-0.6345497748995721,-0.7686133031794621,0.32227581391056614,-1.2143733028574681,1.432600574361894,0.2293534608700622,0.4565814882629866,-1.5171984813423547,-0.49610702379871535,1.549053186977872,0.4303560327716775,0.5365521848256227,0.5429589652294591,-0.9551995782294491,0.330311459102592,-1.3178032364582575,-2.150908616218872,-0.32185300207854584,-1.1033569645849275,-1.2333209740422912,0.5647023972949579,1.0038099920820127,0.6966205654806974
💫ISTJ 💫.csv,ISTJ,0.04284639690321359,0.04276324247788886,-0.3407717487149868,0.0855692863203976,0.7993484792621005,-1.6199475164561778,0.6494901365851204,-0.30168081549211695,1.5708152707105536,-1.1684632515070184,-0.6525246034525478,-1.2143419014588668,-0.5558937012836054,-1.1366934867903242,0.5707973808327957,-0.30553290572172,0.9024308007655679,0.5770532601508107,-0.4352451989284476,0.10947409126938411,1.0038110933506563,-1.4393875016436117,0.624118562092454,-0.6896132427657127
ISTP (PDB).csv,ISTP,-0.30003012604070534,-0.30006214508560974,0.38259602486446737,0.6180877727970039,0.21370325236615548,0.8292294395361047,0.15795149965441288,0.5958772885607656,0.23110446988352926,1.1839556841714154,-0.5525835925505891,0.10405940888900207,-0.02590001524861905,0.42176881266921434,-0.21709335208646782,0.05049242581145568,0.2202984569115446,0.36198670858963655,0.5418686414943561,0.22856943807172025,0.2738464865001288,0.015161367184856389,0.47580159725278376,-0.3512638141625539
ISTP being ISTP.csv,ISTP,-0.47983122953568724,-0.4798394819183018,-0.6179502869266285,-0.8642187519573326,0.14989028864223689,0.023354677583144082,0.9014431530419561,0.44939978666474045,0.3669362950131571,0.8932278120824149,-0.7301715461371067,-0.9172138983195666,0.06797807329787998,0.4565162174925457,-0.141486289176321,-0.3360705139832274,0.8126639259451975,0.7457612303944408,0.6199209449354034,0.19177257906880688,0.31784919090921254,-0.5204422044504339,0.36621494926935905,-0.6162832583131153
istp buzz.csv,ISTP,0.13296757639251794,0.1355992180557485,-0.7499318984066078,0.3241172724246554,-0.0815902532040718,-0.14098350959833303,1.1762085350585443,-0.766342796802815,0.337400106978209,0.5805943262711,-0.30625604142327306,-0.08821752226167537,-0.33207028752000983,-0.018301879263389463,0.4721474370339055,0.4675521243251869,-0.07386406026559449,0.17894032823521464,-0.10666501259278191,0.04892858719266088,0.05580348176151368,-0.37736743838165393,0.4943747568698939,-0.5680918514011496
Istp cringe.csv,ISTP,0.920944809320567,0.9207259097267805,2.025085766787014,1.0342825915649632,1.360109367648285,0.18666523572222748,-0.22918062111714813,-0.6133036965844647,-2.0971250061020115,-0.860618091625145,-1.2242693858291012,-0.855706343159598,-0.45838400121432504,-0.5051693193630039,-0.6470212054584104,-0.4834678300701977,-0.164926527540686,-0.2509454886698803,1.294988924305888,1.1859755742371494,1.0783778742818069,-0.8089185386807858,-0.17196127887792317,0.27533140839860926
ISTP kpop songs.csv,ISTP,-0.4923754925702209,-0.49238236345458614,-0.6955811700118334,-0.5535420476736969,1.3694692044649874,-1.974711562482229,-0.8119278144222449,0.04923742619873609,1.2913276652026424,-0.3511754170597072,-1.0904134468908044,-1.8367800667647152,-0.5430897897547562,-1.07108139564229,0.9847532237125008,-0.5776693251113615,0.5930619261282263,-0.003717263775814154,0.23456557251789237,0.93896360012721,1.572866188281322,-1.6631888253390343,1.3417353647727122,-1.0035313321133446
ISTP Music vibe💙.csv,ISTP,-0.28748586300617174,-0.28751968059098815,-0.9754799089329651,1.0651653654726145,-1.838602217567631,-1.2108895983736698,-0.5497715146284479,1.2272836440015937,-0.1096437858609207,-0.09788689467616561,1.7441994535325676,0.5416535487241774,0.5588068830773201,1.013634943311608,-0.6512618073244184,-0.1612062632828584,-0.7475266727846054,-0.8337464730580805,-1.4211350938986034,-1.462752948797597,-1.0971070089746613,-0.7898358964955803,-2.0682388505607716,0.8676720601296758
Istp playlist made by an istp.csv,ISTP,-0.23312738985652606,-0.23316910174765065,-0.235956393888892,0.16534158177758035,0.24930701898136096,0.6345088996783723,0.3476308669287297,0.4229724226442627,0.2614488468740985,1.3428311854373294,-0.6314670000832352,0.1533601685060413,-0.09008517755633047,0.15325327619677725,-0.18215341238739155,0.2776569284085381,0.8536344482991103,0.9499435721921674,-0.282888115902325,0.011780750540086964,0.18545621437809195,-0.1684455532548215,0.8529504507022299,-0.8307796168103043
ISTP Radio.csv,ISTP,-0.4923754925702209,-0.49238236345458614,-2.0154389983424523,-0.0023826068818786866,-0.3480889871818029,-1.929355140386859,-0.9259142262145978,-1.7212508456221352,1.1125105857800623,-3.1393782348057164,0.5586272981846049,-0.25456265250051663,-0.5452197862520787,-1.1768757837996147,1.4459604277403044,-1.4931888697315399,-0.5360856699456051,-0.6920597009242048,0.4091282625873633,-0.5725769613153059,0.009219610270154322,-0.6876523794201932,1.0038099920820127,-2.078224018206959
ISTP songs ___.csv,ISTP,0.07629776499530325,0.07620950462388304,-0.05641044993510851,0.45409380249719683,0.35447197760118304,0.6486387029011453,-0.08492903894974299,1.3182367501611543,0.2944587100817049,1.684495059826484,-0.6680275718364013,-0.1709578002329118,0.14297521107640146,0.6103437937153254,0.17069771251718904,0.38758726552742495,0.9236808252267672,1.0118429343711461,1.434918694017103,1.4244663891608107,0.17200393144140522,-0.0939866064195998,0.6404493762855544,-0.7195248744972721
ISTP songs(1).csv,ISTP,-0.4923754925702209,-0.49238236345458614,0.2617557081373083,0.615074690025957,0.31418980705488253,0.39411680775496793,0.7915837352512632,0.3970341322088388,0.42233940204378734,0.8531634059937947,-0.7285591619390344,-0.27766796443848285,-0.3066601785519506,-0.6613776736567183,0.39985863314996795,-1.5988498591806446,0.5930619261282263,0.38396039468364535,1.4565044030041872,0.8422155408880392,0.1818299468038546,-0.5310105289109989,1.0038099920820127,-2.078224018206959
ISTP Songs.csv,ISTP,-0.3669328622248847,-0.3669554946047326,-0.15047988691128847,-0.2243453681303677,0.2025212328892882,0.6329821368547878,0.5836355515760248,0.36123890643560835,0.4944936621616718,0.5017932049465645,-0.61239191916854,-0.11299439292248106,0.2636463836061681,0.980301993286045,-0.3616573525913946,0.38029785400068283,0.8536344482991103,1.2873064179820777,0.2236554043885503,0.8148669159870143,-0.021241037353439653,0.3345086375200689,0.3701999182869365,-0.18806155178854903
ISTP woman vibes.csv,ISTP,-0.47983122953568724,-0.4798394819183018,0.6902861517205772,0.45652318166729866,1.052748068469358,-0.5047231913100052,0.9610229960236802,0.5471414210580844,-0.8553651581732974,1.7880858119177006,-1.11563214348878,-0.9838210616879244,-0.0847386566988328,0.27222174467054383,0.10375253286247715,2.2346197434577926,-0.7442159235034812,-1.011196233369549,0.2905573787665907,0.14048337737216077,0.5094255910576035,-1.0438848858540142,0.6850124706756822,-1.034390205825478
ISTP(1).csv,ISTP,-0.5007383345932432,-0.5007443243667834,-1.0215860536094974,0.835022636391723,-1.6900829450089336,-0.31782000663107574,-1.259658224705722,-0.6900223516158851,0.0742473826707397,0.6943814329031542,1.3751917723908056,0.618311230209436,-0.03144688112706322,0.7381252163363345,-0.3896093043506553,0.1039541252585716,-0.32256096427779735,-0.17655185319272396,-1.867460153735318,-2.274335106801214,-1.6140790693372185,0.31943899875545173,-0.40421239412926707,0.5604406372413903
istp(2).csv,ISTP,0.051209238926236,0.051124809058044694,-1.5287536450513552,0.374147793802912,-1.4917126559842857,0.10111127648805711,-0.4488314591407476,-0.07969248574874971,-0.8875915618354637,0.6202143096184725,1.584474552509744,0.8741547245462883,-0.3916233721673732,-0.5163365316892112,-0.9739797958177026,0.09787705847855586,-0.18383022330718765,0.06037484948532517,-1.3704413833986309,-1.3465128742582193,-0.15380126312278466,0.07523223817565268,-1.342893984936782,1.0082182777258413
Istp(3).csv,ISTP,0.8540420731363877,0.8538335788279755,-0.030864814548065004,0.32866896885950714,-0.2713298341276957,1.1760187122010701,1.0488067772645218,-0.1240728184217904,-0.22671161194788586,1.288322309178103,0.4527616246500306,1.2297186243822942,-0.03309304777485958,0.4364340622605919,-0.049085779138289785,0.923674973644559,-0.5122699017902018,-0.28484665137977383,-0.6298012960519063,-0.4881442939873753,0.017790079225180243,0.3066145470952862,-0.5858927020274962,0.46970168909184595
istp(4).csv,ISTP,-0.6470880699961356,-0.647099120448039,1.7408086960696507,2.421404238574805,0.09641596854425616,-1.0703909186858838,2.1222151327856977,-2.0441435237234424,-1.425195766727161,2.675364604248008,-0.4198069676259432,-1.0159829164339456,-0.4603476181279947,-0.947787270323013,-0.23809091200177776,1.6682492191489318,0.018466108007815032,0.6994339869539907,0.6642583480735127,0.22750993379256623,0.0334319199196779,-1.0920671759841523,-2.8953289235799873,1.2542565339076663
ISTP(5).csv,ISTP,-0.4505612824551088,-0.4505729821636676,0.53804594686785,2.008615041081921,0.6395676212563314,0.49133467274494874,-1.1544005021046753,0.3657230053802685,-1.241391436326533,1.1180018728456016,-1.0930839582188616,-0.9320731225647899,0.8005830006395666,1.3380000884878473,-0.6595203385260181,0.11841150130590045,-0.014940625603836855,0.17056604847298798,0.9328163327957752,1.5231399820946236,0.11413961875142331,-0.1471356166686756,-0.40421239412926707,0.039815268119687754
ISTP.csv,ISTP,0.13065623814494892,0.13055965912919348,-0.2555931874941689,-0.537266069059694,0.9780777606568793,-0.8158992193526216,0.43931417116936805,-0.8279462504325009,1.110650371077438,-0.8152486125642783,-0.6652318103958053,-0.8976108485486464,-0.5616603622314127,-1.201636301029717,1.3459970846836615,-0.21516379861393006,0.537193780671152,0.13047808941649996,0.6608845040443385,0.5631521703679563,1.0099309701387518,-0.9233898478381481,0.5792806294052458,-0.8858952318838641
ISTPになる秋.csv,ISTP,-0.5007383345932432,-0.5007443243667834,0.4412563727902718,-1.0096416686165697,1.668313413128107,-1.9132953186806327,0.057667846261647615,-0.8489032430057498,1.5709254231594396,-1.8515971022218276,-1.1826573590141185,-2.005646834983256,-0.47075865869984374,-0.5846284913303151,1.8967729997076328,-1.84312634860856,0.8536344482991103,-0.08745713677628231,0.6782457431111302,-0.1977932173864831,0.829118708805231,3.9470424406174445,-0.05220679757644523,1.2123368708310545
ISTP의 주관적 플리.csv,ISTP,-0.47146838751266484,-0.47147759575076303,-1.0849792250611345,1.6199641234239628,-0.9647161962013749,-0.41646155616981867,-1.2878981015011248,-0.4851813635234911,0.3818417540724865,0.6336634591898168,1.8450854370369563,0.17721016279969667,-0.44917630782735185,-0.4596590149750419,-0.008366916861419132,-0.4728067861033089,1.1299992445409572,0.701807021850914,0.06000288244842147,0.4719692394578496,0.08029445472520769,-0.6932856402613699,-0.5322144292393793,0.12653473305715762
Playlist of an ISTP.csv,ISTP,-0.1494989696263019,-0.1495530591619967,-0.3039966838125725,0.44140967268354697,0.07595248854866285,1.374236682623727,1.0164525062625906,-0.045319013379017066,-0.6538903460386309,1.5289010179710492,-0.49505126990541426,0.3998693630316117,2.214932947535956,2.6203049416052058,-0.9228404295308726,1.6451072820453299,-0.4952889619289515,0.11063212660678398,0.26498179881787537,0.6991540069155653,-0.1727750671980876,1.8333450288764899,0.23579778142131674,-0.00746675243404704
pov_ you’re an ISTP.csv,ISTP,-0.4923754925702209,-0.49238236345458614,0.45533485629246473,0.08624796912950645,0.3342037266609361,0.2713953779618816,0.8901665778824877,0.1078461256258868,-0.2615574982039739,0.11735047064302791,-0.9381943011915359,-0.9202103870408369,0.551728409869046,1.099407000085891,0.3139063814902408,0.9417066714984917,0.5930619261282263,0.7197517783352391,1.194660367899982,1.4765531628860107,0.07014090551734273,-0.08659291433673319,1.0038099920820127,-0.5429487523589381
◖ ࣪˖ 𝐢𝐬𝐭𝐩 ◠ ⭑ ࣪.csv,ISTP,0.657515285595361,0.6573373239625853,0.15914522261170608,-0.6056505344625809,-0.08552875514714045,-0.18565726045247208,1.0655302883322622,0.01622676991989754,-0.03278746946901373,1.3282393353211548,-0.5038253624855933,-0.15558815943136067,-0.0464729141097779,0.49098480103374587,-0.8905539705669854,0.606204210236717,0.5396111523495832,0.6678477921185514,0.1942818748095531,0.16627058189176752,0.005314399036360211,-0.2919995468667814,0.32795924670059906,0.010603099911024134
一個ISTP的收集～.csv,ISTP,1.7446847485882746,1.7443374751157987,0.36605079852641786,0.09574075082219367,-1.3927316161299483,0.021984346454060572,-1.1458429636818257,-0.11357963709407685,-1.2771870280238102,-0.676800827858514,1.7386281070556178,0.6983493265640444,-0.5650269331673519,-1.14473981166527,-1.8906604701791025,-1.4475863340301556,-1.2212948949134856,-1.493372359265075,-1.1634279368418867,-0.7658392688835135,-0.4655672932873492,-0.18010449227641992,0.3972772718679262,-0.13350547313356453
