#,Song,Artist,BPM,Camelot,Energy,Added At,Duration,Popularity,Genres,Album,Album Date,Dance,Acoustic,Instrumental,Valence,Speech,Live,Loud (Db),Key,Time Signature,Spotify Track Id,ISRC
1,"病","TREASURE",118,1B,73,2023-03-30,03:24,51,"k-pop","THE SECOND STEP : CHAPTER TWO (JP EDITION)",2022-11-30,78,15,0,91,0,50,-3,B Major,4,16Dklj36BXIa9bY1ZgP7DK,JPB602204457
2,"Given-Taken","ENHYPEN",108,1A,65,2023-03-30,03:03,72,"k-pop","BORDER : DAY ONE",2020-11-30,63,17,0,46,0,30,-5,G#/A♭ Minor,4,69WpV0U7OMNFGyq8I63dcC,USA2P2041798
3,"Blue Flame - Japanese ver.","LE SSERAFIM",112,9A,74,2023-03-30,03:21,45,"k-pop","FEARLESS",2023-01-24,77,2,0,75,0,0,-4,E Minor,4,6FnZShD1O17bZa9emuXLXh,JPPO02204997
4,"五月雨 (Samidare)","&TEAM",118,8B,72,2024-05-13,03:11,51,"k-pop, j-pop","五月雨 (Samidare)",2024-05-07,66,13,0,64,0,0,-4,C Major,4,7tXjyOod2TlM9g447E8NUn,JPPO02401035
5,"Straight Line","Kep1er",115,9B,91,2024-05-13,02:45,37,"k-pop","Straight Line",2024-04-24,75,2,0,76,10,0,-4,G Major,4,1HBYsYVdX49Gi1lrmqmk63,KRA492400505
6,"I WANT YOUR LOVE","TREASURE",128,4B,57,2024-05-13,03:08,48,"k-pop","2ND FULL ALBUM 'REBOOT'",2023-07-28,74,3,0,64,0,10,-6,G#/A♭ Major,4,77ayKToCEzFaq1ibGN9ajn,KRA402300015
7,"Now or Never - Japanese ver.","SF9",120,2B,94,2024-05-13,03:33,9,"k-pop","Now or Never",2018-10-31,72,3,0,70,10,40,-3,F#/G♭ Major,4,1FRYARf9Rr5f8n95lzzSW2,JPWP01871272
8,"BUT YOU - JP Ver","iKON",138,8B,90,2024-05-17,03:32,28,"k-pop","FLASHBACK [+ i DECIDE]",2022-07-07,63,6,0,76,0,10,-2,C Major,4,3dqK2y5U0v2FzYgFpbNWIO,JPB602202758
9,"SKETCH","Kiro Akiyama",94,8B,75,2024-06-22,03:57,52,"j-pop, anime, j-rock","SKETCH",2022-10-08,61,15,0,72,0,30,-3,C Major,4,1hoeIeIVXV9nDPWL21Nbjj,JPU902202176
10,"可愛いねって言われちゃった (feat. 星川サラ)","HoneyWorks,星川サラ",113,7B,78,2025-04-05,03:17,20,"vocaloid, j-pop, anime, ","告白実行委員会 -FLYING SONGS- 愛してる",2021-03-27,78,28,0,87,0,0,-4,F Major,4,15RAnVRUGar1haZBZDXdrN,TCJPO2127500
11,"BANG BANG BANG - KR Ver.","BIGBANG",135,3B,84,2025-04-05,03:41,58,"k-pop","MADE SERIES",2016-02-03,70,2,0,44,0,30,-3,C♯/D♭ Major,4,6iu311jZAJFLPgoIWgrA72,KRA401500556
12,"Gashina","SUNMI",94,2B,83,2025-04-05,03:00,61,"k-pop","SUNMI SPECIAL EDITION [Gashina]",2017-08-22,72,6,0,53,0,20,-4,F#/G♭ Major,4,0jFHMDRXxKaREor3hBEEST,KRA381702010
13,"ROSE","HANA",125,8B,86,2025-04-07,02:44,70,"j-pop","ROSE",2025-04-02,75,7,0,37,0,10,-4,C Major,4,5JTNhYqB0eG0ivgZcBviJ0,JPU902500941
14,"Tiger - KINISHY ver from Audition  No No Girls ","No No Girls",115,10B,85,2025-04-07,03:28,52,"j-pop","Tiger",2024-12-15,82,3,0,47,0,0,-3,D Major,4,1lZfQuXhvQ5qo495DTlCAt,JPU902404209
15,"Tiger - Showy. ver from Audition  No No Girls ","No No Girls",115,10B,86,2025-04-07,03:28,49,"j-pop","Tiger",2024-12-15,81,5,0,53,0,0,-3,D Major,4,474r5GmZNDhrHg8dJGAgo0,JPU902404210
16,"I LOVE U","WINNER",105,8B,68,2025-04-08,02:56,43,"k-pop","HOLIDAY",2022-07-05,78,2,0,89,0,0,-3,C Major,4,02Vb9vfZUmqAKNhQwFjPSZ,KRA402200004
17,"Billy Poco","ENHYPEN",135,8B,81,2025-04-08,02:25,0,"k-pop","BILLY POCO",2021-08-11,94,4,0,96,0,0,-4,C Major,4,2qxk6ZQyhE6OKHCG448nIt,KRB462100950
18,"Run BTS","BTS",77,4B,82,2025-04-08,03:24,81,"k-pop","Proof",2022-06-10,72,2,0,70,10,0,-4,G#/A♭ Major,4,69xohKu8C1fsflYAiSNbwM,USA2P2226298
19,"ORANGE - KR Ver.","TREASURE",130,3B,62,2025-04-08,04:16,40,"k-pop","THE FIRST STEP : TREASURE EFFECT (KR EDITION)",2021-01-11,77,2,0,71,0,0,-6,C♯/D♭ Major,4,2zBtgKIqm7LvYmBQ1Lpazo,KRA402000174
20,"17歳","mona（CV：夏川椎菜）,HoneyWorks",140,7B,88,2025-04-08,04:06,32,"vocaloid, j-pop, anime","#名前だけでも覚えてって下さい",2021-08-25,65,6,0,90,0,10,-2,F Major,4,6c04LUIUfJf16C9Dhdn6mJ,JPX402100063
21,"Bittersweet","ARASHI",128,3B,92,2025-04-11,04:48,53,"j-pop","Bittersweet",2014-02-12,70,3,0,90,0,10,-4,C♯/D♭ Major,4,1a2CdI5ysXBHfNKF6ofGHR,JPQ401400130
22,"Love Equation","Hey! Say! JUMP",94,3B,94,2025-04-11,03:36,22,"j-pop","PARADE",2019-10-30,60,8,0,86,0,10,-3,C♯/D♭ Major,4,6n3tijjogbOSyLn4WWIW4x,JPQ401900950
23,"SMILEY(Feat. BIBI)","YENA,BIBI",156,11B,91,2025-04-11,02:53,62,"k-pop, k-rap","ˣ‿ˣ (SMiLEY)",2022-01-17,65,10,0,82,10,0,-3,A Major,4,4zCIxSnVWpGNghERX4uWZF,KRMIM2201803
24,"Feel My Rhythm","Red Velvet",158,3B,94,2025-04-11,03:30,64,"k-pop","‘The ReVe Festival 2022 - Feel My Rhythm’",2022-03-21,41,6,0,42,20,30,-2,C♯/D♭ Major,4,2oBMZYteeO8DyXV9gDx6Za,KRA302200057
25,"DON'T LET ME KNOW","iKON",130,9B,74,2025-04-11,03:21,0,"k-pop","NEW KIDS : THE FINAL",2018-10-01,63,19,0,63,0,30,-4,G Major,4,3r95WVcTpHllv8wuCUltKX,KRA401800127
26,"CRY FOR ME","TWICE",145,6B,69,2025-04-11,03:24,69,"k-pop","CRY FOR ME",2020-12-18,70,5,0,42,0,0,-5,A#/B♭ Major,4,2xtP8RNbo2BEMzLX7tK7aq,US5TA2000173
27,"OMG","NewJeans",127,8A,77,2025-04-11,03:32,79,"k-pop","NewJeans 'OMG'",2023-01-02,80,36,0,74,0,10,-4,A Minor,4,65FftemJ1DbbZ45DUfHJXE,USA2P2251723
28,"Ditto","NewJeans",134,11A,64,2025-04-11,03:05,80,"k-pop","Ditto",2022-12-19,81,3,0,18,10,10,-6,F#/G♭ Minor,4,3r8RuvgbX9s7ammBn07D3W,USA2P2254487
29,"Because I Miss You","Jung Yong Hwa",134,8B,52,2025-04-11,04:35,53,"k-ballad","Heartstrings OST Part.3",2011-07-13,40,54,0,21,0,10,-4,C Major,3,6hEINWDpPMqr3GH03D8Rvn,KRA381600543
30,"Believe","ARASHI",126,10A,97,2025-04-11,04:44,60,"j-pop","Believe",2009-03-04,58,9,0,56,10,20,-4,B Minor,4,2vXuVpGXqIXF6KB2jeWhXI,JPQ400900010
31,"GO ON THE RAMPAGE","THE RAMPAGE from EXILE TRIBE",128,4A,93,2025-04-11,03:53,16,"j-pop","Lightning",2017-01-25,62,11,0,54,10,10,-5,F Minor,4,7ciXFjfVh8PSBqNm5cKQpU,JPB601700051
32,"Whiplash","THE BOYZ",140,9B,86,2025-04-11,03:21,35,"k-pop, noise music","THE BOYZ 5th MINI ALBUM [CHASE]",2020-09-21,80,12,0,85,0,0,-4,G Major,4,7af1XfpPIcAhu3850yCOk1,KRA382005453
33,"One More Kiss","THE RAMPAGE from EXILE TRIBE",108,7B,70,2025-04-11,03:12,21,"j-pop","WELCOME 2 PARADISE",2019-07-31,67,19,0,67,0,10,-4,F Major,4,7jd1uIRl0pOp9Gx8Jyl8OV,JPB601902180
34,"Next Level","aespa",109,10A,85,2025-04-11,03:41,68,"k-pop","Next Level",2021-05-17,82,49,0,82,10,0,-3,B Minor,4,2zrhoHlFKxFTRF5aMyxMoQ,KRA302100169
35,"I LOVE YOU","BOBBY",112,10B,83,2025-04-11,03:30,40,"k-rap, k-pop","LOVE AND FALL",2017-09-14,76,10,0,59,10,0,-4,D Major,4,2psmCxz85mli4dgFnIZbQW,KRA401700285
36,"ウィークエンダー","Hey! Say! JUMP",125,9A,96,2025-04-11,04:10,49,"j-pop","ウィークエンダー / 明日へのYELL",2014-09-03,61,2,0,83,0,30,-4,E Minor,4,3CvSybk3z3kJonHDqhrMU3,JPQ401400920
37,"CASE 143","Stray Kids",100,11A,89,2025-04-11,03:11,72,"k-pop, noise music","MAXIDENT",2022-10-07,81,10,0,69,20,0,-3,F#/G♭ Minor,4,3O8G8eVrhfXTGttyQ1xVuq,US5TA2200101
38,"HIP","MAMAMOO",138,2A,73,2025-04-11,03:15,0,"k-pop","reality in BLACK",2019-11-22,78,4,0,83,10,0,-5,D#/E♭ Minor,4,6Jj5jqglkS6Pm1gXo5eiyA,KRA381904798
39,"Kira・pata・shining","すなお from STAR☆ANIS",110,3A,82,2025-04-11,03:52,32,"","TVアニメ/データカードダス『アイカツ!』主題歌/挿入歌 2年目1",2013-00-00,62,5,46,15,0,20,0,A#/B♭ Minor,4,2FnIKQYAVX0xtcoZgvMxd3,JPR501821531
40,"How You Like That","BLACKPINK",130,1B,78,2025-04-11,03:01,1,"k-pop","How You Like That",2020-06-26,83,7,0,35,0,0,-4,B Major,4,3vAn0qZzdyuHamcrpkfiX3,KRA402000111
41,"MY TREASURE","TREASURE",108,2B,78,2025-04-11,03:17,43,"k-pop","THE FIRST STEP : TREASURE EFFECT",2021-03-31,74,13,0,57,0,10,-5,F#/G♭ Major,4,5L5Avl3ZLMSwNwJXDkzBFV,JPB602100929
42,"Perfect World","TWICE",135,2A,88,2025-04-11,03:02,55,"k-pop","Perfect World",2021-06-30,68,5,0,60,0,30,-2,D#/E♭ Minor,4,0hpYo5x9iNMGz52fRrflbT,JPWP02170588
43,"Talk that Talk","TWICE",120,2A,91,2025-04-11,02:57,68,"k-pop","BETWEEN 1&2",2022-08-26,77,14,0,78,10,30,-2,D#/E♭ Minor,4,0RDqNCRBGrSegk16Avfzuq,US5TA2200073
44,"スーパー愛したい","neguse.",96,11B,65,2025-04-11,04:07,50,"j-pop","スペースシャトルで君の家まで",2021-10-13,69,24,0,81,0,0,-6,A Major,4,19QF8XwEEZ4RPbUEdYl5RD,JPA962180220
45,"LOVE SCENARIO","iKON",118,9B,75,2025-04-11,03:31,44,"k-pop","RETURN",2018-09-26,74,23,0,59,0,20,-5,G Major,4,5VsIvVknLye3blPELouskQ,JPB601801855
46,"Nxde","i-dle",136,8B,91,2025-04-11,02:58,39,"k-pop","I love",2022-10-17,73,4,0,65,10,40,-2,C Major,4,7Ejqkb9YfldcLoh8B6bXgj,KRA392200038
47,"Boy With Luv (Feat. Halsey)","BTS,Halsey",120,10A,86,2025-04-11,03:49,0,"k-pop, ","MAP OF THE SOUL : 7",2020-02-21,65,9,0,80,10,10,-5,B Minor,4,1ZpFxOhpzT1MDCq7zjtOV1,QM6MZ1917908
48,"相思相愛","aiko",186,11B,48,2025-04-11,04:20,60,"j-pop","相思相愛",2024-04-12,52,2,0,60,0,10,-6,A Major,4,01vIbnKIo9QDYeqSc7ecoi,JPPC02410892
49,"アイのシナリオ","CHiCO with HoneyWorks",180,10A,95,2025-04-11,04:19,52,"anime, j-pop, j-rock","世界はｉに満ちている",2015-11-18,41,0,0,46,10,30,-3,B Minor,4,6eltM9Os3VEdgcG5lrsoSH,JPX401400136
50,"BDZ","TWICE",138,3A,86,2025-04-11,03:17,59,"k-pop","BDZ",2017-10-31,72,1,0,67,0,10,-3,A#/B♭ Minor,4,6ceKChoZYLdw24Ph1CDFUJ,JPWP01870896
51,"ガンバランスｄｅダンス～希望のリレー～","Mayumi Gojo,キュア・カルテット,Kanako Miyamoto,Yumi Kudo,うちやえゆか",138,4B,85,2025-04-11,04:00,31,"anime, ","ガンバランスdeダンス ~希望のリレー~/プリキュアモードにSWITCH ON! 【Yes! プリキュア5 GoGo!】",2008-09-10,68,29,0,74,0,20,-6,G#/A♭ Major,4,2ZkBtn5ZBXn8WGUsOZa9kP,JPD600803654
52,"B.L.T (BLING LIKE THIS)","TREASURE",128,9A,80,2025-04-11,03:25,41,"k-pop","THE FIRST STEP : TREASURE EFFECT",2021-03-31,74,8,0,58,0,30,-6,E Minor,4,0GOy7Iowm5Md2TqGx0ij1k,JPB602100935
53,"三日月ステップ","r-906",167,4B,85,2025-04-11,03:09,50,"vocaloid","三日月ステップ",2020-11-03,66,0,0,96,0,10,-7,G#/A♭ Major,4,7rulpDP9BnLMpBOlPF1Ucb,TCJPM2090292
54,"Under the skin","&TEAM",113,11A,76,2025-04-11,03:11,49,"k-pop, j-pop","Under the skin",2022-11-21,65,0,0,37,0,20,-4,F#/G♭ Minor,5,14OcSHjrsHoZBJHwaYefH7,JPPO02204385
55,"Maria","HWASA",129,8A,75,2025-04-11,03:19,0,"k-pop","Maria",2020-06-30,67,24,0,48,0,20,-3,A Minor,4,2kqnQCChvRpDRAasIwc4Rh,KRA382002246
56,"LET IT BURN","TREASURE",128,12A,71,2025-04-11,03:15,45,"k-pop","REBOOT (JP SPECIAL SELECTION)",2024-02-21,75,10,0,79,0,20,-5,C♯/D♭ Minor,4,1dlrGQGPhnBGIQXHxCtKnv,JPB602400723
57,"夢ファンファーレ","LIP×LIP,勇次郎 (CV:内山昂輝),愛蔵 (CV:島﨑信長)",190,8B,89,2025-04-11,04:02,41,"vocaloid","どっちのkissか、選べよ。",2019-01-16,47,6,0,73,0,0,-3,C Major,4,1corYorswlHDf2RbnZAkMc,JPX401800089
58,"Oh! my darling","山田 涼介",128,11B,93,2025-04-11,04:37,40,"","Lucky-Unlucky / Oh! my darling",2019-05-22,66,4,0,77,0,10,-3,A Major,4,2GNpsbwyf4KpfSPY9Sbj9C,JPQ401900210
59,"ライブ終わりに","Koresawa",95,12B,95,2025-04-11,04:31,48,"j-pop","ライブ終わりに",2023-08-09,51,1,0,34,0,30,-4,E Major,4,25CT9v6urtrTRZjr1WOV0G,JPCO02323670
60,"YES or YES","TWICE",138,1B,91,2025-04-11,03:57,61,"k-pop","YES or YES",2018-11-05,70,5,0,74,0,10,-3,B Major,4,184XtKkzoAl83quIarUAJP,US5TA1800109
61,"ELEVEN","IVE",120,11B,73,2025-04-11,02:58,71,"k-pop","ELEVEN",2021-12-01,83,6,0,59,10,0,-3,A Major,4,7n2FZQsaLb7ZRfRPfEeIvr,KRA382163861
62,"Dive - JP Ver","iKON",124,11A,73,2025-04-11,03:11,23,"k-pop","FLASHBACK [+ i DECIDE]",2022-07-07,73,2,0,61,0,0,-6,F#/G♭ Minor,4,4J1g8EwA6sRXteHYQuGa9t,JPB602202753
63,"EMMA","NEWS",131,5A,95,2025-04-11,03:49,31,"j-pop","EMMA",2017-02-08,52,14,0,69,0,30,-2,C Minor,4,7w0xCG4Er4qQqABchk5Um7,JPJE01700030
64,"Lovesick Girls","BLACKPINK",128,2B,73,2025-04-11,03:12,0,"k-pop","THE ALBUM",2020-10-02,66,1,0,41,0,10,-5,F#/G♭ Major,4,4Vhvlhomv8fTp2e6I4XTpe,KRA402000136
65,"LAST NIGHT","TREASURE",130,5B,64,2025-04-11,02:58,26,"k-pop","SPECIAL MINI ALBUM [PLEASURE]",2025-03-07,72,6,0,45,0,10,-6,D#/E♭ Major,4,7oTNnuN87SQ7ZUfY5Zmnzq,KRA402400074
66,"Rock with you","SEVENTEEN",164,1B,82,2025-04-11,03:00,69,"k-pop","SEVENTEEN 9th Mini Album 'Attacca'",2021-10-22,62,10,0,69,10,10,-5,B Major,4,6LnEoRQKMcaFTR5UvaKuBy,USA2P2135688
67,"BEAUTIFUL","iKON",110,5B,85,2025-04-11,03:18,25,"k-pop","RETURN",2018-09-26,74,23,0,75,10,0,-3,D#/E♭ Major,4,7DT7smqWc2Kz7NjPbnUuIW,JPB601802638
68,"Yet To Come","BTS",172,3B,89,2025-04-11,03:13,72,"k-pop","Proof",2022-06-10,56,4,0,68,10,30,-5,C♯/D♭ Major,4,10SRMwb9EuVS1K9rYsBfHQ,USA2P2226300
69,"In My Head","CNBLUE",112,10A,89,2025-04-11,04:14,41,"k-rock, k-pop","EAR FUN",2012-03-16,66,5,0,53,0,40,-3,B Minor,4,5er3DLeyd1BY5Amcea2340,KRA851200016
70,"LOVE DIVE","IVE",118,12A,71,2025-04-11,02:57,72,"k-pop","LOVE DIVE",2022-04-05,70,0,0,54,0,30,-4,C♯/D♭ Minor,4,0Q5VnK2DYzRyfqQRJuUtvi,KRA382204375
71,"Seven (feat. Latto)","Jung Kook,Latto",125,1B,84,2025-04-11,03:04,80,"k-pop, ","Seven (feat. Latto)",2023-07-14,79,30,0,90,0,0,-4,B Major,4,7x9aauaA9cu6tyfpHnqDLo,USA2P2330093
72,"Dance The Night Away","TWICE",118,8B,86,2025-04-11,03:00,59,"k-pop","Summer Nights",2018-07-09,71,11,0,78,0,10,-3,C Major,4,281tmNk46TBQS9ACYMLYyA,US5TA1800053
73,"The Stealer","THE BOYZ",116,4A,86,2025-04-11,03:30,49,"k-pop, noise music","THE BOYZ 5th MINI ALBUM [CHASE]",2020-09-21,79,3,0,40,0,30,-4,F Minor,4,2DQgD8rAJLKNptQFK70ndO,KRA382005451
74,"RHYTHM TA","iKON",82,9B,85,2025-04-11,03:46,24,"k-pop","WELCOME BACK",2016-01-13,72,9,0,83,0,30,-4,G Major,4,0wzWgiBVd1LlBl3Vx6PM6L,JPB601504147
75,"レンズ越しの景色","HoneyWorks,山本幸大（CV：松岡禎丞）",95,7B,60,2025-04-11,04:17,30,"vocaloid, j-pop, anime, ","好きすぎてやばい。〜告白実行委員会キャラクターソング集〜",2020-01-15,64,2,0,61,0,10,-6,F Major,4,6bh6SY4qMGPAmfUA7nJbz9,JPX401900106
76,"Over","THE RAMPAGE from EXILE TRIBE",98,12A,80,2025-04-11,03:35,20,"j-pop","Over",2018-09-07,70,20,0,70,0,0,-4,C♯/D♭ Minor,4,0UdDyV8MLgNkQnbmk6cvpx,JPB601802744
77,"White Love","Hey! Say! JUMP",132,2B,86,2025-04-11,04:39,50,"j-pop","SENSE or LOVE",2018-08-22,55,41,0,74,0,30,-3,F#/G♭ Major,4,5UHcGJs6xAnAmX7UAmJIhs,JPQ401701140
78,"Dreams come true","Hey! Say! JUMP",123,8B,94,2025-04-11,03:51,23,"j-pop","Hey! Say! JUMP 2007-2017 I/O (Selected Edition)",2017-07-26,61,6,0,69,0,20,-3,C Major,4,3BVOviy5oDYcG92Rqp0hnS,JPQ400800350
79,"恋しさと せつなさと 心強さと","Ryoko Shinohara,Tetsuya Komuro",130,10B,86,2025-04-11,04:22,54,"kayōkyoku, j-pop","Lady Generation　〜淑女の世代〜",1995-00-00,60,20,0,66,0,10,-8,D Major,4,2gnw7ushUAnh0sfil88sL3,JPES09400409
80,"Sugar Rush Ride","TOMORROW X TOGETHER",125,3A,89,2025-04-11,03:06,68,"k-pop","The Name Chapter: TEMPTATION",2023-01-27,71,1,0,83,0,10,-4,A#/B♭ Minor,4,0rhI6gvOeCKA502RdJAbfs,USA2P2243432
81,"NAVILLERA","GFRIEND",125,11A,96,2025-04-11,03:13,0,"k-pop","GFRIEND The 1st Album 'LOL'",2016-07-11,64,4,0,80,0,20,-1,F#/G♭ Minor,4,2Oi0IO8K4BEbhPUdWcjNmv,KRA381601301
82,"Make A Wish (Birthday Song)","NCT U",101,4B,80,2025-04-11,03:49,60,"k-pop, noise music","NCT RESONANCE Pt. 1 - The 2nd Album",2020-10-12,73,6,0,69,10,0,-2,G#/A♭ Major,4,1Q5SpQeocfNXefx76svqkl,KRA302000484
83,"Love Shot","EXO",146,4A,68,2025-04-11,03:20,75,"k-pop","LOVE SHOT– The 5th Album Repackage",2018-12-13,69,7,0,34,10,0,-4,F Minor,4,0yB4jrSwN0bFtFRDR5vyMj,KRA301800573
84,"君はロックを聴かない","Aimyon",100,9B,69,2025-04-11,04:06,71,"j-pop","青春のエキサイトメント",2017-09-12,52,0,0,62,0,10,-4,G Major,4,59eluCMn0XbOWqeWQ91FTM,JPWP01771557
85,"Hey baby!","Kumi Koda",120,12A,83,2025-04-11,02:35,52,"j-pop, j-r&b, anime","Dejavu",2011-03-02,75,0,0,90,0,20,-4,C♯/D♭ Minor,4,0MyB2GqSgFY5pK37jHSSH3,JPB601070301
86,"Here I Am","BOYS PLANET",128,9B,93,2025-04-11,04:04,53,"k-pop","BOYS PLANET - Here I Am",2023-01-05,62,1,0,49,10,10,-3,G Major,4,5ZMbkW9TYzmKyod6FCIS4Q,KRA492201302
87,"ボイスメモ No. 5","CHANMINA",110,4B,75,2025-04-11,02:43,61,"j-pop, j-rap","ハレンチ",2021-10-13,71,1,0,29,0,20,-5,G#/A♭ Major,4,6mZz9TYuiKttMYTLpo1HBf,JPWP02101001
88,"Stand By Me","SHINee",111,8B,84,2025-04-11,04:07,60,"k-pop","꽃보다 남자 (Original Television Soundtrack)",2009-01-08,76,19,0,70,0,10,-4,C Major,4,4y6TpWQJjW5nVRn3wDs1qa,QZEKE2016784
89,"Candy","NCT DREAM",120,3B,96,2025-04-11,03:37,65,"k-pop, noise music","Candy - Winter Special Mini Album",2022-12-16,65,5,0,84,0,20,-1,C♯/D♭ Major,4,27bIik73QCu8Xzt3xpG1bI,KRA302200259
90,"もう一度","もさを。,asmi",105,6B,56,2025-04-11,03:27,36,"j-pop","こいのうた",2022-12-07,82,32,0,70,0,10,-6,A#/B♭ Major,4,4yUAjjv6VkDoEujLMX5Jct,JPPO02200924
91,"好きにさせた癖に","あれくん",72,9B,43,2025-04-11,04:23,51,"j-pop","好きにさせた癖に",2020-09-04,56,28,0,31,0,10,-6,G Major,4,0gLLZfnNSaFn1QejC86sS4,NL1AP2082831
92,"花に亡霊","Yorushika",90,12B,45,2025-04-11,04:01,68,"j-pop, j-rock, anime, japanese indie","盗作",2020-07-29,65,57,0,41,0,0,-7,E Major,4,3FUqp10RhCmMjyyB9extmo,JPPO02001032
93,"ラブソング","上野大樹",97,6B,27,2025-04-11,04:32,41,"j-pop","ラブソング",2021-02-14,73,93,0,61,0,10,-11,A#/B♭ Major,4,2CQEPeRFWrGqopVvOK90tu,JPB602152804
94,"枯れそうな恋","Suzukisuzuki",140,3B,71,2025-04-11,03:41,34,"j-pop","313",2022-12-21,45,8,0,50,0,30,-4,C♯/D♭ Major,3,4ze0UCEwBmu1swDE8sMSi0,JPPO02100605
95,"愛とか恋とか","Novelbright",90,2B,56,2025-04-11,03:52,68,"j-pop, j-rock","Assort",2022-05-16,70,70,0,40,0,10,-5,F#/G♭ Major,4,1VHL1PIkhDwWbFc65xHwOr,JPPO02201073
96,"W / X / Y","Tani Yuuki",106,10B,78,2025-04-11,04:38,65,"j-pop","Memories",2021-12-08,63,16,0,67,0,30,-4,D Major,3,4IfrM44LofE9bSs6TDZS49,JPZ922113161
97,"なんでもないよ、","Macaroni Empitsu",172,12B,51,2025-04-11,03:39,68,"j-pop","ハッピーエンドへの期待は",2022-01-12,60,25,0,65,0,0,-6,E Major,4,5W7Y92LB4jWvu9NeEQ0GZl,JPTF02128201
98,"ダンスホール","Mrs. GREEN APPLE",110,9B,70,2025-04-11,03:23,66,"j-pop, j-rock, anime","ダンスホール",2022-05-23,74,2,0,78,0,0,-4,G Major,4,4NaaF28BeO9WzjDrSS71Nz,JPPO02201800
99,"グッドな音楽を","neguse.",136,11B,81,2025-04-11,03:35,48,"j-pop","グッドな音楽を",2022-07-27,60,0,0,88,0,10,-2,A Major,4,2vAtN2fB1zqTzfPGxqHmyO,JPP302200435
100,"Give Love","AKMU",96,7B,71,2025-04-11,02:56,64,"k-ballad, k-pop","PLAY",2014-04-07,79,33,0,84,0,0,-5,F Major,4,2A3ShNautqXezP1lFDePwa,KRB471400413
101,"JIKJIN","TREASURE",130,10A,60,2025-04-11,03:04,45,"k-pop","THE SECOND STEP : CHAPTER ONE",2022-03-31,84,5,0,51,0,0,-6,B Minor,4,5pp1SkT4D5VcAk4SZsz2xl,JPB602201236
102,"U","TREASURE",116,1B,51,2025-04-11,02:46,41,"k-pop","THE SECOND STEP : CHAPTER ONE",2022-03-31,87,22,0,69,0,30,-5,B Major,4,0Qk13Xgp0glz8I875TuJRl,JPB602201237
103,"DARARI","TREASURE",170,8B,60,2025-04-11,03:39,47,"k-pop","THE SECOND STEP : CHAPTER ONE",2022-03-31,66,44,0,57,0,10,-6,C Major,4,6FbSEkc7Y2FYaiY7a3f7LN,JPB602201238
104,"IT’S OKAY","TREASURE",144,10B,50,2025-04-11,03:40,43,"k-pop","THE SECOND STEP : CHAPTER ONE",2022-03-31,68,27,0,41,0,10,-7,D Major,4,5qT6evlPsYv0iWSV10QKzg,JPB602201239
105,"BEAUTIFUL","TREASURE",128,8B,69,2025-04-11,03:49,46,"k-pop","THE FIRST STEP : TREASURE EFFECT",2021-03-31,69,11,0,36,0,10,-7,C Major,4,406szmvIaQo0EATtjcf19k,JPB602100939
106,"BE WITH ME","TREASURE",107,11B,40,2025-04-11,03:09,41,"k-pop","THE FIRST STEP : TREASURE EFFECT",2021-03-31,83,33,0,70,0,30,-8,A Major,4,1a9FHfFKZ0U7V231njm7s3,JPB602100930
107,"SLOWMOTION","TREASURE",166,8B,63,2025-04-11,03:11,41,"k-pop","THE FIRST STEP : TREASURE EFFECT",2021-03-31,58,24,0,43,0,20,-6,C Major,4,4arEwLote6hzqw4EQPfDeO,JPB602100931
108,"BOY","TREASURE",110,11A,76,2025-04-11,03:17,42,"k-pop","THE FIRST STEP : TREASURE EFFECT",2021-03-31,75,3,0,55,0,0,-6,F#/G♭ Minor,4,2lHbJtqFpse2PvFpzmBBKo,JPB602100932
109,"COME TO ME","TREASURE",105,1A,82,2025-04-11,03:25,43,"k-pop","THE FIRST STEP : TREASURE EFFECT",2021-03-31,82,23,0,71,0,10,-5,G#/A♭ Minor,4,1UVl27MkRUx0YHDxobfNfp,JPB602100933
110,"I LOVE YOU","TREASURE",130,5A,75,2025-04-11,03:02,43,"k-pop","THE FIRST STEP : TREASURE EFFECT",2021-03-31,74,2,0,47,0,10,-6,C Minor,4,3aStyeJGQeryA4MM7uYOTN,JPB602100934
111,"MMM","TREASURE",160,3B,70,2025-04-11,03:28,43,"k-pop","THE FIRST STEP : TREASURE EFFECT",2021-03-31,74,6,0,70,10,0,-6,C♯/D♭ Major,4,1OjfriQYoPwIfaNTFj7Dv5,JPB602100936
112,"オレンジ","TREASURE",130,3B,60,2025-04-11,04:17,46,"k-pop","THE FIRST STEP : TREASURE EFFECT",2021-03-31,77,4,0,72,0,10,-7,C♯/D♭ Major,4,319qDCUNGnrZR4RjQ94rtD,JPB602100937
113,"ミチョガネ (GOING CRAZY)","TREASURE",125,1B,89,2025-04-11,03:46,44,"k-pop","THE FIRST STEP : TREASURE EFFECT",2021-03-31,75,16,0,85,0,0,-5,B Major,4,2jblLaJWB4NvMNuiVHjhAn,JPB602100938
114,"B.O.M.B - JP Ver.","TREASURE",120,6A,82,2025-04-11,03:21,0,"k-pop","B.O.M.B (JP Ver.)",2024-02-12,79,29,0,80,0,0,-4,G Minor,3,6C4Jbs4Syi7S57NsElWsHW,JPB602400724
115,"HELLO - JP Ver.","TREASURE",135,10B,58,2025-04-11,03:01,39,"k-pop","THE SECOND STEP : CHAPTER TWO (JP EDITION)",2022-11-30,65,3,0,57,0,0,-5,D Major,4,4QiD4Qkiq1Gw2v2FkKIgqe,JPB602204452
116,"VolKno - CHOI HYUN SUK x YOSHI x HARUTO Unit JP Ver.","TREASURE",98,3B,87,2025-04-11,03:15,33,"k-pop","THE SECOND STEP : CHAPTER TWO (JP EDITION)",2022-11-30,69,1,0,59,0,30,-3,C♯/D♭ Major,4,2b9ZfngrRpnpbrFQjSSyo8,JPB602204453
117,"CLAP! - JP Ver.","TREASURE",160,1A,79,2025-04-11,03:04,36,"k-pop","THE SECOND STEP : CHAPTER TWO (JP EDITION)",2022-11-30,70,4,0,93,0,0,-5,G#/A♭ Minor,4,1dowIrDPXe25k8Hu9vzH4h,JPB602204454
118,"ありがとう - ASAHI x HARUTO Unit JP Ver.","TREASURE",170,3B,78,2025-04-11,03:15,46,"k-pop","THE SECOND STEP : CHAPTER TWO (JP EDITION)",2022-11-30,50,6,0,63,0,20,-5,C♯/D♭ Major,4,6n3NZ4FmnvhyCtKp0oFXco,JPB602204455
119,"HOLD IT IN - JP Ver.","TREASURE",130,6B,69,2025-04-11,03:18,39,"k-pop","THE SECOND STEP : CHAPTER TWO (JP EDITION)",2022-11-30,73,20,0,52,0,0,-5,A#/B♭ Major,4,1s3fyMOCXm4EKuxURFcKEw,JPB602204456
120,"BONA BONA - JP ver.","TREASURE",132,4A,65,2025-04-11,03:32,36,"k-pop","BONA BONA (JP ver.)",2023-09-25,71,6,0,29,0,10,-5,F Minor,4,6MHC1y7Gd5U1aX2hsuTPBC,JPB602303577
121,"MOVE (T5) - JP ver.","TREASURE",95,5A,60,2025-04-11,03:28,31,"k-pop","MOVE (T5) [JP ver.]",2023-09-16,69,8,0,26,0,30,-6,C Minor,4,7dLjKKuD6OL7sVo7GAzCm8,JPB602303777
122,"B.O.M.B - KABOOM ver.","TREASURE",120,6B,84,2025-04-11,03:37,38,"k-pop","B.O.M.B (KABOOM ver.)",2023-10-20,80,14,0,82,0,10,-6,A#/B♭ Major,4,0M1uJ3DnsWwg4bk7gOJILX,KRA402300045
123,"STUPID - JP Ver.","TREASURE",133,1B,75,2025-04-11,03:00,46,"k-pop","REBOOT (JP SPECIAL SELECTION)",2024-02-21,66,10,0,91,0,20,-5,B Major,4,2aM24VBXkvq7NGPzXJscKa,JPB602400725
124,"Here I Stand","TREASURE",130,4B,62,2025-04-11,03:49,34,"k-pop","REBOOT (JP SPECIAL SELECTION)",2024-02-21,75,0,0,77,0,10,-5,G#/A♭ Major,4,57kF7DrDyBzVDAn0waz3jY,JPB602300259
125,"Polaroid Love","ENHYPEN",138,6A,67,2025-04-11,03:04,72,"k-pop","DIMENSION : ANSWER",2022-01-10,74,46,0,65,0,30,-4,G Minor,4,5elW2CKSoqjYoJ32AGDxf1,USA2P2146748
126,"Tamed-Dashed","ENHYPEN",155,10A,81,2025-04-11,03:16,65,"k-pop","DIMENSION : DILEMMA",2021-10-12,57,0,0,71,0,10,-4,B Minor,4,1zoyteFQmeUUqyOl2Xznpy,USA2P2135692
127,"The Final Countdown - &TEAM ver.","&TEAM",163,5B,76,2025-04-11,03:21,45,"k-pop, j-pop","First Howling : ME",2022-12-06,57,7,0,61,0,10,-4,D#/E♭ Major,4,3CHuZLVL2ZNCic0qw7KNn6,JPPO02204458
128,"君じゃない誰かの愛し方 (Ring)","TOMORROW X TOGETHER",129,9B,74,2025-04-11,03:24,49,"k-pop","君じゃない誰かの愛し方 (Ring)",2022-08-23,45,2,0,50,0,40,-5,G Major,5,5yR9bGLr8Zz2EndMrthui1,JPPO02202905
129,"ParadoXXX Invasion","ENHYPEN",95,3B,86,2025-04-11,03:07,64,"k-pop","MANIFESTO : DAY 1",2022-07-04,73,3,0,72,0,30,-3,C♯/D♭ Major,4,3OC2C8IpFhbUJTeMe55QYn,USA2P2228073
130,"9と4分の3番線で君を待つ (Run Away) - Japanese Ver.","TOMORROW X TOGETHER",129,3B,79,2025-04-11,03:30,44,"k-pop","STILL DREAMING",2021-01-19,63,1,0,46,10,10,-4,C♯/D♭ Major,4,7u6awM8yTcM17pBzyhMO4C,JPPO01904932
131,"ある日、頭からツノが生えた (CROWN) - Japanese Ver.","TOMORROW X TOGETHER",111,7B,81,2025-04-11,03:51,40,"k-pop","STILL DREAMING",2021-01-19,63,5,0,54,0,0,-6,F Major,4,6gUaVBXsaFrrG5TrUX0cvd,JPPO01904933
132,"5時53分の空で見つけた君と僕 - Japanese Ver.","TOMORROW X TOGETHER",112,2A,81,2025-04-11,03:30,44,"k-pop","STILL DREAMING",2021-01-19,71,2,0,67,10,10,-4,D#/E♭ Minor,4,2rPvbloYiatOGsvWWvR62H,JPPO02004347
133,"Into the I-LAND","I-LAND",122,3B,92,2025-04-11,03:37,63,"k-pop","Into the I-LAND",2020-06-26,52,2,0,55,0,10,-5,C♯/D♭ Major,4,18W2OWFsdGCjG7iA4iYpMw,KRA492000740
134,"Good Guy","SF9",124,4B,85,2025-04-11,03:13,46,"k-pop","FIRST COLLECTION",2020-01-07,73,11,0,59,0,0,-2,G#/A♭ Major,4,52Ympobu59UXxyhdCUww1y,KRA381905398
135,"Good Guy - Japanese ver.","SF9",124,4B,78,2025-04-11,03:14,9,"k-pop","THE BEST ~Dear Fantasy~",2022-06-29,72,9,0,60,0,0,-4,G#/A♭ Major,4,1WkSDuRO5M52MdhPY8o5ox,JPWP02070113
136,"Move","SF9",100,1A,78,2025-04-11,04:37,34,"k-pop","KINGDOM <NO LIMIT>",2021-05-28,62,6,0,43,10,0,-4,G#/A♭ Minor,4,1iYJJ019mK7sZCDc28aS0g,KRA492100660
137,"The Stealer (The Scene)","SF9",116,4B,83,2025-04-11,04:26,28,"k-pop","KINGDOM <RE-BORN>, Pt. 1",2021-04-23,48,11,0,18,10,10,-4,G#/A♭ Major,4,3rRewESrzP4WQPtWi0thpP,KRA492100388
138,"No Air","THE BOYZ",102,10A,86,2025-04-11,04:04,50,"k-pop, noise music","THE BOYZ 3rd MINI ALBUM [THE ONLY]",2018-11-29,73,9,0,40,0,10,-4,B Minor,4,0mve4vxmwumqI6gnw7euma,KRA381801959
139,"KILLING ME","iKON",128,7A,65,2025-04-11,03:14,26,"k-pop","NEW KIDS",2019-02-27,78,36,0,61,0,10,-4,D Minor,4,1Ohw11d7alN15A0T1pOBP8,JPB601900196
140,"LONG TIME NO SEE","iKON",95,8B,71,2025-04-11,03:31,27,"k-pop","WELCOME BACK",2016-01-13,73,64,0,65,0,10,-5,C Major,4,5YNW82LFkixc9wVfR6AVY5,JPB601600236
141,"Bloom Bloom","THE BOYZ",124,7B,77,2025-04-11,03:44,42,"k-pop, noise music","THE BOYZ 2nd Single Album [Bloom Bloom]",2019-04-29,69,13,0,73,0,10,-3,F Major,4,7tlGwysecWPnIwtt6Jq8cz,KRA381901580
142,"Don't Wanna Cry","SEVENTEEN",100,8B,68,2025-04-11,03:23,65,"k-pop","SEVENTEEN 4th Mini Album ‘Al1’",2017-05-22,78,16,0,72,0,10,-4,C Major,4,6Upu6yjkdi0DVI8E3IBZEU,KRA381701127
143,"Darl+ing","SEVENTEEN",95,8B,70,2025-04-11,02:56,65,"k-pop","SEVENTEEN 4th Album 'Face the Sun'",2022-05-27,52,30,0,52,0,40,-5,C Major,4,2j1Es5qEl4pD8GEe2WsYgP,USA2P2212798
144,"Crazy in Love","SEVENTEEN",114,5A,65,2025-04-11,03:35,50,"k-pop","SEVENTEEN 4th Mini Album ‘Al1’",2017-05-22,78,13,0,73,20,10,-6,C Minor,4,1EbXVXelBudLyGasyGj7Ot,KRA381701132
145,"After LIKE","IVE",125,8B,92,2025-04-11,02:56,74,"k-pop","After LIKE",2022-08-22,68,10,0,80,10,0,-1,C Major,4,2gYj9lubBorOPIVWsTXugG,QMBZ92254957
146,"Drip N' Drop","MIRAE",127,10A,87,2025-04-11,03:07,24,"k-pop","Ourturn - MIRAE 4th Mini Album",2022-09-28,77,12,0,65,10,20,-2,B Minor,4,5pCAhWYET9Ry4UIB3OmSkC,KRA382207624
147,"Save Me, Save You","WJSN",116,9B,93,2025-04-11,03:44,49,"k-pop","WJ PLEASE?",2018-09-19,73,5,0,62,0,30,-3,G Major,4,20yOiJHRQGirFYehRSIb6i,KRA381801230
148,"UNNATURAL","WJSN",124,2B,91,2025-04-11,03:01,49,"k-pop","UNNATURAL",2021-03-31,70,37,0,71,10,10,-1,F#/G♭ Major,4,1eykKBqxHgasGHwjOQIvbt,KRA382102147
149,"BOP BOP!","VIVIZ",126,8B,83,2025-04-11,03:39,0,"k-pop","The 1st Mini Album 'Beam Of Prism'",2022-02-09,69,7,0,71,10,10,-3,C Major,4,3FNuG1PjKcOu7tAqZKB4kZ,KRA382203042
150,"LOVEADE","VIVIZ",114,3B,79,2025-04-11,03:38,0,"k-pop","The 2nd Mini Album 'Summer Vibe'",2022-07-06,80,1,0,75,10,0,-4,C♯/D♭ Major,4,0q7U1KqAYPGHdwC8HVw67y,KRA382206018
151,"Rough","GFRIEND",112,4B,91,2025-04-11,03:29,1,"k-pop","GFRIEND 3rd Mini Album 'SNOWFLAKE'",2016-01-25,61,15,0,73,0,10,-2,G#/A♭ Major,4,3CVeGXpoPKJQ9JuhPp3mpL,KRA381600122
152,"Glass Bead","GFRIEND",114,2B,87,2025-04-11,03:23,0,"k-pop","GFRIEND 1st Mini Album 'Season Of Glass'",2015-01-15,70,20,0,70,0,0,-3,F#/G♭ Major,4,2rFRa1eJ8RqlINbJCZwdtt,KRB471500069
153,"The Final Countdown","&AUDITION",163,5B,76,2025-04-11,03:21,41,"","The Final Countdown",2022-06-28,58,6,0,56,0,10,-4,D#/E♭ Major,4,7eMR0SeLNh2fRJMZfiyoRJ,JPPO02202398
154,"シンデレラボーイ","Saucy Dog",108,11B,74,2025-04-11,03:54,26,"j-pop, japanese indie","レイジーサンデー",2021-08-25,60,7,0,52,0,20,-6,A Major,4,1Vqs0lXeJafYZz2sxnfB3V,JPJ222101667
155,"人間みたいね","Tatsuya Kitani",118,1A,80,2025-04-11,04:00,54,"anime, j-pop, j-rock","DEMAGOG",2020-08-26,75,9,0,69,0,10,-5,G#/A♭ Minor,4,5hBlX58IeGFXFJlrsWTCZZ,JPU902001929
156,"WE GO","fromis_9",124,2B,93,2025-04-11,02:55,49,"k-pop, bubblegum pop","9 WAY TICKET",2021-05-17,67,2,0,78,10,20,-3,F#/G♭ Major,5,08T4C8obLBuhwzJiYWBVRT,KRA872100002
157,"FUN!","fromis_9",124,4B,93,2025-04-11,03:03,52,"k-pop, bubblegum pop","FUN FACTORY",2019-06-04,69,4,0,81,0,0,-2,G#/A♭ Major,4,3bD1rBz24Pnu6tjXf4wJxH,KRA871900017
158,"Stay This Way","fromis_9",124,1B,86,2025-04-11,03:15,56,"k-pop, bubblegum pop","from our Memento Box",2022-06-27,68,7,0,76,0,0,-2,B Major,4,3pqgVtpnQbBAZoWT4AEm1B,USA2P2212475
159,"Love Love Love","VIVIZ",125,2A,82,2025-04-11,03:23,0,"k-pop","The 2nd Mini Album 'Summer Vibe'",2022-07-06,75,6,0,78,0,30,-3,D#/E♭ Minor,4,5i9fCna4O2QwlLno7qfZ9V,KRA382206021
160,"TOMBOY","i-dle",124,12A,87,2025-04-11,02:54,43,"k-pop","I NEVER DIE",2022-03-14,76,1,0,64,0,0,-2,C♯/D♭ Minor,4,6WYsZJDfUOftGVji74yYSU,KRA392100080
161,"Savage","aespa",147,11B,88,2025-04-11,03:58,66,"k-pop","Savage - The 1st Mini Album",2021-10-05,73,12,0,67,10,20,-1,A Major,4,3dbLT62Cvs46Ju7a8gpr36,KRA302100326
162,"ROYAL","IVE",110,3B,85,2025-04-11,03:26,56,"k-pop","LOVE DIVE",2022-04-05,80,9,0,47,10,20,-3,C♯/D♭ Major,4,0LMdtBOxbVgrYoA4n0Vwvv,KRA382204376
163,"WONDER","8TURN",170,2B,82,2025-04-11,03:38,30,"k-pop, noise music","8TURNRISE",2023-01-30,50,25,0,62,20,10,-4,F#/G♭ Major,4,2e4trZKoxplWxxJTDcIoFi,KRMIM2300472
164,"Love so sweet","ARASHI",139,8B,85,2025-04-11,04:49,66,"j-pop","Time",2007-07-11,58,10,0,71,0,30,-4,C Major,4,5I6JLJqnZICLvPebTj2YCm,JPQ400600740
165,"One Love","ARASHI",103,6B,94,2025-04-11,04:45,55,"j-pop","5×20 All the BEST!! 1999-2019 (Special Edition)",2021-07-16,55,19,0,69,0,40,-3,A#/B♭ Major,4,2Xhs7Ro74wZ8t3EB0tOkvF,JPQ400800340
166,"Happiness","ARASHI",115,3B,92,2025-04-11,04:18,65,"j-pop","Dream A live",2008-04-23,59,1,0,71,0,0,-3,C♯/D♭ Major,4,5p2NSsBiaKK1CJwM7Rc1Yp,JPQ400700800
167,"Monster","ARASHI",135,3A,94,2025-04-11,04:27,61,"j-pop","僕の見ている風景",2010-08-04,66,19,0,74,0,30,-4,A#/B♭ Minor,4,2WZQFqvPvrGRelBgRHA73M,JPQ401000280
168,"GUTS！","ARASHI",126,10A,95,2025-04-11,04:54,60,"j-pop","THE DIGITALIAN",2014-10-22,62,9,0,89,0,30,-3,B Minor,4,08yKzlwawi3kfNFXD3kvIb,JPQ401400210
169,"ハレンチ","CHANMINA",120,10A,87,2025-04-11,03:18,72,"j-pop, j-rap","ハレンチ",2021-10-13,71,5,0,56,0,30,-6,B Minor,4,2BfzhBl79bcPOHHXAXJkTY,JPWP02170748
170,"美人","CHANMINA",95,3B,74,2025-04-11,02:40,64,"j-pop, j-rap","ハレンチ",2021-10-13,79,1,0,38,10,30,-6,C♯/D♭ Major,4,3t7mVfDiaN6YvosOLQn5Vy,JPWP02101005
171,"夜撫でるメノウ","Ayase",100,6B,73,2025-04-11,04:22,61,"vocaloid, j-pop","夜撫でるメノウ / 幽霊東京",2021-09-08,70,7,0,64,0,30,-7,A#/B♭ Major,4,6IHWPY5iBUI1AOUclbtE6F,JPP302101632
172,"Never Grow Up","CHANMINA",105,6B,86,2025-04-11,03:16,72,"j-pop, j-rap","Never Grow Up",2019-08-07,81,14,0,48,0,0,-5,A#/B♭ Major,4,5aDgM8rYPT15CqjkN1EIKq,JPWP01970529
173,"華奢なリップ (feat. ちゃんみな)","Genie High,CHANMINA",125,7A,72,2025-04-11,04:28,59,"j-pop, j-rock, japanese indie, j-rap","ジェニースター",2021-09-01,61,9,0,49,0,30,-5,D Minor,4,6GG2Jrj5XSA24NSzigyA4A,JPWP02100482
174,"長く短い祭","Sheena Ringo,浮雲",125,8A,78,2025-04-11,04:09,46,"j-pop, j-rock","三毒史",2019-05-27,64,1,0,67,0,20,-3,A Minor,4,6jZUPpF0heyMFv4GF1Jn2c,JPPO01900899
175,"能動的三分間","Tokyo Incidents",120,12A,85,2025-04-11,03:00,58,"j-pop, j-rock","スポーツ",2010-02-24,65,2,0,67,0,30,-4,C♯/D♭ Minor,4,4veOvrYiK224LWEqHX39vv,JPTO00902055
176,"FACE","globe",112,8A,91,2025-04-11,06:19,55,"j-pop, kayōkyoku","FACES PLACES",1997-03-12,65,5,1,41,0,20,-7,A Minor,4,5dCALHqP4zS2v8tqGoBKbO,JPB609701310
177,"LA FIESTA","THE RAMPAGE from EXILE TRIBE",102,10A,84,2025-04-11,04:08,40,"j-pop","THE RAMPAGE",2018-09-12,73,16,0,68,0,20,-4,B Minor,4,2U5ZwR2qdRfwRUmBsUBwOi,JPB601802743
178,"WELCOME 2 PARADISE","THE RAMPAGE from EXILE TRIBE",105,11B,79,2025-04-11,03:35,40,"j-pop","THE RIOT",2019-10-30,75,17,0,71,0,30,-3,A Major,4,0k2bOg3jz4TZscAhzGQDZO,JPB601902176
179,"MIX IT UP","THE RAMPAGE from EXILE TRIBE,FANTASTICS from EXILE TRIBE",198,8A,94,2025-04-11,03:34,27,"j-pop","BATTLE OF TOKYO 〜ENTER THE Jr.EXILE〜",2019-07-03,50,5,0,61,10,30,-5,A Minor,4,4LD5XPk9KezK4utUXlvjyn,JPB601901681
180,"Only One","THE RAMPAGE from EXILE TRIBE",79,8B,61,2025-04-11,04:23,42,"j-pop","THE RAMPAGE",2018-09-12,55,53,0,38,0,10,-5,C Major,4,4lvC5tz7OgdW4uYRs17dDJ,JPB601802745
181,"マンマミーア!","SF9",152,8B,91,2025-04-11,03:24,15,"k-pop","ILLUMINATE",2019-03-20,71,28,0,93,0,0,-2,C Major,4,4BepXDOjZ4iS6jVg7MPFLK,JPWP01870356
182,"Happy Ending","SEVENTEEN",160,10A,80,2025-04-11,03:30,47,"k-pop","Happy Ending",2019-05-29,63,18,0,80,0,20,-4,B Minor,4,29RpFeHrgO7cXLzAtXu51e,JPZ921903526
183,"Ready to love","SEVENTEEN",130,8A,71,2025-04-11,03:06,61,"k-pop","SEVENTEEN 8th Mini Album 'Your Choice'",2021-06-18,67,3,0,55,0,20,-6,A Minor,4,2FymmKBuog0loCuNXMwQID,USA2P2108462
184,"Go Big or Go Home","ENHYPEN",122,3A,84,2025-04-11,03:21,68,"k-pop","DIMENSION : DILEMMA",2021-10-12,77,5,0,82,0,20,-4,A#/B♭ Minor,4,6IqKFke4ZhKbGYULllEezY,USA2P2135695
185,"ひとりじゃない","SEVENTEEN",118,10B,71,2025-04-11,03:18,52,"k-pop","ひとりじゃない",2021-04-15,66,3,0,49,0,30,-5,D Major,4,0zNo6vxprHTeiFXNTo65ga,JPZ922102068
186,"Helter-Spider","Crazy:B/天城 燐音(CV.阿座上 洋平)、HiMERU(CV.笠間 淳)、桜河 こはく(CV.海渡 翼)、椎名 ニキ(CV.山口 智広)",97,1A,73,2025-04-11,03:20,0,"","Crazy:B「Helter-Spider」あんさんぶるスターズ！！ ESアイドルソング season3",2023-01-25,64,2,0,39,0,0,-4,G#/A♭ Minor,4,5O0ATLOGx1KZvh0lMfHPcw,JPD642200425
187,"桜が降る夜は","Aimyon",107,7B,96,2025-04-11,04:34,66,"j-pop","瞳へ落ちるよレコード",2022-08-17,64,38,0,71,0,20,-3,F Major,4,0H2n6GpHAMlujiER71ubMB,JPWP02100223
188,"Fame","Ciipher",122,8A,92,2025-04-11,03:43,35,"k-pop","THE CODE",2022-05-11,70,10,0,63,0,20,-2,A Minor,4,3y0uHBnK2O4N9lt6KpRv6i,KRA382204998
189,"ブルーベリー・ナイツ","Macaroni Empitsu",106,7B,87,2025-04-11,04:04,69,"j-pop","hope",2020-04-01,66,28,0,77,0,0,-4,F Major,4,2UdvMWk0Z83lMJPbawy2Sm,JPZ921814344
190,"恋人ごっこ","Macaroni Empitsu",102,3B,65,2025-04-11,03:20,70,"j-pop","hope",2020-04-01,44,12,0,75,0,0,-5,C♯/D♭ Major,4,2SihT7AVMiI2VtaAyVIcnO,JPB602051826
191,"Fandango","THE RAMPAGE from EXILE TRIBE",108,10A,99,2025-04-11,03:05,39,"j-pop","THE RAMPAGE",2018-09-12,63,5,0,77,10,10,-3,B Minor,4,247ma2KP2oeb62qjp5vSPP,JPB601800885
192,"Dead or Alive","THE RAMPAGE from EXILE TRIBE,BALLISTIK BOYZ from EXILE TRIBE",96,9B,89,2025-04-11,04:13,27,"j-pop","BATTLE OF TOKYO 〜ENTER THE Jr.EXILE〜",2019-07-03,64,2,0,57,0,10,-3,G Major,4,7Jp6I25iVcDgZQMaF1tE56,JPB601901678
193,"北風と太陽","E-girls",128,3B,98,2025-04-11,04:25,37,"j-pop","E.G.11",2018-05-23,57,4,0,63,20,10,-3,C♯/D♭ Major,4,3Ygp8bwOhTmjRvUphZemvE,JPB601703500
194,"Dirty Disco","THE RAMPAGE from EXILE TRIBE",118,4A,90,2025-04-11,04:05,30,"j-pop","THE RAMPAGE",2018-09-12,77,4,0,59,0,30,-4,F Minor,4,5NooEk9acXkl6s7JRsWTYC,JPB601702026
195,"Knocking Knocking","THE RAMPAGE from EXILE TRIBE",168,10A,95,2025-04-11,03:54,30,"j-pop","THE RAMPAGE",2018-09-12,65,6,0,60,10,10,-4,B Minor,4,0PyAuMyS8FFzzhF7XFNfit,JPB601701349
196,"Can't Say Goodbye","THE RAMPAGE from EXILE TRIBE",105,9B,79,2025-04-11,03:47,43,"j-pop","THE RAMPAGE",2018-09-12,67,38,0,73,0,30,-3,G Major,4,4k2PM4aQLN5E0UAGEb8dpr,JPB601703186
197,"シンデレラフィット","E-girls",145,4A,94,2025-04-11,04:09,25,"j-pop","シンデレラフィット",2019-07-24,72,7,0,73,0,0,-3,F Minor,4,0QEpnoucesXS24jp4HczTq,JPB601902030
198,"TO FAMILY","s×c",126,9B,68,2025-04-11,03:38,3,"vocaloid","LOVE",2018-12-30,67,2,0,69,0,0,-5,G Major,4,5T1lEFKp88C6HtiFtHeDQD,TCJPM2033682
199,"さみしがりや","HoneyWorks,柴崎健（CV：江口拓也）,柴崎愛蔵(CV:島﨑信長)",124,10A,76,2025-04-11,02:51,27,"vocaloid, j-pop, anime, ","婚約戦争 / さみしがりや",2020-11-25,71,26,0,94,0,20,-5,B Minor,4,4ZyPoOp4LfvvmQXmeI3Syi,JPX402000049
200,"A・RA・SHI","ARASHI",120,11B,95,2025-04-11,04:27,57,"j-pop","A・RA・SHI",1999-11-03,44,3,0,48,10,10,-4,A Major,4,3hdd3WJLagemc3ynu6LyKE,JPQ400200070
201,"WISH","ARASHI",132,10B,76,2025-04-11,04:27,53,"j-pop","WISH",2005-11-16,66,13,0,71,0,30,-4,D Major,4,4ZXFRUod7wpphYc7rfiBVH,JPQ400500781
202,"ファイトソング","ARASHI",133,11B,90,2025-04-11,03:24,55,"j-pop","ウラ嵐BEST 1999-2007",2021-07-16,62,1,0,72,0,60,-4,A Major,4,394Er65tOcIEaAjBbKknDA,JPQ400600760
203,"虹","Kazunari Ninomiya",136,1B,26,2025-04-11,04:24,52,"","ウラ嵐BEST 1999-2007",2021-07-16,64,88,0,43,0,30,-10,B Major,4,1e2AlxRp9MDpFsPh1HqT3E,JPQ400700710
204,"truth","ARASHI",140,9A,97,2025-04-11,04:48,61,"j-pop","truth / 風の向こうへ",2008-08-20,61,5,0,72,0,10,-4,E Minor,4,6TWPTr6DdDpjkf9wYkHz8v,JPQ400800880
205,"果てない空","ARASHI",105,8B,83,2025-04-11,04:25,58,"j-pop","果てない空",2010-11-10,58,27,0,66,0,10,-4,C Major,4,6V90svq6ex0XsvLxgQ5dGm,JPQ401000970
206,"ワイルド アット ハート","ARASHI",124,3A,93,2025-04-11,04:07,56,"j-pop","ワイルド アット ハート",2012-03-07,63,11,0,71,0,10,-3,A#/B♭ Minor,4,2im8jqte4utp2s1ZI52OFv,JPQ401200240
207,"つなぐ","ARASHI",105,6A,93,2025-04-11,04:07,54,"j-pop","つなぐ",2017-06-28,58,58,0,86,0,30,-2,G Minor,4,4mSLOTpYJ44lswS9MH7kEl,JPQ401700420
208,"カイト","ARASHI",178,3B,48,2025-04-11,04:43,64,"j-pop","This is 嵐",2020-11-03,47,67,0,56,0,70,-6,C♯/D♭ Major,4,5lo3L98nR2VpN2dM9UFJu0,JPQ402000590
209,"La Vie en Rose","IZ*ONE",116,8A,91,2025-04-11,03:38,63,"k-pop","COLOR*IZ",2018-10-29,70,9,0,62,0,10,-1,A Minor,4,3WfaJhCL4p2JbdffJjV6Va,KRA871800019
210,"Rollin'","Brave Girls",125,3B,86,2025-04-11,03:17,60,"k-pop","Rollin'",2017-03-07,69,3,0,54,10,10,-4,C♯/D♭ Major,4,6SQUopvuZyrWYjYayxxSXl,KRB921940113
211,"FANCY","TWICE",132,4A,87,2025-04-11,03:33,61,"k-pop","FANCY YOU",2019-04-22,70,1,0,78,0,60,-2,F Minor,4,2FXd6kKCtBIc6UfN1gH1pA,US5TA1900042
212,"Loner","CNBLUE",105,7A,75,2025-04-11,03:37,60,"k-rock, k-pop","Bluetory",2010-01-14,75,24,0,79,0,30,-4,D Minor,4,7wqBDFp7JZfWp3aPaC4gHQ,KRA851000001
213,"LOVE","CNBLUE",100,8A,89,2025-04-11,03:49,33,"k-rock, k-pop","Korea Best Album 'Present'",2014-02-05,69,8,0,69,0,20,-3,A Minor,4,0ruu1nl7VBGywFpf0jTvg3,KRA851000006
214,"Blind Love","CNBLUE",115,5A,86,2025-04-11,04:04,15,"k-rock, k-pop","What turns you on?",2013-08-28,59,11,0,78,0,30,-4,C Minor,4,1ryPSVR1HiVAEE0etZMY50,JPWP01370481
215,"In My Head","CNBLUE",112,10B,91,2025-04-11,04:14,19,"k-rock, k-pop","CODE NAME BLUE",2012-02-01,62,1,0,44,0,30,-3,D Major,4,4miWbcoPbZwc9ramrgWsCX,JPWP01170854
216,"ONLY YOUR STARS!","Trickstar/氷鷹北斗(CV.前野智昭)、明星スバル(CV.柿原徹也)、遊木 真(CV.森久保祥太郎)、衣更真緒(CV.梶 裕貴)",186,6B,94,2025-04-11,03:48,0,"","あんさんぶるスターズ！アルバムシリーズ Trickstar",2019-04-24,45,5,0,71,10,20,-3,A#/B♭ Major,4,03CbSdbtWlWWbbsegjsGze,JPD641900101
217,"Melody in the Dark","UNDEAD/朔間零(CV.増田俊樹)、羽風薫(CV.細貝圭)、大神晃牙(CV.小野友樹)、乙狩アドニス(CV.羽多野渉)",99,4B,97,2025-04-11,04:29,0,"","あんさんぶるスターズ！ アルバムシリーズ UNDEAD",2015-00-00,25,1,0,42,10,20,-3,G#/A♭ Major,4,31lx7Gh3CIcdAGT8oVcb7L,JPD641800541
218,"Valentine Eve's Nightmare","UNDEAD/朔間零(CV.増田俊樹)、羽風薫(CV.細貝圭)、大神晃牙(CV.小野友樹)、乙狩アドニス(CV.羽多野渉)",105,8A,91,2025-04-11,04:04,0,"","あんさんぶるスターズ！ アルバムシリーズ UNDEAD",2015-00-00,42,5,0,66,10,20,-3,A Minor,4,1iWy6N1yPVTWaPPrRPCSei,JPD641800547
219,"Voice of Sword","Knights/月永レオ(CV.浅沼晋太郎)、瀬名泉(CV.伊藤マサミ)、朔間凛月(CV.山下大輝)、鳴上嵐(CV.北村諒)、朱桜司(CV.土田玲央)",115,11B,88,2025-04-11,04:52,0,"","あんさんぶるスターズ！ アルバムシリーズ Knights",2018-05-30,62,12,0,80,0,20,-4,A Major,4,4tKSR384aGgqztbVSIM7V4,JPD641800235
220,"Silent Oath","Knights/月永レオ(CV.浅沼晋太郎)、瀬名泉(CV.伊藤マサミ)、朔間凛月(CV.山下大輝)、鳴上嵐(CV.北村諒)、朱桜司(CV.土田玲央)",128,11B,91,2025-04-11,05:13,0,"","あんさんぶるスターズ！ アルバムシリーズ Knights",2018-05-30,66,32,0,72,0,30,-5,A Major,4,1Cirj2OMs3qMvmOAQhLZHo,JPD641800237
221,"Last Lament","Valkyrie/斎宮 宗(CV.高橋広樹)、影片みか(CV.大須賀 純)",136,9B,91,2025-04-11,03:54,0,"","あんさんぶるスターズ！アルバムシリーズ Valkyrie",2018-11-28,34,8,0,53,0,30,-4,G Major,4,3kUM43sqTFPBXV1SCWYCjm,JPD641800789
222,"エメラルドプラネット","Switch/逆先夏目(CV.野島健児)、青葉つむぎ(CV.石川界人)、春川宙(CV.山本和臣)",133,11B,92,2025-04-11,03:51,0,"","あんさんぶるスターズ！ アルバムシリーズ Switch",2018-10-24,69,3,0,65,0,10,-3,A Major,4,1JfvP6CDhv0exkrjzZOBpj,JPD641800739
223,"Temptation Magic","Switch/逆先夏目(CV.野島健児)、青葉つむぎ(CV.石川界人)、春川宙(CV.山本和臣)",130,9A,83,2025-04-11,05:34,0,"","あんさんぶるスターズ！ アルバムシリーズ Switch",2018-10-24,52,10,0,39,10,90,-4,E Minor,4,0b5yb5KzoZidRrBopIP33d,JPD641800740
224,"翼モラトリアム","ALKALOID/天城 一彩(CV.梶原 岳人)、白鳥 藍良(CV.天﨑 滉平)、礼瀬 マヨイ(CV.重松 千晴)、風早 巽(CV.中澤 まさとも)",120,8B,80,2025-04-11,04:12,0,"","あんさんぶるスターズ！！ ユニットソングCD ALKALOID",2020-01-29,77,34,0,93,0,0,-4,C Major,4,31T4GT2pXiw1aI7Ei8Iet9,JPD641900588
225,"You're Speculation","ALKALOID/天城 一彩(CV.梶原 岳人)、白鳥 藍良(CV.天﨑 滉平)、礼瀬 マヨイ(CV.重松 千晴)、風早 巽(CV.中澤 まさとも)",148,4A,94,2025-04-11,03:41,0,"","あんさんぶるスターズ！！ ユニットソングCD ALKALOID",2020-01-29,46,2,0,74,0,10,-1,F Minor,4,5Rp7oI0yJU9tI7hXurrtSV,JPD641900589
226,"Living on the edge","ALKALOID/天城 一彩(CV.梶原 岳人)、白鳥 藍良(CV.天﨑 滉平)、礼瀬 マヨイ(CV.重松 千晴)、風早 巽(CV.中澤 まさとも)",112,2B,90,2025-04-11,04:08,0,"","あんさんぶるスターズ！！ ESアイドルソング season1 ALKALOID",2021-01-27,73,30,0,86,0,10,-3,F#/G♭ Major,4,2kF7PJqkdnA0hOuuzenAbx,JPD642000441
227,"Distorted Heart","ALKALOID/天城 一彩(CV.梶原 岳人)、白鳥 藍良(CV.天﨑 滉平)、礼瀬 マヨイ(CV.重松 千晴)、風早 巽(CV.中澤 まさとも)",116,11A,97,2025-04-11,03:28,0,"","あんさんぶるスターズ！！ ESアイドルソング season1 ALKALOID",2021-01-27,63,7,0,87,10,30,-2,F#/G♭ Minor,4,4gREpK3gyGqCYJArf9yAoc,JPD642000442
228,"オモイノカケラ","Switch/逆先夏目(CV.野島健児)、青葉つむぎ(CV.石川界人)、春川宙(CV.山本和臣)",133,10A,74,2025-04-11,04:01,0,"","あんさんぶるスターズ！！ ESアイドルソング season1 Switch",2021-05-26,77,12,0,89,0,0,-4,B Minor,4,2MHRVoj7rx4NNuIluLQuXb,JPD642100002
229,"恋はプリマヴェーラ！","fine/天祥院英智(CV.緑川 光)、日々樹 渉(CV.江口拓也)、姫宮桃李(CV.村瀬 歩)、伏見弓弦(CV.橋本晃太朗)",140,8B,88,2025-04-11,04:18,0,"","fine「恋はプリマヴェーラ！」あんさんぶるスターズ！！ ESアイドルソング season2",2021-06-09,61,24,0,86,0,20,-2,C Major,4,1k6d2JTNtkvUEH4DS7QHse,JPD642100118
230,"Finder Girl","Trickstar/氷鷹北斗(CV.前野智昭)、明星スバル(CV.柿原徹也)、遊木 真(CV.森久保祥太郎)、衣更真緒(CV.梶 裕貴)",126,6B,83,2025-04-11,03:26,0,"","Trickstar「Finder Girl」あんさんぶるスターズ！！ ESアイドルソング season2",2022-03-09,70,18,0,57,0,30,-3,A#/B♭ Major,4,57pGaFO0TOBr8EgMUwXAWE,JPD642200027
231,"No name yet","Double Face/三毛縞 斑(CV.鳥海 浩輔)、桜河 こはく(CV.海渡 翼)",123,9A,83,2025-04-11,04:14,0,"","Double Face「No name yet」あんさんぶるスターズ！！ ESアイドルソング season2",2022-05-25,69,37,0,60,0,10,-4,E Minor,4,34siwMLyNV8M8V5RwaF4Re,JPD642200137
232,"Daydream×Reality","Trickstar/氷鷹北斗(CV.前野智昭)、明星スバル(CV.柿原徹也)、遊木 真(CV.森久保祥太郎)、衣更真緒(CV.梶 裕貴)",91,6A,96,2025-04-11,03:42,0,"","Trickstar「Daydream×Reality」あんさんぶるスターズ！！ ESアイドルソング (season3)",2022-07-27,56,5,0,96,0,0,-2,G Minor,4,1Bc3CPTqQXKxjZUf1pMIS7,JPD642200189
233,"MOVE","TAEMIN",100,1A,71,2025-04-11,03:31,63,"k-pop","MOVE - The 2nd Album",2017-10-16,70,2,0,67,10,0,-5,G#/A♭ Minor,4,1cgBWgoL6520lR2QZDzdGN,KRA301700529
234,"Bite Me","ENHYPEN",105,3B,78,2025-04-12,02:37,80,"k-pop","DARK BLOOD",2023-05-22,80,28,0,69,10,10,-5,C♯/D♭ Major,4,7mpdNiaQvygj2rHoxkzMfa,USA2P2319853
235,"ZOOM","Jessi",100,2B,60,2025-04-12,02:54,63,"k-pop, k-rap","ZOOM",2022-04-13,87,1,0,46,10,10,-6,F#/G♭ Major,4,4IaxDf2FixiQXq0mW7key9,KRA382204517
236,"Feel Special","TWICE",129,3B,96,2025-04-12,03:26,62,"k-pop","Feel Special",2019-09-23,71,3,0,64,0,10,-1,C♯/D♭ Major,4,14rWuS6yllHOdfZ8sZsZUj,US5TA1900074
237,"Jelly Pop","BOYS PLANET",121,2A,88,2025-04-12,03:23,51,"k-pop","BOYS PLANET - FINAL TOP9 BATTLE",2023-04-21,77,9,0,87,0,30,-2,D#/E♭ Minor,4,6fJW5vgrTBrKksFKApn7v2,KRA492300299
238,"Spicy","aespa",115,10A,90,2025-04-12,03:17,62,"k-pop","MY WORLD - The 3rd Mini Album",2023-05-08,76,1,0,84,0,0,-1,B Minor,4,1ULdASrNy5rurl1TZfFaMP,KRA302300145
239,"I AM","IVE",122,9A,88,2025-04-12,03:03,75,"k-pop","I've IVE",2023-04-10,68,1,0,38,0,0,-5,E Minor,4,70t7Q6AYG6ZgTYmJWcnkUM,QM4TX2337764
240,"FLOWER","JISOO",124,8A,39,2025-04-12,02:53,70,"k-pop","ME",2023-03-31,84,3,0,64,0,10,-8,A Minor,4,69CrOS7vEHIrhC2ILyEi0s,KRA402300002
241,"Stay Gold","BTS",129,3B,63,2025-04-12,04:03,58,"k-pop","Stay Gold",2020-06-19,72,9,0,55,0,0,-5,C♯/D♭ Major,4,0UwQTbq7ZtBJ7v530mpaxP,JPPO02001470
242,"FAKE LOVE","BTS",78,7A,72,2025-04-12,04:02,2,"k-pop","Love Yourself 轉 'Tear'",2018-05-18,56,0,0,34,0,30,-5,D Minor,4,3aW0ds4A4tSQDIp75FqWTo,QM4TX1817912
243,"LATATA - Japanese ver.","i-dle",98,8A,80,2025-04-12,03:22,26,"k-pop","LATATA",2019-07-29,80,0,0,53,10,20,-4,A Minor,4,1QBi4PZtJ1olpOFO0ZaRoi,JPPO01902394
244,"Allergy","i-dle",165,7B,92,2025-04-12,02:42,34,"k-pop","I feel",2023-05-15,59,5,0,55,10,0,-4,F Major,4,0afnaAYZk1IPQSFDd2MGw0,KRA392300002
245,"24H","SEVENTEEN",122,6A,78,2025-04-12,03:08,50,"k-pop","24H",2020-08-24,75,4,0,77,0,20,-4,G Minor,4,3gAR6cBifLqbW8kOrMqZPr,JPZ922007826
246,"YELLOW","TREASURE",100,6B,58,2025-04-12,03:11,46,"k-pop","SPECIAL MINI ALBUM [PLEASURE]",2025-03-07,76,15,0,71,0,10,-7,A#/B♭ Major,4,7dOvUyWUlpZP4UjwQY9fzk,KRA402400077
247,"KING KONG","TREASURE",120,4A,83,2025-04-12,03:16,43,"k-pop","KING KONG",2024-05-28,77,2,0,78,0,30,-5,F Minor,4,4ZcAPS5AXNBI6aH8OMjCDF,KRA402400030
248,"歌舞伎町レイニー","the Raid.",173,8A,83,2025-04-12,03:54,41,"visual kei, j-rock","歌舞伎町レイニー",2019-02-18,41,5,0,82,0,20,-4,A Minor,4,1z3aVxHx9ksrv3PCAoGAQ1,TCJPI1962555
249,"ロミオとシンデレラ (feat. 桃井愛莉&日野森雫&初音ミク)","MORE MORE JUMP!",170,2B,97,2025-04-12,04:39,47,"vocaloid, j-pop","MORE MORE JUMP！ SEKAI ALBUM Vol.1",2022-03-02,54,4,0,82,0,0,-4,F#/G♭ Major,4,2s89sHHSHRoXsSATinoE7z,JPX302137870
250,"彼氏はいません今夜だけ","Koresawa",148,3B,86,2025-04-12,03:41,52,"j-pop","コレでしょ",2018-09-19,59,3,0,71,0,30,-5,C♯/D♭ Major,4,4v9TrFYrVU898hCur18ZW4,JPCR01805430
251,"ウラオモテ","Hey! Say! JUMP",128,5A,81,2025-04-12,03:38,38,"j-pop","PULL UP!",2023-12-06,58,0,0,74,0,10,-5,C Minor,4,6gDcL0hdwxOM0QnzCiyc2d,JPQ402300730
252,"ときめくあなた","Hey! Say! JUMP",174,8B,94,2025-04-12,03:52,38,"j-pop","PULL UP!",2023-12-06,52,8,0,68,10,20,-3,C Major,4,7gBJlirZo0Hl33t5Rdy6OF,JPQ402302760
253,"春玄鳥","Hey! Say! JUMP",143,10A,93,2025-04-12,04:42,0,"j-pop","FILMUSIC!",2022-08-24,59,12,0,74,0,40,-2,B Minor,4,2m529cc8riGEqRbIYf4J18,JPQ402200450
254,"群青ランナウェイ","Hey! Say! JUMP",140,10A,96,2025-04-12,04:45,0,"j-pop","FILMUSIC!",2022-08-24,55,1,0,76,0,10,-3,B Minor,4,3zmbf5YHNLvYGisIqa9UNm,JPQ402101350
255,"シャッターチャンス","Hey! Say! JUMP",124,9B,94,2025-04-12,02:56,29,"j-pop","群青ランナウェイ",2021-08-25,70,13,0,73,10,40,-4,G Major,4,60sfJYFgAXsphskr4UY9Vc,JPQ402101380
256,"ナイモノネダリ","Hey! Say! JUMP",78,3B,63,2025-04-12,05:28,45,"j-pop","Fab! -Music speaks.-",2020-12-16,54,59,0,51,0,0,-6,C♯/D♭ Major,4,2B3lZehSNFdsFyVRrwqR64,JPQ402001490
257,"千夜一夜","Hey! Say! JUMP",115,2A,86,2025-04-12,03:57,27,"j-pop","Fab! -Music speaks.-",2020-12-16,66,2,0,89,0,30,-4,D#/E♭ Minor,4,7pgliCRjsTmMzeXEQFlVo1,JPQ402001410
258,"Muah Muah","Hey! Say! JUMP",126,9A,86,2025-04-12,03:50,38,"j-pop","Fab! -Music speaks.-",2020-12-16,69,5,0,73,0,30,-4,E Minor,4,0cv1lNv7TA6tJ4Cx7HwOG9,JPQ402000040
259,"狼青年","Hey! Say! JUMP",122,11A,86,2025-04-12,03:14,40,"j-pop","Fab! -Music speaks.-",2020-12-16,69,8,0,37,0,30,-4,F#/G♭ Minor,4,0W0yVr9SBBcH1ZBIwrprWp,JPQ402001400
260,"Fab-ism","Hey! Say! JUMP",129,10B,89,2025-04-12,04:45,35,"j-pop","Fab! -Music speaks.-",2020-12-16,58,24,0,69,0,30,-4,D Major,4,4qybNijEFLuSWPR9cls4Jb,JPQ402001390
261,"Kiss Your Lips","Hey! Say! JUMP",123,5A,76,2025-04-12,03:36,26,"j-pop","Fab! -Music speaks.-",2020-12-16,39,24,0,66,10,10,-3,C Minor,4,6jTHrvjQ4EfgDSqb4954Ol,JPQ402001470
262,"Last forever","Hey! Say! JUMP",131,11B,89,2025-04-12,04:43,30,"j-pop","Fab! -Music speaks.-",2020-12-16,50,24,0,69,0,10,-4,A Major,4,5BXAY59z0TLiFtqdVrLU0y,JPQ402001500
263,"Love me PLZ","Hey! Say! JUMP",91,3B,90,2025-04-12,03:45,24,"j-pop","Last Mermaid...",2020-07-01,56,25,0,62,0,20,-3,C♯/D♭ Major,4,68JrcjOSnEvXQY1DN7nzoj,JPQ402000510
264,"言葉はいらない","Hey! Say! JUMP",79,6B,55,2025-04-12,06:40,25,"j-pop","Last Mermaid...",2020-07-01,52,21,0,44,0,0,-7,A#/B♭ Major,4,2Big3bD1F1SQD6irvBmrIZ,JPQ402000540
265,"ときめきは嘘じゃない","Hey! Say! JUMP",119,11B,68,2025-04-12,03:27,21,"j-pop","I am / Muah Muah",2020-02-26,81,25,0,81,10,10,-5,A Major,4,144PToiWSggK60oPTMvmIm,JPQ402000060
266,"クランメリア","Hey! Say! JUMP",116,6A,87,2025-04-12,04:18,36,"j-pop","I am / Muah Muah",2020-02-26,53,9,0,71,10,10,-4,G Minor,4,7xNljKKCLpAN7R4AJSg8KZ,JPQ402000050
267,"め","Hey! Say! JUMP",127,3B,81,2025-04-12,03:10,30,"j-pop","PARADE",2019-10-30,77,11,0,50,0,10,-3,C♯/D♭ Major,4,4tpUdOGEpHctQjdxweFC3R,JPQ401901001
268,"パレードは終わらない-Life is an Adventure-","Hey! Say! JUMP",162,8B,76,2025-04-12,05:31,39,"j-pop","PARADE",2019-10-30,60,55,0,86,10,10,-3,C Major,4,2gMUrlJ4VOGpsXUpwPMKas,JPQ401901000
269,"ぷぅのうた","Hey! Say! JUMP",128,4B,94,2025-04-12,06:37,24,"j-pop","PARADE",2019-10-30,59,38,0,53,30,0,-4,G#/A♭ Major,4,6fyHlWQUOd0i6v2cHTKylw,JPQ401900990
270,"パレードが始まる","Hey! Say! JUMP",128,3B,83,2025-04-12,05:01,32,"j-pop","PARADE",2019-10-30,59,28,0,56,0,10,-4,C♯/D♭ Major,4,3anotokDzyg7uPhds5BF8Y,JPQ401900980
271,"Zombie Step","Hey! Say! JUMP",115,4B,92,2025-04-12,04:48,24,"j-pop","PARADE",2019-10-30,60,4,0,49,0,10,-3,G#/A♭ Major,4,2tudFNoaiLnV6c1a4iIYEf,JPQ401900940
272,"「I」","Hey! Say! JUMP",114,10B,83,2025-04-12,04:04,21,"j-pop","PARADE",2019-10-30,65,11,0,27,10,10,-5,D Major,4,6Bcc5VXtnAD2KgABCkrAQK,JPQ401900930
273,"はな壱もんめ","Hey! Say! JUMP",133,9B,91,2025-04-12,04:38,24,"j-pop","PARADE",2019-10-30,59,5,0,78,10,0,-3,G Major,4,5NZ6yW3lfqzit3QdcGYgmm,JPQ401900910
274,"UTAGE Tonight","Hey! Say! JUMP",158,9A,99,2025-04-12,04:04,25,"j-pop","PARADE",2019-10-30,52,0,0,64,10,0,-2,E Minor,4,19lCsgBqi11yBR6JDHChRi,JPQ401900920
275,"ファンファーレ！","Hey! Say! JUMP",120,5A,90,2025-04-12,04:26,53,"j-pop","ファンファーレ！",2019-08-21,71,46,0,75,0,0,-4,C Minor,4,06eYryUiPhQQIVMP4do6Me,JPQ401900630
276,"真夜中のシャドーボーイ（SENSE or LOVE mix）","Hey! Say! JUMP",120,9B,98,2025-04-12,03:08,22,"j-pop","Lucky-Unlucky / Oh! my darling",2019-05-22,54,0,0,36,10,10,-3,G Major,4,5CNoh1FkipyB5I9K6Bcw44,JPQ401900230
277,"YOU & I","Hey! Say! JUMP",128,10B,94,2025-04-12,04:24,28,"j-pop","SENSE or LOVE",2018-08-22,56,9,0,68,0,40,-3,D Major,4,411SMxIBLiWT5QDFhnXVul,JPQ401801430
278,"Journey","Hey! Say! JUMP",115,4B,94,2025-04-12,04:58,25,"j-pop","SENSE or LOVE",2018-08-22,61,69,0,54,0,30,-2,G#/A♭ Major,4,4LqQy90WWpIwMq8PfXJ0Ec,JPQ401801320
279,"OLÉ!","Hey! Say! JUMP",123,8B,93,2025-04-12,04:28,26,"j-pop","SENSE or LOVE",2018-08-22,64,55,0,75,10,90,-2,C Major,4,0WkcSxTBVm4aCRt6nlRtnL,JPQ401801310
280,"最後のラブソング","Hey! Say! JUMP",140,1A,96,2025-04-12,04:25,24,"j-pop","SENSE or LOVE",2018-08-22,57,11,0,61,0,20,-3,G#/A♭ Minor,4,6jhsqOpPXmDuOAOYLZ2Ov8,JPQ401801260
281,"またこの場所で","Hey! Say! JUMP",84,4B,51,2025-04-12,05:04,24,"j-pop","SENSE or LOVE",2018-08-22,45,75,0,31,0,10,-6,G#/A♭ Major,4,3hBmhTVU7TrUouTY9bkedX,JPQ401801250
282,"Jealous guy","Hey! Say! JUMP",156,9B,75,2025-04-12,03:25,28,"j-pop","SENSE or LOVE",2018-08-22,64,58,0,70,0,10,-4,G Major,4,2WF42C8vyWe3fgGP3owcRK,JPQ401801240
283,"One & One Makes Two","Hey! Say! JUMP",125,3B,87,2025-04-12,04:07,26,"j-pop","SENSE or LOVE",2018-08-22,73,36,0,67,10,30,-4,C♯/D♭ Major,4,3aMOKy2YraEovvWf01vFSq,JPQ401801220
284,"女王蜂","Hey! Say! JUMP",168,12A,85,2025-04-12,03:56,30,"j-pop","SENSE or LOVE",2018-08-22,49,46,0,71,10,10,-4,C♯/D♭ Minor,4,3zCiRYAP6IxjkNdB2Cd47M,JPQ401801210
285,"Dance The Night Away","Hey! Say! JUMP",127,9A,94,2025-04-12,04:33,21,"j-pop","SENSE or LOVE",2018-08-22,61,11,0,77,0,20,-2,E Minor,4,4az3CutFedjUPbCLKDC9iO,JPQ401801200
286,"チョコラタ","Hey! Say! JUMP",121,4A,94,2025-04-12,03:29,29,"j-pop","マエヲムケ",2018-02-14,69,23,0,64,0,30,-3,F Minor,4,7yfUee0wII4oL9zZcTf3H5,JPQ401800050
287,"From.","Hey! Say! JUMP",130,2B,89,2025-04-12,04:41,21,"j-pop","Hey! Say! JUMP 2007-2017 I/O (Selected Edition)",2017-07-26,68,17,0,83,0,20,-3,F#/G♭ Major,4,71eUr4cZ8rEr2Ey2poi5Cp,JPQ401600850
288,"愛ing -アイシテル-","Hey! Say! JUMP",159,3B,93,2025-04-12,03:17,23,"j-pop","Hey! Say! JUMP 2007-2017 I/O (Selected Edition)",2017-07-26,60,22,0,93,0,0,-4,C♯/D♭ Major,4,5IBjbQ3CozEJS8y7vOxu5R,JPQ401100290
289,"ChikuTaku","Hey! Say! JUMP",128,7A,85,2025-04-12,05:02,24,"j-pop","Hey! Say! JUMP 2007-2017 I/O (Selected Edition)",2017-07-26,57,29,0,51,10,0,-4,D Minor,4,7B32C3hzsKL1AathOkptYH,JPQ401501110
290,"H.our Time","Hey! Say! JUMP",96,6B,56,2025-04-12,05:39,33,"j-pop","Hey! Say! JUMP 2007-2017 I/O (Selected Edition)",2017-07-26,54,72,0,55,0,10,-6,A#/B♭ Major,4,5P8rhUQfNxqwna5m6bUdVj,JPQ401700720
291,"Give Me Love","Hey! Say! JUMP",100,8B,86,2025-04-12,04:45,38,"j-pop","Hey! Say! JUMP 2007-2017 I/O (Selected Edition)",2017-07-26,40,25,0,30,0,30,-2,C Major,4,7FOTyK4SpdWRqW7QKhnUV4,JPQ401601440
292,"Fantastic Time","Hey! Say! JUMP",126,9B,94,2025-04-12,04:21,34,"j-pop","Hey! Say! JUMP 2007-2017 I/O (Selected Edition)",2017-07-26,64,10,0,87,0,30,-4,G Major,4,7ndIcmZX3eVSAcosAChgUS,JPQ401601130
293,"トビラの向こう","Hey! Say! JUMP",157,11B,97,2025-04-12,03:37,19,"j-pop","Hey! Say! JUMP 2007-2017 I/O (Selected Edition)",2017-07-26,55,5,0,75,10,20,-3,A Major,4,16lT9P8GIESMfa6znSRhAd,JPQ401700670
294,"我 I Need You","Hey! Say! JUMP",150,12A,99,2025-04-12,04:42,29,"j-pop","Hey! Say! JUMP 2007-2017 I/O (Selected Edition)",2017-07-26,49,20,0,45,10,40,-3,C♯/D♭ Minor,4,2UueOcD8XCMz5aUwhHSuwb,JPQ401500240
295,"Chau♯","Hey! Say! JUMP",130,10B,97,2025-04-12,04:21,24,"j-pop","Hey! Say! JUMP 2007-2017 I/O (Selected Edition)",2017-07-26,65,25,0,83,0,20,-3,D Major,4,1U3wXdmQ8KvwcFJJPYlOuC,JPQ401500230
296,"Ride With Me","Hey! Say! JUMP",130,1A,81,2025-04-12,04:26,22,"j-pop","Hey! Say! JUMP 2007-2017 I/O (Selected Edition)",2017-07-26,71,3,0,56,0,10,-5,G#/A♭ Minor,4,3FkQFy8C28pDxviK4d4JFU,JPQ401301100
297,"Come On A My House","Hey! Say! JUMP",138,10B,99,2025-04-12,04:28,33,"j-pop","Hey! Say! JUMP 2007-2017 I/O (Selected Edition)",2017-07-26,57,10,0,72,0,10,-3,D Major,4,766y7pjKsX21raibGtxoaV,JPQ401300260
298,"今夜貴方を口説きます","伊野尾慧,八乙女光",157,2A,83,2025-04-12,04:06,29,"","DEAR.",2016-07-27,53,6,0,84,10,0,-4,D#/E♭ Minor,4,5IeK0rMXqtPbCNMk1fLobg,JPQ401600810
299,"My Girl","山田 涼介,有岡大貴",90,4B,82,2025-04-12,03:19,39,"","DEAR.",2016-07-27,71,10,0,82,0,0,-6,G#/A♭ Major,4,65Bts9YKoXuGz46M0T6JaX,JPQ401600840
300,"Tasty U","Hey! Say! JUMP",120,8B,90,2025-04-12,04:27,27,"j-pop","DEAR.",2016-07-27,69,19,0,88,0,30,-4,C Major,4,5YffWZ6x0QPSWFKAsu9Ytg,JPQ401600760
301,"order","Hey! Say! JUMP",90,8B,95,2025-04-12,03:28,26,"j-pop","DEAR.",2016-07-27,64,18,0,74,0,20,-4,C Major,4,7DSnhXn68glGJswOG9eToj,JPQ401600750
302,"SUPERMAN","Hey! Say! JUMP",130,2B,90,2025-04-12,04:52,27,"j-pop","DEAR.",2016-07-27,65,1,0,74,0,0,-5,F#/G♭ Major,4,1wgDc3AEkDO1JyYgUALrnN,JPQ401600740
303,"Masquerade","Hey! Say! JUMP",114,5A,94,2025-04-12,04:23,34,"j-pop","DEAR.",2016-07-27,63,20,0,83,0,30,-2,C Minor,4,3GHv8XHBPuYIp7Bw3jrGR5,JPQ401600670
304,"秋、晴れ。僕に風が吹いた。","Hey! Say! JUMP",120,2B,81,2025-04-12,05:30,23,"j-pop","キミアトラクション",2015-10-21,67,26,0,73,0,30,-5,F#/G♭ Major,4,1gofLS38xhlNoHC9VbM6UX,JPQ401501120
305,"3月14日～時計","山田 涼介,岡本圭人",158,3B,42,2025-04-12,05:36,33,"","JUMPing CAR",2015-06-24,56,87,0,61,0,0,-9,C♯/D♭ Major,4,5QmcUlzC8zWaUw5U8P7OT1,JPQ401500580
306,"殺せんせーションズ（Hey! Say! JUMP ver.）","Hey! Say! JUMP",180,9B,94,2025-04-12,04:29,29,"j-pop","JUMPing CAR",2015-06-24,51,0,0,36,0,10,-3,G Major,4,0rCwOwGntzTIgW9SyCYkrp,JPQ401500550
307,"SHen SHera SHen","Hey! Say! JUMP",128,1A,92,2025-04-12,04:08,24,"j-pop","JUMPing CAR",2015-06-24,65,9,0,89,0,10,-5,G#/A♭ Minor,4,0d3W5E9RNETgfxdXGfV410,JPQ401500460
308,"JUMPing CAR","Hey! Say! JUMP",127,8A,87,2025-04-12,03:47,34,"j-pop","JUMPing CAR",2015-06-24,68,6,0,44,0,40,-3,A Minor,4,6BKzjgd19CqNxiMzevDFWw,JPQ401500440
309,"KAZEKAORU","Hey! Say! 7",134,4A,90,2025-04-12,04:41,26,"j-pop","Chau♯ / 我 I Need You",2015-04-29,64,19,0,62,0,10,-3,F Minor,4,5GEA0gYgb3n7gdZ1eqV5Nk,JPQ401500260
310,"スルー","Hey! Say! BEST",97,8B,78,2025-04-12,05:25,23,"j-pop","Chau♯ / 我 I Need You",2015-04-29,57,22,0,46,0,10,-4,C Major,4,0M9MVimlIrlt3YfWY1GDbW,JPQ401500250
311,"レインボーキャンディーガール","Hey! Say! JUMP",140,8B,98,2025-04-12,03:19,22,"j-pop","ウィークエンダー / 明日へのYELL",2014-09-03,67,30,0,91,0,80,-5,C Major,4,4lzMAEhh2zFfSSAO2ktWRc,JPQ401400970
312,"切なさ、ひきかえに","Hey! Say! JUMP",123,8A,93,2025-04-12,04:00,36,"j-pop","smart",2014-06-18,70,42,0,86,0,10,-4,A Minor,4,5PyakWtv7ZGX9zWrPfTJZg,JPQ401400580
313,"桜、咲いたよ","Hey! Say! JUMP",100,10B,65,2025-04-12,04:06,33,"j-pop","AinoArika / 愛すればもっとハッピーライフ",2014-02-05,71,31,0,88,0,10,-5,D Major,4,4D7hdRPp9to63gtR928anC,JPQ401400030
314,"OUR FUTURE","Hey! Say! JUMP",137,10B,94,2025-04-12,03:56,23,"j-pop","AinoArika / 愛すればもっとハッピーライフ",2014-02-05,60,8,0,90,0,30,-4,D Major,4,5nJf7QXh6Tew8SdmCko7Sm,JPQ401400040
315,"スクランブル","Hey! Say! BEST",95,9B,80,2025-04-12,04:50,28,"j-pop","Come On A My House",2013-06-26,70,3,0,66,0,10,-7,G Major,4,11b8U7yIPLW5Rnaf7OWhT7,JPQ401300290
316,"BOUNCE","Hey! Say! JUMP",127,4A,85,2025-04-12,03:31,23,"j-pop","Come On A My House",2013-06-26,68,3,0,77,0,20,-5,F Minor,4,3xmTsszGEJRBxvPSsHfOav,JPQ401300330
317,"Endless Dream","Hey! Say! JUMP",128,7A,81,2025-04-12,03:42,26,"j-pop","JUMP WORLD",2012-06-06,61,39,0,74,0,30,-3,D Minor,4,64MfB0o3ja28FLQLtYhCpY,JPQ401200460
318,"スクールデイズ","Hey! Say! BEST",125,6A,86,2025-04-12,03:58,27,"j-pop","Magic Power",2011-09-21,73,19,0,38,0,0,-3,G Minor,4,3upQi1kHOPIm84mBHghH9M,JPQ401100610
319,"Time","Hey! Say! JUMP",120,4B,93,2025-04-12,03:22,26,"j-pop","JUMP No.1 (Selected Edition)",2010-07-07,76,9,0,81,0,0,-4,G#/A♭ Major,4,0mkPSmaZXOpkthZ4sGBJ38,JPQ401000590
320,"Your Seed","Hey! Say! JUMP",120,10A,92,2025-04-12,03:23,32,"j-pop","JUMP No.1 (Selected Edition)",2010-07-07,70,2,0,58,0,30,-4,B Minor,4,7eDwmM0vvKp72yX6u39RMw,JPQ400800840
321,"すまいるそんぐ","Hey! Say! JUMP",200,6B,78,2025-04-12,04:24,21,"j-pop","JUMP No.1 (Selected Edition)",2010-07-07,43,35,0,75,0,10,-4,A#/B♭ Major,4,0bkzmKgANm9ODC1g1lIPmV,JPQ401000570
322,"真紅","Hey! Say! JUMP",100,10A,89,2025-04-12,03:53,28,"j-pop","JUMP No.1 (Selected Edition)",2010-07-07,64,21,0,86,0,30,-4,B Minor,4,6vY2BNz1008Ug5htJUtxgZ,JPQ401000540
323,"INFINITY","Hey! Say! JUMP",140,12B,91,2025-04-12,04:12,20,"j-pop","JUMP No.1 (Selected Edition)",2010-07-07,57,1,0,72,0,40,-4,E Major,4,3DNI5qQYp6v85bBnCWbsEv,JPQ401000530
324,"真夜中のシャドーボーイ","Hey! Say! JUMP",98,4A,91,2025-04-12,03:54,38,"j-pop","真夜中のシャドーボーイ",2008-10-22,63,9,0,80,0,10,-4,F Minor,4,08oXz4dCQaCs2LBqqdjIJM,JPQ400801010
325,"Hey! Say!","Hey! Say! 7",143,10B,89,2025-04-12,04:59,30,"j-pop","Hey! Say!",2007-08-01,60,3,0,54,0,10,-4,D Major,4,2DezlrdMWgPer9EwrX4GCC,JPQ400700740
326,"恋するみたいなキャラメリゼ","えり・れみ from STAR☆ANIS",168,6B,91,2025-04-12,05:05,33,"shibuya-kei","TVアニメ/データカードダス『アイカツ!』主題歌/挿入歌 3年目2",2015-00-00,56,2,5,84,0,10,-3,A#/B♭ Major,4,3aY0hvX7FZUDia35dDgPwj,JPR501821566
327,"さよならエレジー","SUDA MASAKI",155,3B,93,2025-04-12,04:17,68,"j-pop","PLAY(Special Edition)",2018-03-21,47,0,0,62,0,20,-3,C♯/D♭ Major,4,3oYD2O31b05fILFpv0AXRI,JPU901704009
328,"キングスレイヤー - Self Cover Ver.","マイキP",109,8B,82,2025-04-12,03:01,42,"vocaloid","キングスレイヤー (Self Cover Ver.)",2023-10-08,64,0,0,71,10,40,-3,C Major,4,4GkYBONW46xmnNQOHouuHh,TCJPX2369235
329,"Let’s go!スマイルプリキュア！","池田彩",172,7B,98,2025-04-12,03:38,38,"","「スマイルプリキュア！」主題歌シングル OP:Let’s go!スマイルプリキュア！/ED:イェイ！イェイ！イェイ！【通常盤】",2012-03-07,47,14,0,46,10,30,-2,F Major,4,7cTE4AScG4baJ4BbMqY89m,JPD601200013
330,"ラ♪ラ♪ラ♪スイートプリキュア♪","Yumi Kudo",162,3A,94,2025-04-12,03:28,37,"","「スイートプリキュア♪」主題歌シングル　OP：ラ♪ラ♪ラ♪スイートプリキュア♪／ED：ワンダフル↑パワフル↑ミュージック！！",2011-03-09,48,1,5,67,0,30,-4,A#/B♭ Minor,4,0Qb64a8McaEcinjqyXiHWv,JPD600904664
331,"Alright！ハートキャッチプリキュア！","池田彩",89,10B,89,2025-04-12,03:46,40,"","「ハートキャッチプリキュア！」主題歌 OP:Alright！ハートキャッチプリキュア！／ED:ハートキャッチ☆パラダイス！",2010-03-17,60,29,0,63,0,30,-4,D Major,4,2rH4mBejCYWx3cIVgFLWO8,JPD600904430
332,"You make me happy！","林 桃子",124,8B,89,2025-04-12,03:46,36,"","フレッシュプリキュア！オープニング＆エンディングテーマ Let's！フレッシュプリキュア！／You make me happy!",2009-02-04,72,15,0,87,10,30,-7,C Major,4,5uBCMeTyNq3ceu2Wzp252H,JPD600803927
333,"Let's！フレッシュプリキュア！","茂家瑞季",173,11B,83,2025-04-12,03:44,34,"","フレッシュプリキュア！オープニング＆エンディングテーマ Let's！フレッシュプリキュア！／You make me happy!",2009-02-04,58,14,14,64,0,0,-4,A Major,4,0wDdYmwp3zGJNUnqlbjHsp,JPD600803926
334,"プリキュア５、フル・スロットル GO GO！","Yumi Kudo,ぷりきゅあ5",167,8B,92,2025-04-12,04:05,37,"","プリキュア５、フル・スロットル GO GO！／手と手つないでハートもリンク！！",2008-02-06,64,36,0,50,10,0,-5,C Major,4,0HDDOOj5Sodd3eZejaOAp2,JPD600703263
335,"プリキュア5、スマイル go go！","Yumi Kudo",175,6A,98,2025-04-12,03:56,39,"","Yes!プリキュア５　オープニング＆エンディングテーマ　プリキュア5、スマイル go go! / キラキラしちゃって My True Love!",2007-03-07,54,38,0,68,0,10,-2,G Minor,4,0ahHs7XjW6piqhTYHzSszk,JPD600702889
336,"ガンバランスdeダンス","Mayumi Gojo",138,5B,82,2025-04-12,03:57,30,"anime","ＴＶアニメ「ふたりはプリキュア スプラッシュスター」新エンディングテーマ ガンバランスｄｅダンス",2006-10-04,73,35,2,80,0,20,-5,D#/E♭ Major,4,2NsACF1wI9xbROhCKVlTpw,JPD600602649
337,"まかせて★スプラッシュ☆スター★","うちやえゆか",174,10A,95,2025-04-12,03:48,35,"","まかせて★スプラッシュ☆スター★／「笑うが勝ち！」でGO！",2006-02-22,57,25,0,58,10,0,-4,B Minor,4,4xzNfGzS08C77PUUu2Tn6G,JPD600602203
338,"DANZEN!ふたりはプリキュア(ver.MaxHeart)","Mayumi Gojo",168,6B,93,2025-04-12,03:43,32,"anime","ふたりはプリキュア マックスハート オープニングテーマ曲 DANZEN！ふたりはプリキュア ver.MaxHeart",2005-02-25,46,6,10,63,0,10,-3,A#/B♭ Major,4,0gorOCv7OK0sRcc9lVl2zT,JPD600501667
339,"オトナモード","りすこ・もな from STAR☆ANIS",132,6A,92,2025-04-12,03:57,38,"","TVアニメ/データカードダス『アイカツ!』主題歌/挿入歌 2年目2",2014-00-00,67,27,2,83,0,0,-4,G Minor,4,5ejj8EIp3nXMWWzz4pg7iK,JPR501821542
340,"SHINING LINE*","わか・ふうり・ゆな from STAR☆ANIS",150,9B,97,2025-04-12,04:36,40,"","TVアニメ/データカードダス『アイカツ!』主題歌/挿入歌 2年目2",2014-00-00,52,1,0,76,0,0,-2,G Major,4,45s4b55fdR2SbKIMUOxCXh,JPR501821538
341,"ハッピィクレッシェンド","わか・ふうり・すなお・れみ・ゆな・えり from STAR☆ANIS",133,11B,91,2025-04-12,04:39,36,"","TVアニメ/データカードダス『アイカツ!』主題歌/挿入歌 2年目1",2013-00-00,59,6,0,83,0,20,-2,A Major,4,394DACK4OObJwCGTCAzPbC,JPR501821535
342,"オリジナルスター☆彡","わか・ふうり・すなお・れみ・もえ・えり・ゆな・りすこ from STAR☆ANIS",135,11A,93,2025-04-12,04:37,37,"","TVアニメ/データカードダス『アイカツ!』主題歌/挿入歌 2年目1",2013-00-00,53,9,0,76,0,20,-2,F#/G♭ Minor,4,49H75OFzOhGIlhbI9qA1Ph,JPR501821537
343,"新・チョコレート事件","ゆな form STAR☆ANIS",135,8B,91,2025-04-12,04:24,30,"","TVアニメ/データカードダス『アイカツ!』主題歌/挿入歌 2年目1",2013-00-00,72,11,0,40,10,20,-2,C Major,4,2Be1tINVdoM0Asj0gI3SWt,JPR501821530
344,"アイドル活動! - Ver. Rock","わか・ふうり from STAR☆ANIS",200,12B,99,2025-04-12,03:55,29,"","TVアニメ/データカードダス『アイカツ!』主題歌/挿入歌 2年目1",2013-00-00,31,2,0,44,10,20,-1,E Major,4,2hjmr7hlCTOt9gGShVtu3u,JPR501821528
345,"Take Me Higher","りすこ・もえ・ゆな from STAR☆ANIS",125,4B,90,2025-04-12,04:05,35,"","TVアニメ/データカードダス『アイカツ!』主題歌/挿入歌 1年目2",2013-00-00,54,1,2,42,0,20,-4,G#/A♭ Major,4,46gmSoLWxy4OWXtTdvaWH3,JPR501821523
346,"fashion check!","わか・ふうり・すなお・れみ・もえ from STAR☆ANIS",93,4B,94,2025-04-12,04:43,40,"shibuya-kei","TVアニメ/データカードダス『アイカツ!』主題歌/挿入歌 1年目2",2013-00-00,63,19,0,79,0,0,-3,G#/A♭ Major,4,2531gPh6mKmTfF87ytVK8r,JPR501821522
347,"Wake up my music","りさ・えいみ",128,1B,98,2025-04-12,04:52,41,"","TVアニメ/データカードダス『アイカツ!』主題歌/挿入歌 1年目2",2013-00-00,64,22,0,68,0,20,-3,B Major,4,2TCyIWaUaYr31xlfHr3DZo,JPR501821521
348,"放課後ポニーテール","れみ from STAR☆ANIS",108,8B,66,2025-04-12,04:31,32,"","TVアニメ/データカードダス『アイカツ!』主題歌/挿入歌 1年目2",2013-00-00,79,35,0,95,0,0,-4,C Major,4,6eNQAc1EbiY0gZBLtqY6YB,JPR501821518
349,"同じ地球のしあわせに","えり from STAR☆ANIS",95,4B,55,2025-04-12,05:16,28,"","TVアニメ/データカードダス『アイカツ!』主題歌/挿入歌 1年目2",2013-00-00,53,54,0,34,0,10,-5,G#/A♭ Major,4,1EIqSuixgDjAxPATBnfRV8,JPR501821519
350,"ダイヤモンドハッピー","わか・ふうり・すなお from STAR☆ANIS",117,3A,98,2025-04-12,04:07,41,"","TVアニメ/データカードダス『アイカツ!』主題歌/挿入歌 1年目2",2013-00-00,58,2,0,52,10,30,-1,A#/B♭ Minor,4,3jPCPEwTmiQT97V247njPu,JPR501821516
351,"カレンダーガール","わか・ふうり・すなお from STAR☆ANIS",135,12B,99,2025-04-12,04:24,45,"","TVアニメ/データカードダス『アイカツ!』主題歌/挿入歌 1年目1",2012-00-00,59,19,0,53,10,0,0,E Major,4,1s1FMdNHcSpOfZR2cEjh0J,JPR501821515
352,"硝子ドール","もえ・すなおfrom STAR☆ANIS",160,9A,94,2025-04-12,06:25,35,"","TVアニメ/データカードダス『アイカツ!』主題歌/挿入歌 1年目1",2012-00-00,39,0,1,37,0,20,-3,E Minor,4,5yFfhtvMQmPxppKzkMdrVe,JPR501821514
353,"Trap of Love","すなお・わか・ふうりfrom STAR☆ANIS",110,3B,96,2025-04-12,03:51,36,"","TVアニメ/データカードダス『アイカツ!』主題歌/挿入歌 1年目1",2012-00-00,59,12,0,71,0,30,-2,C♯/D♭ Major,4,60kngDFK7Nm65hx1Wtep9L,JPR501821511
354,"Angel Snow","れみ from STAR☆ANIS",110,3B,93,2025-04-12,03:35,34,"","TVアニメ/データカードダス『アイカツ!』主題歌/挿入歌 1年目1",2012-00-00,61,15,0,72,0,10,-4,C♯/D♭ Major,4,4FKvtLPoE8p90jQB8fzoyw,JPR501821509
355,"Prism Spiral","ふうりfrom STAR☆ANIS",128,8B,95,2025-04-12,04:05,35,"","TVアニメ/データカードダス『アイカツ!』主題歌/挿入歌 1年目1",2012-00-00,74,1,0,85,0,20,-4,C Major,4,6V4g2n8y4sbkBtH7SDxqCq,JPR501821508
356,"アイドル活動!","わか・ふうり・すなお from STAR☆ANIS",95,12B,96,2025-04-12,04:32,40,"","TVアニメ/データカードダス『アイカツ!』主題歌/挿入歌 1年目1",2012-00-00,52,3,0,62,0,10,-3,E Major,4,0aLmO5jZ8AeHSRoFzB8gz0,JPR501821507
357,"Move on now!","りすこ・わか・ふうり・すなお from STAR☆ANIS",128,12A,96,2025-04-12,04:08,38,"","TVアニメ/データカードダス『アイカツ!』主題歌/挿入歌 1年目1",2012-00-00,60,3,0,80,0,30,-7,C♯/D♭ Minor,4,1KZRqYGQIYtunpB4rP8fC5,JPR501821506
358,"Signalize!","わか・ふうり・すなお・りすこ from STAR☆ANIS",133,8B,97,2025-04-12,04:59,38,"","TVアニメ/データカードダス『アイカツ!』主題歌/挿入歌 1年目1",2012-00-00,61,7,0,68,0,10,-1,C Major,4,6t0AeW9qsw25DjexIPnv0N,JPR501821505
359,"Perfection Gimmick","IDOLiSH7",129,6A,95,2025-04-22,03:41,0,"anime","i7",2016-08-24,70,3,0,61,10,30,-4,G Minor,4,0oejgiCjwF4GnKhUhHfzeq,JPI101601467
360,"ピタゴラス☆ファイター","二階堂大和 (CV.白井悠介),和泉三月 (CV.代永 翼),六弥ナギ (CV.江口拓也)",130,9B,96,2025-04-22,05:26,0,"","i7",2016-08-24,60,6,0,64,0,10,-3,G Major,4,4UZBI60I5jGvrLCYKnLGUq,JPI101600165
361,"GOOD NIGHT AWESOME","IDOLiSH7",147,10A,95,2025-04-22,04:03,0,"anime","i7",2016-08-24,59,1,0,77,10,10,-3,B Minor,4,2fBMt1SBjBTAKvkABpt71k,JPI101600094
362,"miss you...","MEZZO”",101,11B,75,2025-04-22,04:47,0,"anime","i7",2016-08-24,55,5,0,46,0,30,-5,A Major,4,62kURBtqZ5rEmDLepO7zEZ,JPI101600358
363,"Joker Flag","IDOLiSH7",190,7B,95,2025-04-22,04:42,0,"anime","i7",2016-08-24,42,13,0,48,10,10,-4,F Major,4,02OQ0YqKcvzeXLvq27Tv3j,JPI101502039
364,"Fly away!","和泉一織 (CV.増田俊樹),七瀬 陸 (CV.小野賢章)",126,6A,92,2025-04-22,04:29,0,"","i7",2016-08-24,64,5,0,72,0,0,-3,G Minor,4,2OAEvzy1GXV40vszTJQtu4,JPI101600681
365,"THE FUNKY UNIVERSE","IDOLiSH7",135,6B,96,2025-04-22,04:59,0,"anime","i7",2016-08-24,56,1,0,59,0,30,-4,A#/B♭ Major,4,0tJvlqFpeOfTSBHouFr3W5,JPI101601469
366,"恋のかけら","MEZZO”",133,8A,92,2025-04-22,04:38,0,"anime","i7",2016-08-24,48,2,0,56,0,20,-4,A Minor,4,44LtDi8lX9jkYoYNrD2kBB,JPI101600357
367,"MEMORiES MELODiES","IDOLiSH7",128,11B,93,2025-04-22,05:07,0,"anime","i7",2016-08-24,52,0,0,49,0,0,-4,A Major,4,7zYl0bbuPNAcxn9YhEFxEH,JPI101502040
368,"THANK YOU FOR YOUR EVERYTHING!","IDOLiSH7",174,9B,96,2025-04-22,04:17,0,"anime","i7",2016-08-24,49,2,0,51,10,30,-3,G Major,4,44vblN9O8AWiPplxx18FrN,JPI101601470
369,"Sakura Message","IDOLiSH7",174,4B,68,2025-04-22,05:28,0,"anime","Sakura Message",2017-07-07,39,56,0,33,0,20,-4,G#/A♭ Major,4,3f10Sd0IpJbO2kxhbXH5yV,JPI101701214
370,"PARTY TIME TOGETHER","IDOLiSH7",108,11B,87,2025-04-22,05:18,0,"anime","Sakura Message",2017-07-07,58,1,0,60,0,30,-4,A Major,4,5CHMhqgPpwYRzc7nAZOix2,JPI101701215
371,"NATSU☆しようぜ! - IDOLiSH7 ver.","IDOLiSH7",150,2B,98,2025-04-22,05:05,0,"anime","NATSU☆しようぜ!",2016-07-07,56,10,0,46,10,20,-3,F#/G♭ Major,4,6FUUVNvjRuQBZCpyrZ8BqF,JPI101601333
372,"NATSU☆しようぜ! - IDOLiSH7 feat. TRIGGER ver.","IDOLiSH7,TRIGGER",150,2B,98,2025-04-22,05:06,0,"anime","NATSU☆しようぜ!",2016-07-07,54,6,0,43,10,20,-3,F#/G♭ Major,4,74vKZVwilot3WWnoTdT1DH,JPI101601335
373,"Mr.AFFECTiON","IDOLiSH7",150,8A,97,2025-04-22,04:42,0,"anime","Mr.AFFECTiON",2020-01-08,57,3,0,74,10,10,-3,A Minor,4,2vGVhtVqqhldFTbBGFtzZL,JPI101901883
374,"ハツコイリズム","IDOLiSH7",201,3B,67,2025-04-22,04:53,0,"anime","Mr.AFFECTiON",2020-01-08,36,42,0,32,0,10,-5,C♯/D♭ Major,4,0F5YkPihmTQ4XZGkGQzlFA,JPI101901884
375,"WiSH VOYAGE","IDOLiSH7",150,11B,79,2025-04-22,04:07,0,"anime","WiSH VOYAGE / Dancing∞BEAT!!",2018-02-14,59,1,0,72,0,20,-5,A Major,4,4s2JomRrcKgVLt2lrX0tvm,JPI101800004
376,"Dancing∞BEAT!!","IDOLiSH7",140,11B,98,2025-04-22,04:47,0,"anime","WiSH VOYAGE / Dancing∞BEAT!!",2018-02-14,62,12,0,66,10,30,-4,A Major,4,16uBIBXoHbN9fIMLgDIKoP,JPI101800005
377,"ナナツイロ REALiZE","IDOLiSH7",128,11B,87,2025-04-22,04:48,0,"anime","ナナツイロ REALiZE",2018-06-20,59,3,0,63,0,30,-4,A Major,4,54IcYBsKHecx4MgZyqF8TB,JPI101801572
378,"Viva! Fantastic Life!!!!!!!","IDOLiSH7",136,4A,96,2025-04-22,04:06,0,"anime","ナナツイロ REALiZE",2018-06-20,73,2,0,79,10,10,-4,F Minor,4,1cEUUpMv30fWDebbB2yVrQ,JPI101801573
379,"DiSCOVER THE FUTURE","IDOLiSH7",180,9B,86,2025-04-22,03:42,0,"anime","DiSCOVER THE FUTURE",2020-05-27,46,9,0,48,0,20,-3,G Major,4,7lI5XTUq2XkKqO0x0k2su3,JPI102000650
380,"Everyday Yeah!","IDOLiSH7",132,1B,95,2025-04-22,04:15,0,"anime","DiSCOVER THE FUTURE",2020-08-26,62,39,0,43,10,10,-4,B Major,4,392HE8tcR75B2L4tID259H,JPI102000651
381,"解決ミステリー","和泉一織 (CV.増田俊樹),七瀬 陸 (CV.小野賢章)",116,11B,95,2025-04-22,03:32,0,"","解決ミステリー",2019-09-27,62,9,0,64,0,30,-4,A Major,4,5dT0vSOiMXkDvyXuPTfsEz,JPI101901593
382,"My Friend","二階堂大和 (CV.白井悠介),和泉三月 (CV.代永 翼),六弥ナギ (CV.江口拓也)",93,6B,64,2025-04-22,04:16,0,"","My Friend",2019-11-30,57,12,0,40,0,10,-4,A#/B♭ Major,4,3TKZ0FCAUIOuHolsZVjR7o,JPI101901594
383,"雨","MEZZO”",96,6A,85,2025-04-22,05:23,0,"anime","雨",2018-03-21,55,14,0,48,0,30,-5,G Minor,4,3yd1OZYpQcEAtEILgrInUy,JPI101800775
384,"カレイドスコープ","MEZZO”",180,10B,98,2025-04-22,03:53,0,"anime","カレイドスコープ",2019-11-09,50,0,0,86,0,30,-5,D Major,4,4lDreS79cWyHzL9U6NMoh6,JPI101901757
385,"Dear Butterfly","MEZZO”",124,4B,87,2025-04-22,05:05,0,"anime","Dear Butterfly",2017-11-22,61,4,0,62,0,10,-4,G#/A♭ Major,4,3c6fOvtJ2Yg0qZVDQyGBXC,JPI101702318
386,"Forever Note","MEZZO”",142,12A,93,2025-04-22,04:24,0,"anime","Forever Note",2019-10-31,54,5,0,69,0,30,-3,C♯/D♭ Minor,4,6lOJvgfaTLtyPEozeXyg7l,JPI101901592
387,"月明かりイルミネイト","MEZZO”",146,6B,60,2025-04-22,04:33,0,"anime","Dear Butterfly",2017-11-22,52,35,0,29,0,10,-6,A#/B♭ Major,4,6ohiCVtmedvmTI0FuiY5yn,JPI101700048
388,"甘さひかえめ","MEZZO”",204,7B,65,2025-04-22,05:23,0,"anime","雨",2018-03-21,40,24,0,57,0,10,-6,F Major,4,2FPdAw9tcOWuYZWmemOOmo,JPI101800776
389,"ONE dream","和泉一織 (CV.増田俊樹)",160,6A,72,2025-04-22,04:27,0,"","Wonderful Octave",2019-01-25,43,30,0,42,0,30,-5,G Minor,4,1tjnAZb91WxfuXuxCYh3Ee,JPI101703169
390,"Wonderful Octave - Iori ver.","和泉一織 (CV.増田俊樹)",139,10B,96,2025-04-22,03:33,0,"","Wonderful Octave",2019-01-25,65,1,0,74,0,0,-5,D Major,4,3ViLnq68hXOlAPaqYUXWyB,JPI101803087
391,"Love two you","二階堂大和 (CV.白井悠介)",124,10A,88,2025-04-22,04:43,0,"","Wonderful Octave",2019-02-14,71,8,0,66,0,10,-4,B Minor,4,2tMm9wsDfrWHtK9KbV7HiL,JPI101800420
392,"Wonderful Octave - Yamato ver.","二階堂大和 (CV.白井悠介)",139,10B,96,2025-04-22,03:33,0,"","Wonderful Octave",2019-02-14,66,2,0,54,10,0,-4,D Major,4,4swUyCIfTcAU9mVvrezMHK,JPI101900035
393,"三日月のヴェール","和泉三月 (CV.代永 翼)",120,4B,62,2025-04-22,05:19,0,"","Wonderful Octave",2019-03-03,62,71,0,43,0,20,-4,G#/A♭ Major,3,4Svn3SXXQ4ziyH6hoAzMjR,JPI101800517
394,"Wonderful Octave - Mitsuki ver.","和泉三月 (CV.代永 翼)",139,10A,94,2025-04-22,03:33,0,"","Wonderful Octave",2019-03-03,65,1,0,75,10,0,-4,B Minor,4,3dXZD9h2bm7E7olbV5IUYe,JPI101900181
395,"Four Leaf Ring","四葉 環 (CV.KENN)",130,5B,91,2025-04-22,04:25,0,"","Wonderful Octave",2019-04-01,61,0,0,85,0,30,-5,D#/E♭ Major,4,6eHsGLWkNQZ80VsTgJbepj,JPI101801012
396,"Wonderful Octave - Tamaki ver.","四葉 環 (CV.KENN)",139,10B,96,2025-04-22,03:33,0,"","Wonderful Octave",2019-04-01,63,1,0,78,10,0,-4,D Major,4,1kLpamMGAYccNEZOPdxWgz,JPI101900509
397,"Maybe","逢坂壮五 (CV.阿部 敦)",152,3A,94,2025-04-22,04:17,0,"","Wonderful Octave",2019-05-28,47,0,0,45,10,10,-4,A#/B♭ Minor,4,2ylTXOII9fkgqk2yoA736M,JPI101801445
398,"June is Natural","六弥ナギ (CV.江口拓也)",115,6B,82,2025-04-22,03:59,0,"","Wonderful Octave",2019-06-20,74,69,0,60,0,10,-6,A#/B♭ Major,4,4yAB5Kbm7Ehrwd9TrLG4Dm,JPI101801607
399,"Wonderful Octave - Nagi ver.","六弥ナギ (CV.江口拓也)",139,10B,96,2025-04-22,03:33,0,"","Wonderful Octave",2019-06-20,66,1,0,74,0,0,-4,D Major,4,4MkiwsRlpYaIPUItOUtH6D,JPI101900897
400,"SEPTET for...","七瀬 陸 (CV.小野賢章)",140,3B,84,2025-04-22,04:18,0,"","Wonderful Octave",2019-07-09,59,2,0,66,0,0,-5,C♯/D♭ Major,4,0rvM7I88ArT9h4k9DgAgUj,JPI101801618
401,"Wonderful Octave - Riku ver.","七瀬 陸 (CV.小野賢章)",139,10B,96,2025-04-22,03:33,0,"","Wonderful Octave",2019-07-09,66,1,0,71,0,0,-4,D Major,4,1Gl3QgO8HW7AOgACW8QOwT,JPI101900975
402,"SECRET NIGHT","TRIGGER",128,9B,84,2025-04-22,04:12,0,"anime","REGALITY",2017-09-20,65,17,0,66,0,40,-6,G Major,4,49xy9K373Ate3YJcNYYYuS,JPI101502044
403,"NATSU☆しようぜ!","TRIGGER",150,1B,96,2025-04-22,05:05,0,"anime","REGALITY",2017-09-20,54,17,0,52,10,20,-5,B Major,4,3fkSEyFHWprATWIYFaR0Ff,JPI101502045
404,"Last Dimension～引き金をひくのは誰だ～","TRIGGER",135,4A,90,2025-04-22,05:13,0,"anime","REGALITY",2017-09-20,61,5,0,64,10,0,-7,F Minor,4,2TH9KBq7xQhagVQpSqHFjQ,JPI101601716
405,"願いはShine On The Sea","TRIGGER",123,1B,87,2025-04-22,03:38,0,"anime","REGALITY",2017-09-20,56,7,0,65,0,30,-5,B Major,4,6Dt15H6eoMahUSC6UZcRmc,JPI101701638
406,"Leopard Eyes","TRIGGER",130,7B,90,2025-04-22,04:32,0,"anime","REGALITY",2017-09-20,62,3,0,73,0,40,-7,F Major,4,1pBQJ0hZyFIwKCayM9nISj,JPI101502046
407,"DAYBREAK INTERLUDE","TRIGGER",156,2B,88,2025-04-22,04:52,0,"anime","REGALITY",2017-09-20,51,0,0,63,0,30,-6,F#/G♭ Major,4,2EJ9iqqcZ3fo2viIC6mO95,JPI101701639
408,"Riskyな彼女","十 龍之介 (CV.佐藤拓也)",130,3B,97,2025-04-22,04:11,0,"","REGALITY",2017-09-20,56,1,0,63,0,10,-4,C♯/D♭ Major,4,27uRFGVGrkUACe5EvS35ah,JPI101701640
409,"幸せでいて","八乙女 楽 (CV.羽多野 渉)",77,11A,77,2025-04-22,05:00,0,"","REGALITY",2017-09-20,50,30,0,53,0,10,-6,F#/G♭ Minor,4,7pkramzih51h6N9g8Cp3kw,JPI101701641
410,"U COMPLETE ME","九条 天 (CV.斉藤壮馬)",144,10A,92,2025-04-22,04:19,0,"","REGALITY",2017-09-20,60,7,0,50,0,30,-5,B Minor,4,7cDIqOnlDvvsyETwyKjtIO,JPI101701642
411,"DESTINY","TRIGGER",136,5A,95,2025-04-22,04:37,0,"anime","REGALITY",2017-09-20,55,9,0,40,0,20,-5,C Minor,4,5uSgEKvV4swXwWG109kCMm,JPI101701644
412,"In the meantime","TRIGGER",142,11A,89,2025-04-22,04:03,0,"anime","REGALITY",2017-09-20,60,9,0,33,0,0,-5,F#/G♭ Minor,4,6n1zhNf9zUqffLObNEDRUH,JPI101701643
413,"Heavenly Visitor","TRIGGER",188,7A,92,2025-04-22,04:24,0,"anime","Heavenly Visitor / DIAMOND FUSION",2018-02-28,39,0,0,43,0,0,-5,D Minor,4,1EHzM7ZHH5Z16NkyNhIOkv,JPI101800008
414,"DIAMOND FUSION","TRIGGER",72,4A,91,2025-04-22,03:57,0,"anime","Heavenly Visitor / DIAMOND FUSION",2018-02-28,59,1,0,75,0,20,-6,F Minor,4,4Gjmzcq9XJReCWl4wiyULk,JPI101800009
415,"Treasure!","TRIGGER",144,10A,95,2025-04-22,04:37,0,"anime","Crescent rise",2020-01-29,52,2,0,75,10,10,-5,B Minor,4,58qwwLduT4uFfNFukyyRzn,JPI101901898
416,"Crescent rise","TRIGGER",180,11B,76,2025-04-22,05:36,0,"anime","Crescent rise",2020-01-29,18,0,0,8,0,30,-6,A Major,4,4eFTSvQq9wmNZ1lW1YLZJd,JPI101901897
417,"Up to the nines","九条 天 (CV.斉藤壮馬)",105,12A,86,2025-04-22,03:51,0,"","Wonderful Octave",2019-07-09,66,1,0,39,0,30,-7,C♯/D♭ Minor,4,2lweyPxlajS5asXpxsC9An,JPI101801619
418,"Wonderful Octave - Tenn ver.","九条 天 (CV.斉藤壮馬)",139,10A,96,2025-04-22,03:33,0,"","Wonderful Octave",2019-07-09,64,0,0,65,10,0,-5,B Minor,4,44Oadi0HkzIAlJ2UDqhnMM,JPI101900978
419,"アソシエイト","八乙女 楽 (CV.羽多野 渉)",100,6A,93,2025-04-22,04:26,0,"","Wonderful Octave",2019-08-16,56,5,0,70,0,20,-3,G Minor,4,7CM0K2Rr0KWkDwsW9C3Mnb,JPI101802122
420,"Wonderful Octave - Gaku ver.","八乙女 楽 (CV.羽多野 渉)",139,10B,96,2025-04-22,03:33,0,"","Wonderful Octave",2019-08-16,64,1,0,73,0,20,-5,D Major,4,7e9UnlH3sccuwnKP4UO0TQ,JPI101901227
421,"my 10plate","十 龍之介 (CV.佐藤拓也)",128,11B,87,2025-04-22,04:28,0,"","Wonderful Octave",2019-10-12,57,35,0,24,0,30,-5,A Major,4,09U6sZjD41mz1YgHTTsnn6,JPI101802412
422,"Wonderful Octave - Ryunosuke ver.","十 龍之介 (CV.佐藤拓也)",139,10A,96,2025-04-22,03:33,0,"","Wonderful Octave",2019-10-12,63,1,0,60,10,10,-5,B Minor,4,2Ok8n4p2XWqNBDXSlYlOcv,JPI101901608
423,"フレフレ!青春賛歌","和泉一織 (CV.増田俊樹),七瀬 陸 (CV.小野賢章),九条 天 (CV.斉藤壮馬)",169,1B,90,2025-04-22,04:29,0,"","フレフレ!青春賛歌",2016-11-19,44,3,0,70,0,10,-4,B Major,4,2HUtzutGkRfBBY3MB59pWY,JPI101602203
424,"男子タルモノ!～MATSURI～","二階堂大和 (CV.白井悠介),和泉三月 (CV.代永 翼),六弥ナギ (CV.江口拓也),八乙女 楽 (CV.羽多野 渉)",95,9B,97,2025-04-22,03:50,0,"","男子タルモノ!～MATSURI～",2016-11-05,72,28,0,69,10,20,-3,G Major,4,69JI7KoDdAFl59LCsg0n84,JPI101602201
425,"激情","Re:vale",75,6A,96,2025-04-22,04:23,0,"anime","Re:al Axis",2018-12-05,52,8,0,66,10,30,-4,G Minor,4,4qHyUISAAOWmdZvARpq5Y4,JPI101802644
426,"Dis one.","Re:vale",172,10B,92,2025-04-22,03:59,0,"anime","Re:al Axis",2018-12-05,37,2,0,50,10,10,-4,D Major,4,35C0bBZenqx3wrVawrwwjh,JPI101601032
427,"TO MY DEAREST","Re:vale",97,12B,70,2025-04-22,04:20,0,"anime","Re:al Axis",2018-12-05,53,6,0,41,0,30,-6,E Major,4,7rfxc3WaLBRMoUHXJF9FDh,JPI101602518
428,"奇跡","Re:vale",105,2A,93,2025-04-22,03:44,0,"anime","Re:al Axis",2018-12-05,42,2,0,36,0,30,-4,D#/E♭ Minor,4,2V6yLz41DveujdnZdLWsDk,JPI101802646
429,"永遠性理論","Re:vale",156,4B,93,2025-04-22,04:09,0,"anime","Re-raise",2020-01-22,52,3,0,78,0,10,-5,G#/A♭ Major,4,7f2ObaiZyLWe8Vuuq4OaaV,JPI101901892
430,"t(w)o...","Re:vale",128,6B,69,2025-04-22,04:06,0,"anime","Re-raise",2020-01-22,64,18,0,61,0,30,-5,A#/B♭ Major,4,1qfAopvAMYfdIWlIMvDPID,JPI101901893
431,"Fly! More Liberty","Re:vale",90,7B,93,2025-04-22,04:04,0,"anime","ミライノーツを奏でて",2020-08-26,47,13,0,61,10,10,-4,F Major,4,2jCqpphA4thxYl3lfZBsq0,JPI102000655
432,"100%ハピネス","百 (CV.保志総一朗)",136,10A,93,2025-04-22,04:28,0,"","Wonderful Octave",2019-11-11,61,18,0,75,0,20,-3,B Minor,4,44NGFXiexmJzRkOLwOHDDa,JPI101802546
433,"Wonderful Octave - Momo ver.","百 (CV.保志総一朗)",139,10B,97,2025-04-22,03:33,0,"","Wonderful Octave",2019-11-11,67,2,0,74,0,10,-5,D Major,4,2BP76dUw4ymZF50A7vsXU4,JPI101901756
434,"千年先もずっと...","千 (CV.立花慎之介)",92,8B,63,2025-04-22,05:21,0,"","Wonderful Octave",2019-12-24,50,60,0,32,0,10,-6,C Major,4,1pr69qYTht8eB5oqNeqr1w,JPI101802547
435,"Wonderful Octave - Yuki ver.","千 (CV.立花慎之介)",139,10B,97,2025-04-22,03:33,0,"","Wonderful Octave",2019-12-24,62,1,0,74,0,10,-5,D Major,4,3g6LIYsGsuBVk6azgFLxvM,JPI101901878
436,"Poisonous Gangster","ŹOOĻ",115,8A,56,2025-04-22,03:45,0,"anime","Poisonous Gangster",2017-08-30,68,0,0,32,0,30,-7,A Minor,4,6ofggKiHtSyvR2ZMoDDkV3,JPI101701612
437,"LOOK AT…","ŹOOĻ",92,9B,88,2025-04-22,04:12,0,"anime","Poisonous Gangster",2017-08-30,54,0,0,44,0,40,-5,G Major,4,3hVQAuRbnygtwaR0CB8lpy,JPI101701613
438,"Bang!Bang!Bang!","ŹOOĻ",139,8A,88,2025-04-22,04:21,0,"anime","Bang!Bang!Bang!",2020-01-15,60,0,0,63,0,40,-4,A Minor,4,0ZuhTLqnLM5lGQV4k7eZGT,JPI101901887
439,"ZONE OF OVERLAP","ŹOOĻ",95,2A,91,2025-04-22,04:01,0,"anime","Bang!Bang!Bang!",2020-01-15,68,5,0,50,10,30,-3,D#/E♭ Minor,4,3G7t21C567I2ryejOVX2ue,JPI101901888
440,"4-ROAR","ŹOOĻ",132,10A,78,2025-04-22,04:00,0,"anime","4-ROAR",2020-10-17,72,2,0,74,0,10,-4,B Minor,4,0bJM1Qb8pkBAzOebHPzsfj,JPI102001467
441,"LOOK AT… - Album Edition","ŹOOĻ",92,10A,90,2025-04-22,04:12,0,"anime","einsatZ",2020-11-25,54,0,0,46,0,30,-4,B Minor,4,5wSO9pXZQb8MpINv7g8Oo9,JPI102001622
442,"ササゲロ -You Are Mine-","ŹOOĻ",130,11B,73,2025-04-22,04:26,0,"anime","einsatZ",2020-11-25,68,1,0,54,0,30,-4,A Major,4,0L9VEMrJvVWTVooP3TG1j8,JPI102001625
443,"Ache","ŹOOĻ",83,12A,69,2025-04-22,03:06,0,"anime","einsatZ",2020-11-25,40,20,0,42,10,10,-5,C♯/D♭ Minor,4,0gaM0xYRyVebGj1YPx608K,JPI102001626
444,"Poisonous Gangster - Album Edition","ŹOOĻ",115,10B,62,2025-04-22,03:43,0,"anime","einsatZ",2020-11-25,68,0,0,38,0,30,-6,D Major,4,5I8xtOE4I1mnUFvTK4hGah,JPI102001627
445,"Unbalance Shadow","亥清 悠 (CV.広瀬裕也),棗 巳波 (CV.西山宏太朗)",105,10A,59,2025-04-22,03:21,0,"","einsatZ",2020-11-25,78,3,0,43,0,10,-7,B Minor,4,7wgBmjTYT4rD1mSbmur4KG,JPI102001623
446,"Drift driving","狗丸トウマ (CV.木村 昴),御堂虎於 (CV.近藤 隆)",130,9B,74,2025-04-22,03:04,0,"","einsatZ",2020-11-25,78,0,0,43,0,10,-6,G Major,4,4lQWRqb3I0jQOjIMLDf9Lg,JPI102001624
447,"Labyrinth","亥清 悠 (CV.広瀬裕也)",140,11A,84,2025-04-22,04:35,0,"","Labyrinth",2019-12-06,56,0,0,59,0,20,-4,F#/G♭ Minor,4,34cAYEvx6n7fJ0QYgGGLB1,JPI101901758
448,"Endless","狗丸トウマ (CV.木村 昴)",120,12A,91,2025-04-22,04:21,0,"","Endless",2019-11-29,74,11,0,59,0,0,-6,C♯/D♭ Minor,4,7EJ1STyq4i7Bj4bb7gVxPF,JPI101901595
449,"午前4時のDusty Love","御堂虎於 (CV.近藤 隆)",123,3A,79,2025-04-22,04:34,0,"","午前4時のDusty Love",2019-03-15,70,0,0,75,0,30,-5,A#/B♭ Minor,4,4VpQnA8PUQGJlSREzEjf2u,JPI101900300
450,"Dejavu","棗 巳波 (CV.西山宏太朗)",122,7B,77,2025-04-22,03:55,0,"","Dejavu",2019-06-08,65,4,1,26,0,10,-8,F Major,4,2x96Uek1encMpPxzZfRixB,JPI101900898
451,"Wonderful Octave - Torao ver.","御堂虎於 (CV.近藤 隆)",139,10B,96,2025-04-22,03:33,0,"","Wonderful Octave",2020-03-15,64,1,0,66,0,0,-4,D Major,4,5wvjplCCAvk8zLGPw2kQDM,JPI102000116
452,"Wonderful Octave - Minami ver.","棗 巳波 (CV.西山宏太朗)",139,10B,95,2025-04-22,03:31,0,"","Wonderful Octave",2020-06-08,64,1,0,81,0,0,-4,D Major,4,5ModHtfBl8NnqSEo2otozC,JPI102000660
453,"Wonderful Octave - Haruka ver.","亥清 悠 (CV.広瀬裕也)",139,10B,97,2025-04-22,03:33,0,"","Wonderful Octave",2020-12-06,63,0,0,80,0,10,-4,D Major,4,5ZqLouJGeSJ4GkMnK1p5aG,JPI102001656
454,"Wonderful Octave - Toma ver.","狗丸トウマ (CV.木村 昴)",139,10B,97,2025-04-22,03:31,0,"","Wonderful Octave",2020-11-29,62,0,0,81,0,0,-4,D Major,4,2lPRRonlZKmoDYlt58Q6yn,JPI102001562
455,"激情","TRIGGER,IDOLiSH7",150,6A,94,2025-04-22,04:23,0,"anime","TVアニメ『アイドリッシュセブン Second BEAT!』オリジナルサウンドトラック「BEYOND THE SHiNE」",2021-01-13,59,15,0,70,10,30,-4,G Minor,4,3qOVMClhpgvWo1NLVeCn6T,JPI102002069
456,"It's ALL-for you-","Re:vale",140,1B,57,2025-04-22,05:07,0,"anime","TVアニメ『アイドリッシュセブン Second BEAT!』オリジナルサウンドトラック「BEYOND THE SHiNE」",2021-01-13,59,48,0,40,0,10,-5,B Major,4,1w0YxydzqRlLP2SiEA5NLk,JPI102002061
457,"Last Dimension - Symphonic Edition","TRIGGER",100,5A,44,2025-04-22,02:45,0,"anime","TVアニメ『アイドリッシュセブン Second BEAT!』オリジナルサウンドトラック「BEYOND THE SHiNE」",2021-01-13,56,87,0,34,0,30,-7,C Minor,4,6nl7ktXIluTsHJqbDEOdBy,JPI102002062
458,"Happy Days Creation!","Re:vale,IDOLiSH7",133,2B,96,2025-04-22,05:04,0,"anime","アイドリッシュセブン Collection Album vol.2",2021-04-07,61,22,0,49,10,40,-4,F#/G♭ Major,4,1UBgvGnsffYyMD9UTkXkvq,JPI102100544
459,"VALIANT","TRIGGER",160,5A,78,2025-04-22,03:11,0,"anime","VARIANT",2021-06-23,63,8,0,75,0,20,-5,C Minor,4,424AgS6PRyYRbIWrD8IZR8,JPI102101164
460,"バラツユ","TRIGGER",90,10B,77,2025-04-22,04:04,0,"anime","VARIANT",2021-06-23,61,26,0,57,0,20,-6,D Major,4,1kTrXdaDUEVlu1X3XLaT6h,JPI102101165
461,"My Precious World","TRIGGER",127,11A,90,2025-04-22,03:35,0,"anime","VARIANT",2021-06-23,62,32,0,49,0,10,-6,F#/G♭ Minor,4,7FTxnSAWuKkseqW0JdsBWc,JPI102001468
462,"PLACES","TRIGGER",110,4A,83,2025-04-22,04:20,0,"anime","PLACES",2021-07-14,63,6,0,32,0,10,-7,F Minor,4,2hIp33RyI7ofsw96u2YOCY,JPI102101469
463,"Smile Again","TRIGGER",120,3B,85,2025-04-22,03:41,0,"anime","PLACES",2021-07-14,74,22,0,80,0,30,-7,C♯/D♭ Major,4,1rqlMOEyS6g9F5wFVH3K7J,JPI102101470
464,"THE POLiCY","IDOLiSH7",126,6B,81,2025-04-22,03:59,0,"anime","THE POLiCY",2021-07-26,72,15,0,83,30,20,-5,A#/B♭ Major,4,1Gb15QARCbBuZj9zUbXz39,JPI102101687
465,"NAGISA Night Temperature","IDOLiSH7",120,6B,88,2025-04-22,03:39,0,"anime","THE POLiCY",2021-08-04,65,35,0,83,0,10,-3,A#/B♭ Major,4,1LhynTgZFTgmdCQbpETE0S,JPI102101688
466,"未来絵","MEZZO”",160,9B,90,2025-04-22,03:52,0,"anime","Intermezzo",2021-10-20,51,9,0,67,0,20,-5,G Major,4,0rrHfKEeBrsEXITZErWIyr,JPI102102768
467,"Tears Over ～この星の君と～","MEZZO”",84,1B,59,2025-04-22,03:52,0,"anime","Intermezzo",2021-10-20,51,31,0,29,0,10,-7,B Major,4,2j1iEHt7rc5viU1NDiSVA0,JPI102102769
468,"Boys & Girls","IDOLiSH7",155,1B,95,2025-04-22,04:06,0,"anime","Opus",2022-01-12,56,5,0,92,0,0,-5,B Major,4,17cQxYJ2mcanjoPMwDYAxz,JPI102103571
469,"Everything is up to us","IDOLiSH7",105,9B,62,2025-04-22,03:37,0,"anime","Opus",2022-01-12,78,39,0,75,0,10,-7,G Major,4,2ZFO0dgb5K5mEFsm9ln75Z,JPI102103572
470,"Period Color","Re:vale",132,11B,92,2025-04-22,04:35,0,"anime","Period Color",2022-04-15,62,3,0,68,0,30,-5,A Major,4,69kQyNzKCexiq4PuAwkgFY,JPI102200638
471,"Mallow Blue","IDOLiSH7",120,3B,91,2025-04-22,03:32,0,"anime","Mallow Blue",2022-05-25,59,12,0,61,10,30,-4,C♯/D♭ Major,4,0qyQE3IUfeD38NkY2g6A6j,JPI102200976
472,"Because Now!!","IDOLiSH7",132,2B,88,2025-04-22,03:40,0,"anime","Mallow Blue",2022-05-25,64,3,0,92,0,0,-5,F#/G♭ Major,4,7kZD66eVFcUn7EdmBMICQq,JPI102200977
473,"Survivor","ŹOOĻ",97,2A,59,2025-04-22,03:37,0,"anime","Survivor",2022-06-01,60,1,0,34,0,10,-8,D#/E♭ Minor,4,1De2w9pZlAt2mKEm0F7NK5,JPI102201058
474,"No Sacrifice","ŹOOĻ",128,3A,78,2025-04-22,04:06,0,"anime","Survivor",2022-06-01,64,1,0,32,0,10,-7,A#/B♭ Minor,4,6dDfgZ38eXNgk6aX9kWVxs,JPI102201059
475,"SUISAI","TRIGGER",132,9A,80,2025-04-22,04:59,0,"anime","SUISAI",2022-06-08,60,42,0,43,0,10,-7,E Minor,4,7n8DHAHozfOs0BVTuLz6yf,JPI102201084
476,"Radiance","TRIGGER",172,6B,49,2025-04-22,04:24,0,"anime","SUISAI",2022-06-08,45,45,0,28,0,10,-7,A#/B♭ Major,4,5k8QFRIIXtufXNL0Ys9WXr,JPI102201085
477,"HELLO CALLiNG","IDOLiSH7",112,11B,80,2025-04-22,04:02,0,"","HELLO CALLiNG",2022-06-10,69,1,0,38,0,30,-6,A Major,4,5IKm7gw6w52KFtkDrGpaqw,JPI102201092
478,"Kokoro, Harebare","Re:vale",106,11B,88,2025-04-22,04:31,0,"anime","Kokoro, Harebare",2022-06-15,64,33,0,59,0,30,-5,A Major,4,1OVW6S9aU03kk9JMaAHqln,JPI102201260
479,"Start Rec","Re:vale",175,1B,89,2025-04-22,04:44,0,"anime","Kokoro, Harebare",2022-06-15,43,3,0,46,0,10,-5,B Major,4,1y405pTIwFqIThLlvSH7GA,JPI102201261
480,"Storyteller","Re:vale",216,6B,67,2025-04-22,03:03,0,"anime","Re:flect In",2022-08-03,61,14,0,56,20,0,-8,A#/B♭ Major,4,1nQlQCYMUrr7GdrmgrVHE5,JPI102201715
481,"Yumeshizuku","Re:vale",171,9B,88,2025-04-22,04:23,0,"anime","Re:flect In",2022-08-03,49,20,0,54,10,10,-5,G Major,4,1yljUCgikDh7vVdaJPpL8X,JPI102201716
482,"CROSSOVER ROTATION","IDOLiSH7,TRIGGER,Re:vale,ŹOOĻ",155,12B,92,2025-04-22,06:21,0,"anime","IDOLiSH7 7th Anniversary Song  CROSSOVER ROTATION ",2022-08-17,53,26,0,78,0,60,-5,E Major,4,0ojtg6aVCQ6znt6G0z7MS9,JPI102201827
483,"CROSSOVER ROTATION -Focus on IDOLiSH7- - short ver.","IDOLiSH7",155,12B,92,2025-04-22,02:21,0,"anime","IDOLiSH7 7th Anniversary Song  CROSSOVER ROTATION ",2022-08-17,54,9,0,85,0,30,-5,E Major,4,5kgasr12IwqPa3oIyyEH3n,JPI102201828
484,"CROSSOVER ROTATION -Focus on TRIGGER- - short ver.","TRIGGER",155,12B,94,2025-04-22,01:44,0,"anime","IDOLiSH7 7th Anniversary Song  CROSSOVER ROTATION ",2022-08-17,51,25,0,95,0,30,-5,E Major,4,6zAl3GvaOwobs6uzD7u1t7,JPI102201829
485,"CROSSOVER ROTATION -Focus on Re:vale- - short ver.","Re:vale",78,12B,83,2025-04-22,01:55,0,"anime","IDOLiSH7 7th Anniversary Song  CROSSOVER ROTATION ",2022-08-17,58,76,0,74,0,10,-5,E Major,3,4wWJPLuzfdUwAHSWksI6c2,JPI102201830
486,"CROSSOVER ROTATION -Focus on ŹOOĻ- - short ver.","ŹOOĻ",155,11B,83,2025-04-22,01:49,0,"anime","IDOLiSH7 7th Anniversary Song  CROSSOVER ROTATION ",2022-08-17,46,17,0,81,0,30,-4,A Major,1,5iNL3FlXpoVavQzUoZovP4,JPI102201831
487,"NEVER LOSE, MY RULE","ŹOOĻ",81,9B,88,2025-04-22,04:42,0,"","NEVER LOSE, MY RULE",2022-08-31,37,0,0,44,10,10,-5,G Major,4,6ppmAfQF2yqhBEksloIB07,JPI102201901
488,"Hidden Region","TRIGGER",127,9A,77,2025-04-22,03:46,0,"","Hidden Region",2022-09-18,71,16,0,81,10,10,-5,E Minor,4,2sVguUQGlEUWy57DbGuCU1,JPI102201942
489,"WONDER LiGHT","IDOLiSH7",115,11B,74,2025-04-22,03:27,0,"anime","WONDER LiGHT",2022-10-03,73,33,0,89,0,30,-6,A Major,4,3DxQteR3hlJvFGR3NrH7IL,JPI102202108
490,"IMPERIAL CHAIN","ŹOOĻ",106,6B,74,2025-04-22,04:12,0,"anime","IMPERIAL CHAIN",2022-10-03,67,1,0,52,0,10,-6,A#/B♭ Major,4,2aeYYVYK2upJ0gmQ7GosK1,JPI102202112
491,"Ardor Life","IDOLiSH7",126,11B,71,2025-04-22,03:46,0,"anime","WONDER LiGHT",2022-11-02,73,41,0,86,0,20,-7,A Major,4,5zNcbFRLSjDSaaN8MR5Q5d,JPI102202109
492,"Murky Oath","ŹOOĻ",102,9B,92,2025-04-22,03:10,0,"anime","IMPERIAL CHAIN",2022-11-09,56,0,0,69,0,20,-6,G Major,4,0JRrt3SCNUTH9gJf1vmk8D,JPI102202113
493,"カラフル","MEZZO”",93,4B,86,2025-04-22,04:38,0,"anime","カラフル",2022-12-05,57,42,0,87,0,30,-5,G#/A♭ Major,4,2NSUDNby2hmjaZHk2a6z0V,JPI102202454
494,"BLACK TIGER","ŹOOĻ",144,1A,92,2025-04-22,03:48,0,"anime","Źenit - EP",2022-12-14,53,0,0,44,10,0,-6,G#/A♭ Minor,4,2Y5FNhvuFKCrlFRQM2frA1,JPI102202709
495,"Insomnia","ŹOOĻ",145,4A,67,2025-04-22,03:39,0,"anime","Źenit - EP",2022-12-14,71,4,0,55,0,0,-8,F Minor,4,6EyhXsP120WcXB8tEk2K2b,JPI102202710
496,"SUNRIZE","ŹOOĻ",120,12A,65,2025-04-22,04:37,0,"anime","Źenit - EP",2022-12-14,58,0,0,70,10,40,-6,C♯/D♭ Minor,4,5PuPHd0p0nchzJ6Dkn9P2n,JPI102202711
497,"RIDING","ŹOOĻ",132,6A,79,2025-04-22,03:42,0,"anime","Źenit - EP",2022-12-14,65,6,0,71,0,10,-6,G Minor,4,0YVlorBZChogF9Z2Gt9HIk,JPI102202712
498,"キズナ","MEZZO”",150,12A,89,2025-04-22,04:06,0,"anime","キズナ",2023-03-08,44,35,0,55,0,30,-5,C♯/D♭ Minor,4,71d2oy4XuSogO3Sp8oyX4K,JPI102203084
499,"フォトフレーム","MEZZO”",156,11B,63,2025-04-22,05:10,0,"anime","キズナ",2023-03-08,48,28,0,36,0,20,-7,A Major,4,39c2UO7sELrK6HYcp0L9u2,JPI102203085
500,"Utopia","ŹOOĻ",128,9B,81,2025-04-22,04:18,0,"anime","BLACK or WHITE 2022",2023-03-08,66,0,0,39,0,30,-7,G Major,4,2uUcR5JVyFsCttGtZVsbvo,JPI102202235
501,"TOMORROW EViDENCE","IDOLiSH7",143,8B,94,2025-04-22,04:26,0,"anime","BLACK or WHITE 2022",2023-03-08,60,5,0,77,0,10,-6,C Major,4,2UUiJkVl23mpjXMX3GMGFL,JPI102202238
502,"BE AUTHENTIC","TRIGGER",123,8B,74,2025-04-22,04:36,0,"anime","BLACK or WHITE 2022",2023-03-08,74,6,0,86,0,10,-6,C Major,4,7cLY5UFqedwVfzffwZtuJ3,JPI102202237
503,"YOUR RHAPSODY","Re:vale",142,3B,95,2025-04-22,04:07,0,"anime","BLACK or WHITE 2022",2023-03-08,53,1,0,50,0,30,-5,C♯/D♭ Major,4,7CHlI1L51UCziupZC3BzfD,JPI102202236
504,"Now & Then","Re:vale",121,6A,95,2025-04-22,04:16,0,"anime","Now & Then",2023-04-15,71,2,0,50,0,10,-4,G Minor,4,2RANAH7aG5vfNcINvzqM18,JPI102300501
505,"Incomplete Ruler","七瀬 陸 (CV.小野賢章),九条 天 (CV.斉藤壮馬)",84,1B,66,2025-04-22,04:25,0,"","アイドリッシュセブン Collection Album vol.3",2023-04-26,54,46,0,56,0,10,-7,B Major,4,1tEG43bstOk9pRtlm7aSy2,JPI102300365
506,"アヤナスピネル","IDOLiSH7",118,1B,76,2025-04-22,02:50,0,"anime","アヤナスピネル",2023-05-17,66,27,0,85,0,20,-5,B Major,4,2vFaMZ1DBQw8gUgJh8d9jt,JPI102203083
507,"Pieces of The World","IDOLiSH7,TRIGGER,Re:vale,ŹOOĻ",135,3B,83,2025-04-22,04:54,0,"anime","Pieces of The World",2023-05-21,57,47,0,64,0,10,-5,C♯/D♭ Major,4,4EIjGrvkjg3vmKZfOp9OUf,JPI102300921
508,"STRONGER & STRONGER","ŹOOĻ",106,8B,69,2025-04-22,04:27,0,"anime","劇場版アイドリッシュセブン LIVE 4bit Compilation Album  BEYOND THE PERiOD  (DAY 1)",2023-05-24,66,13,0,40,0,20,-6,C Major,4,6SuxSZciPXssT1MQKXBgU8,JPI102300923
509,"BEAUTIFUL PRAYER","TRIGGER",128,11A,85,2025-04-22,04:25,0,"anime","劇場版アイドリッシュセブン LIVE 4bit Compilation Album  BEYOND THE PERiOD  (DAY 1)",2023-05-24,57,7,0,61,10,30,-5,F#/G♭ Minor,4,76oD3MdvDxa0ohFlYs6OT8,JPI102300925
510,"Journey","Re:vale",105,1B,72,2025-04-22,05:14,0,"anime","劇場版アイドリッシュセブン LIVE 4bit Compilation Album  BEYOND THE PERiOD  (DAY 1)",2023-05-24,58,41,0,50,0,20,-6,B Major,4,2YnweboKggzeRjrPDRv94L,JPI102300924
511,"Day/Night DiSCO","IDOLiSH7",135,4A,93,2025-04-22,03:15,0,"anime","Day/Night DiSCO",2023-06-10,59,1,0,44,10,30,-4,F Minor,4,6IGJdevegBIZ38AiiiiEkb,JPI102301100
512,"TOMORROW EViDENCE","IDOLiSH7,TRIGGER,Re:vale,ŹOOĻ",143,7B,92,2025-04-22,04:27,0,"anime","劇場版アイドリッシュセブン LIVE 4bit Compilation Album  BEYOND THE PERiOD  (DAY 1)",2023-05-24,59,7,0,67,0,10,-5,F Major,4,0kf7Bot5ZRaLCgtYxX44WK,JPI102300936
513,"Smile Navigation","MEZZO”",129,3B,79,2025-04-22,03:31,0,"anime","カラフル",2022-12-21,50,30,0,54,0,0,-6,C♯/D♭ Major,4,00d9GmsA7zQxf3Y90QylDi,JPI102202455
514,"輪舞","ŹOOĻ",145,4B,97,2025-04-22,03:10,0,"anime","輪舞",2023-08-31,48,0,0,63,20,20,-4,G#/A♭ Major,4,1BTQys7dMXn1uetH3yr3lp,JPI102301708
515,"EVOLUTION","TRIGGER",172,8B,95,2025-04-22,03:32,0,"anime","EVOLUTION",2023-09-18,41,26,0,51,10,10,-5,C Major,4,1ZzgLV6QKrYB5CVp5hzavJ,JPI102301761
516,"NEVER LOSE, MY RULE","ŹOOĻ",82,10A,85,2025-04-22,04:43,0,"anime","Źquare",2023-12-06,48,0,0,41,0,20,-5,B Minor,4,4i25kSc8i1dcYArtZOLsQw,JPI102201901
517,"DOMINO","ŹOOĻ",102,11A,74,2025-04-22,03:24,0,"anime","Źquare",2023-12-06,80,15,0,73,0,20,-6,F#/G♭ Minor,4,2dQKvx3EG68iwy5e5r8Dft,JPI102203360
518,"Murky Oath - Album Edition","ŹOOĻ",102,10A,93,2025-04-22,03:10,0,"anime","Źquare",2023-12-06,57,0,0,57,0,20,-5,B Minor,4,0o6u3wzKqJSqYUdqMBHhGn,JPI102203361
519,"IMPERIAL CHAIN - Album Edition","ŹOOĻ",106,4B,68,2025-04-22,04:12,0,"anime","Źquare",2023-12-06,66,0,0,49,0,10,-7,G#/A♭ Major,4,2SmvMg0n4DJaSo2cn1SH3Y,JPI102203362
520,"CONQUEROR","ŹOOĻ",140,9A,60,2025-04-22,02:59,0,"anime","Źquare",2023-12-06,67,6,0,56,0,10,-7,E Minor,4,2Yfhb4t3f1DOqzzh7JpHLk,JPI102203363
521,"Encounter Love Song","IDOLiSH7",170,1B,82,2025-04-22,03:32,0,"anime","Encounter Love Song",2024-01-05,42,20,0,72,0,20,-4,B Major,4,1JxxV3K3uaXwZrn5tIamOf,JPI102302599
522,"KISS IN THE MUSIC","TRIGGER",124,8A,87,2025-04-22,03:47,0,"anime","KISS IN THE MUSIC",2024-01-05,66,6,0,37,0,30,-6,A Minor,4,5gefaKWRq5iVxmUJQbD7vd,JPI102302600
523,"compass","Re:vale",120,6B,74,2025-04-22,03:42,0,"","compass",2024-01-05,66,19,0,55,0,20,-7,A#/B♭ Major,4,5mFcWIu1sLJfdAN5lzJ7rJ,JPI102302601
524,"FIRE","ŹOOĻ",198,9B,87,2025-04-22,03:57,0,"anime","FIRE",2024-01-05,42,0,0,47,0,0,-5,G Major,4,5SGoFHlQ00opVP3M1hf8L7,JPI102302602
525,"Polished","和泉一織 (CV.増田俊樹),和泉三月 (CV.代永 翼),七瀬 陸 (CV.小野賢章)",118,4B,88,2025-04-22,04:29,0,"","Polished",2024-01-25,74,30,0,90,0,0,-6,G#/A♭ Major,4,6BbCGYaZ7N1LmIzqgcGkCr,JPI102302754
526,"Take my rose","七瀬 陸 (CV.小野賢章),八乙女 楽 (CV.羽多野 渉),百 (CV.保志総一朗),御堂虎於 (CV.近藤 隆)",98,11B,64,2025-04-22,03:36,0,"","Take my rose",2024-01-27,70,63,0,90,0,0,-5,A Major,4,3II5q9WqmuH8JbwbjRKmoQ,JPI102302310
527,"Unfoggy Sight","二階堂大和 (CV.白井悠介),和泉一織 (CV.増田俊樹),四葉 環 (CV.KENN)",126,1B,75,2025-04-22,04:20,0,"","Unfoggy Sight",2024-02-14,52,5,0,49,0,30,-5,B Major,4,0lBinn3H6ABhGKbHGu29cn,JPI102302796
528,"Don't Analyze Me","御堂虎於 (CV.近藤 隆),棗 巳波 (CV.西山宏太朗)",124,4A,87,2025-04-22,03:41,0,"","Don't Analyze Me",2024-03-15,63,5,0,93,0,0,-5,F Minor,4,3HQAz5xbHddYgKSyqVlyEe,JPI102400266
529,"Good Good Games","和泉一織 (CV.増田俊樹),和泉三月 (CV.代永 翼),十 龍之介 (CV.佐藤拓也),狗丸トウマ (CV.木村 昴)",152,2B,90,2025-04-22,03:59,0,"","Good Good Games",2024-03-27,56,1,0,54,0,30,-4,F#/G♭ Major,4,7jOT8nIpfBIiHqSFZMSqEb,JPI102302312
530,"ハルノヨノユメ","四葉 環 (CV.KENN),和泉三月 (CV.代永 翼),六弥ナギ (CV.江口拓也)",102,6A,86,2025-04-22,03:12,0,"","ハルノヨノユメ",2024-04-01,68,34,0,77,0,0,-5,G Minor,4,2ddtypjhCu2YFfgRLVSeWg,JPI102400281
531,"Pieces of The World","IDOLiSH7,TRIGGER,Re:vale,ŹOOĻ",135,3B,83,2025-04-22,04:54,0,"anime","Pieces of The World",2023-05-21,57,47,0,64,0,10,-5,C♯/D♭ Major,4,4EIjGrvkjg3vmKZfOp9OUf,JPI102300921
532,"compass","Re:vale",120,6B,74,2025-04-22,03:42,0,"","compass",2024-01-05,66,19,0,55,0,20,-7,A#/B♭ Major,4,5mFcWIu1sLJfdAN5lzJ7rJ,JPI102302601
533,"TOMORROW EViDENCE","IDOLiSH7,TRIGGER,Re:vale,ŹOOĻ",143,7B,92,2025-04-22,04:27,0,"anime","劇場版アイドリッシュセブン LIVE 4bit Compilation Album  BEYOND THE PERiOD  (DAY 1)",2023-05-24,59,7,0,67,0,10,-5,F Major,4,0kf7Bot5ZRaLCgtYxX44WK,JPI102300936
534,"Binary Vampire","Re:vale",75,11A,86,2025-04-22,03:31,0,"anime","Binary Vampire",2024-04-15,54,42,0,59,10,10,-5,F#/G♭ Minor,4,0hRjjmx3sLhmZsNVtyBRhc,JPI102400715
535,"Welcome, Future World!!!","IDOLiSH7,TRIGGER,Re:vale,ŹOOĻ",204,4B,94,2025-04-22,04:18,0,"anime","劇場版アイドリッシュセブン LIVE 4bit Compilation Album  BEYOND THE PERiOD  (DAY 1)",2023-05-24,42,19,0,70,20,30,-4,G#/A♭ Major,4,5ueuFrqiH2VR9yJDSeoXED,JPI102102448
536,"ネバーグリーン","四葉 環 (CV.KENN),六弥ナギ (CV.江口拓也),九条 天 (CV.斉藤壮馬),亥清 悠 (CV.広瀬裕也)",120,8B,93,2025-04-22,03:39,0,"","ネバーグリーン",2024-04-27,62,1,0,62,0,20,-4,C Major,4,63QYBdTfKp4Hmy4yB5yHhe,JPI102302313
537,"星屑マジック","Re:vale",132,4A,73,2025-04-22,03:33,0,"anime","Re:al Axis",2018-12-05,61,8,0,79,0,10,-6,F Minor,4,71wKxVrk9r6LHmfHjPFagJ,JPI101802645
538,"NO DOUBT","Re:vale",128,12A,83,2025-04-22,04:51,0,"anime","Re:al Axis",2018-12-05,53,1,0,44,0,20,-3,C♯/D♭ Minor,4,3C4jb8hq3Vr8DjtQGHvKOm,JPI101702704
539,"太陽のEsperanza","Re:vale",137,4A,94,2025-04-22,03:52,0,"anime","Re:al Axis",2018-12-05,62,15,0,64,10,30,-4,F Minor,4,328HshC1dgRylZWfoBYLqC,JPI101702705
540,"Crescendo","逢坂壮五 (CV.阿部 敦),四葉 環 (CV.KENN),七瀬 陸 (CV.小野賢章)",97,11B,95,2025-04-22,03:30,0,"","Crescendo",2024-05-28,50,2,0,67,0,30,-3,A Major,4,2qtOtxpYIbJmnjrOwTy7tw,JPI102400876
541,"Welcome, Future World!!!","IDOLiSH7,TRIGGER,Re:vale,ŹOOĻ",204,4B,94,2025-04-22,04:18,0,"anime","劇場版アイドリッシュセブン LIVE 4bit Compilation Album  BEYOND THE PERiOD  (DAY 1)",2023-05-24,42,19,0,70,20,30,-4,G#/A♭ Major,4,5ueuFrqiH2VR9yJDSeoXED,JPI102102448
542,"Encounter Love Song","IDOLiSH7",170,1B,82,2025-04-22,03:32,0,"anime","Encounter Love Song",2024-01-05,42,20,0,72,0,20,-4,B Major,4,1JxxV3K3uaXwZrn5tIamOf,JPI102302599
543,"TOMORROW EViDENCE","IDOLiSH7,TRIGGER,Re:vale,ŹOOĻ",143,7B,92,2025-04-22,04:27,0,"anime","劇場版アイドリッシュセブン LIVE 4bit Compilation Album  BEYOND THE PERiOD  (DAY 1)",2023-05-24,59,7,0,67,0,10,-5,F Major,4,0kf7Bot5ZRaLCgtYxX44WK,JPI102300936
544,"MEDiUM","IDOLiSH7",130,10A,91,2025-04-22,05:04,0,"anime","MEDiUM",2024-06-10,53,9,0,50,0,10,-4,B Minor,4,37OYRtbtCbcn8KKHG7H9Qu,JPI102401097
545,"WONDER LiGHT","IDOLiSH7",115,11B,74,2025-04-22,03:27,0,"anime","WONDER LiGHT",2022-10-03,73,33,0,89,0,30,-6,A Major,4,3DxQteR3hlJvFGR3NrH7IL,JPI102202108
546,"Mallow Blue","IDOLiSH7",120,3B,91,2025-04-22,03:32,0,"anime","Mallow Blue",2022-05-25,59,12,0,61,10,30,-4,C♯/D♭ Major,4,0qyQE3IUfeD38NkY2g6A6j,JPI102200976
547,"Pieces of The World","IDOLiSH7,TRIGGER,Re:vale,ŹOOĻ",135,3B,83,2025-04-22,04:54,0,"anime","Pieces of The World",2023-05-21,57,47,0,64,0,10,-5,C♯/D♭ Major,4,4EIjGrvkjg3vmKZfOp9OUf,JPI102300921
548,"Dejavu","棗 巳波 (CV.西山宏太朗)",122,7B,77,2025-04-22,03:55,0,"","Dejavu",2019-06-08,65,4,1,26,0,10,-8,F Major,4,2x96Uek1encMpPxzZfRixB,JPI101900898
549,"Wonderful Octave - Minami ver.","棗 巳波 (CV.西山宏太朗)",139,10B,95,2025-04-22,03:31,0,"","Wonderful Octave",2020-06-08,64,1,0,81,0,0,-4,D Major,4,5ModHtfBl8NnqSEo2otozC,JPI102000660
550,"Unbalance Shadow","亥清 悠 (CV.広瀬裕也),棗 巳波 (CV.西山宏太朗)",105,10A,59,2025-04-22,03:21,0,"","einsatZ",2020-11-25,78,3,0,43,0,10,-7,B Minor,4,7wgBmjTYT4rD1mSbmur4KG,JPI102001623
551,"Chameleon","二階堂大和 (CV.白井悠介),逢坂壮五 (CV.阿部 敦),千 (CV.立花慎之介),棗 巳波 (CV.西山宏太朗)",142,9A,67,2025-04-22,03:30,0,"","Chameleon",2024-02-27,78,3,0,62,0,30,-7,E Minor,4,3eLCpE27QXVvSimpQ4G7Tx,JPI102302311
552,"Don't Analyze Me","御堂虎於 (CV.近藤 隆),棗 巳波 (CV.西山宏太朗)",124,4A,87,2025-04-22,03:41,0,"","Don't Analyze Me",2024-03-15,63,5,0,93,0,0,-5,F Minor,4,3HQAz5xbHddYgKSyqVlyEe,JPI102400266
553,"FANTASY","棗 巳波 (CV.西山宏太朗),狗丸トウマ (CV.木村 昴)",113,4B,81,2025-04-22,03:39,0,"","FANTASY",2024-06-08,68,19,0,81,0,10,-6,G#/A♭ Major,4,5tyZ0tUbYjyIa6lU2VLSlO,JPI102400941
554,"ALL ABOARD☆","和泉三月 (CV.代永 翼),二階堂大和 (CV.白井悠介),逢坂壮五 (CV.阿部 敦)",123,4B,80,2025-04-22,03:43,0,"","ALL ABOARD☆",2024-03-03,69,36,0,82,0,10,-6,G#/A♭ Major,4,1Gt31ceNGgQTSoCNF64ggN,JPI102302816
555,"Touch my magic","六弥ナギ (CV.江口拓也),和泉一織 (CV.増田俊樹),逢坂壮五 (CV.阿部 敦)",127,3B,90,2025-04-22,03:35,0,"","Touch my magic",2024-06-20,58,0,0,62,10,10,-5,C♯/D♭ Major,4,1IETQCRFJ25Mk5jcRcES2J,JPI102401255
556,"MONSTER GENERATiON","IDOLiSH7",135,9B,92,2025-04-22,04:32,0,"anime","i7",2016-08-24,59,2,0,60,0,10,-4,G Major,4,4dj2PrWwH3x2fBIpJitjhX,JPI101502038
557,"RESTART POiNTER","IDOLiSH7",140,5B,92,2025-04-22,04:22,0,"anime","i7",2016-08-24,54,3,0,79,10,10,-4,D#/E♭ Major,4,0nLjgD4UBJyw9kg1K5hPYl,JPI101601468
558,"Sunny day smile!","七瀬 陸 (CV.小野賢章),二階堂大和 (CV.白井悠介),六弥ナギ (CV.江口拓也)",120,1B,92,2025-04-22,04:14,29,"","Sunny day smile!",2024-07-09,65,8,0,66,0,20,-3,B Major,4,7aQBwXN6k6G3DATEguPwtG,JPI102401610
559,"I believe in...","九条 天 (CV.斉藤壮馬),八乙女 楽 (CV.羽多野 渉)",150,3A,70,2025-04-22,03:45,27,"","I believe in...",2024-07-09,49,58,0,51,0,30,-5,A#/B♭ Minor,4,4gIWIFVf5sS0UBSqJlDnf1,JPI102401611
560,"Captivate Time","八乙女 楽 (CV.羽多野 渉),十 龍之介 (CV.佐藤拓也)",120,11A,77,2025-04-22,03:13,29,"","Captivate Time",2024-08-16,74,24,0,96,0,10,-5,F#/G♭ Minor,4,3KpnVUCprAOeCKoxk3rg6T,JPI102401812
561,"Phenomenon","八乙女 楽 (CV.羽多野 渉),十 龍之介 (CV.佐藤拓也)",158,6A,81,2025-04-22,02:21,0,"","アイドリッシュセブン Collection Album vol.3",2023-04-26,59,9,0,71,0,0,-7,G Minor,4,6IkiDeiuVk2s142J168lEU,JPI102300364
562,"What You Want","ŹOOĻ",103,4A,77,2025-04-22,03:52,30,"anime","What You Want",2024-08-31,65,16,0,80,0,20,-4,F Minor,4,1RTjyp6t84KYuufCjgKCKs,JPI102402081
563,"ESCAPE FROM NOW","TRIGGER",117,10A,91,2025-04-22,04:22,31,"anime","ESCAPE FROM NOW",2024-09-18,60,21,0,45,0,20,-4,B Minor,4,1dkh1PwgGlXfAPGk70rgsr,JPI102402226
564,"LOVE&GAME","四葉 環 (CV.KENN),逢坂壮五 (CV.阿部 敦),十 龍之介 (CV.佐藤拓也)",138,6A,91,2025-04-22,03:54,0,"","LOVE&GAME",2016-11-12,61,7,0,74,10,0,-4,G Minor,4,4B4oTvmtcumgNyXFz7ow79,JPI101602202
565,"Four Seasons Blue","十 龍之介 (CV.佐藤拓也),九条 天 (CV.斉藤壮馬)",144,9B,71,2025-04-22,04:16,25,"","Four Seasons Blue",2024-10-12,61,72,0,56,0,10,-7,G Major,4,1kV0o1JqYbB7oYxuaFtOPI,JPI102402476
566,"願いはShine On The Sea - Anime Size","十 龍之介 (CV.佐藤拓也)",123,1B,84,2025-04-22,02:19,0,"","TVアニメ『アイドリッシュセブン Third BEAT!』オリジナルサウンドトラック「UNTOUCHED PRiDE」",2023-03-01,63,9,0,58,0,10,-7,B Major,4,4xwWjb7VJ60Jq3BsrpPmPg,JPI102300205
567,"Heart to Heart","狗丸トウマ (CV.木村 昴),亥清 悠 (CV.広瀬裕也)",164,6B,61,2025-04-22,03:53,27,"","Heart to Heart",2024-11-29,44,47,0,23,0,30,-6,A#/B♭ Major,4,3Ro76WHTJlOKxPlM5J0Acq,JPI102402739
568,"蒼く","亥清 悠 (CV.広瀬裕也),御堂虎於 (CV.近藤 隆)",90,7B,93,2025-04-22,03:56,25,"","蒼く",2024-12-06,51,1,0,61,0,10,-3,F Major,4,0PYOzge95tEoht7bRgG3hE,JPI102402996
569,"Re-raise","Re:vale",134,3B,95,2025-04-22,04:13,0,"anime","Re-raise",2020-01-22,60,20,0,71,0,10,-4,C♯/D♭ Major,4,4RqIz3fZW3K00ZG4rSqwLn,JPI101901891
570,"SILVER SKY","Re:vale",147,2A,97,2025-04-22,04:03,0,"anime","Re:al Axis",2018-12-05,49,3,0,63,0,30,-5,D#/E♭ Minor,4,581Gif77og4lfyJuylzXpS,JPI101601031
571,"ミライノーツを奏でて","Re:vale",155,8B,92,2025-04-22,04:43,0,"anime","ミライノーツを奏でて",2020-08-26,57,21,0,48,0,30,-4,C Major,4,7M63j53cfKSCU6sU8f5rs8,JPI102000654
572,"Get in the groove","百 (CV.保志総一朗),千 (CV.立花慎之介)",128,1B,83,2025-04-22,03:26,25,"","Get in the groove",2024-11-11,75,53,0,68,10,30,-6,B Major,4,2SHB1pfSqiMpcngNGc5441,JPI102402732
573,"Crz Love","IDOLiSH7",120,2B,74,2025-04-22,03:37,37,"anime","LEADiNG TONE",2024-11-20,72,9,0,73,0,10,-6,F#/G♭ Major,4,3pTkYjWyOMgwPYCOwDV2dB,JPI102402734
574,"BE WITH YOU","IDOLiSH7",102,10A,66,2025-04-22,03:22,29,"anime","LEADiNG TONE",2024-11-20,82,5,0,48,0,0,-7,B Minor,4,1AErHHBPaIDYZItVV4Tktp,JPI102402735
575,"MEDiUM -Extended Mix-","IDOLiSH7",130,10A,88,2025-04-22,05:21,26,"anime","LEADiNG TONE",2024-11-20,56,3,0,43,0,20,-5,B Minor,4,3zPSfq1yFH7mrA1pGxqg3w,JPI102402736
576,"Can't Stop Emotion","千 (CV.立花慎之介),百 (CV.保志総一朗)",134,6A,80,2025-04-22,03:22,24,"","Can't Stop Emotion",2024-12-24,77,24,0,52,10,20,-6,G Minor,4,4WAN6axfpmePc0LzdrU0iz,JPI102403103
577,"LOCK YOUR GAZE","MODE/D,あんさんぶるスターズ！！",131,2B,80,2025-04-22,02:28,43,"","「LOCK YOUR GAZE」あんさんぶるスターズ！！ ダンス選抜曲",2025-04-09,75,6,0,82,0,10,-3,F#/G♭ Major,4,10PK61isbWen3xb3fk9HSQ,JPD642500056
578,"円環のRefraction","Eden,あんさんぶるスターズ！！",130,3A,83,2025-04-22,03:26,44,"","Eden「円環のRefraction」あんさんぶるスターズ！！ ESアイドルソング season5",2025-03-28,59,1,0,55,0,0,-6,A#/B♭ Minor,4,48f8tr0Mi0Fkqn4pnd46Uc,JPD642500029
579,"堕天使たちの晩餐会","Ha/Lo,あんさんぶるスターズ！！",152,4A,82,2025-04-22,03:06,40,"","Ha/Lo「堕天使たちの晩餐会」あんさんぶるスターズ！！ シャッフルユニットソング",2025-03-12,67,20,0,80,0,30,-6,F Minor,4,595keZkRcTj8uNYsSNrHne,JPD642500023
580,"セツナDrops","TearS,あんさんぶるスターズ！！",77,9B,63,2025-04-22,04:40,40,"","「セツナDrops」あんさんぶるスターズ！！ ボーカル選抜曲",2025-03-09,54,36,0,47,0,10,-7,G Major,4,6Y3nyDOV6Qle4ZHq5PHAIX,JPD642500016
581,"Be My Princess♡","Special for Princess!",170,9B,96,2025-04-22,03:55,42,"","あんさんぶるスターズ！！IDOL SONG CD 「Debut」 Special for Princess!",2025-02-26,63,16,0,90,0,0,-3,G Major,4,6qQZMFVuOhAgIEeKirNPXB,JPU902500202
582,"MAGNETIC LOVE","Special for Princess!",177,8B,88,2025-04-22,03:12,36,"","あんさんぶるスターズ！！IDOL SONG CD 「Debut」 Special for Princess!",2025-02-26,58,28,0,49,10,20,-5,C Major,4,07S3cdiZXBLHX568oKsNAQ,JPU902500207
583,"ミエナイミタイ","Special for Princess!",115,3B,84,2025-04-22,03:41,34,"","あんさんぶるスターズ！！IDOL SONG CD 「Debut」 Special for Princess!",2025-02-26,74,22,0,84,0,30,-6,C♯/D♭ Major,4,17huFugFa0LqxWcArJEmeI,JPU902500208
584,"Make Sweet Dream","Special for Princess!",170,10B,92,2025-04-22,03:05,33,"","あんさんぶるスターズ！！IDOL SONG CD 「Debut」 Special for Princess!",2025-02-26,63,17,0,76,0,0,-4,D Major,4,7KCo3GQkzrGbSUYi2EY7z4,JPU902500209
585,"キミの理想ってどんなだろ？","Special for Princess!",90,3B,70,2025-04-22,03:04,34,"","あんさんぶるスターズ！！IDOL SONG CD 「Debut」 Special for Princess!",2025-02-26,72,15,0,90,0,10,-5,C♯/D♭ Major,4,5Dk63j4bftNRKlLgTloVO8,JPU902500210
586,"今日も推しが推しで尊い","白鳥 藍良(CV.天﨑 滉平),真白 友也(CV.比留間 俊哉),あんさんぶるスターズ！！,日々樹 渉(CV.江口 拓也),衣更 真緒(CV.梶 裕貴),深海 奏汰(CV.西山 宏太朗),乱 凪砂(CV.諏訪部 順一),斎宮 宗(CV.高橋 広樹),葵 ひなた(CV.斉藤 壮馬),桜河 こはく(CV.海渡 翼),乙狩 アドニス(CV.羽多野 渉),鬼龍 紅郎(CV.神尾 晋一郎),月永 レオ(CV.浅沼 晋太郎),青葉 つむぎ(CV.石川 界人),三毛縞 斑 (CV.鳥海 浩輔),エス(CV.豊島 修平)",95,9B,94,2025-04-22,07:29,32,"","「今日も推しが推しで尊い」あんさんぶるスターズ！！ バラエティソングシリーズ 究極の9曲",2025-02-28,59,8,0,68,0,40,-5,G Major,4,5S8D0cPG9I8hbJtZo2kyoD,JPD642500014
587,"Wish upon a MUSIC!!","Switch,あんさんぶるスターズ！！",110,10B,84,2025-04-22,03:39,37,"","Switch「Wish upon a MUSIC!!」あんさんぶるスターズ！！ ESアイドルソング season5",2025-02-27,70,62,0,86,0,10,-4,D Major,4,5OlrGFzpu4cCfPZF0voF2b,JPD642500012
588,"フュージョン","DI:Verse／東雲 彰人(CV.今井 文也)、青柳 冬弥(CV.伊東 健人)、天馬 司(CV.廣瀬 大介)、神代 類(CV.土岐 隼一)、守沢 千秋(CV.帆世 雄一）、漣 ジュン(CV.内田 雄馬)、瀬名 泉(CV.伊藤 マサミ)、逆先 夏目(CV.野島 健児)",94,9B,94,2025-04-22,02:33,52,"vocaloid","フュージョン",2025-02-14,68,1,0,78,10,0,-3,G Major,4,0NxKnNjsqDTVWHO78NeUYZ,JPX302577360
589,"瞬きSign☆","PIKAPIKA,あんさんぶるスターズ！！",130,5A,89,2025-04-22,04:09,31,"","「瞬きSign☆」あんさんぶるスターズ！！ パフォーマンス選抜曲",2025-02-09,64,18,0,66,0,10,-4,C Minor,4,01wK8qdoiA2FlYbSYQin0Y,JPD642400949
590,"Heart Collector","Knights,あんさんぶるスターズ！！",134,10B,79,2025-04-22,04:12,46,"","Knights「Heart Collector」あんさんぶるスターズ！！ ESアイドルソング season5",2025-01-28,72,2,0,92,0,10,-6,D Major,4,5gylTMOtO6uBXt4gCONE0U,JPD642400947
591,"YeeeeES! JUKEBOX","HiMERU(CV.笠間 淳),七種 茨(CV.逢坂 良太),逆先 夏目(CV.野島 健児),南雲 鉄虎(CV.中島 ヨシキ),春川 宙(CV.山本 和臣),蓮巳 敬人(CV.梅原 裕一郎),伏見 弓弦(CV.橋本 晃太朗),影片 みか(CV.大須賀 純),天城 一彩(CV.梶原 岳人),白鳥 藍良(CV.天﨑 滉平),あんさんぶるスターズ！！",148,4B,90,2025-04-22,04:02,34,"","「YeeeeES! JUKEBOX」あんさんぶるスターズ！！ バラエティソングシリーズ 究極の9曲",2025-01-26,60,1,0,59,0,30,-5,G#/A♭ Major,4,6Yoj7gRWD3AfUuUUrJkBFM,JPD642400945
592,"Longing Identity","滝 維吹(CV.小林 千晃),あんさんぶるスターズ！！",125,6A,85,2025-04-22,03:32,26,"","滝 維吹「Longing Identity」あんさんぶるスターズ！！ ESアイドルソング Solo",2025-01-21,74,38,0,61,0,20,-5,G Minor,4,2gWu46SAMm4VwapY0y50JD,JPD642400942
593,"星の鳴動響きし時に","Valkyrie,あんさんぶるスターズ！！",171,3B,59,2025-04-22,06:19,40,"visual kei, ","Valkyrie「星の鳴動響きし時に」あんさんぶるスターズ！！ ESアイドルソング season5",2025-01-13,35,44,0,22,0,30,-8,C♯/D♭ Major,4,4HfzaFfOFv2zIAzXT37LC6,JPD642400934
594,"百花繚乱、紅月夜 (2025 ver.)","紅月,あんさんぶるスターズ！！",182,3A,97,2025-04-22,04:20,33,"","紅月「百花繚乱、紅月夜」あんさんぶるスターズ！！ ESアイドルソング Extra",2025-01-09,47,6,0,86,0,10,-4,A#/B♭ Minor,4,40CBtoFAQB16zgwkZfYRZf,JPD642400928
595,"Dancin’ Celebrity Party!","天祥院 英智(CV.緑川 光),姫宮 桃李(CV.村瀬 歩),巴 日和(CV.花江 夏樹),朱桜 司(CV.土田 玲央),あんさんぶるスターズ！！",128,11B,86,2025-04-22,03:22,28,"","「Dancin’ Celebrity Party!」あんさんぶるスターズ！！ バラエティソングシリーズ 究極の9曲",2025-01-01,70,9,0,63,10,10,-6,A Major,4,45NWYfB3PQDV2hJPVoufCM,JPD642400926
596,"天翔KAGETSU","紅月,滝 維吹,あんさんぶるスターズ！！",135,6B,96,2025-04-22,04:04,38,"","紅月 with 滝 維吹「天翔KAGETSU」あんさんぶるスターズ！！ ESアイドルソング season5",2024-12-29,57,2,0,64,10,40,-5,A#/B♭ Major,4,30oVnFACmUWY6T0p4bpIIv,JPD642400914
597,"JUMPIN' LUCK BEAT","Ra*bits,あんさんぶるスターズ！！",90,11A,93,2025-04-22,03:47,38,"","Ra*bits 「JUMPIN' LUCK BEAT」あんさんぶるスターズ！！ ESアイドルソング season5",2024-12-13,57,0,0,78,0,40,-5,F#/G♭ Minor,4,6xooenMiEU8fcuuawnubXh,JPD642400899
598,"ベリイ・ベリイ・スイート・ホワイト♡","Special for Princess!",92,1B,94,2025-04-22,03:03,38,"","ベリイ・ベリイ・スイート・ホワイト♡",2024-11-28,72,7,0,71,0,30,-4,B Major,4,7BvTk4mj3sjBcshBHFRk7I,JPU902403929
599,"風早先輩の懺悔室！〜迷えるESアイドル版〜","風早 巽(CV.中澤 まさとも),迷えるゲストの皆さん,あんさんぶるスターズ！！",96,8B,53,2025-04-22,07:12,27,"","「風早先輩の懺悔室！〜迷えるESアイドル版〜」あんさんぶるスターズ！！ バラエティソングシリーズ 究極の9曲",2024-11-26,57,74,0,59,0,20,-7,C Major,3,7eVoEFsenyUfV5kyzsO1TW,JPD642400850
600,"ワチャガナドゥ？","Trickstar,あんさんぶるスターズ！！",130,4A,89,2025-04-22,03:36,40,"","Trickstar「ワチャガナドゥ？」あんさんぶるスターズ！！ ESアイドルソング season5",2024-11-12,81,29,0,86,10,10,-6,F Minor,4,6CIA1a0iziETokMnDK7XbN,JPD642400727
601,"スキスキハンター♡","Special for Princess!",146,7B,92,2025-04-22,03:58,36,"","スキスキハンター♡",2024-10-09,66,5,0,90,0,10,-4,F Major,4,4s3WJBqODAeXk7kHlwq0Nh,JPU902403296
602,"しょーがいゼッタイそーあい宣言♥","Special for Princess!",178,8A,96,2025-04-22,03:17,41,"","しょーがいゼッタイそーあい宣言♥",2024-09-09,56,18,0,75,10,30,-3,A Minor,4,6D8hIrDUUlNs7ipUxtQMan,JPP302400654
603,"We Are Light","ブラッド・ビームス（CV：羽多野 渉）,フェイス・ビームス（CV：ランズベリー・アーサー）,朔間 零(CV.増田 俊樹),朔間 凛月(CV.山下 大輝),大神 晃牙(CV.小野 友樹)",130,3B,85,2025-04-22,03:22,33,"","HELIOS Rising Heroes×あんさんぶるスターズ！！「We Are Light」",2024-11-01,66,2,0,65,0,20,-5,C♯/D♭ Major,4,1NBYUKpgn6qV0zgwRZJ3vB,JPD642400725
604,"Venus in my eyes～離さない、今夜～","氷鷹 北斗(CV.前野 智昭),高峯 翠(CV.渡辺 拓海),朔間 零(CV.増田 俊樹),羽風 薫(CV.細貝 圭),神崎 颯馬(CV.神永 圭佑),あんさんぶるスターズ！！",136,7B,98,2025-04-22,04:26,33,"","「Venus in my eyes～離さない、今夜～」あんさんぶるスターズ！！ バラエティソングシリーズ 究極の9曲",2024-10-29,61,28,0,72,0,30,-5,F Major,4,64a0XUowUK612gUvUjAm0S,JPD642400694
605,"ハロウィン・ランデブー","MaM,あんさんぶるスターズ！！",122,11A,79,2025-04-22,03:50,34,"","MaM「ハロウィン・ランデブー」あんさんぶるスターズ！！ ESアイドルソング season5",2024-10-28,87,63,0,91,0,20,-6,F#/G♭ Minor,4,5flbNqi1DBVQkTZR1SALCY,JPD642400692
606,"Fairy Tale Library","fine,あんさんぶるスターズ！！",107,11B,86,2025-04-22,03:30,36,"","fine「Fairy Tale Library」あんさんぶるスターズ！！ ESアイドルソング season5",2024-10-13,71,34,0,73,0,20,-5,A Major,4,1IPJ4i89RPAkg3TyRUrtK5,JPD642400671
607,"OWN","遊木 真(CV.森久保 祥太郎),瀬名 泉(CV.伊藤 マサミ),鳴上 嵐(CV.北村 諒),あんさんぶるスターズ！！",130,6A,87,2025-04-22,03:25,29,"","「OWN」あんさんぶるスターズ！！ バラエティソングシリーズ 究極の9曲",2024-09-26,63,23,0,65,0,30,-4,G Minor,4,2OoPeFUl5cVpemSwYasVzN,JPD642400669
608,"WILDLAND SURVIVOR","流星隊,あんさんぶるスターズ！！",115,10A,94,2025-04-22,03:31,35,"","流星隊「WILDLAND SURVIVOR」あんさんぶるスターズ！！ ESアイドルソング season5",2024-09-11,65,2,0,64,0,10,-5,B Minor,4,2cGM68GNqjGdUQDGlzuYuD,JPD642400647
609,"Let’s！キラキラアドベンチャー☆","明星 スバル(CV.柿原 徹也),葵 ゆうた (CV.斉藤壮馬),椎名 ニキ(CV.山口 智広),仁兎 なずな(CV.米内 佑希),天満 光(CV.小林 大紀),あんさんぶるスターズ！！",168,3B,95,2025-04-22,03:52,29,"","「Let’s！キラキラアドベンチャー☆」あんさんぶるスターズ！！ バラエティソングシリーズ 究極の9曲",2024-08-29,62,11,0,76,10,20,-2,C♯/D♭ Major,4,506QEdY4JMYq3g174Z2Z2B,JPD642400618
610,"UTAKATA DANCE FLOOR","Crazy:B,あんさんぶるスターズ！！",120,4B,90,2025-04-22,03:16,41,"","Crazy:B「UTAKATA DANCE FLOOR」あんさんぶるスターズ！！ ESアイドルソング season5",2024-08-28,79,44,0,80,10,20,-3,G#/A♭ Major,4,3xQc38Pnh2pus6REcexcep,JPD642400616
611,"喪失寓意 -LOST BALLADE-","M∀N∀,あんさんぶるスターズ！！",108,8B,84,2025-04-22,03:19,35,"","M∀N∀「喪失寓意 -LOST BALLADE-」あんさんぶるスターズ！！ シャッフルユニットソング",2024-07-29,69,39,0,83,0,30,-8,C Major,4,6uQgJRvVHunJPkz4T6mb4D,JPD642400588
612,"おんみつ！忍術音頭","仙石 忍(CV.新田 杏樹),礼瀬 マヨイ(CV.重松 千晴),あんさんぶるスターズ！！",116,3B,84,2025-04-22,03:14,25,"","「おんみつ！忍術音頭」あんさんぶるスターズ！！ バラエティソングシリーズ 究極の9曲",2024-07-29,75,14,0,97,0,30,-4,C♯/D♭ Major,4,4krOKuoYxzCsLjDnp4hdY9,JPD642400602
613,"SunnyTrip Summer","ALKALOID,あんさんぶるスターズ！！",125,7B,83,2025-04-22,03:31,37,"","ALKALOID「SunnyTrip Summer」あんさんぶるスターズ！！ ESアイドルソング season5",2024-07-13,68,13,0,78,0,40,-5,F Major,4,5qz6AbE4lsrBNCCTQGZJml,JPD642400565
614,"SAKE OF LOVE","ALKALOID,Crazy:B,あんさんぶるスターズ！！",130,2B,93,2025-04-22,03:38,40,"","あんさんぶるスターズ！！ ESアイドルソング Extra ALKALOID & Crazy:B",2024-06-26,57,2,0,74,0,0,-2,F#/G♭ Major,4,5aSdBBubG2yHtVUF7KcNZl,JPD642400520
615,"Across the universe","ALKALOID,あんさんぶるスターズ！！",109,2B,76,2025-04-22,03:32,35,"","あんさんぶるスターズ！！ ESアイドルソング Extra ALKALOID & Crazy:B",2024-06-26,72,20,0,59,0,10,-4,F#/G♭ Major,4,4Ircdfplz7G3aybDicPOF0,JPD642400521
616,"Foolish Alien","Crazy:B,あんさんぶるスターズ！！",150,4B,95,2025-04-22,03:15,37,"","あんさんぶるスターズ！！ ESアイドルソング Extra ALKALOID & Crazy:B",2024-06-26,63,5,0,75,10,40,-2,G#/A♭ Major,4,1MmoBTdCdBAWMTCq0TkTDN,JPD642400522
617,"プリティのススメ♡","巴 日和 (CV.花江 夏樹),影片 みか(CV.大須賀 純),鳴上 嵐(CV.北村 諒),姫宮 桃李(CV.村瀬 歩),白鳥 藍良(CV.天﨑 滉平),あんさんぶるスターズ！！",168,12B,92,2025-04-22,03:20,31,"","「プリティのススメ♡」あんさんぶるスターズ！！ バラエティソングシリーズ 究極の9曲",2024-06-26,50,6,0,83,0,20,-4,E Major,4,60mvU2t9ThXv5bSlVugniv,JPD642400562
618,"Twin Wedding Vows","2wink,あんさんぶるスターズ！！",111,10B,71,2025-04-22,03:05,32,"","2wink「Twin Wedding Vows」あんさんぶるスターズ！！ ESアイドルソング season5",2024-06-13,80,37,0,87,0,10,-6,D Major,4,1dukst8VrQbb4g7KmWUHPp,JPD642400526
619,"SWINGIN' PARONIRIA","UNDEAD,あんさんぶるスターズ！！",140,3B,87,2025-04-22,03:32,42,"","UNDEAD「SWINGIN' PARONIRIA」あんさんぶるスターズ！！ ESアイドルソング season5",2024-05-28,59,8,0,79,0,30,-6,C♯/D♭ Major,4,0hBGxskvm2QVcXgy2H6b0A,JPD642400511
620,"Wonderful Happiness","Knights/朱桜 司(CV.土田 玲央)、月永 レオ(CV.浅沼 晋太郎)、瀬名 泉(CV.伊藤 マサミ)、朔間 凛月(CV.山下 大輝)、鳴上 嵐(CV.北村 諒)",110,9B,90,2025-04-22,03:46,0,"","あんさんぶるスターズ！！アルバムシリーズ 『TRIP』 Knights",2024-05-22,75,15,0,78,0,30,-4,G Major,4,2RGEPzjh4pkN0mX89P4tTD,JPD642400041
621,"Luminous Crown","Knights/朱桜 司(CV.土田 玲央)、月永 レオ(CV.浅沼 晋太郎)、瀬名 泉(CV.伊藤 マサミ)、朔間 凛月(CV.山下 大輝)、鳴上 嵐(CV.北村 諒)",128,2B,84,2025-04-22,04:00,0,"","あんさんぶるスターズ！！アルバムシリーズ 『TRIP』 Knights",2024-05-22,62,5,0,68,0,0,-5,F#/G♭ Major,4,0oG2TOqvMOb8R8XbSHTjlN,JPD642400049
622,"Or the Beautiful Golden Drop","Knights/朱桜 司(CV.土田 玲央)、月永 レオ(CV.浅沼 晋太郎)、瀬名 泉(CV.伊藤 マサミ)、朔間 凛月(CV.山下 大輝)、鳴上 嵐(CV.北村 諒)",131,4B,93,2025-04-22,04:47,0,"","あんさんぶるスターズ！！アルバムシリーズ 『TRIP』 Knights",2024-05-22,59,4,0,62,0,40,-3,G#/A♭ Major,4,038kcqHnauJTkXHPXIVHGf,JPD642400046
623,"We’ll be “Knights”","Knights（レオ・泉）with 凛月・嵐／月永 レオ(CV.浅沼 晋太郎)、瀬名 泉(CV.伊藤 マサミ)、朔間 凛月(CV.山下 大輝)、鳴上 嵐(CV.北村 諒)",75,4A,78,2025-04-22,03:26,0,"","あんさんぶるスターズ！！アルバムシリーズ 『TRIP』 Knights",2024-05-22,55,16,0,40,0,20,-6,F Minor,4,6IYo63LhP0MEhZsAcOr5qE,JPD642400048
624,"Shall we dance?","朱桜 司(CV.土田 玲央)",115,6A,86,2025-04-22,04:29,0,"","あんさんぶるスターズ！！アルバムシリーズ 『TRIP』 Knights",2024-05-22,64,1,0,49,0,10,-4,G Minor,4,4RwhihlovRBGCCFfdVbSHq,JPD642400050
625,"ユニゾンが聞こえる","月永 レオ(CV.浅沼 晋太郎)",104,3B,66,2025-04-22,03:21,0,"","あんさんぶるスターズ！！アルバムシリーズ 『TRIP』 Knights",2024-05-22,79,43,0,60,0,30,-6,C♯/D♭ Major,4,6NxR8TLh8p7xilpxP2eyWG,JPD642400051
626,"ALTA MODA -アルタ・モーダ-","瀬名 泉(CV.伊藤 マサミ)",114,2A,78,2025-04-22,03:14,0,"","あんさんぶるスターズ！！アルバムシリーズ 『TRIP』 Knights",2024-05-22,82,27,0,79,20,0,-5,D#/E♭ Minor,4,29c5z1PTpP8LWWBIVEggiT,JPD642400052
627,"My Sunshine, You’re Moonlight","朔間 凛月(CV.山下 大輝)",123,2B,86,2025-04-22,04:07,0,"","あんさんぶるスターズ！！アルバムシリーズ 『TRIP』 Knights",2024-05-22,69,9,0,79,0,10,-5,F#/G♭ Major,4,5qfvCRrYR5tXbas6BmgPsH,JPD642400053
628,"KISS YOURSELF","鳴上 嵐(CV.北村 諒)",134,10B,83,2025-04-22,04:43,0,"","あんさんぶるスターズ！！アルバムシリーズ 『TRIP』 Knights",2024-05-22,69,1,0,34,0,20,-6,D Major,4,0szrP9bl0cIs7Pz73qxJyP,JPD642400054
629,"KEEP OUT","Eden/乱 凪砂(CV.諏訪部順一)、巴 日和(CV.花江夏樹)、七種 茨(CV.逢坂良太)、漣 ジュン(CV.内田雄馬)",128,3A,94,2025-04-22,03:00,0,"","あんさんぶるスターズ！！アルバムシリーズ 『TRIP』 Eden",2024-05-08,70,24,0,80,0,20,-4,A#/B♭ Minor,4,6qEMt78ulhfGkWTGhrgWbP,JPD642400022
630,"Absolute Perfection","Eden/乱 凪砂(CV.諏訪部順一)、巴 日和(CV.花江夏樹)、七種 茨(CV.逢坂良太)、漣 ジュン(CV.内田雄馬)",130,9A,95,2025-04-22,03:43,0,"","あんさんぶるスターズ！！アルバムシリーズ 『TRIP』 Eden",2024-05-08,59,1,0,30,0,30,-5,E Minor,4,2AzYra2bCTAuWjSz4H4lKL,JPD642400030
631,"We're all alone","乱 凪砂(CV.諏訪部順一)",112,9B,61,2025-04-22,03:32,0,"","あんさんぶるスターズ！！アルバムシリーズ 『TRIP』 Eden",2024-05-08,67,75,0,34,0,10,-6,G Major,4,2Dnlw3ibihLJ0S1xGrl4yj,JPD642400031
632,"Accept My Love","巴 日和(CV.花江夏樹)",134,9B,88,2025-04-22,03:15,0,"","あんさんぶるスターズ！！アルバムシリーズ 『TRIP』 Eden",2024-05-08,64,52,0,91,0,10,-4,G Major,4,5w0vEWeeMpGYPWdh4lnRyL,JPD642400032
633,"Salute Desire","七種 茨(CV.逢坂良太)",160,9B,82,2025-04-22,03:51,0,"","あんさんぶるスターズ！！アルバムシリーズ 『TRIP』 Eden",2024-05-08,56,18,0,78,0,10,-4,G Major,4,6bI5AeJjKooUCChVXE5pwK,JPD642400033
634,"Unlock the Soul","漣 ジュン(CV:内田雄馬)",190,11A,96,2025-04-22,04:01,0,"","あんさんぶるスターズ！！アルバムシリーズ 『TRIP』 Eden",2024-05-08,41,10,0,80,10,30,-2,F#/G♭ Minor,4,1mOuXoLpjsymqrmDPCG2lg,JPD642400034
635,"LIMIT BREAK DREAMERS - ESオールスターズ ver.","ESオールスターズ",98,8B,94,2025-04-22,04:20,0,"","『あんさんぶるスターズ！！』9th Anniversary Song「LIMIT BREAK DREAMERS」",2024-04-27,52,4,0,67,0,10,-4,C Major,4,7o0OkqvKakuIGupBtSJ8Qj,JPD642400242
636,"Ringing evil phone","EVIL NUM+／逆先 夏目(CV.野島 健児)、氷鷹 北斗(CV.前野 智昭)、葵 ひなた(CV.斉藤 壮馬)、紫之 創(CV.高坂 知也)、朔間 凛月(CV.山下 大輝)",130,3A,91,2025-04-22,03:57,0,"","あんさんぶるスターズ！！ EVIL NUM+「Ringing evil phone」",2024-04-27,72,25,0,85,10,30,-5,A#/B♭ Minor,4,2qQRTuUDbce625o8ELS3vX,JPD642400259
637,"Seven Days “Prismagic”","Switch/逆先夏目(CV.野島健児)、青葉つむぎ(CV.石川界人)、春川宙(CV.山本和臣)",128,1B,89,2025-04-22,04:51,0,"","あんさんぶるスターズ！！アルバムシリーズ 『TRIP』 Switch",2024-04-03,59,1,0,48,0,30,-4,B Major,4,7p2wVWflIspoYuOhGrctcS,JPD642300818
638,"Chocola-Tic After School","Switch/逆先夏目(CV.野島健児)、青葉つむぎ(CV.石川界人)、春川宙(CV.山本和臣)",121,9B,79,2025-04-22,04:19,0,"","あんさんぶるスターズ！！アルバムシリーズ 『TRIP』 Switch",2024-04-03,70,16,0,58,0,10,-6,G Major,4,14lPAjrfto7e049DkUthzx,JPD642300821
639,"What A Kind Echo U Pass","逆先夏目(CV.野島健児)",130,1B,92,2025-04-22,04:50,0,"","あんさんぶるスターズ！！アルバムシリーズ 『TRIP』 Switch",2024-04-03,68,5,0,84,0,10,-4,B Major,4,6kRiCSR0xJAj71whgFY4Jm,JPD642300828
640,"キミを元気にする魔法","春川宙(CV.山本和臣)",126,10A,84,2025-04-22,04:29,0,"","あんさんぶるスターズ！！アルバムシリーズ 『TRIP』 Switch",2024-04-03,76,14,0,50,0,50,-4,B Minor,4,6lYkKCTRlVqR2VEX9e1szz,JPD642300829
641,"微睡み銀河","青葉つむぎ(CV.石川界人)",87,10B,77,2025-04-22,03:28,0,"","あんさんぶるスターズ！！アルバムシリーズ 『TRIP』 Switch",2024-04-03,56,23,0,60,0,30,-5,D Major,4,7ptyLgu0cgGWhCPs2nVkXj,JPD642300830
642,"両片思いの交差点で、君にまた逢いたくて","Love∞Scramble／天祥院 英智(CV.緑川 光)、椎名 ニキ(CV.山口 智広)、三毛縞 斑(CV.鳥海 浩輔)、逆先 夏目(CV.野島 健児)",118,3B,73,2025-04-22,04:45,0,"","あんさんぶるスターズ！！ Love∞Scramble「両片思いの交差点で、君にまた逢いたくて」",2024-04-02,64,18,0,81,0,0,-7,C♯/D♭ Major,4,0p7fyMUz5BmL4ius62CTyT,JPD642400232
643,"NEW DAYBREAK","流星隊/南雲 鉄虎(CV.中島 ヨシキ)、高峯 翠(CV.渡辺 拓海)、仙石 忍(CV.新田 杏樹)、守沢 千秋(CV.帆世 雄一)、深海 奏汰(CV.西山 宏太朗)",164,2B,89,2025-04-22,03:40,0,"","あんさんぶるスターズ！！アルバムシリーズ 『TRIP』 流星隊",2024-03-06,48,2,0,82,0,20,-4,F#/G♭ Major,4,2iom8kZCmuUny8MfbH94VK,JPD642300785
644,"RELAX PARADISE","流星隊/高峯 翠(CV.渡辺 拓海)、南雲 鉄虎(CV.中島 ヨシキ)、仙石 忍(CV.新田 杏樹)、守沢 千秋(CV.帆世 雄一)、深海 奏汰(CV.西山 宏太朗)",142,9B,88,2025-04-22,03:16,0,"","あんさんぶるスターズ！！アルバムシリーズ 『TRIP』 流星隊",2024-03-06,62,22,0,80,0,30,-3,G Major,4,7fKAPmGjykWrvYDenRRSiP,JPD642300790
645,"僕らのステラ","流星隊／深海 奏汰(CV.西山 宏太朗)、南雲 鉄虎(CV.中島 ヨシキ)、高峯 翠(CV.渡辺 拓海)、仙石 忍(CV.新田 杏樹)、守沢 千秋(CV.帆世 雄一)",110,3B,87,2025-04-22,03:33,0,"","あんさんぶるスターズ！！アルバムシリーズ 『TRIP』 流星隊",2024-03-06,70,34,0,68,0,10,-5,C♯/D♭ Major,4,2bnwmebEaREd1EKXvcG9CF,JPD642300791
646,"運命パワーエネルギー！","南雲 鉄虎(CV.中島 ヨシキ)",171,6B,95,2025-04-22,04:18,0,"","あんさんぶるスターズ！！アルバムシリーズ 『TRIP』 流星隊",2024-03-06,49,20,0,62,0,30,-3,A#/B♭ Major,4,43MjdngUGIQQ8woZh7lSkS,JPD642300793
647,"Green to the sky","高峯 翠(CV.渡辺 拓海)",138,1B,92,2025-04-22,03:47,0,"","あんさんぶるスターズ！！アルバムシリーズ 『TRIP』 流星隊",2024-03-06,64,14,0,74,0,20,-3,B Major,4,5YcgW76CzIVxuUzCPfZjCi,JPD642300794
648,"清正同道応援歌！","仙石 忍(CV.新田 杏樹)",125,3B,96,2025-04-22,03:44,0,"","あんさんぶるスターズ！！アルバムシリーズ 『TRIP』 流星隊",2024-03-06,65,2,0,89,0,30,-2,C♯/D♭ Major,4,2ftzTOLLQhe4N7yX44q9bP,JPD642300795
649,"心でぴったり愛になる","守沢 千秋(CV.帆世 雄一)",180,4A,92,2025-04-22,03:35,0,"","あんさんぶるスターズ！！アルバムシリーズ 『TRIP』 流星隊",2024-03-06,49,4,0,79,0,10,-4,F Minor,4,49MuAVMI2hbyr32Z39A5A0,JPD642300796
650,"はっぴぃ・どろっぷす","深海 奏汰(CV.西山 宏太朗)",129,7B,85,2025-04-22,03:40,0,"","あんさんぶるスターズ！！アルバムシリーズ 『TRIP』 流星隊",2024-03-06,71,34,0,84,0,30,-4,F Major,4,4eYFqdJntiESXmoj2FtiQT,JPD642300797
651,"幸せの歌","Trickstar/氷鷹北斗(CV.前野智昭)、明星スバル(CV.柿原徹也)、遊木 真(CV.森久保祥太郎)、衣更真緒(CV.梶 裕貴)",175,2B,94,2025-04-22,04:50,0,"","あんさんぶるスターズ！！アルバムシリーズ 『TRIP』 Trickstar",2024-02-21,42,2,0,63,0,20,-4,F#/G♭ Major,4,6qu4fgyaEmfv4Pw1CHpjmX,JPD642300700
652,"Romantic Xday!","Trickstar/氷鷹北斗(CV.前野智昭)、明星スバル(CV.柿原徹也)、遊木 真(CV.森久保祥太郎)、衣更真緒(CV.梶 裕貴)",118,1B,92,2025-04-22,03:44,0,"","あんさんぶるスターズ！！アルバムシリーズ 『TRIP』 Trickstar",2024-02-21,53,17,0,80,0,20,-3,B Major,4,1y6DVlLnYmNg5shSlLxKyo,JPD642300705
653,"君と未明に、","氷鷹北斗(CV.前野智昭)",126,6B,74,2025-04-22,04:01,0,"","あんさんぶるスターズ！！アルバムシリーズ 『TRIP』 Trickstar",2024-02-21,62,15,0,42,0,10,-5,A#/B♭ Major,4,2t4PDSHliKW5BWov0YoKIH,JPD642300707
654,"EverySing For You","明星スバル(CV.柿原徹也)",110,3B,73,2025-04-22,03:12,0,"","あんさんぶるスターズ！！アルバムシリーズ 『TRIP』 Trickstar",2024-02-21,81,22,0,83,0,0,-5,C♯/D♭ Major,4,1S4Y2mzhP2sM2NgAUL2yx2,JPD642300708
655,"Glasses Hopper!!","遊木 真(CV.森久保祥太郎)",128,7B,94,2025-04-22,03:24,0,"","あんさんぶるスターズ！！アルバムシリーズ 『TRIP』 Trickstar",2024-02-21,71,29,0,79,0,10,-4,F Major,4,6usPXSyCmItR31xnljlVDN,JPD642300709
656,"トキメキシェア","衣更真緒(CV.梶 裕貴)",131,8B,94,2025-04-22,03:20,0,"","あんさんぶるスターズ！！アルバムシリーズ 『TRIP』 Trickstar",2024-02-21,61,6,0,90,0,20,-3,C Major,4,6NeNgpbF9tHhArNvienpyi,JPD642300710
657,"絲","紅月/蓮巳敬人(CV.梅原裕一郎)、鬼龍紅郎(CV.神尾晋一郎)、神崎颯馬(CV.神永圭佑)",89,7B,94,2025-04-22,03:23,0,"","あんさんぶるスターズ！！アルバムシリーズ 『TRIP』 紅月",2024-02-07,54,5,0,56,0,0,-4,F Major,4,4CVjyNFv4gzA5ncKqtf8d4,JPD642300672
658,"金色千夜夢舞台","紅月/蓮巳敬人(CV.梅原裕一郎)、鬼龍紅郎(CV.神尾晋一郎)、神崎颯馬(CV.神永圭佑)",169,4A,99,2025-04-22,03:56,0,"","あんさんぶるスターズ！！アルバムシリーズ 『TRIP』 紅月",2024-02-07,42,3,0,53,10,30,-2,F Minor,4,1l8MSTy51RJs0H08oFxxvu,JPD642300676
659,"ROCK ROAR","デッドマンズ／朔間 零(CV.増田 俊樹)、蓮巳 敬人(CV.梅原 裕一郎)、大神 晃牙(CV.小野 友樹)、鬼龍 紅郎 (CV.神尾 晋一郎)",164,10A,98,2025-04-22,04:00,0,"","あんさんぶるスターズ！！アルバムシリーズ 『TRIP』 紅月",2024-02-07,38,0,0,20,20,20,-3,B Minor,4,19TcjomNiFLBuKTYtJhp82,JPD642300679
660,"Unpredictable Reincarnation","蓮巳 敬人(CV.梅原 裕一郎)",165,3B,97,2025-04-22,03:56,0,"","あんさんぶるスターズ！！アルバムシリーズ 『TRIP』 紅月",2024-02-07,50,5,0,85,0,30,-3,C♯/D♭ Major,4,54SrcWtW9WWwToFzcD9cFa,JPD642300680
661,"紅返礼歌","鬼龍 紅郎 (CV.神尾 晋一郎)",80,1B,87,2025-04-22,03:35,0,"","あんさんぶるスターズ！！アルバムシリーズ 『TRIP』 紅月",2024-02-07,45,3,0,61,0,30,-2,B Major,4,5CUFZ7R6cHQF4BlFsRgWoI,JPD642300681
662,"誠心決風録","神崎 颯馬(CV.神永 圭佑)",96,1B,95,2025-04-22,04:28,0,"","あんさんぶるスターズ！！アルバムシリーズ 『TRIP』 紅月",2024-02-07,56,8,0,43,0,30,-3,B Major,4,29wm96KiJ2DLymZalthXoW,JPD642300682
663,"罪の底","UNDEAD/朔間零(CV.増田俊樹)、羽風薫(CV.細貝圭)、大神晃牙(CV.小野友樹)、乙狩アドニス(CV.羽多野渉)",145,8A,88,2025-04-22,04:29,0,"","あんさんぶるスターズ！！アルバムシリーズ 『TRIP』 UNDEAD",2024-01-24,53,4,0,55,0,10,-6,A Minor,4,4e9eMP5YXyxCB2j4RGSAtD,JPD642300642
664,"Resurrection of Soul","UNDEAD/朔間零(CV.増田俊樹)、羽風薫(CV.細貝圭)、大神晃牙(CV.小野友樹)、乙狩アドニス(CV.羽多野渉)",99,4A,93,2025-04-22,03:17,0,"","あんさんぶるスターズ！！アルバムシリーズ 『TRIP』 UNDEAD",2024-01-24,48,7,0,54,0,20,-5,F Minor,4,0oRhF03OXQWZD0P2Ak2kp6,JPD642300643
665,"Fiery Scream","朔間零(CV.増田俊樹)",136,4B,87,2025-04-22,03:29,0,"","あんさんぶるスターズ！！アルバムシリーズ 『TRIP』 UNDEAD",2024-01-24,55,13,0,80,0,20,-4,G#/A♭ Major,4,7b8ZD9uSLx2iVDLpXfCAAg,JPD642300649
666,"SURF ON SMILE","羽風薫(CV.細貝圭)",128,11B,82,2025-04-22,04:22,0,"","あんさんぶるスターズ！！アルバムシリーズ 『TRIP』 UNDEAD",2024-01-24,60,1,0,63,0,20,-4,A Major,4,4sNWvz279Vm4JVCYIg0cW3,JPD642300650
667,"ENGRAVE LIVES","大神晃牙(CV.小野友樹)",120,3B,99,2025-04-22,03:27,0,"","あんさんぶるスターズ！！アルバムシリーズ 『TRIP』 UNDEAD",2024-01-24,44,8,0,18,10,10,-3,C♯/D♭ Major,4,7qvcjbSmGhgtRMZu5puMgE,JPD642300651
668,"BURNING BODY","乙狩アドニス(CV.羽多野渉)",182,8A,89,2025-04-22,03:42,0,"","あんさんぶるスターズ！！アルバムシリーズ 『TRIP』 UNDEAD",2024-01-24,48,4,0,54,0,0,-4,A Minor,4,2mUShAJBRD4MsA2oI8Bxx1,JPD642300652
669,"Black Out See Saw","ALKALOID/天城 一彩(CV.梶原 岳人)、白鳥 藍良(CV.天﨑 滉平)、礼瀬 マヨイ(CV.重松 千晴)、風早 巽(CV.中澤 まさとも)",146,1B,88,2025-04-22,04:24,0,"","あんさんぶるスターズ！！アルバムシリーズ 『TRIP』 ALKALOID",2023-12-20,55,1,0,50,10,0,-4,B Major,3,1FOVFvSKkcMfBNAdljJINi,JPD642300623
670,"UNDYING HOLY LOVE","ALKALOID/天城 一彩(CV.梶原 岳人)、白鳥 藍良(CV.天﨑 滉平)、礼瀬 マヨイ(CV.重松 千晴)、風早 巽(CV.中澤 まさとも)",128,10B,82,2025-04-22,04:21,0,"","あんさんぶるスターズ！！アルバムシリーズ 『TRIP』 ALKALOID",2023-12-20,63,9,0,67,0,30,-4,D Major,4,0V4m12iABxMw5uZBqQfM67,JPD642300631
671,"SOLID SOUL","天城 一彩(CV.梶原 岳人)",120,8B,91,2025-04-22,03:50,0,"","あんさんぶるスターズ！！アルバムシリーズ 『TRIP』 ALKALOID",2023-12-20,61,0,0,57,0,30,-5,C Major,4,7LQL6T1RuSAY49Jgo9CkKt,JPD642300633
672,"I LOVE “LOVE”♡","白鳥 藍良(CV.天﨑 滉平)",99,7B,88,2025-04-22,03:43,0,"","あんさんぶるスターズ！！アルバムシリーズ 『TRIP』 ALKALOID",2023-12-20,70,12,0,67,0,20,-5,F Major,4,0zXkAi1FniEQTZxJDkSV5T,JPD642300634
673,"Raise the Velvet","礼瀬 マヨイ(CV.重松 千晴)",132,11A,94,2025-04-22,03:29,0,"","あんさんぶるスターズ！！アルバムシリーズ 『TRIP』 ALKALOID",2023-12-20,60,11,0,82,10,0,-5,F#/G♭ Minor,4,5zuujNiRCB7OERKDDzVjEC,JPD642300635
674,"Starlight of Faith","風早 巽(CV.中澤 まさとも)",132,1B,86,2025-04-22,04:30,0,"","あんさんぶるスターズ！！アルバムシリーズ 『TRIP』 ALKALOID",2023-12-20,62,5,0,66,0,30,-5,B Major,4,3CCImH7RpYQuEkcS4gBkAV,JPD642300636
675,"トゥウィンクル空中戦","2wink/葵 ひなた&葵 ゆうた(CV.斉藤壮馬)",102,10A,86,2025-04-22,02:54,0,"","あんさんぶるスターズ！！アルバムシリーズ 『TRIP』 2wink",2023-12-06,66,1,0,71,0,10,-5,B Minor,4,3JazzuIedioREzYJiMajKm,JPD642300561
676,"Love×me⇄monsteR","2wink/葵 ひなた&葵 ゆうた(CV.斉藤壮馬)",132,2B,81,2025-04-22,04:01,0,"","あんさんぶるスターズ！！アルバムシリーズ 『TRIP』 2wink",2023-12-06,70,2,0,54,0,30,-5,F#/G♭ Major,4,3H5sAChOu9IzO9EZeUwRoM,JPD642300563
677,"GO-AHEAD SIGNAL","葵 ひなた(CV.斉藤壮馬)",133,6B,92,2025-04-22,04:49,0,"","あんさんぶるスターズ！！アルバムシリーズ 『TRIP』 2wink",2023-12-06,63,14,0,53,0,10,-5,A#/B♭ Major,4,3IpHmfARl244OQLqcMUbIC,JPD642300568
678,"A WAY OF LIGHT","葵 ゆうた(CV.斉藤壮馬)",146,8B,79,2025-04-22,03:36,0,"","あんさんぶるスターズ！！アルバムシリーズ 『TRIP』 2wink",2023-12-06,62,7,0,37,0,20,-5,C Major,4,7LEBTgv7Cp2VQIO97OJpHT,JPD642300569
679,"祝福のLibrary","Valkyrie/斎宮 宗(CV.高橋広樹)、影片みか(CV.大須賀 純)",170,4B,75,2025-04-22,04:03,0,"","あんさんぶるスターズ！！アルバムシリーズ 『TRIP』 Valkyrie",2023-11-08,44,25,0,48,0,0,-5,G#/A♭ Major,4,7ql0h0LbkIgw8Dd45ERZMT,JPD642300545
680,"Le temps des fleurs","Valkyrie/斎宮 宗(CV.高橋広樹)、影片みか(CV.大須賀 純)",77,10A,66,2025-04-22,03:42,0,"","あんさんぶるスターズ！！アルバムシリーズ 『TRIP』 Valkyrie",2023-11-08,31,50,0,50,0,20,-6,B Minor,3,21hTRn51VQnMvmojKl2G5r,JPD642300550
681,"Amor Vincit Omnia","斎宮 宗(CV.高橋広樹)",128,7A,62,2025-04-22,04:40,0,"","あんさんぶるスターズ！！アルバムシリーズ 『TRIP』 Valkyrie",2023-11-08,58,13,0,37,0,0,-7,D Minor,4,3ectB46fp0jiXs8sfa0NZ0,JPD642300553
682,"夢見るアーキテクチャ","影片みか(CV.大須賀 純)",101,10B,76,2025-04-22,03:41,0,"visual kei","あんさんぶるスターズ！！アルバムシリーズ 『TRIP』 Valkyrie",2023-11-08,54,11,0,34,0,30,-5,D Major,4,4dt6rT3qvwRR0i3jHb2bsT,JPD642300554
683,"Angelic Grace","fine/天祥院英智(CV.緑川 光)、日々樹 渉(CV.江口拓也)、姫宮桃李(CV.村瀬 歩)、伏見弓弦(CV.橋本晃太朗)",132,11A,87,2025-04-22,04:23,0,"","あんさんぶるスターズ！！アルバムシリーズ 『TRIP』 fine",2023-10-04,62,28,0,82,0,30,-5,F#/G♭ Minor,4,0zJO7hUoSLutcwUAA7JsXx,JPD642300415
684,"Dreaming Ocean","fine/天祥院英智(CV.緑川 光)、日々樹 渉(CV.江口拓也)、姫宮桃李(CV.村瀬 歩)、伏見弓弦(CV.橋本晃太朗)",130,1B,89,2025-04-22,04:04,0,"","あんさんぶるスターズ！！アルバムシリーズ 『TRIP』 fine",2023-10-04,66,56,0,84,0,20,-5,B Major,4,46b7fm7RyNGct0HBYpHi0C,JPD642300421
685,"Crystal Pleasure","天祥院英智(CV.緑川 光)",129,5A,83,2025-04-22,04:26,0,"","あんさんぶるスターズ！！アルバムシリーズ 『TRIP』 fine",2023-10-04,64,22,0,79,0,20,-4,C Minor,4,7ogLBjP4g2LLiUSAX7x5hi,JPD642300425
686,"Wandering Clown","日々樹 渉(CV.江口拓也)",115,8A,87,2025-04-22,03:17,0,"","あんさんぶるスターズ！！アルバムシリーズ 『TRIP』 fine",2023-10-04,66,1,0,60,0,10,-7,A Minor,4,3z33d62eXdR9NAnROIlazM,JPD642300426
687,"Treasure Memories","姫宮桃李(CV.村瀬 歩)",103,10B,84,2025-04-22,03:50,0,"","あんさんぶるスターズ！！アルバムシリーズ 『TRIP』 fine",2023-10-04,67,44,0,64,0,10,-4,D Major,4,2BVKqdllabHvbRhLHxRmx6,JPD642300427
688,"Welcome back, dear moment","伏見弓弦(CV.橋本晃太朗)",113,8B,62,2025-04-22,04:13,0,"","あんさんぶるスターズ！！アルバムシリーズ 『TRIP』 fine",2023-10-04,75,30,0,68,0,20,-7,C Major,4,2HBEWh7NiLwK0x3Uoda763,JPD642300428
689,"ネビュラ","Double Face/三毛縞 斑(CV.鳥海 浩輔)、桜河 こはく(CV.海渡 翼)",98,7B,89,2025-04-22,03:31,0,"","あんさんぶるスターズ！！アルバムシリーズ 『TRIP』 Double Face",2023-09-20,49,1,0,63,0,20,-6,F Major,4,4M6AlJLhEON9MRCLm4rwYJ,JPD642300399
690,"Bye-Bye Buddy","Double Face/三毛縞 斑(CV.鳥海 浩輔)、桜河 こはく(CV.海渡 翼)",158,8A,85,2025-04-22,04:12,0,"","あんさんぶるスターズ！！アルバムシリーズ 『TRIP』 Double Face",2023-09-20,62,35,0,87,0,0,-5,A Minor,4,4hRuyyI38OmfS6Jtbi5TKM,JPD642300405
691,"CROSS SHINE","三毛縞斑(CV.鳥海浩輔)",129,9B,87,2025-04-22,03:41,0,"","あんさんぶるスターズ！！アルバムシリーズ 『TRIP』 Double Face",2023-09-20,71,21,0,55,0,20,-5,G Major,4,3PeBoT30E66BZmRyj8zVNY,JPD642300409
692,"ヒカリスペクトル","Ra*bits,あんさんぶるスターズ！！",140,3B,92,2025-04-22,03:33,32,"","あんさんぶるスターズ！！アルバムシリーズ 『TRIP』 Ra*bits",2024-06-26,60,3,0,81,0,30,-5,C♯/D♭ Major,4,7ppPkpjl5J9qr33bw2S0eo,JPD642400287
693,"パラレルメイズ","Ra*bits,あんさんぶるスターズ！！",82,6B,94,2025-04-22,03:33,29,"","あんさんぶるスターズ！！アルバムシリーズ 『TRIP』 Ra*bits",2024-06-26,54,39,0,96,0,10,-4,A#/B♭ Major,4,4bxZvshB89mz6WbnPigj6n,JPD642400289
694,"Centre of the theatre","真白 友也(CV.比留間 俊哉)",122,8B,56,2025-04-22,03:24,0,"","あんさんぶるスターズ！！アルバムシリーズ 『TRIP』 Ra*bits (2023 Ver.)",2023-08-23,74,3,0,75,0,50,-8,C Major,4,2lROTJvNXxbOh56gNBhPt7,JPD642300289
695,"Hopping on the music notes!","仁兎 なずな(CV.米内 佑希)",124,12A,91,2025-04-22,04:35,0,"","あんさんぶるスターズ！！アルバムシリーズ 『TRIP』 Ra*bits (2023 Ver.)",2023-08-23,70,7,0,70,0,0,-4,C♯/D♭ Minor,4,1tAw1As0QmZB8Zdk9f6Yzm,JPD642300290
696,"SUPER SPACE STAR☆","天満 光(CV.小林 大紀),あんさんぶるスターズ！！",123,4B,79,2025-04-22,03:37,21,"","あんさんぶるスターズ！！アルバムシリーズ 『TRIP』 Ra*bits",2024-06-26,75,25,0,64,0,10,-5,G#/A♭ Major,4,2W8Thl9pzeX8Hh9l39vTl3,JPD642400294
697,"ボクスケッチ","紫之 創(CV.高坂 知也)",170,4B,66,2025-04-22,03:56,0,"","あんさんぶるスターズ！！アルバムシリーズ 『TRIP』 Ra*bits (2023 Ver.)",2023-08-23,28,7,0,56,0,10,-8,G#/A♭ Major,3,4RxoMlhKMSRV6A1G3Pp8Vl,JPD642300292
698,"NA NA NA SUMMER NIGHT BeeAT","Crazy:B/天城 燐音(CV.阿座上 洋平)、HiMERU(CV.笠間 淳)、桜河 こはく(CV.海渡 翼)、椎名 ニキ(CV.山口 智広)",140,2A,93,2025-04-22,03:06,0,"","あんさんぶるスターズ！！アルバムシリーズ 『TRIP』 Crazy:B",2023-07-19,61,43,0,63,0,0,-3,D#/E♭ Minor,4,35RlqF4XPmhMDglcnt5l7P,JPD642300188
699,"Crazy Anthem","Crazy:B/天城 燐音(CV.阿座上 洋平)、HiMERU(CV.笠間 淳)、桜河 こはく(CV.海渡 翼)、椎名 ニキ(CV.山口 智広)",110,11A,91,2025-04-22,03:42,0,"","あんさんぶるスターズ！！アルバムシリーズ 『TRIP』 Crazy:B",2023-07-19,64,21,0,58,0,0,-5,F#/G♭ Minor,4,70bKCHj33ZHvgOQnlFR37E,JPD642300197
700,"Thrill Addict","天城 燐音(CV.阿座上 洋平)",113,10A,94,2025-04-22,03:40,0,"","あんさんぶるスターズ！！アルバムシリーズ 『TRIP』 Crazy:B",2023-07-19,71,6,0,65,0,30,-3,B Minor,4,0I4B2WB8oXN3u0qB4oh5i6,JPD642300200
701,"視線Hold me tight","HiMERU(CV.笠間 淳)",120,7A,87,2025-04-22,03:21,0,"","あんさんぶるスターズ！！アルバムシリーズ 『TRIP』 Crazy:B",2023-07-19,59,4,0,58,0,10,-5,D Minor,4,7KFgtsf8LPouW8wNTeCX6y,JPD642300201
702,"Petal's Resolution","桜河 こはく(CV.海渡 翼)",109,6A,84,2025-04-22,03:25,0,"","あんさんぶるスターズ！！アルバムシリーズ 『TRIP』 Crazy:B",2023-07-19,72,26,0,63,0,0,-5,G Minor,4,6YIUUWQ7bydxZELBZDeF9c,JPD642300202
703,"Yummy・Tummy・LOVE!!","椎名 ニキ(CV.山口 智広)",120,1B,88,2025-04-22,04:12,0,"","あんさんぶるスターズ！！アルバムシリーズ 『TRIP』 Crazy:B",2023-07-19,75,9,0,55,0,10,-4,B Major,4,2wZ34yGUeqnC4dD1J8HNGw,JPD642300203
704,"Dawning Angels","fine-O/青葉 つむぎ(CV.石川 界人)、天祥院 英智(CV.緑川 光)、乱 凪砂(CV.諏訪部 順一)、巴 日和(CV.花江 夏樹)",176,9B,93,2025-04-22,04:00,0,"","あんさんぶるスターズ！！ESアイドルソング Extra オルタード & fine-O",2023-06-28,44,1,0,72,10,0,-4,G Major,4,2OJj5Qt5VQJJiphKdTV0Ql,JPD642300210
705,"Twilight Pentagram","オルタード/朔間 零(CV.増田 俊樹)、日々樹 渉(CV.江口 拓也)、深海 奏汰(CV.西山 宏太朗)、 斎宮 宗(CV.高橋 広樹)、逆先 夏目(CV.野島 健児)",110,10A,79,2025-04-22,03:31,0,"","あんさんぶるスターズ！！ESアイドルソング Extra オルタード & fine-O",2023-06-28,75,14,0,57,0,0,-5,B Minor,4,5931MmDFddLnEmn5ggVCmr,JPD642300209
706,"One with One","ESオールスターズ,あんさんぶるスターズ！！",148,8B,90,2025-04-22,04:18,37,"","『あんさんぶるスターズ！！』8th Anniversary song「One with One」",2024-06-26,58,22,0,88,0,10,-3,C Major,4,4CfXncuFcr74UNbsuelKAa,JPD642400333
707,"Turbulent Storm","2wink/葵 ひなた&葵 ゆうた(CV.斉藤壮馬)",130,9A,79,2025-04-22,03:45,0,"","2wink「Turbulent Storm」あんさんぶるスターズ！！ ESアイドルソング season3",2023-06-21,69,15,0,41,0,30,-3,E Minor,4,4Sr1rCxovd8yA8bwHn65bw,JPD642300127
708,"迷宮電子回廊","Valkyrie/斎宮 宗(CV.高橋広樹)、影片みか(CV.大須賀 純)",152,9B,95,2025-04-22,04:42,0,"","Valkyrie「迷宮電子回廊」あんさんぶるスターズ！！ ESアイドルソング season3",2023-05-31,44,3,0,44,0,0,-2,G Major,4,0MGyyB9wE4N0xQuCWIuD3W,JPD642300124
709,"Melting Rouge Soul","Adam/乱 凪砂(CV.諏訪部順一)、七種 茨(CV.逢坂良太)",128,3B,88,2025-04-22,03:59,0,"","Eden あんさんぶるスターズ！！ ESアイドルソング season3 Adam「Melting Rouge Soul」 / Eve「Ruby Love」",2023-05-03,68,3,0,42,0,30,-4,C♯/D♭ Major,4,7GBW9fVirPSNAQVLl0jtJI,JPD642300066
710,"Ruby Love","Eve/巴 日和(CV.花江夏樹)、漣 ジュン(CV:内田雄馬)",130,10B,80,2025-04-22,03:12,0,"","Eden あんさんぶるスターズ！！ ESアイドルソング season3 Adam「Melting Rouge Soul」 / Eve「Ruby Love」",2023-05-03,72,9,0,58,0,20,-4,D Major,4,4WHyNCv8lEfoPDQDhuxb5T,JPD642300067
711,"Colors Arise","流星隊/南雲 鉄虎(CV.中島 ヨシキ)、高峯 翠(CV.渡辺 拓海)、仙石 忍(CV.新田 杏樹)、守沢 千秋(CV.帆世 雄一)、深海 奏汰(CV.西山 宏太朗)",92,3B,97,2025-04-22,04:09,0,"","流星隊「Colors Arise」あんさんぶるスターズ！！ ESアイドルソング season3",2023-04-19,57,3,0,51,10,80,-2,C♯/D♭ Major,4,0BP0wQmKIVVggWN2dLj1hH,JPD642300063
712,"ハレノヒSugar Wave","Ra*bits,あんさんぶるスターズ！！",117,3B,92,2025-04-22,03:45,27,"","Ra*bits「ハレノヒSugar Wave」あんさんぶるスターズ！！ ESアイドルソング season3",2024-06-26,71,16,0,76,0,20,-3,C♯/D♭ Major,4,40tXQSijMA9MjVcgLmSD2s,JPD642400330
713,"HELLO, NEW YEAR!","MaM/三毛縞斑(CV.鳥海浩輔)",133,7B,97,2025-04-22,04:15,0,"","MaM「HELLO, NEW YEAR!」あんさんぶるスターズ！！ ESアイドルソング season3",2023-03-29,70,8,0,90,0,0,-2,F Major,4,3LLJjNmgjcMldUFLjJKFOj,JPD642200476
714,"題名のない今日","Jin & Akiomi/佐賀美 陣(CV.樋柴 智康)、 椚 章臣(CV.駒田 航)",86,2B,63,2025-04-22,03:18,0,"","あんさんぶるスターズ！！ カバーソングコレクション (2023 Ver.)",2023-03-24,65,41,0,58,0,10,-5,F#/G♭ Major,4,4ValkwNROJboNWjylsdknU,JPD642300054
715,"夜に駆ける","ALKALOID & Double Face/天城 一彩(CV.梶原 岳人)、白鳥 藍良(CV.天﨑 滉平)、礼瀬 マヨイ(CV.重松 千晴)、風早 巽(CV.中澤 まさとも)、三毛縞 斑(CV.鳥海 浩輔)、桜河 こはく(CV.海渡 翼)",130,10A,84,2025-04-22,04:20,0,"","ALKALOID ＆ Double Face「夜に駆ける」 あんさんぶるスターズ！！ COVER SONG SERIES 07",2023-03-23,62,3,0,81,0,20,-7,B Minor,4,5blci0P2JzxqqzdlReqHwT,JPD642300071
716,"Have you been naughty or nice?","Flambé!/天城 燐音(CV.阿座上 洋平)、真白 友也(CV.比留間 俊哉)、明星 スバル(CV.柿原 徹也)、伏見 弓弦(CV.橋本 晃太朗)、七種 茨(CV.逢坂 良太)",139,8B,97,2025-04-22,02:58,0,"","あんさんぶるスターズ！！ シャッフルユニットソング コレクション (vol.03)",2023-03-17,58,1,0,55,10,0,-2,C Major,4,0QEWpq63hn6CUhTufqjC4N,JPD642200431
717,"Heart aid Cafeteria","BLEND+/青葉 つむぎ(CV.石川 界人)、斎宮 宗(CV.高橋 広樹)、大神 晃牙(CV.小野 友樹)、朱桜 司(CV.土田 玲央)、葵 ゆうた(CV.斉藤 壮馬)",120,4B,90,2025-04-22,04:43,0,"","あんさんぶるスターズ！！ シャッフルユニットソング コレクション (vol.03)",2023-03-17,66,19,0,86,0,10,-4,G#/A♭ Major,4,3r9LWWg4UL4hcCTH29Ljmu,JPD642200430
718,"FIST OF SOUL","舞闘会/鬼龍 紅郎 (CV.神尾 晋一郎)、三毛縞 斑(CV.鳥海 浩輔)、南雲 鉄虎(CV.中島 ヨシキ)、乙狩 アドニス(CV.羽多野 渉)、漣 ジュン(CV.内田 雄馬)",123,8B,94,2025-04-22,03:47,0,"","あんさんぶるスターズ！！ シャッフルユニットソング コレクション (vol.03)",2023-03-17,65,2,0,65,0,30,-2,C Major,4,7ueEdBD79IsG7iHygPaKZk,JPD642200429
719,"パラダイム・リバーシ！","Puffy☆Bunny/日々樹 渉(CV.江口 拓也)、葵 ひなた(CV.斉藤 壮馬)、仙石 忍(CV.新田 杏樹)、天城 一彩(CV.梶原 岳人)、影片 みか(CV.大須賀 純)",145,8B,96,2025-04-22,04:00,0,"","あんさんぶるスターズ！！ シャッフルユニットソング コレクション (vol.03)",2023-03-17,67,3,0,73,0,30,-2,C Major,4,0wD43aoYd9fZoP8ZrBqczT,JPD642200428
720,"スターライトパレード","fine & Knights/天祥院 英智(CV.緑川 光)、日々樹 渉(CV.江口 拓也)、姫宮 桃李(CV.村瀬 歩)、伏見 弓弦(CV.橋本 晃太朗)、朱桜 司(CV.土田 玲央)、月永 レオ(CV.浅沼 晋太郎)、瀬名 泉(CV.伊藤 マサミ)、朔間 凛月(CV.山下 大輝)、鳴上 嵐(CV.北村 諒)",125,8B,68,2025-04-22,05:43,0,"","fine ＆ Knights「スターライトパレード」 あんさんぶるスターズ！！ COVER SONG SERIES 06",2023-01-23,59,5,0,42,0,10,-7,C Major,4,5ouz6eWbjO2FP8bQIu1VIj,JPD642200475
721,"勇侠青春謳","Valkyrie & 紅月/斎宮 宗(CV.高橋 広樹)、影片 みか(CV.大須賀 純)、蓮巳 敬人(CV.梅原 裕一郎)、鬼龍 紅郎 (CV.神尾 晋一郎)、神崎 颯馬(CV.神永 圭佑)",125,5A,87,2025-04-22,04:23,0,"","Valkyrie ＆ 紅月「勇侠青春謳」 あんさんぶるスターズ！！ COVER SONG SERIES 04",2022-10-24,61,22,0,87,0,30,-4,C Minor,4,6f2lqCBtPtJ5XHGtrLZpWi,JPD642200373
722,"(RE)PLAY","Eden & Trickstar/乱 凪砂(CV.諏訪部 順一)、巴 日和(CV.花江 夏樹)、七種 茨(CV.逢坂 良太)、漣 ジュン(CV.内田 雄馬)、氷鷹 北斗(CV.前野 智昭)、明星 スバル(CV.柿原 徹也)、遊木 真(CV.森久保 祥太郎)、衣更 真緒(CV.梶 裕貴)",125,4A,83,2025-04-22,03:37,0,"","Eden ＆ Trickstar 「(RE)PLAY」 あんさんぶるスターズ！！ COVER SONG SERIES 05",2022-12-08,68,27,0,85,0,0,-6,F Minor,4,2MOko0JhlAwtn8dwMYGoHq,JPD642200419
723,"Tell Your World","Switch & 2wink with 初音 ミク & 鏡音 リン・レン/逆先 夏目(CV.野島 健児)、青葉 つむぎ(CV.石川 界人)、春川 宙(CV.山本 和臣)、葵 ひなた & 葵 ゆうた(CV.斉藤 壮馬)",150,10B,98,2025-04-22,04:11,0,"","Switch & 2wink with 初音ミク & 鏡音リン・レン 「Tell Your World」 あんさんぶるスターズ！！ COVER SONG SERIES 03",2022-09-09,61,14,0,42,10,0,-5,D Major,4,5rUGU1jts5Hkoz8mBkBX61,JPD642200321
724,"Ra*bits ＆ 流星隊 「ハム太郎とっとこうた〜ハム太郎とっとこうたつづきでちゅメドレー」 あんさんぶるスターズ！！ COVER SONG SERIES 02","Ra*bits,流星隊,あんさんぶるスターズ！！",140,9B,99,2025-04-22,02:31,23,"","Ra*bits ＆ 流星隊 「ハム太郎とっとこうた〜ハム太郎とっとこうたつづきでちゅメドレー」 あんさんぶるスターズ！！ COVER SONG SERIES 02",2024-06-26,65,13,0,94,0,30,-5,G Major,4,1VO1Bm1m4GfYrLC3xzmx5N,JPD642400341
725,"U.S.A.","Crazy:B & UNDEAD/天城 燐音(CV.阿座上 洋平)、HiMERU(CV.笠間 淳)、桜河 こはく(CV.海渡 翼)、椎名 ニキ(CV.山口 智広)、朔間 零(CV.増田 俊樹)、羽風 薫(CV.細貝 圭)、大神 晃牙(CV.小野 友樹)、乙狩 アドニス(CV.羽多野 渉)",140,3B,93,2025-04-22,03:58,0,"","Crazy:B ＆ UNDEAD 「U.S.A.」 あんさんぶるスターズ！！ COVER SONG SERIES 01",2022-06-09,60,4,0,73,0,10,-3,C♯/D♭ Major,4,4IXnCAl0EDALW65PnuQdms,JPD642200193
726,"Ghostic Treat House","fine/天祥院英智(CV.緑川 光)、日々樹 渉(CV.江口拓也)、姫宮桃李(CV.村瀬 歩)、伏見弓弦(CV.橋本晃太朗)",107,10A,79,2025-04-22,03:48,0,"","fine「Ghostic Treat House」あんさんぶるスターズ！！ ESアイドルソング season3",2023-01-11,61,15,0,52,0,0,-4,B Minor,4,3viZjZyKZDBmYAGaUpcij2,JPD642200318
727,"VERMILION","ALKALOID/天城 一彩(CV.梶原 岳人)、白鳥 藍良(CV.天﨑 滉平)、礼瀬 マヨイ(CV.重松 千晴)、風早 巽(CV.中澤 まさとも)",138,10B,93,2025-04-22,04:21,0,"","ALKALOID「VERMILION」あんさんぶるスターズ！！ ESアイドルソング season3",2022-12-07,36,0,0,43,0,30,-3,D Major,4,3Bh5czKbGnsc7sudNCx2d8,JPD642200315
728,"Coruscate Breeze","Knights/朱桜 司(CV.土田 玲央)、月永 レオ(CV.浅沼 晋太郎)、瀬名 泉(CV.伊藤 マサミ)、朔間 凛月(CV.山下 大輝)、鳴上 嵐(CV.北村 諒)",130,3B,77,2025-04-22,03:52,0,"","Knights「Coruscate Breeze」あんさんぶるスターズ！！ ESアイドルソング season3",2022-10-26,67,4,0,69,0,10,-3,C♯/D♭ Major,4,200BbCUSbNkVF5P7qPSdkI,JPD642200251
729,"Romancing Cruise","Switch/逆先夏目(CV.野島健児)、青葉つむぎ(CV.石川界人)、春川宙(CV.山本和臣)",125,4B,83,2025-04-22,03:50,0,"","Switch「Romancing Cruise」あんさんぶるスターズ！！ ESアイドルソング season3",2022-10-12,66,6,0,54,0,0,-4,G#/A♭ Major,4,4gCwe5OYPfB1p10uR4Z2cf,JPD642200248
730,"夏鳥の詩 -サマーバード-","紅月/蓮巳敬人(CV.梅原裕一郎)、鬼龍紅郎(CV.神尾晋一郎)、神崎颯馬(CV.神永圭佑)",118,4B,94,2025-04-22,04:15,0,"","紅月「夏鳥の詩 -サマーバード-」あんさんぶるスターズ！！ ESアイドルソング season3",2022-09-07,52,20,0,71,0,80,-2,G#/A♭ Major,4,4Zbxipebzlc6iPikrn78W6,JPD642200197
731,"Sustain Memories","UNDEAD/朔間零(CV.増田俊樹)、羽風薫(CV.細貝圭)、大神晃牙(CV.小野友樹)、乙狩アドニス(CV.羽多野渉)",112,9B,68,2025-04-22,04:33,0,"","UNDEAD「Sustain Memories」あんさんぶるスターズ！！ ESアイドルソング season3",2022-08-17,63,49,0,44,0,10,-4,G Major,4,48dRm05MIMOKrYTrzDMTcN,JPD642200194
732,"BUKUBU NEW STARS!!","バンド『BkuB』/朔間 零(CV.増田 俊樹)、大神 晃牙(CV.小野 友樹)、衣更 真緒(CV.梶 裕貴)、葵 ひなた & 葵 ゆうた(CV.斉藤 壮馬)",118,1B,92,2025-04-22,05:03,0,"","『あんさんぶるスターズ！！』7th Anniversary song「Surprising Thanks!!」 (2022 Ver.)",2022-06-22,53,2,0,86,0,20,-1,B Major,4,2GHFKuhEl0aWxxLND2bXVW,JPD642200186
733,"Surprising Thanks!!","ESオールスターズ,あんさんぶるスターズ！！",135,12B,98,2025-04-22,03:52,29,"","『あんさんぶるスターズ！！』7th Anniversary song「Surprising Thanks!!」",2024-06-26,73,37,0,89,0,30,-3,E Major,4,6YDQZebAtuDSrVV40hR4mY,JPD642400329
734,"ハンズクラフト","MaM/三毛縞斑(CV.鳥海浩輔)",134,4A,87,2025-04-22,04:48,0,"","Double Face「No name yet」あんさんぶるスターズ！！ ESアイドルソング season2",2022-05-25,67,7,0,93,0,30,-3,F Minor,4,1NmE0ok9KopsDDVmvZbcwM,JPD642200139
735,"Sleeper Mystery Train","Double Face/三毛縞 斑(CV.鳥海 浩輔)、桜河 こはく(CV.海渡 翼)",138,11A,90,2025-04-22,04:13,0,"","Double Face「No name yet」あんさんぶるスターズ！！ ESアイドルソング season2",2022-05-25,64,23,0,82,0,0,-3,F#/G♭ Minor,4,77m6KqeRs496g4OmcF9RDK,JPD642200138
736,"A little bit UP!!","Switch/逆先夏目(CV.野島健児)、青葉つむぎ(CV.石川界人)、春川宙(CV.山本和臣)",130,1B,89,2025-04-22,04:28,0,"","Switch「Brilliant Smile」あんさんぶるスターズ！！ ESアイドルソング season2",2022-05-11,67,17,0,65,0,0,-3,B Major,4,3PQyK1cirH5POLnr8ECCfC,JPD642200102
737,"Brilliant Smile","Switch/逆先夏目(CV.野島健児)、青葉つむぎ(CV.石川界人)、春川宙(CV.山本和臣)",150,7A,98,2025-04-22,03:58,0,"","Switch「Brilliant Smile」あんさんぶるスターズ！！ ESアイドルソング season2",2022-05-11,65,10,0,87,0,20,-2,D Minor,4,4UlLjDmCm3aa152WM02lKI,JPD642200101
738,"麗しのナイチンゲール","Valkyrie/斎宮 宗(CV.高橋広樹)、影片みか(CV.大須賀 純)",114,7A,74,2025-04-22,04:31,0,"","Valkyrie「Acanthe」あんさんぶるスターズ！！ ESアイドルソング season2",2022-05-11,56,44,0,33,0,30,-4,D Minor,3,6uZmHyyfFbDr7seMwmUSfz,JPD642200107
739,"Acanthe","Valkyrie/斎宮 宗(CV.高橋広樹)、影片みか(CV.大須賀 純)",186,7B,93,2025-04-22,05:29,0,"","Valkyrie「Acanthe」あんさんぶるスターズ！！ ESアイドルソング season2",2022-05-11,28,3,0,30,0,30,-3,F Major,4,0Si55K9cWWpJglJcqUZcxD,JPD642200106
740,"POLYPHONIC WORLD","2wink/葵 ひなた&葵 ゆうた(CV.斉藤壮馬)",128,3B,94,2025-04-22,04:15,0,"","2wink「Swee2wink Love Letter」あんさんぶるスターズ！！ ESアイドルソング season2",2022-04-06,67,5,0,84,0,10,-3,C♯/D♭ Major,4,4sh3mB7Q34gkxAEJbQAl43,JPD642200098
741,"Swee2wink Love Letter","2wink/葵 ひなた&葵 ゆうた(CV.斉藤壮馬)",125,6B,91,2025-04-22,03:44,0,"","2wink「Swee2wink Love Letter」あんさんぶるスターズ！！ ESアイドルソング season2",2022-04-06,65,3,0,92,0,20,-3,A#/B♭ Major,4,0pi8djDltXS8pPXpgQHkGa,JPD642200097
742,"Hysteric Humanoid","ALKALOID/天城 一彩(CV.梶原 岳人)、白鳥 藍良(CV.天﨑 滉平)、礼瀬 マヨイ(CV.重松 千晴)、風早 巽(CV.中澤 まさとも)",136,12A,95,2025-04-22,04:09,0,"","ALKALOID「Believe 4 leaves」あんさんぶるスターズ！！ ESアイドルソング season2",2022-03-23,52,2,0,52,10,20,-4,C♯/D♭ Minor,4,4GDOaroj4GirkuS9Eq1f9b,JPD642200032
743,"Believe 4 leaves","ALKALOID/天城 一彩(CV.梶原 岳人)、白鳥 藍良(CV.天﨑 滉平)、礼瀬 マヨイ(CV.重松 千晴)、風早 巽(CV.中澤 まさとも)",123,9B,93,2025-04-22,03:00,0,"","ALKALOID「Believe 4 leaves」あんさんぶるスターズ！！ ESアイドルソング season2",2022-03-23,62,2,0,66,0,0,-2,G Major,4,7af3Y6VWFzceOzaR4HHIgf,JPD642200031
744,"LEMON SQUASH CHEERS!","Crazy:B ✕ 2wink/天城 燐音(CV.阿座上 洋平)、HiMERU(CV.笠間 淳)、桜河 こはく(CV.海渡 翼)、椎名 ニキ(CV.山口 智広)、葵 ひなた & 葵 ゆうた(CV.斉藤 壮馬)",80,4A,96,2025-04-22,03:23,0,"","Crazy:B ✕ 2wink「LEMON SQUASH CHEERS!」 あんさんぶるスターズ！！ FUSION UNIT SERIES 07",2022-03-09,71,39,0,96,10,0,-4,F Minor,4,0cE2UAQAQaGGxrSCKhQrJM,JPD642200035
745,"Unstoppable Love!","Trickstar/氷鷹北斗(CV.前野智昭)、明星スバル(CV.柿原徹也)、遊木 真(CV.森久保祥太郎)、衣更真緒(CV.梶 裕貴)",143,8B,97,2025-04-22,03:47,0,"","Trickstar「Finder Girl」あんさんぶるスターズ！！ ESアイドルソング season2",2022-03-09,53,4,0,75,0,40,-2,C Major,4,2x0TTIiBMx9xpgGP0je3pd,JPD642200028
746,"Life is so Dramatic!!","SCREEN10/白鳥 藍良(CV.天﨑 滉平)、桜河 こはく(CV.海渡 翼)、葵 ひなた(CV.斉藤 壮馬)、遊木 真(CV.森久保 祥太郎)、衣更 真緒(CV.梶 裕貴)、礼瀬 マヨイ(CV.重松 千晴)、朔間 凛月(CV.山下 大輝)、瀬名 泉(CV.伊藤 マサミ)、朔間 零(cv.増田 俊樹)、乱 凪砂(CV.諏訪部 順一)",131,2B,90,2025-04-22,04:57,0,"","特別上映版「あんさんぶるスターズ！！-Road to Show!!-」ミュージックコレクション",2022-03-04,57,4,0,48,10,10,-3,F#/G♭ Major,4,1jHgDl0tSX9TkziHingJAC,JPD642200001
747,"Deep Eclipse","Eden/乱 凪砂(CV.諏訪部順一)、巴 日和(CV.花江夏樹)、七種 茨(CV.逢坂良太)、漣 ジュン(CV.内田雄馬)",128,1B,78,2025-04-22,04:35,0,"","あんさんぶるスターズ！！ ESアイドルソング Extra fine & Eden",2022-02-23,66,31,0,52,0,30,-5,B Major,4,54yhZREtrsl7dXQj7PmI0D,JPD642200042
748,"Feathers of Ark","fine/天祥院英智(CV.緑川 光)、日々樹 渉(CV.江口拓也)、姫宮桃李(CV.村瀬 歩)、伏見弓弦(CV.橋本晃太朗)",157,2B,97,2025-04-22,03:42,0,"","あんさんぶるスターズ！！ ESアイドルソング Extra fine & Eden",2022-02-23,54,6,0,75,0,70,-2,F#/G♭ Major,4,3jF4Og0vzG7LMRN18VmUeT,JPD642200041
749,"Noir Neige","La Mort/朔間 零(CV.増田 俊樹)、朔間 凛月(CV.山下 大輝)、桜河 こはく(CV.海渡 翼)、乱 凪砂(CV.諏訪部 順一)、礼瀬 マヨイ(CV.重松 千晴)",145,1A,85,2025-04-22,03:07,0,"","あんさんぶるスターズ！！ シャッフルユニットソング コレクション (vol.02)",2022-02-09,59,6,0,43,0,30,-4,G#/A♭ Minor,4,1vbPlABBS2aegeAEI5X68e,JPD642101137
750,"ムーンライトディスコ","月都スペクタクル/巴 日和(CV.花江 夏樹)、風早 巽(CV.中澤 まさとも)、氷鷹 北斗(CV.前野 智昭)、深海 奏汰(CV.西山 宏太朗)、鳴上 嵐(CV.北村 諒)",137,2B,84,2025-04-22,04:40,0,"","あんさんぶるスターズ！！ シャッフルユニットソング コレクション (vol.02)",2022-02-09,69,11,0,69,0,30,-4,F#/G♭ Major,4,0Pmja2vH52EzqkJyxQltM7,JPD642101136
751,"Aisle, be with you","Ring.A.Bell/高峯 翠(CV.渡辺 拓海)、衣更 真緒(CV.梶 裕貴)、月永 レオ(CV.浅沼 晋太郎)、蓮巳 敬人(CV.梅原 裕一郎)、天祥院 英智(CV.緑川 光)",145,2B,93,2025-04-22,04:16,0,"","あんさんぶるスターズ！！ シャッフルユニットソング コレクション (vol.02)",2022-02-09,55,12,0,61,0,20,-4,F#/G♭ Major,4,1jK8X9teT6Hj3zKxYkLPxo,JPD642101135
752,"Heart Heat Beat","流星隊/守沢千秋(CV.帆世雄一)、深海奏汰(CV.西山宏太朗)、南雲鉄虎(CV.中島ヨシキ)、高峯翠(CV.渡辺拓海)、仙石忍(CV.新田杏樹)",178,11B,97,2025-04-22,04:23,0,"","流星隊「熱血☆流星忍法帖」あんさんぶるスターズ！！ ESアイドルソング season2",2022-02-02,51,12,0,63,10,10,-2,A Major,4,2zLGp5k35Jms0lyAf1E5Yt,JPD642101132
753,"熱血☆流星忍法帖","流星隊/守沢千秋(CV.帆世雄一)、深海奏汰(CV.西山宏太朗)、南雲鉄虎(CV.中島ヨシキ)、高峯翠(CV.渡辺拓海)、仙石忍(CV.新田杏樹)",175,3A,92,2025-04-22,03:32,0,"","流星隊「熱血☆流星忍法帖」あんさんぶるスターズ！！ ESアイドルソング season2",2022-02-02,50,1,0,63,10,10,-3,A#/B♭ Minor,4,3plK75Bh3bnlSXFRG6Dw8c,JPD642101131
754,"青春Emergency","流星隊 ✕ Knights/守沢 千秋(CV.帆世 雄一)、深海 奏汰(CV.西山 宏太朗)、南雲 鉄虎(CV.中島 ヨシキ)、高峯 翠(CV.渡辺 拓海)、仙石 忍(CV.新田 杏樹)、朱桜 司(CV.土田 玲央)、月永 レオ(CV.浅沼 晋太郎)、瀬名 泉(CV.伊藤 マサミ)、朔間 凛月(CV.山下 大輝)、鳴上 嵐(CV.北村 諒)",177,4A,97,2025-04-22,04:29,0,"","流星隊 ✕ Knights「青春Emergency」 あんさんぶるスターズ！！ FUSION UNIT SERIES 06",2022-01-22,41,4,0,74,0,10,-1,F Minor,4,6sa7vQRasTAZGQc9zgCq4C,JPD642100806
755,"Savage Love Affair","UNDEAD/朔間零(CV.増田俊樹)、羽風薫(CV.細貝圭)、大神晃牙(CV.小野友樹)、乙狩アドニス(CV.羽多野渉)",99,10A,98,2025-04-22,04:38,0,"","UNDEAD「FORBIDDEN RAIN」あんさんぶるスターズ！！ ESアイドルソング season2",2022-01-19,38,6,0,33,0,10,-2,B Minor,4,4mI9ml3lMrUSBpWYORI2fd,JPD642101123
756,"FORBIDDEN RAIN","UNDEAD/朔間零(CV.増田俊樹)、羽風薫(CV.細貝圭)、大神晃牙(CV.小野友樹)、乙狩アドニス(CV.羽多野渉)",125,12A,95,2025-04-22,03:02,0,"","UNDEAD「FORBIDDEN RAIN」あんさんぶるスターズ！！ ESアイドルソング season2",2022-01-19,54,20,0,55,10,30,-2,C♯/D♭ Minor,4,6wFtFERTwXYu9vGFkeys44,JPD642101122
757,"夜空、然りとて鵲は","紅月/蓮巳敬人(CV.梅原裕一郎)、鬼龍紅郎(CV.神尾晋一郎)、神崎颯馬(CV.神永圭佑)",110,6A,94,2025-04-22,03:37,0,"","紅月「月光奇譚」あんさんぶるスターズ！！ ESアイドルソング season2",2022-01-19,62,16,0,81,0,30,-1,G Minor,4,0J2lo6VK6HwPk39ML26knY,JPD642101119
758,"月光奇譚","紅月/蓮巳敬人(CV.梅原裕一郎)、鬼龍紅郎(CV.神尾晋一郎)、神崎颯馬(CV.神永圭佑)",154,12A,94,2025-04-22,04:23,0,"","紅月「月光奇譚」あんさんぶるスターズ！！ ESアイドルソング season2",2022-01-19,48,21,0,51,0,20,-1,C♯/D♭ Minor,4,705LiBmCJHgFJaOj2bEiEE,JPD642101118
759,"PERFECTLY-IMPERFECT","UNDEAD ✕ 紅月/朔間 零(CV.増田 俊樹)、羽風 薫(CV.細貝 圭)、大神 晃牙(CV.小野 友樹)、乙狩 アドニス(CV.羽多野 渉)、蓮巳 敬人(CV.梅原 裕一郎)、鬼龍 紅郎 (CV.神尾 晋一郎)、神崎 颯馬(CV.神永 圭佑)",174,3B,96,2025-04-22,03:51,0,"","UNDEAD ✕ 紅月「PERFECTLY-IMPERFECT」 あんさんぶるスターズ！！ FUSION UNIT SERIES 05",2021-12-09,49,4,0,93,0,0,-3,C♯/D♭ Major,4,3fEZda4Fd8gLFWAkILkCA0,JPD642101062
760,"Psyche’s Butterfly","Eden/乱 凪砂(CV.諏訪部順一)、巴 日和(CV.花江夏樹)、七種 茨(CV.逢坂良太)、漣 ジュン(CV.内田雄馬)",132,8A,88,2025-04-22,04:27,0,"","Eden「EXCEED」あんさんぶるスターズ！！ ESアイドルソング season2",2021-11-24,65,2,0,47,10,10,-4,A Minor,4,70gb5bJYRLbxvXqHZrOdLa,JPD642101059
761,"EXCEED","Eden/乱 凪砂(CV.諏訪部順一)、巴 日和(CV.花江夏樹)、七種 茨(CV.逢坂良太)、漣 ジュン(CV.内田雄馬)",128,10A,98,2025-04-22,03:50,0,"","Eden「EXCEED」あんさんぶるスターズ！！ ESアイドルソング season2",2021-11-24,69,1,0,61,10,10,-2,B Minor,4,38GxLG5AHziQ9ho4Qel0Vg,JPD642101058
762,"Crossing×Heart","Trickstar ✕ fine/氷鷹 北斗(CV.前野 智昭)、明星 スバル(CV.柿原 徹也)、遊木 真(CV.森久保 祥太郎)、衣更 真緒(CV.梶 裕貴)、天祥院 英智(CV.緑川 光)、日々樹 渉(CV.江口 拓也)、姫宮 桃李(CV.村瀬 歩)、伏見 弓弦(CV.橋本 晃太朗)",120,11B,97,2025-04-22,04:28,0,"","Trickstar ✕ fine「Crossing×Heart」 あんさんぶるスターズ！！ FUSION UNIT SERIES 04",2021-10-23,60,28,0,83,0,10,-2,A Major,4,0eRCGngGw3Z8lhOgDLQ0ua,JPD642100482
763,"Castle of my Heart","Knights/朱桜 司(CV.土田 玲央)、月永 レオ(CV.浅沼 晋太郎)、瀬名 泉(CV.伊藤 マサミ)、朔間 凛月(CV.山下 大輝)、鳴上 嵐(CV.北村 諒)",148,10A,97,2025-04-22,04:31,0,"","Knights「Mystic Fragrance」あんさんぶるスターズ！！ ESアイドルソング season2",2021-09-22,58,15,0,62,0,0,-3,B Minor,4,2cRNlz6f5oTWI8eT5cxPeq,JPD642100803
764,"Mystic Fragrance","Knights/朱桜 司(CV.土田 玲央)、月永 レオ(CV.浅沼 晋太郎)、瀬名 泉(CV.伊藤 マサミ)、朔間 凛月(CV.山下 大輝)、鳴上 嵐(CV.北村 諒)",128,10A,92,2025-04-22,03:45,0,"","Knights「Mystic Fragrance」あんさんぶるスターズ！！ ESアイドルソング season2",2021-09-22,73,13,0,65,0,30,-3,B Minor,4,7uU3R6KHLAbob65Szc6AGa,JPD642100802
765,"Artistic Partisan","ALKALOID ✕ Valkyrie/天城 一彩(CV.梶原 岳人)、白鳥 藍良(CV.天﨑 滉平)、礼瀬 マヨイ(CV.重松 千晴)、風早 巽(CV.中澤 まさとも)、斎宮 宗(CV.高橋 広樹)、影片 みか(CV.大須賀 純)",125,8A,94,2025-04-22,03:44,0,"","ALKALOID ✕ Valkyrie「Artistic Partisan」 あんさんぶるスターズ！！ FUSION UNIT SERIES 03",2021-09-09,62,12,0,77,0,20,-2,A Minor,4,1vtgrIX32P8co81ow0gBd8,JPD642100476
766,"ポケットに宇宙","Ra*bits,Double Face,あんさんぶるスターズ！！",115,9B,84,2025-04-22,04:22,29,"","Ra*bits ✕ Double Face「ポケットに宇宙」 あんさんぶるスターズ！！ FUSION UNIT SERIES 02",2024-06-26,68,42,0,54,0,0,-5,G Major,4,7oRVRBrbUXAqMZoAB9P5wz,JPD642400326
767,"Noisy:Beep","Crazy:B/天城 燐音(CV.阿座上 洋平)、HiMERU(CV.笠間 淳)、桜河 こはく(CV.海渡 翼)、椎名 ニキ(CV.山口 智広)",112,10A,95,2025-04-22,04:02,0,"","Crazy:B「指先のアリアドネ」あんさんぶるスターズ！！ ESアイドルソング season2",2021-07-14,68,13,0,69,10,10,-2,B Minor,4,2txvj2W5aUiSUdjx9bca3o,JPD642100266
768,"指先のアリアドネ","Crazy:B/天城 燐音(CV.阿座上 洋平)、HiMERU(CV.笠間 淳)、桜河 こはく(CV.海渡 翼)、椎名 ニキ(CV.山口 智広)",130,10A,82,2025-04-22,04:38,0,"","Crazy:B「指先のアリアドネ」あんさんぶるスターズ！！ ESアイドルソング season2",2021-07-14,60,41,0,76,0,10,-3,B Minor,4,0m4Fozv8EttrtJcFFPj5PR,JPD642100265
769,"うさぎの森の音楽会","Ra*bits,あんさんぶるスターズ！！",115,1B,94,2025-04-22,04:28,25,"","Ra*bits「FALLIN’ LOVE=IT’S WONDERLAND」あんさんぶるスターズ！！ ESアイドルソング season2",2024-06-26,68,21,0,86,0,20,-2,B Major,4,2y1ID0xnpkJ6oURrKFZIHq,JPD642400325
770,"FALLIN’ LOVE=IT’S WONDERLAND","Ra*bits,あんさんぶるスターズ！！",169,1B,96,2025-04-22,04:27,29,"","Ra*bits「FALLIN’ LOVE=IT’S WONDERLAND」あんさんぶるスターズ！！ ESアイドルソング season2",2024-06-26,52,11,0,63,0,20,-2,B Major,4,7afRXzhZG7c8MM4xsfZk4D,JPD642400568
771,"エンドレスヴィーデ","フラタニティ/氷鷹 北斗(CV.前野 智昭)、朱桜 司(CV.土田 玲央)、朔間 零(CV.増田 俊樹)、斎宮 宗(CV.高橋 広樹)、天城 燐音(CV.阿座上 洋平)",85,4A,97,2025-04-22,03:20,0,"","『あんさんぶるスターズ！！』6th Anniversary song「FUSIONIC STARS!!」 (2021 Ver.)",2021-06-23,42,2,0,52,10,30,-3,F Minor,4,0U7MV4nLdTd0KD9YZhRVEE,JPD642100183
772,"FUSIONIC STARS!!","ESオールスターズ,あんさんぶるスターズ！！",200,8B,94,2025-04-22,03:48,30,"","『あんさんぶるスターズ！！』6th Anniversary song「FUSIONIC STARS!!」",2024-06-26,43,6,0,80,0,30,-2,C Major,4,6y1d7SJaug8Oj8wHopqyOc,JPD642400328
773,"Never-ending Stage!!!!","fine/天祥院英智(CV.緑川 光)、日々樹 渉(CV.江口拓也)、姫宮桃李(CV.村瀬 歩)、伏見弓弦(CV.橋本晃太朗)",170,6B,91,2025-04-22,04:52,0,"","fine「恋はプリマヴェーラ！」あんさんぶるスターズ！！ ESアイドルソング season2",2021-06-09,45,34,0,48,0,20,-2,A#/B♭ Major,4,5ffokDDdlgoH7w89eCdZ03,JPD642100119
774,"Majestic Magic","Switch ✕ Eden/逆先 夏目(CV.野島 健児)、青葉 つむぎ(CV.石川 界人)、春川 宙(CV.山本 和臣)、乱 凪砂(CV.諏訪部 順一)、巴 日和(CV.花江 夏樹)、七種 茨(CV.逢坂 良太)、漣 ジュン(CV.内田 雄馬)",128,8B,97,2025-04-22,04:13,0,"","Switch ✕ Eden「Majestic Magic」 あんさんぶるスターズ！！ FUSION UNIT SERIES 01",2021-06-09,71,9,0,74,10,30,-2,C Major,4,2P4TXa4KdnxJZN8CThBMGk,JPD642100122
775,"Little Romance","Knights/朱桜 司(CV.土田 玲央)、月永 レオ(CV.浅沼 晋太郎)、瀬名 泉(CV.伊藤 マサミ)、朔間 凛月(CV.山下 大輝)、鳴上 嵐(CV.北村 諒)",129,4B,75,2025-04-22,03:24,0,"","あんさんぶるスターズ！！ ESアイドルソング season1 Knights",2021-04-07,84,23,0,71,0,10,-4,G#/A♭ Major,4,19ai05uR66WlKTb4M1sI4Z,JPD642100005
776,"紅月いろは唄","紅月/蓮巳敬人(CV.梅原裕一郎)、鬼龍紅郎(CV.神尾晋一郎)、神崎颯馬(CV.神永圭佑)",136,6B,94,2025-04-22,04:08,0,"","あんさんぶるスターズ！！ ESアイドルソング season1 紅月",2021-03-24,63,30,0,79,0,30,-1,A#/B♭ Major,4,3XnOOzHzcKiJ2rsvoNYd0X,JPD642000476
777,"Fighting Dreamer","2wink/葵 ひなた&葵 ゆうた(CV.斉藤壮馬)",140,8B,93,2025-04-22,04:06,0,"","あんさんぶるスターズ！！ ESアイドルソング season1 2wink",2021-03-10,70,1,0,81,0,30,-2,C Major,4,3LMTkxZLBRbCzdB5JorjRa,JPD642000473
778,"Sweet Sweet White Song","Branco/姫宮 桃李(CV.村瀬 歩)、白鳥 藍良(CV.天﨑 滉平)、紫之 創(CV.高坂 知也)、春川 宙(CV.山本 和臣)",132,10B,68,2025-04-22,04:39,0,"","あんさんぶるスターズ！！ シャッフルユニットソング コレクション (vol.01 2021 Ver.)",2021-01-27,63,49,0,54,0,10,-3,D Major,4,5WR56LTuxIpZsfGkZyK7P4,JPD642000482
779,"Midnight Butlers","XXVeil/遊木 真(CV.森久保 祥太郎)、瀬名 泉(CV.伊藤 マサミ)、仁兎 なずな(CV.米内 佑希)、神崎 颯馬(CV.神永 圭佑)、HiMERU(CV.笠間 淳)",128,10A,97,2025-04-22,03:48,0,"","あんさんぶるスターズ！！ シャッフルユニットソング コレクション (vol.01 2021 Ver.)",2021-01-27,78,21,0,86,0,20,-3,B Minor,4,6QKfYGoyFJdG2NEiNtp9rS,JPD642000481
780,"デートプランA to Z","√AtoZ,あんさんぶるスターズ！！",140,11B,97,2025-04-22,03:01,40,"","あんさんぶるスターズ！！ シャッフルユニットソング コレクション vol.01",2024-06-26,67,16,0,81,0,30,-2,A Major,4,5KQfdBO18QaI3gIZyC6ovi,JPD642400323
781,"彗星HALATION","流星隊/守沢千秋(CV.帆世雄一)、深海奏汰(CV.西山宏太朗)、南雲鉄虎(CV.中島ヨシキ)、高峯翠(CV.渡辺拓海)、仙石忍(CV.新田杏樹)",160,7B,92,2025-04-22,03:31,0,"","あんさんぶるスターズ！！ ESアイドルソング season1 流星隊",2021-02-24,54,4,0,86,0,30,-1,F Major,4,7nvoxq5XjEaPwto5J3Sxap,JPD642000470
782,"Nightless World","UNDEAD/朔間零(CV.増田俊樹)、羽風薫(CV.細貝圭)、大神晃牙(CV.小野友樹)、乙狩アドニス(CV.羽多野渉)",114,11B,99,2025-04-22,03:40,0,"","あんさんぶるスターズ！！ ESアイドルソング season1 UNDEAD",2021-02-24,52,10,0,51,10,20,-2,A Major,4,5lRxpjuZ0n58tdQlDIxCYc,JPD642000446
783,"PARANOIA STREET","Crazy:B/天城 燐音(CV.阿座上 洋平)、HiMERU(CV.笠間 淳)、桜河 こはく(CV.海渡 翼)、椎名 ニキ(CV.山口 智広)",128,4A,96,2025-04-22,04:20,0,"","あんさんぶるスターズ！！ ESアイドルソング season1 Crazy:B",2020-12-23,68,11,0,85,0,30,-3,F Minor,4,7ugJfMl0jUJEUUI5cIdoeG,JPD642000416
784,"Honeycomb Summer","Crazy:B/天城 燐音(CV.阿座上 洋平)、HiMERU(CV.笠間 淳)、桜河 こはく(CV.海渡 翼)、椎名 ニキ(CV.山口 智広)",148,8B,96,2025-04-22,04:08,0,"","あんさんぶるスターズ！！ ESアイドルソング season1 Crazy:B",2020-12-23,65,15,0,80,10,0,-2,C Major,4,6jZaxLW2LKa9XuNHsrxJJi,JPD642000415
785,"Eternal Weaving","Valkyrie/斎宮 宗(CV.高橋広樹)、影片みか(CV.大須賀 純)",135,6A,87,2025-04-22,04:25,0,"","あんさんぶるスターズ！！ ESアイドルソング season1 Valkyrie",2020-11-25,55,3,0,33,0,10,-3,G Minor,4,1ohwJfFmpkrTjuK60K6iFP,JPD642000293
786,"Secret of Metropolis","Double Face/三毛縞 斑(CV.鳥海 浩輔)、桜河 こはく(CV.海渡 翼)",128,10A,82,2025-04-22,03:15,0,"","あんさんぶるスターズ！！ ESアイドルソング season1 Double Face",2020-10-28,80,6,0,29,0,0,-3,B Minor,4,7LJJiylcbx7lDny5pkhxXq,JPD642000408
787,"Stippling","Double Face/三毛縞 斑(CV.鳥海 浩輔)、桜河 こはく(CV.海渡 翼)",122,4A,70,2025-04-22,04:08,0,"","あんさんぶるスターズ！！ ESアイドルソング season1 Double Face",2020-10-28,59,25,0,54,0,0,-4,F Minor,4,2he7QTGhVpVZNprHpz0u41,JPD642000407
788,"=EYE=","Double Face/三毛縞 斑(CV.鳥海 浩輔)、桜河 こはく(CV.海渡 翼)",138,3A,98,2025-04-22,04:10,0,"","あんさんぶるスターズ！！ ESアイドルソング season1 Double Face",2020-10-28,58,12,0,41,10,10,-2,A#/B♭ Minor,4,5r4wv6jzzzoxGEsUQWRRw2,JPD642000406
789,"Love it Love it","Ra*bits,あんさんぶるスターズ！！",132,3B,90,2025-04-22,04:35,33,"","あんさんぶるスターズ！！アルバムシリーズ 『TRIP』 Ra*bits",2024-06-26,70,15,0,91,0,10,-4,C♯/D♭ Major,4,2sNozei8abQcQZeUKLIymL,JPD642400290
790,"Walk with your smile","あんさんぶるスターズ！！,ESオールスターズ",111,4B,62,2025-04-22,04:11,31,"","『あんさんぶるスターズ！！』アプリ主題歌 「BRAND NEW STARS!!」",2024-06-26,60,14,0,48,0,10,-6,G#/A♭ Major,4,0Br4MT6lZmT8h8dlALWCrt,JPD642400322
791,"BRAND NEW STARS!!","あんさんぶるスターズ！！,ESオールスターズ",118,1B,97,2025-04-22,04:58,34,"","『あんさんぶるスターズ！！』アプリ主題歌 「BRAND NEW STARS!!」",2024-06-26,58,1,0,78,0,10,-3,B Major,4,7nHIyQZVuNwEDM6OoNo4lc,JPD642400321
792,"楽園追放 -Faith Conquest-","Eden/乱 凪砂(CV.諏訪部順一)、巴 日和(CV.花江夏樹)、七種 茨(CV.逢坂良太)、漣 ジュン(CV.内田雄馬)",124,10A,95,2025-04-22,04:17,0,"","あんさんぶるスターズ！！ ESアイドルソング season1 Eden",2020-08-26,51,1,0,42,10,30,-2,B Minor,4,773K42aXL9xIo0xB4cfJfu,JPD642000287
793,"The Tempest Night","fine/天祥院英智(CV.緑川 光)、日々樹 渉(CV.江口拓也)、姫宮桃李(CV.村瀬 歩)、伏見弓弦(CV.橋本晃太朗)",112,8B,90,2025-04-22,03:37,0,"","あんさんぶるスターズ！！ ESアイドルソング season1 fine",2020-07-29,66,25,0,72,0,30,-2,C Major,4,10lRLwSdtslKSnuaEEVDmm,JPR502035178
794,"キセキ - Trickstar & Eden Ver.","Trickstar",181,8A,92,2025-04-22,04:24,0,"","TVアニメ 『あんさんぶるスターズ！』 オリジナルサウンドトラック",2020-07-07,35,4,0,61,10,30,-4,A Minor,3,5KXYuTEjZhBvLos5nKEmte,JPD642000087
795,"あんさんぶる体操!! - 大人の本音 ver.","Jin & Akiomi/佐賀美 陣(CV.樋柴 智康)、 椚 章臣(CV.駒田 航)",140,7B,85,2025-04-22,02:33,0,"","あんさんぶるスターズ！！ ESアイドルソング Extra Jin & Akiomi",2020-06-24,67,23,0,93,0,20,-3,F Major,4,6TYFr7GMRjSf1KOXajA3us,JPD642000274
796,"輝きの中で","Jin & Akiomi/佐賀美 陣(CV.樋柴 智康)、 椚 章臣(CV.駒田 航)",80,8B,71,2025-04-22,05:15,0,"","あんさんぶるスターズ！！ ESアイドルソング Extra Jin & Akiomi",2020-06-24,53,31,0,51,0,20,-3,C Major,4,7k0fBrx7E50zHVptcGCPIk,JPD642000270
797,"あんさんぶる体操!!","Jin & Akiomi/佐賀美 陣(CV.樋柴 智康)、 椚 章臣(CV.駒田 航)",140,7B,86,2025-04-22,02:34,0,"","あんさんぶるスターズ！！ ESアイドルソング Extra Jin & Akiomi",2020-06-24,66,20,0,93,0,10,-3,F Major,4,6AgoLM36CtAVeeIfhbqYkZ,JPD642000125
798,"BIGBANG REFLECTION!!","Trickstar/氷鷹北斗(CV.前野智昭)、明星スバル(CV.柿原徹也)、遊木 真(CV.森久保祥太郎)、衣更真緒(CV.梶 裕貴)",94,3B,92,2025-04-22,04:39,0,"","あんさんぶるスターズ！！ ESアイドルソング season1 Trickstar",2020-05-27,42,2,0,58,0,20,-1,C♯/D♭ Major,4,3vuYsXgd2uELb6G7WNX0dU,JPD642000215
799,"Rainbow Stairway","佐賀美 陣(CV.樋柴智康),椚 章臣(CV.駒田 航)",138,4A,88,2025-04-22,03:09,0,"","あんさんぶるスターズ！ 佐賀美 陣 ＆ 椚 章臣 アイドルソング ２",2018-12-19,63,3,0,68,0,10,-3,F Minor,4,2LFisyU5hVkrUxvQz51L6F,JPD641800812
800,"Awakening Myth","Eden/乱 凪砂(CV.諏訪部順一)、巴 日和(CV.花江夏樹)、七種 茨(CV.逢坂良太)、漣 ジュン(CV.内田雄馬)",150,9A,97,2025-04-22,03:54,0,"","TVアニメ 『あんさんぶるスターズ！』 EDテーマ集 (vol.6)",2020-02-26,64,14,0,55,10,30,-2,E Minor,4,7AG05wzbnra1jw4yJQV9nK,JPD641900526
801,"Promise Swords","Knights/月永レオ(CV.浅沼晋太郎)、瀬名泉(CV.伊藤マサミ)、朔間凛月(CV.山下大輝)、鳴上嵐(CV.北村諒)、朱桜司(CV.土田玲央)",147,9B,77,2025-04-22,04:04,0,"","TVアニメ 『あんさんぶるスターズ！』 EDテーマ集 (vol.6)",2020-02-26,56,49,0,62,0,10,-3,G Major,4,4MU1VTQkwu9fOGf2rjGfPJ,JPD641900525
802,"RISKY VENUS","Crazy:B/天城 燐音(CV.阿座上 洋平)、HiMERU(CV.笠間 淳)、桜河 こはく(CV.海渡 翼)、椎名 ニキ(CV.山口 智広)",140,8A,89,2025-04-22,04:41,0,"","あんさんぶるスターズ！！ ユニットソングCD Crazy:B",2020-01-29,57,2,0,64,0,0,-4,A Minor,4,5GrzF7LHTKa4Uwf0H00rIC,JPD641900595
803,"Be The Party Bee!","Crazy:B/天城 燐音(CV.阿座上 洋平)、HiMERU(CV.笠間 淳)、桜河 こはく(CV.海渡 翼)、椎名 ニキ(CV.山口 智広)",157,4A,94,2025-04-22,03:45,0,"","あんさんぶるスターズ！！ ユニットソングCD Crazy:B",2020-01-29,57,24,0,86,0,0,-2,F Minor,4,0tJLRe2JDsFAKhBNOw1n7i,JPD641900594
804,"Crazy Roulette","Crazy:B/天城 燐音(CV.阿座上 洋平)、HiMERU(CV.笠間 淳)、桜河 こはく(CV.海渡 翼)、椎名 ニキ(CV.山口 智広)",136,12A,81,2025-04-22,04:14,0,"","あんさんぶるスターズ！！ ユニットソングCD Crazy:B",2020-01-29,57,12,0,51,0,30,-2,C♯/D♭ Minor,4,1dvGYKhpx7bmuYa09l1m74,JPD641900593
805,"Kiss of Life","ALKALOID/天城 一彩(CV.梶原 岳人)、白鳥 藍良(CV.天﨑 滉平)、礼瀬 マヨイ(CV.重松 千晴)、風早 巽(CV.中澤 まさとも)",137,4A,99,2025-04-22,04:48,0,"","あんさんぶるスターズ！！ ユニットソングCD ALKALOID",2020-01-29,50,0,0,62,10,30,-3,F Minor,4,7FZ8p7BXhPoG9AvC8ymbhC,JPD641900587
806,"愉快痛快 That's alright!","MaM/三毛縞斑(CV.鳥海浩輔)",160,6B,91,2025-04-22,03:40,0,"","TVアニメ 『あんさんぶるスターズ！』 EDテーマ集 (vol.5)",2019-12-25,62,19,0,86,0,20,-2,A#/B♭ Major,4,4QanjscZVT1XOxGf5tONhK,JPD641900521
807,"凱旋歌","Valkyrie/斎宮 宗(CV.高橋広樹)、影片みか(CV.大須賀 純)",125,9A,89,2025-04-22,03:15,0,"","TVアニメ 『あんさんぶるスターズ！』 EDテーマ集 (vol.5)",2019-12-25,62,10,0,72,0,10,-3,E Minor,4,6SPtlSV77UsKaB5iYyPVpJ,JPD641900522
808,"キセキ - Eden Ver.","Eden/乱 凪砂(CV.諏訪部順一)、巴 日和(CV.花江夏樹)、七種 茨(CV.逢坂良太)、漣 ジュン(CV.内田雄馬)",90,8A,92,2025-04-22,04:25,0,"","TVアニメ 『あんさんぶるスターズ！』 第2クールOP主題歌「キセキ」",2019-12-11,49,4,0,50,10,30,-3,A Minor,4,3TJfV5QYG4L7Hby7A3V0e8,JPD641900498
809,"キセキ - Trickstar Ver.","Trickstar/氷鷹北斗(CV.前野智昭)、明星スバル(CV.柿原徹也)、遊木 真(CV.森久保祥太郎)、衣更真緒(CV.梶 裕貴)",181,8B,92,2025-04-22,04:26,0,"","TVアニメ 『あんさんぶるスターズ！』 第2クールOP主題歌「キセキ」",2019-12-11,40,6,0,62,10,20,-2,C Major,4,0LebylniTtOnIDArDZCBrd,JPD641900497
810,"Magic for your Switch","Switch/逆先夏目(CV.野島健児)、青葉つむぎ(CV.石川界人)、春川宙(CV.山本和臣)",167,10B,95,2025-04-22,04:23,0,"","TVアニメ 『あんさんぶるスターズ！』 EDテーマ集 (vol.4)",2019-11-27,55,16,0,50,0,20,-3,D Major,4,0z6tCrKS7tjuCWgee0xn2P,JPD641900501
811,"メテオ･スクランブル☆流星隊!","流星隊/守沢千秋(CV.帆世雄一)、深海奏汰(CV.西山宏太朗)、南雲鉄虎(CV.中島ヨシキ)、高峯翠(CV.渡辺拓海)、仙石忍(CV.新田杏樹)",170,5B,96,2025-04-22,03:48,0,"","TVアニメ 『あんさんぶるスターズ！』 EDテーマ集 (vol.4)",2019-11-27,54,37,0,70,0,10,-2,D#/E♭ Major,4,68cUIPxJV2YZkeXR1Ief64,JPD641900500
812,"IMMORAL WORLD","UNDEAD/朔間零(CV.増田俊樹)、羽風薫(CV.細貝圭)、大神晃牙(CV.小野友樹)、乙狩アドニス(CV.羽多野渉)",101,3B,97,2025-04-22,04:21,0,"","TVアニメ 『あんさんぶるスターズ！』 EDテーマ集 (vol.1)",2019-08-28,50,13,0,37,10,20,-2,C♯/D♭ Major,4,3hEQPJQ3UD5SPCAicMcaGK,JPD641900234
813,"始まりのファンタジア","fine/天祥院英智(CV.緑川 光)、日々樹 渉(CV.江口拓也)、姫宮桃李(CV.村瀬 歩)、伏見弓弦(CV.橋本晃太朗)",157,3B,91,2025-04-22,03:39,0,"","TVアニメ 『あんさんぶるスターズ！』 EDテーマ集 (vol.3)",2019-10-23,47,6,0,61,0,30,-3,C♯/D♭ Major,4,1f7iTXYBjiNGkascBy9r6I,JPD641900422
814,"Mischievous Party Time!!","2wink/葵 ひなた&葵 ゆうた(CV.斉藤壮馬)",137,10B,87,2025-04-22,04:25,0,"","TVアニメ 『あんさんぶるスターズ！』 EDテーマ集 (vol.3)",2019-10-23,65,1,0,40,0,0,-3,D Major,4,28dWIXUcRv3uGlBlwF9psY,JPD641900421
815,"月下無双、紅の舞","紅月/蓮巳敬人(CV.梅原裕一郎)、鬼龍紅郎(CV.神尾晋一郎)、神崎颯馬(CV.神永圭佑)",164,7A,98,2025-04-22,04:10,0,"","TVアニメ 『あんさんぶるスターズ！』 EDテーマ集 (vol.2 2019 Ver.)",2019-09-25,40,16,0,56,0,30,-2,D Minor,4,6JB9NHrYVTxbKzI12jSLEF,JPD641900418
816,"メイド・イン・トキメキ♪","Ra*bits,あんさんぶるスターズ！！",95,8B,80,2025-04-22,03:29,30,"","TVアニメ『あんさんぶるスターズ！』 EDテーマ集 vol.2",2024-06-26,75,25,0,96,0,10,-3,C Major,4,223OkIDGjIEl44qpCEMoqG,JPD642400336
817,"Stars' Ensemble! - 2019 Ver.","夢ノ咲ドリームスターズ",91,3B,91,2025-04-22,03:58,0,"","TVアニメ 『あんさんぶるスターズ！』 OP主題歌「Stars' Ensemble！」 (2019 Ver.)",2019-08-14,54,20,0,59,0,30,-3,C♯/D♭ Major,4,341oCoVhQHzYYcM0BA1n6Z,JPD641900230
818,"1st SING-ALONG☆","Trickstar/氷鷹北斗(CV.前野智昭)、明星スバル(CV.柿原徹也)、遊木 真(CV.森久保祥太郎)、衣更真緒(CV.梶 裕貴)",148,11A,96,2025-04-22,04:33,0,"","TVアニメ 『あんさんぶるスターズ！』 EDテーマ集 (vol.1)",2019-08-28,52,10,0,75,0,30,-2,F#/G♭ Minor,4,5B5fSXFbdftk0QEuPehk6U,JPD641900233
819,"Checkmate Knights","Knights/月永レオ(CV.浅沼晋太郎)、瀬名泉(CV.伊藤マサミ)、朔間凛月(CV.山下大輝)、鳴上嵐(CV.北村諒)、朱桜司(CV.土田玲央)",91,6B,74,2025-04-22,05:19,0,"","あんさんぶるスターズ！ アルバムシリーズ Knights",2018-05-30,18,31,0,25,0,10,-4,A#/B♭ Major,4,6sGfHMC75d9w8VTiE8gsiU,JPD641800236
820,"Fight for Judge","Knights/月永レオ(CV.浅沼晋太郎)、瀬名泉(CV.伊藤マサミ)、朔間凛月(CV.山下大輝)、鳴上嵐(CV.北村諒)、朱桜司(CV.土田玲央)",131,2B,88,2025-04-22,04:11,0,"","あんさんぶるスターズ！ アルバムシリーズ Knights",2018-05-30,56,1,0,88,0,0,-4,F#/G♭ Major,4,0REh9JzsqKLZ2enJil2RG7,JPD641800238
821,"Crush of Judgment","ナイトキラーズ/月永レオ(CV.浅沼晋太郎)、天祥院英智(CV.緑川光)、鬼龍紅郎(CV.神尾晋一郎)、仁兎なずな(CV.米内佑希)",137,1A,96,2025-04-22,03:26,0,"","あんさんぶるスターズ！ アルバムシリーズ Knights",2018-05-30,60,3,0,55,10,0,-4,G#/A♭ Minor,4,46CSWWCcDLMAU55Jb9TLc8,JPD641800239
822,"Article of Faith","Knights/月永レオ(CV.浅沼晋太郎)、瀬名泉(CV.伊藤マサミ)、朔間凛月(CV.山下大輝)、鳴上嵐(CV.北村諒)、朱桜司(CV.土田玲央)",128,3B,91,2025-04-22,05:21,0,"","あんさんぶるスターズ！ アルバムシリーズ Knights",2018-05-30,61,42,0,76,0,30,-5,C♯/D♭ Major,4,35EjeiSultt0Ooo7vKM8DX,JPD641800240
823,"Knights the Phantom Thief","Knights/月永レオ(CV.浅沼晋太郎)、瀬名泉(CV.伊藤マサミ)、朔間凛月(CV.山下大輝)、鳴上嵐(CV.北村諒)、朱桜司(CV.土田玲央)",125,9A,86,2025-04-22,03:42,0,"","あんさんぶるスターズ！ アルバムシリーズ Knights",2018-05-30,44,6,0,82,0,20,-3,E Minor,4,1jxVKwkXH6s0tqN7zX4dPU,JPD641800241
824,"Grateful allegiance","Knights/月永レオ(CV.浅沼晋太郎)、瀬名泉(CV.伊藤マサミ)、朔間凛月(CV.山下大輝)、鳴上嵐(CV.北村諒)、朱桜司(CV.土田玲央)",168,3B,81,2025-04-22,04:28,0,"","あんさんぶるスターズ！ アルバムシリーズ Knights",2018-05-30,59,18,0,58,0,20,-3,C♯/D♭ Major,4,1k30Wm1kuCz97Jy7Iu7AnD,JPD641800242
825,"Birthday of Music!","月永レオ(CV.浅沼晋太郎)",130,6B,92,2025-04-22,04:54,0,"","あんさんぶるスターズ！ アルバムシリーズ Knights",2018-05-30,57,5,0,55,0,0,-3,A#/B♭ Major,4,0TcBOfm7HGz9LR8sQdNCgc,JPD641800243
826,"Ironic Blue","瀬名泉(CV.伊藤マサミ)",138,6B,92,2025-04-22,03:33,0,"","あんさんぶるスターズ！ アルバムシリーズ Knights",2018-05-30,64,14,0,81,0,10,-4,A#/B♭ Major,4,3lFRXoGPlpHoaUyWiH6SwK,JPD641800244
827,"真夜中のノクターン","朔間凛月(CV.山下大輝)",144,7B,51,2025-04-22,04:33,0,"","あんさんぶるスターズ！ アルバムシリーズ Knights",2018-05-30,45,53,0,18,0,0,-7,F Major,5,3m0lbqqJe8XuixarlhpKRq,JPD641800245
828,"JEWEL STONE","鳴上嵐(CV.北村諒)",200,8A,75,2025-04-22,04:27,0,"","あんさんぶるスターズ！ アルバムシリーズ Knights",2018-05-30,51,10,0,76,0,20,-5,A Minor,4,1TxurBGo3wgNzgFIxzehT7,JPD641800246
829,"With My Honesty","朱桜司(CV.土田玲央)",110,6B,80,2025-04-22,04:30,0,"","あんさんぶるスターズ！ アルバムシリーズ Knights",2018-05-30,61,6,0,53,0,30,-4,A#/B♭ Major,4,0dV8tRaZtr4jHh4viBXNnw,JPD641800247
830,"Sentimental Liars","佐賀美 陣(CV.樋柴智康),椚 章臣(CV.駒田 航)",160,12A,90,2025-04-22,04:09,0,"","あんさんぶるスターズ！ 佐賀美 陣 & 椚 章臣 アイドルソングCD",2017-07-26,51,4,0,57,0,10,-3,C♯/D♭ Minor,4,6tL8QC6TjjdmtITf4v8SDI,JPD641700222
831,"微熱カルナバル","佐賀美 陣(CV.樋柴智康)",120,1A,86,2025-04-22,03:09,0,"","あんさんぶるスターズ！ 佐賀美 陣 & 椚 章臣 アイドルソングCD",2017-07-26,66,58,0,85,0,30,-4,G#/A♭ Minor,4,56ZOODWub5X0IYqMAlJhHS,JPD641700223
832,"BUTTERFLY EFFECT","椚 章臣(CV.駒田 航)",126,3A,96,2025-04-22,03:54,0,"","あんさんぶるスターズ！ 佐賀美 陣 & 椚 章臣 アイドルソングCD",2017-07-26,73,45,0,70,0,30,-2,A#/B♭ Minor,4,0crcuaKMjhUaFgdDyvsula,JPD641700224
833,"Blooming World","MaM/三毛縞斑(CV.鳥海浩輔)",140,4A,85,2025-04-22,04:22,0,"","あんさんぶるスターズ！ アルバムシリーズ MaM (2018 Ver.)",2018-10-24,58,1,0,79,0,10,-4,F Minor,4,2zVq6bOrdoPQpcUiQShAiv,JPD641800750
834,"Festive!","MaM/三毛縞斑(CV.鳥海浩輔)",124,11A,82,2025-04-22,04:31,0,"","あんさんぶるスターズ！ アルバムシリーズ MaM (2018 Ver.)",2018-10-24,65,13,0,77,0,10,-5,F#/G♭ Minor,4,0iU0jO7F7yHuBklihWJJLs,JPD641800751
835,"君印 Be Ambitious!!","MaM/三毛縞斑(CV.鳥海浩輔)",135,2B,91,2025-04-22,04:15,0,"","あんさんぶるスターズ！ アルバムシリーズ MaM (2018 Ver.)",2018-10-24,65,22,0,86,0,0,-3,F#/G♭ Major,4,7pA0mWfbyZvved5rGWAFCW,JPD641800752
836,"辻風に吹かれて - 2018 Ver.","MaM with team 牛若丸/三毛縞斑(CV.鳥海浩輔)、深海奏汰(CV.西山宏太朗)、神崎颯馬(CV.神永圭佑)、天満光(CV.池田純矢)",176,6B,96,2025-04-22,03:39,0,"","あんさんぶるスターズ！ アルバムシリーズ MaM (2018 Ver.)",2018-10-24,35,25,0,53,10,10,-3,A#/B♭ Major,4,4mzgZENo8cgSlpLutsolXK,JPD641800753
837,"RevolTrad～維新伝心～","MaM with 紅月/三毛縞斑(CV.鳥海浩輔)、蓮巳敬人(CV.梅原裕一郎)、鬼龍紅郎(CV.神尾晋一郎)、神崎颯馬(CV.神永圭佑)",135,9B,95,2025-04-22,04:24,0,"","あんさんぶるスターズ！ アルバムシリーズ MaM (2018 Ver.)",2018-10-24,47,11,0,63,0,0,-3,G Major,4,1a3mVV9ss1xJOp33oDW4eX,JPD641800754
838,"See You Again","三毛縞斑(CV.鳥海浩輔)",103,7B,70,2025-04-22,04:53,0,"","あんさんぶるスターズ！ アルバムシリーズ MaM (2018 Ver.)",2018-10-24,40,47,0,68,0,30,-5,F Major,4,1lK2ZCVx7P6rXkuzfIWOL0,JPD641800755
839,"Joyful×Box*","Ra*bits,あんさんぶるスターズ！！",108,3B,82,2025-04-22,05:10,33,"","あんさんぶるスターズ！ アルバムシリーズ Ra*bits",2024-06-26,72,24,0,73,0,0,-4,C♯/D♭ Major,4,6gpzrMK5pffYP6Xdqj9ObV,JPD642400310
840,"野うさぎマーチ♪","Ra*bits,あんさんぶるスターズ！！",130,3B,94,2025-04-22,04:53,28,"","あんさんぶるスターズ！ アルバムシリーズ Ra*bits",2024-06-26,63,8,0,84,0,10,-3,C♯/D♭ Major,4,2vMolqNkPyJRHN46lH93OS,JPD642400311
841,"Hoppin' Season♪","Ra*bits,あんさんぶるスターズ！！",92,9B,96,2025-04-22,04:03,28,"","あんさんぶるスターズ！ アルバムシリーズ Ra*bits",2024-06-26,62,21,0,72,0,30,-3,G Major,4,7zClqq6DmLIrisTaDfGpyk,JPD642400312
842,"Love Ra*bits Party!!","Ra*bits,あんさんぶるスターズ！！",118,10B,95,2025-04-22,04:24,31,"","あんさんぶるスターズ！ アルバムシリーズ Ra*bits",2024-06-26,64,21,0,90,0,20,-2,D Major,4,0PBqGVfItUBwq4kttpG4AH,JPD642400313
843,"Milky Starry Charm","Ra*bits,あんさんぶるスターズ！！",140,9B,91,2025-04-22,04:18,33,"","あんさんぶるスターズ！ アルバムシリーズ Ra*bits",2024-06-26,64,16,0,78,0,0,-5,G Major,4,4GdFjGzrJjdhpEYn4RRLLy,JPD642400314
844,"メルティ♡キッチン","Ra*bits,あんさんぶるスターズ！！",144,8B,96,2025-04-22,05:20,39,"","あんさんぶるスターズ！ アルバムシリーズ Ra*bits",2024-06-26,76,6,0,75,0,30,-3,C Major,4,29m5c7ZwdUdjBjDoMm2LN1,JPD642400315
845,"Dream Collection","Ra*bits,あんさんぶるスターズ！！",111,12B,63,2025-04-22,04:53,26,"","あんさんぶるスターズ！ アルバムシリーズ Ra*bits",2024-06-26,74,54,0,62,0,10,-4,E Major,3,13jhb4XFIRAvQLwAhYFm6R,JPD642400316
846,"に～ちゃん応援団☆","仁兎なずな(CV.米内佑希)",164,12B,90,2025-04-22,04:36,0,"","あんさんぶるスターズ！ アルバムシリーズ Ra*bits (2018 Ver.)",2018-04-25,62,3,0,79,10,0,-2,E Major,4,4e0zRCHkaN9l8uhe89bWrQ,JPD641800199
847,"スタート♪ダッシュダッシュ!","天満 光(CV.小林 大紀),あんさんぶるスターズ！！",175,9A,98,2025-04-22,03:46,22,"","あんさんぶるスターズ！ アルバムシリーズ Ra*bits",2024-06-26,47,5,0,79,0,30,-1,E Minor,4,57OgGYw4Mb5vpWNi3xi6Q2,JPD642400317
848,"Higher↑ Higher↑","真白友也(CV.比留間俊哉)",128,6B,90,2025-04-22,04:19,0,"","あんさんぶるスターズ！ アルバムシリーズ Ra*bits (2018 Ver.)",2018-04-25,68,8,0,86,0,30,-4,A#/B♭ Major,4,1DcfsyRSAXH02ENUuE2ae4,JPD641800201
849,"Happy Coming*ティータイム","紫之創(CV.高坂知也)",140,8B,89,2025-04-22,03:47,0,"","あんさんぶるスターズ！ アルバムシリーズ Ra*bits (2018 Ver.)",2018-04-25,74,40,0,92,0,0,-5,C Major,4,28Q9q8pedi5tjSDhuPsu1E,JPD641800202
850,"2wink Introduction","2wink/葵 ひなた&葵 ゆうた(CV.斉藤壮馬)",128,9B,98,2025-04-22,04:35,0,"","あんさんぶるスターズ！アルバムシリーズ 2wink",2019-02-27,57,1,0,66,0,30,-3,G Major,4,6oEUNM627mHeuNAY0m92oH,JPD641900025
851,"シュガー･スパイス方程式","2wink/葵 ひなた&葵 ゆうた(CV.斉藤壮馬)",141,2B,88,2025-04-22,05:03,0,"","あんさんぶるスターズ！アルバムシリーズ 2wink",2019-02-27,50,2,0,65,10,30,-3,F#/G♭ Major,4,2z8QZI7e4QPMPpYTI77EsG,JPD641900026
852,"ハートプリズム･シンメトリー","2wink/葵 ひなた&葵 ゆうた(CV.斉藤壮馬)",135,8B,89,2025-04-22,03:40,0,"","あんさんぶるスターズ！アルバムシリーズ 2wink",2019-02-27,59,1,0,71,0,30,-4,C Major,4,7fcOVZesjQirGFfW4k1bCk,JPD641900027
853,"歓迎☆トゥ･ウィンク雑技団","2wink/葵 ひなた&葵 ゆうた(CV.斉藤壮馬)",148,2A,98,2025-04-22,04:21,0,"","あんさんぶるスターズ！アルバムシリーズ 2wink",2019-02-27,54,3,0,84,0,10,-2,D#/E♭ Minor,4,3g3GaKzWdIeIHkRvcurtI1,JPD641900028
854,"TRICK with TREAT!!(with UNDEAD)","2wink/葵 ひなた&葵 ゆうた(CV.斉藤壮馬)",128,12B,93,2025-04-22,04:32,0,"","あんさんぶるスターズ！アルバムシリーズ 2wink",2019-02-27,74,10,0,83,0,0,-3,E Major,4,2V8SHwxBkbhPDGjCFEIggf,JPD641900029
855,"WONDER WONDER TOY LAND","2wink/葵 ひなた&葵 ゆうた(CV.斉藤壮馬)",122,2B,89,2025-04-22,04:12,0,"","あんさんぶるスターズ！アルバムシリーズ 2wink",2019-02-27,68,12,0,62,0,10,-4,F#/G♭ Major,4,34uAmRVyuXb0LD03TnHVka,JPD641900030
856,"Play  Tag ","2wink/葵 ひなた&葵 ゆうた(CV.斉藤壮馬)",127,7B,94,2025-04-22,04:21,0,"","あんさんぶるスターズ！アルバムシリーズ 2wink",2019-02-27,66,12,0,61,0,10,-2,F Major,4,5gqIGkvp7aGJUkZHP0QUsL,JPD641900031
857,"2winkle Star Beat☆","2wink/葵 ひなた&葵 ゆうた(CV.斉藤壮馬)",135,1B,95,2025-04-22,04:22,0,"","あんさんぶるスターズ！アルバムシリーズ 2wink",2019-02-27,63,2,0,79,0,30,-3,B Major,4,1qsgpaBWncYmYDWweS3VVf,JPD641900032
858,"SwEeT MeLlOw MeLoDy","葵 ひなた(CV.斉藤壮馬)",135,10A,93,2025-04-22,04:25,0,"","あんさんぶるスターズ！アルバムシリーズ 2wink",2019-02-27,64,6,0,90,0,40,-3,B Minor,4,6ulSA4hp1YzgPbiAUBJZbN,JPD641900033
859,"SPICY BREEZE","葵 ゆうた(CV.斉藤壮馬)",138,9B,91,2025-04-22,03:55,0,"","あんさんぶるスターズ！アルバムシリーズ 2wink",2019-02-27,63,1,0,80,0,20,-3,G Major,4,6N3rZUaxHw43vEsfKBFeFs,JPD641900034
860,"Knockin' Fantasy","Switch/逆先夏目(CV.野島健児)、青葉つむぎ(CV.石川界人)、春川宙(CV.山本和臣)",128,10B,93,2025-04-22,04:37,0,"","あんさんぶるスターズ！ アルバムシリーズ Switch",2018-10-24,64,1,0,81,0,0,-4,D Major,4,6qY6b6ELJQJkevlrcsq4OU,JPD641800741
861,"イースター･カーニバル","Switch/逆先夏目(CV.野島健児)、青葉つむぎ(CV.石川界人)、春川宙(CV.山本和臣)",127,3B,95,2025-04-22,03:53,0,"","あんさんぶるスターズ！ アルバムシリーズ Switch",2018-10-24,58,32,0,68,20,20,-3,C♯/D♭ Major,4,1vlhXLlqyTAS9JjLQIAhEW,JPD641800742
862,"Galaxy Destiny","Switch/逆先夏目(CV.野島健児)、青葉つむぎ(CV.石川界人)、春川宙(CV.山本和臣)",105,11B,79,2025-04-22,04:15,0,"","あんさんぶるスターズ！ アルバムシリーズ Switch",2018-10-24,61,16,0,66,0,30,-4,A Major,4,6J3yYAoFR7JAfZk4n5CWyO,JPD641800743
863,"I  Witch  You A Happy Halloween!","Switch/逆先夏目(CV.野島健児)、青葉つむぎ(CV.石川界人)、春川宙(CV.山本和臣)",149,5A,96,2025-04-22,04:37,0,"","あんさんぶるスターズ！ アルバムシリーズ Switch",2018-10-24,59,15,0,64,0,30,-4,C Minor,4,42jKHaHMBDToSdFVHILfDz,JPD641800744
864,"Eccentric Party Night!!","五奇人/朔間零(CV.増田俊樹)、斎宮宗(CV.高橋広樹)、深海奏汰(CV.西山宏太朗)、日々樹渉(CV.江口拓也)、逆先夏目(CV.野島健児)",128,11B,94,2025-04-22,04:48,0,"","あんさんぶるスターズ！ アルバムシリーズ Switch",2018-10-24,56,1,0,75,0,20,-4,A Major,4,2QTW9QCezADudK7HLwok3Z,JPD641800745
865,"Secret Gravity","逆先夏目(CV.野島健児)",127,4B,81,2025-04-22,05:01,0,"","あんさんぶるスターズ！ アルバムシリーズ Switch",2018-10-24,62,15,0,60,0,10,-6,G#/A♭ Major,4,0Sl3zO3NVnyMyuhnyrUEnd,JPD641800746
866,"ブルーバード･ハミング♪","青葉つむぎ(CV.石川界人)",140,6B,89,2025-04-22,04:31,0,"","あんさんぶるスターズ！ アルバムシリーズ Switch",2018-10-24,54,19,0,48,0,30,-4,A#/B♭ Major,4,5NOmQP99rVRCEGKkwtSASz,JPD641800747
867,"VIVID ROLE-PLAYING","春川宙(CV.山本和臣)",180,3B,90,2025-04-22,03:03,0,"","あんさんぶるスターズ！ アルバムシリーズ Switch",2018-10-24,65,34,0,94,0,30,-3,C♯/D♭ Major,4,4onyhGkp0svejOgLf0VZK6,JPD641800748
868,"百花繚乱、紅月夜","紅月/蓮巳敬人(CV.梅原裕一郎)、鬼龍紅郎(CV.神尾晋一郎)、神崎颯馬(CV.神永圭佑)",91,3A,99,2025-04-22,04:22,0,"","あんさんぶるスターズ！ アルバムシリーズ 紅月",2018-06-27,49,25,0,60,10,0,-4,A#/B♭ Minor,4,2tU9EY1nufIeoOcbMWxBIN,JPD641800276
869,"花燈の恋文","紅月/蓮巳敬人(CV.梅原裕一郎)、鬼龍紅郎(CV.神尾晋一郎)、神崎颯馬(CV.神永圭佑)",132,12B,91,2025-04-22,04:50,0,"","あんさんぶるスターズ！ アルバムシリーズ 紅月",2018-06-27,57,24,0,76,0,30,-4,E Major,4,28C19Y2jjJjl3uhBH5LwMv,JPD641800277
870,"斬 -決意ノ刃-","紅月/蓮巳敬人(CV.梅原裕一郎)、鬼龍紅郎(CV.神尾晋一郎)、神崎颯馬(CV.神永圭佑)",99,9A,95,2025-04-22,03:58,0,"","あんさんぶるスターズ！ アルバムシリーズ 紅月",2018-06-27,48,7,0,78,0,40,-4,E Minor,4,7pcjpC4VmsvJyqx7IxyZ8T,JPD641800278
871,"薄紅色の約束","紅月/蓮巳敬人(CV.梅原裕一郎)、鬼龍紅郎(CV.神尾晋一郎)、神崎颯馬(CV.神永圭佑)",120,2A,88,2025-04-22,03:55,0,"","あんさんぶるスターズ！ アルバムシリーズ 紅月",2018-06-27,53,2,0,79,0,20,-4,D#/E♭ Minor,3,25CdYi4kzf24wsxTK38deP,JPD641800279
872,"想ひ出綴り","紅月/蓮巳敬人(CV.梅原裕一郎)、鬼龍紅郎(CV.神尾晋一郎)、神崎颯馬(CV.神永圭佑)",135,8B,93,2025-04-22,04:33,0,"","あんさんぶるスターズ！ アルバムシリーズ 紅月",2018-06-27,56,5,0,95,0,10,-5,C Major,4,6BQdFfLJfOg98p3EVAsUIS,JPD641800280
873,"祭夜絵巻","紅月/蓮巳敬人(CV.梅原裕一郎)、鬼龍紅郎(CV.神尾晋一郎)、神崎颯馬(CV.神永圭佑)",170,4A,93,2025-04-22,04:18,0,"","あんさんぶるスターズ！ アルバムシリーズ 紅月",2018-06-27,47,35,0,89,10,10,-4,F Minor,4,43h9waujtcqhq3ZUeqvMgC,JPD641800281
874,"剣戟の舞","紅月/蓮巳敬人(CV.梅原裕一郎)、鬼龍紅郎(CV.神尾晋一郎)、神崎颯馬(CV.神永圭佑)",198,11A,82,2025-04-22,03:21,0,"","あんさんぶるスターズ！ アルバムシリーズ 紅月",2018-06-27,31,13,0,70,0,20,-3,F#/G♭ Minor,4,1e6cM5eoRk9Ga2Oew7ekSi,JPD641800282
875,"茜路の邂逅","蓮巳敬人(CV.梅原裕一郎)",90,6B,57,2025-04-22,04:55,0,"","あんさんぶるスターズ！ アルバムシリーズ 紅月",2018-06-27,63,43,0,40,0,30,-5,A#/B♭ Major,4,0qNLXQQ3rUqOOMvifb3ulf,JPD641800283
876,"Crimson Soul","鬼龍紅郎(CV.神尾晋一郎)",96,1A,98,2025-04-22,04:09,0,"","あんさんぶるスターズ！ アルバムシリーズ 紅月",2018-06-27,48,9,0,48,0,30,-3,G#/A♭ Minor,4,7HpdxxX45FOf798lXOgyNF,JPD641800284
877,"謳歌絢爛青春華","神崎颯馬(CV.神永圭佑)",178,11A,92,2025-04-22,03:37,0,"","あんさんぶるスターズ！ アルバムシリーズ 紅月",2018-06-27,50,36,0,88,0,20,-3,F#/G♭ Minor,4,587WstTGb5DHzLrDoSTS7n,JPD641800285
878,"夢ノ咲流星隊歌","流星隊/守沢千秋(CV.帆世雄一)、深海奏汰(CV.西山宏太朗)、南雲鉄虎(CV.中島ヨシキ)、高峯翠(CV.渡辺拓海)、仙石忍(CV.新田杏樹)",180,4B,97,2025-04-22,04:51,0,"","あんさんぶるスターズ！ アルバムシリーズ 流星隊",2018-03-07,29,0,0,45,10,10,-3,G#/A♭ Major,4,6rgPjeSP3mA7V0hXbUWGpI,JPD641800079
879,"天下無敵☆メテオレンジャー!","流星隊/守沢千秋(CV.帆世雄一)、深海奏汰(CV.西山宏太朗)、南雲鉄虎(CV.中島ヨシキ)、高峯翠(CV.渡辺拓海)、仙石忍(CV.新田杏樹)",176,9B,92,2025-04-22,04:27,0,"","あんさんぶるスターズ！ アルバムシリーズ 流星隊",2018-03-07,33,2,0,55,10,30,-2,G Major,4,1XFWiQILHnJqrMn2i6PDDD,JPD641800080
880,"五色のShooting☆Star!!!!!","流星隊/守沢千秋(CV.帆世雄一)、深海奏汰(CV.西山宏太朗)、南雲鉄虎(CV.中島ヨシキ)、高峯翠(CV.渡辺拓海)、仙石忍(CV.新田杏樹)",150,10B,90,2025-04-22,03:54,0,"","あんさんぶるスターズ！ アルバムシリーズ 流星隊",2018-03-07,44,0,0,61,10,20,-4,D Major,4,6xJkGb622GVmf1chfPak7P,JPD641800081
881,"SUPER NOVA REVOLU5TAR","流星隊/守沢千秋(CV.帆世雄一)、深海奏汰(CV.西山宏太朗)、南雲鉄虎(CV.中島ヨシキ)、高峯翠(CV.渡辺拓海)、仙石忍(CV.新田杏樹)",168,7B,92,2025-04-22,04:37,0,"","あんさんぶるスターズ！ アルバムシリーズ 流星隊",2018-03-07,37,7,0,38,0,30,-3,F Major,4,5yrlmHcKkRGP739yHQL6jp,JPD641800082
882,"流星花火","流星隊/守沢千秋(CV.帆世雄一)、深海奏汰(CV.西山宏太朗)、南雲鉄虎(CV.中島ヨシキ)、高峯翠(CV.渡辺拓海)、仙石忍(CV.新田杏樹)",154,6B,95,2025-04-22,04:13,0,"","あんさんぶるスターズ！ アルバムシリーズ 流星隊",2018-03-07,48,1,0,65,10,0,-4,A#/B♭ Major,4,75ZhCM7iQI3I6X1qOTjXLl,JPD641800083
883,"アンリミテッド☆パワー!!!!!","流星隊/守沢千秋(CV.帆世雄一)、深海奏汰(CV.西山宏太朗)、南雲鉄虎(CV.中島ヨシキ)、高峯翠(CV.渡辺拓海)、仙石忍(CV.新田杏樹)",83,12B,97,2025-04-22,04:30,0,"","あんさんぶるスターズ！ アルバムシリーズ 流星隊",2018-03-07,45,36,0,41,0,30,-3,E Major,4,3irrwUpeNuanOUlS9IUL57,JPD641800084
884,"GROWING STARRY DAYS","流星隊/守沢千秋(CV.帆世雄一)、深海奏汰(CV.西山宏太朗)、南雲鉄虎(CV.中島ヨシキ)、高峯翠(CV.渡辺拓海)、仙石忍(CV.新田杏樹)",140,7B,92,2025-04-22,04:30,0,"","あんさんぶるスターズ！ アルバムシリーズ 流星隊",2018-03-07,52,3,0,62,0,20,-4,F Major,4,16dhQukIOmllHMeVD2He34,JPD641800085
885,"ALWAYS HERO!","守沢千秋(CV.帆世雄一)",180,2B,93,2025-04-22,04:37,0,"","あんさんぶるスターズ！ アルバムシリーズ 流星隊",2018-03-07,39,1,0,60,10,10,-3,F#/G♭ Major,4,1B6QLb31jSl2ah4G8uxvS7,JPD641800086
886,"まりんぶるう･らんでぶう","深海奏汰(CV.西山宏太朗)",120,4B,49,2025-04-22,04:41,0,"","あんさんぶるスターズ！ アルバムシリーズ 流星隊",2018-03-07,71,63,0,65,0,0,-9,G#/A♭ Major,3,1zlPJxoB5s5Ih7jkf3HUZD,JPD641800087
887,"IRON HEART TIGER!","南雲鉄虎(CV.中島ヨシキ)",90,4A,95,2025-04-22,04:35,0,"","あんさんぶるスターズ！ アルバムシリーズ 流星隊",2018-03-07,37,1,0,46,10,20,-2,F Minor,4,4UTxrObs7peFXi3korFSFf,JPD641800088
888,"真昼の残像","高峯翠(CV.渡辺拓海)",149,10B,53,2025-04-22,04:55,0,"","あんさんぶるスターズ！ アルバムシリーズ 流星隊",2018-03-07,43,29,0,24,0,10,-6,D Major,4,1LwJoVH7hXJXwGguI9P7FO,JPD641800089
889,"疾風迅雷 忍び道","仙石忍(CV.新田杏樹)",90,3B,85,2025-04-22,03:43,0,"","あんさんぶるスターズ！ アルバムシリーズ 流星隊",2018-03-07,63,16,0,68,0,20,-3,C♯/D♭ Major,4,05CJFdKw6ZvLNV8c0EuCvv,JPD641800090
890,"魅惑劇","Valkyrie/斎宮 宗(CV.高橋広樹)、影片みか(CV.大須賀 純)",140,4B,85,2025-04-22,04:09,0,"","あんさんぶるスターズ！アルバムシリーズ Valkyrie",2018-11-28,33,0,0,27,0,40,-4,G#/A♭ Major,4,4ywISXfEvj4M9yXP58vLIs,JPD641800785
891,"礼賛歌","Valkyrie/斎宮 宗(CV.高橋広樹)、影片みか(CV.大須賀 純)",67,5A,67,2025-04-22,04:11,0,"","あんさんぶるスターズ！アルバムシリーズ Valkyrie",2018-11-28,40,74,0,46,0,0,-5,C Minor,4,49ty15C37wOe0HlJXiU6Ra,JPD641800786
892,"Memoire Antique","Valkyrie/斎宮 宗(CV.高橋広樹)、影片みか(CV.大須賀 純)",100,8B,76,2025-04-22,04:32,0,"","あんさんぶるスターズ！アルバムシリーズ Valkyrie",2018-11-28,53,25,0,57,0,20,-5,C Major,3,6GG6t5sAnMlMtev3NEbUDm,JPD641800787
893,"今宵月の館にて","Valkyrie/斎宮 宗(CV.高橋広樹)、影片みか(CV.大須賀 純)",140,10A,95,2025-04-22,04:51,0,"","あんさんぶるスターズ！アルバムシリーズ Valkyrie",2018-11-28,46,8,0,53,10,30,-4,B Minor,4,3TSqHmKB8KREL3KUIbzbVF,JPD641800788
894,"聖少年遊戯","Valkyrie/斎宮 宗(CV.高橋広樹)、影片みか(CV.大須賀 純)、仁兎なずな(CV.米内佑希)",145,8B,91,2025-04-22,04:08,0,"","あんさんぶるスターズ！アルバムシリーズ Valkyrie",2018-11-28,49,0,0,62,0,20,-4,C Major,4,4iiMii9sMiAJSqxCeU4NsY,JPD641800790
895,"砂上ノ楼閣","Valkyrie/斎宮 宗(CV.高橋広樹)、影片みか(CV.大須賀 純)、仁兎なずな(CV.米内佑希)",132,11A,73,2025-04-22,04:50,0,"","あんさんぶるスターズ！アルバムシリーズ Valkyrie",2018-11-28,36,6,0,42,0,30,-5,F#/G♭ Minor,3,5gE9VnJ2wmRJCwuBzGtAwu,JPD641800791
896,"Cloth Waltz","斎宮 宗(CV.高橋広樹)",154,1B,70,2025-04-22,05:23,0,"","あんさんぶるスターズ！アルバムシリーズ Valkyrie",2018-11-28,45,34,0,44,0,10,-5,B Major,3,0VVxEUSAcPwpmJdzOmZOGl,JPD641800792
897,"琥珀ト瑠璃ノ輪舞曲","影片みか(CV.大須賀 純)",185,1A,78,2025-04-22,03:54,0,"visual kei","あんさんぶるスターズ！アルバムシリーズ Valkyrie",2018-11-28,41,22,0,47,0,20,-4,G#/A♭ Minor,3,46H4MGC13XEQoI3Pibz2wG,JPD641800793
898,"終わらないシンフォニア","fine/天祥院英智(CV.緑川 光)、日々樹 渉(CV.江口拓也)、姫宮桃李(CV.村瀬 歩)、伏見弓弦(CV.橋本晃太朗)",178,8B,97,2025-04-22,04:11,0,"","あんさんぶるスターズ！アルバムシリーズ fine",2019-01-30,38,4,0,55,10,10,-3,C Major,3,4wCMUwMxEl4pgMq9RAQBmm,JPD641800835
899,"羽ばたきのフォルティシモ","fine/天祥院英智(CV.緑川 光)、日々樹 渉(CV.江口拓也)、姫宮桃李(CV.村瀬 歩)、伏見弓弦(CV.橋本晃太朗)",176,2B,85,2025-04-22,04:09,0,"","あんさんぶるスターズ！アルバムシリーズ fine",2019-01-30,42,18,0,63,0,10,-5,F#/G♭ Major,4,4UKdkMPdICsLYDZpKH2I4Q,JPD641800836
900,"Neo Sanctuary","fine/天祥院英智(CV.緑川 光)、日々樹 渉(CV.江口拓也)、姫宮桃李(CV.村瀬 歩)、伏見弓弦(CV.橋本晃太朗)",180,3B,91,2025-04-22,03:59,0,"","あんさんぶるスターズ！アルバムシリーズ fine",2019-01-30,36,14,0,62,10,10,-4,C♯/D♭ Major,4,1utRAdIpdORkH9x2RdtIrA,JPD641800837
901,"RAINBOW CIRCUS","fine/天祥院英智(CV.緑川 光)、日々樹 渉(CV.江口拓也)、姫宮桃李(CV.村瀬 歩)、伏見弓弦(CV.橋本晃太朗)",128,3B,91,2025-04-22,04:43,0,"","あんさんぶるスターズ！アルバムシリーズ fine",2019-01-30,58,12,0,68,10,20,-3,C♯/D♭ Major,4,0xv0yUVs9Y1IodVG77wpt2,JPD641800838
902,"Tryst of Stars","fine/天祥院英智(CV.緑川 光)、日々樹 渉(CV.江口拓也)、姫宮桃李(CV.村瀬 歩)、伏見弓弦(CV.橋本晃太朗)",160,3A,75,2025-04-22,04:39,0,"","あんさんぶるスターズ！アルバムシリーズ fine",2019-01-30,43,42,0,67,0,0,-5,A#/B♭ Minor,3,6WByBWELRqdSHpJEWCzt5g,JPD641800839
903,"Holy Angel's Carol","fine/天祥院英智(CV.緑川 光)、日々樹 渉(CV.江口拓也)、姫宮桃李(CV.村瀬 歩)、伏見弓弦(CV.橋本晃太朗)",170,6B,91,2025-04-22,03:43,0,"","あんさんぶるスターズ！アルバムシリーズ fine",2019-01-30,46,5,0,73,0,30,-4,A#/B♭ Major,4,1URv3adDq8Vhy9cSzITex7,JPD641800840
904,"Miracle Dream Traveler","fine/天祥院英智(CV.緑川 光)、日々樹 渉(CV.江口拓也)、姫宮桃李(CV.村瀬 歩)、伏見弓弦(CV.橋本晃太朗)",168,8B,89,2025-04-22,03:59,0,"","あんさんぶるスターズ！アルバムシリーズ fine",2019-01-30,49,19,0,73,0,10,-4,C Major,4,49NKnkf8htoeRfXWZdq5k5,JPD641800841
905,"Genuine Revelation","旧fine/天祥院英智(CV.緑川 光)、乱 凪砂(CV.諏訪部順一)、巴 日和(CV.花江夏樹)、青葉つむぎ(CV.石川界人)",156,11A,95,2025-04-22,04:43,0,"","あんさんぶるスターズ！アルバムシリーズ fine",2019-01-30,47,4,0,55,0,20,-4,F#/G♭ Minor,4,58IRDzby3EXJb8SUt37mMV,JPD641800842
906,"SHINING STAR","天祥院英智(CV.緑川 光)",108,4B,89,2025-04-22,04:19,0,"","あんさんぶるスターズ！アルバムシリーズ fine",2019-01-30,66,21,0,80,0,0,-5,G#/A♭ Major,4,7mhaukVfWWMkYTnj6ckX4e,JPD641800843
907,"Amazing☆World","日々樹 渉(CV.江口拓也)",93,11B,94,2025-04-22,03:26,0,"","あんさんぶるスターズ！アルバムシリーズ fine",2019-01-30,52,31,0,69,10,30,-4,A Major,4,61GfZP0YuFwxBaZT9dCszD,JPD641800844
908,"Little Little Prince Star","姫宮桃李(CV.村瀬 歩)",111,10B,93,2025-04-22,04:02,0,"","あんさんぶるスターズ！アルバムシリーズ fine",2019-01-30,76,32,0,78,0,0,-3,D Major,4,2lZ7GWZSjaXTtKd5XgXrRe,JPD641800845
909,"ずっと そばで…","伏見弓弦(CV.橋本晃太朗)",117,12A,84,2025-04-22,04:24,0,"","あんさんぶるスターズ！アルバムシリーズ fine",2019-01-30,62,27,0,56,0,20,-5,C♯/D♭ Minor,4,7sv2ezRTkMF47SoruCRDfF,JPD641800846
910,"THE GENESIS","Eden/乱 凪砂(CV.諏訪部順一)、巴 日和(CV.花江夏樹)、七種 茨(CV.逢坂良太)、漣 ジュン(CV.内田雄馬)",118,4B,81,2025-04-22,04:08,0,"","あんさんぶるスターズ！アルバムシリーズ Eden",2019-04-24,64,3,0,69,0,30,-5,G#/A♭ Major,4,5tY74vouzdfyGYpTqFFmev,JPD641900111
911,"Dance in the Apocalypse","Eden/乱 凪砂(CV.諏訪部順一)、巴 日和(CV.花江夏樹)、七種 茨(CV.逢坂良太)、漣 ジュン(CV.内田雄馬)",128,9B,95,2025-04-22,04:58,0,"","あんさんぶるスターズ！アルバムシリーズ Eden",2019-04-24,60,29,0,47,10,40,-2,G Major,4,4ao9YSHAFBAZf4qtH9klK9,JPD641900112
912,"Ruler's Truth","Adam/乱 凪砂(CV.諏訪部順一)、七種 茨(CV.逢坂良太)",102,10A,94,2025-04-22,04:05,0,"","あんさんぶるスターズ！アルバムシリーズ Eden",2019-04-24,52,3,0,53,10,0,-3,B Minor,4,0LDCiz6cXi8zZNUZZPLANq,JPD641900113
913,"The Beast of the End","Adam/乱 凪砂(CV.諏訪部順一)、七種 茨(CV.逢坂良太)",120,8A,97,2025-04-22,04:41,0,"","あんさんぶるスターズ！アルバムシリーズ Eden",2019-04-24,53,0,0,43,10,0,-2,A Minor,4,3x7pNmUVN3N6MuHjcQfkvS,JPD641900114
914,"Trap For You","Eve/巴 日和(CV.花江夏樹)、漣 ジュン(CV:内田雄馬)",172,7A,97,2025-04-22,04:08,0,"","あんさんぶるスターズ！アルバムシリーズ Eden",2019-04-24,51,11,0,81,10,30,-3,D Minor,4,7GFQVeJfaM3zQ0CSAWiPXy,JPD641900115
915,"Sunlit Smile!","Eve/巴 日和(CV.花江夏樹)、漣 ジュン(CV:内田雄馬)",155,4B,99,2025-04-22,04:09,0,"","あんさんぶるスターズ！アルバムシリーズ Eden",2019-04-24,55,3,0,78,0,30,-3,G#/A♭ Major,4,48spUdSXNLwakQV7vpIc9m,JPD641900116
916,"生まれ堕ちたこの世界で","乱 凪砂(CV.諏訪部順一)",130,9B,92,2025-04-22,04:14,0,"","あんさんぶるスターズ！アルバムシリーズ Eden",2019-04-24,60,1,0,72,0,30,-3,G Major,4,5yNgegNHJjzzWypeHiaXNw,JPD641900117
917,"Fantastic Days◎","巴 日和(CV.花江夏樹)",160,5B,99,2025-04-22,03:46,0,"","あんさんぶるスターズ！アルバムシリーズ Eden",2019-04-24,48,3,0,73,10,30,-1,D#/E♭ Major,4,25Q6K91Joo4pcXg8Cl2XqP,JPD641900118
918,"Poison Strategy","七種 茨(CV.逢坂良太)",126,2A,96,2025-04-22,03:52,0,"","あんさんぶるスターズ！アルバムシリーズ Eden",2019-04-24,62,6,0,72,20,10,-2,D#/E♭ Minor,4,5rsjCWFSNheanTgfoljvKs,JPD641900119
919,"Back-alley Monologue","漣 ジュン(CV:内田雄馬)",138,9B,71,2025-04-22,04:39,0,"","あんさんぶるスターズ！アルバムシリーズ Eden",2019-04-24,67,37,0,72,0,10,-8,G Major,4,05PXr649GIozwu4F3nYz7L,JPD641900120
920,"Gate of the Abyss","UNDEAD/朔間零(CV.増田俊樹)、羽風薫(CV.細貝圭)、大神晃牙(CV.小野友樹)、乙狩アドニス(CV.羽多野渉)",100,3B,96,2025-04-22,04:49,0,"","あんさんぶるスターズ！ アルバムシリーズ UNDEAD",2015-00-00,40,5,0,45,10,30,-4,C♯/D♭ Major,4,5Dmq5J2N2vhNj6bRggGYbq,JPD641800542
921,"Darkness 4","UNDEAD/朔間零(CV.増田俊樹)、羽風薫(CV.細貝圭)、大神晃牙(CV.小野友樹)、乙狩アドニス(CV.羽多野渉)",90,5A,85,2025-04-22,03:36,0,"","あんさんぶるスターズ！ アルバムシリーズ UNDEAD",2015-00-00,46,1,0,51,0,10,-5,C Minor,3,2UIbGqiKZYEvs0exhKpKiq,JPD641800543
922,"Break the Prison","UNDEAD/朔間零(CV.増田俊樹)、羽風薫(CV.細貝圭)、大神晃牙(CV.小野友樹)、乙狩アドニス(CV.羽多野渉)",134,11A,94,2025-04-22,03:33,0,"","あんさんぶるスターズ！ アルバムシリーズ UNDEAD",2015-00-00,44,0,0,41,0,10,-4,F#/G♭ Minor,4,3Epkk1o1gisvlNIeQZUjXc,JPD641800544
923,"ハニーミルクはお好みで","UNDEAD/朔間零(CV.増田俊樹)、羽風薫(CV.細貝圭)、大神晃牙(CV.小野友樹)、乙狩アドニス(CV.羽多野渉)",164,8B,93,2025-04-22,04:06,0,"","あんさんぶるスターズ！ アルバムシリーズ UNDEAD",2015-00-00,36,13,0,57,0,20,-5,C Major,4,1C5wgl35vBuflcyAsYMec0,JPD641800545
924,"DESTRUCTION ROAD","UNDEAD/朔間零(CV.増田俊樹)、羽風薫(CV.細貝圭)、大神晃牙(CV.小野友樹)、乙狩アドニス(CV.羽多野渉)",170,9B,93,2025-04-22,03:54,0,"","あんさんぶるスターズ！ アルバムシリーズ UNDEAD",2015-00-00,43,1,0,67,0,10,-4,G Major,4,446xZpimurJvJTZaYxRXvt,JPD641800546
925,"Death Game Holic","デッドマンズ/朔間零(CV.増田俊樹)、蓮巳敬人(CV.梅原裕一郎)、大神晃牙(CV.小野友樹)",105,8B,98,2025-04-22,03:27,0,"","あんさんぶるスターズ！ アルバムシリーズ UNDEAD",2015-00-00,50,2,0,43,10,20,-4,C Major,4,0QXjruPtWWeeFeSceZMExA,JPD641800548
926,"Bloody Moon Vampire","朔間零(CV.増田俊樹)",109,8A,92,2025-04-22,04:13,0,"","あんさんぶるスターズ！ アルバムシリーズ UNDEAD",2015-00-00,45,22,0,39,10,10,-4,A Minor,4,3ZFGKbJOhkT07Mfm2Zpv8e,JPD641800549
927,"Feather Heartache","羽風薫(CV.細貝圭)",139,9A,95,2025-04-22,04:23,0,"","あんさんぶるスターズ！ アルバムシリーズ UNDEAD",2015-00-00,54,7,0,61,0,30,-3,E Minor,4,5EhbB2JE14rfPZmrBOMF3H,JPD641800550
928,"RIOT WOLF","大神晃牙(CV.小野友樹)",94,12A,97,2025-04-22,03:36,0,"","あんさんぶるスターズ！ アルバムシリーズ UNDEAD",2015-00-00,39,1,0,76,10,30,-3,C♯/D♭ Minor,4,1GP7zgQIrlwmlfH1zDOmrx,JPD641800551
929,"Saql Faith","乙狩アドニス(CV.羽多野渉)",118,4B,93,2025-04-22,04:02,0,"","あんさんぶるスターズ！ アルバムシリーズ UNDEAD",2015-00-00,60,19,0,72,0,0,-4,G#/A♭ Major,4,52Br5PvVzOT64akKXiyhTf,JPD641800552
930,"Rebellion Star - ALBUM Mix","Trickstar/氷鷹北斗(CV.前野智昭)、明星スバル(CV.柿原徹也)、遊木 真(CV.森久保祥太郎)、衣更真緒(CV.梶 裕貴)",173,12B,96,2025-04-22,04:16,0,"","あんさんぶるスターズ！アルバムシリーズ Trickstar",2019-04-24,48,6,0,81,0,10,-3,E Major,4,1txJMhLduXr8YvdXfuszxe,JPD641900093
931,"HEART→BEATER!!!! - ALBUM Mix","Trickstar/氷鷹北斗(CV.前野智昭)、明星スバル(CV.柿原徹也)、遊木 真(CV.森久保祥太郎)、衣更真緒(CV.梶 裕貴)",90,7B,94,2025-04-22,04:31,0,"","あんさんぶるスターズ！アルバムシリーズ Trickstar",2019-04-24,53,1,0,58,0,30,-3,F Major,4,6tskz56oD8cyk4bjmqg3Dq,JPD641900094
932,"虹色のSeasons - ALBUM Mix","Trickstar/氷鷹北斗(CV.前野智昭)、明星スバル(CV.柿原徹也)、遊木 真(CV.森久保祥太郎)、衣更真緒(CV.梶 裕貴)",116,6B,83,2025-04-22,04:38,0,"","あんさんぶるスターズ！アルバムシリーズ Trickstar",2019-04-24,56,7,0,51,0,0,-4,A#/B♭ Major,4,18lzYw5sNP739Hx191hLHo,JPD641900095
933,"Welcome to the Trickstar Night☆","Trickstar/氷鷹北斗(CV.前野智昭)、明星スバル(CV.柿原徹也)、遊木 真(CV.森久保祥太郎)、衣更真緒(CV.梶 裕貴)",118,11A,87,2025-04-22,03:04,0,"","あんさんぶるスターズ！アルバムシリーズ Trickstar",2019-04-24,73,37,0,92,0,20,-3,F#/G♭ Minor,4,7GJoXbT2IOqKihqAFS8gqW,JPD641900096
934,"CHERRY HAPPY STREAM - ALBUM Mix","Trickstar/氷鷹北斗(CV.前野智昭)、明星スバル(CV.柿原徹也)、遊木 真(CV.森久保祥太郎)、衣更真緒(CV.梶 裕貴)",124,4B,93,2025-04-22,04:05,0,"","あんさんぶるスターズ！アルバムシリーズ Trickstar",2019-04-24,65,15,0,76,10,10,-3,G#/A♭ Major,4,3udo4YJUowHdyY9LuILz2j,JPD641900097
935,"DIAMOND SUMMER","Trickstar/氷鷹北斗(CV.前野智昭)、明星スバル(CV.柿原徹也)、遊木 真(CV.森久保祥太郎)、衣更真緒(CV.梶 裕貴)",177,9B,94,2025-04-22,04:10,0,"","あんさんぶるスターズ！アルバムシリーズ Trickstar",2019-04-24,38,1,0,79,0,30,-3,G Major,4,4sZUYZdwICGvuDTQeM8ur0,JPD641900098
936,"BREAKTHROUGH!","Trickstar/氷鷹北斗(CV.前野智昭)、明星スバル(CV.柿原徹也)、遊木 真(CV.森久保祥太郎)、衣更真緒(CV.梶 裕貴)",132,10B,94,2025-04-22,04:06,0,"","あんさんぶるスターズ！アルバムシリーズ Trickstar",2019-04-24,34,2,0,82,10,20,-4,D Major,4,3zpFUsdqrdWoTVpGy2us5f,JPD641900099
937,"Infinite Star","Trickstar/氷鷹北斗(CV.前野智昭)、明星スバル(CV.柿原徹也)、遊木 真(CV.森久保祥太郎)、衣更真緒(CV.梶 裕貴)",169,1B,87,2025-04-22,04:59,0,"","あんさんぶるスターズ！アルバムシリーズ Trickstar",2019-04-24,42,3,0,55,0,50,-3,B Major,4,6cdy5p6uHiTT1urG1NUFnc,JPD641900100
938,"STARSEEK WAYFARER","氷鷹北斗(CV.前野智昭)",136,1B,92,2025-04-22,04:25,0,"","あんさんぶるスターズ！アルバムシリーズ Trickstar",2019-04-24,55,4,0,76,0,20,-3,B Major,4,68lmqkmurpAeIAMDtULYIe,JPD641900102
939,"My Starry Point","明星スバル(CV.柿原徹也)",90,7B,96,2025-04-22,04:15,0,"","あんさんぶるスターズ！アルバムシリーズ Trickstar",2019-04-24,56,6,0,59,0,30,-2,F Major,4,2Hz6lRYfQ4ds5xEsjGGOXe,JPD641900103
940,"Walking On My Sunny Road","遊木 真(CV.森久保祥太郎)",98,3B,89,2025-04-22,03:36,0,"","あんさんぶるスターズ！アルバムシリーズ Trickstar",2019-04-24,71,13,0,59,0,0,-4,C♯/D♭ Major,4,5GDK1D3WqSP4Z2lI1WgANc,JPD641900104
941,"MAGICIAN'S PLAY!","衣更真緒(CV.梶 裕貴)",131,2B,85,2025-04-22,04:24,0,"","あんさんぶるスターズ！アルバムシリーズ Trickstar",2019-04-24,68,12,0,55,0,0,-4,F#/G♭ Major,4,3bcfYY8Dwiam2K2WiBCSh6,JPD641900105
942,"ガラガラ GO！！","BIGBANG",120,10B,77,2025-06-22,03:18,55,"k-pop","ガラガラ GO！！",2009-07-15,82,0,0,83,0,0,-4,D Major,4,5brqQm02a7xLvdStXioywi,JPPO00955740
943,"BANG BANG BANG","BIGBANG",135,3B,86,2025-06-22,03:42,55,"k-pop","MADE SERIES",2016-02-03,63,1,0,49,0,30,-3,C♯/D♭ Major,4,2ispu3yKamZhCGf2Aj4roe,JPB601502279
944,"FANTASTIC BABY","BIGBANG",130,10A,83,2025-06-22,03:51,51,"k-pop","THE BEST OF BIGBANG 2006-2014",2014-11-26,73,0,0,48,0,0,-3,B Minor,4,3PzAfPk6iA4ygy4u3OAqk5,JPB601211901
945,"HaruHaru - Japanese Version","BIGBANG",126,2A,62,2025-06-22,04:41,47,"k-pop","YG FAMILY WORLD TOUR 2014 -POWER- in Japan",2015-01-07,50,54,0,47,0,40,-8,D#/E♭ Minor,4,5qgNc9f3h5YZz4RnM4KGJY,JPB681403568
946,"IF I SAY, I LOVE YOU","BOYNEXTDOOR",138,10A,75,2025-06-22,02:41,64,"k-pop","No Genre",2025-05-13,68,13,0,82,10,40,-5,B Minor,4,2NtidJuimmXzUsExfMYcvk,USA2P2475148
947,"If I’m S, Can You Be My N?","TWS",118,10A,83,2025-06-22,02:48,66,"k-pop","TWS 2nd Mini Album 'SUMMER BEAT!'",2024-06-24,79,10,0,88,10,30,-3,B Minor,4,2y8vRHEoz15sYDmxyrDePO,USA2P2428746
948,"サック","IGLOOVY",102,7A,86,2025-06-27,03:48,33,"j-r&b","サック",2021-06-16,70,7,0,71,0,30,-4,D Minor,4,3F8FHEfdXJBMZY6Jd48QG4,JPPO02101894
949,"DEPARTURES","globe",100,4A,83,2025-08-15,05:13,47,"j-pop, kayōkyoku","8 years ～Many Classic Moments～",2002-11-27,61,3,0,18,0,30,-5,F Minor,4,1NF6koRrvqGD77tHfLQh8N,JPB609620101
950,"CHE.R.RY","YUI",109,7B,91,2025-08-15,03:29,0,"anime, j-pop, j-rock","CAN'T BUY MY LOVE",2007-04-04,60,25,0,65,0,20,-3,F Major,4,0fgn8Lp7NIdlPWKQW2Wm2v,JPSR00700201
951,"Butterfly","Kaela Kimura",111,1B,65,2025-08-15,04:16,53,"j-pop","HOCUS POCUS",2009-06-24,60,77,0,76,0,0,-5,B Major,4,4BNo7jHTdqU7bl6wocxdsD,JPCO00845290
952,"夢見る少女じゃいられない","Nanase Aikawa",159,12A,97,2025-08-15,04:18,58,"kayōkyoku, j-pop","Red",1996-07-03,54,8,0,79,0,0,-4,C♯/D♭ Minor,4,4weY9jkPw2d1daBnhHhacD,JPB609630802
953,"YELLOW - JP Ver. - 2025 TREASURE FAN CONCERT [SPECIAL MOMENT] IN JAPAN","TREASURE",100,6B,92,2025-08-15,03:12,33,"k-pop","2025 TREASURE FAN CONCERT [SPECIAL MOMENT] IN JAPAN",2025-06-26,48,30,0,53,0,80,-6,A#/B♭ Major,4,2v1mHlKpo7J2fYMZ2YKODX,JPB602502040
954,"SARURU - 2025 TREASURE FAN CONCERT [SPECIAL MOMENT] IN JAPAN","TREASURE",146,3B,88,2025-08-15,03:02,32,"k-pop","2025 TREASURE FAN CONCERT [SPECIAL MOMENT] IN JAPAN",2025-06-26,34,6,0,61,10,40,-6,C♯/D♭ Major,4,3IIBFi5TXeMEhHtycclTZc,JPB602502041
955,"Happiness - 2025 TREASURE FAN CONCERT [SPECIAL MOMENT] IN JAPAN","TREASURE",115,3B,97,2025-08-15,04:17,37,"k-pop","2025 TREASURE FAN CONCERT [SPECIAL MOMENT] IN JAPAN",2025-06-26,39,3,0,35,10,50,-5,C♯/D♭ Major,4,5aXCPuPdTyGGp5Qb8B11hY,JPB602502042
956,"Don't Leave + HIGH HIGH - CHOI HYUN SUK / YOSHI / HARUTO Ver. - 2025 TREASURE FAN CONCERT [SPECIAL MOMENT] IN JAPAN","TREASURE",130,8B,95,2025-08-15,03:37,34,"k-pop","2025 TREASURE FAN CONCERT [SPECIAL MOMENT] IN JAPAN",2025-06-26,26,4,0,40,20,30,-6,C Major,4,1iMOuYK3K7c5AwuwMaAOEC,JPB602502060
957,"BAD BOY - YOSHI / JUNKYU / YOON JAE HYUK / ASAHI / HARUTO / PARK JEONG WOO Ver. - 2025 TREASURE FAN CONCERT [SPECIAL MOMENT] IN JAPAN","TREASURE",75,8A,88,2025-08-15,03:55,35,"k-pop","2025 TREASURE FAN CONCERT [SPECIAL MOMENT] IN JAPAN",2025-06-26,41,15,0,46,0,60,-7,A Minor,4,15tbjRo64EFZykW6nYxUyq,JPB602502045
958,"THANK YOU - DOYOUNG / SO JUNG HWAN Ver. - 2025 TREASURE FAN CONCERT [SPECIAL MOMENT] IN JAPAN","TREASURE",170,3B,94,2025-08-15,02:44,37,"k-pop","2025 TREASURE FAN CONCERT [SPECIAL MOMENT] IN JAPAN",2025-06-26,23,7,0,43,20,90,-5,C♯/D♭ Major,4,641zHbuOHbNVZnRYSMug7F,JPB602502046
959,"MOVE - CHOI HYUN SUK / YOSHI / ASAHI / HARUTO / PARK JEONG WOO Ver. - 2025 TREASURE FAN CONCERT [SPECIAL MOMENT] IN JAPAN","TREASURE",95,9B,89,2025-08-15,03:28,32,"k-pop","2025 TREASURE FAN CONCERT [SPECIAL MOMENT] IN JAPAN",2025-06-26,43,5,0,38,0,70,-7,G Major,4,4Qgkz57Y2KXAs4el527CQ2,JPB602502047
960,"VolKno - JIHOON / JUNKYU / YOON JAE HYUK Ver. - 2025 TREASURE FAN CONCERT [SPECIAL MOMENT] IN JAPAN","TREASURE",98,8B,90,2025-08-15,03:15,32,"k-pop","2025 TREASURE FAN CONCERT [SPECIAL MOMENT] IN JAPAN",2025-06-26,49,0,0,33,0,60,-6,C Major,4,704iVB0fEyv3UTy8YhRNBP,JPB602502048
961,"Kill This Love - CHOI HYUN SUK / JIHOON / DOYOUNG / SO JUNG HWAN Ver. - 2025 TREASURE FAN CONCERT [SPECIAL MOMENT] IN JAPAN","TREASURE",132,3A,90,2025-08-15,03:41,34,"k-pop","2025 TREASURE FAN CONCERT [SPECIAL MOMENT] IN JAPAN",2025-06-26,48,5,0,41,10,80,-6,A#/B♭ Minor,4,6JsydpaLfFzCGIYvGcFXrb,JPB602502049
962,"BANG BANG BANG + FANTASTIC BABY - 2025 TREASURE FAN CONCERT [SPECIAL MOMENT] IN JAPAN","TREASURE",132,9B,94,2025-08-15,06:50,35,"k-pop","2025 TREASURE FAN CONCERT [SPECIAL MOMENT] IN JAPAN",2025-06-26,28,1,0,31,10,90,-6,G Major,4,3VxmwhaIfUPczKvbDHtOG2,JPB602502061
963,"KING KONG - JP Ver. - 2025 TREASURE FAN CONCERT [SPECIAL MOMENT] IN JAPAN","TREASURE",120,6B,94,2025-08-15,03:18,31,"k-pop","2025 TREASURE FAN CONCERT [SPECIAL MOMENT] IN JAPAN",2025-06-26,49,3,0,44,10,90,-6,A#/B♭ Major,4,5FiuYf9SrMImPQiUnl2xuF,JPB602502052
964,"LAST NIGHT - 2025 TREASURE FAN CONCERT [SPECIAL MOMENT] IN JAPAN","TREASURE",130,5B,92,2025-08-15,02:59,33,"k-pop","2025 TREASURE FAN CONCERT [SPECIAL MOMENT] IN JAPAN",2025-06-26,45,11,0,44,10,30,-6,D#/E♭ Major,4,7gA83aSpBfslvnEU4ipggA,JPB602502053
965,"DARARI (ROCK REMIX) - 2025 TREASURE FAN CONCERT [SPECIAL MOMENT] IN JAPAN","TREASURE",170,8B,97,2025-08-15,03:45,35,"k-pop","2025 TREASURE FAN CONCERT [SPECIAL MOMENT] IN JAPAN",2025-06-26,27,18,0,48,20,60,-5,C Major,4,1BLSJHvH4va8aMQ2WBi5kJ,JPB602502054
966,"RUN - 2025 TREASURE FAN CONCERT [SPECIAL MOMENT] IN JAPAN","TREASURE",170,11B,94,2025-08-15,03:30,30,"k-pop","2025 TREASURE FAN CONCERT [SPECIAL MOMENT] IN JAPAN",2025-06-26,18,9,0,27,10,30,-5,A Major,4,5GV3ObHMxhBJN9nEoV806O,JPB602502055
967,"Here I Stand - 2025 TREASURE FAN CONCERT [SPECIAL MOMENT] IN JAPAN","TREASURE",130,3B,82,2025-08-15,04:10,31,"k-pop","2025 TREASURE FAN CONCERT [SPECIAL MOMENT] IN JAPAN",2025-06-26,44,6,0,54,0,30,-6,C♯/D♭ Major,4,0y66GtqCitw3p65HBYrYZn,JPB602502056
968,"病 - 2025 TREASURE FAN CONCERT [SPECIAL MOMENT] IN JAPAN","TREASURE",118,1B,87,2025-08-15,03:24,31,"k-pop","2025 TREASURE FAN CONCERT [SPECIAL MOMENT] IN JAPAN",2025-06-26,56,36,0,69,0,20,-6,B Major,4,3ijH8BfzNJO9KdXnYyqZ3s,JPB602502057
969,"SARURU - ENCORE - 2025 TREASURE FAN CONCERT [SPECIAL MOMENT] IN JAPAN","TREASURE",146,3B,93,2025-08-15,04:37,30,"k-pop","2025 TREASURE FAN CONCERT [SPECIAL MOMENT] IN JAPAN",2025-06-26,31,7,0,43,10,30,-6,C♯/D♭ Major,4,68VEw7wOxSaCKU4Eo1dyec,JPB602502059
970,"BONA BONA","TREASURE",132,4A,64,2025-08-15,03:32,46,"k-pop","2ND FULL ALBUM 'REBOOT'",2023-07-28,72,3,0,36,0,10,-6,F Minor,4,4xVxddIfF7Up9C5ZpzzP2u,KRA402300014
971,"RUN","TREASURE",170,10B,72,2025-08-15,03:30,45,"k-pop","2ND FULL ALBUM 'REBOOT'",2023-07-28,56,1,0,49,0,0,-6,D Major,4,5ZdJhSVOhT4qVXJbTHhslM,KRA402300016
972,"MOVE (T5)","TREASURE",95,6B,55,2025-08-15,03:28,45,"k-pop","2ND FULL ALBUM 'REBOOT'",2023-07-28,67,9,0,31,0,30,-7,A#/B♭ Major,4,6k2tFRD16EBX5ASnu46bGb,KRA402300011
973,"G.O.A.T (Rap Unit) feat. LEE YOUNG HYUN","TREASURE",99,9B,79,2025-08-15,03:02,39,"k-pop","2ND FULL ALBUM 'REBOOT'",2023-07-28,76,7,0,64,10,0,-5,G Major,4,5D3jwwagFVFJKyZCDn5ZWG,KRA402300017
974,"STUPID","TREASURE",133,1B,72,2025-08-15,03:00,45,"k-pop","2ND FULL ALBUM 'REBOOT'",2023-07-28,64,8,0,90,0,20,-6,B Major,4,1bvvVoT5wEodm8G0nVFyr9,KRA402300018
975,"THE WAY TO (VOCAL Unit)","TREASURE",140,12A,32,2025-08-15,03:28,37,"k-pop","2ND FULL ALBUM 'REBOOT'",2023-07-28,57,68,0,23,0,10,-9,C♯/D♭ Minor,4,33IskKjKS4yTAsP3CHLZB2,KRA402300019
976,"WONDERLAND","TREASURE",118,3B,69,2025-08-15,02:58,42,"k-pop","2ND FULL ALBUM 'REBOOT'",2023-07-28,77,10,0,62,0,50,-6,C♯/D♭ Major,4,5ZZvyfIhfavyrL1GjJHivz,KRA402300020
977,"B.O.M.B","TREASURE",120,6B,85,2025-08-15,03:21,45,"k-pop","2ND FULL ALBUM 'REBOOT'",2023-07-28,80,26,0,84,0,0,-4,A#/B♭ Major,4,4CoMsBcy5KKT3CyDwHBKdU,KRA402300021
978,"LOVESICK","TREASURE",118,1B,66,2025-08-15,03:24,41,"k-pop","2ND FULL ALBUM 'REBOOT'",2023-07-28,79,25,0,96,0,30,-6,B Major,4,7mDHMjFXZM2Be1b2e63mlE,KRA402300022
979,"MOVE (T5)","TREASURE",95,6B,55,2025-08-15,03:28,31,"k-pop","MOVE (T5)",2023-06-28,67,9,0,31,0,30,-7,A#/B♭ Major,4,6UvB72fBAomKgAx6gcnyCt,KRA402300011
980,"Here I Stand - Anime Edit","TREASURE",130,4B,54,2025-08-15,01:36,35,"k-pop","Here I Stand (Anime Edit)",2023-01-30,71,0,0,71,0,0,-3,G#/A♭ Major,4,3RPNNWB4ZbL9siNR2woL5I,JPB602300631
981,"HELLO","TREASURE",135,10B,57,2025-08-15,03:01,50,"k-pop","THE SECOND STEP : CHAPTER TWO",2022-10-04,65,3,0,53,0,0,-5,D Major,4,1SDX84JCBm6jjKTyN7NsWP,KRA402200041
982,"VolKno - CHOI HYUN SUK x YOSHI x HARUTO Unit","TREASURE",98,3B,80,2025-08-15,03:15,40,"k-pop","THE SECOND STEP : CHAPTER TWO",2022-10-04,70,1,0,60,0,20,-6,C♯/D♭ Major,4,4qWoD5oEfk1WzifBgTg4fj,KRA402200042
983,"CLAP!","TREASURE",80,1A,74,2025-08-15,03:04,41,"k-pop","THE SECOND STEP : CHAPTER TWO",2022-10-04,73,5,0,90,0,0,-6,G#/A♭ Minor,4,0dwGSZqOSA5a7ykcq0tMXA,KRA402200043
984,"THANK YOU - ASAHI x HARUTO Unit","TREASURE",170,3B,78,2025-08-15,03:15,43,"k-pop","THE SECOND STEP : CHAPTER TWO",2022-10-04,50,5,0,55,0,30,-6,C♯/D♭ Major,4,6SKmy9CvZWmMX5BT42rjJ3,KRA402200044
985,"HOLD IT IN","TREASURE",130,6B,70,2025-08-15,03:18,40,"k-pop","THE SECOND STEP : CHAPTER TWO",2022-10-04,72,22,0,44,0,0,-6,A#/B♭ Major,4,3hd5SM7F0Tplv6PQ7ct4FZ,KRA402200045
986,"JIKJIN - KR ver.-","TREASURE",130,10A,55,2025-08-15,03:04,47,"k-pop","THE SECOND STEP : CHAPTER ONE (KR EDITION)",2022-02-15,82,3,0,57,0,0,-7,B Minor,4,33vvHZp8OV6uDHImLtcwy1,KRA402100149
987,"U - KR ver.-","TREASURE",116,1B,53,2025-08-15,02:48,39,"k-pop","THE SECOND STEP : CHAPTER ONE (KR EDITION)",2022-02-15,87,21,0,60,0,20,-5,B Major,4,2uQWhtDpazMmVf39NuPXXi,KRA402100150
988,"DARARI - KR ver.-","TREASURE",85,8B,63,2025-08-15,03:40,50,"k-pop","THE SECOND STEP : CHAPTER ONE (KR EDITION)",2022-02-15,63,50,0,55,0,0,-7,C Major,4,3rP1vFt5QvkcdUoYqQXl06,KRA402100151
989,"IT’S OKAY - KR ver.-","TREASURE",144,10B,50,2025-08-15,03:40,37,"k-pop","THE SECOND STEP : CHAPTER ONE (KR EDITION)",2022-02-15,61,24,0,35,0,10,-7,D Major,4,4HMFpTthceQz4LufFJeSkq,KRA402100152
990,"BEAUTIFUL - Anime Edit","TREASURE",128,8B,65,2025-08-15,01:32,39,"k-pop","BEAUTIFUL (Anime Edit)",2021-01-22,66,17,0,31,0,10,-7,C Major,4,56LHN0v30yTGB6NFdihTg1,JPB602100471
991,"BEAUTIFUL","TREASURE",128,8B,71,2025-08-15,03:50,51,"k-pop","BEAUTIFUL",2021-02-14,69,10,0,36,0,20,-7,C Major,4,2qTBVFldq01eNa40hin4FV,JPB602100472
992,"MY TREASURE - KR Ver.","TREASURE",108,2B,79,2025-08-15,03:15,37,"k-pop","THE FIRST STEP : TREASURE EFFECT (KR EDITION)",2021-01-11,73,11,0,53,0,10,-4,F#/G♭ Major,4,75dnAYo5WDaVF3n3dxTcN5,KRA402100001
993,"BE WITH ME - KR Ver.","TREASURE",107,11B,44,2025-08-15,03:08,34,"k-pop","THE FIRST STEP : TREASURE EFFECT (KR EDITION)",2021-01-11,84,44,0,78,10,20,-8,A Major,4,6ivQ09kpYInvKogqPLWgy1,KRA402100002
994,"SLOWMOTION - KR Ver.","TREASURE",166,8B,64,2025-08-15,03:10,34,"k-pop","THE FIRST STEP : TREASURE EFFECT (KR EDITION)",2021-01-11,55,27,0,37,0,20,-6,C Major,4,63Mc8uGcsKc1me51eyqAyB,KRA402100003
995,"BOY - KR Ver.","TREASURE",110,11A,79,2025-08-15,03:16,41,"k-pop","THE FIRST STEP : TREASURE EFFECT (KR EDITION)",2021-01-11,76,5,0,66,0,50,-6,F#/G♭ Minor,4,4ywwkb6TXYM2p6DaEVP6tD,KRA402000128
996,"COME TO ME - KR Ver.","TREASURE",105,1A,80,2025-08-15,03:24,38,"k-pop","THE FIRST STEP : TREASURE EFFECT (KR EDITION)",2021-01-11,86,20,0,68,0,10,-5,G#/A♭ Minor,4,1zUOOTlAmA1IIwSBxAaTlh,KRA402000129
997,"I LOVE YOU - KR Ver.","TREASURE",130,4B,73,2025-08-15,03:01,42,"k-pop","THE FIRST STEP : TREASURE EFFECT (KR EDITION)",2021-01-11,73,1,0,42,0,10,-5,G#/A♭ Major,4,29PphX8fba3zrUJsuYFxUw,KRA402000142
998,"B.L.T (BLING LIKE THIS) - KR Ver.","TREASURE",128,9B,82,2025-08-15,03:25,38,"k-pop","THE FIRST STEP : TREASURE EFFECT (KR EDITION)",2021-01-11,72,5,0,63,0,30,-6,G Major,4,0EnlWNEgNgWMMMehFgz0Pl,KRA402000143
999,"MMM - KR Ver.","TREASURE",80,3B,75,2025-08-15,03:28,37,"k-pop","THE FIRST STEP : TREASURE EFFECT (KR EDITION)",2021-01-11,77,5,0,66,10,0,-6,C♯/D♭ Major,4,4VRQo6Ag0xDuitC3HzQzsm,KRA402000173
1000,"GOING CRAZY - KR Ver.","TREASURE",125,1A,91,2025-08-15,03:44,45,"k-pop","THE FIRST STEP : TREASURE EFFECT (KR EDITION)",2021-01-11,75,19,0,81,0,0,-4,G#/A♭ Minor,4,7plsvu7mIHRLanpOEbzKf3,KRA402100004
1001,"MMM - KR Ver.","TREASURE",80,3B,75,2025-08-15,03:28,27,"k-pop","THE FIRST STEP : CHAPTER THREE",2020-11-06,77,5,0,65,10,0,-6,C♯/D♭ Major,4,3k4rt8OXPNQqyJRFAeEbAd,KRA402000173
1002,"ORANGE - KR Ver.","TREASURE",130,3B,62,2025-08-15,04:16,26,"k-pop","THE FIRST STEP : CHAPTER THREE",2020-11-06,77,3,0,72,0,0,-6,C♯/D♭ Major,4,5dbSOKDPVcdzlX68mOTyWG,KRA402000174
1003,"I LOVE YOU - KR Ver.","TREASURE",130,4B,73,2025-08-15,03:01,31,"k-pop","THE FIRST STEP : CHAPTER TWO",2020-09-18,73,1,0,42,0,10,-5,G#/A♭ Major,4,5x0WhK58kQRd8cCdoILmfD,KRA402000142
1004,"B.L.T (BLING LIKE THIS) - KR Ver.","TREASURE",128,9B,82,2025-08-15,03:25,29,"k-pop","THE FIRST STEP : CHAPTER TWO",2020-09-18,72,5,0,63,0,30,-6,G Major,4,4iu094SNrXLf2i7ok7Ed2x,KRA402000143
1005,"BOY - KR Ver.","TREASURE",110,11A,79,2025-08-15,03:16,31,"k-pop","THE FIRST STEP : CHAPTER ONE",2020-08-07,76,5,0,66,0,30,-6,F#/G♭ Minor,4,4L2B4G5PDPL3eFMJlp6fNk,KRA402000128
1006,"COME TO ME - KR Ver.","TREASURE",105,1A,80,2025-08-15,03:24,32,"k-pop","THE FIRST STEP : CHAPTER ONE",2020-08-07,86,20,0,68,0,10,-5,G#/A♭ Minor,4,1T4UjU8jLZi3M3VFw26gfN,KRA402000129
1007,"YELLOW","TREASURE",100,6B,58,2025-08-15,03:11,54,"k-pop","SPECIAL MINI ALBUM [PLEASURE]",2025-03-07,76,15,0,73,0,10,-7,A#/B♭ Major,4,0q9puRfi0yhlZA6R5ELd6m,KRA402400077
1008,"SARURU","TREASURE",146,3B,61,2025-08-15,03:02,49,"k-pop","SPECIAL MINI ALBUM [PLEASURE]",2025-03-07,67,6,0,64,0,10,-7,C♯/D♭ Major,4,6qxQO9suKEeEK0DTKtWUCF,KRA402400078
1009,"WHATEVER, WHENEVER","TREASURE",82,8B,42,2025-08-15,03:32,43,"k-pop","SPECIAL MINI ALBUM [PLEASURE]",2025-03-07,61,55,0,48,0,10,-8,C Major,4,39noHQKcX565Tc5syduSdb,KRA402400079
1010,"LAST NIGHT","TREASURE",130,5B,64,2025-08-15,02:58,34,"k-pop","SPECIAL MINI ALBUM [PLEASURE]",2025-03-07,72,6,0,47,0,10,-6,D#/E♭ Major,4,4wbMwD2Hkl9lWBHMGv27Jg,KRA402400074
1011,"Where you are","CNBLUE",126,1A,82,2025-08-15,03:43,18,"k-rock, k-pop","CODE NAME BLUE",2012-02-01,67,0,0,73,10,0,-3,G#/A♭ Minor,4,41EUmKUHS19cM7Yg4mHOYw,JPWP01171112
1012,"Cinderella","CNBLUE",120,8B,86,2025-08-15,03:21,44,"k-rock, k-pop","2gether",2015-09-14,68,1,0,72,0,0,-3,C Major,4,1wVKFRK2gYYwpV6tAFGvag,KRA851500066
1013,"Lady","CNBLUE",125,12A,75,2025-08-15,03:21,13,"k-rock, k-pop","What turns you on?",2013-08-28,75,1,0,82,0,20,-3,C♯/D♭ Minor,4,7BKJWqp8edUgs4dahRCSyy,JPWP01370984
1014,"LOVE GIRL","CNBLUE",144,8A,90,2025-08-15,03:35,31,"k-rock, k-pop","Korea Best Album 'Present'",2014-02-05,61,11,0,85,0,20,-4,A Minor,4,6Cylr9DFFcSCuE6uYaHGuq,KRA851100002
1015,"Blind Love","CNBLUE",115,5A,86,2025-08-15,04:04,20,"k-rock, k-pop","Best of CNBLUE / OUR BOOK [2011-2018]",2018-08-29,59,11,0,78,0,30,-4,C Minor,4,2utSl908tAaIFRUKY7Euc3,JPWP01370481
1016,"Love","CNBLUE",100,8B,90,2025-08-15,03:47,51,"k-rock, k-pop","Bluelove",2010-05-19,65,7,0,80,0,0,-3,C Major,4,2s92cRmjW0GoGjjpExkAUQ,KRA851000006
1017,"Love Girl","CNBLUE",144,8A,95,2025-08-15,03:32,49,"k-rock, k-pop","FIRST STEP",2011-03-21,64,10,0,85,10,20,-3,A Minor,4,1C2bTzulOc0kvGoiPnLqc2,KRA851100002
1018,"Heartstrings","Jung Yong Hwa",147,9A,91,2025-08-15,03:11,50,"k-ballad","Heartstrings OST Part.1",2011-06-29,57,7,0,49,0,0,-3,E Minor,4,0mtuqz4rcMYCKjF1cjmlu6,KRA381600541
1019,"Starlight","THE RAMPAGE from EXILE TRIBE",152,8B,73,2025-08-15,04:25,39,"j-pop","THE RIOT",2019-10-30,58,31,0,33,0,20,-5,C Major,4,6JYMBx7jm32cNBxoEIbC6O,JPB601900141
1020,"INVISIBLE LOVE","THE RAMPAGE from EXILE TRIBE",160,11B,81,2025-08-15,04:19,26,"j-pop","INVISIBLE LOVE",2020-04-22,62,25,0,39,0,10,-4,A Major,4,0gyaI2NK27hp9AjrVHNFG1,JPB602001046
1021,"Lightning","THE RAMPAGE from EXILE TRIBE",92,9A,96,2025-08-15,03:56,36,"j-pop","THE RAMPAGE",2018-09-12,58,18,0,47,20,10,-3,E Minor,4,4pvNFdAMj4doTDCPVvK6hI,JPB601700018
1022,"LIVING IN THE DREAM","THE RAMPAGE from EXILE TRIBE",92,10B,71,2025-08-15,03:46,24,"j-pop","LIVING IN THE DREAM",2021-08-11,65,29,0,77,0,10,-4,D Major,4,4Oh3DdiLQS8ZhQ7cnSLiKp,JPB602102723
1023,"SWAG & PRIDE","THE RAMPAGE from EXILE TRIBE",103,12A,94,2025-08-15,03:55,41,"j-pop","THE RIOT",2019-10-30,38,5,0,76,10,20,-2,C♯/D♭ Minor,4,5B7R75fl4btkacH5gOnyvm,JPB601902895
1024,"100degrees","THE RAMPAGE from EXILE TRIBE",90,11A,83,2025-08-15,03:51,45,"j-pop","THE RAMPAGE",2018-09-12,62,1,0,67,10,10,-4,F#/G♭ Minor,4,3VZyDeQbB4V3MmH2dei9qN,JPB601703183
1025,"WELCOME 2 PARADISE","THE RAMPAGE from EXILE TRIBE",105,11B,76,2025-08-15,03:35,28,"j-pop","WELCOME 2 PARADISE",2019-07-31,75,18,0,71,0,30,-4,A Major,4,2rFugWNfmZ2pbZHl0PbOJt,JPB601902176
1026,"24WORLD","GENERATIONS from EXILE TRIBE,THE RAMPAGE from EXILE TRIBE,FANTASTICS from EXILE TRIBE,BALLISTIK BOYZ from EXILE TRIBE",130,9A,96,2025-08-15,05:08,43,"j-pop, anime","BATTLE OF TOKYO 〜ENTER THE Jr.EXILE〜",2019-07-03,55,2,0,35,10,0,-1,E Minor,4,0PsJ2oCQZ9TTtstHmeg2jc,JPB601901966
1027,"THE POWER","THE RAMPAGE from EXILE TRIBE",100,1B,86,2025-08-15,03:24,35,"j-pop","THE POWER",2022-06-29,80,28,0,56,0,30,-3,B Major,4,1E7wIt5DeLvc1LmmAHH2ox,JPB602202770
1028,"FRONTIERS","THE RAMPAGE from EXILE TRIBE",121,10A,96,2025-08-15,04:45,36,"j-pop","THE RAMPAGE",2018-09-12,70,24,0,48,10,10,-3,B Minor,4,2XbktIfAUHBlzKK1dGyVzi,JPB601701215
1029,"GO ON THE RAMPAGE","THE RAMPAGE from EXILE TRIBE",128,4A,93,2025-08-15,03:54,28,"j-pop","THE RAMPAGE",2018-09-12,61,8,0,51,10,10,-5,F Minor,4,5KqSZyNGAtiK4vvL0VkuFz,JPB601700051
1030,"Over","THE RAMPAGE from EXILE TRIBE",98,12A,81,2025-08-15,03:27,32,"j-pop","THE RAMPAGE",2018-09-12,69,20,0,69,0,0,-4,C♯/D♭ Minor,4,2I0Tp0nb1GqwaAQwYmeKb0,JPB601802744
1031,"BREAKING THE ICE","THE RAMPAGE from EXILE TRIBE",148,9B,100,2025-08-15,03:42,28,"j-pop","THE RAMPAGE",2018-09-12,55,8,0,72,10,40,-3,G Major,4,2NSViYY6KYk2JQGG3PgLT0,JPB601802059
1032,"Nobody","THE RAMPAGE from EXILE TRIBE",150,3B,84,2025-08-15,03:26,18,"j-pop","WELCOME 2 PARADISE",2019-07-31,72,23,0,72,10,0,-4,C♯/D♭ Major,4,23PiqVlJA4JODdhfrPvqNQ,JPB601902182
1033,"Move the World","THE RAMPAGE from EXILE TRIBE",104,12A,83,2025-08-15,03:34,17,"j-pop","Move the World",2019-10-09,67,6,0,29,0,30,-4,C♯/D♭ Minor,4,5d87rI10wIm8LquyPQiVAp,JPB601903174
1034,"Take On Me","m-flo presents PRINCE PROJECT,川村壱馬,m-flo",168,11B,89,2025-08-15,03:54,19,"j-r&b, j-pop, j-rap, shibuya-kei","Take On Me",2018-10-31,54,0,0,71,0,0,-5,A Major,4,35fPEXBN6fes0v1SYag2x8,JPB601803337
1035,"Too Shy","m-flo presents PRINCE PROJECT,吉野北人,m-flo",104,3B,77,2025-08-15,03:14,19,"j-r&b, j-pop, j-rap, shibuya-kei","Too Shy",2018-11-07,74,22,0,58,0,0,-5,C♯/D♭ Major,4,1CjmFpv5UISZQnllyq0WRe,JPB601803339
1036,"16BOOSTERZ","THE RAMPAGE from EXILE TRIBE",128,2B,89,2025-08-15,03:36,22,"j-pop","16BOOSTERZ",2023-05-02,61,0,0,37,0,10,-4,F#/G♭ Major,4,7s3DF9Ugi5ja1zEf5eghKI,JPB602301463
1037,"Summer Riot ～熱帯夜～","THE RAMPAGE from EXILE TRIBE",105,11A,93,2025-08-15,03:40,40,"j-pop","Summer Riot ～熱帯夜～ / Everest",2023-07-31,77,16,0,63,0,0,-3,F#/G♭ Minor,4,6QClHcrHjZH4aVkVdt9uyl,JPB602302780
1038,"片隅","THE RAMPAGE from EXILE TRIBE",110,2B,86,2025-08-15,04:17,32,"j-pop","片隅",2023-11-08,70,8,0,57,0,0,-5,F#/G♭ Major,4,36HzSiQdN2oJF6eyniVeh9,JPB602303707
1039,"24karats GOLD GENESIS","THE RAMPAGE from EXILE TRIBE",105,1B,91,2025-08-15,04:17,33,"j-pop","24karats GOLD GENESIS",2024-06-10,59,1,0,41,0,30,-4,B Major,4,3DOBALd9w4fDZ122HzF7CC,JPB602401821
1040,"蜘蛛の糸","THE RAMPAGE from EXILE TRIBE",150,6B,82,2025-08-15,03:20,35,"j-pop","(R)ENEW",2025-02-21,66,3,0,54,0,30,-4,A#/B♭ Major,4,2CgFP0Df1o0rmrGxcZChKb,JPB602500202
1041,"涙","GENERATIONS from EXILE TRIBE",75,9B,62,2025-08-15,04:42,41,"j-pop, anime","涙を流せないピエロは太陽も月もない空を見上げた",2017-07-05,53,36,0,29,0,10,-6,G Major,4,30qeocnAJxvIQLWSbv8Awx,JPB601602074
1042,"One in a Million -奇跡の夜に-","GENERATIONS from EXILE TRIBE",145,6B,81,2025-08-15,03:42,46,"j-pop, anime","SHONEN CHRONICLE",2019-11-21,75,7,0,84,0,0,-4,A#/B♭ Major,4,1eIl9qFUGihchPAfSF258T,JPB601903375
1043,"AGEHA","GENERATIONS from EXILE TRIBE",130,9B,93,2025-08-15,03:35,28,"j-pop, anime","AGEHA",2016-01-27,65,28,0,63,0,30,-2,G Major,4,0TXCOsFk3sidzHIrctvwdT,JPB601600474
1044,"Brand New Story","GENERATIONS from EXILE TRIBE",115,7B,72,2025-08-15,03:37,39,"j-pop, anime","Brand New Story",2019-06-07,61,9,0,57,0,30,-8,F Major,4,4DcF5SAToAmmaF06vMstfJ,JPB601901852
1045,"F.L.Y. BOYS F.L.Y. GIRLS","GENERATIONS from EXILE TRIBE",129,9B,92,2025-08-15,03:10,28,"j-pop, anime","F.L.Y. BOYS F.L.Y. GIRLS",2018-06-13,69,0,0,68,10,60,-3,G Major,4,0QSP9tn359MID3YybBGnSx,JPB601801387
1046,"Flying Fish","FANTASTICS from EXILE TRIBE",120,10B,91,2025-08-15,04:07,27,"j-pop","Flying Fish",2019-04-03,60,1,0,57,0,10,-5,D Major,4,5FbEC71RPBW1Pg7AbnYKRA,JPB601901166
1047,"Dear Destiny","FANTASTICS from EXILE TRIBE",83,9A,66,2025-08-15,04:10,23,"j-pop","Dear Destiny",2019-08-21,52,3,0,35,0,20,-6,E Minor,4,2At0rFMm7Sniypb02PyC67,JPB601902522
1048,"Follow Me","E-girls",143,9B,95,2025-08-15,04:06,53,"j-pop","Lesson 1",2013-04-17,64,11,0,74,0,0,-2,G Major,4,06yfLJC5pMcFw8hoNovLaT,JPB601239901
1049,"ごめんなさいのKissing You","E-girls",143,4B,94,2025-08-15,03:40,50,"j-pop","COLORFUL POP",2014-03-19,81,3,0,92,0,0,-3,G#/A♭ Major,4,2OTMaSpL6re81Z1mL9RSb6,JPB601302440
1050,"DEAR MY LOVER","Hey! Say! JUMP",145,10B,88,2025-08-15,04:57,53,"j-pop","PULL UP!",2023-12-06,47,50,0,40,0,10,-4,D Major,4,1WFA3xW4CJMugNPq4D0i5q,JPQ402300710
1051,"ウィークエンダー","Hey! Say! JUMP",125,10A,96,2025-08-15,04:09,54,"j-pop","JUMPing CAR",2015-06-24,61,2,0,81,0,20,-4,B Minor,4,1Q2jFvRuhV38Imjqeodg2B,JPQ401400920
1052,"真夜中のシャドーボーイ","Hey! Say! JUMP",98,3A,91,2025-08-15,03:53,42,"j-pop","JUMP No.1 (Selected Edition)",2010-07-07,67,9,0,85,0,20,-4,A#/B♭ Minor,4,4FvxdYw7mVm7mkQbfn1TKw,JPQ400801010
1053,"ネガティブファイター","Hey! Say! JUMP",126,10A,94,2025-08-15,04:17,44,"j-pop","ネガティブファイター",2021-05-12,70,16,0,86,10,40,-2,B Minor,4,2jiTffXUIGLIzGkdbfOhnk,JPQ402100610
1054,"サンダーソニア","Hey! Say! JUMP",175,4A,98,2025-08-15,04:49,0,"j-pop","FILMUSIC!",2022-08-24,40,1,0,55,0,40,-1,F Minor,4,2d4uNYVtjw6XJHpycdXPUc,JPQ402201580
1055,"Come On A My House","Hey! Say! JUMP",138,10B,100,2025-08-15,04:28,44,"j-pop","smart",2014-06-18,57,10,0,80,0,20,-3,D Major,4,7bdpVgEVXvGCnit39TNgj5,JPQ401300260
1056,"恋をするんだ","Hey! Say! JUMP",91,7B,70,2025-08-15,04:55,48,"j-pop","a r e a / 恋をするんだ / 春玄鳥",2022-05-25,53,6,0,37,0,10,-4,F Major,4,2g6b6X8D3kQRXskUJGFeqi,JPQ402200660
1057,"ただ前へ","Hey! Say! 7",200,3B,69,2025-08-15,03:45,41,"j-pop","ウィークエンダー / 明日へのYELL",2014-09-03,44,12,0,66,0,0,-4,C♯/D♭ Major,4,5KUb7rwOUnPd5nTYpxbaff,JPQ401400940
1058,"明日へのYELL","Hey! Say! JUMP",175,9B,94,2025-08-15,04:10,39,"j-pop","JUMPing CAR",2015-06-24,39,1,0,38,0,30,-3,G Major,4,7DNy4jd5B3O4vsY3btpubI,JPQ401400930
1059,"群青ランナウェイ","Hey! Say! JUMP",140,10A,96,2025-08-15,04:47,39,"j-pop","群青ランナウェイ",2021-08-25,56,1,0,73,0,10,-3,B Minor,4,3rgXa2C8ij51AjJa49WaBD,JPQ402101350
1060,"我 I Need You","Hey! Say! JUMP",150,12A,99,2025-08-15,04:43,41,"j-pop","Chau♯ / 我 I Need You",2015-04-29,50,24,0,42,10,40,-3,C♯/D♭ Minor,4,2bVI0JX4UR8suAmFCrqJSO,JPQ401500240
1061,"真剣SUNSHINE","Hey! Say! JUMP",148,8B,97,2025-08-15,04:28,35,"j-pop","Hey! Say! JUMP 2007-2017 I/O (Selected Edition)",2017-07-26,60,7,0,67,0,30,-2,C Major,4,5BEHPRiHxDEuVVYajjxlEs,JPQ401600450
1062,"キミアトラクション","Hey! Say! JUMP",135,4B,95,2025-08-15,04:20,36,"j-pop","DEAR.",2016-07-27,57,5,0,58,10,30,-3,G#/A♭ Major,4,7bQ89msRfGR8fXXmb6NNes,JPQ401501100
1063,"SUPER DELICATE","Hey! Say! JUMP",123,8B,91,2025-08-15,04:34,35,"j-pop","JUMP WORLD",2012-06-06,61,17,0,52,0,30,-5,C Major,4,3IjUozTmDaKiLTrr1StI1F,JPQ401200010
1064,"瞳のスクリーン","Hey! Say! JUMP",132,4A,91,2025-08-15,04:24,38,"j-pop","JUMP No.1 (Selected Edition)",2010-07-07,60,1,0,66,0,20,-3,F Minor,4,5IQkCEZKUddbzDcVPueaSI,JPQ401000090
1065,"OVER THE TOP","Hey! Say! JUMP",130,10B,96,2025-08-15,04:06,30,"j-pop","OVER THE TOP",2017-02-22,59,21,0,50,10,30,-3,D Major,4,5iBJyMRSa5Yux6jNtVzW1V,JPQ401700010
1066,"Chau♯","Hey! Say! JUMP",130,10B,97,2025-08-15,04:20,41,"j-pop","JUMPing CAR",2015-06-24,65,27,0,84,0,20,-3,D Major,4,4LAGQZo04WRvP8mfz54vMF,JPQ401500230
1067,"愛よ、僕を導いてゆけ","Hey! Say! JUMP",124,11B,84,2025-08-15,03:57,44,"j-pop","JUMPing CAR",2015-06-24,63,11,0,67,0,10,-4,A Major,4,7sOhzkvw3KIrqzTEgE8ltO,JPQ401500480
1068,"BANGER NIGHT","Hey! Say! JUMP",128,10A,98,2025-08-15,03:49,41,"j-pop","SENSE or LOVE",2018-08-22,59,3,0,46,0,20,-3,B Minor,4,7b9CssokQKWDX6L4HelAXb,JPQ401801190
1069,"Ignition","Hey! Say! JUMP",150,6B,58,2025-08-15,03:52,31,"j-pop","キミアトラクション",2015-10-21,51,54,0,40,0,20,-6,A#/B♭ Major,4,6youkt71SagNk8LqoyM9fE,JPQ401501150
1070,"We are 男の子！","Hey! Say! JUMP",147,3A,96,2025-08-15,04:00,33,"j-pop","真剣SUNSHINE",2016-05-11,54,1,0,88,0,30,-3,A#/B♭ Minor,4,7JHApekd9krU42wVt8ktMO,JPQ401600480
1071,"encore","Hey! Say! JUMP",129,2B,79,2025-08-15,04:06,51,"j-pop","encore",2025-05-28,62,6,0,74,0,30,-4,F#/G♭ Major,4,6PtdknJWWbQMz2WbfEZYFK,JPQ402500650
1072,"チャンカパーナ","NEWS",130,8B,97,2025-08-15,04:20,31,"j-pop","Chankapana (English Version)",2025-06-02,55,3,0,68,0,30,-2,C Major,4,0BnwN5C4LvdtcaKDmqdl0Q,JPJE01200520
1073,"weeeek","NEWS",110,3B,91,2025-08-15,03:52,48,"j-pop","weeeek",2007-11-07,71,16,0,88,0,30,-5,C♯/D♭ Major,4,570LePcmFGf7NDxX4Eu4WX,JPJE00700750
1074,"「生きろ」","NEWS",125,12B,87,2025-08-15,03:41,45,"j-pop","「生きろ」",2018-09-12,61,37,0,56,0,20,-2,E Major,4,0vEtQZ9Fux7nMuIKw95b2q,JPJE01801030
1075,"さくらガール","NEWS",129,10B,96,2025-08-15,04:53,35,"j-pop","NEWS EXPO 【BEST Edition】",2023-08-09,67,5,0,93,0,0,-2,D Major,4,5WJsVbohn1Z4N6tkbjOsul,JPQ402301330
1076,"SUMMER TIME","NEWS",119,11B,87,2025-08-15,04:27,36,"j-pop","SUMMER TIME",2008-05-08,69,1,0,67,0,30,-5,A Major,4,5HRHKhyoOUjsnbbvj8Vm5b,JPJE00800960
1077,"恋のABO","NEWS",130,8A,94,2025-08-15,04:42,29,"j-pop","NEWS EXPO 【BEST Edition】",2023-08-09,61,0,0,64,0,30,-3,A Minor,4,1rwPt88JT8QTUJF58rB5PD,JPQ402301480
1078,"恋を知らない君へ","NEWS",80,3B,44,2025-08-15,05:34,43,"j-pop","恋を知らない君へ",2016-07-13,54,73,0,42,0,0,-5,C♯/D♭ Major,4,7oNFLT7M9ebVVRAU5fwa7q,JPJE01600380
1079,"Happy Birthday","NEWS",120,8B,94,2025-08-15,03:49,30,"j-pop","Happy Birthday",2008-10-01,73,4,0,44,0,0,-4,C Major,4,4iAU1LYDDgN6UUG0vymEVs,JPJE00801120
1080,"Everybody Go","Kis-My-Ft2",132,6A,97,2025-08-15,04:38,45,"j-pop","Kis-My-1st",2012-03-28,61,0,0,51,0,20,-5,G Minor,4,0c63vRRDr3o0PZ7H4Yayw2,JPB601140001
1081,"SHE! HER! HER!","Kis-My-Ft2",135,8B,90,2025-08-15,04:36,45,"j-pop","Kis-My-1st",2012-03-28,57,1,0,75,0,10,-4,C Major,4,1T1U7hqIHhpcMRPR7N8gZX,JPB601209201
1082,"SNOW DOMEの約束","Kis-My-Ft2",110,5B,76,2025-08-15,05:01,36,"j-pop","HIT! HIT! HIT!",2014-03-26,55,56,0,46,0,30,-5,D#/E♭ Major,4,6KLqn06yufujKdrOBI92gk,JPB601304617
1083,"MU-CHU-DE 恋してる","Kis-My-Ft2",134,4B,94,2025-08-15,04:33,28,"j-pop","BEST of Kis-My-Ft2",2021-08-10,58,26,0,61,0,0,-4,G#/A♭ Major,4,3nOgxcg0xq7hlEJ6EIxlg1,JPB601600977
1084,"Shake It Up","Kis-My-Ft2",130,8A,88,2025-08-15,04:17,39,"j-pop","Goodいくぜ！",2013-03-27,71,27,0,90,10,20,-5,A Minor,4,3ZTd5STZcLPqwfThCfUmrC,JPB601223501
1085,"Thank youじゃん！","Kis-My-Ft2",122,8B,93,2025-08-15,04:42,26,"j-pop","KIS-MY-WORLD",2015-07-01,63,1,0,78,0,10,-4,C Major,4,4CR0oH9POjFDTjUBYMQoFP,JPB601404511
1086,"JAPONICA STYLE","SixTONES",122,2A,92,2025-08-15,03:25,55,"j-pop","JAPONICA STYLE",2020-07-22,63,16,0,88,0,20,-4,D#/E♭ Minor,4,1SjLuOQs4syMe9IFW3gNgo,JPU902001135
1087,"僕が僕じゃないみたいだ","SixTONES",180,2B,91,2025-08-15,04:07,53,"j-pop","僕が僕じゃないみたいだ",2021-02-17,39,2,0,77,10,30,-3,F#/G♭ Major,4,7yM33r2iInRLzzTT0NZfhZ,JPU902003619
1088,"Rock this Party","timelesz",120,9B,91,2025-08-15,03:45,54,"j-pop","Rock this Party",2025-02-28,75,0,0,62,0,0,-3,G Major,4,3ca5Q1gTQI3Alaiutw2DDo,JPPO02500506
1089,"ぎゅっと","timelesz",125,7B,84,2025-08-15,03:40,58,"j-pop","Hello! We’re timelesz",2025-02-28,60,1,0,82,0,30,-5,F Major,4,3Tez2fjO4jnPpsLqrl1Zj6,JPPC01702052
1090,"本音と建前","timelesz",120,8A,78,2025-08-15,03:03,51,"j-pop","Hello! We’re timelesz",2025-02-28,61,2,0,60,0,20,-5,A Minor,4,7mXKUHWnU3nV5rnbudS03U,JPPO02302814
1091,"RUN","timelesz",131,10B,92,2025-08-15,03:55,58,"j-pop","Hello! We’re timelesz",2025-02-28,45,0,0,70,0,30,-6,D Major,4,4ko0h3V5HpSI2LqzFeBXUN,JPPO02001977
1092,"名脇役","timelesz",175,6B,44,2025-08-15,04:54,51,"j-pop","Hello! We’re timelesz",2025-02-28,52,72,0,53,0,10,-7,A#/B♭ Major,4,639zCIE1VgXaXwbk2uqoV4,JPPC01702727
1093,"シンデレラガール","King & Prince",132,12B,94,2025-08-15,04:12,62,"j-pop","Mr.5 (Special Edition)",2023-04-19,60,17,0,76,0,30,-4,E Major,4,3nqKzoptpnyofFLEkTtd1v,JPPO01801796
1094,"koi-wazurai","King & Prince",140,10B,95,2025-08-15,04:41,57,"j-pop","Mr.5 (Special Edition)",2023-04-19,54,11,0,63,0,20,-4,D Major,4,4TdzReytamMj8X84QQBn1N,JPPO01903400
1095,"ツキヨミ","King & Prince",106,6A,87,2025-08-15,03:35,63,"j-pop","Mr.5 (Special Edition)",2023-04-19,70,8,0,66,10,0,-4,G Minor,4,0n0KYkqU872R2y7B5FbDJX,JPPO02204079
1096,"恋降る月夜に君想ふ","King & Prince",140,4B,91,2025-08-15,04:29,52,"j-pop","Mr.5 (Special Edition)",2023-04-19,58,17,0,51,0,0,-4,G#/A♭ Major,4,5gHjReguQlnoTe5iBPSxpv,JPPO02103374
1097,"I promise","King & Prince",124,7B,88,2025-08-15,04:32,50,"j-pop","Mr.5 (Special Edition)",2023-04-19,59,3,0,43,0,10,-5,F Major,4,6hkb8JfbwMSxcOqEd5pgtm,JPPO02004055
1098,"君を待ってる","King & Prince",125,5B,92,2025-08-15,04:38,44,"j-pop","Mr.5 (Special Edition)",2023-04-19,59,27,0,82,0,10,-4,D#/E♭ Major,4,1fxWGpQgOMc3YYS0tkSCTg,JPPO01900524
1099,"Mazy Night","King & Prince",130,10A,90,2025-08-15,04:39,45,"j-pop","Mr.5 (Special Edition)",2023-04-19,60,3,0,53,0,20,-5,B Minor,4,0JnEG4W71tcLwVaaU1LRZN,JPPO02001170
1100,"Me Gustas Tu","GFRIEND",106,4B,92,2025-08-15,03:40,65,"k-pop","Flower Bud",2015-07-23,65,17,0,71,0,0,-1,G#/A♭ Major,4,3AtYSKkZ75F7z0fi03pKuq,KRB471501326
1101,"Rough","GFRIEND",112,4B,91,2025-08-15,03:29,65,"k-pop","SNOWFLAKE",2016-01-25,61,15,0,74,0,10,-2,G#/A♭ Major,4,75vepksethG7GrRn815ZYH,KRA381600122
1102,"Season of Memories","GFRIEND",130,4B,87,2025-08-15,03:06,57,"k-pop","Season of Memories",2025-01-05,69,2,0,76,0,0,-3,G#/A♭ Major,4,7LFwi4RolcCPnVEXXXVfQP,USA2P2475136
1103,"Time for the moon night","GFRIEND",170,2B,83,2025-08-15,03:46,59,"k-pop","Time for the moon night",2018-04-30,44,32,0,71,0,0,-1,F#/G♭ Major,4,3LLhE8SrCkXGLjZOFwEhVC,KRA381705151
1104,"NAVILLERA","GFRIEND",125,11A,96,2025-08-15,03:13,59,"k-pop","LOL",2016-07-11,64,4,0,80,0,20,-1,F#/G♭ Minor,4,23wVB9x79s921M2Bbu2SB3,KRA381601301
1105,"Glass Bead","GFRIEND",114,2B,87,2025-08-15,03:23,57,"k-pop","Season Of Glass",2015-01-15,70,20,0,70,0,0,-3,F#/G♭ Major,4,0kXAes90xxL3Ps3VPo8Erv,KRB471500069
1106,"LOVE WHISPER","GFRIEND",114,1A,93,2025-08-15,03:31,56,"k-pop","PARALLEL",2017-08-01,71,13,0,58,0,30,-2,G#/A♭ Minor,4,4pvqqKqEC5GoBca08g2gTb,KRA381701700
1107,"夜(Time for the moon night) - JP ver.","GFRIEND",85,2B,85,2025-08-15,03:49,15,"k-pop","Fallin' Light (初回限定盤)",2019-11-13,53,32,0,55,0,0,-3,F#/G♭ Major,4,3wheFMeg8UMO23Ug006hRR,JPKI01818071
1108,"Glass Bead - JP ver.","GFRIEND",114,2B,91,2025-08-15,03:24,18,"k-pop","今日から私たちは ～GFRIEND 1st BEST～",2018-05-23,67,15,0,67,0,0,-2,F#/G♭ Major,4,1M4UeRMOCxjaLZKplR3rtW,JPKI01814487
1109,"今日から私たちは (Me Gustas Tu) - JP ver.","GFRIEND",106,4B,93,2025-08-15,03:40,19,"k-pop","今日から私たちは ～GFRIEND 1st BEST～",2018-05-23,66,12,0,67,0,0,-2,G#/A♭ Major,4,6UYXbvcWO9FZ9eaMo5cNXv,JPKI01814488
1110,"トキヲコエテ (ROUGH) - JP ver.","GFRIEND",112,4B,91,2025-08-15,03:30,24,"k-pop","今日から私たちは ～GFRIEND 1st BEST～",2018-05-23,59,13,0,77,0,20,-2,G#/A♭ Major,4,3IcjmqslplKI9Xhc6rrlk3,JPKI01814489
1111,"NAVILLERA - JP ver.","GFRIEND",125,11A,95,2025-08-15,03:15,19,"k-pop","今日から私たちは ～GFRIEND 1st BEST～",2018-05-23,64,4,0,79,0,20,-1,F#/G♭ Minor,4,1kvec70JU70Qrz2zWepZ4e,JPKI01814490
1112,"LOVE WHISPER - JP ver.","GFRIEND",114,1A,93,2025-08-15,03:33,21,"k-pop","今日から私たちは ～GFRIEND 1st BEST～",2018-05-23,69,18,0,59,0,30,-1,G#/A♭ Minor,4,3HpA4bt8ErLSrROfsCDWdV,JPKI01814491
1113,"Queencard","i-dle",130,9A,83,2025-08-15,02:41,59,"k-pop","I feel",2023-05-15,82,3,0,70,0,30,-3,E Minor,4,5FSJErpzGIUmp0TMioaQno,KRA392300001
1114,"TOMBOY","i-dle",124,12A,87,2025-08-15,02:54,56,"k-pop","I NEVER DIE",2022-03-14,76,1,0,65,0,0,-2,C♯/D♭ Minor,4,66d2Pd7hvU5u2K0CrPebKF,KRA392100080
1115,"Nxde","i-dle",136,8B,92,2025-08-15,02:58,51,"k-pop","I love",2022-10-17,73,4,0,64,10,40,-2,C Major,4,3cCkeoNWD6HMh8nnQrjbj8,KRA392200038
1116,"Super Lady","i-dle",122,9A,87,2025-08-15,02:32,51,"k-pop","2",2024-01-29,80,9,0,55,10,10,-4,E Minor,4,595C6egwzzoxesgqA5w1lN,KRA392300025
1117,"LATATA - i-dle ver.","i-dle",98,8A,85,2025-08-15,03:22,23,"k-pop","We are i-dle",2025-05-02,74,0,0,59,20,30,-3,A Minor,4,4RlwUyratURq5pJp0RkSnf,JPWP02500560
1118,"MY BAG","i-dle",94,1A,82,2025-08-15,02:40,44,"k-pop","I NEVER DIE",2022-03-14,84,8,0,76,10,10,-4,G#/A♭ Minor,4,6WS4tXXkAcj2uYCymcva0u,KRA392100087
1119,"Allergy","i-dle",165,7B,92,2025-08-15,02:42,49,"k-pop","I feel",2023-05-15,59,5,0,54,10,0,-4,F Major,4,0vscSceMwp5gT5QXp3FBqS,KRA392300002
1120,"LATATA - Japanese ver.","i-dle",98,8A,80,2025-08-15,03:22,32,"k-pop","LATATA (Japanese ver.)",2019-06-28,81,0,0,54,10,20,-4,A Minor,4,2SZcEMawmu7BGQHllLKpkv,JPPO01902394
1121,"In Bloom","ZEROBASEONE",82,2B,90,2025-08-15,03:00,54,"k-pop","YOUTH IN THE SHADE",2023-07-10,52,18,0,39,0,10,-3,F#/G♭ Major,4,7ehS6lPVr1MpddmIjqD7p6,KRA492300568
1122,"Kill This Love","BLACKPINK",132,10B,86,2025-08-15,03:09,1,"k-pop","KILL THIS LOVE",2019-04-05,74,32,0,58,20,30,-4,D Major,4,3TWfEEzcdrkR0CSvWqyUlX,KRA401900005
1123,"Burn It Up","Wanna One",128,10A,85,2025-08-15,03:34,53,"k-pop","1-1=0 (NOTHING WITHOUT YOU)",2017-11-13,64,5,0,60,0,40,-3,B Minor,4,44u6id0tBroYZPLSNCHMnl,KRA491700107
1124,"VERY NICE","SEVENTEEN",122,2A,90,2025-08-15,03:12,68,"k-pop","Love&Letter repackage album",2016-07-04,75,5,0,88,0,0,-3,D#/E♭ Minor,4,1Rrj7KyS2R6SP9CQMDJW1w,KRA381601262
1125,"LOVE ME RIGHT","EXO",110,8B,83,2025-08-15,03:25,64,"k-pop","LOVE ME RIGHT - The 2nd Album Repackage",2015-06-03,63,0,0,76,0,10,-2,C Major,4,1kFevEv3s7Gf6o5xSDR5DL,KRA301500281
1126,"Love Killa","MONSTA X",89,9A,87,2025-08-15,03:02,55,"k-pop, noise music","Fatal Love",2020-11-02,45,8,0,51,40,30,-3,E Minor,4,4hxNs73449mNhfLIvAC9zz,KRMIM2028461
1127,"Over Me","Overdose",68,4B,69,2025-08-15,03:12,53,"k-pop","BOYS PLANET - ARTIST BATTLE",2023-04-06,59,11,0,69,0,20,-4,G#/A♭ Major,4,59oJpXOayvcKGbTXbrZjzF,KRA492300267
1128,"En Garde","En Butter",118,11A,88,2025-08-15,02:54,47,"","BOYS PLANET - ARTIST BATTLE",2023-04-06,73,3,0,81,10,30,-2,F#/G♭ Minor,4,4GZvo0OL3BsRxNrj4TBeP3,KRA492300269
1129,"U+Me=LOVE","7 LOVE Minutes",120,7A,85,2025-08-15,03:10,43,"k-pop","Girls Planet 999 - Creation Mission",2021-10-08,77,5,0,36,0,0,-4,D Minor,4,4QhyAyETegMHHuV1j0hAPj,KRA492101043
1130,"Snake","Medusa",110,7A,85,2025-08-15,03:29,43,"k-pop","Girls Planet 999 - Creation Mission",2021-10-08,77,6,0,76,0,0,-4,D Minor,4,3D7v5jf65I2bNdl4VA5zOZ,KRA492101044
1131,"Rumor","H.I.N.P (Hot Issue of Ntl. Producers)",102,8A,86,2025-08-15,03:17,56,"k-pop","PRODUCE 48 - 30 Girls 6 Concepts",2018-08-18,74,13,0,61,0,40,-3,A Minor,4,2sGdEGK9MbxtM00aVqEEiu,KRA491800734
1132,"NEKKOYA (PICK ME)","PRODUCE 48",128,2B,87,2025-08-15,04:39,47,"k-pop","PRODUCE 48 - NEKKOYA (PICK ME)",2018-05-10,64,4,0,63,0,0,-4,F#/G♭ Major,4,1d6HIG25YuKu3eszsgD1qT,KRA491800376
1133,"Touch my body","HYOLYN",128,11B,92,2025-08-15,03:34,28,"k-pop, k-ballad","<Queendom2> Part.1-1",2022-04-01,59,1,0,67,10,30,-4,A Major,4,33CmoSmppc5Xf65cf3Bv1X,KRA492200268
1134,"NAVILLERA","WJSN",115,10B,86,2025-08-15,04:07,30,"k-pop","<Queendom2> Part.2-1",2022-04-15,59,1,0,25,0,0,-3,D Major,4,5zLCLAce7F5J2OfE4S8yAC,KRA492200290
1135,"五番目の季節 Japanese ver.","OH MY GIRL",126,10A,89,2025-08-15,04:02,26,"k-pop","OH MY GIRL JAPAN 2nd ALBUM",2019-07-03,56,51,0,53,0,40,-3,B Minor,4,5iMOFSCv5BD3oymgHqucTB,JPU901901387
1136,"LEAP HIGH! 〜明日へ、めいっぱい〜","PRODUCE 101 JAPAN THE GIRLS",120,10B,94,2025-08-15,03:27,0,"j-pop","LEAP HIGH! 〜明日へ、めいっぱい〜",2023-09-03,72,0,3,63,0,30,-3,D Major,4,5M1sJDGYb2r1hT7TL0r59i,JPZ342300001
1137,"&ME","NALALA",145,4B,93,2025-08-15,02:55,0,"","35 GIRLS 5 CONCEPTS",2023-12-01,57,0,1,51,10,30,-4,G#/A♭ Major,4,44muA7zBeipDRXs1uaTNLv,JPZ342300007
1138,"FIESTA - Japanese Ver.","IZ*ONE",123,9B,91,2025-08-15,03:41,38,"k-pop","Twelve (Special Edition)",2020-10-21,73,4,0,69,0,30,-2,G Major,4,1IWoF7igE9VPm59E6UceJd,JPPO02002953
1139,"TOXIC","Charm Holic",142,1A,94,2025-08-15,03:13,0,"","35 GIRLS 5 CONCEPTS",2023-12-01,74,14,0,87,0,0,-3,G#/A♭ Minor,4,3ifV9AR4rpcXAsCtAtybna,JPZ342300006
1140,"小悪魔 (Baddie)","CLAW-me",99,10A,74,2025-08-15,03:03,0,"","35 GIRLS 5 CONCEPTS",2023-12-01,67,17,0,81,0,30,-3,B Minor,4,0J6iBRiO4lL28B7LVdtUlR,JPZ342300004
1141,"AtoZ","トキメッキー",171,6B,89,2025-08-15,03:08,0,"","35 GIRLS 5 CONCEPTS",2023-12-01,55,6,0,56,0,10,-3,A#/B♭ Major,4,15jmi8NlqdXuPUb4FcL9lj,JPZ342300003
1142,"BATTER UP","BABYMONSTER",130,10A,69,2025-08-15,03:08,73,"k-pop","BATTER UP",2023-11-27,90,7,0,87,10,10,-5,B Minor,4,3VBj0lzjmhTzVFPEDOjNCG,KRA402300048
1143,"CHOPPY CHOPPY","PRODUCE 101 JAPAN THE GIRLS",114,7B,94,2025-08-15,03:36,0,"j-pop","PRODUCE 101 JAPAN THE GIRLS",2023-12-18,83,20,0,88,0,0,-2,F Major,4,2fAL0rrCcyh2Hfh5idC4Ha,JPZ342300008
1144,"想像以上","PRODUCE 101 JAPAN THE GIRLS",130,11A,85,2025-08-15,03:27,0,"j-pop","PRODUCE 101 JAPAN THE GIRLS",2023-12-18,72,3,0,94,10,20,-2,F#/G♭ Minor,4,3xg2Q6IbJMfRkkOQxjygXo,JPZ342300009
1145,"小悪魔 (Baddie)","CLAW-me",99,11A,75,2025-08-15,03:03,0,"","PRODUCE 101 JAPAN THE GIRLS",2023-12-18,68,17,0,80,0,30,-3,F#/G♭ Minor,4,02UiqEqUA1BwuYjgyCYLzg,JPZ342300004
1146,"Click","ME:I",141,6A,93,2025-08-15,02:45,47,"j-pop","Click",2024-03-25,75,1,0,52,10,0,-3,G Minor,4,2kFUlPHiyXAYMfE0fhoRS4,JPN002400049
1147,"SHEESH","BABYMONSTER",140,10B,73,2025-08-15,02:50,78,"k-pop","BABYMONS7ER",2024-04-01,77,11,0,46,10,0,-5,D Major,4,1njlnn8ZKHI77Pe9szIONR,KRA402400016
1148,"CONNECT","IS:SUE",162,10B,94,2025-08-15,03:11,37,"j-pop","CONNECT",2024-05-16,63,5,0,56,0,30,-3,D Major,4,6tyCsqp5qGXdagwG6rIoru,JPPO02401190
1149,"HOT","SEVENTEEN",112,4A,78,2025-08-15,03:17,69,"k-pop","SEVENTEEN 4th Album 'Face the Sun'",2022-05-27,77,5,0,64,0,30,-4,F Minor,4,6I2tqFhk8tq69iursYxuxd,USA2P2146867
1150,"G.B.T.B.","VERIVERY",160,3B,82,2025-08-15,03:04,34,"k-pop","FACE US",2020-10-13,61,4,0,66,10,30,-4,C♯/D♭ Major,4,6wLJrA7F23llf9xvwXUIft,KRA772000022
1151,"View","SHINee",124,11A,80,2025-08-15,03:10,60,"k-pop","Odd - The 4th Album",2015-05-18,73,4,0,66,0,0,-4,F#/G♭ Minor,4,46E1ic6n099e76t5J1TbHn,KRA301500251
1152,"My House","2PM",176,11A,75,2025-08-15,03:08,43,"k-pop","No.5",2015-09-09,51,0,0,77,20,0,-4,F#/G♭ Minor,4,2TTtQx3bX6MOmbOGcIuio1,US5TA1500026
1153,"CROWN","TOMORROW X TOGETHER",111,7B,80,2025-08-15,03:50,64,"k-pop","The Dream Chapter: STAR",2019-03-04,62,5,0,58,0,0,-6,F Major,4,0EmYZZ8OqeALedVhijSjsg,USUG11900595
1154,"Beautiful Beautiful","ONF",125,7B,95,2025-08-15,03:10,0,"k-pop","ONF:MY NAME",2021-02-24,75,5,0,90,0,0,-4,F Major,4,1JZiSKaF6RRgwxv4IijBUm,KRMIM2101966
1155,"All I Wanna Do (K) (Feat. Hoody & Loco)","Jay Park,Hoody,Loco",97,4B,72,2025-08-15,03:36,62,"k-rap, k-pop","EVERYTHING YOU WANTED",2016-10-20,40,38,0,43,20,0,-6,G#/A♭ Major,4,2FWquqPNxte8iqZ3ATQG0p,KRC711600030
1156,"Shine","PENTAGON",150,5B,80,2025-08-15,03:18,43,"k-pop","Positive",2018-09-22,74,41,0,79,0,0,-2,D#/E♭ Major,4,0a5F7plNlkw3Md03QrPlss,KRA391800013
1157,"주문 Mirotic - Live","TVXQ!",100,12A,85,2025-08-15,03:36,39,"k-pop","THE 4th WORLD TOUR 'Catch Me' LIVE ALBUM",2014-05-22,64,21,0,56,0,90,-4,C♯/D♭ Minor,4,2sX8TqQZIEwNHybyH3gXld,KRA301300564
1158,"Replay","SHINee",100,3B,78,2025-08-15,03:33,69,"k-pop","The SHINee World - The First Album",2008-08-28,72,18,0,59,0,10,-2,C♯/D♭ Major,4,1rp986nzkyAX1wFpxzbwlC,KRA300803086
1159,"LOVE SCENARIO - KR Ver.","iKON",118,9B,71,2025-08-15,03:29,53,"k-pop","RETURN (KR EDITION)",2018-01-27,81,33,0,76,0,20,-5,G Major,4,7M464M9FHtaBlMqSXoqsJK,KRA401800015
1160,"Attention","NewJeans",105,3A,65,2025-08-15,03:00,77,"k-pop","NewJeans 1st EP 'New Jeans'",2022-08-01,81,24,0,70,0,0,-4,A#/B♭ Minor,4,2pIUpMhHL6L9Z5lnKxJJr9,USA2P2230221
1161,"Shut Down","BLACKPINK",110,8B,66,2025-08-15,02:55,0,"k-pop","BORN PINK",2022-09-16,81,0,0,65,0,10,-6,C Major,3,1KQyxaQISEB799RlYRAO9V,KRA402200020
1162,"My My","SEVENTEEN",100,8B,88,2025-08-15,03:05,42,"k-pop","Heng:garae",2020-06-22,69,13,0,58,0,0,-3,C Major,4,7A85nyW5LJGseNKK3mYfvu,KRA872000006
1163,"MORE & MORE","TWICE",107,7B,84,2025-08-15,03:19,52,"k-pop","MORE & MORE",2020-06-01,74,3,0,56,0,10,-4,F Major,4,2bAAj29XGc4h1G4oEGYCmg,US5TA2000050
1164,"Into the I-LAND","IU",122,8B,93,2025-08-15,03:37,50,"k-pop, k-ballad","I-LAND Part.1 Signal Song",2020-06-19,52,14,0,31,10,10,-4,C Major,4,4YvtgtEH5E1pahZu9uzKRy,KRA382002102
1165,"LOVEADE","VIVIZ",114,3B,79,2025-08-15,03:38,40,"k-pop","The 2nd Mini Album 'Summer Vibe'",2022-07-06,80,1,0,75,10,0,-4,C♯/D♭ Major,4,1izYYHPd5sTQlVVe5YferR,KRA382206018
1166,"Kill This Love","BLACKPINK",132,10B,86,2025-08-16,03:09,71,"k-pop","Kill This Love",2019-04-05,74,32,0,58,20,30,-4,D Major,4,5GK7eDDTVz7CTge1wJrDQW,KRA401900005
1167,"BOOMBAYAH - KR Ver.","BLACKPINK",125,4A,85,2025-08-16,04:01,56,"k-pop","SQUARE TWO",2017-07-20,66,0,0,38,0,40,-3,F Minor,4,1qAPA8TooLVEqAZ58fhcrt,KRA401600169
1168,"How You Like That","BLACKPINK",130,1B,79,2025-08-16,03:00,70,"k-pop","THE ALBUM",2020-10-02,81,5,0,33,0,0,-4,B Major,4,6bvZRLLkBKkmgpBJTTj3QK,KRA402000111
1169,"Lovesick Girls","BLACKPINK",128,2B,73,2025-08-16,03:12,70,"k-pop","THE ALBUM",2020-10-02,66,1,0,41,0,10,-5,F#/G♭ Major,4,1GMufNnkKAnPLnqKJ5HHxW,KRA402000136
1170,"Shut Down","BLACKPINK",110,8B,66,2025-08-16,02:55,70,"k-pop","BORN PINK",2022-09-16,81,0,0,65,0,10,-6,C Major,3,6tCd8bPvYnceDG7W9M1RMk,KRA402200020
1171,"How You Like That - JP Ver.","BLACKPINK",130,1B,76,2025-08-16,03:00,44,"k-pop","How You Like That (JP Ver.)",2021-07-27,82,9,0,36,10,0,-4,B Major,4,3VrjgpzoorLGYfaOXaOXOT,JPPO02101159
1172,"Lovesick Girls - JP Ver.","BLACKPINK",128,2B,72,2025-08-16,03:12,44,"k-pop","Lovesick Girls (JP Ver.)",2021-07-13,65,1,0,35,0,10,-4,F#/G♭ Major,4,0UJRzax7oFLoK8Sb9IcPcm,JPPO02101161
1173,"BOOMBAYAH - Japanese Version","BLACKPINK",125,4A,87,2025-08-16,04:00,53,"k-pop","BLACKPINK IN YOUR AREA (Japanese Version)",2018-12-05,75,2,0,51,0,30,-2,F Minor,4,5nIjOnMbC0QDMrYFLGx0yV,JPB601702278
1174,"AS IF IT’S YOUR LAST - Japanese Version","BLACKPINK",125,4B,87,2025-08-16,03:32,49,"k-pop","BLACKPINK IN YOUR AREA (Japanese Version)",2018-12-05,77,13,0,53,0,0,-2,G#/A♭ Major,4,5DVgfulxeJZJYc8FseyfUf,JPB601702282
1175,"FANTASTIC BABY - Japanese ver.","BIGBANG",130,10A,83,2025-08-16,03:51,62,"k-pop","ALIVE",2012-03-28,72,0,0,43,0,0,-3,B Minor,4,26JeAi8xsSvLRoNsl9B8Js,JPB601211901
1176,"HARU HARU - KR Ver.","BIGBANG",126,2B,92,2025-08-16,04:16,52,"k-pop","Stand Up - 3rd Mini Album",2018-12-26,69,16,0,69,0,0,-5,F#/G♭ Major,4,5Jz2gbiZ4CL1MmNEPsqmY5,KRA341104530
1177,"黄昏ラビリンス","不破湊",200,1A,78,2025-10-08,03:09,36,"","Persona",2024-09-04,62,14,0,86,20,0,-5,G#/A♭ Minor,4,64J6lKDOigvLLLr0nJGzAl,JPY252400062
1178,"Cheshire - Japanese ver.","ITZY",99,9B,82,2025-10-21,03:03,29,"k-pop","RINGO",2023-10-18,78,29,0,71,0,50,-3,G Major,4,2juvJH4T65amvKeY7wTrjK,JPWP02370727
1179,"チェリボム","SILENT SIREN",95,2B,93,2025-11-10,04:02,55,"j-rock, j-pop","S",2016-03-02,63,0,0,84,0,30,-3,F#/G♭ Major,4,343QgBIgEHYO4HtDNsblkn,JPN901503100
1180,"八月の夜","SILENT SIREN",188,3B,93,2025-11-10,04:19,57,"j-rock, j-pop","S",2016-03-02,46,0,0,76,0,30,-4,C♯/D♭ Major,4,0nwBcHgGSsIYSUmFDywTIH,JPN901501520
1181,"milk boy","SILENT SIREN",97,3A,87,2025-11-10,03:55,54,"j-rock, j-pop","S",2016-03-02,61,0,0,88,0,30,-3,A#/B♭ Minor,4,5LSMazrndE283ttCAbsWdN,JPN901600110
1182,"ハピマリ","SILENT SIREN",152,12B,95,2025-11-10,04:58,29,"j-rock, j-pop","S",2016-03-02,57,6,0,82,0,20,-4,E Major,4,0Lmik8PXL8Ww7vncRZMeMn,JPN901501250
1183,"Love install","SILENT SIREN",160,10A,94,2025-11-10,03:44,22,"j-rock, j-pop","S",2016-03-02,55,1,11,72,10,40,-4,B Minor,4,6ZkNpVTyF2MSAkDeOWiknc,JPN901600120
1184,"hikari","SILENT SIREN",130,5B,82,2025-11-10,04:14,24,"j-rock, j-pop","S",2016-03-02,69,8,0,84,0,10,-4,D#/E♭ Major,4,3munOrCxvaxxIQ7z2TNJEC,JPN901502420
1185,"吉田さん","SILENT SIREN",95,11B,93,2025-11-10,03:32,32,"j-rock, j-pop","S",2016-03-02,60,0,0,82,0,0,-1,A Major,4,5tTC7RYxnE8HhCga6ZVCNX,JPN901600130
1186,"レイラ","SILENT SIREN",135,4A,84,2025-11-10,04:27,22,"j-rock, j-pop","S",2016-03-02,60,2,0,64,0,10,-2,F Minor,4,41OTfpTTf7RNEV2oLLWFQz,JPN901600140
1187,"alarm","SILENT SIREN",138,7B,79,2025-11-10,04:12,23,"j-rock, j-pop","S",2016-03-02,61,1,0,64,0,0,-4,F Major,4,7r1Iw5pkjxzP7gF5ldagBa,JPN901502410
1188,"nukumor","SILENT SIREN",160,9B,77,2025-11-10,05:32,21,"j-rock, j-pop","S",2016-03-02,54,5,0,57,0,10,-2,G Major,4,6c6fxvup5ssbxsJEI2LpSX,JPN901600150
1189,"C.A.F.E.","SILENT SIREN",120,6B,90,2025-11-10,03:34,23,"j-rock, j-pop","S",2016-03-02,63,1,0,90,0,20,-2,A#/B♭ Major,4,4aytuSfbW3hW1cK4xFjKQC,JPN901600160
1190,"スローモーニング","SILENT SIREN",95,12A,85,2025-11-10,03:56,50,"j-rock, j-pop","S",2016-03-02,57,0,0,78,0,10,-3,C♯/D♭ Minor,4,1YLp8V37gEGsOXcfnXvTqj,JPN901600170
1191,"secret base ~君がくれたもの~","SILENT SIREN",135,2B,69,2025-11-10,05:42,41,"j-rock, j-pop","S",2016-03-02,54,12,0,35,0,0,-5,F#/G♭ Major,4,4OePXpWxMU9CPbBILm4Rpi,JPN901501530
1192,"ありがとう (ASAHI x HARUTO Unit) - TREASURE JAPAN TOUR 2022-23 ~HELLO~ SPECIAL in KYOCERA DOME OSAKA","TREASURE",170,3B,92,2025-11-11,03:21,28,"k-pop","TREASURE JAPAN TOUR 2022-23 ~HELLO~ SPECIAL in KYOCERA DOME OSAKA",2023-12-06,39,1,0,47,10,90,-6,C♯/D♭ Major,4,4ec08XucrmY07aMvv9AuQ8,JPB602308614
1193,"BEAUTIFUL - TREASURE JAPAN TOUR 2022-23 ~HELLO~ SPECIAL in KYOCERA DOME OSAKA","TREASURE",128,8B,79,2025-11-11,03:51,25,"k-pop","TREASURE JAPAN TOUR 2022-23 ~HELLO~ SPECIAL in KYOCERA DOME OSAKA",2023-12-06,58,18,0,52,0,70,-6,C Major,4,1Z8irITHEIHpiOESTpEGo8,JPB602308623
1194,"Here I Stand - TREASURE JAPAN TOUR 2022-23 ~HELLO~ SPECIAL in KYOCERA DOME OSAKA","TREASURE",130,3B,89,2025-11-11,04:19,23,"k-pop","TREASURE JAPAN TOUR 2022-23 ~HELLO~ SPECIAL in KYOCERA DOME OSAKA",2023-12-06,56,2,0,49,0,50,-6,C♯/D♭ Major,4,75v2tRDhpTzssI4sXAoGK5,JPB602308621
1195,"GOING CRAZY (Remix) + B.L.T (BLING LIKE THIS) (Remix) + ORANGE (Remix) - TREASURE JAPAN TOUR 2022-23 ~HELLO~ SPECIAL in KYOCERA DOME OSAKA","TREASURE,FUTURE BOUNCE,Q,TRNC",135,10B,90,2025-11-11,08:07,32,"k-pop, latin hip hop","TREASURE JAPAN TOUR 2022-23 ~HELLO~ SPECIAL in KYOCERA DOME OSAKA",2023-12-06,46,5,0,44,0,50,-6,D Major,4,4wtCKLpsi8sV85uyTKlECb,JPB602308630
1196,"BANG BANG BANG - TREASURE JAPAN TOUR 2022-23 ~HELLO~ SPECIAL in KYOCERA DOME OSAKA","TREASURE",135,3B,94,2025-11-11,02:48,30,"k-pop","TREASURE JAPAN TOUR 2022-23 ~HELLO~ SPECIAL in KYOCERA DOME OSAKA",2023-12-06,61,3,0,52,0,60,-5,C♯/D♭ Major,4,3YcyrGRmOzUAujtZVkao29,JPB602308618
1197,"DARARI - ROCK REMIX - TREASURE JAPAN TOUR 2022-23 ~HELLO~ SPECIAL in KYOCERA DOME OSAKA","TREASURE,DEE.P",170,8B,89,2025-11-11,03:48,33,"k-pop, ","TREASURE JAPAN TOUR 2022-23 ~HELLO~ SPECIAL in KYOCERA DOME OSAKA",2023-12-06,45,13,0,77,0,70,-6,C Major,4,728NGqvqcMp5WhBpqrjymi,JPB602308624
1198,"BFF (Best Friend Forever) - TREASURE JAPAN TOUR 2022-23 ~HELLO~ SPECIAL in KYOCERA DOME OSAKA","TREASURE",170,11B,92,2025-11-11,03:33,42,"k-pop","TREASURE JAPAN TOUR 2022-23 ~HELLO~ SPECIAL in KYOCERA DOME OSAKA",2023-12-06,51,11,0,70,10,70,-6,A Major,4,48Gb4GOhh8FGtB74jy9y7Y,JPB602308629
1199,"HELLO - JP Ver.- TREASURE JAPAN TOUR 2022-23 ~HELLO~ SPECIAL in KYOCERA DOME OSAKA","TREASURE",135,10B,89,2025-11-11,03:02,23,"k-pop","TREASURE JAPAN TOUR 2022-23 ~HELLO~ SPECIAL in KYOCERA DOME OSAKA",2023-12-06,59,3,0,38,0,70,-6,D Major,3,6nrnqqCswnwn2VdHTdcKKp,JPB602308609
1200,"RHYTHM TA - REMIX -Rock Ver.- TREASURE JAPAN TOUR 2022-23 ~HELLO~ SPECIAL in KYOCERA DOME OSAKA","TREASURE,P.K",174,9B,94,2025-11-11,02:41,30,"k-pop, ","TREASURE JAPAN TOUR 2022-23 ~HELLO~ SPECIAL in KYOCERA DOME OSAKA",2023-12-06,44,2,0,50,10,40,-6,G Major,4,1XafsGIvtS027z2nGX7C9N,JPB602308617
1201,"JIKJIN - JP Ver.- TREASURE JAPAN TOUR 2022-23 ~HELLO~ SPECIAL in KYOCERA DOME OSAKA","TREASURE",130,9B,92,2025-11-11,03:53,25,"k-pop","TREASURE JAPAN TOUR 2022-23 ~HELLO~ SPECIAL in KYOCERA DOME OSAKA",2023-12-06,62,1,0,31,0,70,-6,G Major,4,3f0nqmq26zsvTWyMQ17eqV,JPB602308601
1202,"MY TREASURE - JP Ver.- TREASURE JAPAN TOUR 2022-23 ~HELLO~ SPECIAL in KYOCERA DOME OSAKA","TREASURE",108,2B,86,2025-11-11,03:26,22,"k-pop","TREASURE JAPAN TOUR 2022-23 ~HELLO~ SPECIAL in KYOCERA DOME OSAKA",2023-12-06,63,25,0,64,0,20,-6,F#/G♭ Major,4,6kUkierl2uChy5oSXIn0OA,JPB602308620
1203,"B.L.T (BLING LIKE THIS) - TREASURE JAPAN TOUR 2022-23 ~HELLO~ SPECIAL in KYOCERA DOME OSAKA","TREASURE",128,9B,92,2025-11-11,03:21,23,"k-pop","TREASURE JAPAN TOUR 2022-23 ~HELLO~ SPECIAL in KYOCERA DOME OSAKA",2023-12-06,61,6,0,66,10,50,-6,G Major,4,6gnNK32TOUpfPPU0eibmfv,JPB602308606
1204,"IT’S OKAY - TREASURE JAPAN TOUR 2022-23 ~HELLO~ SPECIAL in KYOCERA DOME OSAKA","TREASURE",144,10B,55,2025-11-11,03:38,24,"k-pop","TREASURE JAPAN TOUR 2022-23 ~HELLO~ SPECIAL in KYOCERA DOME OSAKA",2023-12-06,55,32,0,34,0,40,-8,D Major,4,6azGhZeUIhNYkKwFYr1K1N,JPB602308608
1205,"オレンジ - TREASURE JAPAN TOUR 2022-23 ~HELLO~ SPECIAL in KYOCERA DOME OSAKA","TREASURE",130,3B,69,2025-11-11,04:19,26,"k-pop","TREASURE JAPAN TOUR 2022-23 ~HELLO~ SPECIAL in KYOCERA DOME OSAKA",2023-12-06,68,11,0,51,0,70,-8,C♯/D♭ Major,4,1hT2ZMKeTqcVhdnbGpL3d7,JPB602308612
1206,"SLOWMOTION - TREASURE JAPAN TOUR 2022-23 ~HELLO~ SPECIAL in KYOCERA DOME OSAKA","TREASURE",166,8B,55,2025-11-11,03:00,23,"k-pop","TREASURE JAPAN TOUR 2022-23 ~HELLO~ SPECIAL in KYOCERA DOME OSAKA",2023-12-06,49,11,0,46,0,40,-8,C Major,4,6pxoxLu1KWKwoLnmfXwutc,JPB602308607
1207,"DARARI - TREASURE JAPAN TOUR 2022-23 ~HELLO~ SPECIAL in KYOCERA DOME OSAKA","TREASURE",170,8B,70,2025-11-11,03:39,23,"k-pop","TREASURE JAPAN TOUR 2022-23 ~HELLO~ SPECIAL in KYOCERA DOME OSAKA",2023-12-06,55,35,0,71,0,60,-7,C Major,4,1ZsoqPFGvH1jrRh8QqGW4F,JPB602308611
1208,"COME TO ME - TREASURE JAPAN TOUR 2022-23 ~HELLO~ SPECIAL in KYOCERA DOME OSAKA","TREASURE",105,1B,92,2025-11-11,03:25,25,"k-pop","TREASURE JAPAN TOUR 2022-23 ~HELLO~ SPECIAL in KYOCERA DOME OSAKA",2023-12-06,72,18,0,74,0,60,-7,B Major,4,2q2gDhXfr7CfuUXEeHoUNp,JPB602308605
1209,"病 - TREASURE JAPAN TOUR 2022-23 ~HELLO~ SPECIAL in KYOCERA DOME OSAKA","TREASURE",118,1B,88,2025-11-11,03:30,25,"k-pop","TREASURE JAPAN TOUR 2022-23 ~HELLO~ SPECIAL in KYOCERA DOME OSAKA",2023-12-06,64,24,0,70,0,90,-6,B Major,4,3B5YpW7q3A21IncGwh42FQ,JPB602308622
1210,"CLAP! - TREASURE JAPAN TOUR 2022-23 ~HELLO~ SPECIAL in KYOCERA DOME OSAKA","TREASURE",160,1A,93,2025-11-11,03:00,23,"k-pop","TREASURE JAPAN TOUR 2022-23 ~HELLO~ SPECIAL in KYOCERA DOME OSAKA",2023-12-06,61,12,0,85,0,10,-6,G#/A♭ Minor,4,4hahIAi3x3THHG45Wdlhds,JPB602308610
1211,"I LOVE YOU - JP Ver.- TREASURE JAPAN TOUR 2022-23 ~HELLO~ SPECIAL in KYOCERA DOME OSAKA","TREASURE",130,4B,87,2025-11-11,03:12,27,"k-pop","TREASURE JAPAN TOUR 2022-23 ~HELLO~ SPECIAL in KYOCERA DOME OSAKA",2023-12-06,62,1,0,43,0,40,-6,G#/A♭ Major,4,3Dkf4jepWvqxbz7hz1u3lW,JPB602308603
1212,"U - TREASURE JAPAN TOUR 2022-23 ~HELLO~ SPECIAL in KYOCERA DOME OSAKA","TREASURE",116,1B,72,2025-11-11,02:48,22,"k-pop","TREASURE JAPAN TOUR 2022-23 ~HELLO~ SPECIAL in KYOCERA DOME OSAKA",2023-12-06,74,21,0,65,0,70,-8,B Major,4,0WWyP2iHfFaSa1yBHZ5cqN,JPB602308619
1213,"HOLD IT IN - TREASURE JAPAN TOUR 2022-23 ~HELLO~ SPECIAL in KYOCERA DOME OSAKA","TREASURE",130,6B,57,2025-11-11,03:16,25,"k-pop","TREASURE JAPAN TOUR 2022-23 ~HELLO~ SPECIAL in KYOCERA DOME OSAKA",2023-12-06,63,14,0,28,0,10,-8,A#/B♭ Major,4,65KNeawQ2mnP8WfmbgvmYw,JPB602308613
1214,"GOING CRAZY - TREASURE JAPAN TOUR 2022-23 ~HELLO~ SPECIAL in KYOCERA DOME OSAKA","TREASURE",125,1A,90,2025-11-11,03:48,26,"k-pop","TREASURE JAPAN TOUR 2022-23 ~HELLO~ SPECIAL in KYOCERA DOME OSAKA",2023-12-06,63,5,0,53,0,70,-7,G#/A♭ Minor,4,1L1X2XHBWIxWPfbPuZu7JQ,JPB602308604
1215,"VolKno (CHOI HYUN SUK x YOSHI x HARUTO Unit) - TREASURE JAPAN TOUR 2022-23 ~HELLO~ SPECIAL in KYOCERA DOME OSAKA","TREASURE",98,7B,91,2025-11-11,03:14,25,"k-pop","TREASURE JAPAN TOUR 2022-23 ~HELLO~ SPECIAL in KYOCERA DOME OSAKA",2023-12-06,61,3,0,50,0,20,-6,F Major,4,4YRYXYjjrnBdurLOEeR6sI,JPB602308615
1216,"BOY - JP Ver.- TREASURE JAPAN TOUR 2022-23 ~HELLO~ SPECIAL in KYOCERA DOME OSAKA","TREASURE",110,12A,89,2025-11-11,03:27,22,"k-pop","TREASURE JAPAN TOUR 2022-23 ~HELLO~ SPECIAL in KYOCERA DOME OSAKA",2023-12-06,62,2,0,45,0,90,-6,C♯/D♭ Minor,4,2TZojAGvGDoXOUcEWvPMIl,JPB602308602
1217,"MOVE (T5) - JP Ver.","TREASURE",95,5A,60,2025-11-11,03:28,31,"k-pop","REBOOT (JP SPECIAL SELECTION)",2024-02-21,69,8,0,26,0,30,-6,C Minor,4,70HdE36ZRh49beIxo4ZVjA,JPB602303777
1218,"BONA BONA - JP Ver.","TREASURE",132,4A,65,2025-11-11,03:32,31,"k-pop","REBOOT (JP SPECIAL SELECTION)",2024-02-21,71,6,0,29,0,10,-5,F Minor,4,56cOc0aOPWC4JW8fUqh3LN,JPB602303577
1219,"B.O.M.B - JP Ver.","TREASURE",120,6A,82,2025-11-11,03:21,40,"k-pop","REBOOT (JP SPECIAL SELECTION)",2024-02-21,79,29,0,80,0,0,-4,G Minor,3,6PHO0SqJq2CYXMMfMN8QVa,JPB602400724
1220,"KING KONG","TREASURE",120,4A,81,2025-11-11,03:16,45,"k-pop","KING KONG",2024-05-28,76,2,0,76,0,30,-6,F Minor,4,3bkYcnN64tnIHRWwrF9X6r,KRA402400030
1221,"REVERSE","TREASURE",134,9B,87,2025-11-11,03:30,42,"k-pop","REVERSE",2024-07-27,67,4,0,46,0,30,-3,G Major,4,5KlKadHo3z2nuSpWZNgpj3,JPB602402481
1222,"REVERSE - Drama Edit","TREASURE",134,9B,87,2025-11-11,01:25,41,"k-pop","REVERSE (Drama Edit)",2024-07-10,70,2,0,67,0,30,-3,G Major,4,6vcNwgGAmINOsAznFM46SK,JPB602402482
1223,"KING KONG - JP Ver.","TREASURE",120,4A,81,2025-11-11,03:16,36,"k-pop","KING KONG / REVERSE",2024-08-19,75,2,0,79,0,30,-5,F Minor,4,6Q96nfYOcmF1ORjAn9uIhW,JPB602402480
1224,"REVERSE","TREASURE",134,9B,87,2025-11-11,03:30,30,"k-pop","KING KONG / REVERSE",2024-08-19,67,4,0,46,0,30,-3,G Major,4,0LmCMiWmWJ0RWG8RtyUKVr,JPB602402481
1225,"WAYO","BANG YEDAM",100,4B,36,2025-11-11,03:25,50,"","WAYO",2020-06-05,68,43,0,72,0,10,-7,G#/A♭ Major,4,0BOVjtn27VIF8Ph0CSIKyG,KRA402000109
1226,"LAST NIGHT","TREASURE",130,5B,67,2025-11-11,02:58,48,"k-pop","LAST NIGHT",2024-12-05,72,6,0,46,0,10,-5,D#/E♭ Major,4,0wj6YvMyjLLcGKJtG0GIRR,KRA402400074
1227,"MMM - Rock Ver. -JP Ver.- TREASURE JAPAN TOUR 2022-23 ~HELLO~ SPECIAL in KYOCERA DOME OSAKA","TREASURE",160,3B,94,2025-11-11,03:29,26,"k-pop","TREASURE JAPAN TOUR 2022-23 ~HELLO~ SPECIAL in KYOCERA DOME OSAKA",2023-12-06,54,1,0,47,10,60,-6,C♯/D♭ Major,4,3iEd0mTmjBWRm2l4McR0Mm,JPB602308616
1228,"KING KONG - 2024 TREASURE FAN MEETING~WONDERLAND~","TREASURE",120,3B,97,2025-11-11,03:17,26,"k-pop","2024 TREASURE FAN MEETING~WONDERLAND~",2024-11-06,63,10,0,42,0,90,-5,C♯/D♭ Major,4,5NqC8crHNXoihch1Hmvt5X,JPB602403537
1229,"BONA BONA - JP Ver. -2024 TREASURE FAN MEETING~WONDERLAND~","TREASURE",132,4A,89,2025-11-11,03:34,22,"k-pop","2024 TREASURE FAN MEETING~WONDERLAND~",2024-11-06,51,11,0,29,0,30,-5,F Minor,4,3xYJjG1pr0zge777xcw0s2,JPB602403538
1230,"HELLO - JP Ver. -2024 TREASURE FAN MEETING~WONDERLAND~","TREASURE",135,10B,92,2025-11-11,03:01,23,"k-pop","2024 TREASURE FAN MEETING~WONDERLAND~",2024-11-06,51,6,0,53,0,60,-4,D Major,4,79J2pb1uuzxGqipdPdBU2h,JPB602403539
1231,"B.O.M.B - JP Ver. -2024 TREASURE FAN MEETING~WONDERLAND~","TREASURE",120,6B,93,2025-11-11,03:20,24,"k-pop","2024 TREASURE FAN MEETING~WONDERLAND~",2024-11-06,61,36,0,59,0,50,-5,A#/B♭ Major,4,3PDThx9pVHCPfaPdUTy8gb,JPB602403540
1232,"Here I Stand - 2024 TREASURE FAN MEETING~WONDERLAND~","TREASURE",130,3B,86,2025-11-11,04:05,23,"k-pop","2024 TREASURE FAN MEETING~WONDERLAND~",2024-11-06,50,14,0,64,0,60,-5,C♯/D♭ Major,4,0bACew0JJ8sqq7E9QjdSVw,JPB602403541
1233,"DARARI - ROCK REMIX -2024 TREASURE FAN MEETING~WONDERLAND~","TREASURE",170,9B,96,2025-11-11,03:45,33,"k-pop","2024 TREASURE FAN MEETING~WONDERLAND~",2024-11-06,39,14,0,46,10,70,-4,G Major,4,2e5fMUeP3Kg9acT4PN6cIY,JPB602403542
1234,"LET IT BURN - 2024 TREASURE FAN MEETING~WONDERLAND~","TREASURE",128,12A,89,2025-11-11,03:30,25,"k-pop","2024 TREASURE FAN MEETING~WONDERLAND~",2024-11-06,54,24,0,60,0,10,-5,C♯/D♭ Minor,4,4EzkI0eBGYqh37hf0ezPGj,JPB602403543
1235,"REVERSE - 2024 TREASURE FAN MEETING~WONDERLAND~","TREASURE",134,9B,95,2025-11-11,03:39,25,"k-pop","2024 TREASURE FAN MEETING~WONDERLAND~",2024-11-06,53,21,0,31,10,50,-4,G Major,4,28CVxsKdALu83246B4PUEM,JPB602403544
1236,"BONA BONA - JP Ver. -2024 TREASURE TOUR REBOOT IN JAPAN","TREASURE",132,4B,93,2025-11-11,03:49,26,"k-pop","2024 TREASURE TOUR [REBOOT] IN JAPAN",2024-11-06,41,3,0,23,10,90,-6,G#/A♭ Major,4,5SmuZybKCGr1i4A7LOXmgx,JPB602403512
1237,"JIKJIN - JP Ver. -2024 TREASURE TOUR REBOOT IN JAPAN","TREASURE",130,9B,92,2025-11-11,03:20,25,"k-pop","2024 TREASURE TOUR [REBOOT] IN JAPAN",2024-11-06,52,6,0,38,10,90,-6,G Major,4,4RW7naiVElVrh8LW88LFEf,JPB602403513
1238,"BOY - JP Ver. -2024 TREASURE TOUR REBOOT IN JAPAN","TREASURE",110,11A,91,2025-11-11,03:21,26,"k-pop","2024 TREASURE TOUR [REBOOT] IN JAPAN",2024-11-06,55,0,0,47,0,30,-6,F#/G♭ Minor,4,4Sl7cGdadqeO2sMcEhxYaI,JPB602403514
1239,"HELLO - JP Ver. -2024 TREASURE TOUR REBOOT IN JAPAN","TREASURE",135,10B,92,2025-11-11,03:07,25,"k-pop","2024 TREASURE TOUR [REBOOT] IN JAPAN",2024-11-06,43,2,0,38,10,60,-6,D Major,4,5eP1Cq4fSBAY4R31zJexSb,JPB602403515
1240,"B.L.T (BLING LIKE THIS) - 2024 TREASURE TOUR REBOOT IN JAPAN","TREASURE",128,9B,92,2025-11-11,03:22,25,"k-pop","2024 TREASURE TOUR [REBOOT] IN JAPAN",2024-11-06,48,10,0,65,10,80,-6,G Major,4,0O3i7CNBaq09dQSSHsAOHM,JPB602403516
1241,"STUPID - 2024 TREASURE TOUR REBOOT IN JAPAN","TREASURE",133,1B,93,2025-11-11,03:07,27,"k-pop","2024 TREASURE TOUR [REBOOT] IN JAPAN",2024-11-06,44,6,0,57,0,60,-6,B Major,4,5bwLaRm4LOgZ3YewLAYxeA,JPB602403517
1242,"MOVE (T5) - 2024 TREASURE TOUR REBOOT IN JAPAN","TREASURE",95,6B,89,2025-11-11,04:04,26,"k-pop","2024 TREASURE TOUR [REBOOT] IN JAPAN",2024-11-06,43,6,0,19,0,80,-7,A#/B♭ Major,4,243vW3PmLDBWtzlMvgmrAB,JPB602403518
1243,"ありがとう (ASAHI x HARUTO Unit) - 2024 TREASURE TOUR REBOOT IN JAPAN","TREASURE",170,3B,87,2025-11-11,04:06,29,"k-pop","2024 TREASURE TOUR [REBOOT] IN JAPAN",2024-11-06,29,8,0,33,10,90,-6,C♯/D♭ Major,4,3HprjbbAL3NUKV66EaVsdw,JPB602403519
1244,"G.O.A.T (CHOI HYUN SUK × YOSHI × HARUTO Unit) - 2024 TREASURE TOUR REBOOT IN JAPAN","TREASURE",99,9B,98,2025-11-11,02:18,25,"k-pop","2024 TREASURE TOUR [REBOOT] IN JAPAN",2024-11-06,52,11,0,32,10,90,-6,G Major,4,4bmsWtPuisZNvweSmmNGuo,JPB602403520
1245,"VolKno (CHOI HYUN SUK x YOSHI x HARUTO Unit) - 2024 TREASURE TOUR REBOOT IN JAPAN","TREASURE",98,4A,97,2025-11-11,01:13,23,"k-pop","2024 TREASURE TOUR [REBOOT] IN JAPAN",2024-11-06,40,1,0,39,0,90,-5,F Minor,4,54ANVhRCoeClz6MY2DR22A,JPB602403521
1246,"MMM - Rock Ver. -JP Ver. ‐2024 TREASURE TOUR REBOOT IN JAPAN","TREASURE",160,4B,96,2025-11-11,03:49,27,"k-pop","2024 TREASURE TOUR [REBOOT] IN JAPAN",2024-11-06,36,1,0,38,10,90,-6,G#/A♭ Major,4,5LRYPTssTgfb2IVB8rIrrB,JPB602403522
1247,"THE WAY TO (JIHOON × JUNKYU × PARK JEONG WOO Unit) - 2024 TREASURE TOUR REBOOT IN JAPAN","TREASURE",140,12A,46,2025-11-11,03:33,23,"k-pop","2024 TREASURE TOUR [REBOOT] IN JAPAN",2024-11-06,44,56,0,27,0,90,-10,C♯/D♭ Minor,4,2oZRVzirm4aTNVENbnuD9u,JPB602403523
1248,"ORANGE - 2024 TREASURE TOUR REBOOT IN JAPAN","TREASURE",130,3B,70,2025-11-11,04:19,26,"k-pop","2024 TREASURE TOUR [REBOOT] IN JAPAN",2024-11-06,55,31,0,65,0,80,-8,C♯/D♭ Major,4,5qYhBOQFF0oUNw3CeuutDv,JPB602403524
1249,"HOLD IT IN - 2024 TREASURE TOUR REBOOT IN JAPAN","TREASURE",130,6B,68,2025-11-11,03:23,26,"k-pop","2024 TREASURE TOUR [REBOOT] IN JAPAN",2024-11-06,52,50,0,29,0,90,-8,A#/B♭ Major,4,6woBuZAFKFxU8xfYOuMbVD,JPB602403525
1250,"WONDERLAND - 2024 TREASURE TOUR REBOOT IN JAPAN","TREASURE",118,3B,87,2025-11-11,02:59,26,"k-pop","2024 TREASURE TOUR [REBOOT] IN JAPAN",2024-11-06,57,23,0,61,0,90,-6,C♯/D♭ Major,4,1B5X7bWoxOmAXtcnnFMFGS,JPB602403526
1251,"B.O.M.B - JP Ver. -2024 TREASURE TOUR REBOOT IN JAPAN","TREASURE",120,6A,88,2025-11-11,03:21,25,"k-pop","2024 TREASURE TOUR [REBOOT] IN JAPAN",2024-11-06,53,27,0,58,0,60,-6,G Minor,4,1cZPSjUEWShSlED5Nb76iK,JPB602403527
1252,"I WANT YOUR LOVE - 2024 TREASURE TOUR REBOOT IN JAPAN","TREASURE",128,5A,91,2025-11-11,03:13,28,"k-pop","2024 TREASURE TOUR [REBOOT] IN JAPAN",2024-11-06,51,21,0,48,0,90,-6,C Minor,4,3x2jYYUe8ulkX4xbMLTvDz,JPB602403528
1253,"I LOVE YOU - JP Ver. -2024 TREASURE TOUR REBOOT IN JAPAN","TREASURE",130,4B,88,2025-11-11,03:55,25,"k-pop","2024 TREASURE TOUR [REBOOT] IN JAPAN",2024-11-06,46,3,0,10,10,90,-7,G#/A♭ Major,4,6Fxr4XmGJTwhUVxLhLDMY6,JPB602403529
1254,"RUN - 2024 TREASURE TOUR REBOOT IN JAPAN","TREASURE",170,10B,96,2025-11-11,03:30,27,"k-pop","2024 TREASURE TOUR [REBOOT] IN JAPAN",2024-11-06,27,6,0,31,0,80,-5,D Major,4,6NR2cdJZVtlgtnc9SB3LNE,JPB602403530
1255,"病 - 2024 TREASURE TOUR REBOOT IN JAPAN","TREASURE",118,1B,84,2025-11-11,03:25,24,"k-pop","2024 TREASURE TOUR [REBOOT] IN JAPAN",2024-11-06,53,34,0,68,0,50,-7,B Major,4,4fxaLdbFmi9k1xJm3Y89Ut,JPB602403531
1256,"Here I Stand - 2024 TREASURE TOUR REBOOT IN JAPAN","TREASURE",130,3B,87,2025-11-11,03:47,22,"k-pop","2024 TREASURE TOUR [REBOOT] IN JAPAN",2024-11-06,47,20,0,60,0,40,-6,C♯/D♭ Major,4,3XkYkGKo3DDDcQBjMeIdMl,JPB602403532
1257,"DARARI - ROCK REMIX -2024 TREASURE TOUR REBOOT IN JAPAN","TREASURE",170,8B,91,2025-11-11,03:49,36,"k-pop","2024 TREASURE TOUR [REBOOT] IN JAPAN",2024-11-06,33,32,0,57,0,70,-6,C Major,4,6hq5pq7rgTMsfa6qwigKb7,JPB602403533
1258,"MY TREASURE - JP Ver. -2024 TREASURE TOUR REBOOT IN JAPAN","TREASURE",108,2B,91,2025-11-11,03:21,23,"k-pop","2024 TREASURE TOUR [REBOOT] IN JAPAN",2024-11-06,54,36,0,57,0,60,-7,F#/G♭ Major,4,2H2gZ9k2mIkQJ0BoGGR7dQ,JPB602403534
1259,"CLAP! - 2024 TREASURE TOUR REBOOT IN JAPAN","TREASURE",160,1A,96,2025-11-11,03:31,23,"k-pop","2024 TREASURE TOUR [REBOOT] IN JAPAN",2024-11-06,27,7,0,49,10,60,-6,G#/A♭ Minor,4,4x0NVknDuQd1eR4FikSJuz,JPB602403535
1260,"LET IT BURN - 2024 TREASURE TOUR REBOOT IN JAPAN","TREASURE",128,12A,91,2025-11-11,03:48,26,"k-pop","2024 TREASURE TOUR [REBOOT] IN JAPAN",2024-11-06,44,27,0,49,0,70,-6,C♯/D♭ Minor,4,7ltv6iiOX7XUkeWyhHTJ3c,JPB602403536
1261,"YELLOW - JP Ver.","TREASURE",200,6B,60,2025-11-11,03:11,49,"k-pop","SPECIAL JP SELECTION [PLEASURE]",2025-04-28,56,10,0,65,10,10,-6,A#/B♭ Major,4,5HR3P4Geb4mNrWPPHfLo6D,JPB602501686
1262,"LAST NIGHT - JP Ver.","TREASURE",130,4B,70,2025-11-11,02:58,41,"k-pop","SPECIAL JP SELECTION [PLEASURE]",2025-04-28,75,7,0,38,0,10,-6,G#/A♭ Major,4,4JN8j0fC9c5Wzmr5s3lN2d,JPB602501687
1263,"EVERYTHING","TREASURE",152,12A,78,2025-11-11,02:52,48,"k-pop","3rd MINI ALBUM [LOVE PULSE]",2025-09-01,76,2,0,78,0,0,-4,C♯/D♭ Minor,4,4iO8XuuvaATbSTeigzScDA,KRA402400134
1264,"PARADISE","TREASURE",114,4B,76,2025-11-11,02:50,56,"k-pop","3rd MINI ALBUM [LOVE PULSE]",2025-09-01,80,8,0,84,0,80,-4,G#/A♭ Major,4,1hnUnUBYHDwjTbz3UbYibb,KRA402400135
1265,"NOW FOREVER","TREASURE",137,11B,87,2025-11-11,03:04,48,"k-pop","3rd MINI ALBUM [LOVE PULSE]",2025-09-01,70,0,0,80,0,0,-4,A Major,4,6e6hxOpfLx48YnjAI5H3VI,KRA402400136
1266,"BETTER THAN ME","TREASURE",102,8B,81,2025-11-11,02:56,48,"k-pop","3rd MINI ALBUM [LOVE PULSE]",2025-09-01,70,13,0,46,0,10,-5,C Major,4,7Gsg7hBOiuOb3Q3cYw6YFE,KRA402400137
1267,"EVERYTHING - JP Ver.","TREASURE",76,11A,79,2025-11-11,02:54,40,"k-pop","SPECIAL JP SELECTION [LOVE PULSE]",2025-11-10,74,2,0,74,0,0,-5,F#/G♭ Minor,4,0t4OA7yFxOgQtpO7s6Cnnl,JPB602503793
1268,"PARADISE - JP Ver.","TREASURE",114,4A,76,2025-11-11,02:50,47,"k-pop","SPECIAL JP SELECTION [LOVE PULSE]",2025-11-10,80,12,0,87,0,80,-4,F Minor,4,6Lei1zVuEuI65ZqlqXLPDL,JPB602503792
1269,"マロウブルー","IDOLiSH7",120,3B,92,2026-01-18,03:32,35,"anime","LEADiNG TONE",2024-11-20,61,21,0,68,0,20,-4,C♯/D♭ Major,4,0RwEkwogx2qjO2bZJVFnU8,JPI102200976
1270,"Wanderlust - NAZE on DREAM STAGE -","DREAM STAGE",108,9B,86,2026-01-18,03:02,39,"","Wanderlust - NAZE on DREAM STAGE -",2025-11-26,70,25,0,85,10,20,-4,G Major,4,3TNCY6aMhd37sRT9y1sfUy,JPL802546001
1271,"Killer Joy","CNBLUE",135,2B,89,2026-01-23,03:00,50,"k-rock, k-pop","3LOGY",2026-01-07,57,1,0,74,0,10,-3,F#/G♭ Major,4,4QAALgs6KkeklDwg4UeuzP,KRA382507686
1272,"Can do! Can go!","V6",118,3B,96,2026-01-30,05:03,50,"j-pop","SUPER HEROES",1998-02-11,61,3,0,29,0,0,-4,C♯/D♭ Major,4,4DmDE2XGY6NZT9TxXJ1Xo5,JPB609801101
1273,"言葉より大切なもの","ARASHI",169,10B,93,2026-01-30,04:01,51,"j-pop","いざッ、Now",2004-07-21,43,0,0,67,0,0,-4,D Major,4,3vRs4RMP0QvHD4No9WVpEO,JPQ400300240
1274,"チャンカパーナ","NEWS",130,8B,97,2026-01-30,04:20,58,"j-pop","チャンカパーナ",2012-07-18,55,3,0,68,0,30,-2,C Major,4,7Eh12O6cdN02uLHGDqQGMC,JPJE01200520
1275,"DEAR MY LOVER","Hey! Say! JUMP",145,10B,87,2026-01-30,04:59,52,"j-pop","P.U!",2023-10-24,46,52,0,42,0,0,-4,D Major,4,6zCa0mAKrk7w4p6lfUnOsS,JPQ402300710
1276,"タペストリー","Snow Man",124,6B,70,2026-01-30,03:58,60,"j-pop","THE BEST 2020 - 2025",2025-01-22,58,8,0,45,0,30,-5,A#/B♭ Major,4,0lqAOs9poxlM8FE5j40URh,JP92N2599001
1277,"初心LOVE（うぶらぶ）","Naniwa Danshi",120,2B,86,2026-01-30,03:47,49,"j-pop","初心LOVE（うぶらぶ）",2021-11-12,65,5,0,81,0,10,-4,F#/G♭ Major,4,6niUXDrcVDnwrXIz77gd0c,JPQ402101640
1278,"マスカラ","SixTONES",119,9A,89,2026-01-30,03:27,52,"j-pop","マスカラ",2021-08-11,50,24,0,55,10,10,-6,E Minor,4,1UmOWyEsNUzanJRqXdAFUT,JPU902101678
1279,"硝子の少年","KinKi Kids",123,9A,83,2026-01-30,04:39,54,"j-pop, kayōkyoku","B album",1998-08-12,62,37,0,74,0,10,-5,E Minor,4,4fmYHgAPwjhXYwjmVvmo9n,JPJE09700011
1280,"青いベンチ - Strawberry LIVE Ver.","NEWS",106,10B,83,2026-01-30,03:33,38,"j-pop","NEWS 15th Anniversary LIVE 2018 “Strawberry”",2025-07-18,50,12,0,46,0,30,-5,D Major,4,4DLtqSvDyCsHM2VWgBPYAV,JPQ402502690
1281,"ワイルド アット ハート","ARASHI",124,3A,93,2026-01-30,04:07,58,"j-pop","Popcorn",2012-10-31,63,11,0,71,0,10,-3,A#/B♭ Minor,4,7jc1VLTIiYgREGfCpUg4ot,JPQ401200240
1282,"ズッコケ男道","SUPER EIGHT",125,11B,83,2026-01-30,05:08,46,"j-pop","8EST",2012-10-17,67,7,0,81,0,30,-4,A Major,4,1spMoeDmYnhEaHZHzOkK8n,JPTE00701030
1283,"プリンシパルの君へ","WEST.",95,10B,83,2026-01-30,04:24,45,"j-pop","WESTV！ (2025)",2018-12-05,55,1,0,57,0,20,-5,D Major,4,0IwUz3zfXkiEb45NMcqUUU,JPJE01800260
1284,"D.D.","Snow Man",128,1B,94,2026-01-30,04:37,59,"j-pop","THE BEST 2020 - 2025",2025-01-22,55,2,0,54,10,30,-4,B Major,4,1aUuEO2zNz6HQfoeXwV5c0,JPB602000197
1285,"MU-CHU-DE 恋してる","Kis-My-Ft2",134,4B,94,2026-01-30,04:33,40,"j-pop","I SCREAM (Selected Edition)",2016-06-22,59,23,0,64,0,0,-4,G#/A♭ Major,4,5zXw0UGuHzJsqONznRk7d9,JPB601600977
1286,"We can make it !","ARASHI",116,8B,88,2026-01-30,04:10,44,"j-pop","Time",2007-07-11,63,1,0,75,0,30,-4,C Major,4,5vhzkfmOYUV9rkuVeO4OG8,JPQ400700480
1287,"Vanilla","A.B.C-Z",102,3B,89,2026-01-30,04:43,40,"","BEST OF A.B.C-Z",2024-05-01,64,7,0,62,0,10,-5,C♯/D♭ Major,4,40Sa8TQixEoPFU7kosThge,JPPC02111642
1288,"ダイヤモンドスマイル","Naniwa Danshi",130,5B,95,2026-01-30,03:40,54,"j-pop","1st Love（Special Edition）",2022-07-13,49,5,0,40,0,10,-3,D#/E♭ Major,4,3Hq6xWnQ40rtZ09bPzKmPU,JPQ402201260
1289,"フラワー","KinKi Kids",92,10B,93,2026-01-30,05:14,47,"j-pop, kayōkyoku","フラワー",1999-05-26,61,24,0,96,0,0,-5,D Major,4,5F8fHuCHKoETWtkSFv2rFd,JPJE09900060
1290,"My Dreamy Hollywood (Bonus Track)","Travis Japan",124,8A,92,2026-01-30,03:55,35,"j-pop","Road to A (Global Edition)",2024-02-12,60,1,0,70,0,10,-4,A Minor,4,2wgNFzvOCvtjVMJUf1PQ7C,JPPO02303403
1291,"冬が来たよ","timelesz",109,6B,69,2026-01-30,04:58,46,"j-pop","HANABI 〜 in the late summer night",2025-11-29,55,47,0,44,0,10,-7,A#/B♭ Major,4,3aUuILVHg0cykr9vx7PDWq,JPPC01801848
1292,"White Love","Hey! Say! JUMP",132,2B,86,2026-01-30,04:41,48,"j-pop","White Love",2017-12-20,56,44,0,70,0,30,-3,F#/G♭ Major,4,5yjG4G8CKeePjOc9pIaoqV,JPQ401701140
1293,"Luv Bias","Kis-My-Ft2",80,3B,73,2026-01-30,03:05,49,"j-pop","Luv Bias",2021-02-24,51,42,0,43,0,0,-4,C♯/D♭ Major,4,2MyB2IRSRxXuXnhnJj2LMG,JPB602100435
1294,"Imitation Rain","SixTONES",159,5A,89,2026-01-30,05:17,55,"j-pop","Imitation Rain",2020-01-22,52,2,0,17,0,50,-6,C Minor,4,03TJRLzsaDf9KqQShGgVg9,JPU901903450
1295,"感謝カンゲキ雨嵐","ARASHI",130,2B,92,2026-01-30,04:47,48,"j-pop","ARASHI NO.1 (ICHIGOU) -嵐は嵐を呼ぶ-",2001-01-24,61,1,0,72,0,10,-4,F#/G♭ Major,4,3jakr03fYbfKkoF7cfxXgF,JPQ400200130
1296,"Everybody Go","Kis-My-Ft2",132,6A,97,2026-01-30,04:39,38,"j-pop","Everybody Go",2011-08-10,61,1,0,47,0,20,-5,G Minor,4,2mRsO6rBpSit9nTXRHCqHP,JPB601140001
1297,"今君に伝えたいこと","King & Prince",82,5B,56,2026-01-30,05:08,42,"j-pop","Mr.5 (Special Edition)",2023-04-19,41,33,0,55,0,10,-7,D#/E♭ Major,4,4s3acCTxwHBZGx5suFu6O2,JPPO02001172
1298,"HEART","King & Prince",130,4A,89,2026-01-30,03:48,54,"j-pop","HEART",2025-03-10,68,8,0,52,10,10,-4,F Minor,4,1xVHi6ppc8sZS33qCm2IyJ,JPPO02406042
1299,"証拠","WEST.",175,12B,74,2026-01-30,04:16,47,"j-pop","証拠",2020-06-24,50,1,0,55,10,30,-4,E Major,4,5y5oQFUJ1jC0wrwM3nb5AV,JPQ402000770
1300,"WISH","ARASHI",132,10B,76,2026-01-30,04:27,44,"j-pop","ARASHIC",2006-07-05,66,13,0,71,0,30,-4,D Major,4,0YAo0rv3XiJBAV1vZa46zo,JPQ400500781
1301,"Love so sweet","ARASHI",139,8B,85,2026-01-30,04:49,61,"j-pop","Love so sweet",2007-02-21,58,10,0,71,0,30,-4,C Major,4,10G6iBGzoMi9qXgDV9qyBy,JPQ400600740
1302,"君の彼氏になりたい。","Snow Man",130,3A,87,2026-01-30,03:28,55,"j-pop","THE BEST 2020 - 2025",2025-01-22,69,2,0,76,0,0,-4,A#/B♭ Minor,4,4FOdiJTqji0yDlScIAijkv,JPB602002554
1303,"希望の丘","King & Prince",134,4B,89,2026-01-30,04:03,61,"j-pop","STARRING",2025-12-24,68,3,0,76,0,20,-4,G#/A♭ Major,4,5oV09IM5Fr8CnpSUkTySWL,JPPO02503892
1304,"愛なんだ","V6",127,8B,95,2026-01-30,04:53,43,"j-pop","愛なんだ",1997-01-20,68,9,0,68,0,10,-5,C Major,4,3oovKjkqWjoimFbyDxWnSU,JPB609632201
1305,"サクラ咲ケ","ARASHI",167,5A,92,2026-01-30,04:22,62,"j-pop","One",2005-08-03,43,1,0,52,0,10,-4,C Minor,4,1hpmLnKKouKUN8nVd33KOi,JPQ400500010
1306,"BURN","NEWS",132,12A,99,2026-01-30,03:22,33,"j-pop","BURN",2021-06-30,59,5,0,56,10,30,-1,C♯/D♭ Minor,4,7du9IGYouBN6RCFw5IQBXw,JPQ402100910
1307,"がむしゃら行進曲","SUPER EIGHT",171,12B,96,2026-01-30,04:12,48,"j-pop","関ジャニ∞の元気が出るCD!!",2015-11-11,41,1,0,66,10,20,-3,E Major,4,6z7kT204WnOQfQWMhbHoYD,JPQ401401390
1308,"CANDY ~Can U be my BABY~ (New Vocal Mix 2024)","Kento Nakajima",130,2B,96,2026-01-30,03:15,52,"anime, j-pop","N / bias（Special Edition）",2024-12-25,57,4,0,89,0,10,-5,F#/G♭ Major,4,6YPVsaH3D1jTMO6opoIjsw,JPU902404290
1309,"OH! サマー KING","King & Prince",159,6A,75,2026-01-30,04:09,40,"j-pop","Mr.5 (Special Edition)",2023-04-19,40,10,0,33,10,20,-5,G Minor,4,1UG8b9tMwAOLdGKatb2RJP,JPPO01902229
1310,"アオハル -With U With Me-","Naniwa Danshi",143,5B,93,2026-01-30,03:03,44,"j-pop","1st Love（Special Edition）",2022-07-13,50,8,0,74,0,0,-4,D#/E♭ Major,4,20JUJirC9Yn2bfzcgygeuh,JPQ402201280
1311,"Still...","ARASHI",124,10B,87,2026-01-30,04:17,61,"j-pop","ウラ嵐BEST 1999-2007",2021-07-16,74,7,0,86,0,30,-4,D Major,4,6s8Ixyr8hLkjtT3QO7Spx2,JPQ400700810
1312,"Cry out","Snow Man",162,4A,90,2026-01-30,03:55,48,"j-pop","THE BEST 2020 - 2025",2025-01-22,53,1,0,70,10,10,-3,F Minor,4,2QpROJNE1NKI5Jx6JA4aTy,JP92N2399194
1313,"無責任ヒーロー","SUPER EIGHT",149,10B,94,2026-01-30,04:27,47,"j-pop","PUZZLE",2009-04-15,50,2,0,90,0,30,-2,D Major,4,2dx9KbCG9bGBe7KsWCnbX2,JPTE00812890
1314,"ええじゃないか","WEST.",138,12B,90,2026-01-30,04:23,44,"j-pop","ええじゃないか",2014-04-23,54,2,0,73,0,30,-6,E Major,4,6diDaLrf1nVxQrsXZcNv4D,JPJE01400320
1315,"PARTY PEOPLE","SixTONES",156,8A,91,2026-01-30,03:40,56,"j-pop","PARTY PEOPLE",2023-01-04,67,1,0,90,0,0,-4,A Minor,4,1GHJDktae8CrmRC172gTG5,JPU902202926
1316,"Lovin' you","King & Prince",121,3B,90,2026-01-30,04:15,51,"j-pop","Mr.5 (Special Edition)",2023-04-19,60,21,0,56,0,10,-4,C♯/D♭ Major,4,6wOloBmtigac4FRKokcRZi,JPPO02200404
1317,"Special Kiss","Naniwa Danshi",108,3B,85,2026-01-30,04:47,37,"j-pop","Special Kiss（Special Edition）",2023-03-08,58,34,0,74,0,0,-3,C♯/D♭ Major,4,5DR6zOiPbwkBcdDi4bffTH,JPQ402300190
1318,"Purple Rain","timelesz",172,12B,97,2026-01-30,03:35,47,"j-pop","Hello! We’re timelesz",2025-02-28,62,14,0,57,0,10,-5,E Major,4,6nTCilgkzvZIreFO4pI5Gd,JPPO02301517
1319,"Theater","King & Prince",112,3A,77,2026-01-30,03:20,63,"j-pop","Theater",2025-12-22,74,1,0,93,10,0,-4,A#/B♭ Minor,4,5obcTVBYLhSTTBuuttwq24,JPPO02503868
1320,"Call me","SixTONES",105,9B,82,2026-01-30,04:26,53,"j-pop","Call me",2021-02-17,71,18,0,60,0,10,-5,G Major,4,6V5tOBNUiV5Hs7UQta6v2B,JPU902003622
1321,"ファタール - Fatal","GEMN,Kento Nakajima,Tatsuya Kitani",156,4A,94,2026-01-30,03:39,69,"anime, j-pop, j-rock","ファタール - Fatal",2024-07-04,64,3,0,77,10,20,-3,F Minor,4,7gJD9BarjoFwL2BNQ0rpWT,JPU902401969
1322,"Dangerholic","Snow Man",95,4A,90,2026-01-30,03:51,61,"j-pop","THE BEST 2020 - 2025",2025-01-22,57,4,0,89,0,20,-4,F Minor,4,4GmnZ5RpbeTSqO6krbvajX,JP92N2399369
1323,"愛のかたまり","KinKi Kids",116,12A,85,2026-01-30,04:48,60,"j-pop, kayōkyoku","KinKi Single Selection Ⅱ",2004-12-22,62,45,0,68,0,20,-5,C♯/D♭ Minor,4,7wCsUN7ZPSNGImhfc5UbnA,JPJE00100420
1324,"eek!!","Hey! Say! JUMP",130,1A,85,2026-01-30,03:59,49,"j-pop","H⁺",2024-11-27,69,3,0,78,10,0,-5,G#/A♭ Minor,4,1wz4x4dDR2lTDbl9yCykZ3,JPQ402401600
1325,"Naughty Girl","King & Prince",105,9A,84,2026-01-30,03:31,43,"j-pop","Mr.5 (Special Edition)",2023-04-19,68,27,0,76,0,10,-5,E Minor,4,3EmmR7qyn9t1wr1zVv0rfU,JPPO01902211
1326,"WHIP THAT","SixTONES",130,3B,95,2026-01-30,03:15,54,"j-pop","WHIP THAT",2022-01-05,65,3,0,65,0,20,-4,C♯/D♭ Major,4,4W6jv52ISItTqLSOQrWy8O,JPU902105374
1327,"きっと大丈夫","ARASHI",122,8B,95,2026-01-30,04:51,44,"j-pop","ARASHIC",2006-07-05,61,4,0,84,10,10,-4,C Major,4,7g4hA0SZrwSnaaKrBcaCDM,JPQ400600360
1328,"Key of Heart","King & Prince",111,12B,85,2026-01-30,04:33,43,"j-pop","Mr.5 (Special Edition)",2023-04-19,55,2,0,83,0,10,-4,E Major,4,33MqjFBIqJDXgoDXFTlq9m,JPPO02002353
1329,"Forever Gold","timelesz",140,10B,89,2026-01-30,03:54,47,"j-pop","Hello! We’re timelesz",2025-02-28,65,2,0,64,0,30,-7,D Major,4,7EuW1Gej2DCCPmJZQmTaKZ,JPPO02201763
1330,"愛の奴隷","WEST.",88,11A,91,2026-01-30,03:52,35,"j-pop","WESTV！ (2025)",2018-12-05,50,4,0,52,10,30,-6,F#/G♭ Minor,4,3HkmMfb6TPdYlyJt8OYdrN,JPJE01801210
1331,"カリスマックス - CHARISMAX","Snow Man",156,9B,93,2026-01-30,02:57,74,"j-pop","カリスマックス (CHARISMAX)",2025-08-25,60,2,0,50,30,30,-4,G Major,4,76OElzXqlyLCdlSypwSKBy,JP92N2599206
1332,"こっから","SixTONES",122,12A,100,2026-01-30,03:57,59,"j-pop","こっから",2023-06-14,44,16,0,50,30,70,-3,C♯/D♭ Minor,4,22xUwmDrNN00Sb8KO5lE9N,JPU902302059
1333,"JUST DANCE!","Travis Japan",105,10A,82,2026-01-30,02:57,49,"j-pop","Road to A",2023-12-20,50,0,0,48,0,30,-5,B Minor,4,3XyHedjrIuEo7bfv9HlGpU,JPPO02204027
1334,"HELLO HELLO","Snow Man",129,2B,93,2026-01-30,04:24,56,"j-pop","THE BEST 2020 - 2025",2025-01-22,67,17,0,70,20,0,-3,F#/G♭ Major,4,4LQuXzeyaX3V6DM4uHK2PQ,JPB602101788
1335,"JUST KENTY☆","Kento Nakajima",120,3B,88,2026-01-30,03:01,51,"anime, j-pop","MONTAGE (Special Edition)",2025-05-21,72,11,0,87,0,30,-6,C♯/D♭ Major,4,6qiAWJKCKfcJnaQI41Num0,JPU902501451
1336,"人生遊戯","timelesz",136,8B,97,2026-01-30,03:01,55,"j-pop","Hello! We’re timelesz",2025-02-28,65,1,0,70,10,0,-4,C Major,4,6fRSNMNGMHo1DhNFCeDoZt,JPPO02304097
1337,"Za ABC～5stars～","A.B.C-Z",132,12A,93,2026-01-30,04:13,31,"","BEST OF A.B.C-Z",2024-05-01,58,2,0,78,0,0,-4,C♯/D♭ Minor,4,6pQukHk0lQvN8CJMHpCNrU,JPPC01104191
1338,"Bounce To Night","King & Prince",125,8B,94,2026-01-30,03:44,40,"j-pop","Mr.5 (Special Edition)",2023-04-19,79,6,0,79,0,30,-4,C Major,4,00ga6wZaRYUxx4guTjF2E2,JPPO01902228
1339,"RAM-PAM-PAM","SixTONES",150,3B,96,2026-01-30,03:41,51,"j-pop","RAM-PAM-PAM",2021-01-06,61,20,0,73,20,20,-4,C♯/D♭ Major,4,3kKsqFYKcnEovymbHTaOy7,JPU902003238
1340,"好きやねん、大阪。","SUPER EIGHT",135,11B,85,2026-01-30,03:51,39,"j-pop","8EST",2012-10-17,68,7,0,83,0,30,-5,A Major,4,3lZGUEyoejxKML3hqRUz6Z,JPTE00505480
1341,"ブラザービート","Snow Man",142,10B,98,2026-01-30,03:25,62,"j-pop","THE BEST 2020 - 2025",2025-01-22,56,1,0,76,10,0,-3,D Major,4,0isQWzN11KyHMZTRPsCnPH,JPB602200999
1342,"勇気100%","Naniwa Danshi",143,5A,93,2026-01-30,03:54,50,"j-pop","ありがとう心から / 勇気100%",2024-11-22,54,40,0,65,0,0,-2,C Minor,4,4NzPoHv819Yi4URzztF18q,JPQ402402330
1343,"Alpha","Naniwa Danshi",140,3B,88,2026-01-30,03:40,48,"j-pop","+Alpha（Special Edition）",2024-06-12,54,67,0,72,0,50,-3,C♯/D♭ Major,4,4NP5Q238mC9FJly7eREWB8,JPQ402400460
1344,"ENDLESS SUMMER","Kis-My-Ft2",132,8B,99,2026-01-30,04:18,34,"j-pop","ENDLESS SUMMER",2020-09-16,58,9,0,54,10,30,-3,C Major,4,7yp999tqyXavjUYSqceIVq,JPB602002549
1345,"Bittersweet","ARASHI",128,3B,92,2026-01-30,04:48,50,"j-pop","THE DIGITALIAN",2014-10-22,70,3,0,90,0,10,-4,C♯/D♭ Major,4,6i8bVoVQnl0YI1mFjlMOjp,JPQ401400130
1346,"希望～Yell～ - Represent NEWS Mix","NEWS",127,11B,98,2026-01-30,04:36,30,"j-pop","「生きろ」",2018-09-12,62,14,0,60,0,10,-3,A Major,4,58MVQOU7Ss5ZUZr0A4gKUU,JPJE01801050
1347,"Grandeur","Snow Man",128,4A,97,2026-01-30,03:37,55,"j-pop","THE BEST 2020 - 2025",2025-01-22,66,8,0,56,0,20,-3,F Minor,4,5G4CMR1175jhaClgPlaeEI,JPB602100048
1348,"Memorial","King & Prince",120,8B,91,2026-01-30,04:46,45,"j-pop","Mr.5 (Special Edition)",2023-04-19,55,29,0,53,0,40,-4,C Major,4,6h20JFI2bFyv54DdIsRCcS,JPPO01804812
1349,"ちゅきちゅきハネムーン","Naniwa Danshi",200,8B,88,2026-01-30,04:42,43,"j-pop","+Alpha（Special Edition）",2024-06-12,36,52,0,83,0,30,-3,C Major,4,0kYkVcnritlCDeuMtgn2bT,JPQ402400590
1350,"&LOVE","King & Prince",170,8B,84,2026-01-30,03:26,45,"j-pop","Mr.5 (Special Edition)",2023-04-19,59,12,0,78,0,20,-5,C Major,4,4uwSBuuHiSiwU254bRfwic,JPPO02002354
1351,"ヲタクだったってIt’s Alright！","宮田俊哉",180,8B,95,2026-01-30,04:22,32,"","I SCREAM (Selected Edition)",2016-06-22,50,23,0,59,10,30,-4,C Major,4,6i5rmUOdkaMI1ZG4Gbg2kB,JPB601601965
1352,"しらんけど","WEST.",120,8B,95,2026-01-30,04:19,38,"j-pop","Mixed Juice (2025)",2022-03-09,69,7,0,69,10,30,-4,C Major,4,1IsvOWMYfXj93awRxR9fnW,JPQ402200090
1353,"わたし","SixTONES",87,5A,57,2026-01-30,04:10,50,"j-pop","わたし",2022-06-08,61,42,0,48,0,30,-6,C Minor,4,7CBVLDtL9eWL05wEw0gOyj,JPU902201643
1354,"頑張れ、友よ!","A.B.C-Z",132,8B,96,2026-01-30,04:12,41,"","BEST OF A.B.C-Z",2024-05-01,53,0,0,65,0,30,-3,C Major,4,4uFN7JB4nxGPYPXCBcyyCT,JPPC02001262
1355,"マイガール","ARASHI",120,2B,84,2026-01-30,04:45,48,"j-pop","僕の見ている風景",2010-08-04,62,47,0,92,0,20,-4,F#/G♭ Major,4,4aYPwMIS1f3rCuMkr1LBBd,JPQ400901360
1356,"King & Prince, Queen & Princess","King & Prince",91,5B,47,2026-01-30,05:27,40,"j-pop","Mr.5 (Special Edition)",2023-04-19,51,62,0,44,0,20,-6,D#/E♭ Major,4,2YtwX6g8xLbr6G93zSHW62,JPPO01902223
1357,"愛でした。","SUPER EIGHT",128,8B,94,2026-01-30,04:24,38,"j-pop","8EST",2012-10-17,57,6,0,61,0,20,-2,C Major,4,18DkLneyZ1vMbQCP9OGmFk,JPTE01202670
1358,"MUSIC FOR THE PEOPLE","V6",149,2B,97,2026-01-30,04:30,39,"j-pop","MUSIC FOR THE PEOPLE",1995-11-01,52,0,6,81,0,20,-5,F#/G♭ Major,4,7DQhncQLl95yMOZpzKUqTv,JPB602310433
1359,"Anthem","timelesz",152,3A,75,2026-01-30,03:16,50,"j-pop","Hello! We’re timelesz",2025-02-28,67,2,0,55,0,40,-7,A#/B♭ Minor,4,6UJSR7VXzdzt6mOkpiJRGF,JPPO02402585
1360,"IDOLIC","Kento Nakajima",133,2A,93,2026-01-30,02:57,47,"anime, j-pop","IDOLIC",2025-09-29,67,4,0,87,10,0,-4,D#/E♭ Minor,4,6KLZBODqWczsc4fXRUuYWM,JPU902503188
1361,"ネガティブファイター","Hey! Say! JUMP",126,10A,94,2026-01-30,04:17,0,"j-pop","FILMUSIC!",2022-08-24,70,15,0,85,0,40,-2,B Minor,4,3GevqpA5Z0jcVX1Fqd0pOL,JPQ402100610
1362,"迷宮ラブソング","ARASHI",131,1B,88,2026-01-30,04:36,51,"j-pop","Popcorn",2012-10-31,56,21,0,59,0,0,-3,B Major,4,68ljGknzCvgM7inrAiPlYi,JPQ401100700
1363,"サチアレ","Naniwa Danshi",95,11B,80,2026-01-30,03:38,41,"j-pop","The Answer / サチアレ",2022-04-27,63,0,0,89,0,30,-4,A Major,4,1cVOZuLf3KA6eWAMjryYqC,JPQ402200480
1364,"Turning Up","ARASHI",118,3B,82,2026-01-30,03:02,54,"j-pop","Turning Up",2019-11-03,77,2,0,90,10,20,-5,C♯/D♭ Major,4,4zdQmfTLWgGd5mAX4MUIaX,JPQ401901060
1365,"オレンジkiss","Snow Man",132,5B,88,2026-01-30,04:20,56,"j-pop","THE BEST 2020 - 2025",2025-01-22,59,4,0,74,0,10,-3,D#/E♭ Major,4,5qReAnjfBQlVWLCz1w5TuI,JPB602202547
1366,"愛されるより 愛したい","KinKi Kids",125,7A,94,2026-01-30,05:03,50,"j-pop, kayōkyoku","B album",1998-08-12,68,5,0,63,0,90,-5,D Minor,4,13MsJxqGrRPVr6rwGZfDh7,JPJE09700310
1367,"フィギュア","SixTONES",132,4B,89,2026-01-30,03:39,53,"j-pop","フィギュア",2021-08-11,62,25,0,74,0,20,-4,G#/A♭ Major,4,6dSMuFMtvkeXosbcN6UYJ6,JPU902101681
1368,"夏疾風","ARASHI",137,2B,91,2026-01-30,04:18,41,"j-pop","5×20 All the BEST!! 1999-2019 (Special Edition)",2021-07-16,56,7,0,46,0,10,-4,F#/G♭ Major,4,3Tk108AqKDorcORoK2Dcdh,JPQ401800980
1369,"Special Kiss","Naniwa Danshi",108,3B,85,2026-01-30,04:47,40,"j-pop","Special Kiss",2023-03-08,58,34,0,74,0,0,-3,C♯/D♭ Major,4,1C6paAxYzBpRXnGczaKCUW,JPQ402300190
1370,"愛を叫べ","ARASHI",142,8B,90,2026-01-30,04:38,53,"j-pop","愛を叫べ",2015-09-02,50,2,0,68,0,40,-3,C Major,4,6sESCqEL3UmdmOO2UBrg8c,JPQ401500970
1371,"ichiban","King & Prince",92,3A,82,2026-01-30,04:20,51,"j-pop","Mr.5 (Special Edition)",2023-04-19,71,2,0,57,10,20,-5,A#/B♭ Minor,4,4XOWZurQYPvFQAaPkGmY90,JPPO02202052
1372,"Monster","ARASHI",135,3A,94,2026-01-30,04:27,58,"j-pop","Monster",2010-05-19,66,19,0,74,0,30,-4,A#/B♭ Minor,4,7jqRTdBUqNhJaI0fKdOClO,JPQ401000280
1373,"truth","ARASHI",140,9A,97,2026-01-30,04:48,43,"j-pop","5×20 All the BEST!! 1999-2019 (Special Edition)",2021-07-16,61,5,0,72,0,10,-4,E Minor,4,2wXcM7reyJbhOOlTD0vmji,JPQ400800880
1374,"さくらガール","NEWS",129,10B,92,2026-01-30,04:52,45,"j-pop","さくらガール",2010-03-31,67,3,0,87,0,0,-3,D Major,4,2PnazpFnNmyWcusyvF4cCV,JPJE01000050
1375,"Troublemaker","ARASHI",139,8B,94,2026-01-30,04:01,61,"j-pop","僕の見ている風景",2010-08-04,63,5,0,91,0,30,-3,C Major,4,786L5PPUvqcX7vBmxCbtzi,JPQ401000150
1376,"The Answer","Naniwa Danshi",132,10A,90,2026-01-30,04:20,43,"j-pop","The Answer / サチアレ",2022-04-27,60,19,0,62,0,20,-5,B Minor,4,7IAXk9T2u6cdXP9KjufJlI,JPQ402200470
1377,"JUICY","Snow Man",124,11A,81,2026-01-30,03:28,53,"j-pop","THE BEST 2020 - 2025",2025-01-22,76,2,0,91,0,20,-4,F#/G♭ Minor,4,2kB735VtOkPVJOQF03tk4s,JPB602203397
1378,"Prince Princess","King & Prince",101,8B,83,2026-01-30,04:52,42,"j-pop","Mr.5 (Special Edition)",2023-04-19,60,27,0,59,0,10,-3,C Major,4,3S7POYtGbAK0nsR4b0qdgD,JPPO01902232
1379,"I Wish","Naniwa Danshi",139,12A,92,2026-01-30,04:17,47,"j-pop","I Wish",2023-11-15,61,12,0,63,0,10,-3,C♯/D♭ Minor,4,4Htsq5oYqG4m4crq5RyDWt,JPQ402302280
1380,"Good Luck!","SixTONES",77,1A,93,2026-01-30,03:06,56,"j-pop","Good Luck!",2022-11-02,59,1,0,87,0,10,-3,G#/A♭ Minor,4,5PhGuBzFH9vLwQXn4dWM6L,JPU902203482
1381,"RIGHT NEXT TO YOU","timelesz",130,3B,66,2026-01-30,03:42,49,"j-pop","Hello! We’re timelesz",2025-02-28,76,7,0,87,10,50,-7,C♯/D♭ Major,4,2XJvonfhR3IaO5jqD2mh4c,JPPO02100213
1382,"踊るように人生を。","King & Prince",107,11A,74,2026-01-30,04:21,43,"j-pop","Mr.5 (Special Edition)",2023-04-19,63,28,0,81,0,10,-4,F#/G♭ Minor,4,5ugkltfnqTq7iJHB3X9F3H,JPPO02200405
1383,"素晴らしき世界","ARASHI",93,6B,81,2026-01-30,04:13,45,"j-pop","One",2005-08-03,58,9,0,72,0,0,-5,A#/B♭ Major,4,71rTnNHsACMIBeyFhJ5MYV,JPQ400500700
1384,"Time View〜果てなく続く道〜","Naniwa Danshi",168,9B,72,2026-01-30,04:05,43,"j-pop","1st Love（Special Edition）",2022-07-13,48,54,0,59,0,30,-5,G Major,4,2sAU544zr64d4Gb0uz4KH4,JPQ402201340
1385,"timeless","timelesz",176,10B,91,2026-01-30,04:34,45,"j-pop","HANABI 〜 in the late summer night",2025-11-29,56,32,0,46,0,0,-5,D Major,4,3ygULwB41fILSVdIOt3Hbk,JPPO02301029
1386,"5×10","ARASHI",99,11B,84,2026-01-30,05:27,51,"j-pop","5×20 All the BEST!! 1999-2019 (Special Edition)",2021-07-16,65,29,0,68,0,10,-4,A Major,4,0mnSgWRzvIZLaWDp3Acd6f,JPQ400901260
1387,"5×20","ARASHI",99,8B,93,2026-01-30,06:15,53,"j-pop","5×20 All the BEST!! 1999-2019 (Special Edition)",2021-07-16,56,35,0,44,0,10,-3,C Major,4,66U6grE67ptRUoz2eKVc1t,JPQ401900070
1388,"U R not alone","NEWS",129,5B,94,2026-01-30,04:17,45,"j-pop","NEVERLAND",2017-03-22,55,57,0,47,0,70,-3,D#/E♭ Major,4,7qEJcIZM7mVplJskEy1ICh,JPJE01700400
1389,"WAになっておどろう","V6",91,1A,83,2026-01-30,04:56,49,"j-pop","WAになっておどろう",1997-07-09,64,3,0,60,0,40,-7,G#/A♭ Minor,4,3115p4b1koPNYmMQCRHw8K,JPB609712001
1390,"月が綺麗ねと言われたい！","kakizaki yuta",160,1B,93,2026-02-20,02:27,61,"j-pop","月が綺麗ねと言われたい！",2026-01-30,69,2,0,97,0,10,-4,B Major,4,3cliLu2E7uSa8L4mZLPBvQ,QT66J2643936
1391,"戯曲とデフォルメ都市 - カバー","Miyakawa-kun",160,2B,87,2026-03-02,03:37,9,"vocaloid","EXIT TUNES PRESENTS FUN CLUB",2015-08-19,45,3,0,62,10,20,-6,F#/G♭ Major,4,2a9axQyLqVPIOauAuFvpuj,JPC231500921
1392,"ロストワンの号哭 - カバー","Miyakawa-kun",162,9B,78,2026-03-02,03:35,20,"vocaloid","EXIT TUNES PRESENTS FUN CLUB",2015-08-19,35,8,0,84,0,10,-5,G Major,4,1gHwpFQERfMElHDk4qzQtJ,JPC231500930
1393,"ブリキノダンス","Miyakawa-kun",86,9B,97,2026-03-02,03:26,24,"vocaloid","On Your Mark",2018-03-19,50,0,0,64,10,0,-3,G Major,4,0qm2XpaR6SZaOoMFa1rA3S,JPZ921714953
1394,"アンチビート","Miyakawa-kun",162,12B,90,2026-03-02,03:37,13,"vocaloid","On Your Mark",2018-03-19,47,1,0,77,10,10,-4,E Major,4,5l7hxzYfg4PZ4UlrS3dMai,JPZ921714954
1395,"Never Greed","Miyakawa-kun",100,8B,89,2026-03-02,04:00,17,"vocaloid","On Your Mark",2018-03-19,64,1,0,84,0,0,-5,C Major,4,3DF0xVHRtmd4rUt8eDTHIu,JPZ921714955
1396,"一騎当千","Miyakawa-kun",136,4B,94,2026-03-02,03:27,21,"vocaloid","On Your Mark",2018-03-19,60,7,0,76,10,30,-4,G#/A♭ Major,4,119xNnFbtEZ9dantVagJXW,JPZ921714956
1397,"スピカ","Miyakawa-kun",80,12A,72,2026-03-02,05:01,18,"vocaloid","On Your Mark",2018-03-19,48,0,0,34,0,30,-7,C♯/D♭ Minor,4,5hBUObb7wLeHuNjADqBJxf,JPZ921714957
1398,"君に届け","Miyakawa-kun",144,1B,83,2026-03-02,05:25,31,"vocaloid","On Your Mark",2018-03-19,50,0,0,68,0,20,-6,B Major,4,7FBdyamzWvmXvfj34RDxtk,JPZ921714958
1399,"On Your Mark","Miyakawa-kun",92,3B,64,2026-03-02,04:34,17,"vocaloid","On Your Mark",2018-03-19,58,7,0,40,0,20,-6,C♯/D♭ Major,4,1UEPfZoI73aHyghyfLotdR,JPZ921714959
1400,"海の声","Miyakawa-kun",76,12B,44,2026-03-02,03:56,11,"vocaloid","On Your Mark",2018-03-19,62,59,0,34,0,0,-6,E Major,4,3iF4EwPh8CtWAWYFGpSe9T,JPPO01800775
1401,"Nobody knows","Miyakawa-kun",130,10A,80,2026-03-02,04:41,14,"vocaloid","STAR LAND",2018-06-27,66,1,0,83,0,0,-4,B Minor,4,1jmYCGqULEawDGTrtmKEES,JPPO01802292
1402,"スターランド","Miyakawa-kun",126,7B,71,2026-03-02,04:52,28,"vocaloid","STAR LAND",2018-06-27,59,2,0,45,0,10,-5,F Major,4,2NrzX6IOyiNiAUSvXW2Nnr,JPPO01802293
1403,"ジャック・バイパー","Miyakawa-kun",138,3B,91,2026-03-02,04:08,16,"vocaloid","STAR LAND",2018-06-27,54,0,0,64,0,30,-4,C♯/D♭ Major,4,65WT9GYa899XJmHKmVaNZi,JPPO01802294
1404,"東京シグナル","Miyakawa-kun",140,2B,94,2026-03-02,04:26,13,"vocaloid","STAR LAND",2018-06-27,58,0,1,94,0,10,-4,F#/G♭ Major,4,1nw77eiP5ekmkGOiPSRkrh,JPPO01802295
1405,"aNYmORE","Miyakawa-kun",124,10A,88,2026-03-02,03:07,15,"vocaloid","STAR LAND",2018-06-27,63,31,0,74,0,20,-6,B Minor,4,0TSvWvXXPxxBapj5unmvcP,JPPO01802296
1406,"Shape of You","Miyakawa-kun",96,1B,75,2026-03-02,03:54,23,"vocaloid","STAR LAND",2018-06-27,73,28,0,56,0,0,-4,B Major,4,3eSkp6T3Q62EgAoPyAtZLQ,JPPO01802297
1407,"神風エクスプレス","焚吐 × みやかわくん",100,4B,92,2026-03-02,04:05,39,"anime","神風エクスプレス",2018-02-14,40,0,0,40,10,30,-3,G#/A♭ Major,4,552jc1I4VNfVqe3TAug8s7,JPC401711142
1408,"アイロニ - 弾き語り-","焚吐 × みやかわくん",166,7B,41,2026-03-02,04:33,14,"anime","神風エクスプレス",2018-02-14,61,77,0,64,0,20,-6,F Major,4,3TFsiMSk8uw6wHfLjzIsdK,JPC401711145
1409,"グッバイ・サムシング","焚吐 × みやかわくん",95,9A,90,2026-03-02,04:31,8,"anime","神風エクスプレス",2018-02-14,44,0,0,50,0,30,-3,E Minor,4,0erFvi3sY6MjtcRMvywnRE,JPC401711143
1410,"イダテンドリーマー","Miyakawa-kun",129,3B,79,2026-03-02,03:47,20,"vocaloid","イダテンドリーマー",2018-10-17,62,0,0,77,0,0,-5,C♯/D♭ Major,4,3wY4xMrZQVSmmd7rHGO3gR,JPPO01804615
1411,"PARALYzE DAY","Miyakawa-kun",120,4B,83,2026-03-02,03:42,17,"vocaloid","イダテンドリーマー",2018-10-17,68,3,0,48,0,20,-4,G#/A♭ Major,4,1PQ6sLXM8tvKqEvUE23T7V,JPPO01804616
1412,"Love Yourself","Miyakawa-kun",115,12A,59,2026-03-02,04:06,13,"vocaloid","イダテンドリーマー",2018-10-17,69,25,0,46,0,20,-9,C♯/D♭ Minor,4,0I3knLU03t35q6Kq1dz3fW,JPPO01804617
1413,"略奪","Miyakawa-kun",116,4A,89,2026-03-02,05:05,16,"vocaloid","略奪",2019-01-30,54,3,0,92,0,10,-5,F Minor,4,51WPpnUWoevZN6Tsq8TJEY,JPPO01806789
1414,"I AM A HERO","Miyakawa-kun",126,12A,87,2026-03-02,03:38,16,"vocaloid","略奪",2019-01-30,69,9,0,83,0,10,-5,C♯/D♭ Minor,4,2WfLSngvhL4N0oDQEJ2MOq,JPPO01806790
1415,"サヨナラを言わなくちゃ","Miyakawa-kun",84,1B,68,2026-03-02,03:00,17,"vocaloid","略奪",2019-01-30,39,48,0,55,0,30,-7,B Major,4,1ToP7RfKw2hQghAm2D8dwb,JPPO01806791
1416,"OVERDRIVE","Miyakawa-kun",122,9B,96,2026-03-02,04:38,12,"vocaloid","RÉBECCA",2019-04-08,61,0,0,56,10,30,-3,G Major,4,6QnnCA7vUQSQ0wEpn3vfCD,JPPO01900649
1417,"LiBERO","Miyakawa-kun",128,11A,88,2026-03-02,04:33,18,"vocaloid","RÉBECCA",2019-04-08,51,0,0,40,10,20,-6,F#/G♭ Minor,4,5ra0O7MICvYZGbNNL7fQAV,JPPO01900650
1418,"Wonder","Miyakawa-kun",100,5A,93,2026-03-02,03:52,15,"vocaloid","RÉBECCA",2019-04-08,66,2,0,84,0,10,-5,C Minor,4,19L50XGITQM4dGyuXv26HK,JPPO01900651
1419,"エソラゴト","Miyakawa-kun",107,8B,85,2026-03-02,04:35,13,"vocaloid","RÉBECCA",2019-04-08,58,2,0,46,10,30,-5,C Major,4,2I3yuDNKhiWa1woaBVUfGr,JPPO01900652
1420,"セツナノウタ","Miyakawa-kun",108,6B,82,2026-03-02,04:31,19,"vocaloid","RÉBECCA",2019-04-08,61,2,0,51,0,10,-5,A#/B♭ Major,4,692fDt22VZOSKQwwUYpf0Z,JPPO01804727
1421,"Moonlight","Miyakawa-kun",94,3A,65,2026-03-02,03:33,14,"vocaloid","RÉBECCA",2019-04-08,69,10,0,82,0,30,-7,A#/B♭ Minor,4,6dGZAimw7GKZXhHCCgL1rd,JPPO01900653
1422,"Spread Your Wings","Miyakawa-kun",136,5A,85,2026-03-02,04:32,17,"vocaloid","RÉBECCA",2019-04-08,58,0,0,62,0,10,-5,C Minor,4,2kV5mUAVWvrklMqAYZs1CB,JPPO01806797
1423,"失い","Miyakawa-kun",87,1A,37,2026-03-02,03:40,13,"vocaloid","RÉBECCA",2019-04-08,82,19,0,68,0,30,-8,G#/A♭ Minor,4,28HRXWxTum28qFZtaJMH7o,JPPO01900654
1424,"ANSWER","Only this time",200,12A,99,2026-03-02,04:11,37,"anime","ANSWER",2019-07-03,34,0,0,35,30,30,-2,C♯/D♭ Minor,4,6HmrS7qJmdp5UtfNPex4h6,JPC401905007
1425,"eye","Only this time",150,7A,99,2026-03-02,03:50,7,"anime","ANSWER",2019-07-03,44,1,0,24,20,10,-2,D Minor,4,5irQSEA3T5OvfSLCIHa4Ka,JPC401905008
1426,"ロア","宮川大聖",135,8A,96,2026-03-02,04:40,13,"","Symbol",2020-07-06,42,1,0,50,10,60,-3,A Minor,4,0PNp6FgtyLU6aMlXMW1Got,JPPO02001392
1427,"Symbol","宮川大聖",126,2B,97,2026-03-02,05:05,19,"","Symbol",2020-07-06,33,2,0,51,20,0,-3,F#/G♭ Major,4,7hg7jJAJBXSJQRmppsG1k4,JPPO02001393
1428,"ミスターグリッチ","宮川大聖",198,4B,94,2026-03-02,04:17,18,"","Symbol",2020-07-06,32,16,0,63,40,60,-3,G#/A♭ Major,4,2YSEyfl7c2pmZqzn0o2XbN,JPPO02001394
1429,"Midnight Parade","宮川大聖",122,4B,74,2026-03-02,03:22,19,"","Symbol",2020-07-06,64,3,0,78,0,0,-4,G#/A♭ Major,4,3QcvD3EQx5j2CVS8M5Qb4f,JPPO02001395
1430,"リリア","宮川大聖",156,11B,93,2026-03-02,04:20,17,"","Symbol",2020-07-06,50,5,0,74,10,10,-3,A Major,4,7DPDHGofWqA87xNa6z555K,JPPO02001396
1431,"rhythm","宮川大聖",126,4B,92,2026-03-02,03:41,19,"","Symbol",2020-07-06,68,12,0,65,10,0,-4,G#/A♭ Major,4,2ajDimLd7P1LreAVzHuPy4,JPPO02001397
1432,"get out get","宮川大聖",150,2B,50,2026-03-02,03:56,12,"","Symbol",2020-07-06,54,1,0,46,0,20,-7,F#/G♭ Major,4,6j16Qycl98b6h99FhEuBPe,JPPO02001398
1433,"雨とパラダイムシフト","宮川大聖",140,8B,88,2026-03-02,03:32,15,"","ファンタジア",2022-04-13,57,1,0,86,0,30,-5,C Major,4,2ZZuVzB9uQks2k8gv0qg69,JPWP02100674
1434,"君色の魔法","宮川大聖",107,8B,83,2026-03-02,04:38,21,"","ファンタジア",2022-04-13,62,21,0,56,0,10,-4,C Major,4,0DsVpzvI3IAnZ4uG0w3QUs,JPWP02101298
1435,"Paper Moon","宮川大聖",91,10B,84,2026-03-02,03:31,21,"","ファンタジア",2022-04-13,58,5,0,52,0,10,-5,D Major,4,2ghVJilw3GDmBZvbrj7A5I,JPWP02270345
1436,"Satellite","宮川大聖",107,7B,72,2026-03-02,03:34,12,"","ファンタジア",2022-04-13,64,30,0,53,0,10,-5,F Major,4,4G2DYKgOIBpl4qQxjorDq0,JPWP02270341
1437,"曖昧","宮川大聖",96,4B,77,2026-03-02,04:07,18,"","ファンタジア",2022-04-13,61,4,0,58,0,10,-6,G#/A♭ Major,4,6H92LI2DnOOO5PV2qiY1Ad,JPWP02270343
1438,"明日が来るのが怖くて","宮川大聖",164,10B,25,2026-03-02,03:31,12,"","ファンタジア",2022-04-13,64,91,0,63,0,0,-10,D Major,4,2MCN659vTJ3bBAHvS2yTYR,JPWP02270344
1439,"Null","宮川大聖",122,1A,91,2026-03-02,03:14,15,"","ファンタジア",2022-04-13,67,3,0,75,0,10,-4,G#/A♭ Minor,4,3kdejRd9pgAjgH1arqKE4U,JPWP02270346
1440,"Chance","宮川大聖",104,8A,82,2026-03-02,03:11,19,"","ファンタジア",2022-04-13,79,6,0,80,0,30,-5,A Minor,4,1Hjv8zG5YYX99yPC7x2kEc,JPWP02270342
1441,"蒼い夜","宮川大聖",117,12A,75,2026-03-02,03:09,16,"","蒼い夜",2022-12-21,75,8,0,66,0,0,-6,C♯/D♭ Minor,4,4Cxp18SFnBxhbxSQPSBDcN,JPWP02271564
1442,"ユートピア","宮川大聖",125,7B,85,2026-03-02,04:19,21,"","ユートピア",2022-11-11,69,2,0,87,0,20,-5,F Major,4,52iUHhqqkJZIk80WAzBf8F,JPWP02201878
1443,"AKEGATA (feat. たなか)","宮川大聖,Tanaka",168,10A,87,2026-03-02,03:11,14,"","ファンタジア",2022-04-13,56,6,0,65,0,30,-4,B Minor,4,7zAuleONdoB3ZII1grzR7X,JPWP02270340
1444,"MAZE","宮川大聖",140,1B,85,2026-03-02,03:01,15,"","MAZE",2022-12-21,56,14,0,89,0,0,-6,B Major,4,3vEjq3xix4glAeLd5n8Fns,JPWP02271567
1445,"ファンファーレ","宮川大聖",170,3A,84,2026-03-02,03:06,23,"","ファンタジア",2022-04-13,59,17,0,68,10,30,-5,A#/B♭ Minor,4,7efWQKepPu0LTS7ozE7GOy,JPWP02200272
1446,"ラストアンビエント","宮川大聖",149,10A,67,2026-03-02,04:23,25,"","Symbol",2020-07-06,33,39,0,43,0,10,-5,B Minor,3,5XfX5wMQK3msxnruCkzhs1,JPPO02001399
1447,"光","宮川大聖",95,1B,74,2026-03-02,04:06,22,"","光",2023-04-21,66,29,0,57,0,10,-6,B Major,4,65nQWsvjOoYGb8pSTYshl3,JPWP02300428
1448,"SOS","宮川大聖",138,5A,79,2026-03-02,03:45,17,"","光 / Sparkling Love (Special Edition)",2023-06-07,64,8,0,58,0,10,-7,C Minor,4,4wzntJ9CQNonWSXDs7b8Rn,JPWP02370302
1449,"Sparkling Love","宮川大聖",110,9B,70,2026-03-02,03:31,24,"","光 / Sparkling Love (Special Edition)",2023-06-07,71,6,0,53,0,30,-5,G Major,4,1VFtdkRmgqR16xMOnGYDXK,JPWP02370301
1450,"Null - Studio Session","宮川大聖",122,1A,92,2026-03-02,03:27,8,"","光 / Sparkling Love (Special Edition)",2023-06-07,70,21,0,83,0,10,-6,G#/A♭ Minor,4,24gnGqywIPFJjqoIl7TWAE,JPWP02370304
1451,"略奪 - Studio Session","宮川大聖",114,3A,85,2026-03-02,05:56,13,"","光 / Sparkling Love (Special Edition)",2023-06-07,58,41,0,80,10,0,-6,A#/B♭ Minor,4,2adZypzTR9hkfBvEaJqS6B,JPWP02370303
1452,"略奪","Miyakawa-kun",116,4A,91,2026-03-02,05:02,26,"vocaloid","RÉBECCA",2019-04-08,52,0,0,90,0,10,-5,F Minor,4,5lfCgdeIVycpIvfx3ppeb1,JPPO01806789
1453,"Stay Gold","BTS",129,3B,63,2026-03-30,04:03,64,"k-pop","MAP OF THE SOUL : 7 ~ THE JOURNEY ~",2020-07-14,72,9,0,58,0,0,-5,C♯/D♭ Major,4,3Ys2PYl1wyPKQIwyqhP9cQ,JPPO02001470
1454,"Your eyes tell","BTS",140,8A,49,2026-03-30,04:05,64,"k-pop","MAP OF THE SOUL : 7 ~ THE JOURNEY ~",2020-07-14,45,28,0,26,0,0,-6,A Minor,4,3TZ7NHkMT82AhwuYsd00Hz,JPPO02001475
1455,"Film out","BTS",164,6B,71,2026-03-30,03:34,66,"k-pop","Film out",2021-04-01,50,30,0,31,10,30,-6,A#/B♭ Major,4,3UHPGOkUcE4hE7sqBF4Snt,JPPO02100554
1456,"Lights","BTS",99,7B,66,2026-03-30,04:52,61,"k-pop","Lights/Boy With Luv",2019-07-03,63,11,0,40,0,10,-5,F Major,4,44vXWYTcdrejrIQZEoHzl8,JPPO01902095
1457,"Let Go","BTS",174,12B,86,2026-03-30,04:59,65,"k-pop","FACE YOURSELF",2018-04-04,56,17,0,39,10,20,-4,E Major,4,1OqDvYVDhJyFZny7XlfIyZ,JPPO01801150
1458,"Don't Leave Me","BTS",147,1A,78,2026-03-30,03:47,64,"k-pop","FACE YOURSELF",2018-04-04,62,12,0,39,0,30,-5,G#/A♭ Minor,4,3zIG0WuI5RoJsFYnErkFDU,JPPO01801148
1459,"Crystal Snow","BTS",114,5B,77,2026-03-30,05:23,66,"k-pop","FACE YOURSELF",2018-04-04,62,12,0,45,0,10,-5,D#/E♭ Major,4,6NbfFVZ01Ttvvqmcok8DxL,JPPO01706371
1460,"Wishing on a star","BTS",180,4B,83,2026-03-30,04:31,41,"k-pop","YOUTH",2016-09-07,54,2,0,64,20,0,-5,G#/A♭ Major,4,1hSYYD9WI0fuVxN0MFLVYy,JPPC01601582
1461,"Good Day","BTS",95,2B,89,2026-03-30,04:27,44,"k-pop","YOUTH",2016-09-07,61,1,0,67,0,0,-4,F#/G♭ Major,4,0AIQYEq4LaKB6R9WiwmSsT,JPPC01600473
1462,"FOR YOU","BTS",166,12B,81,2026-03-30,04:44,52,"k-pop","YOUTH",2016-09-07,55,44,0,57,10,10,-5,E Major,4,4K5ZG5nvQgu9EdyPKSigKm,JPPC01501150
1463,"THE STARS","BTS",170,8B,96,2026-03-30,04:15,36,"k-pop","WAKE UP 通常盤",2014-12-24,60,3,0,57,20,10,-3,C Major,4,6bfFac7HZpl9ix1ZVLgS5Q,JPPC01402621
1464,"WAKE UP","BTS",91,4B,69,2026-03-30,05:52,35,"k-pop","WAKE UP 通常盤",2014-12-24,71,10,0,73,0,0,-5,G#/A♭ Major,4,0GAiHTCh5xNDFim5vU8pBK,JPPC01402625
1465,"いいね!Pt.2 ~あの場所で~","BTS",95,10A,72,2026-03-30,03:55,41,"k-pop","WAKE UP 通常盤",2014-12-24,68,48,0,86,10,30,-6,B Minor,4,6VyHPy4UjMLKoLNw5RKwAL,JPPC01402624
1466,"Spring Day - Japanese ver.","BTS",107,4B,83,2026-03-30,04:36,53,"k-pop","FACE YOURSELF",2018-04-04,57,10,0,42,0,0,-4,G#/A♭ Major,4,4a8guR4owPEdDyLsPIC6HP,JPPO01701387
1467,"I NEED U - Japanese Ver.","BTS",158,4A,85,2026-03-30,03:33,39,"k-pop","THE BEST OF 防弾少年団",2017-01-06,50,1,0,69,0,20,-5,F Minor,4,5c4yYHkZTohhsdHDQ3NGIA,JPPC01502466
1468,"Save ME - Japanese Ver.","BTS",140,3B,81,2026-03-30,03:20,35,"k-pop","THE BEST OF 防弾少年団",2017-01-06,60,4,0,38,0,10,-4,C♯/D♭ Major,4,1QXdCsSt49DPilz7Ouwlf3,JPPC01601580
1469,"RUN‐Japanese Ver.‐","BTS",133,10A,86,2026-03-30,03:57,39,"k-pop","YOUTH",2016-09-07,53,0,0,55,0,20,-3,B Minor,4,0hHw8V6p7p4gIUDdEfnk78,JPPC01600471
1470,"FIRE‐Japanese Ver.‐","BTS",100,2A,71,2026-03-30,03:25,38,"k-pop","YOUTH",2016-09-07,65,0,0,51,0,10,-3,D#/E♭ Minor,4,7oFP6ewu9e7f4Kxm0sClc8,JPPC01601579
1471,"血、汗、涙 - Japanese ver.","BTS",93,5A,89,2026-03-30,03:36,54,"k-pop","FACE YOURSELF",2018-04-04,61,7,0,58,10,30,-4,C Minor,4,6u1ILVDFXcmQGQGCA3h849,JPPO01701385
1472,"Danger - Japanese Ver.","BTS",112,3B,82,2026-03-30,04:08,26,"k-pop","THE BEST OF 防弾少年団",2017-01-06,73,0,0,43,0,0,-5,C♯/D♭ Major,4,4arsFbEfDXJUnnBN1c2HCA,JPPC01402243
1473,"Save ME‐Japanese Ver.‐","BTS",140,3B,80,2026-03-30,03:19,34,"k-pop","YOUTH",2016-09-07,62,5,0,39,0,0,-4,C♯/D♭ Major,4,4qtif4YRqkU7V1UtDZSHjL,JPPC01601580
1474,"I NEED U(Japanese Ver.)","BTS",158,4A,87,2026-03-30,03:32,37,"k-pop","YOUTH",2016-09-07,50,1,0,73,0,10,-4,F Minor,4,6afHEsJZSp4s4JIPOSgB4w,JPPC01502466
1475,"IDOL - Japanese ver.","BTS",126,11A,84,2026-03-30,03:42,39,"k-pop","Lights/Boy With Luv",2019-07-03,71,0,0,42,10,10,-3,F#/G♭ Minor,4,7IeoEVVNdCXHeILYk2Yxsr,JPPO01902097
1476,"DNA - Japanese ver.","BTS",130,12A,76,2026-03-30,03:43,50,"k-pop","FACE YOURSELF",2018-04-04,57,0,0,60,0,0,-4,C♯/D♭ Minor,4,4Bkh5uDlP14vneIoRG0umC,JPPO01706370
1477,"FAKE LOVE - Japanese ver.","BTS",155,7A,68,2026-03-30,04:03,49,"k-pop","MAP OF THE SOUL : 7 ~ THE JOURNEY ~",2020-07-14,55,0,0,43,0,30,-6,D Minor,4,4jTEbIwCMcHSwlSEiR4NlQ,JPPO01805000
1478,"ホルモン戦争 - Japanese Ver.","BTS",98,11B,100,2026-03-30,04:28,23,"k-pop","THE BEST OF 防弾少年団",2017-01-06,64,16,0,39,20,30,-2,A Major,4,1QZIDFRBifizYF6W2OnchR,JPPC01501151
1479,"JUMP -Japanese Ver.-","BTS",102,6A,97,2026-03-30,03:57,28,"k-pop","WAKE UP 通常盤",2014-12-24,49,4,0,70,30,50,-3,G Minor,4,5dK6OtqmHEVjaSm0RsiJ4Q,JPPC01402622
1480,"DOPE -超ヤベー!-(Japanese Ver.)","BTS",154,3A,90,2026-03-30,04:01,19,"k-pop","I NEED U(Japanese Ver.)(通常盤)",2015-12-08,58,3,0,54,20,40,-4,A#/B♭ Minor,4,1iQZ8mnpwcOebTu9lyQmm0,JPPC01502467
1481,"Best Of Me - Japanese ver.","BTS",122,5A,77,2026-03-30,03:47,50,"k-pop","FACE YOURSELF",2018-04-04,66,4,0,40,0,40,-4,C Minor,4,6yGKx4J9UdMp7tcaGXWzDj,JPPO01801147
1482,"Black Swan - Japanese ver.","BTS",147,7A,74,2026-03-30,03:18,48,"k-pop","MAP OF THE SOUL : 7 ~ THE JOURNEY ~",2020-07-14,71,17,0,54,0,10,-6,D Minor,4,5smmjzMNkj4YSacTBH6taZ,JPPO02001473
1483,"Airplane pt.2 - Japanese ver.","BTS",140,5A,78,2026-03-30,03:40,51,"k-pop","MAP OF THE SOUL : 7 ~ THE JOURNEY ~",2020-07-14,75,4,0,90,0,0,-5,C Minor,4,4EeVAiJtyblHzvkN9sZCmM,JPPO01805001
1484,"Go Go - Japanese ver.","BTS",136,3A,69,2026-03-30,03:57,50,"k-pop","FACE YOURSELF",2018-04-04,84,22,0,85,0,0,-5,A#/B♭ Minor,4,0YguyyCOTyujhSDXWyB4W3,JPPO01801149
1485,"Dionysus - Japanese ver.","BTS",176,9B,89,2026-03-30,04:08,48,"k-pop","MAP OF THE SOUL : 7 ~ THE JOURNEY ~",2020-07-14,46,2,0,59,10,30,-4,G Major,4,6j0NiWoRQDiNC05RwVVZNa,JPPO02001472
1486,"MIC Drop - Japanese ver.","BTS",170,2A,91,2026-03-30,03:58,50,"k-pop","FACE YOURSELF",2018-04-04,66,1,0,62,10,10,-4,D#/E♭ Minor,4,3N6te5xi59Ex4HudLKsgGS,JPPO01706369
1487,"Boy With Luv - Japanese ver.","BTS",120,10A,86,2026-03-30,03:50,51,"k-pop","MAP OF THE SOUL : 7 ~ THE JOURNEY ~",2020-07-14,67,7,0,78,0,20,-5,B Minor,4,1GAAUZBTaIM1LwNpOJQJrZ,JPPO01902096
1488,"ON - Japanese ver.","BTS",106,8A,82,2026-03-30,04:07,48,"k-pop","MAP OF THE SOUL : 7 ~ THE JOURNEY ~",2020-07-14,60,12,0,43,10,30,-6,A Minor,4,2hhizKAVm9wNn0d2N05jkG,JPPO02001474
1489,"Not Today - Japanese ver.","BTS",110,5A,94,2026-03-30,03:53,49,"k-pop","FACE YOURSELF",2018-04-04,60,0,0,67,10,80,-4,C Minor,4,6aJj9OlLiZVagW8fd8ZtK3,JPPO01701386
1490,"Make It Right - Japanese ver.","BTS",104,9B,70,2026-03-30,03:45,49,"k-pop","MAP OF THE SOUL : 7 ~ THE JOURNEY ~",2020-07-14,57,2,0,24,40,20,-7,G Major,4,6P0Ni8GrnwRScC4uk8tKqM,JPPO02001471
1491,"EPILOGUE : Young Forever‐Japanese Ver.‐","BTS",87,4A,76,2026-03-30,02:53,33,"k-pop","YOUTH",2016-09-07,46,2,0,35,20,10,-4,F Minor,4,3EiEbnbznDnoPGIU8Btv1F,JPPC01601583
1492,"INTRO.","BTS",107,11A,90,2026-03-30,01:15,23,"k-pop","WAKE UP 通常盤",2014-12-24,81,15,0,79,30,30,-4,F#/G♭ Minor,4,6kxwFFdd96e0Mz1rfNnJu1,JPPC01402620
1493,"BOY IN LUV -Japanese Ver.-","BTS",83,9A,90,2026-03-30,03:52,29,"k-pop","WAKE UP 通常盤",2014-12-24,53,0,0,54,10,10,-5,E Minor,4,4tRMWHkeoOoraTGe4r9LKZ,JPPC01401068
1494,"NO MORE DREAM -Japanese Ver.-","BTS",168,10B,87,2026-03-30,03:42,25,"k-pop","WAKE UP 通常盤",2014-12-24,66,2,0,64,40,40,-4,D Major,4,0jCexDV1R6sP5I8caBZD7n,JPPC01400747
1495,"JUST ONE DAY -Japanese Ver. Extended-","BTS",95,10A,49,2026-03-30,05:33,27,"k-pop","WAKE UP 通常盤",2014-12-24,53,9,0,37,10,0,-6,B Minor,4,6fLL8N84PyeLfQIaY77M8F,JPPC01402623
1496,"いいね!","BTS",101,5A,67,2026-03-30,03:52,33,"k-pop","WAKE UP 通常盤",2014-12-24,77,23,0,77,0,10,-6,C Minor,4,12ZzMA3m2ingQEzmbw3kNR,JPPC01400749
1497,"進撃の防弾 -Japanese Ver.-","BTS",118,10A,97,2026-03-30,04:07,31,"k-pop","WAKE UP 通常盤",2014-12-24,64,5,0,57,30,10,-4,B Minor,4,5jnbx7tfeWUD32rVrLJpLx,JPPC01400748
1498,"N.O -Japanese Ver.-","BTS",147,9B,86,2026-03-30,03:31,25,"k-pop","WAKE UP 通常盤",2014-12-24,60,3,0,59,10,10,-6,G Major,4,0Sf4J3tlkKJQXbgEfdZKn4,JPPC01401069
1499,"OUTRO.","BTS",96,10B,70,2026-03-30,01:36,21,"k-pop","WAKE UP 通常盤",2014-12-24,68,70,0,79,0,20,-6,D Major,4,6m2gKXvkNELLUy1EjfsPfc,JPPC01402626
1500,"INTRODUCTION : YOUTH","BTS",87,11A,91,2026-03-30,02:18,24,"k-pop","YOUTH",2016-09-07,56,0,0,55,0,30,-5,F#/G♭ Minor,4,2kOe9xRoNs0jRIXGRO10wp,JPPC01601578
1501,"フンタン少年団(Japanese Ver.)","BTS",116,3B,96,2026-03-30,04:05,31,"k-pop","YOUTH",2016-09-07,69,5,0,77,20,30,-4,C♯/D♭ Major,4,05tXjIPecu7f1nHJ5dglYT,JPPC01502468
1502,"ペップセ‐Japanese Ver.‐","BTS",167,11B,89,2026-03-30,03:56,34,"k-pop","YOUTH",2016-09-07,67,0,0,54,10,0,-4,A Major,4,6hTUjGzDnrEyrmzy9hqkBT,JPPC01601581
1503,"Butterfly‐Japanese Ver.‐","BTS",149,3B,79,2026-03-30,04:00,38,"k-pop","YOUTH",2016-09-07,32,3,0,23,0,0,-5,C♯/D♭ Major,4,3f0t8cRg3hz7nyP9W1k9FD,JPPC01600472
1504,"INTRO : Ringwanderung","BTS",115,3A,82,2026-03-30,01:26,56,"k-pop","FACE YOURSELF",2018-04-04,59,55,3,21,20,10,-6,A#/B♭ Minor,4,3asJVXjbxNEOwPUL47wvcc,JPPO01801146
1505,"OUTRO : Crack","BTS",90,10B,39,2026-03-30,01:14,59,"k-pop","FACE YOURSELF",2018-04-04,73,86,57,6,30,10,-6,D Major,4,0qrPZ27AhOahJivGsDbUSS,JPPO01801151
1506,"INTRO : Calling","BTS",145,6B,61,2026-03-30,01:24,57,"k-pop","MAP OF THE SOUL : 7 ~ THE JOURNEY ~",2020-07-14,49,58,79,8,0,10,-12,A#/B♭ Major,4,5raJ9QoZOdoRZ1MZOcygkR,JPPO02001469
1507,"OUTRO : The Journey","BTS",137,8A,46,2026-03-30,01:16,57,"k-pop","MAP OF THE SOUL : 7 ~ THE JOURNEY ~",2020-07-14,52,70,46,17,0,10,-14,A Minor,4,0VF357Gjay5vvCqWA1kSu6,JPPO02001476
1508,"MISS RIGHT - Japanese Ver.","BTS",93,3B,80,2026-03-30,04:03,30,"k-pop","THE BEST OF 防弾少年団",2017-01-06,71,42,0,88,20,0,-5,C♯/D♭ Major,4,0468ycs3b7uhjLmd04rNjG,JPPC01402245
1509,"Spring Day","BTS",107,4B,85,2026-03-30,04:34,77,"k-pop","You Never Walk Alone",2017-02-13,54,1,0,46,0,10,-3,G#/A♭ Major,4,2j1fFjWHCI9KJSwcuYAOyF,KRA381700253
1510,"Left and Right (Feat. Jung Kook of BTS)","Charlie Puth,Jung Kook,BTS",101,10B,59,2026-03-30,02:34,76,"soft pop, k-pop","CHARLIE",2022-10-06,88,62,0,72,0,0,-5,D Major,4,5Odq8ohlgIbQKMZivbWkEo,USAT22205563
1511,"DNA","BTS",130,12A,78,2026-03-30,03:43,76,"k-pop","Love Yourself 承 'Her'",2017-09-18,60,2,0,70,0,0,-4,C♯/D♭ Minor,4,3uRLwBjI2TahxslcMTvpFs,KRA381702187
1512,"Life Goes On","BTS",81,3B,72,2026-03-30,03:27,82,"k-pop","BE",2020-11-20,57,1,0,45,0,30,-6,C♯/D♭ Major,4,5FVbvttjEvQ8r2BgUcJgNg,QMBZ92051791
1513,"FAKE LOVE","BTS",78,7A,72,2026-03-30,04:02,82,"k-pop","Love Yourself 轉 'Tear'",2018-05-18,56,0,0,35,0,30,-5,D Minor,4,6m1TWFMeon7ai9XLOzdbiR,QM4TX1817912
1514,"My Universe","Coldplay,BTS",105,12A,71,2026-03-30,03:46,77,"k-pop","Music Of The Spheres",2021-10-15,57,1,0,47,0,30,-6,C♯/D♭ Minor,4,46HNZY1i7O6jwTA7Slo2PI,GBAYE2100952
1515,"いいね!","BTS",101,5B,69,2026-03-30,03:53,19,"k-pop","NO MORE DREAM-Japanese Ver.- 通常盤",2014-06-04,71,24,0,70,10,10,-6,D#/E♭ Major,4,7IfrIk2IFAva3hk4OZVVw9,JPPC01400749
1516,"Butter","BTS",110,4B,46,2026-03-30,02:44,77,"k-pop","Proof",2022-06-10,76,0,0,70,0,0,-5,G#/A♭ Major,4,6jjYDGxVJsWS0a5wlVF5vS,QM6MZ2156864
1517,"NO MORE DREAM -Japanese Ver.-","BTS",168,10B,86,2026-03-30,03:41,17,"k-pop","NO MORE DREAM-Japanese Ver.- 通常盤",2014-06-04,67,2,0,62,40,40,-4,D Major,4,2A4xtrmVqm288ijDBak5lC,JPPC01400747
1518,"進撃の防弾 -Japanese Ver.-","BTS",118,10A,97,2026-03-30,04:07,18,"k-pop","NO MORE DREAM-Japanese Ver.- 通常盤",2014-06-04,65,4,0,57,30,10,-3,B Minor,4,412kpa1vylf9nZsbBQ4Mee,JPPC01400748
1519,"Dynamite","BTS",114,11A,77,2026-03-30,03:19,82,"k-pop","BE",2020-11-20,75,1,0,74,10,0,-4,F#/G♭ Minor,4,5QDLhrAOJJdNAmCTJ8xMyW,QM7282022872