#,Song,Artist,BPM,Camelot,Energy,Added At,Duration,Popularity,Genres,Album,Album Date,Dance,Acoustic,Instrumental,Valence,Speech,Live,Loud (Db),Key,Time Signature,Spotify Track Id,ISRC
1,"Frank Ocean (Feat. SOLE) (Prod. Cosmic Boy)","BIG Naughty,SOLE",80,4B,60,2022-04-19,03:15,43,"k-rap, k-ballad","Bucket List",2021-02-25,50,75,0,43,0,10,-5,G#/A♭ Major,4,6WFp299az3KeLYIClWFUlP,KRA382101159
2,"Let's Not Love Each Other","GIRIBOY",134,7B,53,2022-04-19,04:02,52,"k-rap","Like A Film : 4 Songs",2020-10-04,68,53,0,27,0,10,-6,F Major,4,6MPAgclYe1F9LSYXxOuoBC,KRA382005811
3,"SMILE (Feat. Boi B) (Prod. WOOGIE)","MELOH,Boi B",60,9B,35,2022-08-16,04:18,35,"k-rap","SignHere episode 2",2019-10-04,68,72,0,20,10,10,-7,G Major,4,6H2Q8eYWmdNguNObYKIbrD,KRA381904406
4,"Nothing's gonna be changed","Woody",79,6B,52,2022-04-20,03:24,0,"k-ballad","Nothing's gonna be changed",2020-01-11,39,55,0,62,10,20,-6,A#/B♭ Major,4,17csHY9O2lt4H5Kp6NZZWT,KRB472000025
5,"Because","ASH ISLAND",90,6B,71,2022-04-19,03:16,42,"k-rap","Because",2022-01-25,71,27,0,31,0,0,-5,A#/B♭ Major,4,08xMOoUaMWWlNStVUdBTBC,KRE132200013
6,"Like Me (Feat. Kid Wine, Jayci Yucca)","TOIL,Kid Wine,Jayci yucca",95,7B,47,2022-04-20,03:21,37,"k-rap, k-ballad","Curtain Call",2021-04-04,73,8,0,52,0,0,-8,F Major,4,39fOJFz7lk0gP4BHwBoNiV,KRMIM2116346
7,"Alone (Feat. LeeHi)","Coogie,LEEHI",120,4B,65,2022-06-28,02:59,54,"k-rap, k-ballad, k-pop","ALONE",2022-06-27,76,68,0,82,0,20,-5,G#/A♭ Major,4,2SSbQoEqPHu6qAgi3pFobY,KRC712200022
8,"Savior (feat. B.I)","LEEHI,B.I",95,3A,50,2022-04-19,03:35,57,"k-ballad, k-pop, k-rap","4 ONLY",2021-09-09,81,65,0,40,0,20,-6,A#/B♭ Minor,4,0DYvTdqBqW6erA1a7pFzVo,KRC712100040
9,"Maybe it'll be the last time (feat. Ayul)","Dept,Ayul",65,1A,56,2022-04-19,03:02,40,"","Maybe it'll be the last time",2019-12-05,60,45,0,22,0,0,-6,G#/A♭ Minor,4,2Mfb23AwsxjDKxCPsszZ8z,KRMIM1921944
10,"unstable love","KURO",85,10B,52,2022-04-20,02:06,38,"k-rap","unstable love",2021-09-12,76,71,0,48,10,0,-8,D Major,4,1kYw1pfsyblkVYrw1hZxhG,KRMIM2125977
11,"Like the first time","Leellamarz",110,9B,41,2022-04-20,03:17,32,"k-rap","Black & White Film",2021-08-06,74,80,0,36,0,30,-6,G Major,4,277FplVz9760phbEwUccuG,KRE132100034
12,"Eternal Sunshine (Feat. meenoi)","GRAY,meenoi",116,7B,53,2022-04-19,04:13,27,"k-rap","grayground.",2021-08-17,66,49,0,51,0,10,-8,F Major,4,3jkz4gz5WTPuPKTkygwk7P,KRC712100034
13,"Let It Flow","Jayci yucca",152,9B,52,2022-04-19,03:04,13,"k-rap, k-ballad","Let It Flow",2022-01-09,64,29,0,25,0,30,-6,G Major,4,4fTOPwvPHsM3hJYvmlXWUN,KSA002101329
14,"Still Life","BIGBANG",118,4B,58,2022-04-20,03:08,66,"k-pop","Still Life",2022-04-05,68,44,0,24,0,0,-4,G#/A♭ Major,4,3TSLqZssCoCdDlMhCJ08XW,KRA402100165
15,"My Day","JUNHA PARK",89,3A,60,2022-04-19,03:41,43,"","YUMI's Cells, Pt. 6 (Original Television Soundtrack)",2021-10-08,74,27,0,72,0,20,-4,A#/B♭ Minor,4,5KkYwRKIcbDcr0zK0wqK3V,KRA492101047
16,"BY","Cloudybay",148,8B,63,2022-04-19,03:55,5,"k-rap","SWIM IN THE BLUE",2021-07-07,69,52,0,48,0,10,-5,C Major,4,7LgvNgOFHW3SsDYEMa8cNE,KRB472101226
17,"Rainy Saturday","JEMINN",78,11B,70,2022-04-20,04:04,20,"","Rainy Saturday",2021-03-16,28,84,4,43,0,30,-6,A Major,4,2GmFwSUgGg8IQvLc0417AN,KRMIM2107838
18,"PLZ","LEON",80,2B,65,2022-04-19,03:04,5,"k-rap","PLZ",2022-02-09,53,69,0,36,0,10,-8,F#/G♭ Major,4,06nh2XgOMt698EE6SwRvrB,KSA012144377
19,"Think About You","PATEKO,Jayci yucca,Kid Wine",80,12B,39,2022-04-19,03:15,53,"k-ballad, k-rap","Welcome to the Kicako House",2021-07-25,66,81,0,49,0,60,-6,E Major,4,4QL7JQXCrWoCGsRKnGkga1,KSA002100492
20,"It Was Love","GIRIBOY",136,8B,40,2022-04-19,03:19,41,"k-rap","9Cut",2020-12-23,70,72,0,36,0,0,-7,C Major,4,6zePxnugk8oUcp398yUiGl,KRA382007103
21,"Scent","Colde",84,10B,49,2022-04-20,03:53,0,"","Love Part 1",2019-05-31,71,58,1,36,0,10,-8,D Major,4,2SrK72ytNt8wIh6R5pZ1nq,QM6N21921542
22,"Rain Drop","PENOMECO",62,12A,53,2022-04-20,02:25,0,"k-rap","Dry Flower",2021-04-20,71,31,0,63,20,20,-9,C♯/D♭ Minor,4,2rlFKpa0a3IF5oyjMpugiv,KRMIM2117458
23,"Would You Still Love Me (Feat. MELOH)","Gist,MELOH",120,6B,43,2022-04-20,03:40,41,"k-rap","Beginning",2022-01-22,48,31,0,26,0,0,-8,A#/B♭ Major,3,03CC9T66w6i25B8KPGcIxA,KRMIM2203199
24,"homeless door (Feat. Rad Museum)","offonoff,Rad Museum",117,5B,23,2022-04-20,05:05,38,"k-rap","boy.",2017-07-24,80,76,0,63,10,20,-10,D#/E♭ Major,4,2d9wb1ricMFwSjMegIxPms,KRA401700219
25,"Sorry That I Love You Still","KURO",140,12B,66,2022-04-20,02:27,19,"k-rap","Sorry That I Love You Still",2020-09-26,66,60,0,56,0,10,-6,E Major,4,3LFmXXj0rErybNgbmlx5lL,KRMIM2026655
26,"Can't Sleep","Loco,Heize",78,12A,55,2022-04-20,04:11,0,"k-rap, k-pop, k-ballad","SOME TIME",2020-10-14,72,60,0,28,0,20,-6,C♯/D♭ Minor,4,3IZvU45gZVLWtkRxYh6xad,KRC712000050
27,"So so","GIRIBOY",166,6B,88,2022-04-20,03:14,30,"k-rap","Lonely 4songs",2015-09-01,68,34,0,70,30,0,-4,A#/B♭ Major,4,3WKgoRPNCFGS1oASi9veic,KRA381500113
28,"Feat. Weeknd","Coogie",135,11A,63,2022-05-15,03:21,0,"k-rap","EMO ＃1",2018-12-07,74,39,0,51,0,10,-6,F#/G♭ Minor,4,3bbguBvpqIDUJTqUmIBlPO,KRA301800594
29,"Walk","OVAN",90,4B,65,2022-04-20,02:58,17,"k-ballad, k-rap","Walk",2021-11-15,65,71,0,50,0,20,-7,G#/A♭ Major,4,6yHIb3GqNsHVAsmKBr0xmw,KRA252102158
30,"Timing (Feat. Yumdda, BIG Naughty) (Prod. TOIL)","KOONTA,YUMDDA,BIG Naughty",172,9B,59,2022-04-21,04:30,33,"k-rap, k-ballad","Show Me The Money 10 Final",2021-12-04,67,34,0,80,10,10,-6,G Major,4,1qHYc2IqPbfu3tjm2qYpcq,KRA492101362
31,"Why Can’t We (Feat. GIRIBOY)","SOMDEF,GIRIBOY",88,2B,58,2022-04-21,03:47,27,"k-rap","MorningMare",2019-12-13,74,81,0,74,20,30,-6,F#/G♭ Major,4,63iZBjTKFxHlmFK4DZXmk8,KRA381905150
32,"Moonlight","Loco",100,10B,65,2022-04-21,03:33,23,"k-rap, k-pop","HANYUL x Loco x Dingo [Moonlight: In the moonlit city]",2021-11-12,66,14,0,24,0,30,-7,D Major,4,3kO6C257MWj5iepZTW74id,KRC712100066
33,"Rain Song (Feat. Colde)","Epik High,Colde",88,2B,58,2022-04-23,04:03,47,"k-rap, k-pop, k-ballad, ","Rain Song",2021-06-29,68,63,0,56,0,10,-5,F#/G♭ Major,4,5IWlLl3xT95o8TSv3O8tRH,KRB472101041
34,"I Need You","OVAN",143,1B,76,2022-04-24,03:50,40,"k-ballad, k-rap","I Need You",2020-03-06,65,48,0,77,10,20,-5,B Major,4,2dp0SokB0wxNlLcR0J547q,KRA252000259
35,"goodforyou","Leellamarz,Panda Gomm,ASH ISLAND",90,8B,44,2022-04-27,03:37,24,"k-rap","BAMBOOCLUB[A]",2020-07-08,49,60,0,37,0,10,-9,C Major,4,3op6U7JUcGFnifYO9y6Bb6,KRE132000103
36,"NAM A (feat. THAMA, SOLE & Kim Seungmin)","Cosmic Boy,Thama,SOLE,Kim Seungmin",93,1A,54,2022-04-27,03:26,0,"k-rap, k-ballad","Can I Heat ?",2020-01-21,47,51,0,28,0,20,-5,G#/A♭ Minor,4,4rhiJhZyEwEm1tzG4y3vl7,KRB472000077
37,"사랑했던 만큼, 너를 미워하려 해","Churry",80,3B,63,2022-05-07,03:37,0,"k-ballad, k-rap","사랑했던 만큼, 너를 미워하려 해",2020-10-05,76,31,0,13,0,0,-5,C♯/D♭ Major,4,4iCR5uViSZns1liLyaRUDb,QZF452004954
38,"Still alive (Feat. JAEHA)","M1NU,JAEHA",83,9B,42,2022-05-07,03:30,6,"k-rap","20",2022-01-18,73,78,0,46,0,10,-8,G Major,4,2eiEOvWKNHAGCPpm5XhYsL,KSA002101376
39,"home (Feat. DALIE)","B.O.,DALIE",80,10B,61,2022-05-08,03:05,23,"","home",2021-12-19,59,45,0,24,0,30,-4,D Major,4,0VKWMrvGyQXN0PzBjcGLFH,KRA382164269
40,"Cloud","구피 (Goopy)",80,5B,45,2022-04-20,02:47,0,"","Cloud",2020-07-26,41,53,0,33,0,0,-7,D#/E♭ Major,4,1MphaXbHJocqbKMQLRnjkn,QZEKE2016362
41,"MOON","Austn",184,7B,45,2022-05-12,02:52,5,"k-rap","032",2019-11-07,52,70,0,69,10,10,-8,F Major,4,5UEWbNyrvBBkRIHnDDKjS4,KRB471901544
42,"Used to it","Gist",130,12B,29,2023-05-29,02:28,26,"k-rap","Beginning",2022-01-22,74,42,0,48,0,0,-10,E Major,4,2aw9EKE3uVk2UTR0sdCpXr,KRMIM2203196
43,"Black Heart (feat. Leellamarz, BE'O)","TOIL,Leellamarz,BE'O",168,1B,51,2022-05-13,03:55,54,"k-rap, k-ballad","Between Sat & Sun",2022-01-30,55,77,0,85,0,50,-5,B Major,4,2odm919sRfQIhH2na8YSKK,KRMIM2203657
44,"To the End","SFC.JGR",132,4A,53,2022-05-17,02:59,23,"","Bronze",2019-05-13,64,40,0,56,0,10,-8,F Minor,4,7xrv4UV4uOGxlTFVOCbQEc,KRMIM1907988
45,"Pit A Pat (feat. FR:EDEN)","amin,Dept,FR:EDEN",156,8B,52,2022-05-20,02:53,27,"","Pit A Pat",2021-11-23,67,73,0,75,10,0,-5,C Major,4,7J3M4oMBrMM7n3BduXjY0s,KRMIM2161159
46,"Never Ending Story (Feat. Dynamicduo)","Leellamarz,TOIL,Dynamicduo",80,7B,56,2022-05-20,03:54,48,"k-rap, k-ballad, k-pop","TOYSTORY3",2022-05-20,71,39,0,71,10,10,-7,F Major,4,2kIvvkzrcrFqVdPGSHtKYO,KRE132200042
47,"Seperation Anxiety (Feat. JAEHA)","Leellamarz,TOIL,JAEHA",92,4B,50,2022-05-20,03:34,38,"k-rap, k-ballad","TOYSTORY3",2022-05-20,70,65,0,55,0,20,-7,G#/A♭ Major,4,7yfH1m18qMk1gAXPazWX0v,KRE132200041
48,"Iris","Leellamarz,TOIL",90,7B,28,2022-05-20,02:11,25,"k-rap, k-ballad","TOYSTORY3",2022-05-20,76,89,0,56,0,10,-12,F Major,4,0ZpQLlv8szErU4S6ALCOYS,KRE132200049
49,"WANT U","Def.",92,9B,41,2022-05-20,02:52,32,"","LOVE.",2022-01-26,76,35,0,57,0,0,-7,G Major,4,64D4Sjf0D6p1xSh8daZuBX,KRA252200153
50,"It Takes Time (Feat. Colde)","Loco,Colde",120,5B,50,2022-05-20,03:51,0,"k-rap, k-pop, ","It Takes Time",2018-10-08,73,78,0,27,0,20,-7,D#/E♭ Major,4,3mNbGPCLCxia3yvwWp2P51,KRC711800041
51,"vestigial organ","KIMMUSEUM,JEMN",83,9A,47,2022-05-20,02:48,37,"","EASTERN NIGHT",2021-08-21,61,68,0,41,0,10,-7,E Minor,4,6dLqphQWh5zEqyYnm1F358,KRB472101470
52,"Don't Be Blue","CRUCiAL STAR",85,10B,45,2022-05-20,03:03,27,"k-rap","Don't Be Blue",2020-08-21,71,61,0,34,10,10,-10,D Major,4,4vV9ew8qqO8hPUy7CWN6j5,KRMIM2023238
53,"Summer Love (feat. Verbal Jint, Basick)","Lil Cats,Verbal Jint,베이식(Basick)",85,11A,75,2022-05-20,03:59,22,"k-rap, ","Summer Love",2021-08-15,68,41,0,77,10,10,-3,F#/G♭ Minor,4,7yKrmBcGoUO5pjfApa1AsG,KSA002100617
54,"Stay with Me","Kid Wine,Leellamarz,Bassagong,The Quiett",90,10B,52,2022-05-20,03:34,33,"k-ballad, k-rap","DECANTING",2021-01-23,77,35,0,61,0,10,-7,D Major,4,5bMpQ31gR0VntbTDIN6CaN,KRE132000081
55,"FROM.","Anandelight",140,11B,31,2022-05-20,03:50,16,"k-rap","FROM.",2022-03-16,62,38,0,34,20,0,-7,A Major,4,1qPPXXmdwsKgAqNbCUBfNx,KSA012150056
56,"Black & White Film (Prod. BOYCOLD)","Leellamarz",84,7A,73,2022-05-23,02:39,44,"k-rap","Black & White Film",2021-08-06,53,74,0,27,10,30,-4,D Minor,4,0V9VGJZxsJYodarhAolMy9,KRE132100031
57,"Flower (Feat. Jay Park, Woo, GIRIBOY)","CODE KUNST,Jay Park,Woo,GIRIBOY",86,2B,53,2022-05-23,04:33,40,"k-rap, k-pop","PEOPLE",2020-04-02,45,86,0,53,30,10,-6,F#/G♭ Major,4,0mVvkepe2sQUa0j8NWukaZ,KRC712000012
58,"Can't Wait","Hoody",90,6A,54,2022-05-23,02:54,17,"k-rap","Can't Wait",2017-11-16,60,60,0,42,0,20,-5,G Minor,4,5b58M0oihU01CNMaED4UTo,KRC711700032
59,"GOING OUT (feat. punchnello)","Bryn,punchnello",100,12B,49,2022-05-24,03:16,0,"k-rap","VELVETMOTH",2020-08-27,77,59,0,65,0,10,-8,E Major,4,7c0yQy1OIbMHS5bW7z7HeN,KRMIM2023706
60,"When Dawn Comes Again","Colde,BAEKHYUN",168,7B,46,2022-05-24,04:00,0,"k-pop","When Dawn Comes Again",2021-07-21,58,46,0,31,0,10,-6,F Major,4,3wrw9wHpk6Fy298p5ISgii,QMFME2118328
61,"Don't cry (Feat. george) (Prod. BOYCOLD)","Leellamarz,george",90,11A,46,2022-05-24,03:40,24,"k-rap, k-ballad","Black & White Film",2021-08-06,79,84,0,43,0,10,-5,F#/G♭ Minor,4,3pEGkFxAMIsz0qNadCveuX,KRE132100033
62,"One Snowy Day (Feat. SOLE)","GIRIBOY,SOLE",89,4A,51,2022-05-24,04:00,32,"k-rap","One Snowy Day",2022-01-14,72,57,0,65,20,10,-6,F Minor,4,0JQgYzXuL2wCTAv6z4mESW,KRA382264684
63,"Magnolia","Aden",90,6A,40,2022-05-24,02:51,0,"","Magnolia",2022-03-13,64,64,0,71,0,10,-7,G Minor,4,5XrRVO7bjxl1HUZ5Ffri4g,KSA012150038
64,"Incense (prod. SIM2)","Austn",105,8B,47,2022-05-24,03:08,3,"k-rap","Incense",2020-11-15,65,64,0,45,0,10,-8,C Major,4,2yC1fI9PYueIbfLutk7MRe,QZF452002050
65,"When The Rain Stops","Hoody",130,9A,54,2022-05-24,03:01,26,"k-rap","D-day",2021-10-25,66,71,0,54,0,10,-8,E Minor,4,5UvS2soEVuRr4SFpvB09KJ,KRC712100051
66,"Ex-Boyfriend (feat. POLO)","KozyPop,최동주 (POLO)",144,3B,72,2022-05-24,02:43,0,"k-rap","Seoul Vibes, Pt. 12",2019-11-13,75,2,0,88,0,0,-7,C♯/D♭ Major,4,1qQkIB2Ckfk9VgHvn5j34P,USL4Q1943278
67,"Time limit (Feat. Leellamarz, Loco)","TOIL,Leellamarz,Loco",110,4A,48,2022-05-29,03:49,50,"k-rap, k-ballad, k-pop","Curtain Call",2021-04-04,68,57,0,44,0,10,-9,F Minor,4,1jQg7ImfH2OVpp9lu9mOj0,KRMIM2116340
68,"좋아지려 노력 중이야","Jayci yucca",142,11A,51,2022-05-29,03:39,11,"k-rap, k-ballad","CLOUD STAR",2019-07-31,78,19,0,46,0,10,-5,F#/G♭ Minor,4,7M7bZu0eEcDo45yPWbihPm,KRZ291931256
69,"듣고 있어?","Swings",92,4B,59,2022-05-29,03:32,42,"k-rap","Swings #1 Mixtape Vol.II",2013-02-27,79,29,0,71,0,20,-4,G#/A♭ Major,4,3fxz5KdLS3B2KAjfEENekY,KRA341224478
70,"Pass By","Hash Swan",170,10A,57,2022-05-29,03:50,13,"k-rap","Alexandrite",2018-02-21,64,15,0,52,10,0,-6,B Minor,4,3j9q2ic3rdwGWJYUNKTAdK,KRE131800005
71,"ESC","Han Yo Han",150,8B,66,2022-05-29,04:27,27,"k-rap","Spirit Bomb",2020-03-28,49,32,0,19,0,30,-4,C Major,4,2S1Bd1ZlU7sOFPXd1LNtex,KRA382000933
72,"Pingye","CHANGMO",135,9B,50,2022-05-29,03:51,35,"k-rap","DNSG",2018-06-11,63,3,0,8,0,10,-10,G Major,4,2vtaqa348oouPW33I6ROEW,KRE131800022
73,"Repeat","Joob A",150,9B,76,2022-05-30,03:44,44,"k-ballad","Repeat",2022-01-28,61,81,0,54,0,30,-4,G Major,4,6hEDtwcUn57Vcf2GVP1ukW,KRA252200170
74,"We (prod. GRIO)","HOON",90,3B,64,2022-06-02,03:16,2,"k-rap","We",2021-10-12,68,8,0,28,0,10,-6,C♯/D♭ Major,4,3MQ2OFcxvVZP7bZtfkwkbT,KSA002100914
75,"Beyond Love (Feat. 10CM)","BIG Naughty,10CM",175,9B,57,2022-06-06,03:08,55,"k-rap, k-ballad, soundtrack","Beyond Love",2022-04-20,51,22,0,59,0,20,-7,G Major,4,0HsRZwZzHoZ5AM5W2ZYI5c,KRA382204596
76,"Daydream (feat. LeeHi)","B.I,LEEHI",86,11B,73,2022-06-09,03:14,0,"k-pop, k-rap, k-ballad","WATERFALL",2021-06-01,75,49,0,41,0,20,-5,A Major,4,5bS39ndbAoNiX8dGELCHg5,KRMIM2121898
77,"Button","Leellamarz",85,11B,65,2022-06-14,03:36,35,"k-rap","Last Waltz",2021-11-23,73,19,0,66,10,0,-5,A Major,4,6sfWkp3iGGTSdsfE4EIgHp,KRE132100060
78,"Whenever it rains (feat. Nason & amin)","Dept,Nason,amin",139,10B,53,2022-06-26,03:05,0,"tribal house, latin house, ","whenever it rains",2020-04-12,66,82,0,42,0,10,-6,D Major,4,6eQtDU7frMlvQp3jSUqInu,KRMIM2007441
79,"Feel So","KnockLoud,Gist,Chan",110,12B,65,2022-06-30,03:11,0,"k-rap, luk thung","Feel So",2022-02-11,74,62,0,40,10,30,-7,E Major,4,5FMuMa2qYSp3y3r0QQyNtl,KRMIM2204146
80,"BURNOUT","Jayci yucca",76,6B,64,2022-06-30,03:02,1,"k-rap, k-ballad","Why You Worry About Me ?",2020-05-05,82,11,0,87,10,20,-5,A#/B♭ Major,4,6VTeMJ5b1jBVn8u8Z1X3kX,QZEKE2006958
81,"Poker (Feat. Dvwn)","BIG Naughty,Dvwn",83,4B,40,2022-06-30,03:32,36,"k-rap, k-ballad, ","NANGMAN",2022-06-09,60,82,0,61,0,10,-8,G#/A♭ Major,4,22FORLyoDr8bjJCVOeUan2,KRA382205623
82,"When I See You (feat. Jimmy Brown)","Sweet The Kid,Jimmy Brown",77,7B,56,2022-06-30,02:55,35,"","When I See You",2020-02-17,74,86,0,75,0,10,-6,F Major,4,1pqPzcxmGr25rZJvy74YjC,KRB472000166
83,"Sad ending (Feat. george)","Heize,george",118,5A,63,2022-07-06,04:22,32,"k-ballad, k-pop","Undo",2022-06-30,78,50,0,53,0,20,-5,C Minor,4,6hZoLssqHZJxLbqPu5g30F,KRMIM2236136
84,"A Guy Who Can't Do Anything Without Alcohol (With THAMA)","GIRIBOY",88,4A,59,2022-07-06,04:05,26,"k-rap","9Cut",2020-12-23,68,74,0,76,30,10,-6,F Minor,4,4CNQQHo8SF7ulm9nAS8csV,KRA382007104
85,"나는 너의 (feat. 스텔라장)","BIGONE,Stella Jang",90,4A,58,2022-07-06,02:42,0,"k-rap, k-rock, ","PEACH BLOSSOM",2019-05-05,72,27,0,82,10,10,-3,F Minor,4,75wsy65fLiIWqHep55B2Ca,KRE501900016
86,"I Am Yours","OVAN",93,9B,78,2022-07-10,03:31,36,"k-ballad, k-rap","I Am Yours",2021-06-21,64,82,0,64,10,10,-4,G Major,4,7kt9DWBdhxw9pABN5M3NjE,KRA252101090
87,"FINE (feat. SOMA & WOODZ)","BOYCOLD,SOMA,WOODZ",138,3B,48,2022-07-14,03:33,42,"k-rap, k-rock, k-pop","DAFT LOVE",2022-07-14,66,33,0,71,0,20,-7,C♯/D♭ Major,4,0YhTNs46xlfwDUxvNNh0xb,KRB462200792
88,"PILLOW","PL",112,9B,52,2022-07-15,03:07,0,"k-ballad","PILLOW",2021-03-28,68,62,0,23,0,10,-5,G Major,3,4Q7nxYQgc2RJeOO5gwwPdw,KRB472100489
89,"Tell Me","PATEKO,Jayci yucca,Kid Wine",88,12B,51,2022-07-15,02:57,34,"k-ballad, k-rap","Welcome to the Kicako House",2021-07-25,70,57,0,31,0,10,-6,E Major,4,726zo5B0UvuO7aC0MhFWFY,KSA002100493
90,"Alone (feat. SOLE, Dvwn)","Cosmic Boy",70,6B,49,2022-07-15,03:20,0,"","Alone",2021-12-21,53,48,0,31,0,30,-5,A#/B♭ Major,4,3oCYvFL2nrk1ryuFx46ZL0,QMDA72164215
91,"He's next to you, instead of me","TOIL,Kid Wine",134,12B,38,2022-07-16,02:52,50,"k-rap, k-ballad","He's next to you, instead of me",2020-10-30,61,72,0,26,0,10,-7,E Major,4,25U5ea5BGlFK5318WduEzI,KRC532000015
92,"시간이 있다면","Cha Woo Joo",127,4B,62,2022-07-16,03:54,2,"k-rap","L.V.D (LOVED YOU)",2022-06-30,56,31,0,65,0,10,-5,G#/A♭ Major,4,2duxEP6TRB74xQotMHl8sU,KRF632203170
93,"Sleep Tight","LEON",78,7B,66,2022-07-16,02:35,0,"k-rap","Sleep Tight",2019-01-02,64,33,0,62,0,30,-4,F Major,4,3iDYC5PtwnsrGrbjjJVhfc,QZEKE1894625
94,"Late night (Feat. Hoody)","PARK HYEON JIN,Hoody",134,9B,42,2022-07-18,03:11,33,"k-rap","____FECT",2022-04-13,66,30,0,36,0,10,-6,G Major,4,6KiQ48d7ytSeickIGaMPZs,KRF152200004
95,"You","Dept,Jayci yucca",88,4A,50,2022-07-18,02:46,0,"k-rap, k-ballad","You",2019-04-09,74,78,0,67,0,10,-6,F Minor,4,0LQRxiqt9O163G2RrvDPq4,QZEKE1876276
96,"B Mine (Feat. SUMIN) (Prod. CODE KUNST)","Swings,CODE KUNST,SUMIN",126,2A,64,2022-07-19,03:50,24,"k-rap, j-r&b","Show Me The Money 9 Final",2020-12-19,73,57,0,57,0,20,-5,D#/E♭ Minor,4,0mJNPyr2WihPeSl2Gr5NLS,KRA492001564
97,"음악이 흘러 나오면 (feat. 김이지)","Jayci yucca,EZ Kim",132,4B,54,2022-07-19,02:29,4,"k-rap, k-ballad, soundtrack","YUCCA PROJECT",2019-05-15,67,90,0,37,0,10,-8,G#/A♭ Major,4,12V7fmSQWTiAqYu3QBpooK,KRZ291918886
98,"Why (Feat. Hoody)","VVON,Hoody",90,12B,39,2022-07-26,02:20,40,"k-rap","Why (Feat. Hoody)",2022-07-05,78,66,0,71,0,10,-4,E Major,4,0cIEQ9hmlk2qJFvjZGgS82,KRMIM2237983
99,"STILL.","LEON",84,7B,65,2022-08-02,03:17,0,"k-rap","STILL.",2022-08-01,69,37,0,67,0,20,-6,F Major,4,7xvZaKgTm12EA2BorgmXJ3,KSA012169466
100,"Burn the Memory (Feat. GIRIBOY)","Dvwn,GIRIBOY",80,11B,50,2022-08-06,03:16,45,"k-rap","Burn the Memory (Feat. GIRIBOY)",2020-03-11,81,54,0,60,10,10,-5,A Major,4,4FvDB8RKvxZFpKljmOalwY,KRA252000276
101,"Star(feat.Nell)","VINXEN,Kim Jong Wan of NELL",82,3A,58,2022-08-07,04:00,30,"k-rap, soundtrack","Star",2018-09-17,72,61,0,56,10,10,-5,A#/B♭ Minor,4,6kbOu1oRTxRxRTBrGxIYzK,KRD571800017
102,"Sensitive (Feat. Yong Yong) (Prod. Way Ched)","Jayci yucca,YongYong",111,7B,66,2022-08-09,03:15,11,"k-rap, k-ballad, k-rock","Sensitive (Feat. Yong Yong) (Prod. Way Ched)",2022-05-19,67,21,0,42,0,10,-6,F Major,4,38FtaX0lTQXLT7BmbUHcSm,KSA002200021
103,"LATELY (Feat. Hoody)","pH-1,Hoody",134,4A,54,2022-08-09,03:51,37,"k-rap","LATELY",2021-12-23,81,50,0,48,0,10,-8,F Minor,4,68W9Rt5yAcalwteykLJ82a,KRF152100045
104,"Beige coat","Grizzly",73,8B,53,2022-08-11,02:59,0,"k-ballad, k-rap","Beige coat",2022-01-05,61,49,0,73,0,40,-6,C Major,4,0RErLzcXg9K3FtjN86e4gm,KRMIM2179465
105,"4AM (feat. Bessi, Mirae & RYUKIE)","KozyPop,Bessi,Mirae,RYUKIE",110,8B,55,2022-08-11,03:50,0,"k-rap, spoken word","Seoul Vibes, Nutty",2021-06-16,85,78,0,81,0,10,-4,C Major,4,6rLfDKWm9nHqwMKcDlcfAi,KRMIM2123717
106,"ANYWHERE ANYTIME","george",77,4B,45,2022-08-16,02:36,35,"k-ballad","1,2,3..",2022-08-08,51,90,0,44,0,20,-9,G#/A♭ Major,4,70l9WbRhCmYrnT02psPSMv,KRMIM2244831
107,"Dingo X KIXO - 이건내가처음쓰는사랑노래 (feat. BIG Naughty)","JUNE,BIG Naughty",150,11A,38,2022-08-16,03:29,36,"k-ballad, k-rap","Dingo X KIXO - 이건내가처음쓰는사랑노래 (feat. BIG Naughty)",2022-07-05,44,74,0,32,0,20,-8,F#/G♭ Minor,4,1OPaYSgfVbdg4rCwNQMS2D,KRMIM2238636
108,"Stain","SIM2",124,2B,45,2022-08-16,03:21,1,"","Stain",2021-12-08,83,33,0,78,0,10,-9,F#/G♭ Major,4,4d38eCG5UaYzBdVP22Eg0e,KSA012134926
109,"rain drop (feat. OoOo)","Joob A,OoOo",80,7A,64,2022-08-16,03:38,0,"","rain drop (feat. OoOo)",2021-06-21,52,88,0,16,10,30,-7,D Minor,4,3oVJ0oOqxRpV3alvhbaOB2,KRA252101176
110,"Someday (Feat. SOLE) (Prod. Padi)","snzae,SOLE",88,9A,66,2022-08-16,02:46,13,"k-rap","Day",2022-03-30,71,62,0,43,20,10,-4,E Minor,4,6NfUyAbEcC2Le5KSeXRZ7G,KRB142200010
111,"White Night (Feat. Loco)","TRADE L,Loco",93,7B,47,2022-08-16,03:51,30,"k-rap, k-pop","White Night",2022-01-19,66,81,0,68,0,10,-4,F Major,4,6Z3YqTeAPKrptw70GpHJiO,KRF152200001
112,"Bye","Woo,meenoi",73,3B,41,2022-08-18,04:31,25,"k-rap","Ghosting",2022-08-18,64,69,0,31,0,0,-8,C♯/D♭ Major,4,1fOFzaX3rNKD78MjYEpTDC,KRC712200026
113,"Mine","BUMKEY,SURAN,dress",83,2B,66,2022-08-19,03:45,0,"k-rap, k-pop","Mine with KozyPop",2021-01-27,68,38,0,70,0,20,-4,F#/G♭ Major,4,4fHwUkO83RzsOnnIv2vRvD,KRMIM2101350
114,"Cupcake (Feat. punchnello)","ELO,punchnello",90,10B,73,2022-08-23,03:16,19,"k-rap","Reality Check",2022-04-18,80,47,0,78,0,0,-3,D Major,4,4pGeqCMZJHQ4NDXWLC1CFv,KRC712000040
115,"Hope it gets to you","Azurever",88,6B,76,2022-08-23,03:00,0,"k-ballad","Hope it gets to you",2022-04-01,65,14,0,51,0,30,-4,A#/B♭ Major,4,2ehdDvvBJwN6boqEuyoAMJ,KRA252200544
116,"You, again (Prod. Humbert)","So Soo Bin",84,7B,60,2022-08-23,03:49,33,"k-ballad","A-TEEN Part. 1",2018-07-15,77,44,0,44,0,10,-5,F Major,4,5BhXBPf3kHOgArWYtXHQar,KRA381800245
117,"Down (feat. Owen) (Prod. TOIL)","Jayci yucca,Owen",150,6B,68,2022-08-24,02:53,8,"k-rap, k-ballad","THE LAST EMOTIONS",2022-08-22,67,45,0,82,0,10,-8,A#/B♭ Major,4,04aiKL7RF9w0elR42kgRlb,KSA002201538
118,"osaka in the night","Austn",93,7B,43,2022-08-26,02:38,4,"k-rap","osaka in the night",2022-08-21,75,69,0,85,0,0,-8,F Major,4,2ljggZtiPrekmR5MDanftM,KSA002201532
119,"Bench","Grizzly",84,2B,56,2022-08-28,03:18,0,"k-ballad, k-rap","Bench",2019-01-03,77,65,0,67,0,10,-7,F#/G♭ Major,4,1wphQEahDhKZdfHAhOYwEm,KRA252000472
120,"Empty Canvas (feat. Lee Young Ji & Layone)","Babylon,Lee Young Ji,Layone",60,7B,44,2022-08-30,03:12,35,"k-rap, k-pop","Hardy",2021-02-04,73,14,0,59,0,10,-8,F Major,4,3yH6BX0Mkqyzg9dWKa5SJi,KRB462100144
121,"Friendship (feat. Hoody)","YUNB,Hoody",120,8B,53,2022-08-30,03:44,0,"k-rap","Wasted 20s",2019-07-19,75,61,0,38,0,10,-6,C Major,4,2uu0XpOAlaU4BmA28BYE1Y,KRC391900037
122,"달라서","Tamiz,Claire Hau",88,10B,73,2022-08-31,03:30,0,"k-rap","달라서",2019-09-17,81,63,0,84,0,0,-4,D Major,4,47w51ldHwR0M6JlWBIKirb,USHM91931915
123,"fool","Gist,Leellamarz",95,10B,42,2022-08-31,03:23,18,"k-rap","fool",2020-02-06,69,92,0,56,10,10,-8,D Major,4,4AqWQafVRK0P9Nt7YwamBA,KRE132000016
124,"Knock Knock (Feat. pH-1, Moon Sujin)","SMMT,pH-1,Moon Sujin",84,12A,69,2022-09-01,02:57,29,"k-rap","Mr. Hollywood",2022-08-31,50,58,0,55,20,10,-6,C♯/D♭ Minor,4,1eX3uqAJ1gXZPOR0aXQD4G,KRF152200008
125,"The last letter (feat. Taeb2, EUER)","KozyPop,EUER,Taeb2",127,7A,60,2022-09-03,03:05,0,"k-rap","SEOULVIBES, FOREST",2022-08-26,75,17,0,33,0,20,-4,D Minor,4,3Cf7d7mysRLFxyTwIjvQ1x,KRA252201618
126,"Leave (Prod. PATEKO)","THAMA,Jayci yucca",79,9B,70,2022-09-04,04:07,1,"k-rap, k-ballad","Listen-Up EP.2",2022-08-06,57,61,0,60,0,10,-6,G Major,4,6F0Sz2YXM08dgynlrkX5nI,KRA382206612
127,"Autumn Leaves","JUNE,CHEEZE",91,11A,67,2022-09-07,04:01,29,"k-ballad, k-pop","HAVE A NICE TRIP!",2018-10-31,55,30,0,38,0,20,-5,F#/G♭ Minor,4,6TumFntaPLKpEkBfMlcIbX,KRB471801632
128,"하루살이","DEAN,SULLI,Rad Museum",86,3A,49,2022-09-11,03:27,55,"k-rap, k-pop","하루살이",2018-11-09,73,57,0,53,0,20,-8,A#/B♭ Minor,4,2AA1f7utyvXpmtKsEvp5lz,KRUM71800443
129,"Chance (Feat. Peakboy (픽보이))","HAAN,Chan,Peakboy (픽보이)",87,10B,57,2022-09-14,03:14,49,"","HAAN X Chan : Synergy",2022-06-14,64,14,0,53,0,10,-6,D Major,4,7nirS2RArSJE0zVLG8rkpT,KSA002200667
130,"still beautiful","SOLE",84,5B,50,2022-09-15,03:45,0,"k-rap","still beautiful",2022-09-08,57,75,0,32,0,10,-7,D#/E♭ Major,4,5MsPHSEHfSZnxgaJDnEdI6,KRB142200076
131,"Winter Rain (feat. Punch)","Eluphant,Punch",100,11A,49,2022-09-14,03:34,12,"k-rap, hardcore punk, hardcore, grindcore, queercore","4",2019-11-12,86,42,0,57,0,0,-5,F#/G♭ Minor,4,5JQ452dGalrTQGUt0JmDFu,HKI491900297
132,"you won't be there for me","slchld",95,7A,31,2022-09-15,03:02,0,"","you won't be there for me",2021-08-20,78,23,0,63,0,10,-6,D Minor,4,7vwhqiIfU8HqXhNgyy8ubR,QM24S2105397
133,"Little Treasure","Gaeko,SUMI",132,9B,39,2022-09-15,03:20,19,"k-rap, ","Little Treasure",2022-05-03,54,86,0,40,0,0,-7,G Major,4,0polCd3LnbS7J3WqDchDfg,KRB142200025
134,"Anemone","Lee Young Ji,Layone",92,8A,74,2022-09-15,03:52,43,"k-rap, k-pop","Flower Language",2022-01-06,74,16,0,65,10,20,-5,A Minor,4,6KJB9aBaZhTLTNH59WCxvg,KRA382264561
135,"Downs (Feat. SOLE)","Goopy,SOLE",120,9B,42,2022-09-15,03:29,0,"k-rap","Downs",2019-09-21,67,38,0,30,0,10,-6,G Major,4,0Gq8stOy4Nln2iNku227U0,KRA301900417
136,"Our Days","Aden,Chan,HAAN",80,7A,35,2022-09-16,02:57,0,"luk thung, ","Our Days",2021-12-22,66,62,0,84,10,0,-8,D Minor,4,0F9sXXIb493CWnEJqS3OS3,KRMIM2178113
137,"Just","Lee Young Ji",87,4A,71,2022-09-17,03:37,38,"k-rap, k-pop","Just",2020-05-07,68,25,0,79,20,0,-6,F Minor,4,3AyV287PjveJ7iSwTxpJfX,KRA382001419
138,"MERRY GO ROUND","Grizzly",119,8B,78,2022-09-19,03:20,0,"k-ballad, k-rap","MERRY GO ROUND",2022-08-29,72,19,0,49,0,10,-4,C Major,4,2wAoIkP1XpMeAAnGSH4Drv,KRMIM2248276
139,"You","Brick",71,2B,44,2022-09-19,02:49,0,"k-rap","You",2022-08-28,63,77,0,31,0,10,-4,F#/G♭ Major,4,4CfTntWnAD7OfprLxk7xKj,KSA012181928
140,"LIVE","BIG Naughty",136,7A,33,2022-09-19,03:12,38,"k-rap, k-ballad","H1GHR : BLUE TAPE",2020-09-16,58,83,0,77,10,0,-8,D Minor,4,7AhZolEFHSk2ghYzxkziJ6,KRF152000071
141,"Lovey Dovey (Feat. meenoi)","BIG Naughty,meenoi",90,6A,63,2022-09-20,03:39,51,"k-rap, k-ballad","Lovey Dovey",2022-05-04,73,40,0,56,10,0,-6,G Minor,4,1s3AJx7XASsPSA2cKJdXG6,KRA382204920
142,"home dance","snzae",120,1B,42,2022-09-21,03:04,26,"k-rap","wallflower",2020-07-30,96,54,4,46,0,10,-6,B Major,4,4tfvHVPqR2gzh2IHP1tqkk,KRB142000021
143,"Always be with you","WEN",169,1B,52,2022-09-21,03:38,17,"","Always be with you",2020-09-02,52,59,0,31,20,30,-7,B Major,4,6NHp27o6kcRr2V0imIvpMY,KRD512000007
144,"Even after July","Dept,KURO",142,12A,59,2022-09-21,02:52,0,"anime","Even after July",2020-07-05,69,74,0,70,0,20,-6,C♯/D♭ Minor,4,4lPehz3vNeXUAqvp8jRSGb,KRMIM2017458
145,"Vancouver","BIG Naughty",89,2B,60,2022-09-24,03:36,59,"k-rap, k-ballad","Lovey Dovey",2022-05-04,62,42,0,70,10,10,-7,F#/G♭ Major,4,4p4yxplNCSmt9xfaAMpcd5,KRA382204921
146,"Memory (Art. Jeong-won)","Anonymous Artists (어나니머스 아티스트)",89,6A,63,2022-09-24,03:43,9,"","ARTIST. Jeong-won",2019-12-19,39,69,0,36,0,0,-4,G Minor,4,0Fd7gFtxxbzElYBxOVPiNt,QZEKE1925874
147,"don′t believe me (Prod. CODE KUNST)","Gist",75,12A,70,2022-09-24,03:56,6,"k-rap","EMOTION",2019-10-02,45,73,0,75,20,0,-6,C♯/D♭ Minor,1,1S1dHAsbZi9rK5FvGmnkzw,KRE131900107
148,"Dreaming (Art. JUNNY)","Anonymous Artists (어나니머스 아티스트)",83,2B,68,2022-09-24,04:19,6,"","ARTIST. JUNNY",2018-11-08,31,37,0,42,10,10,-6,F#/G♭ Major,4,4CwoOef9E6fWhKRTADBBGL,QZEKE1808663
149,"Without Me","Grizzly",117,1B,48,2022-09-24,03:12,0,"k-ballad, k-rap","Without Me",2020-03-24,63,59,0,19,0,50,-6,B Major,4,6ZBhjucZj0ip4oqdbKTBOo,KRMIM2006357
150,"Whatever For U","Grizzly",85,9A,62,2022-09-24,02:56,0,"k-ballad, k-rap","Without Me",2020-03-24,62,49,0,47,10,10,-6,E Minor,4,2k4Z2YcZvGIXdZ6GbWLUbk,KRMIM2005089
151,"Shy Girl","BIGONE,미도",176,5B,78,2022-09-26,03:23,2,"k-rap, k-rock, ","[RAPBEAT 22 X Ripple_S] Shy Girl",2022-09-23,66,70,0,77,0,20,-3,D#/E♭ Major,4,4f7HAXnTxcJzAUNI8VhbDc,QMDA62225160
152,"Complicated","THAMA",72,9B,33,2022-09-26,03:44,29,"k-rap","Complicated Needles",2022-09-25,67,42,1,67,0,0,-10,G Major,4,7hJyTX9CUFlYDmbVPuv8nT,KRB142200086
153,"L.O.V.E (feat. Wednesday & Add Blessed)","KozyPop,Wednesday,Add Blessed",108,7B,46,2022-09-27,03:35,0,"k-rap, ","SEOULVIBES, TIME",2022-09-26,42,72,0,14,0,10,-8,F Major,3,6WE2mTbeBA74A8Q6GXdytt,KRMIM2272379
154,"Sad Love Song (feat. slchld & Rheehab)","KozyPop,Rheehab,slchld",85,9B,71,2022-09-27,03:02,0,"k-rap, ","Seoul Vibes, Pt. 1",2018-04-06,48,91,0,64,0,20,-5,G Major,4,3KQambacz4w7NX27MD0bxb,USHM21812907
155,"Unreachable (Feat. Milena)","Kim Seungmin,Milena",79,8B,54,2022-09-28,03:06,29,"k-rap, k-ballad, ","Unreachable",2022-09-28,63,43,0,27,30,10,-8,C Major,4,3L0ipvNeREfCAJWCPaweUu,KSA002201952
156,"Brunch (Feat. Wonstein, Sion)","BE'O,Sion,Wonstein",87,7B,61,2022-09-29,03:44,0,"k-rap","FIVE SENSES",2022-09-29,80,74,0,69,0,10,-3,F Major,4,27ZFlFC84LEyoepDMbOFEW,KRA382207559
157,"Forget Me (Feat. PLHN)","Kid Wine,HAAN,PLHN",146,12B,42,2022-10-06,02:50,22,"k-ballad, k-rap, ","Wine, HAAN",2022-10-05,66,67,0,57,0,20,-6,E Major,3,1ox7zkdVWVUFJY0H1547qB,KSA002201979
158,"Come To Me","PATEKO,Jayci yucca,Kid Wine",140,11B,48,2022-10-10,03:56,28,"k-ballad, k-rap","Come To Me",2022-10-10,55,15,0,4,0,10,-7,A Major,4,05pbVnnOT6C2ZLgpYQQyoL,KSA002202005
159,"One Day (Feat. Colde)","PATEKO,Colde(콜드)",73,7A,69,2022-10-11,03:15,16,"k-ballad, k-rap, ","Blended Noise",2022-03-26,55,0,79,38,0,10,-7,D Minor,4,4q6skuN6lZHi1AwwniIj7o,KSA002101635
160,"Missing Call","B.O.",114,11B,66,2022-10-11,03:17,2,"","YOUTH",2022-07-25,76,67,0,73,0,20,-6,A Major,4,7DaeRisKJMBn33buLHh7jF,KRA382206403
161,"One minute later (23:59)","Grizzly",138,12A,38,2022-10-11,03:21,0,"k-ballad, k-rap","One minute later",2022-05-06,47,47,0,27,0,40,-8,C♯/D♭ Minor,4,7GFQQOqyP8lcH553RaR7da,KRMIM2217348
162,"12:30 AM (Feat. CHEEZE)","Toshi,CHEEZE",97,1B,56,2022-10-15,03:57,0,"k-rap, k-ballad, k-pop","Open Ending",2021-10-21,64,12,0,54,0,10,-5,B Major,3,68aR2iFKyhVbPzUHeFkXC6,KRA382163276
163,"Uncomfortable (Feat. Gist)","Leellamarz,Gist",61,3B,42,2022-10-18,04:00,43,"k-rap","MaRz&B",2022-10-16,78,84,0,56,20,10,-6,C♯/D♭ Major,4,1Xhj5uFSguCAiH1bNetMrh,KRE132200062
164,"TROUBLE ◑","Grizzly",119,9B,51,2022-10-18,02:46,0,"k-ballad, k-rap","Flower Shop2",2022-10-18,64,17,0,22,0,10,-6,G Major,4,72nviYRhzJLzE8yHsFgToX,KRNAR2204537
165,"One, Two (Feat. Punch)","Kim Seungmin",200,3B,59,2022-10-21,03:20,0,"k-rap, k-ballad","PROTOTYPE RESEARCH #0063",2021-10-19,40,40,0,46,0,30,-5,C♯/D♭ Major,3,6eyVKpe2LGukVfC8wpd3D2,KRMIM2122977
166,"I miss you, but I can't meet you","Jayci yucca",90,2B,54,2022-10-23,03:24,2,"k-rap, k-ballad","YUCCA PROJECT",2019-05-15,68,85,0,28,0,10,-7,F#/G♭ Major,4,0fsiBtoMeqB5kttq3Zmr8A,KRZ291918890
167,"Only You (Prod. TOIL)","Jayci yucca",81,7B,65,2022-10-23,03:13,4,"k-rap, k-ballad","The Last Boy In The Class",2020-03-02,68,39,0,67,0,10,-7,F Major,4,159lCyFPzt7PPVTYGhjAyG,QZEKE1930831
168,"That looking","BB",134,4B,49,2022-10-23,03:20,12,"","That looking",2022-10-23,62,20,0,29,0,10,-7,G#/A♭ Major,4,5GIBnPXOPK7MQV3X5DSX12,KSA012203635
169,"Unanswered call","Blueday,IOHBOY",80,6B,43,2022-10-25,03:20,35,"k-rap","Unanswered call",2022-03-05,80,77,0,69,0,10,-6,A#/B♭ Major,4,0WDRrLZHpA6PTeVVoD52mu,KSA012149429
170,"Timing (feat. HYUN SEO, ONEMiryo & Wav Rain)","KozyPop,HYUN SEO,ONEMiryo,Wav Rain",81,4B,59,2022-10-27,03:00,0,"k-rap, k-ballad","SEOULVIBES, CART",2022-10-26,50,49,0,37,0,20,-5,G#/A♭ Major,4,43ecuwUjaEXZg7aIxCCezn,KRNAR2206629
171,"Little by little (feat. Kinn & SIM2)","KozyPop,Kinn,SIM2",95,4B,65,2022-10-27,03:27,0,"k-rap, ","SEOULVIBES, CART",2022-10-26,51,80,0,53,0,30,-6,G#/A♭ Major,4,3XU459dVJFgdj9PezsU62I,KRNAR2206632
172,"calling you","Brick",124,4B,70,2022-10-28,02:43,0,"k-rap","calling you",2022-10-26,64,18,0,64,10,10,-4,G#/A♭ Major,4,5QMW5Hg59S3ChTEbNcib77,QZNCB2186430
173,"Daisy","LEON",120,4A,32,2022-11-02,03:28,0,"k-rap","Daisy",2019-12-25,70,85,0,19,0,30,-9,F Minor,3,5mhtGIRDGCn1NhButKeQwz,QZEKE1926225
174,"Ash (feat. KURO)","Shoi,KURO",80,1A,58,2022-11-06,02:17,0,"k-rap","Ash (feat. KURO)",2022-11-05,64,28,0,24,0,10,-6,G#/A♭ Minor,4,2aJN7TLwQRTxEtvSfvBLbE,KRNAR2206802
175,"So painful (Feat. Kid Wine, Milena)","PATEKO,Kid Wine,Milena",140,4A,51,2022-11-06,03:43,40,"k-ballad, k-rap, ","So painful (Feat. Kid Wine, Milena)",2022-03-10,57,38,0,22,0,10,-7,F Minor,4,1y7EDFtw3t17nNg66L3KWD,KSA002101567
176,"RING RING RING (Feat. THAMA)","Han Yo Han,THAMA",108,9B,55,2022-11-11,03:21,17,"k-rap","Time Machine",2022-11-10,72,75,0,84,0,30,-9,G Major,4,4DvjLxmnxm47qAOVrLWVX8,KRA382208343
177,"WYD (Feat. Sik-K)","TRADE L,Sik-K",120,9B,51,2022-11-15,03:17,35,"k-rap","LOVE MAZE",2022-10-28,76,82,0,55,0,10,-6,G Major,4,7x2MmXCE1xKF1LW4lIDaaM,KRF152200027
178,"NO LOVE","TRADE L",120,10B,46,2022-11-15,03:29,18,"k-rap","LOVE MAZE",2022-10-28,56,82,0,30,0,10,-8,D Major,4,26QrXOxpfSSeicXT5ZBGRb,KRF152200033
179,"Sleeeeep","TRADE L",166,4B,53,2022-11-15,03:20,34,"k-rap","LOVE MAZE",2022-10-28,63,65,0,56,0,20,-5,G#/A♭ Major,4,4nFo7NCzviU0Z3WtJ7SBg9,KRF152200034
180,"여전히 너","Kid Wine",71,2A,63,2022-11-16,02:30,20,"k-ballad, k-rap","Love Wine 2",2020-02-13,65,26,0,50,0,10,-5,D#/E♭ Minor,4,1JACMaQwCsODn5jZWJ0oif,QZEKE1930262
181,"SKIT (feat. LeeHi & Loco)","Slom,LEEHI,Loco",97,3A,58,2022-11-17,02:31,43,"k-rap, k-ballad, k-pop","WEATHER REPORT",2022-10-27,87,22,0,62,0,10,-6,A#/B♭ Minor,4,5u12zwirDCObrXmyqLWKV0,KSA012210616
182,"Not Now","BIG Naughty",79,11B,61,2022-11-19,03:19,28,"k-rap, k-ballad","Not Now",2022-11-18,55,12,0,29,0,10,-7,A Major,4,1TKhRl4bkdzG3Y1kA8D9ap,KRNAR2231202
183,"Hola","Gemini",83,9A,42,2022-11-23,03:14,48,"k-rap","Hola",2022-11-14,45,65,0,73,0,30,-8,E Minor,4,2nHh7scNhJmTdVqEFPJFbj,KRNAR2210282
184,"Way U Are (feat. BIG Naughty)","Jiselle,BIG Naughty",180,4B,56,2022-11-23,02:43,34,"k-rap, k-ballad","Way U Are (feat. BIG Naughty)",2022-10-29,50,62,0,55,0,20,-5,G#/A♭ Major,3,1cHwmkEYWHstlT9hRF0EeP,KRB462201308
185,"Summer again (feat. Saula)","Dept,Saula",78,2B,48,2022-11-25,02:54,21,"","Summer again",2020-08-16,61,81,0,67,0,10,-5,F#/G♭ Major,4,2h5e7DO3qhrEkUmJ2AgzKG,KRA252201515
186,"너의 불행마저도 (Art. HYUN SEO)(Feat. Sue Museum, 유디)","Anonymous Artists (어나니머스 아티스트),soo,UD",102,11B,53,2022-11-26,02:52,0,"","ARTIST. HYUN SEO",2022-11-25,82,68,0,59,0,10,-6,A Major,3,4F4RPppkX4vPjrOj5pwMTM,KSA002202279
187,"WHO LOVES U","YUN HU",126,12B,33,2022-11-27,03:09,4,"k-ballad","WHO LOVES U",2022-11-19,51,72,0,33,0,10,-8,E Major,3,56kEVpEC3IB1gbgG9yHc44,KRA382208476
188,"Tangerine","B.I",74,7B,57,2022-11-28,03:18,31,"k-pop, k-rap","Love or Loved, Pt. 1",2022-11-18,55,37,0,32,20,10,-7,F Major,4,1tln09OwsuLmm6vGxI77Ob,QMDA62236066
189,"WISH (Feat. SURAN)","TRADE L,SURAN",178,5A,43,2022-12-01,03:21,34,"k-rap, k-pop","WISH",2022-12-01,48,79,0,14,0,0,-8,C Minor,3,3BVH2sbLMGAiNzSFA0mamz,KRF152200036
190,"Let me go (Feat. PLHN) (Prod. LOTI)","Jae Woo AN,PLHN",78,6B,72,2022-12-03,02:44,9,"k-ballad, ","Scent",2022-07-05,65,23,0,42,0,10,-5,A#/B♭ Major,4,1EkbQbfIpXq4S5jqWfdqFq,KRB472201162
191,"AGAIN (feat. LEON)","Def.,LEON",140,2A,56,2022-12-04,03:16,33,"","LOVE.",2022-01-26,71,12,0,55,0,30,-8,D#/E♭ Minor,4,0RZPROOanNDDjfGktwqEgL,KRA252200149
192,"Ain't Got Time","SOOVI,Owell Mood,REDDY",130,5A,41,2022-12-04,03:28,0,"k-rap","Legacy",2020-08-16,88,54,0,82,0,20,-5,C Minor,4,6YCNL1N0vFD25iLS7lRSOz,KRC392000074
193,"MAGNOLIA.","LEON",152,10B,61,2022-12-08,03:12,0,"k-rap","LAST SUMMER",2022-12-07,57,20,0,51,0,10,-8,D Major,4,5rDuTJSVToNFLAX9OKyxZf,KSA012217197
194,"Don't leave me alone (Feat. Sonny Zero)","seoseo,Sonny Zero",75,6B,57,2022-12-14,03:02,0,"","Don't leave me alone (Feat. Sonny Zero)",2022-01-23,57,49,0,28,0,20,-8,A#/B♭ Major,4,1XDk4UxJ6Io1sBrXcQ3t9d,KRMIM2201278
195,"Sleepless night","seoseo",76,1B,44,2022-12-14,02:45,0,"","Sleepless night",2020-08-27,73,32,0,20,0,10,-7,B Major,4,6xuKyxxLnf0I8uNvyUlptw,QZEKE2017381
196,"Call me back","seoseo",140,8B,53,2022-12-14,03:02,0,"","Call me back",2020-12-07,74,76,0,13,0,10,-9,C Major,4,0SlCKd3kFaKDSXv1yHDYXb,KRMIM2033707
197,"정리","Terry",134,8B,54,2022-12-20,03:26,47,"k-ballad, k-rap","정리",2022-11-14,84,27,0,83,0,30,-5,C Major,4,5eUV052KPfOy05UW35UG5E,KRF632205419
198,"Me without you (feat. Moon Byul of MAMAMOO)","Xydo,Moon Byul",70,8B,57,2022-12-21,03:31,28,"k-rap, k-pop","Me without you (feat. Moon Byul of MAMAMOO)",2021-08-14,71,19,0,74,10,0,-4,C Major,4,3FfvXpIMyw29AJ3ghGXEJ5,KRMIM2130590
199,"Don’t Worry","Cloudybay",78,12B,55,2022-12-21,03:08,0,"k-rap","SALAE",2022-07-23,48,21,0,19,0,10,-6,E Major,4,6rIb446E1bkhf9UCFgKfJn,QM6P42203325
200,"I'll be your green light (feat. Kim Seungmin)","HYUN SEO,Kim Seungmin",90,4B,58,2022-12-22,03:19,34,"k-ballad, k-rap","ABOUT MY DARK CLOUD Part.1",2022-12-18,73,60,0,57,0,30,-7,G#/A♭ Major,4,7CbjzjN9hvz3GddyGWKfZ4,KRNAR2233989
201,"Used","PATEKO,Jayci yucca,Kid Wine",85,5B,59,2022-12-22,03:53,32,"k-ballad, k-rap","Used",2022-12-22,74,47,0,28,0,10,-6,D#/E♭ Major,4,1ihB9RzGn3IrdnsHZ2e7qv,KSA002202524
202,"Fragrance","VINXEN",95,4B,48,2022-12-26,03:30,31,"k-rap","Fragrance",2022-10-21,69,69,0,80,0,0,-8,G#/A♭ Major,3,3XJyUV5R5UBfwTdArZjnxL,KRA252201902
203,"Jewel (feat. KURO)","Sumsher,KURO",98,1B,38,2022-12-26,03:01,40,"k-rap","Jewel (feat. KURO)",2022-02-26,82,71,0,52,0,10,-5,B Major,3,1G7Pw6QshyLwo6z2Vp0SFe,KRMIM2206574
204,"think about you","GRIO,Kid Wine",90,10B,50,2022-12-27,03:20,15,"k-rap, k-ballad","think about you",2022-12-27,57,67,0,29,0,30,-7,D Major,4,0eLV5NqV15ILi414ZerJW4,QMFME2294119
205,"I See You","PATEKO,Jayci yucca,Kid Wine",90,11B,54,2022-12-29,02:53,33,"k-ballad, k-rap","Welcome to the Kicako House 2",2022-12-29,89,39,0,64,0,0,-4,A Major,4,7H6rSIpsN3L56uwC2pmtup,KSA002202594
206,"MUSE (feat. Halsoon)","HYUN SEO,Halsoon",90,9B,62,2022-12-29,02:54,14,"k-ballad","ABOUT MY DARK CLOUD Part.1",2022-12-18,74,58,0,64,0,30,-7,G Major,4,7kAcL2uhU1t2GGU55Re4ke,KRNAR2233992
207,"It's Gonna Be OK","PATEKO,Jayci yucca,Kid Wine",120,10B,34,2023-01-01,02:50,24,"k-ballad, k-rap","Welcome to the Kicako House 2",2022-12-29,71,65,0,68,0,20,-8,D Major,4,3NYpih4dxdSgFt6k0IcqqZ,KSA002202592
208,"Chrome Hearts","Leellamarz",90,6A,44,2023-01-03,03:05,24,"k-rap","MaRz&B",2022-10-16,59,55,0,27,0,10,-8,G Minor,4,6HhLzoBF9T9Umq1PSn808Z,KRE132200064
209,"smile","Feeldog",113,7B,63,2023-01-04,03:30,7,"","Get some smile",2020-04-03,72,54,0,30,0,10,-4,F Major,3,17bqzOBSW4VRb4lheIVHdX,KRMIM2007311
210,"You are my light (feat. Kid Wine)","WetBoy,Kid Wine",94,11B,52,2023-01-04,03:19,11,"k-rap, k-ballad","Fifth tape of wet video (feat. Kid Wine)",2021-04-20,66,56,0,58,0,0,-4,A Major,4,2MbOC2Byf5t5WY4uBOHWoE,KRB462100387
211,"SNOOZE (feat. HYUN SEO) - Winter Ver.","Baneul,HYUN SEO",156,10A,59,2023-01-05,03:26,0,"k-ballad","SNOOZE (feat. HYUN SEO) [Winter Ver.]",2022-12-29,68,64,3,25,0,0,-8,B Minor,4,03MXhOVTj07QfJHVRXEP1k,TCAGS2210577
212,"That's so us (Feat. Gist, Chan)","SEIN,Gist,Chan (찬)",71,7B,53,2023-01-05,03:12,0,"k-rap, ","That's so us",2022-12-28,64,51,0,67,0,20,-6,F Major,4,3B5Q4Cz8fuRWQjgVO1cZQP,KRNAR2235738
213,"꿈","M1NU,Wiz World,유다연",170,6B,34,2023-01-08,02:51,0,"k-rap, k-ballad, ","M1NUWORLD",2023-01-06,55,70,0,57,10,10,-10,A#/B♭ Major,4,4IiC7vbD5uMyEUEsoYKTm1,KRNAR2237048
214,"꽃","M1NU,Wiz World",74,6B,51,2023-01-08,04:11,0,"k-rap, k-ballad","M1NUWORLD",2023-01-06,61,56,0,48,0,10,-8,A#/B♭ Major,4,4g0QLgncEssrPv9dLW95gS,KRNAR2237049
215,"After Love (feat. Han Yo Han)","PATEKO,Jayci yucca,Kid Wine,Han Yo Han",140,9B,76,2023-01-09,03:08,37,"k-ballad, k-rap","After Love",2023-01-06,63,37,0,89,0,10,-6,G Major,4,6Abz3v8mRTS9NJlyzLQIID,KSA012228898
216,"goodbye","Joob A",144,3A,51,2023-01-09,02:44,31,"k-ballad","goodbye",2023-01-06,59,65,0,54,0,10,-7,A#/B♭ Minor,4,7yZbJNDEqvxvCzpl1JeWgh,KRA252300014
217,"i need you more (feat. Suyo)","Sweet The Kid,Suyo",127,7A,48,2023-01-11,03:04,46,"","i need you more (feat. Suyo)",2022-03-20,61,51,0,50,0,10,-7,D Minor,4,2DJuXgQmaGUvneCMnfFtiM,KRMIM2208149
218,"Party Tonight","Lydia Ganada,Aleebi",97,11B,48,2023-01-11,03:37,0,"","Party Tonight",2022-07-15,74,22,4,78,0,0,-15,A Major,4,1JXbLh8cttnk3P1NXrJWEa,SE6SA2228471
219,"WA-R-R","Colde",113,12A,36,2023-01-11,04:32,0,"","Love Part 1",2019-05-31,74,87,0,24,0,10,-9,C♯/D♭ Minor,3,1ZEFYW6nPEvIcsIvymgsLk,QM6N21921541
220,"Last Pure Luv","GYU HYUK",80,10B,66,2023-01-16,03:06,12,"k-rap","Last Pure Luv",2023-01-13,53,36,0,32,0,0,-5,D Major,4,6URA9fyuaEgiVyC706jElA,QM4TW2318258
221,"Without you (feat. Lokid)","HYUN SEO,Wav Rain,Lokid",180,4B,60,2023-01-16,03:16,0,"k-ballad","playground, vol. 1",2022-09-11,41,27,0,72,0,30,-5,G#/A♭ Major,4,0ZSk4M1HD7R0HUBartVwCa,KRMIM2253529
222,"I'll Be Here (feat. 유민)","추대식,유민",141,5A,75,2023-01-17,03:03,2,"k-rap","I'll Be Here",2022-01-31,58,13,0,43,0,20,-5,C Minor,4,1AbfD6r3q7nmv5W8TgkMNu,KSA012144388
223,"instructions (Feat. Sweet The Kid)","Millennio,Sweet The Kid",120,1B,58,2023-01-18,03:28,0,"","Start (Feat. Sweet The Kid)",2022-02-10,60,57,0,22,0,40,-8,B Major,3,3OjQAoWseRUfNPriuc3ShW,KRMIM2203202
224,"Hope You're Doing Well","Kim Seungmin",92,10B,62,2023-01-18,03:04,55,"k-rap, k-ballad","Double-sidedness",2023-01-18,78,49,0,46,10,10,-5,D Major,4,15D4iY3vp1lO871Ed37joF,KSA002300083
225,"Rabbit (feat. 채은)","SIM2,채은",180,3B,83,2023-01-19,02:48,3,"","Rabbit",2023-01-19,63,61,0,73,30,0,-5,C♯/D♭ Major,4,33XThv9wqGul6Lq8IHuyEN,KSA012230375
226,"Don’t go home","seoseo",136,4B,60,2023-01-21,03:07,0,"","Don’t go home",2023-01-01,64,71,0,28,0,10,-5,G#/A♭ Major,4,2ROP0upaRoZuU3WZAAv4d3,KRNAR2235454
227,"bayou","slchld",120,7B,42,2023-01-21,03:49,37,"","bayou",2023-01-02,37,58,0,11,0,10,-8,F Major,3,4b4qQm1jizKxQOmHzdUJIR,KRA252202173
228,"love on loop (LOL)","KURO,Hanul Lee",180,7B,56,2023-01-21,03:15,36,"k-rap","love on loop (LOL)",2022-12-02,70,68,0,45,30,10,-6,F Major,4,1Zh46whCsxSpY75mDA9fiy,KRNAR2231932
229,"AMEN","SFC.JGR",146,8B,58,2023-01-22,02:17,29,"","AMEN",2021-04-14,69,20,41,67,0,10,-9,C Major,4,1b32HPWdqHd2Io2KazkQmX,KRMIM2117345
230,"click","Sweet The Kid",85,5A,68,2023-01-23,03:03,22,"","click",2021-07-13,61,78,0,86,0,10,-6,C Minor,4,7F1MADznVjdkgeOAnfK6fa,KRMIM2125808
231,"화창해 (Feat. JUNE)","HAAN,Chan,JUNE",88,7A,47,2023-01-29,02:51,37,"anime","HAAN X Chan : Synergy",2022-06-14,68,60,0,47,0,30,-7,D Minor,4,04BztykVfI5mjP27SYOvZX,KSA002200668
232,"Angel","DAVII",94,12B,75,2023-01-29,03:08,41,"","CINEMA",2020-03-05,69,30,0,62,0,40,-3,E Major,4,4WAAlTIBAsqCLFInOwMxyl,KRB472000274
233,"Offscene (Feat. KURO)","Shoi,KURO",170,5B,58,2023-01-29,03:02,23,"k-rap","Offscene",2022-04-18,52,40,0,23,0,10,-6,D#/E♭ Major,4,78KiRhyUhHlf6rY4CWBoET,KRF632202072
234,"Not Done Yet (Feat. Jayci Yucca)","TOIL,Gist,Jayci yucca",138,1B,40,2023-01-31,02:50,29,"k-rap, k-ballad","TOAST",2023-01-27,71,76,0,60,0,10,-8,B Major,4,4jaDAPgIkG7Mud2UlApryb,KRMIM2316014
235,"Refresh (feat. Gist & Kid Wine)","LOTI,Gist,Kid Wine",170,8B,73,2023-02-01,03:29,25,"k-rap, k-ballad","Refresh (feat. Gist & Kid Wine)",2023-01-01,57,6,0,61,0,40,-4,C Major,4,30SwX34WgPlXKkqnJHrhlG,KRNAR2235502
236,"Hurt","NewJeans",180,3A,45,2023-02-02,02:57,73,"k-pop","NewJeans 1st EP 'New Jeans'",2022-08-01,60,73,0,57,0,10,-7,A#/B♭ Minor,4,5expoVGQPvXuwBBFuNGqBd,USA2P2230224
237,"Touch your night","XAVII,Brick",81,5A,56,2023-02-03,02:36,1,"funk","Touch your night",2023-01-24,53,74,0,49,0,10,-6,C Minor,4,6IlrqKPY9MgylSTBVmueJW,KRMIM2303193
238,"How To Love (Feat.Paul Kim)","Peakboy,Paul Kim",83,6B,66,2023-02-06,03:00,0,"k-ballad","How To Love (Feat.Paul Kim)",2022-07-13,40,59,0,45,20,10,-5,A#/B♭ Major,4,6TPW9rvXhD8NK8bvrrGImU,KRA382206135
239,"SIMULATION","Gist",138,8B,16,2023-02-08,03:16,3,"k-rap","Promise",2020-09-12,55,97,0,36,0,0,-11,C Major,4,7i8ZPMInOiU76ALXibdteu,KRE132000121
240,"Sure","Gist",125,1B,50,2023-02-08,03:37,16,"k-rap","Promise",2020-09-12,71,31,0,69,0,10,-7,B Major,3,7wRrehehqvGx4uvTuV57ki,KRE132000147
241,"In The Middle (Feat. Gist)","Kid Wine,Gist",130,8B,47,2023-02-09,02:44,12,"k-ballad, k-rap","ROSÉ",2022-09-03,75,40,0,82,0,0,-7,C Major,4,45uP24H1IdApAwHZoIsDAM,KSA002201798
242,"Radio (Feat. 18 High)","Shoi,18 High",150,7B,79,2023-02-10,02:23,10,"chinese r&b","Hertz",2021-07-26,49,27,0,23,0,10,-5,F Major,4,199KaflE57QZU6t4wHcTtZ,KRF632103071
243,"Vacant (Feat. G. Nine, Nathania)","Shoi,G. Nine,Nathania",132,3B,61,2023-02-11,03:27,4,"","Vacant",2021-05-18,66,42,0,50,10,10,-6,C♯/D♭ Major,4,1GkMf8GPODPDTecSdgSfHX,KRF632102020
244,"Porto girl","Grass",126,3B,35,2023-02-11,03:58,50,"","somewhere the grass is green",2021-08-12,85,63,0,55,0,0,-5,C♯/D♭ Major,4,7rxblk9KO1AOBXmi8GbraY,KRB462100962
245,"Traces Of Memory (feat. Milena)","Jayci yucca,dnss,Milena",79,3B,59,2023-02-12,02:57,30,"k-rap, k-ballad, ","Traces Of Memory",2023-02-09,66,69,0,39,0,10,-6,C♯/D♭ Major,4,03J8HvGINHfQWdKbeCttRP,KSA002300243
246,"내일이 있잖아 (Feat. Jayci yucca)","HAAN,Chan,Jayci yucca",90,9B,48,2023-02-14,03:02,38,"k-rap, k-ballad","내일이 있잖아",2023-02-14,76,62,0,53,0,10,-7,G Major,4,7yjWpSf5hZiI7gjz0jEKxk,KSA002300269
247,"headache (Feat. Sweet The Kid, Klight)","Millennio,Sweet The Kid,Klight",120,11B,47,2023-02-20,03:18,0,"","headache (Feat. Sweet The Kid, Klight)",2021-10-27,72,59,0,65,0,10,-6,A Major,4,0SZ7SSfyOXKeWYIeoJ11dK,KRMIM2142163
248,"AGAIN","Cha Woo Joo,Cloudybay",75,12B,52,2023-02-18,03:42,1,"k-rap","AGAIN",2023-02-17,57,60,0,54,0,30,-6,E Major,4,535NC4f516OvrXUSLhiYrs,KRF632300324
249,"Yesterday","Jay Park",168,12B,44,2023-02-18,03:11,47,"k-rap, k-pop","Yesterday",2023-02-13,45,49,0,30,0,10,-9,E Major,4,4mPOgPXaXFBQ9dCg6OGEFv,KRMIM2330574
250,"We'll love again","kaenavi",118,11B,55,2023-02-20,03:03,0,"","TWO STAR",2020-05-08,75,71,0,29,0,0,-6,A Major,4,7Fplnmq4mMIqGznJI2mG3l,KRMIM2010683
251,"L.A.S (feat. PLHN) (prod. ROJAE)","ASHXR,PLHN",171,10B,69,2023-02-21,02:54,0,"","을의 편지",2021-06-16,47,69,0,30,0,10,-5,D Major,4,2VJurQrjkvXwrmkeXmHW4l,KRMIM2123029
252,"Slowly","Sweet The Kid",108,12A,64,2023-02-21,02:59,25,"","Slowly",2021-06-20,65,82,0,18,0,10,-7,C♯/D♭ Minor,4,0qa0F7fzk84KxcVH3WQ8pU,KSA012113375
253,"All my playlist were you (feat. Halsoon, HYUN SEO & Franken)","KozyPop,Halsoon,HYUN SEO,Franken",136,12B,69,2023-02-23,04:08,13,"k-rap, k-ballad, ","SEOULVIBES, NETFLEX",2023-02-22,59,13,0,19,0,70,-5,E Major,4,3TMAHQ0WANMTFy9Nky4bAK,KRMIM2334091
254,"ABYSS","WOODZ",80,11B,42,2023-02-25,03:52,45,"k-rock, k-pop","ABYSS",2023-02-22,55,13,0,30,0,10,-6,A Major,4,0mvQ0J2oRljP2lcOd3ewgn,KRA382300896
255,"Taser","SFC.JGR",79,12A,60,2023-02-27,02:19,13,"","Taser",2023-02-26,60,37,0,43,0,20,-7,C♯/D♭ Minor,4,6W8I7DM3KI2jI0CLFOefbf,KRMIM2334689
256,"Dawned on Me (feat. novacane)","Joob A,Novacane",87,4A,43,2023-02-27,03:07,0,"k-ballad, ","The Last Cold Snap",2020-03-31,64,86,0,40,0,10,-7,F Minor,4,1wCUz0Dedn5ICvo1RWiWBL,KRMIM2241791
257,"ALL DAY (Band Ver.)","GIRIBOY",83,1B,58,2023-02-27,03:44,34,"k-rap","Thank You",2018-12-28,66,32,0,49,0,0,-7,B Major,4,7LSC0M90VK4lFA9Qoyqwb3,KRA381802352
258,"Korean Ballad","BIG Naughty",79,4B,71,2023-02-28,03:43,39,"k-rap, k-ballad","Hopeless Romantic",2023-02-28,51,21,0,26,0,10,-5,G#/A♭ Major,4,6dXt2gwVdumUj1pFEyGg6w,KRA382300988
259,"Wouldn't have (Feat. pH-1, Hash Swan)","Ourealgoat,pH-1,Hash Swan",154,6B,67,2023-03-02,04:00,13,"k-rap","Wouldn't have",2023-03-01,63,64,0,33,10,10,-7,A#/B♭ Major,4,0oWzOtLAE3REU8A12VVJbq,KRMIM2335092
260,"Far Away (Feat. PARK HYEON JIN, nov)","GRIO,PARK HYEON JIN,nov",140,10B,72,2023-03-03,03:08,8,"k-rap, ","SYNOPSIS",2023-03-01,59,30,0,35,0,30,-7,D Major,4,712nZzy4Zg2Kt0NFV96T6I,KRB472300351
261,"For Us","DAUL,THAMA",160,2B,64,2023-03-08,03:39,37,"k-rap","For Us",2020-08-20,74,25,0,94,0,0,-5,F#/G♭ Major,4,5y5SHTh6nq8b4Frs3usMpp,QM7282011228
262,"At Night","GIRIBOY",80,10B,49,2023-03-08,02:52,25,"k-rap","Crash Course in Romance OST Part 4",2023-02-05,43,52,0,40,0,10,-6,D Major,4,4BiLpvhNDqeRPo065ZMCqB,KSA002300211
263,"Feather","Leellamarz,Panda Gomm,Urban Fisher",80,10A,61,2023-03-08,04:26,14,"k-rap","BAMBOOCLUB[A]",2020-07-08,64,0,0,61,0,10,-6,B Minor,4,5r1J1hRxICTER9tyCkljX2,KRE132000106
264,"Your Eyes","Hoody,Jay Park",80,11A,69,2023-03-08,03:24,37,"k-rap, k-pop","On and On",2016-12-16,40,37,0,49,0,10,-4,F#/G♭ Minor,4,23Sp4OKoHAmPehmCFsmWdX,KRC711600049
265,"Take A Deep Breath (feat. chan, Hash Swan)","Jayci yucca,dnss,Chan,Hash Swan",88,11B,68,2023-03-08,02:58,21,"k-rap, k-ballad","LOVE AND THE CITY",2023-03-08,68,10,6,71,0,10,-6,A Major,4,3nZXxZZmOSb9lflzflPnJj,KSA002300470
266,"I'll Be There For You (feat. Kid Wine)","Jayci yucca,dnss,Kid Wine",138,3B,52,2023-03-08,03:03,24,"k-rap, k-ballad","LOVE AND THE CITY",2023-03-08,75,41,0,86,0,10,-5,C♯/D♭ Major,4,6CDj0E95YlKUaMlng2W7mE,KSA002300472
267,"내가 바보라서 그래?","JUNE",110,6B,44,2023-03-09,02:31,0,"k-ballad","내가 바보라서 그래?",2023-03-05,78,68,0,87,0,10,-6,A#/B♭ Major,4,0SsFfnxcn6fLOVAQ65yYTy,KRA252300345
268,"LAST SUMMER.","LEON",180,9B,55,2023-03-12,03:19,0,"k-rap","LAST SUMMER",2022-12-07,50,62,0,15,0,10,-8,G Major,4,4yEWpXTdg6UyDXgn3GKeQP,KSA012217200
269,"Cartoon (Feat. BIG Naughty, Sarah Kang)","Cosmic Boy,BIG Naughty,Sarah Kang",98,2B,44,2023-03-15,03:01,32,"k-rap, k-ballad, ","Can I Not ?",2023-03-15,68,70,3,58,0,20,-8,F#/G♭ Major,4,3tkB6U3j8jRyu2HtXjBUrd,KSA002300512
270,"Dumb (Feat. Kim Seungmin, Chan)","Cosmic Boy,Kim Seungmin,Chan",132,12B,70,2023-03-15,03:27,33,"k-rap, k-ballad, ","Can I Not ?",2023-03-15,44,50,0,10,10,10,-4,E Major,4,7ikmONRRDAN8Qi6C0B2qSp,KSA002300517
271,"Page 1 (Feat. Yerin Baek, pH-1)","CODE KUNST,Yerin Baek,pH-1",141,9B,39,2023-03-16,03:07,31,"k-rap, k-ballad","Remember Archive",2023-03-16,60,47,0,30,0,10,-9,G Major,4,7kwVhysDoyW81wtRaVelGh,KRC712300011
272,"GIN","LEON",82,9A,28,2023-03-17,02:01,0,"k-rap","GIN",2023-03-16,64,83,0,58,0,10,-10,E Minor,4,4TSFVR2v7ilvd5MZgysGH8,KSA012241269
273,"I BE LIKE (Feat. SOLE)","TRADE L,SOLE",127,7B,50,2023-03-20,03:04,47,"k-rap","UNSTEADY",2023-03-17,70,76,0,52,0,20,-8,F Major,4,284kuuW8ZHD7SmfAlpurZQ,KRF152300001
274,"That's Why I Can't Talk About Love (Feat. Woo)","GIRIBOY,Woo",174,12A,42,2023-03-26,03:22,26,"k-rap","That's Why I Can't Talk About Love",2022-12-14,77,79,0,36,10,10,-4,C♯/D♭ Minor,4,1BmvCldqrJeAKZ898FPdUZ,KRA382209060
275,"Bad Love Story (Feat. PLHN)","Kid Wine,PLHN",90,5A,61,2023-03-28,03:17,22,"k-ballad, k-rap, ","Natural",2023-03-28,68,69,0,50,0,10,-6,C Minor,4,7HTZllWA6p5zv8sKNgD285,KSA002300591
276,"Searched your name on instagram","Lokid",80,3B,60,2023-03-29,02:52,17,"k-ballad","Searched your name on instagram",2023-01-09,67,70,0,61,0,20,-6,C♯/D♭ Major,4,0N9QkwJeveGUGpWvUORlzy,KRA252300022
277,"PALETTE","KIMMUSEUM",118,11B,64,2023-04-02,03:22,35,"","PALETTE",2020-03-12,62,65,0,23,10,30,-6,A Major,4,2HuI0RVnirm52CbEFDr4O8,KRMIM2005396
278,"Puppy (Feat. Kim Mi Jeong)","IOHBOY,Kim Mi Jeong",174,2B,66,2023-04-10,03:21,13,"k-rap, city pop","More than Love",2023-04-07,54,77,0,68,30,20,-5,F#/G♭ Major,4,2VwveBAB8qfa4f7xcaHy6x,KRMIM2345165
279,"Love Song","OXYNOVA",121,4B,44,2023-04-11,03:26,36,"k-rap","Love Songs",2023-04-08,97,5,0,81,10,10,-8,G#/A♭ Major,4,7zPD6nfCwGKr8h4uBSwswe,KRA382301770
280,"DAY FILM","HYUN SEO",77,9B,52,2023-04-12,03:04,15,"k-ballad","DAY FILM",2023-04-05,70,66,0,79,0,30,-6,G Major,4,28oNuLphToTq4YKO9yfR3I,KRMIM2344011
281,"Let Me Know","Jimmy Brown",98,10B,39,2023-04-12,03:08,49,"","Let Me Know",2020-10-06,80,73,0,54,0,10,-7,D Major,4,1SPDWTBH7qcjbZ8zMRXlQ9,KRMIM2027093
282,"Taking a Break (Prod. PATEKO)","OVAN,Hash Swan",89,6B,86,2023-04-17,03:19,0,"k-ballad, k-rap","Listen-Up EP.8",2022-09-24,65,18,0,65,0,10,-6,A#/B♭ Major,4,5jmhq3P5pfHxxeC7k2rjdU,KRA382207601
283,"On the way (Feat. jeebanoff, KEEM HYO-EUN)","Way Ched,jeebanoff,Keem Hyo-Eun",90,11A,54,2023-04-20,02:46,20,"k-rap","Come Away",2023-04-19,66,43,0,68,40,10,-7,F#/G♭ Minor,4,2HEhB6baKDSwFdIfRq4jPC,KRE132300027
284,"I'm so in to you (feat. SEOBI & Jeong Seung Won)","KozyPop,SEOBI,Jeong Seung Won",122,4B,60,2023-04-20,03:04,2,"k-rap, ","SEOULVIBES, HARIBOO",2023-04-19,72,7,0,48,0,10,-6,G#/A♭ Major,3,4CiO6CpHhmy6DZzMxHkpLw,KRMIM2347430
285,"Sugarholic (feat. Joyce Yoo & More)","KozyPop,Joyce Yoo,more",94,11A,64,2023-04-20,03:51,2,"k-rap, ","SEOULVIBES, HARIBOO",2023-04-19,75,63,0,50,0,30,-3,F#/G♭ Minor,4,1dwF2Y3hBCUZ5i7oVuKGNj,KRMIM2347432
286,"an ordinary day (Feat. Haedo)","HAAN,SHIRT,Haedo",120,8B,62,2023-04-25,03:36,22,"","an ordinary day",2023-04-24,68,2,0,54,0,0,-7,C Major,4,5aEks3i0bCu1HgK2xl0Gay,KSA002300801
287,"Seed","TAEYANG",135,10B,33,2023-04-27,04:15,44,"k-pop","Down to Earth",2023-04-25,45,53,0,21,0,10,-8,D Major,4,49eleLPCqnwgBSICKgcL0z,KSA002300723
288,"Yooou (Feat. BIG Naughty)","PARK HYEON JIN,BIG Naughty",120,8B,49,2023-04-29,04:04,31,"k-rap, k-ballad","Yooou (Feat. BIG Naughty)",2023-04-28,69,18,0,36,0,10,-8,C Major,3,2iQ77ftQFhdxyBt1DET8Xf,KRF152300006
289,"On Me","Brick",94,10B,41,2023-05-02,03:04,19,"k-rap","On Me",2023-05-02,63,52,0,50,0,0,-5,D Major,4,1mQAGg7v0o6TYE5M9v85EN,QZNCB2148411
290,"Last Moments","ASH ISLAND",85,8B,61,2023-05-03,03:16,37,"k-rap","ROSE",2023-05-03,56,47,0,62,0,10,-6,C Major,4,5vmhBfZnhfvAZb5hJIbKfa,KRE132300036
291,"I'm Still Here","Colde",170,1B,32,2023-05-04,03:27,0,"","Love Part 2",2023-05-04,84,28,0,76,0,10,-9,B Major,4,2ueLVDfFa9mv2X7JtNA5Nv,KRA252300865
292,"About Time (feat. 경제환 & 예빛)","JOPH,Jehwwn,Yebit",74,5B,55,2023-05-05,02:55,0,"k-ballad","About Time (feat. 경제환 & 예빛)",2023-02-13,59,58,0,41,0,30,-8,D#/E♭ Major,4,1FDaU4MZAYb7H1keDQ2nME,KRB472300173
293,"doodle (Feat. Yerin Baek) (Prod. by WOOGIE)","punchnello,Yerin Baek",100,9B,53,2023-05-05,03:07,48,"k-rap, k-ballad","doodle",2019-11-11,80,65,0,41,10,10,-7,G Major,4,4WiZMFJos3BUHSieP9cHTM,KRC711900076
294,"Point (feat. Loopy)","Yerin Baek,Loopy",132,8B,41,2023-05-08,04:13,0,"k-ballad, k-rap","Every letter I sent you.",2019-12-10,70,70,0,40,0,10,-7,C Major,4,2T5mSXXCSAz7Nj1yLIJG1F,KRF251900203
295,"PRETTY (Art. Jayci yucca)","Anonymous Artists (어나니머스 아티스트)",75,7B,67,2023-05-14,03:52,0,"","ARTIST. Jayci yucca",2019-03-20,70,59,0,53,0,10,-6,F Major,4,08lGuPlF4ojUyXeDOpp9Sm,QZEKE1866700
296,"Expensive","pH-1",144,9B,64,2023-05-14,02:57,0,"k-rap","harry",2018-06-22,81,46,0,36,30,10,-7,G Major,4,7E531QV0xZddeohhz1IbOU,KRF151800024
297,"Saturday","nafla",83,3B,62,2023-05-21,03:19,10,"k-rap","Saturday",2019-11-09,66,60,0,22,20,10,-7,C♯/D♭ Major,4,2HUnRuEonB5nR4J6apJc4r,KRA252002045
298,"When You Miss Me","PATEKO,Kid Wine",150,2B,63,2023-05-24,03:44,49,"k-ballad, k-rap","Patek on Wine",2023-05-24,57,26,0,44,0,0,-4,F#/G♭ Major,4,4qnqtfBqUYhKwGWKZYbAR4,KSA002301124
299,"Did You Forget","PATEKO,Kid Wine",78,11B,26,2023-05-24,03:18,24,"k-ballad, k-rap","Patek on Wine",2023-05-24,51,85,0,53,0,10,-7,A Major,4,4iVfutPhjthBnR13Ein4TF,KSA002301126
300,"I Will","Kid Wine,Leellamarz",180,12B,52,2023-05-24,02:29,18,"k-ballad, k-rap","DECANTING",2021-01-23,62,49,0,72,0,0,-5,E Major,3,4bfLNFydTgUjsy4ROcwdfF,KRC532100009
301,"Again (Feat. GaHhyun)","Joob A,GaHhyun",79,10A,69,2023-05-25,03:27,0,"k-ballad, ","Again (Feat. GaHhyun)",2020-10-28,67,52,0,30,10,10,-5,B Minor,4,4N0hWZGehNOCtSYZH9Ec06,KRZ292087484
302,"Love Alone","TOIL,Kid Wine",67,7B,37,2023-05-27,03:49,36,"k-rap, k-ballad","Love Alone",2023-05-27,60,69,0,24,0,10,-8,F Major,4,5sTzzatdPxDcQhJDDTEqcC,KRMIM2359778
303,"Left One (Feat. Ripley)","Shoi,RIPLEY",82,7B,44,2023-05-28,02:32,0,"","Dear. Celine",2023-05-28,57,40,0,22,0,10,-9,F Major,3,1LwdhlJn4B7U2d8EDIAMk4,KRMIM2352939
304,"Do I Do","OVAN",164,5B,45,2023-05-29,04:09,14,"k-ballad, k-rap","Star",2022-11-21,59,79,0,55,0,10,-6,D#/E♭ Major,3,7JNjPzhopSe8xtfjk0kX79,KRA252201067
305,"7 DAYS","LEON",74,5A,42,2023-06-01,02:28,0,"k-rap","7 DAYS",2023-05-31,71,48,0,93,10,10,-9,C Minor,4,7lwU4Ebhkw7DwvTuqQLYNV,KSA012247577
306,"Loop","hartts",94,4A,67,2023-06-02,03:47,34,"","Loop",2023-03-10,62,18,0,52,0,20,-6,F Minor,4,6Icpi1qvKsbfHkYkStb3fc,KRB472300380
307,"Don't worry about it, man","Chan",159,5B,55,2023-06-02,02:51,27,"","After the film",2021-10-20,45,78,0,30,0,10,-6,D#/E♭ Major,4,6CfyUi9PMRuTnGpWtDFjJB,KRA252101955
308,"여전히 여전해","OuiOui",140,11B,31,2023-06-04,03:45,20,"","여전히 여전해",2023-03-22,50,90,0,18,0,0,-6,A Major,4,7u0Kn9xnwMCI42h8uGe3qc,KRD112300005
309,"love in summer","george,Cosmic Boy",95,12A,67,2023-06-09,02:25,0,"k-ballad, ","Love in summer",2020-09-23,69,61,0,73,0,20,-5,C♯/D♭ Minor,4,4sR4htAUgt1iFNqYEZIK4g,QZF452001015
310,"Maybe It’s Not Our Fault","Yerin Baek",192,7B,60,2023-06-12,03:53,0,"k-ballad","Our love is great",2019-03-18,31,76,0,63,0,10,-7,F Major,4,2xxAW1kGFSVCDdRVoryX8R,US5TA1900028
311,"Abnormal Climate","GIRIBOY",136,8B,52,2023-06-20,04:06,30,"k-rap","Forecasting Love and Weather (Original Television Soundtrack), Pt. 8",2022-03-27,55,40,0,19,0,10,-5,C Major,4,67dt4RsTHDhCTbnrqKzhX9,KRMIM2210467
312,"stay with me","XAVII",111,2A,69,2023-06-22,02:08,0,"","winter feels",2022-12-18,54,42,22,56,0,10,-5,D#/E♭ Minor,5,0NmyWgwsiMHnGJuncly0ti,KRNAR2234789
313,"Dear My Light","DAWN 던",90,10B,51,2023-06-26,02:55,49,"k-pop","Dear My Light",2023-04-13,61,48,0,53,0,10,-5,D Major,4,0UXLLeFAFbo5JbSR9C4STe,KRA382301771
314,"Take me with you","Tood",128,5B,63,2023-06-27,03:22,35,"","Take me with you",2021-11-25,76,73,0,47,0,10,-6,D#/E♭ Major,4,3Ig8fdEedJtrEq8964Uzdp,KSA012130089
315,"Bye","JEY",72,9B,53,2023-06-29,02:47,0,"k-rap","Algorithm",2022-09-14,68,15,0,37,0,10,-7,G Major,4,2lPNyU6xuhWE4rx2eF2GWz,KRA252201695
316,"You know... (Feat. JAEHA)","HAAN,Chan,JAEHA",108,8B,74,2023-07-01,03:07,25,"k-rap","You know...",2023-06-26,73,15,0,60,0,10,-6,C Major,4,696FMavr1y3e9TVfOV4ZhL,KSA002301586
317,"Rewind (Feat. SOLE)","VVON,SOLE",90,11A,49,2023-07-08,02:55,31,"k-rap","Rewind (Feat. SOLE)",2023-05-06,69,41,0,53,10,10,-6,F#/G♭ Minor,4,2V7xL8Sz8uQgnkjduiJHQE,KRMIM2350934
318,"O/W (Art. d’sperado & hatts) (Prod. HYE SUNG)","Anonymous Artists (어나니머스 아티스트)",77,5A,54,2023-07-09,03:27,11,"","ARTIST. d'sperado & hatts",2019-03-07,59,72,0,39,0,30,-8,C Minor,4,7snFyoeLQlFXsY2hF9unZ0,QZEKE1863470
319,"I Wonder (feat. BIG Naughty)","Sik-K,BIG Naughty",140,2B,63,2023-08-10,02:52,28,"k-rap, k-ballad","POP A LOT",2023-08-09,71,29,0,85,0,10,-5,F#/G♭ Major,4,5cpzdsoNGTFkv1RkPeoh65,ZZA0P2309254
320,"Only U (Feat. PENOMECO)","Moon Sujin,Jiselle,PENOMECO",122,3A,82,2023-08-12,03:47,45,"k-rap","Only U",2022-05-08,60,41,0,56,0,20,-4,A#/B♭ Minor,4,11ysgxz5ER0yvnZ8Uogbe8,KRA382205053
321,"Short Hair (feat. JAEHA)","LIPNINE,JAEHA",136,7B,64,2023-08-21,02:39,20,"k-rap","Short Hair (feat. JAEHA)",2023-08-07,72,36,0,76,0,70,-5,F Major,4,2DTwQ5b9nJKHe2SxTWzNxi,KRA252301503
322,"TEN","LEON",85,1B,44,2023-08-27,03:28,0,"k-rap","TEN",2023-08-02,63,57,0,59,20,40,-10,B Major,4,5men7q6NDDEP80edMLTQL6,KSA012259429
323,"O.M.G","Grizzly",119,2B,80,2023-08-29,03:02,0,"k-ballad, k-rap","O.M.G",2023-08-28,69,15,0,68,0,20,-4,F#/G♭ Major,4,7xxw6dqsup6YhTDjQwtpQZ,KRNAR2318851
324,"Lean On Me","Woodie Gochild,TRADE L,Sik-K",85,7B,82,2023-08-31,03:12,24,"k-rap","H1GHR : BLUE TAPE",2020-09-16,74,34,0,86,0,30,-3,F Major,4,6g6fe8l968iq95vnSQlgb0,KRF152000072
325,"Nerdy Boy's Secret (Feat. Chan, SHIRT) (2021)","GORAE,Chan,SHIRT",153,8B,77,2023-09-04,03:23,3,"luk thung, ","Nerdy Boy's Secret (Feat. Chan, SHIRT)",2023-09-04,55,23,0,36,20,10,-6,C Major,4,2xNC9hlGjmKonlmgiSqG7o,KSA002302400
326,"Don’t","Loco,HWASA",92,3B,49,2023-09-12,03:51,62,"k-rap, k-pop","The Hyena on the Keyboard, Pt. 4",2018-04-21,85,54,0,55,0,10,-7,C♯/D♭ Major,4,4MidkNeonif4PcWSjkwOb7,KRA381705099
327,"I don’t know a single thing (Feat. meenoi)","Leellamarz,meenoi",83,4A,58,2023-09-13,03:34,36,"k-rap","I don’t know a single thing",2023-09-13,44,18,0,51,20,10,-8,F Minor,4,0Y9C5yhzY7Pa1AqjUFrizq,KRE132300051
328,"Glad","KozyPop,Lumel",90,9B,71,2023-09-15,02:25,11,"k-rap, ","SEOULVIBES, KAFFE",2023-09-14,65,83,0,70,0,10,-5,G Major,4,6xqiMWlHys8iJ5kjcdFZEy,KRNAR2323603
329,"Time Out (Feat. Kid Wine)","VVON,Kid Wine",93,9B,65,2023-09-15,02:46,35,"k-ballad, k-rap","Time Out (Feat. Kid Wine)",2023-09-15,72,27,0,46,10,10,-5,G Major,4,2gl3KBzauufYDY4O2aagcz,KRNAR2332817
330,"Pretty (feat. Jayci yucca)","Grizzly,Jayci yucca",82,10A,65,2023-09-19,03:05,0,"k-ballad, k-rap","Flower Shop3",2023-09-18,70,43,0,65,0,0,-5,B Minor,4,0fcOUc8UOeZwIPMz8MJSBH,KRNAR2332953
331,"End","Grizzly",170,12B,59,2023-09-19,02:52,0,"k-ballad, k-rap","Flower Shop3",2023-09-18,59,55,0,62,10,10,-5,E Major,4,4WxhHJFuV3ty95ENwVjSSY,KRNAR2332954
332,"차가워 (Feat. GIST)","Chan,Gist",92,6B,63,2023-09-19,03:33,50,"k-rap","차가워 (Feat. GIST)",2023-02-22,70,29,0,61,0,0,-6,A#/B♭ Major,4,49L0nTFWXcQzXvhHJ4a5VW,KSA002300306
333,"I Knew (Feat. Gist)","Urban Fisher,Gist",85,7B,54,2023-09-22,03:04,14,"k-rap","I Knew",2023-09-22,57,65,0,37,0,10,-7,F Major,4,5g9DPh9vQQ078XsYEybqYU,KSA002302743
334,"How much more (Feat. Chan)","h3hyeon,Chan",92,12A,50,2023-09-27,03:21,29,"k-rap, ","Love & Groove",2023-09-23,64,52,0,53,10,0,-6,C♯/D♭ Minor,4,0n7dhbhACD43sGsvGwJ1St,KRNAR2339238
335,"Just Be You (Feat. JINBO)","Hoody,JINBO the SuperFreak",77,4A,78,2023-09-30,03:44,14,"k-rap","Sailing",2023-09-21,57,11,0,50,0,0,-6,F Minor,4,75pjyOPoYck9Bg03IBws6N,KRC712300082
336,"Game (Feat. GSoul)","Hoody,GSoul",79,3B,46,2023-09-30,03:16,18,"k-rap","Sailing",2023-09-21,45,72,0,50,0,0,-7,C♯/D♭ Major,4,1G6yiBSIIyVZVaP8aWV24Y,KRC712300083
337,"Robot (With Gist, ShinYoume)","Audiosfrom,Gist,Shin Youme",115,10B,59,2023-10-05,03:24,2,"k-rap, ","Audiosfrom Part 2",2023-09-02,81,43,0,45,0,10,-6,D Major,4,4yR8LiOjzsXOddt6MCxovi,KRNAR2313780
338,"By My Side","JUNNY",179,4B,43,2023-10-09,03:26,56,"k-rap","By My Side",2020-03-11,47,67,0,38,0,0,-5,G#/A♭ Major,3,6nzCvAtyADh0wwZEVMoujK,KRA382000590
339,"march (Feat. Kid Milli)","meenoi,Kid Milli",140,12A,67,2023-10-09,03:15,32,"k-rap","march",2023-04-24,79,64,0,73,20,10,-5,C♯/D♭ Minor,4,7FXZnZNKrnCAA5z4mfSRKg,KRMIM2347948
340,"LOVE SONG","HYUN SEO",118,5A,54,2023-10-09,02:46,13,"k-ballad","LOVE SONG",2023-08-17,63,82,0,33,0,20,-5,C Minor,4,3rRhUpplinRdTohKwunvS4,KRNAR2307702
341,"The Moon (Feat. TAEIL of NCT)","Moon Sujin,TAEIL",180,11A,46,2023-10-12,02:42,38,"k-rap, k-pop, k-ballad","The Moon (Feat. TAEIL of NCT)",2021-04-11,50,49,0,32,0,0,-8,F#/G♭ Minor,3,6Qfhu8fcLSY8Tw7syG8hdK,KRA382102552
342,"GASA (Feat. THAMA)","Jiselle,THAMA",138,6B,33,2023-10-12,02:53,17,"k-rap","GASA (Feat. THAMA)",2021-11-20,48,84,0,30,0,10,-7,A#/B♭ Major,4,3ctyi1c0ewikIHOaIK9kXQ,KRA382163759
343,"Sariru (Feat. ron)","Kid Milli,ron",148,12A,70,2023-10-13,03:55,22,"k-rap","BENZO",2022-08-01,74,57,0,82,10,30,-7,C♯/D♭ Minor,4,0n7gKGR1XyEUEA4yZwNZNw,KRA382206542
344,"Flicker (feat. JEMINN & 지샤넬)","GRIO,JEMINN,지샤넬",75,8B,54,2023-10-14,03:33,17,"k-rap, ","WONDER",2021-05-25,56,32,0,30,0,30,-8,C Major,4,69ipLYdfqBI8IIhPYjKuaF,KRMIM2121043
345,"Call me on a rainy day (feat. kumira)","Juvenil,kumira",94,11A,56,2023-10-18,03:02,2,"k-rap","Call me on a rainy day",2022-10-19,68,70,0,52,0,30,-5,F#/G♭ Minor,4,5v9wuFXXpXOYVv7LZlKC6X,KSA012201198
346,"SOULMATE","JAEHA",166,9B,47,2023-10-18,03:13,17,"k-rap","SOULMATE",2023-10-18,62,48,0,57,0,50,-8,G Major,4,3hN1S9BmjU8O2bG3QqBwsR,KRNAR2352151
347,"sydney, hongkong (feat. THAMA)","Kid Milli,THAMA",84,10B,56,2023-10-18,03:26,23,"k-rap","L I F E",2019-03-14,58,3,0,20,20,10,-4,D Major,4,0HvublBa6Vlo9AZCa4vdil,KRA381900696
348,"WAVE","Cloudybay",130,12B,45,2023-10-21,03:11,3,"k-rap","PADO",2023-10-21,54,24,0,13,0,10,-8,E Major,3,0xR9n3jZBEieY1LO7bWxZu,KRB472301855
349,"How could you say that?","Cloudybay",142,1B,65,2023-10-21,04:10,4,"k-rap","PADO",2023-10-21,49,9,0,33,0,0,-5,B Major,3,7JIaAclNIzOA04hDzFxn6L,KRB472301856
350,"0","Cha Woo Joo",166,9B,62,2023-10-23,03:11,0,"k-rap","0",2023-10-23,62,85,0,33,10,0,-7,G Major,4,5noGe31gh4yoesRyoEYn6a,KRB472301822
351,"Now we're gone","Cha Woo Joo,GYU HYUK",124,4B,79,2023-10-23,02:54,5,"k-rap","Bloom #1",2023-08-21,60,14,0,35,0,10,-4,G#/A♭ Major,4,6WklZVxvf5Wbf86AJCccvw,QMDA62377180
352,"Hangover","Leellamarz",100,4B,51,2023-10-26,02:50,35,"k-rap","Life is Once",2023-10-26,71,14,0,88,0,10,-7,G#/A♭ Major,4,7dHJMkXIE1pzeX0h5VLUty,KRE132300062
353,"Nice Man","Leellamarz",113,10A,26,2023-10-26,02:52,36,"k-rap","Life is Once",2023-10-26,76,78,0,92,0,20,-12,B Minor,4,6TlA2mdpc29gjm4VcnG7O7,KRE132300063
354,"Life is","Leellamarz",170,9A,61,2023-10-27,01:44,30,"k-rap","Life is Once",2023-10-26,77,24,0,70,10,0,-5,E Minor,4,4Ah8CouZKhQgD2nGJ1n1aM,KRE132300071
355,"Take a Walk","GIRIBOY",144,9B,52,2023-10-27,03:03,18,"k-rap","Novel",2023-10-26,46,48,0,18,0,10,-4,G Major,4,049Gta50u7HxmSo6DQ8rs7,KRA382321399
356,"Break Up (Feat. Skinny Brown)","Urban Fisher,Skinny Brown",139,2B,62,2023-11-03,03:57,27,"k-rap","Break Up",2023-11-02,68,68,0,69,0,10,-6,F#/G♭ Major,4,2tSge98ws2Pj1lRSCdBHuU,KSA002303032
357,"Fake Flower (feat. Nucksal)","SINCE,Nucksal",140,3A,71,2023-11-06,02:59,25,"k-rap","THE SOLOEST",2023-11-06,83,56,0,67,10,10,-7,A#/B♭ Minor,4,4neR5Hz4WBcC2WN3anYvZx,KRNAR2353915
358,"Another Night Passing By","PATEKO,Jayci yucca,Kid Wine",180,1B,64,2023-11-07,03:15,33,"k-ballad, k-rap","Another Night Passing By",2023-11-07,48,21,0,43,0,10,-6,B Major,4,5IgiSVa22gKpTkhx0szM90,ZZA0P2312423
359,"FLIRT (Feat. Leellamarz)","Way Ched,TRADE L,Leellamarz",120,10B,38,2023-11-13,03:01,57,"k-rap","CHED&L",2023-11-12,77,53,0,70,0,0,-10,D Major,4,6oBBMles8dHGlGRT4sZvhJ,KRE132300073
360,"White Lie (Feat. Jay Park)","Way Ched,TRADE L,Jay Park",120,12B,42,2023-11-13,03:51,44,"k-rap, k-pop","CHED&L",2023-11-12,76,45,0,28,0,10,-9,E Major,4,7ihR86SoH3RO8yzDRIqSpY,KRE132300076
361,"Good Bye","Kid Wine",148,5B,54,2023-11-15,02:49,16,"k-ballad, k-rap","Good Bye",2023-11-15,50,53,0,26,0,10,-5,D#/E♭ Major,4,0S06OlDpiK7f3aF0jJO3Sk,KSA002303228
362,"Won’t You (Feat. Ciscero)","THAMA,Ciscero",136,3B,46,2023-11-16,03:04,16,"k-rap, jazz rap","WOOOF!",2023-11-16,80,4,0,82,10,10,-9,C♯/D♭ Major,4,3ImhdXvsmDddrowcgu8yjs,KRB142300037
363,"하루가 (feat. OLNL)","Cha Woo Joo,OLNL",83,10A,76,2023-11-20,02:35,0,"k-rap","하루가",2023-11-20,52,10,0,79,30,0,-4,B Minor,4,0sKcoeSXVNMlIL4CCzAmCX,QMFMF2343643
364,"Bad Habits (Feat. LeeHi)","Crush,LEEHI",121,4A,40,2023-11-22,03:25,39,"k-rap, k-pop, k-ballad","wonderego",2023-11-14,66,62,0,42,0,0,-9,F Minor,3,6HKktb4MMeYSKFnNExGfKg,ZZA0P2312410
365,"SHE","Crush",144,4B,33,2023-11-22,03:14,32,"k-rap, k-pop, k-ballad","wonderego",2023-11-14,40,49,0,27,0,0,-7,G#/A♭ Major,4,2ayE0A2tlGTLLtmcKxU34g,ZZA0P2312416
366,"Harness","Crush",91,2B,27,2023-11-22,04:21,30,"k-rap, k-pop, k-ballad","wonderego",2023-11-14,32,83,0,15,0,10,-10,F#/G♭ Major,3,2SFeuiR39uWkyHVFu8j7A5,ZZA0P2312417
367,"One-Way","BIG Naughty",100,6B,58,2023-11-23,02:47,43,"k-rap, k-ballad","ICN > YVR",2023-11-23,70,60,0,79,0,30,-6,A#/B♭ Major,4,7dTv6c4yQ4gBVFSC3fX0RH,KRA382321848
368,"Pushover (Feat. jeebanoff)","Ourealgoat,jeebanoff",83,4A,54,2023-11-26,03:31,9,"k-rap","Pushover",2023-11-25,76,7,1,22,0,0,-6,F Minor,4,29QfiadYnAvdTOMF5iHnXM,KSA002303343
369,"4 U (Feat. SUMIN)","Loco,SUMIN",91,2B,69,2023-11-30,03:21,26,"k-rap, k-pop, j-r&b","WEAK",2023-10-17,71,18,0,64,0,0,-6,F#/G♭ Major,4,2OKx5kcyrf69fMzRGuCPLw,KRC712300093
370,"Pushover (Feat. Jeebanoff)","Ourealgoat,jeebanoff",83,4A,54,2023-12-17,03:31,5,"k-rap","Naive",2023-12-15,76,7,1,22,0,0,-6,F Minor,4,2RYnmRfsJqoQC2FwShD7Y0,KSA002303343
371,"Tik Tok (Band ver.) (Feat. CHOILB, Big Naughty)","GIRIBOY,CHOILB,BIG Naughty",84,3B,59,2023-12-17,03:57,22,"k-rap, k-ballad","appendix",2023-12-15,68,58,0,91,10,10,-6,C♯/D♭ Major,4,7prSNrUm2Z2iKrhgRoAr1t,KRA382322528
372,"Love Is","Leellamarz,meenoi",130,1B,41,2023-12-22,03:58,40,"k-rap","[A]",2023-12-21,84,42,1,55,0,10,-9,B Major,3,3DMSJ1T49Aoyo6NceiEA4I,KRB472302711
373,"Bus Stop","Leellamarz,meenoi",130,10B,53,2023-12-22,03:01,36,"k-rap","[A]",2023-12-21,75,45,0,37,0,10,-9,D Major,4,2X0Jlj1hP9q2xP5Lkd8sy4,KRB472302710
374,"Hold Me Tight (Feat. 이밝은)","Shoi,Ebright",88,3B,40,2023-12-24,02:11,0,"","Hold Me Tight (Feat. 이밝은)",2023-12-23,60,50,0,4,0,10,-7,C♯/D♭ Major,4,0a5ySiX6ob8z0JGU2OEL0k,KRMM02316098
375,"그럭저럭 (Feat. JAEHA)","Urban Fisher,JAEHA(재하)",90,1B,65,2023-12-24,03:16,23,"k-rap, ","그럭저럭 (Feat. JAEHA)",2023-12-23,66,22,0,74,10,10,-6,B Major,4,6dAUlKmWEgybzq8kEAE7Cp,KSA002303563
376,"Mind Games","Leellamarz,meenoi",89,3B,43,2023-12-25,03:37,41,"k-rap","[A]",2023-12-21,61,53,0,49,20,10,-10,C♯/D♭ Major,4,2qScdjkiJ1YmjK74c23XXe,KRB472302709
377,"INFJ (Feat. B.I, BANG YEDAM)","BIG Naughty,B.I,BANG YEDAM",80,5A,77,2023-12-28,03:29,42,"k-rap, k-ballad, k-pop, ","Dingo X BIG Naughty",2023-12-28,70,23,0,77,0,0,-5,C Minor,4,77GfQKz4WzULTEoLL286cT,ZZA0P2313470
378,"Need you","VVON",164,10B,47,2024-01-02,02:58,16,"","Need you",2024-01-02,51,45,0,48,20,30,-6,D Major,4,4jgbFKv2VWKKx8fXHMRuf2,KRMM02326213
379,"On my mind","Paul Blanco,Heize",83,10A,48,2024-01-07,03:21,40,"k-rap, k-ballad, k-pop","EXchange3, Pt. 1 (Original Soundtrack)",2024-01-05,57,42,0,51,10,30,-7,B Minor,4,14nJ3FvG5dtIwQpMLY4c5B,KRA492400003
380,"LONDON","LEON",144,9B,86,2024-01-09,02:42,7,"k-rap","LONDON",2024-01-09,59,27,0,55,0,40,-4,G Major,4,5mH7nqFCzficlQA9tJJINa,KSA012286457
381,"When we meet again","Gist",140,10B,58,2024-01-11,03:01,27,"k-rap","When we meet again",2023-11-30,71,20,0,60,0,30,-6,D Major,4,7h0u7IxnvjLMXFxCSnuh9R,KRMM02304914
382,"RADIONA (Feat. GIST)","GOYA,Gist",130,9B,66,2024-01-14,03:08,8,"k-rap","RADIONA",2022-11-01,61,71,0,60,0,10,-6,G Major,4,7yuZTTd7qxLV18dU1QsXrC,KRNAR2211070
383,"Talk tomorrow","Leellamarz,meenoi",88,10B,45,2024-01-17,02:56,40,"k-rap","[B]",2024-01-17,72,64,0,56,10,20,-8,D Major,4,5qm0xv82Tv0WRHUMLKy1OK,KRA492400154
384,"Better (feat. Coogie)","Moon Sujin,Coogie",86,9B,74,2024-01-18,02:58,27,"k-rap","Better",2024-01-16,72,6,0,45,0,30,-3,G Major,4,3lYiwpZC4gIQ5ZyPaIFqXq,KRA252400074
385,"when i′m with u (Feat. Saebit)","Cha Woo Joo,Saebit",185,7B,47,2024-01-20,03:20,0,"k-rap, k-ballad","when i′m with u (Feat. Saebit)",2024-01-20,42,82,0,43,0,10,-6,F Major,3,2C58cQCboebhjC2TlLogJC,KRB472400116
386,"Restless","BIBI",90,7B,61,2024-01-24,04:27,0,"k-pop, k-rap","LISTEN 035 Restless",2020-02-02,57,38,0,30,0,10,-7,F Major,4,4AHNi316rl3KI3hKIsdxZe,KRA382000185
387,"캄캄해","HAAN,Chan,SHIRT,vibin",114,4B,58,2024-02-01,03:40,45,"","캄캄해",2023-12-27,81,57,0,81,0,10,-6,G#/A♭ Major,4,5cIF0zRictjjlYaT7t7NHI,KSA002303608
388,"Down (with george)","BOYCOLD,george",76,4B,62,2024-02-14,02:59,19,"k-rap, k-ballad","Sick of Love",2024-01-31,39,65,0,29,0,10,-6,G#/A♭ Major,4,0Gt3PSw9P0WCs1Pj93Fr4D,KRA382400639
389,"Can′t you see me? (Feat. Chan)","Leellamarz,Chan",95,3B,51,2024-02-22,02:42,23,"k-rap, ","STILL YOUNG BOY L",2024-02-22,61,46,0,11,0,10,-12,C♯/D♭ Major,4,3jFqZmhNcWjvUm3X3DyFnP,KRE132400024
390,"Love Me Again","Jayci yucca",140,11B,46,2024-02-24,03:40,18,"k-rap, k-ballad","Love Me Again",2024-02-23,62,50,0,38,0,20,-6,A Major,4,1e8D5wlGpBRT0hD7JncM0w,KSA002400302
391,"everyday with you","HAAN,SHIRT",108,7B,62,2024-02-25,02:16,28,"","an ordinary day",2023-04-24,70,14,0,55,0,10,-5,F Major,4,4nif4iRJnCz6Fifc84htLa,KSA002300800
392,"Nunchi game (Feat. Leellamarz)","1DAY,kyuu,Leellamarz",110,12B,50,2024-03-06,02:38,28,"k-rap","Nunchi game",2024-02-25,74,72,0,28,0,10,-6,E Major,4,7kMwZDvseBtgUWfgEJssqM,KSA002400346
393,"널 떠나던 그때 그 날 (feat. 키드 와인 & 줍에이) (prod. HAAN & 바이빈)","Taeb2,Kid Wine,Joob A",156,12B,52,2024-03-06,02:45,13,"k-rap, k-ballad","LOVE SELLER",2023-12-09,60,52,0,43,0,0,-8,E Major,4,2DuydH2TVBfcj02HOXw1xo,KSA012287526
394,"every day good day (Feat. BIG Naughty)","SOLE,BIG Naughty",140,4B,64,2024-03-07,02:47,21,"k-rap, k-ballad","imagine club",2022-09-16,50,32,0,63,10,10,-6,G#/A♭ Major,4,7vefqP96ftCQg7qB6Ha0NJ,KRB142200084
395,"A like","Shoi,RIPLEY",80,9B,54,2024-03-17,02:49,0,"","A like",2024-03-16,53,74,0,45,0,10,-6,G Major,4,0jHL7lBnOxLk19RPNCsW6v,KRD822400023
396,"Good Memories (Feat. B.I)","Gist,B.I",78,8B,42,2024-03-21,03:14,34,"k-rap, k-pop","Nothing is Perfect",2024-03-21,61,60,0,71,0,10,-7,C Major,4,4V6ZFevMh2eyH9nWpKYsGQ,KRMIM2426472
397,"Deserve It (Feat. Paloalto)","Gist,Paloalto",117,11B,41,2024-03-21,04:17,11,"k-rap","Nothing is Perfect",2024-03-21,63,54,0,40,0,0,-10,A Major,4,16BKsVLgmXoDILCmoTXCQm,KRMIM2426477
398,"Can We Just Be Friends","Gist",139,9A,36,2024-03-21,01:46,11,"k-rap","Nothing is Perfect",2024-03-21,44,83,0,35,0,10,-9,E Minor,4,1FddIb9vRWzKNQQSqlCMl8,KRMIM2426478
399,"Ennui","Gist",120,3A,40,2024-03-21,03:41,13,"k-rap","Nothing is Perfect",2024-03-21,54,41,0,42,0,30,-7,A#/B♭ Minor,3,3M7Cv6JDoCpRo41FzNMB5z,KRMIM2426479
400,"Nothing is Perfect (Feat. The Quiett)","Gist,The Quiett",124,3A,58,2024-03-22,03:07,13,"k-rap","Nothing is Perfect",2024-03-21,64,35,0,37,0,30,-7,A#/B♭ Minor,4,4eL5U8Z5RNkLPgtQDo9AHC,KRMIM2426471
401,"CUZ OF U","Chan",140,8B,71,2024-03-23,02:06,30,"","CUZ OF U",2024-03-20,68,17,0,66,0,10,-5,C Major,4,1SV2m5ztmHmn6FeZrGSjUC,ZZA0P2403095
402,"you can be mad at me everyday","Jimmy Brown",87,5A,54,2024-03-25,02:49,16,"","you can be mad at me everyday",2024-03-25,74,10,0,60,0,10,-5,C Minor,4,4ZetqYKb3bi92dKp28DIPn,KRMIM2426667
403,"MISTY","LEON",164,11B,70,2024-03-26,03:02,3,"k-rap","MISTY",2024-03-26,32,53,0,31,0,40,-6,A Major,4,2MzUi9C1JinaehUXxOJCcj,KSA012310271
404,"Love Like Rain (Feat. Chan, Gist)","Kid Wine,Chan (찬),Gist",80,3B,65,2024-03-26,03:15,33,"k-ballad, k-rap","SOMMELIER",2024-03-26,58,23,0,38,0,0,-6,C♯/D♭ Major,4,2ru44wuCWKS7tUE8P2L6ZK,KSA002400706
405,"Let 's Break Up (Feat. JAEHA)","Kid Wine,JAEHA",80,6B,64,2024-03-26,02:40,21,"k-ballad, k-rap","SOMMELIER",2024-03-26,64,61,0,53,0,10,-5,A#/B♭ Major,4,4UKlnR5bx6L2IrZazsxfTd,KSA002400710
406,"Foolish","Kid Wine",75,10B,46,2024-03-26,02:49,21,"k-ballad, k-rap","SOMMELIER",2024-03-26,58,39,0,34,0,10,-7,D Major,4,773CZg51c0ITkiLTxtwstd,KSA002400714
407,"I Wish (Feat. Leellamarz, B.I)","TOIL,Leellamarz,B.I",80,10B,42,2024-03-29,02:53,35,"k-rap, k-ballad, k-pop","TOTO",2024-03-29,59,40,0,61,0,10,-8,D Major,4,3nh8M3jWQr1DHfZ5RhTlic,KRMIM2427558
408,"What I Have (Feat. Leellamarz)","TOIL,Leellamarz",80,1B,36,2024-03-29,02:32,19,"k-rap, k-ballad","TOTO",2024-03-29,89,83,0,71,20,10,-9,B Major,4,7yv0VhxxUJ8CiqFlHKCvZn,KRMIM2427564
409,"Country Life (Feat. VVON)","TOIL,VVON",100,7B,43,2024-03-29,03:05,23,"k-rap, k-ballad, ","TOTO",2024-03-29,77,21,0,87,0,10,-8,F Major,4,2xRLUWevDLeiEVBJe5nAOu,KRMIM2427560
410,"Over You","HAON",70,2B,16,2024-04-09,03:27,44,"k-rap","HAONOAH",2024-03-29,84,65,0,58,0,0,-10,F#/G♭ Major,4,7sqZMXeIntRcKuXgvhUne9,KRA252302149
411,"CAN U LUV (Feat. Gist)","JAEHA,Gist",78,11B,45,2024-04-12,02:45,23,"k-rap","CAN U LUV (Feat. Gist)",2024-04-12,59,86,0,62,0,20,-5,A Major,4,58aAVrbCteSDRhxSEMaIz4,KRMIM2428687
412,"Water","GIRIBOY",99,8B,29,2024-04-16,03:41,16,"k-rap","Novel",2023-10-26,75,86,0,24,0,10,-11,C Major,4,1uBYlpXcs3vTg9zTRJlcZd,KRA382321403
413,"Re (Feat. Leellamarz)","Urban Fisher,Leellamarz",89,12B,44,2024-04-19,03:17,16,"k-rap","Re (Feat. Leellamarz)",2024-04-18,67,81,1,40,0,10,-8,E Major,4,489WdoslgFRu6bgI3CGKOF,KSA002400919
414,"Allergy (feat. Gist)","Suen,Gist",110,5B,55,2024-04-19,02:38,28,"k-rap","New Moon",2023-09-08,71,52,0,59,0,0,-8,D#/E♭ Major,4,1lh6wzYgtQzygOE8v5FHMj,KRNAR2323291
415,"easy 2 love (Feat. Gist)","Giwon,Gist",78,3B,41,2024-04-19,02:46,42,"k-rap","easy 2 love (Feat. Gist)",2023-09-09,68,71,0,77,0,20,-5,C♯/D♭ Major,4,5nRvVvAqXB6tMqDs6athfI,KSA002302445
416,"SORRY","BE'O",136,12A,65,2024-04-24,02:21,0,"k-rap","Affection",2024-04-24,69,45,0,10,0,10,-4,C♯/D♭ Minor,4,5GYi8ET8bM2nNP7CWCtT5t,KRA382402395
417,"Take me","GRIO,PYMEL",92,2B,65,2024-04-28,02:51,12,"k-rap","OSAKA",2024-04-28,67,30,0,47,0,10,-6,F#/G♭ Major,4,1npguP6SVFPhFOVwzsLjA4,KSA002400957
418,"Good Morning","Brick",160,11B,67,2024-05-14,03:14,1,"k-rap","Good Morning",2021-01-24,62,25,0,46,10,30,-3,A Major,4,2a6q4xqOsD4iUCTerVuS5x,KRB472100118
419,"Reed","Jayci yucca,SLO",115,10A,43,2024-05-16,03:12,5,"k-rap, k-ballad","Reed",2024-05-16,72,78,0,37,0,20,-8,B Minor,3,0aPq9xDq5OWNiCRvDjBUVI,KSA002401140
420,"don't leave me","TOIL,Gist",130,10B,59,2024-05-17,03:03,39,"k-rap, k-ballad","don't leave me (The Last 10 Years X TOIL, Gist)",2024-05-17,64,35,0,59,0,10,-6,D Major,4,5Fb64pKATb2BrH4yMPHkW3,KRA382403218
421,"Good Night, Sweet Dreams","Kid Wine",135,9B,40,2024-05-20,02:29,15,"k-ballad, k-rap","SOMMELIER",2024-03-26,45,85,0,21,0,10,-8,G Major,4,1u2eve72zQOD1uB1Gt3vi1,KSA002400713
422,"281.31km ( To. )","KIMMUSEUM",86,6B,38,2024-05-20,02:52,42,"","281.31km EP",2020-08-05,73,57,0,40,0,10,-8,A#/B♭ Major,4,2rR1io07h9bLVJfBTpqxTD,KRMIM2021811
423,"In the summer (Acoustic Ver.)","HYUN SEO",207,2B,42,2024-05-20,02:12,23,"k-ballad","In the summer",2024-05-20,49,61,0,96,0,10,-8,F#/G♭ Major,4,2bcbyin6MAQK7OvFT6BVDE,KSA002401139
424,"Hug Me","Jimmy Brown",62,6B,46,2024-05-21,02:46,16,"","Hug Me",2024-05-20,64,71,0,44,0,0,-8,A#/B♭ Major,3,29iBmddkKfwYrUbfJmjj6K,KRMIM2434157
425,"Westcoast Marriage","Austn",140,11B,43,2024-05-27,02:24,2,"k-rap","Westcoast Marriage",2024-05-22,71,41,0,24,0,30,-5,A Major,4,4BD7NiO52baQbRwU08oqnT,KSA002401151
426,"Is this too much? (Feat. Chan, Hash Swan)","Way Ched,Chan,Hash Swan",140,6B,47,2024-05-30,02:47,26,"k-rap","BLEND",2024-05-30,77,65,0,70,0,0,-6,A#/B♭ Major,4,6Bx3jtzljURZqDh097tDFA,KRA492400748
427,"When it snows(Feat.Heize)","LEE MU JIN,Heize",96,4B,54,2024-06-03,03:52,51,"k-ballad, k-pop","When it snows(Feat.Heize)",2021-12-03,57,31,0,18,0,20,-8,G#/A♭ Major,4,2vA5M8uXee4amGQajyUMFR,KRA382163965
428,"MAKE A KNOT","JAEHA",160,4B,59,2024-06-04,03:21,14,"k-rap","LIFE LIKE 22",2024-06-04,48,46,0,34,0,10,-5,G#/A♭ Major,4,63ElE1qvzUc5Dh2CoX5k3q,KRMIM2441069
429,"Emergency Love (feat. nov)","Chan,nov",174,5B,67,2024-06-04,03:03,35,"","Emergency Love (feat. nov)",2021-09-15,48,77,0,52,40,30,-6,D#/E♭ Major,4,7foSFLDpq341uMU3rsH6WE,KRA252101714
430,"Summer 2018","Gist",82,8B,23,2024-06-07,03:32,12,"k-rap","4AM",2024-06-06,56,88,0,38,0,10,-10,C Major,4,2yaQydK3j7YBE1Syg4CEXb,KRMIM2441168
431,"Farewell","Gist",75,4B,43,2024-06-07,03:17,11,"k-rap","4AM",2024-06-06,63,87,0,24,0,10,-11,G#/A♭ Major,4,7fNMpAcpzhEEy8TGOuSt50,KRMIM2441169
432,"butterfly","yedira,Shoi",106,4B,40,2024-06-07,02:31,7,"","Two Hearts",2024-06-06,60,50,0,28,0,10,-9,G#/A♭ Major,4,4ZeCSDkWVJgkerNlF0pFvj,SGB502496044
433,"Vinyl Store","Chan",172,5A,57,2024-06-07,03:00,40,"","Vinyl Store",2021-08-12,61,55,0,61,10,10,-6,C Minor,4,0d02heQtjbakJKysOatKKs,KRA252101466
434,"Don't hang up (demo)","Chan,Giwon",90,11B,50,2024-06-07,02:46,56,"","Don't hang up",2024-05-14,81,42,0,67,0,10,-6,A Major,4,6zCtdYt3Bwe0Ll300JI0ug,KSA002401107
435,"Blame (Feat. Chan)","Kim Seungmin,Chan",85,4B,65,2024-06-11,02:53,25,"k-rap, k-ballad, ","Be Okay",2024-06-11,69,40,0,59,0,10,-5,G#/A♭ Major,4,7kIKIsLBLGMWZxWuDffixb,KSA002401268
436,"In the mornin’ (Feat. THAMA)","Way Ched,THAMA",90,5B,67,2024-06-11,03:05,22,"k-rap","BLEND",2024-06-11,50,35,0,53,20,10,-5,D#/E♭ Major,4,4FSb18hJmdMsaxu2hCo7yb,KRA492400752
437,"Good bye 잘지내 (feat. Gist)","GRIO,PYMEL,Gist",90,1B,60,2024-06-12,03:15,16,"k-rap","OSAKA",2024-04-28,66,30,0,47,0,20,-5,B Major,4,02HXxjfHrJO9s7rN8WBm1V,KSA002400959
438,"something","Joob A",130,4B,41,2024-06-16,03:38,34,"k-ballad","something",2023-11-01,52,88,0,18,0,10,-11,G#/A♭ Major,4,52FF2xeetk0dWtEwUkeWk8,KRNAR2352310
439,"FLOWER (feat. Gist & VVON)","DJ Sparrow,Gist,VVON",90,8A,63,2024-06-18,03:04,37,"k-rap, ","BLUE",2024-06-10,68,18,0,80,10,30,-5,A Minor,4,0W4XuZWNxoKBJ806rJTFYx,KRMIM2440902
440,"compromise (feat. Soo-Yeony & bluewoods)","DJ Sparrow,Soo Yeony,Bluewoods",115,9A,45,2024-06-18,02:40,2,"k-rap","BLUE",2024-06-10,83,41,0,49,0,10,-7,E Minor,4,5VAWm4Qrgw5nfheGdRDQdO,KRMIM2347495
441,"Sunshine","승오,WR",123,11A,60,2024-06-19,02:23,0,"","MOON",2022-02-15,72,85,0,31,0,10,-6,F#/G♭ Minor,4,1mDO3xZghUWfy6nm30rSDJ,KRA532200010
442,"I can’t be cool (with Leellamarz)","BOYCOLD,Leellamarz",174,11B,60,2024-06-19,02:54,25,"k-rap","Sick of Love",2024-01-31,74,56,13,75,0,20,-4,A Major,4,1GnC5Vv0iJ3eTnsWtMFG4X,KRA382400636
443,"11:59 (feat. Goopy)","JEY,Goopy",122,10A,67,2024-06-20,02:57,0,"k-rap","11:59 (feat. Goopy)",2022-05-04,83,32,0,42,0,10,-5,B Minor,4,0Ipe4hZMTTzWyMxBtkcRNq,KRA252200864
444,"bury. (Feat. SOLE)","punchnello,SOLE",110,7A,41,2024-06-20,03:16,20,"k-rap","bury.",2023-11-21,83,78,0,69,0,10,-8,D Minor,4,5SQjrx1k3ZSs5QISqoxIy9,KRC712300099
445,"CALL ME BACK","Rad Museum,BE'O",140,7A,64,2024-06-20,03:47,42,"k-rap","GIRL",2023-09-25,65,14,0,88,0,0,-6,D Minor,4,2VRk8RyGvQWLX9yuFN6ivq,KRNAR2338778
446,"ONE DAY (Feat. Chan)","1DAY,Chan (찬)",125,8B,56,2024-06-20,03:19,23,"k-rap, ","ONE DAY (Feat. Chan)",2023-10-08,78,76,0,56,0,10,-6,C Major,4,3SHnqFpmmpUewHcxiM8is8,KSA002302840
447,"IF YOU LISTEN CLOSELY","slchld",63,10B,40,2024-06-22,03:22,27,"","APOLOGY",2024-06-21,47,41,0,63,0,10,-6,D Major,4,7umzdJlwQLOY50DnAT2t6S,US23A1583450
448,"7942 (Friend Zone) (Feat. VVON, Skinny Brown)","Kid Wine,VVON,Skinny Brown",86,8B,62,2024-07-10,03:02,18,"k-ballad, k-rap","SOMMELIER",2024-03-26,73,38,0,77,20,20,-4,C Major,4,1aJ6AjGGNA7S99sWWrDBth,KSA002400708
449,"Meet Again","Gist",136,8B,51,2024-07-11,04:08,16,"k-rap","Meet Again",2024-07-10,44,63,0,22,0,0,-6,C Major,4,1m7yg4UDxh2xco5eRq9UL5,KSA012333106
450,"I saw someone who looked like you","Ourealgoat",90,11B,73,2024-07-11,02:27,7,"k-rap","Intersections",2024-07-11,64,66,0,56,0,10,-4,A Major,3,6KiveimRgscQXHOuCfj32h,KSA002401485
451,"First (Feat. SOLE)","Jooyoung,SOLE",106,2B,32,2024-07-12,03:24,37,"k-rap","Fountain",2018-03-02,67,88,0,30,0,10,-8,F#/G♭ Major,4,2963MkC6KW2cflDf5fh9Bf,KRA381704099
452,"OCEAN (Feat. Hoyeon Kim)","KOREA CRACKER,Hoyeon Kim",90,12B,60,2024-07-12,03:18,44,"","OCEAN (Feat. Hoyeon Kim)",2019-09-16,66,73,0,72,0,40,-4,E Major,4,1ZxzwQQyoW8rDwS55AgJWU,KRA381904222
453,"A night of crisis","meenoi",180,11A,36,2024-07-17,03:13,27,"k-rap","This is my life",2024-07-03,75,44,0,62,20,10,-8,F#/G♭ Minor,4,4ULCZADjaUlVqu52bijjAj,KRC712400033
454,"Forget Me Not (Feat. BIG Naughty)","Heize,BIG Naughty",179,9B,59,2024-07-17,03:16,29,"k-ballad, k-pop, k-rap","Last Winter",2023-12-07,45,55,0,43,0,10,-7,G Major,4,0cTbEOb43ki08HrZYuIdVn,KRMM02304899
455,"소리 소문도 없이 (Feat. Jayci yucca)","M1NU,Jayci yucca",75,8B,53,2024-07-19,04:19,1,"k-rap, k-ballad","Lost",2022-11-29,59,17,0,35,0,0,-7,C Major,4,0NP0LXhUWK4M1pPBZCHgqf,QM6N22420682
456,"받을 줄만 알아서","Kid Wine",130,4B,70,2024-07-24,02:42,6,"k-ballad, k-rap","Love Wine 2",2020-02-13,77,31,0,34,0,10,-5,G#/A♭ Major,4,4j3qOsEYIfVolVLlEW5C2H,QZEKE1930261
457,"Slow","SOLE",78,3B,40,2024-08-04,04:01,46,"k-rap","Slow",2018-07-13,40,59,0,31,10,10,-7,C♯/D♭ Major,4,3bHE2Q0boauLBF8iJLUIga,KRMIM1804936
458,"Situationship (Feat. THAMA)","SOLE,THAMA",134,11A,49,2024-08-10,03:10,26,"k-rap","Time Machine",2024-08-09,64,6,0,39,0,10,-9,F#/G♭ Minor,4,3Lu5PCmYkgRxfUcXWNUP24,KRB142400016
459,"Silver008","KIMMUSEUM",120,2B,50,2024-08-10,04:34,20,"","Silver008",2024-06-18,56,39,0,15,0,0,-7,F#/G♭ Major,4,1XXzmCR7kWi6axK6tr1yrc,ZZA0P2406299
460,"What are you doing to me?","Ourealgoat",142,12B,74,2024-08-13,02:17,8,"k-rap","What are you doing to me?",2024-08-13,72,50,0,57,0,10,-5,E Major,4,4c1azb6zAuw5aFRhZrtTF4,KSA002401894
461,"Wipe","Urban Fisher",88,3B,36,2024-08-15,02:37,14,"k-rap","GRACE",2024-08-15,57,74,0,27,0,0,-10,C♯/D♭ Major,4,6NPr57CmLrnDTMhyvTPvgR,KSA002401911
462,"Gift (feat. Kelsey Kuan)","Dept,Kelsey Kuan",125,4B,54,2024-08-15,02:55,22,"","Gift",2024-08-11,47,48,0,27,0,10,-6,G#/A♭ Major,4,6RnMEoSD0umRjdhqeggZpC,KRMIM2453349
463,"romeo n juliet (feat. youra)","george,youra",90,10A,70,2024-08-18,03:21,54,"k-ballad, ","gimbap",2024-08-18,72,17,0,52,0,0,-7,B Minor,4,0R4SiuGcwqpmsE9a7rm9ws,KSA002401616
464,"Silence(Feat. VVON, Janet Suhh(자넷서))","HAAN,vibin,VVON,Janet Suhh",116,5B,64,2024-08-19,02:57,13,"soundtrack","Silence",2023-10-28,52,18,0,27,0,10,-4,D#/E♭ Major,3,6KGM8adf6y4qUMktOJqXOy,KSA002303009
465,"Now (feat. VVON)","SOQI,VVON",88,3B,45,2024-08-19,03:30,24,"","Now (feat. VVON)",2023-07-12,81,46,0,63,10,0,-6,C♯/D♭ Major,4,2jpe693pupVxENaLyqzn9S,KRMIM2362410
466,"A gift","puffitboi",100,10B,80,2024-08-20,03:26,1,"k-rap","My World",2024-08-20,74,19,0,80,0,0,-3,D Major,4,0pp0VbjD3N5yt5bb3wGbOa,KSA012340936
467,"Remember","puffitboi",170,10B,57,2024-08-20,03:26,7,"k-rap","My World",2024-08-20,53,44,37,8,0,20,-7,D Major,4,0S21pjH282CJ9eL0yKAlO4,KSA012340937
468,"J","LEON",139,12B,73,2024-08-21,02:10,32,"k-rap","J",2024-08-21,59,48,0,77,0,10,-6,E Major,4,3EySARQGh8kthWe8d5KVd7,KRF632405954
469,"Walk In The Night (Feat. Zion.T)","Moon Sujin,Zion.T",94,10A,42,2024-08-21,03:05,46,"k-rap, k-ballad","Walk In The Night (Feat. Zion.T)",2020-10-21,81,11,0,40,10,10,-7,B Minor,4,1LEac3XXwvRlOWkKDZjLeK,KRA382006030
470,"Control Me","Colde",86,6A,66,2024-08-22,03:24,0,"","Control Me",2019-09-05,63,84,0,77,10,40,-7,G Minor,4,1ffNBM0LCbHya4SezmmAH8,QM7281943091
471,"Thinkin' bout","jeebanoff",80,11A,39,2024-08-25,03:14,17,"k-rap","Talking Book",2020-12-18,58,87,0,35,10,10,-11,F#/G♭ Minor,4,4F1qo1wejTc1KERZZcbN55,QZF452002267
472,"Your Dog Loves You (Feat. Crush)","Colde,Crush",102,11B,26,2024-08-28,04:33,54,"k-rap, k-pop, k-ballad","Your Dog Loves You",2018-03-28,66,93,0,13,0,50,-11,A Major,4,72cq3rZCIEYaq1TM8y5LBQ,KRNAR1804612
473,"Haze","Shoi,Aidonnow,Sof'boy Han",74,3B,40,2024-09-03,02:32,4,"","Haze",2024-09-03,57,62,0,16,0,10,-10,C♯/D♭ Major,4,29Lqg9Lp1Su6umefUW5yK7,KRF632406187
474,"I guess I knew this would happen","Chawoo",174,2B,57,2024-09-03,03:00,23,"","I guess I knew this would happen, I knew it would be like this",2024-09-03,64,33,0,72,10,20,-5,F#/G♭ Major,4,1Q3KRiY5eAdqP7mYMVriyM,KSA002402006
475,"One & Only","Royal 44",83,7A,64,2024-09-04,02:42,32,"k-rap","Delphinium",2024-08-01,53,6,0,12,0,20,-9,D Minor,4,0kwttQkLxci6m9SU7XelgM,KRB472401186
476,"UoU","SHIRT",150,11A,56,2024-09-04,02:36,35,"","UoU",2024-09-02,74,11,0,66,0,10,-6,F#/G♭ Minor,4,1Er4Us9efoj7yyAZQ7CNd4,KSA002402008
477,"Let u in (Feat. DeVita, Colde)","CODE KUNST,DeVita,Colde",77,5A,35,2024-09-11,03:25,38,"k-rap, ","PEOPLE",2020-04-02,73,76,0,46,0,10,-9,C Minor,4,6pD8u2YwHZ2dRhdcYRUf65,KRC712000020
478,"CHARMS","Gist",95,1B,61,2024-09-11,02:52,23,"k-rap","Dreaming of a Freaking Fairy Tale, Pt. 3 (Original Soundtrack)",2024-06-15,54,52,0,61,0,20,-7,B Major,4,0eoS2PG2LeS1kL0jMEEUMX,KRA492400763
479,"we'll we'll we'll","Grass",125,11A,65,2024-09-14,02:38,38,"","OUR Ocean",2024-07-31,82,69,0,85,0,20,-6,F#/G♭ Minor,4,20lNlljp0TirKpHHmx5bdG,KSA002401614
480,"All Day","Kim Seungmin,Layone",88,2B,46,2024-09-15,03:19,35,"k-rap, k-ballad","All Day (Better Days X Kim Seungmin, Layone)",2024-09-14,73,44,0,73,0,10,-6,F#/G♭ Major,4,4E9kCEWanRaTiaMlyCni7M,KRA382405533
481,"Good bye-bye feat. BIG Naughty","TOMIOKA AI,BIG Naughty",178,6A,55,2024-09-15,03:19,33,"j-pop, k-rap, k-ballad","Good bye-bye feat. BIG Naughty",2024-09-04,54,11,0,48,0,0,-6,G Minor,4,5BK4ZGIqnQTM3jxru8qS1J,JPVI02402676
482,"Tiki-Taka 티격태격 (Feat. DPR LIVE)","Crush,DPR LIVE",90,7B,41,2024-09-18,03:16,0,"k-rap, k-pop, k-ballad","From Midnight To Sunrise",2019-12-05,60,60,0,35,0,10,-7,F Major,4,2mHOUqoE9d1Iwj5zQWQ1K2,KRMIM1921951
483,"love me (feat. Hoody)","nafla,Hoody",92,2A,48,2024-09-22,03:20,38,"k-rap","u n u, Pt. 1",2020-01-06,82,54,0,45,40,10,-5,D#/E♭ Minor,4,20e0EjOZrM0AEMSepdh2fU,KRA252002072
484,"Slide","Shoi,yuji",100,10A,45,2024-09-24,02:43,17,"","Slide",2024-09-20,71,40,0,45,0,10,-7,B Minor,4,1Rs2FAkc0Qyr95ZQJEeBID,AEA3A2452169
485,"Eul (Feat. BIG Naughty)","GIRIBOY,BIG Naughty",80,2B,58,2024-09-24,02:58,43,"k-rap, k-ballad","2 Little Bites From [Fatal Album Ⅲ]",2019-11-09,79,74,0,82,20,40,-5,F#/G♭ Major,4,3MEcq4JRbQImU04hBtyM0w,KRA381904750
486,"Give me! (feat. NEEUN, RYUKIE & WJDLEE)","KozyPop,Neeun,RYUKIE,WJDLEE",164,12A,49,2024-09-27,02:36,3,"k-rap, ","SEOULVIBES, VION",2024-09-26,60,56,0,58,0,10,-3,C♯/D♭ Minor,4,1DZGPjrzECOj8jdUGXSKpB,KRMIM2465668
487,"In my dream (Prod. Inf)","Jae Woo AN",146,1B,63,2024-10-04,03:23,34,"k-ballad","In my dream",2024-05-19,69,55,0,80,0,10,-5,B Major,4,1HXdmA14opY7kLPsi7NQLF,KSA002401144
488,"Love Is Ugly (Feat. HWASA)","Jay Park,HWASA",164,3A,48,2024-10-08,03:43,39,"k-rap, k-pop","THE ONE YOU WANTED",2024-10-08,55,13,0,48,0,10,-8,A#/B♭ Minor,4,3TUfYdsasWsJKG49DvD5Zo,KRMIM2330575
489,"MARRY MY BED (Feat. Shirt)","h3hyeon,SHIRT",69,4A,68,2024-10-11,02:49,18,"k-rap, ","Hold On, Gotta Think…",2024-10-03,40,37,0,46,10,10,-6,F Minor,3,4O24gbZxpLapi32adS1F28,KRMIM2467306
490,"Wish","PENOMECO",100,7B,51,2024-10-12,02:55,33,"k-rap","Wish",2024-10-08,69,67,0,38,0,10,-6,F Major,4,7mLTxku0pqW3mIunoEVLx8,KRA382405843
491,"I Feel Loved","Aden,amin",91,11B,58,2024-10-15,03:15,36,"","I Feel Loved",2021-08-08,57,36,0,38,0,30,-7,A Major,4,2nSNERakFUjSZ6xbzZkWDR,KSA012107928
492,"Fallin'","BANG YEDAM",171,9A,64,2024-10-15,03:25,44,"","GOOD ViBES",2024-08-29,46,49,0,45,40,20,-4,E Minor,3,4GJqX9AM1kiZg5TnL7vh0y,KRA252402390
493,"24 (Feat. MELOH)","Gist,MELOH",73,8B,35,2024-10-18,02:41,26,"k-rap","Gist The Artist",2024-10-18,48,77,0,31,0,10,-9,C Major,4,2dxtYS0trPb0pTPLFprN6m,KRMIM2469794
494,"Don′t Leave Me","Gist",90,10A,75,2024-10-18,03:34,30,"k-rap","Gist The Artist",2024-10-18,69,81,2,56,0,20,-6,B Minor,4,4049Vy8aOLXnBFYLaFesGK,KRMIM2469796
495,"You and Me","Gist",130,8B,49,2024-10-18,02:29,22,"k-rap","Gist The Artist",2024-10-18,65,81,0,41,0,20,-6,C Major,4,5pReqZHoP848JBA4IDTLWe,KRMIM2469797
496,"Terminus","Gist",62,6B,40,2024-10-18,02:16,17,"k-rap","Gist The Artist",2024-10-18,60,70,0,70,0,20,-8,A#/B♭ Major,4,6wSDVPcoSLPgfdFKK9r5X4,KRMIM2469803
497,"GJMCR (Feat. SFC.JGR)","seoseo,SFC.JGR",130,4B,39,2024-10-23,03:46,0,"","GJMCR",2024-09-16,68,73,0,10,0,30,-8,G#/A♭ Major,4,7q971ZsjLWiMNQ8Raci77i,KRMIM2457154
498,"If you heard this song by chance","Kaution",89,1B,44,2024-10-27,02:58,16,"k-ballad","If you heard this song by chance",2024-09-19,54,74,0,71,0,30,-5,B Major,4,1lMGSJpD88W1RT7ASCWHdR,KRMIM2462076
499,"Is It Fine? (Feat. Cha Woo Joo, Joob A)","yowoon,Cha Woo Joo,Joob A",69,3B,43,2024-10-27,03:00,7,"k-rap, k-ballad","Is It Fine? (Feat. Cha Woo Joo, Joob A)",2024-09-23,35,56,0,71,0,0,-6,C♯/D♭ Major,4,0ha7YfBJddjubCa4y9xoug,KRB472402019
500,"LOVE OF MY LIFE","Cha Woo Joo",180,7B,58,2024-11-09,03:04,13,"k-rap","LOVE OF MY LIFE",2024-11-09,22,20,0,32,0,10,-6,F Major,3,5BbGmPkxTB60Ojn7Diu4pY,KSA002402416
501,"Bad Luv (feat. DAVII, SOLE)","JOPH,DAVII,SOLE",80,11B,49,2024-11-11,03:41,0,"k-rap","Bad Luv (feat. DAVII, SOLE)",2020-12-26,56,77,0,36,0,30,-6,A Major,4,5ywoN2wabScytncynEq3bR,KRB472001785
502,"FADE OUT (feat. SHIRT)","Chan,Shirt",94,10A,62,2024-11-12,03:19,34,"","After the film",2021-10-20,59,33,0,69,0,10,-7,B Minor,4,70t4LJePu4o0oUsl6nVG6s,KRA252101953
503,"Still In Love (feat. KURO)","Sumsher,KURO",136,3B,71,2024-11-13,03:52,30,"k-rap","Still In Love (feat. KURO)",2022-09-21,69,52,0,17,0,10,-3,C♯/D♭ Major,4,4FOpy7T3njzorh9vBk18Tb,KRMIM2267030
504,"Lovely Day","Hoody,Jason Lee",106,5A,71,2024-11-14,03:03,18,"k-rap, ","The Star",2024-11-13,65,37,0,73,0,10,-6,C Minor,4,7xrh3ovbq1Ip8sMr7wZMiy,KRMIM2474018
505,"SAND CASTLE","LEON",80,1B,67,2024-11-18,03:23,26,"k-rap","SAND CASTLE",2024-11-18,63,38,0,44,10,30,-4,B Major,4,74m760ycdIg9xSa9zU0ECK,KRF632407324
506,"Skrr (feat. GISELLE)","HAON,GISELLE",116,3B,32,2024-11-20,03:39,62,"k-rap, k-pop, noise music","Skrr (feat. GISELLE)",2024-11-20,92,61,0,51,0,0,-8,C♯/D♭ Major,3,21IVUjbu1ms4ZISGt74NCy,KRA252403082
507,"B Like U (prod. Wondrah)","Jiselle",120,9B,62,2024-11-20,03:30,17,"k-rap","B Like U (prod. Wondrah)",2023-10-31,66,21,0,39,0,10,-6,G Major,4,2XtqeXDvWoy903hSY68z8e,KRB462301071
508,"ANIYA","Jiselle",78,12A,81,2024-11-20,02:56,20,"k-rap","ANIYA",2024-07-02,54,2,0,33,0,20,-3,C♯/D♭ Minor,4,4Q0UhYltYUyj2hhnAXaL1k,KRA252402047
509,"Night","dori",92,6B,68,2024-11-21,03:07,53,"k-ballad","Night",2023-08-17,70,17,0,40,0,10,-4,A#/B♭ Major,4,07nkXuHBzlwBQbQuij1Oi7,KSA002302295
510,"Lovely","Brick",172,12A,74,2024-11-22,02:39,3,"k-rap","Lovely",2024-11-22,47,47,0,74,20,20,-4,C♯/D♭ Minor,4,1nsKmhCraP6rylGioYgWKG,KSB012327615
511,"Because","Kid Wine",72,12B,39,2024-11-23,02:48,31,"k-ballad, k-rap","Because",2024-11-23,51,54,0,58,0,10,-6,E Major,4,3dr0TC66eD0Ehd6r7zldfA,KSA002402916
512,"Promise","JUNNY",81,9A,56,2024-11-23,02:55,41,"k-rap","Promise",2023-12-16,44,27,0,56,0,10,-8,E Minor,3,79cmYpry5DEPtK4KbmAUqj,KRA382322502
513,"Our Memories","Aden,Sioru",80,12B,60,2024-11-25,03:17,45,"k-ballad","Our Memories",2021-08-26,65,61,0,51,0,10,-5,E Major,4,3IJ6z1n70UH0H89JleFRKW,KRA252101525
514,"Wish (feat. IFCHAN, Mirae & RYUKIE)","KozyPop,IFCHAN,미래,RYUKIE",84,10B,53,2024-11-28,02:54,2,"k-rap","SEOULVIBES, PREET",2024-11-28,64,64,0,80,0,20,-5,D Major,4,7zp2NcJJ7jvwrp1mqEH58Q,KRMIM2476451
515,"Mine (feat. Dept, Chawoo & Choyoung)","SOUND PALETTE,Dept,Chawoo,Choyoung",79,8B,53,2024-12-01,02:56,12,"k-rap, ","WINTER COLOR 2020",2020-12-02,56,13,0,35,10,20,-7,C Major,4,1QRghjJOQL2CMBptand7fR,KRA252001706
516,"I Remember (feat. amin)","SOUND PALETTE,amin",73,10B,53,2024-12-01,02:49,1,"k-rap, ","WINTER COLOR 2020",2020-12-02,53,52,0,46,10,10,-7,D Major,4,01T18Zb01B4JVQfliSjkAJ,KRA252001714
517,"Love of My Life","MELOH",75,2B,54,2024-12-02,03:01,37,"k-rap","Heart Full of Empty Love",2020-06-15,52,53,0,36,0,20,-8,F#/G♭ Major,4,7kjOgSX06thEls4nAIc9Wd,KRMIM2014643
518,"Careless I Love You","Paul Blanco",86,4B,67,2024-12-04,02:20,31,"k-rap","Careless I Love You (Secret Relationships X Paul Blanco)",2024-12-03,53,38,0,83,0,10,-5,G#/A♭ Major,4,4EnlWcJi1HfjeINcs5X6XT,KRA382406616
519,"Time without you","Jae Woo AN,if.iwere",174,10B,66,2024-12-07,03:25,39,"k-ballad, ","Time without you",2022-01-25,61,41,0,49,0,10,-6,D Major,4,6x43sjowcwWbvccYgXnTUB,KRMIM2201826
520,"ADVG (Feat. Sunny Shin)","HAAN,SHIRT,Sunny Shin",85,10A,71,2024-12-07,02:57,34,"","ADVENTURE GAME",2022-07-31,44,20,0,69,20,40,-6,B Minor,4,17iF8I6QolYXGgvLWK741m,KSA002201452
521,"12:45 (Our Secret Diary X Kim Seungmin, Cosmic Boy)","Kim Seungmin,Cosmic Boy",86,3B,56,2024-12-07,03:00,31,"k-rap, k-ballad, ","12:45 (Our Secret Diary X Kim Seungmin, Cosmic Boy)",2023-10-21,49,60,0,43,0,20,-5,C♯/D♭ Major,4,6ouTnX0kt4EiXtiDlPXBjn,KRA382321334
522,"Twilight (Feat. BELLE of KISS OF LIFE, BIG Naughty)","dress,BELLE,BIG Naughty",90,3A,62,2024-12-07,03:26,22,"k-rap, k-ballad","CMYK",2024-12-06,75,36,0,50,0,10,-6,A#/B♭ Minor,4,4D8SDV1JOWWiTqVCOvKPWt,KRA382406683
523,"4 Seasons","MELOH,VVON",84,8B,62,2024-12-07,02:31,36,"k-rap, ","4 Seasons",2024-12-05,67,35,0,76,20,10,-6,C Major,4,0pO83HwPbv1XVUt6t02M9X,KRMIM2479179
524,"From. heaven","Grizzly",146,12B,38,2024-12-12,03:42,3,"k-ballad, k-rap","SO WHAT!",2024-12-11,42,53,0,6,0,10,-7,E Major,3,3vF6llPCMVG6arwd73y2kU,KRA382406750
525,"Dancing With The Night","Jimmy Brown",134,10A,69,2024-12-12,03:26,0,"","Le Alien Petit Prince : Jimmy Brown",2024-12-12,81,44,0,54,0,0,-5,B Minor,4,1ihvLfeQF7pjgp4BLnMn6w,KRF502401355
526,"Blue","Gemini",157,11B,60,2024-12-13,02:50,35,"k-rap","In too deep",2024-09-25,48,63,0,48,0,10,-8,A Major,3,4gFODXNL9CRDLqLAZrUesX,KRMIM2465155
527,"Lock In (Feat. Destiny Rogers)","Gemini,Destiny Rogers",122,11B,61,2024-12-17,02:30,35,"k-rap, ","In too deep",2024-09-25,79,43,0,37,0,10,-6,A Major,4,0dJHCQSCmiP6yuqePbrq84,KRMIM2465152
528,"Broken Love","Gemini",90,6A,54,2024-12-17,02:53,51,"k-rap","Going",2020-11-01,71,41,0,64,10,0,-4,G Minor,4,6GehOJs060WzAi78QArj7p,KRMIM2029662
529,"Know me","Gemini",95,4A,63,2024-12-17,03:34,55,"k-rap","Know me",2021-02-06,77,13,0,68,0,10,-6,F Minor,4,5bvVA6idKl1R38C5G4tuxC,KRMIM2103909
530,"a place we used to go","Gemini",105,10B,38,2024-12-17,01:44,36,"k-rap","Still Blue",2022-12-13,70,88,22,52,0,10,-9,D Major,4,70JiACp8TUU0l1EEYw43GU,KRNAR2233925
531,"with you (Feat. Soo-Yeony)","Joob A,Soo Yeony",82,7B,47,2024-12-19,03:52,34,"k-ballad, ","with you (Feat. Soo-Yeony)",2024-12-15,66,83,0,38,0,10,-8,F Major,3,1Nb5iqjoeAG9TpCS6SbSB1,KRB472403527
532,"we′re not right (Feat. Soo-Yeony)","Joob A,Soo Yeony",105,4B,51,2024-12-19,03:02,13,"k-ballad, ","with you (Feat. Soo-Yeony)",2024-12-15,66,86,0,42,0,10,-9,G#/A♭ Major,3,0wNlZCcXXPrWRXtbhCpcLp,KRB472403526
533,"diving (Feat. ma1ro)","seoseo,ma1ro",90,5B,65,2024-12-20,02:45,0,"","blimd",2024-06-28,73,25,0,69,0,0,-7,D#/E♭ Major,4,5Q3QkjK0MJ9V4fZpCzFMul,KRMIM2440011
534,"Each other (feat. seoseo)","Kinn,seoseo",169,3B,49,2024-12-20,02:47,21,"","Each other (feat. seoseo)",2024-12-15,45,88,0,44,0,10,-6,C♯/D♭ Major,4,390MIhZ5w2Zc6bro0nvk0R,KRMIM2477928
535,"more and more (Feat. Sonny Zero)","Royal 44,Sonny Zero",140,1B,47,2024-12-26,04:15,18,"k-rap, ","more and more (Feat. Sonny Zero)",2024-12-26,57,20,0,23,0,10,-8,B Major,3,4c61F0ugDXuA6UAtFqEqTy,KRB472403788
536,"Broken ! (Feat. Gist, Hollow Young)","GRIO,Gist,Hollow Young",93,11A,54,2024-12-26,02:50,18,"k-rap, ","Broken ! (Feat. Gist, Hollow Young)",2024-12-26,62,51,0,71,0,10,-6,F#/G♭ Minor,4,0haLCjhM3wa7xH75qOnrkq,KRB472403806
537,"xan","LIPNINE",93,5B,37,2024-12-27,02:46,2,"k-rap","xan",2024-12-27,67,84,0,33,0,10,-11,D#/E♭ Major,4,2T5aKu3m2SM6egjE0I8p8W,KRF632408177
538,"Favorite Drug","NIve",134,11B,41,2024-12-30,02:38,17,"","Fine365",2024-10-20,86,71,0,90,0,10,-9,A Major,4,2LRR2mBXYVACbuqvKLVBhA,KRMIM2467792
539,"Inspiration","oceanfromtheblue",122,1B,58,2024-12-30,02:49,21,"k-rap","Painting",2024-11-28,65,42,0,39,10,10,-7,B Major,4,53uf9zkSH3kUpfLR8zN4OQ,ZZA0P2411108
540,"slowly, gradually (Feat. siso)","HYUN SEO,siso",176,12B,39,2024-12-30,02:42,34,"k-ballad","slowly, gradually (Feat. siso)",2024-03-20,53,90,0,74,10,20,-7,E Major,4,3VZGTZ3PIqIKNzhl6ZVlMt,KSA002400646
541,"Ensemble","HAAN,h3hyeon,Q the trumpet",184,4A,39,2024-12-31,02:06,20,"k-rap, ","H 3 H",2024-12-30,53,79,0,54,0,10,-8,F Minor,3,1jr45McyiVjC7OAP9QJQg6,KSA002403310
542,"Crocheted Moonshine","KIMMUSEUM",148,2B,55,2024-12-31,04:21,17,"","Crocheted Moonshine",2024-12-31,30,50,0,23,0,0,-9,F#/G♭ Major,4,6PFmHE9xUVdrJsa6NNrjlP,ZZA0P2412849
543,"New love","Rheehab,RIPLEY",103,9B,30,2025-01-05,02:42,5,"k-rap, ","New love",2025-01-04,82,66,0,86,0,0,-7,G Major,4,16xoCPk9vii5PDh3FHCtTj,KSA002403319
544,"Life Is A Movie (Feat. Jung Zi So)","pH-1,Jung Zi So",92,7B,58,2025-01-06,03:10,48,"k-rap, k-ballad","HANDS",2024-12-23,77,67,0,46,10,10,-6,F Major,4,7BOY8ltVPRVYnUNARDfobY,KRF152400009
545,"Indecisive Me","JONGHAN",176,8B,46,2025-01-06,03:31,29,"","Indecisive Me",2021-11-21,63,51,0,68,20,10,-7,C Major,4,5uo4WOOlNc4u23t4038vvz,KRA252102181
546,"Oh, really","Gist,BünyTune",100,7A,50,2025-01-13,02:35,21,"k-rap, ","BünyTune ep.1 [Oh, really]",2025-01-12,63,54,0,65,0,20,-6,D Minor,4,7k9n9uswHNxkDyCyurpfjE,KRMIM2480403
547,"Homeless","1DAY",90,12A,59,2025-01-15,02:53,3,"k-rap","Homeless",2025-01-14,80,18,0,86,0,20,-5,C♯/D♭ Minor,4,5OzJ6CKBRL1THwRdbzlVV5,KSA002500042
548,"WHY? (feat. AISH)","YECHAN,AISH",140,8B,46,2025-01-15,02:26,55,"k-ballad, p-pop","WHY?",2024-02-29,69,60,0,66,10,30,-7,C Major,4,3vMbLaILLjqUwggU7hUPtr,KSA012296307
549,"사랑이 죄야?","JUNE,10CM,B.I",82,6B,49,2025-01-15,03:23,44,"k-ballad, soundtrack, k-pop, k-rap","Seasons of Love 0.1",2024-08-28,65,72,0,62,0,10,-7,A#/B♭ Major,4,6aCVF5N988EPzYCsVQfkPy,KRMIM2455443
550,"Alone Again","KIXO",80,1B,48,2025-01-15,03:07,0,"","Alone Again",2024-01-13,42,95,85,26,0,20,-10,B Major,4,6UJoq1oxWaioTRwAs9kdHG,KRA252400070
551,"my yellow tulip","KURO",144,1B,58,2025-01-16,03:10,14,"k-rap","my yellow tulip",2025-01-16,77,66,0,79,0,10,-9,B Major,4,0nItj8TCngdymmfUiPAzZm,KRNAR2400151
552,"Like a Dream - 2025 Remastered Version","HD BL4CK,Mingginyu,TRADE L,Touch the Sky",85,1B,58,2025-01-21,03:03,12,"k-rap, k-ballad","2025",2025-01-20,75,23,0,46,0,10,-7,B Major,4,1p5XisUGBocmdCc9wr7if8,KRMIM2428920
553,"Snowfall (Feat. Coogie)","KWON EUNBI,Coogie",84,6A,52,2025-01-23,02:29,29,"k-pop, k-rap","Snowfall",2025-01-07,72,49,0,33,0,10,-5,G Minor,4,18ewGSc5gtXW9WbARDalca,KRA382407209
554,"fuxxin' love (2019)","OoOo",123,2A,60,2025-01-24,03:08,38,"","fuxxin' love",2021-03-31,64,68,0,39,0,10,-6,D#/E♭ Minor,4,0TwOXBFrrS15wz6gflHZoJ,KRB472100491
555,"Slow","soowoo",90,7B,64,2025-01-24,03:04,37,"","Slow",2023-01-23,62,40,0,59,0,20,-5,F Major,4,4O6Iw6DzAhLoTOY2WnpIbA,KSA002300141
556,"Just Kidding (Prod. by Zion.T)","GIRIBOY",132,9B,40,2025-02-02,03:50,35,"k-rap","Just Kidding",2020-04-29,64,74,0,17,0,10,-8,G Major,4,3SiTPm2IOaCz1cWFv6LSjn,KRA492000543
557,"Grown Child (Feat. BIG Naughty)","Cosmic Boy,BIG Naughty",132,11B,46,2025-02-02,02:58,38,"k-rap, k-ballad","Can I Not ?",2023-03-15,64,82,0,41,0,20,-6,A Major,4,0iFHvtq09QSvKF6btusqcD,KSA002300516
558,"free flight","Dvwn",94,9B,24,2025-02-04,03:35,41,"","free flight",2021-01-12,59,68,0,31,0,10,-10,G Major,3,5PA5W2I5aXeYPpnW4JJP97,KRA252100012
559,"Somebody To Love","Skinny Brown",150,3B,42,2025-02-05,02:43,14,"k-rap","Somebody To Love",2025-02-02,71,73,0,16,30,30,-9,C♯/D♭ Major,4,1kBPXcKo8NZx6chyQm9YL8,KRMIM2504204
560,"I think of you","Joob A",76,8B,55,2025-02-05,03:39,25,"k-ballad","I think of you",2025-02-01,66,57,0,51,0,80,-8,C Major,4,3TECcFXXK07GbVCoX3UYDl,KSA002500114
561,"How are you (feat. Jayan)","미래,Jayan",86,10A,59,2025-02-11,02:38,5,"k-rap","Stay Calm",2025-02-11,78,81,0,47,0,10,-6,B Minor,4,4z7jVqjAWZRwcTcINrZ1fP,KRMIM2504826
562,"Like We Turn the pages (Remaster)","homezone",185,9A,47,2025-02-12,03:12,37,"","hom'ea'ge",2022-11-12,33,64,0,57,0,30,-6,E Minor,3,4W7MrbhSg8o2v5lBz0wLBV,KRB472202127
563,"LOVE STORY (Feat. Gist)","JAEHA,Gist",100,12B,80,2025-02-18,03:47,31,"k-rap","LOVE STORY (Feat. Gist)",2025-02-17,76,10,0,91,0,30,-5,E Major,4,1l8KpmqEgnMvUcWNXofIMD,KRMIM2508263
564,"When you alone","Woody",181,7A,72,2025-02-19,03:00,39,"k-ballad","When You Alone",2024-04-07,45,2,0,37,0,10,-3,D Minor,4,3p6aAa50gOAzb6QAOuYNb2,KRA382402028
565,"Sandbag","JONGHAN",85,7B,48,2025-02-19,03:21,33,"","Sandbag",2021-09-16,65,33,0,60,0,0,-7,F Major,4,7hIL0YPsooRd2wpByxJMKN,KRA252101700
566,"Between AMPM","KIMMUSEUM,COBALT BRUME",82,3B,50,2025-02-19,03:09,4,"","Between AMPM",2019-06-19,57,65,0,48,0,10,-8,C♯/D♭ Major,4,0cCkeFR3NjXY5u0mPvtRKs,KRB921725343
567,"8:08","SFC.JGR",148,9B,62,2025-02-19,04:12,37,"","8:08",2020-04-22,72,43,0,83,0,10,-7,G Major,4,6KZBahzRS4OZ11vcQM0Y8m,KRMIM2009673
568,"Goodnight (Feat. Kwon Jin Ah)","Dvwn,Kwon Jin Ah",126,12B,41,2025-02-19,03:39,38,"k-ballad","it's not your fault",2021-04-14,62,12,0,39,0,0,-7,E Major,3,4hIlzSr98Z3qX1OpfGFf2v,KRA252100437
569,"boy","offonoff",132,6A,39,2025-02-19,03:53,46,"k-rap","boy.",2017-07-24,73,69,0,13,0,10,-8,G Minor,4,77bGNpC1hZH3JSZQhR1vxn,KRA401700215
570,"favorite things (Feat. shirt, Chan)","HAAN,SHIRT,Chan",81,10B,50,2025-02-20,03:42,0,"","standard of happiness",2021-05-26,54,56,0,67,10,0,-7,D Major,4,62ytTS93kcgibthI3aG0Pr,KRMIM2121102
571,"I never want to see you again (feat. Joyfact)","Kinn,YECHAN",85,4A,70,2025-02-26,03:03,22,"k-ballad","I never want to see you again (feat. Joyfact)",2024-07-03,66,50,0,60,0,10,-6,F Minor,4,7bwHEvN9ZowfGoXN1XD4ej,KRMIM2445671
572,"summer night (feat. seoseo)","YECHAN,seoseo",86,6B,34,2025-02-26,03:00,16,"k-ballad, ","Youth",2024-08-10,54,77,0,27,0,10,-9,A#/B♭ Major,4,4ES9bTe1qjc0TgXhh4n7Bx,KSA002401833
573,"On my own","WOODZ",145,4B,72,2025-03-01,03:10,35,"k-rock, k-pop","WOOPS!",2020-11-17,69,25,0,77,0,0,-5,G#/A♭ Major,4,6Pi47Vf9Y4NocSv8U184n0,KRMIM2031441
574,"Multiply","WOODZ",73,7B,77,2025-03-06,03:02,46,"k-rock, k-pop","ONLY LOVERS LEFT",2021-10-05,50,2,0,71,30,20,-6,F Major,4,59kfMcUIck0QQaMLsFZK6g,KRMIM2140364
575,"Delusion","Jae Woo AN",81,4B,60,2025-03-07,02:55,39,"k-ballad","Not Yours Anymore",2025-03-01,73,85,0,33,0,10,-5,G#/A♭ Major,4,4rMsPKTPhH7KFO4X3LeyrA,KRB472500775
576,"little bit (Feat. DeVita)","CODE KUNST,DeVita",154,3A,60,2025-03-07,04:38,32,"k-rap","Remember Archive",2023-03-16,53,65,0,46,0,10,-4,A#/B♭ Minor,4,1TRBiXLC6JqD0f7Nb5MFVo,KRC712300013
577,"Raise y_our glass","HUH YUNJIN",73,4B,50,2025-03-07,03:32,53,"k-pop","Raise y_our glass",2022-08-09,57,58,0,18,10,30,-6,G#/A♭ Major,4,7j1vFohEm1lbsctYY9gyGd,USA2P2230251
578,"Promise Me","ASH ISLAND",80,5B,63,2025-03-12,02:51,34,"k-rap","Voice Memo",2025-03-12,65,29,0,56,0,10,-5,D#/E♭ Major,4,0mMVbDpTs3Jc016p8haPQb,KRA382501903
579,"Slow wave","soowoo,Sonny Zero",91,12B,47,2025-03-19,02:38,32,"","Slow wave",2025-03-17,72,66,0,78,0,0,-5,E Major,4,0lyxjX6gsY2ADwwL0D7zk4,KSA002500464
580,"아 진짜 미치겠네","Chawoo",94,3B,41,2025-03-20,03:35,23,"","PIN PROJECT X CHAWOO",2025-03-19,78,79,0,55,0,0,-7,C♯/D♭ Major,4,2cWeNI3z7k5XQHfBnb91Zn,KSB012335445
581,"The Star","dori",137,8B,31,2025-03-24,03:36,47,"k-ballad","Cinema Pt. 1",2023-03-30,49,82,0,36,0,10,-8,C Major,3,2kQYhmWUdWzNmijnkHQVZl,KSA002300586
582,"Last flower (Feat. h3hyeon)","SINJUN,h3hyeon",116,3B,49,2025-03-28,02:59,6,"k-rap","Last flower (Feat. h3hyeon)",2025-03-06,64,25,0,45,0,30,-6,C♯/D♭ Major,4,3AhArzCRAou85zoaHtl01R,KRMIM2509888
583,"This Is where it ends","Hollow Young,LIPNINE",146,3B,64,2025-03-28,03:07,26,"k-rap","This is where it ends",2025-03-21,74,41,0,87,0,0,-6,C♯/D♭ Major,4,66bOQzr02WqAejUdc3QOgX,KRF632501112
584,"2","LEON",147,5A,60,2025-03-30,02:42,11,"k-rap","MATILDA",2022-04-06,74,36,0,74,10,30,-6,C Minor,4,4E2DYW4kfLW2GhDD3q0Rjh,KSA012152363
585,"너와 함께라면 (With You) (Feat. Vahn, ilipp)","Wavycake,Vahn,E.ul",90,8B,74,2025-03-30,03:41,13,"k-ballad","너와 함께라면 (With You)",2024-01-29,60,21,0,37,0,10,-6,C Major,4,3HsXb5j17myslAHsyLWylm,QM4TW2440713
586,"half asleep sky (feat. E.ul)","Sumsher,E.ul",88,4B,56,2025-03-30,02:36,35,"k-ballad","half asleep sky (feat. E.ul)",2024-07-23,58,53,0,59,0,10,-5,G#/A♭ Major,4,6uoXelGm5nD9CZC99l8TIH,KRMIM2450468
587,"What's On Your Mind? (Feat. UNE)","HAAN,SHIRT,으네 (UNE)",105,4A,53,2025-03-30,02:36,32,"","What's On Your Mind? (Feat. UNE)",2024-05-08,73,27,0,56,0,10,-9,F Minor,4,5COkVzFpPDKxpVxAClg7WE,KSA002401067
588,"Love Me Again","V",74,5A,61,2025-04-10,03:02,75,"k-pop","Layover",2023-08-11,63,18,0,36,0,10,-6,C Minor,4,2N0SPREDYqILVEFSsWF5N5,USA2P2339030
589,"Wait On You","YECHAN,Park Seung gon",132,3B,47,2025-04-14,03:43,14,"k-ballad, ","Wait On You",2023-03-16,63,46,0,25,0,0,-5,C♯/D♭ Major,3,2aX4J9fjqlj8tmmyZl6CTA,KSA012240345
590,"love talk","KODI GREEN,Kaution",83,4B,49,2025-04-16,03:32,0,"k-ballad","love talk",2020-09-30,51,61,0,36,10,10,-6,G#/A♭ Major,4,3oBPtBO6H77qh5ITUUtrdW,KRMIM2025780
591,"어디까지 간 거야","Chan,BAN ESTIN",92,12B,66,2025-04-16,02:40,35,"","어디까지 간 거야",2023-11-06,66,40,0,50,0,10,-5,E Major,4,3Te8FmS9VTd0QHnfZ9lDJq,QMFMF2312127
592,"Bless You (Feat. Sam Kim, WOODZ, pH-1)","Primary,Sam Kim,WOODZ,pH-1",90,11B,71,2025-04-16,04:06,44,"k-rap, k-ballad, k-pop, k-rock","Bless You",2020-11-04,67,1,0,42,0,0,-4,A Major,4,3LPZSBfq7QHOeqNLP23rb6,QZF452001982
593,"What i can't forget is","PEKKI",103,4A,44,2025-04-16,02:50,9,"","What i can't forget is",2023-05-01,69,53,0,56,0,30,-8,F Minor,4,1LRGV6MpzodcHHw6CTIcLR,KRMIM2304382
594,"Deep End (feat. JUNNY, VEAN)","Wavycake,JUNNY,VEAN",60,8A,65,2025-04-16,04:39,17,"k-rap, ","A boy in love",2020-04-15,60,46,0,39,0,10,-5,A Minor,4,6650VVsRZg47uXdTA07Y7K,KRB472000110
595,"이른 겨울(Feat. Gist, 기원(Giwon))","HAAN,Gist,기원 (Giwon)",116,10B,48,2025-04-16,02:52,20,"k-rap, ","이른 겨울",2022-12-14,54,7,0,38,0,10,-7,D Major,3,0lRyIfhsqlRYULXPBL848R,KSA002202453
596,"Story of my friend (feat. Skinny Brown)","Grizzly,Skinny Brown",82,8B,57,2025-04-16,03:40,33,"k-ballad, k-rap","Story of my friend (feat. Skinny Brown)",2023-06-01,70,12,0,62,0,0,-4,C Major,4,7eDvrtFJwLFfVWt63reYJZ,KRMIM2359192
597,"Same Season (feat. YOUHA)","COLL!N,YOUHA",176,8B,70,2025-04-16,03:10,1,"","Same Season",2024-02-09,64,45,0,51,30,30,-5,C Major,4,3xfgxcSuUK9RstPsn14r4d,KSA002400228
598,"첫만남처럼","Cha Woo Joo,GYU HYUK",200,6B,76,2025-04-16,02:42,19,"k-rap","Bloom #1",2023-08-21,53,25,0,91,0,10,-5,A#/B♭ Major,4,6QA1ZR5h4QQmr3FzmfGwv6,QMDA62377178
599,"today of all days","YECHAN,maji",188,9B,46,2025-04-19,02:56,37,"k-ballad, ","today of all days (Feat. maji)",2025-04-18,54,24,0,57,10,20,-5,G Major,5,7kdSwPT6ekFch9uSr2Bhj2,KRF632502095
600,"Promise (Feat. Hollow Young)","LIPNINE,Hollow Young",176,5A,56,2025-04-19,03:00,12,"k-rap, ","Promise",2025-04-19,60,28,0,83,20,20,-8,C Minor,4,2DsTfabHEIsaQTBqFsAxrD,KRF632502102
601,"Gold Chain (feat. YANGHONGWON)","HAON,YANGHONGWON",120,3B,34,2025-04-21,02:58,33,"k-rap","Gold Chain",2025-04-18,66,75,0,68,0,10,-9,C♯/D♭ Major,4,112YssgzPBToSuq09E5xnC,KRA252500854
602,"It Is What It Is","HAON",93,5A,58,2025-04-21,03:05,29,"k-rap","Gold Chain",2025-04-18,67,55,0,53,0,30,-6,C Minor,4,2RYYJZluWpQIa2Kct9TA0D,KRA252500856
603,"What I want to say","meenoi",125,4B,41,2025-04-21,03:05,26,"k-rap","[ MAL ]",2025-04-16,91,49,3,94,0,10,-7,G#/A♭ Major,4,1228Lo3MdhN679xaHiQrYa,KSA002500639
604,"Fell for you","meenoi",140,10B,58,2025-04-21,03:00,25,"k-rap","[ MAL ]",2025-04-16,74,1,0,73,20,0,-6,D Major,4,2Rishwj9zPp6YwkwLk9qym,KSA002500638
605,"9 to 2","meenoi",104,4A,73,2025-04-21,02:27,36,"k-rap","[ MAL ]",2025-04-16,79,23,0,93,0,10,-6,F Minor,4,3gaPXXidirpc2DbqMCf3CS,KSA002500636
606,"인연이 아니었나 봐","Jayci yucca",102,6B,58,2025-04-23,03:36,13,"k-rap, k-ballad","인연이 아니었나 봐",2025-04-23,64,12,0,56,0,0,-5,A#/B♭ Major,4,0kcsiEiliGnLXwL194BcJ3,KSA002500751
607,"Dancing In The Rain","Rad Museum",85,6A,37,2025-04-24,03:23,0,"k-rap","Scene",2017-10-26,46,56,0,28,0,10,-10,G Minor,4,1ouGYz9Qvou12hFOwYOV66,KRNAR1707815
608,"OUR LOVE","Halsoon,104",78,4B,66,2025-04-25,02:59,0,"k-ballad","OUR LOVE",2022-06-25,65,44,0,64,0,30,-5,G#/A♭ Major,4,6WzG5XMZcRIMk9GtO1RwqX,QM6N22250317
609,"Burn (feat. HWI YOUNG)","4BOUT,Hemo,HWI YOUNG",140,6B,43,2025-04-25,03:57,13,"","OMNIBUS",2022-10-31,69,78,0,32,0,20,-7,A#/B♭ Major,4,5SZddOTCQLZKeOJoH0wK46,KRMIM2258647
610,"Black Star (Feat. Gist, Sungdam)","SEIN,Gist,SUNG DAM",119,5B,19,2025-04-25,03:00,4,"k-rap, ","That's so us",2022-12-28,64,89,0,33,0,10,-11,D#/E♭ Major,3,5WTQ33szKjMTZ4FqFmNKkL,KRNAR2235739
611,"So Far So Good (feat. TRADE L, JAEHA & Mirani)","Yuwol,TRADE L,JAEHA,MIRANI",85,10B,57,2025-04-25,02:54,7,"k-rap","Yuwol",2022-10-13,68,57,0,37,0,40,-6,D Major,4,5d3rQVvcXkwYPRut655ANV,KSA012200545
612,"Sunset (feat. PARK HYEON JIN)","JUNGSOOMIN,PARK HYEON JIN",89,5A,65,2025-04-25,03:10,29,"k-rap","Phasis,",2023-10-10,70,31,0,61,0,30,-6,C Minor,4,2rxJTpZqRULHBiuNTbqDaE,KRA382320793
613,"I want you (Feat. Ourealgoat)","Chawoo,Ourealgoat",93,1B,52,2025-04-29,02:37,10,"k-rap","I want you",2024-05-26,84,41,0,92,0,20,-5,B Major,4,55NxT8UjDMI6KmQCtCSIr8,KSA002401130
614,"Come Back To Me","Grizzly",132,6B,58,2025-04-29,03:46,39,"k-ballad, k-rap","Come Back To Me",2023-11-29,68,75,0,50,0,10,-5,A#/B♭ Major,4,5z3Us9Kvi7n3ic6ANbnioq,KSA012284690
615,"Still, With You","THAMA",164,5B,53,2025-04-29,03:42,18,"k-rap","HIGH KOLOR 01",2025-04-29,52,74,7,56,0,0,-9,D#/E♭ Major,4,6ltXjvZYEwZ6K26vLEKgfY,KRA382502699
616,"Firework (feat. HEUN)","KozyPop,HEUN",140,12A,71,2025-04-30,02:31,15,"k-rap, ","SEOULVIBES, OOTD",2023-05-16,66,25,0,46,0,10,-4,C♯/D♭ Minor,4,7ogYUtxkCLHJuyWpa8uJQ8,KRMIM2351957
617,"You Might (Feat. SHIRT)","g0nny,SHIRT",101,4B,44,2025-05-02,03:07,51,"","You Might (Feat. SHIRT)",2023-09-05,78,57,0,70,0,10,-8,G#/A♭ Major,4,340yvMO5adu3bo1x5Zrw14,KRD112300019
618,"Scent","oceanfromtheblue",53,12A,45,2025-05-02,02:08,30,"k-rap","oceanfromtheblue",2023-02-02,63,57,0,39,0,10,-4,C♯/D♭ Minor,4,536h96UXYAosvJVTxA1fkK,KRA252202247
619,"Wings","Cosmic Boy,slchld,Seori",85,4B,59,2025-05-02,03:06,35,"","Wings",2024-12-12,54,52,0,70,0,20,-6,G#/A♭ Major,4,5w3knJ0bVSbN62DBOyFfkY,KSA002403164
620,"WITHOUT ME","h3hyeon",90,12B,52,2025-05-02,02:53,32,"k-rap","HESITATING",2024-03-16,74,39,0,52,0,30,-8,E Major,4,0w9YTapeo8WSqMnUFRM6fO,KRMIM2424892
621,"YESMAN (feat. Roh Yun Ha)","h3hyeon,Roh Yun Ha",89,10A,54,2025-05-03,03:09,35,"k-rap","HESITATING",2024-03-16,80,27,0,69,0,20,-6,B Minor,4,31Mq4iNnukk3wngb6ePLgD,KRMIM2424891
622,"Wait A Minute ! (Feat. 황세현(h3hyeon))","HAAN,Chan,h3hyeon",120,5A,53,2025-05-03,03:14,35,"k-rap","Wait A Minute !",2023-08-29,81,15,0,95,0,20,-7,C Minor,4,30kEjqFheQPomQcf2kZM7H,KSA002302356
623,"Lens (Feat. jerd)","Gist,jerd",79,4A,57,2025-05-03,03:09,16,"k-rap","Lens (Feat. jerd)",2022-02-19,38,3,0,45,10,10,-8,F Minor,4,1Av0TO3xaOCXeFLeZvkReq,KRMIM2205902
624,"Love me? (Feat. Gist, Suen)","GRIO,Gist,Suen",80,6B,47,2025-05-04,02:54,23,"k-rap","K-HIPHOP",2025-05-04,61,81,0,67,10,50,-9,A#/B♭ Major,4,790nZPwJgxY1XIXwz74ptV,KRB472501341
625,"Easy... (Feat. Hollow Young)","GRIO,Hollow Young",114,11B,56,2025-05-04,02:36,19,"k-rap, ","K-HIPHOP",2025-05-04,69,11,0,73,0,20,-7,A Major,4,7mEpBvTrIrFbNSIkcROtOH,KRB472501343
626,"Star (feat. GIST)","GRIO,Gist",94,12B,48,2025-05-05,03:32,22,"k-rap","WONDER",2021-05-25,58,67,0,79,0,50,-8,E Major,4,3N28jKL0QWyHu9qW0lY7i9,KRMIM2121041
627,"제발 눈물 흘리지 마라","Jayci yucca",130,9B,48,2025-05-05,02:30,5,"k-rap, k-ballad","제발 눈물 흘리지 마라",2025-05-05,83,9,0,54,0,10,-6,G Major,4,3xQLwdunkb1MyK2RxNcqr4,KSA002500820
628,"Love, Left Behind (Art. SHIN SOOJUNG)","Anonymous Artists (어나니머스 아티스트),Shin Soojung",127,3B,38,2025-05-07,03:43,3,"","Love, Left Behind (Art. SHIN SOOJUNG)",2025-05-02,66,84,0,16,0,10,-6,C♯/D♭ Major,4,1vvwKtB2kh09d37hr2XRcn,ZZA0P2516779
629,"Such A Mess (feat. Chan & CHOILB)","LOTI,CHOILB,Chan",83,2B,67,2025-05-07,03:16,13,"k-rap, ","Such A Mess (feat. Chan & CHOILB)",2025-04-19,42,51,0,30,0,0,-6,F#/G♭ Major,4,1NHjOyJbUhtXJd7KmUdPOo,KRMIM2522622
630,"As if nothing had happened (Feat. Louie of Geeks)","seizetheday,루이 (긱스)",83,1B,73,2025-05-09,03:41,35,"","As if nothing had happened (Feat. Louie of Geeks)",2021-11-01,70,51,0,75,0,10,-4,B Major,4,1pXaM53EDfpLiPr6M7e3P0,KSA002101013
631,"Heartbreak Anniversary (Feat. SOLE)","ASH ISLAND,SOLE",90,9B,59,2025-05-11,02:22,33,"k-rap","Voice Memo",2025-03-12,54,49,0,53,0,20,-5,G Major,4,3pU9dTCioYhVBrGlXdXCUt,KRA382501900
632,"Someday","Hollow Young,Gist",174,1B,54,2025-05-11,02:46,28,"k-rap","Someday(Feat.Gist)",2024-11-22,51,28,0,83,0,0,-7,B Major,4,7gfkPcDSCI76WG38zewSMq,KRF632407564
633,"needalove","OuiOui",90,1A,55,2025-05-19,03:18,33,"","needalove",2025-05-19,69,54,0,70,20,0,-3,G#/A♭ Minor,4,1oMUumys2cIeMUeShaXhUy,KRD112500020
634,"I'll Stay Here","Joob A",150,12B,69,2025-05-20,03:16,15,"k-ballad","I'll Stay Here",2025-05-19,56,79,0,63,0,40,-8,E Major,4,71FAh2fA1QZQ9ClULhdzCR,KSA002500904
635,"Wherever","Woody",90,12A,69,2025-05-20,03:03,31,"k-ballad","WHEREVER",2022-02-22,65,32,0,39,0,10,-3,C♯/D♭ Minor,4,1k0dNJXMoJTYl8Qk9YDWCc,KRB472200244
636,"PUZZLE (Feat. CHEEZE)","TOIL,Gist,CHEEZE",118,12B,67,2025-05-20,03:20,41,"k-rap, k-ballad, k-pop","TOAST",2023-01-27,74,38,0,72,0,30,-6,E Major,4,0qmc0EP9ZCINdZU3fHGwjK,KRMIM2316015
637,"I MISS YOU","GRAM",98,8B,51,2025-05-20,03:58,24,"","I MISS YOU",2020-12-13,62,35,0,68,0,10,-6,C Major,3,7C7XtvAd8sjNtXRKzFMzBe,KRMIM2033550
638,"Hot Chocolate°C (with Gist)","Suen,Gist",160,9B,50,2025-05-20,03:22,28,"k-rap","Hot Chocolate°C (with Gist)",2024-12-20,45,72,0,51,0,20,-7,G Major,3,0KOOW2MvEypjRlfJsBv53c,KRMIM2480329
639,"Crush on You","I'MIN",93,10A,58,2025-05-20,02:40,49,"","Crush on You",2025-04-25,76,31,0,68,0,0,-6,B Minor,4,2PG1b1TnPmciCCXezllrnC,SE5Q52500720
640,"Dejavu (feat. Wednesday)","KozyPop,Wednesday",94,3B,54,2025-05-20,02:57,18,"k-rap","Seoul Vibes Pt.16",2020-05-25,56,55,0,57,10,10,-5,C♯/D♭ Major,4,7dtxEvGdQxKRghOSB9rqh4,USHM22057935
641,"Bing Bing (Feat. Kvsh)","1DAY,dnss,Toshi",127,6B,49,2025-05-20,02:33,3,"k-rap","Bing Bing",2024-07-20,76,48,0,60,0,10,-6,A#/B♭ Major,4,3WXTcYchUQ3FoMToJyTe4r,KSA002401552
642,"Don’t go away (Feat. Gist)","1DAY,kyuu,Gist",170,1B,65,2025-05-20,03:31,9,"k-rap","Don't go away (Feat. Gist)",2024-02-09,56,45,0,46,0,10,-6,B Major,4,6hrrBuGa1dHJTcM9m66Jv0,KSA002400217
643,"널 사랑하는 이유 하나","Jayci yucca",84,10B,63,2025-05-20,02:21,13,"k-rap, k-ballad","The Last Boy In The Class 3",2025-05-20,59,12,0,41,0,10,-6,D Major,4,6E0Xqy5IrD4waXGMPNCJj2,KSA002500953
644,"More Than You","KIMMUSEUM,doyouka",123,12B,54,2025-05-21,03:37,36,"k-ballad","More Than You",2025-05-21,69,9,0,21,0,10,-7,E Major,4,0dbxcKV6rGyl5mvOPJAGoG,ZZA0P2517127
645,"Flower","Jae Woo AN",138,8B,66,2025-05-22,03:16,42,"k-ballad","Flower",2024-01-18,71,58,0,63,0,20,-5,C Major,4,0c4ase3q7IIE6PKYcLWfqN,KRF632400152
646,"네 옆에 있을 때","HAAN,Chan,Boramiyu",98,9B,52,2025-05-26,02:58,40,"k-ballad","HAAN Chan Store",2025-05-26,75,36,0,82,0,20,-6,G Major,4,6XQo75TRRqpQGhQmHwa8AQ,KSA002500970
647,"Rainbow","HAAN,Chan",140,3B,60,2025-05-26,02:42,29,"","HAAN Chan Store",2025-05-26,62,18,0,31,0,10,-8,C♯/D♭ Major,4,1GIsotWXEuJsFbeYQKl3ai,KSA002500971
648,"No lie","HAAN,Chan",128,7A,49,2025-05-26,02:22,23,"","HAAN Chan Store",2025-05-26,75,26,0,31,10,30,-10,D Minor,4,3ZmMsP359zAGztZkvDHVYh,KSA002500976
649,"한 뼘 차이","HAAN,Chan",172,8B,46,2025-05-26,03:23,20,"","HAAN Chan Store",2025-05-26,37,35,0,25,0,10,-8,C Major,4,2bTklh6UYRI86A0VTdpVPc,KSA002500978
650,"Time to say goodbye","HAAN,Chan",74,7B,40,2025-05-26,02:25,19,"","HAAN Chan Store",2025-05-26,38,65,0,7,0,10,-9,F Major,4,6hdeOqJJtROMLlQuXkCOSm,KSA002500979
651,"Empty Coffee","VVON",120,10B,65,2025-05-26,03:24,25,"","Empty Coffee",2024-11-04,78,8,0,53,0,20,-4,D Major,4,3EOqnt32hW2sr0sQpaN6I3,KRMIM2472199
652,"Sometimes I think","Chan",110,4A,52,2025-05-26,02:13,31,"","Sometimes I think ...",2023-11-24,58,35,0,50,0,10,-6,F Minor,5,3tgkVkr3LfXddcMb4x8INF,KSA002303337
653,"Tell Me, i'M Okay (Feat. Chan)","SHIRT,Chan",117,6A,49,2025-05-26,02:44,10,"","c-a-r-e-l-e-s-s",2024-04-29,56,25,0,33,0,0,-8,G Minor,4,1gMR8yJAJAHxtvBZ1fnDgR,KSA002400975
654,"열어도 되어요","HAAN,SHIRT",84,9B,52,2025-05-26,02:51,31,"","HAAN X SHIRT : Energy",2022-09-01,66,21,0,93,0,0,-8,G Major,4,4OeS83JBtLaSb0YpmDXE2I,KSA002201590
655,"Early October","JONGHAN",92,9B,57,2025-05-26,04:05,30,"","Early October",2021-10-28,65,59,0,31,0,10,-6,G Major,4,6uAkkgJSYdb6jmFuioMmgj,KRA252101983
656,"burner","Chan",97,11B,55,2025-05-26,02:29,35,"","burner",2024-07-14,57,46,0,64,10,30,-6,A Major,4,6Ca78zNVlUw4TPJQFKgzVF,KRB472401165
657,"I'm a mess","SHIRT",90,11B,50,2025-05-26,02:12,29,"","i'm a mess",2023-01-17,67,12,0,60,0,0,-8,A Major,4,1PRkJMg4gi4wvWSRrZWePy,KSA002300068
658,"좋아해 (Art. Aden)","Anonymous Artists (어나니머스 아티스트)",75,4B,43,2025-05-26,03:09,12,"","ARTIST. Aden",2021-10-04,57,79,0,62,0,10,-8,G#/A♭ Major,3,70VA2F52hskCqaXADS5apn,KSA002100872
659,"Each Other (Feat. amin)","Saula,amin",115,12B,72,2025-05-26,03:26,25,"","Each Other (Feat. amin)",2019-12-10,69,58,0,52,0,20,-5,E Major,4,0gc0sBjild11S5xVEiCuiS,KRMIM1923322
660,"Too Late to Say I Love You (Feat. Cho Won Sang of LUCY)","JUNE,Cho Won Sang",102,1B,63,2025-05-27,03:45,40,"k-ballad, ","Seasons of Love 0.2",2025-05-24,64,48,0,53,0,30,-6,B Major,4,454fcq1X6oC1c6k2hQE9S6,KRA382503894
661,"Maze Runner","Hollow Young",80,6B,60,2025-05-28,02:28,22,"","Maze Runner",2025-05-26,66,35,0,75,0,0,-6,A#/B♭ Major,4,3eUB9S1G9QszzRW41CR4jq,KRF632502996
662,"Sunday to Wednesday","Jayci yucca",135,10B,37,2025-05-29,03:50,8,"k-rap, k-ballad","The Last Boy In The Class 3",2025-05-20,58,75,0,28,0,30,-6,D Major,3,6JKAbor7rOYBu2EJRGrCeQ,KSA002500958
663,"조약돌","Jayci yucca",159,1B,39,2025-05-29,03:03,6,"k-rap, k-ballad","The Last Boy In The Class 3",2025-05-20,60,82,0,40,0,10,-6,B Major,3,6gRH95qiF9vZWsmSi33amP,KSA002500952
664,"Romance","B.I",80,9B,69,2025-06-01,03:27,35,"k-pop, k-rap","WONDERLAND",2025-06-01,62,59,0,39,0,10,-5,G Major,4,3uHhAJttKsiLGQ1q1hepFz,ZZA0P2517236
665,"Love love love love","Chawoo",80,5B,48,2025-06-04,02:51,25,"","Love love love love",2025-06-04,62,62,0,60,0,10,-7,D#/E♭ Major,4,0WSPqkAivZ357xgqpCGV3j,KSA002501009
666,"I hate you But I Love You (feat. TRADE L)","Watermelon,TRADE L",92,11B,63,2025-06-04,03:08,6,"k-rap","Storyteller2",2024-09-27,66,74,0,52,0,10,-7,A Major,4,3y1ZoZ6f7jOPqsekFfz0Hp,KRMIM2448393
667,"Rodeo (Prod. BIG Naughty)","Gemini,REDDY",186,1B,43,2025-06-04,03:15,0,"k-rap","Listen-Up EP.8",2022-09-24,38,39,0,33,0,10,-8,B Major,3,123CHa1tzGjAtmk8grvXWI,KRA382207603
668,"Ashtray","4BOUT",75,4A,57,2025-06-04,03:40,40,"","Miserable",2020-03-09,54,48,0,42,0,10,-6,F Minor,4,4f8wjPgTTeRjjktbN6H4wS,KRMIM2004443
669,"Tropical","Moon Sujin",126,5A,44,2025-06-04,03:04,18,"k-rap","Seoul Check-in OST Part 12",2022-12-12,91,55,0,67,10,0,-7,C Minor,4,0mChhyeHONd7iEiyfETprG,KSA002202432
670,"even though i love you (feat. JEMINN)","CRUCiAL STAR,JEMINN",91,6B,54,2025-06-04,03:33,28,"k-rap, ","love u so march",2021-03-10,71,74,0,42,0,10,-5,A#/B♭ Major,4,01SWJLhrJbBX7AV6qA45Fx,KRMIM2107924
671,"Tree","MELOH,Sam Rui",86,2B,66,2025-06-04,03:33,34,"k-rap, ","Tree",2020-02-13,53,75,0,51,10,10,-5,F#/G♭ Major,4,72w5IP9WTj84azxQ8DIyv5,KRMIM2001456
672,"Fade Away","Moon Sujin",97,8A,47,2025-06-04,02:45,27,"k-rap","2NIGHT",2020-05-26,80,54,0,49,0,10,-6,A Minor,4,6TxCqQYTabCR3vnhe2ZDs3,KRA302000275
673,"ETERNAL AIRLINE","KIMMUSEUM",97,9B,71,2025-06-06,04:22,26,"","ETERNAL AIRLINE",2025-06-06,60,24,2,6,0,0,-8,G Major,4,4hRYW8V4wjnEdQ6jgGa3mo,ZZA0P2517519
674,"Sway","HOON,Gist",110,1B,63,2025-06-07,02:43,17,"k-rap","VINTAGIA",2025-06-07,70,22,0,84,0,20,-6,B Major,4,3gb8sgBg8dJppdUzlqhtsA,KSA002501132
675,"THE GONLAN SONG","SUMIN,Slom",96,9A,66,2025-06-09,02:52,43,"j-r&b, k-rap","MINISERIES",2021-09-15,86,14,0,79,0,10,-4,E Minor,4,6xQnh8lTm10XOzLNxd2DCg,QMFMF2102203
676,"When you feel alone","meenoi",95,10A,53,2025-06-09,03:05,25,"k-rap","When you feel alone",2025-06-09,81,78,0,39,0,20,-5,B Minor,4,2zHvYZexY8WQR5isjrRZhv,KSA002501058
677,"안될것같은","SFC.JGR",132,1A,28,2025-06-11,03:47,11,"","안될것같은",2014-08-11,41,92,0,20,0,30,-10,G#/A♭ Minor,4,0lOYb33eg0pWPIvQ1IgXkV,GB32E1404167
678,"W","LEON",87,1B,74,2025-06-11,03:24,19,"k-rap","W",2025-06-11,62,40,0,57,0,40,-5,B Major,4,0eVBzV3RB3zyccIVY5sLvw,KRF632503123
679,"Love Story (Feat. CRUSH)","SURAN,Crush",90,3B,62,2025-06-12,03:40,42,"k-pop, k-rap, k-ballad","Love Story",2017-11-10,68,50,0,44,0,0,-6,C♯/D♭ Major,4,5rUZeNNC4R65U6UeElMoss,KRA381702631
680,"Irene","Jimmy Brown",122,3B,50,2025-06-13,03:19,44,"","Irene",2020-05-18,88,74,0,41,0,10,-6,C♯/D♭ Major,3,7KwxU8kseYKf5pLbuI25g0,KRMIM2011739
681,"Letter","Jukjae",142,8B,35,2025-06-13,03:31,46,"k-ballad","A Day",2019-11-22,78,64,0,58,30,10,-9,C Major,4,3ySSbGT5BepfePnva86js7,KRA381904877
682,"When I fall in love","Primary,Meego,SURAN",94,9B,55,2025-06-13,04:17,37,"k-rap, k-pop","3-PAKTORY02",2019-12-10,62,19,0,42,0,10,-6,G Major,4,24kQoMnicTBAYZzHUozStq,KRB141900047
683,"Paint On Spring - Remastering","Martin Smith",98,8B,76,2025-06-13,03:52,58,"k-ballad","SLATE",2018-02-22,62,14,0,58,0,10,-5,C Major,4,3GG5KPuvG7qokLoKReboHI,KRE261800002
684,"Secret angel","Empty",144,1B,58,2025-06-15,03:16,0,"","Can u hear me ?",2025-04-28,74,73,0,81,0,10,-7,B Major,4,3CK1PA95CbTGOOGaQRTSVF,KSA012385723
685,"Lost (Feat. Chan)","Giwon,Chan (찬)",77,9A,35,2025-06-17,02:24,43,"","Lost (Feat. Chan)",2023-10-10,54,26,0,63,30,30,-8,E Minor,4,0CGLEfpRiP9Xx3DOGIpyu6,KSA002302852
686,"Stay Calm (feat. Mirae & RYUKIE)","KozyPop,미래,RYUKIE",90,11B,58,2025-06-20,02:52,4,"k-rap","SEOULVIBES, CLERQ",2025-06-19,86,89,0,70,0,10,-4,A Major,4,5sAHlIRrWsNRMVYhzPL2sp,KRMIM2534678
687,"Insomnia (Feat. YAYYOUNG)","Dvwn,Yayyoung",120,2B,60,2025-06-20,03:30,53,"","Dawn Defibrillation, Vol.1",2019-12-16,67,24,0,37,0,10,-5,F#/G♭ Major,4,7tr6WuxHOWyWQl0W8YfBtq,KRA251902179
688,"Silhouette (Feat. Boi B, Gist, Huh)","SEIN,Boi B,Gist,rosy",94,2B,76,2025-06-21,02:37,19,"k-rap","Silhouette (Feat. Boi B, Gist, Huh)",2022-09-26,58,51,0,60,30,10,-4,F#/G♭ Major,4,5NGGvPUE6jWnpS0DAlVI7O,KRMIM2272286
689,"Baby Step (feat. siso)","homezone,siso",86,11A,54,2025-06-26,03:01,21,"k-ballad","Baby Step",2025-06-24,61,52,0,51,10,10,-6,F#/G♭ Minor,4,2s32yDDsDOnDAuIQ24h1QP,KRA382504422
690,"Dive with you (feat. eaJ)","Seori,eaJ",94,8B,67,2025-06-29,03:38,49,"","Dive with you (feat. eaJ)",2021-08-22,72,10,0,54,10,0,-6,C Major,4,5KlXKygDyS1CS8ToYA1iHZ,KRMIM2130873
691,"HAAAA","Cha Woo Joo",75,10B,47,2025-06-29,02:35,3,"k-rap","UNSPOKEN",2025-06-29,27,50,1,15,0,10,-8,D Major,4,00oznd5818cCj7pPyiv2T2,ZZA0P2517729
692,"Secret (Feat. LEON)","Jae Woo AN,Inf,LEON (딥상어)",150,5A,74,2025-06-29,03:29,7,"k-ballad, ","Just Another Story",2025-06-29,66,44,0,51,20,20,-7,C Minor,4,1V1SKyjo0Nu8QkyXE9Cxgw,KRF632503769
693,"Actor (Feat. 줍에이 (Joob A))","Jae Woo AN,Inf,줍에이 (Joob A)",90,12B,58,2025-06-29,03:36,14,"k-ballad, ","Just Another Story",2025-06-29,60,56,0,68,0,20,-7,E Major,4,66tYhVfZ1MXy9ELYxj0fxG,KRF632503770
694,"Web Drama","Gist,TRADE L",140,7B,40,2025-06-29,02:46,19,"k-rap","GTA 7 : side a",2025-06-29,68,40,0,78,30,10,-10,F Major,4,5Z3DRyCB5X8e2V86yET3Fm,KRMIM2537916
695,"Be Honest","Gist,TRADE L",135,3B,66,2025-06-29,02:53,37,"k-rap","GTA 7 : side a",2025-06-29,77,11,0,72,0,10,-7,C♯/D♭ Major,4,4oVU0WhFvskzuTm5aZDavn,KRMIM2537918
696,"I Get It Now","Kid Wine",100,3B,77,2025-06-30,03:16,26,"k-ballad, k-rap","I Get It Now",2025-06-30,66,39,0,49,0,10,-5,C♯/D♭ Major,4,3m0CxP11AUGCRzjitydJxO,KSA002501289
697,"Look at the Stars","Hollow Young,Kid Wine",85,3B,55,2025-06-30,02:40,12,"k-ballad, k-rap","Look at the Stars (Feat. Kid Wine)",2025-06-30,74,21,0,69,0,20,-6,C♯/D♭ Major,4,7seZd6cRUYEmo9RLRGBFJ8,KRF632503773
698,"비가 오면","Terry",182,5B,36,2025-07-01,04:08,23,"k-ballad, k-rap","비가 오면",2025-06-27,48,74,0,33,0,30,-11,D#/E♭ Major,3,7J7WIWpVCBWKxa5E43nVbp,KRF632503621
699,"That Summer (Feat. Chan)","JAEHA,Chan",140,9B,59,2025-07-03,02:34,28,"k-rap, ","That Summer (Feat. Chan)",2025-07-03,80,54,0,94,0,30,-4,G Major,4,1sukacbrYvTaFmUE62a3e5,KRMIM2539298
700,"Misunderstanding","YECHAN,P4BLO,RIPLEY",130,11A,68,2025-07-04,02:15,45,"k-ballad, ","Misunderstanding (feat. 리플리(RIPLEY))",2025-07-04,71,33,0,68,0,30,-7,F#/G♭ Minor,4,7yd7Dma5pKzDmBHP6HR4di,KRF632503861
701,"did you love me? (feat. KID WINE)","Deepshower,Kid Wine",160,10A,51,2025-07-06,02:50,8,"k-rap, k-ballad","DEEPSHOWER X ONEHUNNNIT",2020-12-18,60,34,0,38,0,10,-7,B Minor,4,5EDA1e4Zj3NAhDJSmZzCvm,QM4TX2200061
702,"No Reason","Heize",166,3A,59,2025-07-06,03:31,0,"k-ballad, k-pop","She's Fine",2019-03-19,61,64,0,37,0,10,-5,A#/B♭ Minor,4,6Qo4x74ItniMSqyRDAwyKW,KRA491900154
703,"I adore you (Feat. Crush)","Chan,Crush",174,1A,68,2025-07-06,03:13,39,"k-rap, k-pop, k-ballad","Look at Me !!!",2022-11-28,53,18,0,64,0,0,-5,G#/A♭ Minor,5,51V9TGURu9t4tNtMFZx42h,KSA002202288
704,"Us (prod. D.O)","Hoody",80,5B,76,2025-07-06,03:40,23,"k-rap","Us",2025-07-05,63,53,0,37,0,10,-4,D#/E♭ Major,4,5edARuT05GkrWeFvcPM9As,KRMIM2539419
705,"DA DA!","meenoi",170,9B,65,2025-07-06,02:54,34,"k-rap","DA DA!",2020-09-11,81,45,0,91,20,0,-3,G Major,4,6vvoQKMci0NB7Zbo10t61N,KRMIM2025819
706,"12월 때문일까","Roydo",174,5B,54,2025-07-08,03:02,20,"","12월 때문일까",2021-12-27,50,58,0,40,0,10,-6,D#/E♭ Major,3,05GTRQc0ubMVsDtzCnThJh,KSA012140886
707,"Don't Come Back","Heize,Yong Jun Hyung",92,9B,52,2025-07-08,03:37,39,"k-ballad, k-pop, ","Don't Come Back",2016-04-14,49,55,0,27,0,10,-6,G Major,4,5eYNVMkqUDaZMGSXhwaO2O,KRA491600270
708,"love in summer","george,Cosmic Boy",95,12A,68,2025-07-08,02:25,39,"k-ballad, ","Love in summer",2020-09-23,69,61,0,72,0,20,-5,C♯/D♭ Minor,4,7HPXWu2egtpfRBThcrIMXP,QZF452001015
709,"똑같지 뭐 (feat. 안재우) (prod. GRIO)","LIPNINE,안재우",80,2B,48,2025-07-08,02:51,20,"k-rap, ","Stay",2024-10-02,57,67,0,68,0,60,-8,F#/G♭ Major,4,0vBayid4AJzWx2zjQZ1vRO,KRF632406431
710,"Ordinary Song","LIPNINE",95,5B,73,2025-07-08,02:23,19,"k-rap","Ordinary Song",2024-02-29,77,24,0,92,10,10,-4,D#/E♭ Major,4,7krOug3NBPBgpIcf2UjcTl,KRA252400602
711,"Promises","HAAN,SHIRT",123,8B,49,2025-07-08,02:39,32,"","Ashes",2025-07-08,74,23,0,73,0,10,-8,C Major,4,4LMyYzJS8udUd4j1TEOZ6q,KSA002501307
712,"I Really Like U","Grizzly",167,4B,92,2025-07-11,02:44,20,"k-ballad, k-rap","I Really Like U",2025-07-11,60,42,0,95,0,10,-4,G#/A♭ Major,5,30a7tqXSvgkrZbKDc0gndG,KRA382504634
713,"KIX","HOON,TRADE L",105,1B,57,2025-07-13,03:31,15,"k-rap","KIX",2025-07-13,74,76,0,43,0,30,-6,B Major,4,3u3iKWHlrNsD9Sk2s2rEJw,KSA002501397
714,"Hundred Reasons","HAON",144,7B,52,2025-07-14,02:50,39,"k-rap","Angel",2025-07-14,77,29,0,46,0,0,-6,F Major,3,2A1YVk2cVTJt2luDUnbEsW,KRA252501269
715,"Strawberry Champagne","Dept",65,8B,47,2025-07-17,03:02,55,"","Your Eyes",2024-05-12,34,37,1,9,0,10,-10,C Major,5,5V02ItrZKBi8aGjKrKJpFa,KRMIM2432427
716,"Could it be like this","doyouka",168,3B,80,2025-07-17,03:41,37,"k-ballad","Could it be like this",2025-07-13,53,29,0,36,10,10,-5,C♯/D♭ Major,4,4raLqtvtshnCle1JqDowMo,ZZA0P2518333
717,"If This Could Bring You Back","Ourealgoat,VVON",84,7B,66,2025-07-24,04:10,16,"k-rap, ","Meaningless",2025-07-24,55,43,0,27,0,10,-5,F Major,4,3zFy99QMjxrm8BFVSICI92,KSA002501414
718,"Too Far (Feat. Beenzino)","Primary,Beenzino",81,4B,77,2025-07-25,04:07,45,"k-rap","Primary And The Messengers LP",2012-10-31,47,50,0,50,20,10,-5,G#/A♭ Major,4,7q6ybjHEBBWwOTm7Y2xUCh,KRB141200064
719,"somuch","george",126,8A,39,2025-07-27,03:58,49,"k-ballad","FRR",2023-04-06,84,50,2,68,0,0,-10,A Minor,4,3eSKuoaZlzEbeExqIDEanO,KRMIM2344458
720,"Dear Ex","Gist,TRADE L",91,12A,34,2025-07-27,02:28,23,"k-rap","GTA 7 : side b",2025-07-27,66,83,0,82,0,30,-10,C♯/D♭ Minor,4,5ND1chgcEd8LzbgRZR1XdX,KRMIM2542955
721,"Love Is","Gist,TRADE L",114,3B,32,2025-07-27,01:31,19,"k-rap","GTA 7 : side b",2025-07-27,89,49,0,45,10,10,-11,C♯/D♭ Major,3,20SNZcSQNSWLkxppF0Ci7o,KRMIM2542958
722,"Changed My Love","Gist,TRADE L",136,2B,41,2025-07-27,02:54,21,"k-rap","GTA 7 : side b",2025-07-27,66,36,0,53,0,0,-8,F#/G♭ Major,4,77Y1irHqqdfPfAe4uCl4Ao,KRMIM2542959
723,"LIKE NOTHING HAPPENED (Feat. DeVita)","h3hyeon,DeVita",120,4B,45,2025-07-29,02:41,28,"k-rap","SOMEHOW",2025-07-29,71,75,0,74,0,20,-6,G#/A♭ Major,4,0Wtka71lRuIJOc7PrhuJTu,KRMIM2543449
724,"APPLE JUICE (Feat. Chan)","h3hyeon,Chan",93,4A,51,2025-07-29,02:38,33,"k-rap, ","SOMEHOW",2025-07-29,80,63,0,94,0,10,-5,F Minor,4,6R2l9v1sKQ1A4PTxtIJryL,KRMIM2543450
725,"star","Joob A",84,7B,53,2025-07-29,03:08,21,"k-ballad","star",2025-07-28,55,78,0,51,0,10,-5,F Major,4,0AcM4UDC8mzCiBTR2xj7GY,KSA002501467
726,"UU","meenoi",89,4B,62,2025-07-29,02:34,28,"k-rap","UU",2025-07-29,64,54,0,44,10,10,-4,G#/A♭ Major,4,1TYZNWwdRYY3700tFiP4JF,KSA002501461
727,"about romance","104",80,3B,57,2025-08-02,03:16,40,"k-ballad","about romance",2023-11-15,57,54,0,65,0,10,-8,C♯/D♭ Major,4,2NVajmBBA8PCpFELeekbti,KRF632304055
728,"Your names","HAAN,Chan,Gabriel",141,3B,59,2025-08-02,03:15,21,"retro pop","Your names",2025-02-04,43,22,0,48,0,10,-7,C♯/D♭ Major,4,1P3eLbSiIngqrnjWYLeb6Y,KSA002500116
729,"헤어지기 싫어","Jimmy Brown",126,2B,47,2025-08-05,03:46,31,"","re:",2019-11-19,71,79,0,53,0,10,-6,F#/G♭ Major,4,7pKxsAxBtRJU19Qqij0P6y,KRB471901620
730,"Love or Die - SOLE Version","TNX,SOLE",140,9B,64,2025-08-05,03:57,24,"k-pop, noise music, k-rap","Love or Die (SOLE Version)",2023-02-15,48,43,0,11,0,10,-5,G Major,4,3UkoqvqMvtg1Dv33wJ6Pst,KRMIM2332296
731,"D.R.E.A.M. (feat. pH-1)","Slom,pH-1",83,5A,72,2025-08-05,03:19,34,"k-rap","WEATHER REPORT",2022-10-27,77,36,0,90,10,0,-7,C Minor,4,5OuTSgILh3Mkgj6ir9x9Pz,KSA012210617
732,"love (feat. SOLE)","basecamp,SOLE",83,10B,63,2025-08-05,03:56,37,"k-rap","love",2024-02-03,43,42,7,45,10,10,-7,D Major,4,4X8C3SVHqMt2TR2RvscNYd,KRA252400418
733,"Sunrise (Feat. EunBii)","Wildberry,EunBii",120,11A,66,2025-08-06,03:18,23,"","SUNRISE",2020-09-20,63,22,0,25,0,0,-7,F#/G♭ Minor,3,0RLqnVxt7xUw9squmxCqkN,KRB472001241
734,"Cold Outside, Love (with JUNNY)","BOYCOLD,JUNNY",148,4A,76,2025-08-06,02:53,36,"k-rap","Sick of Love",2024-01-31,72,35,0,68,10,10,-5,F Minor,4,6GbaiyPbJMaw8Nujc71OUA,KRA382400640
735,"I wanna know","entoy,suru",82,2B,47,2025-08-06,02:47,29,"","I wanna know",2024-06-24,59,58,0,50,0,10,-6,F#/G♭ Major,4,7rJwIvxTOTQZk8DgTs3LaZ,KRMIM2444186
736,"Break Up Make Up","SRA",140,12B,69,2025-08-06,03:22,42,"","Break up Make up",2025-04-24,64,8,0,47,0,30,-7,E Major,4,2dfPxyFrmKlO8808UTb9y6,SE5Q52500675
737,"How can i love u (Feat. SHIRT, Gist)","BAN ESTIN,SHIRT,Gist",144,2A,73,2025-08-06,02:32,21,"k-rap","How can i love u",2025-04-17,59,47,0,77,0,20,-5,D#/E♭ Minor,4,1BBdHlqsLNNBFgtgbpsJrD,KRMIM2522453
738,"간질간질 (feat. 줍에이)","siso,Joob A",90,5A,44,2025-08-06,02:34,0,"k-ballad","간질간질",2022-05-30,79,63,0,38,0,10,-7,C Minor,4,6qRkcgcX49eKpK2kMSq82X,KRD712200006
739,"Before We Get Hurt","Hollow Young",96,10B,64,2025-08-06,02:52,21,"","Before We Get Hurt",2024-10-16,68,46,0,51,0,10,-7,D Major,4,4lGAxjQD3rue15mcQHYPO9,KRF632406841
740,"Why Do You Make Me Love You?","siso",124,4B,36,2025-08-06,03:13,40,"k-ballad","Why Do You Make Me Love You?",2024-12-14,63,86,0,41,0,10,-7,G#/A♭ Major,4,4Z3Rbva3yCOV9xYdG30ad7,KRA382406907
741,"It's ok to be alone (feat. Joob A & GaHhyun)","SOUND PALETTE,Joob A,GaHhyun",88,10B,53,2025-08-06,03:48,12,"k-rap, k-ballad, ","WINTER COLOR 2020",2020-12-02,69,84,0,24,0,10,-8,D Major,4,4XNus9vVpLLuc46l6GW53E,KRA252001701
742,"The fifth season","Azurever",81,11B,59,2025-08-06,03:05,35,"k-ballad","The fifth season",2025-05-18,41,43,0,21,0,50,-4,A Major,4,4rsaU1Tmt6P2wqngvlEIAn,KSA012387550
743,"Say Cheese !","Hollow Young,J Way,CRUCiAL STAR",84,9B,57,2025-08-06,02:20,22,"k-rap","Say Cheese ! (Feat. CRUCiAL STAR)",2024-05-02,72,58,0,74,0,20,-7,G Major,4,1OX5R9qxu7xvXHBTpd2vZf,KRF632403192
744,"Don't forget (feat. GIST, Kid Wine)","SEIN,Gist,Kid Wine",168,11B,47,2025-08-06,03:28,24,"k-rap, k-ballad","Don't forget (feat. GIST, Kid Wine)",2021-11-19,46,8,0,32,0,10,-7,A Major,4,5NVIqevMY3qWLO6VF2oUYW,KRMIM2161198
745,"camp (feat. Colde)","basecamp,Colde",172,10A,59,2025-08-06,03:43,39,"","camp (feat. Colde)",2024-01-05,67,51,0,94,0,10,-8,B Minor,4,0lf8KgOotlfQZBO2ZHBU4j,KRA252400023
746,"1225","LEON",68,8B,45,2025-08-06,03:23,18,"k-rap","1225",2025-01-07,69,68,0,31,0,10,-8,C Major,4,10srQkio5olwigCefqG4Nz,KRF632408265
747,"b u b b l e ✧ (feat. Haedo)","sweetch,Haedo",90,4A,59,2025-08-08,03:21,21,"","light #3",2023-05-30,68,50,0,37,10,50,-6,F Minor,4,143qoJL04wJlCqhd8CQ4Qj,KRMIM2359091
748,"Puzzle (feat. Kid Wine)","homezone,HAAN,Kid Wine",95,5B,52,2025-08-08,02:58,23,"k-ballad, k-rap","Puzzle",2024-06-05,78,57,0,60,0,10,-7,D#/E♭ Major,4,0Kk7V0H4gZaRKOQDI4txRY,KRA382403541
749,"To you who still thinks of me (Art. 2SO)","Anonymous Artists (어나니머스 아티스트),2SO",126,9B,28,2025-08-10,03:48,1,"k-ballad","ARTIST. 2SO",2025-08-09,49,86,0,48,0,10,-8,G Major,4,0LAGdWJ98HvbZl8pVLoeHy,ZZA0P2518864
750,"Cigarette (Feat. Tablo, MISO)","offonoff,TABLO,Miso",88,4A,39,2025-08-11,04:01,52,"k-rap, k-pop, ","boy.",2017-07-24,78,27,0,44,20,10,-10,F Minor,4,14p5EKgbPx4U3P1j5JNHeh,KRA401700212
751,"Can I Love ? (feat. youra, Meego)","Cosmic Boy,Meego,youra",80,4A,44,2025-08-11,03:49,55,"","Can I Love?",2019-02-18,70,56,0,28,0,10,-4,F Minor,4,0Z8IT9sJWaGQb942lphBzY,KRB471900313
752,"EASY (Feat. THAMA)","pH-1,THAMA",85,1B,67,2025-08-13,03:54,41,"k-rap","WHAT HAVE WE DONE",2025-08-13,75,9,0,78,0,0,-5,B Major,4,2N4XsISPAYbi37LlxhfIT7,KRA492500635
753,"COVERED IN RAIN","pH-1",100,5A,53,2025-08-13,02:35,33,"k-rap","WHAT HAVE WE DONE",2025-08-13,79,39,0,57,0,10,-5,C Minor,4,0Jw5thEts8t9ETdKrUaLaz,KRA492500637
754,"HAD I KNOWN","pH-1",120,3B,52,2025-08-13,02:43,37,"k-rap","WHAT HAVE WE DONE",2025-08-13,85,58,0,73,0,10,-6,C♯/D♭ Major,4,0ybgvUNl1JjbQWKWgU8jYV,KRA492500638
755,"Emptiness","NIve",160,10B,53,2025-08-18,02:41,15,"","Emptiness",2025-08-15,52,39,0,32,0,10,-7,D Major,4,4szUCAs2Igi3VJsHpvtrOa,KSB022501993
756,"Last Scene","g0nny",141,5A,54,2025-08-18,03:46,47,"","Last Scene",2025-07-07,72,59,0,75,0,20,-5,C Minor,4,0tJU0IwpKmUSg2uFOZ7RC6,KRD112500029
757,"Loving u ♥ (feat. Gist)","Taeb2,dnss,Gist",166,5A,78,2025-08-18,02:21,17,"k-rap","Beastie Boys",2025-06-03,60,7,0,62,0,10,-5,C Minor,4,1fRPwXkyMhMQhZoGmuHwxU,KRMIM2532793
758,"regretful","Chan,SHIRT",85,8B,41,2025-08-18,02:53,28,"","regretful",2020-10-20,38,92,0,32,0,30,-8,C Major,4,7xln9lUVsgxH4ZoD5f27rs,KRA252001491
759,"Tractor (Feat. Sunny Shin)","SHIRT,whvts,Sunny Shin",112,3B,51,2025-08-18,02:43,4,"","What's Your SHIRT?",2023-06-05,47,47,0,20,0,10,-9,C♯/D♭ Major,3,0hbJRDEan6NgShgzeBEoz8,KSA002301262
760,"SARANGHAE","TRADE L,Sik-K",157,4B,62,2025-08-20,03:17,35,"k-rap","<3",2025-08-19,80,73,0,86,10,10,-8,G#/A♭ Major,4,3URB1DMuLPkeGkRj1KiE37,KSA002501630
761,"BINGLE","TRADE L",156,11A,68,2025-08-20,02:55,34,"k-rap","<3",2025-08-19,76,47,0,74,0,10,-7,F#/G♭ Minor,4,32YdGiodJJOvSvYCWpQAPB,KSA002501631
762,"No Morning","JUNNY",83,7A,25,2025-08-20,02:25,33,"k-rap","null",2025-08-20,29,80,0,8,0,10,-8,D Minor,3,6ONyCQibFlMCHd1nci5jeh,KRA382505130
763,"Next To Me (Feat. Seori)","JUNNY,Seori",78,8B,55,2025-08-21,03:46,46,"k-rap, ","null",2025-08-20,56,41,0,40,0,10,-7,C Major,4,2IJgwMNwF1zuyXzhu6FSIJ,KRA382505141
764,"Oh you kissed on my cheek (feat. Chan)","g0nny,Chan",120,5A,47,2025-08-24,02:45,37,"","Ours",2024-10-23,84,60,0,81,0,0,-7,C Minor,4,74X8S23MuXfCDIsPcEP0mw,KRD112400035
765,"Someone Better (Feat. Leellamarz)","SEIN,Leellamarz",78,10B,30,2025-08-25,03:19,39,"k-rap","Someone Better (Feat. Leellamarz)",2025-08-25,78,60,0,61,0,10,-10,D Major,4,5V4wj15YzSCkomLy6rD902,KRMIM2548509
766,"Comedy","Giwon,BIG Naughty",70,6B,54,2025-08-25,03:13,37,"k-rap, k-ballad","Comedy",2024-09-24,65,52,0,43,10,10,-8,A#/B♭ Major,4,0tKNRYvQgt31N7ATjOmmtR,KSA002402227
767,"Casanova","Giwon,lobonabeat!",130,7A,41,2025-08-25,02:44,47,"k-rap","Casanova",2025-05-29,82,42,0,53,0,10,-9,D Minor,4,2VHn8lbvu0vjBn5mIugXoD,KSA002501050
768,"alone now (feat. LIPNINE)","Dally,LIPNINE",180,4B,61,2025-08-25,03:33,3,"k-rap","alone now",2024-12-10,67,33,0,41,10,30,-6,G#/A♭ Major,4,0WXvtTfc2Q3o31NkapEqow,KSA012364111
769,"this song (feat. Hollow Young)","Dally,Hollow Young",180,6B,72,2025-08-25,03:27,6,"","this song",2025-06-05,43,52,0,78,10,0,-7,A#/B♭ Major,4,353efV4Fu5duFc502XAKG8,KSA012390910
770,"바래 (feat.서영)","Dally,Ruen,seoyoung",90,8B,74,2025-08-25,03:16,2,"k-rap, ","dailylife_2024.zip",2024-02-19,60,57,0,61,0,0,-5,C Major,4,25pJlDikrTSz1nQf2fWz4e,QM4TW2491571
771,"마침표","Dally,Ruen",90,10B,79,2025-08-25,03:17,1,"k-rap","dailylife_2024.zip",2024-02-19,62,34,0,73,0,0,-5,D Major,4,10ojbgYoo9sWSJnjUwFRN1,QM4TW2491576
772,"Mute","Azurever",80,11B,56,2025-08-25,03:15,31,"k-ballad","Mute",2025-08-10,61,56,0,44,0,10,-5,A Major,4,1HQ23dqJVjxHlDVvhtseu1,KSA012400399
773,"Leave (Feat. JUNE, Chan, THAMA)","PATEKO,JUNE,Chan,THAMA",78,9B,68,2025-08-26,03:47,30,"k-ballad, k-rap","Leave (Feat. JUNE, Chan, THAMA)",2025-08-25,54,52,0,66,0,20,-5,G Major,4,7cVjGrqgsLhz7BCmCgGAuv,KRMIM2547661
774,"it's all like that","Chawoo,CRUCiAL STAR",85,10B,44,2025-08-27,03:55,14,"k-rap","Lighthouse",2025-08-26,74,38,0,39,0,30,-8,D Major,4,6IXZS4wReiAjwTlokEQSpd,KSA002501679
775,"Mee (feat. SODI & RYUKIE)","KozyPop,SODI,RYUKIE",85,4B,55,2025-08-28,02:57,1,"k-rap","SEOULVIBES, ESCVPE",2025-08-28,68,21,0,49,0,0,-5,G#/A♭ Major,4,5NmCejNbKW17QPyJtYRKyN,KRMIM2547813
776,"New Zealand","Layone",115,2B,56,2025-09-01,03:27,49,"k-rap","Origin",2022-11-13,81,37,0,58,0,60,-6,F#/G♭ Major,4,4WECByH1Vo0zOOQqcnJjmf,KSA002202217
777,"Teardrop","Kid Wine",180,7B,61,2025-09-03,02:46,14,"k-ballad, k-rap","Present",2025-09-03,53,18,0,68,0,20,-6,F Major,4,3TdaF59oIMTboEAXFsShU8,KSA002501843
778,"I Wish","Kid Wine",80,12B,57,2025-09-03,03:18,23,"k-ballad, k-rap","Present",2025-09-03,56,44,0,40,0,10,-4,E Major,4,49smMiSdK7TLqxEyfMEJI6,KSA002501844
779,"dontsaygoodbye","Kid Wine,SHIRT",146,10A,55,2025-09-03,02:50,15,"k-ballad, k-rap, ","Present",2025-09-03,77,45,0,55,0,10,-7,B Minor,4,6TIN4hfEn6WMaPLYD8SFle,KSA002501845
780,"In Your Love","Kid Wine",140,6B,40,2025-09-03,03:29,15,"k-ballad, k-rap","Present",2025-09-03,63,68,0,34,0,10,-6,A#/B♭ Major,4,2DTmIddzGWRUyRuvXMSj71,KSA002501846
781,"Jo Malone","Kid Wine",85,2B,39,2025-09-03,03:11,13,"k-ballad, k-rap","Present",2025-09-03,43,78,0,35,0,10,-5,F#/G♭ Major,4,6wW6FHcYjpkznlGiDLvkIo,KSA002501847
782,"Sketch (feat. JungHun & Aden)","SOUND PALETTE,Sioru,Aden",114,4B,62,2025-09-04,03:34,18,"k-rap, k-ballad, ","Sketch",2021-04-07,59,67,0,83,20,0,-7,G#/A♭ Major,3,3meLeTkAzaL7COzPMhBsLf,KRA252100431
783,"Bye Bye (Feat. LEE MU JIN)","BIG Naughty,LEE MU JIN",196,9B,86,2025-09-12,04:28,47,"k-rap, k-ballad","Bye Bye",2025-09-12,43,22,0,51,0,20,-5,G Major,4,76vu2smcuQgil4Xqa5yAYv,KRA382505619
784,"coward (feat. KURO)","Sumsher,KURO",111,3B,63,2025-09-16,02:20,22,"k-rap","coward (feat. KURO)",2025-09-10,89,20,0,75,0,10,-5,C♯/D♭ Major,4,41jzktPrDS3Gi1QfxpdI6M,KRMIM2549976
785,"h","OLNL",125,7B,72,2025-09-16,03:08,6,"k-rap","h",2025-09-11,85,53,0,61,0,10,-6,F Major,4,6GYqkaKkYhC1vjsT9mdmvD,KSA002501900
786,"Someday","HOON,Leellamarz,Urban Fisher",90,2B,51,2025-09-19,03:05,23,"k-rap","Someday",2025-09-19,69,70,0,65,0,20,-7,F#/G♭ Major,4,3GAUAkvfnatL5Nl91hPyNk,KSA002501960
787,"KU","LEON",90,10B,66,2025-09-23,03:07,24,"k-rap","KU",2025-09-23,64,16,0,50,0,20,-5,D Major,4,1r0RimkaJS0KOrMu8aH0wQ,KRF632506979
788,"Breath","JEY",168,3B,51,2025-09-26,03:11,28,"k-rap","Breath",2025-09-22,60,75,0,14,0,0,-7,C♯/D♭ Major,4,2xckQuZr7YNv1OAfaOsZ4W,KRMIM2552942
789,"Good Person","LIPNINE",200,3B,54,2025-09-27,02:43,1,"k-rap","F&F ONLY",2025-09-27,57,53,0,73,10,0,-8,C♯/D♭ Major,4,3WrzpzQaVw1lneW6ztvXJq,KRMIM2555068
790,"Erase It (Feat. Hollow Young)","LIPNINE,Hollow Young",92,8B,50,2025-09-27,02:28,12,"k-rap, ","F&F ONLY",2025-09-27,77,38,0,74,0,10,-6,C Major,4,6b1KoZF1kW6fZytCKsp2fL,KRMIM2555069
791,"Stupid","LIPNINE",88,8B,68,2025-09-27,02:36,4,"k-rap","F&F ONLY",2025-09-27,75,15,0,80,0,20,-5,C Major,4,3b4VGghVkeauSMYK8gZ8j0,KRMIM2555070
792,"Little Hope","Azurever",108,1B,60,2025-10-01,03:17,25,"k-ballad","Little Hope",2025-10-01,61,20,0,66,0,10,-4,B Major,4,79erbnb8hIR9c5z7FXJ0pj,KSA012407907
793,"Only Time Knows (Feat. TRADE L, MEENOI)","SEIN,TRADE L,meenoi",91,1B,51,2025-10-04,02:51,24,"k-rap","I’m just SEIN",2025-10-02,72,43,0,34,30,10,-9,B Major,4,04uStS6S2MIZHXIWslygzB,KRMIM2554695
794,"CRZY (Feat. Gist, Shyboiitobii)","SEIN,Gist,Shyboiitobii",144,4B,46,2025-10-04,02:43,29,"k-rap","I’m just SEIN",2025-10-02,75,70,0,89,30,10,-9,G#/A♭ Major,4,7j3dL2JlQc6aQxKwfqmWfO,KRMIM2554696
795,"Ready","Jae Woo AN",116,7B,39,2025-10-04,04:15,19,"k-ballad","Ready",2025-10-04,57,64,0,12,0,10,-7,F Major,4,0qOnS0Cip2iG4SGx17RGjk,KRB472502961
796,"5 in the morning","seoseo,St. Humain",146,12A,72,2025-10-04,03:22,16,"","5 in the morning",2025-10-03,69,18,0,48,0,0,-5,C♯/D♭ Minor,4,2gvffscZTZamU7sLD0aejO,KRMIM2556172
797,"POV : HER","TRADE L",120,7B,65,2025-10-07,02:44,39,"k-rap","WHEN U TIPSY",2025-10-06,74,74,0,74,0,10,-6,F Major,4,1xFp0GakkFoj0HkmnQRgMA,KSA002501993
798,"A Moment","soowoo,maji",144,5B,37,2025-10-13,02:48,27,"","A Moment",2025-10-12,56,88,0,32,0,10,-9,D#/E♭ Major,4,26meVuaD3L1KfN3LIxmG35,KSA002502153
799,"Call Me Yours","KIMMUSEUM",137,11B,54,2025-10-23,03:56,40,"","Call Me Yours",2025-10-23,45,50,0,30,0,10,-8,A Major,4,5E5bGAhoWURCT96wz6e8Ij,ZZA0P2521363
800,"teachmehowtoloveyou (feat. MINAMI of RESCENE)","PATEKO,SHIRT,MINAMI",99,6A,54,2025-10-26,03:16,37,"k-ballad, k-rap, ","teachmehowtoloveyou",2025-10-25,72,58,0,23,0,10,-6,G Minor,4,5OryQacjxyYBX2BPXxqFI5,KRMIM2560574
801,"I Don't Know Why I Love You","ONSEEON",69,4B,44,2025-10-26,02:33,51,"k-ballad","I Don't Know Why I Love You",2024-05-09,52,79,0,89,10,20,-7,G#/A♭ Major,4,7wAFRqaN32oOT9pWajpidp,KSA012310805
802,"Just 1 year (Feat. 10CM)","BIG Naughty,10CM",127,11B,75,2025-10-27,03:02,44,"k-rap, k-ballad, soundtrack","Just 1 year",2025-10-27,52,2,0,22,0,10,-5,A Major,5,2jh4TUtbiQwP7wJVDbgf3b,KRA382506375
803,"to.","nachseol",120,7B,69,2025-10-29,03:20,47,"k-ballad","to.",2023-12-23,69,14,0,16,0,20,-5,F Major,1,67giFJRGQrJam33W9alOWR,KSA012292051
804,"plod","Gist",85,1B,67,2025-11-01,03:04,22,"k-rap","plod",2025-11-01,55,58,0,80,0,0,-5,B Major,4,6tL0g1RaykOO81xugkbGXb,KRMIM2562478
805,"Don’t Say It","Jae Woo AN",131,7B,47,2025-11-01,03:34,13,"k-ballad","Ballad Only",2025-11-01,47,64,0,29,0,10,-6,F Major,4,3c3Mr1x4H10nLTJ24DcbZK,KRB472503319
806,"Stoned","Urban Fisher",133,3B,60,2025-11-01,02:34,12,"k-rap","Stoned",2025-11-01,60,50,0,53,0,10,-7,C♯/D♭ Major,4,4GdMCjpf7fC4kAkh3iHwVK,KSA002502399
807,"SnowWorks","Azurever",103,11B,68,2025-11-02,02:43,19,"k-ballad","SnowWorks",2025-11-02,63,61,0,65,0,10,-4,A Major,4,6ZA4qjSnaNxeDxWphKbM0m,KSA012410549
808,"Rain","HAON",126,12A,59,2025-11-05,02:34,30,"k-rap","Woman",2025-11-04,69,87,0,70,0,10,-9,C♯/D♭ Minor,4,5xYjKeo7tKjIA39IUyr5yL,KRA252502116
809,"Crisis","HAON",110,5A,46,2025-11-05,02:04,37,"k-rap","Woman",2025-11-04,54,59,0,15,0,10,-8,C Minor,4,7zJsWFDxgdZgm1NyxuuLFF,KRA252502117
810,"Home","HAON",86,8A,44,2025-11-05,03:00,28,"k-rap","Woman",2025-11-04,65,46,0,54,10,50,-6,A Minor,4,7dF4fCMqQD87llZpUbgBOQ,KRA252502118
811,"Shower","HAON",82,12A,49,2025-11-05,02:36,35,"k-rap","Woman",2025-11-04,72,32,0,26,10,10,-6,C♯/D♭ Minor,4,0smNbgXPBVxCgXGLmQMhS9,KRA252502119
812,"why","HAON",94,4A,53,2025-11-05,02:04,26,"k-rap","Woman",2025-11-04,71,47,4,69,0,10,-8,F Minor,4,6ePpcesqNcUL48UpClLTQc,KRA252502120
813,"be mine","THAMA,Jay Park",80,12B,58,2025-11-05,03:07,31,"k-rap, k-pop","be mine",2025-11-04,62,7,0,61,0,10,-7,E Major,4,1NbmF6MheA6VlRv7II4rGZ,KSA002502419
814,"알고말고","Chan,TRADE L",130,4B,55,2025-11-06,02:42,33,"k-rap","알고말고",2025-11-06,68,53,0,74,0,20,-10,G#/A♭ Major,4,1JoiX4tvic4brn41uzx1dC,KSA002502462
815,"Home","Grizzly",154,5B,63,2025-11-06,03:27,8,"k-ballad, k-rap","Flower Shop4",2025-11-06,33,31,0,35,0,0,-5,D#/E♭ Major,3,6e0ecJzELnbOuG0hRBGFLT,KRA382506503
816,"The Sun and the Sea (Feat. Jung Zi So)","Grizzly,Jung Zi So",120,7B,33,2025-11-06,04:07,11,"k-ballad, k-rap","Flower Shop4",2025-11-06,50,78,0,28,0,10,-7,F Major,4,5yMz0QdFiT8xVVB5wZ9T7t,KRA382506504
817,"Crazy Love!","Cosmic Boy,Giwon,Kim Seungmin,RYUL",103,2B,68,2025-11-09,02:52,39,"k-rap, k-ballad, ","Crazy Love!",2025-10-21,70,60,0,69,0,30,-4,F#/G♭ Major,4,2196ggm7N06JkHFozfjQ1P,KSA002502253
818,"Reason (Feat. Gist, PARK HYEON JIN)","Wavycake,Gist,PARKHUNJIN",79,1B,62,2025-11-09,04:06,4,"k-rap, ","Inspiration",2022-06-05,47,63,0,28,0,10,-6,B Major,4,17T6AdSqQXf9OTzBf3Cqb7,KRB472200888
819,"CHOICE (Feat. Gist)","GRIO,Gist",120,3B,39,2025-11-09,03:52,11,"k-rap","Dry Flower",2022-08-14,63,45,0,23,0,10,-7,C♯/D♭ Major,4,2qiW2EjyDgPRDoGURIvnmL,KRB472201412
820,"Because You Are So Pretty (Feat. Joob A)","Chawoo,Joob A",146,8B,57,2025-11-09,02:42,24,"k-ballad","Report of Love 下 (哀)",2023-10-12,56,45,0,62,0,40,-5,C Major,4,2hIWc2TeYLhKWe6HgUTWdc,KRA492300918
821,"Don’t Cry (feat. TRADE L, Chan)","Yuwol,Chan,TRADE L",76,7A,64,2025-11-09,03:17,14,"k-rap","Don’t Cry (feat. TRADE L, Chan)",2024-03-01,49,58,0,44,0,10,-6,D Minor,4,2iChE2JF60IG8pfdMetOQu,KRA252400601
822,"as ever","Cha Woo Joo",173,8B,51,2025-11-09,03:00,22,"k-rap","as ever",2024-06-15,43,48,0,43,0,10,-7,C Major,4,5jqEh5Qi2VU3IiM9cFvKJS,KSA002401267
823,"Take my hand (feat. GIST)","Cha Woo Joo,Gist",125,8B,68,2025-11-09,03:50,1,"k-rap","X Part.2",2021-08-17,60,10,0,22,0,10,-5,C Major,4,1tEjZf5LYGyUzIbuodY300,KRF632103375
824,"Smile For Me (feat. KURO)","Sumsher,KURO",168,8B,68,2025-11-09,03:05,19,"k-rap","Smile For Me (feat. KURO)",2024-06-01,71,38,0,50,20,10,-4,C Major,4,3NDuXz8fMshN0Mw8BRiotE,KRMIM2440103
825,"Beautiful night","YECHAN",202,1B,56,2025-11-10,03:36,49,"k-ballad","Beautiful night",2025-07-28,49,31,0,39,0,10,-6,B Major,4,3LCvIshvmAXc3b8IJHngC7,KRF632504714
826,"All Of My Life (feat. Babylon)","BUMKEY,Babylon",95,5B,62,2025-11-10,03:55,20,"k-rap, malay","All Of My Life",2021-07-27,64,52,0,38,0,20,-6,D#/E♭ Major,4,3HVyATHdED2cg4fUXL9XM6,KRA252101348
827,"비상이야","UYoung Wave",85,9B,42,2025-11-10,03:25,39,"k-ballad","UYoung Wave 2",2025-07-28,68,55,0,59,0,0,-13,G Major,4,38TU0DRrViNDvzydWf3PUo,QZWFN2501584
828,"winter story","YECHAN",82,11B,54,2025-11-10,03:33,37,"k-ballad","I won't forget about winter",2024-11-20,64,54,0,35,0,10,-8,A Major,4,6Kuhisf1NCGaVdEtaDO8Ph,KRF632407535
829,"Go away","Chawoo",78,4B,68,2025-11-13,02:44,22,"","Go away",2025-11-12,58,56,0,84,0,0,-6,G#/A♭ Major,4,30a2P5WPfpZRxkgegUDyXj,KSA002502464
830,"Stopover","Hollow Young,J Way",94,12A,79,2025-11-13,02:57,14,"","Stopover",2025-11-13,75,23,0,68,0,10,-6,C♯/D♭ Minor,4,1M2d4d01zxAYrRV1NFzRJ3,KSB042500456
831,"signs","Giwon",127,3B,65,2025-11-13,02:16,55,"","signs",2025-11-13,78,44,0,51,0,10,-7,C♯/D♭ Major,4,2tbEksv7lhfmUzlX5djhGq,KSA002502530
832,"Broken iPhone","Kim Siwon",108,11A,67,2025-11-19,02:53,43,"k-ballad","Broken iPhone",2023-05-23,71,45,0,73,0,10,-4,F#/G♭ Minor,4,3rQuzKhshFfZIWT5Mfoc4T,KSA002301104
833,"Beautiful (feat.B.I)","basecamp,B.I",90,1B,57,2025-11-19,02:43,32,"k-pop, k-rap","Beautiful (feat.B.I)",2024-04-06,80,33,0,36,0,0,-7,B Major,4,1jsb7psN28hLCfvUfJWmYz,KRA252400891
834,"White","Seo actor,Dept,Jimmy Brown",81,8A,52,2025-11-19,02:35,35,"","White",2020-05-24,55,76,0,54,10,10,-6,A Minor,1,412nLwVTwU3nlXFXOr2VqW,KRMIM2011490
835,"Paper Love (feat. OLNL & hartts)","LOTI,OLNL,hartts",77,8A,45,2025-11-19,02:58,14,"k-rap, ","Paper Love (feat. OLNL & hartts)",2025-11-15,75,48,0,59,0,10,-5,A Minor,4,0VIYhg97OVN56nlNcneTLV,KRMIM2563969
836,"Better Days (Feat. THAMA)","JUNNY,THAMA",180,11B,52,2025-11-19,02:53,35,"k-rap","Promise",2023-12-16,59,23,0,76,10,10,-5,A Major,3,5kA68e8I8WKYdbGTLLyJ7J,KRA382322503
837,"survive (feat. Jayci yucca)","basecamp,Jayci yucca",150,10B,50,2025-11-19,03:15,16,"k-rap, k-ballad","survive (feat. Jayci yucca)",2024-03-02,75,39,0,41,0,10,-7,D Major,4,3SonX7h05NZQ5NeI4swuzC,KRA252400610
838,"Useless(Feat. THAMA, MEENOI)","HAAN,THAMA,meenoi",170,9B,47,2025-11-19,02:40,25,"k-rap","have not, have",2023-12-14,66,69,0,87,40,10,-5,G Major,4,09JNcqANHL4u48qHuazHmf,KSA002303477
839,"Infatuation","I'MIN",111,9B,67,2025-11-19,02:38,49,"","Infatuation",2023-10-20,78,68,0,76,0,10,-4,G Major,3,1zuYCNR6E5wUsS3ANFaDSA,SE5Q52302461
840,"Playground","Yel,TRADE L",100,5B,37,2025-11-20,04:16,38,"k-rap","Playground",2024-11-08,66,10,0,44,0,10,-10,D#/E♭ Major,4,6wxY8VU7thGHZJfdqcYRfI,QT2VB2465340
841,"Dawn (feat. jeebanoff)","B-BOMB,jeebanoff",72,4A,41,2025-11-30,04:04,10,"k-rap","Dawn (feat. jeebanoff)",2019-07-08,76,80,0,47,10,10,-7,F Minor,4,3kXDkEB3oTLNkaQgdbwmnx,KRB461900459
842,"Fresh Air","Rothy,Chan,LOGOS",121,4A,58,2025-11-30,02:18,33,"k-ballad, ","Fresh Air",2025-11-28,84,21,0,71,0,10,-5,F Minor,4,42Obs08BqmPN316TLEgIGN,KRMIM2568642
843,"Love Virus (Feat. I.M)","Heize,I.M",92,9A,55,2025-11-30,03:43,46,"k-ballad, k-pop, k-rap","LOVE VIRUS Pt.1",2025-11-27,66,41,0,64,0,10,-8,E Minor,4,5jgXg4Sen0qi02jDf68RSA,KRMIM2565288
844,"Last Taxi (Feat. LEECHANGSUB)","Heize,LEECHANGSUB",174,8B,65,2025-11-30,03:28,36,"k-ballad, k-pop","LOVE VIRUS Pt.1",2025-11-27,46,19,0,51,20,30,-6,C Major,4,7hdQBqSKmR6bqBIEkzvrQ7,KRMIM2565289
845,"어차피 우린","UYoung Wave",90,1B,44,2025-12-02,03:04,33,"k-ballad","UYoung Wave 2",2025-07-28,72,51,0,56,0,10,-13,B Major,4,7naJUaZUnLIRLr1FRxkn3p,QZWFN2501586
846,"Message (with Gist)","Suen,Gist",127,7B,63,2025-12-04,02:50,33,"k-rap","Message (with Gist)",2025-11-10,68,54,0,74,0,10,-5,F Major,4,5qYfMMCvenoDhXp6upn3iL,KRMIM2563430
847,"you don't know","Chan",115,6B,56,2025-12-05,02:41,23,"","After the film",2021-10-20,68,72,0,59,0,10,-7,A#/B♭ Major,4,38YwurDRcPINEonjnrqFwA,KRA252101952
848,"Air Raid Siren","Hollow Young,J Way",114,11A,56,2025-12-06,01:54,13,"","Holloway",2025-12-05,84,22,0,55,0,20,-4,F#/G♭ Minor,4,3yRwovWXtRmZruNwoZmWQl,KSB042500983
849,"If","Hollow Young,J Way",168,4A,73,2025-12-06,02:18,11,"","Holloway",2025-12-05,66,48,0,68,0,30,-7,F Minor,4,64AdRrCEcc9tooXZQKhQmm,KSB042500985
850,"Stopover","Hollow Young,J Way",94,12A,79,2025-12-06,02:57,3,"","Holloway",2025-12-05,75,23,0,68,0,10,-6,C♯/D♭ Minor,4,7gqIdUfgm3blJHqSe8HHjV,KSB042500987
851,"Boring Song (Feat. HOON)","Hollow Young,J Way,HOON",134,3B,60,2025-12-06,02:53,14,"k-rap","Holloway",2025-12-05,85,39,0,96,0,10,-4,C♯/D♭ Major,4,1py2al07FFeYoiTb9RnnOS,KSB042500988
852,"Blushing","meenoi",145,3B,42,2025-12-06,02:57,28,"k-rap","NOI MAS 2",2025-12-04,66,7,0,71,0,30,-8,C♯/D♭ Major,4,0fru9mz5ftHcI6khFRbNAI,KSA002502658
853,"Fight Me","meenoi",130,7B,44,2025-12-06,03:13,32,"k-rap","NOI MAS 2",2025-12-04,77,54,0,48,0,10,-6,F Major,4,5O5VmnQod5yUADtMmvixel,KSA002502659
854,"4 Seasons","VVON",85,8B,61,2025-12-07,02:31,9,"","VVON ThiS VVAY",2025-12-02,51,33,0,75,30,0,-6,C Major,4,7ctWVwMlVdKOihC0b12lNw,KRMIM2479179
855,"Somehow","VVON",171,6B,60,2025-12-07,03:10,18,"","VVON ThiS VVAY",2025-12-02,37,49,0,46,0,10,-5,A#/B♭ Major,4,1rozBjpQFLRtxDOOREFwSk,KRMIM2566875
856,"ROUGH PATCH","TRADE L,SEIN,Jay Park",88,10B,49,2025-12-10,03:40,37,"k-rap, k-pop","@whereissein",2025-12-09,68,55,0,48,0,10,-8,D Major,4,7lBwDlQdO4LM2uKGOIPQ1f,KSA002502805
857,"BOOKED","TRADE L,SEIN,BIG Naughty",110,10A,45,2025-12-10,02:57,34,"k-rap, k-ballad","@whereissein",2025-12-09,72,82,0,51,0,40,-7,B Minor,4,6NnjekVwuiQySpHbre96RB,KSA002502806
858,"1,150km","TRADE L,SEIN",117,8A,53,2025-12-10,03:27,33,"k-rap","@whereissein",2025-12-09,73,66,0,51,0,10,-7,A Minor,4,6U9KN9Z5fTaX3BsRBxnVas,KSA002502807
859,"thinkin′ bout u","HAAN,Chan",86,10A,45,2025-12-10,02:39,34,"","EXchange4, Pt. 9 (Original Soundtrack)",2025-12-10,62,17,0,69,0,20,-8,B Minor,4,6iuqmyMJc3Q77jJQfT891F,KRA492501085
860,"The clouds (feat. THAMA)","jeebanoff,THAMA",90,12A,62,2025-12-11,03:57,17,"k-rap","GOOD THING. [remix]",2020-09-29,66,17,0,47,0,20,-5,C♯/D♭ Minor,4,3i3GcEIvfODa7tvDP6reE4,QZF452004889
861,"FIRST SNOW","JUNE",80,2B,26,2025-12-12,04:02,21,"k-ballad","FIRST SNOW",2025-12-12,69,92,0,27,0,10,-12,F#/G♭ Major,4,5CSUAjm7CMCNOMFOQr4obG,ZZA0P2524870
862,"SEASONS","JUNNY",75,4B,54,2025-12-17,03:31,42,"k-rap","SEASONS",2025-12-16,64,43,0,46,0,10,-7,G#/A♭ Major,4,10OEQdjmXQythIMxOWK3GE,KRA382507206
863,"Tomorrow","Cha Woo Joo",93,12A,65,2025-12-19,02:23,14,"k-rap","Tomorrow",2025-12-18,66,41,0,84,0,20,-5,C♯/D♭ Minor,3,3hWWY7mGsnih3uP0Q4xEJ8,ZZA0P2525209
864,"is it then or you","Homeboy,Luckypink4ever",150,5A,56,2025-12-19,03:01,5,"city pop, ","light for the youth",2021-05-01,61,54,0,22,0,0,-7,C Minor,4,0tFNRR5F7AVtdTwRbDvUjx,KSA002100159
865,"S H O W (Feat. SHIRT)","Chan,SHIRT",176,2B,56,2025-12-23,02:18,17,"","Look at Me !!!",2022-11-28,35,12,0,17,0,20,-6,F#/G♭ Major,4,1MG3FzhHvIYMVGcV49lKow,KSA002202292
866,"Last Song","Jae Woo AN,Bas Bao",166,9B,68,2025-12-23,03:33,33,"k-ballad","Last Song",2023-05-10,53,44,0,61,10,10,-5,G Major,4,36MBwvm3O7tVk5q3f28TrB,KRMIM2347785
867,"Between Love and Goodbye","Jae Woo AN",136,5B,45,2025-12-27,03:34,18,"k-ballad","Between Love and Goodbye",2025-12-27,52,29,0,45,0,10,-6,D#/E♭ Major,4,4gqitLSaaelXAywIoN0TW1,KRB472506502
868,"I loved you too much to just laugh it off","doyouka",79,11B,54,2025-12-28,04:40,45,"k-ballad","I loved you too much to just laugh it off",2024-05-19,46,68,0,41,0,30,-6,A Major,4,3kYbsaDoSDmhwXgsb7Lznr,ZZA0P2405126
869,"Acc","HOON",106,8B,55,2025-12-29,02:28,15,"k-rap","Acc",2025-12-28,79,37,0,26,0,10,-7,C Major,4,3MgxDOjenF7zgJivRKGEqk,KSA002503005
870,"Sincere Lies (Feat. GARY)","BIG Naughty,GARY",102,11B,69,2025-12-31,03:33,40,"k-rap, k-ballad","Sincere Lies",2025-12-31,59,38,0,36,0,10,-5,A Major,4,1NK9RWPSHo1sti3n5gSR7z,KRA382507290
871,"Even if","Heize",60,11A,55,2025-12-31,02:57,38,"k-ballad, k-pop","Even if",2025-12-31,40,68,0,73,20,30,-6,F#/G♭ Minor,4,1rHo4936RJpdfxP1JxSMRk,KRMIM2572848
872,"TAKE A BITE","TRADE L,Moon Sujin",138,8A,63,2026-01-09,02:48,23,"k-rap","WHEN U TIPSY",2025-10-06,73,24,0,51,0,20,-5,A Minor,3,4DI7Ku1rnWALjwYGN15eM3,KSA002501994
873,"Rolled Omelette","KURO",134,3A,54,2026-01-10,03:11,21,"k-rap","Rolled Omelette",2026-01-05,63,67,0,37,0,30,-7,A#/B♭ Minor,4,5HLwREfQZ4mC7PZ3Xh0P1N,KRMIM2573242
874,"JYAGI (Feat. Gist)","h3hyeon,Gist",120,11B,39,2026-01-10,02:22,26,"k-rap","NO NAME YET",2026-01-10,51,71,0,59,0,20,-5,A Major,4,3308ZebTvszyOvt40ygG36,KRMIM2600883
875,"In Love","Darren,Aden",81,11B,28,2026-01-15,03:34,29,"","In Love",2022-05-24,73,85,0,61,0,20,-10,A Major,4,2fZSRo7MQeHgbnZVzZSCkW,KRMIM2217943
876,"Truth","jeebanoff",170,11B,78,2026-01-15,04:09,34,"k-rap","KARMA",2017-11-29,39,67,0,36,20,10,-6,A Major,4,5uMiNSy5JYg7xOiaQIPP0J,QZEKE2000211
877,"가로등 불빛 아래 (feat. somo)","BENEVOLL,somo",160,4B,74,2026-01-20,03:40,37,"k-ballad, ","YOUTH",2024-10-27,55,51,0,66,0,10,-4,G#/A♭ Major,4,4hqJduR4CAKry6n1FsKDo3,KSA012356523
878,"Still","HOON,maximus!",74,10A,49,2026-01-22,03:18,11,"k-rap, thai trap, thai hip hop","chaste love",2026-01-22,63,22,0,14,0,30,-9,B Minor,4,2JQbc1JqiB3kb5AqxYfc5l,KSA002650637
879,"Kaito kid","HOON",97,8B,41,2026-01-22,02:01,11,"k-rap","chaste love",2026-01-22,78,37,0,74,10,10,-9,C Major,4,6XEBk8aDGRVFWGb6wM9UAy,KSA002650640
880,"Only you","HOON",150,8B,37,2026-01-22,01:44,3,"k-rap","chaste love",2026-01-22,83,34,0,63,0,10,-9,C Major,4,3u75tx9kJIBqiIMbo1AKKH,KSA002650642
881,"Free her","HOON",60,3A,23,2026-01-22,02:13,2,"k-rap","chaste love",2026-01-22,83,74,0,27,0,10,-8,A#/B♭ Minor,4,04PKXC3HZraa8i2hyrp9Of,KSA002650643
882,"Let’s call it love","Hollow Young",82,4A,61,2026-01-26,02:48,27,"","Let’s call it love",2026-01-26,75,33,0,69,10,0,-4,F Minor,4,1GGakjVdQXJZgfCF6Dda7U,KSB042600323
883,"When I Woke Up","Gist",98,10B,53,2026-01-28,01:59,23,"k-rap","R&G",2026-01-28,56,56,0,52,0,10,-7,D Major,1,3aM3ufFynFEAEEeYpTzbHL,KRMIM2609564
884,"Song 4 You (Feat. Bang Yedam)","Gist,BANG YEDAM",120,4A,62,2026-01-28,02:46,34,"k-rap, ","R&G",2026-01-28,64,50,0,75,10,40,-5,F Minor,4,6pu7gbUfBJRJgZRyrEXJyq,KRMIM2609565
885,"Never Change","Gist",82,9B,56,2026-01-28,02:45,27,"k-rap","R&G",2026-01-28,64,59,0,27,0,10,-8,G Major,4,128RBlLDjbSROFaR7xSJRj,KRMIM2609566
886,"Same Clothes","Gist",102,12B,35,2026-01-28,02:15,23,"k-rap","R&G",2026-01-28,63,52,0,54,0,10,-9,E Major,4,5BIJuKH69LwKz1tm648roW,KRMIM2609569
887,"Never Meant to Be","GIRIBOY,Heize",120,4A,65,2026-01-31,02:59,49,"k-rap, k-ballad, k-pop","Never Meant to Be",2026-01-29,82,27,0,93,0,10,-5,F Minor,4,7BstEf1Z8koda0WPrba16o,ZZA0P2601832
888,"사랑은 낭만적이라","UYoung Wave",85,12B,44,2026-02-01,02:46,40,"k-ballad","Uyoung Wave 7",2026-01-27,72,59,0,60,0,10,-12,E Major,4,4noX676QEqh8omFXcJiFHl,GXJBL2613144
889,"MANGWONRO 76-4","Jae Woo AN",150,11B,64,2026-02-01,03:03,17,"k-ballad","Not Us",2026-02-01,65,68,0,76,0,10,-7,A Major,4,6oYCXceloruBie6GR6G9HD,KRB472600318
890,"I LOVE YOU","YECHAN",81,9B,61,2026-02-02,03:13,46,"k-ballad","I LOVE YOU",2026-01-30,60,70,0,75,0,20,-7,G Major,4,5udN9Ew0DTNra4oF7g7OoZ,KSB042600453
891,"SAVE ME","Cha Woo Joo",136,12B,60,2026-02-03,03:07,32,"k-rap","SAVE ME",2026-02-03,54,3,0,43,0,60,-4,E Major,4,0Dl9zaQa98CBI888R8KGEh,ZZA0P2602337
892,"Again","hartts",92,1B,72,2026-02-04,03:13,35,"","Again",2025-06-24,59,30,0,57,0,10,-5,B Major,4,4kPetZ4yIZpaC1bkjxo2NC,KRMIM2534913
893,"널 기다리다 잠들었어","UYoung Wave",76,9B,35,2026-02-04,03:29,34,"k-ballad","Uyoung Wave 6",2025-10-10,66,35,0,36,0,30,-13,G Major,1,2xQl0QvXQnWUslU5QngQUZ,GX53U2676767
894,"bad friend","SFC.JGR",106,11A,56,2026-02-07,02:42,29,"","bad friend",2026-02-07,71,40,25,60,0,0,-10,F#/G♭ Minor,4,6uCPuIVSEE2xXBjROxJAPg,KSB022610103
895,"whydoyouloveme","g0nny",166,4A,68,2026-02-09,03:08,41,"","Why do you love me?",2022-06-01,49,43,0,53,20,10,-8,F Minor,4,2AXjZcgqWzBa5SMTnGJ6u0,KSA012161004
896,"Why Do You Love Me (feat. Sonny Zero & Ashley Alisha)","Seo actor,Dept,Ashley Alisha,Sonny Zero",88,2B,40,2026-02-09,03:09,34,"","Love Is A Heart",2021-10-17,66,61,0,40,0,10,-6,F#/G♭ Major,4,79Fe4kJo3do6DpdfRDQg01,KRMIM2141746
897,"Light off","daall,박현진,Giwon",85,2B,54,2026-02-09,02:40,24,"k-rap, ","WYD right now?",2026-01-07,52,16,0,76,0,0,-6,F#/G♭ Major,4,3Gu4AtSFMj2oKfz68LMiV7,KSB042503965
898,"Though It Feels Empty","Hollow Young",140,9B,74,2026-02-09,02:52,21,"","Though It Feels Empty",2026-02-09,79,37,0,93,0,10,-4,G Major,4,7jvD4EXiTWHncCdyEUfGvS,KSB042600713
899,"Still","Hollow Young",156,12A,72,2026-02-09,02:56,23,"","Though It Feels Empty",2026-02-09,74,17,0,58,0,30,-5,C♯/D♭ Minor,4,5Qsa2zNTputA3J7InncV0E,KSB042600714
900,"Close to You","Hollow Young",160,3B,61,2026-02-09,02:27,18,"","Though It Feels Empty",2026-02-09,70,17,0,73,0,0,-5,C♯/D♭ Major,4,6yXS5m8XuXCcEg33hrN6o0,KSB042600715
901,"Light for You (Art. Page !)","Anonymous Artists (어나니머스 아티스트),Page !",87,7B,62,2026-02-14,04:00,12,"","Light for You (Art. Page !)",2026-02-13,32,58,0,43,0,20,-3,F Major,4,2IkINn8xQHAQPSpztCjIdS,ZZA0P2602892
902,"Awoong-Dawoong","Yyeon,TimeFeveR",80,3B,54,2026-02-14,02:39,57,"k-ballad, k-rap","Love Story",2026-01-07,59,58,0,75,20,0,-5,C♯/D♭ Major,4,4TZpuTW62a7qcfpAiALD6R,KRF502500614
903,"Pastel Luv (with JU-NE)","Suen,JU-NE",156,8B,78,2026-02-17,02:38,38,"k-rap, ","In my room.",2026-02-13,55,20,0,51,0,10,-5,C Major,4,2HwaDbDQwioZyZ7bAakoQY,KRMIM2529009
904,"Endless story (feat. TRADE L)","YOUNGJOO,TRADE L",95,10A,55,2026-02-17,03:19,29,"k-rap","Endless story",2026-01-13,69,60,4,40,0,10,-9,B Minor,4,2XAYYibwjdqJMmDe3FM4wa,KRA252600009
905,"It’s Alright","RYUL",122,10A,80,2026-02-19,02:08,32,"","It’s Alright",2025-10-16,71,58,0,71,0,30,-5,B Minor,4,4q8PIvmLBm0larmrnnxl0E,KSA002502156
906,"Oxygen","RYUL",168,9B,54,2026-02-19,02:39,40,"","Oxygen",2025-07-15,39,73,0,54,0,20,-5,G Major,3,1iT3UWfZUSGYHjpIdYLbg9,KSA002501369
907,"서로 (Used to be)","HAKI",70,9A,26,2026-02-20,03:18,42,"","서로 (Used to be)",2019-08-17,76,84,0,38,10,10,-11,E Minor,4,4bnlUuN0hKq0WpLFAGvsTC,KRMIM1913388
908,"NERD (feat. Colde)","B.I,Colde",75,9B,42,2026-02-20,03:07,36,"k-pop, k-rap, ","COSMOS",2021-11-11,56,33,0,14,0,10,-8,G Major,4,30wqbWkkWtnle5ItRx1Opo,KRMIM2144026
909,"Phone","Grizzly",83,3A,52,2026-02-20,03:29,25,"k-ballad, k-rap","Phone",2019-03-30,78,24,0,71,0,10,-6,A#/B♭ Minor,4,5wt7Bk634BIVNPVLs0sLZW,KRA252100886
910,"ed","Kaution",96,4A,56,2026-02-20,03:23,52,"k-ballad","ed",2023-07-14,83,10,0,88,10,20,-5,F Minor,4,04dsLeipiUTv5FWadYyYES,KSA012259880
911,"hbu","TRADE L,meenoi",78,11A,59,2026-02-21,02:16,41,"k-rap","LOVE MAZE II",2026-02-21,74,65,0,96,0,10,-8,F#/G♭ Minor,4,3K9tplVNejv5QRiRoEda83,KSA002650837
912,"S.O.S","TRADE L",117,8B,57,2026-02-21,03:29,43,"k-rap","LOVE MAZE II",2026-02-21,76,71,0,35,0,10,-8,C Major,4,4d8Dk5aJCaavm2LCnNFHae,KSA002650836
913,"gn","TRADE L,Chan",99,12B,18,2026-02-21,03:01,35,"k-rap, ","LOVE MAZE II",2026-02-21,73,83,0,71,0,10,-14,E Major,4,4OcVZk2wqUarJn3TLvKZYE,KSA002650839
914,"PERSONAL COLOR","TRADE L",162,10B,31,2026-02-21,03:24,33,"k-rap","LOVE MAZE II",2026-02-21,69,85,0,58,0,10,-11,D Major,3,5bOabVZOZKfdzquXN6VSQF,KSA002650843
915,"lovely","TRADE L,Gist,HOON",114,4B,37,2026-02-21,02:52,38,"k-rap","LOVE MAZE II",2026-02-21,81,51,0,82,0,10,-8,G#/A♭ Major,4,4LiLznDEeIy4oGL6vDldjf,KSA002650840
916,"f ur bf","TRADE L",82,7B,26,2026-02-21,02:58,34,"k-rap","LOVE MAZE II",2026-02-21,84,19,0,58,10,10,-9,F Major,4,3LIlOz5oI10NclY9oscTOH,KSA002650842
917,"Like Winter","LIPNINE",180,10B,63,2026-02-22,02:34,20,"k-rap","Like Winter",2026-02-21,48,21,0,73,0,10,-4,D Major,4,6o5e8y3VNIQ2NjT7Vj3J6y,KRMIM2615179
918,"Valentine (Feat. Min Jiwoon)","Wonstein,Min Jiwoon",80,10A,44,2026-02-24,03:28,25,"k-rap, ","TENT",2025-09-25,75,25,0,90,20,10,-7,B Minor,4,7hnnB1g67ey0Agj43XAjBF,ZZA0P2410073
919,"The Giving Tree (Feat. Sung woo Lee of NoBrain)","BIG Naughty,Sung woo Lee of NoBrain",75,11B,69,2026-02-26,03:24,35,"k-rap, k-ballad, ","Between Cobalt and Navy",2026-02-26,28,30,0,17,0,10,-4,A Major,4,28RnDBYZzNbOjdD9hGC7nV,KRA382506376
920,"All to None (Feat. Mingginyu)","BIG Naughty,Mingginyu",148,2B,39,2026-02-26,03:04,42,"k-rap, k-ballad","Between Cobalt and Navy",2026-02-26,41,42,0,43,0,10,-6,F#/G♭ Major,4,0gOXzgrXMRkPQOgFSAcn3q,KRA382601123
921,"Echo (Feat. Sunwoojunga)","BIG Naughty,sunwoojunga",128,4B,30,2026-02-26,03:37,37,"k-rap, k-ballad","Between Cobalt and Navy",2026-02-26,52,94,2,26,0,0,-10,G#/A♭ Major,4,6vCKumMEeYKXN7hBSA4kxx,KRA382601124
922,"Call Me Maybe (Feat. jisokuryClub)","BIG Naughty,jisokuryClub",131,11A,46,2026-02-26,03:42,37,"k-rap, k-ballad, k-rock","Between Cobalt and Navy",2026-02-26,46,85,0,18,0,10,-9,F#/G♭ Minor,4,3gC0JqSHQRXNZZSHNjgIFI,KRA382601125
923,"Let Me Love You (Feat. blah)","BIG Naughty,blah",124,4B,42,2026-02-26,03:52,36,"k-rap, k-ballad, ","Between Cobalt and Navy",2026-02-26,54,82,0,40,0,10,-9,G#/A♭ Major,4,1wpY0RBkpeXdpX8C1Iuqfj,KRA382601126
924,"The Lady (feat. Moon Byul)","BUMKEY,Moon Byul",136,8B,72,2026-02-26,03:51,44,"k-rap, k-pop","The Lady (feat. Moon Byul)",2021-05-05,65,36,0,69,0,10,-4,C Major,4,1qJoIWGezEjpoKnEEp33wR,KRA252100583
925,"merlot","nafla",96,5A,75,2026-02-28,03:05,17,"k-rap","merlot",2019-12-19,67,36,0,81,0,60,-4,C Minor,4,1f4VBMhDYfJfwg39pMoYCB,KRA252002065
926,"칸예보다 너","Chan,Gist",130,11B,53,2026-03-05,02:47,43,"k-rap","칸예보다 너",2026-03-05,71,59,0,57,0,30,-7,A Major,4,1yR5Lh7tf9Dklrh8Nid9Uo,KSA002650921
927,"Timing (feat. KIMMUSEUM & amin)","Dept,KIMMUSEUM,amin",87,8B,61,2026-03-05,02:48,36,"","Timing",2020-02-09,54,49,0,58,30,20,-6,C Major,4,016VfrN8ZjkeDEghMKigyz,KRMIM2002063
928,"arrrt.","Chawoo",75,11B,61,2026-03-12,02:14,31,"","arrrt.",2026-03-11,63,42,0,70,0,10,-5,A Major,4,6cwELvkSjzUsZsg2RECEaC,KSA002650927
929,"emoji","TRADE L,Suen",107,10A,32,2026-03-12,03:39,42,"k-rap","emoji",2026-03-12,70,74,0,56,10,10,-12,B Minor,4,2jriOP3Vos1V2dsxNkdu18,KSA002650974
930,"24 hours","DYMIN",90,3B,75,2026-03-14,02:33,23,"k-rap","24 hours",2026-03-14,76,24,0,33,0,20,-5,C♯/D♭ Major,4,7g1EBoFbkMLHeFIqZmqzSz,KRMIM2620128
931,"너만 좋아하던 노래","DYMIN,Jae Woo AN",91,2A,64,2026-03-14,02:31,12,"k-rap, k-ballad","너만 좋아하던 노래",2026-01-29,58,41,0,42,0,30,-6,D#/E♭ Minor,4,7GPygOUYBW06DmDApre5pW,KRMIM2603818
932,"VIENNA","LEON",123,11B,53,2026-03-18,02:53,22,"k-rap","VIENNA",2026-03-17,61,57,0,31,0,10,-4,A Major,3,1dC3Y6tZXsa10m2ArluJ9Z,KSB042601485
933,"Strangers","Jae Woo AN",128,10B,68,2026-03-18,03:22,27,"k-ballad","Strangers",2026-03-17,68,59,0,72,0,20,-4,D Major,4,6v5rwqKKZyw05VIxnqa1r8,KRB472600796
934,"Stuck in My Head","HAAN,Chan,g0nny",90,8A,46,2026-03-20,02:33,41,"","In My Head",2026-03-19,75,67,0,86,0,30,-7,A Minor,4,0oQWm8tjM9RT194in5CMe4,KSA002651080
935,"my problem","HAAN,JUNE,Rothy",90,11A,56,2026-03-20,02:32,37,"k-ballad","In My Head",2026-03-19,64,37,0,51,30,30,-7,F#/G♭ Minor,4,2lBomY5MXUYNXijxR5LPUQ,KSA002651081
936,"Dear Friend","PATEKO,Kid Wine",164,10B,73,2026-03-21,03:38,32,"k-ballad, k-rap","Patek on Wine 1.5",2026-03-19,54,39,0,48,0,20,-5,D Major,4,4YOWwta3eCxa33chRePaUn,KRMIM2621559
937,"Hanabi","PATEKO,Kid Wine",150,9B,57,2026-03-21,03:25,32,"k-ballad, k-rap","Patek on Wine 1.5",2026-03-19,56,65,0,34,0,10,-6,G Major,4,3e2xznYaDPrIqSR8bGEXL9,KRMIM2621560
938,"TOO LATE (Feat. GIRIBOY)","SEIN,Gist,GIRIBOY",120,12B,51,2026-03-26,02:58,41,"k-rap","BOYFRIEND",2026-03-26,78,75,0,71,0,10,-4,E Major,4,4CrPNUTchkUzbz4LGACtch,KRMIM2622682
939,"INTO YOU","SEIN,Gist",123,10A,57,2026-03-26,03:14,35,"k-rap","BOYFRIEND",2026-03-26,61,47,0,38,0,10,-7,B Minor,4,0iMcb6cDzrCMxt2D1k1JDI,KRMIM2622683
940,"BOYFRIEND","SEIN,Gist",85,5B,31,2026-03-26,01:51,30,"k-rap","BOYFRIEND",2026-03-26,38,77,0,55,0,30,-10,D#/E♭ Major,4,3NXJfMd6muttheXzrssxbz,KRMIM2622690
941,"Stay Like This","Hollow Young",174,4A,48,2026-03-26,03:21,26,"","Stay Like This",2026-03-25,55,24,0,40,10,10,-6,F Minor,3,2juDgvhDmqHoP1w6n4U9rM,KSB042602298
942,"Merry go round (feat. meenoi)","ILHOON,PATEKO,meenoi",125,10B,66,2026-03-26,03:08,38,"k-rap, k-ballad","Merry go round",2026-03-26,79,53,0,67,0,30,-6,D Major,4,06DwYf0HWXvv34dgb9eUSH,KRMIM2621150
943,"5월의 밤 (May)","Zion.T",90,9B,36,2026-03-30,03:16,53,"k-rap, k-ballad","5월의 밤 (May)",2019-11-06,73,35,0,33,10,10,-9,G Major,4,3gVbD5APaL2N4yDWM5YWiQ,KRA401900241
944,"Don't you know","basecamp",95,6A,44,2026-03-31,03:16,28,"","Emotions",2026-03-30,79,71,59,95,0,20,-9,G Minor,4,1o5lmNh2uPe1e5g67AUKKe,KRMIM2618593
945,"WTFisgoingon","HOON,Giwon",160,8B,52,2026-03-31,02:25,28,"k-rap, ","WTFisgoingon",2026-03-31,79,47,0,78,10,20,-8,C Major,4,52x2c0CpPqEp7hN1rqa97o,KSA002651190
946,"Problem","RYUL,Kim Seungmin",89,5A,61,2026-04-03,02:24,35,"k-rap, k-ballad","Problem",2026-03-18,66,52,0,64,10,20,-5,C Minor,4,6eLCTEnUJujlnqUMahLslt,KSA002651034
947,"Perfect Love","Blue.D,BE'O",92,12A,67,2026-04-03,03:12,37,"k-rap","Perfect Love",2026-03-06,53,24,0,40,0,10,-4,C♯/D♭ Minor,4,6Ac5zKHW6EYSCnGQBCfqRV,KSA002650941
948,"COZY LOVE","hartts,CHORDA",140,7B,80,2026-04-06,02:35,25,"","4 ALL THE LOV3RS IN THE B4CKSEAT",2025-09-10,61,4,0,87,0,0,-5,F Major,4,3P9eEBHukibbs6pBXyIs13,KRMIM2549344
949,"비행기 모드","hartts",89,12A,64,2026-04-06,03:26,34,"","비행기 모드",2024-01-23,65,32,0,66,10,10,-5,C♯/D♭ Minor,4,3mATQSdGSVibDWS07E9HKm,QM4TW2428700
950,"Like Me","pH-1",80,3A,60,2026-04-07,03:51,46,"k-rap","HALO",2019-03-28,68,21,0,85,10,30,-6,A#/B♭ Minor,4,6CgtxMNf4JQpgUuDT62CJQ,KRF151900025
951,"After Several Seasons (feat. E.ul, Hollow Young)","Taeb2,E.ul,Hollow Young",90,7B,65,2026-04-10,02:42,21,"k-rap, k-ballad, ","We Met, We Parted",2026-03-23,63,6,0,81,0,20,-7,F Major,4,3jP8T5i9KAnKJke0MsmC7F,KRMIM2622156
952,"lost property","ONSEEON,Gin",85,10B,47,2026-04-15,02:45,23,"k-ballad, ","lost property",2025-01-15,70,65,0,67,20,30,-7,D Major,4,2ODCltwu6y33OQoAaZvH3j,KSA012370370
953,"STORY (Feat. PARK HYEON JIN)","V.et,PARK HYEON JIN",123,3B,60,2026-04-15,02:46,9,"k-rap","BLESSING 0.5",2024-08-24,68,44,0,59,0,20,-6,C♯/D♭ Major,4,2g5quQWXNiTL10IBrmpFGn,KRB472401382
954,"Looking Back","Hollow Young",140,6B,71,2026-04-17,02:35,29,"","Looking Back",2026-04-17,72,32,0,64,0,10,-4,A#/B♭ Major,4,0QQA3zdJVftSb7YflBodJ2,KSB042603255
955,"What do I do (Feat. Suen, Gist)","GRIO,Suen,Gist",92,11A,57,2026-04-18,02:49,31,"k-rap","TINY",2026-04-18,69,58,0,48,10,20,-5,F#/G♭ Minor,4,1i3yD168goOB0s6qdQ8Q0j,KRB472601299
956,"If (Feat. Hollow Young, noahjooda)","GRIO,Hollow Young,noahjooda",108,9B,65,2026-04-18,03:11,26,"k-rap, k-ballad","TINY",2026-04-18,67,31,0,51,0,30,-5,G Major,4,2oVv55xMgU4eydjW9Jg6Bx,KRB472601295
957,"Hongdae Station (Feat. Gist, Huh)","GRIO,Gist,rosy",85,3B,67,2026-04-18,03:00,27,"k-rap","TINY",2026-04-18,49,70,0,67,0,20,-6,C♯/D♭ Major,4,7d6ZLC4eQmE7Mzmir33LWB,KRB472601296
958,"HAPPY ENDING (Feat. Hollow Young)","GRIO,Hollow Young",92,2B,65,2026-04-18,03:33,26,"k-rap, ","TINY",2026-04-18,60,9,0,59,0,30,-5,F#/G♭ Major,4,1PobpQtzzKR4eOVF3LJew0,KRB472601303
959,"Distance","Ourealgoat",160,6B,54,2026-04-19,03:06,32,"k-rap","Distance",2026-04-18,36,32,0,59,0,10,-6,A#/B♭ Major,4,0sDCXTrEo3D82Liz1WaLkJ,KSA002651324
960,"DREAM","Jung Jin Woo",106,9B,41,2026-04-19,03:10,26,"","My Original Sound Track",2020-11-02,84,61,0,65,20,0,-8,G Major,4,5TIF2vQ43WaUve1LjFw7Uu,KRA382006206
961,"Never Again (Feat. Kid Wine)","Jae Woo AN,Kid Wine",156,2B,54,2026-04-21,02:56,32,"k-ballad, k-rap","Never Again",2026-04-21,53,51,0,55,0,20,-6,F#/G♭ Major,4,2agY35cLVIWWANW8UHItGd,KRB472601314
962,"With an Umbrella (feat. EZ Kim)","seizetheday,EZ Kim",80,12A,55,2026-04-22,03:31,36,"soundtrack","Burn the Memory",2023-03-09,50,63,0,46,0,80,-6,C♯/D♭ Minor,4,1n0AKrAgihIBumnkrpoNof,KSA002300480
963,"I Know","Primary,SUMIN",97,10A,68,2026-04-22,03:30,45,"k-rap, j-r&b","Shininryu",2017-08-04,62,17,0,73,20,20,-3,B Minor,4,1jDHmJvfcfjbOMXRFR98zf,KRA381701837
964,"sunday","TRADE L",105,8B,45,2026-04-28,02:29,30,"k-rap","aurora",2026-04-28,81,48,0,24,0,10,-6,C Major,4,1QQyMKRCOUQS8aKNeiHJRu,KRE132600014
965,"blue","TRADE L",114,2A,23,2026-04-28,03:06,27,"k-rap","aurora",2026-04-28,71,87,0,47,0,10,-16,D#/E♭ Minor,4,0d2DKV8v4WVsbmA5denZ4p,KRE132600018
966,"xoxo (feat. Leellamarz)","TRADE L,Leellamarz",110,8B,47,2026-04-28,02:57,31,"k-rap","aurora",2026-04-28,71,45,0,67,0,10,-8,C Major,4,67JCwSgOyfmrGELvb2SFPC,KRE132600019
967,"heartless (feat. MELOH)","TRADE L,MELOH",90,1B,45,2026-04-28,04:00,28,"k-rap","aurora",2026-04-28,44,61,0,52,20,10,-11,B Major,4,3zU4V4bNui7NRN36R8Szyh,KRE132600021
968,"hustled","TRADE L",107,3B,45,2026-04-28,03:04,26,"k-rap","aurora",2026-04-28,71,48,0,50,0,20,-9,C♯/D♭ Major,4,6dMM9ZGvTMAgBKRIcT5XbR,KRE132600022
969,"i need u","TRADE L",136,9B,56,2026-04-28,02:24,28,"k-rap","aurora",2026-04-28,72,31,0,74,0,10,-8,G Major,4,370mW23E4zn6Bog0fAB2xe,KRE132600017
970,"Call Me (Feat. TRADE L, Suen)","Midas P,TRADE L,Suen",105,9A,67,2026-04-29,03:05,33,"k-rap","Call Me (Feat. TRADE L, Suen)",2026-04-13,79,31,0,63,0,0,-4,E Minor,4,5dgxIyIyySEnYstsBvVu67,KRMIM2625414