#,Song,Artist,BPM,Camelot,Energy,Added At,Duration,Popularity,Genres,Album,Album Date,Dance,Acoustic,Instrumental,Valence,Speech,Live,Loud (Db),Key,Time Signature,Spotify Track Id,ISRC,appearance_count,mbti_type
14,That’s So True,Gracie Abrams,109,3B,81,2025-03-02,02:46,90,,The Secret of Us (Deluxe),2024-10-18,55,21,0,37,0,10,-4,C♯/D♭ Major,4,7ne4VBA60CxGM75vw0EYad,USUG12406903,12,ESFJ
76,いつか,Saucy Dog,80,9B,51,2022-12-03,04:34,26,"j-pop, japanese indie",カントリーロード,2017-05-24,60,9,0,45,0,20,-5,G Major,4,0v3iUTe5rskRsxbUhboRlT,JPZ921704027,10,ESFJ
29,Love Lee,AKMU,100,4A,53,2025-10-06,02:59,64,"k-ballad, k-pop",Love Lee,2023-08-21,91,45,0,71,0,10,-7,F Minor,4,1qosh64U6CR5ki1g1Rf2dZ,KRA402300033,10,ESFJ
26,Magnetic,ILLIT,131,2B,67,2026-02-09,02:40,83,k-pop,SUPER REAL ME,2024-03-25,80,26,0,69,0,0,-6,F#/G♭ Major,4,1aKvZDoLGkNMxoRYgkckZG,USA2P2413259,10,ESFJ
188,plot twist,TWS,112,7B,71,2024-02-28,02:32,70,k-pop,TWS 1st Mini Album 'Sparkling Blue',2024-01-22,81,1,0,73,0,10,-5,F Major,4,0aZG8KWrpRnsGL0loUkfSj,USA2P2360920,8,ESFJ
26,Teacher's Pet,Melanie Martinez,141,6A,79,2023-11-26,04:01,76,,K-12,2019-09-06,69,27,0,53,0,10,-6,G Minor,3,5o5akY9xnEk6lpMkD8RwD9,USAT21902535,8,ESFJ
84,Young And Beautiful,Lana Del Rey,114,10A,42,2023-11-26,03:56,89,,Young And Beautiful,2013-01-01,32,26,0,15,0,10,-9,B Minor,4,2nMeu6UenVvwUktBCpLMK9,GBUM71301823,8,ESFJ
179,花束,back number,160,10B,71,2023-12-10,04:46,78,"j-pop, j-rock",スーパースター,2011-10-26,52,2,0,51,0,30,-4,D Major,4,3QIAwtEEDOrv0g5NKCGrXZ,JPPO01131060,8,ESFJ
97,New Jeans,NewJeans,134,9A,72,2023-07-07,01:48,79,k-pop,NewJeans 'Super Shy',2023-07-07,81,51,0,53,0,10,-6,E Minor,4,6rdkCkjk6D12xRpdMXy0I2,USA2P2330067,8,ESFJ
98,Super Shy,NewJeans,150,4A,82,2023-07-07,02:34,80,k-pop,NewJeans 'Super Shy',2023-07-07,78,18,0,52,0,10,-6,F Minor,4,5sdQOyqq2IDhvmx2lHOpwd,USA2P2330068,8,ESFJ
112,アイドルライフスターターパック,iLiFE!,95,3B,99,2023-08-25,03:49,35,j-pop,アイライフスターターパック！,2023-01-01,56,4,0,56,0,30,-3,C♯/D♭ Major,4,51XcpvL1UZ4gMucSlCz04J,JPW462248141,8,ESFJ
113,アイドルライフブースターパック,iLiFE!,95,3B,97,2023-08-25,03:49,38,j-pop,アイドルライフブースターパック,2023-08-21,54,29,0,66,10,40,-5,C♯/D♭ Major,4,0jiUrQ539mOtwojnW1Nhmp,JPW462353018,8,ESFJ
125,Candy,NCT DREAM,120,3B,96,2023-10-07,03:37,65,"k-pop, noise music",Candy - Winter Special Mini Album,2022-12-16,65,5,0,84,0,20,-1,C♯/D♭ Major,4,27bIik73QCu8Xzt3xpG1bI,KRA302200259,8,ESFJ
175,オールドファッション,back number,176,2B,81,2023-12-10,04:14,71,"j-pop, j-rock",MAGIC,2019-03-27,39,8,0,39,0,10,-4,F#/G♭ Major,4,0Xn30nT5EKFPsWvpiJ2Iav,JPPO01805085,6,ESFJ
34,Still into You,Paramore,136,7B,92,2022-06-07,03:36,84,"pop punk, emo",Paramore,2013-04-05,60,1,0,77,0,0,-4,F Major,4,1yjY7rpaAQvKwpdUliHx0d,USAT21300012,6,ESFJ
253,Whiplash,aespa,126,3A,90,2024-11-26,03:03,67,k-pop,Whiplash - The 5th Mini Album,2024-10-21,86,9,2,74,0,0,-3,A#/B♭ Minor,4,7Cnpb1vBbC46RgVyyKLH7p,KRA302400341,6,ESFJ
178,アイラブユー,back number,78,3B,63,2023-12-10,03:55,63,"j-pop, j-rock",ユーモア,2023-01-17,48,29,0,46,0,10,-3,C♯/D♭ Major,4,34ayWAUrQcrjlKZOJAzqke,JPPO02202786,6,ESFJ
199,Lucky Girl Syndrome,ILLIT,120,8B,92,2024-05-27,02:20,75,k-pop,SUPER REAL ME,2024-03-25,76,2,0,44,0,20,-4,C Major,4,2kIUILBPlz4exX9xIFS275,USA2P2413261,6,ESFJ
325,桜の森,Gen Hoshino,122,9B,63,2025-09-17,05:10,55,"j-pop, anime",YELLOW DANCER,2015-12-02,87,26,0,93,0,10,-6,G Major,4,7hjZPeA13HBpkkQw9Hzrqe,JPVI01411570,6,ESFJ
44,Lover,Taylor Swift,69,9B,54,2023-11-26,03:41,85,,Lover,2019-08-23,36,49,0,45,0,10,-8,G Major,4,1dGr1c8CrMLDpV6mPbImSI,USUG11901473,6,ESFJ
255,ボーイフレンド,aiko,120,10B,89,2024-12-12,04:46,56,j-pop,ボーイフレンド,2000-09-20,74,6,0,79,0,30,-3,D Major,4,4h4qR86LKL1KnzQWM2484a,JPPC00000663,6,ESFJ
60,Cinnamon Girl,Lana Del Rey,92,11A,34,2022-01-14,05:00,89,,Norman Fucking Rockwell!,2019-08-30,29,81,41,14,0,10,-11,F#/G♭ Minor,5,2mdEsXPu8ZmkHRRtAdC09e,GBUM71903147,6,ESFJ
57,Feather,Sabrina Carpenter,124,11A,69,2023-09-21,03:05,84,pop,emails i can’t send fwd:,2023-03-17,79,7,0,83,0,10,-4,F#/G♭ Minor,4,2Zo1PcszsT9WQ0ANntJbID,USUM72301876,6,ESFJ
15,King Of My Heart,Taylor Swift,110,8B,70,2023-11-26,03:34,72,,reputation,2017-11-10,68,1,0,31,0,0,-8,C Major,4,7HuBDWi18s4aJM8UFnNheH,USCJY1750011,6,ESFJ
16,All Of The Girls You Loved Before,Taylor Swift,96,10B,47,2023-11-26,03:41,71,,All Of The Girls You Loved Before,2019-08-23,73,71,0,40,0,10,-10,D Major,3,4P9Q0GojKVXpRTJCaL3kyy,USUG12301406,6,ESFJ
306,相思相愛,aiko,186,11B,48,2025-06-16,04:20,60,j-pop,相思相愛,2024-04-12,52,2,0,60,0,10,-6,A Major,4,01vIbnKIo9QDYeqSc7ecoi,JPPC02410892,6,ESFJ
134,we can't be friends (wait for your love),Ariana Grande,116,7B,65,2024-03-15,03:48,87,pop,eternal sunshine,2024-03-08,65,6,0,30,0,0,-8,F Major,4,51ZQ1vr10ffzbwIjDCwqm4,USUM72317276,6,ESFJ
258,First Love,Hikaru Utada,180,9B,43,2024-12-29,04:17,72,"j-pop, j-r&b, anime",First Love,1999-03-10,44,12,0,20,0,10,-8,G Major,4,39HrUxcvKF3jtLz7fUDWXc,JPTO09901670,6,ESFJ
241,ハナミズキ,Yo Hitoto,141,12B,40,2024-11-11,05:23,58,"kayōkyoku, j-pop, enka",ハナミズキ,2004-02-11,40,88,0,31,0,10,-6,E Major,4,28NV7pexaSrgQqxize1rav,JPCO00330020,6,ESFJ
307,愛をこめて花束を,Superfly,162,9B,80,2025-06-16,04:55,72,j-pop,Superfly,2007-04-04,37,15,0,45,0,0,-3,G Major,4,7CmWXD3w1xOO53AAO4LRVQ,JPWP00700855,6,ESFJ
271,ATTITUDE,IVE,118,3B,84,2025-02-12,03:14,62,k-pop,IVE EMPATHY,2025-02-03,81,8,0,53,0,0,-5,C♯/D♭ Major,4,04mHr76sMR8RSqVIgWl785,QMFMF2434281,6,ESFJ
150,"Good Luck, Babe!",Chappell Roan,117,10A,58,2024-06-05,03:38,90,,"Good Luck, Babe!",2024-04-05,70,5,0,79,0,0,-6,B Minor,4,0WbMK4wrZ1wFSty9F7FCgu,USUG12401967,6,ESFJ
208,come again,m-flo,130,4B,89,2024-07-19,05:54,49,"j-r&b, j-pop, j-rap, shibuya-kei",REPLAY 〜Limited Collection〜,2019-08-07,71,53,0,93,0,10,-4,G#/A♭ Major,4,1CZeGqCedLsWhFufD9UjYa,JPB600059501,6,ESFJ
308,あなたがいることで,Uru,147,9B,50,2025-06-16,05:16,65,"j-pop, anime",オリオンブルー (Special Edition),2020-03-18,51,68,0,25,0,10,-5,G Major,4,2AVbKUuvvzbPK6NIZZZvcY,JPU902000080,6,ESFJ
311,カブトムシ,aiko,149,5A,48,2025-06-30,05:13,65,j-pop,カブトムシ,1999-11-17,50,11,0,26,0,20,-5,C Minor,4,2Os0vzke5CakbU3dkSHckx,JPPC09901693,6,ESFJ
75,クリスマスソング,back number,154,12B,71,2022-12-03,05:40,69,"j-pop, j-rock",シャンデリア,2015-12-09,40,13,0,42,0,10,-3,E Major,4,5P8ZvBQoCrujjNcLAxO3Su,JPPO01509647,6,ESFJ
212,恋人ごっこ,Macaroni Empitsu,102,3B,65,2024-07-28,03:20,70,j-pop,hope,2020-04-01,44,12,0,75,0,0,-5,C♯/D♭ Major,4,2SihT7AVMiI2VtaAyVIcnO,JPB602051826,6,ESFJ
31,deja vu,Olivia Rodrigo,181,10B,61,2023-11-26,03:35,88,,SOUR,2021-05-21,44,58,0,18,10,30,-7,D Major,4,6HU7h9RYOaPRFeh0R3UeAr,USUG12101240,6,ESFJ
213,幸せ,back number,74,10A,57,2024-07-28,06:37,64,"j-pop, j-rock",スーパースター,2011-10-26,49,2,0,47,0,0,-3,B Minor,4,1YVuXOCjN1GkGYqZ8RCcF3,JPPO01100260,6,ESFJ
19,I Love You So,The Walters,76,6B,65,2022-05-04,02:40,87,,I Love You So,2014-11-28,57,58,0,47,0,10,-5,A#/B♭ Major,4,4SqWKzw0CbA05TGszDgMlc,TCACC1438995,6,ESFJ
34,Feel My Rhythm,Red Velvet,158,3B,94,2022-06-26,03:30,64,k-pop,‘The ReVe Festival 2022 - Feel My Rhythm’,2022-03-21,41,6,0,42,20,30,-2,C♯/D♭ Major,4,2oBMZYteeO8DyXV9gDx6Za,KRA302200057,6,ESFJ
58,高嶺の花子さん,back number,138,11B,92,2022-09-16,04:54,77,"j-pop, j-rock",ラブストーリー,2014-03-26,54,7,0,34,0,10,-3,A Major,4,2jdbZGFp8KVTuk0YxDNL4l,JPPO01336381,6,ESFJ
63,死ぬのがいいわ,Fujii Kaze,158,11A,76,2022-10-24,03:05,67,j-pop,HELP EVER HURT NEVER,2020-05-20,60,17,0,52,0,10,-6,F#/G♭ Minor,4,0HYAsQwJIO6FLqpyTeD3l6,JPPO02000610,6,ESFJ
73,わたがし,back number,124,8B,83,2022-12-03,04:22,63,"j-pop, j-rock",アンコール,2016-12-28,69,5,0,61,0,0,-3,C Major,4,37rQZTnbIE9JRJYzX2wCiw,JPPO01208479,6,ESFJ
74,僕は君の事が好きだけど君は僕を別に好きじゃないみたい,back number,101,3B,77,2022-12-03,04:46,67,"j-pop, j-rock",シャンデリア,2015-12-09,58,1,0,70,0,0,-4,C♯/D♭ Major,4,1WutVejYvP7220sofj3xId,JPPO01510427,6,ESFJ
161,Skin,Sabrina Carpenter,106,9B,46,2022-05-19,02:57,66,pop,Skin,2021-01-22,56,43,0,33,0,0,-5,G Major,4,03B2SfXuvDh1m9F4tqrX07,USUM72100805,6,ESFJ
192,Really Like You,Gyubin,104,4B,71,2024-03-25,02:58,60,,Really Like You,2024-01-17,68,24,0,81,0,10,-3,G#/A♭ Major,4,0achc2JEdzkJQXRl0LbUox,KRMIM2400826,6,ESFJ
78,Ditto,NewJeans,134,11A,64,2022-12-28,03:05,80,k-pop,Ditto,2022-12-19,81,3,0,18,10,10,-6,F#/G♭ Minor,4,3r8RuvgbX9s7ammBn07D3W,USA2P2254487,6,ESFJ
141,I Can Fix Him (No Really I Can),Taylor Swift,107,11A,26,2024-05-01,02:36,59,,THE TORTURED POETS DEPARTMENT,2024-04-18,66,77,0,32,0,10,-14,F#/G♭ Minor,4,2h3MDMf8sd9s4XIzpTBIjX,USUG12401038,6,ESFJ
32,Perfect Night,LE SSERAFIM,136,7B,82,2026-02-08,02:39,77,k-pop,Perfect Night,2023-10-27,70,10,0,50,0,0,-5,F Major,4,74X2u8JMVooG2QbjRxXwR8,USA2P2349660,6,ESFJ
104,ASAP,NewJeans,130,5A,49,2023-07-21,02:14,70,k-pop,NewJeans 2nd EP 'Get Up',2023-07-21,93,47,0,37,10,10,-10,C Minor,4,5fpyAakgFOm4YTXkgfPzvV,USA2P2330074,6,ESFJ
290,きらり,Fujii Kaze,117,10B,77,2025-04-12,03:47,69,j-pop,LOVE ALL SERVE ALL,2022-03-23,75,1,0,69,0,30,-7,D Major,4,3L7ISJTvKx56uhsF28aJ4p,JPPO02100710,6,ESFJ
209,Busy Woman,Sabrina Carpenter,117,9B,76,2026-04-04,03:06,84,pop,Short n' Sweet (Deluxe),2025-02-14,73,17,0,90,0,10,-5,G Major,4,0b0Dz0Gi86SVdBxYeiQcCP,USUM72413907,6,ESFJ
170,HAPPY BIRTHDAY,back number,146,1B,60,2023-12-10,04:18,76,"j-pop, j-rock",MAGIC,2019-03-27,48,7,0,54,0,0,-4,B Major,4,4FMz2RFrbDGzJO7K4D0vS3,JPPO01806756,6,ESFJ
1,Heart Attack (츄),LOONA,99,9B,86,2025-10-06,03:14,62,k-pop,Chuu,2017-12-28,66,5,0,75,0,50,-3,G Major,4,6SSC9KZQaxBdyipKRigrFC,KRE081700034,6,ESFJ
5,Hype Boy,NewJeans,100,9A,94,2025-10-06,02:59,78,k-pop,NewJeans 1st EP 'New Jeans',2022-08-01,59,27,0,78,20,20,-3,E Minor,4,0a4MMyCrzT0En247IhqZbD,USA2P2230222,6,ESFJ
10,Cookie,NewJeans,157,8B,64,2025-10-06,03:55,75,k-pop,NewJeans 1st EP 'New Jeans',2022-08-01,85,6,0,66,0,0,-4,C Major,4,2DwUdMJ5uxv20EhAildreg,USA2P2230223,6,ESFJ
124,Life Is Still Going On,NCT DREAM,150,5A,75,2023-10-07,03:38,65,"k-pop, noise music",Hello Future - The 1st Album Repackage,2021-06-28,68,16,0,68,0,30,-3,C Minor,4,3THdOskGxdJcRbp0DcS4s0,KRA302100219,6,ESFJ
171,怪盗,back number,114,9B,84,2023-12-10,03:16,66,"j-pop, j-rock",ユーモア,2023-01-17,64,44,0,81,0,30,-2,G Major,4,014Dp0tBp4d9uuFAvH1mlc,JPPO02100848,6,ESFJ
126,Give Love,AKMU,96,7B,71,2023-10-07,02:56,64,"k-ballad, k-pop",PLAY,2014-04-07,79,33,0,84,0,0,-5,F Major,4,2A3ShNautqXezP1lFDePwa,KRB471400413,6,ESFJ
250,キセキ,GReeeeN,90,8B,62,2024-11-20,04:31,60,j-pop,キセキ,2008-06-04,64,10,0,32,0,10,-4,C Major,4,2bzdhN6Y5AP1zRRf12QwJq,JPPO00817740,6,ESFJ
2,needy,Ariana Grande,87,6A,31,2026-02-08,02:51,84,pop,"thank u, next",2019-02-08,65,78,0,20,0,20,-8,G Minor,4,1TEL6MlSSVLSdhOSddidlJ,USUM71900396,6,ESFJ
152,今夜このまま,Aimyon,105,3B,85,2023-11-20,03:58,67,j-pop,瞬間的シックスセンス,2019-02-13,44,3,0,64,0,0,-4,C♯/D♭ Major,4,6kKvmT4i0Dercz6f3kftg3,JPWP01871332,6,ESFJ
13,One Last Time,Ariana Grande,125,4B,60,2022-05-04,03:17,61,pop,My Everything,2014-08-25,63,10,0,10,0,10,-5,G#/A♭ Major,4,4Y8KhqNtOMToFdUOAJpECt,USUM71409723,6,ESFJ
363,Tears,Sabrina Carpenter,113,8B,88,2026-04-15,02:40,88,pop,Man’s Best Friend,2025-08-29,70,2,0,49,0,0,-5,C Major,4,42VUCXerQ5qTr4Qp6PhKo4,USUM72504355,6,ESFJ
3,ウエディング,Masanori Otoda,136,5B,47,2026-03-07,05:18,59,j-pop,ウエディング,2022-10-25,60,35,0,45,0,0,-7,D#/E♭ Major,4,3ZtHtqqSEKd8EcggroTfZU,JPU902203865,6,ESFJ
2,Dollhouse,Melanie Martinez,130,4A,71,2023-11-26,03:51,76,,Cry Baby (Deluxe Edition),2015-08-14,73,22,0,56,0,70,-5,F Minor,4,6wNeKPXF0RDKyvfKfri5hf,USAT21401604,6,ESFJ
5,"jealousy, jealousy",Olivia Rodrigo,164,3A,57,2023-11-26,02:53,83,,SOUR,2021-05-21,70,20,0,70,10,0,-6,A#/B♭ Minor,4,0MMyJUC3WNnFS1lit5pTjk,USUG12101248,6,ESFJ
195,満月の夜なら,Aimyon,97,4B,95,2024-05-05,03:25,58,j-pop,瞬間的シックスセンス,2019-02-13,55,1,0,78,0,30,-3,G#/A♭ Major,4,7DW5Dro8AHE7x19COl26E3,JPWP01870353,4,ESFJ
36,Pretty Girl,Clairo,112,8B,61,2023-11-26,02:58,5,bedroom pop,Pretty Girl,2017-08-04,93,59,0,70,0,0,-4,C Major,4,0KyAGiNGUytG5JLxJu4F6l,TCADF1795049,4,ESFJ
37,the last great american dynasty,Taylor Swift,148,9B,66,2023-11-26,03:50,68,,folklore,2020-07-24,69,47,0,71,0,10,-9,G Major,4,2Eeur20xVqfUoM3Q7EFPFt,USUG12002837,4,ESFJ
196,SAYONARA MAYBE,NOMELON NOLEMON,169,10B,90,2024-05-06,04:04,56,j-pop,ルール,2023-08-11,52,1,0,82,0,10,-2,D Major,4,6RAskN5GPMpjnJgY3P7QBD,JPP302300393,4,ESFJ
197,絵空,Marcy,162,12B,64,2024-05-12,04:49,57,j-pop,Drama / 絵空,2020-05-31,39,17,0,20,0,0,-5,E Major,4,4xsUkiKSjfbJkgEenWV4EU,TCJPL2071547,4,ESFJ
198,HEYA,IVE,92,4A,84,2024-05-27,03:09,55,k-pop,IVE SWITCH,2024-04-29,70,3,0,69,0,20,-3,F Minor,4,1jXkl4Jv3iiX0Maj77witN,QM4TX2478220,4,ESFJ
41,Jigsaw,Conan Gray,168,11B,52,2023-11-26,03:28,61,,Superache,2022-06-24,27,8,0,16,0,10,-6,A Major,4,6bOd4UM7FaQOZXR2MBzSPi,USUM72200064,4,ESFJ
200,SHEESH,BABYMONSTER,140,10B,73,2024-05-27,02:50,78,k-pop,BABYMONS7ER,2024-04-01,77,11,0,46,10,0,-5,D Major,4,1njlnn8ZKHI77Pe9szIONR,KRA402400016,4,ESFJ
201,How Sweet,NewJeans,125,3B,90,2024-05-27,03:39,76,k-pop,How Sweet,2024-05-24,80,8,0,76,0,10,-3,C♯/D♭ Major,4,38tXZcL1gZRfbqfOG0VMTH,USA2P2414843,4,ESFJ
202,Bubble Gum,NewJeans,105,11B,71,2024-05-27,03:20,72,k-pop,How Sweet,2024-05-24,76,14,0,53,0,0,-4,A Major,4,19D8LNpWwIPpi6hs9BG7dq,USA2P2414844,4,ESFJ
203,T.B.H,QWER,178,10B,96,2024-05-27,02:55,59,"k-rock, k-pop",1st Mini Album 'MANITO',2024-04-01,55,5,0,68,10,10,-1,D Major,4,39gaUtq2z4ejJbno7tWHbL,KRA382401946,4,ESFJ
204,Obituary,Alexandre Desplat,159,6B,18,2024-05-27,03:30,28,"soundtrack, score",Obituary (From The Original Soundtrack Of The French Dispatch),2021-09-14,76,95,75,69,0,40,-15,A#/B♭ Major,4,6nn4ebgT72Cf8I5Dv4c9Wh,USA172092030,4,ESFJ
49,Begin Again (Taylor's Version),Taylor Swift,79,9B,53,2023-11-26,03:58,69,,Red (Taylor's Version),2021-11-12,52,8,0,27,0,10,-8,G Major,4,05GsNucq8Bngd9fnd4fRa0,USUG12103676,4,ESFJ
50,Better Man (Taylor's Version) (From The Vault),Taylor Swift,74,12B,58,2023-11-26,04:57,71,,Red (Taylor's Version),2021-11-12,47,21,0,26,0,0,-6,E Major,4,4OmFmE0fzcMG6g0Y8p4eSD,USUG12103682,4,ESFJ
205,青い珊瑚礁,Seiko Matsuda,137,11B,74,2024-06-29,03:41,54,"kayōkyoku, city pop, enka, j-pop",青い珊瑚礁,1980-00-00,65,26,0,73,0,10,-5,A Major,4,6uPyPOSTwYCgPjYINvXUKl,JPSR08007250,4,ESFJ
52,fever dream,mxmtoon,102,12B,70,2023-11-26,03:16,51,"bedroom pop, indie pop",dawn,2020-04-22,57,13,0,19,0,0,-6,E Major,4,4UCSbPweLRQNfkr5MCRooZ,GBKPL2082105,4,ESFJ
206,赤いスイートピー,Seiko Matsuda,168,9B,20,2024-06-29,03:38,58,"kayōkyoku, city pop, enka, j-pop",BIBLE,1980-00-00,47,66,0,45,0,0,-18,G Major,4,0b5iSriqvDLmd6QSWkalr3,JPSR08204860,4,ESFJ
207,Sun and Moon,aespa,140,9A,79,2024-07-17,03:19,55,k-pop,Hot Mess,2024-07-03,75,31,0,75,0,0,-4,E Minor,4,1oKOeJ2lFLmzReB6ONYLua,JPWP02470519,4,ESFJ
209,おやすみ泣き声、さよなら歌姫,Creep Hyp,188,4B,93,2024-07-28,03:58,47,"j-pop, j-rock",おやすみ泣き声、さよなら歌姫,2012-10-03,32,0,0,53,0,0,-2,G#/A♭ Major,4,0YU7g4Rm1FM9pVMxHfemIo,JPVI01217640,4,ESFJ
210,ヤングアダルト,Macaroni Empitsu,131,5B,83,2024-07-28,04:18,65,j-pop,hope,2020-04-01,74,33,0,83,0,0,-5,D#/E♭ Major,4,3IanNVIcOMlKFr329uhNcA,JPZ921907276,4,ESFJ
211,愛のレンタル,Macaroni Empitsu,106,11B,88,2024-07-28,04:18,65,j-pop,hope,2020-04-01,64,13,0,71,0,10,-3,A Major,4,4GgI6ESeHw4SPqicVY3HPV,JPZ922002312,4,ESFJ
61,get him back!,Olivia Rodrigo,162,7B,85,2023-11-26,03:31,79,,GUTS,2023-09-08,55,1,0,73,10,50,-6,F Major,4,2gyxAWHebV7xPYVxqoi86f,USUG12304099,4,ESFJ
62,Mrs. Potato Head,Melanie Martinez,170,12A,62,2023-11-26,03:37,75,,Cry Baby (Deluxe Edition),2015-08-14,52,17,0,46,0,10,-4,C♯/D♭ Minor,4,3K1tdhoeE6koNnWgAxEK9Y,USAT21501942,4,ESFJ
63,emails i can’t send,Sabrina Carpenter,86,9B,39,2023-11-26,01:44,70,pop,emails i can't send,2022-07-15,52,76,0,41,10,60,-11,G Major,3,2qLyo5FeWquE7HBUbcVnEy,USUM72210693,4,ESFJ
64,21,Gracie Abrams,125,10B,67,2023-11-26,03:05,34,,21,2020-02-20,76,52,0,40,0,10,-6,D Major,4,2D2lazsae9o1UoVPUAdxyT,USUG11903590,4,ESFJ
65,Fuck it I love you,Lana Del Rey,130,8A,45,2023-11-26,03:38,69,,Norman Fucking Rockwell!,2019-08-30,53,90,0,18,0,10,-11,A Minor,4,7MtVPRGtZl6rPjMfLoI3Lh,GBUM71903510,4,ESFJ
66,the 1,Taylor Swift,140,8B,36,2023-11-26,03:30,76,,folklore,2020-07-24,78,76,0,17,0,10,-7,C Major,4,0Jlcvv8IykzHaSmj49uNW8,USUG12002835,4,ESFJ
214,きゅるりんしてみて,きゅるりんってしてみて,138,5A,96,2024-08-14,03:41,54,j-pop,Dreamin' Closet,2023-11-22,67,1,0,96,0,30,-5,C Minor,4,00JQJ4aNxmC30ij4lB8B0t,JPZ922308477,4,ESFJ
215,らぶきゅん♡うぉんてっど,きゅるりんってしてみて,88,11B,87,2024-08-14,03:40,52,j-pop,らぶきゅん♡うぉんてっど,2024-03-06,63,3,0,72,10,20,-4,A Major,4,0CaeTYtL57FfMSbGrII1tM,TCJPZ2448806,4,ESFJ
216,ツインテールは20歳まで♡,きゅるりんってしてみて,158,9B,93,2024-08-14,03:14,51,j-pop,ツインテールは20歳まで♡,2023-11-06,53,8,0,66,0,30,-4,G Major,4,01QsIzZPw3twrllVxguXpc,JPZ922308475,4,ESFJ
217,キスハグ侵略者！,iLiFE!,168,3B,99,2024-08-14,03:51,53,j-pop,キスハグ侵略者！,2024-05-01,49,4,0,60,10,30,-4,C♯/D♭ Major,4,53I1pWLuvMBmfmxxwMJcJ3,JPW462412284,4,ESFJ
218,最上級にかわいいの！,Cho Tokimeki Sendenbu,168,7B,94,2024-08-14,03:10,57,j-pop,ときめく恋と青春,2024-01-24,59,3,0,82,0,20,-4,F Major,4,3Ac9x7tA96I5xUmZTDuqMX,JPB602400257,4,ESFJ
219,わたしの一番かわいいところ,FRUITS ZIPPER,128,11B,93,2024-08-14,04:20,1,j-pop,NEW KAWAII,2024-04-10,74,3,0,82,0,0,-4,A Major,4,0TMFD7Pk2Er1W8xi6CDeTe,JPR842000138,4,ESFJ
220,グリズリーに襲われたら♡,kamiyado,173,8B,94,2024-08-14,04:06,53,j-pop,グリズリーに襲われたら♡,2019-07-26,59,7,0,56,10,10,-5,C Major,4,4tjRvHjQu2fK8uEgXtjiTN,TCJPJ1947368,4,ESFJ
221,"If I’m S, Can You Be My N?",TWS,118,10A,83,2024-08-23,02:48,66,k-pop,TWS 2nd Mini Album 'SUMMER BEAT!',2024-06-24,79,10,0,88,10,30,-3,B Minor,4,2y8vRHEoz15sYDmxyrDePO,USA2P2428746,4,ESFJ
222,A Perfect Sky,BONNIE PINK,90,4B,77,2024-09-25,04:07,43,"j-pop, shibuya-kei, anime, j-r&b",A Perfect Sky,2006-06-28,64,48,0,84,0,40,-6,G#/A♭ Major,4,2Y8Bn3aXjuJo3uuiTkbCTX,JPWP00600530,4,ESFJ
223,元彼女のみなさまへ,Koresawa,122,12A,84,2024-09-25,04:08,53,j-pop,元彼女のみなさまへ,2024-09-04,65,4,0,76,0,20,-5,C♯/D♭ Minor,4,0H3RFIhXuuRoQyNKYdvSbn,JPCO02427810,4,ESFJ
224,VALENTI,BoA,104,3B,96,2024-09-25,04:18,53,"k-pop, j-pop, j-r&b",VALENTI,2003-01-29,64,2,0,91,0,20,-3,C♯/D♭ Major,4,0DTkhrr2Y8eWt3DrcoboRl,JPB600231701,4,ESFJ
225,ゲレンデがとけるほど恋したい,Kohmi Hirose,126,8A,89,2024-09-25,05:13,50,"kayōkyoku, j-pop",広瀬香美 THE BEST  Love Winters ,1998-11-11,66,15,0,58,0,20,-5,A Minor,4,6EvrfdvQ254FkKbNOnVXuQ,JPVI09529890,4,ESFJ
226,MajiでKoiする5秒前,Ryoko Hirosue,104,8B,91,2024-09-25,04:25,48,"kayōkyoku, j-pop",RH Singles&...〜edition de luxe〜,2013-09-25,69,7,0,79,0,0,-4,C Major,4,5ZykymYCbzRWl1b2A2LZZu,JPWP01371496,4,ESFJ
227,I don't Know,Apink,132,4A,84,2024-10-23,03:44,50,k-pop,Seven Springs Of Apink,2011-04-19,63,7,0,27,0,10,-3,F Minor,4,5DM5iNhImOgjBW3c5OgYLn,KRB131100016,4,ESFJ
228,洗濯機と君とラヂオ,Macaroni Empitsu,165,11A,90,2024-11-01,03:51,65,j-pop,CHOSYOKU,2017-12-07,52,1,0,74,0,20,-4,F#/G♭ Minor,4,24WOKllIT2yySSqtcTFmMf,JPZ921614923,4,ESFJ
229,アゲハ蝶,PornoGraffitti,116,8A,99,2024-11-04,04:41,64,"anime, j-pop, j-rock",アゲハ蝶,2001-06-27,73,20,0,93,0,30,-1,A Minor,4,3u924ZVORBYBPETTj6P12m,JPSR00102661,4,ESFJ
230,しゅーぱーめるてぃらびゅふれーばー♡,きゅるりんってしてみて,134,7B,92,2024-11-09,03:11,48,j-pop,しゅーぱーめるてぃらびゅふれーばー♡,2024-08-27,66,4,0,65,10,10,-3,F Major,4,7aCg58YbRlL2kqxzIzUcNv,TCJPB2462939,4,ESFJ
231,君とtea for two♡,Wasuta,172,4B,85,2024-11-09,03:44,43,j-pop,夏恋ジレンマ,2024-08-21,64,9,0,86,0,30,-4,G#/A♭ Major,4,5ShRP7wFUMhwi5lFMbNqyC,JPB602402584,4,ESFJ
86,lacy,Olivia Rodrigo,78,5B,37,2023-11-26,02:57,82,,GUTS,2023-09-08,40,82,0,43,0,10,-8,D#/E♭ Major,4,6QT6j7rKt7Vk3IuV2AUO9W,USUG12304095,4,ESFJ
232,♡♡♡わんだーらんど,きゅるりんってしてみて,170,3A,99,2024-11-09,03:24,52,j-pop,♡♡♡わんだーらんど,2024-10-20,53,3,0,79,0,30,-3,A#/B♭ Minor,4,7AYCIy5BGf45qnbYP0VkLZ,TCJPC2428848,4,ESFJ
233,ナイナイ恋煩い♡,iLiFE!,92,3B,92,2024-11-09,03:39,45,j-pop,アイドルライフブースターパック,2023-08-21,65,11,0,69,10,0,-5,C♯/D♭ Major,4,5RyoHfjpafonRlI0dqlodD,JPW462353019,4,ESFJ
234,恋愛決壊警報,君に、胸キュン。,78,2B,100,2024-11-09,04:12,42,,振り向いてキュンして。 (艶キュン ver.),2020-12-08,45,5,0,57,10,20,-2,F#/G♭ Major,4,1aWyyrqp6oTsT2xcJWFF6r,JPV752003521,4,ESFJ
90,Wildest Dreams (Taylor's Version),Taylor Swift,140,4B,66,2023-11-26,03:40,75,,1989 (Taylor's Version),2023-10-26,59,3,0,54,0,10,-7,G#/A♭ Major,4,1K39ty6o1sHwwlZwO6a7wK,USUG12103658,4,ESFJ
91,Margaret (feat. Bleachers),"Lana Del Rey,Bleachers",104,11B,25,2023-11-26,05:39,81,,Did you know that there's a tunnel under Ocean Blvd,2023-03-24,34,97,10,19,0,0,-13,A Major,4,1o82DwNisONAd2mu1RcGE6,GBUM72206760,4,ESFJ
235,ヒアルロンリーガール,ZOC,87,4B,95,2024-11-09,03:36,16,,SHINEMAGIC,2020-04-21,53,6,0,65,0,10,-3,G#/A♭ Major,4,2PpEe5fqplvzx17SCf9uaZ,JPE871903670,4,ESFJ
236,仮契約のシンデレラ,Shiritsu Ebisu Chugaku,170,8A,98,2024-11-09,04:44,45,"j-pop, anime",仮契約のシンデレラ(初回ビー盤),2012-05-05,50,6,1,54,20,50,-1,A Minor,4,0Id4GD77KUxARHKOOJHWzs,JPN101200043,4,ESFJ
237,Butterfly,Kaela Kimura,111,1B,63,2024-11-10,04:17,46,j-pop,5years,2010-02-03,60,70,0,74,0,0,-5,B Major,4,4KFQ43lyjYoCtaIaeY21VQ,JPCO00845290,4,ESFJ
238,NEMONEMO,YENA,138,3B,89,2024-11-10,02:58,68,k-pop,NEMONEMO,2024-09-30,66,2,0,81,0,30,-3,C♯/D♭ Major,4,4UwsXGVppRRJpKBHy0mtyK,KRMIM2465530,4,ESFJ
239,Strawberry Rush,CHUU,158,10B,84,2024-11-10,02:56,56,k-pop,Strawberry Rush,2024-06-25,59,15,0,51,0,10,-4,D Major,4,1gq1gf44tZ9cyTdlcyoJd1,KRB472400967,4,ESFJ
240,さよならエレジー,SUDA MASAKI,155,3B,93,2024-11-11,04:17,68,j-pop,PLAY(Special Edition),2018-03-21,47,0,0,62,0,20,-3,C♯/D♭ Major,4,3oYD2O31b05fILFpv0AXRI,JPU901704009,4,ESFJ
242,TOMORROW,Mayo Okamoto,106,7A,91,2024-11-12,04:47,0,"kayōkyoku, j-pop",RISE 1,2000-05-31,62,5,0,72,0,30,-3,D Minor,4,1KZUhS8ADGo3DZHzuhKaQD,JPTK09501110,4,ESFJ
243,風になる,Tsuji Ayano,135,8B,67,2024-11-13,04:36,59,j-pop,恋恋風歌,2003-05-21,64,24,0,55,0,10,-6,C Major,4,1BMYkyKXS6UfnJteWN7nSD,JPVI00213340,4,ESFJ
244,さくらんぼ,Ai Otsuka,170,9B,85,2024-11-13,03:53,65,j-pop,LOVE PUNCH,2004-03-31,52,13,0,71,0,30,-4,G Major,4,5U1xJmlRimUm6DtRd0kM6f,JPB600367001,4,ESFJ
102,greedy,Tate McRae,111,11A,73,2023-11-26,02:11,86,,greedy,2023-09-15,75,26,0,82,0,10,-3,F#/G♭ Minor,1,3rUGC1vUpkDG9CZFHMur1t,USRC12301932,4,ESFJ
245,プラネタリウム,Ai Otsuka,198,7A,58,2024-11-13,05:07,67,j-pop,LOVE COOK,2005-12-14,38,27,0,50,0,10,-6,D Minor,4,3zfyzbHuqcT2AAffAyLm02,JPB600540201,4,ESFJ
246,チャンカパーナ,NEWS,130,8B,97,2024-11-14,04:20,58,j-pop,チャンカパーナ,2012-07-18,55,3,0,68,0,30,-2,C Major,4,7Eh12O6cdN02uLHGDqQGMC,JPJE01200520,4,ESFJ
247,東京フラッシュ,Vaundy,98,10B,65,2024-11-16,04:18,67,"j-pop, japanese indie, j-rock, anime",strobo,2020-05-27,63,0,0,61,0,0,-5,D Major,4,04e72JtsOIIlHUQ7CvWwvX,JPR651900334,4,ESFJ
248,奏(かなで),Sukima Switch,150,6B,67,2024-11-17,05:28,74,"j-pop, anime",夏雲ノイズ,2004-06-23,52,55,0,46,0,0,-6,A#/B♭ Major,4,5RbMlPFL4gVyEHW2lEOuzG,JPBV00400009,4,ESFJ
249,残酷な天使のテーゼ,Yoko Takahashi,128,5A,77,2024-11-17,04:07,62,"anime, j-pop",残酷な天使のテーゼ/魂のルフラン,2018-06-20,69,2,0,50,0,10,-5,C Minor,4,23phSRwoMy48rwFpmuAP8q,JPKI09519950,4,ESFJ
251,Supernova,aespa,120,10A,75,2024-11-26,02:58,53,k-pop,Supernova,2024-05-13,75,1,0,37,0,0,-4,B Minor,4,2nPYPc5Ww4Nunu0FNCccPF,KRA302400092,4,ESFJ
252,Armageddon,aespa,92,11B,79,2024-11-26,03:16,60,k-pop,Armageddon - The 1st Album,2024-05-27,70,7,0,47,0,10,-2,A Major,4,6lAvyeD3Nq43AjyCxZQj54,KRA302400111,4,ESFJ
254,のびしろグリッター,iLiFE!,94,3A,96,2024-12-04,03:43,47,j-pop,のびしろグリッター,2024-04-24,64,8,0,44,10,30,-5,A#/B♭ Minor,4,0Rp2KDV4D2Uak5rIf3E5t3,JPW462412280,4,ESFJ
2,drivers license,Olivia Rodrigo,144,6B,43,2022-06-07,04:02,86,,SOUR,2021-05-21,56,77,0,14,0,10,-9,A#/B♭ Major,4,5wANPM4fQCJwkGd4rN57mH,USUG12004749,4,ESFJ
256,浮気したらあかんで,Koresawa,166,10A,83,2024-12-20,03:13,45,j-pop,浮気したらあかんで,2024-11-20,64,2,0,89,0,0,-5,B Minor,4,2Ttoq33zOFH1eMmDhSgvQ0,JPCO02435300,4,ESFJ
257,タイムパラドックス,Vaundy,82,10B,51,2024-12-29,03:46,66,"j-pop, japanese indie, j-rock, anime",タイムパラドックス,2024-01-07,83,44,0,76,0,20,-5,D Major,4,3jNwPOqdPvQIr5dRT0hzgY,JPR652300211,4,ESFJ
9,Play Date,Melanie Martinez,124,7B,73,2022-06-07,02:59,80,,Cry Baby (Deluxe Edition),2015-08-14,68,61,0,45,0,20,-5,F Major,4,4DpNNXFMMxQEKl7r0ykkWA,USAT21502465,4,ESFJ
259,YELL,Ikimonogakari,150,7B,59,2025-01-11,05:56,59,"anime, j-pop, j-rock",ハジマリノウタ,2009-12-23,58,58,0,30,0,10,-4,F Major,4,4NmzMLuyfuF9UpzjbhSiwl,JPES00901841,4,ESFJ
260,Try Everything,Shakira,115,3B,59,2025-01-13,03:16,59,latin pop,Zootopia (Original Motion Picture Soundtrack / Japanese version),2016-04-20,71,3,0,46,0,0,-5,C♯/D♭ Major,4,0VCJ5YjphljOf1YRcPp08v,USWD11575402,4,ESFJ
261,Supernova Love,"IVE,David Guetta",120,3A,89,2025-01-20,03:19,66,"k-pop, edm",Supernova Love,2024-11-08,66,7,0,78,0,20,-5,A#/B♭ Minor,4,5sTLGx6c7YRwnrWm6O091n,DECE72402530,4,ESFJ
20,fake smile,Ariana Grande,83,11B,62,2022-06-07,03:28,64,pop,"thank u, next",2019-02-08,45,33,0,43,30,30,-7,A Major,4,3wFLWP0FcIqHK1wb1CPthQ,USUM71900401,4,ESFJ
262,浪漫飛行,Kome Kome Club,137,1B,65,2025-01-24,04:06,63,"kayōkyoku, j-pop",KOMEGUNY,1987-00-00,71,12,1,97,0,10,-12,B Major,4,4lPEdvGVptFXUMk8DKMLnF,JPSR08720090,4,ESFJ
263,Part of Your World,DANIELLE,82,2B,18,2025-01-25,03:34,17,,The Little Mermaid (Japanese Original Soundtrack),2023-06-06,38,91,0,31,0,10,-14,F#/G♭ Major,3,4oJ3tZEYTw1Cf8KfGnTV50,USWD12326747,4,ESFJ
264,Part of Your World - Japanese Version,MAYUMI SUZUKI,144,7B,16,2025-01-25,03:08,47,,The Little Mermaid: The Songs,2019-06-26,29,96,0,30,0,10,-16,F Major,4,0q5HgfqHQgJ5B3MTpmrRP4,USWD10527795,4,ESFJ
31,Greedy,Ariana Grande,110,3B,71,2022-06-07,03:34,69,pop,Dangerous Woman,2016-04-01,62,3,0,84,10,0,-5,C♯/D♭ Major,4,7aLT0tLcS40Penaplqu2cZ,USUM71602108,4,ESFJ
265,This Wish - From  Wish ,Erika Ikuta,120,7B,42,2025-01-25,03:25,50,,This Wish (From  Wish ),2023-10-30,62,53,0,44,0,0,-8,F Major,4,6uWdq2JkWm76yNBeigEnSb,USWD12329261,4,ESFJ
266,A Whole New World - From  Aladdin ,"Tomoya Nakamura,Haruka Kinoshita",122,8B,38,2025-01-25,02:55,52,,A Whole New World (From  Aladdin ),2019-05-31,40,66,0,12,0,10,-8,C Major,4,7w4l1k876FotjQ9UAi8sqn,USWD11993206,4,ESFJ
130,Maria,HWASA,129,8A,75,2024-01-16,03:19,70,k-pop,María,2020-06-29,66,24,0,44,0,20,-3,A Minor,4,0ZeGfEAL5Rl4pd5LZBGuEK,KRA382002246,4,ESFJ
267,Feel Special,TWICE,129,3B,96,2025-02-11,03:26,62,k-pop,Feel Special,2019-09-23,71,3,0,64,0,10,-1,C♯/D♭ Major,4,14rWuS6yllHOdfZ8sZsZUj,US5TA1900074,4,ESFJ
268,B.O.M.B,TREASURE,120,6B,85,2025-02-12,03:21,45,k-pop,2ND FULL ALBUM 'REBOOT',2023-07-28,80,26,0,84,0,0,-4,A#/B♭ Major,4,4CoMsBcy5KKT3CyDwHBKdU,KRA402300021,4,ESFJ
269,"IF I SAY, I LOVE YOU",BOYNEXTDOOR,138,10A,75,2025-02-12,02:41,62,k-pop,"IF I SAY, I LOVE YOU",2025-01-06,67,12,0,83,10,40,-5,B Minor,4,7GOIrZTegzVty8mhNhRuA0,USA2P2475148,4,ESFJ
270,REBEL HEART,IVE,128,9B,78,2025-02-12,03:08,62,k-pop,REBEL HEART,2025-01-13,68,2,0,53,0,0,-5,G Major,4,1jtlHteF4y7FFHKgYFld4f,QMFMF2434277,4,ESFJ
137,Sweet but Psycho,Ava Max,133,3B,71,2024-04-27,03:07,85,,Heaven & Hell,2020-09-18,72,7,0,62,0,10,-5,C♯/D♭ Major,4,7DnAm9FOTWE3cUvso43HhI,USAT21802011,4,ESFJ
138,I Can Do It With a Broken Heart,Taylor Swift,130,8B,75,2024-05-01,03:38,78,,THE TORTURED POETS DEPARTMENT,2024-04-18,70,12,0,22,0,10,-8,C Major,4,4q5YezDOIPcoLr8R81x9qy,USUG12401040,4,ESFJ
272,Last Festival,TWS,118,3B,79,2025-02-12,03:11,63,k-pop,TWS 1st Single 'Last Bell',2024-11-25,82,5,0,63,0,10,-4,C♯/D♭ Major,4,4eDednnc8XIGpOmRNcho66,USA2P2466281,4,ESFJ
273,にじいろ,ayaka,92,10B,57,2025-02-18,03:44,61,j-pop,レインボーロード,2015-04-15,64,12,0,62,0,0,-4,D Major,4,3JrxNi0sQ1Lnx8eGonp3Ma,JPB601401807,4,ESFJ
274,倍倍FIGHT!,CANDY TUNE,176,12A,93,2025-02-18,04:13,1,j-pop,倍倍FIGHT!,2024-04-24,63,1,0,50,0,30,-4,C♯/D♭ Minor,4,48Vmf6Z41CoJo0JvT8tZfS,JPR842400052,4,ESFJ
275,アイドル,YOASOBI,166,3B,94,2025-02-20,03:33,74,"j-pop, anime",アイドル,2023-04-12,57,11,0,84,0,30,-3,C♯/D♭ Major,4,7ovUcF5uHTBRzUpB6ZOmvt,JPP302300157,4,ESFJ
276,Real Man,beabadoobee,130,3A,75,2025-03-02,02:40,79,bedroom pop,This Is How Tomorrow Moves,2024-08-09,56,64,0,44,0,10,-6,A#/B♭ Minor,4,0OpC8hRrbsh24taKOsQBEX,GBK3W2402964,4,ESFJ
277,Almond Chocolate,ILLIT,109,6B,87,2025-03-17,03:21,69,k-pop,Almond Chocolate,2025-02-13,69,10,0,50,0,10,-4,A#/B♭ Major,4,75yAymNsjxzPPNG6LiIQ9P,JPZ672500001,4,ESFJ
146,I'm In Love With You,The 1975,119,10B,90,2024-05-01,04:22,52,,I'm In Love With You,2022-09-01,67,17,0,91,0,20,-4,D Major,4,0uBdQzKghx88d2Lp8SLFKJ,GBK3W2202317,4,ESFJ
147,Bored,Laufey,139,9B,42,2024-05-01,03:33,73,,Bewitched: The Goddess Edition,2024-04-26,51,91,0,26,0,10,-10,G Major,3,2SPbioo65CuUB3H0aW1ID5,QM4TW2430371,4,ESFJ
148,Lovefool,The Cardigans,112,11B,64,2024-05-08,03:13,85,swedish pop,First Band On The Moon (Remastered),1996-01-01,70,3,0,89,0,30,-6,A Major,4,7aQjPecQdIuNd1sz3KCDhD,SEBKB9629380,4,ESFJ
278,HOT,LE SSERAFIM,128,8B,63,2025-03-17,02:23,70,k-pop,HOT,2025-03-14,76,9,0,97,0,40,-3,C Major,4,406IpEtZPvbxApWTGM3twY,USA2P2506404,4,ESFJ
3,踊り子,Vaundy,157,9B,48,2023-01-30,03:50,2,"j-pop, japanese indie, j-rock, anime",踊り子,2021-11-17,72,85,80,68,0,10,-11,G Major,4,4xk70Qur2QeRmWIzWPC63V,JPR652100061,4,ESFJ
280,アイネクライネ,Kenshi Yonezu,174,3B,87,2025-03-22,04:48,71,"j-pop, anime, j-rock",YANKEE,2014-04-23,47,4,0,81,0,30,-2,C♯/D♭ Major,4,45YBVp6zMwQZRbUDcPzmMB,JPPO01402002,4,ESFJ
281,DAN DAN 心魅かれてく,ZARD,133,12B,95,2025-03-23,04:29,58,"j-pop, kayōkyoku",TODAY IS ANOTHER DAY,1996-07-08,57,40,0,58,0,10,-4,E Major,4,0F1G4ssr0RMdm9h0GEbt40,JPC409601155,4,ESFJ
1,Miss possessive,Tate McRae,102,4B,75,2025-02-22,02:19,73,,So Close To What,2025-02-21,78,26,0,33,0,10,-5,G#/A♭ Major,4,4Q9ExJGFgL9Jd9kmYH3nXs,USRC12403576,4,ESFJ
2,Good For You,"Selena Gomez,A$AP Rocky",89,4A,67,2022-02-16,03:41,75,rap,Revival (Deluxe),2015-10-09,61,18,0,23,0,0,-6,F Minor,4,5xdVqHtFS0eLuNp4Z8Wbpa,USUM71508741,4,ESFJ
3,"Girl, so confusing featuring lorde","Charli xcx,Lorde",125,10A,82,2024-12-20,03:25,62,"hyperpop, art pop, ","Girl, so confusing featuring lorde",2024-06-21,69,17,1,46,0,10,-7,B Minor,4,2YFhqZvhTpyK13gKXMKV7R,USAT22405487,4,ESFJ
282,星のかがやきよ,ZARD,161,8B,80,2025-03-23,03:47,43,"j-pop, kayōkyoku",星のかがやきよ/夏を待つセイル（帆）のように,2005-04-20,28,12,0,33,0,10,-4,C Major,4,4Y6qtft7tEIl1B24cx5BCk,JPC400501101,4,ESFJ
283,ハルジオン,YOASOBI,130,5A,90,2025-03-26,03:18,59,"j-pop, anime",ハルジオン,2020-05-11,69,6,0,90,0,30,-3,C Minor,4,7HneEBTvTra2CRYsxgMOAi,JPP302000218,4,ESFJ
284,365日の紙飛行機,AKB48,106,9B,73,2025-03-26,04:43,54,"j-pop, c-pop",サムネイル<Type A>,2017-01-25,55,59,0,50,0,30,-3,G Major,4,0JncJnMiDjLpeYURyhFgch,JPKI01519629,4,ESFJ
285,カレンダーガール,わか・ふうり・すなお from STAR☆ANIS,135,12B,99,2025-03-26,04:24,45,,TVアニメ/データカードダス『アイカツ!』主題歌/挿入歌 1年目1,2012-00-00,59,19,0,53,10,0,0,E Major,4,1s1FMdNHcSpOfZR2cEjh0J,JPR501821515,4,ESFJ
286,마법소녀,Orange Caramel,136,11A,97,2025-04-11,03:08,47,k-pop,LIPSTICK,2012-09-12,71,10,0,82,0,10,-3,F#/G♭ Minor,4,5Q27CI4iFNE6RPzWUh4UOQ,KRB472400925,4,ESFJ
287,Shanghai Romance,Orange Caramel,149,8A,95,2025-04-11,03:46,34,k-pop,Shanghai Romance,2011-10-13,55,5,0,49,0,10,-2,A Minor,4,7IoXOvgMST8o5gKU1tn9je,KRA381002144,4,ESFJ
288,Defying Gravity,"Cynthia Erivo,Ariana Grande",148,3B,30,2025-04-11,07:39,71,"musicals, pop",Wicked: The Soundtrack,2024-11-22,31,53,0,21,0,0,-10,C♯/D♭ Major,4,5QMrH5nszZZR3nefIj6Mar,USUG12407084,4,ESFJ
289,What Is This Feeling?,"Ariana Grande,Cynthia Erivo",152,3B,48,2025-04-11,03:48,68,"pop, musicals",Wicked: The Soundtrack,2024-11-22,61,69,0,64,10,10,-9,C♯/D♭ Major,4,7eGuPhpdS8sBjPJNuAShUX,USUG12407077,4,ESFJ
15,Dear god,Tate McRae,98,3B,74,2025-07-20,02:51,66,,So Close To What,2025-02-21,73,8,0,44,0,20,-5,C♯/D♭ Major,4,2ETQsbiuGm2WLOSOr2I19A,USRC12403579,4,ESFJ
291,Title,Meghan Trainor,90,7B,75,2025-04-28,02:55,63,,Title (Deluxe),2015-01-12,78,34,0,88,10,10,-4,F Major,4,0k5hoseEJnCAbpRh38dNoI,USSM11406369,4,ESFJ
17,Don’t Smile,Sabrina Carpenter,90,3B,45,2024-12-15,03:26,81,pop,Short n' Sweet,2024-08-23,63,45,0,33,0,10,-10,C♯/D♭ Major,4,09LrGvT9KsACH66RHYMDyR,USUM72317637,4,ESFJ
292,君のお顔になりたいの,きゅるりんってしてみて,166,10B,96,2025-05-03,03:31,46,j-pop,君のお顔になりたいの,2025-02-28,61,5,0,69,0,30,-5,D Major,4,4F03ROqGQ9fn1IN8GmoMYL,TCJPE2515999,4,ESFJ
293,ロマンスの神様,Kohmi Hirose,126,3B,80,2025-05-08,04:29,59,"kayōkyoku, j-pop",SUCCESS STORY,1993-12-16,67,15,0,56,0,10,-6,C♯/D♭ Major,4,0xYSgQHddr1lh6IfqWgn2W,JPVI09325430,4,ESFJ
294,イェイェ,きゅるりんってしてみて,196,8B,76,2025-05-09,04:19,43,j-pop,YEAH!! YEAH!!,2022-06-10,54,0,0,30,0,20,-6,C Major,4,7x9v2pr2SM7RKuaHc4zw1T,JPB822201980,4,ESFJ
21,It's ok I'm ok,Tate McRae,115,12A,51,2024-12-20,02:36,72,,It's ok I'm ok,2024-09-12,75,3,0,36,0,0,-8,C♯/D♭ Minor,4,24XihnoVPWXlKJ4BgXqjVM,USRC12402692,4,ESFJ
22,Guilty as Sin?,Taylor Swift,95,10B,43,2024-05-03,04:14,75,,THE TORTURED POETS DEPARTMENT: THE ANTHOLOGY,2024-04-19,63,61,0,49,0,0,-8,D Major,3,799KrpEbhZp0MHeiA8YK9P,USUG12401036,4,ESFJ
296,くりてぃかる♡ぷりちー,iLiFE!,162,3B,86,2025-05-29,03:42,59,j-pop,くりてぃかる♡ぷりちー,2025-05-15,66,4,0,80,0,0,-4,C♯/D♭ Major,4,0A6itFvzYznRU0X7g0B3V3,JPW462580217,4,ESFJ
297,#ラブコード,iLiFE!,95,3A,95,2025-05-29,04:34,48,j-pop,アイドルライフエクストラパック,2025-04-30,63,6,0,54,10,0,-6,A#/B♭ Minor,4,0MYTtDxrLfx2vslHMMtVbz,JPW462574232,4,ESFJ
298,Maison de 520,きゅるりんってしてみて,133,11B,93,2025-05-29,03:20,42,j-pop,Kyururin Wonderland,2025-04-17,67,7,0,96,0,50,-6,A Major,4,1J2bMZolFlhaWOf3myDLts,JPZ922501965,4,ESFJ
30,Sports car,Tate McRae,107,10A,80,2025-02-23,02:45,78,,Sports car,2025-01-24,86,5,0,87,0,0,-4,B Minor,4,2zOmS55knKWSgScYPTNmGQ,USRC12403580,4,ESFJ
299,青春のパズルは埋まらない,iLiFE!,186,9B,90,2025-05-29,04:40,44,j-pop,アイドルライフエクストラパック,2025-04-30,44,0,0,51,0,10,-6,G Major,4,6SEbiPwVLKCF0Lk9f8p5BX,JPW462574240,4,ESFJ
300,ガンバッテンダー,iLiFE!,152,4B,97,2025-05-29,03:21,53,j-pop,アイドルライフエクストラパック,2025-04-30,64,12,0,88,0,0,-4,G#/A♭ Major,4,0HG4D361fpMLwAob7SLnHL,JPW462574225,4,ESFJ
301,アイドルライフエクストラパック,iLiFE!,190,3B,95,2025-05-29,03:36,57,j-pop,アイドルライフエクストラパック,2025-04-30,47,6,0,49,10,30,-7,C♯/D♭ Major,4,4LnbiUYrugHRiDsEbHoX1R,JPW462574224,4,ESFJ
34,Girlfriend,Avril Lavigne,164,9B,96,2021-12-09,03:36,81,,The Best Damn Thing (Expanded Edition),2007-04-17,56,0,0,67,10,20,-2,G Major,4,45hOioMDJktr86iKDHC8gr,USRC10700021,4,ESFJ
302,깨어 (Are You Alive),tripleS,202,10A,69,2025-05-31,03:06,63,k-pop,<ASSEMBLE25>,2025-05-12,47,5,0,65,0,0,-3,B Minor,4,0hRr7x68aApt0TX1AIAA9W,KRA382502609,4,ESFJ
303,Girls Never Die,tripleS,95,10A,91,2025-05-31,03:07,63,k-pop,<ASSEMBLE24>,2024-05-08,67,15,0,68,10,30,-3,B Minor,4,45OflED18VsURGw2z0Y6Cv,KRA382402695,4,ESFJ
304,Monster,ARASHI,135,3A,94,2025-06-16,04:27,58,j-pop,Monster,2010-05-19,66,19,0,74,0,30,-4,A#/B♭ Minor,4,7jqRTdBUqNhJaI0fKdOClO,JPQ401000280,4,ESFJ
305,春を告げる,yama,120,1B,87,2025-06-16,03:16,65,"j-pop, anime, j-rock",春を告げる,2020-04-17,55,4,0,49,10,30,-5,B Major,4,2Gmyw5Vg2X5YW2lM3OC7nD,TCJPK2087568,4,ESFJ
309,あの夢をなぞって,YOASOBI,180,4B,79,2025-06-24,04:00,67,"j-pop, anime",THE BOOK,2021-01-06,53,33,0,71,0,10,-4,G#/A♭ Major,4,5ptl2PXkiSth54HCuGO7vN,JPP301900802,4,ESFJ
44,Dress,Taylor Swift,120,8B,47,2021-02-28,03:50,81,,reputation,2017-11-10,72,3,0,9,0,10,-9,C Major,4,6oVxXO5oQ4pTpO8RSnkzvv,USCJY1750013,4,ESFJ
45,"break up with your girlfriend, i'm bored",Ariana Grande,170,4A,55,2023-09-13,03:10,77,pop,"thank u, next",2019-02-08,73,4,0,34,0,10,-5,F Minor,4,4kV4N9D1iKVxx1KLvtTpjS,USUM71900409,4,ESFJ
46,because i liked a boy,Sabrina Carpenter,147,1B,59,2022-08-07,03:16,80,pop,emails i can't send,2022-07-15,39,36,0,16,30,10,-7,B Major,4,32FhTAAjKZaBein150o3Px,USUM72210695,4,ESFJ
310,夜撫でるメノウ,Ayase,100,6B,73,2025-06-29,04:22,61,"vocaloid, j-pop",夜撫でるメノウ / 幽霊東京,2021-09-08,70,7,0,64,0,30,-7,A#/B♭ Major,4,6IHWPY5iBUI1AOUclbtE6F,JPP302101632,4,ESFJ
312,Oogway Ascends,"Hans Zimmer,John Powell",109,7B,24,2025-07-06,02:03,62,"soundtrack, score",Kung Fu Panda (Original Motion Picture Soundtrack),2008-04-14,17,68,85,8,0,0,-17,F Major,3,1dZCiUTIbbvwOCALmzBh9y,USUM70812423,4,ESFJ
313,I See the Light - Japanese Version,"Hiroshi Hatanaka,Mari Okonogi",98,7B,18,2025-07-06,03:43,57,,Tangled (Original Motion Picture Soundtrack/Japanese Version),2010-11-24,31,92,0,16,0,0,-13,F Major,4,4g345xmbPGGHDSv5sMLEsS,USWD11155807,4,ESFJ
51,You Belong With Me (Taylor’s Version),Taylor Swift,130,2B,77,2022-06-28,03:51,82,,Fearless (Taylor's Version),2021-04-09,63,6,0,47,0,0,-5,F#/G♭ Major,4,1qrpoAMXodY6895hGKoUpA,USUG12100622,4,ESFJ
314,STYLE,Hearts2Hearts,127,7B,84,2025-07-13,03:29,78,k-pop,STYLE,2025-06-18,78,28,0,68,0,10,-3,F Major,4,5EoV2HmAlkqN1XvsIjOBZZ,KRA302500267,4,ESFJ
315,幸福論,Sheena Ringo,133,7B,96,2025-07-14,03:42,63,"j-pop, j-rock",ニュートンの林檎,2019-11-13,49,0,68,78,0,60,-1,F Major,4,7d6clvdPOrpZhddyds5R31,JPPO01903921,4,ESFJ
316,おつかれSUMMER,HALCALI,140,9B,91,2025-07-25,03:59,75,"shibuya-kei, j-pop",ハルカリベーコン,2003-09-03,80,55,4,96,0,0,-5,G Major,4,3clPsjTbx4UOPMeQn7FZkV,JPFL00301560,4,ESFJ
317,Billyeoon Goyangi (Do the Dance),ILLIT,130,12A,74,2025-08-02,03:08,78,k-pop,bomb,2025-06-16,65,2,0,77,20,20,-4,C♯/D♭ Minor,4,4p0uVFAXKUISu8yp9gNtWE,USA2P2525115,4,ESFJ
318,jellyous,ILLIT,162,4B,86,2025-08-02,02:43,71,k-pop,bomb,2025-06-16,63,5,0,44,10,0,-4,G#/A♭ Major,4,0wFU2pYHZi45Ws1VD6aSJX,USA2P2525116,4,ESFJ
319,超特急逃走中,=LOVE,178,12B,97,2025-08-11,03:49,64,j-pop,とくべチュ、して ／ 恋人以上、好き未満,2025-02-26,46,19,0,72,0,30,-3,E Major,4,09HX5mEMfwrqwt9g9DqAP4,JPU902500349,4,ESFJ
320,blue,yung kai,97,12B,32,2025-08-15,03:34,82,,blue,2024-08-02,75,93,2,59,0,10,-12,E Major,3,3be9ACTxtcL6Zm4vJRUiPG,TLVEM2456474,4,ESFJ
321,とくべチュ、して,=LOVE,147,4B,95,2025-08-16,03:59,71,j-pop,とくべチュ、して,2025-02-10,61,3,0,88,0,20,-3,G#/A♭ Major,4,2XS2jEncSJsetNZdVtlpeo,JPU902500348,4,ESFJ
322,Fake baby,ZOC,87,10A,96,2025-08-29,03:25,37,,Fake baby,2021-09-09,49,2,0,66,10,30,-1,B Minor,4,0ZxVQ997a8RJRh0IWLT2iz,JPB602102892,4,ESFJ
323,Special♡Spell,きゅるりんってしてみて,180,3B,96,2025-08-30,02:57,57,j-pop,Special♡Spell,2025-07-11,59,8,0,72,0,20,-4,C♯/D♭ Major,4,3BMtuwC3jpOPxLc1eiwHCj,TCJPJ2571018,4,ESFJ
324,I LOVE...,OFFICIAL HIGE DANDISM,172,11B,66,2025-09-06,04:42,67,"j-pop, anime, j-rock",Editorial,2021-08-18,55,1,0,41,0,10,-6,A Major,4,5wWLNNwMAehpj83FU4Lz0m,JPPC01902006,4,ESFJ
326,sweet timer,iLiFE!,198,8A,90,2025-09-17,04:18,48,j-pop,アイドルライフエクストラパック,2025-04-30,45,0,0,44,0,10,-6,A Minor,4,2QypcBzciMGFlCAj9Ps3vv,JPW462574241,4,ESFJ
327,カルテNo.2222,きゅるりんってしてみて,132,10A,95,2025-09-30,03:28,50,j-pop,カルテNo.2222,2025-09-24,65,11,0,64,0,0,-4,B Minor,4,4hnVyyALE2RvNw4BO6PjGl,QT66J2582909,4,ESFJ
328,SE,NONFIC!,180,10A,96,2025-09-30,01:54,40,,よくばりバイキング,2025-09-16,46,0,0,50,10,20,-4,B Minor,4,4M5tpPViY5M0MXNC2D058v,JP92Y2506876,4,ESFJ
329,星色トラベラー,iLiFE!,185,9B,93,2025-09-30,04:12,37,j-pop,アイライフスターターパック！,2023-01-01,52,4,0,60,0,20,-3,G Major,4,5hl0M8N5tKyF6kNYLaT76p,JPW462248146,4,ESFJ
330,Quest×Quest,iLiFE!,185,4B,90,2025-09-30,03:09,41,j-pop,アイライフスターターパック！,2023-01-01,50,0,0,41,0,10,-4,G#/A♭ Major,3,0mp7kiuABa1TuNw934TI2j,JPW462248150,4,ESFJ
331,HUNGRY!!!,iLiFE!,190,9B,96,2025-09-30,04:22,50,j-pop,アイライフスターターパック！,2023-01-01,53,0,0,64,0,30,-3,G Major,4,3gIHc6qpMfbfuUIt6732fl,JPW462248149,4,ESFJ
332,ライフステージ,iLiFE!,96,3B,96,2025-09-30,04:13,43,j-pop,アイドルライフエクストラパック,2025-04-30,50,2,0,49,0,20,-5,C♯/D♭ Major,4,3qPXTPiZV0xa4ar5sDkvwg,JPW462574227,4,ESFJ
1,Panorama,IZ*ONE,126,8A,96,2022-05-04,03:42,65,k-pop,One-reeler / Act IV,2020-12-07,73,4,0,77,0,10,-1,A Minor,4,0CnpSTdL9l5vQM4YnzXtyo,KRA492001345,4,ESFJ
77,boyfriend (with Social House),"Ariana Grande,Social House",190,3A,80,2021-12-13,03:06,81,"pop, ",boyfriend,2019-08-02,40,12,0,70,40,10,-4,A#/B♭ Minor,4,0Ryd8975WihbObpp5cPW1t,USUG11902591,4,ESFJ
2,FEARLESS,LE SSERAFIM,104,9B,62,2022-05-04,02:48,74,k-pop,FEARLESS,2022-05-02,86,5,0,43,10,10,-7,G Major,4,296nXCOv97WJNRWzIBQnoj,USA2P2219222,4,ESFJ
3,LOVE DIVE,IVE,118,12A,71,2022-05-04,02:57,72,k-pop,LOVE DIVE,2022-04-05,70,0,0,54,0,30,-4,C♯/D♭ Minor,4,0Q5VnK2DYzRyfqQRJuUtvi,KRA382204375,4,ESFJ
4,O.O,NMIXX,200,10A,77,2022-05-04,02:52,50,k-pop,AD MARE,2022-02-22,39,4,0,28,20,0,-4,B Minor,4,1m2PksrrMpIev63uPxT1V0,US5TA2100138,4,ESFJ
5,Savage,aespa,147,11B,88,2022-05-04,03:58,66,k-pop,Savage - The 1st Mini Album,2021-10-05,73,12,0,67,10,20,-1,A Major,4,3dbLT62Cvs46Ju7a8gpr36,KRA302100326,4,ESFJ
6,Permission to Dance,BTS,125,11B,74,2022-05-04,03:07,77,k-pop,Permission to Dance,2021-07-23,70,1,0,65,0,30,-5,A Major,4,3XYRV7ZSHqIRDG87DKTtry,QMFME2102684,4,ESFJ
7,Speechless (Full),Naomi Scott,125,11A,49,2022-05-04,03:28,70,,Aladdin (Original Motion Picture Soundtrack),2019-05-22,47,47,0,23,0,10,-8,F#/G♭ Minor,4,0XPsOSYzDJZJArevQNm2AR,USWD11993077,4,ESFJ
8,チョコレートメランコリー,≠ME,142,2B,90,2022-05-04,03:52,43,j-pop,チョコレートメランコリー<Special Edition>,2022-02-16,51,1,0,55,0,10,-4,F#/G♭ Major,4,0XbHthtjEkL0kPU7obl2GC,JPKI02210360,4,ESFJ
9,シンデレラボーイ,Saucy Dog,108,11B,74,2022-05-04,03:54,27,"j-pop, japanese indie",レイジーサンデー,2021-08-25,60,7,0,52,0,20,-6,A Major,4,1Vqs0lXeJafYZz2sxnfB3V,JPJ222101667,4,ESFJ
10,Answer,Lilas,80,8B,48,2022-05-04,04:06,56,"j-pop, anime",Answer,2021-03-09,62,51,0,39,0,10,-6,C Major,4,5hVAQTNarrb3lmWqg9Ens4,JPP302100184,4,ESFJ
11,Step Back,GOT the beat,162,3B,81,2022-05-04,03:48,60,k-pop,Step Back,2022-01-03,64,2,0,61,10,60,-2,C♯/D♭ Major,4,3LCwQoTrdQgHsGJE5gGVqx,KRA302200001,4,ESFJ
12,Love's Battery,HONG JIN YOUNG,131,12A,93,2022-05-04,03:26,50,,Love's Battery,2009-06-19,72,14,0,94,0,10,-3,C♯/D♭ Minor,4,3ODnfFXZP7hLp2fn2KpGGG,KRA340904903,4,ESFJ
295,アイドル活動!,わか・ふうり・すなお from STAR☆ANIS,95,12B,96,2025-05-23,04:32,40,,TVアニメ/データカードダス『アイカツ!』主題歌/挿入歌 1年目1,2012-00-00,52,3,0,62,0,10,-3,E Major,4,0aLmO5jZ8AeHSRoFzB8gz0,JPR501821507,4,ESFJ
15,ラブレター,YOASOBI,100,9B,86,2022-05-04,03:32,59,"j-pop, anime",ラブレター,2021-08-09,66,45,0,69,0,30,-4,G Major,4,185Wm4Mx09dQG0fUktklDm,JPP302100882,4,ESFJ
16,Kill This Love,BLACKPINK,132,10B,86,2022-05-04,03:09,1,k-pop,KILL THIS LOVE,2019-04-05,74,32,0,58,20,30,-4,D Major,4,3TWfEEzcdrkR0CSvWqyUlX,KRA401900005,4,ESFJ
17,Next Level,aespa,109,10A,85,2022-05-04,03:41,68,k-pop,Next Level,2021-05-17,82,49,0,82,10,0,-3,B Minor,4,2zrhoHlFKxFTRF5aMyxMoQ,KRA302100169,4,ESFJ
18,しゅきぴ,=LOVE,173,10B,92,2022-05-04,03:54,52,j-pop,青春 サブリミナル ,2020-11-25,58,10,0,68,0,0,-4,D Major,4,3mtyXG0jcdNYdc1Y2SUpJn,JPU902002786,4,ESFJ
166,See You Again,The Promise,103,10B,95,2023-12-03,03:07,37,,PRODUCE 48 - 30 Girls 6 Concepts,2018-08-18,66,3,0,64,10,20,-3,D Major,4,3fI9HrVGChuPI5ySh35Njs,KRA491800735,4,ESFJ
20,Joke's On You,Charlotte Lawrence,190,7A,65,2022-05-04,03:04,64,,Joke's On You,2020-01-17,48,23,0,47,10,10,-5,D Minor,3,2D0FX6WiP1GKGL3yCdXxs7,USAT21907354,4,ESFJ
21,≠ME,≠ME,163,7B,94,2022-05-04,04:17,44,j-pop,≠ME,2019-08-04,48,3,0,68,0,10,-3,F Major,4,3Y100abgqX8lyjT9pCktZr,JPU901901805,4,ESFJ
22,キケンナアソビ,Creep Hyp,176,1A,69,2022-05-05,03:59,47,"j-pop, j-rock",愛す,2020-01-22,57,19,0,75,0,10,-4,G#/A♭ Minor,4,1O7YNEE0AhpD7D1sgF8wO7,JPPO01905097,4,ESFJ
23,look at the sea,Oisicle Melonpan,95,9B,85,2022-05-05,03:27,59,"japanese indie, j-rock, j-pop",indoor,2017-09-27,61,1,0,69,0,30,-6,G Major,4,3NL9vhW3losGqQw6O2n08Y,JPZ921707903,4,ESFJ
24,あの秋とスクールデイズ,Oisicle Melonpan,106,11A,86,2022-05-05,03:02,43,"japanese indie, j-rock, j-pop",indoor,2017-09-27,52,1,0,55,0,20,-4,F#/G♭ Minor,4,47mJzHzX6xVNw0jnQCjSEA,JPZ921707906,4,ESFJ
25,Black Mamba,aespa,90,10B,92,2022-05-11,02:54,61,k-pop,Black Mamba,2020-11-17,52,6,0,50,10,0,-3,D Major,4,1t2qYCAjUAoGfeFeoBlK51,KRA302000590,4,ESFJ
26,I CAN'T STOP ME,TWICE,150,3A,88,2022-05-11,03:25,60,k-pop,Eyes wide open,2020-10-26,66,12,0,77,10,40,-4,A#/B♭ Minor,4,3apeXzypBMnUfYcZYNX6DH,US5TA2000134,4,ESFJ
27,CRY FOR ME,TWICE,145,6B,69,2022-05-11,03:24,54,k-pop,CRY FOR ME,2020-12-18,70,5,0,42,0,0,-5,A#/B♭ Major,4,0PoAZ7SLFpqpYR9LSCYAo8,US5TA2000173,4,ESFJ
28,WE GO,fromis_9,124,2B,93,2022-05-12,02:55,49,"k-pop, bubblegum pop",9 WAY TICKET,2021-05-17,67,2,0,78,10,20,-3,F#/G♭ Major,5,08T4C8obLBuhwzJiYWBVRT,KRA872100002,4,ESFJ
29,Precious Love,TWICE,126,9B,95,2022-05-18,03:50,42,k-pop,PAGE TWO,2017-02-24,66,4,0,38,10,0,-2,G Major,4,53mN4cr4QaSNP11nVthg9b,US5TA1600022,4,ESFJ
111,Pacify Her,Melanie Martinez,158,8A,59,2021-06-29,03:40,76,,Cry Baby (Deluxe Edition),2015-08-14,58,5,0,37,0,20,-6,A Minor,4,360Wr96ywrCQq4kTAJ8Pq6,USAT21501941,4,ESFJ
30,ELEVEN,IVE,120,11B,73,2022-05-19,02:58,71,k-pop,ELEVEN,2021-12-01,83,6,0,59,10,0,-3,A Major,4,7n2FZQsaLb7ZRfRPfEeIvr,KRA382163861,4,ESFJ
31,melt bitter,satomoka,96,2B,58,2022-05-19,05:09,63,"japanese indie, j-pop, city pop, j-r&b",melt bitter,2020-01-22,69,5,0,63,0,30,-5,F#/G♭ Major,4,6uSe3ACORUIVrAyiP84RZi,QZHZ51917755,4,ESFJ
32,#おふしょるにっと,≠ME,84,4B,84,2022-05-21,04:40,34,j-pop,チョコレートメランコリー<Special Edition>,2022-02-16,52,46,0,82,0,20,-2,G#/A♭ Major,4,7axpJkZcb36Wgjy0SxuEai,JPKI02210366,4,ESFJ
33,五番目の季節 (SSFWL),OH MY GIRL,126,10A,89,2022-05-25,04:00,0,k-pop,OH MY GIRL JAPAN 2nd ALBUM,2019-07-03,56,46,0,54,0,50,-3,B Minor,4,0QaumRcNxG65HjxHRtQijn,KRA381901696,4,ESFJ
167,1000%,SummerWish,114,11A,94,2023-12-03,03:36,39,k-pop,PRODUCE 48 - 30 Girls 6 Concepts,2018-08-18,64,4,0,85,0,20,-2,F#/G♭ Minor,4,1M13p8iREZnfJFkDG0j9SY,KRA491800736,4,ESFJ
35,Life's Too Short (English Version),aespa,72,8B,80,2022-06-26,02:58,52,k-pop,Life's Too Short,2022-06-24,47,29,0,55,20,10,-4,C Major,4,2mgzUVvDpb1zMSB4glLQ6T,KRA302200096,4,ESFJ
36,チキチキバンバン,QUEENDOM,128,9A,99,2022-07-04,03:22,50,anime,チキチキバンバン,2022-05-20,62,5,0,50,10,30,-2,E Minor,4,7xm0KJMfeaJQmQdDxAipiY,JPB602202365,4,ESFJ
37,A Whole New World,"Mena Massoud,Naomi Scott",121,8B,38,2022-07-04,02:55,65,,Aladdin (Original Motion Picture Soundtrack),2019-05-22,40,23,0,13,0,10,-8,C Major,4,5viFjDGTnrApmUY5c8qkfw,USWD11993111,4,ESFJ
38,Up!,Kep1er,124,2B,93,2022-07-04,03:12,42,k-pop,DOUBLAST,2022-06-20,75,2,0,93,10,0,-3,F#/G♭ Major,4,6P2IZsIyNVeOl712sFg4lc,KRA492200547,4,ESFJ
39,POP!,NAYEON,97,10B,86,2022-07-04,02:48,58,k-pop,IM NAYEON,2022-06-24,79,4,0,39,0,0,-3,D Major,4,5rJ7bdPmr8nfmm2JQ8xHOz,US5TA2200041,4,ESFJ
40,気まぐれロマンティック,Ikimonogakari,85,10B,88,2022-07-04,04:05,57,"anime, j-pop, j-rock",気まぐれロマンティック,2008-12-03,55,14,0,68,0,30,-2,D Major,4,18H4zvdWwqVLf3m2iBuSln,JPES00802441,4,ESFJ
41,Girls,aespa,172,2A,97,2022-07-08,04:00,63,k-pop,Girls - The 2nd Mini Album,2022-07-08,57,12,0,65,30,10,0,D#/E♭ Minor,4,2WTHLEVjfefbGoW7F3dXIg,KRA302200097,4,ESFJ
42,MASCARA,XG,119,8A,88,2022-07-09,03:11,63,k-pop,MASCARA,2022-06-29,79,5,0,51,0,20,-4,A Minor,4,4OelNEcxPGoCOU29fchcsv,JPB602202266,4,ESFJ
43,SNEAKERS,ITZY,120,9B,85,2022-07-15,02:59,45,k-pop,CHECKMATE,2022-07-15,94,2,0,55,0,0,-3,G Major,4,1nX1b7kRg5a6XKAq7uQOpr,US5TA2200033,4,ESFJ
44,LOVE COUNTDOWN (feat. Wonstein),"NAYEON,Wonstein",160,10A,85,2022-07-15,03:17,52,"k-pop, k-rap",IM NAYEON,2022-06-24,69,24,0,86,20,0,-2,B Minor,4,5SCueETKJMI9LrMjrvlbjf,US5TA2200043,4,ESFJ
45,Never Enough,Loren Allred,87,4B,39,2022-07-28,03:27,79,,The Greatest Showman (Original Motion Picture Soundtrack),2017-12-08,28,42,0,23,0,10,-9,G#/A♭ Major,3,0Gl5s8IhMmQE5YQwM8Qx1J,USAT21704621,4,ESFJ
46,This Is Me,"Keala Settle,The Greatest Showman Ensemble",192,10B,70,2022-07-28,03:54,72,musicals,This Is Me,2017-10-27,28,1,0,10,10,0,-7,D Major,4,2xGjteMU3E1tkEPVFBO08U,USAT21704622,4,ESFJ
47,長く短い祭,"Sheena Ringo,浮雲",125,7A,79,2022-08-01,04:09,65,"j-pop, j-rock",長く短い祭 / 神様、仏様,2015-07-31,61,6,5,78,10,20,-4,D Minor,4,4hWI3r78IDOhPXSHd2f0Az,JPPO01506523,4,ESFJ
48,丸ノ内サディスティック,Sheena Ringo,200,4B,92,2022-08-01,03:55,68,"j-pop, j-rock",無罪モラトリアム,1999-02-24,43,11,0,66,10,10,-3,G#/A♭ Major,4,1mWN1USPKg632qQXG9sfDL,JPTO09834920,4,ESFJ
49,ギブス,Sheena Ringo,77,9B,85,2022-08-03,05:29,53,"j-pop, j-rock",ニュートンの林檎,2019-11-13,42,0,3,41,0,20,-3,G Major,4,29HYEHJrInRQFBahUodMkY,JPPO01903927,4,ESFJ
50,コウを追いかけて - Piano Cover,sammy,78,2B,23,2022-08-03,02:02,48,,Piano for everyday -日本の夏-,2021-08-12,24,98,88,32,0,10,-20,F#/G♭ Major,4,1ePVqISdAVgn4pyp7edtPT,TCJPP2153949,4,ESFJ
51,Merry-Go-Round - Piano Solo Ver.,Joe Hisaishi,155,6A,20,2022-08-03,04:27,43,"japanese classical, anime",Piano Stories Best '88-'08,2008-04-16,45,99,81,15,0,10,-17,G Minor,3,2SkMxaKIvMvKDNoDIzZs1r,JPPO00817090,4,ESFJ
52,Ri-Di-Dong,i-COL,178,3A,93,2022-08-20,03:07,24,j-pop,Ri-Di-Dong,2022-08-15,61,1,0,78,0,20,-5,A#/B♭ Minor,4,14cmJfDCWoVOfhoUlwe9IO,JPW462220218,4,ESFJ
53,パラリラダンス,i-COL,183,3B,93,2022-08-20,03:47,38,j-pop,Ri-Di-Dong,2022-08-15,45,0,7,71,0,0,-4,C♯/D♭ Major,4,5t8bkuAbgjY90xBYzFZKDG,JPW462220219,4,ESFJ
54,なななな！？,i-COL,182,10A,99,2022-08-20,03:05,22,j-pop,シークレットゲーム,2022-02-08,54,1,0,82,10,10,-3,B Minor,4,4fWDf5vjB4k6KmkREFyxw4,JPW462124030,4,ESFJ
55,恋空ウェザーニュース,i-COL,190,10A,79,2022-08-20,03:49,21,j-pop,シークレットゲーム,2022-02-08,63,1,0,72,10,30,-6,B Minor,4,61HKtl1P68RMIsyvQXvT6Y,JPW462124031,4,ESFJ
56,After LIKE,IVE,125,8B,92,2022-08-22,02:56,74,k-pop,After LIKE,2022-08-22,68,10,0,80,10,0,-1,C Major,4,2gYj9lubBorOPIVWsTXugG,QMBZ92254957,4,ESFJ
57,Sick enough to die (Feat. JAMIE),"MC MONG,Jamie",122,2B,87,2022-08-25,04:30,44,"k-ballad, k-rap, ",20th Anniversary Edition ‘Dark Hole’,2021-12-30,62,34,0,61,0,10,-4,F#/G♭ Major,4,2aKeFpk9jaBdQeXuqqIZpm,KRA382164385,4,ESFJ
168,IAM,오전 1:00,148,4A,93,2023-12-03,03:24,39,k-pop,PRODUCE 48 - 30 Girls 6 Concepts,2018-08-18,70,6,0,84,0,0,-3,F Minor,4,5NZaDm7znDNblGuAd8sUBl,KRA491800737,4,ESFJ
59,ヘビースモーク,nishina,138,6B,64,2022-09-25,05:02,48,j-pop,odds and ends,2021-04-07,42,0,0,49,0,20,-5,A#/B♭ Major,4,2RYRnaB7ekhnBpRFl3nZdG,JPWP02170231,4,ESFJ
60,しわあわせ,Vaundy,160,7B,61,2022-09-25,04:38,0,"j-pop, japanese indie, j-rock, anime",しわあわせ,2021-04-11,49,0,0,39,0,10,-7,F Major,4,2F1Zfnh89pO7urUL7KoVfn,JPR652100006,4,ESFJ
61,ANTIFRAGILE,LE SSERAFIM,105,3A,80,2022-10-24,03:04,70,k-pop,ANTIFRAGILE,2022-10-17,88,8,0,82,0,10,-3,A#/B♭ Minor,4,4fsQ0K37TOXa3hEQfjEic1,USA2P2230329,4,ESFJ
62,DICE,NMIXX,131,9B,80,2022-10-24,02:45,50,k-pop,ENTWURF,2022-09-19,56,8,0,63,20,30,-3,G Major,4,6C734SmqoIYuRWo2qSCnpC,US5TA2200097,4,ESFJ
169,Shhh,KISS OF LIFE,100,2B,76,2023-12-10,03:02,61,k-pop,KISS OF LIFE,2023-07-05,80,16,0,83,10,0,-4,F#/G♭ Major,4,76qqDJijAjFph7sjUxNVG8,KRA382317177,4,ESFJ
66,Attention,NewJeans,105,3A,65,2022-10-24,03:00,77,k-pop,NewJeans 1st EP 'New Jeans',2022-08-01,81,24,0,70,0,0,-4,A#/B♭ Minor,4,2pIUpMhHL6L9Z5lnKxJJr9,USA2P2230221,4,ESFJ
67,Boys Like You,ITZY,128,10B,89,2022-10-25,03:43,35,k-pop,Boys Like You,2022-10-21,83,3,0,87,10,0,-4,D Major,4,5k1A6F2kRnr6XkYKpVt7V0,US5TA2200144,4,ESFJ
68,サウダージ,PornoGraffitti,120,9A,96,2022-10-28,04:21,65,"anime, j-pop, j-rock",PORNO GRAFFITTI BEST RED'S,2004-07-28,62,5,0,71,0,30,-5,E Minor,4,7lUaEsQVwvNEjaJNcvc1CN,JPSR00005541,4,ESFJ
69,Beauty and the Beast,"Ariana Grande,John Legend",81,2B,55,2022-12-03,03:47,51,"pop, soft pop, neo soul",Beauty and the Beast (Original Motion Picture Soundtrack/Japanese Version),2017-03-22,52,13,0,24,0,10,-7,F#/G♭ Major,4,3iYY2B9JxWt8TgzD06epj4,USWD11778859,4,ESFJ
70,My Heart Will Go On - Love Theme from  Titanic ,Céline Dion,99,12B,28,2022-12-03,04:40,77,variété française,Let's Talk About Love,1997-11-14,43,73,0,4,0,10,-12,E Major,1,33LC84JgLvK2KuW43MfaNq,CAC229700120,4,ESFJ
71,All I Want for Christmas Is You,Mariah Carey,150,9B,63,2022-12-03,04:01,71,christmas,Merry Christmas,1994-10-28,34,16,0,35,0,0,-7,G Major,4,0bYg9bo50gSsH3LtXe2SQn,USSM19400325,4,ESFJ
72,Snowman,Sia,105,3B,52,2022-12-03,02:45,76,,Everyday Is Christmas (Deluxe Edition),2018-11-01,72,43,0,34,0,0,-6,C♯/D♭ Major,3,7uoFMmxln0GPXQ0AcCBXRq,USAT21704212,4,ESFJ
172,Good Parts (when the quality is bad but I am),LE SSERAFIM,121,8B,68,2023-12-10,02:36,63,k-pop,ANTIFRAGILE,2022-10-17,79,52,0,62,0,40,-5,C Major,4,1sZBzYhrQG40zcSuKkI93c,USA2P2230332,4,ESFJ
173,Sour Grapes,LE SSERAFIM,140,11A,80,2023-12-10,03:16,69,k-pop,FEARLESS,2022-05-02,78,40,0,72,0,10,-6,F#/G♭ Minor,4,6wBpO4Xc4YgShnENGSFA1M,USA2P2219221,4,ESFJ
14,FIESTA,IZ*ONE,123,9B,93,2022-05-04,03:37,62,k-pop,BLOOM*IZ,2020-02-17,76,6,0,72,0,30,-2,G Major,4,6Ihdn6wW2UBhfTKWbP29KA,KRA871900037,4,ESFJ
174,Dokkoi！ロマンティック,iLiFE!,190,7B,98,2023-12-10,03:15,45,j-pop,アイライフスターターパック！,2023-01-01,50,2,0,57,10,40,-2,F Major,4,1uF67fSZfceFo2OuHJlPsC,JPW462248143,4,ESFJ
176,恋,back number,152,11B,72,2023-12-10,04:13,71,"j-pop, j-rock",blues,2012-11-21,45,10,0,52,0,30,-3,A Major,4,7f9DsQEsIoeTwKxV6shsom,JPPO01200397,4,ESFJ
77,17分間,Nogizaka46,169,2B,90,2022-12-24,05:32,45,"j-pop, anime",ここにはないもの (Special Edition),2022-12-07,43,0,0,67,0,10,-3,F#/G♭ Major,3,7kklTKJYlujzPAPCCxgCQ1,JPU902204619,4,ESFJ
177,Sleeping face,iLiFE!,134,6B,96,2023-12-10,03:33,37,j-pop,アイライフスターターパック！,2023-01-01,57,0,0,85,0,50,-3,A#/B♭ Major,4,7E3FyhQTAwJ9pdmcFlvV4O,JPW462248151,4,ESFJ
79,OMG,NewJeans,127,8A,77,2023-01-21,03:32,79,k-pop,NewJeans 'OMG',2023-01-02,80,36,0,74,0,10,-4,A Minor,4,65FftemJ1DbbZ45DUfHJXE,USA2P2251723,4,ESFJ
80,PANDORA,MAVE:,150,11B,95,2023-02-10,03:16,56,k-pop,PANDORA'S BOX,2023-01-25,64,2,0,76,10,30,-2,A Major,4,70yszWsLJvNZuZwaHNMROf,KRA382300336,4,ESFJ
167,Taste of You,"Rezz,Dove Cameron",100,8B,68,2022-07-12,02:47,46,"edm, dubstep, ",Taste of You,2021-05-21,67,1,0,32,0,10,-7,C Major,4,655sojH8GGEteZTBJOFyy7,USRC12100451,4,ESFJ
81,Cupid,FIFTY FIFTY,120,10B,66,2023-03-29,02:54,0,k-pop,The Beginning: Cupid,2023-02-24,77,65,0,94,0,30,-8,D Major,4,4dKa5ZzlGqUy3Wo0yaXKNI,KSA012239180,4,ESFJ
82,Kitsch,IVE,102,1B,79,2023-04-02,03:15,57,k-pop,Kitsch,2023-03-27,80,1,0,46,0,0,-5,B Major,4,4hbU7BVioG3WnoRNEy5YUf,QM4TX2337765,4,ESFJ
83,I AM,IVE,122,9A,88,2023-04-10,03:03,75,k-pop,I've IVE,2023-04-10,68,1,0,38,0,0,-5,E Minor,4,70t7Q6AYG6ZgTYmJWcnkUM,QM4TX2337764,4,ESFJ
84,アクマデモ,i-COL,137,3B,74,2023-04-20,04:18,28,j-pop,アクマデモ,2023-04-21,56,5,9,71,0,0,-7,C♯/D♭ Major,4,7uauGoQPrarSJdCUGRejfv,JPW462314264,4,ESFJ
85,ダンシャリメイジン,i-COL,184,3B,92,2023-04-20,02:52,19,j-pop,アクマデモ,2023-04-21,59,0,15,60,0,10,-4,C♯/D♭ Major,4,6WBZf2hPOKoLQiE92uIfHS,JPW462314265,4,ESFJ
86,UNFORGIVEN (feat. Nile Rodgers),"LE SSERAFIM,Nile Rodgers",104,9A,88,2023-05-04,03:02,71,"k-pop, ",UNFORGIVEN,2023-05-01,80,11,0,38,0,10,-4,E Minor,4,51vRumtqbkNW9wrKfESwfu,USA2P2310663,4,ESFJ
87,Spicy,aespa,115,10A,90,2023-05-09,03:17,62,k-pop,MY WORLD - The 3rd Mini Album,2023-05-08,76,1,0,84,0,0,-1,B Minor,4,1ULdASrNy5rurl1TZfFaMP,KRA302300145,4,ESFJ
88,ジャージは戦闘服★,NANIMONO,175,12B,92,2023-06-18,03:40,1,j-pop,むりなんだがw,2023-06-14,50,4,0,70,10,60,-1,E Major,4,3J70wqSaJjofLTSAE5Z92P,JPTE02302950,4,ESFJ
89,会いにKiTE!,iLiFE!,90,3B,95,2023-06-18,04:03,45,j-pop,アイライフスターターパック！,2023-01-01,54,3,0,59,10,10,-4,C♯/D♭ Major,4,3mvqpIzECGVVuivoFXOtAs,JPW462248138,4,ESFJ
90,ころころガール,iLiFE!,184,10B,98,2023-06-18,03:46,41,j-pop,アイライフスターターパック！,2023-01-01,55,5,0,67,10,20,-3,D Major,4,1hUppNt7JT1aeQm0zLfes2,JPW462248139,4,ESFJ
180,Paint The Town Red,Doja Cat,100,7B,54,2023-09-15,03:51,78,,Paint The Town Red,2023-08-04,87,27,0,73,10,0,-9,F Major,4,2IGMVunIBsBLtEQyoI1Mu7,USRC12300907,4,ESFJ
91,初恋リバイバル,iLiFE!,95,8B,96,2023-06-18,04:13,39,j-pop,アイライフスターターパック！,2023-01-01,59,0,0,36,0,30,-3,C Major,4,45K8mjl9K0DKrOCLSxTgVr,JPW462248140,4,ESFJ
92,君セン！,iLiFE!,95,10B,95,2023-06-18,04:08,55,j-pop,アイライフスターターパック！,2023-01-01,63,4,0,48,0,30,-3,D Major,4,5qgxx7wxqBRL9c3BXtklRt,JPW462248142,4,ESFJ
93,むげんだいすき,iLiFE!,154,5A,87,2023-06-18,03:38,45,j-pop,むげんだいすき,2021-08-18,62,5,0,92,0,10,-5,C Minor,4,6yPBHurrFGSbV2qDmhTGHj,JPW462107985,4,ESFJ
94,ヒラリラリア,iLiFE!,183,9B,95,2023-06-18,04:20,38,j-pop,アイライフスターターパック！,2023-01-01,56,1,0,81,0,30,-2,G Major,4,7f211iyr8uCdnMV3lMjmoQ,JPW462248145,4,ESFJ
95,Hands Up!,iLiFE!,97,5B,98,2023-06-18,04:06,42,j-pop,アイライフスターターパック！,2023-01-01,52,4,0,39,10,10,-3,D#/E♭ Major,4,0yZ4l3JS8mkNKHUDskzHcj,JPW462248152,4,ESFJ
188,Love On,Selena Gomez,116,8B,52,2024-02-23,03:01,58,,Love On,2024-02-22,75,20,0,53,0,0,-6,C Major,4,2fB5YRuD88drKpCXQOAk03,USUM72318034,4,ESFJ
96,アイデンティティー,NANIMONO,130,10A,86,2023-06-18,03:36,0,j-pop,むりなんだがw,2023-06-14,65,3,1,64,0,30,-6,B Minor,4,6H7spD3u1RcTU7ZM1M8hty,JPTE02302960,4,ESFJ
180,Event Horizon,Younha,98,10A,86,2023-12-14,05:00,57,k-ballad,YOUNHA 6th Album Repackage 'END THEORY : Final Edition',2022-03-30,53,8,0,29,0,10,-3,B Minor,4,6RBziRcDeiho3iTPdtEeg9,KRA382204244,4,ESFJ
181,Mr. Chu,Apink,120,10B,84,2023-12-14,03:34,63,k-pop,Pink Blossom,2014-03-31,77,36,0,58,0,20,-3,D Major,4,6fT9eZYgSvhu9v8wzrZkdG,KRA381206681,4,ESFJ
101,ETA,NewJeans,135,3A,75,2023-07-21,02:31,78,k-pop,NewJeans 2nd EP 'Get Up',2023-07-21,81,11,0,84,0,0,-6,A#/B♭ Minor,4,56v8WEnGzLByGsDAXDiv4d,USA2P2330071,4,ESFJ
102,Cool With You,NewJeans,135,4A,65,2023-07-21,02:27,73,k-pop,NewJeans 2nd EP 'Get Up',2023-07-21,75,65,0,53,10,10,-7,F Minor,4,02wk5BttM0QL38ERjLPQJB,USA2P2330072,4,ESFJ
195,"I Love You, I'm Sorry",Gracie Abrams,116,6B,41,2025-03-02,02:37,87,,The Secret of Us,2024-06-21,53,66,0,34,0,10,-8,A#/B♭ Major,3,51rfRCiUSvxXlCSCfIztBy,USUG12401766,4,ESFJ
103,Get Up,NewJeans,85,7B,53,2023-07-21,00:36,70,k-pop,NewJeans 2nd EP 'Get Up',2023-07-21,53,63,13,56,0,10,-7,F Major,3,1wUnuiXMMvhudmzvcCtlZP,USA2P2330073,4,ESFJ
182,♡人生♡,Koresawa,200,3B,69,2024-02-03,03:21,58,j-pop,かわいくしながら待ってるね,2023-04-05,48,4,0,71,0,10,-7,C♯/D♭ Major,4,6xUSwo6S2euQqUe98Euv6m,JPCO02304230,4,ESFJ
105,Hurt,NewJeans,180,3A,45,2023-07-21,02:57,73,k-pop,NewJeans 1st EP 'New Jeans',2022-08-01,60,73,0,57,0,10,-7,A#/B♭ Minor,4,5expoVGQPvXuwBBFuNGqBd,USA2P2230224,4,ESFJ
106,Hold On Tight,aespa,120,9B,82,2023-08-25,02:29,72,k-pop,Hold On Tight,2023-03-30,59,9,0,27,20,20,-6,G Major,4,1o844wI52S3TjXGBwvGcc7,GBAYE2300222,4,ESFJ
200,Just Keep Watching (From F1® The Movie),"Tate McRae,F1 The Album",130,8A,80,2025-07-07,02:22,88,,Just Keep Watching (From F1® The Movie),2025-05-30,66,8,0,43,10,50,-6,A Minor,4,2yWlGEgEfPot0lv3OAjuG3,USAT22503497,4,ESFJ
201,party 4 u,Charli xcx,79,3B,52,2025-07-20,04:56,84,"hyperpop, art pop",how i'm feeling now,2020-05-15,58,76,0,25,10,60,-8,C♯/D♭ Major,4,2RdEC8Ff83WkX7kDVCHseE,GBAHS2000219,4,ESFJ
107,Illusion,aespa,90,7A,72,2023-08-25,03:15,60,k-pop,Girls - The 2nd Mini Album,2022-07-08,75,8,0,59,0,30,-3,D Minor,4,396FqjKmViUZ92Wmm4rx3i,KRA302200095,4,ESFJ
108,Better Things,aespa,115,8B,77,2023-08-25,03:23,57,k-pop,Better Things,2023-08-18,78,11,0,55,0,50,-5,C Major,4,6zZWoHlF2zNSLUNLvx4GUl,KRA302300242,4,ESFJ
204,When Did You Get Hot?,Sabrina Carpenter,89,7B,67,2025-08-29,02:25,87,pop,Man’s Best Friend,2025-08-29,70,23,0,57,10,30,-5,F Major,4,0je57Uq5eTk1wrPzn9sWbl,USUM72504446,4,ESFJ
109,Thirsty,aespa,78,2B,79,2023-08-25,03:13,63,k-pop,MY WORLD - The 3rd Mini Album,2023-05-08,65,55,0,63,0,10,-3,F#/G♭ Major,4,6nICBdDevG4NZysIqDFPEa,KRA302300147,4,ESFJ
110,Salty & Sweet,aespa,103,3A,64,2023-08-25,03:21,56,k-pop,MY WORLD - The 3rd Mini Album,2023-05-08,80,7,0,58,0,10,-5,A#/B♭ Minor,4,4wQDjZtXjsFtU3BLSiIH4t,KRA302300146,4,ESFJ
111,Welcome To MY World (feat. nævis),"aespa,nævis",152,9B,84,2023-08-25,03:26,56,"k-pop, ",Welcome To MY World (feat. nævis),2023-05-02,60,19,0,37,0,20,-2,G Major,4,6qVqWJxIpsabUKBILG7d6N,KRA302300144,4,ESFJ
183,Fact Check,NCT 127,130,4A,91,2024-02-04,03:04,59,"k-pop, noise music",Fact Check - The 5th Album,2023-10-06,76,8,0,59,10,20,-3,F Minor,4,5H46gVYLDwpxbsIgPoihO4,KRA302300304,4,ESFJ
13,pov,Ariana Grande,132,5A,53,2023-11-26,03:21,75,pop,Positions,2020-10-30,49,36,0,17,0,10,-6,C Minor,4,3UoULw70kMsiVXxW0L3A33,USUM72020441,4,ESFJ
184,All Night (feat. Saweetie),"IVE,Saweetie",124,12A,79,2024-02-04,03:17,59,"k-pop, ",All Night (feat. Saweetie),2024-01-19,77,13,0,35,0,30,-4,C♯/D♭ Minor,4,1hkeifGMiDQjXlvAsIoDaa,USQX92307375,4,ESFJ
17,Once More to See You,Mitski,93,11B,41,2023-11-26,03:00,70,,Puberty 2,2016-06-17,54,16,1,35,0,10,-14,A Major,4,3NE5nGm06kB8QQbQqJaOke,USJ5G1612303,4,ESFJ
114,CAKE,ITZY,103,9B,76,2023-08-25,03:18,46,k-pop,KILL MY DOUBT,2023-07-31,80,6,0,59,0,0,-4,G Major,4,121rSDpNoXL96bKOEdTGpW,US5TA2300075,4,ESFJ
115,Cheshire,ITZY,99,9B,84,2023-08-25,03:02,44,k-pop,CHESHIRE,2022-11-30,79,33,0,74,0,30,-3,G Major,4,1LJT4ctFlHUSVsfZqMeaz0,US5TA2200143,4,ESFJ
4,Likey,TWICE,132,9A,90,2025-10-06,03:27,68,k-pop,Twicetagram,2017-10-30,72,41,0,44,0,10,-1,E Minor,4,0IEVKWduAaMcZepZQVr80T,US5TA1700096,4,ESFJ
18,Without You,Lana Del Rey,112,2B,59,2023-11-26,03:49,61,,Born To Die - The Paradise Edition,2012-01-01,59,64,0,67,0,10,-8,F#/G♭ Major,4,6g4RVB6qiuySTw9FCV1HEM,GBUM71111571,4,ESFJ
6,Boy With Luv (feat. Halsey),"BTS,Halsey",120,10A,86,2025-10-06,03:49,78,"k-pop, ",MAP OF THE SOUL : PERSONA,2019-04-12,65,9,0,80,0,10,-5,B Minor,4,4a9tbd947vo9K8Vti9JwcI,QM6MZ1917908,4,ESFJ
116,ICONIC,aespa,153,1A,84,2023-08-25,03:11,52,k-pop,Savage - The 1st Mini Album,2021-10-05,82,51,0,63,10,0,-1,G#/A♭ Minor,4,5bMHrigI1EAmZdiyRzKoQi,KRA302100329,4,ESFJ
8,On The Ground,ROSÉ,189,3B,61,2025-10-06,02:48,67,k-pop,R,2021-03-12,31,2,0,29,10,10,-7,C♯/D♭ Major,4,2pn8dNVSpYnAtlKFC8Q0DJ,KRA402100040,4,ESFJ
117,aenergy,aespa,106,9B,90,2023-08-25,02:27,58,k-pop,Savage - The 1st Mini Album,2021-10-05,74,10,0,62,0,10,0,G Major,4,1iNvVaWmlKJns2LNTXN39Q,KRA302100325,4,ESFJ
185,さようなら、花泥棒さん - cover,sana,170,5A,94,2024-02-09,04:31,44,j-pop,(un) sentimental spica,2015-12-31,52,6,0,88,0,0,-2,C Minor,4,56Y1PmwfnM6BM7jGaE1oly,TCJPT2244040,4,ESFJ
118,YEPPI YEPPI,aespa,125,1B,87,2023-08-25,03:33,54,k-pop,Savage - The 1st Mini Album,2021-10-05,78,5,4,71,10,0,-2,B Major,4,3UKKwGrpWWamc0XNSKXjmz,KRA302100328,4,ESFJ
119,Lucid Dream,aespa,98,10A,75,2023-08-25,03:30,61,k-pop,Savage - The 1st Mini Album,2021-10-05,70,5,0,15,0,0,-4,B Minor,4,285Bh5EkbxGGE76ge8JDbH,KRA302100330,4,ESFJ
13,CHEER UP,TWICE,173,2B,89,2025-10-06,03:28,70,k-pop,PAGE TWO,2016-04-25,55,14,0,51,10,10,-1,F#/G♭ Major,4,7lB4rxNVc7vm33ZSZXVRAQ,US5TA1600021,4,ESFJ
120,LEAP HIGH! 〜明日へ、めいっぱい〜,PRODUCE 101 JAPAN THE GIRLS,120,10B,94,2023-09-20,03:27,0,j-pop,LEAP HIGH! 〜明日へ、めいっぱい〜,2023-09-03,72,0,3,63,0,30,-3,D Major,4,5M1sJDGYb2r1hT7TL0r59i,JPZ342300001,4,ESFJ
121,Cruel Summer,Taylor Swift,170,11B,70,2023-09-23,02:58,89,,Lover,2019-08-23,55,12,0,56,10,10,-6,A Major,4,1BxfuPKGuaTgP7aM0Bbdwr,USUG11901472,4,ESFJ
122,Cheri Cheri Lady,Modern Talking,114,6B,62,2023-09-23,03:46,82,"europop, italo disco, eurodance",Let's Talk About Love,1985-00-00,68,46,1,85,0,30,-14,A#/B♭ Major,4,2aEuA8PSqLa17Y4hKPj5rr,DEC738500001,4,ESFJ
123,Legalize it,"MASATAKA,高樹沙耶,ADD CREATIVE",170,7B,56,2023-10-07,04:37,31,j-rap,Legalize it,2023-06-16,61,71,0,51,10,10,-7,F Major,4,40RWjop61YN5g1f4fNloSp,TCJPW2323048,4,ESFJ
186,子供じゃないもん17,Seiko Oomori,104,8B,97,2024-02-09,03:32,48,"anime, j-rock, j-pop",洗脳,2014-12-03,71,44,8,90,0,10,-2,C Major,4,4nhpXuVrWrb6oZ8alKN2Ez,JPB601404084,4,ESFJ
21, Slut!  (Taylor's Version) (From The Vault),Taylor Swift,78,10B,42,2023-11-26,03:00,73,,1989 (Taylor's Version),2023-10-26,62,33,0,31,0,0,-13,D Major,4,71BqAINEnezjQfxE4VuJfq,USUG12306687,4,ESFJ
20,CALL ME BABY,EXO,100,3B,89,2025-10-06,03:31,67,k-pop,EXODUS - The 2nd Album,2015-03-30,69,28,0,88,0,30,-3,C♯/D♭ Major,4,6Rx0ORYPP3GH9rTvGS5Vy8,KRA301500111,4,ESFJ
187,Wife,i-dle,124,10A,83,2024-02-10,02:01,25,k-pop,Wife,2024-01-22,90,3,0,62,10,30,-5,B Minor,4,7a4Rk4ZYgtbJYLP2PkYjUS,KRA392300032,4,ESFJ
127,Rollin',Brave Girls,125,3B,86,2023-10-07,03:17,60,k-pop,Rollin',2017-03-07,69,3,0,54,10,10,-4,C♯/D♭ Major,4,6SQUopvuZyrWYjYayxxSXl,KRB921940113,4,ESFJ
23,One In A Million,TWICE,90,1B,73,2025-10-06,02:55,51,k-pop,Twicecoaster: Lane 1,2016-10-24,60,16,0,42,0,20,-2,B Major,4,6Nqp4bYrZgdVnAmWc9Ek39,US5TA1600088,4,ESFJ
128,DALLA DALLA,ITZY,125,10A,85,2023-10-07,03:19,53,k-pop,IT'z Different,2019-02-14,79,0,0,71,0,30,-5,B Minor,4,7rUPPn5EmPZS7G0LyGAFCT,US5TA1900013,4,ESFJ
129,Queendom,Red Velvet,120,7B,90,2023-10-07,03:01,60,k-pop,Queendom - The 6th Mini Album,2021-08-16,70,18,0,51,0,0,-1,F Major,4,6SpPr7K4YQ2wp8jU6uOTmQ,KRA302100268,4,ESFJ
26,VERY NICE,SEVENTEEN,122,2A,90,2025-10-06,03:12,68,k-pop,Love&Letter repackage album,2016-07-04,75,5,0,88,0,0,-3,D#/E♭ Minor,4,1Rrj7KyS2R6SP9CQMDJW1w,KRA381601262,4,ESFJ
130,Unfaithful,Rihanna,144,5A,39,2023-10-07,03:46,74,,A Girl Like Me,2006-04-10,59,84,0,35,0,20,-9,C Minor,4,13xxBnXOuiBxVxJI458B0i,USUM70601995,4,ESFJ
131,走れ!,Momoiro Clover Z,135,1B,99,2023-10-08,04:33,47,"anime, j-pop",行くぜっ！怪盗少女,2010-01-01,66,6,1,76,0,30,-3,B Major,4,45R1m5osIXo92tgY1eHTeW,JPPO01031530,4,ESFJ
189,Discord,QWER,132,8A,94,2024-03-01,02:47,53,"k-rock, k-pop",1st Single Album 'Harmony from Discord',2023-10-18,72,19,0,70,20,30,-2,A Minor,4,2kTKlEtnGx5z8oi4O06yqC,KRA382321138,4,ESFJ
132,サラバ、愛しき悲しみたちよ,Momoiro Clover Z,168,9B,96,2023-10-15,04:58,48,"anime, j-pop",5TH DIMENSION,2013-04-10,39,6,0,48,0,50,-4,G Major,4,3dtaA8y7Ns4hXk5bZodAEi,JPKI01216926,4,ESFJ
133,行くぜっ!怪盗少女,Momoiro Clover Z,160,9A,99,2023-10-15,03:46,48,"anime, j-pop",桃も十、番茶も出花,2018-05-23,49,5,0,37,40,30,-2,E Minor,4,5scvZE0g7YTc4DeQ0GI7bA,JPPO01031520,4,ESFJ
134,おジャ魔女カーニバル!!,MAHO堂,148,4A,95,2023-10-15,03:35,53,anime,おジャ魔女どれみ Select Best,2020-11-16,60,35,0,74,0,30,-3,F Minor,4,63CbmTcrmJlFYSehryyG48,JPD600301176,4,ESFJ
135,milk boy,SILENT SIREN,97,3A,87,2023-10-15,03:55,54,"j-rock, j-pop",S,2016-03-02,61,0,0,88,0,30,-3,A#/B♭ Minor,4,5LSMazrndE283ttCAbsWdN,JPN901600110,4,ESFJ
136,フライングゲット,AKB48,131,5A,98,2023-10-15,04:17,54,"j-pop, c-pop",1830m,2012-08-15,53,12,0,61,10,30,-3,C Minor,4,75sVhuWjMLCtihbXY6TNKk,JPKI01114812,4,ESFJ
35,Handlebars (feat. Dua Lipa),"JENNIE,Dua Lipa",156,9B,80,2025-10-06,03:04,61,"k-pop, pop",Handlebars (feat. Dua Lipa),2025-03-06,50,1,0,57,0,0,-4,G Major,4,08dD8Lk7VUea38YnsMzOP7,USQX92500266,4,ESFJ
137,Baddie,IVE,160,7B,68,2023-10-16,02:34,56,k-pop,I'VE MINE,2023-10-13,74,5,0,76,0,10,-5,F Major,4,7aqsfFKqJFNa2umM4tTLdA,QMDA72364152,4,ESFJ
138,You & Me,JENNIE,112,11B,57,2023-10-17,02:59,0,k-pop,JENNIE Special Single [You & Me],2023-10-06,79,2,0,56,0,10,-6,A Major,4,0WuhiMXxqEwTzrba5Satan,KRA402300041,4,ESFJ
140,制服のマネキン,Nogizaka46,130,7B,96,2023-10-24,04:23,47,"j-pop, anime",透明な色,2015-01-07,59,10,0,46,0,30,-4,F Major,4,5QQ35KE6cCSl62nUvfPTnI,JPSR01204101,4,ESFJ
141,好きと言わせたい,IZ*ONE,132,4B,94,2023-11-12,03:59,32,k-pop,好きと言わせたい (Special Edition),2019-02-15,53,12,0,72,0,20,-1,G#/A♭ Major,4,4cb65NgJOppTj6Ip5THclm,JPPO01806807,4,ESFJ
143,Pretender,OFFICIAL HIGE DANDISM,92,4B,86,2023-11-15,05:26,60,"j-pop, anime, j-rock",Pretender,2019-05-15,53,4,0,40,0,10,-3,G#/A♭ Major,4,5LkWXxDxUTwEVHL0pfKL55,JPPC01900265,4,ESFJ
144,HEARTRIS,NiziU,124,6A,98,2023-11-16,03:00,51,"j-pop, k-pop",Press Play,2023-10-30,74,12,0,84,10,30,-2,G Minor,4,3ftr8VIFtTJq2pscGtRUli,US5TA2300166,4,ESFJ
145,ジュエリー (Prod. imase),LE SSERAFIM,119,11B,86,2023-11-16,02:43,53,k-pop,ジュエリー (Prod. imase),2023-07-25,73,10,0,69,0,10,-4,A Major,4,1PeBPKbOCc370rnLKploBL,JPPO02302503,4,ESFJ
25,Perfect,Selena Gomez,136,11A,56,2023-11-26,04:02,49,,Revival (Deluxe),2015-10-09,39,14,0,17,0,10,-7,F#/G♭ Minor,4,2cMtkfv5jEb5UpIjJntl5g,USUM71513598,4,ESFJ
146,La Vie en Rose,IZ*ONE,116,8A,91,2023-11-16,03:38,63,k-pop,COLOR*IZ,2018-10-29,70,9,0,62,0,10,-1,A Minor,4,3WfaJhCL4p2JbdffJjV6Va,KRA871800019,4,ESFJ
147,ICY,ITZY,125,10B,90,2023-11-16,03:11,49,k-pop,IT'z ICY,2019-07-29,80,3,0,81,0,10,-3,D Major,4,1wQfFXIq26XtDbZETxHbsx,US5TA1900067,4,ESFJ
148,Drama,aespa,131,11A,87,2023-11-16,03:34,78,k-pop,Drama - The 4th Mini Album,2023-11-10,64,16,0,38,0,30,-2,F#/G♭ Minor,4,5XWlyfo0kZ8LF7VSyfS4Ew,KRA302300350,4,ESFJ
6,twilight zone,Ariana Grande,115,7B,48,2026-02-08,03:18,72,pop,eternal sunshine deluxe: brighter days ahead,2025-03-28,73,9,0,19,0,10,-7,F Major,4,1YRbAonLvmuUILvQso0gUM,USUM72501915,4,ESFJ
7,So Easy (To Fall In Love),Olivia Dean,140,5B,63,2026-02-08,02:49,97,pop soul,The Art of Loving,2025-09-26,75,67,0,57,0,0,-6,D#/E♭ Major,4,6sGIMrtIzQjdzNndVxe397,GBUM72503087,4,ESFJ
149,Off The Record,IVE,108,6B,75,2023-11-16,03:08,52,k-pop,Off The Record,2023-10-06,77,10,0,84,0,10,-5,A#/B♭ Major,4,0tSkMuKKrLXEfxc58cEhFX,QMDA72364151,4,ESFJ
150,勿忘,Awesome City Club,79,11A,45,2023-11-20,04:11,64,"j-pop, japanese indie, city pop",Grower,2021-02-10,45,23,0,30,0,30,-7,F#/G♭ Minor,4,0XZyF9lv6diMt4bxThOL0h,JPB602100027,4,ESFJ
151,ハッピーエンド,back number,78,11A,65,2023-11-20,05:14,76,"j-pop, j-rock",ハッピーエンド,2016-11-16,38,4,0,33,0,10,-3,F#/G♭ Minor,4,4GqO80eGXA542oTvlYv4LS,JPPO01621209,4,ESFJ
27,Daylight,Taylor Swift,150,8B,50,2023-11-26,04:53,81,,Lover,2019-08-23,56,81,0,27,0,0,-10,C Major,4,1fzAuUVbzlhZ1lJAx9PtY6,USUG11901486,4,ESFJ
153,桜が降る夜は,Aimyon,107,7B,96,2023-11-20,04:34,67,j-pop,瞳へ落ちるよレコード,2022-08-17,64,38,0,71,0,20,-3,F Major,4,0H2n6GpHAMlujiER71ubMB,JPWP02100223,4,ESFJ
154,サイクロンライフ,iLiFE!,93,2B,95,2023-11-27,03:41,48,j-pop,サイクロンライフ,2023-11-27,55,7,0,56,10,40,-6,F#/G♭ Major,4,606isL8jF57uwDDXVJsCFR,JPW462377324,4,ESFJ
155,会いにKiTE! (2023ver.),iLiFE!,90,3B,93,2023-11-27,04:24,39,j-pop,サイクロンライフ,2023-11-27,51,6,0,54,10,20,-6,C♯/D♭ Major,4,0Dx6JaiSQH6SYZwxoganWL,JPW462377325,4,ESFJ
158,AtoZ,トキメッキー,171,6B,89,2023-11-30,03:08,0,,35 GIRLS 5 CONCEPTS,2023-12-01,55,6,0,56,0,10,-3,A#/B♭ Major,4,15jmi8NlqdXuPUb4FcL9lj,JPZ342300003,4,ESFJ
159,小悪魔 (Baddie),CLAW-me,99,10A,74,2023-11-30,03:03,0,,35 GIRLS 5 CONCEPTS,2023-12-01,67,17,0,81,0,30,-3,B Minor,4,0J6iBRiO4lL28B7LVdtUlR,JPZ342300004,4,ESFJ
160,Popcorn,new F7avors,110,7B,96,2023-11-30,03:09,0,,35 GIRLS 5 CONCEPTS,2023-12-01,70,2,0,78,0,0,-2,F Major,4,2AcaocZ9bVYIa9oCUeewU0,JPZ342300005,4,ESFJ
161,TOXIC,Charm Holic,142,1A,94,2023-11-30,03:13,0,,35 GIRLS 5 CONCEPTS,2023-12-01,74,14,0,87,0,0,-3,G#/A♭ Minor,4,3ifV9AR4rpcXAsCtAtybna,JPZ342300006,4,ESFJ
23,Opalite,Taylor Swift,125,9A,82,2026-02-08,03:55,92,,The Life of a Showgirl,2025-10-03,81,8,0,80,0,0,-5,E Minor,4,3yWuTOYDztXjZxdE2cIRUa,USUG12506438,4,ESFJ
162,&ME,NALALA,145,4B,93,2023-11-30,02:55,0,,35 GIRLS 5 CONCEPTS,2023-12-01,57,0,1,51,10,30,-4,G#/A♭ Major,4,44muA7zBeipDRXs1uaTNLv,JPZ342300007,4,ESFJ
163,Rollin' Rollin',Love Potion,107,4B,96,2023-12-03,02:55,36,witch house,PRODUCE 48 - 30 Girls 6 Concepts,2018-08-18,77,25,0,94,0,20,-2,G#/A♭ Major,4,2eXAgdzoMiWBeYXFwGPSfO,KRA491800732,4,ESFJ
28,The Archer,Taylor Swift,124,8B,57,2023-11-26,03:31,75,,Lover,2019-08-23,29,12,1,17,0,0,-9,C Major,4,3pHkh7d0lzM2AldUtz2x37,USUG11901475,4,ESFJ
164,To Reach You,Memory Fabricators,105,11B,93,2023-12-03,03:30,41,,PRODUCE 48 - 30 Girls 6 Concepts,2018-08-18,71,2,0,56,0,20,-1,A Major,4,4kXsW6kdw1l0eQU2WVMwZc,KRA491800733,4,ESFJ
165,Rumor,H.I.N.P (Hot Issue of Ntl. Producers),102,8A,86,2023-12-03,03:17,55,k-pop,PRODUCE 48 - 30 Girls 6 Concepts,2018-08-18,74,13,0,61,0,40,-3,A Minor,4,2sGdEGK9MbxtM00aVqEEiu,KRA491800734,4,ESFJ
29,BIRDS OF A FEATHER,Billie Eilish,105,10B,51,2026-02-08,03:30,94,,HIT ME HARD AND SOFT,2024-05-17,75,20,6,44,0,10,-10,D Major,4,6dOtVTDdiauQNBQEDOtlAB,USUM72401994,4,ESFJ
333,SSW,Koresawa,90,1B,69,2025-10-02,04:27,58,j-pop,コレカラー,2017-08-09,59,4,0,49,0,40,-5,B Major,4,1pLWpoeGFxoyBB79ciwjAa,JPCR01704310,4,ESFJ
334,ラブソングに襲われる,=LOVE,134,9B,96,2025-10-13,03:38,67,j-pop,ラブソングに襲われる,2025-09-07,65,2,0,67,0,10,-3,G Major,4,3xIy1bAkKbLtXdzHKwCjqE,JPU902502864,4,ESFJ
335,シアワセ,aiko,97,4B,86,2025-10-20,05:25,58,j-pop,シアワセ,2007-05-30,54,3,0,79,0,30,-5,G#/A♭ Major,4,5bMkOuHStEl08aNXBItKE5,JPPC00700394,4,ESFJ
336,死ぬこと以外かすり傷,Koresawa,108,10A,97,2025-10-27,03:39,59,j-pop,コレカラー,2017-08-09,66,1,0,56,0,20,-5,B Minor,4,4D71mQVLlcmBWZBLGNbK8g,JPCR01704320,4,ESFJ
337,Golden,"HUNTR/X,EJAE,AUDREY NUNA,REI AMI,KPop Demon Hunters Cast",123,9A,67,2025-12-06,03:14,81,k-pop,Golden (from the Netflix film KPop Demon Hunters),2025-06-19,72,10,0,10,0,20,-5,E Minor,3,5Cp75TUMrHF6c8xbhdligS,QZ8BZ2513510,4,ESFJ
338,Zoo - From  Zootopia 2 ,"Disney,Shakira",129,10B,80,2025-12-11,03:10,78,latin pop,Zoo (From  Zootopia 2 ),2025-10-10,86,33,0,90,0,10,-6,D Major,4,7o9qVPLe7MI7XhdAS1PkrN,USWD12538420,4,ESFJ
339,Mela!,Ryokuoushoku Shakai,138,4B,94,2025-12-21,04:02,68,"j-pop, anime, j-rock",Mela!,2020-04-13,62,4,0,62,0,30,-2,G#/A♭ Major,4,6IO5nn84TKArsi3cjpIqaD,JPU902000634,4,ESFJ
340,初恋サイダー,Buono!,96,4B,93,2025-12-28,03:31,59,j-pop,Buono! COMPLETE CD,2017-09-13,64,1,0,61,0,0,-3,G#/A♭ Major,4,3lyB2QHD0EWsjk4MjO5NAp,JPA601200012,4,ESFJ
341,大声ダイヤモンド,AKB48,174,10B,96,2025-12-28,04:06,43,"j-pop, c-pop",大声ダイヤモンド,2008-10-22,42,44,0,69,0,10,-5,D Major,4,0ZTw8HC46LtRACFBaaaIoH,JPKI00816136,4,ESFJ
342,ただ君に晴れ,Yorushika,140,7B,83,2026-01-14,03:18,73,"j-pop, j-rock, anime, japanese indie",負け犬にアンコールはいらない,2018-05-09,68,34,0,96,0,10,-3,F Major,4,3wJHCry960drNlAUGrJLmz,JPA651804024,4,ESFJ
343,メロメラ,iLiFE!,100,1A,93,2026-01-23,04:04,58,j-pop,メロメラ,2026-01-24,61,1,0,71,10,30,-4,G#/A♭ Minor,4,5oDkZVBi6GjemLxNZuQBoh,JP92Y2600361,4,ESFJ
344,会いにKiTE! - 2026 support ver.,iLiFE!,90,3B,92,2026-01-23,04:23,57,j-pop,メロメラ,2026-01-24,58,1,0,44,0,20,-4,C♯/D♭ Major,4,4XH5a9VnO41cMtGrFSGJRB,JP92Y2600362,4,ESFJ
345,キュンとクラフト,iLiFE!,100,3B,90,2026-01-23,03:28,56,j-pop,メロメラ,2026-01-24,60,10,0,71,0,10,-4,C♯/D♭ Major,4,2eW2SXcO08gRrxbOmxLWk0,JP92Y2600363,4,ESFJ
346,完全勝利Love&Good！,iLiFE!,182,3B,91,2026-01-23,03:20,47,j-pop,メロメラ,2026-01-24,46,1,0,36,0,30,-4,C♯/D♭ Major,4,3UAaVNhyCzeSjCHJL6sItd,JP92Y2600364,4,ESFJ
347,ユメクライミング,iLiFE!,98,2B,96,2026-01-23,03:11,52,j-pop,メロメラ,2026-01-24,55,1,0,47,10,30,-3,F#/G♭ Major,4,3s0Gz2WQ6q9nK75TOSQUQD,JP92Y2600365,4,ESFJ
348,じぶんラブ宣言,Onephony,174,8B,95,2026-02-07,03:43,31,,じぶんラブ宣言,2025-06-02,54,1,0,51,0,10,-2,C Major,4,4q7yWpicssNgjbClImPtaX,TCJPI2528718,4,ESFJ
349,Fanfare,Onephony,166,10B,91,2026-02-07,04:27,28,,Fanfare,2025-11-19,55,28,0,70,0,10,-4,D Major,4,7CFX4mwFevzQVZZGJsTQ5z,FRX872593915,4,ESFJ
350,恋のオトメーション,Onephony,134,4B,93,2026-02-07,04:08,36,,Fanfare,2025-11-19,81,8,1,93,0,0,-4,G#/A♭ Major,4,08ziGpusONjtil6D9Jo477,DGA052591194,4,ESFJ
351,プラトニックチョロイン,NONFIC!,97,6B,97,2026-02-07,03:42,47,,ちゅきらぶ！,2023-11-27,67,3,0,93,0,30,-3,A#/B♭ Major,4,5nTL1FPfN0sU9kXoqJuaBS,TCJPY2320441,4,ESFJ
352,シャウト・シャトル,MEGAFON,192,3B,95,2026-02-07,03:28,46,,バカデカボイス,2025-06-02,57,5,0,86,10,10,-4,C♯/D♭ Major,4,5Jks6sBcpJgt5AvAcKcnvd,JPW462585960,4,ESFJ
353,ハルノヒ,Aimyon,107,11B,67,2026-02-17,05:26,57,j-pop,ハルノヒ,2019-04-03,59,26,0,53,0,10,-2,A Major,4,7GYGVDPbi0zQUBIkuOPAY0,JPWP01970073,4,ESFJ
354,Me Gustas Tu,GFRIEND,106,4B,92,2026-03-01,03:40,65,k-pop,Flower Bud,2015-07-23,65,17,0,71,0,0,-1,G#/A♭ Major,4,3AtYSKkZ75F7z0fi03pKuq,KRB471501326,4,ESFJ
355,One Love,ARASHI,103,6B,94,2026-03-02,04:45,67,j-pop,One Love,2008-06-25,55,19,0,70,0,40,-3,A#/B♭ Major,4,3r6Am8NvUDbuS2Yqv76ivi,JPQ400800340,4,ESFJ
356,劇薬中毒,=LOVE,132,12A,92,2026-03-06,04:36,69,j-pop,劇薬中毒,2026-02-17,60,26,0,65,0,10,-3,C♯/D♭ Minor,4,6FomeOYunnOCSG2eqkaHn0,JPU902600539,4,ESFJ
357,RUDE!,Hearts2Hearts,128,11A,78,2026-03-06,03:20,68,k-pop,RUDE!,2026-02-20,78,18,0,48,0,30,-4,F#/G♭ Minor,4,0WA27lZzPKFJKAbiDRmQDc,KRA302600032,4,ESFJ
358,黒毛和牛上塩タン焼680円,Ai Otsuka,80,7B,67,2026-03-19,03:51,63,j-pop,愛 am BEST,2007-03-28,19,1,0,43,0,60,-5,F Major,4,6BVy2lDVrBUjBjvn3dQPTy,JPB600495301,4,ESFJ
359,えぶりで大好き記念日,きゅるりんってしてみて,161,7B,94,2026-03-29,03:19,52,j-pop,えぶりで大好き記念日,2026-01-13,66,13,0,91,10,50,-3,F Major,4,6CfUZm4MGFpfCAkRHxInVT,QT66J2628217,4,ESFJ
360,iLiFE! SE,iLiFE!,150,8A,93,2026-03-31,01:37,48,j-pop,BRAVE GROOVE,2026-03-31,40,0,1,56,10,30,-3,A Minor,4,1FAX9TMhkbpNqrEtNcwiAP,JPCO02602910,4,ESFJ
361,メッセージ,iLiFE!,98,9B,96,2026-04-03,03:35,51,j-pop,アイドルライフエクストラパック,2025-04-30,61,9,0,63,0,30,-4,G Major,4,7DOPPFr20gjlGZk5kCu801,JPW462574226,4,ESFJ
362,バチモリーナ,iON!,188,8B,96,2026-04-03,03:04,55,,バチモリーナ,2025-12-16,50,2,0,57,10,30,-3,C Major,4,0PyWMt9wUXf2At1kMYV7eq,JP92Y2511622,4,ESFJ
29,All Too Well (10 Minute Version) (Taylor's Version) (From The Vault),Taylor Swift,93,8B,52,2023-11-26,10:13,82,,Red (Taylor's Version),2021-11-12,63,27,0,21,0,0,-9,C Major,4,5enxwA8aAbwZbf5qCHORXi,USUG12103690,4,ESFJ
364,I LOVE YOU＝NONFICTION,NONFIC!,175,7B,95,2026-04-23,04:19,45,,よくばりバイキング,2025-09-16,60,1,0,62,10,0,-4,F Major,4,4STBrgpSYwbOGtxKSCj0ga,JP92Y2506886,4,ESFJ
365,きみが死ぬとき思い出す女の子になりたい,Samezame,85,4B,98,2026-04-29,04:22,42,,きみが死ぬとき思い出す女の子になりたいep,2017-04-12,32,2,0,65,10,0,-3,G#/A♭ Major,4,20mSVcKBs7aAcyl9QTXz8Y,JPS651600234,4,ESFJ
366,きゅるきゅる,Seiko Oomori,170,3B,93,2026-04-29,03:09,42,"anime, j-rock, j-pop",洗脳,2014-12-03,55,1,18,94,0,0,-2,C♯/D♭ Major,4,1BcXoS56Ylej8VieAQqWn2,JPB601402720,4,ESFJ
367,名残り桜,AKB48,169,3B,76,2026-04-29,03:20,53,"j-pop, c-pop",名残り桜,2026-02-02,44,20,0,73,0,10,-4,C♯/D♭ Major,4,1Fmz9ddcD55ZBrFdvW9Tuu,JPPO02504901,4,ESFJ
190,Goodbye Now,TOMORROW X TOGETHER,136,10B,39,2024-03-03,04:36,47,k-pop,Goodbye Now (Love Revolution X TOMORROW X TOGETHER) [Original Webtoon Soundtrack],2023-02-22,58,21,0,25,0,10,-7,D Major,4,1bIhEN6lxZTokWS7Qk5DJP,KRMIM2334374,4,ESFJ
4,恋だろ,wacci,144,12B,55,2026-03-07,04:42,56,"j-pop, anime",恋だろ,2022-04-15,60,17,0,34,0,10,-7,E Major,4,0ir7DGXo3hxaPa82h1vrOj,JPU902201259,4,ESFJ
8,今更だって僕は言うかな,Saucy Dog,168,1B,63,2026-03-07,04:09,66,"j-pop, japanese indie",テイクミー,2020-09-02,38,21,0,47,0,10,-7,B Major,4,2W7JuDPQq52SXoQnZOXHU3,JPJ222001498,4,ESFJ
9,日常革命,neguse.,158,9B,66,2026-03-07,04:32,58,j-pop,ファンタジーな祝日を!!!,2024-02-14,39,0,0,50,0,20,-3,G Major,4,5pq0NcEaojVgiDtrB8viHX,JPP302200438,4,ESFJ
11,あぁ、もう。,Saucy Dog,112,12B,61,2026-03-07,04:44,63,"j-pop, japanese indie",サニーボトル,2022-07-06,69,32,0,65,0,10,-7,E Major,4,5HchsPAkAd6oIeTlr2TaaU,JPJ222101817,4,ESFJ
28,HOME,BTS,143,6A,80,2025-12-01,03:54,1,k-pop,MAP OF THE SOUL : PERSONA,2019-04-12,63,1,0,54,0,10,-5,G Minor,4,7lthOBXNue2IvedLRfkod8,QM6MZ1917911,4,ESFJ
29,Love Maze,BTS,150,11B,88,2025-12-01,03:41,70,k-pop,Love Yourself 轉 'Tear',2018-05-18,64,5,0,76,0,0,-5,A Major,4,4ROdFnoZNn2RTmwct0cVpx,QM4TX1817916,4,ESFJ
81,旅路,Fujii Kaze,172,11B,56,2026-01-15,04:37,69,j-pop,LOVE ALL SERVE ALL,2022-03-23,56,13,0,71,0,0,-7,A Major,4,7uSLJCDetmdm3tQcoYLyty,JPPO02100112,4,ESFJ
13,Man I Need,Olivia Dean,119,3B,59,2026-01-27,03:04,97,pop soul,Man I Need,2025-08-15,81,49,0,69,0,0,-7,C♯/D♭ Major,4,1qbmS6ep2hbBRaEZFpn7BX,GBUM72503089,4,ESFJ
24,第57次取消发送,菲菲公主,172,11B,48,2025-06-20,03:00,64,"chinese r&b, c-pop, mandopop",第57次取消发送,2025-02-10,49,69,0,29,0,10,-10,A Major,4,2xYrGeWUjwGvB0KMAfUFSd,FR59R2502214,4,ESFJ
28,Family Song,Gen Hoshino,166,9B,71,2024-12-16,05:24,66,"j-pop, anime",Family Song,2017-08-16,53,6,0,77,0,30,-5,G Major,4,6XzDz5r1bGMkcOKeXQwTqM,JPVI01721000,4,ESFJ
66,幸せ,Masanori Otoda,127,9B,37,2025-02-15,05:13,49,j-pop,幸せ,2021-11-09,68,59,0,37,0,20,-6,G Major,4,2j2UcUqQtQU4egBQtlb9Ku,QMDA62176399,4,ESFJ
67,夜空,Masanori Otoda,73,4B,33,2025-02-15,04:09,53,j-pop,夜空,2022-03-15,39,77,0,37,0,10,-7,G#/A♭ Major,4,1rWp9c9Po0i4lAfCJYOoBh,JPU902200641,4,ESFJ
68,ペアリング,Masanori Otoda,91,10B,49,2025-02-15,03:09,51,j-pop,ペアリング,2024-02-27,81,33,0,49,0,30,-6,D Major,4,2vznAtq5wtn4D7U6WCwu5l,JPU902400479,4,ESFJ
70,紡ぐ,Tota,154,11A,72,2025-02-15,03:51,58,j-pop,紡ぐ,2023-02-01,55,19,0,57,0,0,-5,F#/G♭ Minor,4,4nnkvTcw7lpS8w9FKpo7yJ,JPD862201369,4,ESFJ
73,満ちてゆく,Fujii Kaze,144,11B,59,2025-02-15,05:10,68,j-pop,満ちてゆく,2024-03-14,56,47,5,43,0,10,-8,A Major,4,5glPFBAuA1C85tBcVWVzvO,JPPO02400480,4,ESFJ
79,このままで,Kana Nishino,150,11B,57,2025-02-15,04:17,59,j-pop,to LOVE,2010-06-23,53,72,0,24,0,0,-4,A Major,4,0W7hwe6NmoERnSsLaTwsee,JPU901000785,4,ESFJ
80,if,Kana Nishino,123,9B,64,2025-02-15,04:42,54,j-pop,if,2010-08-04,64,39,0,49,0,10,-4,G Major,4,0l8OTE4sFHWrjVUSUmcu2P,JPU901001061,4,ESFJ
95,MIRROR MIRROR,HIRAIDAI,158,1B,64,2025-02-15,03:06,50,j-pop,MIRROR MIRROR,2021-07-25,60,18,0,56,0,0,-5,B Major,4,0Sp31BXc9dedQnfKYCiojE,JPB602102344,4,ESFJ
115,PUZZLE,Shota Shimizu,95,1B,71,2025-04-10,04:36,63,"j-pop, j-r&b",PUZZLE,2024-10-09,60,10,0,66,0,30,-4,B Major,4,09O5p1IP5i2xldBScLpXX7,JPU902403488,4,ESFJ
119,曖昧Blue,Takaya Kawasaki,96,11B,59,2025-04-23,04:00,53,j-pop,曖昧Blue,2025-03-14,61,49,0,45,0,40,-7,A Major,4,4emdiNIkXXHkHhWsEZtnuf,JPWP02570191,4,ESFJ
121,星にのせて,HIRAIDAI,108,12A,56,2025-04-25,03:58,50,j-pop,Slow & Easy,2015-05-06,76,72,0,65,0,80,-7,C♯/D♭ Minor,4,5SdZWiJLe7xcSOZztJvtKN,JPB601501693,4,ESFJ
26,プロローグ,Uru,85,8B,68,2024-12-16,05:01,40,"j-pop, anime",オリオンブルー (Special Edition),2020-03-18,57,50,0,31,0,0,-6,C Major,4,0PT1snBhKhTEC7wOpdJuBk,JPU901803358,4,ESFJ
93,Bang Bang,"Jessie J,Ariana Grande,Nicki Minaj",150,5A,79,2026-04-23,03:19,82,"pop, ",Sweet Talker (Deluxe Version),2014-10-10,71,26,0,75,0,30,-3,C Minor,4,0puf9yIluy9W0vpMEUoAnN,USUM71409737,4,ESFJ
1,all-american bitch,Olivia Rodrigo,156,2B,70,2023-11-26,02:45,76,,GUTS,2023-09-08,42,22,0,45,0,10,-4,F#/G♭ Major,4,34sOdxWu9FljH84UXdRwu1,USUG12304093,4,ESFJ
191,虜,My Hair is Bad,169,3B,80,2024-03-09,02:45,59,j-pop,boys,2019-06-26,46,0,0,64,0,10,-4,C♯/D♭ Major,4,5KihK93JmGLvHN4Ryv7VgU,JPPO01901611,4,ESFJ
3,Prom Queen,Beach Bunny,144,12B,80,2023-11-26,02:16,3,,Prom Queen,2018-08-10,53,0,1,75,0,10,-7,E Major,4,6MpCaSIOfqBqbMED4kXgNY,QZDA71885746,4,ESFJ
4,happier,Olivia Rodrigo,169,2B,44,2023-11-26,02:55,85,,SOUR,2021-05-21,40,77,0,34,10,0,-10,F#/G♭ Major,3,2tGvwE8GcFKwNdAXMnlbfl,USUG12101247,4,ESFJ
193,Diamond,TRI.BE,106,10B,82,2024-03-25,03:03,54,k-pop,Diamond,2024-02-20,71,5,0,82,0,20,-3,D Major,4,4SjL5rKPVxe2K2FnjluuVa,KRUM72400013,4,ESFJ
6,Good Old-Fashioned Lover Boy - Remastered 2011,Queen,97,5B,46,2023-11-26,02:53,69,"classic rock, rock, glam rock",A Day At The Races (Deluxe Edition 2011 Remaster),1976-12-10,54,58,0,39,0,0,-7,D#/E♭ Major,4,1n7xFAY4xoPeqRvrkzAtsw,GBUM71029614,4,ESFJ
7,We Are Never Ever Getting Back Together (Taylor's Version),Taylor Swift,172,9B,69,2023-11-26,03:13,53,,Red (Taylor's Version),2021-11-12,57,3,0,72,10,0,-6,G Major,4,31CdkzHnMbvJuKZvtCQfR6,USUG12103668,4,ESFJ
8,Afterglow,Taylor Swift,111,11B,45,2023-11-26,03:43,74,,Lover,2019-08-23,76,13,0,40,0,10,-9,A Major,4,1SymEzIT3H8UZfibCs3TYi,USUG11901484,4,ESFJ
9,pretty isn’t pretty,Olivia Rodrigo,124,10B,85,2023-11-26,03:19,80,,GUTS,2023-09-08,56,0,0,57,0,0,-4,D Major,4,6W9l02gRsXVxzIuQC1oc1X,USUG12305002,4,ESFJ
10,Bags,Clairo,105,3B,55,2023-11-26,04:20,8,bedroom pop,Immunity,2019-08-02,74,17,38,87,0,10,-8,C♯/D♭ Major,4,6UFivO2zqqPFPoQYsEMuCc,US4HB1900080,4,ESFJ
11,dorothea,Taylor Swift,120,12B,49,2023-11-26,03:45,62,,evermore,2020-12-11,61,70,0,35,0,10,-8,E Major,4,670fUmXf4KQekzbEgaXyPA,USUG12004710,4,ESFJ
93,prom dress,mxmtoon,120,6B,67,2023-11-26,03:17,0,"bedroom pop, indie pop",the masquerade,2019-09-17,56,70,0,42,0,10,-6,A#/B♭ Major,4,2xCGBWfzTe8l2kvHpgvB6M,QM6MZ1961770,2,ESFJ
94,Sofia,Clairo,113,8B,62,2023-11-26,03:08,9,bedroom pop,Immunity,2019-08-02,74,60,0,64,0,20,-10,C Major,4,7B3z0ySL9Rr0XvZEAjWZzM,US4HB1900086,2,ESFJ
95,Heather,Conan Gray,102,7B,43,2023-11-26,03:18,85,,Kid Krow,2020-03-20,36,58,0,27,0,30,-7,F Major,3,4xqrdfXkTW4T0RauPLv3WA,USUM71924264,2,ESFJ
96,I Wanna Be Yours,Arctic Monkeys,68,5A,42,2023-11-26,03:03,92,"indie, garage rock",AM,2013-09-09,46,14,2,48,0,10,-9,C Minor,4,5XeFesFbtLpXzIVDNQP22n,GBCEL1300373,2,ESFJ
97,Gone,ROSÉ,80,2B,38,2023-11-26,03:27,68,k-pop,R,2021-03-12,65,59,0,65,0,0,-6,F#/G♭ Major,4,2ayIgfvWo3SfYP2pVOr4pC,KRA402100041,2,ESFJ
98,Who Says,Selena Gomez & The Scene,101,12B,93,2023-11-26,03:15,76,,When The Sun Goes Down,2011-01-01,68,8,0,74,0,10,-3,E Major,4,3TcL0dyCMyr0kyTTc4NLgI,USHR11132695,2,ESFJ
99,Valley of the Dolls,MARINA,120,3B,67,2023-11-26,04:13,23,,Electra Heart (Deluxe),2012-04-27,55,0,0,26,0,10,-6,C♯/D♭ Major,4,1rdxUkcQLJRQwocz7mWyo7,GBFFS1200017,2,ESFJ
100,Kill Bill,SZA,89,4B,73,2023-11-26,02:33,78,r&b,SOS,2022-12-09,64,5,17,43,0,10,-6,G#/A♭ Major,4,3OHfY25tqY28d16oZczHc8,USRC12204584,2,ESFJ
101,Too Well,Reneé Rapp,121,6B,60,2023-11-26,02:36,65,,Everything To Everyone,2022-11-11,69,12,0,34,0,10,-5,A#/B♭ Major,4,6Szgu8v7CAapag3XuuJX0b,USUM72221171,2,ESFJ
103,Now That We Don't Talk (Taylor's Version) (From The Vault),Taylor Swift,110,8B,51,2023-11-26,02:26,71,,1989 (Taylor's Version),2023-10-26,80,16,0,8,0,0,-9,C Major,4,5KD6AEm19QnMbfWpfoOHMl,USUG12306689,2,ESFJ
104,Cupid – Twin Ver. (feat. Sabrina Carpenter),"FIFTY FIFTY,Sabrina Carpenter",120,10B,60,2023-11-26,02:53,0,"k-pop, pop",Cupid – Twin Ver. (feat. Sabrina Carpenter),2023-08-18,76,40,0,73,0,20,-6,D Major,4,28PCjIXE4NJWDIqpRsD3rl,KRA252301579,2,ESFJ
105,cardigan,Taylor Swift,130,5A,58,2023-11-26,03:59,86,,folklore,2020-07-24,61,54,0,55,0,20,-9,C Minor,4,4R2kfaDFhslZEMJqAFNpdd,USUG12002836,2,ESFJ
106,Paper Rings,Taylor Swift,104,11B,72,2023-11-26,03:42,77,,Lover,2019-08-23,81,1,0,87,0,0,-7,A Major,4,4y5bvROuBDPr5fuwXbIBZR,USUG11901478,2,ESFJ
107,What Was I Made For? [From The Motion Picture  Barbie ],Billie Eilish,79,8B,8,2023-11-26,03:42,85,,What Was I Made For? [From The Motion Picture  Barbie ],2023-07-13,39,95,0,11,0,10,-18,C Major,4,6wf7Yu7cxBSPrRlWeSeK0Q,USUM72307484,2,ESFJ
108,Brooklyn Baby,Lana Del Rey,108,3B,66,2023-11-26,05:51,62,,Ultraviolence,2014-01-01,40,54,0,9,0,10,-7,C♯/D♭ Major,4,0CuQKW9YZZA3vcnfpKLCSj,GBUM71402169,2,ESFJ
109,Stargazing,The Neighbourhood,160,8B,48,2023-11-26,03:37,71,,Chip Chrome & The Mono-Tones (Deluxe),2020-12-11,51,0,0,37,0,10,-8,C Major,4,0VF7YLIxSQKyNiFL3X6MmN,USSM12006844,2,ESFJ
110,Reflections,The Neighbourhood,114,10A,59,2023-11-26,04:04,88,,Hard To Imagine The Neighbourhood Ever Changing,2018-11-02,65,11,5,54,0,10,-7,B Minor,4,2xql0pid3EUwW38AsywxhV,USSM11800527,2,ESFJ
111,No Judgement,Niall Horan,100,12A,73,2023-11-26,02:56,56,,Heartbreak Weather,2020-03-13,72,6,0,96,0,0,-4,C♯/D♭ Minor,4,2sGF7DBXvL2GjkbG606m1G,USUG11904306,2,ESFJ
112,Dear Future Husband,Meghan Trainor,79,3B,78,2023-11-26,03:04,70,,Title (Deluxe),2015-01-12,66,38,0,83,10,30,-5,C♯/D♭ Major,4,3cU2wBxuV6nFiuf6PJZNlC,USSM11406291,2,ESFJ
113,About You,The 1975,96,10B,76,2023-11-26,05:26,27,,Being Funny In A Foreign Language,2022-10-14,42,31,80,46,0,0,-7,D Major,4,1fDFHXcykq4iw8Gg7s5hG9,GBK3W2202321,2,ESFJ
114,Love,Lana Del Rey,99,6B,37,2023-11-26,04:32,70,,Lust For Life,2017-07-21,53,49,0,23,0,10,-11,A#/B♭ Major,4,2Kerz9H9IejzeIpjhDJoYG,GBUM71604605,2,ESFJ
115,peace,Taylor Swift,150,7B,28,2023-11-26,03:54,62,,folklore (deluxe version),2020-08-18,64,92,0,33,0,0,-13,F Major,4,6JlI8Ay77m4nJvZTHvfT1J,USUG12002849,2,ESFJ
116,Skyfall,Adele,76,5A,55,2023-11-26,04:46,86,soft pop,Skyfall,2012-10-04,35,42,0,8,0,10,-7,C Minor,4,6VObnIkLVruX4UVyxWhlqm,GBBKS1200164,2,ESFJ
117,Video Games,Lana Del Rey,73,11A,25,2023-11-26,04:41,80,,Born To Die - The Paradise Edition,2012-01-01,24,81,0,18,0,0,-10,F#/G♭ Minor,5,0fBSs3fRoh1yJcne77fdu9,GBUM71111621,2,ESFJ
118,invisible string,Taylor Swift,83,9A,45,2023-11-26,04:12,40,,folklore,2020-07-24,65,84,0,45,0,10,-11,E Minor,4,3yz88FVJQhwG2EqYHw3pkx,USUG12002845,2,ESFJ
119,I Bet You Think About Me (feat. Chris Stapleton) (Taylor’s Version) (From The Vault),"Taylor Swift,Chris Stapleton",150,8B,72,2023-11-26,04:45,70,"country, outlaw country",Red (Taylor's Version),2021-11-12,39,17,0,47,0,10,-5,C Major,3,4CkgMiMqZ5JzW9iYXSTMTL,USUG12103686,2,ESFJ
120,Bejeweled,Taylor Swift,164,9B,55,2023-11-26,03:14,73,,Midnights,2022-10-21,69,6,0,44,0,0,-9,G Major,4,3qoftcUZaUOncvIYjFSPdE,USUG12205715,2,ESFJ
121,Satellite,Harry Styles,139,8B,46,2023-11-26,03:38,76,,Harry's House,2022-05-20,58,14,0,30,0,0,-6,C Major,4,0rzaRSujxA0bKyjJl6vHYq,USSM12200619,2,ESFJ
122,Line Without a Hook (feat. mxmtoon),"Ricky Montgomery,mxmtoon",95,4B,61,2023-11-28,04:11,56,"bedroom pop, indie pop",Line Without a Hook (feat. mxmtoon),2021-02-05,59,7,0,50,0,30,-7,G#/A♭ Major,3,4dHdqpGaO9km4TEw9nNQSR,USWB12100194,2,ESFJ
123,if i were u (with Lauv),"blackbear,Lauv",83,4B,63,2023-11-28,03:06,0,,if i were u (with Lauv),2020-08-19,67,14,0,77,0,10,-6,G#/A♭ Major,4,0CF1RH8dQKuK2lQPSQw2lZ,USUG12002375,2,ESFJ
124,mona lisa,mxmtoon,112,10B,67,2023-11-28,03:10,0,"bedroom pop, indie pop",mona lisa,2022-02-08,70,11,0,73,0,10,-6,D Major,4,5O7TgofxqSQh31TiRcKXzo,GBKPL2278099,2,ESFJ
125,Number One,Tove Styrke,110,10A,89,2023-11-28,03:24,35,swedish pop,Kiddo,2015-06-05,65,1,0,34,0,10,-4,B Minor,4,5WsjSKEBcZGVjpn3liGgzu,SEBGA1500005,2,ESFJ
126,Friend,Gracie Abrams,133,12B,49,2023-11-29,02:56,61,,minor,2020-07-14,70,74,0,23,0,30,-5,E Major,4,6fGSHpEipD1YjtLLChnBzW,USUG11903593,2,ESFJ
127,The Sweet Escape,"Gwen Stefani,Akon",120,3B,77,2023-12-02,04:06,80,,The Sweet Escape,2006-01-01,76,19,0,73,0,10,-4,C♯/D♭ Major,4,66ZcOcouenzZEnzTJvoFmH,USUM70618684,2,ESFJ
128,Crushcrushcrush,"Coco & Clair Clair,Paul Maxwell",125,4B,76,2023-12-03,02:56,57,hyperpop,Crushcrushcrush,2017-11-15,76,4,0,53,0,10,-7,G#/A♭ Major,4,6ZCGKyXcGbYc6tdP6unPVY,QZANL1770449,2,ESFJ
129,From The Start,Laufey,82,3B,41,2023-12-06,02:49,74,,From The Start,2023-05-11,66,88,0,74,0,10,-7,C♯/D♭ Major,3,1Ukxccao1BlWrPhYkcXbwZ,QM6N22309399,2,ESFJ
131,Can’t Catch Me Now - from The Hunger Games: The Ballad of Songbirds & Snakes,Olivia Rodrigo,141,10A,35,2024-01-23,03:25,74,,Can’t Catch Me Now (from The Hunger Games: The Ballad of Songbirds & Snakes),2023-11-03,41,83,0,20,0,10,-8,B Minor,4,56xHMIfQPoe0prrSi3BGhf,USUG12307028,2,ESFJ
132,Like the Movies,Laufey,87,8B,27,2024-01-23,02:42,68,,Typical of Me EP,2021-04-30,57,91,0,21,0,10,-10,C Major,4,1hUXDEqjNIIbfjTcaz3jzb,TCAFJ2195573,2,ESFJ
133,Magnolia,Laufey,167,3B,26,2024-01-23,03:00,70,,Typical of Me EP,2021-04-30,30,86,0,31,0,10,-12,C♯/D♭ Major,3,0R5vO904RzxDJ30yZaspQD,TCAFJ2195567,2,ESFJ
135,Pain,PinkPantheress,126,3B,62,2024-03-19,01:38,83,bedroom pop,to hell with it,2021-10-15,83,23,0,81,10,0,-8,C♯/D♭ Major,4,4S4QJfBGGrC8jRIjJHf1Ka,QZFZ52145391,2,ESFJ
136,intro (end of the world),Ariana Grande,85,6B,36,2024-03-24,01:32,76,pop,eternal sunshine,2024-03-08,51,67,0,39,0,10,-9,A#/B♭ Major,4,2o1pb13quMReXZqE7jWsgq,USUM72317270,2,ESFJ
139,So High School,Taylor Swift,176,9B,87,2024-05-01,03:48,75,,THE TORTURED POETS DEPARTMENT: THE ANTHOLOGY,2024-04-19,37,3,0,29,0,10,-5,G Major,4,7Mts0OfPorF4iwOomvfqn1,USUG12402544,2,ESFJ
140,But Daddy I Love Him,Taylor Swift,80,12B,72,2024-05-01,05:40,68,,THE TORTURED POETS DEPARTMENT,2024-04-18,52,38,0,44,10,10,-8,E Major,4,5og4Qzt92jJzVDkOtSEilb,USUG12401033,2,ESFJ
142,Clara Bow,Taylor Swift,104,9B,32,2024-05-01,03:36,59,,THE TORTURED POETS DEPARTMENT,2024-04-18,69,64,0,21,0,10,-11,G Major,4,1UlhrRvYzbHEyugEDspXUB,USUG12401043,2,ESFJ
143,My Boy Only Breaks His Favorite Toys,Taylor Swift,97,8B,56,2024-05-01,03:23,69,,THE TORTURED POETS DEPARTMENT,2024-04-18,60,14,0,48,0,30,-7,C Major,4,2XXwLdtuAcE0HSCu61ijAb,USUG12401030,2,ESFJ
144,imgonnagetyouback,Taylor Swift,110,11B,39,2024-05-01,03:42,75,,THE TORTURED POETS DEPARTMENT: THE ANTHOLOGY,2024-04-19,78,61,0,15,0,20,-9,A Major,4,1kcwpPDQnqEqmezzXdJTCP,USUG12402541,2,ESFJ
145,so american,Olivia Rodrigo,93,4B,95,2024-05-01,02:49,78,,GUTS (spilled),2024-03-22,44,3,0,50,10,60,-2,G#/A♭ Major,4,5Jh1i0no3vJ9u4deXkb4aV,USUG12401532,2,ESFJ
149,Rescue Me,Sabrina Carpenter,84,7B,31,2024-05-08,02:34,0,pop,Teen Beach 2 (Original TV Movie Soundtrack),2015-01-01,50,82,0,63,0,10,-11,F Major,4,31P4gNe6i43vK4eyVx6fgU,USWD11570440,2,ESFJ
151,Me & You Together Song,The 1975,106,11B,77,2024-07-05,03:27,58,,Notes On A Conditional Form,2020-05-22,20,0,0,39,0,30,-5,A Major,4,6SrvijeageGUiFu9iCDdmM,GBK3W1901072,2,ESFJ
152,Face to Face,Rex Orange County,124,3A,44,2024-11-25,03:39,54,bedroom pop,Pony,2019-10-25,74,60,0,44,0,10,-8,A#/B♭ Minor,4,0YdIIMb2MHuxoUudkAY9gS,USRC11902238,2,ESFJ
153,The Love Club,Lorde,92,8B,50,2024-12-11,03:21,70,,The Love Club EP,2013-03-08,80,21,1,64,0,10,-7,C Major,4,2HotTAoFiOYTeMZkNs1Ces,NZUM71200034,2,ESFJ
4,Who’s Afraid of Little Old Me?,Taylor Swift,120,8B,34,2024-05-03,05:34,71,,THE TORTURED POETS DEPARTMENT,2024-04-18,61,32,0,24,0,10,-11,C Major,4,36t6frENUtCYKuZus6aYDO,USUG12401037,2,ESFJ
5,How Does It Feel To Be Forgotten,"Selena Gomez,benny blanco",124,3A,36,2025-05-19,02:41,64,,I Said I Love You First,2025-03-21,65,36,0,22,0,10,-8,A#/B♭ Minor,4,7sFMOSnRBa6td4lZa1oiTI,USUG12408964,2,ESFJ
6,Here,Alessia Cara,120,8B,82,2025-01-02,03:19,70,,Know-It-All (Deluxe),2016-03-11,38,8,0,33,10,0,-4,C Major,4,664gdARxaClFsoF5SXKOws,USUM71506251,2,ESFJ
7,Eldest Daughter,Taylor Swift,77,9B,32,2025-10-07,04:06,77,,The Life of a Showgirl,2025-10-03,47,81,0,32,0,10,-7,G Major,4,62HoDY1Km6lm47haFpUn9c,USUG12506440,2,ESFJ
9,Actually Romantic,Taylor Swift,170,12A,43,2025-10-07,02:43,79,,The Life of a Showgirl,2025-10-03,71,50,0,72,10,10,-8,C♯/D♭ Minor,4,2x3mwb96B6TquRqMtbxUE1,USUG12506442,2,ESFJ
10,too hot to cry,Nessa Barrett,180,1A,69,2022-10-16,03:08,49,,young forever,2022-10-14,33,3,0,29,30,0,-7,G#/A♭ Minor,4,3RhPFIqJ9waaB5FTg8wugv,USWB12202247,2,ESFJ
11,Von dutch,Charli xcx,130,6B,70,2025-04-08,02:44,80,"hyperpop, art pop",BRAT,2024-06-07,71,0,0,65,0,10,-6,A#/B♭ Major,4,3Y1EvIgEVw51XtgNEgpz5c,USAT22313737,2,ESFJ
12,obsessed,Olivia Rodrigo,120,4B,58,2024-12-20,02:50,77,,GUTS (spilled),2024-03-22,68,2,0,63,10,20,-5,G#/A♭ Major,4,6tNgRQ0K2NYZ0Rb9l9DzL8,USUG12305564,2,ESFJ
13,Down Bad,Taylor Swift,160,1B,37,2024-12-20,04:21,74,,THE TORTURED POETS DEPARTMENT: THE ANTHOLOGY,2024-04-19,54,56,0,17,0,0,-10,B Major,4,1kbEbBdEgQdQeLXCJh28pJ,USUG12401031,2,ESFJ
16,Feel Me,Selena Gomez,100,7A,81,2021-12-10,03:46,49,,Feel Me,2020-02-21,71,44,0,39,0,0,-7,D Minor,4,6XXYdF6pJR1K3wKvuxmu7n,USUM71924084,2,ESFJ
18,Sober,Selena Gomez,92,11B,74,2022-05-10,03:14,52,,Revival (Deluxe),2015-10-09,57,17,0,54,0,10,-3,A Major,4,3Fb4cttE912XgIeD25rXRn,USUM71513589,2,ESFJ
19,Sugar Talking,Sabrina Carpenter,152,7A,78,2025-08-29,03:03,81,pop,Man’s Best Friend,2025-08-29,48,5,0,40,0,10,-5,D Minor,4,5B3GZOZYXNzWpUXQC42hxZ,USUM72504441,2,ESFJ
20,bad idea right?,Olivia Rodrigo,130,11B,88,2023-09-11,03:04,2,,bad idea right?,2023-08-11,63,0,0,81,10,0,-4,A Major,4,2i8f4VnnBjy0yDqH2C452a,USUG12304094,2,ESFJ
24,Espresso,Sabrina Carpenter,104,8B,76,2024-05-03,02:55,86,pop,Espresso,2024-04-12,70,11,0,69,0,10,-5,C Major,4,2qSkIjg1o9h3YT9RAgYN75,USUM72403305,2,ESFJ
26,Better Than Revenge,Taylor Swift,146,10A,92,2021-06-29,03:37,60,,Speak Now,2010-10-25,52,2,0,65,0,30,-3,B Minor,4,0PWgAyoxsjwGRuFSO0fyya,USCJY1003664,2,ESFJ
27,PASSENGER PRINCESS,Nessa Barrett,143,6B,82,2024-12-20,02:35,59,,AFTERCARE,2024-11-15,61,11,0,51,0,10,-3,A#/B♭ Major,4,6ob8d5WCrcxYGwBy6wLeQ1,USWB12402947,2,ESFJ
29,E.T.,"Katy Perry,Kanye West",152,3B,87,2024-05-04,03:49,69,"pop, rap",Teenage Dream: The Complete Confection,2012-03-12,62,2,0,76,10,30,-5,C♯/D♭ Major,4,36ux3YuUsGTWPT8fXclS45,USCA21100386,2,ESFJ
31,Don’t Blame Me,Taylor Swift,136,8A,53,2021-08-11,03:56,83,,reputation,2017-11-10,62,11,0,19,0,0,-7,A Minor,4,1R0a2iXumgCiFb7HEZ7gUE,USCJY1750006,2,ESFJ
32,true story,Ariana Grande,138,8A,53,2024-03-09,02:43,66,pop,eternal sunshine,2024-03-08,70,47,0,42,0,30,-6,A Minor,4,14kyXBpg91RVq8bNRDS1q2,USUM72317275,2,ESFJ
33,Me in Her,Sabrina Claudio,115,1B,52,2021-12-10,03:06,41,,Truth Is,2019-10-04,76,29,3,34,0,10,-6,B Major,4,2psuZQ8aJX0sEyjcfeP7rP,USAT21905292,2,ESFJ
35,american jesus,Nessa Barrett,95,8A,43,2023-05-11,02:48,52,,american jesus,2023-04-28,65,32,0,43,0,20,-7,A Minor,4,6gnjE8oBkosBIEZroEjq4I,USWB12300940,2,ESFJ
36,Mastermind,Taylor Swift,126,12B,34,2022-10-22,03:11,61,,Midnights (3am Edition),2022-10-22,66,56,0,14,10,0,-14,E Major,4,56hioFjQ0DXrdn04hZcFgG,USUG12205730,2,ESFJ
38,Call Me When You Break Up (with Gracie Abrams),"Selena Gomez,benny blanco,Gracie Abrams",148,8B,70,2025-03-02,02:06,63,,Call Me When You Break Up (with Gracie Abrams),2025-02-20,79,37,0,85,10,0,-5,C Major,4,4yFPKNzjkCS0PpRzhcvy1d,USUG12408958,2,ESFJ
39,Guys My Age,Hey Violet,122,1A,66,2021-12-04,03:33,60,,From The Outside,2017-06-16,69,11,0,28,0,0,-5,G#/A♭ Minor,4,0Xm8tw6qikotb8FAOZ2ks7,USUG11600812,2,ESFJ
40,Escapism.,"RAYE,070 Shake",96,10B,74,2023-01-10,04:32,1,,Escapism. (Sped Up),2022-11-25,54,14,0,25,10,0,-5,D Major,4,5WxVXxCMRnvxUKFq40ELwq,QMDA62217995,2,ESFJ
41,All Your Exes,Julia Michaels,112,3B,62,2021-11-26,03:29,43,,Not In Chronological Order,2021-04-30,60,2,0,33,0,10,-5,C♯/D♭ Major,3,0sm5R6MjXORjLcs1bulN6n,USUM72103741,2,ESFJ
42,Karma,Taylor Swift,90,4B,62,2022-10-22,03:24,61,,Midnights (3am Edition),2022-10-22,64,6,0,12,0,40,-7,G#/A♭ Major,4,5oqDgw5VGBln5dSIOPWyBq,USUG12205717,2,ESFJ
43,she's all i wanna be,Tate McRae,160,7A,64,2022-07-19,03:26,5,,she's all i wanna be,2022-02-04,61,1,0,65,0,10,-5,D Minor,4,0IuVhCflrQPMGRrOyoY5RW,USRC12103120,2,ESFJ
47,Psychopath - Recorded at Spotify Studios NYC,"Charlotte Lawrence,Nina Nesbitt,Sasha Alex Sloan",110,6A,54,2020-06-13,02:55,43,,Spotify Singles,2018-03-21,74,6,0,37,0,10,-5,G Minor,4,3dBE30R12dDxc1jBDaqmo3,QM24S1804975,2,ESFJ
48,gaslight,Nessa Barrett,75,5A,63,2022-10-16,03:16,55,,young forever,2022-10-14,65,7,0,35,0,10,-7,C Minor,4,1w6EDue1Ze95AzYcjr8ED3,USWB12202242,2,ESFJ
49,Hurts So Good,Astrid S,120,6A,61,2023-02-13,03:28,69,norwegian pop,Astrid S,2016-05-20,68,8,0,38,0,10,-5,G Minor,4,46ydq5g3k17iLJs3qMDvO6,NOUM71600843,2,ESFJ
50,the grudge,Olivia Rodrigo,127,6B,31,2023-09-11,03:09,77,,GUTS,2023-09-08,51,91,0,33,0,0,-9,A#/B♭ Major,4,3Nl5OkkmS5DaBZvuYofpAt,USUG12305001,2,ESFJ
52,Sunset Blvd,"Selena Gomez,benny blanco",67,7B,68,2025-03-15,02:47,1,,Sunset Blvd,2025-03-14,43,30,0,50,0,60,-4,F Major,4,2kpUNuingcchFIhLrbWxIO,USUG12408961,2,ESFJ
53,Shameless,Camila Cabello,130,9A,65,2023-03-11,03:39,83,,Romance,2019-12-06,38,2,0,9,0,10,-5,E Minor,4,2ogKhhoMClkFXek7ZgxAhN,USSM11905431,2,ESFJ
55,we never even dated,Maggie Lindemann,107,8B,42,2022-09-21,02:46,0,,SUCKERPUNCH,2022-09-16,59,57,0,24,0,10,-9,C Major,4,1amRRNYukgRAmVWbtBi4qM,QZMLX2000062,2,ESFJ
56,Ring,Selena Gomez,111,2A,51,2022-08-01,02:28,54,,Rare,2020-01-10,87,56,0,87,0,0,-5,D#/E♭ Minor,4,11Ey4yJVeWEsA73KjACkVY,USUM71923483,2,ESFJ
58,die first,Nessa Barrett,183,1A,67,2022-06-26,02:57,59,,die first,2022-06-24,44,7,0,44,10,10,-7,G#/A♭ Minor,4,21szgNA72iLwvBxHQLgwBh,USWB12201358,2,ESFJ
59,Happier Than Ever - Edit,Billie Eilish,162,8B,60,2021-11-25,02:31,71,,Happier Than Ever (Edit),2021-07-28,33,5,0,13,0,20,-6,C Major,3,32BeYxKPrig1LefHsC0Xuo,USUM72116908,2,ESFJ
61,Midnight Rain,Taylor Swift,138,8B,38,2022-10-22,02:54,59,,Midnights (3am Edition),2022-10-22,60,71,0,20,0,10,-12,C Major,4,6Nl7KyvjkFncGsjB49SxLl,USUG12205712,2,ESFJ
62,Sleep Talking,Charlotte Lawrence,102,7A,76,2022-07-04,03:44,48,,Sleep Talking,2017-10-20,67,45,0,58,0,10,-4,D Minor,4,0ojtOskzapucZWX767nQrc,QM24S1703794,2,ESFJ
63,Criminal,Britney Spears,108,9B,73,2022-05-13,03:45,75,pop,Femme Fatale (Deluxe Version),2011-03-28,70,5,0,71,0,10,-5,G Major,4,6T689Jvh5KrSXyaPtUWZtQ,USJI11100103,2,ESFJ
64,Please Please Please,Sabrina Carpenter,107,11B,59,2024-06-11,03:06,80,pop,Please Please Please,2024-06-06,67,27,0,58,0,10,-6,A Major,4,5N3hjp1WNayUPZrA8kJmJP,USUM72404101,2,ESFJ
66,traitor,Olivia Rodrigo,101,5B,34,2021-08-11,03:49,88,,SOUR,2021-05-21,38,69,0,8,0,10,-8,D#/E♭ Major,4,5CZ40GBx1sQ9agT82CLQCT,USUG12101243,2,ESFJ
67,Why Do You Love Me,Charlotte Lawrence,120,1A,31,2022-05-13,02:51,50,,Charlotte,2021-03-05,84,28,0,72,0,20,-6,G#/A♭ Minor,4,09rBX6mQFN1GFJgfqUQak5,USAT21903663,2,ESFJ
69,Boyfriend,Dove Cameron,180,6A,61,2022-02-12,02:33,73,,Boyfriend,2022-02-11,35,23,0,23,0,10,-7,G Minor,3,59CfNbkERJ3NoTXDvoURjj,USQX92200693,2,ESFJ
70,What A Shame,Leyla Blue,144,9A,47,2022-02-21,02:57,0,,Songs For Boys That Didn't Text Me Back,2019-11-22,71,34,0,55,50,0,-8,E Minor,4,7bAOw0ew6Am7mlGNZjmtwP,USUM71921062,2,ESFJ
71,10 Things I Hate About You,Leah Kate,154,4B,79,2022-04-07,02:37,0,,10 Things I Hate About You,2022-03-23,54,1,0,45,0,10,-3,G#/A♭ Major,4,1shKa7wLElW8CrbHOJk85M,QZES62254244,2,ESFJ
72,River,Miley Cyrus,128,11B,80,2023-09-11,02:42,61,,Endless Summer Vacation,2023-08-18,61,0,0,46,0,10,-5,A Major,4,1yampU2t2LNWzEsCpUgHYJ,USSM12209783,2,ESFJ
73,Candy,Doja Cat,125,4B,52,2021-06-30,03:10,81,,Amala,2018-03-30,69,51,0,21,0,10,-6,G#/A♭ Major,4,1VJwtWR6z7SpZRwipI12be,USRC11801164,2,ESFJ
74,Vigilante Shit,Taylor Swift,80,9A,27,2022-10-22,02:44,57,,Midnights (3am Edition),2022-10-22,87,17,0,17,30,10,-11,E Minor,4,5yeuXkukVGuix3vmLu2BPJ,USUG12205714,2,ESFJ
76,Single Soon,Selena Gomez,105,10B,57,2023-09-11,02:51,66,,Single Soon,2023-08-25,61,1,0,75,0,10,-6,D Major,4,6iF4RgIjDvDqyW13PezSj3,USUM72310919,2,ESFJ
78,psychofreak (feat. WILLOW),"Camila Cabello,WILLOW",180,6A,64,2022-04-11,03:21,54,,Familia,2022-04-08,63,34,0,45,0,0,-8,G Minor,4,705dwKmZCd7ImAUyyD6Mpm,USSM12201108,2,ESFJ
79,girl next door,Maggie Lindemann,160,8A,57,2022-09-21,02:00,0,,SUCKERPUNCH,2022-09-16,53,13,0,24,0,0,-8,A Minor,4,0U15J3ZqxzEQiPDK7wTrsC,QZMLX2000064,2,ESFJ
80,Cowboy,"Selena Gomez,benny blanco",135,7A,27,2025-05-19,03:04,50,,I Said I Love You First,2025-03-21,57,79,0,27,0,10,-11,D Minor,4,1j6NNt6UDZVjrjijLFTKc7,USUG12408962,2,ESFJ
81,Why Don't You,Ida Laurberg,129,1A,26,2021-08-25,03:02,0,"dansk pop, dansktop",Why Don't You,2020-05-15,42,94,0,21,0,20,-12,G#/A♭ Minor,5,21pc1gXcU7qyjeWplE7FLV,GBKPL2099290,2,ESFJ
82,Style,Taylor Swift,95,10B,79,2022-05-13,03:51,57,,1989,2014-01-01,60,0,0,46,0,10,-6,D Major,4,71PmZqBXH0RUETqxpwlV0w,USCJY1431319,2,ESFJ
83,I Did Something Bad,Taylor Swift,83,5A,60,2021-11-26,03:58,74,,reputation,2017-11-10,70,7,0,31,10,0,-6,C Minor,4,4svZDCRz4cJoneBpjpx8DJ,USCJY1750005,2,ESFJ
84,False God,Taylor Swift,80,10A,32,2021-02-28,03:20,75,,Lover,2019-08-23,74,74,0,35,20,10,-11,B Minor,4,5hQSXkFgbxjZo9uCwd11so,USUG11901483,2,ESFJ
85,Your Power,Billie Eilish,130,8A,28,2022-05-19,04:05,74,,Happier Than Ever,2021-07-30,63,93,0,21,0,20,-14,A Minor,4,042Sl6Mn83JHyLEqdK7uI0,USUM72105934,2,ESFJ
86,pretty poison,Nessa Barrett,77,7A,46,2022-06-28,02:17,48,,pretty poison,2021-09-10,59,68,0,22,0,20,-8,D Minor,4,1a6SSxTLJK6AT9eTd8K6ao,USWB12102558,2,ESFJ
88,Forgive Me,Chloe x Halle,137,9A,65,2022-01-19,02:37,51,r&b,Ungodly Hour,2020-06-12,71,4,0,56,0,40,-3,E Minor,4,0qU3XhIH9xczYPUWV6OopS,USSM12002037,2,ESFJ
89,Fuck Up the Friendship,Leah Kate,104,12A,74,2022-05-06,02:52,46,,Fuck Up the Friendship,2020-06-12,74,14,0,77,20,10,-5,C♯/D♭ Minor,4,1ddKUwm3UuvcMWLLAgOIcX,QZHN32055844,2,ESFJ
90,just a boy,Alaina Castillo,198,9B,30,2022-05-06,03:05,0,,just a boy,2020-03-27,51,89,0,51,0,10,-5,G Major,3,2fAeROYFSbWdvML6rbnCar,GBKPL2090824,2,ESFJ
91,Faking It,Sasha Alex Sloan,81,12A,37,2022-04-07,02:47,37,,Faking It,2018-09-27,65,32,0,24,0,20,-9,C♯/D♭ Minor,4,0olEV0xHPcpVOPZfg4MSgR,USRC11803117,2,ESFJ
92,"I am not a woman, I'm a god",Halsey,180,12B,71,2022-06-10,02:56,38,,"If I Can’t Have Love, I Want Power (Extended)",2021-08-27,53,0,2,52,0,0,-7,E Major,4,0tW41hxixVG9BHqYDNa0Go,USUM72106132,2,ESFJ
93,Habits (Stay High),Tove Lo,110,7B,65,2022-02-16,03:29,80,,Queen Of The Clouds,2014-01-01,73,7,0,35,0,0,-4,F Major,4,14OxJlLdcHNpgsm4DRwDOB,SE3NM1300101,2,ESFJ
95,Bite Me,Avril Lavigne,170,4B,79,2022-03-13,02:39,65,,Love Sux,2022-02-25,49,0,0,74,0,30,-4,G#/A♭ Major,4,6dfwRetlyLPBoQzdufbOWj,USAT22107181,2,ESFJ
96,Without Me,Halsey,136,2B,49,2021-04-16,03:21,85,,Manic,2020-01-17,75,29,0,53,0,0,-7,F#/G♭ Major,4,6FZDfxM3a3UCqtzo5pxSLZ,USUM71813499,2,ESFJ
97,Nothing Breaks Like a Heart (feat. Miley Cyrus),"Mark Ronson,Miley Cyrus",114,6A,79,2022-02-13,03:37,72,,Nothing Breaks Like a Heart (feat. Miley Cyrus),2018-11-30,60,1,0,24,0,30,-6,G Minor,4,27rdGxbavYJeBphck5MZAF,GBARL1801571,2,ESFJ
98,Doin' Time,Lana Del Rey,145,6A,56,2022-04-11,03:22,79,,Norman Fucking Rockwell!,2019-08-30,64,40,0,52,0,0,-11,G Minor,4,0Oqc0kKFsQ6MhFOLBNZIGX,GBUM71903894,2,ESFJ
99,How I Look On You,Ariana Grande,170,9A,52,2021-11-10,02:54,55,pop,Charlie's Angels (Original Motion Picture Soundtrack),2019-11-01,41,20,0,41,20,0,-7,E Minor,4,4mDLApzbhjNSutiW2EOakg,USUM71920590,2,ESFJ
101,bitches,Tove Lo,166,1B,83,2021-11-26,02:17,47,,BLUE LIPS (lady wood phase II),2017-11-17,48,8,0,82,10,0,-5,B Major,4,2FtyrwcRqA2JQEezLjPZ8r,SEUM71601694,2,ESFJ
102,Bad Intentions,"Niykee Heaton,Migos,OG Parker",124,10A,72,2022-01-29,04:05,0,"trap, ",The Bedroom Tour Playlist,2016-03-18,74,22,0,39,0,10,-5,B Minor,4,3rvLfPT9sm9UPeIr8OQA65,USUM71602244,2,ESFJ
103,Bad Liar,Selena Gomez,121,3B,41,2021-08-05,03:34,65,,Bad Liar,2017-05-18,97,19,0,73,0,0,-6,C♯/D♭ Major,4,2fZQIJew3nkNe99s2PKzul,USUM71704121,2,ESFJ
104,idontwannabeyouanymore,Billie Eilish,170,9B,41,2021-12-04,03:23,80,,dont smile at me,2017-12-22,48,74,0,25,0,10,-8,G Major,3,41zXlQxzTi6cGAjpOXyLYH,USUM71707712,2,ESFJ
105,This Is What Makes Us Girls,Lana Del Rey,138,7A,84,2021-06-29,03:58,60,,Born To Die - The Paradise Edition,2012-01-01,53,9,4,44,0,20,-7,D Minor,4,1Lw2xRuW5fcieRPfoskgog,GBUM71111605,2,ESFJ
108,Baby,Madison Beer,118,8B,71,2021-02-28,03:27,54,,Baby,2020-08-21,71,8,0,45,0,10,-5,C Major,4,7LjEQ8GsQiUNVakV6TZI0e,USSM11905848,2,ESFJ
109,Cassie,Chase Atlantic,108,7B,73,2022-01-13,03:30,60,,Chase Atlantic,2017-10-04,62,17,0,28,0,10,-6,F Major,4,7J1dIWmxJoC0hhGFiFWy0s,USWB11700399,2,ESFJ
110,Mr. Perfectly Fine (Taylor’s Version) (From The Vault),Taylor Swift,136,10A,82,2021-06-29,04:37,69,,Fearless (Taylor's Version),2021-04-09,66,16,0,71,0,0,-6,B Minor,4,2CYVETnhM9aytqrazYYwrK,USUG12100638,2,ESFJ
112,my boy,Billie Eilish,90,10A,39,2020-01-20,02:50,73,,dont smile at me,2017-12-22,69,47,0,32,20,10,-9,B Minor,4,1RGasjWLZ4qMN7wbtkLa3u,USUM71707643,2,ESFJ
113,Bad Boys,Azee,90,7A,32,2022-01-11,03:25,35,dark r&b,Bad Boys,2019-02-19,40,38,0,7,10,10,-15,D Minor,4,4w89HR4spWMdHS8a8L2cnd,TCAEC1918424,2,ESFJ
114,Devil I Know,Suki Waterhouse,172,8A,46,2022-04-14,03:32,0,,Devil I Know,2022-03-03,51,32,0,49,0,10,-9,A Minor,4,1WcNBLTw8rPnD5oRb5qEau,USSUB2146502,2,ESFJ
115,Right Here,Chase Atlantic,160,2B,59,2022-01-08,03:55,73,,Part One,2017-01-27,35,1,0,22,0,10,-6,F#/G♭ Major,4,2KtS31kaWNHs12Q5B43Ixh,USWB11602564,2,ESFJ
116,talk to myself,Nessa Barrett,93,12B,49,2022-10-16,02:45,51,,young forever,2022-10-14,56,1,0,38,0,40,-7,E Major,3,2LvvFxwAqjp75Lp4XDetug,USWB12202243,2,ESFJ
117,Red (Taylor's Version),Taylor Swift,125,12A,78,2021-11-12,03:43,75,,Red (Taylor's Version),2021-11-12,52,0,0,41,0,0,-5,C♯/D♭ Minor,4,4OAuvHryIVv4kMDNSLuPt6,USUG12103662,2,ESFJ
118,Knocking on Your Heart,Maggie Lindemann,150,7A,73,2021-12-07,03:40,35,,Knocking on Your Heart,2015-10-10,47,11,1,36,0,0,-7,D Minor,4,3UqDEA89Ei9GHI19qHkhVj,TCACI1514226,2,ESFJ
119,The One,Jorja Smith,82,5A,66,2022-01-08,03:17,67,,Lost & Found,2018-06-08,31,25,0,44,0,10,-9,C Minor,4,1Ahp4PZ1vzdbzBCedUrsqI,QM4TW1828153,2,ESFJ
120,BOYSHIT,Madison Beer,121,3B,70,2022-05-13,02:40,48,,BOYSHIT,2020-12-11,64,2,0,57,0,0,-7,C♯/D♭ Major,4,3YmgsYX80v0EtBZekgcB6w,USSM12006967,2,ESFJ
121,Heaven,Julia Michaels,200,6A,37,2022-01-11,03:11,66,,Fifty Shades Freed (Original Motion Picture Soundtrack),2018-02-09,55,86,0,25,0,0,-9,G Minor,3,1T575AhHueYinKSDflEsGK,USQ4E1703344,2,ESFJ
122,"Would've, Could've, Should've",Taylor Swift,158,8B,85,2022-10-22,04:20,65,,Midnights (3am Edition),2022-10-22,49,39,0,55,10,10,-7,C Major,4,0aV5uARAknQgYhBaK944FP,USUG12207556,2,ESFJ
123,Disconnect,6LACK,80,11A,35,2021-10-11,04:25,47,,East Atlanta Love Letter,2018-09-14,42,61,0,15,30,10,-11,F#/G♭ Minor,4,5dgkSJAuFXZnwz7OAFUnIk,USUM71812667,2,ESFJ
124,Dopamine,"SIIICKBRAIN,Maggie Lindemann",119,12A,76,2022-01-10,02:21,0,,Ashtray for Your Agony,2021-12-10,58,19,0,46,0,20,-7,C♯/D♭ Minor,4,5VSWYbbumyMm1LFW5Dt9gg,QZNJZ2165540,2,ESFJ
125,Home with You,Madison Beer,170,6A,60,2019-03-17,03:10,1,,As She Pleases,2018-02-02,63,7,0,73,0,10,-6,G Minor,4,0iwsQWgtjSq2kUXuZwTDAL,GBKPL1897318,2,ESFJ
126,Love Is Madness (feat. Halsey),"Thirty Seconds To Mars,Halsey",106,8B,68,2021-11-10,03:54,0,,AMERICA,2018-04-06,38,1,0,45,0,20,-7,C Major,1,04CyO54TZk5tEylFg2Df41,USUG11800159,2,ESFJ
127,brutal,Olivia Rodrigo,124,12B,53,2021-06-29,02:23,79,,SOUR,2021-05-21,67,3,0,28,0,20,-6,E Major,4,6SRsiMl7w1USE4mFqrOhHC,USUG12101242,2,ESFJ
128,Obsessed,Mariah Carey,86,3A,47,2021-10-13,04:02,83,christmas,Memoirs of an imperfect Angel (International Version),2009-09-29,74,5,0,37,0,80,-6,A#/B♭ Minor,4,5EGPf0nqO7vEIwsOX6Er98,USUM70973055,2,ESFJ
129,FOOLS,Troye Sivan,87,6B,68,2021-11-10,03:40,38,,Blue Neighbourhood (Deluxe),2015-12-09,29,20,0,36,0,10,-6,A#/B♭ Major,4,5lMgUPtlARalVIGxl0xE3J,AUUM71500833,2,ESFJ
130,If U Seek Amy,Britney Spears,130,9A,59,2022-06-20,03:36,76,pop,Circus (Deluxe Version),2008-12-02,72,2,0,54,0,0,-7,E Minor,4,2hdy9Wt9qp7M7d0U3ossu2,USJI10801329,2,ESFJ
131,Same Old Love Remix,"Selena Gomez,Fetty Wap",98,10A,60,2021-11-28,03:24,50,,Same Old Love Remix,2016-01-08,69,4,0,55,0,0,-4,B Minor,4,4SeE2RMYotbYBtc9zQ225k,USUM71600047,2,ESFJ
132,I Hate U,SZA,107,6A,39,2021-12-03,02:54,65,r&b,I Hate U,2021-12-03,54,51,0,41,10,10,-10,G Minor,5,5dXWFMwD7I7zXsInONVl0H,USRC12103605,2,ESFJ
133,oh my love,FKA twigs,108,1A,59,2022-01-29,03:45,63,"art pop, alternative r&b",CAPRISONGS,2022-01-14,91,53,0,55,0,20,-6,G#/A♭ Minor,4,5dEJc0rHuTVxtl1xljDbRv,USAT22200026,2,ESFJ
135,yes & no,XYLØ,118,1A,51,2021-11-10,02:58,54,,yes & no,2019-05-31,84,29,0,67,10,20,-6,G#/A♭ Minor,4,6UVZo6UKUZC1J2KPP3IIwQ,QM24S1918062,2,ESFJ
136,THAT BITCH,Bea Miller,162,10B,74,2021-11-26,03:21,62,,THAT BITCH,2019-11-01,78,1,0,63,20,50,-2,D Major,4,77o1HdXHm1hLd7Ebe9ygd0,CA5KR1963712,2,ESFJ
137,Scars To Your Beautiful,Alessia Cara,97,8B,74,2021-08-05,03:50,1,,Know-It-All (Deluxe),2015-11-13,57,3,0,45,10,10,-6,C Major,4,0prNGof3XqfTvNDxHonvdK,USUM71506811,2,ESFJ
138,like that,Bea Miller,62,11A,44,2020-06-13,03:05,64,,aurora,2018-02-23,57,19,0,39,0,60,-6,F#/G♭ Minor,4,6E37j4b44JGpdk297urpKM,USHR11737936,2,ESFJ
139,I Knew You Were Trouble (Taylor's Version),Taylor Swift,154,2B,56,2021-11-12,03:39,71,,Red (Taylor's Version),2021-11-12,58,1,0,77,0,0,-6,F#/G♭ Major,4,6AtZLIzUINvExIUy4QhdjP,USUG12103664,2,ESFJ
141,Pan!c,Audrey Mika,90,2A,42,2021-11-21,04:14,10,,5 A.M.,2020-02-07,50,20,0,34,0,10,-9,D#/E♭ Minor,4,43DeEB7P8RUhqfkmJdxq7X,USRC11903842,2,ESFJ
142,Oh My God,Adele,88,3B,73,2021-11-21,03:45,74,soft pop,30,2021-11-19,53,9,0,55,0,0,-4,C♯/D♭ Major,4,3Kkjo3cT83cw09VJyrLNwX,USSM12105973,2,ESFJ
143,If I Were a Boy,Beyoncé,90,2B,52,2021-08-23,04:09,67,,I AM...SASHA FIERCE,2008-11-14,63,11,0,43,0,30,-6,F#/G♭ Major,4,26NX1wPt1TRCH536yocd6i,USSM10803202,2,ESFJ
144,Teenage Fantasy,Jorja Smith,176,9A,68,2021-09-27,03:46,59,,Lost & Found,2018-06-08,58,47,19,50,40,40,-10,E Minor,4,0fIFjeeLJjIBliWUCsxyMF,US23A1500540,2,ESFJ
145,Bitch Better Have My Money,Rihanna,103,3B,73,2021-08-14,03:39,76,,Bitch Better Have My Money,2015-03-26,78,5,0,40,0,20,-5,C♯/D♭ Major,4,0NTMtAO2BV4tnGvw9EgBVq,QM5FT1500006,2,ESFJ
146,Colors,Lauren Jauregui,140,1A,33,2021-10-08,02:34,0,,Colors,2021-10-08,38,62,1,38,0,10,-12,G#/A♭ Minor,4,54FLoJOBXpKe9fULTucRNh,GBKPL2166142,2,ESFJ
147,Rolling in the Deep,Adele,105,4B,77,2021-08-30,03:48,80,soft pop,21,2011-01-24,73,14,0,51,0,0,-5,G#/A♭ Major,4,1c8gk2PeTE04A1pIDH9YMk,GBBKS1000335,2,ESFJ
148,Girl At Home (Taylor's Version),Taylor Swift,125,7B,74,2021-11-13,03:40,60,,Red (Taylor's Version),2021-11-12,69,1,0,61,0,10,-7,F Major,4,0DMVrlMUn01M0IcpDbwgu7,USUG12103679,2,ESFJ
150,The Boy Is Mine,"Brandy,Monica",93,12A,71,2022-05-13,04:54,77,r&b,Never Say Never,1998-05-29,70,54,0,76,0,30,-7,C♯/D♭ Minor,4,6sHsXIJoEN5JpdkGMQDJxt,USAT29800316,2,ESFJ
151,Don’t Call Me Angel (Charlie’s Angels) (with Miley Cyrus & Lana Del Rey),"Ariana Grande,Miley Cyrus,Lana Del Rey",103,3B,72,2019-09-28,03:10,0,"pop, ",Don’t Call Me Angel (Charlie’s Angels),2019-09-13,64,0,0,32,0,0,-5,C♯/D♭ Major,4,3NkJNL3WqO1Lqc3uNDxvCN,USUM71912501,2,ESFJ
152,Hard out Here,Lily Allen,125,12A,82,2021-06-30,03:31,45,,Sheezus,2014-04-28,82,11,0,94,0,0,-5,C♯/D♭ Minor,4,6FzUX4kFBss56SSjAsLi7t,GBAYE1301730,2,ESFJ
154,i hope ur miserable until ur dead,Nessa Barrett,116,10B,54,2021-08-06,02:57,65,,i hope ur miserable until ur dead,2021-08-06,71,3,0,48,0,0,-7,D Major,4,4ka1FkKAMde6dQAFFMXKac,USWB12102325,2,ESFJ
155,Cool Girl,Tove Lo,102,8A,71,2019-03-17,03:19,0,,Lady Wood,2016-10-28,67,34,0,23,10,0,-7,A Minor,4,5dKyZWlgjWw1oJgLa4GCZD,SEUM71601198,2,ESFJ
156,urs,NIKI,95,8B,42,2022-01-29,02:36,0,indonesian r&b,wanna take this downtown?,2019-05-17,72,83,0,24,30,0,-10,C Major,4,50oEtTUNlce4TuZXQoJzXW,ZZOPM1901003,2,ESFJ
158,Liability,Lorde,76,3A,23,2021-06-29,02:51,70,,Melodrama,2017-06-16,59,92,0,38,10,10,-11,A#/B♭ Minor,4,6Kkt27YmFyIFrcX3QXFi2o,NZUM71700064,2,ESFJ
159,Sad Girl,Lana Del Rey,119,7B,59,2021-06-30,05:17,81,,Ultraviolence (Deluxe),2014-01-01,35,54,7,26,0,10,-8,F Major,4,11MyiSGZSYSmhhqwGUTtAq,GBUM71402107,2,ESFJ
160,Dead To Me,Kali Uchis,119,9A,76,2021-06-29,03:19,77,,Isolation,2018-04-06,68,43,0,43,0,10,-4,E Minor,4,6LOZws7T3jqZz78unPgFF9,GBUM71801115,2,ESFJ
162,Close,"Nick Jonas,Tove Lo",124,11A,62,2022-06-30,03:54,68,,Last Year Was Complicated,2016-06-10,65,25,0,40,0,10,-5,F#/G♭ Minor,4,3lSDIJ2abCrOdDJ6pshUap,USUM71602394,2,ESFJ
163,WILD,Troye Sivan,90,5A,73,2021-11-21,03:47,35,,Blue Neighbourhood (Deluxe),2015-12-09,58,2,0,38,0,30,-5,C Minor,4,0Ad6zJhaqKCwEccDAKz6sk,AUUM71500831,2,ESFJ
164,Maniac,Conan Gray,108,4B,64,2022-05-13,03:05,76,,Kid Krow,2020-03-20,63,0,0,49,0,30,-5,G#/A♭ Major,4,6KfoDhO4XUWSbnyKjNp9c4,USUM71920712,2,ESFJ
165,34+35,Ariana Grande,110,8B,59,2022-05-13,02:53,78,pop,Positions,2020-10-30,83,24,0,49,0,20,-6,C Major,4,6Im9k8u9iIzKMrmV7BWtlF,USUM72020423,2,ESFJ
166,Bois Lie (feat. Machine Gun Kelly),"Avril Lavigne,mgk",144,2B,86,2022-03-13,02:43,60,,Love Sux,2022-02-25,54,0,0,74,0,10,-5,F#/G♭ Major,4,2lHktSigIAZqf7BkA7NRS7,USAT22108154,2,ESFJ
168,bet u wanna,Sabrina Carpenter,102,10A,63,2022-07-17,03:11,65,pop,emails i can't send,2022-07-15,59,1,0,46,10,40,-7,B Minor,4,1RAeuvRyRzCweAK3jUT0ZW,USUM72210707,2,ESFJ
169,Question...?,Taylor Swift,109,9B,51,2022-10-22,03:30,56,,Midnights (3am Edition),2022-10-22,65,21,0,11,20,20,-9,G Major,4,6C7OF1Jal7YkyjzyUG8vkK,USUG12205713,2,ESFJ
170,keep me afraid,Nessa Barrett,172,6A,68,2022-07-19,02:44,47,,pretty poison,2021-09-10,47,8,0,27,0,10,-6,G Minor,4,1M3DeTf5xVoEPNL8FF5vsi,USWB12102559,2,ESFJ
171,self sabotage,Maggie Lindemann,140,1A,77,2022-08-13,03:02,0,,self sabotage,2022-08-12,62,3,0,39,0,10,-7,G#/A♭ Minor,4,5d3Cl60y4e8LTLpq6EN7Mk,QZMLX2000059,2,ESFJ
172,i'm so lonely with you,Maggie Lindemann,178,9A,87,2022-09-21,02:49,0,,SUCKERPUNCH,2022-09-16,53,1,0,23,0,0,-5,E Minor,4,0iMfr1JUzW8M8ip40vYk6H,QZMLX2000060,2,ESFJ
173,Wildcard,Miley Cyrus,110,11A,68,2023-03-11,03:13,0,,Endless Summer Vacation,2023-03-10,72,12,14,23,0,10,-6,F#/G♭ Minor,4,1rpfEeYbtYDcnLWSBZBmNH,USSM12209786,2,ESFJ
174,killer,FKA twigs,79,5A,62,2023-03-11,02:56,46,"art pop, alternative r&b",killer,2022-06-16,40,17,0,76,20,20,-7,C Minor,4,4QUzLCXrpHO4c6dGyZlpO2,USAT22205706,2,ESFJ
175,Die 4 Me,Halsey,145,6A,74,2023-03-15,03:35,58,,Die 4 Me,2023-02-24,69,34,0,56,0,30,-4,G Minor,4,6VYAzAQGFsfEAwdorQaZuU,USUM72302025,2,ESFJ
176,I'm a Mess,Bebe Rexha,97,10A,69,2023-03-15,03:15,72,,Expectations,2018-06-22,63,0,0,22,0,0,-6,B Minor,4,04ZTP5KsCypmtCmQg5tH9R,USWB11800739,2,ESFJ
177,Woo,Rihanna,115,11B,47,2023-03-15,03:55,75,,ANTI (Deluxe),2016-01-28,42,5,0,19,0,30,-5,A Major,4,3HQcsqRjRdruUjkbDSgmVF,QM5FT1600117,2,ESFJ
181,decode,Sabrina Carpenter,122,12B,37,2023-09-21,03:08,64,pop,emails i can't send,2022-07-15,59,69,0,42,0,0,-9,E Major,4,17wMOhLqVB3DRCmTaLjwVM,USUM72210713,2,ESFJ
182,Aimed to Kill,Jade LeMac,124,8B,75,2023-11-17,03:22,0,,Aimed to Kill,2022-04-15,64,21,0,56,0,20,-3,C Major,4,5Xx1X1rBk5fpxuhvvtt4th,TCAGC2273910,2,ESFJ
184,Bitter,FLETCHER,136,11A,59,2023-11-17,03:14,58,,Bitter,2020-05-13,72,39,0,41,10,0,-7,F#/G♭ Minor,4,5Z0AM9HW78XIyZqF2BPasr,USUG12001789,2,ESFJ
186,always be a fan,Eva Grace,168,1A,61,2023-11-30,02:18,45,,always be a fan,2023-03-15,68,1,1,73,0,10,-8,G#/A♭ Minor,4,4FCjmYOALkEexSc0p2H7xI,QZLL92370865,2,ESFJ
187,Look Who's Cryin' Now,Jessie Murph,103,9B,58,2023-11-17,02:21,60,,Look Who's Cryin' Now,2021-04-23,69,43,0,26,0,10,-5,G Major,4,6Q0j526ymBAvizdCHmoM9x,USQX92101205,2,ESFJ
189,the boy is mine,Ariana Grande,98,6A,63,2024-03-09,02:53,78,pop,eternal sunshine,2024-03-08,80,16,0,45,0,0,-6,G Minor,4,0Lmbke3KNVFXtoH2mMSHCw,USUM72317268,2,ESFJ
191,Choke,Royal & the Serpent,118,3B,48,2024-04-06,02:17,55,,get a grip,2020-10-16,81,9,0,64,0,10,-10,C♯/D♭ Major,4,5hqK5evNmuLtIiQs4Z5N1M,USAT22004887,2,ESFJ
192,"Girl, so confusing",Charli xcx,125,10A,80,2025-01-07,02:54,67,"hyperpop, art pop",BRAT,2024-06-07,69,7,0,36,0,20,-6,B Minor,4,41krZZovstMJKeJZJtbL78,USAT22401349,2,ESFJ
193,vicious,Tate McRae,156,4A,72,2025-01-02,03:02,61,,vicious,2020-06-19,73,4,0,48,0,10,-6,F Minor,4,7nIPkUEV3HYE7yzXHvGOVB,USRC12001211,2,ESFJ
194,Nobody’s Son,Sabrina Carpenter,174,10B,74,2026-04-04,03:02,85,pop,Man’s Best Friend,2025-08-29,45,34,0,65,0,0,-5,D Major,4,4SRShYMtFIGgnOU7iBicMH,USUM72504443,2,ESFJ
196,Revolving door,Tate McRae,148,2B,74,2025-03-03,03:00,84,,So Close To What,2025-02-21,45,35,0,18,20,10,-6,F#/G♭ Major,4,541sN2qNfIlllGn9nGOQoC,USRC12403577,2,ESFJ
197,Playing Dangerous,"Lucieos,lestxd",87,3A,76,2025-05-23,03:27,0,,Playing Dangerous,2023-02-26,66,56,28,67,10,10,-11,A#/B♭ Minor,4,1hgDd4W76F3AgAVR4MfTxM,QZMHM2322403,2,ESFJ
198,Fame is a Gun,Addison Rae,138,2A,40,2025-06-28,03:03,88,,Addison,2025-06-06,69,17,0,41,0,10,-7,D#/E♭ Minor,4,7B3BwNecBhKvNwSMOOl7Gk,USSM12501572,2,ESFJ
199,Illegal,PinkPantheress,141,5A,89,2025-07-06,02:29,83,bedroom pop,Fancy That,2025-05-09,62,7,0,52,0,10,-5,C Minor,4,1WmBVbFmLt0w6zPP37TeCG,GBAYE2500026,2,ESFJ
202,Elizabeth Taylor,Taylor Swift,82,10B,63,2025-10-07,03:28,83,,The Life of a Showgirl,2025-10-03,62,36,0,56,0,10,-7,D Major,4,1jgTiNob5cVyXeJ3WgX5bL,USUG12506437,2,ESFJ
203,Gabriela,KATSEYE,146,9B,75,2025-08-29,03:17,91,k-pop,Gabriela,2025-06-20,65,18,0,62,0,30,-5,G Major,4,1xOqGUkyxGQRdCvGpvWKmL,USUM72503465,2,ESFJ
205,CANCELLED!,Taylor Swift,91,6A,40,2025-10-07,03:31,79,,The Life of a Showgirl,2025-10-03,73,53,0,46,0,10,-9,G Minor,4,1appZ3c336FkPvCuywfmrs,USUG12506445,2,ESFJ
206,Nonsense,Sabrina Carpenter,139,4B,70,2025-10-07,02:43,85,pop,emails i can't send,2022-07-15,74,3,0,73,0,20,-5,G#/A♭ Major,4,6dgUya35uo964z7GZXM07g,USUM72210708,2,ESFJ
207,Coincidence,Sabrina Carpenter,78,11B,82,2026-04-04,02:44,74,pop,Short n' Sweet,2024-08-23,42,36,0,76,10,10,-6,A Major,4,5oIVNm56t6OIf9ZjdEG3ud,USUM72405667,2,ESFJ
208,Never Getting Laid,Sabrina Carpenter,92,11B,55,2026-04-04,03:28,77,pop,Man’s Best Friend,2025-08-29,57,55,0,32,0,10,-6,A Major,4,1PdUyYYw9sGU0yhLrpeHKt,USUM72504444,2,ESFJ
210,ESFJ (Be Nice),Greg McLeod,171,2B,71,2021-12-17,02:39,1,,MB-LP,2015-01-15,47,64,0,61,0,0,-8,F#/G♭ Major,4,1E2ogSEJZL3F06qx341Vma,CA9OT1400013,2,ESFJ
2,Don't Know What To Do,BLACKPINK,130,11A,64,2025-10-06,03:21,66,k-pop,KILL THIS LOVE,2019-04-05,63,10,0,41,0,10,-4,F#/G♭ Minor,4,38SKB7UfhL6Sd6Joxex5yK,KRA401900006,2,ESFJ
3,Chill Kill,Red Velvet,148,8B,75,2025-10-06,03:34,54,k-pop,Chill Kill - The 3rd Album,2023-11-12,53,5,0,43,0,20,-4,C Major,4,18VlcIarBGAEAD9KVt3FmE,KRA302300431,2,ESFJ
7,GOT THE THRILLS,TWICE,122,9A,92,2025-10-06,02:53,50,k-pop,READY TO BE,2023-03-10,71,21,0,73,10,20,-2,E Minor,4,1RVsbqAP1WFFXPiBXQYIah,US5TA2300006,2,ESFJ
9,XO (Only If You Say Yes),ENHYPEN,97,4B,76,2025-10-06,03:08,77,k-pop,ROMANCE : UNTOLD,2024-07-12,66,11,0,47,0,20,-7,G#/A♭ Major,4,3RkSwrsIadAvqVtMp5yhaB,USA2P2436970,2,ESFJ
11,Wrap Me In Plastic,"MOMOLAND,CHROMANCE",180,4A,60,2025-10-06,03:13,59,"k-pop, ",Wrap Me In Plastic,2021-02-05,82,29,0,78,0,0,-3,F Minor,4,5mpWGq83n0sIgGRopGk5QZ,DEE862100068,2,ESFJ
12,MOA Diary (Dubaddu Wari Wari),TOMORROW X TOGETHER,114,12B,89,2025-10-06,03:08,57,k-pop,The Chaos Chapter: FIGHT OR ESCAPE,2021-08-17,72,7,0,57,10,10,-5,E Major,4,3XoYQvTJK5KT0ynrq7mcCN,USA2P2119860,2,ESFJ
14,I'LL SHOW YOU,"K/DA,TWICE,Bekuh Boom,Annika Wells,League of Legends",108,8B,87,2025-10-06,03:18,56,"k-pop, melodic bass, ",ALL OUT,2020-11-06,70,1,0,56,0,0,-4,C Major,4,497qmwcUsCv5hmMU0K8Hik,QZH6S1900277,2,ESFJ
15,Awkward Silence,Stray Kids,200,3A,89,2025-10-06,03:15,55,"k-pop, noise music",SKZ2020,2020-03-18,57,10,0,73,20,10,-3,A#/B♭ Minor,4,2mBtKEUCZVh9BTDhlj5OiW,US5TA1800062,2,ESFJ
16,QUEEN,TWICE,106,8B,84,2025-10-06,03:13,49,k-pop,Eyes Wide Open,2020-10-26,63,14,0,42,20,10,-3,C Major,4,2xVCwFrNYnllRX1g0drYVI,US5TA2000140,2,ESFJ
17,SO BAD,STAYC,169,6A,91,2025-10-06,03:32,57,k-pop,Star To A Young Culture,2020-11-12,56,19,0,62,10,0,-3,G Minor,4,13KR2yNRDrbKwR3dOKCDl4,KRA382006274,2,ESFJ
18,Good at Love,TWICE,91,11A,68,2025-10-06,03:51,45,k-pop,Perfect World,2021-07-28,75,5,0,37,0,10,-3,F#/G♭ Minor,4,4rZ6LHapeH1Cnxgvu8SrFK,JPWP02170589,2,ESFJ
19,Bon Bon Chocolat,EVERGLOW,140,2B,83,2025-10-06,03:48,61,"k-pop, noise music",ARRIVAL OF EVERGLOW,2019-03-18,72,3,0,63,0,0,-6,F#/G♭ Major,4,5XS0GCCIotaI6XtsYcIKeX,KRMIM1904516,2,ESFJ
21,TICK TOCK,TWICE,115,12A,79,2025-10-06,03:03,42,k-pop,Celebrate,2022-07-27,74,11,0,61,0,30,-4,C♯/D♭ Minor,4,05LG5cpzayKEtup58fdZjA,JPWP02270841,2,ESFJ
22,ASAP,STAYC,132,8B,80,2025-10-06,03:14,62,k-pop,STAYDOM,2021-04-08,76,10,0,32,0,10,-4,C Major,4,5BXr7hYZQOeRttkeWYTq5S,KRA382102364,2,ESFJ
24,Just Right,GOT7,96,10A,78,2025-10-06,03:42,62,k-pop,Just Right,2015-07-13,76,23,0,74,0,10,-3,B Minor,4,16dL6zhP5MLxEwX8sbqCOa,US5TA1500041,2,ESFJ
25,Do It Again,TWICE,137,9B,94,2025-10-06,03:26,51,k-pop,The Story Begins,2015-10-20,74,1,0,79,0,10,-1,G Major,4,2hEoYaI7wTStkahHj5oLP9,US5TA1500094,2,ESFJ
27,That's all I'm saying,TWICE,104,3A,75,2025-10-06,03:02,42,k-pop,Celebrate,2022-07-27,74,9,0,76,0,30,-5,A#/B♭ Minor,4,2fziAh8GECzOzuWl3TtuHV,JPWP02270843,2,ESFJ
28,THANKS,SEVENTEEN,150,4B,87,2025-10-06,03:33,57,k-pop,SEVENTEEN SPECIAL ALBUM 'DIRECTOR'S CUT’,2018-02-05,51,6,0,54,0,30,-4,G#/A♭ Major,4,7cbZIBLhfD9taMBgEsIhIp,KRA381703324,2,ESFJ
30,SWEET TALKER,TWICE,160,4A,97,2025-10-06,03:27,40,k-pop,What is Love?,2018-04-09,67,8,0,82,0,10,-2,F Minor,4,5GIrITOEzxkWOnFPKtUU1V,US5TA1800039,2,ESFJ
31,Sculpture,i-dle,121,8B,63,2025-10-06,03:06,41,k-pop,I love,2022-10-17,65,18,0,26,10,20,-4,C Major,4,3kidrbNd03aWLuHFszrSSx,KRA392200042,2,ESFJ
32,Woohoo,TWICE,176,9B,88,2025-10-06,03:20,40,k-pop,PAGE TWO,2016-04-25,64,4,0,74,0,10,-2,G Major,4,0AXpGfYRyu7sTDaibgl4Qu,US5TA1600025,2,ESFJ
33,My Palace,CHUU,180,5A,76,2025-10-06,03:21,37,k-pop,Howl,2023-10-18,53,38,0,50,0,0,-4,C Minor,3,04X5V1fARpzi0SjHDMtFdu,KRB472301804,2,ESFJ
34,That's okay,D.O.,130,9B,44,2025-10-06,03:41,62,"k-ballad, k-pop",That's okay,2019-07-01,68,72,0,63,0,20,-9,G Major,4,2Ghu1DdMwxS3VAyB7i38Wo,KRA301900289,2,ESFJ
36,HOLD ME TIGHT,TWICE,99,9B,96,2025-10-06,03:19,41,k-pop,SIGNAL,2017-05-15,72,27,0,70,10,40,-2,G Major,4,6ZqcC24vsQKxMN6r4vaOX7,US5TA1700045,2,ESFJ
37,같은 시간 같은 자리 Walk you home,NCT DREAM,98,10A,76,2025-10-06,02:55,53,"k-pop, noise music",We Young - The 1st Mini Album,2017-08-17,80,31,0,63,0,10,-5,B Minor,4,48U7tDoHquyAGPW119Xpvi,KRA301700375,2,ESFJ
38,Holiday,SEVENTEEN,115,8B,80,2025-10-06,03:25,55,k-pop,SEVENTEEN 5th Mini Album 'YOU MAKE MY DAY',2018-07-16,77,7,0,72,0,30,-4,C Major,4,5nR49Yw6tAlOd1DLfuwWAA,KRA871800008,2,ESFJ
39,Pushin' N Pullin',Red Velvet,160,7A,68,2025-10-06,03:03,43,k-pop,Queendom - The 6th Mini Album,2021-08-16,58,18,0,72,0,0,-3,D Minor,4,00Cxlg96EHYJG2VoTh7Q3D,KRA302100272,2,ESFJ
40,Underwater,KWON EUNBI,115,3A,93,2025-10-06,02:50,53,k-pop,Lethality,2022-10-12,75,7,0,68,0,0,-1,A#/B♭ Minor,4,5bdmWBCaiaHk2HbqKOXLyJ,KRA382207788,2,ESFJ
41,Carpool,Red Velvet,122,8B,82,2025-10-06,03:26,36,k-pop,‘The ReVe Festival’ Finale,2019-12-23,71,19,0,70,0,20,-3,C Major,4,2KqYLFNTX2HXzYH4bucBKa,KRA301900604,2,ESFJ
1,BLISS,Tyla,116,4B,72,2026-02-08,02:40,67,afrobeats,BLISS,2025-05-09,70,34,0,50,10,10,-5,G#/A♭ Major,4,4dnjLEblR5XKUMJ5ELQceh,USSM12501901,2,ESFJ
3,Too Much,Carly Rae Jepsen,123,2B,65,2026-02-08,03:17,28,,Dedicated,2019-05-17,69,4,0,39,0,10,-6,F#/G♭ Major,4,08k3hcXnt3uFoAhDT7kmFO,USUM71905111,2,ESFJ
4,bittersweet,Madison Beer,110,7B,62,2026-02-08,03:22,77,,locket,2026-01-16,63,74,0,18,0,20,-7,F Major,4,6vDVu9IM9s8L8XMQ1c1Yti,USSM12503876,2,ESFJ
5,the way things go,beabadoobee,132,11B,51,2026-02-09,03:07,76,bedroom pop,the way things go,2023-07-18,53,85,1,46,0,30,-8,A Major,4,5sA3i6SGkILMiZW6Fhx4wv,GBK3W2302683,2,ESFJ
8,LOVE LOOKS PRETTY ON YOU,Nessa Barrett,184,2B,55,2026-02-08,03:12,61,,AFTERCARE DELUXE,2025-02-07,39,61,0,35,0,10,-8,F#/G♭ Major,4,47uY2r2IzVg8moQyAwmm83,USWB12405130,2,ESFJ
9,Glue Song,beabadoobee,114,3B,41,2026-02-09,02:15,81,bedroom pop,Glue Song,2023-02-14,62,77,5,58,0,10,-10,C♯/D♭ Major,3,3iBgrkexCzVuPy4O9vx7Mf,GBK3W2302568,2,ESFJ
10,WHERE IS MY HUSBAND!,RAYE,116,4B,78,2026-02-08,03:17,93,,WHERE IS MY HUSBAND!,2025-09-19,39,6,0,63,0,10,-7,G#/A♭ Major,4,55lijDD6OAjLFFUHU9tcDm,QMFME2535037,2,ESFJ
12,Juno,Sabrina Carpenter,131,7B,73,2026-02-09,03:43,85,pop,Short n' Sweet,2024-08-23,63,5,0,64,0,20,-4,F Major,4,21B4gaTWnTkuSh77iWEXdS,USUM72404107,2,ESFJ
14,The Giver,Chappell Roan,93,12B,90,2026-02-09,03:22,71,,The Giver,2025-03-13,56,7,0,68,0,30,-3,E Major,4,5xHgo5JN0wfsV41HnRaos5,USUG12501598,2,ESFJ
17,All You Wanted,Michelle Branch,96,4B,72,2026-02-09,03:37,67,,The Spirit Room,2001-07-31,50,0,0,65,0,10,-9,G#/A♭ Major,4,0kr6d8wHDQPlzuET33NVn6,USMV20100082,2,ESFJ
18,Dive,Olivia Dean,90,9B,75,2026-02-08,03:20,88,pop soul,Messy,2023-06-30,63,15,0,28,0,10,-6,G Major,4,36vmaZyO0iAE6FZ7287fg2,GBUM72301484,2,ESFJ
19,It Isn’t Perfect But It Might Be - from “Bridget Jones: Mad About the Boy” Original Motion Picture Soundtrack,Olivia Dean,67,4B,79,2026-02-08,03:36,78,pop soul,It Isn’t Perfect But It Might Be (from “Bridget Jones: Mad About the Boy” Original Motion Picture Soundtrack),2025-02-11,61,10,0,53,10,10,-5,G#/A♭ Major,4,1wsLt0uxVHxUMXfwfI6Gsn,GBUM72407901,2,ESFJ
20,dandelion,Ariana Grande,170,3A,48,2026-02-08,03:24,62,pop,eternal sunshine deluxe: brighter days ahead (a cappella version),2025-03-27,62,62,0,38,10,10,-7,A#/B♭ Minor,4,3fxDcaiomBMomHdMeCSsZ2,USUM72501917,2,ESFJ
21,I GOT YOU (Garage ver.),TWICE,176,4B,84,2026-02-08,03:10,31,k-pop,I GOT YOU (Voyage ver.),2024-02-06,50,36,0,36,0,0,-4,G#/A♭ Major,4,7aqRPDAmWnjl1dQf8pNgG8,US5TA2400014,2,ESFJ
22,GO BABY,Justin Bieber,120,11B,57,2026-02-08,03:14,82,,SWAG,2025-07-11,54,27,0,33,0,0,-8,A Major,4,01p5urrGw5fuFCcfT7PBgc,USUG12506175,2,ESFJ
24,Lovesick Girls,BLACKPINK,128,2B,71,2026-02-09,03:14,72,k-pop,THE ALBUM,2020-10-02,65,1,0,45,0,0,-6,F#/G♭ Major,4,4Ws314Ylb27BVsvlZOy30C,KRA402000136,2,ESFJ
25,Training Season,Dua Lipa,123,4A,59,2026-02-09,03:29,82,pop,Radical Optimism,2024-05-03,81,3,0,66,0,10,-4,F Minor,4,5b5cPscqVEMChvDqscVw26,GBAHT2301078,2,ESFJ
27,SHOOTING STAR,XG,163,10B,71,2026-02-09,03:23,69,k-pop,SHOOTING STAR,2023-01-25,63,2,0,40,0,20,-6,D Major,4,3IelG5zYpWWCZIH4cqWlPV,JPB602104597,2,ESFJ
28,sweetener,Ariana Grande,120,12B,46,2026-02-09,03:28,70,pop,Sweetener,2018-08-17,72,25,0,46,0,20,-6,E Major,4,70khXICDeTTxgYtw3EysKH,USUM71808576,2,ESFJ
30,Stickwitu,The Pussycat Dolls,80,11B,55,2026-02-20,03:27,59,,PCD (Expanded Edition),2005-01-01,66,30,0,42,0,0,-6,A Major,4,0mhVi5NpxkA3zzbiulfkow,USUM70503127,2,ESFJ
31,luther (with sza),"Kendrick Lamar,SZA",138,10B,57,2026-02-09,02:57,85,"hip hop, west coast hip hop, r&b",GNX,2024-11-21,71,25,0,58,10,20,-8,D Major,4,2CGNAOSuO1MEFCbBRgUzjd,USUG12408496,2,ESFJ
33,Good Time,"Owl City,Carly Rae Jepsen",126,5B,87,2026-02-08,03:25,79,,The Midsummer Station,2012-08-17,56,2,0,68,10,30,-4,D#/E♭ Major,4,1kPpge9JDLpcj15qgrPbYX,USUM71206288,2,ESFJ
34,Black Magic,Little Mix,112,12B,88,2026-02-09,03:31,78,,Get Weird (Expanded Edition),2015-11-06,78,3,0,85,0,30,-6,E Major,4,6rmXhRIemCTPyMYZRDN7Qg,GBHMU1500046,2,ESFJ
35,Jealous Type,Doja Cat,120,7A,86,2026-02-09,02:43,76,,Vie,2025-09-26,66,3,0,55,0,10,-3,D Minor,4,03JZr55j9bIj1d2RQJ7Yq9,USRC12500972,2,ESFJ
36,364,YENA,166,3B,83,2026-02-09,02:30,43,k-pop,Blooming Wings,2025-07-29,60,0,0,83,0,0,-4,C♯/D♭ Major,4,3RrpizHAdOwcD3fCVg5mg3,KRMIM2540087,2,ESFJ
38,Stateside + Zara Larsson,"PinkPantheress,Zara Larsson",123,2B,66,2026-02-26,03:04,97,"bedroom pop, ",Fancy Some More?,2025-10-10,68,7,0,85,0,20,-6,F#/G♭ Major,4,1DwscornXpj8fmOmYVlqZt,GBAYE2501217,2,ESFJ
39,Love Again,Carly Rae Jepsen,118,7B,83,2026-02-09,03:35,20,,E·mo·tion (Deluxe Expanded Edition),2015-08-21,80,7,0,71,0,0,-5,F Major,4,20mD1TLc2aNfdb9xrDLkWQ,USUM71507038,2,ESFJ
2,Crybaby,SZA,180,3B,48,2025-05-18,04:01,72,r&b,SOS Deluxe: LANA,2024-12-20,25,66,19,43,0,10,-10,C♯/D♭ Major,3,1g7pFO1WtclKCuIQiS8sNM,USRC12403847,2,ESFJ
3,Saturn,SZA,178,3B,62,2025-05-18,03:06,78,r&b,Saturn,2024-02-22,41,62,0,34,0,10,-7,C♯/D♭ Major,4,1bjeWoagtHmUKputLVyDxQ,USRC12400216,2,ESFJ
8,Heavy,The Marías,97,8B,41,2025-05-18,04:13,83,bedroom pop,CINEMA,2021-06-25,76,33,75,73,0,0,-8,C Major,4,1ShRHPAiiIrh0arZbSFmx1,USAT22100694,2,ESFJ
9,0310,Yerin Baek,136,9B,46,2025-05-18,03:58,51,k-ballad,Every letter I sent you.,2019-12-10,55,70,0,53,0,10,-6,G Major,4,2rXabO62OjjZIZAOn6uzuv,KRF251900196,2,ESFJ
10,Lovelovelove,Yerin Baek,114,11B,31,2025-05-18,04:34,42,k-ballad,Every letter I sent you.,2019-12-10,45,93,0,34,0,10,-10,A Major,3,297eHOCtcTsaa8hqmuNDe0,KRF251900194,2,ESFJ
11,Open Arms (just SZA),SZA,78,11B,56,2025-05-18,03:35,68,r&b,SOS Deluxe: LANA,2025-02-09,49,78,3,26,0,10,-9,A Major,4,0uQHm4CLatNbvDFHt1Ystl,USRC12500026,2,ESFJ
12,Tsunami,NIKI,143,10B,21,2025-05-18,03:51,63,indonesian r&b,Buzz,2024-08-09,36,84,46,34,0,10,-15,D Major,3,7fZ9GpxwteD6R1SNL8OPZa,QM6MZ2405486,2,ESFJ
13,Before - Acoustic Version,NIKI,120,6B,23,2025-05-18,04:38,55,indonesian r&b,You'll Be In My Heart,2022-09-14,63,92,0,56,0,10,-15,A#/B♭ Major,4,2KJQiHAk6KXgvl4fWdQjNo,ZZOPM2240876,2,ESFJ
14,Almost Is Never Enough,"Ariana Grande,Nathan Sykes",81,10B,33,2025-05-18,05:27,70,"pop, ",Yours Truly,2013-01-01,32,83,0,33,0,10,-7,D Major,4,442j8VxaB60dWf9cBFuX5w,USUM71310268,2,ESFJ
15,Stuck with U (with Justin Bieber),"Ariana Grande,Justin Bieber",179,4B,45,2025-05-18,03:48,82,"pop, ",Stuck with U,2020-05-08,60,22,0,54,0,30,-7,G#/A♭ Major,3,4HBZA5flZLE435QTztThqH,USUM72009644,2,ESFJ
16,seasons,wave to earth,60,9B,27,2025-05-21,04:15,22,,summer flows 0.02,2020-08-04,37,78,5,17,0,20,-11,G Major,4,5VBjyOQzqlPNgdRPMM6prF,KRMIM2021578,2,ESFJ
17,LIMBO,keshi,130,4B,37,2025-05-21,03:32,73,,GABRIEL,2022-03-25,58,88,0,8,0,10,-12,G#/A♭ Major,4,2bdVgAQgosGUJoViVDNeOV,USUM72123297,2,ESFJ
18,homesick,wave to earth,95,1A,44,2025-06-07,05:06,71,,0.1 flaws and all.,2023-04-20,52,67,37,10,0,10,-10,G#/A♭ Minor,4,2FZIabCRMEWAYfN69Ijn1U,KRA252300814,2,ESFJ
20,Sweet,Cigarettes After Sex,96,2B,51,2025-06-07,04:51,84,dream pop,Cigarettes After Sex,2017-06-09,45,36,82,11,0,10,-9,F#/G♭ Major,4,2KhrPRV0V1FS2l4eQMJUWt,USBQU1700036,2,ESFJ
21,My Love Mine All Mine,Mitski,114,11B,31,2025-06-07,02:17,87,,The Land Is Inhospitable and So Are We,2023-09-15,50,87,14,12,0,10,-15,A Major,4,3vkCueOmm7xQDoJ17W1Pm3,USJ5G2335007,2,ESFJ
22,Try Again,"JAEHYUN,d.ear",86,7A,35,2025-06-07,02:58,70,,Try Again - SM STATION,2017-11-24,44,81,0,35,0,20,-8,D Minor,3,4Sav8RLaXMBpTZX6xNPj0K,KRA301700613,2,ESFJ
23,Winter Bear,V,166,9B,45,2025-06-07,02:54,70,k-pop,Winter Bear,2019-08-10,29,25,16,29,0,20,-10,G Major,3,74ewFAgDzRkhZ7EX2eLtfZ,QM7281902716,2,ESFJ
24,Walking Back Home,Vira Talisa,105,6B,41,2025-06-07,02:12,61,"indonesian indie, indonesian jazz",Walking Back Home,2016-10-31,65,79,0,41,0,10,-9,A#/B♭ Major,3,43A8VtuqZuJHn8CCtnSL2l,ushm81660076,2,ESFJ
25,Die For You,Joji,148,4B,51,2025-06-07,03:31,79,,SMITHEREENS,2022-11-04,47,37,14,15,0,30,-8,G#/A♭ Major,4,00WLowvlN5cjkYpQV6pjo4,USWB12203732,2,ESFJ
26,Beautiful,OoOo,85,5B,45,2025-06-30,03:29,21,,19' HEAVEN,2022-04-22,48,79,0,33,0,10,-8,D#/E♭ Major,4,2TgRf7QeQXPUsbUGJVXOLa,QM4TX2259865,2,ESFJ
27,Rest,Yerin Baek,83,8B,38,2025-06-30,03:28,47,k-ballad,Every letter I sent you.,2019-12-10,68,94,0,32,0,10,-9,C Major,4,0NnQTCaZnKrOK1lojv5qYI,KRF251900189,2,ESFJ
28,wherever u r (ft. V of BTS),"UMI,V",105,4B,43,2025-06-30,02:33,66,k-pop,wherever u r (ft. V of BTS),2023-12-30,64,78,0,48,0,10,-9,G#/A♭ Major,3,1k255f17DRuRbGrfz5Ifmd,QZNN22399371,2,ESFJ
29,Strange Land - Acoustic Version,"NIKI,88rising",74,8A,21,2025-07-17,02:53,52,"indonesian r&b, ",NIKI Acoustic Sessions: Head In The Clouds II,2019-08-11,55,92,0,19,0,10,-14,A Minor,4,5HsDHCyy4NUSaU4WBNj2uu,ZZOPM1901609,2,ESFJ
30,62 mi (outer space),Delorians,176,8B,51,2025-08-15,04:12,30,"indonesian indie, bedroom pop",62 mi (outer space),2024-08-11,37,2,64,53,0,0,-12,C Major,4,2XhHKrXnBovVAjnujwDBCu,QZTB42456520,2,ESFJ
31,Sienna,The Marías,148,9B,47,2025-10-02,03:44,87,bedroom pop,Submarine,2024-05-31,69,58,57,59,0,10,-9,G Major,4,0InIeZW4P6VO7dUGRM4AKH,USAT22400849,2,ESFJ
32,Magnets,NIKI,100,4B,33,2025-11-27,03:37,57,indonesian r&b,Buzz,2024-08-09,56,82,0,45,0,30,-14,G#/A♭ Major,4,5lYN6iWRzaWm08s0Fhw6eM,QM6MZ2405485,2,ESFJ
33,The loved one,Yerin Baek,118,9A,48,2025-11-27,03:54,31,k-ballad,Pisces,2022-05-24,45,45,0,11,0,0,-8,E Minor,4,2vBvZ4xVtzdYUFTuotZMDZ,KRMIM2220052,2,ESFJ
34,Past Won't Leave My Bed,Joji,70,7B,47,2026-02-20,02:46,62,,Past Won't Leave My Bed,2025-11-07,37,86,0,21,0,10,-9,F Major,4,0DTSnA1bcVI5niJzoyBPyZ,USA2P2553145,2,ESFJ
35,Open Arms (feat. Travis Scott),"SZA,Travis Scott",78,11B,59,2026-03-26,03:59,80,"r&b, rap",SOS,2022-12-08,43,75,1,24,10,10,-8,A Major,4,6koKhrBBcExADvWuOgceNZ,USRC12204602,2,ESFJ
36,Strawberry Champagne,Dept,65,8B,47,2026-03-26,03:02,55,,Your Eyes,2024-05-12,34,37,1,9,0,10,-10,C Major,5,5V02ItrZKBi8aGjKrKJpFa,KRMIM2432427,2,ESFJ
37,No One Noticed (Extended English),The Marías,98,9B,29,2026-03-26,04:44,75,bedroom pop,No One Noticed (Extended),2024-11-15,62,71,5,35,0,10,-11,G Major,4,4Q9qkdqu0qKKjaftRrAK9C,USAT22410706,2,ESFJ
1,ENFP (男声版）,樊宇镈(Coulson Fan),80,11B,45,-,03:25,18,chinese r&b,ENFP (男声版）,2025-06-13,70,74,0,32,0,10,-5,A Major,4,3ZuH16MxsDjdusgoiY3eDI,QZTB42550284,2,ESFJ
2,things we'll never share,tonybear,122,8B,50,-,03:32,20,,starstruck,2025-10-24,37,76,0,21,0,10,-8,C Major,3,2WjGoBADGr09S1dmnfrFFn,QT3F72518670,2,ESFJ
3,My heart’s in pieces,Reinisty Lowe,130,7B,30,-,01:50,29,,My heart’s in pieces,2026-04-20,70,17,0,32,0,10,-13,F Major,4,6G8TbMjjbQGTODMKaViDCw,QT82T2647949,2,ESFJ
4,KARMA,Matt Terry,130,3B,41,-,03:04,26,,KARMA,2026-04-17,63,24,0,55,0,30,-8,C♯/D♭ Major,4,1R9mGiQpHW0KbnBdrM7czW,QM4TW2689534,2,ESFJ
5,Love me Truly,Ozzico,147,6A,35,-,03:26,36,,Love me Truly,2026-04-13,48,18,0,20,0,10,-11,G Minor,3,2BV2k3M1coDIhL84ajHdGy,GXJBY2630216,2,ESFJ
6,ESFJ,樊宇镈(Coulson Fan),129,7B,36,-,03:33,15,chinese r&b,ESFJ,2025-06-13,54,77,0,15,0,0,-12,F Major,4,2OFp3O4aBAyxK4dxxGmZus,QZTB42553019,2,ESFJ
7,Sinking to the Deepest Bottom,"CHURCH SILVA,Sarah Silva Goncalves",98,6B,34,-,03:55,27,,Sinking to the Deepest Bottom,2026-04-20,58,34,0,19,0,0,-12,A#/B♭ Major,3,7bURbUpZzd9mxXDhHSzr5i,QT82V2608532,2,ESFJ
8,akire's theme,tonybear,121,11B,33,-,01:45,23,,you're once in a lifetime,2024-09-27,49,90,0,50,0,10,-9,A Major,4,12ne8a9Qk1PAi3IHZS3xX9,QZTB92431838,2,ESFJ
9,Every Universe,The Cab,83,12B,29,-,03:48,39,,Chasing Crowns,2026-04-24,47,80,0,17,0,10,-12,E Major,4,3somoSUAumDYDqoNW4mvJp,AEA3A2042753,2,ESFJ
10,Losin' Streak,Alador,101,7A,42,-,01:49,25,,Losin' Streak,2026-04-19,63,63,0,39,0,30,-11,D Minor,3,2isITOuqeSMq8BfyWukJ3m,GXJBY2648846,2,ESFJ
11,harder to lose (simplified),Zach Paradis,79,10B,20,-,02:34,15,christian hip hop,harder to lose (simplified),2025-11-21,47,94,0,24,0,10,-9,D Major,4,1Fn60rhLyqncid4K7ruCJ4,QT3F22541628,2,ESFJ
12,Gemini,樊宇镈(Coulson Fan),95,2B,61,-,02:58,29,chinese r&b,Gemini,2026-01-30,70,39,0,84,0,10,-6,F#/G♭ Major,4,077d3TNyk6VIlA9t1HSooa,QZHN72621768,2,ESFJ
13,Eyes,Vincentz,77,6B,53,-,04:27,15,,Eyes,2024-01-01,54,68,0,12,0,10,-6,A#/B♭ Major,4,2SjF3roBFC231nmMSqwN78,QZNWX2471445,2,ESFJ
14,HOPELESS LIFE,tonybear,170,1B,42,-,03:16,25,,HOPELESS LIFE,2023-11-24,37,51,0,29,0,10,-8,B Major,4,0CQb8UDnAdnWylZkGHt8PS,QZTBD2396128,2,ESFJ
15,messages,Jared Krumm,143,8B,39,-,02:15,29,,messages,2026-03-29,66,75,0,43,0,10,-7,C Major,4,335Q3JInLv3Ctb1T2xMQEh,QZMEV2635150,2,ESFJ
16,Your Perfume’s Still On My Coat,Sylvn Hale,160,11A,36,-,02:35,17,,OBSESSED,2025-05-02,58,0,0,12,0,10,-13,F#/G♭ Minor,4,3Ag1GBxsPcDtEhE4l6BX5J,QZAKB2467980,2,ESFJ
17,靠近（好想去说喜欢你）,樊宇镈(Coulson Fan),153,10B,46,-,03:40,18,chinese r&b,靠近（好想去说喜欢你）,2025-11-19,32,80,0,35,0,10,-4,D Major,4,1XngL7yDX4MahCvBRoR70m,QT6F22524679,2,ESFJ
18,In the Middle,Joshua Mari,68,6B,20,-,03:42,21,"pinoy r&b, pinoy hip hop, opm",In the Middle,2026-01-04,46,86,0,42,0,10,-12,A#/B♭ Major,4,4UgzDafqvHWOgWzikChcNi,QT6672521837,2,ESFJ
19,gordon's interlude,donny daydream,126,10A,18,-,02:25,14,,I'll look out for you,2024-09-06,46,90,0,30,0,10,-14,B Minor,4,6F6QSe789TtKF5nxHG1kuD,QZTB72453284,2,ESFJ
20,Sorry For The Things That I Said,Calvert Tay,139,6B,27,-,03:38,14,"malay pop, mandopop, chinese r&b",Sorry For The Things That I Said,2026-01-30,39,77,0,36,0,0,-11,A#/B♭ Major,4,5KGAKAdl1eYjYxin6Ob0dD,SGB242601979,2,ESFJ
21,You should have answered,Quin Bae,75,6B,28,-,04:31,16,,You should have answered,2026-03-30,66,51,0,20,10,30,-14,A#/B♭ Major,4,5hkfXnd1TYZavDdyiRFh2T,QZTB52649035,2,ESFJ
22,2026,Brhm18,152,7B,34,-,04:04,12,,Handle With Care,2026-04-03,52,60,0,21,0,10,-9,F Major,3,1JY3TDZHNITDpLUNABChDs,ID1532600653,2,ESFJ
23,broken hearts lie,Harvey Brittain,105,10A,32,-,02:36,15,,my heart keeps score,2025-06-27,66,64,0,49,0,0,-9,B Minor,4,6pjCikdQ3kGKQZFEX8FEN3,QZTAU2556694,2,ESFJ
24,Pictures,Baso DM,94,4B,52,-,02:36,19,,Pictures,2026-02-24,51,1,0,17,0,10,-6,G#/A♭ Major,4,6Yza85eRrf7uxUImTRhvK2,QT65Z2646263,2,ESFJ
25,Merry Go Round,beenmind,112,10A,53,-,03:25,27,indonesian r&b,midst.,2025-05-16,67,45,0,27,0,10,-7,B Minor,4,4dLmXR1wh2UtlOh2ouiMt6,QZQAY2561234,2,ESFJ
26,Sometime,Feel Lee,148,8B,42,-,04:05,18,,Be My Forever,2024-10-10,35,48,0,7,0,50,-7,C Major,3,05RFyhN5JeHfUBkxqpriJs,KRMIM2461475,2,ESFJ
27,"I love you, mama",Chase Vega,78,4B,29,-,04:35,23,p-pop,"I love you, mama",2025-05-09,63,3,0,32,50,0,-16,G#/A♭ Major,4,4heisBWr4YTRpdAQS8BZGA,QZVEM2599633,2,ESFJ
28,PARTIES ARE A CHEAP PLACE 2 FALL IN LOVE,Crash,180,11B,27,-,03:14,18,,BLUSH,2025-02-14,53,91,0,50,0,0,-12,A Major,3,42TJ8arxk9m01eDYExBbgo,QZES52509086,2,ESFJ
29,Ever Be The Same,Kenji Her,110,1B,40,-,02:28,14,,Ever Be The Same,2022-11-25,66,76,0,19,0,10,-11,B Major,4,7m7DJrOaZvL5sftvYfImhe,QZTAX2230710,2,ESFJ
30,Body!,Jonathan Mendoza,68,10A,31,-,03:51,17,,The Art Of Letting Go!,2026-04-17,47,77,0,20,0,10,-9,B Minor,4,5QEta6bd2DsIZQm4O6R8gD,QZWFH2637801,2,ESFJ
31,Let Me In,Bayu Pratama,130,11B,44,-,03:24,26,,Let Me In,2026-03-25,55,73,0,5,0,10,-8,A Major,4,5toJSUw0dJeE5eijUZqLPP,IDB832602945,2,ESFJ
32,If I leave you I'll die,Yi-I,180,11A,14,-,03:06,14,,feel the note,2026-01-30,47,76,0,5,20,20,-20,F#/G♭ Minor,4,3MtPZpT3Mlggobhhe4xuqr,QZHN32624021,2,ESFJ
33,empty-handed,Leroy Booker,126,5A,39,-,02:58,17,,empty-handed,2025-11-11,56,58,0,29,0,10,-7,C Minor,3,36KJDJiOKjaT5emnoM72mA,QZES82522618,2,ESFJ
34,Empty Space,"Cam Noble,KNIGHT",139,6B,20,-,03:24,15,,Empty Space,2022-07-22,56,72,0,40,0,10,-10,A#/B♭ Major,4,26fEXgALRwCF1oZ3WUKW5w,AUG0H2200010,2,ESFJ
35,Nice Choices,Luther Cooper,148,10A,31,-,02:50,25,,Crazy Thoughts,2026-03-04,65,17,0,34,0,0,-12,B Minor,4,6mXkyeh4ivyWeD7a9zJO1T,QT65Z2683702,2,ESFJ
36,I'm hurting,Reastarz Gee,105,4A,29,-,01:34,18,,I'm hurting,2025-11-05,77,1,0,21,0,0,-14,F Minor,4,3hZDnVsLj3VPBUaKbYv5eU,QT6EE2551028,2,ESFJ
37,God Gave Me You,Benjamin Taylor,68,8B,27,-,03:41,23,,God Gave Me You,2025-09-26,62,88,0,24,0,10,-8,C Major,3,72mcWC5TJZdqNyow1abZGv,QT65X2534690,2,ESFJ
38,anything to you,EAN,75,4B,29,-,02:24,15,,anything to you,2025-09-08,64,94,0,55,0,10,-12,G#/A♭ Major,4,25PZdahpVbvpAF9otIdCWP,QZZ7N2534062,2,ESFJ
39,Sagittarius（射手座）,樊宇镈(Coulson Fan),95,3B,69,-,03:17,47,chinese r&b,Sagittarius（射手座）,2026-03-28,71,19,0,84,0,30,-6,C♯/D♭ Major,4,0rnRdigAqV90Yqljl4OzUc,QZTAY2668885,2,ESFJ
40,My heart so cold,"Akpanke Emmanuel,Dj Emmy",171,6B,57,-,01:42,20,,My heart so cold,2026-03-13,34,35,0,37,0,40,-4,A#/B♭ Major,3,5GZEavob2O9Pcwok9wKix2,ESA122646900,2,ESFJ
41,Hidden Emotions,Luther Cooper,148,3B,40,-,03:02,25,,Crazy Thoughts,2026-03-04,56,8,0,21,0,10,-11,C♯/D♭ Major,4,310QPs6AFA2QRHBuT07f83,QT65Z2683701,2,ESFJ
42,If You Don't,Rangga Jones,78,11B,34,-,02:57,14,,Everything I've Wanted To Say,2025-05-09,41,58,0,16,0,10,-12,A Major,4,3yseHgDvmYVlatr96fnf4H,FRX202526149,2,ESFJ
43,Make you mine.,David Reyeg,83,6B,51,-,03:09,30,"pinoy indie, opm",Make you mine.,2026-04-17,52,47,0,40,0,30,-8,A#/B♭ Major,4,5GD9ziX5Fpt1ej9PTjmw9d,GXJBW2677520,2,ESFJ
44,Unfold,Lucienne Paloma,144,10B,28,-,02:34,15,,LLV Life on Vacation,2026-01-19,42,56,0,31,0,20,-11,D Major,3,5F4KYdAwiww5IGghMMI2dq,QZES52627438,2,ESFJ
45,Eloise,donny daydream,85,3B,19,-,01:43,21,,im right by the phone,2024-11-08,70,88,0,48,0,10,-10,C♯/D♭ Major,3,0xmtEmsdvyiMBXyhQmEgpP,QZWFS2470108,2,ESFJ
46,meet you again,tonybear,150,9B,43,-,03:38,35,,starstruck,2025-10-24,45,33,0,25,0,0,-8,G Major,4,0eeAKSulwSEus5fWF7TmL0,QT3F72518671,2,ESFJ
47,That Should Be Me,Rainsomn,128,8B,18,-,01:25,20,,That Should Be Me,2024-11-15,61,84,29,27,0,10,-16,C Major,4,18FX6ipAGew5Wd41ac0wXx,QZYD92404925,2,ESFJ
48,circles,Notkyle,119,7A,32,-,02:02,20,,neverontime,2025-07-04,54,74,0,53,10,10,-12,D Minor,1,4Gl6ILXSoawpyX5o29jher,QZTB42547953,2,ESFJ
49,Light That Never Left,David M Milam,95,12B,21,-,03:32,16,,Light That Never Left,2026-04-16,54,23,0,35,0,0,-9,E Major,4,4wCqJth4flm2Ik5gHu9BcM,QZWFG2650599,2,ESFJ
50,Libra（天秤座）,樊宇镈(Coulson Fan),92,1B,74,-,02:38,33,chinese r&b,Libra（天秤座）,2026-03-08,70,22,0,67,0,30,-4,B Major,4,0Knh6CCkJWAVantiIccmbM,QZNWV2625290,2,ESFJ
6,Enough For Us,The WDK,99,8B,56,2022-06-07,02:38,0,tropical house,Enough For Us,2021-02-19,57,63,0,64,0,10,-9,C Major,4,062yG3KilPZhVyQXo9TRjg,QZ93L2103947,2,ESFJ
7,Red,Taylor Swift,125,12A,90,2022-06-07,03:43,57,,Red (Deluxe Edition),2012-10-22,60,8,0,64,0,0,-4,C♯/D♭ Minor,4,7gJtmLyPTwKzhGzMBXtuXH,USCJY1231020,2,ESFJ
14,Kiss Me More (feat. SZA),"Doja Cat,SZA",111,4B,70,2022-06-07,03:28,8,r&b,Kiss Me More (feat. SZA),2021-04-09,76,24,0,74,0,10,-4,G#/A♭ Major,4,748mdHapucXQri7IAO8yFK,USRC12100543,2,ESFJ
15,Surface Pressure,Jessica Darrow,180,10B,58,2022-06-07,03:22,71,,Encanto (Original Motion Picture Soundtrack),2021-11-19,65,2,0,37,30,0,-8,D Major,4,760jhRscwGbIIe1m1IIQpU,USWD12112914,2,ESFJ
18,The Other Woman,Lana Del Rey,112,6A,47,2022-06-07,03:01,76,,Ultraviolence (Deluxe),2014-01-01,26,82,25,18,0,30,-6,G Minor,4,1KuVEZR4xuQVNr1KkanAV4,GBUM71402106,2,ESFJ
19,"1 step forward, 3 steps back",Olivia Rodrigo,169,10B,20,2022-06-07,02:43,79,,SOUR,2021-05-21,47,94,0,42,10,10,-13,D Major,4,4wcBRRpIfesgcyUtis7PEg,USUG12101244,2,ESFJ
23,...Baby One More Time,Britney Spears,93,5A,70,2022-06-07,03:31,86,pop,...Baby One More Time (Digital Deluxe Version),1999-01-12,76,20,0,91,0,40,-6,C Minor,4,3MjUtNVVq3C8Fn0MP3zhXa,USJI19810404,2,ESFJ
27,Strawberry Blond,Mitski,77,8B,55,2022-06-07,01:54,0,,"Retired from Sad, New Career in Business",2013-08-01,55,84,0,94,0,0,-8,C Major,4,3eGsNpXzcb1BDkfSJI54NY,ushm81309668,2,ESFJ
30,What Makes You Beautiful,One Direction,125,12B,79,2022-06-07,03:19,87,,Up All Night,2012-05-25,73,1,0,89,0,0,-2,E Major,4,4cluDES4hQEUhmXj6TXkSo,GBHMU1100018,2,ESFJ
32,Jolene,Dolly Parton,111,12A,54,2022-06-07,02:43,74,"country, classic country",Jolene,1974-02-04,67,57,0,81,0,10,-11,C♯/D♭ Minor,4,2SpEHTbUuebeLkgs9QB7Ue,USRN19600096,2,ESFJ
33,Happy,Mitski,107,12B,51,2022-06-07,03:40,57,,Puberty 2,2016-06-17,60,16,0,4,0,10,-11,E Major,4,7dgnKNBJzEMezR4wzhPAbQ,USJ5G1612301,2,ESFJ
35,Attention,Charlie Puth,100,2A,61,2022-06-07,03:28,88,soft pop,Voicenotes,2018-05-11,78,11,0,80,0,10,-5,D#/E♭ Minor,4,5cF0dROlMOK5uNZtivgu50,USAT21700928,2,ESFJ
36,Livin' On A Prayer,Bon Jovi,123,8B,89,2022-06-07,04:09,83,glam metal,Slippery When Wet,1986-08-16,53,8,0,79,0,20,-4,C Major,4,37ZJ0p5Jm13JPevGcx4SkF,USPR38619998,2,ESFJ
38,Kill Em With Kindness,Selena Gomez,120,3A,88,2022-06-07,03:37,63,,Revival (Deluxe),2015-10-09,76,1,0,40,0,10,-5,A#/B♭ Minor,4,7KxhSJOYiqCDclXDBNlFSZ,USUM71513588,2,ESFJ
40,YMCA,Village People,126,2B,70,2022-06-07,03:22,63,disco,Can't Stop the Music (Original Soundtrack 1980),1980-00-00,74,19,0,84,0,10,-8,F#/G♭ Major,3,3ypMsqUwfNFMiooMLVHfkp,FR22F8000020,2,ESFJ
41,White Woman’s Instagram,Bo Burnham,150,7B,77,2022-06-07,04:00,53,comedy,INSIDE,2021-06-10,65,23,0,59,0,10,-9,F Major,4,20bNmfHntXFvYInCEQZYfp,USA2P2122068,2,ESFJ
43,Lucky Ones,Lana Del Rey,135,8B,42,2022-06-07,03:45,56,,Born To Die - The Paradise Edition,2012-01-01,38,78,0,27,0,20,-7,C Major,4,24h1notzzKOcLZSdRYa7yn,GBUM71111610,2,ESFJ
44,Late Night Talking,Harry Styles,115,6B,73,2022-06-07,02:57,79,,Harry's House,2022-05-20,71,30,0,90,0,10,-5,A#/B♭ Major,4,1qEmFfgcLObUfQm0j1W2CK,USSM12200610,2,ESFJ
46,Happy Together,The Turtles,120,11A,37,2022-06-07,02:56,78,,Happy Together,1967-00-00,58,55,0,59,0,0,-10,F#/G♭ Minor,4,1JO1xLtVc8mWhIoE3YaCL0,USA560587940,2,ESFJ
49,Innocent,Taylor Swift,134,12A,60,2022-06-07,05:02,43,,Speak Now,2010-10-25,55,20,0,19,0,10,-5,C♯/D♭ Minor,4,0mTgFzkDgSAF3nJY25XCXG,USCJY1003665,2,ESFJ
50,Beautiful,"Barrett Wilbert Weed,Katie Ladner,Alice Lee,Jessica Keenan Wynn,Elle McLemore",95,3B,39,2022-06-07,08:19,62,musicals,Heathers: The Musical (World Premiere Cast Recording),2014-06-10,56,69,0,50,10,10,-8,C♯/D♭ Major,4,5s5RWM20nO50Ixe2et4uNu,US6W61422222,2,ESFJ
1,Let You Break My Heart Again,"Laufey,Philharmonia Orchestra",77,10B,14,2023-01-22,04:29,80,"opera, classical, orchestral",Let You Break My Heart Again,2021-08-13,30,97,11,12,0,10,-15,D Major,4,709p9UGPAuyImWf1Z3vjRo,TCAFR2175884,2,ESFJ
2,Valentine,Laufey,83,5B,20,2023-04-09,02:48,78,,Everything I Know About Love,2022-08-26,47,92,0,22,0,10,-13,D#/E♭ Major,4,6cx5CvFhqN19efStehJqoW,GBKPL2280365,2,ESFJ
5,Needs,Verzache,119,10A,60,2023-01-10,02:57,1,,Needs,2018-02-14,81,19,0,86,10,40,-8,B Minor,4,0WKmVAD4VWk5EdTyCFILi4,QM42K1805517,2,ESFJ
6,the perfect pair,beabadoobee,146,1B,66,2023-02-02,02:57,84,bedroom pop,Beatopia,2022-07-15,63,43,12,60,0,10,-7,B Major,4,41P6Tnd8KIHqON0QIydx6a,GBK3W2202093,2,ESFJ
7,once upon a time,One Hope,98,11A,35,2023-06-21,03:30,32,,XXI,2023-03-01,83,15,0,35,10,30,-7,F#/G♭ Minor,4,0PULY7AIDcZ2LMjXc9oUay,QZTBB2234236,2,ESFJ
8,OUTTA MY MIND,Monsune,87,7A,46,2023-08-28,03:46,54,bedroom pop,OUTTA MY MIND,2019-08-30,69,7,0,86,0,10,-8,D Minor,4,7zTTDkkLkJ2iHAqq1daDCr,QM24S1923795,2,ESFJ
9,Cherry Wine,grentperez,105,10A,56,2023-08-28,02:53,68,,Cherry Wine,2021-09-10,74,34,0,58,0,0,-7,B Minor,4,5o5WaO9pzPhXSGIrTIYVce,GBKPL2162171,2,ESFJ
10,(Only) About Love - Demo,grentperez,130,12A,51,2023-08-28,04:18,59,,Demo(s) About Love,2021-08-27,71,10,12,59,0,10,-11,C♯/D♭ Minor,4,0T3pyPYtHAsxIRymAZsTkX,UKXN21997304,2,ESFJ
11,Avocado Toast,Sexy Pigeon,120,10B,51,2023-09-26,01:58,41,,Avocado Toast,2020-05-18,67,18,78,41,0,10,-8,D Major,4,7wi2mklBTO0PEWwqfyhHMR,GBKPL2003424,2,ESFJ
12,Perspective,Cafuné,141,5A,68,2023-12-10,02:43,42,,Perspective,2023-03-03,61,38,2,70,0,20,-7,C Minor,4,1WcVAZYGMKdd2cqeDpuDGI,USEE12300007,2,ESFJ
13,Shoulders,Men I Trust,170,7A,34,2024-02-03,03:26,41,"bedroom pop, indie pop",Untourable Album,2021-08-25,58,92,78,36,0,20,-15,D Minor,3,2Ef5PbCqzsxCzwvbWXGVgm,TCAFR2123409,2,ESFJ
14,Agora Hills,Doja Cat,123,1A,67,2024-02-06,04:25,77,,Scarlet,2023-09-22,75,23,0,39,10,10,-6,G#/A♭ Minor,4,7dJYggqjKo71KI9sLzqCs8,USRC12301954,2,ESFJ
16,Sweater Weather,The Neighbourhood,124,6B,81,2024-02-14,04:00,93,,I Love You.,2013-04-22,61,5,2,40,0,10,-3,A#/B♭ Major,4,2QjOHCTQ1Jl3zawyYOpxh6,USSM11300080,2,ESFJ
17,As the World Caves In,Matt Maltese,124,6B,45,2024-02-19,03:38,73,,Bad Contestant,2018-06-08,33,37,0,18,0,20,-5,A#/B♭ Major,4,3NM41PVVUr0ceootKAtkAj,GBAHS1700229,2,ESFJ
18,madhouse,Matt Maltese,157,6B,53,2024-02-19,03:31,52,,madhouse,2020-08-07,64,60,0,64,0,10,-8,A#/B♭ Major,4,36fC4xtAucJ7KH6sdSDDo7,CAN112000239,2,ESFJ
19,i think i saw a ghost,One Hope,138,9B,37,2024-03-05,02:55,42,,nostalgic nightmares,2021-12-08,81,15,0,44,40,0,-12,G Major,4,6mJZmgCWxPkTrsErzgboWM,QZNWW2101560,2,ESFJ
20,Shut up My Moms Calling,Hotel Ugly,138,8A,41,2024-03-12,02:44,89,,Shut up My Moms Calling,2020-02-10,49,33,0,38,10,10,-11,A Minor,4,3hxIUxnT27p5WcmjGUXNwx,TCAEQ2083509,2,ESFJ
21,blue salvia,PRYVT,130,3B,45,2024-03-18,03:17,0,,blue salvia,2023-11-20,55,20,69,31,0,20,-10,C♯/D♭ Major,4,4ZKUto3pgjYznFxkjSLdlr,QZVEM2374376,2,ESFJ
22,Promise,Laufey,76,7B,11,2024-06-03,03:54,83,,Bewitched,2023-09-08,26,94,0,9,0,0,-17,F Major,4,08PdFBcXzpkn1cWNgmKqhn,QMDA62312092,2,ESFJ
23,Glue Song (feat. Clairo),"beabadoobee,Clairo",114,3B,39,2024-07-05,02:15,71,bedroom pop,Glue Song (feat. Clairo),2023-04-17,62,78,1,53,0,10,-10,C♯/D♭ Major,3,0tMMPZEt6Gyrl9FI8zSicm,GBK3W2302605,2,ESFJ
24,Seven - Garage Session,Men I Trust,96,12A,22,2024-07-06,04:13,37,"bedroom pop, indie pop",Forever Live Sessions,2020-07-10,73,79,27,64,0,10,-12,C♯/D♭ Minor,4,7zkCIeZwW48tegLdGKfKOW,TCAEZ2023517,2,ESFJ
26,welcome and goodbye,"Dream, Ivory",140,5A,72,2024-07-25,02:20,80,,welcome and goodbye,2018-03-31,58,2,76,66,0,0,-5,C Minor,4,00RLNHc2jkEjUoCUlFgPVT,QM42K1745830,2,ESFJ
27,Metamodernity,Vansire,122,7B,54,2024-08-06,02:42,66,bedroom pop,Metamodernity,2019-06-11,82,39,17,83,0,10,-10,F Major,4,4RGWHfQeJftd5XrP8JUgFj,QZFYX1977153,2,ESFJ
29,Tired,beabadoobee,140,6A,42,2024-08-28,03:19,73,bedroom pop,Patched Up,2018-12-07,63,48,15,35,0,10,-7,G Minor,4,6F5mZpEEjhsAW8UEqbIpz1,GBK3W1800910,2,ESFJ
30,Fragile,Laufey,149,5B,41,2024-12-01,04:01,72,,Everything I Know About Love,2022-08-26,36,93,0,34,0,20,-12,D#/E♭ Major,4,608wYP5XWenLz8cOSYjX7X,GBKPL2298384,2,ESFJ
31,A Night To Remember,"beabadoobee,Laufey",115,7A,62,2024-12-05,03:53,77,"bedroom pop, ",A Night To Remember,2023-10-20,73,50,3,57,0,0,-8,D Minor,4,180AbZduI6bYQIzwCHRwu9,GBK3W2302799,2,ESFJ
32,Beanie,Chezile,139,7B,56,2024-12-26,02:12,83,,Beanie,2023-11-28,53,41,1,16,0,30,-6,F Major,3,5e0b9LgOfi3aJSKXFcOWRe,QZWFH2353145,2,ESFJ
33,The Cut That Always Bleeds,Conan Gray,136,8B,41,2025-02-18,03:51,83,,Kid Krow,2020-03-20,49,59,0,25,0,0,-6,C Major,4,7wTqEW5nrMhvyEhEyTnOMd,USUM71924260,2,ESFJ
34,You’re here that’s the thing,beabadoobee,108,8B,40,2025-03-12,03:18,68,bedroom pop,Beatopia,2022-07-15,68,75,0,25,0,10,-9,C Major,4,68SSN8C0cJmUEXJkGyNYqe,GBK3W2202101,2,ESFJ
35,Everything I Know About Love,Laufey,68,9B,33,2025-04-11,03:29,53,,Everything I Know About Love,2022-10-14,66,62,0,51,0,30,-7,G Major,4,5Df8LivqhhpY5m8eT8st70,GBKPL2290699,2,ESFJ
36,Silver Lining,Laufey,82,11B,34,2025-04-11,03:17,62,,Silver Lining,2025-04-03,50,82,0,20,0,10,-8,A Major,3,4kfXaAAZlfBrimPJYHlCEM,QM6MZ2547162,2,ESFJ
37,pity dirty,pami,156,6B,63,2025-04-11,03:13,43,,pity dirty,2025-03-04,75,38,2,70,10,10,-9,A#/B♭ Major,4,1O12sL9Ekek4WY7U03cG06,FR2X42553254,2,ESFJ
38,Dancing with my phone,HYBS,102,2B,59,2025-05-07,03:23,64,,Making Steak,2022-09-01,83,44,8,88,0,10,-8,F#/G♭ Major,4,6ppefZt5uQ62aHAfSa1Jx9,FRX872124199,2,ESFJ
39,happy endings do exist,PRYVT,100,2B,42,2025-05-07,03:17,46,,&SCENE,2024-11-15,52,2,7,17,0,20,-10,F#/G♭ Major,4,2TznDL9ONg1xvuAALxxGBd,QM7282415882,2,ESFJ
40,Lily of The Valley,DANIEL,124,3B,39,2025-07-28,04:57,65,,Flower,2020-02-14,57,74,28,27,0,0,-9,C♯/D♭ Major,4,4gAIUEY7VkeiKQOPwIYaYb,KRMIM2002972,2,ESFJ
41,Lovesick,Laufey,105,12B,37,2025-11-08,03:45,70,,Bewitched,2023-09-08,58,66,0,34,0,10,-10,E Major,4,39fD0qvjgk8RarJnoBiDTx,QMDA62312089,2,ESFJ
43,Mr. Eclectic,Laufey,155,7A,42,2025-11-08,02:35,68,,A Matter of Time,2025-08-22,60,84,0,67,0,10,-11,D Minor,4,0gBlPhTZaqY06DHCL9V7W5,QM6N22553537,2,ESFJ
44,bellyache,Billie Eilish,100,9A,57,2025-11-09,02:59,79,,Bellyache,2017-02-24,70,46,7,41,10,40,-9,E Minor,4,51NFxnQvaosfDDutk0tams,USUM71615103,2,ESFJ
45,Second Best,Laufey,135,6B,20,2025-11-19,03:24,56,,Bewitched: The Goddess Edition,2024-04-26,42,95,0,15,0,10,-15,A#/B♭ Major,3,7sOUsRHqnu18iSYE0KM11f,QM6P42387647,2,ESFJ
46,I Wish You Love,Laufey,108,8B,38,2025-11-27,02:35,71,,Typical of Me EP,2021-04-30,74,84,0,63,0,10,-9,C Major,4,5zHLswJplBXyPstFSSMIOH,TCAFJ2195578,2,ESFJ
47,Haunted,Laufey,109,6A,27,2025-11-28,03:20,63,,Bewitched,2023-09-08,48,96,1,9,0,10,-15,G Minor,4,1bx9j48IeWnDnPqcTTqT8Q,QMDA62312086,2,ESFJ
48,Tip Toe,HYBS,164,1B,49,2026-01-04,03:44,75,,Tip Toe,2023-06-20,69,59,13,79,0,10,-9,B Major,4,0MJ5wKsPEeihONNfugHGy7,FRX762361935,2,ESFJ
49,Goddess,Laufey,79,7B,13,2026-02-20,04:27,65,,Goddess,2024-03-06,37,97,0,17,0,0,-13,F Major,4,4R3AU2pjv8ge2siX1fVbZs,QM4TW2430375,2,ESFJ
50,ONLY,LEEHI,123,7B,30,2026-02-28,04:00,77,"k-ballad, k-pop",4 ONLY,2021-09-09,54,89,0,15,0,0,-7,F Major,3,6TBJkXHPhu3EsMk1bshwuI,KRC712100039,2,ESFJ
51,Savior (feat. B.I),"LEEHI,B.I",95,3A,50,2026-02-28,03:35,57,"k-ballad, k-pop, k-rap",4 ONLY,2021-09-09,81,65,0,40,0,20,-6,A#/B♭ Minor,4,0DYvTdqBqW6erA1a7pFzVo,KRC712100040,2,ESFJ
52,For You,"LEEHI,Crush",84,9B,45,2026-02-28,03:25,56,"k-ballad, k-pop, k-rap",For You,2020-12-16,59,72,0,27,0,10,-8,G Major,4,0JL7DoEqAUcOntWmBuOSdh,KRC712000067,2,ESFJ
53,How I Get,Laufey,184,8B,38,2026-02-28,03:39,72,,How I Get,2026-02-25,15,62,0,7,0,0,-9,C Major,4,1gjrb6iiP6KIrQnDBIqqDi,US6R22525839,2,ESFJ
54,Give Me A Sign,Bryant Barnes,115,9A,48,2026-03-29,02:40,59,,VANITY,2024-07-26,89,62,0,38,0,10,-8,E Minor,4,2kqNGpVKg980TWDndDZoNA,USUM72405866,2,ESFJ
55,Aspartame,Bryant Barnes,120,1B,53,2026-03-29,02:19,52,,SOLACE,2025-10-17,77,53,0,77,0,0,-9,B Major,4,0fdf1dRpk8UxzD3hDJ442q,USUM72508108,2,ESFJ
56,All I Did Was Dream of You (feat. The Marías),"beabadoobee,The Marías",166,11B,54,2026-03-29,03:43,81,bedroom pop,All I Did Was Dream of You (feat. The Marías),2026-03-12,41,12,1,21,0,10,-8,A Major,4,0qWoOHqTirzo59FQ9eoECH,USA2P2532105,2,ESFJ
57,I'll Forget About You (In Time),Laufey,78,8B,11,2026-04-21,04:12,48,,A Matter of Time: The Final Hour,2026-04-10,17,94,0,6,0,20,-14,C Major,4,1bTAsAvDcQFJt1hSuxYKmj,US6R22525843,2,ESFJ
58,"Too Little, Too Late",Laufey,159,6B,22,2026-04-21,03:53,62,,A Matter of Time: The Final Hour,2026-04-10,28,95,0,19,0,10,-10,A#/B♭ Major,3,0NLoUqN0vfNm6NqTc2qrGo,QM6N22553532,2,ESFJ
59,Sweet Boy,Malcolm Todd,88,4A,37,2026-04-21,03:00,87,,Sweet Boy,2024-04-05,77,37,0,71,0,30,-10,F Minor,4,59c2xv2kMzYM6HR9oY6BIa,USSM12306221,2,ESFJ
61,West Coast,Lana Del Rey,123,11A,59,2026-04-21,04:16,84,,Ultraviolence (Deluxe),2014-01-01,53,19,2,46,0,0,-8,F#/G♭ Minor,4,5Y6nVaayzitvsD5F7nr3DV,GBUM71402081,2,ESFJ
75,good 4 u,Olivia Rodrigo,169,11A,66,2021-12-06,02:58,26,,good 4 u,2021-05-14,56,30,0,67,20,10,-5,F#/G♭ Minor,4,6PERP62TejQjgHu81OHxgM,USUG12101245,2,ESFJ
4,no song without you,HONNE,105,8B,47,2026-02-09,02:40,58,,no song without you,2020-07-03,79,49,25,81,0,10,-13,C Major,4,1lNHWPDvKEbamKezpLq7HW,GBAHS2000332,2,ESFJ
185,Fantasy,Mariah Carey,102,9B,73,2024-07-30,04:03,80,christmas,Daydream,1995-10-03,67,14,0,81,0,10,-8,G Major,4,6xkryXuiZU360Lngd4sx13,USSM19501031,2,ESFJ
1,Warm on a Cold Night (10 Years),HONNE,140,4B,31,2026-02-09,05:18,48,,Warm on a Cold Night (10 Years),2026-02-06,70,81,0,40,0,20,-13,G#/A♭ Major,4,1NQYxJSgMvzG3jp6g55b6t,QM4TW2658613,2,ESFJ
169,Toxic,Britney Spears,143,4A,84,2023-06-10,03:18,87,pop,In The Zone,2003-11-13,77,2,3,92,10,20,-4,F Minor,4,6I9VzXrHxO9rA9A5euc8Ak,USJI10301005,2,ESFJ
171,That That (prod.&feat. SUGA of BTS),"PSY,SUGA",130,12B,96,2023-06-23,02:54,72,k-pop,PSY 9th,2022-04-29,90,3,0,91,0,0,-3,E Major,4,7GNRUsU3M4XNDDB9xle5Dz,QZEKE2084402,2,ESFJ
172,AMERICA HAS A PROBLEM (feat. Kendrick Lamar),"Beyoncé,Kendrick Lamar",126,3B,70,2023-08-25,04:20,63,"hip hop, west coast hip hop",AMERICA HAS A PROBLEM (feat. Kendrick Lamar),2023-05-19,78,1,0,20,0,10,-5,C♯/D♭ Major,4,6l8mgVN9Xf1hiDIFGA6CTE,USSM12303495,2,ESFJ
173,Jump Around,House Of Pain,107,9A,71,2023-09-25,03:34,68,,House of Pain (Fine Malt Lyrics),1992-07-21,85,1,0,82,0,10,-6,E Minor,4,6JymsaWDHk2Yj4e0yNBIFH,USTB10300119,2,ESFJ
174,Fake ID,"Riton,Kah-Lo",122,4B,86,2023-09-26,04:06,1,"house, ",Foreign Ororo (Special Edition),2018-10-26,75,21,4,60,0,20,-6,G#/A♭ Major,4,4qq73N1TKocRaYGQS23b9u,CAL451706301,2,ESFJ
175,i can't help it,JVKE,156,3B,64,2023-09-30,02:57,55,,this is what ____ feels like (Vol. 1-4),2022-09-23,46,24,1,34,0,20,-4,C♯/D♭ Major,4,3F3roWqJPMtmLbPPl93bbR,GBKPL2210020,2,ESFJ
176,After You've Gone,"Frank Sinatra,Quincy Jones",121,10B,51,2023-10-02,03:17,35,"christmas, big band, adult standards, swing music, jazz, vocal jazz, soul jazz, quiet storm",L.A. Is My Lady,1984-08-01,54,63,0,59,0,10,-11,D Major,4,2VcaThrU5JkhIFJYvCYXCH,USRH10801197,2,ESFJ
177,Tell Me Ma,Sham Rock,127,10A,95,2024-02-06,03:54,62,,Tell Me Ma,2007-03-12,68,2,0,93,0,30,-4,B Minor,4,7BZOYDhoCAR2AkvGBrj6vw,GBEXG0307114,2,ESFJ
178,Rich Baby Daddy (feat. Sexyy Red & SZA),"Drake,Sexyy Red,SZA",146,10B,73,2024-02-09,05:19,80,"rap, r&b",For All The Dogs,2023-10-06,64,5,0,14,0,30,-4,D Major,4,1yeB8MUNeLo9Ek1UEpsyz6,USUG12306085,2,ESFJ
179,Devil's Dance Floor,Flogging Molly,145,9B,92,2024-03-02,03:59,54,"celtic punk, celtic rock, celtic, folk punk, punk",Swagger,2000-03-07,47,4,0,89,0,0,-6,G Major,4,1QxiAWrrZ2uFrjyzsC5jFg,USA6G0021910,2,ESFJ
180,Fireball (feat. John Ryan),"Pitbull,John Ryan",123,6B,94,2024-03-02,03:55,66,,Fireball (feat. John Ryan),2014-07-23,69,9,0,79,0,0,-5,A#/B♭ Major,4,49eplIHvgCLY8HAgcaWrUb,USRC11401783,2,ESFJ
181,Celtic Symphony,The Wolfe Tones,135,7B,85,2024-03-02,04:30,47,celtic,At Their Very Best Live,2010-07-09,44,68,0,78,0,90,-4,F Major,4,52SPgAeAjtVLlN2unKmkpE,IEAAO0400055,2,ESFJ
182,Dirty Old Town (Live),The Whistlin' Donkeys,137,10B,89,2024-03-02,03:31,38,,The Whistlin' Donkeys (Live at Mandela Hall),2018-10-05,38,15,0,66,10,90,-9,D Major,4,3WLEujGOITdTrGDJnMyTvS,GBMJG1814971,2,ESFJ
183,Home,Edward Sharpe & The Magnetic Zeros,112,10B,59,2024-03-08,05:06,4,,Up From Below,2009-07-12,54,29,0,12,0,10,-7,D Major,4,0cBPuDA3xUjR4Vh9o7CKy8,USVR90954206,2,ESFJ
184,This Is The Life,The Highstool Prophets,113,8B,89,2024-03-15,03:44,53,,This Is The Life,2023-02-23,39,16,0,72,0,70,-6,C Major,4,1u5DziuY77j1BdbaF5hMMt,QZES52389357,2,ESFJ
3,DAYDREAM,John OFA Rhee,157,9B,38,2026-02-09,03:43,30,,bleeding in sunset blvd.,2021-07-14,72,42,0,82,0,10,-12,G Major,4,4VLseLK74AN8jbJCuyHaJn,KRE892100011,2,ESFJ
14,When Emma Falls in Love (Taylor’s Version) (From The Vault),Taylor Swift,78,10B,76,2023-11-26,04:12,62,,Speak Now (Taylor's Version),2023-07-07,52,17,0,23,0,10,-5,D Major,4,0zo975x58DlXbZllWvfYhg,USUG12302090,2,ESFJ
19,How You Get The Girl (Taylor's Version),Taylor Swift,120,7B,67,2023-11-26,04:07,59,,1989 (Taylor's Version) [Deluxe],2023-10-27,76,0,0,52,0,0,-6,F Major,4,733OhaXQIHY7BKtY3vnSkn,USUG12306681,2,ESFJ
20,Let Me Love You Like A Woman,Lana Del Rey,67,8B,25,2023-11-26,03:20,60,,Chemtrails Over The Country Club,2021-03-19,30,97,0,13,10,10,-12,C Major,4,1gxdWpeOUBpvB908fiZs4D,GBUM72005484,2,ESFJ
22,Say Don't Go (Taylor's Version) (From The Vault),Taylor Swift,110,12B,54,2023-11-26,04:39,62,,1989 (Taylor's Version) [Deluxe],2023-10-27,63,7,0,19,0,10,-8,E Major,4,3CCRVu4F91Qp2mnGjmWBrf,USUG12306688,2,ESFJ
23,Mamma Mia,ABBA,138,10B,75,2023-11-26,03:33,80,,Abba,1975-00-00,75,30,0,83,0,40,-7,D Major,4,2TxCwUlqaOH3TIyJqGgR91,SEAYD7501010,2,ESFJ
24,Tattooed Heart,Ariana Grande,72,9B,52,2023-11-26,03:14,64,pop,Yours Truly,2013-01-01,54,41,0,32,0,10,-4,G Major,4,7JmIjOsRish3vYBSLTytEC,USUM71310263,2,ESFJ
30,Washing Machine Heart,Mitski,106,11B,82,2023-11-26,02:08,83,,Be the Cowboy,2018-08-17,61,1,51,57,0,40,-4,A Major,4,3jjsRKEsF42ccXf8kWR3nu,USJ5G1815012,2,ESFJ
32,Old Money,Lana Del Rey,108,3A,17,2023-11-26,04:31,70,,Ultraviolence (Deluxe),2014-01-01,31,89,0,15,0,10,-12,A#/B♭ Minor,1,6IfPyMb0Sxptpx6jBUATOS,GBUM71402503,2,ESFJ
33,tolerate it,Taylor Swift,75,11B,36,2023-11-26,04:05,70,,evermore,2020-12-11,32,88,0,22,0,0,-10,A Major,5,0PurA4JVJ8YQgSVopY8fn6,USUG12004705,2,ESFJ
34,gold rush,Taylor Swift,112,11B,46,2023-11-26,03:05,64,,evermore,2020-12-11,51,83,17,35,0,10,-10,A Major,4,5BK0uqwY9DNfZ630STAEaq,USUG12004702,2,ESFJ
35,Sweet Nothing,Taylor Swift,176,8B,16,2023-11-26,03:08,67,,Midnights,2022-10-21,34,97,0,41,0,10,-15,C Major,4,0wavGRldH0AWyu2zvTz8zb,USUG12205718,2,ESFJ
38,Timeless (Taylor’s Version) (From The Vault),Taylor Swift,143,5B,58,2023-11-26,05:21,65,,Speak Now (Taylor's Version),2023-07-07,63,33,0,65,0,0,-6,D#/E♭ Major,4,1HCdems7PQZRj42QDWLA0A,USUG12302094,2,ESFJ
39,Your Best American Girl,Mitski,77,9B,26,2023-11-26,03:32,69,,Puberty 2,2016-06-17,36,2,1,13,0,20,-10,G Major,4,7g5qe8VITjr13RIe8uM2p6,USJ5G1612305,2,ESFJ
40,Foolish One (Taylor’s Version) (From The Vault),Taylor Swift,97,9B,61,2023-11-26,05:11,66,,Speak Now (Taylor's Version),2023-07-07,67,60,0,56,0,10,-5,G Major,4,4s8BIKx4Zh6ryAEz8RTlaU,USUG12302093,2,ESFJ
42,Mine (Taylor's Version),Taylor Swift,121,9B,79,2023-11-26,03:51,71,,Speak Now (Taylor's Version),2023-07-07,65,0,0,50,0,10,-3,G Major,4,7G0gBu6nLdhFDPRLc0HdDG,USUG12302073,2,ESFJ
43,‘tis the damn season,Taylor Swift,146,7B,43,2023-11-26,03:49,62,,evermore,2020-12-11,57,74,0,35,0,10,-8,F Major,4,7dW84mWkdWE5a6lFWxJCBG,USUG12004704,2,ESFJ
45,New Year’s Day,Taylor Swift,95,8B,15,2023-11-26,03:55,69,,reputation,2017-11-10,66,92,0,23,0,10,-13,C Major,4,7F5oktn5YOsR9eR5YsFtqb,USCJY1750016,2,ESFJ
46,Orange Juice,Melanie Martinez,107,12A,67,2023-11-26,03:37,62,,K-12,2019-09-06,71,54,0,64,10,50,-8,C♯/D♭ Minor,4,1NekIhcxQF8H8JXOarAUTt,USAT21902533,2,ESFJ
5,それから,Tensions,115,3B,56,2026-03-07,05:28,38,,それから,2021-03-31,83,54,0,81,0,30,-9,C♯/D♭ Major,4,21io128hHRHC6uehPSaiTJ,JPPO02100582,2,ESFJ
6,MAGIC,sumika,107,7B,94,2026-03-07,03:52,48,"j-pop, anime, j-rock",Familia,2017-07-12,64,3,0,83,0,30,-3,F Major,4,3FXX451G01QO9Vq9INpIfk,JPZ921614980,2,ESFJ
7,泣き地蔵,Vaundy,120,9B,86,2026-03-07,02:29,49,"j-pop, japanese indie, j-rock, anime",泣き地蔵,2021-10-19,64,0,0,75,0,20,-9,G Major,4,1Wb5MV3aqqFRnaGDjpRTeW,JPR652100016,2,ESFJ
47,Old Friend,Mitski,90,6B,45,2023-11-26,01:52,57,,Be the Cowboy,2018-08-17,58,37,0,33,0,20,-9,A#/B♭ Major,4,6zg1bV9ESNLTmtB0Os3FA4,USJ5G1815003,2,ESFJ
48,Slipping Through My Fingers,ABBA,137,7B,26,2023-11-26,03:53,78,,The Visitors (Deluxe Edition),1981-00-00,48,80,0,34,0,10,-16,F Major,4,6TvxPS4fj4LUdjw2es4g21,SEAYD8102080,2,ESFJ
10,ずっと好きだから,neguse.,166,12B,77,2026-03-07,04:24,53,j-pop,ずっと好きだから,2024-06-07,47,2,0,65,0,50,-4,E Major,4,1NabPfsC4hEMd6lSEragQE,JPU902401610,2,ESFJ
51,Lose You To Love Me,Selena Gomez,103,12B,34,2023-11-26,03:26,79,,Rare,2020-01-10,52,55,0,10,0,20,-9,E Major,4,4l0Mvzj72xxOpRrp6h8nHi,USUM71918727,2,ESFJ
12,バニラ,Kyanai,113,6B,61,2026-03-07,04:10,52,j-pop,星を越えて,2023-03-15,64,3,0,51,0,20,-7,A#/B♭ Major,4,3QXc3YUmFL8mYH9HLazKmu,TCJPV2301724,2,ESFJ
13,ベルベットの詩,back number,148,6B,71,2026-03-07,04:14,63,"j-pop, j-rock",ユーモア,2023-01-17,50,1,0,62,0,0,-4,A#/B♭ Major,4,7ELIV5p6Irk5MHsazeAFv6,JPPO02202425,2,ESFJ
15,幸せの花束を,Marcy,80,5B,60,2026-03-07,04:12,52,j-pop,Candle,2023-11-29,57,8,0,55,0,30,-6,D#/E♭ Major,4,3flTzzbrn1KHjQ8kIxHzYc,JPPO02203548,2,ESFJ
16,未来図,Marcy,78,5B,55,2026-03-07,03:49,54,j-pop,Memory,2022-06-01,67,18,0,65,0,0,-7,D#/E♭ Major,4,3hD6z4YbJk64kN3v3N47hr,JPPO02200963,2,ESFJ
1,ESFJ,ONKEY,93,8B,44,2025-12-01,03:09,0,,MBTI,2024-12-27,80,26,0,62,0,20,-5,C Major,4,7ASrVDwf8f5HXtG9QAB1qf,KSB012330081,2,ESFJ
2,toxic till the end,ROSÉ,167,9B,60,2025-12-01,02:36,81,k-pop,rosie,2024-12-06,41,5,0,30,10,10,-6,G Major,4,1z5ebC9238uGoBgzYyvGpQ,USAT22409170,2,ESFJ
3,Memories,Conan Gray,113,1B,68,2025-12-01,04:08,61,,Memories,2022-04-15,34,1,0,56,0,30,-6,B Major,4,7AYP21Q4qnxw2WxETEvSRb,USUM72204111,2,ESFJ
6,Pretty Girl,KARA,134,7B,93,2025-12-01,03:29,48,k-pop,Pretty Girl (2nd Mini Album),2008-12-04,74,1,0,66,0,0,-3,F Major,4,28GE60KLxobidYzuUHW6iI,KRA491000184,2,ESFJ
12,Summertime Sadness,Lana Del Rey,112,12A,65,2025-12-01,04:24,65,,Born To Die (Deluxe Version),2011-01-01,57,5,0,21,0,10,-7,C♯/D♭ Minor,4,1FEiijYPJtyswChfcpv3p0,GBUM71111565,2,ESFJ
13,Tek It,Cafuné,147,4B,91,2025-12-01,03:11,83,,Running,2021-07-20,42,0,0,60,0,20,-5,G#/A♭ Major,4,751srcHf5tUqcEa9pRCQwP,QM24S1926168,2,ESFJ
14,Fall In Love Alone,Stacey Ryan,172,6A,63,2025-12-01,03:25,70,,Fall In Love Alone,2022-05-13,68,32,0,52,0,10,-5,G Minor,4,5xwBIieMMFUmLDgvG4DjFe,USUG12202833,2,ESFJ
15,Day 1,Red Velvet,172,3B,88,2025-12-01,03:26,63,k-pop,The Red - The 1st Album,2015-09-09,65,11,0,71,10,10,-3,C♯/D♭ Major,4,74muMkVdMYoR65lhmdzy13,KRA301500446,2,ESFJ
18,number one girl,ROSÉ,175,9B,38,2025-12-01,03:36,77,k-pop,rosie,2024-12-06,29,29,0,14,0,10,-8,G Major,3,1lcBt7LoEikqYmhUoa2cez,USAT22409167,2,ESFJ
53,White Dress,Lana Del Rey,123,8B,26,2023-11-26,05:33,57,,Chemtrails Over The Country Club,2021-03-19,49,93,0,16,0,0,-13,C Major,4,4Hl9rOqYomojCmxYfr25im,GBUM72006075,2,ESFJ
54,Reckless,Madison Beer,180,5B,43,2023-11-26,03:23,71,,Reckless,2021-06-04,39,81,0,26,0,10,-7,D#/E♭ Major,3,5ajjAnNRh8bxFvaVHzpPjh,USSM12102874,2,ESFJ
30,By My Side,JUNNY,179,4B,43,2025-12-01,03:26,56,k-rap,By My Side,2020-03-11,47,67,0,38,0,0,-5,G#/A♭ Major,3,6nzCvAtyADh0wwZEVMoujK,KRA382000590,2,ESFJ
31,Snow Flower (feat. Peakboy),"V,Peakboy",98,1B,44,2025-12-01,03:49,65,"k-pop, ",Snow Flower (feat. Peakboy),2020-12-25,77,38,0,36,0,10,-6,B Major,3,34IGOyXR6cn0YI9VBu8m0y,QMFMF2041669,2,ESFJ
32,Die On This Hill,SIENNA SPIRO,82,4A,43,2025-12-17,03:37,93,,Die On This Hill,2025-10-10,52,76,0,25,0,30,-5,F Minor,4,2gYTC8DsplN3RNdpdBcCOQ,USUG12508560,2,ESFJ
34,我的秘密 (MySecret),G.E.M.,104,10B,74,2026-02-06,04:08,63,"mandopop, c-pop, cantopop, taiwanese pop, gufeng",MySecret,2010-10-22,56,21,0,40,0,10,-6,D Major,4,04colE4oJt50AHwFhrT57v,HKI111000207,2,ESFJ
35,雙重人格,王ADEN,92,9B,64,2026-02-06,03:32,47,"chinese r&b, chinese hip hop, mandopop, c-pop, taiwanese pop, chinese indie",雙重人格,2024-09-13,75,7,0,79,0,10,-5,G Major,4,6bkxoNG2cg4hjtrniCGVwB,DGA0M2497565,2,ESFJ
36,this is what falling in love feels like,JVKE,129,1B,44,2026-02-07,02:00,80,,this is what ____ feels like (Vol. 1-4),2022-09-23,42,62,0,33,0,0,-6,B Major,5,2PWTZV5znjLtZC5T1EVJvL,GBKPL2163189,2,ESFJ
37,Melting,Kali Uchis,115,4B,48,2026-02-07,03:28,30,,Por Vida,2015-02-04,57,18,8,30,0,10,-8,G#/A♭ Major,4,2kSb3wYSOV996xA2NSmpck,QM8DG1400266,2,ESFJ
39,Say Yes To Heaven,Lana Del Rey,100,11A,35,2026-02-07,03:29,86,,Say Yes To Heaven,2023-05-19,49,68,17,14,0,10,-12,F#/G♭ Minor,4,6GGtHZgBycCgGBUhZo81xe,GBUM72304301,2,ESFJ
41,boys are stupid,Karencici,170,7B,78,2026-02-07,02:19,34,"chinese r&b, taiwanese indie, mandopop, chinese hip hop, c-pop, taiwanese pop, chinese indie",Missing You,2024-10-25,67,22,0,81,10,10,-5,F Major,4,6Fogz5InCLq1bpEJzXF9Rj,TWA532400644,2,ESFJ
42,內耗型人格,Seluu,134,7A,41,2026-02-13,03:20,30,"chinese r&b, mandopop, taiwanese pop, c-pop, chinese hip hop",內耗型人格,2024-12-20,65,86,0,12,0,10,-12,D Minor,4,5Gulwkea4YZf7HNSYxBZQd,QT3EY2420107,2,ESFJ
43,talk,keshi,140,6B,74,2026-03-12,02:54,57,,always,2020-10-23,64,46,0,72,0,10,-6,A#/B♭ Major,4,0b8Sf6sJqXOr9cP6tQ7QQx,USUM72019694,2,ESFJ
44,Daydream,WENDY,148,9B,42,2026-04-03,04:34,66,k-ballad,Can This Love Be Translated? (Soundtrack from the Netflix Series),2026-01-16,53,42,0,22,0,10,-6,G Major,3,5EzhW71tVR5Rad6TdvdYKq,QZ8BZ2515046,2,ESFJ
45,心軟,林渝植Anoryz,130,10B,50,2026-04-14,02:49,30,"chinese r&b, chinese hip hop, gufeng, c-pop, mandopop",心軟,2025-12-16,71,83,0,41,0,10,-8,D Major,4,3tBrjdNTMemHkvwlQoUDU5,HKE672501493,2,ESFJ
47,Travel,BOL4,128,3B,89,2026-04-18,03:40,57,"k-pop, k-ballad",Red Diary Page.2,2018-05-24,71,46,0,65,0,10,-3,C♯/D♭ Major,4,4dMGKGfaWMZNLQEjkd8lme,KRA381705382,2,ESFJ
48,Eternal love,BOL4,125,6B,69,2026-04-22,03:45,58,"k-pop, k-ballad",Merry Go Round,2023-12-12,61,33,0,18,0,10,-4,A#/B♭ Major,4,0jYN8yREKgmXjKkVBfB198,KRA922300036,2,ESFJ
1,証明,SUPER BEAVER,180,1B,91,2025-05-24,04:42,50,"anime, j-pop, j-rock",愛する,2015-04-01,25,0,0,46,0,0,-2,B Major,4,0yrQtVpLajs3SYUrjDod2t,JPZ921501181,2,ESFJ
2,コイスルオトメ,SUPER BEAVER,165,6A,71,2025-05-24,05:00,58,"anime, j-pop, j-rock",いきものがかり meets,2024-02-14,38,0,0,64,0,20,-4,G Minor,4,0sbxu0Z4VnmcLddFc10Vmm,JPU902305491,2,ESFJ
3,時には昔の話を,渋谷龍太,74,12B,41,2025-05-24,04:04,39,,スタジオジブリ トリビュートアルバム「ジブリをうたう」,2023-11-01,53,83,0,33,0,20,-5,E Major,4,7qa2RYgLt8LJkbDXqh4cPn,JPU902304237,2,ESFJ
4,Listen (featuring Avril Lavigne),ONE OK ROCK,168,3B,91,2025-05-24,03:38,7,"j-rock, j-pop",Ambitions,2017-01-11,44,2,0,44,0,20,-5,C♯/D♭ Major,4,0GT5m0eIa0OATOECdQtcsk,JPJ221600952,2,ESFJ
5,27,SUPER BEAVER,95,8A,88,2025-06-02,03:56,48,"anime, j-pop, j-rock",27,2016-06-01,52,1,0,22,0,10,-4,A Minor,4,3hwHnnOcAv5GzlySkP73PH,JPZ921604335,2,ESFJ
6,your song,SUPER BEAVER,132,6B,71,2025-06-14,05:41,52,"anime, j-pop, j-rock",未来の始めかた,2012-07-11,62,6,0,41,0,10,-5,A#/B♭ Major,4,5tnpJstGXXug2qb5HWTzva,JPZ921205693,2,ESFJ
7,ピンクムーン,ハルカミライ,206,11B,67,2025-06-15,04:06,47,melodic hardcore,THE BAND STAR,2020-07-08,27,2,0,44,0,10,-4,A Major,4,71tq9XCZOGfO2cFmnCw8QA,JPPO02001377,2,ESFJ
8,ハイライト,SUPER BEAVER,98,8B,97,2025-06-16,04:09,44,"anime, j-pop, j-rock",アイラヴユー,2021-02-03,46,0,0,50,0,30,-2,C Major,4,0iMrvYZ2ULhJxSDUNYv8K9,JPU902000428,2,ESFJ
9,20/20,ONE OK ROCK,165,4A,91,2025-06-16,03:19,6,"j-rock, j-pop",Ambitions,2017-01-11,48,0,0,70,0,0,-3,F Minor,4,1hXdrsESoSGG5fH37BrNqE,JPJ221600948,2,ESFJ
10,Fight the night,ONE OK ROCK,135,5A,64,2025-06-16,04:17,8,"j-rock, j-pop",35xxxv,2015-02-11,47,4,0,19,0,10,-7,C Minor,4,4SlBZrMrhbmfrFZaeHUHMf,JPJ221400670,2,ESFJ
11,予感,SUPER BEAVER,148,9B,94,2025-07-02,04:16,52,"anime, j-pop, j-rock",予感,2018-11-21,38,0,0,24,10,0,-3,G Major,4,2CzPCgj02ZAf6iugJoc9G0,JPZ921811876,2,ESFJ
12,イエロー,Cody・Lee(李),135,4B,76,2025-07-02,05:19,28,"japanese indie, j-rock, j-pop",最後の初恋,2024-06-12,63,7,0,50,0,10,-5,G#/A♭ Major,4,7EEsbYA6gZxufTOniQXnmL,JPU902400081,2,ESFJ
13,おどる ひかり,Cody・Lee(李),132,4B,69,2025-07-05,04:41,38,"japanese indie, j-rock, j-pop",おどる ひかり,2023-04-07,73,0,1,89,0,0,-8,G#/A♭ Major,4,5vKeKeMQEOVVHvWoboCWdK,JPU902300948,2,ESFJ
14,異星人と熱帯夜,Cody・Lee(李),120,6A,73,2025-07-12,04:26,31,"japanese indie, j-rock, j-pop",心拍数とラヴレター、それと優しさ,2022-05-25,64,23,0,56,0,10,-5,G Minor,4,6tucykg7Srw72sYKMSyPys,JPU902101838,2,ESFJ
15,涙を隠して(Boys Don't Cry),Cody・Lee(李),136,5B,74,2025-07-20,04:35,23,"japanese indie, j-rock, j-pop",最後の初恋,2024-06-12,51,0,0,83,0,20,-4,D#/E♭ Major,4,1B8qK3cJOIj00cu5bbqTSG,JPU902304410,2,ESFJ
16,ケセラセラ,Mrs. GREEN APPLE,115,11A,58,2025-08-08,04:32,74,"j-pop, j-rock, anime",ANTENNA,2023-07-04,76,3,0,68,0,0,-5,F#/G♭ Minor,4,0teqQ0PYqVDyyXJuPOyMhu,JPPO02301108,2,ESFJ
17,Soranji,Mrs. GREEN APPLE,156,7B,67,2025-08-08,05:43,75,"j-pop, j-rock, anime",ANTENNA,2023-07-04,48,7,0,38,0,10,-5,F Major,4,3YML5IHoqWbw9c9vJJvrvM,JPPO02203986,2,ESFJ
18,アワーライフ - ニューマニアver.,ハルカミライ,180,8B,94,2025-08-08,03:54,25,melodic hardcore,ニューマニア,2022-03-09,33,0,0,46,10,30,-3,C Major,4,6IcLI4cOjfPVXnhMMa1CRN,JPPO02200092,2,ESFJ
19,ANTENNA,Mrs. GREEN APPLE,146,8A,95,2025-08-11,04:30,67,"j-pop, j-rock, anime",ANTENNA,2023-07-04,55,0,0,50,0,40,-4,A Minor,4,4ER5mnbHqsvggEcoVMdFSk,JPPO02301882,2,ESFJ
20,ただ,My Hair is Bad,142,2B,90,2025-09-05,03:36,43,j-pop,もしも生まれ変わったならそっとこんな声になって,2024-08-28,52,0,0,66,0,0,-3,F#/G♭ Major,4,2xEKc6wWva0tYlB1bo2bfc,JPPO02403931,2,ESFJ
21,Wherever you are,ONE OK ROCK,174,12B,69,2025-09-08,04:55,27,"j-rock, j-pop",Nicheシンドローム,2010-06-09,38,3,0,29,0,30,-5,E Major,4,7a7EIFzJLd7lcDRgThMQgm,JPJ221000176,2,ESFJ
22,リトルダンサー feat. Ito (PEOPLE 1),"WurtS,PEOPLE 1",120,4A,87,2025-10-08,03:12,48,j-pop,ワンス・アポン・ア・リバイバル,2021-12-01,58,6,0,89,0,10,-5,F Minor,4,4YyalpG25LRXCSBEgQgI0Q,JPB452105760,2,ESFJ
23,東京,PEOPLE 1,128,4B,56,2025-10-08,03:18,40,j-pop,大衆音楽,2019-12-27,69,8,0,58,0,0,-10,G#/A♭ Major,4,31TjBi98amT7XtMxkHH3Mn,TCJPK1907027,2,ESFJ
24,Re:Deadstock,"PEOPLE 1,WurtS",103,8B,50,2025-10-08,02:23,36,j-pop,Re:Deadstock,2022-09-28,78,35,6,46,0,20,-8,C Major,4,1yeVYPhxJBdeSoUFVf0gkb,JPU902203264,2,ESFJ
25,カントリーロード - 2025 mix,ハルカミライ,165,9B,84,2025-10-11,03:12,43,melodic hardcore,センスオブワンダー (2025 mix),2017-02-08,26,0,0,38,0,10,-2,G Major,4,5XWFvZ6OBAqi4wFtEMvVPe,JPG102500642,2,ESFJ
26,光インザファミリー,ハルカミライ,173,10B,92,2025-10-11,03:13,41,melodic hardcore,ニューマニア,2022-03-09,45,0,0,49,10,0,-4,D Major,4,6cqJl8cXV1b3UlA4gMOm45,JPPO02102562,2,ESFJ
27,赤を塗って,SUPER BEAVER,105,11B,82,2025-10-11,04:18,48,"anime, j-pop, j-rock",27,2016-06-01,52,0,0,90,0,0,-4,A Major,4,4OwJJERTMoRkVcVoLiqnEF,JPZ921604339,2,ESFJ
28,生きるをする,Macaroni Empitsu,110,2B,96,2025-10-11,03:57,42,j-pop,生きるをする,2020-09-21,54,7,0,42,0,30,-3,F#/G♭ Major,4,33hu3eMWreTeqZojHbfE2q,JPTF02015301,2,ESFJ
29,リンジュー・ラヴ,Macaroni Empitsu,103,1B,78,2025-10-11,03:08,60,j-pop,大人の涙,2023-08-30,67,23,0,62,0,0,-5,B Major,4,5N19AxnqLwLyi4DSgiJ0qV,JPTF02232501,2,ESFJ
30,グッバイ・マイマリー,My Hair is Bad,102,4B,94,2025-10-12,03:39,46,j-pop,woman’s,2016-10-19,57,0,0,62,0,0,-5,G#/A♭ Major,4,75juOY52Rj0p3l1xxJPew4,JPPO01619036,2,ESFJ
31,stay with me,FOMARE,98,3B,88,2025-10-16,03:18,38,"anime, j-rock, japanese indie, j-pop",stay with me,2017-06-07,50,0,0,35,0,20,-4,C♯/D♭ Major,4,4paZGr3ZuX3omYaOf4Jvte,JPR751501115,2,ESFJ
32,告白,RADWIMPS,148,11B,38,2025-10-18,06:41,56,"anime, j-pop, j-rock",人間開花,2016-11-23,53,77,0,41,0,20,-7,A Major,4,5vRrsna6LudhScpZiIvhiT,JPPO01621599,2,ESFJ
33,うるうびと,RADWIMPS,78,1B,52,2025-10-18,05:18,58,"anime, j-pop, j-rock",余命10年 (Original Soundtrack),2022-03-04,49,40,0,43,0,20,-5,B Major,4,6mJIn3fvwWHHAnrR3LEdxp,JPV972200030,2,ESFJ
34,DARMA GRAND PRIX,RADWIMPS,130,10A,99,2025-10-18,04:09,55,"anime, j-pop, j-rock",×と○と罪と,2013-12-11,54,0,0,40,20,50,-2,B Minor,4,1xWoDv0dLEzHRmMkRhOIkZ,JPPO01351431,2,ESFJ
35,Take what you want (featuring 5 Seconds of Summer),ONE OK ROCK,118,7B,87,2025-10-18,04:04,13,"j-rock, j-pop",Ambitions,2017-01-11,51,2,0,46,0,20,-4,F Major,4,1P3cdB5wydoRlTFRz0bNLO,JPJ221600956,2,ESFJ
36,ビターバカンス,Mrs. GREEN APPLE,132,11B,94,2025-11-01,03:18,65,"j-pop, j-rock, anime",ビターバカンス,2024-11-28,63,2,0,75,0,0,-2,A Major,4,6DYV1GqwCTrvfPcjeFwjLt,JPPO02405441,2,ESFJ
37,クスシキ,Mrs. GREEN APPLE,138,12A,79,2025-11-01,03:08,70,"j-pop, j-rock, anime",クスシキ,2025-04-04,58,0,0,91,0,20,-4,C♯/D♭ Minor,3,3huSUfmhUr4entz2S0G31O,JPPO02501002,2,ESFJ
38,アンラブレス,Mrs. GREEN APPLE,130,10A,82,2025-11-18,02:47,59,"j-pop, j-rock, anime",ANTENNA,2023-07-04,73,0,0,80,0,0,-3,B Minor,4,2ChSAhdQmJpHgos2DQP6cI,JPPO02301885,2,ESFJ
39,DARMA GRAND PRIX,Yorushika,130,2B,97,2025-11-19,04:19,48,"j-pop, j-rock, anime, japanese indie",Dear Jubilee -RADWIMPS TRIBUTE-,2025-11-18,64,1,0,53,20,20,-3,F#/G♭ Major,4,09UGzl9Yc0LJA3GqEivCzy,JPPO02504063,2,ESFJ
40,東京,SUPER BEAVER,185,11B,95,2025-12-06,04:52,46,"anime, j-pop, j-rock",東京,2022-02-23,36,0,0,56,0,30,-2,A Major,4,5Oy1sq0LUPa96bW6NgMNyP,JPU902105595,2,ESFJ
41,エメラルド,back number,131,12A,83,2025-12-06,03:43,55,"j-pop, j-rock",エメラルド,2020-10-12,55,0,0,47,0,10,-4,C♯/D♭ Minor,4,0ygrzSnhdIAcxXLb5pPeNU,JPPO02002998,2,ESFJ
43,Save Yourself,ONE OK ROCK,83,7B,86,2025-12-08,03:17,40,"j-rock, j-pop",Save Yourself,2022-06-24,56,1,0,77,0,0,-3,F Major,4,1B04DTxiZUA5QW9Zxe1IEJ,USAT22207261,2,ESFJ
44,Stand Out Fit In,ONE OK ROCK,126,1B,84,2025-12-08,03:34,20,"j-rock, j-pop",Eye of the Storm,2019-02-13,63,3,0,34,0,10,-5,B Major,4,17EiIn0d2tftCjJrGOrbFj,JPJ221801188,2,ESFJ
45,Clock Strikes,ONE OK ROCK,96,4B,92,2025-12-08,03:55,15,"j-rock, j-pop",人生×僕＝,2013-03-06,49,0,0,23,0,10,-5,G#/A♭ Major,4,1XPzVq4TS2D38MUb9uu0hi,JPJ221200410,2,ESFJ
46,アンサイズニア,ONE OK ROCK,188,7B,96,2025-12-08,03:39,9,"j-rock, j-pop",残響リファレンス,2011-10-05,35,0,0,34,20,30,-3,F Major,4,7IOHcSwKskrAFMA1gZwD1d,JPJ221000227,2,ESFJ
47,Re:make,ONE OK ROCK,172,10A,99,2025-12-08,03:24,14,"j-rock, j-pop",残響リファレンス,2011-10-05,39,0,0,44,10,10,-3,B Minor,4,4jcSJrDnKSmOLqMkGJmFL6,JPJ221100255,2,ESFJ
48,20 years old,ONE OK ROCK,84,10A,91,2025-12-08,03:52,4,"j-rock, j-pop",感情エフェクト,2008-11-12,43,1,0,68,0,30,-4,B Minor,4,4Kq6r1LlSUDX0quxlLOzWd,JPJ220800019,2,ESFJ
49,カゲロウ,ONE OK ROCK,80,11B,85,2025-12-08,04:08,13,"j-rock, j-pop",ゼイタクビョウ,2007-11-21,53,6,0,58,0,10,-6,A Major,4,4v5JwgpMOAYGevASour7Fd,JPC100700405,2,ESFJ
50,The Autumn Song,ELLEGARDEN,172,12B,98,2025-12-08,03:01,50,"j-rock, melodic hardcore, j-pop",Missing,2004-11-03,41,1,0,23,10,30,-2,E Major,4,6UzbqphdFT8m90bUJVtJHY,JPF350800207,2,ESFJ
51,Dystopia,ONE OK ROCK,178,11B,88,2025-12-08,03:09,44,"j-rock, j-pop",Dystopia,2024-10-25,45,0,0,62,10,0,-3,A Major,4,4kHAsfbvQDYhrF3GzVkH9J,USAT22409538,2,ESFJ
52,Tropical Therapy,ONE OK ROCK,160,8B,82,2025-12-08,03:28,56,"j-rock, j-pop",DETOX (International Version),2025-02-21,38,1,0,17,0,10,-4,C Major,4,3gap4AuGFSfeR0oOSPTNsk,USAT22410957,2,ESFJ
53,Delusion:All,ONE OK ROCK,108,10A,90,2025-12-08,03:04,60,"j-rock, j-pop",Delusion:All,2024-07-12,42,0,0,31,0,0,-4,B Minor,3,61f3iPQRIe0I6CSj7qJdi3,USAT22403278,2,ESFJ
54,Tummy,RADWIMPS,80,10B,50,2025-12-08,04:47,52,"anime, j-pop, j-rock",×と○と罪と,2013-12-11,70,10,0,76,0,0,-6,D Major,4,51CpRSb1XBOdlZq3Q7rmUi,JPPO01351438,2,ESFJ
55,4645,RADWIMPS,122,10B,93,2025-12-08,02:42,47,"anime, j-pop, j-rock",RADWIMPS 3 ～無人島に持っていき忘れた一枚～,2006-02-15,56,0,0,65,0,0,-2,D Major,4,068D6ROpy0TVujBDPKntVy,JPTO00502959,2,ESFJ
56,桃源郷,RADWIMPS,100,2B,95,2025-12-08,04:03,39,"anime, j-pop, j-rock",FOREVER DAZE,2021-11-23,48,0,0,54,10,20,-4,F#/G♭ Major,4,270IwyV8pIfIwSVNwmYnch,JPV972100009,2,ESFJ
58,君とゲレンデ,SHISHAMO,175,11B,93,2025-12-10,04:15,39,"japanese indie, j-rock, j-pop",SHISHAMO BEST,2019-06-19,43,0,0,86,0,40,-3,A Major,4,6H3X41Jx3g53VSuCQrCBq7,JPD001400287,2,ESFJ
60,Tokimeki,Vaundy,120,7B,70,2025-12-15,03:32,54,"j-pop, japanese indie, j-rock, anime",Tokimeki,2021-09-22,66,0,2,91,0,20,-7,F Major,4,3ZnVB8pDHr1I1OMvVdJkjR,JPR652100038,2,ESFJ
61,不可幸力,Vaundy,94,10B,83,2025-12-18,03:20,68,"j-pop, japanese indie, j-rock, anime",strobo,2020-05-27,69,1,0,62,0,0,-5,D Major,4,6AncLCxf4U7ivJEaqih9zA,JPR651900353,2,ESFJ
62,裸の勇者,Vaundy,163,8A,92,2025-12-18,03:22,59,"j-pop, japanese indie, j-rock, anime",replica,2023-11-15,44,3,0,40,10,10,-4,A Minor,4,5zdyuqPOZ6oR6a4ZtqI1vl,JPP302101986,2,ESFJ
63,ひたむき,SUPER BEAVER,94,2B,98,2025-12-18,04:10,55,"anime, j-pop, j-rock",ひたむき,2022-10-02,54,0,0,66,0,30,-3,F#/G♭ Major,4,0JtDUkqOV5cRxTdHMXGP3t,JPU902202256,2,ESFJ
64,Galapagos II,04 Limited Sazabys,108,3B,94,2025-12-19,02:59,42,"melodic hardcore, j-rock",Harvest,2022-10-12,38,0,0,44,10,0,-3,C♯/D♭ Major,4,1bZhYpQHhN0DzKWxALviie,JPCO02220390,2,ESFJ
65,生きがい,SUPER BEAVER,176,10B,97,2025-12-27,04:44,59,"anime, j-pop, j-rock",生きがい,2025-12-22,40,0,0,60,0,30,-3,D Major,4,3psd8lP4CrIa2F31cf0YQs,JPU902504542,2,ESFJ
66,最前線,SUPER BEAVER,134,4B,99,2025-12-27,03:28,44,"anime, j-pop, j-rock",東京,2022-02-23,50,0,0,51,10,20,-2,G#/A♭ Major,4,1fDGVTD9OjArPMZensSa9k,JPU902105597,2,ESFJ
67,楓,渋谷龍太,160,12A,53,2025-12-27,05:26,41,,楓,2025-12-17,41,53,0,22,0,10,-8,C♯/D♭ Minor,4,7oHmMjtj7yv4LHebcuj5CB,JPU902504456,2,ESFJ
68,003,back number,138,11A,88,2025-12-28,03:30,48,"j-pop, j-rock",ラブストーリー,2014-03-26,57,1,0,48,0,10,-3,F#/G♭ Minor,4,3uNadbxKzgSqUt5hDxeUWl,JPPO01354168,2,ESFJ
69,美しい日,SUPER BEAVER,152,1B,96,2025-12-28,04:19,56,"anime, j-pop, j-rock",歓声前夜,2018-06-27,40,0,0,56,10,10,-3,B Major,4,209W6vuMYyAeYlTX38PMXu,JPZ921614579,2,ESFJ
70,秘密,SUPER BEAVER,170,5B,95,2025-12-28,03:54,51,"anime, j-pop, j-rock",27,2016-06-01,25,0,0,38,0,20,-3,D#/E♭ Major,4,2iD1TNtrChmLYP7bvnOV82,JPZ921604336,2,ESFJ
71,アイラヴユー - AA1,SUPER BEAVER,184,12B,98,2025-12-31,05:33,33,"anime, j-pop, j-rock",Acoustic Album 1,2025-12-03,48,7,0,73,0,30,-2,E Major,4,0YL3Tm6tkNfeF3yKwvc5jh,JPU902504109,2,ESFJ
72,明日も,SHISHAMO,179,3B,86,2026-01-06,06:09,64,"japanese indie, j-rock, j-pop",SHISHAMO 4,2017-02-22,42,1,0,66,0,0,-2,C♯/D♭ Major,4,2GICOigS4ByugDisRegs3M,JPPO01623378,2,ESFJ
73,夢幻,"MY FIRST STORY,HYDE",135,3B,93,2026-01-06,04:01,32,"j-rock, j-pop, anime, visual kei",夢幻 / 永久 -トコシエ-,2024-06-05,43,0,0,40,10,10,-4,C♯/D♭ Major,4,5ODtxwzOuI8f9zLi85F5wY,JPU902401222,2,ESFJ
74,Second Limit,MY FIRST STORY,95,9A,96,2026-01-06,04:06,30,"j-rock, j-pop, anime",MY FIRST STORY,2012-04-04,49,0,0,26,0,10,-2,E Minor,4,1GkjM3YFmgiE23gyezCySh,JPB951205027,2,ESFJ
75,不可逆リプレイス - Fukagyaku Replace,MY FIRST STORY,100,10B,93,2026-01-06,03:53,54,"j-rock, j-pop, anime",ANTITHESE,2016-06-29,50,0,0,37,0,50,-4,D Major,4,7lFzS8uBjpXckGjQQcpJrW,JPR751401204,2,ESFJ
76,I'm a mess,MY FIRST STORY,130,11A,94,2026-01-06,04:09,60,"j-rock, j-pop, anime",告白 - Confession,2021-07-14,52,1,0,68,0,30,-4,F#/G♭ Minor,4,6c5GqVWU3yFDgPkgBB0MGg,JPR752100109,2,ESFJ
77,アンビシャス - Ambitious,MY FIRST STORY,100,10B,96,2026-01-06,03:06,31,"j-rock, j-pop, anime",アンビシャス - Ambitious,2023-04-28,52,0,0,38,0,20,-4,D Major,4,7svD5Sa5WNmvEpflWbUkhR,JPW462316914,2,ESFJ
78,味方,My Hair is Bad,171,5B,76,2026-01-15,04:38,42,j-pop,love,2020-12-23,48,4,0,46,0,0,-5,D#/E♭ Major,4,0VhQsMoDPMkEI0ld7jw4pi,JPPO02003662,2,ESFJ
79,らしさ,SUPER BEAVER,168,8B,92,2026-01-15,04:26,29,"anime, j-pop, j-rock",らしさ / わたくしごと,2014-09-24,27,1,0,47,0,30,-2,C Major,4,38WdZRhZ7fMSdPsSha1E7G,JPZ921412094,2,ESFJ
80,irony,SUPER BEAVER,200,3B,99,2026-01-15,03:16,43,"anime, j-pop, j-rock",真ん中のこと,2017-09-06,31,0,0,42,20,20,-3,C♯/D♭ Major,4,17R9aVUts6S2tH8zKpEwbo,JPZ921706532,2,ESFJ
55,The Exit,Conan Gray,82,8B,42,2023-11-26,03:41,72,,Superache,2022-06-24,58,61,0,45,0,0,-10,C Major,4,6PDWMQJ55ZYrGrSx3EZzl4,USUM72204112,2,ESFJ
82,スペシャル,SUPER BEAVER,94,10B,99,2026-01-15,03:35,36,"anime, j-pop, j-rock",東京,2022-02-23,47,0,0,56,10,10,-2,D Major,4,1dOi5JLGSrBU3zoTc7V7ED,JPU902105588,2,ESFJ
83,グラデーション,SUPER BEAVER,178,2B,98,2026-01-15,03:57,48,"anime, j-pop, j-rock",音楽,2024-02-21,49,2,0,46,10,10,-3,F#/G♭ Major,4,79z4gwvetIY6Du3qx9fyPF,JPU902205349,2,ESFJ
84,ロックンロール イズ ノットデッド,SUPER BEAVER,148,10B,95,2026-01-15,05:11,45,"anime, j-pop, j-rock",サンボマスター究極トリビュート ラブ フロム ナカマ,2020-03-25,49,0,0,63,10,0,-2,D Major,4,6Y7XybzfxzYsMi6RMoNCfW,JPVI02000288,2,ESFJ
85,そして繋がる,SUPER BEAVER,102,2B,82,2026-01-15,04:47,31,"anime, j-pop, j-rock",未来の始めかた,2012-07-11,53,0,0,49,0,30,-4,F#/G♭ Major,4,1dBTt3YD6B3CtLVkveY1VF,JPZ921205695,2,ESFJ
86,深呼吸,SUPER BEAVER,91,4B,92,2026-01-15,04:46,40,"anime, j-pop, j-rock",幸福軌道,2009-12-02,40,0,0,41,0,10,-2,G#/A♭ Major,4,2kvvZ9IPqTPjXOXHuaFXdA,JPES00902509,2,ESFJ
87,道標,SUPER BEAVER,166,4B,97,2026-01-15,04:11,33,"anime, j-pop, j-rock",心景,2009-08-26,39,0,0,56,10,30,-2,G#/A♭ Major,4,5wWNIJ48TTYv0uLK9Rk5Yn,JPES00901084,2,ESFJ
88,Q&A,SUPER BEAVER,94,9B,58,2026-01-15,03:49,42,"anime, j-pop, j-rock",愛する,2015-04-01,64,22,0,89,0,0,-7,G Major,4,4CTnKnDv3Eyzl2qLrMk4gY,JPZ921501184,2,ESFJ
89,うるさい,SUPER BEAVER,105,11B,92,2026-01-15,04:12,36,"anime, j-pop, j-rock",27,2016-06-01,45,0,0,39,0,20,-2,A Major,4,0U0v3aAUHHeuIvRvk9cJ8n,JPZ921604338,2,ESFJ
90,未来の話をしよう,SUPER BEAVER,143,2A,90,2026-01-15,04:37,43,"anime, j-pop, j-rock",東京,2022-02-23,51,0,0,64,0,30,-3,D#/E♭ Minor,4,3W0xCkgtCkxWBiMMeGkiRU,JPU902105594,2,ESFJ
91,ひなた,SUPER BEAVER,99,12B,90,2026-01-15,04:49,50,"anime, j-pop, j-rock",ひなた,2017-04-05,54,1,0,66,0,20,-4,E Major,4,6MIFDgGtO8ei18pOSd98Db,JPZ921703265,2,ESFJ
92,青い春,SUPER BEAVER,100,11B,91,2026-01-15,03:44,57,"anime, j-pop, j-rock",27,2016-06-01,39,0,0,56,0,20,-2,A Major,3,3FWG3yAPPiKCJlpo99sTHE,JPZ921604345,2,ESFJ
93,運命,SUPER BEAVER,180,9B,91,2026-01-15,04:24,38,"anime, j-pop, j-rock",27,2016-06-01,30,1,0,60,10,30,-4,G Major,4,4KKZzAeTxI3AL4jg8q28t3,JPZ921604344,2,ESFJ
94,ブルーアンビエンス,"Mrs. GREEN APPLE,asmi",106,5A,91,2026-01-15,04:10,59,"j-pop, j-rock, anime",Unity,2022-07-06,65,3,0,73,0,10,-4,C Minor,4,7cyIT7tUt96WHYi8V45ksZ,JPPO02202091,2,ESFJ
95,ニュー・マイ・ノーマル,Mrs. GREEN APPLE,173,3B,84,2026-01-15,04:05,58,"j-pop, j-rock, anime",Unity,2022-07-06,40,0,0,55,0,0,-3,C♯/D♭ Major,4,3dHxrn3dLyhOHGp16nUFWM,JPPO02200532,2,ESFJ
96,Attitude,Mrs. GREEN APPLE,140,10B,79,2026-01-15,03:48,62,"j-pop, j-rock, anime",Attitude,2019-10-01,66,2,0,79,0,0,-2,D Major,4,7zbsxhqTb3yDICWuNBCodY,JPPO01902897,2,ESFJ
97,ひとつ,SUPER BEAVER,146,12A,84,2026-01-16,05:23,48,"anime, j-pop, j-rock",27,2016-06-01,35,0,0,53,0,20,-4,C♯/D♭ Minor,4,4hUcso64pYLtWJsxQx976A,JPZ921604340,2,ESFJ
98,ひとりで生きていたならば,SUPER BEAVER,81,6B,62,2026-01-27,04:57,26,"anime, j-pop, j-rock",ハイライト / ひとりで生きていたならば,2020-06-10,54,19,0,55,0,10,-4,A#/B♭ Major,4,2FVy4vyHUgPmIQLO2BySd5,JPU902000131,2,ESFJ
99,home,SUPER BEAVER,90,1B,94,2026-01-27,04:26,31,"anime, j-pop, j-rock",SUPER BEAVER,2010-10-06,29,0,0,39,0,0,-2,B Major,4,2AgN5yjiZnF6A23i89SumR,JPES01002428,2,ESFJ
100,まなざし,SUPER BEAVER,138,10B,98,2026-02-02,04:18,47,"anime, j-pop, j-rock",まなざし,2025-05-14,53,0,0,42,0,20,-2,D Major,4,34rgAQrt4DPNWsqPmlbp4X,JPU902501388,2,ESFJ
101,Borderline,ONE OK ROCK,93,12B,97,2026-02-08,03:42,3,"j-rock, j-pop",ゼイタクビョウ,2007-11-21,50,0,0,44,0,10,-3,E Major,4,05j2gK8URdnf7uiWqnXbUk,JPC100700402,2,ESFJ
102,努努-ゆめゆめ-,ONE OK ROCK,126,6B,95,2026-02-08,03:15,15,"j-rock, j-pop",ゼイタクビョウ,2007-11-21,55,0,0,65,0,10,-4,A#/B♭ Major,4,3DgBxV8oklNgwhnkfQNIdi,JPC100700335,2,ESFJ
103,ケムリ,ONE OK ROCK,126,8B,84,2026-02-08,04:22,4,"j-rock, j-pop",ゼイタクビョウ,2007-11-21,57,0,0,41,0,10,-6,C Major,4,1YVdmLu9PIrV2Bz5sJAUYw,JPC100700407,2,ESFJ
104,エトセトラ,ONE OK ROCK,84,2B,86,2026-02-08,04:34,4,"j-rock, j-pop",ゼイタクビョウ,2007-11-21,46,1,0,15,0,30,-6,F#/G♭ Major,4,5vYgHcbKyi6gSJ9OEK0Ivb,JPC100700388,2,ESFJ
105,燦然 - Sanzen,SUPER BEAVER,95,2B,98,2026-02-11,05:07,64,"anime, j-pop, j-rock",燦然 / 生きがい,2026-02-11,47,0,0,51,0,10,-2,F#/G♭ Major,4,1yn3Io5ULS4jLPSNvgZTpH,JPU902504541,2,ESFJ
106,東京 - From THE FIRST TAKE,"SUPER BEAVER,長屋晴子",93,12B,57,2026-03-09,04:51,47,"anime, j-pop, j-rock, ",東京 - From THE FIRST TAKE,2021-12-24,70,25,0,47,0,10,-5,E Major,4,4w37NwAYL1PiVuBv2sVVjE,JPU902105352,2,ESFJ
107,グラデーション - From THE FIRST TAKE,SUPER BEAVER,178,3B,98,2026-03-09,04:00,30,"anime, j-pop, j-rock",グラデーション - From THE FIRST TAKE,2023-12-09,41,5,0,37,20,0,-4,C♯/D♭ Major,4,5shRlA6pP8chRgyMz3lzX7,JPU902304912,2,ESFJ
108,主人公,SUPER BEAVER,130,1B,90,2026-03-10,04:58,55,"anime, j-pop, j-rock",主人公,2025-06-22,63,1,0,91,0,30,-2,B Major,4,16Ja7QMLTkSEAqgt1rOd7H,JPU902502021,2,ESFJ
109,アイラヴユー,SUPER BEAVER,100,12B,98,2026-03-10,04:55,54,"anime, j-pop, j-rock",アイラヴユー,2021-02-03,47,0,0,28,0,30,-2,E Major,4,2xHwvj0q58iAEHsL36jKRm,JPU902003388,2,ESFJ
110,ありがとう,SUPER BEAVER,180,3B,95,2026-03-10,05:23,53,"anime, j-pop, j-rock",361°,2014-02-12,19,1,0,22,10,0,-2,C♯/D♭ Major,4,00gOv8GbyXteYfM27kg3wQ,JPZ921400425,2,ESFJ
111,涙の正体,SUPER BEAVER,87,4B,99,2026-03-10,04:04,49,"anime, j-pop, j-rock",涙の正体,2025-01-24,45,0,0,57,0,10,-2,G#/A♭ Major,4,3AfPOViUt21wiNRz3AZq2b,JPU902404529,2,ESFJ
112,切望,SUPER BEAVER,95,3B,96,2026-03-10,04:25,51,"anime, j-pop, j-rock",音楽,2024-02-21,38,0,0,55,0,0,-2,C♯/D♭ Major,4,7vjOo9fJElFH24nXraNRYK,JPU902400179,2,ESFJ
113,嬉しい涙,SUPER BEAVER,112,5B,94,2026-03-10,04:34,46,"anime, j-pop, j-rock",歓声前夜,2018-06-27,45,0,0,59,0,30,-3,D#/E♭ Major,4,0wiLUxklLILOSi5iVi6XDT,JPZ921803668,2,ESFJ
114,ロマン,SUPER BEAVER,168,10A,96,2026-03-11,05:02,45,"anime, j-pop, j-rock",東京,2022-02-23,20,0,0,41,10,0,-2,B Minor,4,3MhHnvIyharNwaalgJudhP,JPU902105596,2,ESFJ
115,マルゲリータ ＋ アイナ・ジ・エンド,"Kenshi Yonezu,AiNA THE END",134,6A,77,2026-03-13,03:03,59,"j-pop, anime, j-rock",LOST CORNER,2024-08-21,72,3,1,58,0,0,-8,G Minor,4,7IDKyvH3DcGOQ1jxUlM1T5,JPU902402131,2,ESFJ
116,全部,SUPER BEAVER,178,11B,90,2026-03-19,04:46,36,"anime, j-pop, j-rock",歓声前夜,2018-06-27,19,0,0,38,0,30,-3,A Major,4,46L7dI6F8oONBvGoRXbhH5,JPZ921614580,2,ESFJ
117,ファンファーレ,SUPER BEAVER,162,11A,99,2026-03-20,04:15,29,"anime, j-pop, j-rock",真ん中のこと,2017-09-06,36,0,0,38,10,40,-4,F#/G♭ Minor,4,4fstCJRKHZjocejxou46rU,JPZ921706530,2,ESFJ
118,はちきれそう,SUPER BEAVER,117,8B,74,2026-03-22,04:36,41,"anime, j-pop, j-rock",愛しい人,2021-05-19,56,1,0,55,0,10,-2,C Major,4,2nSR9vtAA5f9ZoBvB67eHO,JPU902100728,2,ESFJ
119,ことば,SUPER BEAVER,174,1B,95,2026-03-25,04:02,34,"anime, j-pop, j-rock",27,2016-06-01,27,0,0,47,10,20,-3,B Major,4,3b73QODDkyQqqM3AU4nGqS,JPZ921604337,2,ESFJ
1,Grace Kelly,MIKA,122,8B,82,2026-01-27,03:07,61,,Life in Cartoon Motion,2007-02-05,67,2,1,69,0,30,-6,C Major,4,7dzUZec5MnWMyQnk5klnKR,USC7R0600006,2,ESFJ
2,1234,Feist,110,10B,48,2026-01-27,03:03,59,,The Reminder,2007-01-01,71,22,0,58,0,0,-7,D Major,4,2CzWeyC9zlDpIOZPUUKrBW,FRUM70600217,2,ESFJ
3,Talk Too Much,COIN,104,12B,89,2026-01-27,03:08,66,,How Will You Know If You Never Try,2017-04-21,60,1,0,48,0,30,-5,E Major,4,4djIFfof5TpbSGRZUpsTXq,USSM11602662,2,ESFJ
4,Be Okay,Oh Honey,117,12B,92,2026-01-27,03:18,44,folk pop,With Love - EP,2016-05-06,66,0,0,62,0,10,-4,E Major,4,73Iyy1U5QR96t7YPPDrEKb,USAT21401093,2,ESFJ
5,i wanna be your right hand,Nemahsis,119,12B,68,2026-01-27,02:28,43,,i wanna be your right hand,2023-02-23,79,5,0,73,0,10,-7,E Major,4,68SNAUUgO2XwxykrEboEZN,GBAKX2300023,2,ESFJ
7,Silver Jubilee,Audrey Hobert,144,8B,75,2026-01-27,02:58,59,,Who's the Clown?,2025-08-15,54,5,0,61,0,20,-6,C Major,4,5KjJYrM3UXmvhqtQntrsJM,USRC12500633,2,ESFJ
8,Here Comes The Sun - Remastered 2009,The Beatles,129,11B,54,2026-01-27,03:05,85,"classic rock, psychedelic rock",Abbey Road (Remastered),1969-09-26,56,3,0,39,0,10,-10,A Major,4,6dGnYIeXmHdcikdzNNDMm2,GBAYE0601696,2,ESFJ
9,just like magic,Ariana Grande,128,4B,61,2026-01-27,02:29,67,pop,Positions,2020-10-30,72,8,0,46,10,10,-5,G#/A♭ Major,4,7Dx9Z6Aon1qPS2N0rHSWTe,USUM72020427,2,ESFJ
10,I Wanna Dance with Somebody (Who Loves Me),Whitney Houston,119,3B,82,2026-01-27,04:52,85,,Whitney,1987-06-02,71,21,0,87,0,0,-9,C♯/D♭ Major,4,2tUBqZG2AbRi7Q0BIrVrEj,USAR18700121,2,ESFJ
11,The Bolter,Taylor Swift,92,8B,60,2026-01-27,03:58,46,,THE TORTURED POETS DEPARTMENT: THE ANTHOLOGY,2024-04-19,63,62,0,49,0,10,-8,C Major,4,1lCtHhx85FmwyUmwkKN1Ia,USUG12401076,2,ESFJ
12,Salvatore,Lana Del Rey,118,10A,31,2026-01-27,04:41,83,,Honeymoon,2015-09-18,30,68,0,12,0,10,-10,B Minor,4,21qg0IBZf8R12qHd9A3AA4,GBUM71503927,2,ESFJ
56,Amoeba,Clairo,111,2B,49,2023-11-26,03:48,75,bedroom pop,Sling,2021-07-16,74,79,4,71,0,10,-12,F#/G♭ Major,4,0HAqq2GcQKyi3s87GuN7jU,USUG12101891,2,ESFJ
14,Shooting star,Audrey Hobert,132,4A,59,2026-01-28,02:57,61,,Who's the Clown?,2025-08-15,71,31,1,50,0,10,-9,F Minor,4,4qUMw89VHpcD7bHsMNSmOE,USRC12500630,2,ESFJ
15,I'm Like A Bird,Nelly Furtado,90,6B,61,2026-01-28,04:03,77,,"Whoa, Nelly! (Expanded Edition)",2000-00-00,62,15,0,61,0,20,-5,A#/B♭ Major,4,2aGw77pZqli064JiPuXYRi,USDW10021812,2,ESFJ
16,iloveitiloveitiloveit,Bella Kay,143,11A,33,2026-01-28,03:03,94,,iloveitiloveitiloveit,2026-01-11,62,74,0,38,0,10,-8,F#/G♭ Minor,4,5IMpnpD0tQVcqWlVIgtAtV,USAT22600011,2,ESFJ
17,You Missed My Heart,Phoebe Bridgers,75,8B,11,2026-01-29,06:57,65,,Stranger in the Alps (Deluxe Edition),2018-10-02,33,96,0,9,0,10,-14,C Major,4,3BGzKSHUVJawX3x2z6W7js,USJ5G1714210,2,ESFJ
18,Never Gonna Leave This Bed,Maroon 5,117,1B,81,2026-02-07,03:16,56,pop,Hands All Over (Deluxe),2010-00-00,61,11,0,47,0,20,-4,B Major,4,4ucLHLiSjvkCz5Lr5dlVUj,USUM71019656,2,ESFJ
19,"Sugar, You",Oh Honey,133,11B,79,2026-02-09,03:32,41,folk pop,Wish You Were Here - EP,2016-05-06,52,3,0,25,0,10,-7,A Major,4,5TRxRgfNBFHkMdc4G80D7H,USAT21500497,2,ESFJ
20,Riptide,Vance Joy,102,3B,73,2026-02-09,03:24,83,folk pop,Dream Your Life Away,2014-09-08,48,43,0,51,0,10,-7,C♯/D♭ Major,4,7yq4Qj7cqayVTp3FF9CWbm,AULI01385760,2,ESFJ
21,Don’t Worry I’ll Make You Worry,Sabrina Carpenter,90,3B,44,2026-02-11,03:42,75,pop,Man’s Best Friend,2025-08-29,46,46,0,28,0,10,-7,C♯/D♭ Major,4,21IVPfi81m6ywNgOvqTj1i,USUM72504448,2,ESFJ
23,Mariners Apartment Complex,Lana Del Rey,76,11B,25,2026-02-23,04:07,71,,Norman Fucking Rockwell!,2019-08-30,53,76,0,16,0,10,-13,A Major,4,6OG05bPAwUuV3OMvy2Vy1P,USUG11801801,2,ESFJ
24,Die Your Daughter,Susannah Joffe,107,10A,43,2026-02-24,02:19,76,,Your Mother's Name,2024-02-02,68,52,84,39,0,10,-12,B Minor,4,5Ey7icpjKCGpi5oJi7VLdu,US7VG2446086,2,ESFJ
25,G.U.Y.,Lady Gaga,110,4A,92,2026-02-24,03:52,68,"art pop, pop",ARTPOP,2013-11-11,62,1,0,57,0,10,-3,F Minor,4,4rYLpaNFzt6pkQnrCvVHUw,USUM71310772,2,ESFJ
26,Mean Girls,KATSEYE,135,11B,64,2026-03-19,03:36,71,k-pop,BEAUTIFUL CHAOS,2025-06-27,70,21,0,27,30,10,-5,A Major,4,6oDFDGaAayXd8HXmynsgPv,USUM72503466,2,ESFJ
27,Laugh Track (feat. Phoebe Bridgers),"The National,Phoebe Bridgers",146,7B,56,2026-03-20,04:24,47,"indie rock, ",Laugh Track,2023-09-18,66,66,16,60,0,0,-9,F Major,4,7aprF5ADDukD1JWHXG9h9z,GBAFL2300413,2,ESFJ
28,I like to touch people,Audrey Hobert,92,12B,68,2026-03-21,02:04,52,,Who's the Clown?,2025-08-15,72,43,0,54,0,10,-7,E Major,4,2Iu15Xr1bSM6cP6WyZNtDT,USRC12500623,2,ESFJ
30,Doors,Noah Kahan,164,10A,64,2026-04-24,03:51,83,,The Great Divide,2026-04-24,60,5,0,67,0,0,-9,B Minor,4,3iU2qsthCTo5EeTE03l3Si,USUM72512347,2,ESFJ
1,100種生活,Crowd Lu,99,8A,40,2025-01-31,04:47,55,"mandopop, taiwanese pop, taiwanese indie, c-pop, chinese indie",100種生活,2008-05-27,72,65,0,35,0,10,-8,A Minor,4,0UBc4O6zhVuaepOq3lL91S,TWK010800003,2,ESFJ
2,眼淚記得你 - 電影《想見你》主題曲,Shi Shi,130,9B,32,2025-01-31,04:04,58,"chinese r&b, taiwanese indie, mandopop, taiwanese pop, c-pop, chinese indie",眼淚記得你,2022-12-23,37,67,0,10,0,10,-9,G Major,4,0USeB0Tykai3QZj5YAUclG,TWA452200112,2,ESFJ
3,我在紐約打電話給你,Waa Wei,141,7B,16,2025-01-31,03:56,54,"taiwanese indie, chinese indie, taiwanese pop, mandopop, c-pop, chinese r&b",我在紐約打電話給你,2023-11-11,70,94,0,26,0,10,-15,F Major,4,3vTnGxlxui3i9mWrAepise,TW2152300401,2,ESFJ
4,太聰明,Cheer Chen,132,12B,20,2025-01-31,04:23,62,"taiwanese pop, mandopop, taiwanese indie, chinese indie, c-pop",吉他手,2002-08-02,69,89,0,34,0,10,-15,E Major,4,4DCB1S7G6SmH9qlDpEVIzP,TWB870211302,2,ESFJ
5,填空,Jia Jia,120,8B,45,2025-01-31,04:05,52,"mandopop, taiwanese pop, c-pop, gufeng",忘不記,2012-12-29,59,78,0,28,0,0,-7,C Major,4,5nZHdttz8CtyjyKG4EZSwQ,TWK231205903,2,ESFJ
6,想和你一起 (feat. 洪安妮),"Yo Lee,Anni Hung",85,7A,7,2025-01-31,03:52,20,"chinese r&b, taiwanese indie, chinese indie, taiwanese pop, mandopop, c-pop",想和你一起 (feat. 洪安妮),2020-05-29,42,90,0,27,0,10,-19,D Minor,4,3m51Vc66fUIorBDsck4LwC,TWEL52020001,2,ESFJ
7,好好,Anni Hung,99,5B,29,2025-01-31,03:11,34,"taiwanese indie, chinese indie, taiwanese pop, mandopop, c-pop",Present,2021-08-20,67,80,0,20,0,10,-10,D#/E♭ Major,4,2tdccUyOy1dzdpnmfc8GVY,FRX202130550,2,ESFJ
8,我喜歡你,Anni Hung,134,3B,29,2025-01-31,04:06,41,"taiwanese indie, chinese indie, taiwanese pop, mandopop, c-pop",洪安妮 我喜歡你,2017-12-15,41,77,0,24,0,10,-11,C♯/D♭ Major,4,4L3TxI7RVYMEkECaglyhfP,TWM071700502,2,ESFJ
9,分手後不要做朋友,Rachel Liang,128,1B,48,2025-01-31,04:17,55,"mandopop, taiwanese pop, c-pop",漫情歌,2014-01-01,59,81,0,61,0,10,-6,B Major,4,0QYWNTnsFxCBJF7Ns3xLbz,TWUM71300116,2,ESFJ
10,小孩,罗森涛,124,3B,33,2025-01-31,03:39,60,"chinese r&b, mandopop, c-pop",为何离开,2024-09-06,86,77,0,38,0,20,-8,C♯/D♭ Major,3,6kyH1z6IdLo1GH3EcZXHMa,DGA062490726,2,ESFJ
11,在加納共和國離婚,"Firdhaus,DIOR 大穎",116,9B,38,2025-01-31,04:21,67,"mandopop, c-pop, chinese r&b, taiwanese pop",在加納共和國離婚,2023-08-14,42,86,0,24,0,10,-10,G Major,4,6GyUt7yJ0sOktc5HjvVnFh,MYLO32310010,2,ESFJ
12,能遇見，就很不錯了,Firdhaus,116,9B,22,2025-01-31,03:48,56,"mandopop, c-pop, chinese r&b, taiwanese pop",能遇見，就很不錯了,2024-06-30,47,86,0,37,0,10,-10,G Major,4,2ASWo8MTESnHQhJhpMSPbF,MYLO32410022,2,ESFJ
13,如果爱忘了 - Live,"Silence Wang,單依純",137,3B,46,2025-01-31,04:05,2,"c-pop, mandopop, gufeng, chinese r&b",如果爱忘了 (Live),2024-02-27,27,76,0,15,0,10,-8,C♯/D♭ Major,4,4JBZuPALOvU2PC8E7t02vY,HKG732432142,2,ESFJ
14,誰,Yo Lee,129,3B,26,2025-02-05,04:08,46,"chinese r&b, taiwanese indie, chinese indie, taiwanese pop, mandopop, c-pop",找到我,2018-11-30,47,64,0,17,0,10,-10,C♯/D♭ Major,4,2UcgToLQiO8Lh76FQwtWbq,TWEL51818001,2,ESFJ
15,左邊的人,陳華,122,3B,28,2025-02-18,03:36,46,"mandopop, taiwanese pop, chinese r&b, c-pop",左邊的人,2024-08-23,47,79,0,32,0,10,-9,C♯/D♭ Major,4,1n6zzsU50f2nGCvCD7UMx6,TWIK72400003,2,ESFJ
16,擁抱,Mayday,120,8B,45,2025-03-02,04:46,45,"mandopop, taiwanese pop, c-pop, chinese rock",五月天 | 步步 | 自選作品輯 the Best of 1999-2013,2013-12-27,42,42,0,25,0,10,-8,C Major,4,4krYRz1TcFweFvmREcygeU,TWK231307402,2,ESFJ
17,大人中,Crowd Lu,105,4A,30,2025-03-02,04:42,56,"mandopop, taiwanese pop, taiwanese indie, c-pop, chinese indie",大人中,2014-03-29,73,37,0,24,0,10,-10,F Minor,4,2JJu8J1kvXs2GbUpQVbZ47,TWK011400001,2,ESFJ
18,妥协 - Live,"张含韵,姚晓棠",139,6B,51,2025-03-02,04:10,50,"gufeng, mandopop, c-pop",天赐的声音第五季 第8期 (Live),2024-06-14,39,79,0,29,0,10,-7,A#/B♭ Major,4,1E3kRIrBCoBkG8hH3q9sY0,HKG732429628,2,ESFJ
19,My Dear（电视剧《难哄》重逢曲）,張洢豪,132,3B,38,2025-03-19,04:03,55,"chinese r&b, c-pop",电视剧《难哄》影视原声带·只喜欢你Love Moments,2025-02-18,45,80,0,26,0,10,-7,C♯/D♭ Major,4,3Xmq8F4nfVBd0hgJWiBush,HKG731407254,2,ESFJ
20,我的愛沒前奏,罗森涛,185,12B,22,2025-03-28,02:59,49,"chinese r&b, mandopop, c-pop",我的愛沒前奏,2024-12-20,56,87,0,40,20,10,-12,E Major,3,7goNsmSh1wI4B7ufDWPvCZ,HKE672401570,2,ESFJ
21,等待你那天,Lu Yun,133,6B,26,2025-04-17,04:00,44,"chinese r&b, taiwanese pop, chinese indie, mandopop, taiwanese indie, c-pop",等待你那天,2022-03-15,31,88,0,32,0,20,-10,A#/B♭ Major,3,7EXbutggsR2KP5klyOZeE0,FR2X42256163,2,ESFJ
22,計算浪漫,艾薇 Ivy,200,9B,63,2025-05-02,03:27,39,"mandopop, c-pop, taiwanese pop, chinese r&b",計算浪漫,2025-02-14,33,63,0,33,0,10,-5,G Major,4,6RgaphGUet4wZ0K75jVxs6,TWUM72500005,2,ESFJ
23,不愛就不愛,艾薇 Ivy,170,4A,57,2025-06-19,03:17,47,"mandopop, c-pop, taiwanese pop, chinese r&b",不愛就不愛,2024-11-02,50,23,0,12,0,10,-7,F Minor,4,28y6huBepebPPupr6F5xup,TWUM72400124,2,ESFJ
57,Heaven,Mitski,72,10B,30,2023-11-26,03:44,59,,The Land Is Inhospitable and So Are We,2023-09-15,30,88,25,33,0,10,-12,D Major,4,5T00EN4oZmDQx3hqVAC4Fx,USJ5G2335003,2,ESFJ
25,愚人節快樂,Crowd Lu,118,12B,31,2025-07-22,04:16,52,"mandopop, taiwanese pop, taiwanese indie, c-pop, chinese indie",愚人節快樂,2025-04-01,44,73,0,24,0,20,-10,E Major,4,2FQE7XVMDtuHjkjY0D1uwj,TWK012500001,2,ESFJ
26,在沒有你以後 (feat. 張智成),"R-chord,Z-Chen",132,11B,76,2025-07-26,03:53,56,"mandopop, taiwanese pop, c-pop, chinese rock, chinese r&b, malaysian pop",要你知道,2016-08-26,52,29,0,52,0,10,-6,A Major,4,4mDGkFRAqaYosoyWUI7QzM,TWA531657210,2,ESFJ
27,Nice to Meet You,Crowd Lu,202,7B,32,2025-08-02,04:42,42,"mandopop, taiwanese pop, taiwanese indie, c-pop, chinese indie",四菓冰,2010-08-13,39,85,0,37,0,10,-9,F Major,4,2380FSMCwSRI17cpvG65Xm,TWK011000035,2,ESFJ
28,泪桥 - 磁性女声版,波艾白,140,6B,21,2025-08-16,03:14,39,"taiwanese pop, mandopop",泪桥 (磁性女声版),2024-08-23,58,80,0,31,0,10,-12,A#/B♭ Major,4,0JI7G3QX4npcH3yyLmdurH,QZPJ32394068,2,ESFJ
29,不應該勇敢,Soo Wincci,134,10B,45,2025-09-13,04:45,28,"taiwanese pop, mandopop, c-pop",不應該勇敢,2013-00-00,51,53,0,34,0,10,-11,D Major,4,75Be4Puc2mHiVwHSyFVFZz,TWB671303302,2,ESFJ
30,一個人想著一個人,Pets Tseng,136,5B,44,2025-09-19,04:03,68,"mandopop, taiwanese pop, c-pop",終極一班2 (電視原聲帶),2013-01-18,50,75,0,20,0,20,-8,D#/E♭ Major,4,3n3zzFH7zzO0gJNaw4RKSm,TWA531327602,2,ESFJ
31,等一個人,Lin Hsin Yi,136,9B,51,2025-09-19,04:21,46,"mandopop, taiwanese pop, c-pop",等一個人咖啡電影原聲帶 搶先聽,2014-08-10,46,68,0,23,0,10,-7,G Major,4,6vqBWwomkysQIdTURnzZpP,twz871400008,2,ESFJ
32,不過失去了一點點 - 八大《終極惡女》片尾曲,Pets Tseng,158,4B,58,2025-09-19,05:03,55,"mandopop, taiwanese pop, c-pop",我是曾沛慈,2014-12-17,48,74,0,27,0,10,-6,G#/A♭ Major,4,6HEfgS0ALir73Un4XKtYI6,TWA211429503,2,ESFJ
33,一夜一夜一夜,Crowd Lu,130,4B,36,2025-09-28,04:07,64,"mandopop, taiwanese pop, taiwanese indie, c-pop, chinese indie",HeartBreakFast 傷心早餐店,2025-09-17,53,66,0,16,0,60,-10,G#/A♭ Major,4,3wofqqt5YJWdhLI9IFaX39,TWK012500014,2,ESFJ
34,太陽與地球,Crowd Lu,132,9B,43,2025-09-29,04:22,71,"mandopop, taiwanese pop, taiwanese indie, c-pop, chinese indie",HeartBreakFast 傷心早餐店,2025-09-17,47,81,0,11,0,10,-8,G Major,4,0bQSWXtpau3VkNI1ZcXTQA,TWK012500019,2,ESFJ
35,數到十,Pets Tseng,138,4B,48,2025-09-29,03:52,57,"mandopop, taiwanese pop, c-pop",下週同樣時間,2025-05-27,54,73,0,39,0,0,-8,G#/A♭ Major,4,6RN4rGtDTTx9orufM72pC4,TWD952531102,2,ESFJ
36,不要在一起,Crowd Lu,150,3B,46,2025-10-07,03:12,53,"mandopop, taiwanese pop, taiwanese indie, c-pop, chinese indie",HeartBreakFast 傷心早餐店,2025-09-17,62,65,0,33,10,20,-9,C♯/D♭ Major,4,6HyrlHLZbpdiX9mjQiHsHm,TWK012500022,2,ESFJ
37,想和你看五月的晚霞：夏日續章,陳華,91,3B,49,2025-11-18,02:47,53,"mandopop, taiwanese pop, chinese r&b, c-pop",想和你看五月的晚霞：夏日續章,2025-08-26,64,32,0,48,0,30,-7,C♯/D♭ Major,4,3fQoQdLwIQIppmJDqbT5Qf,TWIK72500005,2,ESFJ
38,幾分之幾 - 電影<花甲大人轉男孩>主題曲,Crowd Lu,144,3B,34,2025-11-18,03:48,68,"mandopop, taiwanese pop, taiwanese indie, c-pop, chinese indie",幾分之幾,2018-02-02,52,64,0,43,0,10,-6,C♯/D♭ Major,4,4F7ZAsndEIJXyFzJUHNlRu,TWK011700047,2,ESFJ
39,倫敦的愛情,Shadya Lan,126,7B,62,2025-11-18,04:22,52,"taiwanese pop, mandopop, c-pop",二號創作專輯 倫敦的愛情,2010-05-07,64,22,0,46,0,20,-5,F Major,4,7q4QI51i0qedJfEwO9CQHd,TWK331001001,2,ESFJ
40,逆時光的浪,Bii,78,4B,48,2025-11-18,04:40,41,"mandopop, taiwanese pop, c-pop",勢在必行3-心時代 最終章,2015-09-04,50,51,0,38,0,20,-8,G#/A♭ Major,4,00V2jgXWvvwY5wWan8buzm,TWD631518202,2,ESFJ
41,像是中了你的毒,Ginger,106,5B,76,2025-11-18,02:54,41,"chinese r&b, mandopop, c-pop, taiwanese pop",像是中了你的毒,2024-03-01,68,64,0,62,0,0,-6,D#/E♭ Major,4,3K9ZM3USNMJOLjJ2xBz6iE,TWCT52433416,2,ESFJ
42,两三句,Richael Liu,134,5A,50,2025-12-12,03:53,62,"c-pop, mandopop, chinese r&b",两三句,2021-10-20,61,82,0,30,0,10,-8,C Minor,4,0BkBM5rY934yzHViRhd8Em,HKG732146214,2,ESFJ
43,踮起腳尖愛,Pei-Yu Hung,134,9B,27,2025-12-19,04:43,55,"mandopop, taiwanese pop, taiwanese indie, chinese indie, c-pop",超級偶像　Super! I Do!,2011-05-10,57,56,0,29,0,0,-11,G Major,4,18sAGLtcv4bRvwUfmfM5o9,TWA471105003,2,ESFJ
44,每天在擔心,翁祥,100,11B,37,2025-12-20,02:33,41,taiwanese pop,每天在擔心,2024-03-23,71,63,0,46,0,0,-13,A Major,4,0RjUeNGaB19MNhx9EqQsex,TWCC32402102,2,ESFJ
45,Somebody Else,高爾宣 OSN,114,6B,50,2025-12-29,02:49,38,"chinese r&b, chinese hip hop, mandopop, taiwanese pop, c-pop",Somebody Else,2022-07-29,78,32,0,79,0,0,-7,A#/B♭ Major,4,2DwsuwDtMtZykInr8cFo1j,TWCC32205654,2,ESFJ
46,So Bad,高爾宣 OSN,118,2B,67,2026-01-01,02:52,53,"chinese r&b, chinese hip hop, mandopop, taiwanese pop, c-pop",So Bad,2020-08-10,74,37,0,56,0,0,-4,F#/G♭ Major,4,0q1FMCm6hZhyPomad3LQES,TWCC32005969,2,ESFJ
47,心裡的孩子,Rachel Liang,182,4B,32,2026-01-04,03:01,32,"mandopop, taiwanese pop, c-pop",黃色夾克,2013-01-01,39,77,0,34,0,20,-9,G#/A♭ Major,4,3ziOCLfkkS3DomqDL79jML,TWUM71200269,2,ESFJ
48,走心,黑色珍珠音調 DoReMi,86,12B,42,2026-01-12,03:56,0,,走心,2026-01-10,70,61,0,50,0,0,-9,E Major,4,4bqegRXGPNirrGcf6yY8X8,TWAE32506079,2,ESFJ
49,幸福在歌唱 - 電影《陽光女子合唱團》幸福版主題曲,A-Lin,130,11B,30,2026-01-13,04:39,68,"mandopop, taiwanese pop, c-pop, gufeng",幸福在歌唱 (電影《陽光女子合唱團》幸福版主題曲),2025-12-26,43,92,0,36,0,0,-10,A Major,4,3VHi5bCUek6XdiDmqqrirs,TWA472599060,2,ESFJ
50,我不在意你曾經吻過誰 (《嗨！營業中》《仙女姐姐來我家》片尾曲),"魏嘉瑩 Arrow Wei,琳誼 Ring",132,8B,61,2026-01-12,03:26,28,"mandopop, taiwanese pop, c-pop, chinese indie, taiwanese indie",我不在意你曾經吻過誰,2022-10-14,62,36,0,57,0,10,-8,C Major,4,1bQZFsESVdm7sAetqO9bGP,TWHB12213001,2,ESFJ
51,無眠,sodagreen,144,1B,29,2026-01-13,03:46,55,"mandopop, taiwanese pop, c-pop, taiwanese indie, chinese rock",夏 / 狂熱,2009-09-11,46,90,0,37,0,10,-10,B Major,4,0YwbtJsL5CMCnOJUxVJimu,TWF670900210,2,ESFJ
52,再見的時候 - 電影〈陽光女子合唱團〉主題曲-再見版,Pei-Yu Hung,74,11B,27,2026-01-13,03:54,65,"mandopop, taiwanese pop, taiwanese indie, chinese indie, c-pop",再見的時候 (電影〈陽光女子合唱團〉主題曲-再見版),2025-12-19,51,92,0,40,0,10,-11,A Major,4,3IBYp3fKyydZ5dDtirLY6P,TWEX52510002,2,ESFJ
53,是什麼讓我遇見這樣的你,Ann Bai,79,3B,29,2026-01-13,04:25,50,"mandopop, taiwanese pop, c-pop, chinese indie",麥田捕手,2012-12-14,46,93,0,25,0,30,-12,C♯/D♭ Major,4,2nTfy7Mw1imGMKo8EeW4tK,TWT111200110,2,ESFJ
54,前任的Netflix帳號,康玉蘭,132,3B,45,2026-02-02,03:12,38,"taiwanese pop, mandopop, chinese r&b",請勿打擾模式,2026-01-31,89,43,0,82,30,10,-11,C♯/D♭ Major,4,1zISQthQxdK6sXgmxXbTjh,TWAE32600270,2,ESFJ
55,一萬公里外的你,Juice Boy,140,8B,52,2026-02-10,04:13,58,"chinese r&b, chinese hip hop, mandopop, taiwanese pop, c-pop",一萬公里外的你,2025-11-21,52,28,0,40,0,10,-7,C Major,4,6FIhcAp2lj45eFlUkTriAr,TWA532500426,2,ESFJ
56,去北極忘記你,Gareth.T,122,9B,23,2026-02-11,04:11,63,"cantopop, chinese r&b",去北極忘記你,2024-06-27,54,92,0,22,0,10,-13,G Major,4,0qBH1UQxdvqYyZrFQUBFno,HKI492450204,2,ESFJ
57,開始懂了,Stefanie Sun,118,1A,44,2026-02-18,04:31,66,"mandopop, taiwanese pop, c-pop, cantopop",我要的幸福,2000-00-00,64,42,0,15,0,10,-7,G#/A♭ Minor,4,68tZwwRuo9ip5gRQFG1XWF,TWA530000205,2,ESFJ
58,別說再見,"Juice Boy,Tyson Yoshi",144,1B,56,2026-02-18,03:52,58,"chinese r&b, chinese hip hop, mandopop, taiwanese pop, c-pop, cantopop",別說再見,2025-08-29,51,37,0,44,0,10,-7,B Major,4,1sm6Ex4fKOUsP1xVVaunN9,TWA532500298,2,ESFJ
59,你不會一輩子的愛上我,Tyson Yoshi,156,11B,85,2026-02-18,03:17,49,"chinese r&b, cantopop, chinese hip hop, mandopop, c-pop, taiwanese pop",你不會一輩子的愛上我,2023-11-03,51,18,0,56,0,20,-5,A Major,4,5FbxrTeMrO3zbLe3uLbYH7,HKC992300408,2,ESFJ
60,你沒等我去的舊金山,"Patrick Brasca,陳華",142,8B,72,2026-02-18,03:49,60,"chinese r&b, mandopop, chinese hip hop, c-pop, taiwanese pop",你沒等我去的舊金山,2025-12-24,58,21,0,40,0,10,-5,C Major,4,7xAxAHpkCfd6WG1lpKJFeS,TWL252507801,2,ESFJ
61,隔著螢幕想念你,Patrick Brasca,152,9B,68,2026-02-18,03:04,51,"chinese r&b, mandopop, chinese hip hop, c-pop, taiwanese pop",隔著螢幕想念你,2025-05-09,56,1,0,45,0,0,-5,G Major,4,4DH5hwWBqaOHlNLJQ9muhg,TWL252507301,2,ESFJ
62,愛你但說不出口,Karencici,120,2B,74,2026-02-18,02:59,70,"chinese r&b, taiwanese indie, mandopop, chinese hip hop, c-pop, taiwanese pop, chinese indie",愛你但說不出口,2024-07-23,67,24,0,39,0,10,-5,F#/G♭ Major,4,5CCV2xxYnI7b1wFkP1gElh,TWA532400359,2,ESFJ
63,是有你的四季,Anni Hung,131,1B,20,2026-02-18,03:16,39,"taiwanese indie, chinese indie, taiwanese pop, mandopop, c-pop",是有你的四季,2025-03-28,50,85,0,21,0,0,-15,B Major,5,6Nwn4969rP8bci92ElXoTh,FR59R2596149,2,ESFJ
64,你知道你比晚霞好看嗎,"Tr33,BK,Seluu",90,2B,66,2026-02-18,02:58,58,"chinese r&b, cantopop, mandopop, c-pop, taiwanese pop, chinese hip hop",你知道你比晚霞好看嗎,2025-05-11,65,35,0,49,0,10,-8,F#/G♭ Major,4,2kutq7mQIFYUdGxHptsMlE,HKP052500073,2,ESFJ
65,給我你的愛,TANK 呂建忠,120,11B,51,2026-02-18,04:45,52,"mandopop, taiwanese pop, c-pop, gufeng",Fighting!生存之道,2006-03-31,57,31,0,29,0,80,-6,A Major,4,1mJVfsnUcrcNHlEgbUu3i3,TWD950522104,2,ESFJ
66,可是你知道嗎,Jocelyn 9.4.0,118,4A,54,2026-02-19,03:39,43,"chinese r&b, chinese indie, mandopop, chinese hip hop, c-pop, taiwanese pop, taiwanese indie",可是你知道嗎,2025-05-16,68,15,0,54,0,10,-6,F Minor,4,4w9UftGcDGibnnYx6Kw36R,TWF712500022,2,ESFJ
67,Me and You(Remastered),Eric Chou,140,8B,37,2026-02-19,04:02,43,"mandopop, c-pop, taiwanese pop, chinese r&b",許我耀眼 影視原聲帶,2025-10-03,67,58,0,7,0,20,-11,C Major,4,73bFj2E46tusEE7ipj16nv,TWAP12500004,2,ESFJ
68,一半一半,"Top Barry,INDEcompany",140,10B,38,2026-02-19,03:55,68,"chinese hip hop, chinese r&b, mandopop",一半一半,2026-01-04,66,91,0,40,0,10,-10,D Major,4,21x0N6lu6D9kO8rVtTU3mH,DGA082590299,2,ESFJ
69,一天 - 電視劇《想見你》插曲,YELLOW黃宣,92,9B,55,2026-02-19,04:08,45,"chinese r&b, taiwanese indie, chinese indie, taiwanese pop, mandopop, c-pop",一天,2019-12-06,58,9,0,32,0,0,-8,G Major,4,4yJIECgIOgowfgAkPyvo2c,TWA451900060,2,ESFJ
70,單程票,Patrick Brasca,130,6B,52,2026-02-20,03:41,62,"chinese r&b, mandopop, chinese hip hop, c-pop, taiwanese pop",單程票,2026-02-11,71,46,0,44,0,10,-7,A#/B♭ Major,4,1Y75eWEIVy1Efa1p1fySRC,TWL252607201,2,ESFJ
71,Dear D (亲爱的告诉你),项睿娴,80,5B,41,2026-02-22,03:16,56,,Dear D (亲爱的告诉你),2025-09-21,51,82,0,23,0,10,-9,D#/E♭ Major,4,067jTBXPOAWo8DqG9Dy5nt,CN2DY2505688,2,ESFJ
72,Orange Memory,"RollFlash,Tizzy T",122,3B,44,2026-02-22,03:18,41,"chinese hip hop, chinese r&b, c-pop, mandopop",我的雷雨季電台,2024-05-18,62,77,0,51,0,10,-11,C♯/D♭ Major,4,0GzJbTo9ajaEx2JTM3CiVc,HKE672400470,2,ESFJ
73,後視鏡,RollFlash,113,3B,28,2026-02-22,02:42,37,"chinese hip hop, chinese r&b, c-pop",我的雷雨季電台,2024-05-18,62,81,0,35,0,0,-11,C♯/D♭ Major,4,32oTT0te8RGfNuATgUCccI,HKE672400361,2,ESFJ
74,I can't,曾僅曦,92,8B,53,2026-02-22,03:36,25,,I can't,2025-05-22,74,53,0,67,0,10,-8,C Major,4,6688tI5tNUd3PITahLPhyi,TWU712504618,2,ESFJ
75,像是做了一场梦,Karencici,79,6B,59,2026-02-22,03:41,48,"chinese r&b, taiwanese indie, mandopop, chinese hip hop, c-pop, taiwanese pop, chinese indie",像是做了一场梦,2025-01-16,72,55,0,36,0,10,-7,A#/B♭ Major,3,7Igxks5IIdN0mVvDfHKhHr,HKG731400747,2,ESFJ
76,1 AM,THOME,97,11B,38,2026-02-22,03:06,56,"chinese hip hop, chinese r&b, taiwanese pop",CASANOVA,2023-01-12,50,73,0,31,0,60,-10,A Major,4,35KBw8OtWX30KkATDRAAmM,HKE672300019,2,ESFJ
77,左轉燈 (1000 Times+1),"Patrick Brasca,mac ova seas",132,9B,58,2026-02-22,03:17,63,"chinese r&b, mandopop, chinese hip hop, c-pop, taiwanese pop",左轉燈 (1000 Times+1),2025-10-17,63,53,0,47,0,10,-7,G Major,4,3P6hXhSXC85qbaO9o9SaTz,TWL252507601,2,ESFJ
78,Truthfully2025,"Ginger,BK",166,11B,54,2026-02-22,03:31,44,"chinese r&b, mandopop, c-pop, taiwanese pop, chinese hip hop",Truthfully2025,2025-10-03,63,32,0,13,0,10,-9,A Major,4,3Hz2FhduhHfaMQ1FJEr9rF,DGA062506381,2,ESFJ
79,不是只是,Firdhaus,116,6B,33,2026-02-22,03:40,51,"mandopop, c-pop, chinese r&b, taiwanese pop",不是只是,2022-12-29,67,76,0,43,0,20,-9,A#/B♭ Major,4,0QkCceNWQkd7TcwCYdwnva,DGA0L2345872,2,ESFJ
80,我把我留在那了,陳華,148,6B,42,2026-02-22,04:19,52,"mandopop, taiwanese pop, chinese r&b, c-pop",在極度愛你的日子裡,2024-11-08,44,60,0,35,0,10,-7,A#/B♭ Major,4,6kLiqWBeX8YFgwO5yYFC7j,TWIK72400014,2,ESFJ
81,浴室,DoubleMirror双面镜,121,10B,36,2026-02-25,02:56,40,chinese r&b,浴室,2020-03-01,43,69,0,21,0,40,-12,D Major,4,6TgmIzjCAdzg0htZC1GUub,HKG732562326,2,ESFJ
82,月亮失約了,"陳華,Firdhaus",130,4B,43,2026-03-04,02:47,47,"mandopop, taiwanese pop, chinese r&b, c-pop",華與浪漫,2022-09-16,51,46,0,24,0,10,-8,G#/A♭ Major,4,5deZQLKo5fHjepImVmf7ap,TWIK72100007,2,ESFJ
83,慢一點,Rachel Liang,127,12B,32,2026-03-10,03:53,51,"mandopop, taiwanese pop, c-pop",情歌比情人還懂,2024-10-11,54,91,0,28,0,10,-10,E Major,4,3GJz0ScOQdBph0qgWNRcaA,TWUM72400083,2,ESFJ
84,卡農 in Love,Ariel Tsai,138,5B,45,2026-03-10,03:26,51,"mandopop, c-pop, taiwanese pop, chinese indie",卡農 in Love,2025-02-14,61,77,0,46,0,20,-9,D#/E♭ Major,4,5q2KZ00BlQCqvN5JYBcsY4,TWCC32502096,2,ESFJ
85,花園裡的流星雨,Karencici,186,9B,57,2026-03-10,03:38,50,"chinese r&b, taiwanese indie, mandopop, chinese hip hop, c-pop, taiwanese pop, chinese indie",99% Angel,2021-12-10,56,1,0,53,0,0,-5,G Major,4,5YdnjlDRpEp18LINJK222u,TWD952091209,2,ESFJ
86,小半,陳粒,165,9B,40,2026-03-30,04:57,66,"chinese indie, c-pop, mandopop, chinese rock, taiwanese indie",小梦大半,2016-07-26,56,18,0,37,0,0,-8,G Major,3,3QxWTqyIT4O9bokIZlNDpo,FR59R1870063,2,ESFJ
87,忘了怎麼愛你,Magic Power,140,1B,68,2026-03-21,03:43,42,"mandopop, taiwanese pop, c-pop",射手,2012-12-21,54,1,0,41,0,20,-5,B Major,4,7agYEvZBpphnccvOViH2Mu,TWK231205804,2,ESFJ
88,人質,A-Mei Chang,129,4B,28,2026-03-29,03:52,63,"mandopop, taiwanese pop, c-pop, cantopop",我要快樂 (Deluxe Version),2006-02-17,37,88,0,26,0,10,-7,G#/A♭ Major,4,6OAUhxFZzaRHHC8XiuIkvb,HKI490651102,2,ESFJ
89,一念 - 电视剧《逐玉》插曲,"张紫宁,李鑫一,时俊峰@福达录音棚",168,7A,31,2026-04-15,03:10,39,"gufeng, c-pop, mandopop, ",一念 (电视剧《逐玉》插曲),2026-03-14,31,89,0,17,0,0,-11,D Minor,4,567VFVdvwnh6dr1uUnGzee,TWDK52605009,2,ESFJ
90,道別宣言,Wooden Glasses,128,12B,18,2026-04-18,05:10,20,"taiwanese indie, chinese indie",木眼鏡同名專輯,2019-12-06,72,77,0,38,0,0,-13,E Major,3,3oPT8drBLz4XvgVRa7ttfZ,TWAE31902162,2,ESFJ
91,這裡哼著R&B,Jocelyn 9.4.0,77,2B,51,2026-04-19,03:02,48,"chinese r&b, chinese indie, mandopop, chinese hip hop, c-pop, taiwanese pop, taiwanese indie",Sweet Spot,2026-03-31,51,4,0,39,0,10,-6,F#/G♭ Major,4,28QYUPxcfJ8wRNtefdZgQS,TWF712600031,2,ESFJ
92,偷偷的,Magic Power,148,11A,67,2026-04-22,04:15,48,"mandopop, taiwanese pop, c-pop",戰神,2014-08-19,50,16,0,31,0,10,-7,F#/G♭ Minor,4,7yMoKa9SsV6NOs4jHIgFWD,TWK231407706,2,ESFJ
93,以後以後（《我和我的十七歲》片尾曲）,Lin Hsin Yi,126,3B,39,2026-04-22,03:57,40,"mandopop, taiwanese pop, c-pop",I'm Singing,2016-03-01,53,66,0,39,0,0,-9,C♯/D♭ Major,4,58wIeOds5nwSG5GCSQnK0K,TWX351600002,2,ESFJ
94,愛戀魔法 - 偶像劇「狼王子」片頭曲,Bii,98,3B,79,2026-04-22,04:19,31,"mandopop, taiwanese pop, c-pop",I'm Bii to the double i,2016-06-06,59,14,0,65,0,0,-7,C♯/D♭ Major,4,4oXg103Pa8zOFcM2s1Bgc4,TWD631619305,2,ESFJ
95,才二十三,Khalil Fong,166,5B,25,2026-04-29,03:44,58,"chinese r&b, mandopop, c-pop, taiwanese pop, cantopop",夢想家 The Dreamer,2024-10-18,56,52,0,36,0,10,-13,D#/E♭ Major,3,1h1odoIBoxI1BvZUpoAGcH,HKC382400005,2,ESFJ
96,麥恩莉,Khalil Fong,177,8B,44,2026-04-29,04:48,59,"chinese r&b, mandopop, c-pop, taiwanese pop, cantopop",回到未來,2012-11-12,47,41,0,52,0,10,-9,C Major,3,04GSbfB9TU0uH32b3rZbLs,HKI491267106,2,ESFJ
97,達爾文,Tanya Chua,78,9B,28,2026-04-29,04:25,51,"mandopop, taiwanese pop, c-pop",Goodbye & Hello,2007-10-19,57,85,0,41,0,10,-10,G Major,4,5DXt0rgXsJPkU6sBCh4L4J,TWJ010700401,2,ESFJ
98,空白格,Tanya Chua,74,8B,22,2026-04-29,04:12,50,"mandopop, taiwanese pop, c-pop",Goodbye & Hello,2007-10-19,34,96,0,33,0,20,-12,C Major,4,6t2Pr9rcdVzvuAFuGJt8Fb,TWJ010700404,2,ESFJ
1,Small girl (feat. D.O.),"Lee Young Ji,D.O.",170,3B,60,2024-12-16,03:09,67,"k-rap, k-pop, k-ballad",16 Fantasy,2024-06-21,77,53,0,88,20,20,-5,C♯/D♭ Major,4,1AtFSBJibfaqfiOByQCwZ5,KRA382403868,2,ESFJ
2,Into the I-LAND,I-LAND,122,3B,92,2024-12-16,03:37,63,k-pop,Into the I-LAND,2020-06-26,52,2,0,55,0,10,-5,C♯/D♭ Major,4,18W2OWFsdGCjG7iA4iYpMw,KRA492000740,2,ESFJ
3,Heartbreak Heard Around the World (feat. T-Pain),"Jacob Latimore,T-Pain",92,12B,75,2024-12-16,03:00,54,,Heartbreak Heard Around the World (feat. T-Pain),2014-06-10,63,8,0,57,0,20,-6,E Major,4,4jRhf3Ut6qLfOudvcJjXJO,USRC11400983,2,ESFJ
4,eight(Prod.&Feat. SUGA of BTS),"IU,SUGA",120,3B,87,2024-12-16,02:47,68,"k-pop, k-ballad",eight,2020-05-06,68,12,0,59,0,10,-2,C♯/D♭ Major,4,0pYacDCZuRhcrwGUA5nTBe,KRA382001418,2,ESFJ
5,_WORLD,SEVENTEEN,111,7A,81,2024-12-16,02:58,64,k-pop,SEVENTEEN 4th Album Repackage 'SECTOR 17',2022-07-18,71,31,0,79,0,0,-3,D Minor,4,3QwiidVHfeE9y5jl4n2MTC,USA2P2212522,2,ESFJ
7,Spring Day,BTS,107,4B,85,2024-12-16,04:34,77,k-pop,You Never Walk Alone,2017-02-13,54,1,0,46,0,10,-3,G#/A♭ Major,4,2j1fFjWHCI9KJSwcuYAOyF,KRA381700253,2,ESFJ
8,Some (feat. Lil Boi),"SOYOU,Junggigo,lIlBOI",95,10A,68,2024-12-16,03:31,67,"k-ballad, k-pop, k-rap",Some,2014-02-07,74,45,0,96,0,20,-3,B Minor,4,0g1AmSKokPboFrxmG1dxKx,KRA381206099,2,ESFJ
9,그대라는 시,TAEYEON,136,11B,29,2024-12-16,03:29,1,"k-pop, k-ballad",Hotel del Luna (Original Television Soundtrack) Pt.3,2019-07-21,58,92,0,49,0,10,-7,A Major,4,56Cmy1rCQ35V2Q7groYiHl,KRA381903673,2,ESFJ
10,Good day,IU,128,11B,88,2024-12-16,03:53,64,"k-pop, k-ballad",REAL,2010-12-09,64,17,0,55,0,10,-3,A Major,4,1SwZVVH9BnXtLRLi2cbFhw,KRA381001057,2,ESFJ
11,Dolphin,OH MY GIRL,114,12B,67,2024-12-16,02:56,58,k-pop,NONSTOP,2020-04-27,86,17,0,56,0,20,-5,E Major,4,5gpojs9yi3nm8aC3BOg6q5,KRB462000298,2,ESFJ
12,My sea,IU,134,12B,42,2024-12-16,05:16,55,"k-pop, k-ballad",IU 5th Album 'LILAC',2021-03-25,35,37,0,12,0,30,-6,E Major,4,46wDG6evLn2iPoQ0F8CUWk,KRA382102084,2,ESFJ
13,Circles,SEVENTEEN,82,3B,46,2024-12-16,03:59,60,k-pop,SEVENTEEN 4th Album Repackage 'SECTOR 17',2022-07-18,65,66,0,48,0,10,-6,C♯/D♭ Major,4,6rurduYegrf5XSZrphuyF2,USA2P2212521,2,ESFJ
14,Bubbles,WILD BLUE,104,10A,84,2024-12-16,03:32,40,j-pop,Bubbles,2024-10-30,71,1,0,69,0,30,-4,B Minor,4,5aQolHbVvzMEbzpazPElbl,JPL802466001,2,ESFJ
15,Strategy,TWICE,110,10B,70,2024-12-16,02:46,60,k-pop,STRATEGY,2024-12-06,78,22,0,64,0,30,-3,D Major,4,2BkTPMr1v6Fr6JJwc4V7R5,US5TA2400303,2,ESFJ
16,Recently,KIM YO HAN,94,5A,64,2024-12-16,03:25,46,,A Love So Beautiful OST Part.1,2021-01-11,71,43,0,74,0,10,-3,C Minor,4,459LljnQrewu7DcOyhpPYg,KRA382100126,2,ESFJ
17,missing you,TOMIOKA AI,88,1B,61,2024-12-16,03:02,34,j-pop,missing you,2024-09-18,66,26,0,52,0,0,-6,B Major,4,3d2hI4NRlZpErQeb65CmU5,JPVI02402776,2,ESFJ
18,恋する惑星「アナタ」,TOMIOKA AI,142,8B,44,2024-12-16,03:28,54,j-pop,恋する惑星「アナタ」,2024-02-14,69,14,0,73,0,10,-6,C Major,4,6CzuquhI7EV1ft0gHmJhRg,JPVI02400130,2,ESFJ
21,You(=I),BOL4,105,5A,90,2024-12-16,02:49,64,"k-pop, k-ballad",Full Album RED PLANET,2016-08-29,70,62,0,68,0,30,-3,C Minor,4,6IBPrw5nYj84x8JpiOvXUp,KRA921600021,2,ESFJ
22,今 -明日 世界が終わっても-,SEVENTEEN,168,8B,90,2024-12-16,03:11,56,k-pop,ALWAYS YOURS,2023-08-22,50,0,0,71,0,10,-3,C Major,4,2dThVzsCkB0L8tWFvQH53N,JPPO02301959,2,ESFJ
23,君じゃない誰かの愛し方 (Ring),TOMORROW X TOGETHER,129,9B,74,2024-12-16,03:24,47,k-pop,SWEET,2023-07-04,45,2,0,50,0,40,-5,G Major,5,2Xeyoy0TGrSHR0MBI8e4zS,JPPO02202905,2,ESFJ
24,バズ恋 (BUZZ LOVE),&TEAM,153,3B,74,2024-12-16,03:11,47,"k-pop, j-pop",First Howling : NOW,2023-11-15,81,2,0,92,0,0,-5,C♯/D♭ Major,4,249gVFiUPpipWX9T46pCc6,JPPO02204457,2,ESFJ
26,Oh Mymy : 7s,TWS,109,10B,57,2024-12-16,03:09,58,k-pop,Oh Mymy : 7s,2024-01-02,87,7,0,68,0,10,-6,D Major,4,0oasRG0i7nOHdj6sIe6B80,USA2P2360924,2,ESFJ
27,BFF,TWS,90,10A,89,2024-12-16,02:46,57,k-pop,TWS 1st Mini Album 'Sparkling Blue',2024-01-22,70,9,0,84,10,30,-4,B Minor,4,1ZHt0k1wsoqkRKNR4HwsbO,USA2P2360923,2,ESFJ
58,Ours (Taylor’s Version),Taylor Swift,160,8B,48,2023-11-26,03:55,62,,Speak Now (Taylor's Version),2023-07-07,54,42,0,29,0,10,-8,C Major,4,3yNJkriPzWjkkDAWHIAVUq,USUG12302087,2,ESFJ
29,Pop Virus,Gen Hoshino,78,11B,44,2024-12-16,03:02,59,"j-pop, anime",POP VIRUS,2018-12-19,63,3,0,78,10,20,-5,A Major,4,4hQ5tBCwPRkzhFB424U63U,JPVI01820191,2,ESFJ
30,Week End,Gen Hoshino,133,11B,76,2024-12-16,04:30,60,"j-pop, anime",YELLOW DANCER,2015-12-02,72,4,0,73,0,20,-7,A Major,4,4yBciZ52BnlfqsbwmRKKKp,JPVI01535800,2,ESFJ
32,Friend Ship,Gen Hoshino,112,10B,76,2024-12-16,04:42,58,"j-pop, anime",YELLOW DANCER,2015-12-02,72,1,0,55,0,10,-7,D Major,4,6BQkSdgPMRdXTfW3ZT0WHY,JPVI01535880,2,ESFJ
33,Down Town,Gen Hoshino,133,11B,65,2024-12-16,03:51,42,"j-pop, anime",YELLOW DANCER,2015-12-02,83,2,0,74,0,10,-9,A Major,4,5g5ioDgBlDUQduaGJHSRkN,JPVI01535850,2,ESFJ
34,Hello Song,Gen Hoshino,122,9B,89,2024-12-16,04:14,53,"j-pop, anime",POP VIRUS,2018-12-19,61,0,0,89,0,20,-3,G Major,4,7IV7n5PxCPwDqOnVQGPwnU,JPVI01819571,2,ESFJ
35,アイデア,Gen Hoshino,174,6B,61,2024-12-16,04:40,66,"j-pop, anime",POP VIRUS,2018-12-19,48,0,0,64,20,30,-4,A#/B♭ Major,4,7jgqNMnqAT9FghC1uSYTFF,JPVI01885660,2,ESFJ
36,It's You,HENRY,76,9B,47,2024-12-16,03:51,63,k-pop,"While You Were Sleeping, Pt. 2 (Original Television Soundtrack)",2017-10-04,55,61,0,31,0,10,-6,G Major,4,61OtYav1fiUCr73JwZD2Sb,KRC211700013,2,ESFJ
37,I Love You Boy,Suzy,148,4B,38,2024-12-16,04:24,54,k-ballad,"While You Were Sleeping, Pt. 4 (Original Television Soundtrack)",2017-10-11,34,74,0,15,0,10,-5,G#/A♭ Major,3,155N0vbPqPFs9DzBNR41T7,KRC211700017,2,ESFJ
38,긴 밤이 오면,Eddy Kim,111,7B,50,2024-12-16,03:46,58,"soundtrack, k-ballad, k-pop","While You Were Sleeping, Pt. 1 (Original Television Soundtrack)",2017-09-28,48,62,0,22,0,0,-6,F Major,4,3j1RB91MFxn8oY9jYoQ36t,KRC211700011,2,ESFJ
39,Moments,Christopher,143,5B,36,2024-12-16,03:53,0,dansk pop,"At Eighteen (Original Television Soundtrack, Pt. 1)",2019-07-29,45,56,0,20,0,10,-7,D#/E♭ Major,4,0mQCnP1xe84IkrxUZlmlU4,KRA251901223,2,ESFJ
40,Our Story,ONG SEONG WU,65,8B,34,2024-12-16,03:28,0,k-pop,"At Eighteen (Original Television Soundtrack, Pt. 2)",2019-08-05,28,87,0,40,0,40,-6,C Major,4,4BOoJ38BjYZS7O0u7kgXkx,KRA251901263,2,ESFJ
41,I'll be with you,Bily Acoustie,135,6B,66,2024-12-16,03:19,0,k-ballad,"At Eighteen (Original Television Soundtrack, Pt. 3)",2019-08-12,47,17,0,59,0,10,-4,A#/B♭ Major,4,5XV5ZiQMrhPCgXSDkgzivz,KRA251901286,2,ESFJ
42,Dear My,Stella Jang,104,11B,22,2024-12-16,03:31,0,,"At Eighteen (Original Television Soundtrack, Pt. 4)",2019-08-19,64,81,0,24,0,10,-10,A Major,4,3PdzWA7NxbTMNParRuyCJV,KRA251901392,2,ESFJ
43,God of Music,SEVENTEEN,120,10A,91,2024-12-20,03:25,63,k-pop,SEVENTEEN 11th Mini Album 'SEVENTEENTH HEAVEN',2023-10-23,73,5,0,81,10,10,-3,B Minor,4,4MTNimMDRyFZv37Thcktwa,USA2P2345251,2,ESFJ
45,Shiny Star(2020),KyoungSeo,154,5B,64,2024-12-20,03:37,53,k-ballad,Shiny Star(2020),2020-11-14,58,49,0,69,0,20,-5,D#/E♭ Major,4,7MXtr93z4ltQzhfIxYnYWX,KRA382006423,2,ESFJ
46,Think About You,Joosiq,92,6B,57,2024-12-20,03:32,54,k-ballad,Think About You,2021-09-22,75,67,0,81,0,10,-5,A#/B♭ Major,4,0rXtV4L8uQ7KHNxxKd2jGZ,KRA252101715,2,ESFJ
47,Don't Leave,GD&TOP,119,8A,77,2024-12-20,03:16,57,"k-pop, k-rap",GD&TOP,2010-12-24,75,0,0,89,10,0,-4,A Minor,4,2vcQDCJ2u67N9wkV4B31Um,KRA491000470,2,ESFJ
48,紫陽花のような恋 (Hydrangea Love),TOMORROW X TOGETHER,170,10B,65,2024-12-20,03:52,49,k-pop,SWEET,2023-07-04,48,1,0,39,0,0,-5,D Major,4,5afpl2cZ88bvEfeBmpwX6m,JPPO02301872,2,ESFJ
49,Hello Future,NCT DREAM,170,3B,80,2024-12-20,03:40,64,"k-pop, noise music",Hello Future - The 1st Album Repackage,2021-06-28,55,3,0,50,0,10,-2,C♯/D♭ Major,4,332GJ8ykVuEt3jOT1sy7j6,KRA302100215,2,ESFJ
50,僕の生きがい,ヘッドフォンの中の世界,90,2B,80,2024-12-24,04:11,43,j-pop,僕の生きがい,2021-12-08,61,22,0,64,0,0,-4,F#/G♭ Major,4,4l0i8JqUrbJqVTHZj37dLe,JPPO02104992,2,ESFJ
51,メイプル,大森元貴,135,4B,78,2024-12-24,04:32,53,j-pop,Midnight,2021-08-06,64,6,0,58,0,10,-6,G#/A♭ Major,4,09HNkK7LR8r8ejNQgHOk2u,JPPO02102347,2,ESFJ
53,マカロニ,Perfume,100,4B,90,2025-01-20,04:39,45,"j-pop, shibuya-kei",GAME,2008-04-16,69,15,1,80,0,0,-2,G#/A♭ Major,4,0yEcPB56T63DrdeS050Ihp,JPTK00714080,2,ESFJ
54,Magic of Love,Perfume,128,10A,94,2025-01-20,03:41,51,"j-pop, shibuya-kei",Magic of Love,2013-01-01,63,2,0,93,0,30,-2,B Minor,4,1cYA3YfOwvpaw7Tj87GpHT,JPPO01335749,2,ESFJ
55,Stray Nights,Tom Frane,140,4B,66,2025-01-20,02:17,53,,Don't Fall In Love With The Moment,2023-12-15,69,10,0,89,0,10,-8,G#/A♭ Major,4,1VoafxoEcG9zOqpxkapHGz,QZPLS2364022,2,ESFJ
56,dna,LANY,100,1B,57,2025-01-21,02:57,71,,gg bb xx,2021-09-03,69,25,0,52,0,10,-8,B Major,4,2McTSCNNzxgDtAqiuibhPI,GBUM72103656,2,ESFJ
57,STAR TRAIN,Perfume,105,8B,91,2025-02-05,04:35,31,"j-pop, shibuya-kei",Perfume The Best  P Cubed ,2019-09-18,58,1,0,37,0,10,-3,C Major,4,4Hau8EK1j7X89Ry5BoHiqL,JPPO01509325,2,ESFJ
58,I Want It That Way,Backstreet Boys,99,11A,69,2025-02-06,03:33,86,,Millennium,1999-05-18,69,26,0,48,0,10,-6,F#/G♭ Minor,4,47BBI51FKFwOMlIiX6m8ya,USJI19910614,2,ESFJ
59,Shape of My Heart,Backstreet Boys,96,11B,79,2025-02-06,03:50,83,,Black & Blue,2000-11-21,57,25,0,52,0,10,-4,A Major,4,35o9a4iAfLl5jRmqMX9c1D,USJI10000536,2,ESFJ
60,Candy (Feat. Zion.T),"Jay Park,Zion.T",104,4B,71,2025-02-15,03:06,43,"k-rap, k-pop, k-ballad",Candy,2023-05-23,58,12,0,65,20,10,-7,G#/A♭ Major,4,0luFANDtNNjcBXKazh3dV8,KRMIM2351969,2,ESFJ
61,Do You Mind,"Vedo,Chris Brown",97,3B,53,2025-02-15,02:20,51,r&b,Do You Mind,2023-01-06,79,4,0,73,0,0,-7,C♯/D♭ Major,4,5bGNmiFJqhIlMP8fbQUu4E,USUYG1450674,2,ESFJ
62,distance,bixby,127,9B,78,2025-02-15,01:53,63,,distance,2024-02-23,60,3,0,16,0,0,-5,G Major,4,2stuYeS9icwoQf79tUmnv8,USAT22401368,2,ESFJ
63,Like Strangers Do,AJ Mitchell,98,2A,24,2025-02-15,02:40,59,,Like Strangers Do,2019-10-18,63,52,0,69,0,0,-9,D#/E♭ Minor,4,0Wc6cbF38a90b8wov9V63F,USSM11903510,2,ESFJ
64,Night,dori,92,6B,68,2025-02-15,03:07,53,k-ballad,Night,2023-08-17,70,17,0,40,0,10,-4,A#/B♭ Major,4,07nkXuHBzlwBQbQuij1Oi7,KSA002302295,2,ESFJ
65,Gravity,KLANG,128,9B,64,2025-02-15,04:37,0,soundtrack,"Clean With Passion For Now, Pt. 5 (Original Television Soundtrack)",2018-12-24,58,3,0,8,0,10,-6,G Major,4,2fqjW1EVGSNMFfZQ1UjPi9,KRA251802201,2,ESFJ
59,Violets for Roses,Lana Del Rey,88,6B,21,2023-11-26,04:15,62,,Blue Banisters,2021-10-22,51,92,0,14,0,10,-10,A#/B♭ Major,4,5yrAkKml7mtzmPPbjB2qTC,GBUM72104285,2,ESFJ
60,Little League,Conan Gray,142,9A,78,2023-11-26,03:14,58,,Kid Krow,2020-03-20,56,2,0,54,10,10,-6,E Minor,4,3XOHxCoPkXW0pvR6xl4f0M,USUM71924266,2,ESFJ
67,High School Sweethearts,Melanie Martinez,94,3A,64,2023-11-26,05:11,52,,K-12 (After School – Deluxe Edition),2020-09-24,64,45,0,43,10,20,-6,A#/B♭ Minor,4,5qNsHPdFgCk0KYMlcBlOdu,USAT21902536,2,ESFJ
68,Lunchbox Friends,Melanie Martinez,93,2A,57,2023-11-26,02:49,67,,K-12,2019-09-06,70,40,0,43,0,10,-7,D#/E♭ Minor,4,6viCrMdt8zgjOygIuJMC5X,USAT21902532,2,ESFJ
71,ガーデン,Fujii Kaze,138,12B,53,2025-02-15,03:49,70,j-pop,LOVE ALL SERVE ALL,2022-03-23,59,9,0,58,0,10,-8,E Major,4,5U4PgFWzfzY7VEg9Ck4ziF,JPPO02200423,2,ESFJ
69,Training Wheels,Melanie Martinez,114,11B,48,2023-11-26,03:25,70,,Cry Baby (Deluxe Edition),2015-08-14,57,70,0,8,0,0,-7,A Major,4,3EGW6TGGbdk6Ys1Y3HU3lj,USAT21501938,2,ESFJ
74,片隅,Daichi Miura,80,11B,69,2025-02-15,03:44,25,"j-pop, j-r&b, anime",片隅,2019-04-11,64,51,0,19,0,10,-5,A Major,4,5Lv0iSBtzwULPjjQLKbdZO,JPB601901415,2,ESFJ
75,燦燦,Daichi Miura,81,10B,29,2025-02-15,04:23,28,"j-pop, j-r&b, anime",SINGLE COLLECTION 2018-2023 “COLOR___S”,2023-04-26,43,68,0,43,0,0,-8,D Major,4,3jWML4zXhvWWULRsEo5jG7,JPB602201859,2,ESFJ
76,Cry,DOYOUNG,77,12B,49,2025-02-15,04:23,36,"k-pop, k-ballad",Cry,2024-06-27,50,43,0,34,0,10,-6,E Major,4,786NGh40psKOdopTcri1Wj,JPB602301668,2,ESFJ
77,存在,けーたと黒川。,147,6B,43,2025-02-15,06:00,44,,存在,2021-09-09,43,38,0,51,0,0,-9,A#/B♭ Major,4,6Bu518mcsM7INvoQXDaDma,TCJPP2173520,2,ESFJ
78,With,Lilas,80,8B,60,2025-02-15,03:47,44,"j-pop, anime",With,2023-10-06,48,81,0,18,0,10,-7,C Major,4,3yYu68P1WYsGCevgip6w2G,JPP302300538,2,ESFJ
70,Cake,Melanie Martinez,157,4B,66,2023-11-26,03:19,73,,Cry Baby (Deluxe Edition),2015-08-14,52,38,0,29,0,20,-6,G#/A♭ Major,4,5H3TCfiw0CQTX1XU7A9TXM,USAT21502464,2,ESFJ
71,Pity Party,Melanie Martinez,136,11A,73,2023-11-26,03:24,71,,Cry Baby (Deluxe Edition),2015-08-14,72,6,0,34,0,10,-4,F#/G♭ Minor,4,3fo6DYGktjENCiagUeU9yH,USAT21501170,2,ESFJ
81,If I Was Your Girlfriend,"Mondays,Lucy",101,11B,62,2025-02-15,03:15,51,,Be With You,2017-01-12,74,1,0,79,0,0,-6,A Major,4,62a0gOi6Far1aNL15p63XZ,SE5Q51700869,2,ESFJ
82,Smile,Johnny Stimson,88,10B,32,2025-02-15,02:42,49,,Smile,2020-05-08,51,21,0,44,20,0,-10,D Major,4,2HbmLbfMj0m3gMd9E5c9iu,TCAEU2044313,2,ESFJ
83,Smile,Avril Lavigne,105,12A,85,2025-02-15,03:29,65,,Goodbye Lullaby (Expanded Edition),2011-03-08,63,0,0,65,0,0,-4,C♯/D♭ Minor,4,4bia7OWZPoswlzXCqESYrR,USRC11100011,2,ESFJ
84,Soup,Sakura Fujiwara,168,6B,68,2025-02-15,04:09,49,j-pop,PLAY,2017-05-10,57,19,0,75,0,10,-6,A#/B♭ Major,4,6TMRe5uN622SzHfrLx78S3,JPVI01608320,2,ESFJ
86,優しさに溢れた世界で,Saucy Dog,148,10B,77,2025-02-15,04:18,15,"j-pop, japanese indie",サニーボトル,2022-07-06,52,24,0,53,0,10,-7,D Major,4,2mRMcwDCNyYvBXaoUxmsmE,JPJ222202026,2,ESFJ
87,愛のしるし,森七菜,130,12B,84,2025-02-15,02:50,30,j-pop,愛のしるし,2022-08-10,58,10,0,61,0,20,-3,E Major,4,7Huzhd3UpthiZIf1UzRcGA,JPU902202671,2,ESFJ
88,All I Want,Beverly,112,3B,91,2025-02-15,04:40,6,"anime, j-r&b, j-pop",24,2018-06-20,82,30,0,79,0,0,-3,C♯/D♭ Major,4,5PYrUZUW2uMYNfi5slP5n9,JPB601800393,2,ESFJ
89,Night Diver,Haruma Miura,123,9B,86,2025-02-15,03:23,6,"j-pop, j-r&b",Night Diver,2020-08-26,68,4,0,64,10,30,-5,G Major,4,5hcWlcZE9vFMeaFaTjo1Zf,JPJ222001488,2,ESFJ
90,春の歌,Sakura Fujiwara,110,11A,34,2025-02-15,04:15,24,j-pop,Someday / 春の歌,2017-03-29,64,26,0,27,0,0,-7,F#/G♭ Minor,4,6UwfD01XpIUQ7g27CpyYFG,JPVI01700780,2,ESFJ
91,Fight for your heart,Haruma Miura,128,2B,92,2025-02-15,04:14,3,"j-pop, j-r&b",Fight for your heart,2019-07-17,58,1,0,66,0,30,-3,F#/G♭ Major,4,46FGVzlUEtTYfSYamzBKTB,JPJ221901282,2,ESFJ
92,Curtain Call,"Shota Shimizu,Taka",85,8B,58,2025-02-15,04:27,58,"j-pop, j-r&b, neue deutsche welle",HOPE,2021-07-21,66,19,0,40,0,20,-6,C Major,4,3JzAKk0CpUlgzS1mPqzBwk,JPU902101117,2,ESFJ
93,A Song for You,HIRAIDAI,128,11A,73,2025-02-15,04:23,47,j-pop,Slow & Easy,2015-05-06,70,2,0,67,0,10,-5,F#/G♭ Minor,4,4egBYbYEJSg7vXYNEzqjf6,JPB601501695,2,ESFJ
94,Promise,HIRAIDAI,154,1B,85,2025-02-15,04:32,58,j-pop,ALOOOOHANA!!,2014-07-02,56,13,0,68,0,50,-5,B Major,4,3gHafa1e1SYNX5GFS7Mlnb,JPB601402374,2,ESFJ
72,The Bakery,Melanie Martinez,102,12A,56,2023-11-26,02:34,53,,K-12 (After School – Deluxe Edition),2020-09-24,91,13,0,51,0,0,-6,C♯/D♭ Minor,4,5xlntPcXIDzcpHZjpQKcU2,USAT22005796,2,ESFJ
96,Like 1999,Valley,98,9B,38,2025-02-15,02:24,60,,Last Birthday,2021-10-01,73,13,0,52,0,10,-8,G Major,4,25gacl0dFF9HTclx7Ug7xC,CAUM72100015,2,ESFJ
97,I Don’t Think That I Like Her,Charlie Puth,186,1A,55,2025-02-15,03:08,62,soft pop,CHARLIE,2022-10-06,59,40,0,71,0,10,-6,G#/A♭ Minor,4,3iLBFgaQJ94iarMgzrTuWb,USAT22208889,2,ESFJ
98,Everyday,"Ariana Grande,Future",131,6A,72,2025-02-15,03:14,46,"pop, rap",Dangerous Woman,2016-05-20,63,2,0,46,0,10,-5,G Minor,4,1CbwwcXkWbUhc6E3V0Bcl5,USUM71603412,2,ESFJ
99,Talking to Yourself,Carly Rae Jepsen,124,6A,83,2025-02-15,02:53,49,,The Loneliest Time,2022-10-21,74,1,0,84,0,0,-6,G Minor,4,7I7Dk8FOkZqhqZp9N2RKiP,USUM72212673,2,ESFJ
100,Too Little Too Late,JoJo,82,11A,80,2025-02-15,03:41,3,,The High Road,2006-10-17,42,1,0,73,0,0,-5,F#/G♭ Minor,4,4T4NLIMypdmyUwK54jECk4,USUYG1352918,2,ESFJ
101,Phonecert,10CM,108,11B,48,2025-02-15,03:17,0,"k-ballad, soundtrack",4.0,2017-09-02,86,39,0,77,10,10,-4,A Major,4,47CcHKISaUPsK4QkO9ERFc,KRA531700311,2,ESFJ
102,Got My Number,Kim Petras,105,3B,78,2025-02-15,02:54,0,,Got My Number,2019-05-02,78,1,0,56,0,20,-5,C♯/D♭ Major,4,7CUXOCA5U4H7tVG7YmS0mB,GBKPL1947965,2,ESFJ
103,Love Someone,Lukas Graham,172,8A,42,2025-02-15,03:25,61,dansk pop,Love Someone,2018-09-07,55,16,0,27,0,10,-7,A Minor,4,2JqnpexlO9dmvjUMCaLCLJ,USWB11801903,2,ESFJ
104,Like I Do,J.Tajor,105,11B,50,2025-02-15,02:29,66,,Like I Do,2022-03-04,85,65,0,60,0,10,-5,A Major,4,1TiZWEsxN85yLJBq56K8mG,TCAGB2228976,2,ESFJ
105,2 soon,keshi,174,11A,66,2025-02-15,03:26,69,,2 soon,2018-08-21,52,15,0,15,0,30,-7,F#/G♭ Minor,4,5SlU0Yhi51jobhEiGE4xDv,SEYOK1844144,2,ESFJ
106,"24/7, 365",elijah woods,150,2B,55,2025-02-15,02:47,47,pop singer-songwriter,"24/7, 365",2023-07-24,66,20,0,41,0,10,-7,F#/G♭ Major,4,05QUYSOApWLr8oBbpONl7p,QZNWU2345439,2,ESFJ
107,Sweatshirt,"Patrick Hizon,EJEAN",83,3B,37,2025-02-15,02:45,62,,Sweatshirt,2023-04-21,76,44,0,79,0,30,-6,C♯/D♭ Major,4,5DZrNCtCKXV7lsBkN0qFBc,QZHN42368297,2,ESFJ
108,この雨がやんだら,"Kana Adachi,竹内唯人",94,12B,46,2025-02-15,03:06,43,"j-pop, j-rap",この雨がやんだら,2023-09-23,68,29,0,48,0,10,-8,E Major,4,6bybL6c7NCZoG3RAJgOaO3,JPU902303709,2,ESFJ
109,結 -ゆい-,miwa,166,9B,71,2025-02-15,04:39,42,"j-pop, anime",SPLASH☆WORLD,2017-02-22,44,75,0,27,0,20,-3,G Major,4,6pEjwhcNLt7haNDsPV0us9,JPU901602143,2,ESFJ
110,WE BELONG,ONG SEONG WU,100,11B,76,2025-02-15,03:21,30,k-pop,ONG SEONG WU 1st Digital Single <WE BELONG>,2020-01-09,75,4,0,71,0,0,-4,A Major,4,4YxDVrGFqoY54jfERj2aED,KRA381905473,2,ESFJ
111,Aurora (feat. 柊人),"AZU,Shootz",82,11B,46,2025-03-12,02:54,55,"j-rap, j-r&b",Aurora,2025-01-11,66,47,0,42,0,20,-7,A Major,4,2FqbDCeIK0IqqpH5GaiOmV,TCJPD2433979,2,ESFJ
112,DIE (feat. KZHI),"KOTA,KZHI",135,12A,58,2025-03-14,03:31,58,"j-rap, ",DIE (feat. KZHI),2021-05-14,78,62,0,24,0,10,-8,C♯/D♭ Minor,4,1nyTgPfhCcvUo3X10AvKmU,TCJPO2172217,2,ESFJ
114,イイじゃん,M!LK,135,2B,77,2025-04-07,03:18,61,j-pop,イイじゃん,2025-02-17,73,0,0,73,0,10,-7,F#/G♭ Major,4,4FuK1Rt4Ug1PXKNFvFaHaO,JPVI02500122,2,ESFJ
73,Soap,Melanie Martinez,168,11A,69,2023-11-26,03:29,72,,Cry Baby (Deluxe Edition),2015-08-14,60,25,0,21,10,10,-6,F#/G♭ Minor,4,03f7xZmt2wHCIDJBFPK8G4,USAT21501777,2,ESFJ
116,Numb Little Bug,Em Beihold,85,1A,53,2025-04-11,02:49,71,,Numb Little Bug,2022-01-28,74,33,0,64,0,20,-7,G#/A♭ Minor,4,3o9kpgkIcffx0iSwxhuNI2,USUM72200626,2,ESFJ
117,You Can Come to Me - From  Austin & Ally ,"Austin Moon,Ally Dawson",172,12B,51,2025-04-11,03:42,42,,Disney Channel Play It Loud,2014-01-01,51,44,0,62,0,10,-5,E Major,4,7wFYzVWMLhW20yPkVKe2eu,USWD11365272,2,ESFJ
118,Lovers On The Moon,AJ Mitchell,137,5A,56,2025-04-20,02:58,49,,SKYVIEW,2021-10-08,82,6,0,83,0,10,-5,C Minor,4,76h8bwq5WuPl7lLoLVFqJq,USSM12107632,2,ESFJ
74,The Bottom,Gracie Abrams,95,7B,60,2023-11-26,03:00,56,,This Is What It Feels Like,2021-11-12,72,41,0,90,10,10,-5,F Major,3,4Sk74gcXTe9dnE1HU5Pn1y,USUG12105279,2,ESFJ
120,一生の運を,やさしいひとたち,80,10B,69,2025-04-24,04:16,45,,一生の運を,2022-12-01,46,13,0,38,0,30,-3,D Major,4,43DaQKBXDbAp0b63AocT40,TCJPT2290608,2,ESFJ
75,Wishful Thinking,Gracie Abrams,120,9B,52,2023-11-26,02:40,54,,This Is What It Feels Like,2021-11-12,68,43,0,29,0,10,-7,G Major,4,1vJKO2Phq0XB5MoZ6iMx8x,USUG12105280,2,ESFJ
122,Checklist (feat. Chromeo),"MAX,Chromeo",123,6A,79,2025-04-28,02:15,56,"nu disco, alternative dance",Checklist (feat. Chromeo),2019-11-01,79,7,0,87,0,20,-4,G Minor,4,3rT0YIyiE1n8JAUpBCUudE,USQX91902534,2,ESFJ
123,想いあい,the shes gone,132,11B,74,2025-04-29,04:05,17,"j-pop, japanese indie",DAYS,2018-12-23,59,3,0,61,0,30,-6,A Major,4,1BF7lmUA5eyujZihd9ZFKP,JPB451805120,2,ESFJ
124,Bedroom Talk,OFFICIAL HIGE DANDISM,75,1B,65,2025-05-14,03:21,54,"j-pop, anime, j-rock",Editorial,2021-08-18,57,26,0,62,20,10,-9,B Major,4,1Ppu2rlgrZz0pfcRl20vpC,JPPC02110657,2,ESFJ
125,へび,Yorushika,129,11B,56,2025-05-14,04:15,59,"j-pop, j-rock, anime, japanese indie",へび,2025-01-17,67,55,0,96,0,10,-9,A Major,3,7pk2Mx1LnlaEpxfzNhgRuz,JPPO02405696,2,ESFJ
126,風を食む,Yorushika,90,5B,62,2025-05-14,04:29,55,"j-pop, j-rock, anime, japanese indie",風を食む,2020-10-07,80,36,0,68,0,30,-8,D#/E♭ Major,4,68OYaxreTGmAuD9cAztr2p,JPPO02002997,2,ESFJ
127,SWEET TWEET,OFFICIAL HIGE DANDISM,134,7A,92,2025-05-18,04:55,55,"j-pop, anime, j-rock",ラブとピースは君の中,2015-04-22,60,1,0,76,0,0,-2,D Minor,4,0dKJGmhY4Hh40bOkPz9n6N,JPC841500201,2,ESFJ
128,紫陽花,RIKON,95,11B,45,2025-05-18,03:51,57,"j-pop, city pop",紫陽花,2025-04-09,72,22,0,59,0,30,-9,A Major,4,2ektCq0B2HZyL38eRbI70W,JPU902501071,2,ESFJ
129,My SunShine,ROCK'A'TRENCH,145,11B,94,2025-05-18,04:27,56,j-pop,ACTION!,2009-03-04,51,0,0,75,0,30,-3,A Major,4,5AplfXQJgaj3lsGj1ShWAW,JPWP00970009,2,ESFJ
130,夢中,BE:FIRST,84,5B,60,2025-05-20,03:09,76,j-pop,夢中,2025-04-25,68,40,0,74,10,20,-6,D#/E♭ Major,4,7KNY1e9x1MDvpBAmIAN3tz,JPB602501206,2,ESFJ
131,Like JENNIE - Soft Spoken Ver.,Aaron Young,110,6A,28,2025-05-29,01:50,42,,Like JENNIE (Soft Spoken Ver.),2025-05-06,79,51,0,58,10,10,-14,G Minor,4,6TPeUq9N12sj6fW5BWunyj,QZLBC2506872,2,ESFJ
132,Sweet friends,Crystal Kay,63,11A,86,2025-05-29,03:23,49,"j-r&b, j-pop",Kiss,2005-00-00,57,5,0,63,0,10,-6,F#/G♭ Minor,4,1d9wx1OlLiSIJnrtJzATKp,JPES00401883,2,ESFJ
133,Feel The Love,VIDA Hollywood,90,4B,41,2025-05-29,03:38,0,"j-r&b, j-pop",Feel The Love,2024-07-24,72,6,0,62,0,0,-8,G#/A♭ Major,4,2I2Fr7fSaszdEL1C6d5uA9,TCJPA2478255,2,ESFJ
134,hard to say,Crystal Kay,104,3B,79,2025-05-29,04:49,41,"j-r&b, j-pop",almost seventeen,2002-00-00,85,22,0,76,20,0,-6,C♯/D♭ Major,4,36u3mEK8aCkStmuEOMaage,JPES00200621,2,ESFJ
135,幸せって。,Crystal Kay,90,4B,88,2025-05-29,04:19,49,"j-r&b, j-pop",For You,2018-06-08,60,12,0,83,0,10,-2,G#/A♭ Major,4,5qPW4tQpwbrasMVde5bW1j,JPPO01801323,2,ESFJ
136,アイスコーヒー,VIDA Hollywood,90,12A,57,2025-05-31,03:14,51,"j-r&b, j-pop",アイスコーヒー,2025-05-30,66,1,0,56,0,20,-8,C♯/D♭ Minor,4,0scykecRZGQGPWDmTfm5qt,JPH492500055,2,ESFJ
137,2 (feat. Lee Youngji),"Gen Hoshino,Lee Young Ji",180,1B,67,2025-09-22,02:39,53,"j-pop, anime, k-rap, k-pop",Gen,2025-05-14,76,10,0,84,20,10,-3,B Major,4,6XhOrT6C9VG7UmH3e70CkF,JPVI02501114,2,ESFJ
138,Talk talk,Charli xcx,130,5A,89,2025-09-22,02:41,24,"hyperpop, art pop",before summer ends,2024-06-21,58,5,0,64,20,10,-6,C Minor,3,2Kc2JZCUnEJrCdcxUuFY0C,USAT22401345,2,ESFJ
139,The Way I Still Love You,Reynard Silva,87,4B,71,2025-11-20,03:46,62,,Reynard Silva,2014-03-05,63,62,0,49,0,10,-4,G#/A♭ Major,4,5SPT1KuklXBFoBc5QdphOC,JPM591000494,2,ESFJ
141,Lights,BTS,99,7B,66,2026-02-08,04:52,61,k-pop,Lights/Boy With Luv,2019-07-03,63,11,0,40,0,10,-5,F Major,4,44vXWYTcdrejrIQZEoHzl8,JPPO01902095,2,ESFJ
142,今日という日を,Uru,140,6B,55,2026-03-18,04:39,52,"j-pop, anime",tone (Special Edition),2026-02-18,59,79,0,18,0,10,-6,A#/B♭ Major,4,1C4yJBXa6vRMjuZORW63ys,JPU902505040,2,ESFJ
1,春風,Rihwa,78,10B,52,2024-12-16,05:38,48,j-pop,春風,2014-02-26,46,10,0,34,0,20,-5,D Major,4,2ME87MSZjEQywhnHQWVS5A,JPTF01319901,2,ESFJ
3,春夏秋冬,Hilcrhyme,140,9B,78,2024-12-16,04:57,59,j-pop,リサイタル,2010-01-13,50,66,0,46,0,20,-5,G Major,4,6WYirtXQjDJpCQkv4XTBxY,JPPO00970250,2,ESFJ
4,スーパー愛したい,neguse.,96,11B,65,2024-12-16,04:07,51,j-pop,スペースシャトルで君の家まで,2021-10-13,69,24,0,81,0,0,-6,A Major,4,19QF8XwEEZ4RPbUEdYl5RD,JPA962180220,2,ESFJ
5,グッドな音楽を,neguse.,136,11B,81,2024-12-16,03:35,30,j-pop,ワンダーランドに愛情を!,2022-09-14,60,0,0,88,0,10,-2,A Major,4,2FNkUZUdx0PVTwtzBCoPTt,JPP302200435,2,ESFJ
6,スウェット,neguse.,130,3B,80,2024-12-16,03:31,47,j-pop,ワンダーランドに愛情を!,2022-09-14,62,2,0,80,0,30,-2,C♯/D♭ Major,4,0iz7qlE9KJ0vIkYbNxSBTK,JPP302200436,2,ESFJ
7,独占愛,neguse.,188,12B,66,2024-12-16,02:54,53,j-pop,ワンダーランドに愛情を!,2022-09-14,45,1,0,54,0,10,-3,E Major,4,5wc5nCZqZqDjBhnouHkbvz,JPP302200437,2,ESFJ
8,怪獣の花唄,Vaundy,75,10B,94,2024-12-16,03:44,76,"j-pop, japanese indie, j-rock, anime",strobo,2020-05-27,34,0,0,64,0,30,-3,D Major,4,7dTW21YAJxnAOiUh7Rtu9S,JPR652000112,2,ESFJ
10,ふたりずっと,MACO,174,6B,70,2024-12-16,05:21,15,"j-r&b, j-pop",BEST LOVE MACO,2018-06-20,40,31,0,51,0,20,-2,A#/B♭ Major,4,1B6kCWYHYmioddS2RKcmf2,JPPO01507423,2,ESFJ
11,恋人同士,MACO,117,7B,92,2024-12-16,04:04,15,"j-r&b, j-pop",BEST LOVE MACO,2018-06-20,62,64,0,61,0,30,-3,F Major,4,4O5VZ3ntGoRUSedrdghs2j,JPPO01616252,2,ESFJ
12,幸せ,MACO,169,4B,26,2024-12-16,03:57,38,"j-r&b, j-pop",23 (Japanese Ver．),2014-07-23,34,94,0,44,0,0,-7,G#/A♭ Major,4,2PiSwhzJI7TVjWmJmjQM29,JPPO01407463,2,ESFJ
13,P.S. 等身大のラブソング,MIREI,140,12B,71,2024-12-16,05:13,43,"j-r&b, j-pop",Answer,2018-08-29,67,5,0,45,0,10,-5,E Major,4,2PJfSKJoYTWgVriv0qOruf,JPU901802292,2,ESFJ
14,春夏秋冬 reprise,MIREI,140,3B,66,2024-12-16,04:58,45,"j-r&b, j-pop",still,2021-03-17,67,30,0,34,0,20,-4,C♯/D♭ Major,5,70il3iRIsgJUMnLijEp2Ps,JPU902100427,2,ESFJ
15,願い〜あの頃のキミへ〜,MIREI,169,10B,63,2024-12-16,05:40,47,"j-r&b, j-pop",Answer,2018-08-29,53,35,0,35,0,20,-5,D Major,4,1DATsd7yeh8I0WoK1g4Wf2,JPU901701916,2,ESFJ
16,Dear My Boo,MIREI,79,2B,63,2024-12-16,04:21,47,"j-r&b, j-pop",Answer,2018-08-29,67,41,0,34,0,10,-6,F#/G♭ Major,4,3GP5aLCLIODRjo3563TD3b,JPU901800334,2,ESFJ
17,曖歌,Shonan No Kaze,82,1A,79,2024-12-16,06:31,55,j-pop,湘南乃風 〜JOKER〜,2009-04-08,63,19,0,61,0,30,-5,G#/A♭ Minor,4,5M4KRwBjQ5POjO6fzYxG5y,JPTF00712002,2,ESFJ
18,純恋歌,Shonan No Kaze,94,8B,70,2024-12-16,07:09,60,j-pop,湘南乃風 〜Riders High〜,2006-08-30,57,33,0,27,0,10,-6,C Major,4,1VJVtUutqKTLq0WlT2GkaX,JPTF00506601,2,ESFJ
20,ストロー,aiko,136,11A,95,2024-12-16,04:54,62,j-pop,湿った夏の始まり,2018-06-06,55,39,0,75,0,30,-2,F#/G♭ Minor,4,6wpeOeOBNYy6tOcTcL7dRk,JPPC01800377,2,ESFJ
23,NAO,HY,76,10B,42,2024-12-16,06:06,60,j-pop,Confidence,2006-04-12,56,49,0,26,0,20,-7,D Major,4,2PeCrMLUayMPZnLZPkJxOJ,JPF700501210,2,ESFJ
24,Everything,MISIA,132,3B,58,2024-12-16,07:00,62,"j-r&b, j-pop, kayōkyoku",Super Best Records -15th Celebration-,2013-02-20,52,51,0,23,0,10,-5,C♯/D♭ Major,4,6bkJ4p6uSKmSnKxYpmB4aG,JPBV00000799,2,ESFJ
25,明日への手紙,Aoi Teshima,76,11B,35,2024-12-16,04:51,59,,Ren'dez-vous,2014-07-23,52,77,0,33,0,0,-8,A Major,4,2dUYxBbmtmNfanhSLbRcry,JPVI01412980,2,ESFJ
76,Tornado Warnings,Sabrina Carpenter,115,5B,57,2023-11-26,03:24,69,pop,emails i can't send,2022-07-15,70,17,0,58,0,0,-8,D#/E♭ Major,4,5kcuHw8WtxauIWI5crMcLM,USUM72210696,2,ESFJ
28,それを愛と呼ぶなら,Uru,170,6B,53,2024-12-16,04:54,63,"j-pop, anime",コントラスト(Special Edition),2023-01-30,49,73,0,45,0,10,-5,A#/B♭ Major,4,2lHfHAQDlmTfN8SqYs9G09,JPU902201304,2,ESFJ
30,願い,Uru,164,9B,71,2024-12-16,05:02,25,"j-pop, anime",オリオンブルー (Special Edition),2020-03-18,42,13,0,45,0,10,-5,G Major,4,09X8UWBIHtSNIxOziNBkkZ,JPU901901427,2,ESFJ
31,恋,Uru,134,1B,44,2024-12-16,04:20,40,"j-pop, anime",コントラスト(Special Edition),2023-01-30,62,26,0,34,0,10,-7,B Major,4,0t5tYzZgiDOIkEXMab7gHm,JPU902205212,2,ESFJ
32,あなたに恋をしてみました,chay,137,3B,79,2024-12-16,04:28,50,j-pop,あなたに恋をしてみました,2015-02-18,65,62,0,96,0,30,-3,C♯/D♭ Major,4,5I6WdS2GmBRLjCwHQvGr3s,JPWP01570145,2,ESFJ
33,新しい恋人達に,back number,145,7B,63,2024-12-16,04:46,67,"j-pop, j-rock",新しい恋人達に,2024-07-15,30,29,0,31,0,0,-4,F Major,4,5LclntckGFFGFUVGJk9Z4x,JPPO02403057,2,ESFJ
37,ヒロイン,back number,76,9B,60,2024-12-16,04:29,73,"j-pop, j-rock",シャンデリア,2015-12-09,43,21,0,36,0,20,-4,G Major,4,3hBAYbAECEix9raaTq8S3H,JPPO01413047,2,ESFJ
41,蝶々結び,Aimer,142,9B,50,2024-12-16,05:05,57,"anime, j-pop, j-rock",daydream,2016-09-21,51,40,0,36,0,0,-7,G Major,4,3HxJaKzob7tdcr4qmqfR1d,JPU901601797,2,ESFJ
42,カタオモイ,Aimer,97,3B,53,2024-12-16,03:27,68,"anime, j-pop, j-rock",daydream,2016-09-21,62,78,0,79,0,30,-6,C♯/D♭ Major,4,2HovXsvcdJur52BOcYGydz,JPU901602293,2,ESFJ
45,あの日のスウィートメロディ,C&K,136,2B,39,2024-12-16,05:24,17,j-pop,あの日のスウィートメロディ,2021-04-07,57,22,0,18,0,20,-8,F#/G♭ Major,4,5uGwao34WSZbJMwAJz92ai,JPPO02100336,2,ESFJ
46,Y,C&K,135,10B,36,2024-12-16,05:06,54,j-pop,55,2017-07-25,55,74,0,17,0,10,-8,D Major,4,3FxYGxaY0t1hv7n9IHUL3N,JPPO01702613,2,ESFJ
48,センチメンタル・キス,汐れいら,77,2B,46,2024-12-16,05:25,57,j-pop,センチメンタル・キス,2022-05-14,71,67,0,35,0,10,-7,F#/G♭ Major,4,73fWe6SUxkj5QI7ZwfEZmc,TCJPR2282100,2,ESFJ
49,Love Song,Uru,138,11B,58,2024-12-16,04:46,58,"j-pop, anime",Love Song,2021-08-05,57,57,0,39,0,0,-5,A Major,4,2aAuO61alPO20xyePFHjdf,JPU902101685,2,ESFJ
50,常緑,Chippoke Ohashi,101,1B,75,2024-12-16,02:51,53,j-pop,you,2021-10-13,73,2,0,89,0,10,-6,B Major,4,6qn31XzTa6YKXs5FZpAPgP,JPCO02117050,2,ESFJ
51,魔法にかけられて,Saucy Dog,164,9B,56,2024-12-16,04:19,22,"j-pop, japanese indie",サニーボトル,2022-07-06,51,56,0,59,0,10,-8,G Major,4,4n1x8gmuHKOJ1BNFnBsgTh,JPJ222201954,2,ESFJ
52,奇跡,Che'Nelle,77,12B,56,2024-12-16,04:28,57,"j-pop, j-r&b",奇跡,2017-11-22,45,25,0,21,0,10,-3,E Major,4,24oOsHxfHXXdbQ6OqAwyuq,JPPO01706312,2,ESFJ
53,05410-(ん),RADWIMPS,130,4B,96,2024-12-16,03:10,64,"anime, j-pop, j-rock",RADWIMPS 4 ～おかずのごはん～,2006-12-06,60,0,0,79,0,10,-3,G#/A♭ Major,4,45Qz90khfSW8AnaH9vNg5j,JPTO00601677,2,ESFJ
54,君に贈る歌 ～Song For You,Che'Nelle,82,4B,51,2024-12-16,05:41,59,"j-pop, j-r&b",シェネル・ワールド,2015-02-11,51,66,0,18,0,0,-3,G#/A♭ Major,4,4g9XoKiAXJsZL1R3bkv01r,JPPO01500206,2,ESFJ
55,『存在』,TENSONG,88,10B,57,2024-12-16,04:03,48,j-pop,『存在』,2020-12-31,52,6,0,47,0,30,-5,D Major,4,2nzteZ9E7H8r31cS9lM5IS,TCJPN2049246,2,ESFJ
56,纏,TENSONG,87,10B,71,2024-12-16,05:20,0,j-pop,纏,2021-07-24,63,10,0,43,0,10,-5,D Major,4,71zhpYc8YzaP13laIrEevc,TCJPP2119771,2,ESFJ
58,コンタクトケース,Saucy Dog,78,2B,57,2024-12-16,04:46,19,"j-pop, japanese indie",サラダデイズ,2018-05-23,50,3,0,19,0,10,-7,F#/G♭ Major,4,3nD8q4dCCybzh5L3HU8PWH,JPZ921802664,2,ESFJ
59,愛してた,Naoto Inti Raymi,77,9B,54,2024-12-16,04:25,39,j-pop,愛してた,2012-03-28,48,35,0,36,0,20,-5,G Major,4,6j3zfrbA8VyxoWA1dihHF2,JPPO01201316,2,ESFJ
60,雨と僕の話,back number,148,9B,63,2024-12-16,03:53,63,"j-pop, j-rock",MAGIC,2019-03-27,40,3,0,39,0,10,-4,G Major,4,3XcLf52WHnE85mLAXDSf2F,JPPO01900486,2,ESFJ
61,366日,HY,152,4B,43,2024-12-16,05:52,66,j-pop,HeartY,2008-04-16,38,68,0,18,0,20,-7,G#/A♭ Major,4,22aZD7yaGYfhgCYazL4nbc,JPF700250112,2,ESFJ
62,みかんハート,C&K,129,2B,36,2024-12-16,05:36,59,j-pop,CK AND MORE．．．,2013-11-27,56,59,0,20,0,10,-6,F#/G♭ Major,4,1H9jJvALjdKH3C3Ol0w765,JPPO01347073,2,ESFJ
63,Dear…,Kana Nishino,76,4B,59,2024-12-16,05:30,58,j-pop,to LOVE,2010-06-23,31,25,0,36,0,10,-5,G#/A♭ Major,1,332fDlQqsFVpB5wdwJ5SJt,JPU900901701,2,ESFJ
65,もっと…,Kana Nishino,180,9B,82,2024-12-16,05:30,56,j-pop,to LOVE,2010-06-23,54,20,0,49,0,30,-4,G Major,4,3WrXrr08MDZAEgWIFiIyaJ,JPU900901381,2,ESFJ
66,Best Friend,Kana Nishino,117,5B,67,2024-12-16,05:19,60,j-pop,to LOVE,2010-06-23,65,58,0,38,0,10,-4,D#/E♭ Major,4,3cCZXvAywRt6L0QSEjjY3Y,JPU900902261,2,ESFJ
67,君って,Kana Nishino,144,2B,64,2024-12-16,05:29,47,j-pop,"Thank you, Love",2011-06-22,46,10,0,36,0,10,-4,F#/G♭ Major,4,2OzrDwLJjNUv7FEQAOVIL5,JPU901001461,2,ESFJ
69,1999,Hitsujibungaku,132,10A,77,2024-12-16,04:49,56,"japanese indie, j-pop, anime, j-rock, shoegaze",1999,2018-12-05,54,19,0,37,0,10,-4,B Minor,4,5664npiyyvli6veD4VINZ1,JPJ901815910,2,ESFJ
70,名前は片想い,indigo la End,122,11B,85,2024-12-16,03:36,57,"japanese indie, j-pop, j-rock",名前は片想い,2023-01-25,71,9,0,84,0,10,-5,A Major,4,0o3zVVGJkb1QIOMF9xySiu,JPWP02202392,2,ESFJ
71,me me she,RADWIMPS,118,12B,59,2024-12-16,04:41,70,"anime, j-pop, j-rock",RADWIMPS 4 ～おかずのごはん～,2006-12-06,62,2,0,37,0,10,-5,E Major,4,0BYa5V0RyOYthDeCMUBJQZ,JPTO00601678,2,ESFJ
73,結,Saucy Dog,77,1B,73,2024-12-16,04:25,14,"j-pop, japanese indie",結,2020-03-13,57,25,0,53,0,10,-6,B Major,4,4Js8mAXoDvL4GiUJGYCRw7,JPJ222001401,2,ESFJ
74,本当はね、,yangskinny,102,1B,75,2024-12-16,03:21,58,j-pop,本当はね、,2022-10-05,59,18,0,87,0,0,-5,B Major,4,5MqZFxSAGTKqnUbBVLlkM5,JPVI02202936,2,ESFJ
75,Automatic,Hikaru Utada,95,3B,87,2024-12-16,05:28,68,"j-pop, j-r&b, anime",First Love,1999-03-10,71,6,0,71,0,10,-3,C♯/D♭ Major,4,6DJ3dfsY7fOU161ZMjzWIH,JPTO09901640,2,ESFJ
76,祈り花,HIRAIDAI,88,4B,71,2024-12-16,04:23,64,j-pop,祈り花,2011-10-19,41,20,0,58,0,10,-2,G#/A♭ Major,4,5G24eB35Ucu4A8MPKLNV9B,JPC841101702,2,ESFJ
77,Buddy,HIRAIDAI,90,2B,48,2024-12-16,02:54,58,j-pop,HOPE / WISH,2022-05-09,79,16,0,62,0,30,-7,F#/G♭ Major,4,1GlT0DZKjapYwJzRcdBh4F,JPB602101721,2,ESFJ
78,My Boo,Shota Shimizu,154,10B,72,2024-12-16,04:30,61,"j-pop, j-r&b",FLY,2017-06-28,72,31,0,69,0,0,-5,D Major,4,0DxfR2OYoEbSOmmUtWcRIE,JPU901602658,2,ESFJ
79,また逢う日まで,HIRAIDAI,78,1B,47,2024-12-16,04:15,66,j-pop,Slow & Easy,2015-05-06,47,78,0,38,0,10,-6,B Major,4,3awymLmIrvn9lkJeFpmRSf,JPB601500969,2,ESFJ
80,プロローグ,"Shota Shimizu,Aimer",144,2B,35,2024-12-16,05:15,47,"j-pop, j-r&b, anime, j-rock",HOPE,2021-07-21,54,57,0,29,0,0,-9,F#/G♭ Major,4,7iH7uU8YCtkIgn8xyVNBEU,JPU902101550,2,ESFJ
81,花束のかわりにメロディーを,Shota Shimizu,130,4B,48,2024-12-16,05:09,64,"j-pop, j-r&b",PROUD,2016-03-30,42,8,0,28,0,20,-5,G#/A♭ Major,4,2028QNsVTmp5IF7UK4ZnaE,JPU901502766,2,ESFJ
82,Precious,Yuna Ito,75,1B,65,2024-12-16,05:48,47,"j-pop, j-r&b",Precious,2005-04-01,40,13,0,24,0,30,-5,B Major,4,4aXi3FgnHDF7GxoJEbJLfg,JPSR00601045,2,ESFJ
83,花束を君に,Hikaru Utada,82,12B,54,2024-12-16,04:38,68,"j-pop, j-r&b, anime",Fantome,2016-09-28,52,54,0,36,0,30,-8,E Major,4,31yv1hR9gw1WSEmtqsaZbD,JPPO01615591,2,ESFJ
85,Sayonara,HIRAIDAI,172,10B,34,2024-12-16,03:11,34,j-pop,Life Goes On,2021-02-10,65,50,0,69,0,30,-8,D Major,4,5O2vcLmt42QDw4v3BHcQ1e,JPB602002840,2,ESFJ
86,ランデヴー,shytaupe,146,10B,65,2024-12-16,03:57,61,j-pop,誘拐 / ランデヴー,2023-04-25,50,12,0,32,0,10,-5,D Major,4,7gSiIKxphi5BGr7SDrSKod,TCJPV2377398,2,ESFJ
87,そっけない,RADWIMPS,110,8B,40,2024-12-16,06:32,66,"anime, j-pop, j-rock",ANTI ANTI GENERATION,2018-12-12,63,59,0,18,0,10,-7,C Major,4,2ntXQnx4ZUraj1u5Hwqjem,JPV971800053,2,ESFJ
89,君がくれた夏,Leo Ieiri,170,3B,62,2024-12-19,04:18,58,j-pop,WE,2016-07-06,51,31,0,46,0,10,-4,C♯/D♭ Major,4,6woHdm2NKm0RHbuO7qt4ww,JPVI01524330,2,ESFJ
90,Happiness,Che'Nelle,140,11B,75,2024-12-19,04:34,58,"j-pop, j-r&b",シェネル・ワールド,2015-02-11,60,39,0,51,0,30,-2,A Major,4,55JlyXw6KeFeVC9d9uCZ2K,JPPO01411869,2,ESFJ
91,ヒカリヘ,miwa,132,9B,90,2024-12-19,04:52,60,"j-pop, anime",Delight,2013-05-22,56,33,0,37,0,50,-3,G Major,4,6Ko5MADnkgh7GZJfieBnln,JPSR01202381,2,ESFJ
92,あなた,Hikaru Utada,178,4B,70,2024-12-19,04:37,67,"j-pop, j-r&b, anime",初恋,2018-06-27,38,47,0,80,0,10,-6,G#/A♭ Major,4,3yCVsL9xnnnhtOQ1CfPD7W,JPU901702783,2,ESFJ
93,貴方の恋人になりたいのです,Mao Abe,166,7B,66,2024-12-19,05:06,54,j-pop,ポっぷ(通常盤),2010-01-27,46,5,0,61,0,0,-5,F Major,4,6sCClcK3Q3RWzBLNSKuD1F,JPPC00901590,2,ESFJ
94,最大公約数,RADWIMPS,136,5B,81,2024-12-19,04:34,62,"anime, j-pop, j-rock",RADWIMPS 3 ～無人島に持っていき忘れた一枚～,2006-02-15,57,1,0,66,0,0,-4,D#/E♭ Major,4,6B6PeBESFdk0OjBmGDllYI,JPTO00502963,2,ESFJ
96,Slow & Easy,HIRAIDAI,78,8B,81,2024-12-19,03:35,63,j-pop,Slow & Easy,2015-05-06,66,63,0,77,0,10,-4,C Major,4,4b5oBON2DgamONUxvP4JyQ,JPB601501689,2,ESFJ
97,ビリーヴ,Che'Nelle,144,10B,69,2024-12-19,04:37,56,"j-pop, j-r&b",ビリーヴ,2012-06-29,47,51,0,41,0,0,-3,D Major,4,3fE6DxExpJwYIwsQxQSVnM,JPTO01200808,2,ESFJ
98,君が好き,Shota Shimizu,134,8B,57,2024-12-19,04:31,59,"j-pop, j-r&b",Journey,2010-03-03,59,14,0,53,0,20,-8,C Major,4,1gkp6UZnE0e0BpSCpNCsDx,JPSR00903626,2,ESFJ
99,ラストバージン,RADWIMPS,144,11B,67,2024-12-19,05:15,59,"anime, j-pop, j-rock",×と○と罪と,2013-12-11,51,5,0,33,0,10,-3,A Major,4,5NAtMtiyKLZFNDFHAtDrXj,JPPO01346516,2,ESFJ
100,セプテンバーさん,RADWIMPS,123,10B,81,2024-12-19,05:07,62,"anime, j-pop, j-rock",RADWIMPS 3 ～無人島に持っていき忘れた一枚～,2006-02-15,70,60,0,87,0,0,-6,D Major,4,0D2ZQ5DKyys3UPAfeKpvwp,JPTO00502960,2,ESFJ
101,三日月,ayaka,144,10B,48,2024-12-19,04:39,62,j-pop,First Message,2006-11-01,50,29,0,41,0,0,-5,D Major,4,5SDVaYU4nfaIV0rNSlWSCa,JPWP00601534,2,ESFJ
102,いいんですか?,RADWIMPS,175,1B,85,2024-12-19,04:08,64,"anime, j-pop, j-rock",RADWIMPS 4 ～おかずのごはん～,2006-12-06,49,0,0,88,0,0,-4,B Major,4,7BBhAZPkDnJ6mYVua3O1F4,JPTO00601680,2,ESFJ
104,ふたりごと,RADWIMPS,102,7B,84,2024-12-19,04:15,61,"anime, j-pop, j-rock",ふたりごと,2006-05-17,59,14,0,73,0,10,-5,F Major,4,6I2Xl5fZP0tdFOUjgekK4p,JPTO00600242,2,ESFJ
105,シーグラス,Saucy Dog,141,7B,80,2024-12-19,05:01,17,"j-pop, japanese indie",テイクミー,2020-09-02,51,7,0,64,0,30,-6,F Major,4,5RbE09Y7msV2YXoAO201Gl,JPJ222001496,2,ESFJ
106,大阪LOVER,DREAMS COME TRUE,130,9A,73,2024-12-19,04:26,66,"j-pop, kayōkyoku, city pop",大阪LOVER,2007-01-01,75,1,0,55,0,30,-5,E Minor,4,2WpgKrUoWaZHQLTgT6aZBF,JPPO00701060,2,ESFJ
107,有心論,RADWIMPS,145,10B,81,2024-12-19,04:10,59,"anime, j-pop, j-rock",RADWIMPS 4 ～おかずのごはん～,2006-12-06,54,1,0,57,10,0,-5,D Major,4,7gFOVCXR5mrSkv1O3n7GXu,JPTO00600818,2,ESFJ
108,コイスルオトメ,Ikimonogakari,77,12B,68,2024-12-19,05:15,62,"anime, j-pop, j-rock",桜咲く街物語,2007-03-07,59,11,0,48,0,0,-4,E Major,4,1GyOsMcLEZyJrBsT9NDgmr,JPES00601881,2,ESFJ
109,好きな人がいること,JY,108,3B,76,2024-12-19,04:32,55,j-pop,Many Faces -多面性-,2017-05-03,57,19,0,71,0,20,-5,C♯/D♭ Major,4,15HDH9up3Imdm8KtsGv9XD,JPU901602010,2,ESFJ
110,チェックのワンピース,back number,79,4B,56,2024-12-19,04:42,66,"j-pop, j-rock",スーパースター,2011-10-26,60,4,0,36,0,30,-6,G#/A♭ Major,4,3TpD7kfsRSbXYzYvug4yey,JPPO01148804,2,ESFJ
111,瞬き,back number,120,5B,81,2024-12-19,05:25,71,"j-pop, j-rock",MAGIC,2019-03-27,33,1,0,40,0,30,-3,D#/E♭ Major,3,7hIfpcdUZcyCKHYy8gp49E,JPPO01706320,2,ESFJ
112,手紙,back number,146,9B,54,2024-12-19,04:30,64,"j-pop, j-rock",シャンデリア,2015-12-09,46,2,0,31,0,10,-3,G Major,4,1I5JRnPFl38a9APWaAshoY,JPPO01506649,2,ESFJ
113,七ノ歌,RADWIMPS,140,4B,73,2025-01-13,06:32,62,"anime, j-pop, j-rock",アルトコロニーの定理,2009-03-11,51,2,0,34,0,30,-4,G#/A♭ Major,4,4EpwqS9apNxLTTB2XZTWdu,JPTO00900147,2,ESFJ
114,恋をして,HY,74,7B,47,2025-01-15,06:03,55,j-pop,恋をして,2024-12-11,23,3,0,21,0,10,-5,F Major,4,4SLpqkURxuWPY83DWOuJKc,JPPO02405571,2,ESFJ
115,Always,Kana Nishino,160,11B,82,2025-01-15,05:20,51,j-pop,Always,2012-11-07,44,17,0,37,0,10,-2,A Major,4,1fg2hgAXFNLVynNUpb5s9c,JPU901201581,2,ESFJ
116,紫苑,Saucy Dog,84,8B,52,2025-01-22,05:24,16,"j-pop, japanese indie",紫苑,2022-10-04,55,51,0,24,0,10,-6,C Major,4,4dFGAtzdQ0C7WowKPZXc8J,JPJ222202170,2,ESFJ
117,25コ目の染色体,RADWIMPS,121,10B,59,2025-01-23,05:16,55,"anime, j-pop, j-rock",RADWIMPS 3 ～無人島に持っていき忘れた一枚～,2006-02-15,63,29,0,24,0,0,-7,D Major,4,4W05gShOi9kkALl9BylORG,JPTO00502227,2,ESFJ
118,for YOU。,Hazzie,140,1B,90,2025-01-23,04:40,56,j-pop,超ハジバム。,2013-01-01,56,5,0,61,0,40,-4,B Major,4,3jzuA1xODaJMjqnEexbu9u,JPPO01341475,2,ESFJ
119,ずっと。,Hazzie,83,4B,64,2025-01-23,05:11,44,j-pop,ハジベスト。,2015-10-07,58,40,0,37,0,30,-5,G#/A♭ Major,4,1NjvcuLZmlPAa4WyGAUwea,JPH371200029,2,ESFJ
120,愛し続けるから,TEE,100,7B,69,2025-01-23,03:58,47,j-pop,Baby I Love You,2011-01-01,70,50,0,31,0,0,-4,F Major,4,06cykya9DGJ46KfI3xXhSg,JPPO01142194,2,ESFJ
121,EYES ON YOU,Kana Nishino,105,1B,85,2025-01-23,03:36,47,j-pop,EYES ON YOU,2024-07-05,72,32,0,57,0,30,-2,B Major,4,6p8SZOytmthKLKfB95viaY,JPU902401971,2,ESFJ
122,Darling,Kana Nishino,160,7B,81,2025-01-23,04:15,57,j-pop,with LOVE,2014-11-12,60,35,0,77,0,20,-4,F Major,4,5ifBjexppI1XZOx5eBqnJZ,JPU901400596,2,ESFJ
123,Flower,Kana Nishino,150,4B,75,2025-01-23,05:53,40,j-pop,"Thank you, Love",2011-06-22,52,40,0,19,0,10,-5,G#/A♭ Major,4,6TJt8cH0qe4nNBNdS4LI3u,JPU901100584,2,ESFJ
124,You & Me,Kana Nishino,99,8B,86,2025-01-23,04:01,44,j-pop,Just LOVE,2016-07-13,55,4,0,72,0,10,-5,C Major,4,6QGlvS5U2TxdOGOYYHcOxS,JPU901601468,2,ESFJ
125,君が好き,Kana Nishino,137,2B,21,2025-01-23,04:02,42,j-pop,Just LOVE,2016-07-13,53,94,0,47,0,10,-10,F#/G♭ Major,4,7xrxpna0bvpFzTH7l5PnMf,JPU901601604,2,ESFJ
126,また君に恋をする,Kana Nishino,97,10B,57,2025-01-23,03:26,25,j-pop,Love Again,2024-09-18,78,46,0,68,0,0,-4,D Major,4,6MiliGshgIZWhiWt2ZvLsJ,JPU902401975,2,ESFJ
128,デイドリーム,reGretGirl,160,9B,90,2025-01-27,04:28,55,j-pop,my,2017-12-13,47,29,0,48,0,0,-2,G Major,4,7bULwkgRO7FHaXHHJbvzI8,JPCO01723160,2,ESFJ
129,ホワイトアウト,reGretGirl,187,10B,96,2025-01-27,03:31,55,j-pop,my,2017-12-13,45,2,0,82,0,0,-2,D Major,4,6ueqIFxAqxPnFdZXKNPSrr,JPCO01723150,2,ESFJ
130,ラッキーカラー,Aimyon,103,9B,85,2025-01-29,03:38,57,j-pop,猫にジェラシー,2024-09-11,61,6,0,60,0,10,-2,G Major,4,2iNLH2YkRdplxPA09jndW6,JPWP02470608,2,ESFJ
131,マリーゴールド,Aimyon,106,10B,75,2025-01-29,05:06,71,j-pop,瞬間的シックスセンス,2019-02-13,55,5,0,41,0,0,-3,D Major,4,2cKiHG16JBiqHdi7Llq0r7,JPWP01870687,2,ESFJ
132,愛を伝えたいだとか,Aimyon,100,10B,85,2025-01-29,03:55,72,j-pop,青春のエキサイトメント,2017-09-12,67,3,0,79,0,0,-5,D Major,4,0N8Xztr4pBHJ7V0moJWhbO,JPWP01770243,2,ESFJ
133,愛の花,Aimyon,170,6B,53,2025-01-29,04:01,63,j-pop,猫にジェラシー,2024-09-11,47,29,0,55,0,0,-6,A#/B♭ Major,3,49DUifaclCSbxQa1upNXuO,JPWP02370133,2,ESFJ
134,ハート,Aimyon,78,2B,45,2025-01-29,04:31,63,j-pop,瞳へ落ちるよレコード,2022-08-17,66,54,0,30,0,0,-6,F#/G♭ Major,4,6MkbBtxdVggObSGnqB8miZ,JPWP02170768,2,ESFJ
136,愛とか恋とか,Novelbright,90,2B,56,2025-01-29,03:52,68,"j-pop, j-rock",Assort,2022-05-16,70,70,0,40,0,10,-5,F#/G♭ Major,4,1VHL1PIkhDwWbFc65xHwOr,JPPO02201073,2,ESFJ
137,ツキミソウ,Novelbright,78,2B,65,2025-01-29,05:12,68,"j-pop, j-rock",開幕宣言,2021-04-26,50,43,0,47,0,20,-3,F#/G♭ Major,4,6sElEqOIGENWjpxGFeo5ct,JPPO02004097,2,ESFJ
138,Walking with you,Novelbright,93,9B,97,2025-01-29,03:43,69,"j-pop, j-rock",SKYWALK,2018-10-03,42,1,0,50,0,50,-1,G Major,4,7tGDXCPLpAScEwmqab9YZd,JPCO01820420,2,ESFJ
140,嘘つきの君が好き,Masanori Otoda,100,8B,36,2025-01-29,03:14,50,j-pop,嘘つきの君が好き,2022-07-12,81,24,0,69,0,20,-6,C Major,4,4f38Jn95Ls3TEpqeeTdJjT,JPU902202178,2,ESFJ
142,聖なるクリスマス,Masanori Otoda,136,6B,68,2025-01-29,04:11,47,j-pop,聖なるクリスマス,2023-11-28,57,18,0,49,0,10,-6,A#/B♭ Major,4,7i3YnL4zlmqGeQV9G1xLzr,JPU902304718,2,ESFJ
145,魔法の絨毯,Takaya Kawasaki,74,3A,31,2025-01-29,03:28,67,j-pop,I believe in you,2018-03-14,62,78,0,57,0,10,-6,A#/B♭ Minor,4,3PK5ERLCyMuQ5Cb89GbZVL,JPWP02100678,2,ESFJ
146,君の為のキミノウタ,Takaya Kawasaki,134,11B,30,2025-01-29,05:13,66,j-pop,I believe in you,2018-03-14,60,81,0,43,0,10,-7,A Major,4,56Cdqx7BdhEsUUMctdORvU,JPWP02100681,2,ESFJ
147,Song for…,HY,73,12B,34,2025-01-29,04:49,56,j-pop,TRUNK,2004-00-00,43,64,0,24,0,10,-7,E Major,4,23VkJhoXjUWNBKNfAH1iOw,JPF700400511,2,ESFJ
148,別の人の彼女になったよ,wacci,72,10B,62,2025-01-29,05:04,62,"j-pop, anime",群青リフレイン,2018-11-07,53,3,0,50,0,30,-5,D Major,4,666wLEFj1AtTNBEcErygLz,JPU901802225,2,ESFJ
150,空に笑えば,wacci,164,9B,75,2025-01-29,05:19,52,"j-pop, anime",群青リフレイン,2018-11-07,47,5,0,50,0,10,-4,G Major,4,5ZcBXJYkcW0vYkohSO5BKn,JPU901801857,2,ESFJ
151,I LOVE YOU,Chris Hart,71,7B,45,2025-01-29,05:11,54,"j-pop, kayōkyoku",Song for You,2014-03-19,30,58,0,25,0,0,-6,F Major,3,0mf82mK5aeZm4vN9HM2InQ,JPPO01353407,2,ESFJ
152,恋におちて -Fall in Love-,Hideaki Tokunaga,142,6B,32,2025-01-29,05:30,49,"kayōkyoku, j-pop, enka",VOCALIST 3,2007-00-00,57,82,0,22,0,20,-10,A#/B♭ Major,4,3xDMo5lUURU6eFMrVvMSKO,JPPO00726560,2,ESFJ
153,ブーケ,TRACK15,158,3B,72,2025-01-30,03:58,27,,ブーケ,2024-02-21,39,7,0,53,0,10,-2,C♯/D♭ Major,4,7H2QpQ7AWXuFT8cHv4u0ap,JPPC02410101,2,ESFJ
154,ねぇ、私,berry meet,150,9A,58,2025-01-30,04:29,29,,ねぇ、私,2023-09-27,50,2,0,46,0,10,-6,E Minor,4,37qgTPIeeTspC0man8qm7P,JPPO02303155,2,ESFJ
155,アイビー,Novelbright,74,3B,59,2025-01-30,04:31,57,"j-pop, j-rock",アイビー,2024-10-22,30,48,0,41,0,10,-5,C♯/D♭ Major,4,3y3gIFisu61Qc3NtRE7a2r,JPPO02404318,2,ESFJ
156,白雪,Marcy,80,8B,63,2025-01-30,04:37,41,j-pop,白雪,2020-12-07,45,3,0,42,0,10,-5,C Major,4,7bnX1FsNws7OeURL5VIRS5,JPPO02003411,2,ESFJ
157,紫陽花,PEOPLE 1,144,7B,26,2025-01-30,03:56,41,j-pop,紫陽花,2022-06-29,83,85,0,44,0,10,-8,F Major,4,3dPVqEzUiJ6yXs573CHeWv,JPU902202009,2,ESFJ
158,もう一度好きになって,YUTORI-SEDAI,150,6B,43,2025-01-30,05:59,39,j-pop,もう一度好きになって,2021-03-28,50,46,0,32,0,0,-6,A#/B♭ Major,4,67aQ3UthjnZf3F1vFIJyit,JPWP02300611,2,ESFJ
159,わけあって,Saucy Dog,84,8B,64,2025-01-30,04:33,6,"j-pop, japanese indie",レイジーサンデー,2021-08-25,56,3,0,55,0,30,-8,C Major,4,14PHuMxrDD9nY4SXnDGDRS,JPJ222101669,2,ESFJ
160,AM11:00,HY,98,11B,69,2025-02-01,05:19,60,j-pop,Street Story,2003-04-16,60,4,0,25,0,10,-5,A Major,4,6YcvfXy4wTvjaIniIBuh30,JPF700802201,2,ESFJ
161,Song for…,Shota Shimizu,148,8B,46,2025-02-03,04:53,52,"j-pop, j-r&b",Song for…,2018-08-22,48,62,0,32,0,10,-7,C Major,4,53i52KkrjBfVTdXh8XQArP,JPU901802646,2,ESFJ
162,"Stand by me, Stand by you.",HIRAIDAI,81,5B,58,2025-02-10,03:13,68,j-pop,Life Goes On,2021-02-10,66,9,0,56,0,0,-6,D#/E♭ Major,4,7DyS11kB1YNrfDzQqtjmTh,JPB602002630,2,ESFJ
163,題名のない今日,HIRAIDAI,87,1B,48,2025-02-10,03:13,64,j-pop,Life Goes On,2021-02-10,71,20,0,63,0,30,-6,B Major,4,6skNbV22epX2yHu4O2hYSx,JPB602100497,2,ESFJ
164,GIRL FRIEND,HIRAIDAI,160,9B,58,2025-02-10,03:08,44,j-pop,Life Goes On,2021-02-10,68,3,0,54,10,10,-5,G Major,4,0vZNGjp6d94YeYCxEP2bTw,JPB602002582,2,ESFJ
166,星屑ビーナス,Aimer,73,7B,62,2025-02-10,04:12,57,"anime, j-pop, j-rock",Sleepless Nights,2012-10-03,52,41,0,38,0,20,-5,F Major,4,1CAhaSy2odeJoPIkFndCIB,JPN101200582,2,ESFJ
167,コイワズライ,Aimer,94,6B,50,2025-02-10,03:55,55,"anime, j-pop, j-rock",Sun Dance,2019-04-09,68,30,0,77,0,30,-6,A#/B♭ Major,4,0ZiO07cHvb675UDaKB1iix,JPU901900598,2,ESFJ
168,冬が終わる前に,Shota Shimizu,102,8B,56,2025-02-10,05:20,52,"j-pop, j-r&b",Naturally,2012-03-21,63,27,0,50,0,10,-6,C Major,4,4W4LMyD4Lzr8MvaaSiSdG8,JPSR01103401,2,ESFJ
169,Because of you,Shota Shimizu,96,8B,40,2025-02-10,03:15,57,"j-pop, j-r&b",FLY,2017-06-28,65,62,0,60,0,30,-8,C Major,4,6E9D1PL8zhWHNzKXpGhrON,JPU901701689,2,ESFJ
171,lovesong,Shota Shimizu,77,5B,46,2025-02-10,04:34,51,"j-pop, j-r&b",PROUD,2016-03-30,61,41,0,65,0,10,-9,D#/E♭ Major,4,4Oa9eo2Oq9u7nSadLB4ULc,JPU901600655,2,ESFJ
173,ぼくのとなりにいてくれませんか?,C&K,115,1B,60,2025-02-13,05:00,23,j-pop,ぼくのとなりにいてくれませんか?,2011-01-01,69,56,0,38,0,10,-6,B Major,4,497hRVFYyyVH7vYShfjRZx,JPPO01106170,2,ESFJ
175,エンドロールの前に。,HIRAIDAI,140,1B,65,2025-03-08,03:16,31,j-pop,エンドロールの前に。,2024-05-24,70,19,0,52,0,10,-6,B Major,4,0kCIyzPh8zcostvnTzlOSs,JPB602401679,2,ESFJ
177,愛唄,GReeeeN,170,4B,79,2025-03-17,03:56,67,j-pop,あっ、ども。はじめまして。,2007-01-01,51,8,0,43,0,10,-4,G#/A♭ Major,4,7iXHLtPosbHvglVSJ4rxLq,JPPO00708860,2,ESFJ
178,君想い,GReeeeN,88,10B,78,2025-03-17,04:45,39,j-pop,あっ、ども。おひさしぶりです。,2008-01-01,62,0,0,40,0,20,-6,D Major,4,6EtbvKUDorqlMamXtv6Rwg,JPPO00823070,2,ESFJ
179,オレンジ,GReeeeN,182,11A,95,2025-03-17,03:46,9,j-pop,イマーシブライブシアター 2024 “The CUBE”〜何処かに広がる大きな声が〜,2024-12-18,49,3,0,49,20,10,-5,F#/G♭ Minor,4,1ypB0JUQxIqTUfVmdhgz7B,JPPO01202628,2,ESFJ
180,恋文～ラブレター～,GReeeeN,84,11B,62,2025-03-17,04:10,50,j-pop,歌うたいが歌うたいに来て 歌うたえと言うが 歌うたいが歌うたうだけうたい切れば 歌うたうけれども 歌うたいだけ 歌うたい切れないから 歌うたわぬ!?,2012-01-01,57,28,0,43,0,20,-4,A Major,4,3l1g4uhRQkkQgGXjgQ9rxk,JPPO01151116,2,ESFJ
181,雨,神が残した夢を喰う。,83,7B,53,2025-03-31,03:48,61,j-pop,雨,2023-10-14,65,43,0,54,0,10,-7,F Major,4,0WLD0nNozBZKmAos1PQbL2,TCJPX2377497,2,ESFJ
182,永遠に続く日々の階段を,HIRAIDAI,154,5B,59,2025-03-31,03:14,54,j-pop,LOVE＋PEACE,2023-05-07,55,5,0,56,0,0,-6,D#/E♭ Major,4,3vWnh6AUr7DJTPBG0ryMSI,JPB602300174,2,ESFJ
183,ナイトオンザプラネット,Creep Hyp,176,12B,56,2025-03-31,04:27,45,"j-pop, j-rock",ナイトオンザプラネット,2021-11-12,72,35,0,65,0,10,-8,E Major,4,6czqj8wWkKxWSg7FyhrN5P,JPPO02104218,2,ESFJ
184,お別れの歌,never young beach,98,4B,81,2025-03-31,03:13,47,"japanese indie, city pop",fam fam,2016-06-08,47,19,2,81,0,10,-5,G#/A♭ Major,4,0VwZq35ff2SvvMWOFNrEDc,TCJPE1600526,2,ESFJ
185,残像の愛し方,Tele,93,2B,45,2025-03-31,04:37,44,j-pop,残像の愛し方,2025-02-26,75,17,0,84,0,30,-6,F#/G♭ Major,4,6QbOl4gx6PZyOZWW9A5bDt,JPTF02501401,2,ESFJ
186,100個の幸せとたった1つの,606号室,158,4B,65,2025-03-31,05:05,4,,100個の幸せとたった1つの,2024-12-18,54,5,0,66,0,10,-5,G#/A♭ Major,4,17Rs9pcjsoKPEnXfMTTK9X,JP92A2436438,2,ESFJ
187,U&I。,Hazzie,88,11B,77,2025-03-31,03:44,19,j-pop,U&I。,2024-10-11,56,66,0,51,10,10,-4,A Major,4,4YilX81GpW5Yw98qGdGoaR,TCJPC2416716,2,ESFJ
188,君と。,Hazzie,136,2B,85,2025-03-31,04:48,48,j-pop,ハジベスト。,2015-10-07,59,10,0,83,0,20,-6,F#/G♭ Major,4,1Gp1IIcOZelvLqRBFDpxd9,JPPO01502695,2,ESFJ
189,記念日。,"Hazzie,miwa",173,5B,67,2025-03-31,05:14,40,"j-pop, anime",ハジベスト。,2015-10-07,39,48,0,53,0,30,-6,D#/E♭ Major,4,3thUGL6pZSRGg4r3VX70Xj,JPPO01508716,2,ESFJ
190,My LOVE。,Hazzie,82,4B,85,2025-03-31,05:02,26,j-pop,My LOVE。,2023-11-23,56,22,0,34,0,30,-5,G#/A♭ Major,4,2gHY73PasVLtXd01JRPPvL,TCJPY2302493,2,ESFJ
191,タカラモノ,HIRAIDAI,76,5A,52,2025-03-31,03:16,40,j-pop,タカラモノ,2021-03-28,71,14,0,60,10,60,-7,C Minor,4,6s4uvmB52SPgoY6jGxGhWu,JPB602101275,2,ESFJ
192,側に...,Shota Shimizu,80,3B,48,2025-03-31,04:25,52,"j-pop, j-r&b",SNOW SMILE,2014-11-12,65,19,0,46,0,10,-8,C♯/D♭ Major,4,21mlFxOTWZtK1XfzBY32EJ,JPU901401845,2,ESFJ
193,My Little Rose,HIRAIDAI,82,4B,40,2025-03-31,03:14,47,j-pop,My Little Rose,2022-09-12,70,81,0,64,0,20,-6,G#/A♭ Major,4,6yPulkXv04f0p5WNR4xtSu,JPB602203714,2,ESFJ
194,キミとボクの最幸な生活。,HIRAIDAI,89,6B,39,2025-03-31,03:03,45,j-pop,キミとボクの最幸な生活。,2024-08-28,79,83,0,74,0,30,-5,A#/B♭ Major,4,1QRy1W0m4UWGHvjrZBj1AX,JPB602402815,2,ESFJ
195,シュガリードライブ,Runaar,130,9B,70,2025-04-10,03:40,41,j-pop,シュガリードライブ,2024-12-26,74,8,0,70,0,30,-9,G Major,4,2BDSPDo6k9GTsGOmNTjNve,SGW502283057,2,ESFJ
196,冬紅葉,ささ。,150,3B,71,2025-04-11,05:22,44,,冬紅葉,2024-12-01,55,56,0,31,0,20,-4,C♯/D♭ Major,4,0HN7REoMzRrdRfeZUZGXck,AEA3A2243812,2,ESFJ
197,Country Road,HIRAIDAI,104,10B,54,2025-04-18,03:21,43,j-pop,Country Road,2024-05-03,73,37,0,53,0,30,-6,D Major,4,5ePXBMaI26XRcc0Pb6DdnQ,JPB602401476,2,ESFJ
198,美しき日々,HIRAIDAI,96,1B,43,2025-04-18,03:44,32,j-pop,美しき日々,2025-03-14,70,25,0,47,0,20,-7,B Major,4,45jH0DMrWTPT74ugV2TOEx,JPB602500862,2,ESFJ
200,あいたい,RADWIMPS,78,8B,12,2025-04-23,05:09,56,"anime, j-pop, j-rock",2+0+2+1+3+1+1= 10 years 10 songs,2021-03-11,50,68,0,37,0,30,-10,C Major,4,3dxmlsjBTrbJG7FzSRvU58,JPV972110311,2,ESFJ
201,僕の名前を,back number,80,3B,57,2025-04-23,04:52,56,"j-pop, j-rock",僕の名前を,2016-05-25,45,0,0,45,0,0,-4,C♯/D♭ Major,4,4q5eB08azjHq4g1vEJwOMS,JPPO01615377,2,ESFJ
202,はなびら,back number,106,10B,78,2025-04-23,04:38,62,"j-pop, j-rock",スーパースター,2011-10-26,56,0,0,47,0,10,-3,D Major,4,1FcM2ArJbO6w7iHvGoMgI7,JPPO01104950,2,ESFJ
203,あなたがここにいて抱きしめることができるなら,miwa,78,4B,57,2025-04-23,05:39,55,"j-pop, anime",miwa ballad collection 〜graduation〜,2016-02-03,56,64,0,40,0,10,-5,G#/A♭ Major,4,1AsKlgSSbIZZoTM9AMd7zB,JPU901503061,2,ESFJ
204,幸せのレシピ,HIRAIDAI,91,10B,35,2025-04-23,03:12,55,j-pop,幸せのレシピ,2025-01-10,69,83,0,52,0,10,-9,D Major,4,32FikT5AiqTb7aM6szI0sa,JPB602500125,2,ESFJ
205,僕が君に出来ること,HIRAIDAI,106,1B,42,2025-04-23,03:27,47,j-pop,Life Goes On,2021-02-10,82,73,0,69,0,40,-7,B Major,4,3URqepysnbgyVe8Gq8TZom,JPB602001886,2,ESFJ
206,陽のあたる場所へ,HIRAIDAI,180,6B,84,2025-04-23,03:52,39,j-pop,Life Goes On,2021-02-10,63,28,0,56,10,70,-5,A#/B♭ Major,4,5vZX5MC29Xee9lQq8xB9VK,JPB602002226,2,ESFJ
207,小さな丘の木の下で,HIRAIDAI,92,9B,24,2025-04-23,03:05,41,j-pop,HOPE / WISH,2022-05-09,60,69,0,65,0,10,-7,G Major,3,2Ek63Z6R2AzTG9NBVvf2fx,JPB602102342,2,ESFJ
208,素晴らしき人生,HIRAIDAI,123,10B,69,2025-04-23,03:35,48,j-pop,HOPE / WISH,2022-05-09,74,25,0,64,0,10,-5,D Major,4,5hKioOXal5ncw6ScShinpX,JPB602102623,2,ESFJ
209,愛しき日々の真ん中で,HIRAIDAI,155,3B,42,2025-04-23,03:22,41,j-pop,HOPE / WISH,2022-05-09,37,15,0,33,0,0,-6,C♯/D♭ Major,4,7uS9u4PYzCbX9rgXMBffwg,JPB602103804,2,ESFJ
210,もしも、僕がいなくても。,HIRAIDAI,145,10B,33,2025-04-23,03:18,38,j-pop,HOPE / WISH,2022-05-09,58,41,0,40,0,20,-8,D Major,4,1sEzsynUBqDt5BHhbop4yv,JPB602200362,2,ESFJ
211,Syrup,Shota Shimizu,83,4A,50,2025-04-23,02:45,40,"j-pop, j-r&b",Syrup,2025-04-16,69,27,0,62,0,40,-7,F Minor,4,6Ccjf33pkoiOkpw9iPi3ir,JPU902501171,2,ESFJ
212,夢がさめないように,Shota Shimizu,168,11A,40,2025-04-23,03:06,32,"j-pop, j-r&b",FLY,2017-06-28,76,53,1,67,20,10,-9,F#/G♭ Minor,4,5aa9v0zE1MaUqQeAlA33i0,JPU901701687,2,ESFJ
214,花,Fujii Kaze,123,4A,72,2025-04-26,04:06,66,j-pop,花,2023-10-12,77,12,1,66,0,10,-8,F Minor,4,5RIQU2JDuXC4NkLiHNNMon,JPPO02303259,2,ESFJ
216,Eureka (feat. kojikoji),"HENTAI SHINSHI CLUB,kojikoji",81,4B,58,2025-04-26,05:16,49,"j-rap, j-pop, j-r&b, japanese indie",ZURUMUKE,2021-06-16,49,43,0,25,0,10,-6,G#/A♭ Major,4,6vaMxuMCYQ717jJBEJ3BcC,JPTF02106103,2,ESFJ
217,ブルーアンバー,back number,77,7A,59,2025-05-01,03:27,77,"j-pop, j-rock",ブルーアンバー,2025-04-28,48,22,0,42,0,10,-4,D Minor,4,35MeePbBnryubkVG0v8GbI,JPPO02500904,2,ESFJ
218,完璧な二人。,HIRAIDAI,77,8B,46,2025-05-08,03:11,34,j-pop,完璧な二人。,2025-04-30,58,35,0,41,0,20,-5,C Major,4,6TGma0ABg2gHXDxMzovlwt,JPB602501643,2,ESFJ
219,ここにあるもの,HIRAIDAI,140,10B,27,2025-05-08,03:41,43,j-pop,Life Goes On,2021-02-10,63,88,0,55,0,0,-10,D Major,4,1OVaX1S5xsn6Pd3SKyj2VO,JPB602003296,2,ESFJ
1,Where We Go,"Marshmello,Thomas Rhett",136,7A,81,2026-04-25,03:16,75,"edm, country, acoustic country, pop country",Where We Go,2026-04-10,67,2,0,65,0,20,-4,D Minor,4,1aHAmd4iXRRkXIrTJwKncm,USUG12602959,2,ESFJ
4,是非题 (True Or False) - R&B版,音乐的入门到改行,96,10B,57,2026-04-23,04:02,50,"chinese r&b, mandopop, c-pop",是非题 (True Or False) [R&B版],2026-02-05,64,10,0,57,0,60,-8,D Major,4,17eNEmIeeFgTBTvS4jkAbC,HKD012777681,2,ESFJ
5,第一次爱的人 (R&B版),音乐的入门到改行,93,1B,52,2026-04-23,04:05,54,"chinese r&b, mandopop, c-pop",第一次爱的人 (R&B版),2026-01-08,67,29,0,74,0,30,-9,B Major,4,0eUOLQ9MddMRXweYy6Q5cL,QT65W2672180,2,ESFJ
7,Stay A While,"niko rain,EJEAN",126,11A,73,2026-04-24,02:48,61,,Stay A While,2024-04-12,73,25,0,77,0,20,-6,F#/G♭ Minor,4,36JmHWMB21YyrUMzTAF0xv,QZHNA2454682,2,ESFJ
8,The Thing I Love,"MAX,Andy Grammer",176,6B,55,2026-04-24,02:52,70,,The Thing I Love,2025-11-14,52,17,0,54,0,0,-6,A#/B♭ Major,4,4wsT99Vv3afkArA5SSHDsu,USA2P2558106,2,ESFJ
9,Rewind,高爾宣 OSN,98,5A,80,2026-04-23,03:04,61,"chinese r&b, chinese hip hop, mandopop, taiwanese pop, c-pop",Rewind,2026-03-03,70,6,0,35,10,10,-5,C Minor,4,65Wzl9VIDmbFULck1mHWub,FR2X42642727,2,ESFJ
10,月半弯 (R&B版),音乐的入门到改行,98,4B,42,2026-04-23,04:04,35,"chinese r&b, mandopop, c-pop",月半弯 (R&B版),2026-03-17,74,4,0,67,0,10,-13,G#/A♭ Major,4,2Z2758ryxvSn1NAdEWB4NO,QZTAT2676002,2,ESFJ
11,Losing Me,"Gabrielle Aplin,JP Cooper",134,9B,39,2026-04-23,03:01,55,,Dear Happy,2020-01-13,66,22,0,27,0,10,-8,G Major,4,0JJ1HpcYaYs9w5FdKEYh0b,GB23W1900032,2,ESFJ
13,2002,Anne-Marie,96,12A,68,2026-04-23,03:06,0,,Speak Your Mind (Deluxe),2018-04-27,70,4,0,60,10,10,-3,C♯/D♭ Minor,4,6SFStUDQZNaGPKWOx9ZiJB,GBAHS1800094,2,ESFJ
14,童话 (清新R&B) - 翻唱版,Milia,140,11B,54,2026-04-27,03:41,34,"chinese r&b, mandopop",音乐救助站,2026-01-09,54,75,0,39,0,10,-5,A Major,4,5T9RvIc1NQ8Kv0mfd1qHqP,HKD012736810,2,ESFJ
15,One Life,Dermot Kennedy,174,11A,81,2026-04-24,03:57,0,,Sonder,2022-11-18,48,23,0,38,10,20,-4,F#/G♭ Minor,4,6bB4AiK5tH13695FcNGjDY,USUG12203734,2,ESFJ
16,8 Letters - R3HAB Remix,"Why Don't We,R3HAB",103,12A,71,2026-04-24,02:12,45,"slap house, edm",8 Letters (Remixes),2019-01-14,64,24,0,58,0,30,-5,C♯/D♭ Minor,4,03enfjB0Jop0kRJx8AODM5,USAT21811058,2,ESFJ
17,Questions,"Lost Frequencies,James Arthur",124,1B,71,2026-04-25,02:57,55,"tropical house, soft pop",Questions,2022-06-03,60,41,0,52,0,20,-7,B Major,4,1cgy2FSOQMbq7DHCVgMAUA,BEHP42200001,2,ESFJ
18,月牙湾,等一下就回家,174,4B,76,2026-04-27,03:37,44,"chinese hip hop, chinese r&b, c-pop, mandopop, chinese indie",月牙湾,2022-12-30,46,38,0,35,0,30,-5,G#/A♭ Major,4,4gEoHo2OTZk2ZZc5QNtzuY,HKG732296749,2,ESFJ
19,Little Miss,GIRLSET,102,5A,52,2026-04-23,02:23,70,,Little Miss,2025-11-14,77,0,0,38,0,30,-5,C Minor,4,24GdDBCqLhHEe2cAFvgUrL,USUG12509725,2,ESFJ
20,see through,Amelia Moore,148,2B,47,2026-04-23,02:59,52,,he's just not that into you!,2024-07-26,63,46,2,45,0,10,-9,F#/G♭ Major,4,1lsJjnvmbmx1ufznwAdYku,US38Y2415652,2,ESFJ
21,greedy - Alok remix,"Tate McRae,Alok",130,9A,89,2026-04-24,02:32,57,"brazilian bass, electronic, slap house, electro house",greedy (remixes),2023-10-27,61,1,1,31,0,10,-5,E Minor,4,1RhdVvfQwmQp0bg7NF58k0,USRC12302880,2,ESFJ
23,Addicted,"Zerb,The Chainsmokers,Ink",120,4A,74,2026-04-24,02:32,79,"afro house, ",Addicted,2024-03-29,77,2,0,19,0,10,-7,F Minor,4,5ZUIPLoTLJZrPQh2kFZEUM,NLRD52350359,2,ESFJ
24,爱的回归线 - R&B版,马奇朵,136,2B,65,2026-04-24,04:17,30,chinese r&b,爱的回归线(R&B版),2025-11-28,51,9,0,21,0,0,-6,F#/G♭ Major,4,4pmmIOOncTJrtIf0Jhtnf9,KJHY63518130,2,ESFJ
25,Austin (Boots Stop Workin'),Dasha,115,8B,67,2026-04-23,02:51,84,,What Happens Now?,2024-02-16,76,46,0,74,0,10,-7,C Major,4,2uqYupMHANxnwgeiXTZXzd,QZTB92360479,2,ESFJ
26,I Just Might,Bruno Mars,103,7B,71,2026-04-23,03:32,90,,I Just Might,2026-01-09,79,5,0,88,0,10,-6,F Major,4,12bYYQaLqHliSXvRIYlq8G,USAT22509144,2,ESFJ
27,Let Her Go,"lost.,Honeyfox,Pop Mage",75,11B,34,2026-04-24,03:28,53,,Let Her Go,2021-09-17,57,85,0,24,0,30,-10,A Major,4,3CWnvlxkSWdE3obbheOCjs,QZS652133734,2,ESFJ
28,Hold On,"高爾宣 OSN,Patrick Brasca",76,11B,67,2026-04-24,03:00,60,"chinese r&b, chinese hip hop, mandopop, taiwanese pop, c-pop",Hold On,2024-06-14,59,2,0,21,0,30,-5,A Major,4,580BvW3DyUNoYFgQgoD2GI,DGA052432626,2,ESFJ
30,girls like me don't cry,thủy,110,5A,56,2026-04-23,03:33,64,,girls like me don't cry,2022-10-06,86,40,0,46,0,0,-6,C Minor,4,2DtUUBwYwEzKMTMDrc5EiO,QZLBC2200766,2,ESFJ
31,我爱他(R&B版),启鸣乐队,82,8A,75,2026-04-24,04:03,28,"chinese r&b, mandopop",我爱他(R&B版),2026-01-16,57,1,0,50,0,10,-8,A Minor,4,7L9xP6owOdsXn3APJX7jyx,QZES72642961,2,ESFJ
34,GOOD STUFF - KARINA Solo,aespa,170,11A,73,2026-04-24,02:55,66,k-pop,SYNK : aeXIS LINE - 2025 Special Digital Single,2025-11-17,75,0,0,57,10,0,-5,F#/G♭ Minor,4,19iJj3pCMwGxrA6pltPat3,KRA302500563,2,ESFJ
35,特別的人,Khalil Fong,140,1B,49,2026-04-24,04:19,71,"chinese r&b, mandopop, c-pop, taiwanese pop, cantopop",危險世界,2014-04-11,56,33,0,26,0,10,-7,B Major,4,0VTzUEuHYD8s7CgQ15cDPo,HKA351401008,2,ESFJ
36,BIBI Vengeance,BIBI,100,10A,75,2026-04-23,02:45,2,"k-pop, k-rap",Lowlife Princess: Noir,2022-11-17,44,3,0,41,0,0,-5,B Minor,4,0ra3bPUOj2YnY4FJHXtgHZ,KRE432200003,2,ESFJ
37,Dracula - JENNIE Remix,"Tame Impala,JENNIE",115,2A,79,2026-04-23,03:29,96,"neo-psychedelic, indie, k-pop",Dracula (Remix),2026-02-06,66,2,0,76,0,80,-3,D#/E♭ Minor,4,5yvVYFDUpbnjcnRBgjwTzM,USQX92600464,2,ESFJ
39,MY BAG,i-dle,94,1A,82,2026-04-23,02:40,2,k-pop,I NEVER DIE,2022-03-14,84,9,0,76,10,10,-4,G#/A♭ Minor,4,1t8sqIScEIP0B4bQzBuI2P,KRA392100087,2,ESFJ
40,you broke me first - Luca Schreiner Remix,"Tate McRae,Luca Schreiner",124,12B,83,2026-04-24,03:12,48,,you broke me first (Luca Schreiner Remix),2020-06-01,62,3,0,17,0,10,-6,E Major,4,0kTIH2zbc1jvIHoCOCoNnr,USRC12002969,2,ESFJ
42,不得不撒,"KEY.L刘聪,盛宇D-SHINE,VAVA,Vinida Weng",146,6B,80,2026-04-23,04:27,39,"chinese hip hop, chinese r&b, c-pop, mandopop, chinese indie",中國說唱巔峰對決 第六期,2022-07-30,66,33,0,79,0,10,-4,A#/B♭ Major,4,1oVRP8xLC0d0Pz18LQQr0k,CNZ852203682,2,ESFJ
44,Unstoppable,Sia,174,11B,78,2026-04-23,03:37,80,,This Is Acting (Deluxe Version),2016-10-21,47,11,0,26,0,10,-5,A Major,4,1yvMUkIOTeUNtNWlWRgANS,USRC11502934,2,ESFJ
45,Wait For You (feat. Maia Wright),"Mike Williams,Maia Wright",110,12A,74,2026-04-23,02:52,49,"future house, big room, edm, stutter house",Wait For You (feat. Maia Wright),2019-05-03,48,20,0,41,0,10,-4,C♯/D♭ Minor,4,5Gv1lrNFnL3DhiMj3JOGaX,NLZ541900623,2,ESFJ
46,Crying in the Club,Camila Cabello,85,11A,62,2026-04-23,03:36,68,,Crying in the Club,2017-05-18,33,33,0,60,30,10,-6,F#/G♭ Minor,4,1SJtlNRJDeYHioymcvsqev,USSM11704592,2,ESFJ
47,慢慢,颜人中,126,7B,27,2026-04-25,03:18,56,"mandopop, c-pop, chinese r&b",慢慢,2022-01-11,66,75,0,45,0,20,-10,F Major,4,6T9U0cmsbaooGWFe7pSE8W,HKG731542723,2,ESFJ
48,Symphony (feat. Zara Larsson),"Clean Bandit,Zara Larsson",123,5A,61,2026-04-23,03:32,84,,What Is Love? (Deluxe Edition),2018-11-30,72,24,0,45,0,10,-5,C Minor,4,72gv4zhNvRVdQA0eOenCal,GBAHS1700199,2,ESFJ
49,In My Arms,"ILLENIUM,HAYLA",142,6A,75,2026-04-25,03:28,53,"melodic bass, future bass, edm, ",ODYSSEY,2026-02-06,42,1,0,15,0,10,-3,G Minor,4,2lcYmObJNrQcgWt0ICbhrN,USUG12503877,2,ESFJ
50,La La,The Cab,110,12B,95,2026-04-23,03:25,46,,Symphony Soldier,2012-09-21,57,3,0,57,0,20,-4,E Major,4,2DFAi9HlKVHmygjr8xpicC,USJ5T1100176,2,ESFJ
51,Catch Catch,YENA,138,4A,94,2026-04-24,03:00,84,k-pop,LOVE CATCHER,2026-03-11,81,2,0,97,0,0,-3,F Minor,4,2O9bMJticxbQ8FH3NiQ7Xh,KRMIM2619092,2,ESFJ
53,Milk,Allie X,175,4B,52,2026-04-23,03:30,28,,Cape God (Deluxe),2021-11-25,44,17,0,21,0,10,-8,G#/A♭ Major,4,5EiAs4FSEj5OFwcCRShm1O,GBKPL2169490,2,ESFJ
55,MOMMAE (Feat. Ugly Duck),"Jay Park,Ugly Duck",94,8B,69,2026-04-23,03:24,70,"k-rap, k-pop",WORLDWIDE,2015-11-05,69,23,0,68,20,10,-5,C Major,4,1LNlfvPQmB0cqYJQQskZ8x,KRA351505941,2,ESFJ
56,Kings & Queens,Ava Max,130,12A,69,2026-04-23,02:42,83,,Heaven & Hell,2020-09-18,64,1,0,46,0,10,-4,C♯/D♭ Minor,4,7a53HqqArd4b9NF4XAmlbI,USAT21906943,2,ESFJ
58,Take Me Back,"ILLENIUM,Dean Lewis",134,7B,78,2026-04-25,03:02,55,"melodic bass, future bass, edm, ",ODYSSEY,2026-02-06,52,4,0,38,0,10,-2,F Major,4,1Fb7WZxrXaws0NwEWZ6dV9,USUG12509639,2,ESFJ
59,Body & Soul,Matroda,132,4B,80,2026-04-23,02:41,48,"bass house, tech house, g-house, house, electro house",Body & Soul / Winning Prize,2026-02-20,68,6,84,89,0,10,-5,G#/A♭ Major,4,1qkemFylpvVolVww5xXzHe,NLRD52426161,2,ESFJ
60,I Like You (A Happier Song) (with Doja Cat),"Post Malone,Doja Cat",101,7B,67,2026-04-23,03:12,78,,Twelve Carat Toothache,2022-06-03,73,12,0,47,0,10,-6,F Major,4,0O6u0VJ46W86TxN9wgyqDj,USUM72208023,2,ESFJ
61,情非得已（R&B）,"卷笔刀的卷,鸡毛AI电台",106,8B,54,2026-04-23,04:41,43,"chinese r&b, mandopop, c-pop",情非得已（R&B）,2026-01-30,64,9,0,49,0,10,-9,C Major,4,5mpTO5k2L0uJgEEE54TPRR,HKD012775328,2,ESFJ
62,ExtraL (feat. Doechii),"JENNIE,Doechii",140,3B,73,2026-04-23,02:47,70,"k-pop, ",ExtraL (feat. Doechii),2025-02-21,76,2,0,70,10,10,-6,C♯/D♭ Major,4,7AKwWqnoMmvCqBQtcdIECG,USQX92500264,2,ESFJ
63,Not In My League,Bazanji,123,3B,59,2026-04-23,01:57,46,,365,2024-08-09,83,3,0,38,10,10,-7,C♯/D♭ Major,4,20vBYs9aafDFEMC7EQWILi,QZMER2323907,2,ESFJ
65,What It Is (Solo Version),Doechii,172,12A,76,2026-04-23,03:09,77,,What It Is (Versions),2023-03-17,74,6,0,76,0,10,-6,C♯/D♭ Minor,4,73RbfOTJIjHzi2pcVHjeHM,USUG12301967,2,ESFJ
66,BANG BANG BANG,BIGBANG,135,4A,83,2026-04-23,03:40,1,k-pop,A,2015-06-01,69,2,0,42,0,30,-3,F Minor,4,0BU2OFDU7NvV7zza77F2YN,KRA401500556,2,ESFJ
67,New Woman (feat. ROSALÍA),"LISA,ROSALÍA",141,9B,85,2026-04-23,02:59,70,"k-pop, latin",New Woman (feat. ROSALÍA),2024-08-15,48,9,0,31,20,0,-5,G Major,5,7ov3TDp5D00Rnu5R1viX4w,USRC12402243,2,ESFJ
68,Unholy (feat. Kim Petras) - ACRAZE Remix,"Sam Smith,Kim Petras,ACRAZE",130,3B,90,2026-04-23,02:56,59,"soft pop, tech house",Unholy (feat. Kim Petras) [ACRAZE Remix],2022-10-12,75,0,0,37,10,10,-5,C♯/D♭ Major,4,2Jn3wcH9TSCFMQjlWreTft,GBUM72207129,2,ESFJ
69,I Like Me Better,Lauv,92,11B,51,2026-04-23,03:17,84,,I met you when I was 18. (the playlist),2018-05-31,75,53,0,42,20,10,-8,A Major,4,4MagTPnkPiDuIa4P8GtW1b,GBWWP1702907,2,ESFJ
70,back to friends,sombr,93,3B,72,2026-04-23,03:19,91,,back to friends,2024-12-27,44,0,0,24,0,0,-2,C♯/D♭ Major,4,0FTmksd2dxiE5e3rWyJXs6,USWB12405502,2,ESFJ
71,Winny,"Fred again..,Sammy Virji,Winny",140,3B,69,2026-04-23,04:24,60,"stutter house, house, edm, uk garage, bassline, bass house, alté, afro r&b",Winny,2025-11-21,55,0,0,9,10,30,-7,C♯/D♭ Major,4,4qhrMsB4w2pHYB3BhX5WPr,GBAHS2501369,2,ESFJ
72,Guess featuring billie eilish,"Charli xcx,Billie Eilish",130,8B,71,2026-04-23,02:23,80,"hyperpop, art pop, ",Brat and it’s completely different but also still brat,2024-10-11,78,2,21,62,0,10,-4,C Major,4,0IsIY8pfu1yaGkPUD7pkDx,USAT22406808,2,ESFJ
73,drop,Sipper,130,10A,99,2026-04-23,03:26,35,"lo-fi indie, electroclash",drop,2024-03-15,82,11,0,41,30,0,0,B Minor,4,6U4QshqhmOPOsvykk7Npmc,QZHN32468494,2,ESFJ
74,Let me go OH OH,"Tove Lo,SG Lewis",123,9A,63,2026-04-23,03:58,58,,HEAT,2024-06-14,71,0,0,75,0,10,-4,E Minor,4,1Bsj770Tk7TNGMuvNCYWZp,USA2P2430007,2,ESFJ
75,SuperLove,Charli xcx,120,6A,90,2026-04-23,03:13,44,"hyperpop, art pop",Superlove,2013-12-10,79,8,0,97,0,20,-4,G Minor,4,3VOc8XhPd85h5xQvePytPz,GBAHS1300409,2,ESFJ
76,Grapefruit,Tove Lo,105,10B,69,2026-04-23,03:51,50,,Dirt Femme,2022-10-14,72,0,0,15,0,10,-5,D Major,4,7owdogCJWuV3VFpluGIKgH,QMUY42200072,2,ESFJ
77,Desperate Measures,Marianas Trench,126,12B,84,2026-04-23,03:48,57,,Ever After,2011-11-21,62,13,0,61,0,30,-5,E Major,4,0CDUAU4qdrBWhLUsaw4TLF,CAB391100631,2,ESFJ
78,Perfect Melody,"Jonas Blue,Julian Perretta",118,1A,77,2026-04-23,02:39,59,"tropical house, ",Perfect Melody,2022-05-27,82,10,0,55,0,0,-6,G#/A♭ Minor,4,17XwUcwd6SmoypiA3tIwHH,GBUM72202782,2,ESFJ
82,What Type of X,Jessi,96,10B,69,2026-04-23,03:18,49,"k-pop, k-rap",What Type of X,2021-03-17,78,1,0,54,0,0,-4,D Major,4,0LweQRsfJ3pRAJJFy6DrR1,KRA382101660,2,ESFJ
84,Don't Go Insane,DPR IAN,115,6A,48,2026-04-23,03:24,63,k-rap,Dear Insanity...,2023-10-06,72,19,0,60,0,10,-6,G Minor,4,5LWWAw887ODAUvR2LR1kDg,QMBZ92331724,2,ESFJ
85,"someday, someone",Kenzie Cait,116,9B,73,2026-04-23,03:37,52,,"good luck, goodbye (over nostalgic edition)",2024-11-08,70,4,0,61,0,0,-4,G Major,4,6oyOlWbfcLE6ivm80VzdvE,QZWFR2457282,2,ESFJ
90,Sorry To Myself,Demi Lovato,122,9B,90,2026-04-23,03:25,58,,It’s Not That Deep,2025-10-24,66,0,0,37,0,10,-5,G Major,4,2MzIuvJzcDFEEujti2cw3u,USUG12508389,2,ESFJ
91,遗憾 (R&B版),DinDin,100,10B,33,2026-04-24,03:24,54,"chinese r&b, mandopop",遗憾 (R&B版),2026-02-03,67,64,0,38,0,60,-9,D Major,4,4YUxM3fawKgWXyOrqGvZYU,QT65Y2628754,2,ESFJ
77,Feels Like,Gracie Abrams,145,1B,48,2023-11-26,02:32,72,,This Is What It Feels Like,2021-11-12,62,70,0,18,0,10,-7,B Major,4,35IcAVSMsU9qzHfpPbvC8A,USUG12001932,2,ESFJ
94,Vroom Vroom,Charli xcx,151,1B,68,2026-04-23,03:13,71,"hyperpop, art pop",Vroom Vroom EP,2016-02-26,84,12,0,51,20,0,-6,B Major,4,5hyq3LBlCfjRQAFkdQwe8o,GBAHS1600092,2,ESFJ
95,Angel With A Shotgun,The Cab,124,10B,84,2026-04-23,03:41,1,,Symphony Soldier,2011-00-00,55,1,0,40,0,30,-5,D Major,4,49rpdsNYJirTTf6p6mMvag,USUM71300669,2,ESFJ
97,Say Yes,"Loco,Punch",95,12A,78,2026-04-24,03:38,71,"k-rap, k-pop, soundtrack, k-ballad","Moonlovers - Scarlet Heart Ryeo (Original Television Soundtrack), Pt. 2",2016-08-29,70,35,0,41,0,30,-5,C♯/D♭ Minor,4,27zrFrtUtWl2urlvjOn5xc,KRA491600541,2,ESFJ
100,特别的人 - 男声R&B氛围,小仓鼠要早睡,141,3B,45,2026-04-24,04:09,31,"chinese r&b, mandopop, c-pop",特别的人 - 男声R&B氛围,2025-12-18,52,29,0,44,0,10,-11,C♯/D♭ Major,4,6t4wBwm7H1KbrO6cASQIpT,QT6FZ2575499,2,ESFJ
105,Stay With Me,"CHANYEOL,Punch",125,5A,53,2026-04-24,03:12,71,"k-pop, soundtrack, k-ballad","Guardian (Original Television Soundtrack), Pt. 1",2016-12-03,56,43,0,20,0,10,-5,C Minor,4,1HYzRuWjmS9LXCkdVHi25K,KRA491600863,2,ESFJ
108,FIRE,EXID,130,4B,94,2026-04-23,03:27,44,k-pop,X,2022-09-29,75,1,0,87,0,20,-2,G#/A♭ Major,4,7IkuRNVAjwXpZ2DheQHL4L,KRB462201051,2,ESFJ
109,Studio54,T.O.P,130,4B,62,2026-04-24,03:32,74,"k-pop, k-rap",TOP SPOT - ANOTHER DIMENSION,2026-04-03,75,21,0,29,0,20,-5,G#/A♭ Major,4,0tAIN10sCvYnjQVx3KQdRP,KRA382601649,2,ESFJ
110,Taste,Sabrina Carpenter,113,5B,91,2026-04-24,02:37,88,pop,Short n' Sweet,2024-08-23,67,10,0,72,0,30,-4,D#/E♭ Major,4,5G2f63n7IPVPPjfNIGih7Q,USUM72404100,2,ESFJ
111,CRUSH (with ASTN & Bren Joy),"sunkis,ASTN,Bren Joy",120,4A,93,2026-04-24,03:19,53,"chinese r&b, ",CRUSH (with ASTN & Bren Joy),2024-07-19,72,2,0,95,0,10,-4,F Minor,4,1IMkI7PMzU2Cq6qnGePJ2D,QM6P42487177,2,ESFJ
112,Touch,KATSEYE,167,4A,90,2026-04-24,02:09,86,k-pop,Touch,2024-07-26,74,55,0,79,0,0,-3,F Minor,4,6aJn7Cst74cj4lNIiPRgav,USUM72407248,2,ESFJ
113,Haru Haru,BIGBANG,126,2B,91,2026-04-24,04:16,72,k-pop,Stand Up,2008-08-08,69,17,0,68,0,0,-5,F#/G♭ Major,4,1L4d2lafz1odpIMe8va21X,KRA341104530,2,ESFJ
114,Lover Girl,Laufey,88,1B,45,2026-04-24,02:44,76,,Lover Girl,2025-06-25,66,84,0,90,10,0,-7,B Major,4,6dWilYAxP2aJbTTt0UsatK,QM6N22553527,2,ESFJ
115,Back to Earth (feat. Fall Out Boy),"Steve Aoki,Fall Out Boy",128,9A,91,2026-04-24,04:03,46,"electro house, edm, emo, pop punk",Neon Future I,2014-09-29,59,3,0,21,20,0,-3,E Minor,4,1SqHHN5Mqy13gHbDGjTaU7,USUS11202721,2,ESFJ
116,I Only Smoke When I Drink,nimino,127,10A,73,2026-04-24,03:18,77,"stutter house, melodic house",I Only Smoke When I Drink,2024-08-22,88,33,1,25,10,10,-6,B Minor,4,39glDGcpBhLVMSsQhvtqHR,GBCFB2400907,2,ESFJ
117,Crazy What Love Can Do,"David Guetta,Becky Hill,Ella Henderson",123,9A,71,2026-04-24,02:49,72,"edm, ",Crazy What Love Can Do,2022-04-08,60,3,0,46,0,10,-4,E Minor,4,1WCEAGGRD066z2Q89ObXTq,UKWLG2200001,2,ESFJ
118,Never Be Alone (feat. Sonny Fodera),"Becky Hill,Sonny Fodera",127,5A,96,2026-04-24,03:09,50,house,Believe Me Now?,2024-05-31,61,2,0,42,0,40,-4,C Minor,4,3MLsgTj4GNyq6Nost2T5ya,GBUM72205897,2,ESFJ
119,Side Effects,"Becky Hill,Lewis Thompson",121,5A,83,2026-04-24,02:33,42,,Believe Me Now?,2024-05-31,75,4,0,83,0,0,-4,C Minor,4,2aAksX61WFBUxWayOhEDJn,GBUM72302579,2,ESFJ
120,Swim,Becky Hill,124,11A,89,2026-04-24,03:32,47,,Believe Me Now?,2024-05-31,62,0,0,57,0,10,-4,F#/G♭ Minor,3,5Bnm9QxfBKxc1sNvZanTBT,GBUM72311093,2,ESFJ
121,Somebody,"SUPER-Hi,Gabrielle Aplin",128,11B,94,2026-04-24,03:44,48,,Somebody,2026-03-18,66,12,1,61,0,20,-3,A Major,4,0qyO4rqD2KCnuk8I6GM6KD,QZZJS2500040,2,ESFJ
122,What Am I,Why Don't We,164,5A,65,2026-04-24,03:04,57,,What Am I,2019-08-23,61,7,0,37,0,10,-5,C Minor,4,1HimGOB6BjOaCQYMIF1xtU,USAT21904049,2,ESFJ
123,KiLL iT QUEEN,Ava Max,124,2B,73,2026-04-24,02:48,49,,Out Of Your Mind,2026-04-15,66,2,0,70,0,20,-5,F#/G♭ Major,4,3gOLuWzERJVVnds1KKjLyt,QZZ4J2600036,2,ESFJ
124,Girl's Girl,Zara Larsson,135,7A,67,2026-04-24,02:58,64,,Midnight Sun,2025-09-26,72,1,0,45,0,0,-5,D Minor,4,77jU18FIxXs5p4ebQoRrRD,USSM12502464,2,ESFJ
125,Fate,i-dle,115,8B,73,2026-04-24,02:41,62,k-pop,2,2024-01-29,87,23,0,83,10,30,-5,C Major,4,35EZ942OFUpbWWGm8TbE1D,KRA392300030,2,ESFJ
126,Strategy (from the Netflix film KPop Demon Hunters),TWICE,110,10B,70,2026-04-24,02:46,76,k-pop,STRATEGY,2024-12-06,78,21,0,61,0,30,-3,D Major,4,22fSzde77hjB052Vo155LF,US5TA2400303,2,ESFJ
127,最後一次,高爾宣 OSN,90,7B,64,2026-04-24,02:46,56,"chinese r&b, chinese hip hop, mandopop, taiwanese pop, c-pop",#osnrap,2019-04-30,71,51,0,29,0,10,-4,F Major,4,4fw4NwYVD8nLWLtKtlN8df,TWCC31900571,2,ESFJ
129,Wasted Love (feat. Lagique),"Ofenbach,Lagique",122,11A,86,2026-04-24,02:19,66,,I,2022-09-02,73,8,0,54,10,0,-5,F#/G♭ Minor,4,1cYyZ1N98GyRS3cMcccFHd,FR9W12028036,2,ESFJ
130,No Reason,"Ryan.B,effie",176,10B,49,2026-04-25,03:35,67,"chinese r&b, c-pop, mandopop, chinese hip hop",No Reason,2018-04-10,54,84,0,35,10,0,-8,D Major,4,7uwJwSKpmzZH7p7imm4f1P,FR2X41834087,2,ESFJ
131,后来 - R&B版,小卷の同学,78,8B,36,2026-04-25,04:21,0,,2026抖音最火翻唱专辑（五）,2026-03-23,63,38,0,39,0,10,-12,C Major,4,77Ex0pPyXSMl2SVcE1K8ry,HKD012801691,2,ESFJ
133,Way Back Home (feat. Conor Maynard) - Sam Feldt Edit,"SHAUN,Conor Maynard,Sam Feldt",106,6B,75,2026-04-25,03:12,71,"k-pop, tropical house",Way Back Home (feat. Conor Maynard) [Sam Feldt Edit],2018-12-21,74,27,0,45,0,20,-5,A#/B♭ Major,4,1ZLrDPgR7mvuTco3rQK8Pk,NLZ541801807,2,ESFJ
134,夢,齊翔 XIANG,86,9B,58,2026-04-27,03:07,36,"chinese r&b, chinese hip hop, taiwanese pop, mandopop, c-pop",夢,2023-07-09,58,63,0,19,0,10,-7,G Major,4,3cgbRYma9gqqKfPrSio0jd,TWCC32310328,2,ESFJ
135,等风吹,LBI利比,145,11B,70,2026-04-27,02:58,45,"chinese r&b, mandopop, c-pop",等风吹,2023-12-22,59,25,0,32,0,20,-5,A Major,4,2OA66i4OQabZO4kGir6akW,HKG731675263,2,ESFJ
136,Fall In Love,"Vicky Chen,Sophie Chen",100,5B,55,2026-04-28,03:21,41,"mandopop, taiwanese pop, c-pop, chinese r&b, chinese indie, chinese hip hop",V,2024-11-07,79,32,0,69,0,0,-5,D#/E♭ Major,4,67QPRrAAF9obWpDu5hDBDO,TWCC32417657,2,ESFJ
137,Stumblin' In,CYRIL,126,10B,52,2026-04-29,03:33,83,,Stumblin' In,2023-11-10,88,6,1,37,0,10,-8,D Major,4,0h3Xy4V4apMraB5NuM8U7Z,NLZ542301810,2,ESFJ
138,uh oh,Tate McRae,174,3A,60,2026-04-29,02:49,71,,uh oh,2022-09-30,63,26,0,37,30,10,-7,A#/B♭ Minor,4,6qmvAJSUfVGMubvI2awW7p,USRC12203443,2,ESFJ
140,Tides,"Dizzy Dizzo 蔡詩芸,高爾宣 OSN",75,11B,53,2026-04-29,02:59,46,"chinese hip hop, chinese r&b, c-pop, mandopop, taiwanese pop",SKY,2021-05-20,78,2,0,73,0,20,-7,A Major,4,3RbrcQSXMHp2UbhIdPw6OS,FR96X2106646,2,ESFJ
1,Candy,BAEKHYUN,150,10A,77,2021-11-06,03:47,58,k-pop,Delight - The 2nd Mini Album,2020-05-25,65,24,0,61,0,0,-4,B Minor,4,6kKC35sKUh2FUx4M0qAL44,KRA302000267,2,ESFJ
3,O.W.A.,Mega Shinnosuke,123,8B,83,2021-11-06,04:11,0,"japanese indie, j-pop, j-rock",HONNE,2019-06-05,79,1,67,93,0,10,-5,C Major,4,7HVFRFBKzySkRzVu8XBi89,JPJ221901261,2,ESFJ
4,HARD-CORE-GEEK,Sekaiichi,120,2B,85,2021-11-06,03:15,22,"japanese indie, j-rock",Round Table,2016-03-30,73,10,0,96,0,0,-7,F#/G♭ Major,4,0TBLF33vtPZazAHwb8XTmn,JPZ921602056,2,ESFJ
5,Lullaby,GOT7,130,8B,89,2021-11-06,03:37,0,k-pop,Present : YOU,2018-09-17,73,1,0,71,0,10,-3,C Major,4,1aDarBap4uQgOt9k4fxWd8,US5TA1800070,2,ESFJ
6,Zoo,Red Velvet,109,12A,91,2021-11-06,03:24,41,k-pop,The Red Summer - Summer Mini Album,2017-07-09,67,4,0,70,10,70,-4,C♯/D♭ Minor,4,7sEwz6PjhQ1bbSSWb6IBid,KRA301700280,2,ESFJ
7,天空パレード,Magokoro Brothers,135,12A,93,2021-11-06,03:38,4,"j-rock, kayōkyoku, j-pop, shibuya-kei",天空パレード,2020-07-08,58,0,0,87,0,10,-5,C♯/D♭ Minor,4,6zauqoo42zwKQdoD5ZJ0ug,JPTK02012260,2,ESFJ
8,Dimple,BTS,135,4A,84,2021-11-06,03:16,0,k-pop,Love Yourself 結 'Answer',2018-08-24,61,14,0,65,0,20,-5,F Minor,4,0DrxFkuc1mpxdbUbssLQ4d,QM6MZ1886134,2,ESFJ
9,Uptight (Everything's Alright),Stevie Wonder,133,4A,65,2021-11-06,02:55,0,"motown, classic soul, soul",Up-Tight Everything's Alright,1966-05-01,61,3,0,83,0,10,-10,F Minor,4,5q5q7yDHiVkBnaivsda4TN,USMO16500487,2,ESFJ
10,ROCK N HIPHOP,BTOB,133,3B,88,2021-11-06,03:39,20,"k-pop, k-ballad",Feel'eM,2017-03-06,78,16,0,92,0,10,-4,C♯/D♭ Major,4,2xH895EVwEOgIb5swG9LcV,KRA391700010,2,ESFJ
11,Blue Moon,BTOB,100,8A,81,2021-11-06,04:01,36,"k-pop, k-ballad",THIS IS US,2018-06-18,64,11,0,46,0,10,-4,A Minor,4,5E17iPn35vYM4CZzyPwgiE,KRA391800032,2,ESFJ
12,Rude,MAGIC!,144,3B,76,2021-11-08,03:44,63,,Don't Kill the Magic,2014-08-04,77,4,0,93,0,30,-5,C♯/D♭ Major,4,18n3RlT0UNcy2yHImHy8IT,CAV161300016,2,ESFJ
13,Without Me,Eminem,112,9B,67,2021-12-01,04:50,89,"rap, hip hop",The Eminem Show,2002-05-26,91,0,0,66,0,20,-3,G Major,4,7lQ8MOhq6IN2w8EYcFNSUk,USIR10211038,2,ESFJ
14,Walk This Way (feat. Aerosmith),"Run–D.M.C.,Aerosmith",105,11B,71,2021-12-12,05:10,67,"old school hip hop, east coast hip hop, hip hop, classic rock, rock",Raising Hell,1986-05-15,76,2,0,95,0,0,-8,A Major,4,6qUEOWqOzu1rLPUPQ1ECpx,USAR19900334,2,ESFJ
15,"Me, Myself & My Microphone","Living Colour,Run–D.M.C.",100,1B,93,2021-12-12,03:07,37,"funk rock, hard rock, old school hip hop, east coast hip hop, hip hop",Judgment Night,1993-06-07,61,1,0,50,10,10,-10,B Major,4,4SD1dYQDQkXQ0EByuJBpns,USLIC0601967,2,ESFJ
16,She's a Riot,The Jungle Giants,100,9B,92,2021-12-12,03:41,4,,Learn to Exist,2013-08-30,49,0,0,61,0,10,-4,G Major,4,4xy9nsO8EX4OR0c6lf0WFu,AU3J01200001,2,ESFJ
17,Surfin' U.S.A. - Remastered 2001,The Beach Boys,159,5B,85,2021-12-12,02:29,72,baroque pop,Surfin' USA (Remastered),1963-03-25,55,66,0,97,0,10,-6,D#/E♭ Major,4,0wz1LjDb9ZNEYwOmDJ3Q4b,USCA20001654,2,ESFJ
18,Fuck Wit Dre Day (And Everybody's Celebratin'),Dr. Dre,94,9B,71,2021-12-12,04:52,0,"old school hip hop, g-funk, gangster rap, west coast hip hop, hip hop, rap",The Chronic,1992-12-15,75,9,0,59,10,50,-7,G Major,4,04fX3oTJm5Zucg3Uf9aix0,USKO10403557,2,ESFJ
19,Rapp Snitch Knishes,"MF DOOM,Mr. Fantastik",95,9B,83,2021-12-13,02:52,75,"experimental hip hop, east coast hip hop, jazz rap, alternative hip hop, ",MM..FOOD,2004-11-16,73,33,0,83,20,50,-7,G Major,4,5KUNwkaNf8l5A9sXZhiCgI,USBWK0700049,2,ESFJ
20,Paradisin',Rina Sawayama,88,8B,75,2021-12-16,03:06,39,,SAWAYAMA,2020-04-17,59,2,0,61,0,10,-3,C Major,4,0e1yfIkdDkvhSo2dFYCZIL,GBK3W1901226,2,ESFJ
21,Fresh Squeezed,Duncan Fellows,110,8B,75,2021-12-16,03:29,36,,Both Sides of the Ceiling,2017-08-25,45,11,1,54,0,20,-6,C Major,4,3W3YJYPXgzGeb6l8DnKLmY,TCADD1708952,2,ESFJ
22,ないものねだり - Revenge THE FIRST TAKE,"KANA-BOON,もっさ",88,12A,81,2021-12-16,04:16,52,"anime, j-rock, j-pop, ",ないものねだり - Revenge THE FIRST TAKE,2020-09-04,56,1,0,69,0,0,-4,C♯/D♭ Minor,4,43QSsuxazI8xms29SYCtxh,JPU902001797,2,ESFJ
23,FREE,POLKADOT STINGRAY,132,2B,83,2021-12-16,02:53,24,"polka, japanese indie, j-rock, j-pop",FREE,2020-07-17,68,9,0,93,0,0,-4,F#/G♭ Major,4,6GCTebSskiQ9X4MzswUhBc,JPPO02001803,2,ESFJ
24,ICHIDAIJI,POLKADOT STINGRAY,142,8A,82,2021-12-16,04:21,45,"polka, japanese indie, j-rock, j-pop",有頂天,2019-02-06,56,14,0,75,0,0,-2,A Minor,4,4a7PpWQhMWEIePrVZuOUhj,JPPO01801482,2,ESFJ
25,Girls Girls Girls,GOT7,90,3A,89,2021-12-16,03:33,0,k-pop,Identify,2014-11-28,80,9,0,50,0,0,-4,A#/B♭ Minor,4,5rfxbeN9vD4YGrSbumvloY,US5TA1400002,2,ESFJ
26,Left & Right,SEVENTEEN,150,11A,83,2022-11-29,03:21,62,k-pop,Heng:garæ,2020-06-22,73,15,0,95,10,0,-4,F#/G♭ Minor,4,5QGooKayQPVZMUDc8Qt3Dm,KRA872000004,2,ESFJ
27,Outro : Ego,BTS,117,8B,90,2021-12-16,03:16,0,k-pop,MAP OF THE SOUL : 7,2020-02-21,81,1,0,47,10,10,-3,C Major,4,3r9FFjLrAIQjoR8pSHVPC9,QM4TX2001957,2,ESFJ
28,Touch It,EXO,110,4A,92,2021-12-16,03:29,44,k-pop,THE WAR - The 4th Album,2017-07-18,70,16,0,87,10,0,-3,F Minor,4,1SKltjAmqarrBgHW5HrcKW,KRA301700308,2,ESFJ
29,딱 좋아(Just right),GOT7,96,10A,78,2021-12-16,03:42,0,k-pop,Just right,2015-07-13,76,23,0,74,0,10,-3,B Minor,4,2zSwsJyjrP0G8wUm0eiSuw,US5TA1500041,2,ESFJ
30,Heaven,EXO,92,4A,84,2021-12-16,03:45,0,k-pop,EX'ACT - The 3rd Album,2016-06-09,70,3,0,76,10,0,-4,F Minor,4,7wlPyCWaTMfkYyalMq5jU2,KR-A30-16-00170,2,ESFJ
31,Motivation,Normani,171,12B,89,2021-12-17,03:13,66,,Motivation,2019-08-16,60,2,0,88,10,30,-4,E Major,4,0rIAC4PXANcKmitJfoqmVm,USRC11901655,2,ESFJ
33,World's Smallest Violin,AJR,116,7B,70,2021-12-17,03:00,1,,OK ORCHESTRA,2021-03-26,68,12,0,68,0,60,-7,F Major,4,3jHBgKdLCf46aP3HRI0WYv,QMRSZ2003324,2,ESFJ
34,365 FRESH,Triple H,108,3B,84,2021-12-17,03:39,46,k-pop,199X,2017-05-01,82,19,0,84,0,20,-5,C♯/D♭ Major,4,5G8YqJQ6oyPkxBSjpkCVRy,KRA391700014,2,ESFJ
35,Drop That,EXO,102,10A,97,2021-12-17,03:36,40,k-pop,COUNTDOWN,2018-01-31,64,1,0,52,10,30,-3,B Minor,4,16cZrEkjD2RZMAmVtLPKQ8,JPB601504018,2,ESFJ
36,Good as Hell (feat. Ariana Grande) - Remix,"Lizzo,Ariana Grande",96,4A,89,2021-12-17,02:39,59,pop,Good as Hell (feat. Ariana Grande) [Remix],2016-00-00,67,30,0,48,0,70,-3,F Minor,4,07Oz5StQ7GRoygNLaXs2pd,USAT21906086,2,ESFJ
37,BOOMBOOM,SEVENTEEN,108,4B,81,2021-12-17,03:26,55,k-pop,Seventeen 3rd Mini Album ’Going Seventeen’,2016-12-05,85,3,0,69,0,10,-3,G#/A♭ Major,4,0pWxUlYb3EM2WkcTJfwBdP,KRA381602511,2,ESFJ
38,Baked Plum Cake,Brian the Sun,182,2B,96,2021-12-17,03:58,0,"anime, j-rock, japanese indie",Baked Plum Cake,2013-03-13,41,15,0,65,0,30,-3,F#/G♭ Major,4,6CAUIYrurFD3hAo1aFqFr9,JPZ921301034,2,ESFJ
39,It's Tricky,Run–D.M.C.,128,10A,86,2021-12-17,03:03,68,"old school hip hop, east coast hip hop, hip hop",Raising Hell,1986-05-15,97,0,0,95,10,0,-8,B Minor,4,6jBCehpNMkwFVF3dz4nLIW,USAR18600005,2,ESFJ
40,Hope World,j-hope,117,3B,90,2021-12-17,03:24,0,"k-pop, k-rap",Hope World,2018-03-02,71,1,0,77,10,60,-4,C♯/D♭ Major,4,3xngVLz4NYEshyX3aRRXgf,QMDA61890751,2,ESFJ
41,ソフトビニールフィギア,SUDA MASAKI,132,3A,90,2021-12-17,04:14,15,j-pop,Long Hope Philia,2018-08-01,67,0,0,92,0,10,-3,A#/B♭ Minor,4,6FBrPGoyidQj614Lf28eQb,JPU901801742,2,ESFJ
42,Intro : Persona,BTS,87,8A,87,2021-12-17,02:51,0,k-pop,MAP OF THE SOUL : 7,2020-02-21,47,3,0,65,30,30,-4,A Minor,4,2BgZrbbAZxSnyE7U5efVrG,QM6MZ1917907,2,ESFJ
43,CLAP,SEVENTEEN,100,4B,92,2021-12-18,02:47,62,k-pop,"SEVENTEEN 2ND ALBUM 'TEEN, AGE' (2)",2017-11-06,72,14,0,83,0,40,-3,G#/A♭ Major,4,19t5GSN3XsLB7UOsZD8Fwv,KRA381702569,2,ESFJ
44,Feel,Triple H,98,10B,86,2021-12-18,03:29,0,k-pop,REtro Futurism,2018-07-18,76,7,0,69,10,10,-2,D Major,4,5Zk9gbNpNiVnXedVlTUr2p,KRA391800040,2,ESFJ
45,Don't Stop,5 Seconds of Summer,150,4B,96,2021-12-18,02:49,62,,5 Seconds Of Summer,2014-06-27,57,0,0,89,0,0,-3,G#/A♭ Major,4,4PCVZGch6Q57RVAcai9L8u,GBUM71401467,2,ESFJ
46,War of Hormone,BTS,98,11B,99,2022-01-01,04:25,0,k-pop,Dark & Wild,2014-08-20,61,12,0,49,20,30,-2,A Major,4,3D26URfsMlCNaa51mj9jOt,KRA381208690,2,ESFJ
47,Downtown Bus,Ariel Acosta 5tet,100,8B,81,2022-01-09,04:17,18,"jazz funk, jazz fusion",Downtown Bus,2018-08-30,68,2,79,74,0,10,-7,C Major,4,4Qdc5E7tlfwxaoV4dPClYY,ushm81885961,2,ESFJ
48,Old Time Rock & Roll,Bob Seger,124,2B,93,2022-02-05,03:14,1,classic rock,Stranger In Town,1978-05-05,71,22,0,96,0,0,-3,F#/G♭ Major,4,1lhpxZT57yw5toGJtt8fGE,USCA28600270,2,ESFJ
49,Too Dumb to Die,Green Day,167,11B,97,2022-02-06,03:23,47,"punk, pop punk",Revolution Radio,2016-10-07,41,0,0,61,0,40,-4,A Major,4,3QWgLzCrAVkmw5eoHPN5uB,USRE11600434,2,ESFJ
50,Undercover,SHINee,128,5A,61,2022-03-04,03:10,28,k-pop,The Story of Light' Epilogue - The 6th Album,2018-09-10,75,12,0,83,10,0,-6,C Minor,4,4f33ChV7VFwn8aLn1kdCFZ,KRA301800372,2,ESFJ
51,"Love, Love, Love",Bobby Hebb,140,3B,74,2022-03-04,03:02,0,"northern soul, classic soul",Sunny,1966-01-01,68,90,83,97,0,10,-10,C♯/D♭ Major,4,4xFjcxpbaBEeQyub5EsrZK,USIR20110300,2,ESFJ
52,MAMA,BTS,186,4A,74,2022-03-04,03:32,0,k-pop,Wings,2016-10-10,54,0,0,47,20,0,-5,F Minor,4,5U1XqpEGLeDd48dDFNqQEC,KRA381601898,2,ESFJ
53,Outro: Wings,BTS,125,10A,90,2022-03-04,03:45,0,k-pop,You Never Walk Alone,2017-02-13,65,1,0,66,10,0,-3,B Minor,4,1yEzWCIc2MUt9Fw1p25YUo,KRA381700255,2,ESFJ
54,Body Rock,"Mos Def,Q-Tip,Tash",93,3B,60,2022-03-17,05:11,39,"east coast hip hop, old school hip hop, hip hop, west coast hip hop",Lyricist Lounge Vol. 1,2002-01-01,83,32,0,66,40,50,-8,C♯/D♭ Major,4,7qxMoa63PAfPZSYafDeHij,USRW50200166,2,ESFJ
55,No More ?'s,Eazy-E,106,9B,81,2022-03-22,03:54,72,"old school hip hop, gangster rap, west coast hip hop, g-funk",Eazy-Duz-It,1988-09-13,94,1,0,62,20,30,-5,G Major,4,7y9yjpRtZajYzVpXHRjwGz,USPO10000858,2,ESFJ
56,Wannabe,Spice Girls,110,1B,86,2022-04-09,02:53,83,,Spice,1996-01-01,77,10,0,89,0,10,-6,B Major,4,1Je1IMUlBXcx1Fz0WE7oPT,GBAAA9600008,2,ESFJ
57,러시안 룰렛 Russian Roulette,Red Velvet,130,6A,90,2022-04-10,03:31,73,k-pop,Russian Roulette - The 3rd Mini Album,2016-09-07,73,6,0,96,0,10,-2,G Minor,4,5HiSc2ZCGn8L3cH3qSwzBT,KRA301600315,2,ESFJ
58,Togenkyo To Taxi,Mega Shinnosuke,126,10B,81,2022-04-10,04:58,3,"japanese indie, j-pop, j-rock",Togenkyo To Taxi,2019-06-05,68,2,7,89,0,10,-6,D Major,4,3R60XK5itnYkiQkopv7rKE,JPJ221901260,2,ESFJ
59,Blueberry Eyes (feat. SUGA of BTS),"MAX,SUGA",150,5A,61,2022-04-10,02:52,53,k-pop,Colour Vision,2020-09-18,75,45,0,41,10,10,-7,C Minor,4,6sI8Q7TTJeA9exw6hxEqq3,USQX92000866,2,ESFJ
60,Beef FloMix,Flo Milli,117,10A,73,2022-04-13,02:27,65,,"Ho, why is you here ?",2020-07-24,88,22,0,91,10,20,-4,B Minor,4,7qdFz1dTJqgdVe6NA4F4DP,SE5BU1969470,2,ESFJ
61,B For My Name,Beastie Boys,95,10B,67,2022-04-17,03:31,0,"rap rock, old school hip hop, east coast hip hop, hip hop",The Mix-Up,2007-01-01,74,0,87,56,0,30,-11,D Major,4,3yTSfs23jlTlN5P50qdJLW,USCA20703336,2,ESFJ
62,The New Style,Beastie Boys,99,11A,79,2022-04-17,04:35,52,"rap rock, old school hip hop, east coast hip hop, hip hop",Licensed To Ill,1986-11-15,58,3,0,69,40,20,-7,F#/G♭ Minor,4,0Mu1MYdE414HeybYSms5KK,USDJ28600002,2,ESFJ
63,"Feels (feat. Pharrell Williams, Katy Perry & Big Sean)","Calvin Harris,Pharrell Williams,Katy Perry,Big Sean,Funk Wav",101,10A,75,2022-04-17,03:43,82,"edm, pop, ",Funk Wav Bounces Vol.1,2017-06-30,89,6,0,87,0,0,-3,B Minor,4,5bcTCxgc7xVfSaMV3RuVke,GBARL1700772,2,ESFJ
64,What You Know,Two Door Cinema Club,139,11A,76,2022-04-19,03:09,77,"indie, indie rock",Tourist History,2010-03-01,55,0,0,82,0,0,-4,F#/G♭ Minor,4,4JHg4nNYUJQ5HULcCmI18R,FRU700900116,2,ESFJ
65,Fly Me To The Moon - 2008 Remastered,"Frank Sinatra,Count Basie",120,9A,30,2022-04-24,02:27,68,"christmas, big band, adult standards, swing music, jazz, vocal jazz",Nothing But The Best (2008 Remastered),2008-05-13,62,55,0,38,0,0,-12,E Minor,4,7FXj7Qg3YorUxdrzvrcY25,USRH10723029,2,ESFJ
66,Wakusei loop,Eve,170,6B,80,2022-05-08,03:27,42,"anime, j-pop, j-rock, vocaloid, japanese indie",OFFICIAL NUMBER,2016-10-19,44,0,0,30,0,0,-5,A#/B♭ Major,4,08oABwy91rrSwXd5I36QdE,JPTE01607100,2,ESFJ
67,Very Special - Remastered,Duke Ellington,95,9B,55,2022-05-15,04:26,32,"jazz, big band, swing music, cool jazz, jazz ballads",Money Jungle,1962-00-00,59,50,0,71,0,20,-9,G Major,4,1eLKRJTsopYSLP7Uo6YwIG,USBN20200155,2,ESFJ
68,Low (feat. T-Pain),"Flo Rida,T-Pain",128,3A,61,2022-05-30,03:51,87,,Mail on Sunday,2008-03-17,92,9,0,30,0,10,-6,A#/B♭ Minor,4,0CAfXk7DXMnon4gLudAp7J,USAT20705841,2,ESFJ
69,WOW,BTOB,110,11B,96,2022-05-30,03:37,51,"k-pop, k-ballad",Press Play,2012-09-12,74,0,0,41,0,30,-1,A Major,4,21CJvM7HXrI80aDHz2MES4,KRA391200612,2,ESFJ
70,A Brand New Day (BTS World Original Soundtrack) [Pt. 2],"BTS,Zara Larsson",105,1A,50,2022-06-14,03:25,0,"k-pop, ",BTS WORLD (Original Soundtrack),2019-06-28,80,34,0,70,0,10,-7,G#/A♭ Minor,4,4g4ME9bHxuhzZMfNHlHlb5,QM6N21956069,2,ESFJ
71,i,Kendrick Lamar,122,3A,88,2022-06-21,03:51,70,"hip hop, west coast hip hop",i,2014-09-23,76,2,0,90,0,20,-5,A#/B♭ Minor,4,7wdzLe2Gsx1RGqbvYZHASz,USUM71414120,2,ESFJ
72,LOVE TRIP (2019),the peggies,168,4B,89,2022-06-21,04:29,38,"anime, j-rock, j-pop, japanese indie",Hell like Heaven,2019-02-06,43,0,0,62,0,30,-3,G#/A♭ Major,4,4MbrIDEE7UjWV3khKjDZrh,JPU901804249,2,ESFJ
73,Harder Than You Think,Public Enemy,104,10A,85,2022-06-21,04:09,64,"old school hip hop, east coast hip hop, hip hop, hardcore hip hop",How You Sell Soul to a Soulless People Who Sold Their Soul?,2007-08-07,48,3,0,77,20,0,-4,B Minor,4,5YpZh8wfS4moRBk0ijNcXr,USTC10778807,2,ESFJ
74,Anoko secret,Eve,160,11A,95,2022-07-03,03:53,56,"anime, j-pop, j-rock, vocaloid, japanese indie",Bunka,2017-12-20,50,0,0,75,0,20,-2,F#/G♭ Minor,4,67gYAheGPb06KwCkuAaHbF,JPZ921708223,2,ESFJ
75,狙うは君のど真ん中,SHISHAMO,175,3B,84,2022-07-03,03:30,39,"japanese indie, j-rock, j-pop",狙うは君のど真ん中,2022-02-02,52,0,0,66,0,0,-3,C♯/D♭ Major,4,18M01aXh4GEOOwsRr33SCz,JPPO02105370,2,ESFJ
76,BLUE,POLKADOT STINGRAY,130,11B,83,2022-07-03,02:12,35,"polka, japanese indie, j-rock, j-pop",全知全能,2017-11-08,67,2,0,72,0,10,-3,A Major,4,2MiJj91oagOUSukOpumukQ,JPPO01705911,2,ESFJ
77,好き好き！,SHISHAMO,130,10B,85,2022-07-03,03:21,39,"japanese indie, j-rock, j-pop",SHISHAMO 4,2017-02-22,60,1,0,80,0,0,-4,D Major,4,3aMpIgo7DfBl7Hk6i8ncke,JPPO01623379,2,ESFJ
78,DENKOUSEKKA,POLKADOT STINGRAY,145,12A,94,2022-07-03,03:45,40,"polka, japanese indie, j-rock, j-pop",有頂天,2019-02-06,60,7,0,85,20,0,-3,C♯/D♭ Minor,4,4F32PqWZOPn2l8148QSlsT,JPPO01900002,2,ESFJ
79,ラブ (feat. pH-1),"indigo la End,pH-1",126,8B,93,2022-07-03,02:52,30,"japanese indie, j-pop, j-rock, k-rap",ラブ (feat. pH-1),2021-10-01,67,3,0,77,0,10,-3,C Major,4,0A1yFx07FIenKVyNhpQEPN,JPWP02101009,2,ESFJ
80,Jungle Boogie,Kool & The Gang,108,7B,84,2022-07-03,03:06,0,"disco, funk",Wild And Peaceful,1973-09,81,10,0,71,10,30,-9,F Major,4,4qxCDr5DquZsfaK7lvnY9G,USPR37308011,2,ESFJ
81,Bad Reputation,Joan Jett & the Blackhearts,204,2B,97,2022-07-04,02:49,62,rock,Bad Reputation (Expanded Edition),1981-01-23,38,0,1,82,10,0,-4,F#/G♭ Major,4,7pu8AhGUxHZSCWTkQ2eb5M,USBH18000101,2,ESFJ
82,When I Rule the World,LIZ,129,1A,63,2022-07-10,03:05,55,hyperpop,When I Rule the World,2015-07-17,77,1,0,82,10,20,-4,G#/A♭ Minor,4,7nu0Lc0jJltztDxsGeoPiG,USSM11503890,2,ESFJ
83,Mambo No. 5 (a Little Bit of...),Lou Bega,174,4A,81,2022-07-10,03:40,80,,A Little Bit of Mambo,1999-07-19,62,10,0,89,40,30,-7,F Minor,4,6x4tKaOzfNJpEJHySoiJcs,DEH259900010,2,ESFJ
84,Don't Stop Me Now - Remastered 2011,Queen,156,7B,87,2022-07-10,03:29,78,"classic rock, rock, glam rock",Jazz (Deluxe Remastered Version),1978-11-10,56,5,0,60,10,70,-5,F Major,4,7hQJA50XrCWABAu5v6QZ4i,GBUM71029610,2,ESFJ
85,Good Girls,5 Seconds of Summer,141,12B,91,2022-07-11,03:26,55,,5 Seconds Of Summer,2014-06-27,53,2,0,58,0,10,-5,E Major,4,0BO6iWcPj20UGEl224pHWA,GBUM71401915,2,ESFJ
86,Baby I'm Burnin',Dolly Parton,134,8B,83,2022-07-15,02:37,49,"country, classic country",Heartbreaker,1978-00-00,75,5,44,97,0,10,-10,C Major,4,2Asiem9O0YGuvvoAkz8aSq,USRN17800016,2,ESFJ
87,Fire Brain,Kroi,116,4A,78,2022-07-15,03:40,42,"j-r&b, j-pop",Fire Brain,2019-12-18,71,10,0,95,0,10,-6,F Minor,4,6xQlyfluHpsywky6j6VXDl,TCJPK1908329,2,ESFJ
88,Sk8er Boi,Avril Lavigne,150,8B,90,2022-07-16,03:24,82,,Let Go,2002-06-04,49,0,0,48,0,30,-4,C Major,4,00Mb3DuaIH1kjrwOku9CGU,USAR10200229,2,ESFJ
90,Super Bass,Nicki Minaj,127,1B,86,2022-07-23,03:20,80,,Pink Friday (Complete Edition),2010-11-22,72,27,0,67,20,60,-4,B Major,4,3hlksXnvbKogFdPbpO9vel,USCM51000734,2,ESFJ
91,Starships,Nicki Minaj,125,10A,72,2022-07-23,03:30,81,,Pink Friday: Roman Reloaded The Re-Up (Explicit Version),2012-01-01,75,14,0,75,0,20,-2,B Minor,4,2EBCVPNAG46nbgs6jXPGvv,USCM51200060,2,ESFJ
92,Good to Me,SEVENTEEN,140,10A,83,2022-07-31,03:09,0,k-pop,SEVENTEEN 6TH MINI ALBUM 'YOU MADE MY DAWN',2019-01-21,65,14,0,82,0,0,-4,B Minor,4,2ujZatFh8uZMkiBTu2z7AH,KRA381900182,2,ESFJ
93,ロキ,Mikito P,150,10A,99,2022-08-12,03:50,56,vocaloid,DAISAN WAVE,2018-11-18,55,0,0,70,10,30,-3,B Minor,4,5WCK18MbTKuOcmLsOXMaHd,JPA651804343,2,ESFJ
94,HER,Block B,162,4B,90,2022-08-12,02:59,62,k-pop,HER,2014-07-24,65,5,0,86,10,10,-2,G#/A♭ Major,4,4jQDaI7FRGaDB0llURpnNf,KRA491401408,2,ESFJ
95,Gee,Girls' Generation,100,12A,93,2022-08-12,03:21,71,k-pop,Oh! - The Second Album,2010-01-28,76,28,0,74,0,10,-1,C♯/D♭ Minor,4,0t7kjpVLgOYITrSfFCoBEA,KRA340918957,2,ESFJ
96,Converse High,BTS,98,3B,79,2022-08-12,03:29,61,k-pop,The Most Beautiful Moment in Life Pt.1,2015-04-29,72,6,0,82,0,20,-4,C♯/D♭ Major,4,6ZITsss1URNOIKhniylpBP,KRA381210520,2,ESFJ
97,Runaway Baby,Bruno Mars,164,3A,76,2022-08-12,02:28,78,,Doo-Wops & Hooligans,2010-05-11,66,26,0,82,0,10,-3,A#/B♭ Minor,4,7hCNBVRhHzcsRAv0TQnOzq,USAT21001885,2,ESFJ
98, Geddit  or  The Commodity of Tenacity,Rav,150,10B,83,2022-08-12,02:07,40,, Geddit  or  The Commodity of Tenacity,2017-04-20,65,0,0,88,30,70,-4,D Major,4,4DgOjITaSwhAKFtY2IcjdT,QZBRF1896528,2,ESFJ
99,Boyz with Fun,BTS,116,12A,96,2022-08-12,04:04,65,k-pop,The Most Beautiful Moment in Life Pt.1,2015-04-29,70,8,0,75,10,30,-3,C♯/D♭ Minor,4,1sz4drpDPpHVrPUgnXGaNn,KRA381210519,2,ESFJ
100,U Can't Touch This,MC Hammer,133,10A,52,2022-08-12,04:17,76,,Please Hammer Don't Hurt 'Em,1990-02-20,87,0,0,86,0,0,-13,B Minor,4,1B75hgRqe7A4fwee3g3Wmu,USCA29000294,2,ESFJ
101,99 Problems,JAŸ-Z,90,11A,89,2022-08-12,03:54,65,"hip hop, east coast hip hop, rap",The Black Album,2003-11-14,49,1,0,55,40,10,-4,F#/G♭ Minor,4,7sLpSWxQazJzDVG6YGzlVs,USDJ20301460,2,ESFJ
102,Kitty Kat,Megan Thee Stallion,126,11B,86,2022-08-12,02:05,70,,Something for Thee Hotties,2021-10-29,98,1,0,88,0,0,-4,A Major,4,6DoGtGyDgv5mVxeCpP92tX,QMCE32100958,2,ESFJ
103,X Gon' Give It To Ya,DMX,95,3A,90,2022-08-13,03:37,73,"east coast hip hop, old school hip hop, hardcore hip hop",The Definition Of X: Pick Of The Litter,2007-06-12,76,1,0,67,10,0,-3,A#/B♭ Minor,4,1zzxoZVylsna2BQB65Ppcb,USDJ20201342,2,ESFJ
104,Mo Money Mo Problems (feat. Puff Daddy & Mase) - 2014 Remaster,"The Notorious B.I.G.,Mase,Diddy",105,11A,88,2022-08-13,04:17,76,"old school hip hop, gangster rap, east coast hip hop, hip hop",Life After Death (2014 Remastered Edition),1997-03-04,85,1,0,90,0,20,-5,F#/G♭ Minor,4,4INDiWSKvqSKDEu7mh8HFz,USAT21402732,2,ESFJ
105,Chernobyl Hamster,Nuclear Rabbit,160,3B,89,2022-08-13,04:25,23,"avant-garde, funk rock",Vicuna,1997-00-00,44,2,14,85,10,0,-7,C♯/D♭ Major,4,1F7yim7NuDxQj7NO1jwnd1,TCABC1128471,2,ESFJ
106,What the Hell,Avril Lavigne,150,11A,93,2022-08-13,03:40,79,,Goodbye Lullaby (Expanded Edition),2011-03-08,58,0,1,88,0,10,-4,F#/G♭ Minor,4,2z4U9d5OAA4YLNXoCgioxo,USRC11000915,2,ESFJ
107,Sway - Sped Up Version,Michael Bublé,162,10B,67,2022-08-13,02:27,0,christmas,Sway (Sped Up Version),2022-05-13,61,73,0,87,0,0,-6,D Major,4,3P4Lsg2MNqG8XLXZJUo4GT,USRE12200386,2,ESFJ
108,Another One Bites The Dust - Remastered 2011,Queen,110,4A,53,2022-08-13,03:34,83,"classic rock, rock, glam rock",The Game (2011 Remaster),1980-06-27,93,11,31,75,10,10,-6,F Minor,4,5vdp5UmvTsnMEMESIF2Ym7,GBUM71029605,2,ESFJ
109,724148,Agust D,90,9A,96,2022-08-13,03:05,0,"k-pop, k-rap",Agust D,2016-08-16,68,1,0,59,30,0,-3,E Minor,4,5io5w3uHAYTw74Sr8oHVEL,KRA381601471,2,ESFJ
110,Captain Hook,Megan Thee Stallion,164,3A,63,2022-08-13,02:56,65,,Suga,2020-03-06,86,1,0,55,20,20,-5,A#/B♭ Minor,4,1E3VQQWFQAPJkXfYHjqWoI,QMCE32000098,2,ESFJ
111,LOST IN PARADISE,"ALI,AKLO",122,11A,90,2022-08-13,05:27,69,"anime, j-pop, j-rap, j-r&b",LOST IN PARADISE,2020-10-10,65,10,0,73,0,0,-5,F#/G♭ Minor,4,7kRKlFCFLAUwt43HWtauhX,JPU902002384,2,ESFJ
112,The Next Episode,"Dr. Dre,Snoop Dogg",95,3A,91,2022-08-13,02:41,82,"old school hip hop, g-funk, gangster rap, west coast hip hop, hip hop, rap",2001,1999-11-16,92,3,0,31,20,0,-2,A#/B♭ Minor,4,4LwU4Vp6od3Sb08CsP99GC,USIR19915078,2,ESFJ
113,Barbie Dreams,Nicki Minaj,88,1A,79,2022-08-13,04:39,58,,Queen,2018-08-10,85,31,0,70,30,10,-4,G#/A♭ Minor,4,6Poyf51k7W3NKnsGwAI90B,USCM51800139,2,ESFJ
114,Loose Change (feat. Earl Sweatshirt),"The Alchemist,Earl Sweatshirt",86,11B,63,2022-08-13,01:58,57,"alternative hip hop, jazz rap, experimental hip hop, boom bap",This Thing Of Ours,2021-04-30,51,15,0,36,10,10,-8,A Major,4,2Z5MbKovyels3EXitye0eo,USUYG1366152,2,ESFJ
115,Hypnotize - 2007 Remaster,The Notorious B.I.G.,94,11B,69,2022-08-13,03:50,73,"old school hip hop, gangster rap, east coast hip hop, hip hop",Greatest Hits,2007-03-02,90,18,0,63,20,20,-4,A Major,4,6Tsu3OsuMz4KEGKbOYd6A0,USBB40706425,2,ESFJ
116,cold weather,glass beach,155,6B,66,2022-08-14,02:18,52,,the first glass beach album,2019-05-18,34,0,0,68,0,10,-4,A#/B♭ Major,4,50u2y4zgROMZq2db8Qx94B,QZES91985633,2,ESFJ
117,S.L.U.T.,Bea Miller,95,4A,77,2022-08-14,02:59,61,,aurora,2018-02-23,72,6,0,72,0,10,-4,F Minor,4,6h3lMAmmpQDFqoHk9F99IR,USHR11738178,2,ESFJ
118,Rigamortus,Kendrick Lamar,178,10B,81,2022-08-15,02:48,0,"hip hop, west coast hip hop",Section.80,2011-07-02,52,24,0,63,40,20,-6,D Major,4,2b3KgzISdjZVNPJJ1945nw,USUYG1008111,2,ESFJ
119,Deal with the devil,Tia,142,10B,94,2022-08-16,04:42,58,anime,Deal with the devil,2017-08-23,49,2,0,69,10,30,-2,D Major,4,2qEIVphvwMEkE35CXxdWAT,JPT551700466,2,ESFJ
120,Signs,"Snoop Dogg,Charlie Wilson,Justin Timberlake",113,9B,71,2022-08-16,03:56,72,"g-funk, west coast hip hop, gangster rap, old school hip hop, hip hop, rap, sexy drill, ",R&G (Rhythm & Gangsta): The Masterpiece,2004-01-01,93,3,0,61,10,10,-5,G Major,4,4HSAJpNocVNJbwbQvtCMdO,USMC10400893,2,ESFJ
121,Crush,SEVENTEEN,110,8B,79,2022-09-04,02:49,57,k-pop,SEVENTEEN 9th Mini Album 'Attacca',2021-10-22,85,13,0,88,0,20,-4,C Major,4,68kHuoBxtNcWZWxBu1V007,USA2P2135690,2,ESFJ
122,Shut Up And Drive,Rihanna,133,3B,83,2022-09-19,03:32,68,,Good Girl Gone Bad: Reloaded,2007-03-31,74,0,12,76,0,20,-5,C♯/D♭ Major,4,7AQjiRtIpr33P8UT98iveh,USUM70734703,2,ESFJ
123,Livin' la Vida Loca,Ricky Martin,178,12A,95,2022-10-04,04:03,80,"latin pop, latin",Ricky Martin,1999-00-00,43,0,0,93,0,0,-4,C♯/D♭ Minor,4,0Ph6L4l8dYUuXFmb71Ajnd,NLB639920005,2,ESFJ
124,Party In The U.S.A.,Miley Cyrus,96,3A,70,2022-10-08,03:22,84,,The Time Of Our Lives (International Version),2009-01-01,65,0,0,47,0,0,-5,A#/B♭ Minor,4,3E7dfMvvCLUddWissuqMwr,USHR10924519,2,ESFJ
125,Crazy In Love (feat. JAY-Z),"Beyoncé,JAŸ-Z",99,7A,76,2022-10-08,03:55,81,"hip hop, east coast hip hop, rap",Dangerously In Love,2003-03-10,66,0,0,70,20,0,-7,D Minor,4,0TwBtDAWpkpM3srywFVOV5,USSM10305425,2,ESFJ
127,Super Freaky Girl,Nicki Minaj,133,10B,89,2022-11-02,02:50,68,,Super Freaky Girl,2022-08-12,95,6,0,91,20,30,-3,D Major,4,4C6Uex2ILwJi9sZXRdmqXp,USUM72215262,2,ESFJ
128,Guitar (Stroke of Love),BTOB,174,9A,81,2022-11-13,03:34,25,"k-pop, k-ballad",Brother Act.,2017-10-16,59,10,0,39,20,10,-4,E Minor,4,1qTKy7T9EJe0Ry8syIkPMm,KRA391700061,2,ESFJ
129,I Like It,"Cardi B,Bad Bunny,J Balvin",136,4A,73,2022-11-15,04:13,83,"reggaeton, trap latino, latin, urbano latino",Invasion of Privacy,2018-04-06,82,10,0,65,10,30,-4,F Minor,4,58q2HKrzhC3ozto2nDdN4z,USAT21801431,2,ESFJ
130,すきっ！,Tokimeki Sendenbu,163,6B,95,2022-11-29,05:16,40,j-pop,ときおとめ,2018-03-28,57,2,0,45,0,30,-2,A#/B♭ Major,4,70IVQO4Pfr0oMszh7KLfjK,JPPO01801317,2,ESFJ
131,What U do?,EXO,110,2B,83,2022-11-30,03:41,44,k-pop,THE WAR - The 4th Album,2017-07-18,53,1,0,66,10,30,-4,F#/G♭ Major,4,5NB0u5gWcwH1D6y3euVSKI,KRA301700305,2,ESFJ
132,Hey Lover,The Daughters Of Eve,128,6A,48,2022-12-07,02:24,72,,Hey Lover / Stand by Me,1966-02-05,48,26,0,69,0,30,-11,G Minor,4,0bhwnn2xqnBUcMZDcXNuII,QM4TW2176822,2,ESFJ
133,Thrift Shop (feat. Wanz),"Macklemore & Ryan Lewis,Macklemore,Ryan Lewis,Wanz",95,11A,53,2022-12-21,03:55,81,"g-funk, west coast hip hop",The Heist,2012-10-09,78,6,0,67,20,0,-7,F#/G♭ Minor,4,6CjtS2JZH9RkDz5UVInsa9,GMM881200003,2,ESFJ
134,Pon de Replay,Rihanna,99,9B,63,2022-12-21,04:06,65,,Music Of The Sun,2005-08-29,76,0,0,51,10,10,-8,G Major,4,3U3Ff8ZvL6oEu1r98gCCWW,USIR20500331,2,ESFJ
135,Great Balls Of Fire,Jerry Lee Lewis,176,8B,90,2023-01-05,02:33,65,"rockabilly, rock and roll, boogie-woogie",Great Balls Of Fire,1989-01-01,39,12,1,87,0,20,-11,C Major,4,5jw1zzcYFivmuJK52JrnMK,USF068926550,2,ESFJ
136,TiK ToK,Kesha,120,7A,84,2023-01-07,03:19,86,,Animal (Expanded Edition),2010-01-01,76,10,0,71,10,20,-3,D Minor,4,0HPD5WQqrq7wPWR7P7Dw1i,USRC10900433,2,ESFJ
137,Teenage Dream,Katy Perry,120,6B,80,2023-01-07,03:47,70,pop,Teenage Dream,2010-08-24,72,2,0,59,0,10,-5,A#/B♭ Major,4,235LXPXfi0SmOaS9TaCh3c,USCA21001255,2,ESFJ
138,Forget You,CeeLo Green,127,8B,88,2023-01-07,03:42,53,,The Lady Killer (The Platinum Edition),2010-11-09,70,13,0,77,0,10,-4,C Major,4,6zKMARmU2Ue50cucKnIUR6,USAT21001778,2,ESFJ
139,Born This Way,Lady Gaga,124,1B,83,2023-01-07,04:20,75,"art pop, pop",Born This Way (International Special Edition Version),2011-05-23,59,0,0,49,10,30,-5,B Major,4,30XU4suKzCeoCK9YFzdufg,USUM71100638,2,ESFJ
140,Glad You Came,The Wanted,127,6A,85,2023-01-07,03:17,79,,Battleground (Deluxe Edition),2011-01-01,72,3,0,45,0,10,-4,G Minor,4,5yDL13y5giogKs2fSNf7sj,GBUM71104495,2,ESFJ
141,I Love It (feat. Charli XCX),"Icona Pop,Charli xcx",126,4B,91,2023-01-07,02:37,68,"hyperpop, art pop",THIS IS... ICONA POP,2013-08-23,71,1,0,82,0,10,-3,G#/A♭ Major,4,1rhXXcrYp9RRObN5gsmqCU,SEWEE1200301,2,ESFJ
142,Get Lucky (Radio Edit) [feat. Pharrell Williams and Nile Rodgers],"Daft Punk,Pharrell Williams,Nile Rodgers",116,11A,81,2023-01-07,04:07,82,"french house, electronic, electro, ",Get Lucky (Radio Edit) [feat. Pharrell Williams and Nile Rodgers],2013-04-19,79,4,0,86,0,10,-9,F#/G♭ Minor,4,2Foc5Q5nqNiosCNqttzHof,USQX91300809,2,ESFJ
143,Shower,Becky G,120,10B,53,2023-01-07,03:26,84,"reggaeton, latin",Shower,2014-04-23,70,3,0,12,0,20,-8,D Major,4,3DmW6y7wTEYHJZlLo1r6XJ,USRC11400866,2,ESFJ
144,Sing,Ed Sheeran,120,1A,67,2023-01-07,03:55,69,soft pop,x (Deluxe Edition),2014-06-21,82,30,0,94,0,0,-4,G#/A♭ Minor,4,6K8qKeWo5MsFED7wCR6Kop,GBAHS1400082,2,ESFJ
145,Uptown Funk (feat. Bruno Mars),"Mark Ronson,Bruno Mars",115,8B,61,2023-01-07,04:29,87,,Uptown Special,2015-01-12,86,1,0,93,0,0,-7,C Major,4,32OlwWuMpZ6b0aN2RZOeMS,GBARL1401524,2,ESFJ
146,The Feels,TWICE,120,11B,90,2023-01-12,03:18,73,k-pop,Formula of Love: O+T=<3,2021-11-12,81,9,0,92,0,0,-2,A Major,4,308Ir17KlNdlrbVLHWhlLe,US5TA2100080,2,ESFJ
148,Pretty U,SEVENTEEN,155,4B,93,2023-01-12,03:27,64,k-pop,SEVENTEEN 1ST ALBUM [FIRST ‘LOVE&LETTER’],2016-04-25,64,2,0,88,10,0,-3,G#/A♭ Major,4,1117juaaAkSIUsQxTmmcKM,KRA381600780,2,ESFJ
149,Hips Don't Lie (feat. Wyclef Jean),"Shakira,Wyclef Jean",100,3A,82,2023-01-14,03:38,19,"latin pop, ","Oral Fixation, Vol. 2 (Expanded Edition)",2005-11-28,78,28,0,76,0,40,-6,A#/B♭ Minor,4,3ZFTkvIE7kyPt6Nu3PEa7V,USSM10600677,2,ESFJ
2,404: HOME NOT FOUND,Paul Partohap,80,7B,43,2026-02-09,03:36,48,indonesian r&b,404: HOME NOT FOUND,2025-11-19,54,59,0,36,0,10,-8,F Major,3,4hcfM7tc2BdXSmBHEYgf8q,DGA072517636,2,ESFJ
5,"honestly, maybe",kanegi.,177,2B,21,2026-02-09,03:19,52,,archives 11,2025-09-05,50,68,0,24,0,20,-15,F#/G♭ Major,4,1gUp71RjPyqAGUs90l6qWX,QZZ7Q2561664,2,ESFJ
6,Who Knows,Daniel Caesar,121,4A,26,2026-02-11,03:46,90,,Son Of Spergy,2025-10-24,67,76,0,39,0,30,-15,F Minor,4,6DH13QYXK7lKkYHSU88N48,USUG12505893,2,ESFJ
7,Regent's Park,Bruno Major,63,3B,33,2026-03-09,02:57,57,,To Let A Good Thing Die,2020-06-05,65,76,0,37,20,10,-11,C♯/D♭ Major,4,2qiDXgq5fL1FetkhX5xi9L,GBKPL2090016,2,ESFJ
78,Mess It Up,Gracie Abrams,133,8B,58,2023-11-26,02:51,77,,Mess It Up,2021-05-07,77,25,0,36,10,10,-5,C Major,4,0PLhwCmQ7cC3ThRGPn3HxF,USUG12001931,2,ESFJ
79,Strawberries & Cigarettes,Troye Sivan,84,11B,54,2023-11-26,03:21,72,,Strawberries & Cigarettes,2018-03-16,58,16,0,25,0,0,-9,A Major,4,3afkJSKX0EAMsJXTZnDXXJ,AUUM71701204,2,ESFJ
80,Dandelions,Ruth B.,117,3B,69,2023-11-26,03:53,86,,Safe Haven,2017-05-05,61,2,0,45,0,0,-3,C♯/D♭ Major,3,2eAvDnpXP5W0cVtiI0PUxV,USSM11703468,2,ESFJ
81,Honeymoon Avenue,Ariana Grande,125,1A,61,2023-11-26,05:39,68,pop,Yours Truly,2013-01-01,69,22,0,45,0,30,-5,G#/A♭ Minor,4,5SmXEPnevlRjBPWBG7oKIi,USUM71310260,2,ESFJ
82,"thank u, next",Ariana Grande,107,3B,65,2023-11-26,03:27,84,pop,"thank u, next",2019-02-08,72,23,0,41,0,10,-6,C♯/D♭ Major,4,3e9HZxeyfWwjeyPAMmWSSQ,USUM71819361,2,ESFJ
83,Daydreamin',Ariana Grande,114,9B,65,2023-11-26,03:31,67,pop,Yours Truly,2013-01-01,68,23,0,32,0,50,-6,G Major,3,2CcQDI2IDhHbmBIFup58JE,USUM71310266,2,ESFJ
85,mirrorball,Taylor Swift,110,10B,41,2023-11-26,03:28,73,,folklore,2020-07-24,55,69,0,38,0,0,-10,D Major,4,0ZNU020wNYvgW84iljPkPP,USUG12002840,2,ESFJ
87,teenage dream,Olivia Rodrigo,135,8B,22,2023-11-26,03:42,73,,GUTS,2023-09-08,43,84,0,12,0,10,-12,C Major,4,7fesNTgTEMEH0ye8MOgEDY,USUG12305003,2,ESFJ
88,"I miss you, I’m sorry",Gracie Abrams,110,9B,46,2023-11-26,02:47,82,,minor,2020-07-14,45,73,0,15,0,10,-6,G Major,5,4nyF5lmSziBAt7ESAUjpbx,USUG11903591,2,ESFJ
89,This Love (Taylor’s Version),Taylor Swift,144,12B,49,2023-11-26,04:10,68,,1989 (Taylor's Version),2023-10-26,47,30,0,5,0,0,-9,E Major,4,5QVVjX0ZItqlVpEuVCM9Yg,USUG12200219,2,ESFJ
92,Ho Hey,The Lumineers,80,8B,47,2023-11-26,02:43,5,"folk pop, indie folk",The Lumineers (Deluxe Edition),2012-00-00,68,77,0,42,0,0,-9,C Major,4,1K3LRUEcUz5FMtPYyg0F45,USDMG1260805,2,ESFJ
12,Jump Then Fall (Taylor’s Version),Taylor Swift,160,10B,69,2023-11-26,03:57,61,,Fearless (Taylor's Version),2021-04-09,57,5,0,62,0,0,-6,D Major,4,2m3ObD945KvpE5y9A1eUWm,USUG12100630,2,ESFJ
151,シルエット,KANA-BOON,91,10B,93,2023-01-22,04:00,6,"anime, j-rock, j-pop",Time,2015-01-21,44,0,14,38,0,30,-3,D Major,4,21z1GxeHjfD3qkaF5CgCTO,JPU901401691,2,ESFJ
152,ピースサイン - Peace Sign,Kenshi Yonezu,100,3A,94,2023-01-22,03:58,3,"j-pop, anime, j-rock",BOOTLEG,2017-11-01,59,0,0,62,0,30,-4,A#/B♭ Minor,4,5aHfGUxRec6c41luxkDqhX,JPU901701672,2,ESFJ
153,California Gurls,"Katy Perry,Snoop Dogg",125,8B,76,2023-01-24,03:54,77,"pop, g-funk, west coast hip hop, gangster rap, old school hip hop, hip hop, rap",Teenage Dream: The Complete Confection,2012-03-12,79,0,0,43,0,10,-4,C Major,4,6tS3XVuOyu10897O3ae7bi,USCA21001135,2,ESFJ
154,My Name Is,Eminem,86,3B,68,2023-01-25,04:28,75,"rap, hip hop",The Slim Shady LP,1999-02-23,87,4,0,82,30,0,-6,C♯/D♭ Major,4,75IN3CtuZwTHTnZvYM4qnJ,USIR19902059,2,ESFJ
155,The Real Slim Shady,Eminem,105,4A,66,2023-01-25,04:44,86,"rap, hip hop",The Marshall Mathers LP,2000-05-23,95,3,0,76,0,0,-4,F Minor,4,3yfqSUWxFvZELEM4PmlwIR,USIR10000448,2,ESFJ
156,Where Have You Been,Rihanna,128,5A,85,2023-02-04,04:02,79,,Talk That Talk,2011-11-19,72,0,2,44,0,20,-6,C Minor,4,3tyPOhuVnt5zd5kGfxbCyL,USUM71118074,2,ESFJ
157,Only Girl (In The World),Rihanna,126,10A,71,2023-02-04,03:55,89,,Loud,2010-01-01,79,11,0,64,0,0,-4,B Minor,4,2ENexcMEMsYk0rVJigVD3i,USUM71023200,2,ESFJ
158,On The Floor,"Jennifer Lopez,Pitbull",130,2A,78,2023-02-04,04:44,85,,Love?,2011-04-29,73,11,0,57,0,0,-5,D#/E♭ Minor,4,3C0nOe05EIt1390bVABLyN,USUM71104034,2,ESFJ
159,Can't Hold Us (feat. Ray Dalton),"Macklemore,Ryan Lewis,Macklemore & Ryan Lewis,Ray Dalton",146,10B,92,2023-02-20,04:18,81,,The Heist,2012-10-09,64,3,0,85,0,0,-4,D Major,4,3bidbhpOYeV4knp8AIu8Xn,GMM881200021,2,ESFJ
160,We Found Love,"Rihanna,Calvin Harris",128,3B,77,2023-03-27,03:35,81,edm,Talk That Talk,2011-11-19,74,3,0,60,0,10,-4,C♯/D♭ Major,4,0U10zFw4GlBacOy9VDGfGL,USUM71115507,2,ESFJ
162,Paradise,BTS,140,7B,83,2023-04-08,03:31,66,k-pop,Love Yourself 轉 'Tear',2018-05-18,55,21,0,93,30,0,-6,F Major,4,1YO4xJXhh9A1Feg9k8xuy2,QM4TX1817915,2,ESFJ
163,Lush Life,Zara Larsson,98,6A,71,2023-04-26,03:20,77,,So Good,2017-03-17,69,13,0,80,0,20,-4,G Minor,4,2kvgmr5CFhSvleQqTjB3eP,SEWEE1500509,2,ESFJ
164,Mansae,SEVENTEEN,112,9B,96,2023-05-09,03:06,59,k-pop,SEVENTEEN 2nd Mini Album ‘BOYS BE’,2015-09-10,75,5,0,76,0,10,-2,G Major,4,5rIsrawNyPv1q8v11iwJsh,KRA381500160,2,ESFJ
165,My My,SEVENTEEN,100,8B,88,2023-05-21,03:05,54,k-pop,Heng:garæ,2020-06-22,68,14,0,56,0,0,-3,C Major,4,4rnvC8St4YDHGuQdBEByRz,KRA872000006,2,ESFJ
166,Love Story (Taylor’s Version),Taylor Swift,119,10B,79,2023-05-29,03:55,77,,Fearless (Taylor's Version),2021-04-09,63,13,0,42,0,0,-4,D Major,4,6YvqWjhGD8mB5QXcbcUKtx,USUG12100342,2,ESFJ
168,Ain't No Mountain High Enough,"Marvin Gaye,Tammi Terrell",130,9B,60,2023-06-10,02:31,86,"motown, classic soul, soul, northern soul, quiet storm",United,1967-08-29,66,43,0,80,0,10,-11,G Major,4,7tqhbajSfrz2F7E1Z75ASX,USMO16700534,2,ESFJ
