#,Song,Artist,BPM,Camelot,Energy,Added At,Duration,Popularity,Genres,Album,Album Date,Dance,Acoustic,Instrumental,Valence,Speech,Live,Loud (Db),Key,Time Signature,Spotify Track Id,ISRC,song_frequency
9,End Game,"Taylor Swift,Ed Sheeran,Future",159,10B,59,2022-03-27,04:04,74,"soft pop, rap",reputation,2017-11-10,65,1,0,15,0,10,-6,D Major,4,2x0WlnmfG39ZuDmstl9xfX,USCJY1750004,1
14,My Body's Made of Crushed Little Stars,Mitski,82,9B,75,2022-03-27,01:56,60,,Puberty 2,2016-06-17,20,0,0,33,0,40,-8,G Major,4,00ZprREYIexO3pgJlPgPau,USJ5G1612307,2
15,It's Everyday Bro,"Jake Paul,Team 10",150,12A,71,2022-03-27,03:37,45,,It's Everyday Bro,2017-05-30,79,0,0,56,20,10,-8,C♯/D♭ Minor,5,4l62h4tiuUwn7eD6hxMlVQ,USUYG1143894,1
18,Regular - Korean Version,NCT 127,134,8A,80,2022-03-27,03:37,48,"k-pop, noise music",NCT #127 Regular-Irregular - The 1st Album,2018-10-12,73,24,0,88,0,20,-5,A Minor,4,2lAxhE5s3x7OS9sfhsgT1F,KRA301800424,2
21,Boy in Luv,BTS,166,8B,95,2022-03-27,03:50,73,k-pop,Skool Luv Affair,2014-02-12,49,0,0,47,30,30,-2,C Major,4,3FnDv33WrrMtuEr7hNR3ev,KRA341404052,3
25,Two Trucks,Lemon Demon,114,8A,39,2022-03-27,04:07,46,,Nature Tapes,2014-11-02,76,5,0,90,0,10,-13,A Minor,4,1s5A0u1dnAeVNur5nPkCpD,TCACB1427915,4
27,Touch You,"遠野高志,加島優,矢口恭介,ジミー,百合絢斗,田村唯,明美圭一,糸目幸士郎,鹿谷樹",135,1A,96,2022-03-27,03:26,69,anime,アニメ『ヤリチン☆ビッチ部』主題歌「Touch You」,2018-08-15,60,1,0,80,0,10,-3,G#/A♭ Minor,4,6qWEpnyU43Bcrx3vfbGuVm,JPV431800250,3
28,Burning Up (Fire),BTS,100,3A,71,2022-03-27,03:23,76,k-pop,The Most Beautiful Moment in Life: Young Forever,2016-05-02,63,0,0,53,0,10,-3,A#/B♭ Minor,4,0aE3V0zgSD2YwkEHW42gxG,KRA381600800,2
29,Animal,AURORA,128,2A,62,2022-03-27,03:35,48,"norwegian pop, art pop",A Different Kind Of Human – Step 2,2019-06-07,63,8,0,26,0,20,-6,D#/E♭ Minor,4,0iBeCjWB1PuItkjfrE1Ch1,GBUM71807807,1
31,HOT,TWICE,120,12A,57,2022-03-27,02:57,45,k-pop,FANCY YOU,2019-04-22,76,1,0,77,0,0,-7,C♯/D♭ Minor,4,5Tfp6aW5UTGvul246N5aS0,US5TA1900045,1
32,Body Electric,Lana Del Rey,168,12A,49,2022-03-27,03:53,30,,Born To Die - The Paradise Edition,2012-11-12,25,47,0,10,0,0,-9,C♯/D♭ Minor,3,03cCUxiLIcZj1brSJzqmPE,GBUM71205882,1
36,Moves Like Jagger,"Maroon 5,Christina Aguilera",128,10A,75,2022-03-27,03:22,72,"pop, ",Singles,2015-09-25,72,1,0,60,0,30,-4,B Minor,4,1r299qCKBLgUS9XJ9m1kEx,USUM71109132,4
38,Dionysus,BTS,176,9B,91,2022-03-27,04:09,69,k-pop,MAP OF THE SOUL : PERSONA,2019-04-12,50,4,0,59,10,30,-3,G Major,4,2Wkm4JBcIV2uSuu4qlbqFN,QM6MZ1917913,1
39,MIROH,Stray Kids,126,11B,98,2022-03-27,03:27,66,"k-pop, noise music",Clé 1 : MIROH,2019-03-25,56,1,0,51,10,20,-3,A Major,4,2sFWzfV3kqAwXEWM9BjzwH,US5TA1900035,2
42,Turn the Lights Off,Tally Hall,189,2B,70,2022-03-27,02:56,63,,Good & Evil,2011-06-21,39,14,0,77,0,10,-7,F#/G♭ Major,4,3xpdefOloYCBXd3UR6MVyM,TCAAX1184873,1
45,Hollywood,MARINA,123,8B,83,2022-03-27,03:50,52,,The Family Jewels,2009-07-15,58,0,0,73,0,30,-5,C Major,4,4tpBNDfGcKSOBZWYP4Flbv,GBFFS0900126,1
47,Bitch Lasagna,"pewdiepie,Party in Backyard",150,10B,79,2022-03-27,02:14,51,,Bitch Lasagna,2018-11-06,80,1,0,54,20,10,-5,D Major,4,1AKGJQIHP3dIPuhOjdxD6a,SEYOK1860691,2
52,LALISA,LISA,150,4B,65,2022-03-27,03:20,70,k-pop,LALISA,2021-09-10,81,3,0,85,0,10,-6,G#/A♭ Major,4,7uQZVznj0uQOGC9KhV2Mg6,KRA402100098,3
54,So What,LOONA,125,1B,94,2022-03-27,03:18,47,k-pop,[#],2020-02-05,61,10,0,53,20,20,-3,B Major,4,1ry2mTVmAJHbNLzl5qww5v,KRA382000125,2
58,Easy,Stray Kids,144,11A,81,2022-03-27,03:03,62,"k-pop, noise music",GO LIVE,2020-06-17,70,0,0,39,0,40,-5,F#/G♭ Minor,4,4s9diT9GXpI7QiysMkoANG,US5TA2000038,2
59,"1, 3, 2 (JEONGYEON, MINA, TZUYU)",TWICE,89,5A,88,2022-03-27,03:18,50,k-pop,Formula of Love: O+T=<3,2021-11-12,66,8,0,71,0,20,-3,C Minor,4,6bS9w12VuyaqkbNKnw5zZE,US5TA2100110,2
62,Kick It,NCT 127,167,9B,85,2022-03-27,03:53,0,"k-pop, noise music",NCT #127 Neo Zone - The 2nd Album,2020-03-06,68,3,0,51,0,0,-2,G Major,4,1ayaOin9hxCtyhg4UsBTpg,KRA302000069,2
64,E-GIRLS ARE RUINING MY LIFE!,"CORPSE,Savage Ga$p",85,3B,94,2022-03-27,01:45,63,trap metal,E-GIRLS ARE RUINING MY LIFE!,2020-09-25,61,0,0,39,10,10,-7,C♯/D♭ Major,4,7bCfHiRcfUjG0YVVNUL7Ve,QZK6M2028073,2
65,LAST WALTZ,TWICE,142,6A,77,2022-03-27,02:50,53,k-pop,Formula of Love: O+T=<3,2021-11-12,80,21,0,61,10,0,-3,G Minor,4,39kH6C2twlYjyssIW02sbr,US5TA2100104,1
66,DUN DUN,EVERGLOW,103,10A,88,2022-03-27,03:12,63,"k-pop, noise music",reminiscence,2020-02-03,69,5,0,43,0,10,-3,B Minor,4,3ejAkJLWQSEJDqDXxK3efB,KRMIM2001491,3
67,MOONLIGHT,TWICE,116,4A,70,2022-03-27,03:39,56,k-pop,Formula of Love: O+T=<3,2021-11-12,81,2,0,96,0,0,-5,F Minor,4,14k4ALBLN2FjtELYDcQUoi,US5TA2100099,1
69,Make A Wish (Birthday Song),NCT U,101,4B,80,2022-03-27,03:49,60,"k-pop, noise music",NCT RESONANCE Pt. 1 - The 2nd Album,2020-10-12,73,6,0,69,10,0,-2,G#/A♭ Major,4,1Q5SpQeocfNXefx76svqkl,KRA302000484,2
70,Strawberry Moon,TWICE,107,12A,87,2022-03-27,03:23,46,k-pop,Kura Kura,2021-05-12,69,19,0,60,0,0,-3,C♯/D♭ Minor,4,23VWZ6sTNXZaa3zXkwJm7g,JPWP02170304,1
71,Scandal,TWICE,119,7A,87,2022-03-27,02:43,47,k-pop,Taste of Love,2021-06-11,90,4,0,66,0,0,-3,D Minor,4,2fluM1mE0tKQ6rvM77Vr11,US5TA2100024,1
72,Savage,Megan Thee Stallion,169,1B,74,2022-03-27,02:35,67,,Suga,2020-03-06,84,3,0,68,30,10,-6,B Major,4,55CHeLEfn5iJ0IIkgaa4si,QMCE32000097,2
73,Never Be Me,Miley Cyrus,165,12A,56,2022-03-27,03:35,58,,Plastic Hearts,2020-11-27,48,6,0,15,0,30,-8,C♯/D♭ Minor,4,1M7qLcfozANPcMKfgMEHOt,USRC12003760,2
74,Face Off,"Tech N9ne,Joey Cool,King Iso,Dwayne Johnson",81,4B,94,2022-03-27,03:39,63,"horrorcore, ",ASIN9NE,2021-10-08,69,18,0,39,20,10,-4,G#/A♭ Major,4,6M47gaKejso9772SKTa3yH,USZHR2100088,1
75,REWIND,TWICE,82,7B,73,2022-03-27,03:00,58,k-pop,Formula of Love: O+T=<3,2021-11-12,67,77,0,44,10,30,-5,F Major,4,4BBnKqIS2pj2hX0zm0CZZx,US5TA2100106,1
76,F.I.L.A (Fall In Love Again),TWICE,118,10A,89,2022-03-27,03:11,50,k-pop,Formula of Love: O+T=<3,2021-11-12,76,9,0,65,0,20,-3,B Minor,4,4O1WbQwMV0W6Y2dUCvwoBx,US5TA2100103,1
78,Miss The Rage (feat. Playboi Carti),"Trippie Redd,Playboi Carti",77,4B,86,2022-03-27,03:56,4,"melodic rap, rage rap",Miss The Rage (feat. Playboi Carti),2021-05-07,58,1,0,37,10,80,-6,G#/A♭ Major,4,2BITQ360Knh6qNAOqR7Dyq,QZJ842000983,1
80,iD,ITZY,120,10A,85,2022-03-27,03:26,38,k-pop,Not Shy,2020-08-17,94,18,1,80,10,30,-3,B Minor,4,6jfwYW9fmEAbbRxx42F5Kw,US5TA2000077,1
82,CACTUS,TWICE,170,1B,62,2022-03-27,03:37,50,k-pop,Formula of Love: O+T=<3,2021-11-12,51,12,0,22,0,10,-4,B Major,4,5TYy2SgTQUv6YGWHbryUV8,US5TA2100107,1
83,B[OO]M-BOXX,ITZY,125,8A,93,2022-03-27,03:13,40,k-pop,CRAZY IN LOVE,2021-09-24,86,7,0,74,0,0,-2,A Minor,4,2RMQFfyDZEyF6Bm8lCdEYu,US5TA2100055,1
84,Flicker,ENHYPEN,85,3A,76,2022-03-27,02:24,61,k-pop,BORDER : DAY ONE,2020-11-30,66,1,0,55,0,10,-5,A#/B♭ Minor,4,3TgPwLFXV6GEIsDZANHktY,USA2P2041801,1
85,"We Go (Bang Chan, Changbin, HAN)",Stray Kids,174,4A,94,2022-03-27,02:37,56,"k-pop, noise music",IN LIFE,2020-09-14,65,7,0,29,0,0,-4,F Minor,4,5GhuFbB6NjKzehvws0GGUP,US5TA2000101,1
87,KIDDING ME,ITZY,138,4B,77,2022-03-27,03:33,43,k-pop,GUESS WHO,2021-04-30,76,22,0,42,0,10,-4,G#/A♭ Major,4,74WtkDIkOXTtEVO4TatDMX,US5TA2100005,3
88,Coin,IU,118,3B,88,2022-03-27,03:13,50,"k-pop, k-ballad",IU 5th Album 'LILAC',2021-03-25,73,1,0,71,10,30,-3,C♯/D♭ Major,4,7CZRguMolNqIobnXxpV735,KRA382102079,1
89,Bad Alive,WayV,142,2A,91,2022-03-27,03:49,41,"k-pop, c-pop, noise music",Awaken The World - The 1st Album,2020-06-09,66,4,0,53,0,20,-3,D#/E♭ Minor,4,5xfGmBYIy5EfWvqlT9vkRB,KRA302000311,1
90,TA,Stray Kids,126,9B,96,2022-03-27,03:28,56,"k-pop, noise music",GO LIVE,2020-06-17,64,0,0,49,20,30,-3,G Major,4,1DOBBWtkabIjo955KkMLuQ,US5TA2000044,1
92,Sexting,Bo Burnham,120,9B,61,2022-03-27,03:21,0,comedy,Inside (The Songs),2021-06-10,76,28,0,53,0,10,-6,G Major,4,2JpoMxTbzx4xbGT81AnPQI,USA2P2122063,1
93,ПОСОСИ,MORGENSHTERN,129,9A,76,2022-03-27,02:10,48,,ПОСОСИ,2020-06-06,95,9,0,68,30,30,-4,E Minor,4,4dgkXOOCKsEKgBgZbAankr,RUA582103967,1
94,Punch,NCT 127,91,3B,92,2022-03-27,03:24,0,"k-pop, noise music",NCT #127 Neo Zone: The Final Round - The 2nd Album Repackage,2020-05-19,64,4,0,51,10,10,-3,C♯/D♭ Major,4,0O22hXRIdbyrnMQk7VldC9,KRA302000222,1
95,Still Be Friends (feat. Tory Lanez & Tyga),"G-Eazy,Tory Lanez,Tyga",104,6A,76,2022-03-27,03:33,61,,Still Be Friends (feat. Tory Lanez & Tyga),2020-02-07,80,1,0,28,0,0,-5,G Minor,4,0JjM9bKm4wrwohMslcm892,USRC12000525,2
96,TANK,NMIXX,180,8B,93,2022-03-27,02:48,0,k-pop,AD MARE,2022-02-22,64,3,0,50,20,40,-5,C Major,4,3ucx0k0IosRjrsmQc34zUW,US5TA2100137,1
98,Flux,Poppy,128,4A,97,2022-03-27,05:00,0,,Flux,2021-07-30,56,0,53,39,20,30,-6,F Minor,4,59yzTH5FEyyaDXs5Qo5aq7,USYFZ2149501,1
6,Hey Daddy (Daddy's Home),USHER,96,1B,70,2026-03-11,03:44,83,r&b,Raymond v Raymond (Expanded Edition),2010-03-30,59,0,0,35,0,10,-4,B Major,4,030OCtLMrljNhp8OWHBWW3,USLF21000011,2
24,Perfect,One Direction,100,10A,82,2026-03-11,03:50,83,,Made In The A.M. (Deluxe Edition),2015-11-13,65,6,0,40,0,10,-5,B Minor,4,3NLnwwAQbbFKcEcV8hDItk,GBHMU1500104,1
25,Lean On (feat. MØ & DJ Snake),"Major Lazer,MØ,DJ Snake",98,6A,81,2026-03-11,02:56,65,"moombahton, ",Peace Is The Mission (Extended),2019-03-05,72,0,0,27,0,50,-3,G Minor,4,3qTT9L5f68FWVkaYqHjKpq,QMUY41500008,1
26,Moves Like Jagger,"Maroon 5,Christina Aguilera",128,10A,75,2026-03-11,03:22,72,"pop, ",Singles,2015-09-25,72,1,0,60,0,30,-4,B Minor,4,1r299qCKBLgUS9XJ9m1kEx,USUM71109132,4
27,Die Young,Kesha,128,12A,70,2026-03-11,03:31,82,,Warrior (Expanded Edition),2012-11-30,71,0,0,80,0,20,-5,C♯/D♭ Minor,4,7EQGXaVSyEDsCWKmUcfpLk,USRC11201008,5
30,MIROH,Stray Kids,126,11B,98,2026-03-11,03:27,66,"k-pop, noise music",Clé 1 : MIROH,2019-03-25,56,1,0,51,10,20,-3,A Major,4,2sFWzfV3kqAwXEWM9BjzwH,US5TA1900035,2
32,You Can't Hide,"Ck9c,Elizabeth Ann",87,3A,55,2026-03-11,04:28,65,,You Can't Hide,2017-03-18,74,15,0,71,0,10,-8,A#/B♭ Minor,4,32filOsmivxaFHKLX6Ixth,QM4DW1761421,1
35,Bitch Lasagna,"pewdiepie,Party in Backyard",150,10B,79,2026-03-11,02:14,51,,Bitch Lasagna,2018-11-06,80,1,0,54,20,10,-5,D Major,4,1AKGJQIHP3dIPuhOjdxD6a,SEYOK1860691,2
36,International Love (feat. Chris Brown),"Pitbull,Chris Brown",120,5A,86,2026-03-11,03:47,84,r&b,Planet Pit (Deluxe Version),2011-06-17,67,1,0,65,0,30,-3,C Minor,4,62zFEHfAYl5kdHYOivj4BC,USJAY1100015,2
37,Swalla (feat. Nicki Minaj & Ty Dolla $ign),"Jason Derulo,Nicki Minaj,Ty Dolla $ign",98,3B,79,2026-03-11,03:36,72,trap soul,Swalla (feat. Nicki Minaj & Ty Dolla $ign),2017-02-23,69,15,0,75,10,20,-5,C♯/D♭ Major,4,6kex4EBAj0WHXDKZMEJaaF,USWB11700237,1
43,Really Don't Care,"Demi Lovato,Cher Lloyd",121,9B,73,2026-03-11,03:21,72,,Demi,2013-01-01,71,12,0,85,0,10,-4,G Major,4,5vTPxzm4h2bY9rYyVrGEU5,USHR11334431,3
45,Beautiful Now,"Zedd,Jon Bellion",128,10A,83,2026-03-11,03:38,73,"edm, ",True Colors,2015-05-15,63,1,0,56,0,0,-4,B Minor,4,2ISSQPb9LHHiV6ng2NXosL,USUM71505090,1
46,Versace on the Floor,Bruno Mars,174,10B,57,2026-03-11,04:21,85,,24K Magic,2016-11-18,58,20,0,30,0,0,-6,D Major,4,0kN8xEmgMW9mh7UmDYHlJP,USAT21602949,2
54,KICK BACK,Kenshi Yonezu,102,3B,94,2026-03-11,03:13,75,"j-pop, anime, j-rock",KICK BACK,2022-10-12,58,0,0,29,10,0,-5,C♯/D♭ Major,4,3khEEPRyBeOUabbmOPJzAG,JPU902203702,4
55,Poison - Hazbin Hotel Original Soundtrack,"Blake Roman,Sam Haft,Andrew Underberg",75,4B,78,2026-03-11,02:07,71,,Poison (Hazbin Hotel Original Soundtrack),2024-01-05,66,2,0,46,0,10,-5,G#/A♭ Major,4,6ZXL1A1BVshe1JZ1IY734k,QMB622301802,1
58,KEEP UP,Odetari,139,3A,83,2026-03-11,02:13,76,hyperpop,KEEP UP // FROSTBITE,2024-07-17,48,2,1,51,0,10,-4,A#/B♭ Minor,4,2yR2sziCF4WEs3klW1F38d,QZZ4J2400386,4
62,Respectless,"Lilli Cooper,James Monroe Iglehart,Andrew Underberg,Sam Haft,Daphne Rubin-Vega,Hazbin Hotel",101,12A,83,2026-03-11,01:35,68,"musicals, ",Hazbin Hotel (Original Soundtrack),2024-02-02,56,9,0,70,30,20,-4,C♯/D♭ Minor,4,2LyuaHvi331NSj44dOxulG,QMB622401805,1
69,RICH BOY,payton,95,7B,77,2026-03-11,01:51,59,,RICH BOY,2021-12-10,82,12,0,66,0,10,-8,F Major,4,5BEZtiV4ClWO0L2J0Mw7Hf,GBKPL2174685,1
10,Teddy Picker,Arctic Monkeys,150,11B,96,2021-06-11,02:45,70,"indie, garage rock",Favourite Worst Nightmare,2007-04-22,64,0,0,82,0,0,-5,A Major,4,5kxVyCgEUND7E2QKG7JmoF,GBCEL0700064,2
13,Victorious,Panic! At The Disco,110,4B,87,2021-06-11,02:58,69,emo,Death of a Bachelor,2016-01-15,57,0,0,69,0,40,-5,G#/A♭ Major,4,6od5hFv9IT5JHc7NEF9HRv,USAT21503385,1
23,Kill Us All (feat. Denzel Curry),"The Neighbourhood,Denzel Curry",90,10B,64,2021-06-11,02:41,51,,Hard To Imagine The Neighbourhood Ever Changing,2018-11-02,55,1,0,40,10,30,-7,D Major,4,2DBxhQbwnuXDioUVdL33S2,USSM11807183,1
27,Killin' On Demand,Freddie Dredd,140,6B,74,2021-06-11,02:09,58,phonk,Killin' On Demand,2018-12-18,89,0,0,95,0,10,-5,A#/B♭ Major,4,2qOfyyZc41LfQ63U9p3GVV,QZES91867985,1
29,No Grey,The Neighbourhood,90,8A,83,2021-06-11,03:26,50,,The Love Collection,2013-12-10,83,5,1,67,0,30,-6,A Minor,4,2NNzvsOFpztTUUzk6rcnPH,USSM11307512,1
34,Riot,Hollywood Undead,110,3B,93,2021-06-11,03:47,0,"rap rock, rap metal",Five,2017-10-27,71,0,0,58,0,0,-3,C♯/D♭ Major,4,1igr912oduAmZQaoGhiADw,QMRSZ1701700,1
36,Bounce Back,LIONAIRE,172,4B,64,2021-06-11,03:26,26,,NOTFROMHERE.,2017-06-30,46,0,0,41,30,20,-4,G#/A♭ Major,4,6wc5vhTQB4tKfNMO2JZKec,CH7811710076,1
42,I Like It Rough,Lady Gaga,120,6B,90,2021-06-11,03:22,47,"art pop, pop",The Fame Monster (Deluxe Edition),2009-11-05,72,12,0,80,0,10,-4,A#/B♭ Major,4,7leOAkslHi6lQZCzsiLZst,USUM70824403,1
45,Uma Thurman,Fall Out Boy,150,9A,96,2021-06-11,03:31,72,"emo, pop punk",American Beauty/American Psycho,2015-01-16,62,10,0,67,0,20,-3,E Minor,4,5PUawWFG1oIS2NwEcyHaCr,USUM71417734,1
46,I Don't Care,Fall Out Boy,134,10A,94,2021-06-11,03:34,67,"emo, pop punk",Folie à Deux,2008-01-01,55,0,0,43,0,50,-4,B Minor,4,26VG1uCazw9xtVnq8A1vtd,USUM70835313,1
47,Young And Menace,Fall Out Boy,108,1B,83,2021-06-11,03:43,48,"emo, pop punk",MANIA,2018-01-19,65,11,0,27,0,10,-5,B Major,4,6XEPmHllDGDaO4w84Xjtgi,USUM71703363,1
55,Yikes,Nicki Minaj,150,4B,64,2021-06-11,02:36,59,,Yikes,2020-02-07,91,4,0,66,40,20,-8,G#/A♭ Major,4,75dLEqanQTupF3dtP9exT5,USCM52000025,1
56,"bitches (feat. Charli XCX, Icona Pop, Elliphant, ALMA)","Tove Lo,Charli xcx,Icona Pop,Elliphant,ALMA",83,1B,74,2021-06-11,03:11,40,"hyperpop, art pop, ","bitches (feat. Charli XCX, Icona Pop, Elliphant, ALMA)",2018-06-07,59,5,0,65,0,10,-5,B Major,4,0S0rlh59DhpPheILyXYX76,SEUM71800278,1
57,Sexy Naughty Bitchy,Tata Young,98,3A,83,2021-06-11,03:28,44,thai pop,I Believe,2004-02-25,70,2,0,86,0,0,-5,A#/B♭ Minor,4,4czhUiGoUVxal981MMVePm,THS080400402,1
60,Night Crawling (feat. Billy Idol),"Miley Cyrus,Billy Idol",134,1B,92,2021-06-14,03:09,56,,Plastic Hearts,2020-11-27,64,4,1,67,0,0,-4,B Major,4,4U34WsyOvppOMnRfq7DuOy,USRC12003756,2
61,My Hair Is Green,"015B,youra",156,7A,88,2021-06-14,03:14,39,"k-ballad, k-rock, ",Yearbook 2018,2019-02-27,58,25,0,77,10,20,-5,D Minor,4,64agZv9pDgEkQgfvNcBnBP,KRB471800950,1
62,Hitboy,"Duki,KHEA",150,4B,63,2021-06-14,02:59,56,"argentine trap, trap, trap latino",Hitboy,2019-06-05,81,15,0,62,10,10,-7,G#/A♭ Major,4,624AL3EwsrgGIp6bdwmXgo,ARBEC1800076,1
65,Team,Mag.Lo,140,1B,93,2021-06-23,02:06,5,,Team,2016-07-10,73,18,1,69,10,0,-6,B Major,4,77VHb191LLkpsYJTS2cgEc,TCACQ1624904,3
67,SHOOT!,ITZY,132,11B,76,2021-06-23,02:19,0,k-pop,GUESS WHO,2021-04-30,85,35,0,91,0,10,-4,A Major,4,11RRkvXd7FvwxLWvtuBIR1,US5TA2100006,1
68,KIDDING ME,ITZY,138,4B,77,2021-06-23,03:33,0,k-pop,GUESS WHO,2021-04-30,76,23,0,39,0,10,-4,G#/A♭ Major,4,3aGqHdZJusdhT3ZzfLRnO7,US5TA2100005,3
69,Ned Flanders (feat. A$AP Ferg),"MadeinTYO,A$AP Ferg",140,3B,50,2021-06-23,02:41,0,rap,"Sincerely, Tokyo",2018-10-26,94,3,0,30,20,0,-6,C♯/D♭ Major,4,2EUNZfjPToKZIahK0WMLKd,QMRSZ1800848,1
71,No Frauds,"Nicki Minaj,Drake,Lil Wayne",139,3B,56,2021-06-23,04:32,55,"rap, hip hop",No Frauds,2017-03-10,87,9,0,43,20,50,-7,C♯/D♭ Major,4,7KcGEssn7BnJdTgildK5y0,USCM51700014,1
73,Coco Chanel (feat. Foxy Brown),"Nicki Minaj,Foxy Brown",121,3B,88,2021-06-23,03:44,32,east coast hip hop,Queen,2018-08-10,75,13,0,59,10,60,-4,C♯/D♭ Major,3,3l76pDmPK3gzvNC3ckVJxn,USCM51800151,1
74,Facts Only,Alex Mali,115,11A,79,2021-06-23,03:03,33,,Facts Only,2017-06-21,74,56,0,71,0,0,-5,F#/G♭ Minor,4,0eRoDL2zP4ylpjCYfFcEsf,TCADD1720473,1
80,Starstruck,Sorry,125,10A,79,2021-06-24,03:28,43,,925,2020-03-27,57,0,71,80,0,10,-6,B Minor,4,3EOpdjNYbystkxrXPONn2i,GBCEL1900722,1
86,U-RITE,THEY.,130,10B,84,2021-06-28,03:12,40,,Nü Religion: HYENA,2017-02-24,77,2,0,61,10,20,-4,D Major,4,2hrFH10GDq8WyAxX9yQAyN,USWB11602079,1
88,Gimme What I Want,Miley Cyrus,90,5A,77,2021-06-28,02:31,56,,Plastic Hearts,2020-11-27,66,4,0,41,0,0,-5,C Minor,4,4v8jmsVox8VwU5js3JHOJZ,USRC12003755,2
89,So What,Three Days Grace,142,6A,96,2021-06-28,02:57,54,"post-grunge, rock",Human,2015-03-30,51,0,0,43,0,40,-4,G Minor,4,79HeGKO8bLZjvSyVidqTiq,USRC11500214,1
91,Where's My Juul??,"Full Tac,Lil Mariko",108,11B,79,2021-06-28,01:45,0,hyperpop,Where's My Juul??,2019-12-17,56,2,0,37,30,50,-5,A Major,3,1Z4Qpr8whv736dKLT8JLa7,TCAEQ2070682,1
99,WHAT U CALL THAT,Chase Atlantic,126,3A,65,2021-06-30,03:27,0,,DON'T TRY THIS,2019-01-25,66,7,0,43,0,10,-5,A#/B♭ Minor,4,79bhY6Rl8q2VJRHAbWNCGl,QMRSZ1802755,1
102,No Friends (feat. ILOVEMAKONNEN & K Camp),"Chase Atlantic,ILOVEMAKONNEN,K CAMP",128,11A,90,2021-06-30,03:42,50,,Part Three,2017-09-29,72,5,0,69,10,10,-4,F#/G♭ Minor,4,0h2TyvRWCjBfPPYfeXl4EQ,USWB11701248,1
106,Scary Garry,"Kaito Shoma,DJ Paul,Kingpin Skinny Pimp",154,4B,97,2021-06-30,01:39,58,"phonk, drift phonk, horrorcore",Scary Garry,2021-01-04,81,70,51,6,20,50,-2,G#/A♭ Major,4,658QJ4p8WcbT3O7iWLpO1D,QM4TW2104033,1
107,Killer,The Hoosiers,105,10A,64,2021-06-30,03:48,39,,The Trick To Life,2007-10-22,58,14,0,41,0,10,-6,B Minor,4,77iuGGqUGBU3L1F0QTjhUq,GBARL0700939,1
110,Figure It Out,Royal Blood,108,8B,81,2021-06-30,03:03,68,"garage rock, rock",Royal Blood,2014-08-18,66,23,1,69,0,20,-5,C Major,4,3MjrueDQKVr6xDDseZwhEd,GBAHT1400222,1
111,Out of the Black,Royal Blood,159,10B,98,2021-06-30,04:00,63,"garage rock, rock",Royal Blood,2014-08-18,52,0,0,63,0,20,-3,D Major,4,1INksmStBpxdNlBzwGUvsg,GBAHT1400097,1
112,CAN'T SAY,Travis Scott,148,3A,71,2021-07-01,03:18,76,rap,ASTROWORLD,2018-08-03,70,20,0,71,0,10,-5,A#/B♭ Minor,4,27a1mYSG5tYg7dmEjWBcmL,USSM11806670,1
113,Dumb,Roderick Porter,100,10A,68,2021-07-01,01:36,0,,Dumb,2019-03-10,90,20,69,44,0,10,-5,B Minor,4,3JHywyeTO4Bawzoy0s4I5o,QZDA81947876,1
114,Move Your Feet,Junior Senior,119,11B,90,2021-07-01,03:01,75,,D-D-Don't Don't Stop The Beat,2002-04-03,75,5,11,85,0,20,-3,A Major,4,4DX82Vc8qAH4jJPvKxvwg6,DKMFA0300203,1
115,Misery,Maroon 5,103,9A,81,2021-07-01,03:36,67,pop,Hands All Over (Deluxe),2010-00-00,70,0,0,73,0,20,-5,E Minor,4,6KBYk8OFtod7brGuZ3Y67q,USUM71015280,1
116,Phenomena,Yeah Yeah Yeahs,157,10B,90,2021-07-01,04:10,35,indie rock,Show Your Bones,2006-01-01,50,1,0,48,10,0,-5,D Major,4,2nDNTkHniE3Zrjkdo0AWM0,GBUM70501014,1
117,Go Hard (La.La.La),Kreayshawn,152,4B,75,2021-07-01,03:38,56,,Somethin 'Bout Kreay,2012-09-14,71,6,0,69,0,20,-5,G#/A♭ Major,4,5OVjZ7Cy7U2gVJX6eLqmFT,USSM11204389,1
118,BABYDOLL,LUNA AURA,90,7B,74,2021-07-01,02:46,28,,THREE CHEERS FOR THE AMERICAN BEAUTY,2020-10-02,54,0,0,71,0,0,-8,F Major,4,7BXtDDkxLmQTlRGBp8WUvx,QM4FK2000064,1
120,Zero For Conduct,Block B - BASTARZ,157,3B,94,2021-07-02,03:13,0,"k-pop, k-rap, noise music",Zero For Conduct,2015-04-14,57,8,0,63,20,30,-3,C♯/D♭ Major,4,1bcux37fBrjXNoS11QQhCp,KRA491500123,1
121,akiba (feat. kosame & Ohiorabbit),"Coa White,kosame,qjinjin",148,3A,92,2021-07-02,02:33,28,"j-rap, k-rap",kurokyara,2018-06-25,87,6,0,75,20,30,-3,A#/B♭ Minor,3,6Uh6sqPKqPUxvKue0rZSaP,QZEKE1893347,1
126,Let Me Think About It - Ida Corr Vs Fedde Le Grand / Radio Edit,"Ida Corr,Fedde Le Grand",129,5A,73,2021-07-03,02:34,0,,Let Me Think About It,2009-01-01,79,0,9,82,0,10,-3,C Minor,4,54yAPOmZd91V4SA4t7bm3t,DKUCA0700015,1
129,Sweatpants-(Battle Tapes Remix),Jah,75,12A,84,2021-07-03,04:12,0,,Sweatpants-(Battle Tapes Remix),2020-12-15,54,7,0,50,20,10,-6,C♯/D♭ Minor,4,6QtxsTFmAgeXtT8pzCs9NU,QZNN22023231,1
131,Raging on a Sunday,Bohnes,150,2A,83,2021-07-04,03:28,0,,206: Act II,2018-11-23,48,13,0,47,0,20,-7,D#/E♭ Minor,4,5rvyUmsWA1LQGHI11FaVai,GBKPL1826718,1
132,Dog Off the Leash,Blvc Svnd,80,11A,58,2021-07-04,02:11,18,trap metal,Dog Off the Leash,2018-05-03,80,12,3,49,10,0,-5,F#/G♭ Minor,4,4eKy95vwMVUhySFJLiNx5x,QZCE61895264,1
133,Swerve,Arizona Zervas,128,8B,83,2021-07-04,02:49,39,,Swerve,2017-01-18,92,16,0,84,0,0,-6,C Major,4,3TXYRNSjz8txG5rL5H9RWO,QZ4JJ1735038,1
134,Dou,Tinyghost,90,8B,69,2021-07-04,01:31,20,,Dou,2017-08-04,80,2,61,23,20,10,-7,C Major,4,43UzpClimoUH91HgNp4gH7,QZ8LD1720468,1
135,Obnimi - Remix,"Eduardo Luzquiños,Okean Elzi",76,6A,84,2021-07-04,03:49,0,,Obnimi (Remix),2020-10-22,72,19,1,51,0,30,-4,G Minor,4,5P22QiZlQVQKiKuHRFGCSg,ART0G2003536,1
136,Still Be Friends (feat. Tory Lanez & Tyga),"G-Eazy,Tory Lanez,Tyga",104,6A,76,2021-07-04,03:33,61,,Still Be Friends (feat. Tory Lanez & Tyga),2020-02-07,80,1,0,28,0,0,-5,G Minor,4,0JjM9bKm4wrwohMslcm892,USRC12000525,2
138,af1,lilbubblegum,140,3B,63,2021-07-04,02:21,0,,af1,2020-02-07,58,1,9,23,0,10,-14,C♯/D♭ Major,4,3PIqcYKTiplGvAcqv4I0aN,QZFYZ2075175,1
140,Throw A Fit,Tinashe,150,8B,59,2021-07-04,02:38,54,alternative r&b,Throw A Fit,2018-07-27,89,1,4,40,0,10,-7,C Major,4,7D8aQaRzoi9Qzz5yerVK5b,USRC11802716,1
142,24,IDK,136,3B,57,2021-07-04,01:52,48,,Is He Real?,2019-09-04,88,1,0,44,10,10,-6,C♯/D♭ Major,4,3pX767GK22EHwYEYLNEuoo,USWB11901647,1
143,Cleanin Up,Lil Windex,110,9B,70,2021-07-04,03:16,0,,Idk,2018-08-31,83,2,0,72,10,20,-5,G Major,4,0jTbb1fhU1FBcCOlApXAJs,TCADD1782568,1
144,GHOST,"Jaden,Christian Rich",148,3B,53,2021-07-04,02:09,47,,GHOST,2018-06-22,78,14,5,25,10,20,-7,C♯/D♭ Major,4,0aWMostcnfyjuCEcO7sTz5,QMJMT1801741,1
148,GTG,Freddie Dredd,155,6B,85,2021-07-04,01:32,0,phonk,GTG,2018-08-10,83,17,0,98,10,0,-4,A#/B♭ Major,4,3XWgS0nkL0XI5Fvm6wrleH,QZDA81821565,1
151,Caramelo Duro (feat. Kali Uchis),"Miguel,Kali Uchis",100,10B,73,2021-07-06,03:33,49,"r&b, ",War & Leisure,2017-12-01,62,3,0,83,0,30,-5,D Major,4,3LcjZGk0GBlPRe5XhYVGgM,USRC11702832,1
153,99 Problems,Hugo,163,11B,56,2021-07-08,02:17,60,southern gothic,Old Tyme Religion,2011-00-00,53,4,0,59,0,0,-8,A Major,4,7hN5TKSdRb56uytwIpcUES,USSM11000246,1
155,Seven Nation Army - The Glitch Mob Remix,"The White Stripes,The Glitch Mob",120,12B,84,2021-07-09,04:17,63,"garage rock, blues rock, rock, alternative rock, glitch, dubstep",Seven Nation Army (The Glitch Mob Remix),2021-04-23,70,15,63,20,10,10,-7,E Major,4,4IiuExPFijOGZnVxGsKWcc,US3JJ1900534,1
157,Is this bad b****** number?,"SOYEON,BIBI,Lee Young Ji",91,8B,64,2021-07-11,02:45,51,"k-pop, k-rap",Windy,2021-07-05,90,8,0,72,20,0,-4,C Major,4,5xTy9p0IXI8lRaU6iLGikC,KRA392100023,1
158,She a Freak!,"Inteus,Mythic",121,1B,68,2021-07-11,05:05,12,"phonk, vaporwave",Chapter 1,2017-09-26,50,30,0,19,10,30,-7,B Major,4,74ctl3uyjPgxEYn5ompcH2,QZ9JZ1780181,1
159,My Potna Dem,$ilkMoney,130,5A,53,2021-07-13,02:33,1,,G.T.F.O.M.D: There’s Not Enough Room for All You Motha Fuckas to Be on It Like This,2019-12-15,74,10,0,7,0,0,-14,C Minor,4,7uWdDOhI3wydISWM1AXN0M,TCAEO1904208,1
161,Ego - Radio Edit,Willy William,100,4B,92,2021-07-13,03:27,0,,Une seule vie (Collector),2016-09-16,74,28,1,56,0,30,-3,G#/A♭ Major,4,0Qt4s6DQlOsdhNW64DkZK3,FR2PY1506200,1
162,Mi Gente,"J Balvin,Willy William",105,10A,70,2021-07-13,03:05,80,"reggaeton, latin, ",Vibras,2018-05-25,55,2,0,29,0,10,-5,B Minor,4,7COfe3P7KgfwDwIRB8LIDw,FR22F1701790,1
163,GOOD TIMES,Sam Medina,126,11B,88,2021-07-13,05:03,46,,NETFLIX ORIGINAL Alice In Borderland ORIGINAL SOUNDTRACK,2020-12-16,74,1,0,65,0,0,-6,A Major,4,5wciJjwagZUZtYxNxLnKZs,JPT592010480,1
165,Cravin',"Stileto,Kendyle Paige",76,11A,53,2021-07-15,02:52,67,dark r&b,Cravin',2020-05-08,37,41,0,22,0,10,-6,F#/G♭ Minor,4,41qoLqCcn0X07B6XW9b28v,QZFZ52032465,1
166,Six Shooter,Coyote Kisses,162,3A,94,2021-07-15,03:39,53,chillstep,Six Shooter,2015-06-01,52,0,0,91,0,30,-5,A#/B♭ Minor,4,7cMECL3ApskseQxsXJq3Ii,TCACG1530437,1
168,Professional Griefers,"deadmau5,Gerard Way",128,3B,49,2021-07-15,04:06,36,"edm, progressive house, dubstep, ",> album title goes here <,2012-01-01,73,0,27,64,0,20,-6,C♯/D♭ Major,4,7iJWKkS1uQBxWnnXVdinBQ,GBTDG1200462,1
171,Dumb,KOPPS,124,3A,67,2021-07-19,02:35,40,,Dumb,2015-01-19,61,1,0,69,0,20,-7,A#/B♭ Minor,4,7Mj3L5EidM1aBbLnJA8GQl,TCACC1435149,1
173,Pumpkins Scream In the Dead of Night (feat. shinigami),"Savage Ga$p,93FEETOFSMOKE,shinigami",171,3B,58,2021-07-19,02:28,40,"trap metal, emo rap",Pumpkins Scream In the Dead of Night (feat. shinigami),2020-02-12,82,14,0,46,40,0,-6,C♯/D♭ Major,4,3sdYpdTTn4fdfu4cyisnt0,QMCE32000076,1
174,Bad Chick,SoMo,150,3B,81,2021-07-20,03:06,48,,My Life II,2015-09-11,68,1,0,64,0,0,-4,C♯/D♭ Major,4,4OGeWgHHgWmnOllev6Q9hp,USUM71513745,1
176,Edge of Midnight (Midnight Sky Remix) (feat. Stevie Nicks),"Miley Cyrus,Stevie Nicks",110,9A,74,2021-07-20,03:40,49,,Edge of Midnight (Midnight Sky Remix) (feat. Stevie Nicks),2020-11-06,68,3,0,28,0,0,-5,E Minor,4,5l0nX3AhmmF717aKSs8qSH,USRC12003767,1
177,High Voltage,"Tommee Profitt,Sam Tinnesz",79,11B,92,2021-07-21,02:42,28,,Cinematic Songs (Vol. 6),2019-08-23,57,46,0,50,0,70,-3,A Major,4,13svv5YLivCGB5hBBQhgDh,USUG11902932,1
181,Tell Em,"Cochise,$NOT",158,7B,72,2021-07-22,03:00,71,"rage rap, ",Tell Em,2021-05-28,67,10,0,47,20,40,-7,F Major,4,7nc7mlSdWYeFom84zZ8Wr8,USSM12103018,1
184,פאוץ',Noa Kirel,140,6A,66,2021-07-23,02:47,0,mizrahi,פאוץ',2019-07-22,80,23,9,79,0,20,-7,G Minor,4,1Hg89hDeCCUxG2w57pEOyq,IL4431901282,1
185,מיליון דולר,"Noa Kirel,Shahar Saul",100,4B,83,2021-07-23,02:53,40,mizrahi,מיליון דולר,2020-06-09,76,13,20,38,0,50,-6,G#/A♭ Major,4,02WuyBR56QN3B6ZC0BeC3f,IL4432001535,1
187,EAT SPIT! (feat. Royal & the Serpent),"Slush Puppy,Royal & the Serpent",168,3B,81,2021-07-24,02:03,55,,EAT SPIT! (feat. Royal & the Serpent),2021-07-23,76,2,0,40,40,0,-3,C♯/D♭ Major,4,1aFP0G0GHQAAH9gfC95wT1,USQX92102974,1
190,Not Into You,Brooksie,100,5B,68,2021-07-27,02:37,0,,Not Into You,2021-07-11,64,22,59,49,0,20,-5,D#/E♭ Major,4,4ZJwt3yb5gVCufioOQHBKS,QZK6N2187104,1
193,IGOR'S THEME,"Tyler, The Creator",163,3A,67,2021-07-27,03:20,68,,IGOR,2019-05-17,47,1,24,6,30,60,-7,A#/B♭ Minor,4,51RN0kzWd7xeR4th5HsEtW,USQX91901165,1
194,Straight To Video,Mindless Self Indulgence,123,10A,77,2021-07-27,03:43,45,,You'll Rebel To Anything (Expanded and Remastered 2008),2008-01-22,51,2,0,71,10,40,-5,B Minor,4,3TF1Hiof613lWHtFGyAJ8z,US68L0500003,1
196,Hyakki Yakou,Hello Sleepwalkers,90,3B,92,2021-07-27,04:05,6,"j-rock, anime, j-pop",Liquid Soul and Solid Blood,2014-10-22,51,0,0,73,0,30,-3,C♯/D♭ Major,4,4irkewUNO2raw4BNsKSsOJ,JPJ221400623,1
197,Saru Wa Kikara Dokoe Ochiru,Hello Sleepwalkers,92,9A,98,2021-07-27,04:15,1,"j-rock, anime, j-pop",Masked Monkey Awakening,2014-02-19,53,0,0,60,10,30,-2,E Minor,4,2F6xe9dMXC32vfyU0lRs2N,JPJ221300540,1
198,Goya No Machiawase,Hello Sleepwalkers,94,8B,96,2021-07-27,02:50,17,"j-rock, anime, j-pop",Masked Monkey Awakening,2014-02-19,41,0,0,57,10,30,-3,C Major,4,5s0AxcVJJD2YYPstMb61ro,JPJ221300554,1
199,Enban Hirai,Hello Sleepwalkers,130,8A,97,2021-07-27,03:55,0,"j-rock, anime, j-pop",Masked Monkey Awakening,2014-02-19,32,0,0,48,10,10,-2,A Minor,4,3Zj2NGe3Si1WVHWyVRgTXR,JPJ221300547,1
200,YAH YAH YAH,Hello Sleepwalkers,136,3B,94,2021-07-27,03:35,0,"j-rock, anime, j-pop",シンセカイ,2017-02-15,58,1,0,54,10,10,-3,C♯/D♭ Major,4,7zFVMHYnfJwjfgJ9IjLD1c,JPJ221600973,1
201,Kyouran Hey Kids!!,THE ORAL CIGARETTES,142,4B,98,2021-07-27,04:10,27,"j-rock, anime, j-pop",FIXION,2016-01-05,53,0,0,78,10,10,-2,G#/A♭ Major,4,38kcwx5znepLWCIBID0Bwm,JPJ221500801,1
202,VORACITY,MYTH & ROID,100,3A,90,2021-07-27,03:51,52,"anime, j-rock, j-pop",MYTH & ROID ベストアルバム「MUSEUM-THE BEST OF MYTH & ROID-」,2020-03-04,49,1,0,52,10,20,-5,A#/B♭ Minor,4,6nVIKrgE7lIlgLPbJ6l29f,JPD732000029,1
203,砂の惑星 feat.初音ミク,hachi,95,4A,94,2021-07-27,03:58,57,vocaloid,砂の惑星 feat.初音ミク,2017-08-31,51,9,0,88,0,10,-3,F Minor,4,2RBQ84niVRC6bBdhe7lc9F,JPG101700119,1
204,SILENCE,YB,78,12A,69,2021-07-27,03:25,2,"k-ballad, k-rock",Taxidriver OST Part.1,2021-04-16,53,0,0,48,0,0,-4,C♯/D♭ Minor,4,2T9O6E83LKAWNAs4FD4TqD,KRMIM2113474,1
206,Earthquake (feat. Tinie Tempah),"Labrinth,Tinie Tempah",153,5A,86,2021-07-27,04:34,62,grime,Electronic Earth (Expanded Edition),2012-04-02,54,11,0,26,10,20,-4,C Minor,4,3SxiAdI8dP9AaaEz1Z24mn,GBHMU1100027,1
208,Break Your Heart,"Taio Cruz,Ludacris",122,4B,89,2021-07-28,03:05,52,southern hip hop,Rokstarr (Special Edition),2011-01-01,67,0,0,68,0,20,-5,G#/A♭ Major,4,4Oqg0RD3ywUXEtt7seShF0,GBUM71003723,1
209,Hangover,"Taio Cruz,Flo Rida",128,5B,87,2021-07-28,04:04,50,,TY.O,2011-01-01,60,1,0,56,0,0,-3,D#/E♭ Major,4,0xQxIdksJKWa6vEUrFXOpy,GBUM71108857,1
213,Strangers,Roosevelt,106,5A,88,2021-07-30,03:40,0,nu disco,Strangers,2020-12-09,65,7,84,89,0,0,-5,C Minor,4,3OG1FcdabAqljk4irWH3Uu,GBRTB2000048,1
215,Gospel Of The Throttle 狂奔REMIX ver.,Minutes Til Midnight,97,8B,83,2021-07-30,02:54,0,anime,Gospel Of The Throttle 狂奔REMIX ver.,2016-00-00,51,0,50,71,0,30,-12,C Major,4,5SwIC7gpzXVthVaQ6iy3Z3,JPPI01652880,1
219,Shinwa Houkai,Hello Sleepwalkers,184,4A,97,2021-07-31,03:40,1,"j-rock, anime, j-pop",Planless Perfection,2016-03-23,42,0,0,61,10,0,-5,F Minor,4,4zGhybGOXwqjji9icrYx9K,JPJ221500818,1
220,War all Night,Senpai Shido,135,3B,40,2021-08-02,01:59,0,,War all Night,2021-04-24,57,26,38,19,10,0,-14,C♯/D♭ Major,4,7bJADJ6Qi8ZK7iCZkWcU9e,QZFZ52168202,1
224,ketamine,siouxxie sixxsta,141,3A,76,2021-08-09,02:05,0,hyperpop,ketamine,2021-01-21,68,0,65,94,0,0,-6,A#/B♭ Minor,4,0eBYSImMbB5jCoXzfhLCs2,QZFZ22168067,1
225,District 9,Stray Kids,180,11B,96,2021-08-09,03:31,0,"k-pop, noise music",I am NOT,2018-03-26,53,1,0,56,20,10,-2,A Major,4,3oJ7NaVHfhZBR0Yl9L3AhF,US5TA1800031,1
226,Oh No!!!,grandson,81,10B,66,2021-08-09,03:35,52,,Oh No!!!,2019-09-04,61,1,0,52,0,10,-7,D Major,4,1hHn2SG7j8Ux61wWiUcXPq,USAT21904263,1
227,Gladiator,Zayde Wølf,144,11B,78,2021-08-09,03:08,1,,Modern Alchemy,2018-06-08,54,3,0,51,0,30,-6,A Major,4,738SQjONa0q63yhLxvg3m1,TCADK1756746,1
228,Blunt to My Lip (feat. Fat Nick),"Ramirez,Fat Nick",158,3A,94,2021-08-11,02:25,0,"horrorcore, trap metal, cloud rap, emo rap",Grey Gorilla,2017-06-10,73,0,0,59,0,30,0,A#/B♭ Minor,4,6gz8pQCuXl93GOgqCojVmB,TCADC1758286,1
229,She Can Get It,Kevin Rudolf,114,8A,94,2021-08-13,02:59,37,,In The City,2008-01-01,65,0,0,82,0,0,-3,A Minor,4,4p25jHEIqtveVYcimXgJK4,USCM50800953,1
234,The View From The Afternoon,Arctic Monkeys,146,8A,92,2021-08-27,03:42,63,"indie, garage rock","Whatever People Say I Am, That's What I'm Not",2006-01-29,39,0,0,42,0,10,-5,A Minor,4,5eyTC5GZzpzlN7YRO9AoPf,GBCEL0501180,1
235,Panda - Remix,Farizki,124,3B,80,2021-08-30,04:35,0,,Panda (Remix),2021-02-11,88,3,0,29,0,40,-5,C♯/D♭ Major,4,7e4NTBNLjME75VQc1poZLs,QZKUS2105448,1
237,Literal Legend (Remix),Ayesha Erotica,137,3A,51,2021-09-22,01:46,0,,Literal Legend,2017-01-01,70,0,0,51,30,10,-14,A#/B♭ Minor,4,07eTbMY8H5DBmDwqLLP7OR,QZMEQ2102824,2
238,MOVE TO MIAMI,"Enrique Iglesias,Pitbull",100,3B,87,2021-09-24,02:48,47,"latin pop, latin, ",FINAL (Vol.1),2021-09-17,73,2,0,84,0,0,-4,C♯/D♭ Major,4,4RzuSWA1mIaKXXKG9d9Nwi,USRC11801626,1
240,ICE,MORGENSHTERN,152,4A,88,2021-09-28,02:06,53,,ICE,2020-07-31,86,8,0,89,30,30,-5,F Minor,4,6fGoRtDjJZvt5IvVXl0rZy,RUA582104101,1
242,Clap - From Road To Fast 9 Mixtape,Don Toliver,147,12A,77,2021-10-16,02:20,47,,Clap (From Road To Fast 9 Mixtape),2020-07-31,62,16,0,60,0,10,-5,C♯/D♭ Minor,4,2xypqRTnVOL7MjMJ6B79au,USAT22004086,1
244,Na Na Na Na Na (Caught Slippin),Ramirez,94,11B,91,2021-10-16,02:33,0,"horrorcore, trap metal",Grey Gorilla,2017-06-10,83,5,0,74,10,30,-5,A Major,4,4xziwMELQnVQHbb94B51xk,TCADB1741532,1
245,Playa Shit,"NxxxxxS,Soudiere",130,10A,77,2021-10-16,03:36,0,"vaporwave, phonk, drift phonk",Special Intervention,2016-08-09,46,0,85,39,0,10,-6,B Minor,4,79Y2fQStWYfe04RhcMZBU2,QZAPG1811516,1
246,Top Down,EXILE THE SECOND,145,3B,96,2021-10-16,02:57,25,j-pop,Top Down,2019-10-04,62,0,2,51,0,10,-3,C♯/D♭ Major,4,0bLEe7wIGy3KytpvDGzXnc,JPB601902985,1
248,POCKET ROCKET,Cochise,161,7A,65,2021-10-18,02:11,63,rage rap,POCKET ROCKET,2021-08-20,71,2,0,78,20,0,-5,D Minor,3,1FKG2wgJ75wS9MFNVZFiWd,USSM12105931,1
249,Fell In Luv (feat. Bryson Tiller),"Playboi Carti,Bryson Tiller",163,10B,67,2021-10-18,03:26,75,"rage rap, trap soul, r&b",Die Lit,2018-05-11,66,3,0,23,10,30,-6,D Major,4,1s9DTymg5UQrdorZf43JQm,USUM71804159,1
253,TWO OF THEM,ilwha,160,1A,82,2021-12-10,03:00,0,,TWO OF THEM,2021-05-02,53,2,0,45,0,30,-6,G#/A♭ Minor,4,1xiDBPoe8j75LgHxyBqQEg,SE6HN2156552,1
254,GUMMY,BROCKHAMPTON,80,5A,74,2021-12-18,04:20,26,,GUMMY,2017-08-02,71,17,0,71,0,30,-4,C Minor,4,0FoegIiBvM4ND2CkPkt7Ve,USUYG1153566,1
255,Have Mercy,Chlöe,130,11B,54,2021-12-28,02:28,66,,Have Mercy,2021-09-10,90,30,0,51,0,30,-6,A Major,4,5SixeLvPsYpk7qq9lo5xYg,USSM12105357,1
257,Pussycat Doll,Flo Milli,150,4A,77,2021-12-30,02:40,37,,"Ho, why is you here ?",2020-07-24,89,23,0,94,10,0,-5,F Minor,4,0rHCbvcGS3GkcU92lw0546,USRC12002534,1
259,Options (feat. JID),"Doja Cat,JID",133,9B,52,2021-12-30,02:39,61,,Planet Her,2021-06-25,84,29,0,28,10,10,-8,G Major,4,1ayV64ur8VWgc6OPtPRl1q,USRC12101539,1
260,goosebumps,Travis Scott,130,9B,73,2021-12-30,04:03,85,rap,Birds In The Trap Sing McKnight,2016-09-16,84,8,0,43,0,10,-3,G Major,4,6gBFPUFcJLzWGx4lenP6h2,USSM11607555,1
261,LA ESPADA - slowed and reverbed,Eternal Raijin,115,4A,86,2021-12-31,03:18,0,phonk,LA ESPADA (slowed and reverbed),2021-12-19,71,6,84,77,0,30,-8,F Minor,4,7tq4CCCjgRqNBtUs3Y56up,QZTAS2154277,1
262,Heads Will Roll - A-Trak Remix Radio Edit,"Yeah Yeah Yeahs,A-Trak",132,1A,81,2021-12-31,03:23,73,"indie rock, disco house",Good Morning Music: Wake Up Workout,2019-05-10,68,1,6,87,0,20,-3,G#/A♭ Minor,4,5qGIfWDRdyO67LCTqA2sEn,USUM70906805,1
264,Honey Whiskey,Nothing But Thieves,180,4A,76,2022-01-09,03:11,48,,Nothing But Thieves (Track by Track),2015-10-09,46,2,0,64,0,20,-5,F Minor,4,1Qv1K2UaXTyCjppspCtNoS,GBARL1500805,1
266,Hatchback,Cochise,78,7A,69,2022-01-13,02:29,57,rage rap,Hatchback,2019-09-23,73,2,0,35,0,20,-6,D Minor,4,12hVQgYR254ZziANtiKVWQ,USSM12004141,1
267,Haha (Please Be Kind) (with Justis Bratt),"KyleYouMadeThat,Justis Bratt",125,3B,46,2022-01-15,02:11,26,,Haha (Please Be Kind),2021-05-07,95,1,0,49,10,30,-9,C♯/D♭ Major,4,2vLDcEPxe0Bcf6vGiczfGg,USUM72106431,1
268,CASINO,Grimlxck,151,3B,73,2022-01-19,01:55,0,,CASINO,2021-10-02,60,2,0,26,20,10,-8,C♯/D♭ Major,4,7EC8JBfqkKnVKaZIficgtD,QZNWR2194785,1
270,R.I.P. Fredo (feat. Young Nudy) - Notice Me,"Playboi Carti,Young Nudy",140,10B,76,2022-01-30,02:41,64,"rage rap, ",Die Lit,2018-05-11,91,10,0,63,10,10,-5,D Major,4,45Ln3F9PRPYTXBcMFkZMzS,USUM71804178,1
271,On That Time,Playboi Carti,150,8B,48,2022-01-30,01:42,65,rage rap,Whole Lotta Red,2020-12-25,60,1,0,5,0,20,-4,C Major,4,3dl8bSF08LQfCf4T6CCksf,USUM72024695,1
272,GOODMORNINGTOKYO!,TOKYO’S REVENGE,125,12B,54,2022-02-02,02:30,0,,GOODMORNINGTOKYO!,2019-10-18,91,4,0,66,30,20,-8,E Major,4,0Q2n5yzl2XRqYbV77tZNYp,USLD91721611,1
274,SANTANNY,BKTHERULA,135,11B,42,2022-02-20,02:03,43,,Blue/Santanny,2021-05-21,92,0,0,12,20,10,-5,A Major,4,7vCLOe1ufpcaq0JS4BTYiU,USWB12101255,1
275,Foreign,Playboi Carti,123,11A,71,2022-03-27,02:22,69,rage rap,Die Lit,2018-05-11,76,9,0,26,10,10,-5,F#/G♭ Minor,4,500l6Cwe40hkPqS7Sf7ufY,USUM71804152,1
276,Let It Rock,Kevin Rudolf,113,8B,81,2022-04-03,02:49,34,,Let It Rock (Remixes),2008-01-01,57,0,0,42,0,0,-5,C Major,4,4VQKDlOabYslTJW0CwnzGU,USCM50800892,1
277,The Assignment,Tay Money,147,1B,48,2022-04-06,01:53,0,,The Assignment,2021-09-09,91,43,0,54,30,0,-6,B Major,4,1iBfg5pMNqR0HFTpDTr73A,USLD91734236,1
278,Megan's Piano,Megan Thee Stallion,132,1B,62,2022-04-06,01:53,68,,Something for Thee Hotties,2021-10-29,95,1,0,38,10,30,-8,B Major,4,4HyVMzg0sUQsdOxRvSO8Ka,QMCE32100928,1
281,So Beautiful,Creative Differences,133,4B,77,2022-04-18,02:31,42,,"CD Records, Vol. 1",2021-03-26,71,28,0,68,0,30,-8,G#/A♭ Major,4,2yUj54abPVNUWIJVL850qS,QZFZ52140608,1
282,Feel the Pain,Ghostface Playa,160,3B,91,2022-04-18,02:12,0,"phonk, drift phonk",High As Fuck,2020-04-06,72,0,94,36,0,0,-4,C♯/D♭ Major,4,6159vTszgCcyqENVHTZTqr,QZDA72056077,1
283,KAWAII,Tatarka,83,3A,69,2022-04-24,02:07,58,,GOLDEN FLOWER,2020-10-29,77,2,0,41,10,30,-5,A#/B♭ Minor,4,46AX8pgh331m7C7q2t9Jra,RUA582001906,3
285,Thot Back,Dlx Dilla,82,4B,42,2022-05-16,02:51,13,,Thot Back,2021-06-03,59,1,0,16,0,10,-8,G#/A♭ Major,4,4zKbmvIuj9s8Xwrrn5pvdH,ushm22132886,1
286,Halloweenie II: Pumpkin Spice,Ashnikko,75,10B,52,2022-05-21,02:17,47,,Halloweenie II: Pumpkin Spice,2019-10-25,76,5,0,48,0,20,-8,D Major,1,0RcwpbPBHFj18vIs5yGdxg,GBAYE1901259,1
287,Teeth,8 Graves,100,4B,86,2022-05-23,03:25,0,,Red,2020-09-18,50,0,0,55,0,30,-6,G#/A♭ Major,4,5B5VIyvgyb27hDIwNOnR5v,GBKPL2013849,1
289,Jenny from the Block (feat. Jadakiss & Styles P.) - Track Masters Remix,"Jennifer Lopez,Jadakiss,Styles P",100,2B,77,2022-05-27,03:07,71,east coast hip hop,This Is Me...Then,2002-00-00,85,1,0,96,10,0,-5,F#/G♭ Major,4,7LqjznQwfrax7MjQXmxqdQ,USSM10212454,1
290,Y***'D OUT,WADE08,85,11B,70,2022-05-28,01:51,0,,Y***'D OUT,2022-02-21,81,0,0,54,10,10,-3,A Major,4,6WX3QCFMI76RNuwOTOlMTM,QZCFX2250066,1
291,Sky,Playboi Carti,140,10B,90,2022-05-29,03:13,80,rage rap,Whole Lotta Red,2020-12-25,79,26,0,56,20,10,-4,D Major,4,29TPjc8wxfz4XMn21O7VsZ,USUM72024699,1
294,Stop the Madness (feat. Gunna),"Lil Skies,Gunna",81,3B,83,2022-05-30,04:14,44,melodic rap,Shelby,2019-03-01,65,2,0,59,0,10,-5,C♯/D♭ Major,4,6PXhPHhZy1MpxuTNA1Ad4L,USAT21901696,1
295,God Is a DJ,P!nk,112,4A,98,2022-05-30,03:45,55,,Try This,2003-11-10,64,9,0,40,0,20,-3,F Minor,4,4k1ffvQabEZP9dxwhCkxY9,USAR10301096,1
296,Get the Party Started,P!nk,129,10A,90,2022-05-30,03:12,71,,M!ssundaztood (Expanded Edition),2001-00-00,80,0,0,96,0,10,-3,B Minor,4,02jcEwywffn3Tsb48fXmlW,USAR10100717,1
297,Bad Behavior,"Austin Millz,Remi Wolf",108,5A,52,2022-05-30,03:22,0,,Bad Behavior,2019-11-14,58,2,0,50,0,40,-7,C Minor,4,5QvLKIo27yVB5Rns0VXGrI,QZ93L1968204,1
301,Voodoo Child,Rogue Traders,132,12B,96,2022-06-05,03:57,51,,The Sound Of Drums,2003-00-00,65,0,0,80,0,10,-5,E Major,4,5KVll4Si4pL02nmrUvAHrc,AUBM00599402,1
302,America,"Logic,Black Thought,Chuck D,Big Lenbo,No ID",115,3B,89,2022-06-05,05:31,41,"east coast hip hop, old school hip hop, ",Everybody,2017-05-05,83,13,0,59,10,10,-4,C♯/D♭ Major,4,77mLzdHEWRB60CLlV02TV2,USUM71702805,1
305,P power (feat. Drake),"Gunna,Drake",119,3B,59,2022-06-09,03:13,78,"melodic rap, rap",DS4EVER,2022-01-13,83,2,0,20,10,30,-6,C♯/D♭ Major,4,0lEjxUUlKqjqXrVlIHFduD,QMCE32200042,1
308,Phonky Trap,Suave Lee,135,3B,86,2022-06-11,02:31,48,"phonk, drift phonk",Phonky Trap,2021-07-13,78,7,97,7,0,10,-10,C♯/D♭ Major,4,7BMQKWEdSZOZj33Tg2hfGm,QZK6L2159656,1
312,I Wish - Radio Edit,Skee-Lo,98,9B,74,2022-06-17,04:12,72,,I Wish,1995-08-08,72,1,0,57,10,20,-10,G Major,4,0QMHVTnrFTQJoaqmkdsKhT,NLML61100033,1
313,RATCHET SATURN GIRL,Aminé,39,5B,61,2022-06-17,02:26,45,,ONEPOINTFIVE,2018-08-15,54,4,0,66,10,10,-5,D#/E♭ Major,4,2q4F6OpQgx9umNB9uGFPYo,USUM71811894,1
314,Perfect (Remix) (feat. Doja Cat & BIA),"Cousin Stizz,Doja Cat,BIA",124,3B,48,2022-06-17,03:17,50,,Perfect (Remix) (feat. Doja Cat & BIA),2020-02-14,95,19,0,38,30,0,-11,C♯/D♭ Major,4,31tgCy8mn6sFuIiHSHfEhm,USRC12000521,1
315,Dick (feat. Doja Cat),"StarBoi3,Doja Cat",126,11B,61,2022-06-17,02:55,67,,Dick (feat. Doja Cat),2021-04-23,65,13,0,47,40,0,-7,A Major,4,3nY8AqaMNNHHLYV4380ol0,USRC12100749,1
316,Lace and Leather,Britney Spears,112,9B,59,2022-06-18,02:50,45,pop,Circus (Deluxe Version),2008-12-02,86,1,0,82,0,10,-7,G Major,4,77mOEEC4yLh8U7zCa0lInh,USJI10801328,1
317,„Hahaha“,badmómzjay,123,4B,53,2022-06-20,02:07,35,german hip hop,badmómz.,2021-11-25,90,3,0,40,40,10,-7,G#/A♭ Major,4,7KOG60S6d4eiiOVdSMy6qe,DECE72102421,1
318,DIVE IN!,JELEEL!,140,2B,79,2022-06-20,01:40,0,rage rap,DIVE IN!,2021-05-21,70,0,0,42,0,30,-5,F#/G♭ Major,4,0oEAm7huOvXiq7mre8Nual,QZHN82110168,1
319,Bih Yah,Mario Judah,153,3B,70,2022-06-20,02:37,49,rage rap,Bih Yah,2020-12-10,74,1,2,38,10,10,-5,C♯/D♭ Major,4,4vlbRQou38tQNakQWeme16,USAT22007787,1
320,Hero,Yvncc,150,2B,71,2022-06-21,02:11,0,,Hero,2019-02-07,63,20,90,32,0,30,-5,F#/G♭ Major,4,1z8Ryd5EjADc14IFJJvjNH,QZDA51989126,1
322,Way Bigger,Don Toliver,132,3B,53,2022-06-22,03:16,66,,Life of a DON,2021-10-08,75,5,0,20,0,10,-6,C♯/D♭ Major,4,0HNKMJ2EKCaT2EqcCBj1EH,USAT22106110,1
324,Thunderstruck,AC/DC,134,12B,89,2022-06-23,04:52,88,"rock, hard rock, classic rock, rock and roll",The Razors Edge,1990-09-24,50,0,1,26,0,20,-5,E Major,4,57bgtoPSgt236HzfBOd8kj,AUAP09000014,2
328,Gentrify,Da Vosk Docta,135,8B,45,2022-06-25,02:54,29,witch house,Gentrify,2017-06-08,57,19,31,8,0,10,-9,C Major,4,79ZOuQjYlLT3xfJNPeYEQh,QM42K1764888,1
329,prolly my spookiest beat,prodby668,145,4B,57,2022-06-28,01:59,0,phonk,prolly my spookiest beat,2022-03-12,70,2,88,87,0,10,-10,G#/A♭ Major,4,7bzZzwCiidSodNRK1Deyf2,QZES52285930,1
331,Ordinary Life,The Weeknd,150,6A,59,2022-07-07,03:41,62,,Starboy,2016-11-25,54,3,0,37,0,10,-7,G Minor,4,15k2nBQJ0teDmPZHrOXL2N,USUG11601008,1
333,Often - Kygo Remix,"The Weeknd,Kygo",80,6A,49,2022-07-07,03:54,65,tropical house,Often (Kygo Remix),2015-04-07,58,12,0,39,0,30,-10,G Minor,4,27NV2KxoQ8WuLMqlTDI61F,USUG11500524,1
338,Don’t Play,Halsey,100,3A,71,2022-07-18,03:30,0,,hopeless fountain kingdom,2017-06-02,72,6,0,34,0,0,-8,A#/B♭ Minor,4,1QPHmjpl3HlPpBDP5nSICp,USUM71702221,1
340,The Step and the Walk,The Duke Spirit,123,8A,85,2022-07-20,03:22,35,garage rock,Neptune,2008-00-00,45,2,0,46,0,10,-3,A Minor,4,1ZpieOR0AABNTakKDPTY1j,GBLFP1900005,1
341,Echoes,The Rapture,134,1A,95,2022-07-20,03:06,0,"new rave, indie dance, electroclash, alternative dance",Echoes,2003-01-01,60,0,6,30,20,0,-3,G#/A♭ Minor,4,45rHxi95lwLcLGx3MjQ4NW,GBF080300284,1
342,Get Some,Lykke Li,102,3A,88,2022-07-22,03:22,45,,Wounded Rhymes,2011-00-00,57,1,1,61,0,30,-5,A#/B♭ Minor,4,5LbCx9z3eq83JVoJ74tnmt,SEVUM1000401,1
343,Boys Wanna Be Her,Peaches,139,10B,51,2022-07-22,03:55,50,"electroclash, riot grrrl, queercore",Impeach My Bush,2006-07-10,78,16,0,72,10,0,-4,D Major,4,2bm52lyV1o0zXte8Ph5Qu9,GBBKS0611146,1
347,Addicted,Bliss n Eso,83,9A,88,2022-08-02,03:51,54,,Running On Air,2010-07-30,33,42,0,78,20,30,-7,E Minor,4,6a5kBOsNDHZXq9ni8ODft0,AULI01072710,1
348,Act Your Age,Bliss n Eso,146,10B,87,2022-08-02,02:39,50,,Circus In The Sky,2013-06-28,72,1,0,96,10,0,-5,D Major,4,3nu9ZALG23u94QigiPIwVq,AULI01386670,1
349,Girls / Girls / Boys,Panic! At The Disco,145,10A,92,2022-08-03,03:26,62,emo,"Too Weird to Live, Too Rare to Die!",2013-10-04,61,0,0,97,0,20,-5,B Minor,4,2wEjPgOCEczmjlvq60LyQi,USAT21302384,1
351,Swërved It,Yeat,77,12B,76,2022-08-06,02:17,1,rage rap,Up 2 Më,2021-09-10,56,3,0,43,10,10,-7,E Major,4,0bihOtJtBxl6r9DUJorNUh,USLD91734266,1
354,Middle Finger,Bohnes,128,12A,66,2022-08-09,03:49,0,,Middle Finger - Single,2015-12-14,69,44,0,39,0,30,-6,C♯/D♭ Minor,4,0IK8y0vAO0sM630HsxwLht,USA2P1569490,2
355,Firestarter,The Prodigy,142,1B,95,2022-08-12,04:39,70,"big beat, breakbeat",The Fat of the Land,1997-06-30,55,0,36,36,0,20,-5,B Major,4,79CUrU5o2KAVDTNm4x3eGU,GBBKS9700080,1
356,Omen,The Prodigy,140,9B,95,2022-08-12,03:36,0,"big beat, breakbeat",Invaders Must Die,2009-02-23,55,0,12,56,0,20,-5,G Major,4,6VfNTf0N1HwfFKl7Y18diU,GBCEJ0800392,1
357,Drunk Groove,"MARUV,Boosin",112,10A,64,2022-08-13,03:46,47,,Drunk Groove,2017-12-29,86,1,13,73,0,30,-7,B Minor,4,7xVzkiXvUfwI72l0qh03Fj,RUA591701134,1
359,OUT WEST (feat. Young Thug),"JACKBOYS,Travis Scott,Young Thug",140,4B,59,2022-08-14,02:37,77,"rap, trap, melodic rap",JACKBOYS,2019-12-27,80,1,0,31,20,20,-5,G#/A♭ Major,4,6gi6y1xwmVszDWkUqab1qw,USSM11914988,1
360,I H3ART Y0U,"Boy Fantasy,g0r3c0r3",158,10B,99,2022-08-14,01:39,0,hyperpop,BOY FANTASY,2021-04-18,54,0,0,51,20,60,-1,D Major,4,3MziN8GnoW20byJDH4heGr,QZHN32123353,1
363,Wait a Minute!,WILLOW,101,2A,71,2022-08-14,03:16,86,,ARDIPITHECUS,2015-01-11,76,4,0,67,0,0,-5,D#/E♭ Minor,4,0y60itmpH0aPKsFiGxmtnh,QMJMT1500801,1
369,Murder In My Mind - Slowed + Reverb,Kordhell,194,3B,95,2022-08-17,02:58,53,"phonk, drift phonk",Murder In My Mind,2022-01-21,57,1,1,44,20,10,-2,C♯/D♭ Major,4,0HIeI7doCC3xlhlfFxXWMc,QM4TW2218316,1
370,GOSHA,$NOT,80,8B,45,2022-08-17,02:00,66,,- TRAGEDY +,2020-03-06,85,81,0,49,40,30,-10,C Major,4,0j8ppsOOawdPCJnSTcXgOy,QM42K1852966,1
371,Murder In My Mind - Sped Up,Kordhell,151,10B,99,2022-08-17,01:55,53,"phonk, drift phonk",Murder In My Mind (Sped Up),2022-05-05,60,0,6,15,40,40,-1,D Major,4,3T56drS7FjnZgGcOAHlXzx,QM6MZ2221090,3
372,Dysfunctional,Tech N9ne Collabos,80,3A,84,2022-08-18,04:00,62,,Sickology 101,2009-05-19,78,28,0,53,20,40,-4,A#/B♭ Minor,4,1AJx5jJQy9pKKxcnHm85RY,USZXT0910138,1
373,Can't Feel My Legs,Don Toliver,140,10A,65,2022-08-18,03:00,65,,Heaven Or Hell,2020-03-13,70,24,0,41,0,20,-6,B Minor,4,47IXLhp3c6mu7NqvpuhuLi,USAT21904066,1
374,Hit 'Em Up Style (Oops!),Blu Cantrell,90,4A,77,2022-08-18,04:10,71,,So Blu,2001-07-30,67,20,0,67,0,40,-5,F Minor,4,4zYTZvtcww7OWKie7fxA9E,USAR10100372,1
375,Butter (Megan Thee Stallion Remix),"BTS,Megan Thee Stallion",110,4B,59,2022-08-18,02:44,0,"k-pop, ",Butter (Megan Thee Stallion Remix),2021-08-27,74,0,0,77,10,10,-5,G#/A♭ Major,4,3JR0ducCexKbeK47g6AHm5,QMFME2195608,1
376,girls girls girls,FLETCHER,140,8B,48,2022-08-19,02:41,57,,girls girls girls,2021-10-08,65,66,0,47,10,10,-9,C Major,4,6eutgX6jfXAsjTXgQtCtYV,USUG12104732,1
378,Raingurl,Yaeji,128,11A,57,2022-08-21,03:57,0,,EP2,2017-11-03,93,2,0,31,0,10,-7,F#/G♭ Minor,4,5z1wOyEyoRu0HTkXYvuqiH,QM38F1700004,1
380,My Name is Dark - Art Mix,Grimes,124,2B,84,2022-08-21,05:56,45,art pop,Miss Anthropocene (Deluxe Edition),2020-02-21,52,0,42,46,0,10,-6,F#/G♭ Major,4,43DBhwmvfhWTQwBRmJsafC,GBAFL1900407,1
382,Me & U,AleksSounds,133,12A,55,2022-08-22,03:55,47,,Me & U,2019-06-26,43,13,0,24,0,20,-8,C♯/D♭ Minor,5,3sXzWK6jti7Bdff45LUOGw,USLEV1947201,1
385,Chick Habit (From  Death Proof ),Izzy Bardot,135,9A,93,2022-08-25,02:18,25,,Tarantino Unchained,2013-11-04,63,17,0,72,0,20,-4,E Minor,4,5ByGzw1ZRpXdlWPdXylAAh,NLG620534277,1
386,ART GANG MONEY (feat. REDDY),"Swervy,REDDY",120,3B,83,2022-08-25,03:14,0,k-rap,ART GANG MONEY,2019-07-22,81,12,1,36,20,10,-4,C♯/D♭ Major,4,2JPq1X34utburxMaQlnFkZ,KRC391900038,1
387,난리나 (INST),Block B,115,1A,97,2022-08-26,03:21,44,k-pop,Welcome to the BLOCK,2012-02-02,81,0,2,97,0,10,-5,G#/A♭ Minor,4,1owpAHpWVzx88vmw7vwJOp,KRA381200090,1
389,Big Energy,Latto,106,10A,81,2022-08-27,02:53,65,,Big Energy,2021-09-24,94,5,0,81,10,30,-4,B Minor,4,6Zu3aw7FfjAF9WA0fA81Oq,USRC12102454,1
390,she calls me daddy,KiNG MALA,100,11B,43,2022-08-27,03:03,55,,she calls me daddy,2021-04-08,80,3,0,57,0,10,-8,A Major,4,4nBsvvjN134KFVcvFMLWwK,QZ9H32100011,1
391,Paper Planes,M.I.A.,172,10B,85,2022-08-27,03:25,81,,Kala,2007-08-20,45,3,0,49,20,60,-6,D Major,4,1ixbwbeBi5ufN4noUKmW5a,GBBKS0700215,3
392,Got Your Money (feat. Kelis),"Ol' Dirty Bastard,Kelis",103,3B,46,2022-08-27,03:59,70,"east coast hip hop, old school hip hop, hardcore hip hop, ",Nigga Please,1999-00-00,93,5,0,70,10,20,-8,C♯/D♭ Major,4,6YYd5MLpu45J0uLrMdivF7,USEE19900510,1
395,Tonight Tonight,Hot Chelle Rae,100,12B,78,2022-08-27,03:20,70,,Whatever,2011-11-25,69,8,0,81,10,10,-5,E Major,4,2i0AUcEnsDm3dsqLrFWUCq,USJI11100019,1
397,Triggered,Chase Atlantic,75,8A,73,2022-08-27,04:09,62,,Chase Atlantic,2017-10-04,45,2,0,12,0,10,-6,A Minor,4,2Kzh82y13pTISM1EuUZNEQ,USWB11700398,1
398,HAD ENOUGH (feat. Quavo & Offset),"Don Toliver,Quavo,Offset",148,10B,79,2022-08-28,02:37,60,,JACKBOYS,2019-12-27,75,25,0,67,10,10,-5,D Major,4,7LGWmZaoS7jZJ5tEi9EcDi,USAT21907692,1
401,3,Britney Spears,135,4A,72,2022-08-30,03:25,57,pop,The Essential Britney Spears,2014-07-29,70,5,0,76,0,20,-2,F Minor,4,2d7fRuDlFZfKIoSuf8bhGv,USJI10900602,2
402,crushcrushcrush,Paramore,137,12A,79,2022-08-31,03:09,71,"pop punk, emo",Riot!,2007-06-12,63,0,0,65,0,10,-4,C♯/D♭ Minor,4,4m9NfjevXsDVaLtM1kj0Sx,USAT20702606,1
404,Best You Had,Don Toliver,120,10A,54,2022-09-03,02:20,63,,Best You Had,2019-05-25,81,33,0,52,0,0,-8,B Minor,4,4k7dYdLGhJuUjaeEQB5hcA,USAT21903324,1
407,OHMAMI - With Maggie Lindemann,"Chase Atlantic,Maggie Lindemann",126,3A,73,2022-09-11,03:46,52,,OHMAMI (With Maggie Lindemann),2021-09-01,61,5,0,39,10,40,-6,A#/B♭ Minor,4,1c7YvFPE0PWud0InScOX3r,US5262124319,1
409,Girls & Boys,Blur,120,6A,88,2022-09-16,04:19,74,"britpop, madchester, alternative rock",Blur: The Best Of,2000-10-23,69,1,0,90,0,0,-8,G Minor,4,5CeL9C3bsoe4yzYS1Qz8cw,GBAYE9400144,1
410,DIVE IN! - SLOWED REVERB!,JELEEL!,110,3B,60,2022-09-16,02:07,0,rage rap,DIVE IN! (SPED UP! / SLOWED REVERB!),2021-05-21,66,0,0,6,0,10,-5,C♯/D♭ Major,4,0ZJ09tmBmKJlUTz8y7qDCV,QZJ842001884,1
411,prolly my spookiest beat (slowed + reverb),prodby668,125,3B,64,2022-09-21,02:21,0,phonk,prolly my spookiest beat (slowed + reverb),2022-03-18,73,2,62,38,0,10,-11,C♯/D♭ Major,4,0UYUdfqkHplLojTuEKMqtC,US3DF2230682,1
415,Pretty Handsome Awkward,The Used,105,8B,98,2022-09-26,03:35,64,"emo, screamo, post-hardcore, pop punk",Lies for the Liars,2007-05-18,54,0,0,26,0,90,-4,C Major,4,77BfOPXhlnNaSbg647qkx2,USRE10700543,1
416,Burning Down the House,The Used,103,6B,86,2022-09-26,03:39,41,"emo, screamo, post-hardcore, pop punk",Transformers: Revenge Of The Fallen The Album,2009-06-12,50,0,2,22,0,20,-4,A#/B♭ Major,4,0rzLLXjpITMF8FyBycxwgM,USRE10900032,1
417,Cool for the Summer - Sped Up (Nightcore),"Demi Lovato,Speed Radio",126,7A,60,2022-09-27,03:11,62,,Cool for the Summer [Sped Up (Nightcore)],2022-04-01,56,1,0,26,0,30,-8,D Minor,4,4FYWOYqOF9lbb1JcZFDT67,USHR12243196,1
418,Satisfaction - Isaak Original,Benny Benassi,130,11B,72,2022-09-27,04:45,48,electro house,Hypnotica,2003-00-00,80,19,20,37,10,0,-3,A Major,4,0qmQ8fxqSPZZJrMLzVLAJc,AUNV00801169,1
419,Black On Black,Dalbello,118,10B,62,2022-09-27,04:22,0,industrial rock,She,1987-01-01,66,1,0,28,0,60,-12,D Major,4,51nRl2YhMwRPibnTJ1zhin,FR6V81294197,1
423,The Way I Are - Radio Edit,"Timbaland,D.O.E.,Keri Hilson",115,3B,74,2022-10-02,03:19,46,,The Way I Are,2007-01-01,71,17,6,78,0,10,-7,C♯/D♭ Major,4,0CRJioCflddFvP2SLKZRyS,USUM70734367,1
424,Hungry Like the Wolf - 2009 Remaster,Duran Duran,128,8B,81,2022-10-03,03:40,76,"new wave, synthpop",Rio (Collector's Edition),1982-05-10,69,4,0,69,0,30,-8,C Major,4,39lSeqnyjZJejRuaREfyLL,GBAYE0901090,1
425,Army Of Me,Björk,172,2B,69,2022-10-13,03:54,0,"art pop, trip hop",Post,1995-06-13,46,1,0,53,0,20,-9,F#/G♭ Major,4,5zRuPOBoe38AjACFMsxkof,GBBTF0200244,1
427,Right Round (US Version),Flo Rida,125,9B,67,2022-10-24,03:24,25,,Rap & RnB,2020-08-14,72,1,0,71,0,20,-7,G Major,4,1c95XGUQ2u4mu1Fuqnp9E5,USAT20900156,1
428,touch tank,quinnie,102,12B,50,2022-10-29,02:59,54,bedroom pop,touch tank,2022-08-26,66,36,0,51,0,40,-7,E Major,4,1S3ZeV4CEdqbzBYwu0pxE7,USSM12208609,1
431,"Baby, I'm Jealous (feat. Doja Cat)","Bebe Rexha,Doja Cat",98,10A,87,2022-11-03,02:55,54,,"Baby, I'm Jealous (feat. Doja Cat)",2020-10-09,74,4,0,51,0,30,-2,B Minor,4,2fTdRdN73RgIgcUZN33dvt,USWB12003890,1
434,DUN DUN,EVERGLOW,103,10A,88,2022-11-05,03:12,63,"k-pop, noise music",reminiscence,2020-02-03,69,5,0,43,0,10,-3,B Minor,4,3ejAkJLWQSEJDqDXxK3efB,KRMIM2001491,3
438,F.U.U. (feat. Fever Dream),"Dream Wife,Fever Dream",122,11B,96,2022-11-15,03:50,7,"riot grrrl, queercore, ",Dream Wife,2018-01-26,36,4,0,10,20,30,-5,A Major,4,5AEhwrktCvhmu0I2tmXZEW,GBJET1700028,1
439,FUU,Dream Wife,120,12B,96,2022-11-15,04:32,1,"riot grrrl, queercore",FUU,2016-10-28,62,2,0,23,0,10,-5,E Major,4,4irVCmiqhmt8fXSCGmMEHL,GBJET1600042,1
440,Ignorance,Paramore,171,10A,96,2022-11-19,03:38,65,"pop punk, emo",Brand New Eyes,2009-09-25,52,0,0,51,10,0,-3,B Minor,4,5ZdrNnYV5VZWds4WXKf8kf,USAT20902050,1
443,NEON BLADE - Slowed + Reverb,MoonDeity,83,3B,100,2022-11-21,05:04,46,"phonk, drift phonk",NEON BLADE (Slowed + Reverb),2022-06-17,50,6,96,97,10,40,-3,C♯/D♭ Major,4,7kDFbQE78O8SDBzOthsKNM,QM6N22239638,1
444,99.9,"MOB CHOIR,sajou no hana",168,3A,94,2022-11-21,03:08,58,"anime, j-rock, j-pop",99.9,2019-03-06,49,0,0,68,20,10,-3,A#/B♭ Minor,4,4cHqWNDNrgCu6PbUZcgUxP,JPQ461800660,1
445,lambada,Dabro,98,10B,37,2022-11-27,01:25,0,,lambada,2022-09-19,74,0,1,60,0,10,-11,D Major,4,7IMjGv5PdY5iamQ6ers2n2,TCJPT2205754,1
446,Push It,Salt-N-Pepa,127,10A,60,2022-11-28,04:32,67,old school hip hop,"Hot, Cool & Vicious",1986-12-08,91,1,0,97,0,0,-12,B Minor,4,6sT9MWlJManry3EQwf4V80,USIR20180482,1
448,Hello (feat. A Boogie Wit da Hoodie),"Pop Smoke,A Boogie Wit da Hoodie",131,3A,65,2022-11-30,03:10,47,"brooklyn drill, new york drill, drill, melodic rap",Shoot For The Stars Aim For The Moon (Deluxe),2020-07-20,91,2,0,37,10,20,-5,A#/B♭ Minor,4,2r6OAV3WsYtXuXjvJ1lIDi,USUM72014370,1
451,Aces,dkj,140,3A,54,2022-12-09,02:02,60,,Aces,2022-11-25,60,0,95,43,0,20,-11,A#/B♭ Minor,4,4pV6Kx1T9L49PBFwH1g8ca,USAT22221554,1
452,Cleaver Lever,The Growl,147,10B,90,2022-12-09,02:44,1,neo-psychedelic,What Would Christ Do??,2013-04-12,44,2,0,39,10,0,-4,D Major,4,5jiUhrF3pNkmPnwVLjKUrY,AUV631303002,1
454,Danger Zone - From  Top Gun  Original Soundtrack,Kenny Loggins,157,2A,90,2022-12-15,03:35,76,yacht rock,"Yesterday, Today, Tomorrow - The Greatest Hits Of Kenny Loggins",1997-03-25,54,24,0,65,0,10,-6,D#/E♭ Minor,4,34x6hEJgGAOQvmlMql5Ige,USSM18600108,1
457,I Can Do Anything,3OH!3,170,4A,91,2022-12-17,03:10,17,,Streets Of Gold,2010-06-25,54,0,0,44,20,30,-5,F Minor,4,37IntCzOyMAKnisYepbCl0,USAT21001086,1
459,Give It A Go,"Timbaland,Veronica Gardner",109,3B,80,2022-12-17,04:20,49,,Real Steel - Music From The Motion Picture,2011-01-01,73,1,0,38,0,0,-6,C♯/D♭ Major,4,1y8OYJ8MCglgltJ2NuQ9BT,USUM71114336,1
460,Magnolia,Suilen,69,9B,94,2022-12-17,04:42,0,,TITLE_ERROR,1999-01-01,10,0,2,17,0,0,-3,G Major,4,4YS75QGbONvVJDo3NBo3n5,BXVR02237339,1
461,Mickey,Toni Basil,149,12B,91,2022-12-20,04:13,1,,Mickey: The Very Best Of Toni Basil,2016-09-20,67,12,0,97,0,10,-6,E Major,4,4Gnl12vioGd6lgIjeYcMCl,GBCKK8175201,1
464,Tschaka,Feeling B,115,1A,92,2022-12-26,03:02,0,neue deutsche welle,Die 100 besten Ostsongs (Die radio eins Top 100 Hits),2019-11-15,39,0,1,74,0,30,-6,G#/A♭ Minor,4,5AlmwgFvb2PIA4R5xSfUsN,DEC731100112,1
465,Rock You Like a Hurricane - 2015 - Remaster,Scorpions,125,9A,87,2022-12-27,04:13,2,"hard rock, glam metal, rock",Love At First Sting (Deluxe Edition),1984-03-27,40,0,0,68,0,10,-3,E Minor,4,2fICdpdRotwfmGYzvs8Ngf,DELV41501024,1
466,"Facts (feat. YG, Rich The Kid & BIA)","Chantel Jeffries,YG,Rich The Kid,BIA",200,4A,58,2022-12-28,03:27,31,"hyphy, trap, ","Facts (feat. YG, Rich The Kid & BIA)",2019-02-01,70,27,0,75,20,10,-7,F Minor,4,2k5W7eyzobMFd1a1Xisf3w,USUM71901123,1
468,labyrinth,9lives,168,3B,84,2023-01-05,01:42,0,"hyperpop, jersey club",#exclusive,2022-11-13,53,1,63,9,0,10,-7,C♯/D♭ Major,4,2sHUNYYg0OCNO47wiArrCP,QZTAY2281118,1
469,Ballin,"2Scratch,TAOG",113,7B,60,2023-01-09,03:51,0,,Ballin,2018-06-21,73,3,0,22,10,30,-8,F Major,4,48k7lAQQIre9mbyfTqzClq,USA2P1841742,1
470,Own Brand (Baddie),"Dréya Mac,FelixThe1st,Finch Fetti",128,3B,47,2023-01-10,01:49,43,,Own Brand (Baddie),2022-01-28,94,3,0,67,10,10,-8,C♯/D♭ Major,4,2mWzSF26sdZn453GgoiJcz,GBUM72200240,1
473,Going Bad (feat. Drake),"Meek Mill,Drake",86,9A,50,2023-01-14,03:00,77,rap,Championships,2018-11-30,89,26,0,54,0,20,-6,E Minor,4,2IRZnDFmlqMuOrYOLnZZyc,USAT21812710,1
474,Ooh Killem,King Kendrick,134,5A,69,2023-01-14,02:22,0,,King Kendrick Diss,2013-00-00,75,1,0,38,30,0,-8,C Minor,4,4u4YzpWVKSz01MlTPTERkf,USQY51787587,1
475,Low,SZA,145,5A,55,2023-01-18,03:01,75,r&b,SOS,2022-12-09,70,43,0,34,0,10,-7,C Minor,4,2GAhgAjOhEmItWLfgisyOn,USRC12204586,1
476,The Rockafeller Skank,Fatboy Slim,153,9B,99,2023-01-21,06:53,2,big beat,You've Come a Long Way Baby (10th Anniversary Edition),1998-10-19,67,1,0,8,20,20,-7,G Major,4,48JrHJdke53Te8dQ9aWzvV,GBBMQ9800025,1
478,Hugh Hefner,ppcocaine,136,1B,74,2023-01-28,02:22,52,,Hugh Hefner,2020-09-11,94,1,0,70,10,0,-8,B Major,4,4yzCXVdOKzt87w4bRItgNx,USSM12005231,1
481,Piece Of Your Heart - Alok Remix,"MEDUZA,Alok,Goodboys",124,3A,86,2023-01-31,02:46,71,"brazilian bass, electronic, slap house, electro house, ",Piece Of Your Heart (Alok Remix),2019-06-07,80,3,1,19,0,30,-4,A#/B♭ Minor,4,6iW38RGqdDGOofmz2HeXLW,DEUM71902068,2
483,My Sharona,The Knack,147,8B,70,2023-02-06,04:55,73,power pop,Get The Knack,1979-01-01,59,6,0,90,0,0,-10,C Major,4,1HOMkjp0nHMaTnfAkslCQj,USCA28900153,1
485,Why,anders,135,4B,54,2023-02-15,02:42,15,trap soul,Why,2017-12-22,79,14,0,23,0,10,-7,G#/A♭ Major,4,4Wi6uD4cKkfvOa5SzL7GGJ,TCADK1706986,1
486,Ballroom Blitz,Sweet,108,11A,88,2023-02-15,04:00,59,glam rock,Throwback Tunes: Classic Rock,2017-10-20,63,2,0,88,0,0,-7,F#/G♭ Minor,4,6k6j3ZUljY1QLTMbc8VqB0,USCA28800090,1
487,Bored,Ari Abdul,120,6B,62,2023-02-16,02:47,49,dark r&b,Bored,2023-02-10,70,3,0,83,0,10,-6,A#/B♭ Major,4,2iqsWOyAgyR7oELyZYEgz9,USRC12300132,1
488,Plain Jane REMIX (feat. Nicki Minaj),"A$AP Ferg,Nicki Minaj",170,1B,84,2023-02-17,03:22,68,"rap, ",Plain Jane REMIX (feat. Nicki Minaj),2017-12-15,79,6,0,38,20,20,-4,B Major,4,2YzmfPLqUx5CJOaw5ThsBV,USRC11703649,1
489,You Really Got Me,The Kinks,137,4B,95,2023-02-24,02:11,4,"proto-punk, baroque pop",Kinks (Deluxe),1964-10-02,57,33,0,95,0,0,-6,G#/A♭ Major,4,29SyMC0plk6qw8NMF7lfRL,GBAJE6400005,1
490,All Day and All of the Night,The Kinks,137,9B,86,2023-02-24,02:21,1,"proto-punk, baroque pop",Kinks (Deluxe),1964-10-02,55,26,0,72,0,0,-8,G Major,4,78JmElAFmrPNhLjovDR9Jm,GBAJE6400007,1
491,Lip & Hip,HyunA,113,10A,85,2023-02-27,03:29,54,k-pop,Lip & Hip,2017-12-04,74,0,0,52,0,10,-3,B Minor,4,5C2d3tz8WACjmw7T6TthQ2,KRA391700072,1
493,Off My Chest (feat. Lil Pump),"Smokepurpp,Lil Pump",130,5A,58,2023-03-02,02:58,33,,Florida Jit,2020-06-19,71,1,0,38,0,10,-6,C Minor,4,07Z4YbmHfeMHwPqNnKjTLc,USUM72009956,1
494,Divine Hell,Lemuel Tay,120,4B,51,2023-03-04,02:40,0,,Divine Hell,2022-11-18,65,2,0,6,0,20,-6,G#/A♭ Major,4,4JjvY4zG29hcrzSYwdmhR1,QZW9M2214570,1
496,The Purge,"Jay Park,pH-1,BIG Naughty,Woodie Gochild,HAON,TRADE L,Sik-K,GroovyRoom",162,2B,90,2023-03-09,03:41,56,"k-rap, k-pop, k-ballad",H1GHR : RED TAPE,2020-09-02,75,11,0,78,10,10,-2,F#/G♭ Major,4,3gGyzpBLb7pqOw5oC47QaV,KRF152000060,1
501,Hanryang,"Min Kyunghoon,KIM HEECHUL,BIBI",140,10B,73,2023-03-11,03:22,0,"k-ballad, k-rap, k-pop",Hanryang,2020-12-19,70,6,0,31,10,0,-4,D Major,4,2JHHa7MKQahUQi5d4At1GZ,KRC302000003,1
502,How You Like Me Now,The Heavy,110,8B,71,2023-03-12,03:37,65,,The House That Dirt Built,2009-10-05,65,0,70,27,0,0,-5,C Major,4,0kHwTHf8ye0mSd66pwcrEN,GBCFB0901502,1
504,1mmortal,Cash!*,120,3B,49,2023-03-15,01:55,0,,1mmortal,2023-01-14,49,0,85,13,0,20,-11,C♯/D♭ Major,4,4C1dYbS1oGe9CJKGsPNmNu,GX89G2399714,1
505,FASHION - SLOWED + REVERB,LIL GLOCK 420,110,3B,52,2023-03-23,02:07,0,,FASHION (Remixes),2022-04-22,65,2,78,18,0,30,-10,C♯/D♭ Major,4,5FBaeWjaCvo8vB5Nsqr5vJ,QZHN52287316,1
508,ATM (feat. Missy Elliott),"Bree Runway,Missy Elliott",111,8B,71,2023-04-01,03:07,41,hip hop,2000AND4EVA,2020-11-06,87,1,0,51,0,30,-6,C Major,4,3cqm5i4yDaNuzu9oQmQzBC,GBUM72005281,1
509,honey,Halsey,160,11B,86,2023-04-04,02:53,50,,"If I Can’t Have Love, I Want Power",2021-08-27,47,0,0,39,0,0,-5,A Major,4,7p58AJeuaFSUHTnPe5NFaf,USUM72106130,1
511,XTAYALIVE (Slowed + Reverb),"jnhygs,9lives",77,3A,86,2023-04-04,02:29,0,"jersey club, hyperpop",XTAYALIVE (Remixes),2023-02-27,37,0,0,47,0,40,-7,A#/B♭ Minor,5,0iYhjUEvAu5RYegxvEM2zj,USANG2271400,1
512,A.C.D.C.,Joan Jett & the Blackhearts,154,11B,98,2023-04-06,03:20,22,rock,Sinner,2006-06-13,40,11,0,42,30,90,-3,A Major,4,6Ewuk64UgA3MFArybxROJR,USBH10652950,1
513,AC-DC,Sweet,157,12B,96,2023-04-06,03:27,28,glam rock,Sweet Fanny Adams,1974-04,53,15,0,68,10,30,-5,E Major,4,69OjCU7IJ9jLOtxMAJHrRk,DEC760400200,1
514,Night Ride,Yüng:Zënø,149,11A,43,2023-04-07,02:49,0,,Night Ride,2022-11-05,45,0,81,13,0,10,-9,F#/G♭ Minor,4,3tYLJhEAJ7KX6gdPtNJcBN,QZNMY2214323,1
515,Black Beatles - Madsonik Remix,"Rae Sremmurd,Madsonik",164,11B,74,2023-04-07,03:17,40,dubstep,Black Beatles (Madsonik Remix),2017-02-24,58,17,0,23,0,0,-6,A Major,4,2nP8ocGldyxuc7L4v2NWfN,USUM71701137,1
522,khaos emerald,9lives,128,6B,84,2023-04-16,02:31,0,"hyperpop, jersey club",khaos emerald,2022-11-13,69,0,84,6,0,40,-7,A#/B♭ Major,4,5uyD5mEo4q7fhoJ32AVK9U,QZTAY2281112,1
523,khaos emerald (slowed + reverb),9lives,109,5A,76,2023-04-16,02:58,0,"hyperpop, jersey club",khaos emerald (Remixes),2023-01-09,66,0,82,9,0,40,-9,C Minor,4,7lx6dSY6bkcvEx1FhLLzMH,USANG2247255,1
524,I Wanna Be Your Dog,The Stooges,121,12B,87,2023-04-22,03:08,58,"proto-punk, punk, garage rock",The Stooges,1969-08-05,53,2,16,11,0,40,-9,E Major,4,672N8DGGTOLCOgWe0koX5g,USEE10000948,1
526,Love Me or Hate Me,Song Soo Woo,102,7A,68,2023-04-24,02:39,33,k-rock,Love Me or Hate Me,2022-02-03,69,0,0,54,0,10,-3,D Minor,4,2Qv01mVwY3815XuoXm6Upc,KRA492200113,1
527,Princess Diana (with Nicki Minaj),"Ice Spice,Nicki Minaj",148,11B,69,2023-05-08,02:52,67,,Princess Diana (with Nicki Minaj),2023-04-14,90,17,0,77,10,10,-5,A Major,4,0ZxhtATQ0a6EvQNZ0z6NKV,USUG12300211,1
528,Girls & Boys,Good Charlotte,135,5B,72,2023-05-14,03:03,65,"pop punk, punk, emo",The Young and The Hopeless,2002-10-04,66,0,0,61,0,30,-5,D#/E♭ Major,4,65mxB9IWpmVo4qUjdGSxRB,USSM10209831,1
530,FASHION - ALTERNATIVE INTRO,LIL GLOCK 420,77,5A,43,2023-05-26,01:59,0,,FASHION (Remixes),2022-04-22,62,3,48,40,0,10,-10,C Minor,4,3K7u5RPRr4I6IxFRtes6wc,QZHN52287314,1
535,Danger (Spider) (Offset & JID),"Offset,JID",143,1A,69,2023-06-13,03:25,60,,METRO BOOMIN PRESENTS SPIDER-MAN: ACROSS THE SPIDER-VERSE (SOUNDTRACK FROM AND INSPIRED BY THE MOTION PICTURE),2023-06-02,84,3,0,29,10,20,-6,G#/A♭ Minor,4,3X6qK1LdMkSOhklwRa2ZfG,USUM72308542,1
536,mishka - instrumental,jariel ^__^,121,9B,69,2023-06-17,02:22,0,,mishka (instrumental),2023-04-11,56,0,82,56,0,0,-10,G Major,4,29nxynqWJfDoE0rEvQRi41,QZHN82353385,1
537,Мишка (feat. KATERINA),"Poshlaya Molly,KATERINA",110,4A,79,2023-06-17,02:38,2,,PAYCHECK,2020-02-18,73,0,0,88,0,10,-5,F Minor,4,1gendg1aFXeHaMD2IdT0C8,RUA591902537,1
539,LOSER,Kenshi Yonezu,121,12A,93,2023-07-01,04:03,0,"j-pop, anime, j-rock",BOOTLEG,2017-11-01,68,0,0,96,0,0,-4,C♯/D♭ Minor,4,7wa1cHqTRdjXZuqo4iigj1,JPU901602597,1
541,It's Like That,Run–D.M.C.,121,1B,89,2023-07-02,04:50,52,"old school hip hop, east coast hip hop, hip hop",RUN-DMC (Expanded Edition),1984-03-27,96,6,0,55,10,10,-5,B Major,4,2J6QnTjHIWwXErNWyF0RUC,USAR18400004,1
545,Black Sheep,Gin Wigmore,119,8B,68,2023-07-16,03:03,38,,Gravel & Wine,2011-01-01,72,2,0,41,0,70,-4,C Major,4,7v8GKtoRrkWCxhJJBAl1AK,AUUM71100967,1
547,Cancun Sega,"Shawkie,3ario,Cianluci",81,6B,23,2023-07-18,03:00,0,,Cancun Sega,1200-07-06,60,3,86,4,0,30,-12,A#/B♭ Major,4,4KaI2UNaOB2BtrZX7xkyKA,GX7VP2302748,1
548,Barbie World (with Aqua) [From Barbie The Album],"Nicki Minaj,Ice Spice,Aqua",144,8B,58,2023-07-21,01:49,70,"europop, eurodance",Barbie World (with Aqua) [From Barbie The Album],2023-06-23,77,52,0,75,20,20,-8,C Major,4,741UUVE2kuITl0c6zuqqbO,USAT22306213,2
549,I Want You So Bad,Orion,110,3B,90,2023-07-22,04:08,25,,I Want You So Bad,2020-02-21,62,0,48,61,0,30,-5,C♯/D♭ Major,4,5ynNrZ9XIMgTPakWKxSBft,QZAKB2000235,1
550,Rockstar,"Primary,Kriz",121,9B,95,2023-07-30,03:02,20,"k-rap, ",D.P. 2 (Original Soundtrack from the Netflix Series),2023-07-28,68,3,0,67,0,0,-4,G Major,4,7pQ730Zdt7FV8uNBw3AQ7h,QZ8BZ2305990,1
552,LOOK DON'T TOUCH - Slowed & Reverbed,"ODECORE,Odetari,cade clair",110,8B,68,2023-08-02,02:37,49,"hyperpop, jersey club",LOOK DON'T TOUCH (STARE STARE STARE),2023-07-06,67,12,2,45,0,0,-13,C Major,4,2xLCNc9jc87ujLXnG7wYM4,QZVFR2301456,1
554,Popular (with Playboi Carti & Madonna) - The Idol Vol. 1 (Music from the HBO Original Series),"The Weeknd,Playboi Carti,Madonna",99,3B,67,2023-08-15,03:35,1,"rage rap, ",Popular [The Idol Vol. 1 (Music from the HBO Original Series)],2023-06-02,85,5,0,85,10,50,-6,C♯/D♭ Major,4,5xP9lQYA8YQmQh6BOxcAnR,USUG12303876,1
556,Go (Xtayalive 2) - Slowed Down,"Kanii,9lives,slowed + reverb",54,3B,78,2023-08-31,01:52,46,"jersey club, ",Go (Xtayalive 2) [Slowed Down],2023-06-15,40,0,0,20,10,0,-6,C♯/D♭ Major,3,3QupG5C7cghPxWH7Kq5nak,USWB12303458,1
557,I Don't Wanna Be In Love (Dance Floor Anthem),Good Charlotte,125,2B,88,2023-09-04,04:04,56,"pop punk, punk, emo",Good Morning Revival,2008-05-20,64,2,0,57,0,10,-3,F#/G♭ Major,4,6BLLQndvA0rLbLcIZmuuEJ,USSM10607447,1
558,AUTOMATIC,"Chancellor,Babylon,twlv,Moon Sujin,BIBI,Jiselle",100,4B,70,2023-09-15,04:28,44,"k-rap, k-pop",AUTOMATIC,2020-10-14,72,13,0,49,0,10,-5,G#/A♭ Major,4,2xYnqYBNL62ypPiA0wjD0s,KRA382005883,1
559,"Smoke (Prod. Dynamicduo, Padi)","Dynamicduo,Lee Young Ji",98,10A,82,2023-09-19,03:29,58,"k-rap, k-pop",Street Woman Fighter2 (SWF2) Class Mission,2023-09-05,77,3,0,77,30,0,-4,B Minor,4,1qRfAvzRIJQodWKBNFAb6C,KRA492300792,1
561,sloppy,"KiNG MALA,UPSAHL",132,11A,43,2023-09-21,02:46,48,,honey catching season,2022-10-14,71,14,0,33,0,20,-8,F#/G♭ Minor,4,4PeGUBERD8qDn6oP3XmEuQ,QZ9H32200071,1
562,Chaos Mode,DEZI,160,10A,55,2023-09-21,03:09,45,,Chaos Mode,2021-07-23,52,4,0,36,20,20,-9,B Minor,4,5EDr9gGpLcztjoEk3riM7v,QZ93L2121654,1
563,Venus in Gemini,DEZI,140,3A,83,2023-09-21,03:01,50,,Venus in Gemini,2021-10-29,71,10,0,90,0,0,-4,A#/B♭ Minor,4,3RkXu1QcaPLbloNlK3hAGW,QZAKB2134969,1
564,COHIBA,DEZI,158,10B,49,2023-09-21,02:48,42,,COHIBA,2023-09-15,68,1,0,43,0,0,-8,D Major,4,7n4JQg1kqM6ws4pEIAgpjW,SE6TI2336768,1
565,BRAT,DEZI,166,5A,76,2023-09-21,02:22,49,,BRAT,2023-06-09,52,1,0,66,0,10,-6,C Minor,4,2TDoIecSdFqXr6VzeRXggT,QZVEM2327678,1
566,Religion,"ZAND,Shurk",118,9B,68,2023-09-21,03:05,48,,SEWERSTAR,2023-09-07,68,14,0,56,0,10,-8,G Major,4,31khSTZ0Tt0v4A0PFsp3xf,GBKPL2160941,1
567,Pink,girli,156,9A,88,2023-09-21,03:11,33,,Odd One Out,2019-04-05,55,0,0,77,0,0,-4,E Minor,4,37iqLjw1faRu8mBPGwvBMY,GBUM71807932,1
568,Pretty Boy,poutyface,126,3B,89,2023-09-22,02:32,39,,Boys Will Be Boys,2021-11-30,54,1,0,68,10,30,-5,C♯/D♭ Major,4,4rTYW2D4ndQC02e6qAPo2p,USUM72121026,1
572,Lady Jesus,UPSAHL,168,10A,68,2023-09-22,02:15,44,,Lady Jesus,2021-10-08,66,4,0,90,10,10,-6,B Minor,4,4HkJ9MoO7sQHQ6hCxJN01w,USAR12100094,1
573,Boys Wanna Be Her - Tommie Sunshine's Brooklyn Fire Retouch,"Peaches,Tommie Sunshine",132,11B,59,2023-09-22,05:04,36,"electroclash, riot grrrl, queercore, bass house, future house",Boys Wanna Be Her,2006-11-06,78,0,0,52,0,0,-6,A Major,4,5nnZczUzlBJY7ER1HqRhQb,GBBKS0600247,1
574,Slut Money,ZAND,149,5A,50,2023-09-26,03:35,48,,Slut Money,2020-09-17,64,52,0,35,0,30,-8,C Minor,4,4e5Yinc0SLDFa3zzjYvTUE,GBKPL2018510,1
575,Bandit,TAEIL,80,7A,64,2023-10-01,03:23,30,"k-pop, k-ballad",Song of the Bandits (Original Soundtrack from the Netflix Series),2023-09-22,57,22,0,58,0,10,-2,D Minor,4,3mQH4pXsnixxr8EDK7ZZVa,QZ8BZ2306692,1
576,LIVE THE WEEKEND,"RIZHA,girli",180,11B,75,2023-10-05,02:45,0,"hyperpop, ",Fever Dream,2021-12-19,67,15,0,35,20,0,-4,A Major,4,1OsATXpYU7JnMu5xNkrFA6,US66W2000391,1
577,Chili,HWASA,103,1A,81,2023-10-08,02:15,55,k-pop,Chili,2023-10-04,60,10,0,70,30,0,-3,G#/A♭ Minor,4,253P6uwLnelVQ6MdwXMIJk,KRA492300912,1
579,Hitman,Seori,107,8B,86,2023-10-09,03:42,21,,Song of the Bandits (Original Soundtrack from the Netflix Series),2023-09-22,55,13,0,68,0,10,-6,C Major,4,6pgwZ4MwDDE5jkOQOJf2jN,QZ8BZ2306693,1
580,Nightmare - Reprise,Halsey,146,8A,64,2023-10-13,04:05,35,,"If I Can’t Have Love, I Want Power (Extended)",2021-08-27,62,1,1,36,0,0,-6,A Minor,4,2JNL5Z3DNCzGT2IkYaZOlh,USUM72106133,1
582,Invaders Must Die,The Prodigy,140,2B,90,2023-10-21,04:55,61,"big beat, breakbeat",Invaders Must Die,2009-02-23,61,0,90,12,0,10,-5,F#/G♭ Major,4,1j6lrR4BzRGKwvAPfrIcbf,GBCEJ0800386,1
583,Joker And The Thief,Wolfmother,155,8B,78,2023-10-21,04:40,61,stoner rock,Wolfmother,2005-10-31,26,5,2,46,0,30,-3,C Major,4,2yoCk1xYdULGPV1143r7CB,AUUM70500115,1
584,Woman,Wolfmother,113,10B,95,2023-10-21,02:56,50,stoner rock,Wolfmother,2005-10-31,22,0,10,17,10,10,-4,D Major,1,0ley5WMA07RsAouQ2KfbhD,AUUM70500113,1
585,9am in Calabasas,Adrian,136,8A,37,2023-10-27,01:54,0,,9am in Calabasas,2022-09-06,68,1,85,63,0,10,-16,A Minor,4,6EdVTOk5e4RApmwHNBJew9,USANG2201800,1
586,9am in Calabasas (Slowed + Reverb),Adrian,109,4A,29,2023-10-27,02:23,0,,9am in Calabasas (Slowed + Reverb),2022-09-06,58,12,93,46,0,10,-19,F Minor,4,3nptvucxKKONlVMRgUUqwh,USANG2201801,1
587,boys beware,Mad Tsai,110,3A,54,2023-11-10,02:13,57,,boys beware,2023-11-10,78,2,0,76,0,10,-8,A#/B♭ Minor,4,799zCg04fIPgcbmplT3ecQ,QZVEM2372100,2
588,Shoplifters of the World Unite - 2011 Remaster,The Smiths,169,10B,79,2023-11-11,02:58,54,"new wave, madchester, jangle pop",Louder Than Bombs,1987-00-00,47,31,6,60,0,20,-5,D Major,4,6a6zCBKwuZPO9S0rVJLVDI,GBCRL1100077,1
589,FRANCHISE (feat. Young Thug & M.I.A.),"Travis Scott,Young Thug,M.I.A.",155,1A,70,2023-11-14,03:22,73,"rap, trap, melodic rap, ",FRANCHISE (feat. Young Thug & M.I.A.),2020-09-25,84,1,0,55,20,20,-5,G#/A♭ Minor,4,4jVBIpuOiMj1crqd8LoCrJ,USSM12004756,1
591,makeout with a stranger,EMELINE,81,4B,63,2023-11-15,02:26,49,,makeout with a stranger,2023-10-06,58,35,0,63,10,10,-7,G#/A♭ Major,4,24rQCVVkodhxba59O2dIEa,USUG12307790,1
593,FE!N (feat. Playboi Carti),"Travis Scott,Playboi Carti",148,2A,88,2023-11-22,03:11,85,"rap, rage rap",UTOPIA,2023-07-28,57,3,0,20,0,10,-3,D#/E♭ Minor,4,42VsgItocQwOQC3XWZ8JNA,USSM12305010,2
594,Six Days - Remix,"DJ Shadow,Mos Def",172,4A,94,2023-11-24,03:52,74,"trip hop, plunderphonics, downtempo, east coast hip hop, old school hip hop, hip hop",The Fast And The Furious: Tokyo Drift (Original Motion Picture Soundtrack),2006-06-20,64,4,0,72,20,30,-6,F Minor,4,5j3QqRGflS4o5jbsFSwKW1,GBAQH0200041,1
596,girlfriend,hemlocke springs,146,10A,75,2023-11-28,02:13,56,,going...going...GONE!,2023-09-29,77,21,0,96,0,0,-4,B Minor,4,7qkNf6D661jZI9yNqw27LA,QZTAS2244449,1
600,Glock In My Lap,"21 Savage,Metro Boomin",130,3A,73,2023-12-16,03:13,76,,SAVAGE MODE II,2020-10-02,85,1,0,20,10,10,-6,A#/B♭ Minor,4,6pcywuOeGGWeOQzdUyti6k,USSM12006061,1
601,Surround Sound (feat. 21 Savage & Baby Tate),"JID,21 Savage,Baby Tate",76,6A,57,2023-12-16,03:49,78,,The Forever Story (Extended Version),2022-10-31,57,16,0,53,40,20,-7,G Minor,4,1udwFobQ1JoOdWPQrp2b6u,USUM72123571,1
603,9mm,"Memphis Cult,Groove Dealers,SPLYXER",155,8B,92,2024-01-08,01:26,45,"phonk, drift phonk",Memphis Cult Vol. 6,2023-02-23,74,0,0,30,0,0,-3,C Major,4,3K5KXm1uZjiyQk0J7op1xf,UKEX32307199,1
604,9mm - Slowed + Reverb,"Memphis Cult,Groove Dealers,SPLYXER",123,9B,85,2024-01-08,01:49,44,"phonk, drift phonk",9mm (Slowed + Reverb),2023-11-09,86,5,23,71,0,0,-3,G Major,4,3soGHZo0gS5CKt7al4GvLM,QMFMF2338174,1
605,9mm - Cassette version,"Memphis Cult,Groove Dealers,SPLYXER",155,1B,96,2024-01-08,01:26,18,"phonk, drift phonk",Memphis Cult Vol. 6,2023-02-23,76,68,0,61,20,10,-6,B Major,4,6cbAELCAcTFXFEa8OaQKNW,UKEX32307223,1
606,When You Say My Name,Chandler Leighton,93,3B,54,2024-01-13,02:28,63,melodic bass,When You Say My Name,2022-03-10,79,4,0,58,0,10,-8,C♯/D♭ Major,4,3a8b6uo4vnQSJroGhaNhgG,QM24S2200862,1
607,Witch Hunt,"Chandler Leighton,DEZI",103,9A,58,2024-01-13,02:39,50,"melodic bass, ",Witch Hunt,2022-10-28,76,9,0,25,0,0,-5,E Minor,4,4TFXmB2WOm1G5CnVcejVQb,QM24S2205552,1
608,I THINK YOU TURNED ME,Chandler Leighton,98,11A,79,2024-01-13,02:12,53,melodic bass,I THINK YOU TURNED ME,2022-06-24,78,4,0,39,0,20,-5,F#/G♭ Minor,4,60WZdX2EIKz5QWt6KXcgd0,QM24S2202655,1
611,if u think i'm pretty,Artemas,144,4B,62,2024-03-06,02:08,69,,if u think i'm pretty,2023-10-24,54,54,2,46,0,40,-6,G#/A♭ Major,4,34Yl756FwYuZldE9xnshj5,QZTB92397158,2
613,Soaked - Sped Up,Shy Smith,120,5A,71,2024-03-06,02:43,51,,Soaked (Sped Up),2024-02-16,92,10,0,86,10,0,-7,C Minor,4,2wHzwFZZ0gMPI9TnfRxq4z,GBARL2400168,1
615,Мальчик на девятке,DEAD BLONDE,137,8A,86,2024-03-11,03:35,56,,ПРОПАГАНДА,2020-04-30,75,1,11,75,0,30,-7,A Minor,4,1tzTlRMcw9xDqrNRzj3H2g,FR2X42091008,1
616,Better Kind Of Best Friend,Xana,90,4B,78,2024-03-15,03:39,16,,Better Kind Of Best Friend,2024-02-14,66,12,0,52,0,20,-5,G#/A♭ Major,4,5Vc1PlarIHFke4Wy9bajPP,FR10S2476968,1
621,GIRL$,"Stand Atlantic,PVRIS,BRUSES",135,6B,86,2024-03-29,02:12,34,"pop punk, ",GIRL$,2024-03-28,53,0,0,40,10,50,-4,A#/B♭ Major,4,1VKDQlo1k2ObpufovXHagN,USHR22411802,1
622,IDWT$,Bad Omens,110,4A,89,2024-03-31,03:22,1,metalcore,THE DEATH OF PEACE OF MIND,2022-02-25,54,0,0,54,0,10,-5,F Minor,4,0GRvh5JoEwVel4qDsbqmNb,USYFZ2264212,1
623,Bad Ones,Call Me Karizma,145,9B,81,2024-04-01,02:40,35,,Francis,2022-09-16,64,1,0,66,0,10,-5,G Major,4,7eUPzmfV2FwNnKx2uYIo0P,ZZOPM2225439,1
624,Drive,Shannon Noll,126,11B,89,2024-04-03,03:58,40,,That's What I'm Talking About,2004-02-02,60,0,0,83,0,0,-4,A Major,4,4NBASiUXghS8tKTDYDbxtP,AUBM00447804,1
625,Scarface (Push It To The Limit),Paul Engemann,156,3A,61,2024-04-05,02:58,69,,Scarface (Expanded Motion Picture Soundtrack),1983-00-00,57,3,0,27,0,60,-11,A#/B♭ Minor,4,0H6rpW1xnJ8qRQwSrIADPE,USMC10346186,1
626,Scarface (Push It To The Limit) - Extended Version,Paul Engemann,156,3A,62,2024-04-05,05:12,50,,Scarface (Expanded Motion Picture Soundtrack),1983-00-00,55,1,0,31,0,60,-11,A#/B♭ Minor,4,6br1ChP0ACpxyMf8Gd2ggM,USUM72115926,1
628,vampire heart - slowed + reverb,"Isak Roen,Key Kelly",118,8B,76,2024-04-11,02:51,50,,vampire heart (slowed + reverb),2023-03-04,27,0,89,16,0,10,-7,C Major,5,4wvuiL9vCUo0JuyfR5C9W5,QZES62394228,1
631,BICHOTAG,KAROL G,75,4B,41,2024-04-20,02:13,57,"reggaeton, latin, urbano latino",MAÑANA SERÁ BONITO (BICHOTA SEASON),2023-08-11,78,5,0,51,10,0,-8,G#/A♭ Major,4,5CQXesQM39J0CBnY0Npp6S,USUG12305252,1
632,Red Wine Supernova,Chappell Roan,124,11B,82,2024-04-27,03:12,80,,The Rise and Fall of a Midwest Princess,2023-09-22,66,2,0,71,0,0,-4,A Major,4,7FOgcfdz9Nx5V9lCNXdBYv,USUG12301845,1
633,BIBI Vengeance (feat. Baby Tate & with Princesa Alba) - Remix,"BIBI,Princesa Alba,Baby Tate",100,11A,56,2024-04-30,03:09,0,"k-pop, k-rap, chilean trap, neoperreo, ",BIBI Vengeance (feat. Baby Tate & with Princesa Alba) [Remix],2023-03-03,46,5,0,45,0,0,-12,F#/G♭ Minor,4,3912lxLhe5pgqJafrqrxK8,KRE432300001,1
635,VVV,"mikeeysmind,Sanikwave",155,3B,91,2024-05-12,03:47,1,,VVV,2024-03-10,60,0,0,26,10,40,-2,C♯/D♭ Major,4,7n95jpOAG7JF4epwkFJwLn,DGA0L2303147,1
636,VVV - HE'S BACK,"mikeeysmind,Sanikwave",155,3B,79,2024-05-12,01:20,0,,VVV,2024-03-10,62,0,1,34,10,10,-6,C♯/D♭ Major,4,1HP5QrVlcb0g7i3boSXt42,NL8PU2300857,1
637,VVV - Guitar Remix,"mikeeysmind,Sanikwave,wrthls",155,9B,92,2024-05-12,03:52,0,,VVV,2024-03-10,44,0,3,31,0,30,-4,G Major,4,3Uad3cXN09TFeClyn3hHXZ,CA5KR2432247,1
638,VVV - Slowed,"mikeeysmind,Sanikwave",140,8A,94,2024-05-12,04:12,0,,VVV,2024-03-10,62,0,0,50,10,30,-2,A Minor,4,38TbKUt85ZIQbEjhckAZl7,CA5KR2432249,1
639,VVV (HE'S BACK) - Slowed,"mikeeysmind,Sanikwave",124,10B,76,2024-05-12,01:40,0,,VVV,2024-03-10,66,0,35,35,0,10,-8,D Major,4,4N2WRWc7CrnWybZx4OZwXb,CA5KR2438806,1
640,Aphrodite In Leather,New Candys,118,6A,79,2024-05-18,02:48,30,"neo-psychedelic, psychedelic rock, space rock",New Candys As Medicine,2015-03-16,38,1,86,37,0,20,-6,G Minor,4,52xkAx1ZVKNo5bb1PxLH5N,ITR451599005,1
644,Tell Ur Girlfriend - Slowed,Lay Bankz,125,6B,65,2024-05-22,02:14,0,jersey club,Tell Ur Girlfriend (Alternate Versions),2024-05-01,85,10,0,67,20,0,-5,A#/B♭ Major,4,2cJtbH1df52n1TsNFHXJzX,QZZ4J2400227,1
646,Pretty In The Dark,"Ashley Sienna,Ellise",75,1A,46,2024-05-26,02:56,45,,I AM,2023-11-15,58,12,0,31,0,10,-8,G#/A♭ Minor,4,49L1K4Lu1V3YXQCSEudxPC,USA2P2326206,1
650,maneater-slowed - Slowed,NOVA DREAMZ,112,4B,49,2024-06-09,05:07,0,,maneater-slowed - Slowed,2000-08-08,73,2,74,15,0,10,-11,G#/A♭ Major,4,2ReWI3XR7Xu1Ac3yS0HzG2,QZQGC2100880,1
653,Paralyzer,Finger Eleven,106,10A,94,2024-06-09,03:28,80,,Them Vs. You Vs. Me (Deluxe Edition),2007-01-01,64,16,0,86,0,20,-3,B Minor,4,28IEbk5a7twNTbUEvWslUb,USWU30700001,1
654,I Was Made For Lovin’ You - from The Fall Guy,YUNGBLUD,130,7A,64,2024-06-09,04:21,77,,I Was Made For Lovin' You (from The Fall Guy),2024-04-26,33,1,0,27,0,10,-8,D Minor,4,55ikcenXPbQdzCnO1sOuYg,USUG12400482,1
656,XXL,YOUNG POSSE,93,10B,82,2024-06-19,02:32,55,k-pop,XXL EP,2024-03-20,77,1,0,50,10,30,-3,D Major,4,05QXjyZgsAq6J84J6SlbyV,KRA382401682,1
657,maneater-slowed - Slowed,Safenokk,112,4B,49,2024-06-22,05:07,0,,maneater-slowed - Slowed,2008-00-00,73,2,77,17,0,20,-12,G#/A♭ Major,4,0B1VN4ZY1vSDm19IKxd5dH,QMQGC2100546,1
658,Shut Your Pretty Mouth,Sohodolls,132,8A,51,2024-06-22,03:04,34,,Shut Your Pretty Mouth,2021-04-30,81,2,0,89,0,0,-9,A Minor,4,7CqpIYfYKEeBoW361stv3W,GBHGV2100045,1
659,Pink (Freak),Elliot Lee,120,10A,68,2024-06-22,03:42,0,,Primordial Archive,2023-12-29,72,5,1,82,10,30,-7,B Minor,4,404tyDrTggDse7jiyrVkz5,QZ47A2000101,1
660,My Medicine - Single Version,The Pretty Reckless,150,3A,91,2024-06-22,03:13,54,,Light Me Up,2010-01-01,43,0,0,41,20,60,-2,A#/B♭ Minor,4,6nRQHhMINUm8rjGgpdkBYH,USUM71012900,1
661,Heaven Knows,The Pretty Reckless,84,10B,80,2024-06-22,03:44,59,,Going to Hell,2014-03-17,54,8,0,58,0,20,-4,D Major,4,7F5jxmwf1uWVqh6nbYz7rl,USRZR1353301,1
663,I Spit On Your Grave,ZAND,175,3B,85,2024-06-24,03:39,52,,SEWERSTAR,2023-09-07,43,9,0,44,10,20,-5,C♯/D♭ Major,4,5TFvIb9M86dN3VgvHYqaPy,GBKPL2173472,1
664,VIBEZ,DaBaby,154,12A,65,2024-06-27,02:24,65,,KIRK,2019-09-27,77,11,0,78,30,10,-3,C♯/D♭ Minor,4,0fySG6A6qLE8IvDpayb5bM,USUM71919281,1
665,CARNIVAL,"¥$,Kanye West,Ty Dolla $ign,Rich The Kid,Playboi Carti",148,3B,81,2024-06-27,04:24,9,"rap, trap soul, trap, rage rap",VULTURES 1,2024-02-09,59,19,0,31,10,30,-6,C♯/D♭ Major,4,3w0w2T288dec0mgeZZqoNN,QZ7XS2400012,1
667,Love Me or Not,DEZI,94,11B,60,2024-07-02,02:25,23,,Love Me or Not,2024-06-26,82,28,0,65,10,10,-6,A Major,4,10PHhvds8Nw0xXO3IV4OgY,SE6HN2462712,1
668,Keep It Up,Chase Atlantic,118,7A,73,2024-07-05,04:07,54,,Chase Atlantic,2017-10-04,64,11,0,43,0,10,-6,D Minor,4,5d0JL7ZEMxyHFpgCuX63p1,USWB11701247,1
669,Dead Weight,PVRIS,119,9A,92,2024-07-06,03:27,47,,Use Me,2020-08-28,60,1,1,59,0,40,-2,E Minor,4,3FmsKw8ie3KLC5273nH6wD,USWB12000241,1
670,Shove It (feat. Spank Rock),"Santigold,Spank Rock",134,3A,79,2024-07-07,03:45,53,baltimore club,Santigold,2008-04-29,69,0,0,61,0,20,-8,A#/B♭ Minor,4,2RBmWAhs6yX4SDYQX4zgF1,USCJ80600135,1
672,Moon Dust,Cherry Glazerr,120,9A,92,2024-07-20,02:34,28,,Apocalipstick,2017-01-20,56,0,0,41,0,10,-2,E Minor,4,3g8K4f50mFcI7LleiE2qyc,US38W1634503,1
675,ballad of a homeschooled girl,Olivia Rodrigo,120,3B,88,2024-07-21,03:23,74,,GUTS,2023-09-08,35,6,0,41,0,30,-3,C♯/D♭ Major,4,5sp71CUt0jXRNqHblPGp7b,USUG12304096,1
677,Wild Thing - from the Prime Video Original Series  My Lady Jane ,Black Honey,90,1B,60,2024-07-22,02:27,0,,My Lady Jane (Prime Video Original Series Soundtrack),2024-06-27,19,0,0,45,0,30,-8,B Major,3,4uASkNG73LQa84dKj4nFmW,QM6N22425514,1
678,I'm a Man,Lizzie Esau,130,7B,61,2024-07-22,02:17,0,,My Lady Jane (Prime Video Original Series Soundtrack),2024-06-27,42,0,57,48,0,10,-8,F Major,4,6SZbEFqPHOo0GFoU0jEkGg,GX3LN2400002,1
679,She's Not There,Griff,132,8A,56,2024-07-22,02:00,0,,My Lady Jane (Prime Video Original Series Soundtrack),2024-06-27,64,42,0,52,0,10,-8,A Minor,4,6EBGPCFIYaz5ZzOGRJZclZ,GBAHT2400411,1
680,The Chain,CHINCHILLA,75,9A,47,2024-07-22,03:45,0,,My Lady Jane (Prime Video Original Series Soundtrack),2024-06-27,48,2,0,44,0,0,-9,E Minor,4,2hKhWz0p8uSTVmaNox6c8O,GBUM72402720,1
681,Sail Away,HotWax,95,9A,53,2024-07-23,03:44,0,,My Lady Jane (Prime Video Original Series Soundtrack),2024-06-27,52,0,2,46,0,30,-8,E Minor,4,4ne09WMiB1JjfVPnOdDKYB,GBX722400167,1
682,Ever Fallen in Love,YONAKA,178,10B,82,2024-07-23,03:00,0,,My Lady Jane (Prime Video Original Series Soundtrack),2024-06-27,29,0,45,31,0,20,-8,D Major,4,7HDi1OFGcmzxhaT6px7zyT,USUM72404568,1
683,All Day and All of the Night,Kate Nash,124,11B,67,2024-07-23,05:15,28,anti-folk,Death Proof - EP,2012-11-19,60,0,7,68,0,20,-9,A Major,4,5vulyzqLtxZgOp4xIMBkgl,USA2P1284479,1
684,Vertigo,Alice Merton,135,7B,88,2024-07-23,03:06,1,,S.I.D.E.S.,2022-06-17,63,0,0,64,0,20,-4,F Major,4,1uxPC9Sqn1bMLhUaTqFjye,DEVQ72100001,1
685,Holy Roller,Emily Wolfe,140,11B,81,2024-07-24,03:28,36,,Emily Wolfe,2019-02-15,56,2,0,61,0,10,-5,A Major,4,2Sbi5moK4OwhNZxBbhkDV8,QM24S1704376,1
686,Beaches,Black Honey,84,9B,85,2024-07-24,03:00,34,,Written & Directed,2021-03-19,59,1,0,90,0,0,-3,G Major,4,42VTmF0VpIx8r0O995aNdA,QM6P42050833,1
687,Boogeyman,Dead Posey,88,11A,94,2024-07-25,03:32,0,,Freak Show - EP,2018-08-14,47,4,1,84,0,0,-3,F#/G♭ Minor,4,63ppBrc53uoYiSDViI4xVH,USQY51747083,1
688,Kashmir,Lez Zeppelin,151,10B,71,2024-07-25,08:42,33,,Lez Zeppelin,2007-07-10,34,3,1,56,0,0,-4,D Major,4,2oXhx1rlq7onrInYYC8IDO,USA2B0758108,1
689,Supernatural,Deap Vally,150,11B,76,2024-07-25,01:32,23,garage rock,Supernatural,2022-08-15,70,5,1,97,0,50,-7,A Major,4,3CoUEAkDpr0QaEqy64pjvH,QZMER2285012,1
690,Wicked Ones,Dorothy,97,7B,64,2024-07-26,02:52,58,southern gothic,ROCKISDEAD,2016-06-24,59,4,0,59,0,30,-5,F Major,4,1ogRu1dOUgHvel8To8oQbe,QMJMT1400574,1
691,Wet Dream,Wet Leg,130,10B,70,2024-07-26,02:20,71,"indie rock, indie",Wet Leg,2022-04-08,72,0,3,89,0,20,-6,D Major,3,260Ub1Yuj4CobdISTOBvM9,GBCEL2100487,1
692,So Sweet I Could Die,Lucia & The Best Boys,90,10B,58,2024-07-26,02:22,33,,So Sweet I Could Die,2023-05-03,66,13,0,31,0,0,-6,D Major,4,7kTBQJiVorqjhoJ3Efed9d,GB6TW2300051,1
693,Damn Thing. (Check Me),Ebz the Artist,156,9B,26,2024-07-27,03:52,15,,Damn Thing. (Check Me),2019-03-20,64,8,0,26,0,20,-14,G Major,4,02nAYzTAMalo5o8RGZtGQr,QZDA41918127,1
695,DEVIL IS A LIE,Tommy Richman,90,11B,45,2024-08-02,02:10,74,,DEVIL IS A LIE,2024-06-14,90,17,0,61,10,10,-7,A Major,4,6jlG8gBPNAgBgoivw2Ig09,USC4R2445163,1
697,touchin’ me,Chandler Leighton,136,5A,48,2024-08-03,02:29,62,melodic bass,touchin’ me,2024-07-26,64,23,0,18,0,20,-10,C Minor,4,5Vwkt7zvEcj5riL46ZbM5K,QM24S2404378,1
698,Americano,Lady Gaga,128,3B,85,2024-08-06,04:06,67,"art pop, pop",Born This Way (International Special Edition Version),2011-05-23,61,0,0,34,0,40,-5,C♯/D♭ Major,4,1sRByD63uI8ZJAOSPDczXF,USUM71106446,1
700,DOOR TO DUSK - Slowed & Reverbed,"ODECORE,Odetari",105,3A,70,2024-08-08,02:49,53,hyperpop,DOOR TO DUSK (ODECORE MIX),2023-12-12,74,1,0,20,0,10,-7,A#/B♭ Minor,3,3dZpjNMv5sSkPp0rQk5oPA,QZVFR2200045,1
701,False Alarm,The Weeknd,174,1A,68,2024-08-08,03:40,65,,Starboy,2016-11-25,52,3,0,19,0,10,-6,G#/A♭ Minor,4,4oeaIftdpT3JuZLcCkKmVE,USUG11600975,1
702,Love To Lay,The Weeknd,117,6A,81,2024-08-08,03:43,60,,Starboy,2016-11-25,71,5,0,70,0,20,-5,G Minor,4,27BgDmciSjoxTG0almHTpZ,USUG11601005,1
703,Mamushi (feat. Yuki Chiba),"Megan Thee Stallion,Yuki Chiba",81,3B,53,2024-08-08,02:36,74,j-rap,MEGAN,2024-06-28,89,3,0,21,20,0,-5,C♯/D♭ Major,4,5b3XJ1pjrHO5JtY2PcTjnI,USAT22405478,1
704,151 Rum,JID,130,9B,87,2024-08-10,02:36,68,,DiCaprio 2,2018-11-26,76,16,0,67,10,30,-4,G Major,4,22WV03i2lBbwNVCE1g671p,USUM71814285,1
705,SPINE,WesGhost,150,10B,93,2024-08-14,03:00,55,,SPINE,2024-04-19,41,0,0,31,10,30,-5,D Major,4,6Stz1dIY7OD61gU7SdVR22,USQX92401497,1
706,Brooklyn. Friday. Love.,The Midnight,128,7B,53,2024-08-21,03:52,36,"synthwave, vaporwave, synthpop, chillwave",Heroes,2022-09-09,81,1,0,63,0,60,-7,F Major,4,5jcFliqbwOsdti7TIzMKHo,GBCFB2200068,1
707,Big Dawgs,"Hanumankind,Kalmi",180,9A,75,2024-08-23,03:10,77,"malayalam hip hop, desi hip hop, ",Big Dawgs,2024-07-09,46,2,0,26,10,30,-3,E Minor,4,0OA00aPt3BV10qeMIs3meW,INUM72400563,1
708,Maneater,Daryl Hall & John Oates,89,10A,50,2024-08-27,04:33,85,"yacht rock, soft rock",H2O,1982-10-04,72,4,0,82,0,0,-13,B Minor,4,7j74lucZ59vqN67Ipe2ZcY,USRC10301821,1
710,She Keeps Me Up,Nickelback,100,11B,61,2024-09-05,03:57,74,"post-grunge, rock",No Fixed Address,2014-11-17,77,1,0,79,0,0,-9,A Major,4,4AGbGF8JPcaH43eCMuANXG,USUG11401759,1
711,GO AGAIN (feat. Superheaven),"BNYX®,Yeat,Superheaven",134,9B,72,2024-09-05,03:34,61,"rage rap, alté, shoegaze, post-grunge",GO AGAIN (feat. Superheaven),2024-08-30,61,1,0,5,0,10,-7,G Major,4,2cNTMTh42p1dwMS3Kaea8E,USUM72409316,1
712,Introduction,Bali Baby,163,1A,66,2024-09-10,02:23,0,,Baylor Swift,2018-05-08,67,6,0,93,30,60,-5,G#/A♭ Minor,4,4Mksa3qbB720OxP931GbSF,USYBL1800833,1
714,HEATSTROKE,DEZI,172,4B,91,2024-09-18,02:58,38,,HEATSTROKE,2024-09-06,59,4,0,65,0,10,-3,G#/A♭ Major,4,5JUTGK9o6fz373HX3wm2fZ,SE6QE2435694,1
715,Zero,JUNO,114,11A,55,2024-09-19,02:27,8,,Zero,2021-09-15,81,16,0,97,10,50,-12,F#/G♭ Minor,4,5PH6QlqvlBk5I4GrPbKx7V,AUMEV2157281,1
716,All The Kids,JUNO,94,1A,85,2024-09-19,02:55,3,,All The Kids,2022-02-23,61,5,0,84,0,10,-6,G#/A♭ Minor,4,7xFh2TJ6jdPn3H6DF34WX2,AUMEV2180375,1
717,i'm the man,JUNO,86,2B,78,2024-09-19,03:12,12,,i'm the man,2024-03-28,62,0,4,86,0,0,-7,F#/G♭ Major,4,3Rq56MT6aazkxMov81wiXn,AUMEV2427267,1
718,come thru,JUNO,88,11A,84,2024-09-20,03:12,22,,come thru,2023-04-05,69,10,0,84,0,10,-5,F#/G♭ Minor,4,0EdWoOFgip4ly72jH7J3yr,AUMEV2317517,1
720,Do Your Worst,Rival Sons,84,10B,79,2024-09-22,03:30,56,"blues rock, modern blues",Feral Roots,2019-01-25,39,1,0,41,0,30,-3,D Major,4,1ZDq0oRT40CkuADdE4Jvrq,USAT21810416,1
722,The Look,Roxette,95,10B,84,2024-09-23,03:57,3,swedish pop,Look Sharp! (Extended Version),1988-10-21,63,5,0,54,0,0,-5,D Major,4,2oWMI54r0qT4N8Xb4C76vq,SEAME8878010,1
723,Blinding Lights,The Weeknd,171,3B,73,2024-09-24,03:20,90,,After Hours,2020-03-20,51,0,0,33,0,0,-6,C♯/D♭ Major,4,0VjIjW4GlUZAMYd2vXMi3b,USUG11904206,1
724,ANIMAL,"bennytheghost,KiNG MALA",130,11A,73,2024-09-28,02:56,27,,ANIMAL,2024-09-27,45,1,0,50,0,10,-7,F#/G♭ Minor,4,6c0imgtYm2NZ4OfZvaIuSp,USA2P2456962,1
725,Haymaker,bennytheghost,112,12A,88,2024-09-29,02:34,8,,29 Palms (Deluxe),2022-08-18,63,2,0,61,0,10,-5,C♯/D♭ Minor,4,5bSO1h5rtpzlA0Tqa9lTJO,GBKPL2297134,1
726,Human,Anavae,136,4B,90,2024-10-05,03:36,39,,45,2019-11-01,47,0,0,39,0,30,-6,G#/A♭ Major,4,3dOgdq9C19ZyOJCV2qGwWm,GBAJC1900443,1
727,Trip Switch,Nothing But Thieves,88,3A,80,2024-10-05,03:01,55,,Nothing But Thieves (Deluxe),2015-10-16,62,2,1,75,0,10,-4,A#/B♭ Minor,4,1uqU0nq6DCbJMktSlUvQV8,GBARL1500806,1
729,Drawing Pins,Nothing But Thieves,113,9B,58,2024-10-06,03:37,43,,Nothing But Thieves (Deluxe),2015-10-16,68,0,4,57,0,10,-4,G Major,4,72zuQJFUUk2iTd9ItBgmYi,GBARL1500800,1
730,Painkiller,Nothing But Thieves,175,1B,96,2024-10-06,02:25,41,,Nothing But Thieves (Deluxe),2015-10-16,40,0,0,69,0,10,-3,B Major,4,60vS0Rp0z0ycU5voBEsG3h,GBARL1500802,1
731,Hanging,Nothing But Thieves,159,5A,73,2024-10-06,03:51,41,,Nothing But Thieves (Deluxe),2015-10-16,45,0,1,40,0,0,-4,C Minor,4,1g4DuSKf6rMdOTzrEcGB6o,GBARL1500791,1
733,Welcome to the DCC,Nothing But Thieves,121,8A,75,2024-10-11,03:17,60,,Dead Club City,2023-06-30,66,2,6,20,0,10,-5,A Minor,4,1eivMnftGIAIeTDUfTssVX,GBARL2300061,1
734,Do You Love Me Yet?,Nothing But Thieves,123,3B,80,2024-10-12,05:26,52,,Dead Club City,2023-06-30,65,1,0,31,0,10,-6,C♯/D♭ Major,4,2BCB8134g8kNn90T0KvwRr,GBARL2300065,1
735,Members Only,Nothing But Thieves,171,1B,80,2024-10-12,02:49,48,,Dead Club City,2023-06-30,42,0,6,43,0,30,-5,B Major,4,4sJ1TnmqyqguvzLxbzi3Nq,GBARL2300066,1
736,Pop The Balloon,Nothing But Thieves,100,2B,53,2024-10-12,04:31,45,,Dead Club City,2023-06-30,34,7,16,17,0,0,-7,F#/G♭ Major,4,18xSK8GSgnarxkkoGxDAob,GBARL2300070,1
740,ORCHESTRATË,Yeat,147,11B,87,2024-10-29,02:53,71,rage rap,LYFESTYLE,2024-10-18,58,0,0,55,20,10,-3,A Major,4,3Ygb9jYG5TeibrrKJzCPmV,USUM72411092,1
744,FAVELA,Chase Atlantic,105,4A,78,2024-11-08,03:44,52,,LOST IN HEAVEN,2024-11-01,68,18,0,46,10,10,-4,F Minor,4,0XoZq6XtLHA6zwrpylLhd3,US5262426970,1
746,MAMACITA,Chase Atlantic,168,9A,70,2024-11-09,03:22,51,,LOST IN HEAVEN,2024-11-01,56,2,0,38,10,10,-4,E Minor,4,7ATVFSjnNbhsm4HQA7NxaD,US5262325660,1
747,BORED,WesGhost,92,3B,73,2024-11-10,02:41,48,,"DON'T WORRY, I'LL BE FINE",2024-09-20,56,1,0,54,0,0,-8,C♯/D♭ Major,4,3nqVMAfBvxUCoZTxQD7nDc,USQX92404652,1
749,TORE UP,Don Toliver,155,1B,82,2024-11-11,02:06,80,,HARDSTONE PSYCHO,2024-06-14,53,0,0,8,0,10,-4,B Major,4,1jKXjxMWlq4BhH6f9GtZbu,USAT22402804,1
750,Message Man,Twenty One Pilots,120,7A,84,2024-11-15,04:00,65,,Blurryface,2015-05-15,72,9,0,50,10,10,-6,D Minor,4,4Oyl6oYSNeeZZP0OAxPVaU,USAT21500604,1
753,Heaven Sent,Tevomxntana,130,6A,81,2024-11-18,02:27,67,,Heaven Sent,2020-10-23,65,24,1,23,0,10,-9,G Minor,4,4m2QuDurLmzP9ox7QESPpA,QZMEQ2092999,1
754,Turncoat,Matthew Mayfield,98,7B,56,2024-11-25,03:39,12,,Recoil,2016-10-07,37,7,0,22,0,0,-9,F Major,4,5mqO2bCmB0WY4G21ZmNjtn,QMQMK1600020,1
756,Under The Influence x Streets,Luke Muzzic,117,4B,50,2024-12-05,01:12,31,,Under The Influence x Streets,2024-04-12,75,38,58,49,10,10,-8,G#/A♭ Major,4,4oQ6Lgl5YdeJj7Cu74gTYO,GX8LD2441131,1
757,Under The Influence (Body Language),Chris Brown,145,12A,62,2024-12-05,02:28,56,r&b,Under The Influence,2022-09-06,62,4,0,46,0,10,-6,C♯/D♭ Minor,4,71mHO4fFmS2Xu5XxZbcRND,USRC12203262,1
758,No Guidance,Ayzha Nyree,93,12A,32,2024-12-05,04:21,66,,No Guidance,2024-11-17,75,29,51,13,10,0,-11,C♯/D♭ Minor,4,27YDNS5SXjXQpGir8g0ilW,TKYGX5728796,1
760,Grave Shift,Darci,85,12A,82,2024-12-05,02:16,45,dark r&b,Escape Cycle,2023-08-25,63,0,0,31,0,10,-4,C♯/D♭ Minor,4,5B0MPWth3b9OQrq3HmzNkS,QM24S2206466,1
761,On My Own - Skeler Vision,"Darci,Skeler",130,11A,69,2024-12-05,03:19,58,"dark r&b, witch house, drift phonk",On My Own (Skeler Vision),2023-11-03,70,0,1,51,0,10,-8,F#/G♭ Minor,4,7JJOUjiewemzvDXbq0LcBY,QM24S2307695,1
763,Clubbed to Death,"Skeler,Devilish Trio",95,7B,86,2024-12-09,03:36,41,"witch house, drift phonk, horrorcore, phonk, trap metal, underground hip hop",Clubbed to Death,2024-11-15,64,0,78,7,0,10,-7,F Major,4,2FqV77N8iBJwmDrRRQpQZh,QM24S2404911,1
764,Ashes,Skeler,145,8B,67,2024-12-11,03:25,26,"witch house, drift phonk",N i g h t D r i v e スケラー,2024-07-30,74,0,82,56,0,0,-7,C Major,4,2ZV4SZPmdVZtSlzVjVCemp,QM24S2301135,1
765,Gang Baby,NLE Choppa,129,1B,70,2024-12-12,02:18,76,,SLUT SZN,2024-09-27,92,1,0,48,30,0,-7,B Major,4,76Ku9OBFK1NjMylR8r4WLK,USWB12401119,1
766,Juicy Couture,Ayesha Erotica,110,4B,40,2024-12-12,04:34,52,hyperpop,Big Juicy,2016-04-20,57,12,0,43,0,10,-15,G#/A♭ Major,4,4AY9Xu3gk0yqEKsR8RiO3F,DEKB72082812,1
768,Delirium PHNK,Skeler,93,8B,68,2024-12-13,01:45,32,"witch house, drift phonk",N i g h t D r i v e スケラー PART II,2023-03-24,69,5,79,67,0,40,-6,C Major,4,0ALz3oVmC7bLRr7Sq6Zn75,QM24S2301844,1
769,Code Red,Darci,135,4B,88,2024-12-15,01:57,60,dark r&b,Escape Cycle,2023-08-25,68,0,0,12,0,10,-4,G#/A♭ Major,4,6MZqPtmhyVsE7AcNxi2IUC,QM24S2303144,1
770,Run Away,Darci,140,4A,57,2024-12-16,02:58,39,dark r&b,Escape Cycle,2023-08-25,73,8,0,36,0,10,-6,F Minor,4,6f1riN3LXl27klU2LCvngK,QM24S2304470,1
771,Ascension (feat. Vince Staples),"Gorillaz,Vince Staples",152,3B,91,2024-12-16,02:35,60,,Humanz (Deluxe),2017-04-28,68,59,0,52,10,10,-3,C♯/D♭ Major,4,2bBMODHVTXGwE2aZYfbgCt,GBAYE1700161,3
773,Let Me Out (feat. Mavis Staples & Pusha T),"Gorillaz,Mavis Staples,Pusha T",81,12A,79,2024-12-19,02:55,50,"soul, ",Humanz (Deluxe),2017-04-28,61,21,0,52,20,90,-6,C♯/D♭ Minor,4,44PelqgstAM0lb8rHPKfHq,GBAYE1700173,1
775,Blick Sum,Latto,150,11B,62,2024-12-20,03:11,58,,Sugar Honey Iced Tea,2024-08-09,77,0,0,39,30,70,-7,A Major,4,1j5MAuywrRiXxnFnEtReG3,USRC12401745,1
780,Sonnenbrille,Loredana,160,1A,66,2024-12-23,02:41,0,german hip hop,Sonnenbrille,2018-06-15,78,37,0,51,10,10,-5,G#/A♭ Minor,4,14kafeLy8vQRvGhA9nQnC8,DEQ021801223,1
781,Undress Rehearsal,Timeflies,123,10A,65,2024-12-23,03:34,59,,Just For Fun (Deluxe),2015-09-18,95,0,0,73,0,0,-4,B Minor,4,1aPqexHVW20OTamBHdWWVL,USUM71510020,1
782,Heads Will Roll,Yeah Yeah Yeahs,132,1A,90,2024-12-23,03:41,73,indie rock,It's Blitz!,2009-01-01,56,0,9,79,0,30,-4,G#/A♭ Minor,4,2WRFD9WczJ975X2K1Y9YVs,GBUM70900924,1
784,Undercover Martyn,Two Door Cinema Club,160,10A,86,2024-12-23,02:47,73,"indie, indie rock",Tourist History,2010-02-17,44,0,0,58,10,0,-5,B Minor,4,1JmRbZclLHgneDrpyA9e3X,FRU700900115,1
786,PHONKY TOWN,PlayaPhonk,125,3B,80,2024-12-23,02:21,1,"phonk, drift phonk",PHONKY TOWN,2021-03-16,80,41,79,34,30,10,-5,C♯/D♭ Major,4,0BRbI3ZMPXuj9yA7ChDGOW,QZDA82146449,1
787,Bad,Royal Deluxe,83,1A,62,2024-12-23,03:13,55,,Savages,2019-05-24,56,7,0,56,0,10,-7,G#/A♭ Minor,4,2YXxMXkbQh0zk0Sqt0WuZa,USA2P1919541,1
788,I'm a Wanted Man,Royal Deluxe,82,10A,59,2024-12-23,03:48,59,,Born for This,2016-02-23,52,1,0,26,0,30,-5,B Minor,4,36KULjoNwTiiZTynwvc07s,US43C1601053,1
789,Dangerous,Royal Deluxe,79,9A,49,2024-12-23,03:40,54,,Born for This,2016-02-23,52,3,0,75,0,0,-6,E Minor,4,7rMBeEL7nk2ZtIq1p8yAfK,US43C1601047,1
790,Dancer in the Dark,Chase Atlantic,105,12A,75,2024-12-25,04:12,64,,Chase Atlantic,2017-10-04,59,1,0,45,0,10,-7,C♯/D♭ Minor,4,0ILIuCVbnekvEFpQCWhP8a,USWB11701709,1
791,Loose Tongue,The Guest List,128,11A,81,2024-12-26,02:27,39,,Loose Tongue,2024-10-10,55,0,1,68,0,40,-7,F#/G♭ Minor,4,20psEW5Bj01kknhdXejOPl,GX8QN2400007,1
792,So Damn Dangerous,Dea Matrona,182,1A,60,2024-12-26,03:02,0,,For Your Sins,2024-05-03,56,5,0,78,0,10,-9,G#/A♭ Minor,4,105KXhLppp1KGPL3VHu31J,UKLPG2200004,1
793,Stuck on You,Dea Matrona,102,8B,81,2024-12-26,03:11,0,,For Your Sins,2024-05-03,59,4,1,60,0,10,-7,C Major,4,6PbUv2t6uxwhp92ZNP31yk,UKLPG2400001,1
794,Stamp on It,Dea Matrona,136,10B,56,2024-12-27,02:06,0,,For Your Sins,2024-05-03,66,1,0,77,0,0,-7,D Major,4,3AEc8gqVC27zkxbWDqO9b3,IETMT2100001,1
795,Red Button,Dea Matrona,100,5A,80,2024-12-27,02:55,0,,For Your Sins,2024-05-03,73,43,0,67,0,10,-8,C Minor,4,5YASteMFvzBnVqrhHZCf8I,UKLPG2200005,1
797,Toxic Pony,"ALTÉGO,Britney Spears,Ginuwine",143,8B,65,2024-12-27,03:18,66,"pop, r&b",Toxic Pony,2022-01-21,78,1,0,92,10,10,-10,C Major,4,6QHXcb0eFwOKZOZ9bOFmxm,USRC12200203,1
798,Wilderness,Dea Matrona,111,7A,77,2024-12-27,02:29,0,,For Your Sins,2024-05-03,65,1,1,64,0,20,-7,D Minor,4,0giPbeTezHwFr6eKJbqPNm,UKLPG2400006,1
799,Did Nobody Ever Love You?,Dea Matrona,91,4B,59,2024-12-27,02:35,0,,For Your Sins,2024-05-03,70,32,0,71,0,10,-9,G#/A♭ Major,4,5QOMDzmuA8ISg9crcbT542,UKLPG2400003,1
800,Get My Mind Off,Dea Matrona,170,11B,71,2024-12-27,03:04,0,,For Your Sins,2024-05-03,56,21,0,92,0,40,-7,A Major,4,6VPXQ5uJfxDKJlHSbf7QGV,UKLPG2300001,1
801,Black Rain,Dea Matrona,180,9A,58,2024-12-27,03:38,0,,For Your Sins,2024-05-03,59,43,3,57,0,10,-10,E Minor,4,4gd31QIzjIntQAfnLRachK,UKLPG2400004,1
802,Wild Thing,X,108,12B,92,2024-12-27,03:31,44,"punk, proto-punk",80s Hits: Post Punk Style,2018-04-03,42,6,1,27,0,50,-9,E Major,4,4PLN5Mar7C7tAntNxfW23d,USEE10900268,1
803,Dimestore Diamond,Gossip,92,10B,51,2024-12-27,03:15,31,"riot grrrl, queercore",Music For Men,2009-06-22,88,4,12,68,0,10,-6,D Major,4,1NaQyyaSbCNlPnbileCsKc,USSM10902229,1
804,The Rush,JJ Wilde,130,8B,84,2024-12-27,03:07,46,,Ruthless,2020-06-12,75,0,0,56,0,0,-3,C Major,4,6bZ97N6T4TigAwBignOJXp,CABD61905903,1
806,Delivery,Babyshambles,141,7B,91,2024-12-27,02:41,48,"britpop, indie rock",Shotter's Nation,2007-09-28,50,0,0,75,0,20,-4,F Major,4,5T9ir6tlqhhbKVzIC0ssbs,GBAYE0702487,1
808,As a Man,Anna Calvi,108,10A,52,2024-12-27,03:46,31,,Hunter,2018-08-31,67,22,2,50,0,10,-9,B Minor,4,5oD3ePgtYUEzgsdUemdGb8,GBCEL1800049,1
809,Nobody Really Cares If You Don't Go To The Party,Courtney Barnett,137,11B,93,2024-12-27,02:46,28,,"Sometimes I Sit And Think, And Sometimes I Just Sit",2015-03-20,42,0,13,57,0,30,-5,A Major,4,5SMgruKIUcKHh8AD04KSio,GBX721400150,1
812,I Feel an Urge Coming On,Nick Waterhouse,152,5A,91,2024-12-28,03:20,0,,Nick Waterhouse,2019-03-08,65,18,0,96,0,0,-6,C Minor,4,2LqxZrS9qL8XgGsx4xFHEW,USD8D1960003,1
813,Motorcycle Boy,The Legendary Tigerman,145,9B,73,2024-12-28,04:13,0,,Misfit,2018-08-24,38,0,26,34,0,10,-4,G Major,4,0txWXtsiOpXZykvjIj8DCv,GBXCJ1800083,1
814,Beat the Devil's Tattoo,Black Rebel Motorcycle Club,97,12B,91,2024-12-28,03:46,57,"southern gothic, garage rock, blues rock",Beat the Devil's Tattoo (Deluxe Version),2010-03-07,52,43,1,68,0,0,-3,E Major,4,1uT2b9tByCtdjL4PN3xbRs,USVR91057901,1
815,This Fire,Franz Ferdinand,138,9B,87,2024-12-28,04:14,60,indie rock,Franz Ferdinand,2004-02-16,55,0,0,67,0,10,-9,G Major,4,3Obu3jvFSfgLF3pSbi64Vj,GBCEL0300196,1
818,I'm Having Sex Tonight,GRLwood,83,9B,64,2025-01-05,03:58,0,"riot grrrl, queercore",I Sold My Soul to the Devil When I Was 12,2019-08-02,45,18,87,25,0,10,-12,G Major,4,1H5GTq7aI5Vzc5nAFXwhfc,USGAC1900073,1
819,tired of california,Nessa Barrett,92,11A,73,2025-01-05,03:10,35,,young forever (extended),2022-11-18,71,23,0,64,0,30,-6,F#/G♭ Minor,4,5Odeka5MkBqFeABthrtagH,USWB12202241,1
820,madhouse,Nessa Barrett,95,9B,68,2025-01-05,02:05,34,,young forever (extended),2022-11-18,68,13,0,44,0,10,-6,G Major,4,7vw9wAZZteVXvumM5i06RL,USWB12202084,1
821,Feel Anything,Nxdia,140,8B,50,2025-01-11,02:42,28,,Feel Anything,2024-11-20,53,22,0,22,10,20,-11,C Major,3,3nsHAOlg5kVlbZfkwaSmfZ,GXD7G2220227,2
824,Potion Approaching,Arctic Monkeys,104,9A,76,2025-01-17,03:32,55,"indie, garage rock",Humbug,2009-08-20,42,1,7,77,0,0,-9,E Minor,4,3RHHXwyRtskFx87sX80xEy,GBCEL0900446,1
825,Runner,Djo,108,12A,78,2025-01-17,04:18,57,,DECIDE,2022-09-16,59,4,19,34,0,40,-7,C♯/D♭ Minor,4,1OwPxTeIwz4wxdvDSnysgm,GBKPL2205054,1
826,Gloom,Djo,141,8A,69,2025-01-18,02:00,63,,DECIDE,2022-09-16,83,7,57,62,0,10,-7,A Minor,4,6L8JVXMBLDZeyhBKr0lrj8,GBKPL2204955,1
827,Taste of the Divine,"Shaker,Azee,COBRA",113,10A,54,2025-01-24,02:34,55,"dark r&b, trap soul",Taste of the Divine,2024-05-03,65,2,0,39,0,10,-7,B Minor,4,4AjE48Y6jK4phaQyGODpsA,QZK6L2443469,1
828,Afraid,Anavae,100,11B,90,2025-01-25,03:38,35,,45,2019-11-01,45,0,0,40,0,10,-4,A Major,4,0wMkpWBTPX4ScgUBCCPjk4,GBKPL1826182,1
829,Shy Girls,Anavae,130,4B,90,2025-01-25,03:20,18,,45,2019-11-01,52,0,57,50,0,20,-4,G#/A♭ Major,4,0f2G50PqrA4ejo6OURKsXg,GBAJC1900445,1
831,Dirt,Anavae,144,9B,86,2025-01-26,03:34,23,,45,2019-11-01,43,0,83,42,10,0,-5,G Major,4,4cxLkCRZDHugKcWy8NLJyU,GBAJC1900450,1
832,Smile,Anavae,156,4A,81,2025-01-26,03:58,24,,45,2019-11-01,31,0,0,15,0,0,-6,F Minor,4,4IYp1Q4cB9Rp7okVPoVhDP,GBAJC1900451,1
833,Next,"Shaker,COBRA",196,1A,47,2025-01-26,02:57,52,"dark r&b, trap soul",Next,2019-03-17,52,88,0,45,0,10,-11,G#/A♭ Minor,4,4DcsVmrZKyKWhNOKbMMMQH,QZES51987773,1
834,THE DEVIL WEARS PRADA,"PLVTINUM,Shaker,Vana",168,10A,93,2025-01-26,03:16,45,"dark r&b, trap soul, ",THE DEVIL WEARS PRADA,2023-12-01,46,0,0,62,10,10,-4,B Minor,4,5r9aVTAfQ2csU5vSUBeYRp,QZZ662340875,1
835,Love You Right,"Shaker,COBRA",115,5A,47,2025-01-26,02:35,49,"dark r&b, trap soul",Love You Right,2024-05-24,66,1,0,16,0,10,-8,C Minor,4,5aqBgqB5Jq5S78xsgD0qZc,QZPEW2454303,1
836,Lonely Star,The Weeknd,158,9A,71,2025-01-26,05:49,52,,Trilogy,2012-11-13,46,40,2,15,0,60,-5,E Minor,4,0p3sSUXDohjddeKlnvGbCD,USUM71212077,1
837,In the Dark,"Shaker,COBRA",132,4A,68,2025-01-27,02:54,42,"dark r&b, trap soul",In the Dark,2019-06-30,62,7,0,54,0,10,-8,F Minor,4,0UMrTcSN9hC4m4gbw8Exn7,QZFYZ1973400,1
838,Gone,"Shaker,COBRA",106,7A,60,2025-01-27,02:15,24,"dark r&b, trap soul",Gone,2023-03-24,53,0,0,6,0,20,-9,D Minor,4,3pPhHWgTFTqVpPzdhhCEeq,QZES62363728,1
839,Rule The Night,Shaker,122,1A,73,2025-01-27,02:14,25,"dark r&b, trap soul",Rule The Night,2023-04-07,70,12,0,37,0,10,-3,G#/A♭ Minor,4,5aqTlm8TsCKwLGf91V5C1o,QZHN62333773,1
840,Won't Ever Find Me,Shaker,131,11A,54,2025-01-27,03:26,28,"dark r&b, trap soul",Won't Ever Find Me,2023-06-10,64,2,0,36,0,0,-7,F#/G♭ Minor,4,6YpzFk2OX7rGz6BMh28CdU,QZK6H2331227,1
841,MATRIX,Shaker,180,9A,60,2025-01-27,02:14,0,"dark r&b, trap soul",MATRIX,2023-10-06,56,2,0,17,10,10,-7,E Minor,4,7FO4P1wwc9dG0tEqYDe4Oe,QZYFZ2393387,1
842,PLAYED TO LOSE,Shaker,101,11A,57,2025-01-27,02:36,0,"dark r&b, trap soul",PLAYED TO LOSE,2023-10-27,71,7,0,54,10,20,-8,F#/G♭ Minor,3,68J56xz8Ub0hVuYsBAo4DF,QZZ662310838,1
843,ALLADAT,"PLVTINUM,Shaker",75,1A,79,2025-01-27,02:27,0,"dark r&b, trap soul",ALLADAT,2024-01-26,56,14,0,56,10,30,-4,G#/A♭ Minor,4,39PpB6z58Ol8lMoktztrFo,QZZ662413849,1
844,PRETTY WHEN U CRY,PLVTINUM,107,10A,75,2025-01-27,01:46,50,dark r&b,PRETTY WHEN U CRY,2023-10-13,65,3,0,45,0,10,-6,B Minor,4,4yGTNAnhlbSxrVdTC7fYIS,QZYFZ2397100,1
845,My Way,Shaker,150,4B,71,2025-01-27,02:41,0,"dark r&b, trap soul",My Way,2024-03-01,65,0,0,17,0,10,-3,G#/A♭ Major,4,6fwy8icUnAVtrMgpMDe55N,QZZ662438257,1
847,Scream My Name,Thomas LaRosa,115,11A,54,2025-01-28,03:32,1,dark r&b,Scream My Name,2024-12-26,64,22,37,28,0,10,-7,F#/G♭ Minor,4,6scwcjmaGlV8n2PyZvN25g,QZZ7X2445585,1
849,Eyes Open,Xenia,143,4B,50,2025-01-28,02:04,47,dark r&b,Eyes Open,2023-09-22,57,44,2,12,0,30,-10,G#/A♭ Major,4,3n5h1OM1plHXSn94Qw2lu8,QZTAY2365768,1
850,ALL I WANTED WAS U,"Ex Habit,Omido",95,6A,66,2025-01-28,03:27,59,dark r&b,ALL I WANTED WAS U,2024-04-14,50,0,0,48,0,10,-5,G Minor,4,1bvh7jWjFw6QIYH7gzBfPE,UKZGC2308311,1
851,Can't Save You,Safe Trvls,103,6A,73,2025-01-28,03:22,39,"dark r&b, trap soul",Can't Save You,2024-02-08,65,9,0,62,0,0,-9,G Minor,4,4DoWbmKOogmai1JK8NVBzd,QZFZ22491433,1
852,too slow,Artemas,86,8B,83,2025-01-28,01:54,52,,pretty,2024-02-09,58,3,0,52,0,60,-5,C Major,4,2MOQaM9ODPp76bJeVvzojM,QZJ842400054,1
853,Bite Marks,Ari Abdul,103,11B,84,2025-01-29,02:41,51,dark r&b,CCTV,2023-10-13,71,0,1,81,0,0,-4,A Major,4,2iFoEIA2RSH1wt4i1LRiia,USRC12302011,1
854,over my dead body,Ex Habit,114,3A,67,2025-01-30,02:44,59,dark r&b,over my dead body,2024-10-29,65,9,0,51,0,10,-5,A#/B♭ Minor,4,4wV3MEQv5G3Tzraw5rQFz1,UKZGC2409481,1
855,Hotel Drive,VICE MONRÖE,130,9A,55,2025-01-30,02:31,52,dark r&b,Hotel Drive,2023-07-28,34,7,36,22,0,20,-12,E Minor,4,7aTAGvaUGGxFV37c3Yl2ub,USHM82347883,1
856,don't worry babe,Ex Habit,170,1B,55,2025-01-30,03:03,51,dark r&b,don't worry babe,2024-04-15,48,1,0,31,0,10,-9,B Major,4,59BWnlX2K9HJKw5I6AA6p2,UKZGC2303922,1
857,obsessed,"zandros,Limi",182,4B,45,2025-01-30,03:00,32,dark r&b,obsessed,2022-08-12,61,0,0,14,0,10,-12,G#/A♭ Major,4,3TKakBgJaTH5INk0WhU4xP,TLREW2220031,1
858,Give It Up,"Shaker,COBRA",106,5A,55,2025-01-30,02:43,38,"dark r&b, trap soul",Give It Up,2019-09-13,77,11,0,60,0,10,-8,C Minor,4,5jhrT2GRWCZnZu6rEZA8sh,QZHN41913326,1
859,Who Do You Want,Ex Habit,105,9A,52,2025-01-31,02:20,67,dark r&b,Who Do You Want,2022-03-28,59,24,0,25,10,40,-7,E Minor,4,131SfRMv57LKf8xtaSt39k,DEWO71700333,1
861,i know (faded),Ex Habit,110,12A,61,2025-02-01,02:03,48,dark r&b,i know (faded),2024-07-05,56,9,0,7,0,10,-8,C♯/D♭ Minor,4,5ITvWsV549G45Fei9gv4FY,UKZGC2405468,1
862,You Belong to Me,Ari Abdul,119,4A,61,2025-02-01,02:48,49,dark r&b,CCTV,2023-10-13,53,3,0,40,0,30,-7,F Minor,4,2y4R2HOGnYCBGIXNikvZDz,USRC12302012,1
863,ur special to me,Artemas,172,10B,84,2025-02-02,01:54,58,,pretty,2024-02-09,42,0,1,24,0,20,-7,D Major,4,2rYXXYRrP3qOOPkUsUTsal,QZJ842004448,1
864,on your knees,Ex Habit,130,5A,59,2025-02-02,02:23,56,dark r&b,on your knees,2024-04-14,46,3,0,22,10,60,-7,C Minor,4,52wtsCSN7bHavf5HXEJFbr,UKZGC2401372,1
865,HELLGIRL,Ari Abdul,116,2A,68,2025-02-02,02:16,53,dark r&b,Fallen Angel,2022-10-07,61,18,0,30,0,10,-7,D#/E♭ Minor,4,6akH7c6onFHlEDQVcZVezB,USRC12203256,1
866,DFHMPU,Ari Abdul,120,8A,65,2025-02-02,02:27,44,dark r&b,DFHMPU,2024-02-22,72,2,3,47,0,10,-6,A Minor,4,6aZzBu7NiOSo1htN2Q7WLq,USRC12300241,1
868,Kiss Land,The Weeknd,122,10A,85,2025-02-03,07:35,59,,Kiss Land (Deluxe),2013-09-10,32,4,0,40,10,0,-7,B Minor,4,5FUn6vN4PDHXxqnb5LQhJQ,USUM71310346,1
869,Shittin' Me,A$AP Rocky,148,3B,66,2025-02-03,02:24,54,rap,Shittin' Me,2022-12-02,74,4,0,49,10,0,-2,C♯/D♭ Major,4,31UJ8vd4JQc1JEa7TgcDSz,USRC11803837,1
870,My Bad,"Shaker,COBRA",82,10A,76,2025-02-04,03:20,30,"dark r&b, trap soul",My Bad,2021-08-06,63,19,0,7,0,10,-5,B Minor,4,3GhkoykrWX4fxX5KjvLJti,QZK6K2103692,1
873,That's My Floor,Magdalena Bay,168,3B,92,2025-02-11,03:29,6,,Imaginal Disk,2024-08-23,48,1,7,48,10,80,-6,C♯/D♭ Major,4,05viacwP18vZkQozDwS5kN,USQE92400105,1
874,Straight,Destrends,188,10A,96,2025-02-13,03:09,29,,Straight,2024-09-13,46,0,0,53,10,0,-4,B Minor,4,0uIpqRSUVoG3HGZnYoswoq,QZTB92452662,1
876,CASH COW,"NGHTMRE,Gunna",136,8B,72,2025-02-16,03:42,48,"dubstep, edm, edm trap, future bass, melodic rap",CASH COW,2019-11-15,73,4,0,29,0,10,-5,C Major,4,007DJN0UoRS4IoJER4P8vq,USUS11900560,1
877,Nicotine,"Shaker,Kreate",127,2B,63,2025-02-16,02:16,31,"dark r&b, trap soul",Nicotine,2023-03-10,61,13,0,29,0,20,-5,F#/G♭ Major,4,2RW8Olk4XfqP91zclTHRIg,QZES62363292,1
879,Lesbian Vampyres From Outer Space,Scary Bitches,134,10B,67,2025-02-17,03:32,50,"deathrock, gothic rock, darkwave, post-punk",Lesbian Vampyres From Outer Space,2009-04-13,67,0,0,94,0,20,-6,D Major,4,3lDZlK0YCWCIkI4y9OVboy,GBUZW0900360,1
883,you love me,Woldewil,140,5A,54,2025-02-22,02:10,26,,you love me,2024-06-07,55,21,92,39,0,20,-12,C Minor,4,3lPnvIGmDoG27ssTg1laXM,RUA1D2481429,1
884,IOU,"Layto,WesGhost",151,9A,96,2025-02-22,03:11,47,"dark r&b, ",IOU,2024-11-01,42,0,0,45,10,10,-3,E Minor,4,3akZGuqQhifRrFYB8UCell,USA2P2462090,1
885,Sex & Palo Santo,Jutes,92,5A,90,2025-02-22,02:52,50,,Sleepyhead,2024-08-01,52,0,2,22,0,20,-4,C Minor,4,3xPvEo1Lw5sOj1z4dtc674,QZPEW2425677,1
886,Punkstar,"Jutes,Royal & the Serpent",105,10A,86,2025-02-22,02:20,40,,Ladybug,2023-05-19,71,1,0,60,0,10,-4,B Minor,4,3Qri10xZcPFx9eoV0iLCVd,QZAKB2320658,1
887,Quitter,Jutes,160,10A,97,2025-02-22,02:29,33,,Ladybug,2023-05-19,52,0,0,30,10,10,-3,B Minor,4,0mFowIP1qwilZaQdqFLU3W,QZAKB2323691,1
889,Houndin,Layto,133,8B,46,2025-03-01,03:15,56,dark r&b,Houndin,2020-06-07,74,3,0,42,0,0,-10,C Major,4,3uEYOp1rDL1CJViIruQtb7,QM42K1912637,1
890,HURT (i don't think i'm pretty),Layto,168,6A,72,2025-03-01,02:24,41,dark r&b,HURT (i don't think i'm pretty),2024-12-13,47,0,0,21,0,0,-8,G Minor,4,0yzgLse32BbsVOlFOVIryg,USA2P2472019,1
891,manic,Layto,80,12A,84,2025-03-01,01:56,55,dark r&b,manic,2024-09-20,63,4,0,73,0,0,-5,C♯/D♭ Minor,4,4mM8fsgGiS31KLkcOzV3NB,US43C1633056,1
893,Hold Me Down,Shakewell,120,1A,61,2025-03-01,02:29,38,"trap metal, horrorcore, emo rap",Key Stone Prince,2017-05-09,82,10,0,66,0,10,-8,G#/A♭ Minor,4,1H5RlEpHumAzRmdTddkHsg,TCADB1715956,1
895,Nightcrawler - Instrumental,fam0uz,124,2A,51,2025-03-02,01:00,62,phonk,Nightcrawler,2024-01-24,57,1,85,35,0,10,-8,D#/E♭ Minor,4,7ckNnMlGNSyjQKcEBihZrp,CA5KR2424913,1
896,should've wore a bonnet,"21 Savage,Brent Faiyaz",145,9B,76,2025-03-02,03:06,53,r&b,should've wore a bonnet,2024-01-10,61,4,0,43,0,30,-5,G Major,4,2ISq2oerTCbtH7ZxaWUT1g,USSM12309170,1
897,Two to the Chest,Skeler,84,4B,57,2025-03-02,03:24,0,"witch house, drift phonk",N i g h t D r i v e スケラー PART III,2024-10-03,56,8,69,8,0,10,-10,G#/A♭ Major,4,5rQLAEY6keRS2B2knXAxJW,QM24S2406132,1
899,safeword,Halsey,174,11B,100,2025-03-02,02:13,45,,safeword,2025-02-27,41,0,0,53,20,30,-4,A Major,4,0rgwADAHd21s1OE7RPFwPN,USSM12500766,1
900,Sacrifice,The Weeknd,122,10A,80,2025-03-03,03:08,72,,Dawn FM,2022-01-06,74,3,0,91,10,0,-7,B Minor,4,1nH2PkJL1XoUq8oE6tBZoU,USUG12106685,1
902,Timeless (Phonk),Dan Korshunov,123,4B,62,2025-03-07,02:10,58,,Timeless,2025-01-28,63,7,0,32,0,30,-5,G#/A♭ Major,4,4u1DhaPiawdG1UpQXZAff1,RUA1D2506460,1
903,Menace,visioner.,135,5A,85,2025-03-07,02:38,51,,Menace,2023-02-06,47,1,74,15,0,50,-6,C Minor,1,2BeEqgLACWjI2oFzsUf7SF,AEA0D2261099,1
904,Menace - Slowed + Reverb,visioner.,115,8A,93,2025-03-07,03:05,50,,Menace,2023-02-06,52,1,65,4,0,20,-7,A Minor,1,5TzQICnailMRkwRPeElin1,AEA0D2261097,1
905,Menace - Sped Up,visioner.,153,7A,76,2025-03-07,02:19,40,,Menace,2023-02-06,39,1,93,18,0,40,-6,D Minor,1,1dHjW2UsHc5HuwfiM3B60g,AEA0D2261098,1
906,JUS BETTER - Guitar,visioner.,74,3A,50,2025-03-07,02:22,35,,JUS BETTER (Guitar),2022-08-05,34,0,80,8,0,10,-13,A#/B♭ Minor,4,3YON3G2B5bNK2g1oPiKJhh,US3DF2282907,1
909,FXCK UP THE WORLD (Vixi Solo Version),LISA,146,11A,74,2025-03-08,02:55,0,k-pop,Alter Ego,2025-02-27,68,1,0,25,0,20,-5,F#/G♭ Minor,4,3axyOG0Z7zBwRzOkQWtBEJ,USRC12403308,1
910,Dreams,Ari Abdul,174,1B,79,2025-03-08,02:38,50,dark r&b,Dreams,2025-03-07,39,2,0,53,10,30,-4,B Major,4,7vsD7u9g5YWQ7KaB4lTKPE,USRC12500240,1
911,DENIAL IS A RIVER,Doechii,93,11A,64,2025-03-12,02:39,79,,Alligator Bites Never Heal,2024-08-30,83,9,0,62,30,0,-3,F#/G♭ Minor,4,1eTaznNW4Xxtx9za2SMTXB,USUG12405664,1
912,SHE’S MY (SEXI BOY),DE'WAYNE,124,9A,92,2025-03-12,02:16,21,,My Favorite Blue Jeans,2022-10-28,60,0,0,86,0,30,-4,E Minor,4,6foPSxr70ZhG1ZVu03JzYS,USHR22213504,1
913,Crocus,Boston Manor,93,6B,70,2025-03-13,03:57,45,pop punk,Datura,2022-10-14,50,0,0,22,0,20,-5,A#/B♭ Major,3,2NCyJFVYg46JyxUASmbdyg,DED832200347,1
914,DIE OUT HERE (FEAT. POORSTACY),"DE'WAYNE,POORSTACY",75,11A,84,2025-03-14,02:14,40,"emo rap, melodic rap",My Favorite Blue Jeans,2022-10-28,59,1,0,66,10,20,-6,F#/G♭ Minor,4,0iAgTXl1wWqfFMh5Ci12Ew,USHR22213501,1
915,BLUE JEAN BABE,DE'WAYNE,156,12B,80,2025-03-14,02:36,16,,My Favorite Blue Jeans,2022-10-28,56,0,0,68,30,40,-5,E Major,4,4JthW3EkYXHybT2xRL3T0Q,USHR22213505,1
916,Garden Of Eden,Lady Gaga,125,3B,91,2025-03-15,03:59,74,"art pop, pop",MAYHEM,2025-03-07,67,0,0,61,0,10,-4,C♯/D♭ Major,4,4mUR5Tv0CvJtpmnUtzeIgd,USUM72407011,1
917,Zombieboy,Lady Gaga,122,5A,89,2025-03-15,03:33,67,"art pop, pop",MAYHEM,2025-03-07,61,0,0,88,0,20,-4,C Minor,4,0ElVpg9XIswx3XWs6kUj6a,USUM72412586,1
919,CULT,Magnolia Park,104,9B,98,2025-03-23,03:06,0,pop punk,CULT,2025-01-23,48,0,0,33,20,0,-4,G Major,4,2eZYy3U7eIsjkCnjFfCfV1,USEP42434006,1
922,test drive,Artemas,104,12A,82,2025-03-25,03:08,65,,southbound / test drive,2025-03-19,54,34,0,8,0,30,-3,C♯/D♭ Minor,4,5at6m1L4BvhhYJzMPQHgyN,QZJ842501320,1
923,Criminal - Radio Mix,Britney Spears,108,9A,81,2025-03-26,03:45,47,pop,"B In The Mix, The Remixes Vol 2",2011-10-07,69,3,0,71,0,20,-5,E Minor,4,6Fu4Kn1gLvIukiSbOXqxNU,USJI11100339,1
924,Own Me,bülow,94,9A,79,2025-03-27,03:29,49,,The Contender,2019-10-04,70,12,5,24,0,10,-4,E Minor,4,2CnscesDhDpF7LpURtgBEv,CAUM71900291,1
926,Tidal Wave,Chase Atlantic,124,12A,63,2025-03-31,04:03,39,,Tidal Wave,2018-06-22,61,58,0,42,0,10,-5,C♯/D♭ Minor,4,5UFjlIK589UVrEUEVbkw1X,QM24S1818171,1
927,Starburster,Fontaines D.C.,98,6B,86,2025-03-31,03:41,76,post-punk,Romance,2024-08-23,51,7,0,36,0,0,-6,A#/B♭ Major,4,09ttHg3ZNVgDlYBZa1ZBw0,GBBKS2400079,1
929,Good Girl - Sped up,"BURY,Omido,Beneld",112,2A,80,2025-04-01,02:29,38,dark r&b,Good Girl,2024-07-05,53,10,0,34,0,20,-4,D#/E♭ Minor,4,4liwMRxfSCwGxSyF8beoS1,UKZGC2405647,1
930,Sad B!tch,CLIP,79,3A,65,2025-04-01,02:15,55,,Sad B!tch,2020-05-25,64,0,0,43,0,10,-9,A#/B♭ Minor,4,6zWcEyrSS9gFtWaixDgp0q,QM42K2061710,2
931,MONA LISA,j-hope,138,3B,81,2025-04-02,02:17,78,"k-pop, k-rap",MONA LISA,2025-03-21,80,3,0,96,0,0,-5,C♯/D♭ Major,4,5Fhr3wqeieN5WDkAsqL1JJ,USA2P2505689,1
932,Miss The Rage,"Trippie Redd,Playboi Carti",77,4B,88,2025-04-04,03:56,76,"melodic rap, rage rap",Trip At Knight,2021-08-21,58,2,0,35,10,80,-5,G#/A♭ Major,4,5n4FTCMefvyKUjeWumdaWv,QZJ842000983,1
933,Comme l’italien,Comagatte,117,9B,90,2025-04-06,02:15,39,,Comme l’italien,2025-03-27,83,0,0,85,0,10,-6,G Major,4,2642ZGVfmyTwQYbAZLgsJ5,DEUM72502928,1
935,A Girl Like You,Edwyn Collins,126,4A,78,2025-04-09,03:56,71,britpop,Gorgeous George,2011-10-19,62,2,0,53,0,40,-7,F Minor,4,0MteK167vtyb6hoJNC3Uz3,GB72T1100001,1
936,Woman Is King,Bishop Briggs,149,9A,67,2025-04-13,01:46,38,,Tell My Therapist I'm Fine (Deluxe),2025-03-07,61,13,0,45,10,20,-6,E Minor,4,1gxc1dIYLmSS2sxMm8BYNj,USA2P2503938,1
937,Separate Ways (Worlds Apart) [2023 Remaster],Journey,132,9A,96,2025-04-13,05:23,78,"aor, classic rock",Frontiers (2023 Remaster),1983-02-01,47,14,0,37,0,30,-5,E Minor,4,1pTw2cNrp9L3esxLAvWnN2,USSM18300106,1
938,Solita (feat. Rich The Kid),"PRETTYMUCH,Rich The Kid",125,1B,86,2025-04-15,03:06,46,trap,Solita (feat. Rich The Kid),2018-09-28,70,7,0,73,0,0,-3,B Major,4,35kFg7GL288P9IK0r5oSh5,GBHMU1800046,1
940,Relapse,"Drayco McCoy,Mathaius Young",124,3A,71,2025-04-19,03:43,8,,Baby Guillotine Lost Files,2018-12-26,72,2,0,47,10,10,-4,A#/B♭ Minor,4,3bPMPug2uHZryLEih8PMUh,QZDA51937872,1
942,Say Less,Chandler Leighton,119,12A,78,2025-04-20,04:34,42,melodic bass,Say Less,2025-04-11,54,3,0,48,0,30,-5,C♯/D♭ Minor,4,4ECwgK9jtGJ9VMfMCrxeOx,QM24S2501563,1
944,My Bubble Gum,Rasheeda,80,7A,63,2025-04-20,03:28,2,,Dat Type Of Gurl,2007-00-00,80,24,0,79,30,0,-6,D Minor,4,37IZHbmUmuhZITM4SW6PtV,USHCX0700003,1
945,Bonnie and Clyde,"Dutch Melrose,HARRY WAS HERE",135,1A,69,2025-04-20,02:14,50,"dark r&b, ",Bonnie and Clyde,2023-02-28,56,11,0,77,0,30,-6,G#/A♭ Minor,4,3ahCbuxsu4bH7a0dL9xYrF,QZDA72357760,1
946,Pray,Xana,140,11A,68,2025-04-20,03:54,1,,Pray,2020-10-29,60,10,0,38,0,10,-8,F#/G♭ Minor,4,7fNfaKwI5qupnBJGc8qAOm,TCAFD2044610,1
947,Girl Of Your Dreams,Isabel LaRosa,189,2A,51,2025-04-21,02:31,52,,Raven,2025-04-18,23,25,6,18,10,10,-9,D#/E♭ Minor,3,57VTWm2rMYF5MP1H5Cw0qW,USRC12500360,1
948,love me,Ex Habit,88,9A,57,2025-04-21,02:58,62,dark r&b,love me,2023-03-28,55,1,0,15,0,10,-7,E Minor,4,6Gpim0VEZc2UZRVcapsWIv,UKZGC2301327,1
949,Too Late To Love You,Ex Habit,122,1A,40,2025-04-22,02:25,54,dark r&b,Too Late To Love You,2022-06-29,59,0,0,28,0,10,-11,G#/A♭ Minor,4,1XP6izZrqT8FsMaLKDAnUP,DEWO71700391,1
950,She Twerkin,Ca$h Out,142,10B,76,2025-04-23,02:52,63,,Let's Get It,2014-08-26,84,0,0,33,0,10,-4,D Major,4,4ngnFeJ58ivjFl0gFD1Osh,USKO11400201,1
953,Runnin,"21 Savage,Metro Boomin",143,3A,63,2025-04-29,03:15,78,,SAVAGE MODE II,2020-10-02,82,1,10,42,20,10,-5,A#/B♭ Minor,4,5SWnsxjhdcEDc7LJjq9UHk,USSM12005346,1
954,Crazy On You,Heart,130,8A,46,2025-05-03,04:53,71,"classic rock, aor, rock",Dreamboat Annie,1975-00-00,44,12,0,38,0,10,-12,A Minor,4,5zH710lFSLtkHbMkslLDjR,USCA28600007,1
956,56 Nights,Future,123,3B,52,2025-05-06,03:47,64,rap,56 Nights,2015-03-21,85,11,0,28,10,10,-6,C♯/D♭ Major,4,2oGY1X7Xd5kyL6B9s19D9A,USSM12001859,1
957,Container,Boston Manor,140,7B,95,2025-05-07,03:06,38,pop punk,Sundiver,2024-09-06,42,0,0,26,10,70,-3,F Major,4,1zq9PdJBzjq5Xw9OSdETXI,DED832400031,1
958,Foxglove,Boston Manor,104,12A,85,2025-05-09,03:38,55,pop punk,Datura,2022-10-14,55,0,0,52,0,30,-3,C♯/D♭ Minor,4,5kHCsELTDAwAz3ghslicoO,DED832200261,1
959,take it from the starz - Slowed & reverb,"Roman Nasenmensch,domi4wave",124,5A,62,2025-05-10,01:50,67,,take it from the starz,2024-08-22,43,16,46,8,0,20,-7,C Minor,3,5BTZSG989vO5PR8El2kMqW,SE6I32462537,1
960,take it from the starz,"Roman Nasenmensch,domi4wave",135,9A,61,2025-05-10,01:40,62,,take it from the starz,2023-12-08,45,10,75,4,0,20,-7,E Minor,3,5F7Tywb6G47ooULUmLv9au,SE6XX2375561,1
962,Timeless - Instrumental,"The Weeknd,Playboi Carti",120,9B,76,2025-05-10,04:16,54,rage rap,Timeless (Remix),2025-05-09,79,9,91,52,0,10,-7,G Major,4,54wv48DETGI2gSJkqTCSyJ,USUG12501362,1
963,Dissolve,Boston Manor,105,10A,84,2025-05-13,03:49,40,pop punk,Sundiver,2024-09-06,50,0,0,33,0,60,-2,B Minor,4,6YG6RvvZiJYGmr69q68sti,DED832400170,1
965,babydoll,Ella Boh,140,10B,67,2025-05-14,02:40,44,,babydoll,2025-04-04,56,28,0,61,0,60,-6,D Major,4,0tdTGvI5viFA9KAYXxsJ4o,DE1FB2500102,1
966,Floodlights on the square,Boston Manor,175,10A,86,2025-05-16,03:29,51,pop punk,Datura,2022-10-14,37,0,0,18,10,10,-5,B Minor,4,4cD6beSnikXFAhYgoFQRGp,DED832200345,1
967,Bad Machine,Boston Manor,170,10B,63,2025-05-17,03:08,0,pop punk,Welcome to the Neighbourhood,2018-09-07,29,0,0,27,0,20,-3,D Major,4,09Pac4NJzduKnw1zpnvdWa,USSTT1800008,1
968,LOSIN’ MY MIND,Chandler Leighton,131,7A,85,2025-05-23,03:17,50,melodic bass,LOSIN’ MY MIND,2025-05-16,67,10,0,79,0,0,-3,D Minor,4,4Q46a3KDEXbyT7rcqxTmPa,QM24S2502429,1
969,again,blokkbabyzae,123,6B,45,2025-05-23,01:43,0,,forever 17,2023-07-31,85,5,0,16,0,20,-7,A#/B♭ Major,4,4Dc2L34tkBqB7VNVc67k6I,QZNMV2340525,1
970,PUFFIN ON ZOOTIEZ,Future,125,4B,66,2025-05-24,02:52,75,rap,I NEVER LIKED YOU,2022-04-29,88,6,0,28,30,10,-6,G#/A♭ Major,4,1qMMYpVatbRITKCfq1gasi,USSM12203787,1
971,Buck Shots,A$AP Rocky,160,3A,85,2025-05-25,02:47,53,rap,TESTING,2018-05-25,43,33,0,58,40,30,-6,A#/B♭ Minor,4,6ImrWnhjEOw5re3cGLMIHJ,USRC11801932,1
972,Sativa,"Jhené Aiko,Swae Lee",126,11A,61,2025-05-25,04:36,79,"r&b, ",Trip,2017-09-22,74,32,0,72,0,50,-7,F#/G♭ Minor,4,2pg2TiYo9Rb8KeB5JjP7jS,USUM71710460,1
973,Rebel Yell,Billy Idol,166,9A,86,2025-05-25,04:48,79,,Rebel Yell,1983-11-01,53,0,0,49,0,30,-5,E Minor,4,4TIJ7zSBNejpoIPaWpWRKc,USCH38400024,1
975,Dancing With Myself,Billy Idol,177,12B,70,2025-05-25,05:59,8,,Vital Idol,1985-00-00,51,2,0,91,0,30,-11,E Major,4,1BY1Vd2Bt6JPOhMvsIwtVv,USNPD1217889,1
976,Flex Up (feat. Future & Playboi Carti),"Lil Yachty,Future,Playboi Carti",160,11B,67,2025-05-25,02:50,73,"rap, rage rap",Lil Boat 3.5,2020-11-27,83,0,0,55,10,0,-5,A Major,4,5Ryu0SlsYjKh78RkJUONFr,USUG12001712,1
977,Life's a Bitch,DEZI,150,3B,63,2025-05-25,02:53,0,,Life's a Bitch,2025-05-21,63,5,0,59,0,30,-6,C♯/D♭ Major,4,6yvxyNehUgb4qCJKxr6ZkZ,SE6XY2580267,1
980,we should be lovers (Slowed),Woldewil,143,8B,68,2025-05-31,02:03,21,,we should be lovers,2024-12-20,58,0,1,44,0,10,-9,C Major,4,2w8kPEsT7GVR4Jb29lVSsF,RUAH62415393,1
981,EYELIDS,"Ryan Oakes,WesGhost",96,10A,93,2025-06-01,02:52,33,,EYELIDS,2025-05-30,66,0,0,48,0,30,-3,B Minor,4,28Ms8uGn6wwgGNSclDyrjw,CBEFB2500613,1
982,Lean 4 Real (feat. Skepta),"Playboi Carti,Skepta",76,9B,78,2025-06-01,02:57,67,"rage rap, grime, uk grime",Die Lit,2018-05-11,75,3,0,16,0,30,-5,G Major,4,1JgkiUg9mSXSwcb5Gbi4Ur,USUM71804151,1
984,Pussy Poppin (I Don't Really Talk Like This),Rico Nasty,95,11B,82,2025-06-06,01:56,50,,Nightmare Vacation,2020-12-04,94,16,0,90,30,0,-3,A Major,4,0Hb2KGmwZez23POGBw2Xc2,USAT22007431,1
986,CANTA LA,"TRXSHBXY,Nxppy,CLASYXX,Fyex",113,10A,96,2025-06-07,01:29,53,"phonk, brazilian phonk, funk, hypertechno",CANTA LA,2025-05-09,54,0,80,33,0,10,0,B Minor,4,166BJ1qwh0uxjj03XBetnq,AEA3A2535387,1
987,CANTA LA - Slowed,"TRXSHBXY,Nxppy,CLASYXX,Fyex",105,3B,95,2025-06-07,01:36,54,"phonk, brazilian phonk, funk, hypertechno",CANTA LA,2025-05-09,54,0,82,30,0,20,0,C♯/D♭ Major,4,644O49VKVkNrgeGnPVBlml,AEA3A2525303,1
991,I NEVER EXISTED,Chase Atlantic,84,12A,65,2025-06-09,03:50,59,,PHASES,2019-06-28,52,14,1,39,0,10,-7,C♯/D♭ Minor,4,6UJ6ZtL7VbJf5l9V1wzP23,QMRSZ1900608,1
994,Live It Up,Mental As Anything,120,9B,78,2025-06-15,04:14,48,,Fundamental As Anything,1985-09-01,69,27,0,93,0,0,-9,G Major,4,0d4DyZYCiSH5fNnc0Hfz3L,AUFE09800665,1
995,Kiss Me Thru The Phone,"Soulja Boy,Sammie",150,9B,71,2025-06-15,03:13,83,,iSouljaBoyTellem,2008-01-01,76,2,0,79,10,0,-4,G Major,4,2q4rjDy9WhaN3o9MvDbO21,USUM70848200,1
997,SEE YOU IN HELL,BEAUTY SCHOOL DROPOUT,96,10A,68,2025-06-22,03:27,46,,WE MADE PLANS & GOD LAUGHED,2022-08-18,66,0,0,52,0,30,-6,B Minor,4,36EARAnkdW8h0U4tZdRbg8,QZK6G2231507,1
998,YEAHYEAHYEAHYEAH...,BEAUTY SCHOOL DROPOUT,122,7B,87,2025-06-23,02:21,36,,WE MADE PLANS & GOD LAUGHED,2022-08-18,57,0,0,42,0,10,-4,F Major,4,3pl9ZD6469habNYESPaorf,QZK6G2231510,1
999,FIGHT MODE,BEAUTY SCHOOL DROPOUT,98,7B,98,2025-06-24,02:05,37,,WE MADE PLANS & GOD LAUGHED,2022-08-18,59,3,0,53,0,10,-2,F Major,4,5yrXimdgw8Y2q08bUnwKID,QZK6G2231511,1
1000,Polly Pocket,DEZI,98,9A,87,2025-06-26,02:28,0,,Polly Pocket,2025-06-25,65,1,0,57,0,0,-4,E Minor,4,1nQlHOuZxJLx2QOkaiVSBi,SE6XX2557631,1
1002,XTC,Che Ecru,120,2A,48,2025-06-26,02:28,57,"dark r&b, trap soul",Til Death (Deluxe),2021-10-29,73,14,0,36,0,10,-10,D#/E♭ Minor,4,21pZqTIwrBxgbhDzHoPtM3,QM24S2106638,1
1004,Drive You Insane,Daniel Di Angelo,120,6A,49,2025-06-28,03:32,39,dark r&b,Drive You Insane,2021-09-01,73,49,0,23,0,10,-8,G Minor,4,7ckfO3Cerf6OsNgdHBqf1b,QZMEM2117962,1
1005,Vamp Anthem,Playboi Carti,164,1B,69,2025-06-28,02:04,70,rage rap,Whole Lotta Red,2020-12-25,64,1,0,64,20,30,-5,B Major,4,4CzhtKifG867Lu5DNQVBSA,USUM72024688,1
1006,More Than Ever,"CHASETHEMONEY,LUCKI",152,4A,73,2025-06-29,02:41,68,cloud rap,Freewave 3,2019-02-15,83,3,0,60,10,10,-5,F Minor,4,2R9998qWII0jEgDaFaKXj2,CA5KR1846925,1
1007,Addicted,Daniel Di Angelo,133,1A,66,2025-06-30,03:11,43,dark r&b,Addicted,2018-11-05,64,37,0,64,10,10,-7,G#/A♭ Minor,4,2DmRbfgcBQ9iRtSyg01nmv,usl4q1801519,1
1009,New Invention,I DONT KNOW HOW BUT THEY FOUND ME,180,8B,85,2025-07-02,03:11,29,,New Invention,2020-10-02,49,1,0,76,0,0,-3,C Major,4,60ItIsHh4L7aumPEET4sp0,US5262023739,1
1010,Way You Movin',Daniel Di Angelo,127,9A,59,2025-07-02,03:26,34,dark r&b,Addicted,2018-11-05,61,52,0,11,0,10,-7,E Minor,4,4CdjkleZjcYUmcM27UT5bv,usl4q1801523,1
1011,la di die (feat. Jaden Hossler),"Nessa Barrett,jxdn",164,3B,64,2025-07-03,03:15,67,pop punk,la di die (feat. Jaden Hossler),2021-02-19,48,0,0,35,0,20,-5,C♯/D♭ Major,4,3RLshk3cDQOqWhSIRCVaXL,USWB12100073,1
1012,ANGELS & DEMONS,jxdn,115,4B,80,2025-07-03,02:40,61,pop punk,Tell Me About Tomorrow,2021-07-02,55,12,0,46,0,60,-4,G#/A♭ Major,4,3mkz6eI4Sram8UhO3teU76,USAT22003132,1
1014,3:16AM,Jhené Aiko,150,7A,43,2025-07-04,03:20,64,r&b,Sail Out,2013-01-01,60,28,5,5,10,10,-11,D Minor,4,4QoFwqgLw1CtoeSv6N80mU,USUM71208975,1
1015,Vampires,Daniel Di Angelo,138,11B,76,2025-07-06,03:11,29,dark r&b,Addicted,2018-11-05,60,5,0,35,0,20,-6,A Major,4,61X6xPnC0uQPOZ7XL9B89g,usl4q1801525,1
1017,Shake It,Metro Station,150,12B,96,2025-07-07,02:59,73,,Metro Station,2007-09-18,62,0,0,79,0,40,-4,E Major,4,5619Ojc6t9evEEs3B7Drhe,USSM10702537,1
1019,Kisses Down Low,Kelly Rowland,138,4A,72,2025-07-09,04:14,1,,Talk A Good Game (Deluxe Edition),2013-01-01,63,2,0,24,0,10,-9,F Minor,4,4KhanrenBxgyXYkFCArMyd,USUM71300893,1
1020,IDGAF (feat. Yeat),"Drake,Yeat",137,4B,67,2025-07-10,04:20,76,"rap, rage rap",For All The Dogs,2023-10-06,67,5,0,14,20,10,-9,G#/A♭ Major,4,2YSzYUF3jWqb9YP9VXmpjE,USUG12306072,1
1022,Magic Johnson,ian,140,3B,69,2025-07-11,02:17,73,,Valedictorian [Deluxe],2024-06-07,91,0,0,55,20,0,-6,C♯/D♭ Major,4,4oPLjuY1WgGTL0Ja1doDOn,USQX92402650,1
1023,8 O 8,J€AN-MARC,100,10A,67,2025-07-13,03:22,65,,8 O 8,2020-10-31,92,11,0,54,10,0,-6,B Minor,4,5bp2ijoNHjLlZJqyqPWglv,QZMER2022203,1
1024,Kimono,"DOPECLVB,JEEMBO",178,11B,95,2025-07-13,04:04,39,,DOP3TAPE,2015-04-23,31,19,0,54,60,30,-6,A Major,4,5dOgyLwqg3teIPobPT3ZGJ,FR2X41786026,1
1027,That Go! (feat. T-Shyne),"Young Stoner Life,Young Thug,Meek Mill,T-Shyne",146,3B,57,2025-07-13,03:46,70,"rap, trap, melodic rap, ",Slime Language 2,2021-04-16,71,1,0,19,0,10,-7,C♯/D♭ Major,4,6rUmUJ2drFemHTH73bFAKQ,QMCE32100012,1
1028,Just A Girl - From The Original Series “Yellowjackets”,Florence + The Machine,101,8B,57,2025-07-13,04:34,51,baroque pop,Just A Girl (From The Original Series “Yellowjackets”),2023-03-09,31,1,0,12,0,10,-9,C Major,4,7DtbrNlYifGnJc7HY0fS9i,GBUM72301700,1
1031,Everything Nice,DreamDoll,140,3A,70,2025-07-21,02:51,47,,Everything Nice,2018-10-12,86,11,0,60,20,10,-5,A#/B♭ Minor,4,7luZH5bMPxagI44Y2yc5sr,USYBL1700747,1
1032,Mind Brand - Russian ver.,"Sati Akura,Billy Raven",156,3B,89,2025-07-21,04:24,37,,Mind Brand (Russian ver.),2022-02-25,57,2,0,58,0,60,-6,C♯/D♭ Major,4,795Iz8oLQ7vr7LzVXzsXQx,QZPJ32146234,1
1035,ILUV,Yeat,128,8B,57,2025-07-26,03:03,65,rage rap,2093,2024-02-16,76,6,0,39,20,40,-10,C Major,4,30ln1OwxEZdXDfEploBcsU,USUM72401630,1
1036,Money So Big - Instrumental Slowed,NXCVT,117,1B,38,2025-07-26,02:29,47,,Money So Big (Instrumental Slowed),2023-08-20,63,0,97,77,0,10,-10,B Major,4,5uv8GJs8uoWBVYinjPSDvr,QZ8WX2081486,1
1038,1000 Blunts,$uicideboy$,133,4A,70,2025-07-26,02:55,77,"emo rap, horrorcore, cloud rap, trap metal, underground hip hop","Sing Me a Lullaby, My Sweet Temptation",2022-07-29,83,22,0,60,0,10,-7,F Minor,4,09riz9pAPJyYYDVynE5xxY,QZAPK2000271,1
1040,Familia,Yeat,76,10B,53,2025-07-30,02:34,61,rage rap,2093,2024-02-16,69,2,1,10,20,40,-8,D Major,4,2OM0MeY7mPIRbs8SCzRdTH,USUM72401639,1
1042,HEAVY LOVE - Slowed & Reverbed,"ODECORE,Odetari",100,3B,68,2025-07-30,02:46,61,hyperpop,HEAVY LOVE (ODECORE MIX),2025-02-11,30,1,0,4,0,30,-5,C♯/D♭ Major,4,4uEcFKhpIqp68PNNyZQlV8,QZZ4J2500050,1
1043,One For the Money,Escape the Fate,90,4A,96,2025-08-02,03:19,66,"emo, post-hardcore, screamo, metalcore",Ungrateful,2013-05-14,53,0,0,39,0,0,-3,F Minor,4,3MAFVGKEVV9EgO1lQnPqcc,USDPK1309010,1
1044,EVIL J0RDAN,Playboi Carti,154,3B,36,2025-08-02,03:03,78,rage rap,MUSIC,2025-03-14,69,1,0,6,0,10,-7,C♯/D♭ Major,4,6iycYUk3oB0NPMdaDUrN1w,USUM72414866,1
1046,Jesus Dont Like That I'm Gay but Satans Cool With It - Old Version,Lil Boodang,140,3A,94,2025-08-03,02:17,53,,The End of Everything (Old Version),2019-11-18,62,0,37,63,0,10,-4,A#/B♭ Minor,4,76CsKCnKJoNJOnBB1s0vi5,QZES72327155,1
1047,I Serve the Base,Future,168,3B,57,2025-08-03,03:10,70,rap,DS2 (Deluxe),2015-07-17,64,1,0,9,0,0,-6,C♯/D♭ Major,4,1Rq4GtIucW9CAcF8B6PAbW,USSM11505576,1
1048,WASSUP,Young Miko,145,12A,68,2025-08-04,02:42,74,trap latino,WASSUP,2025-04-25,86,0,0,66,0,10,-5,C♯/D♭ Minor,4,32SJM4tQyJHsB8rgVtZURn,QZXD92300153,1
1049,Medicate Me,"Rain City Drive,Dayseeker",110,11A,93,2025-08-04,02:47,54,"post-hardcore, metalcore",Medicate Me,2024-04-26,53,0,0,47,10,30,-4,F#/G♭ Minor,4,1EusMjYm7PZftlZn87vPWE,QM24S2402017,1
1050,Kung Fu,Cordae,125,4B,61,2025-08-05,03:19,45,,Kung Fu,2018-07-13,88,2,0,26,10,10,-6,G#/A♭ Major,4,3CArFtrkJzWkxgjmX7ki9N,QM24S1821015,1
1051,Don't Look At Me,POORSTACY,77,12A,83,2025-08-06,03:08,59,"emo rap, melodic rap",The Breakfast Club (Deluxe Edition),2020-07-24,54,1,0,29,20,60,-7,C♯/D♭ Minor,4,3U7mehH6qFWzsDrAljZ7VW,QZJ842000363,1
1052,Lollipop,"Lil Wayne,Static Major",148,8B,43,2025-08-08,04:59,75,"rap, hip hop, ",Tha Carter III,2008-01-01,83,6,0,45,0,10,-9,C Major,4,5jnxxpX2834SB6LJ0S73Uz,USCM50800556,1
1053,не расслабляйся,Skryptonite,130,3B,58,2025-08-09,02:44,71,,не расслабляйся,2024-11-08,76,0,0,6,0,30,-7,C♯/D♭ Major,4,6KBc9W1riUD5zXv29eIVop,DGA0R2442658,1
1055,Bad (feat. Rihanna) - Remix,"Wale,Rihanna",114,11A,70,2025-08-10,03:58,84,,The Gifted,2013-06-25,81,31,0,45,0,10,-7,F#/G♭ Minor,4,5yhKaacMZGRo4s6evJx9vk,USAT21301460,1
1056,Lipstick,Luvcat,93,8A,69,2025-08-19,03:36,42,,Lipstick,2025-05-09,53,12,0,27,0,10,-5,A Minor,4,4YJMCZyLpwErIlfGh9q2Ok,QM6P42555057,1
1057,Come Baby Come,K7,106,10B,73,2025-08-19,03:59,66,freestyle,Swing Batta Swing,1993-11-09,83,3,0,55,10,0,-8,D Major,4,2b8RCiPb2rtG5AQ1FwyUZX,USTB10300395,1
1058,WE ON GO,BIA,131,11B,80,2025-08-20,02:48,75,,WE ON GO,2025-05-02,72,5,0,62,0,30,-4,A Major,4,01vCzM84c5JLSkG2iXC9VZ,USSM12500842,1
1059,Small Talk,"Ovrkast.,Samara Cyn",134,11A,58,2025-08-20,03:13,47,"jazz rap, alternative hip hop, ",Small Talk,2025-04-17,83,22,0,74,30,60,-8,F#/G♭ Minor,4,7qGSwh7ZhKy0iHIXsDfn0N,QZMHM2596242,1
1060,Omote,Yuki Chiba,170,3B,52,2025-08-20,01:56,58,j-rap,STAR,2024-12-11,88,0,0,41,20,10,-8,C♯/D♭ Major,4,0VRwu3PAt8ZZcZVYfcs69G,TCJPC2479211,1
1061,WHOLE LOTTA MONEY,BIA,81,3B,37,2025-08-20,02:36,57,,FOR CERTAIN,2020-12-11,90,9,0,44,30,30,-5,C♯/D♭ Major,4,5yorXJWdBan1Vlh116ZtQ7,USSM12006987,1
1062,Moaning Lisa Smile,Wolf Alice,98,11B,84,2025-08-21,02:42,45,indie,My Love Is Cool,2015-06-22,51,0,24,29,0,10,-4,A Major,4,7gChGUkqWkinDS7uYoMLIM,GBK3W1000272,1
1063,PULL UP,Wels,150,12B,96,2025-08-22,01:31,48,"phonk, drift phonk",PULL UP,2025-01-31,63,0,22,38,0,10,-1,E Major,4,5U99GQXCRgCOybE5UjN63N,QM4TW2555587,1
1064,Dead n Gone,Luci4,144,1A,46,2025-08-23,01:06,21,,Dead n Gone,2021-06-06,62,0,7,44,0,10,-5,G#/A♭ Minor,4,2vyAxGW8KhJV1C4rGRCwco,QZK6N2175384,1
1065,Dead n Gone - Slowed,Luci4,123,3B,36,2025-08-23,01:18,7,hyperpop,Dead n Gone (Slowed/Sped Up),2023-03-10,64,5,4,5,0,0,-6,C♯/D♭ Major,4,6NmcOUSQHvhxGGWcW302aK,QZVEM2310458,1
1066,BodyPartz,Luci4,160,3B,53,2025-08-23,01:19,58,hyperpop,BodyPartz,2021-05-29,44,4,29,16,0,30,-6,C♯/D♭ Major,4,63CSKIfM2wO1K2huueWnMz,USAT22102502,1
1067,BodyPartz - Slowed,Luci4,128,6A,58,2025-08-23,01:39,53,hyperpop,BodyPartz,2021-05-29,60,4,57,52,10,30,-6,G Minor,4,5QVUnUD20mRBaa3JVpkXk8,USAT22102503,1
1068,Pose (feat. Megan Thee Stallion & Lil Uzi Vert),"Yo Gotti,Megan Thee Stallion,Lil Uzi Vert",120,3A,73,2025-08-23,03:46,53,"southern hip hop, melodic rap, rage rap",Pose (feat. Megan Thee Stallion & Lil Uzi Vert),2019-10-18,92,0,0,44,20,10,-4,A#/B♭ Minor,4,57ciWTOKgrXVBxktMJyUB1,USSM11912682,1
1071,one of the ones,Maggie Lindemann,160,4A,83,2025-09-01,02:05,41,,one of the ones,2025-07-25,66,1,0,78,30,10,-6,F Minor,4,1ZhIg3jw9SDUAwUCtGiPnk,USA2P2530664,1
1075,Night Drive,hxnry,143,3B,58,2025-09-06,02:57,0,dark r&b,Night Drive,2019-02-22,52,12,0,32,10,20,-8,C♯/D♭ Major,4,5JBw6y15GRwYkJY0sLY9jt,GBKPL1934533,1
1076,Turn Heads,"Dem Franchize Boyz,Lloyd",83,9B,52,2025-09-07,04:20,67,"crunk, southern hip hop, r&b","Our World, Our Way",2008-09-30,76,8,0,41,10,10,-9,G Major,4,7uVg9fXqAPpRo7kdoYLKjA,USKO10801541,1
1078,COCAINE NOSE,Playboi Carti,140,3B,70,2025-09-11,02:31,66,rage rap,MUSIC,2025-03-14,57,3,0,33,0,60,-6,C♯/D♭ Major,4,4rXxjHSAglOynjIF8Z34dx,USUM72414863,1
1079,My Humps,Black Eyed Peas,124,12A,68,2025-09-12,05:26,79,,Monkey Business,2005-01-01,80,11,0,59,20,10,-6,C♯/D♭ Minor,4,20jYtEun4dUdYZ9foaOC48,USIR10500771,1
1082,all yours,"jnhygs,kyszenn",127,12A,59,2025-09-14,01:33,29,"jersey club, hyperpop",all yours,2025-09-12,53,0,2,14,0,20,-7,C♯/D♭ Minor,4,0joF1B3PMRTbbFwbUUbwC7,QZS7J2580010,1
1083,Too Much,Dove Cameron,135,3B,82,2025-09-16,02:51,73,,Too Much,2025-02-21,72,2,0,61,0,0,-5,C♯/D♭ Major,4,6lKSOnC9iLGDonypMgvGrm,USQX92500678,1
1085,Split,Yeat,141,11A,59,2025-09-19,02:23,61,rage rap,AftërLyfe,2023-02-24,71,0,1,60,20,30,-10,F#/G♭ Minor,4,3HqGDrSOZ6LbBfX5EsiaAj,USUM72302108,1
1086,Innit,"BunnaB,YKNIECE",155,10B,66,2025-09-19,02:47,58,,Innit,2025-05-22,81,0,0,52,10,0,-6,D Major,4,5MfuImDGMP0PnjREYTIIfm,QZZ4J2500222,1
1087,WHATCHU KNO ABOUT ME (feat. Sexyy Red),"GloRilla,Sexyy Red",167,3B,68,2025-09-19,02:29,76,,GLORIOUS,2024-10-11,83,0,0,68,30,20,-5,C♯/D♭ Major,4,5xeSd4HgzrYpNLEf3LfYLK,USUM72411015,1
1088,Yeah Glo!,GloRilla,148,10A,66,2025-09-19,02:22,72,,Ehhthang Ehhthang,2024-04-05,89,2,0,18,30,10,-5,B Minor,4,5A8xI7PN4WDe9e61xEdt94,USUM72400409,1
1089,where's my head at _,"Basement Jaxx,100 gecs",153,4B,86,2025-09-19,02:32,67,"big beat, hyperpop, glitch",where's my head at _,2023-11-14,62,5,0,47,10,30,-1,G#/A♭ Major,4,1hJN8hZvzEvOvqX32jSSrw,GBBKS2300296,1
1090,Young Black & Rich,Melly Mike,130,3B,51,2025-09-20,02:35,71,,Young Black & Rich,2025-08-26,39,0,0,21,10,10,-15,C♯/D♭ Major,4,1qIueMVIr9QzGQ2TLZtpjb,QZMEP2444086,1
1091,SLIDE,Chase Atlantic,140,2A,60,2025-09-23,03:55,64,,BEAUTY IN DEATH,2021-03-05,56,0,0,20,0,10,-5,D#/E♭ Minor,4,1p3RpKfSJQcVTEwrQWr8q7,US5262023875,1
1093,BEAUTY IN DEATH,Chase Atlantic,110,10A,82,2025-09-26,04:24,57,,BEAUTY IN DEATH,2021-03-05,64,0,0,32,0,10,-5,B Minor,4,7w5z1zkYX9QzDGRaVyZ9Fr,US5262023883,1
1094,CALL ME BACK,Chase Atlantic,96,2B,72,2025-09-26,04:05,59,,BEAUTY IN DEATH,2021-03-05,69,1,0,35,0,0,-4,F#/G♭ Major,4,22aE8zIZUJXegctyP0KEA3,US5262023882,1
1095,Eat It,Megan Thee Stallion,138,3A,67,2025-09-28,02:49,56,,Something for Thee Hotties,2021-10-29,84,5,0,56,20,20,-6,A#/B♭ Minor,4,4V5Dv8IjHNTk2YJzU9vgsW,QMCE32100932,1
1096,Problem Solver,Tbam,147,1A,68,2025-10-05,01:45,26,,Skeebambino 2,2017-11-10,80,20,0,63,20,20,-6,G#/A♭ Minor,4,5AeQMLKOq7t95hr0FuMq8O,TCADI1772083,1
1097,OUT THE ROOF,Chase Atlantic,147,10B,74,2025-10-06,03:15,51,,BEAUTY IN DEATH,2021-03-05,75,3,0,60,10,10,-7,D Major,4,4RXbIkOPskkTZF1OA2moYu,US5262023770,1
1098,Buzzin Remix - Remix,"Mann,50 Cent",104,3A,94,2025-10-06,03:44,48,"old school hip hop, east coast hip hop",Buzzin Remix,2010-01-01,72,12,0,56,10,30,-4,A#/B♭ Minor,4,3BJ8SjJ2TeMxmTDPeC8yaZ,USUM71029293,1
1099,Ayo Technology,"50 Cent,Justin Timberlake,Timbaland",140,1A,78,2025-10-09,04:07,14,"old school hip hop, east coast hip hop, ",Curtis,2007-01-01,63,8,0,42,10,0,-5,G#/A♭ Minor,4,6kfQDanT6Buh4Wu73ghbav,USUM70735445,1
1100,BURN THE WITCH,"PVRIS,Tommy Genesis,Alice Longyu Gao",100,11B,88,2025-10-09,02:55,46,hyperpop,BURN THE WITCH,2024-02-16,71,0,8,55,0,0,-4,A Major,4,4Ne4UbfqgXcBdIsYHjvR6y,USHR22416001,1
1101,Teach Me How to Dougie,Cali Swag District,85,1B,44,2025-10-11,03:57,74,,The Kickback,2011-07-12,85,20,0,51,10,0,-5,B Major,4,61LtVmmkGr8P9I2tSPvdpf,TCABH1281752,1
1104,I WANT YOU,Shaker,77,12B,69,2025-10-18,02:01,40,"dark r&b, trap soul",I WANT YOU,2025-10-17,62,2,0,25,0,10,-4,E Major,4,0QXZflFjZD9X2OzzLinU67,QT3FA2550158,1
1105,Outrageous,Britney Spears,105,9B,66,2025-10-18,03:21,62,pop,In The Zone,2003-11-13,83,4,0,85,0,10,-6,G Major,4,2vPCRs3g0vdLU8sHlAEytO,USJI10301006,1
1108,JENNIFER'S BODY,"PLVTINUM,Chris Grey,Dutch Melrose",137,4A,73,2025-10-19,02:35,59,dark r&b,JENNIFER'S BODY,2023-10-27,58,4,0,54,0,60,-6,F Minor,4,2D9L5TClD7KrBivrTJYB0Z,QZZ662311493,1
1109,COFFIN,PLVTINUM,153,2B,88,2025-10-19,01:42,53,dark r&b,"IF THERE IS A GOD, IT'S ME",2023-02-03,75,8,0,59,20,20,-6,F#/G♭ Major,4,4F5kOAG106Avx0NcnBD9hf,QZNJX2148674,1
1115,How Bad,Asal,156,3B,67,2025-10-28,02:24,52,,Missing Something,2024-08-02,60,1,0,13,0,10,-8,C♯/D♭ Major,4,4jSVjJIs2TsuNL7Oj8hQMA,TLVEM2436487,1
1116,Sticky Rice,"Lil Gnar,MadeinTYO,Germ",115,4A,79,2025-10-30,03:25,58,"melodic rap, horrorcore, trap metal, emo rap",Sticky Rice,2018-06-05,73,1,0,85,10,30,-8,F Minor,4,2zXkELHmggcgtoHUspOSFC,USJ3V2163145,1
1117,Up,Asal,154,3A,72,2025-10-30,01:39,41,,Missing Something,2024-08-02,58,0,0,21,0,20,-8,A#/B♭ Minor,4,0GdKv3hB3RFkTPvVJaGdSI,TLVEM2436489,1
1118,Cards,Doja Cat,110,1A,66,2025-11-01,03:43,64,,Vie,2025-09-26,87,11,0,56,0,30,-4,G#/A♭ Minor,4,3C5yxZTCcDOi4pnFEnKJdC,USRC12501793,1
1119,NIGHTMARE,WesGhost,165,9A,94,2025-11-02,02:43,52,,NIGHTMARE,2025-10-31,48,0,0,39,0,20,-3,E Minor,4,4exIv50omXDRy4TrhOU3H7,USQX92505518,1
1121,STARTAFIGHT,Joey Valence & Brae,148,9B,95,2025-11-10,03:07,63,,PUNK TACTICS,2023-09-08,69,3,0,48,10,10,-1,G Major,4,0MnJ73xPk7rQDw0lIu8kBh,TCAGG2294432,1
1122,La Romana,"Bad Bunny,El Alfa",126,8B,73,2025-11-16,05:00,78,"reggaeton, trap latino, latin, urbano latino, dembow",X 100PRE,2018-12-23,65,3,0,33,10,0,-5,C Major,4,1khmgu0pveJbkbpbkyvcQv,QM7281884731,1
1123,Likey Likey,Young Miko,134,4B,42,2025-11-18,02:25,60,trap latino,Likey Likey,2025-10-24,83,43,0,33,0,10,-7,G#/A♭ Major,4,7xRvTyw9hlpyLtQZ16K0PU,QZXD92300179,1
1124,Sequência da Botação,"DJ Ryder,Dj Dudu Coupper,Mc Gw,DJ Victor Falcão",135,10B,92,2025-11-18,02:25,67,"agronejo, funk bruxaria, brazilian funk, funk de bh, phonk, brazilian phonk, funk carioca, brega funk",Sequência da Botação,2025-03-21,85,27,11,85,20,60,-1,D Major,4,6XX6DTK8eugxgZqmlwcvkG,US3DF2524746,1
1127,aromat,gotlibgotlibgotlib,95,3A,43,2025-11-18,01:19,58,,aromat,2025-08-15,77,6,0,27,20,30,-6,A#/B♭ Minor,4,5R7rlvOCZj7JvhHZPxilbZ,RUAGT2551448,1
1128,Hardest Ese Ever,That Mexican OT,138,9B,60,2025-11-18,02:38,69,,Hardest Ese Ever,2021-12-31,88,7,0,73,40,10,-9,G Major,4,3xm1puvbLw7uDKiYwEG64Y,US6YF2400031,1
1129,Matte Black,$uicideboy$,75,3A,83,2025-11-18,03:58,74,"emo rap, horrorcore, cloud rap, trap metal, underground hip hop","Sing Me a Lullaby, My Sweet Temptation",2022-07-29,88,12,0,81,20,10,-4,A#/B♭ Minor,4,0hPRWztAIbNkt6GcFcLiqF,QZAPK2000269,1
1130,A Lonely Night,The Weeknd,114,6A,66,2025-11-24,03:40,65,,Starboy,2016-11-25,85,4,0,86,0,0,-7,G Minor,4,0ifooM33X1iBxVYyOkSbXW,USUG11601006,1
1132,Car Crash,IDLES,70,5B,81,2025-12-03,03:53,25,"post-punk, punk",CRAWLER,2021-11-12,50,0,69,51,0,20,-7,D#/E♭ Major,4,0kFEIHEFxd97rrYDGrLIzp,USBQU2100064,1
1133,Dancer,"IDLES,LCD Soundsystem",141,2A,85,2025-12-03,03:09,37,"post-punk, punk, alternative dance, new rave",TANGK,2024-02-16,60,1,0,60,0,30,-6,D#/E♭ Minor,4,4DFNObEEasMJXtgC36kA15,USBQU2300133,1
1134,Never Fight A Man With A Perm,IDLES,156,11B,94,2025-12-03,03:48,39,"post-punk, punk",Joy as an Act of Resistance.,2018-08-31,25,0,0,22,10,10,-5,A Major,4,3tMEkh9YL58IWIEDtKSHfa,USBQU1800062,1
1135,Gift Horse,IDLES,143,4A,84,2025-12-03,04:09,34,"post-punk, punk",TANGK,2024-02-16,67,0,29,38,0,10,-6,F Minor,4,0CwZmgK3eS2XHNidLAr80k,USBQU2300129,1
1136,Don’t Stop (feat. Young Thug),"Megan Thee Stallion,Young Thug",138,10B,76,2025-12-04,03:07,55,"rap, trap, melodic rap",Don’t Stop (feat. Young Thug),2020-10-02,93,0,0,54,10,10,-3,D Major,4,3yv7994DWTEk3ihwy75YBQ,QMCE32000541,1
1137,10s,"Khim,limba",138,8A,63,2025-12-06,02:20,63,"phonk, ",10s,2025-11-21,93,4,0,76,0,0,-4,A Minor,4,1UmjJwP1jpPWmDfR2Tebvn,DGA072561484,1
1138,The New Sensation,IDLES,89,11A,82,2025-12-06,04:13,18,"post-punk, punk",CRAWLER,2021-11-12,64,1,2,64,0,10,-6,F#/G♭ Minor,4,41UfSlihKZ6slKSo8iEYzs,USBQU2100065,1
1139,Colossus,IDLES,128,8B,88,2025-12-06,05:39,28,"post-punk, punk",Joy as an Act of Resistance.,2018-08-31,34,0,0,25,0,30,-6,C Major,4,1LlKUhPQK1lQqXDemZ80lB,USBQU1800052,1
1140,NOW OR NEVER,"Tkandz,CXSPER",140,12A,78,2025-12-08,02:03,84,,NOW OR NEVER,2025-09-15,80,37,0,81,0,40,-5,C♯/D♭ Minor,4,4fUK2q5ERoi97E3g2kwB8c,USAT22508610,1
1141,Mystical Magical,Benson Boone,120,1B,70,2025-12-08,02:45,79,,Mystical Magical,2025-04-24,67,19,0,85,10,30,-4,B Major,4,221eHga9f9Ne4f8D7WVgPT,USWB12500844,1
1142,Wanted Man,Benson Boone,136,7A,75,2025-12-12,02:55,62,,American Heart,2025-06-20,63,1,0,49,0,30,-4,D Minor,4,3HBJNBuAHKhQXcQ8nnVvXX,USWB12500847,1
1143,Victory Lap Five,"Fred again..,Skepta,PlaqueBoyMax,Denzel Curry,Hanumankind,That Mexican OT,D Double E,LYNY",140,4B,81,2025-12-13,05:44,69,"stutter house, house, edm, grime, uk grime, malayalam hip hop, desi hip hop, drum and bass, bass music",Victory Lap,2025-07-09,86,26,0,57,0,0,-2,G#/A♭ Major,4,234SaqlzLfKAsE6gsmvMnR,GBAHS2500690,1
1144,GREY+GREY+GREY,$uicideboy$,145,3B,92,2025-12-13,02:40,63,"emo rap, horrorcore, cloud rap, trap metal, underground hip hop",THY KINGDOM COME,2025-08-01,74,0,0,47,20,10,-3,C♯/D♭ Major,4,7wEs4bYaStkU6SsLZWaXH0,QZAPK2000702,1
1145,GET NAKED,DC THE DON,115,3B,38,2025-12-15,02:06,71,"rage rap, melodic rap",GET NAKED,2025-05-16,82,7,0,20,40,10,-11,C♯/D♭ Major,4,69TzPRfWMOoGywNFxNLCRJ,CA5KR2531836,1
1146,So Far So Fake,Pierce The Veil,125,7A,90,2025-12-15,03:56,81,"emo, screamo, post-hardcore",The Jaws Of Life,2023-02-10,50,0,0,37,0,10,-4,D Minor,4,3fWibgdtgIie6LKTZ2rUoI,US5262224930,1
1147,Fancy Footwork,Chromeo,130,4A,90,2025-12-16,03:18,64,"nu disco, alternative dance",Fancy Footwork,2007-07-30,69,1,4,65,0,10,-3,F Minor,4,52VaYLDBhX5vNd8taZxA1R,DEG931910842,1
1148,Gypsy Woman (She's Homeless) (La Da Dee La Da Da) - Radio Edit,Crystal Waters,120,7A,75,2025-12-16,03:37,63,,Music For Girls Night Out,2007-01-01,49,2,0,54,0,0,-9,D Minor,4,4UJ1AKSbXAbPlPVFe66wK7,USPR39102713,1
1149,Lady - Hear Me Tonight,Modjo,126,2B,81,2025-12-16,05:07,85,"french house, disco house",Modjo (Remastered),2001-00-00,72,1,3,87,0,0,-6,F#/G♭ Major,4,49X0LAl6faAusYq02PRAY6,FR9W10100535,1
1150,СВЕТЛАНА!,NEXTIME,125,4A,69,2025-12-21,01:36,72,,СВЕТЛАНА!,2025-11-21,79,3,0,91,0,70,-5,F Minor,4,6glptAOL1GSNQ1kZdWEVjj,RUAGW2510192,2
1152,Наследство,"Icegergert,SKY RAE",83,1B,72,2025-12-21,02:10,65,,Наследство,2025-04-25,86,7,0,59,20,10,-4,B Major,4,5XIoRdNKbhG3uFDB0UXWuw,FRX202542372,1
1153,Nah,Snow Tha Product,140,4B,73,2025-12-21,01:44,46,"latin hip hop, mexican hip hop",Nah,2024-05-24,92,68,0,56,10,10,-9,G#/A♭ Major,4,6akyUXf5B2pOpuN0xA50zc,TCAIG2474957,1
1154,On My Shit (Freestyle),Snow Tha Product,130,1B,72,2025-12-21,02:31,54,"latin hip hop, mexican hip hop",On My Shit (Freestyle),2020-07-07,91,14,0,35,10,10,-7,B Major,4,5BuJkAEkLBhT7BdEm21Rpz,TCAEZ2045013,1
1155,大展鴻圖(Blueprint Supreme),"攬佬SKAI ISYOURGOD,AR刘夫阳",176,3B,76,2025-12-24,03:32,71,chinese hip hop,八方來財(Stacks from All Sides),2024-08-20,64,1,0,18,10,30,-7,C♯/D♭ Major,4,0hEWvzkgbI301JZj947gFz,HKE022272925,1
1156,COMË N GO,Yeat,145,8A,59,2025-12-24,03:18,83,rage rap,DANGEROUS SUMMER,2025-08-01,90,6,0,30,0,10,-6,A Minor,4,2mNGL7mZILSqZHxGboJaO9,USUM72508238,1
1157,Breathe,The Prodigy,130,11B,81,2025-12-26,05:36,72,"big beat, breakbeat",The Fat of the Land,1997-06-30,67,1,88,30,0,0,-6,A Major,4,0Ja4hLKiUSw01E01pJ1yGr,GBBKS9700074,1
1158,Cannonball (feat. Don Toliver),"Lithe,Don Toliver",141,4B,31,2025-12-27,02:02,71,"dark r&b, ",Cannonball (feat. Don Toliver),2025-07-25,86,1,5,14,0,10,-8,G#/A♭ Major,4,57yu1WujridphAAkPgpkhC,USAT22505449,1
1159,SICKO MODE,Travis Scott,155,4B,73,2025-12-27,05:12,84,rap,ASTROWORLD,2018-08-03,83,1,0,45,20,10,-4,G#/A♭ Major,4,2xLMifQCjDGFmkHkpNLD9h,USSM11806660,1
1161,Mist,"EsDeeKid,Rico Ace",195,3B,54,2025-12-28,02:10,82,,Rebel,2025-06-20,65,0,1,65,10,10,-5,C♯/D♭ Major,4,2NLOyWzztMiW5FmNhD83K6,US38Y2546906,1
1162,2 Am,Che Ecru,101,9B,59,2025-12-28,04:45,44,"dark r&b, trap soul",buries,2017-04-30,78,6,0,5,0,10,-10,G Major,4,18yFxXa03KLyaFwH6c2VGB,QM24S1701256,1
1163,u don't have to tell me,Artemas,87,11A,71,2025-12-28,02:15,51,,LOVERCORE,2025-10-24,57,0,0,32,0,40,-5,F#/G♭ Minor,4,3hugwYy0UYSuqPNkckEQZT,QZJ842503748,1
1166,Megalomaniac (Single Mix),KMFDM,128,9B,98,2025-12-31,04:19,58,"industrial, industrial metal, industrial rock, ebm",EXTRA Volume 3,2008-10-07,60,0,75,53,0,10,-6,G Major,4,68mv3vzBHpK3JzLYyGHXgQ,US57M0857019,1
1170,Machinehead - Remastered 2014,Bush,172,11B,92,2026-01-02,04:16,72,"grunge, post-grunge",Sixteen Stone (Remastered),1994-12-06,14,0,1,19,10,10,-4,A Major,3,1wrhhPzd2ncJPNgUcGgBGg,QM7YK1400021,1
1171,SINS (with Sueco & WesGhost),"Red Leather,Sueco,WesGhost",88,6A,73,2026-01-03,03:52,58,,RENO (ALL IN),2025-07-18,60,13,0,61,0,0,-4,G Minor,4,4Uz0FQiuSILrxnDHRcoqun,USUYG1734401,1
1172,Until,Glitterer,160,9A,74,2026-01-05,02:30,33,shoegaze,erer,2025-11-21,32,0,0,65,0,20,-6,E Minor,4,2P1OSvNVEwIPlLHUTmxnjS,QT3EY2532647,1
1175,Hey Ya!,Outkast,80,9A,97,2026-01-12,03:55,86,"southern hip hop, hip hop",Speakerboxxx/The Love Below,2003-00-00,73,10,0,97,0,10,-2,E Minor,4,2PpruBYCo4H7WOBJ7Q2EwM,USAR10300924,1
1176,"So Fresh, So Clean",Outkast,166,4A,64,2026-01-12,04:00,77,"southern hip hop, hip hop",Stankonia,2000-10-31,73,3,0,92,30,10,-8,F Minor,3,6glsMWIMIxQ4BedzLqGVi4,USLF20000433,1
1178,Ms. Jackson,Outkast,95,9A,81,2026-01-12,04:30,85,"southern hip hop, hip hop",Stankonia,2000-10-31,84,14,0,61,20,0,-6,E Minor,4,0I3q5fE6wg7LIfHGngUTnV,USLF20000357,1
1181,I've Been Waiting (w/ ILoveMakonnen & Fall Out Boy),"Lil Peep,ILOVEMAKONNEN,Fall Out Boy",130,4A,85,2026-01-14,03:53,61,"emo rap, cloud rap, emo, pop punk",I've Been Waiting (w/ ILoveMakonnen & Fall Out Boy),2019-01-31,74,15,0,93,0,10,-4,F Minor,4,2v5JTeM6hSmi5wWy7jiwrI,USQX91900290,1
1182,PRICE OF FAME,Brent Faiyaz,71,11B,37,2026-01-14,06:19,49,r&b,PRICE OF FAME,2022-06-24,43,13,0,17,0,10,-10,A Major,4,1RR29QADKP8ygptqTDdHSH,QM24S2203184,1
1183,ALL MINE,Brent Faiyaz,142,11B,38,2026-01-15,03:36,79,r&b,WASTELAND,2022-07-08,62,43,0,22,0,10,-9,A Major,4,3XgGQ1wjo5khvq2UImjyNF,QM24S2203185,1
1184,ROLE MODEL,Brent Faiyaz,90,3A,54,2026-01-16,03:14,73,r&b,WASTELAND,2022-07-08,61,3,0,34,0,10,-8,A#/B♭ Minor,4,1wGpEisE7VmhhSazD8hZ5l,QM24S2203178,1
1185,Runaway,Bon Jovi,152,8A,90,2026-01-17,03:50,77,glam metal,Bon Jovi,1984-01-23,48,0,0,60,0,10,-4,A Minor,4,0X1sqQ652p1sceKM2nJlIJ,USPR39402231,1
1186,light,"ptasinski,RJ Pasin",100,1A,68,2026-01-17,01:31,60,phonk,agape,2025-10-09,57,19,91,18,0,20,-8,G#/A♭ Minor,4,6GCUJrEDnaYK95AEoUaqBi,CA5KR2600023,1
1188,Deli,Ice Spice,140,3B,77,2026-01-17,02:06,70,,Like..? (Deluxe),2023-07-21,79,12,0,26,10,10,-6,C♯/D♭ Major,4,5JYPXqMwYc0zTODQdjMEZN,USUG12306323,1
1189,Countin' Up,Rico Nasty,96,3B,85,2026-01-17,02:30,45,,Nasty,2018-06-15,89,2,0,76,20,0,-5,C♯/D♭ Major,4,6UFG7GbMAeeMijEyrp6f1D,USAT21802215,1
1190,Hall & Oates,IDLES,152,12A,87,2026-01-18,02:23,19,"post-punk, punk",TANGK,2024-02-16,44,0,0,37,0,0,-5,C♯/D♭ Minor,4,0OXXyvXpIVATItV6mbduyE,USBQU2300135,1
1191,Flamin’ Hottie,Megan Thee Stallion,127,9B,80,2026-01-22,01:48,53,,Flamin’ Hottie,2022-02-04,94,3,0,95,20,10,-4,G Major,4,3ZJmjmUTRCBA3UjNbFU5Ui,QMCE32200125,1
1193,Trunks,A$AP Rocky,144,10B,72,2026-01-24,03:43,63,rap,Highest 2 Lowest (Original Soundtrack),2025-08-15,83,2,0,34,0,30,-4,D Major,4,1GcV3QOYG2rpRYwumBZD6q,USRC12500969,1
1196,The Weekend,"88rising,BIBI",101,3B,52,2026-02-11,02:47,0,"k-pop, k-rap",The Weekend,2021-10-14,78,6,0,82,0,10,-6,C♯/D♭ Major,4,5q3LwAHTqo9d3rET2EA9Nq,USWB12103706,1
1197,We Own It (Fast & Furious),"2 Chainz,Wiz Khalifa",172,12A,90,2026-02-11,03:47,72,"southern hip hop, rap, ",B.O.A.T.S. II #METIME (Deluxe),2013-01-01,56,5,0,56,40,0,-5,C♯/D♭ Minor,4,2OQJKTtrH482waGFmOfJni,USUM71305173,1
1198,West Coast (80s Ver.),GABRIELLA RAELYN,138,11A,51,2026-02-12,03:11,0,,West Coast (80s Ver.),2021-04-09,55,18,0,73,0,10,-13,F#/G♭ Minor,4,0Y0hNSm0O3mKVPMvQI7ZG0,QZES72111236,1
1204,Dangerous,"Kardinal Offishall,Akon",117,4B,79,2026-02-12,04:06,81,,Not 4 Sale,2008-01-01,95,0,0,81,0,0,-6,G#/A♭ Major,4,4NOZ35Dhucr6UlVyLOtktd,USUM70830921,1
1206,Bitch Came Back,Theory of a Deadman,130,12A,88,2026-02-17,03:39,61,"post-grunge, alternative metal",The Truth Is... (Special Edition),2011-07-08,58,0,0,61,0,30,-4,C♯/D♭ Minor,4,6kp8F9FpHXzjga2MeRDSG8,NLA321191095,1
1207,MONACO,Bad Bunny,139,9A,62,2026-02-19,04:27,87,"reggaeton, trap latino, latin, urbano latino",nadie sabe lo que va a pasar mañana,2023-10-13,79,15,0,13,0,50,-5,E Minor,4,4MjDJD8cW7iVeWInc2Bdyj,QMFME2364182,1
1208,theclubrock,Benny Bellson,118,12B,49,2026-02-19,02:02,76,,theclubrock,2025-08-17,69,1,36,43,0,40,-7,E Major,4,31SF2unE1SZ51m4O11isG9,QZZ762575330,1
1212,BOAT,Trim,154,4B,38,2026-02-21,03:27,70,,BOAT,2025-11-28,85,16,0,75,50,0,-15,G#/A♭ Major,4,3saKLLmgDVjgojwm3HB45i,CH7812554863,1
1214,TRUMP THE BILL,SUNSHINE BENZI,97,3A,36,2026-02-22,01:31,50,,TRUMP THE BILL,2025-11-21,88,18,14,55,40,10,-12,A#/B♭ Minor,4,1p3WnvhSwOBEhVHyMlPF5I,QT6F22568026,1
1215,Патрики,Nasty Babe,92,6A,87,2026-02-24,01:49,66,,Патрики,2025-12-26,81,3,0,81,30,0,-3,G Minor,4,4I9DfitLvtuzdJRftYvcBM,AEA3P2502043,1
1217,Mimosa 2000 - Slowed,"Funk The World,High and Low HITS,Furacão 2000",105,9B,59,2026-02-25,02:48,52,"funk melody, miami bass, funk carioca, brazilian funk",Mimosa 2000 (Slowed),2025-09-30,86,1,1,66,10,0,-4,G Major,4,0Y1wKPSflpo66EDDHZW2zS,BRFUP2500002,1
1218,Maui Wowie,Kid Cudi,123,2B,64,2026-02-25,02:23,78,,A Kid Named Cudi,2022-07-15,82,18,0,61,0,10,-7,F#/G♭ Major,4,0Hnm7mnmqOLCIgvbMpM4Ev,USUM72213188,1
1219,Jerk,Oliver Tree,160,8A,71,2026-02-26,02:15,65,,Ugly is Beautiful,2020-07-17,52,3,0,30,0,20,-4,A Minor,4,065bY5WrLvI3NN9VCK0QLe,USAT22003722,1
1220,TRUMP THE BILL (TRIM EDITION),"SUNSHINE BENZI,Trim",97,3A,33,2026-02-26,02:31,58,,TRUMP THE BILL,2025-12-19,86,11,0,54,30,60,-15,A#/B♭ Minor,4,2YlSDImVqwDdCb6gqxy9Zt,QT6G32555486,1
1221,ATE MY HEART,SEVEN XTC,110,11A,81,2026-02-27,01:53,43,hyperpop,ATE MY HEART,2023-01-20,53,0,0,32,10,30,-6,F#/G♭ Minor,4,6UPbFekSrKXwCiQ8qWBLwS,QZMHL2384480,1
1222,Pink Panther,Otismadeit,127,4B,50,2026-02-27,02:04,55,,Pink Panther,2024-12-06,81,17,1,23,10,10,-11,G#/A♭ Major,4,56F6pbnAFsVAXgGtUBEufl,QZZ7T2475320,1
1223,"ГРИНГО - prod. by magluziano, thiszoowe",EVASHA,170,3B,45,2026-02-27,01:39,35,,"ГРИНГО (prod. by magluziano, thiszoowe)",2026-02-20,72,2,0,54,20,10,-9,C♯/D♭ Major,4,6towXv6E9QG879Iggw7TLJ,AEA3P2602824,1
1224,Tapout,"Rich Gang,Lil Wayne,Birdman,Mack Maine,Nicki Minaj,Future",142,4B,58,2026-02-28,04:44,68,"rap, hip hop, southern hip hop",Rich Gang (Deluxe Version),2013-01-01,76,3,0,29,10,10,-5,G#/A♭ Major,4,39z2CyYexbcwgD0pEeUUeu,USCM51300283,1
1226,Hasta Cuando,Kali Uchis,91,3A,65,2026-03-02,02:09,67,,Red Moon In Venus,2023-03-03,65,13,0,38,10,10,-8,A#/B♭ Minor,4,4ipzXe2jmoeN7zm2VMb4eX,USUM72219481,1
1227,Gucci Gucci,Kreayshawn,78,3A,92,2026-03-02,03:07,64,,Somethin 'Bout Kreay,2012-09-14,71,17,0,90,0,90,-3,A#/B♭ Minor,4,1ea97AUSazu2QZw9BnHJqK,USSM11103319,1
1228,Hot Stuff - 12  Version,Donna Summer,120,8B,89,2026-03-04,06:47,66,"disco, hi-nrg",Bad Girls (Deluxe Edition),1979-04-25,80,0,2,97,0,0,-8,C Major,4,2Vnw8zKmjhr1jczUeaqiQg,USPR37900068,1
1230,Cali Man,"EsDeeKid,Rico Ace",195,11B,83,2026-03-04,01:48,67,,Cali Man,2025-06-19,71,0,0,40,20,20,-4,A Major,4,0ULW0KJtSlQgJ3AilE0iLP,US38Y2546739,1
1231,Dani California,Red Hot Chili Peppers,96,8B,91,2026-03-04,04:42,83,"funk rock, alternative rock, rock",Stadium Arcadium,2006-05-09,56,2,0,73,0,30,-2,C Major,4,10Nmj3JCNoMeBQ87uw5j8k,USWB10600700,1
1232,UH HUH!,AMARNI,167,8A,66,2026-03-05,02:32,54,,UH HUH!,2025-11-21,80,34,0,75,30,30,-9,A Minor,4,7BEfgRKgGxXZWo3Fx7idIX,GXJ8K2579698,1
1233,tolerance,Asal,97,10A,52,2026-03-06,03:13,68,,tolerance,2025-07-25,64,6,0,27,0,0,-9,B Minor,4,6hCHlNGUPq5nAUSVPGPEhT,QT4K52562072,1
1234,Made It On Our Own,"Yeat,EsDeeKid",132,5A,79,2026-03-07,02:49,75,"rage rap, ",Made It On Our Own,2026-02-27,72,1,0,39,0,10,-6,C Minor,4,13Z2JpNwN54a5WXacGYtLs,USUM72601294,1
1235,アニョハセヨ,"Yuki Chiba,Lil Moshpit",150,10B,89,2026-03-07,01:56,64,"j-rap, k-rap",アニョハセヨ,2026-01-28,72,3,0,54,0,10,-4,D Major,4,79o6CP5pgfHARPPXRHOcBN,JPWP02600096,1
1236,Because The Night,"The Midnight,Nikki Flores",118,10A,57,2026-03-11,03:36,39,"synthwave, vaporwave, synthpop, chillwave",Horror Show,2021-03-19,72,34,0,53,0,10,-8,B Minor,4,32xJ7Ays4uyxMuZFxfH0Zj,GBCFB2000577,1
1242,Diamonds On My Mind,Eli Brown,136,10B,85,2026-03-14,02:48,58,"techno, tech house",Diamonds On My Mind,2023-08-25,73,1,1,78,10,0,-5,D Major,4,5AWGyFvWNof3Knq7QrN3jD,GBUM72307390,1
1243,BODY,Shaker,103,3A,55,2026-03-16,02:25,23,"dark r&b, trap soul",THE VOID,2024-01-12,69,1,0,57,0,20,-8,A#/B♭ Minor,4,4qpZkCziXSGD7neg4kgyKh,QZZ662402646,1
1244,Strut,"Ayanna Ife,ZEDDY WILL,Jenn Carter",105,4B,35,2026-03-18,02:53,74,"jersey club, new york drill, drill, brooklyn drill, sexy drill",Strut,2025-11-21,84,32,0,26,10,10,-14,G#/A♭ Major,4,0KpIXnC0uUnlGZDhwISGzc,QZS7J2584664,1
1246,Розовое вино,"Eldzhey,FEDUK",115,3A,72,2026-03-22,04:06,67,,Розовое вино,2017-08-04,83,32,0,33,0,10,-5,A#/B♭ Minor,4,2gcFOhxQOqAx1OABnxvUZ4,RUA582001727,1
1247,Where Them Girls At,Megan Thee Stallion,144,1A,64,2026-03-22,03:11,63,,MEGAN,2024-06-28,82,2,0,43,10,0,-4,G#/A♭ Minor,4,2OUK5td58k4BV2GvFdfdzr,USAT22405473,1
1248,None Of Ur Friends Business,Ginuwine,99,8A,41,2026-03-23,06:05,69,r&b,100% Ginuwine,1999-03-15,83,24,0,56,20,60,-11,A Minor,4,6t8JpJtI0PgVRSuMDGWZlH,USSM19805468,1
1249,Keep On Steppin (feat. Big Boogie),"Mike Clark Jr,Big Boogie",115,3A,71,2026-03-24,02:51,65,"zydeco, ",Keep On Steppin: Big Stepper Edition,2025-08-27,85,4,0,66,0,20,-6,A#/B♭ Minor,4,6VD06GxKfueiiXqY5Zppot,USAT22506378,1
1251,DO IT AGAIN,Ellisar,134,3B,65,2026-03-31,02:57,52,,DO IT AGAIN,2025-11-21,66,13,0,59,0,0,-7,C♯/D♭ Major,4,6D02qjT7PecigkitLKc5Jy,QT6EY2517391,1
1252,Sweet Child O' Mine,Guns N' Roses,125,2B,95,2026-03-31,05:56,90,"rock, glam metal, hard rock, classic rock",Appetite For Destruction,1987-07-21,45,9,8,62,0,10,-5,F#/G♭ Major,4,7snQQk1zcKl8gZ92AnueZW,USGF18714809,1
1253,Complicated,Avril Lavigne,78,7B,78,2026-04-02,04:04,86,,Let Go,2002-06-04,59,6,0,43,0,30,-6,F Major,4,5xEM5hIgJ1jjgcEBfpkt2F,USAR10200223,1
1256,wanted,zip12,160,6B,52,2026-04-03,01:19,59,,seen this angel,2025-03-28,51,0,50,31,0,10,-7,A#/B♭ Major,4,39IRBV1WXq8hAvxpXsKW5y,RUA1D2546834,1
1257,POSER,"PARTYOF2,Jadagrace,SWIM",152,10B,68,2026-04-03,02:23,64,,we owe you an explanation,2025-03-14,77,54,0,40,30,10,-7,D Major,4,13nMWX9yA13HoDvnQgmgSn,USUM72501522,1
1258,Невыносимо,Nola,115,4A,90,2026-04-05,03:00,0,,Невыносимо,2021-01-27,64,2,0,95,0,10,-4,F Minor,4,0kA0dG06KEIrCIO9sRZEb3,RUB422100030,1
1260,Good Ones,Charli xcx,129,6A,67,2026-04-06,02:16,61,"hyperpop, art pop",CRASH,2022-03-18,76,7,0,79,0,0,-6,G Minor,4,2grSOc6HNTXQQXNoRKt9UM,GBAHS2100596,1
1261,Fuck Ups,$uicideboy$,128,3B,72,2026-04-10,04:40,67,"emo rap, horrorcore, cloud rap, trap metal, underground hip hop",THY WILL BE DONE,2025-12-25,80,1,0,12,0,10,-6,C♯/D♭ Major,4,5p70eFyCoZCTInBlsO0cS4,QZAPK2000730,1
1262,Body,Don Toliver,146,4B,48,2026-04-11,02:35,89,,OCTANE,2026-01-30,83,22,0,70,0,10,-4,G#/A♭ Major,4,0FlcmZ13DGRmscCroro9GO,USAT22600118,1
1263,Real Gone,Sheryl Crow,118,10A,79,2026-04-11,03:20,73,,Cars (Original Motion Picture Soundtrack),2006-01-01,61,0,0,81,0,0,-5,B Minor,4,45dGKmN6jw7PgK6Dw2rEp2,USWD10628831,2
1264,wgft (feat. Burna Boy),"Gunna,Burna Boy",89,10B,41,2026-04-11,03:04,80,"melodic rap, afrobeats, afrobeat, afropop, afroswing, dancehall, afropiano",wgft (feat. Burna Boy),2025-08-07,71,9,1,38,10,10,-8,D Major,4,4kCkgD1ITALBjzBwGsf6tW,USAT22505814,1
1265,Freakin’ Out,Dexter and The Moonrocks,124,9B,82,2026-04-12,03:37,87,,Freakin’ Out,2026-03-11,55,18,0,11,0,20,-5,G Major,4,2SaWT781xr3hHLdbVt5DB7,USUG12601719,1
1266,CHOKEHOLD,"WesGhost,Resentvul",125,8A,74,2026-04-13,02:52,58,horrorcore,CHOKEHOLD,2026-02-13,61,2,0,45,0,40,-5,A Minor,4,3RVm2BtwNTaOOyjDXwbvWE,USQX92600474,1
1268,Fever,"Buckshot,fakemink",115,8B,95,2026-04-22,02:24,83,cloud rap,Fever,2025-08-22,79,5,0,78,0,0,-2,C Major,4,09xhawlPUifhftf8zuie7w,QZZ792530204,1
1269,caroline,Artemas,74,5A,71,2026-04-22,02:56,65,,yustyna,2024-07-11,47,0,0,40,0,10,-5,C Minor,4,4moj13K6Q7bDIc0O4SKhU5,QZJ842401768,1
1270,Head Shot / Gas In The Truck,IShowSpeed,163,3B,68,2026-04-25,03:57,71,,Head Shot / Gas In The Truck,2025-07-16,46,0,0,36,0,10,-5,C♯/D♭ Major,4,369I51M6XDujuwDlj3GW6R,USWB12502593,1
1271,Oh Shhh,DreamDoll,97,3B,79,2026-04-25,01:33,41,,Life In Plastic 3,2022-09-23,90,3,0,65,20,20,-6,C♯/D♭ Major,4,2zn1bEnpBAxA9aJaEPleNT,USWB12105139,1
1273,LEGACY,PIXY,170,4A,88,2026-04-30,02:14,72,,LEGACY,2026-01-14,59,8,0,42,10,30,-1,F Minor,4,2jwpT2tPlP8HYVpFXfZMqM,CBEFB2502145,1
2,Rock And Roll All Nite,KISS,145,3B,93,2021-05-31,02:48,23,"glam rock, glam metal, hard rock, rock, classic rock",Dressed To Kill,1975-03-19,65,5,0,90,10,0,-6,C♯/D♭ Major,4,6KTv0Z8BmVqM7DPxbGzpVC,USPR37509157,1
3,We Are The Champions - Remastered 2011,Queen,64,6B,46,2021-05-31,02:59,76,"classic rock, rock, glam rock",News Of The World (2011 Remaster),1977-10-28,27,38,0,18,0,10,-7,A#/B♭ Major,4,1lCRw5FEZ1gPDNPzy1K4zW,GBUM71029619,1
4,Sweet Emotion,Aerosmith,99,11B,76,2021-05-31,04:34,6,"classic rock, rock",Toys In The Attic,1975-04-08,38,0,3,49,0,10,-11,A Major,4,24NwBd5vZ2CK8VOQVnqdxr,USSM19906482,1
6,Dirty Deeds Done Dirt Cheap,AC/DC,136,10A,91,2021-05-31,03:52,76,"rock, hard rock, classic rock, rock and roll",Dirty Deeds Done Dirt Cheap,1976-09-20,67,21,0,51,10,10,-5,B Minor,4,2d4e45fmUnguxh6yqC7gNT,AUAP07600046,1
7,Paradise City,Guns N' Roses,100,1B,95,2021-05-31,06:45,11,"rock, glam metal, hard rock, classic rock",Appetite For Destruction,1987-07-21,27,2,1,47,0,10,-9,B Major,4,3YBZIN3rekqsKxbJc9FZko,USGF18714806,1
11,Big Cheese,Nirvana,130,9A,95,2021-05-31,03:42,52,"grunge, rock",Bleach,1989-06-01,27,0,2,30,0,10,-7,E Minor,4,6ZYvlKKiccbtX1N0lJUonV,USSUB0983412,1
12,A Kind Of Magic - Remastered 2011,Queen,130,11B,78,2021-05-31,04:24,73,"classic rock, rock, glam rock",A Kind Of Magic (2011 Remaster),1986-06-02,67,2,0,70,0,10,-6,A Major,4,5RYLa5P4qweEAKq5U1gdcK,GBUM71029621,1
13,Flash - Single Version,Queen,108,9A,65,2021-05-31,02:48,50,"classic rock, rock, glam rock",Flash Gordon (Deluxe Edition 2011 Remaster),1980-12-05,48,19,2,21,10,10,-11,E Minor,4,5aswWmjJLHBSYFknQjegfg,GBUM71103537,1
14,I Want It All - Single Version,Queen,92,10A,85,2021-05-31,04:02,2,"classic rock, rock, glam rock",The Miracle (Deluxe Edition 2011 Remaster),1989-05-22,41,2,0,38,0,30,-6,B Minor,4,1MX6kqZ8FOht5UnQuPl6Jj,GBUM71029624,1
16,Thunderstruck,AC/DC,134,12B,89,2021-05-31,04:52,88,"rock, hard rock, classic rock, rock and roll",The Razors Edge,1990-09-24,50,0,1,26,0,20,-5,E Major,4,57bgtoPSgt236HzfBOd8kj,AUAP09000014,2
17,Breed,Nirvana,158,12B,97,2021-05-31,03:04,1,"grunge, rock",Nevermind (Deluxe Edition),1991-09-26,26,0,0,26,0,10,-5,E Major,4,6kA9cOS2QpUpeGJHGxSXe1,USGF19942504,1
18,Criminal,Fiona Apple,90,6A,80,2021-05-31,05:41,67,art pop,Tidal,1996-07-23,60,1,0,59,0,30,-8,G Minor,4,6PNvv1dmDbOWrAYwEcuKBX,USSM19600947,1
19,Blood Sugar Sex Magik,Red Hot Chili Peppers,147,8A,79,2021-05-31,04:31,60,"funk rock, alternative rock, rock",Blood Sugar Sex Magik (Deluxe Edition),1991-09-24,63,0,43,84,0,30,-10,A Minor,4,4ddA4oHvhrGx196qF5ZyQe,USWB19901575,1
25,"A Little Less Sixteen Candles, A Little More  Touch Me ",Fall Out Boy,133,9B,89,2021-05-31,02:49,67,"emo, pop punk",From Under The Cork Tree,2005-05-03,54,1,0,70,0,30,-4,G Major,4,4pmU8AtVu9qU40Xd9zjEfA,USDJ20500171,1
29,Paper Planes,M.I.A.,172,10B,85,2021-05-31,03:23,4,,Kala,2007-01-01,45,3,0,49,20,70,-6,D Major,4,1kusepF3AacIEtUTYrw4GV,GBBKS0700215,3
32,Kiss & Tell,Selena Gomez & The Scene,100,10B,92,2021-05-31,03:17,35,,Kiss & Tell,2009-01-01,49,0,0,67,10,30,-4,D Major,4,5XKI4NsHro5B7NLj1h9xFr,USHR10924570,1
35,She Looks So Perfect,5 Seconds of Summer,160,11B,95,2021-05-31,03:22,75,,5 Seconds Of Summer,2014-06-27,49,0,0,44,10,30,-4,A Major,4,1CQ2cMfrmFM1YdfmjENKVE,GBUM71400377,1
36,Talk Fast,5 Seconds of Summer,146,12B,72,2021-05-31,03:07,60,,Youngblood (Deluxe),2018-06-15,80,3,0,61,0,0,-3,E Major,4,1pMrGc8rMC5qx0zMak8tkd,GBUM71800869,1
41,Focus,Ariana Grande,100,2B,88,2021-05-31,03:31,68,pop,Focus,2015-10-30,67,27,0,80,20,40,-6,F#/G♭ Major,4,1cdzfFjEbUbgTm5nv3FgXR,USUM71516960,1
46,Versace on the Floor,Bruno Mars,174,10B,57,2021-05-31,04:21,85,,24K Magic,2016-11-18,58,20,0,30,0,0,-6,D Major,4,0kN8xEmgMW9mh7UmDYHlJP,USAT21602949,2
50,Really Don't Care,"Demi Lovato,Cher Lloyd",121,9B,73,2021-05-31,03:21,72,,Demi,2013-01-01,71,12,0,85,0,10,-4,G Major,4,5vTPxzm4h2bY9rYyVrGEU5,USHR11334431,3
57,Die Young,Kesha,128,12A,70,2021-05-31,03:31,82,,Warrior (Expanded Edition),2012-11-30,71,0,0,80,0,20,-5,C♯/D♭ Minor,4,7EQGXaVSyEDsCWKmUcfpLk,USRC11201008,5
61,Moves Like Jagger,"Maroon 5,Christina Aguilera",128,10A,75,2021-05-31,03:22,72,"pop, ",Singles,2015-09-25,72,1,0,60,0,30,-4,B Minor,4,1r299qCKBLgUS9XJ9m1kEx,USUM71109132,4
62,Can't Be Tamed,Miley Cyrus,117,10A,91,2021-05-31,02:48,67,,Can't Be Tamed,2010-06-18,63,3,0,74,10,20,-3,B Minor,4,2r6DdaSbkbwoPzuK6NjLPn,USHR11024938,1
67,She's So Nice,Pink Guy,86,11A,58,2021-05-31,02:43,61,,Pink Season,2017-01-04,83,60,0,59,10,0,-8,F#/G♭ Minor,4,0Dfctnkk9xIikDKJ06uwzo,QZ4JJ1704549,3
68,Self Control,Frank Ocean,80,4B,21,2021-05-31,04:09,78,,Blonde,2016-08-20,58,77,0,45,0,30,-10,G#/A♭ Major,4,5GUYJTQap5F3RDQiCOJhrS,QZ5C81600007,1
76,Dead Horse,Hayley Williams,90,9B,79,2021-05-31,03:19,54,art pop,Petals For Armor,2020-05-08,74,12,0,59,0,10,-5,G Major,4,5RdkyZw1KQ1v0EbquUAsx2,USAT22000847,1
77,Savage,Megan Thee Stallion,169,1B,74,2021-05-31,02:35,67,,Suga,2020-03-06,84,3,0,68,30,10,-6,B Major,4,55CHeLEfn5iJ0IIkgaa4si,QMCE32000097,2
78,Gimme What I Want,Miley Cyrus,90,5A,77,2021-05-31,02:31,56,,Plastic Hearts,2020-11-27,66,4,0,41,0,0,-5,C Minor,4,4v8jmsVox8VwU5js3JHOJZ,USRC12003755,2
79,Never Be Me,Miley Cyrus,165,12A,56,2021-05-31,03:35,58,,Plastic Hearts,2020-11-27,48,6,0,15,0,30,-8,C♯/D♭ Minor,4,1M7qLcfozANPcMKfgMEHOt,USRC12003760,2
80,Bad Karma (feat. Joan Jett),"Miley Cyrus,Joan Jett & the Blackhearts",114,12B,57,2021-05-31,03:08,52,rock,Plastic Hearts,2020-11-27,82,3,1,48,0,10,-7,E Major,4,47KegqqrzpKw0jdHFWqtNb,USRC12003759,1
81,Night Crawling (feat. Billy Idol),"Miley Cyrus,Billy Idol",134,1B,92,2021-05-31,03:09,56,,Plastic Hearts,2020-11-27,64,4,1,67,0,0,-4,B Major,4,4U34WsyOvppOMnRfq7DuOy,USRC12003756,2
83,WTF Do I Know,Miley Cyrus,158,9A,85,2021-05-31,02:51,56,,Plastic Hearts,2020-11-27,56,0,0,63,20,20,-3,E Minor,4,37PJvlIfYWqEX6fgjHlnTf,USRC12003706,1
10,Hey Daddy (Daddy's Home),USHER,96,1B,70,2025-08-24,03:44,83,r&b,Raymond v Raymond (Expanded Edition),2010-03-30,59,0,0,35,0,10,-4,B Major,4,030OCtLMrljNhp8OWHBWW3,USLF21000011,2
23,Die Young,Kesha,128,12A,70,2025-08-24,03:31,82,,Warrior (Expanded Edition),2012-11-30,71,0,0,80,0,20,-5,C♯/D♭ Minor,4,7EQGXaVSyEDsCWKmUcfpLk,USRC11201008,5
26,Lights Out,Mindless Self Indulgence,125,1B,89,2025-08-24,02:37,71,,If,2008-04-29,63,2,0,70,10,10,-4,B Major,4,7L7AJb57lJH6YpnANgCDO6,US2420809918,2
27,KEEP UP,Odetari,139,3A,83,2025-08-24,02:13,76,hyperpop,KEEP UP // FROSTBITE,2024-07-17,48,2,1,51,0,10,-4,A#/B♭ Minor,4,2yR2sziCF4WEs3klW1F38d,QZZ4J2400386,4
31,Everywhere I Go,Hollywood Undead,110,4A,83,2025-08-24,03:30,72,"rap rock, rap metal",Swan Songs,2008-09-02,82,10,0,95,0,10,-5,F Minor,4,1czaCgWLWgqp0eRIZ0BcXh,USUM70825240,1
46,Grilling Niggas,cupcakKe,150,3B,69,2025-08-27,02:55,54,,Grilling Niggas,2019-09-20,87,15,0,25,20,50,-5,C♯/D♭ Major,4,65UFucLPiVySQbDxw7zpqu,TCAEK1990042,3
47,KICK BACK,Kenshi Yonezu,102,3B,94,2025-09-20,03:13,75,"j-pop, anime, j-rock",KICK BACK,2022-10-12,58,0,0,29,10,0,-5,C♯/D♭ Major,4,3khEEPRyBeOUabbmOPJzAG,JPU902203702,4
14,My Trains,Lemon Demon,110,12B,57,2022-01-03,04:04,40,,Nature Tapes,2014-11-02,75,0,0,80,0,0,-12,E Major,4,2ZDyf27V6u99YgChCffKSy,TCACB1427922,2
16,She's So Nice,Pink Guy,86,11A,58,2022-01-03,02:43,61,,Pink Season,2017-01-04,83,60,0,59,10,0,-8,F#/G♭ Minor,4,0Dfctnkk9xIikDKJ06uwzo,QZ4JJ1704549,3
17,Electricity,Arctic Monkeys,150,9A,92,2022-01-03,03:01,51,"indie, garage rock",R U Mine? / Electricity,2012-04-23,39,0,58,48,0,20,-7,E Minor,4,7rWpSbLgcaWXsvS4o9wJXD,GBCEL1200129,2
20,Touch You,"遠野高志,加島優,矢口恭介,ジミー,百合絢斗,田村唯,明美圭一,糸目幸士郎,鹿谷樹",135,1A,96,2022-01-03,03:26,69,anime,アニメ『ヤリチン☆ビッチ部』主題歌「Touch You」,2018-08-15,60,1,0,80,0,10,-3,G#/A♭ Minor,4,6qWEpnyU43Bcrx3vfbGuVm,JPV431800250,3
23,Die Young,Kesha,128,12A,70,2022-01-03,03:31,82,,Warrior (Expanded Edition),2012-11-30,71,0,0,80,0,20,-5,C♯/D♭ Minor,4,7EQGXaVSyEDsCWKmUcfpLk,USRC11201008,5
25,Two Trucks,Lemon Demon,114,8A,39,2022-01-03,04:07,46,,Nature Tapes,2014-11-02,76,5,0,90,0,10,-13,A Minor,4,1s5A0u1dnAeVNur5nPkCpD,TCACB1427915,4
28,Chop,Vundabar,80,3B,78,2022-01-03,02:49,49,,Gawk,2015-07-24,42,47,31,48,0,30,-5,C♯/D♭ Major,4,6ouQW2sUweAmRKeYcvSyrC,USDY41567482,2
32,Team,Mag.Lo,140,1B,93,2022-01-03,02:06,5,,Team,2016-07-10,73,18,1,69,10,0,-6,B Major,4,77VHb191LLkpsYJTS2cgEc,TCACQ1624904,3
33,TRRST,"IC3PEAK,ZillaKami",135,8B,53,2022-01-03,03:04,0,"witch house, trap metal, emo rap, horrorcore, rap metal",До Свидания,2020-04-24,60,40,0,15,0,30,-9,C Major,4,4A0YuzcYuEEP8A3oEZTddL,QM6MZ2019111,2
34,Яд,IC3PEAK,161,1B,72,2022-01-03,02:58,0,witch house,Сладкая жизнь,2017-11-07,59,2,48,21,0,10,-4,B Major,4,7ChVuylMvcZs9FQ22XUmrU,QM7281747369,2
36,Fuck,Oliver Tree,130,10B,49,2022-01-03,02:34,44,,Fuck,2019-04-12,83,1,0,11,20,20,-8,D Major,4,6Wt4HzxqWDuHM5b4epx2jP,USAT21901826,2
37,"Hey Look Ma, I Made It",Panic! At The Disco,108,7B,83,2022-01-03,02:49,67,emo,Pray for the Wicked,2018-06-22,58,1,0,58,0,10,-3,F Major,4,22oEJW6r2rMb9z4IntfyEa,USAT21801173,1
38,A Party Song (The Walk of Shame),All Time Low,99,5B,96,2022-01-03,02:59,39,"pop punk, emo, punk",Nothing Personal (Deluxe Version),2009-07-07,55,1,0,61,0,10,-3,D#/E♭ Major,4,1RhrMPd8wdpM2gTI6aiUQA,USHR20947010,2
39,Hurricane,Panic! At The Disco,123,10A,87,2022-01-03,04:25,55,emo,Vices & Virtues,2011-03-18,52,0,0,34,10,40,-4,B Minor,4,7l9uOhfVJC8Y0c6PXHrgbs,USAT21100122,1
40,Mask - Sus Remix,--,118,3B,71,2022-01-03,02:53,0,,Mask (Sus Remix),2021-08-23,61,64,0,76,0,10,-6,C♯/D♭ Major,4,3odYtbE5zKZ3UWvwzovZ5i,QZMEM2132735,2
41,Body Language,Doja Cat,96,4B,47,2022-01-03,04:05,43,,Amala (Deluxe Version),2019-03-01,72,28,0,69,0,10,-7,G#/A♭ Major,4,6UNV8mflEmh8PJqeTPC1p3,USRC11801372,2
45,Wish You'd Make Me Cry,UPSAHL,97,10A,69,2022-01-03,03:04,45,,Wish You'd Make Me Cry,2019-07-26,57,2,0,53,0,10,-5,B Minor,4,5SeRgzC0LGn44yT7kJ3y2W,USQX91901611,2
46,Ascension (feat. Vince Staples),"Gorillaz,Vince Staples",152,3B,91,2022-01-03,02:35,60,,Humanz (Deluxe),2017-04-28,68,59,0,52,10,10,-3,C♯/D♭ Major,4,2bBMODHVTXGwE2aZYfbgCt,GBAYE1700161,3
47,Out the Ox,Jack Stauber's Micropop,130,12B,68,2022-01-03,03:29,43,,Deploy / Those Eggs Aren't Dippy / Out the Ox,2019-11-04,70,19,1,82,10,50,-6,E Major,4,05apAG89Q4uUWT3Jl5rKoc,QZHN91912020,2
52,stupid horse,"100 gecs,Laura Les,Dylan Brady",168,5B,90,2022-01-03,02:01,54,"hyperpop, glitch",1000 gecs,2019-05-31,53,5,0,80,30,50,-5,D#/E♭ Major,4,23Dapn8107GgxvXDIsPwWm,USAT22000418,1
53,Last Night,Ricky Montgomery,138,12B,96,2022-01-03,04:03,49,,Montgomery Ricky,2016-04-01,54,0,0,81,0,30,-4,E Major,4,69dV0XDWwT1g7oLLE4lbJs,USA2P1624699,2
54,Close to the Top,Måneskin,144,10A,95,2022-01-03,02:18,54,,Il ballo della vita,2018-10-26,66,1,0,87,10,20,-2,B Minor,4,3FjZBgicqgvLsxs1u9632V,ITB001800491,2
62,British Bombs,Declan McKenna,132,2B,87,2022-01-03,04:57,55,,British Bombs,2019-08-19,67,5,0,69,0,30,-6,F#/G♭ Major,4,4ZdmTNaBTErD8n9AQE0YaX,GBARL1900810,1
64,Teddy Picker,Arctic Monkeys,150,11B,96,2022-01-04,02:45,70,"indie, garage rock",Favourite Worst Nightmare,2007-04-22,64,0,0,82,0,0,-5,A Major,4,5kxVyCgEUND7E2QKG7JmoF,GBCEL0700064,2
71,Grilling Niggas,cupcakKe,150,3B,69,2022-01-04,02:55,54,,Grilling Niggas,2019-09-20,87,15,0,25,20,50,-5,C♯/D♭ Major,4,65UFucLPiVySQbDxw7zpqu,TCAEK1990042,3
2,Impossible - Remix,"Spenser Olson,Abby Siler,Joel Setien",123,11B,76,-,02:32,24,"christian pop, christian edm, ",Impossible (Remix),2026-04-24,77,16,0,65,10,0,-6,A Major,4,4ijU8mdAb326QQpriuJuxL,UKW3Z2601316,1
3,Predictable,Paradise,95,3B,76,-,03:39,24,,Predictable,2026-04-24,63,1,0,89,10,20,-6,C♯/D♭ Major,4,5fkx875ROuyV7eBykrJufv,QZQAY2643305,1
4,Last Known Location,Cam Becker,110,8B,84,-,03:34,21,,Last Known Location,2026-04-24,74,0,0,62,0,0,-4,C Major,4,1gzupDL70MD4yEj69M1xc6,QZWFG2603536,1
5,Say Less,Rudy Touzet,101,10A,61,-,03:06,21,,Where It All Started,2022-10-07,76,2,0,83,0,30,-6,B Minor,4,5LgJDQeM84aFnfDaFAwZ5a,QZQAY2193033,1
6,ESTP,樊宇镈(Coulson Fan),108,2B,79,-,02:55,15,chinese r&b,ESTP,2025-08-31,75,1,0,79,0,10,-3,F#/G♭ Major,4,7r0whZr0YdbS4JX8eNQBVO,QZZ7M2558557,1
7,Medicine,Sadboixx,160,3B,83,-,02:13,15,melodic bass,Medicine,2026-04-17,64,3,0,84,0,10,-5,C♯/D♭ Major,4,3quwRv1NycxMy42ZTPSiVx,QZNWT2657616,1
8,Ain't My Best Hour,Larvik,158,12A,76,-,02:57,19,slap house,Ain't My Best Hour,2025-10-10,64,0,0,74,0,10,-5,C♯/D♭ Minor,4,05TGApD5YsBC02UrEiQs6p,DEL712510170,1
9,Issues,I'MIN,149,4A,87,-,02:37,38,,Issues,2026-04-24,73,12,0,74,10,30,-5,F Minor,4,64xESYt4jheCeYn0yaOYkV,SE5Q52600260,1
10,can i?,"Bradley Kim,Heather Sommer",95,2B,81,-,03:28,37,,can i?,2026-04-10,56,4,0,29,0,10,-5,F#/G♭ Major,4,1We8K4nFVFMgjTVysy7Tf4,QZVEM2644448,1
12,Power Moves,Get Low!,104,3A,76,-,02:32,12,,Power Moves,2026-02-05,71,1,0,26,0,30,-7,A#/B♭ Minor,4,5iy6L0sN7p53uHxwVNFELd,QZFZ32633290,1
13,sugar crush,"Mirin,dwen",120,8A,85,-,02:43,17,,sugar crush,2025-05-02,59,1,5,67,0,10,-4,A Minor,4,4Q6k3ZujHQtrl1OmuXAyUi,QZHN92568940,1
14,Run to the Hills,Michael Bono,92,4B,79,-,02:14,18,,Run to the Hills,2026-03-27,65,12,0,54,10,20,-3,G#/A♭ Major,4,4fKFLY4IB8xuBrn6ggIwRu,GXJBT2632335,1
15,Chasing signals,Sig Breeze,99,4B,45,-,01:55,26,,Chasing signals,2026-03-06,76,15,0,53,0,40,-8,G#/A♭ Major,4,6a7tkL6ljo3xIVix552HP5,QZMEP2618506,1
17,WISH WE NEVER,Darren Cashwell,103,6B,83,-,02:38,23,"pinoy r&b, budots, bass house",WISH WE NEVER,2026-01-09,70,37,0,92,30,0,-6,A#/B♭ Major,4,0RYOsIej3XR5yba5e8Rjlq,PHS032503716,1
18,UFW,Runyu Qian,108,4B,73,-,02:49,26,chinese r&b,UFW,2026-04-03,77,6,0,63,0,10,-5,G#/A♭ Major,4,1fothKGR66bNwYAO0c3GHI,QT2VB2604092,1
19,Body Bag,Jud Flores,98,11A,69,-,03:33,21,,Body Bag,2022-02-25,62,8,0,34,10,10,-4,F#/G♭ Minor,4,6Pwvw7TQRJTBZhTn9iX6vc,HKI492200022,1
20,IDITM,Nxtime,106,11A,73,-,03:05,16,,IDITM,2026-01-16,75,1,0,88,0,10,-5,F#/G♭ Minor,4,36d91EdgZtFzctFYQwn0ZR,QT6FN2594529,1
22,Warm Sweet Love,Free Hugs Tomorrow,125,11B,64,-,02:37,30,,Warm Sweet Love,2026-04-17,71,11,0,57,0,10,-6,A Major,4,5OKnqmLSchCMIgZx00G8Qd,USA2P2621222,1
23,Parallel0v3 (feat. notKitty),"Ruen,notKitty",103,2B,67,-,02:25,18,"k-rap, ",hi?,2025-10-27,74,5,0,63,0,10,-6,F#/G♭ Major,4,3SMCsvZCKFjwWh1tDXn08o,KSA012411581,1
24,Hold You Up,AJ Mitchell,170,4B,67,-,03:10,39,,Hold You Up,2026-04-24,42,51,0,45,0,30,-8,G#/A♭ Major,4,1HclL4kwaY2Iu3gvSrgMGU,CA5KR2646815,1
25,So Good Together,bnsn,100,1B,62,-,03:21,27,,So Good Together,2026-04-17,66,21,0,17,0,10,-7,B Major,4,4bJ2Vs04oJll3rjqckr18w,QZTB82623883,1
26,Situationship,樊宇镈(Coulson Fan),170,12B,57,-,02:39,17,chinese r&b,Situationship,2025-02-01,65,57,0,68,10,20,-7,E Major,4,6AbDczMT4hqlEaqWPNxZSm,QZTBA2477631,1
27,Starship,Kenneth Qua,119,4A,80,-,02:48,25,,Giddy In Love,2026-04-17,78,3,0,90,0,20,-4,F Minor,4,0oXQa2zYrBEKQrqkKAYp85,QZTAZ2681476,1
28,Moonwalk,Justin Held,106,4A,65,-,02:36,29,,Moonwalk,2026-04-03,74,1,0,50,0,30,-8,F Minor,4,1kLFNcJnhSOL4jxB0yWZl7,QZTAY2674639,1
29,All To Myself,Paradise,119,4A,65,-,03:15,14,,All To Myself,2025-10-10,73,5,0,92,0,0,-5,F Minor,4,7g9cRTO0kMbs5wLLVAmRcb,QZS7J2572995,1
30,made u look,Harvey Brittain,106,3A,58,-,02:09,20,,made u look,2024-08-29,67,3,0,64,0,20,-8,A#/B♭ Minor,4,0solChGxlVAS9gMiSUamYZ,QZTB82477846,1
32,Just say you love me,Piper Wallin,94,9B,75,-,03:27,31,,Just say you love me,2026-04-20,59,24,0,32,0,30,-5,G Major,4,309cwLFDd5X44HJa1bjGPc,AUQ9D2634051,1
33,Layup,Mira Housey,98,11A,53,-,02:46,42,,Mirror,2026-04-17,72,34,0,71,0,10,-6,F#/G♭ Minor,4,3ijbZcX6UoGIToLwPruSyq,USLZJ2681758,1
34,Lead You On,niko rain,124,6B,68,-,02:43,47,,Lead You On,2026-04-03,60,14,0,47,0,0,-4,A#/B♭ Major,4,4X0JBxhbTmUEjWOkpIyTbN,QT2VB2634018,1
35,Possessed,Tyler Miller,95,3B,68,-,02:16,15,,Possessed,2025-09-24,67,1,0,58,10,10,-5,C♯/D♭ Major,4,2JrkpGCZkZAnlHqZLB7loj,QT4K42560853,1
37,Ruin Me,The Cab,92,9B,74,-,03:14,39,,Chasing Crowns,2026-04-24,73,37,0,68,0,20,-6,G Major,4,34qki5ntfXAOlNYuivrCW0,AEA3A2079323,1
38,INSOMNIAC,Anthony Lucas,113,5A,70,-,02:27,22,,INSOMNIAC,2026-03-06,73,1,0,75,0,10,-5,C Minor,4,3E9oiC2wSmh5jeJWdFC8X6,AUQ9D2609353,1
39,Shoot For The Start,NLiTE,130,7B,78,-,03:21,20,,Shoot For The Start,2026-04-03,79,3,0,68,0,10,-5,F Major,4,13rmODAiaoReHKvjZ4h7aH,QZTB82612563,1
40,face again,Lyle Kam,88,10B,73,-,03:19,38,,face again,2026-04-17,66,0,0,54,0,0,-6,D Major,4,6z1tuqOHFzKcBeW0iHlTbj,QZ5AB2696578,1
41,Real Slow,"ELVØX,Noah Vale",114,11A,76,-,03:12,35,,Real Slow,2026-03-06,71,1,0,43,0,10,-5,F#/G♭ Minor,4,7etmvHsnU0SwT2WFsdyyqN,QZK6N2614745,1
42,Bad Intentions,Dan Talevski,99,4A,58,-,03:06,29,,Bad Intentions,2026-04-03,75,20,0,69,0,10,-6,F Minor,4,2tRCTcNUZUdCiaMZ5BCXQw,QZNWR2690118,1
43,Lightning - Deltha X Remix,"JAMO,Deltha X",145,11B,72,-,03:12,24,,Lightning (Deltha X Remix),2026-04-10,79,5,0,59,10,10,-10,A Major,4,5XCqOFSScSl9k90x0Qz1YG,QZTB52609295,1
44,Boy,Rol3ert,105,9B,83,-,03:06,46,,Boy,2026-04-24,59,3,0,76,0,10,-6,G Major,4,3eFUpyUIWFMSQ3RvUpxZXu,JPG102600751,1
45,Pull Me In,Franco K,114,4B,64,-,02:32,18,,Pull Me In,2026-02-25,82,6,2,43,10,10,-10,G#/A♭ Major,4,38rGjvcZoqsLsH4WnWon3N,QZPEW2665751,1
46,Skin on Skin,Nik Stone,96,3B,69,-,02:26,28,,Skin on Skin,2026-04-10,75,22,0,62,0,10,-5,C♯/D♭ Major,4,7c9tVYKeiL5ipV4WgODJXt,QT6622669902,1
47,"Baby, I'm Stupid",JALUNE,131,6A,46,-,03:09,15,,As Is,2026-01-20,79,7,0,39,0,0,-8,G Minor,4,7iiyjog2qfxXwGaQePrd8l,CAHQJ2626265,1
48,Fine... - Daycore,Jack Duff,125,3B,60,-,02:45,11,,I'm Still Fine...(Remixes),2023-11-20,71,18,0,48,0,10,-7,C♯/D♭ Major,4,0Sx0xFU2KOEtCTAu3XygFn,UKXN22396512,1
49,Waited so Long,Quadman,110,10A,69,-,02:58,21,,New Era,2025-06-27,74,8,0,46,0,30,-7,B Minor,4,7q3FGJZ6p9qJimIuZ728cP,TCAJG2534683,1
50,Split in Two,Keir Gibson,160,12B,90,-,02:56,15,,Split in Two,2026-04-24,58,14,0,71,10,10,-5,E Major,4,3ZFntgb5sWVUHoOIyYo7dk,QZTBF2646785,1
15,LALISA,LISA,150,4B,65,2022-06-07,03:20,70,k-pop,LALISA,2021-09-10,81,3,0,85,0,10,-6,G#/A♭ Major,4,7uQZVznj0uQOGC9KhV2Mg6,KRA402100098,3
18,My Body's Made of Crushed Little Stars,Mitski,82,9B,75,2022-06-07,01:56,60,,Puberty 2,2016-06-17,20,0,0,33,0,40,-8,G Major,4,00ZprREYIexO3pgJlPgPau,USJ5G1612307,2
21,So What,LOONA,125,1B,94,2022-06-07,03:18,47,k-pop,[#],2020-02-05,61,10,0,53,20,20,-3,B Major,4,1ry2mTVmAJHbNLzl5qww5v,KRA382000125,2
25,Two Trucks,Lemon Demon,114,8A,39,2022-06-07,04:07,46,,Nature Tapes,2014-11-02,76,5,0,90,0,10,-13,A Minor,4,1s5A0u1dnAeVNur5nPkCpD,TCACB1427915,4
27,"1, 3, 2 (JEONGYEON, MINA, TZUYU)",TWICE,89,5A,88,2022-06-07,03:18,50,k-pop,Formula of Love: O+T=<3,2021-11-12,66,8,0,71,0,20,-3,C Minor,4,6bS9w12VuyaqkbNKnw5zZE,US5TA2100110,2
29,New Rules,TOMORROW X TOGETHER,120,10B,79,2022-06-07,02:54,57,k-pop,The Dream Chapter: MAGIC,2019-10-21,76,2,0,39,10,30,-5,D Major,4,72rUKYfdSaMVhgUhajRvrX,USUG11903687,1
33,Bad,Michael Jackson,114,4B,88,2022-06-07,04:07,68,,Number Ones,2003-11-17,81,1,21,36,0,0,-4,G#/A♭ Major,4,3tS8q8SXxtrYSN8UgeQt6q,USSM19909065,3
35,Regular - Korean Version,NCT 127,134,8A,80,2022-06-07,03:37,48,"k-pop, noise music",NCT #127 Regular-Irregular - The 1st Album,2018-10-12,73,24,0,88,0,20,-5,A Minor,4,2lAxhE5s3x7OS9sfhsgT1F,KRA301800424,2
37,Moves Like Jagger,"Maroon 5,Christina Aguilera",128,10A,75,2022-06-07,03:22,72,"pop, ",Singles,2015-09-25,72,1,0,60,0,30,-4,B Minor,4,1r299qCKBLgUS9XJ9m1kEx,USUM71109132,4
41,Easy,Stray Kids,144,11A,81,2022-06-07,03:03,62,"k-pop, noise music",GO LIVE,2020-06-17,70,0,0,39,0,40,-5,F#/G♭ Minor,4,4s9diT9GXpI7QiysMkoANG,US5TA2000038,2
42,Boy in Luv,BTS,166,8B,95,2022-06-07,03:50,73,k-pop,Skool Luv Affair,2014-02-12,49,0,0,47,30,30,-2,C Major,4,3FnDv33WrrMtuEr7hNR3ev,KRA341404052,3
43,Paper Planes,M.I.A.,172,10B,85,2022-06-07,03:25,81,,Kala,2007-08-20,45,3,0,49,20,60,-6,D Major,4,1ixbwbeBi5ufN4noUKmW5a,GBBKS0700215,3
49,E-GIRLS ARE RUINING MY LIFE!,"CORPSE,Savage Ga$p",85,3B,94,2022-06-07,01:45,63,trap metal,E-GIRLS ARE RUINING MY LIFE!,2020-09-25,61,0,0,39,10,10,-7,C♯/D♭ Major,4,7bCfHiRcfUjG0YVVNUL7Ve,QZK6M2028073,2
2,Murder In My Mind - Sped Up,Kordhell,151,10B,99,2023-04-30,01:55,53,"phonk, drift phonk",Murder In My Mind (Sped Up),2022-05-05,60,0,6,15,40,40,-1,D Major,4,3T56drS7FjnZgGcOAHlXzx,QM6MZ2221090,3
18,KICK BACK,Kenshi Yonezu,102,3B,94,2023-04-30,03:13,75,"j-pop, anime, j-rock",KICK BACK,2022-10-12,58,0,0,29,10,0,-5,C♯/D♭ Major,4,3khEEPRyBeOUabbmOPJzAG,JPU902203702,4
33,tell em (sped up),squirl beats,104,1A,62,2023-10-02,01:35,0,,tell em (sped up),2022-06-29,40,1,67,30,0,10,-12,G#/A♭ Minor,4,7L5BprBLOqkxxz7elKx4vd,US3DF2266170,1
36,Playing Dangerous,Blu Shore,160,1A,38,2023-10-11,03:27,0,,Playing Dangerous,2020-12-31,59,45,0,29,0,20,-14,G#/A♭ Minor,4,5bI10TkLUvnIWqqZydI7Ml,TCAHA2340912,1
37,Bad,Michael Jackson,114,4B,88,2023-10-11,04:07,68,,Number Ones,2003-11-17,81,1,21,36,0,0,-4,G#/A♭ Major,4,3tS8q8SXxtrYSN8UgeQt6q,USSM19909065,3
42,Cigaro,System Of A Down,111,3B,99,2024-05-27,02:11,69,"nu metal, metal, alternative metal, rap metal, rock",Mezmerize,2005-05-17,38,0,0,76,0,20,-2,C♯/D♭ Major,4,47EqCQZG5v4o0WFMufGf5S,USSM10500838,1
43,Rip & Tear,Mick Gordon,108,11B,88,2024-05-27,04:17,54,,Doom (Original Game Soundtrack),2016-09-28,51,0,80,14,0,10,-9,A Major,4,5soMJpcVhSrGrB4prvPL6P,QMTH31600017,1
48,LET ME SEE YA MOVE!,"Lumi Athena,cade clair",142,7A,99,2024-06-22,02:01,68,"hyperpop, jersey club",LET ME SEE YA MOVE!,2023-06-16,49,0,0,44,10,30,-2,D Minor,4,5z6IuFSIc3OrZGDC2Q9icP,QZQAY2326944,1
49,Love Shack,The B-52's,134,4A,80,2024-08-25,05:20,73,"new wave, post-punk",Cosmic Thing,1989-06-23,70,5,0,90,0,70,-7,F Minor,4,4W4wYHtsrgDiivRASVOINL,USRE18900030,1
51,DOUBLE TROUBLE,Odetari,156,3B,93,2024-10-07,01:53,61,hyperpop,DOUBLE TROUBLE,2023-04-08,35,2,0,49,10,10,-1,C♯/D♭ Major,4,0EvsatxXGGHUxaAlksEeNK,QZHN72394869,2
2,Bathroom Bitch,HOLYCHILD,144,10A,91,2025-09-19,02:49,69,,Bathroom Bitch,2018-11-09,63,1,3,64,0,40,-4,B Minor,4,13YePtJtWMzVlLflz2NhIF,USYAH1700367,1
5,Senden Daha Güzel,Duman,89,12B,44,2025-09-19,03:59,62,"anatolian rock, turkish pop",Duman 2,2010-07-06,78,3,0,64,0,0,-6,E Major,4,2sLAykCWyB1VA5hXDjU59T,TRA160900060,1
16,Eu Sento Gabu!,PXLWYSE,130,1B,88,2025-09-19,01:23,47,"phonk, brazilian phonk",Eu Sento Gabu!,2024-04-19,57,0,76,73,0,10,-4,B Major,4,24WBge8e53iDTeXOtVB02s,FRX282495842,1
18,Killin' It Girl (feat. GloRilla),"j-hope,GloRilla",97,12B,92,2025-09-19,02:28,81,"k-pop, k-rap, ",Killin' It Girl (feat. GloRilla),2025-06-13,77,0,0,71,0,20,-5,E Major,4,5PCOOngROV9jWsUViSy4Ed,USA2P2523089,1
19,Boy in Luv,BTS,166,8B,95,2025-09-19,03:50,73,k-pop,Skool Luv Affair,2014-02-12,49,0,0,47,30,30,-2,C Major,4,3FnDv33WrrMtuEr7hNR3ev,KRA341404052,3
22,Bring it on,ROF-MAO,143,10A,78,2025-09-19,03:19,51,,DiVE !N,2024-07-24,74,3,0,67,10,10,-5,B Minor,4,3hQNnhEDPu8cgNE5xBcWlc,JPPO02403080,1
24,BUTCHER VANITY,FLAVOR FOLEY,142,10A,88,2025-09-19,03:07,45,vocaloid,CARDIAC CONTREPOINT,2025-02-14,67,1,0,93,0,0,-6,B Minor,4,2QB1vK4MFiYgLlCHMLj51r,QZHN92472571,1
25,"Loser, Baby","Keith David,Blake Roman,Andrew Underberg,Hazbin Hotel,Sam Haft",88,12B,53,2025-09-19,02:55,71,,Hazbin Hotel (Original Soundtrack),2024-02-02,48,50,0,63,10,10,-6,E Major,4,6zJjw0iXY0aMBEUyCG1NsA,QMB622401808,1
26,Love Again,Dua Lipa,116,10A,63,2025-09-19,04:18,58,pop,Future Nostalgia,2020-03-27,66,0,0,51,0,10,-6,B Minor,4,45BZcKdKl8OXpuGSlSvEun,GBAHT1901302,1
27,Punching Bag,Set It Off,116,12A,81,2025-09-19,02:59,57,,Punching Bag,2023-03-24,62,0,0,50,0,10,-5,C♯/D♭ Minor,4,7fudux10sVIxILOocZaHrW,QM24S2301721,1
31,Hate Me,Nico Collins,95,11A,93,2025-09-19,03:09,61,nightcore,Hate Me,2018-09-07,64,0,0,57,0,0,-3,F#/G♭ Minor,4,5FgdPkPCffPktT5qnWls8Y,QZAMM1717622,1
34,Konton Boogie,jon-YAKITORY,95,8B,88,2025-09-19,02:34,41,"vocaloid, j-pop, anime",Konton Boogie,2023-08-29,65,3,0,53,0,30,-7,C Major,4,2YAzpDuHmAe5kROOlyDnmv,QZWFU2432120,1
35,Nolur Nolur Nolur,Yasemin Mori,110,3B,76,2025-09-19,02:43,54,turkish pop,Hayvanlar,2008-12-22,77,26,0,72,0,20,-6,C♯/D♭ Major,4,21Rc0BTM9FJQaN1WFmYMaV,TRA161700864,1
37,Take Me to the Beach (feat. Ado),"Imagine Dragons,Ado",105,5A,70,2025-09-19,02:47,73,"j-pop, anime, vocaloid, j-rock",Take Me to the Beach (feat. Ado),2024-12-16,79,3,0,90,0,10,-5,C Minor,4,4n7nwDqrdx3qmJvEACOMrN,USUM72413303,1
38,All-in (VIVINOS - ALNST 2nd Anniversary Remix Part.1),AKUGETSU,154,3A,72,2025-09-19,02:55,61,,All-in (VIVINOS - ALNST 2nd Anniversary Remix Part.1),2024-10-07,59,0,0,71,10,0,-4,A#/B♭ Minor,4,6dAu8oLG3ApQhfb8wfZOBK,KSB022427817,1
39,Dünyanın Sonuna Doğmuşum,maNga,137,11A,92,2025-09-19,04:20,60,"anatolian rock, turkish pop",Şehr-i Hüzün,2009-11-09,64,5,0,84,0,30,-3,F#/G♭ Minor,4,2AlPvpsWlG7dEfhfNf9qJR,TRA160900071,1
42,DOUBLE TROUBLE,Odetari,156,3B,93,2025-09-19,01:53,61,hyperpop,DOUBLE TROUBLE,2023-04-08,35,2,0,49,10,10,-1,C♯/D♭ Major,4,0EvsatxXGGHUxaAlksEeNK,QZHN72394869,2
43,Die In a Fire (feat. EileMonty & Orko),"The Living Tombstone,Eile Monty,Orko",110,2A,67,2025-09-19,03:05,60,psytrance,Die In A Fire,2015-04-24,54,3,0,52,0,30,-4,D#/E♭ Minor,4,1SXuOan5v9G1mM7X0ieXrM,USDHM1511744,1
45,River,BRKN LOVE,127,9B,66,2025-09-19,03:45,58,,BRKN LOVE (Deluxe Edition),2020-11-19,58,1,0,34,0,30,-6,G Major,4,4tvmsvV1aUmbPKdzl19Or9,GBUM72004408,1
46,Mey,Model,120,6A,60,2025-09-19,04:47,71,"turkish pop, anatolian rock",Mey,2016-03-14,40,45,0,54,0,10,-6,G Minor,4,2Tv2XmPGs0A8esmc4gBkX4,TRABT1600123,1
47,ラヴィ - すりぃ ver.,THREEE,91,3B,88,2025-09-19,03:00,51,vocaloid,ラヴィ (すりぃ Ver.),2022-12-24,65,1,0,81,0,30,-2,C♯/D♭ Major,4,4KFPgXmv9DaAOud3uEp9bJ,JPP302200815,1
49,New Darling,Maretu,195,9A,99,2025-09-19,02:36,63,vocaloid,New Darling,2022-03-19,35,0,13,81,0,20,-3,E Minor,4,0JbLk9eKjb3vBSELAnCkgr,TCJPR2243097,1
51,サラマンダー,DECO*27,172,9A,94,2025-09-19,02:35,52,"vocaloid, j-pop",サラマンダー,2022-01-08,54,4,0,85,0,40,-4,E Minor,4,64LMCa7fkdfHYLtCm0kGTR,JPE562108044,1
53,I'm so crazy for youuu </3,Rebzyyx,159,2B,100,2025-09-19,01:50,75,hyperpop,I'm so crazy for youuu </3,2021-04-13,52,8,0,80,10,70,-1,F#/G♭ Major,4,3uKqnQ0dGBcpovf9lV2nqg,QZES92129250,1
54,KEEP UP,Odetari,139,3A,83,2025-09-19,02:13,76,hyperpop,KEEP UP // FROSTBITE,2024-07-17,48,2,1,51,0,10,-4,A#/B♭ Minor,4,2yR2sziCF4WEs3klW1F38d,QZZ4J2400386,4
55,DICE AND ROLL,Odetari,120,6B,78,2025-09-19,02:00,1,hyperpop,DICE AND ROLL,2024-03-20,78,2,12,39,0,10,-7,A#/B♭ Major,4,6yMGcFkUPJWW7Mwy5pY6GC,QZZ4J2400154,1
56,GOOD LOYAL THOTS 2 - Demo,"ODECORE,Odetari,skaiwater",147,2B,60,2025-09-19,01:42,41,"hyperpop, jersey club",GOOD LOYAL THOTS 2 (Demo),2023-09-01,55,10,0,56,10,20,-11,F#/G♭ Major,4,5KiSXkMuL521ohdw8t2SAt,QZVFR2301357,1
60,Hands up! - Nightcore,"6arelyhuman,kets4eki,Pixel Hood",164,9B,91,2025-09-19,02:05,0,"hyperpop, nightcore",Hands up! (The Remix),2023-05-05,51,0,0,71,0,20,-4,G Major,4,61HbH8elG1YijR6JuL5yLl,QZES52368710,1
61,DANCE! Till We Die,6arelyhuman,143,7B,81,2025-09-19,01:54,0,hyperpop,DANCE! Till We Die,2023-11-01,53,0,0,46,0,10,-7,F Major,4,1erhrobMMhE6a2z7MKa1uJ,QZVFR2301710,1
62,Faster n Harder - Sped Up,"Sassy Scene,6arelyhuman",150,1A,99,2025-09-19,01:55,0,hyperpop,Faster n Harder (Sassy Scene Mix),2024-03-05,44,1,0,70,20,30,-2,G#/A♭ Minor,4,6NUFdzl2bm1isRfSUd3bEl,QZZ4J2400125,1
63,Poker Face,"Tazia,6arelyhuman",159,8B,97,2025-09-19,02:00,2,hyperpop,Poker Face,2023-06-11,43,0,0,45,50,40,-8,C Major,4,7858ULGQoZWsnmDXoeVZB0,QZFYZ2376987,1
65,Oshakashama,RADWIMPS,128,7A,98,2025-09-19,03:48,44,"anime, j-pop, j-rock",Arutokoroni no Teiri,2009-03-11,45,2,0,70,10,30,-2,D Minor,4,08PQgCL2WTNuMKAnbKC9jV,JPTO00900143,1
66,Bate Forte e Dança - Remix,"0to8,DJ Ritmo55,DEHA INC.,Mc Morena",130,9B,92,2025-09-19,02:01,51,"phonk, brazilian phonk, turkish hip hop, brega funk, brazilian funk, funk de bh, brega",Bate Forte e Dança (Remix),2023-12-15,77,6,0,35,30,10,-5,G Major,4,50OleAHC7mxOvZGlWxL647,DGA0P2386044,1
67,Red Flags (feat. Montaigne),"Tom Cardy,Montaigne",120,7A,66,2025-09-19,02:45,61,,Big Dumb Idiot,2022-12-09,81,60,0,76,0,10,-6,D Minor,4,75NpiadMk9sKKtGdlfuztV,AUGBT2229809,1
69,Cops and Robbers,The Hoosiers,190,8A,92,2025-09-19,03:58,41,,The Trick To Life,2007-10-22,43,1,0,40,0,40,-4,A Minor,4,7xoBDnT7G2kdKeO3nFglRJ,GBARL0701001,1
71,Missaat Mut,"Isac Elliot,william",95,6A,83,2025-09-19,01:54,47,"finnish hip hop, finnish pop",Missaat Mut,2023-07-06,64,32,1,36,0,30,-5,G Minor,4,4I7nd2tef4qV15OAczVuJb,FIUM72300193,1
73,Hello Kitty,Jazmin Bean,105,8A,80,2025-09-19,02:31,60,,Worldwide Torture,2020-11-11,45,9,0,11,0,0,-5,A Minor,4,22FniXvTKV9IC6IhxCpYve,QZHN81940760,1
74,snooze (feat. SHIKI),"wotaku,SHIKI",150,8B,97,2025-09-19,02:58,0,"vocaloid, ",snooze (feat. SHIKI),2021-08-30,56,5,16,43,0,30,-3,C Major,4,2tGC49JU9byQT0wXzIhYA7,TCJPP2157513,1
75,Thank You for Hating Me,Citizen Soldier,170,5A,87,2025-09-19,03:09,58,,Thank You for Hating Me,2021-08-11,42,0,0,55,0,30,-6,C Minor,4,1rC8X5z0RpDlwM2jmIXyNb,TCAFQ2188648,1
80,Machine Gun,"KIRA,GUMI",150,11A,70,2025-09-19,03:44,38,"vocaloid, anime",The Introduction,2018-09-22,67,1,6,53,0,0,-6,F#/G♭ Minor,4,0Ycw7WNAmaHZe2s2OucE8H,QM2PV1875013,1
82,DARLING,Maretu,174,2A,87,2025-09-19,03:43,61,vocaloid,SIU,2019-11-25,54,0,1,83,0,0,-2,D#/E♭ Minor,4,2tsKPVmDYAspAyOU2Wjbkd,TCJPK1903004,1
83,To the Bone,JT Music,100,4B,86,2025-09-19,04:53,2,,Game On!,2016-11-22,78,20,0,85,0,20,-5,G#/A♭ Major,4,6A1otOgRcNpIs0eta8D4tb,QZ4JJ1621038,1
85,still feel.,half•alive,120,3A,52,2025-09-19,04:07,63,,"Now, Not Yet",2019-08-09,78,15,0,72,0,0,-6,A#/B♭ Minor,4,48XkVAagIoQHCsOlJtXUd5,GBKPL1814938,1
91,SIU,Maretu,120,1B,91,2025-09-19,04:38,66,vocaloid,SIU,2019-11-25,68,6,0,66,0,0,-3,B Major,4,22tot0Y6uKuWdAZnEQyB6g,TCJPK1903026,1
97,Candle Queen,"Ghost and Pals,Lauren Estes",115,3B,39,2025-09-19,02:33,38,vocaloid,Candle Queen,2017-11-07,85,50,0,91,0,0,-12,C♯/D♭ Major,4,63PoQFqCBMlCUDBUtUiXRZ,QZANL1719375,1
103,KING (feat. 天馬司&神代類),ワンダーランズ×ショウタイム,166,4B,80,2025-09-19,02:14,50,"vocaloid, j-pop",ワンダーランズ×ショウタイム SEKAI ALBUM vol.1(Selected Edition),2022-02-02,59,3,0,93,0,10,-6,G#/A♭ Major,4,12yz2TndNFEjcZe9pK3hpD,JPX302137750,1
108,Middle Finger,Bohnes,128,12A,66,2025-09-19,03:49,65,,Middle Finger,2015-12-14,69,44,0,40,0,30,-6,C♯/D♭ Minor,4,5io1ngnNKAqFziQjdtzKGi,USA2P1569490,2
110,DEVİRİCEM,"13 Killoki,DEHA INC.,SWIRF",90,8B,95,2025-09-19,02:31,0,"turkish hip hop, trap metal",DEVİRİCEM,2021-07-13,44,0,0,53,30,50,-4,C Major,4,7KH5H8TkLafM6pDeZvVFOJ,QZK6M2122691,1
111,うっせぇわ,Ado,178,10A,98,2025-09-19,03:24,66,"j-pop, anime, vocaloid, j-rock",うっせぇわ,2020-10-23,53,0,0,58,0,0,-1,B Minor,4,6EzZn96uOc9JsVGNRpx06n,JPPO02002791,1
115,ラビットホール,DECO*27,173,11B,90,2025-09-19,02:39,66,"vocaloid, j-pop",ラビットホール,2023-05-20,51,0,0,82,10,30,-5,A Major,4,6CIQOFf01zQ9qJaqhD6rlH,JP92Q2301331,1
118,Blink Gone (VIVINOS - ALNST Original Soundtrack Part.8),"BL8M,AKUGETSU",125,4B,75,2025-09-19,03:08,70,,Blink Gone (VIVINOS - ALNST Original Soundtrack Part.8),2024-10-25,65,2,0,69,10,0,-3,G#/A♭ Major,4,4iHYQwgtrY26p2uQG8Nstr,KSB022427897,1
119,Burning Up (Fire),BTS,100,3A,71,2025-09-19,03:23,76,k-pop,The Most Beautiful Moment in Life: Young Forever,2016-05-02,63,0,0,53,0,10,-3,A#/B♭ Minor,4,0aE3V0zgSD2YwkEHW42gxG,KRA381600800,2
120,レディメイド,Ado,98,4A,88,2025-09-19,04:04,54,"j-pop, anime, vocaloid, j-rock",レディメイド,2020-12-24,66,3,0,59,0,20,-2,F Minor,4,6IP3GvRj6Rc65rly1rIHq5,JPPO02004122,1
127,Feel Anything,Nxdia,140,8B,50,2025-09-24,02:42,28,,Feel Anything,2024-11-20,53,22,0,22,10,20,-11,C Major,3,3nsHAOlg5kVlbZfkwaSmfZ,GXD7G2220227,2
130,Lights Out,Mindless Self Indulgence,125,1B,89,2025-10-27,02:37,71,,If,2008-04-29,63,2,0,70,10,10,-4,B Major,4,7L7AJb57lJH6YpnANgCDO6,US2420809918,2
132,Take Your Shirt Off,Millionaires,147,6A,87,2025-11-10,03:19,26,"crunk, hyperpop",Cash Only,2010-09-07,61,13,0,96,0,30,-4,G Minor,4,7iLY7fJbcWWIvXRbKZX0AY,USTCG1086456,1
135,AURA of GLORY,Ogryzek,85,3B,84,2025-12-05,04:00,63,"phonk, brazilian phonk",AURA of GLORY,2025-01-31,40,0,85,10,0,40,-5,C♯/D♭ Major,4,6lAsYn0DdP9nGlDdrdzNig,USUYG1704496,1
136,HAPPY FACE,Moon Walker,182,10A,56,2025-12-17,03:59,56,,HAPPY FACE,2025-08-08,34,1,31,38,0,10,-8,B Minor,4,1WmXrP8CfOmicRo7AfY8Dr,QZTBF2542047,1
138,Enas Tourkos Sto Parisi,"Lavrentis Machairitsas,Pyx Lax",98,10B,40,2026-01-16,04:41,49,"entehno, laïko",Pafsilipon,1996-03-26,55,6,0,58,0,20,-12,D Major,4,3EPhfNmsxqypmWPl7lKjOZ,GRE019600216,1
139,おこちゃま戦争 (feat. 天馬司&草薙寧々&鏡音リン&鏡音レン),ワンダーランズ×ショウタイム,175,10B,98,2026-01-30,03:33,43,"vocaloid, j-pop",ワンダーランズ×ショウタイム SEKAI ALBUM vol.2,2024-01-24,61,5,0,60,30,0,-2,D Major,4,3LvTDSZzIt0ELym2btwDW3,JPX302357800,1
142,エゴロック (feat. 天馬司&鳳えむ&草薙寧々&神代類&鏡音レン),ワンダーランズ×ショウタイム,112,8B,99,2026-03-11,02:50,47,"vocaloid, j-pop",ワンダーランズ×ショウタイム SEKAI ALBUM vol.2,2024-01-24,64,1,0,71,0,20,-2,C Major,4,3stVrXrvOxxRAwTtf9JAES,JPX302357760,1
143,Unfriendly Hater,Meddmia,190,3A,93,2026-03-19,02:42,42,vocaloid,Unfriendly Hater,2022-04-26,55,8,0,87,0,10,-6,A#/B♭ Minor,4,1EuKWMEL7WFhDzKLkZKH35,TCJPR2274405,1
145,ダイダイダイダイダイキライ,Amala,130,3A,93,2026-04-25,02:36,62,vocaloid,ダイダイダイダイダイキライ,2025-03-19,72,14,0,95,0,50,-3,A#/B♭ Minor,4,1gFVXBVuYlDUIEdwOrN5T8,JPX562501016,1
13,Bad,Michael Jackson,114,4B,88,2025-10-12,04:07,68,,Number Ones,2003-11-17,81,1,21,36,0,0,-4,G#/A♭ Major,4,3tS8q8SXxtrYSN8UgeQt6q,USSM19909065,3
17,Wake Up in the Sky,"Gucci Mane,Bruno Mars,Kodak Black",143,9A,58,2025-10-12,03:24,74,"southern hip hop, rap, trap, ",Wake Up in the Sky,2018-09-14,80,0,0,37,0,30,-5,E Minor,4,0QIjsbm2fh1cJ45XO9eGqq,USAT21811087,1
26,Ribs,Lorde,128,12B,47,2025-11-02,04:18,84,,Pure Heroine,2013-09-27,53,53,61,4,0,10,-9,E Major,4,2MvvoeRt8NcOXWESkxWn3g,NZUM71300122,1
32,LALISA,LISA,150,4B,65,2025-11-02,03:20,66,k-pop,LALISA,2021-09-10,80,3,0,85,0,10,-6,G#/A♭ Major,4,2KZ3sNqPogEyMUUH6A5HFy,KRA402100098,3
35,DUN DUN,EVERGLOW,103,10A,88,2025-11-02,03:12,63,"k-pop, noise music",reminiscence,2020-02-03,69,5,0,43,0,10,-3,B Minor,4,3ejAkJLWQSEJDqDXxK3efB,KRMIM2001491,3
42,Unforgettable Freestyle,"AryaMusic Records,ciaffa,surelynotsibi42,Ombre2Choc Remix",98,3A,93,2025-11-08,02:02,4,,Unforgettable Freestyle,2025-06-16,53,3,0,38,40,30,-4,A#/B♭ Minor,4,7z3vVppoyXv6vVufh8PB7B,DEUD42565594,1
45,Ice On My Baby,Yung Bleu,75,4A,63,2025-12-05,03:37,63,,Ice On My Baby,2018-04-16,76,26,0,12,0,10,-2,F Minor,4,2DOzJWZCslTQFQPQf6hhhj,USSM11803910,1
48,Me and my,BLACKPINK,151,11B,60,2026-03-02,02:52,76,k-pop,DEADLINE,2026-02-27,82,4,0,57,10,30,-8,A Major,4,5MXcM263QvCTWriH3nVusc,KRA402600002,1
50,FE!N (feat. Playboi Carti),"Travis Scott,Playboi Carti",148,2A,88,2026-03-29,03:11,85,"rap, rage rap",UTOPIA,2023-07-28,57,3,0,20,0,10,-3,D#/E♭ Minor,4,42VsgItocQwOQC3XWZ8JNA,USSM12305010,2
57,that way,Tate McRae,105,8B,38,2026-04-10,02:55,77,,all the things i never said,2020-01-24,45,73,0,33,10,30,-11,C Major,4,7l97ElWmIdVHWUaOeeU5ZC,USRC11903528,1
8,California Love - Original Version,"2Pac,Roger,Dr. Dre",92,9B,85,2025-08-05,04:44,83,"old school hip hop, west coast hip hop, gangster rap, g-funk, hip hop, funk, post-disco, rap",Greatest Hits,1998-01-01,76,3,0,76,0,30,-3,G Major,4,3ia3dJETSOllPsv3LJkE35,USUG10702628,1
28,boys beware,Mad Tsai,110,3A,54,2025-08-05,02:13,63,,teenage nightmare,2024-10-10,78,3,0,78,0,10,-8,A#/B♭ Minor,4,5mA31PQHLnzFkDR8Nnyj5O,QZVEM2372100,2
34,Can't Fight The Moonlight,LeAnn Rimes,98,11A,83,2026-04-15,03:35,73,,I Need You,2001-01-30,63,40,0,63,0,0,-6,F#/G♭ Minor,4,2AogRMqARWyUP7VQ3gmSoY,USCRB0000703,1
35,СВЕТЛАНА!,NEXTIME,125,4A,69,2026-04-16,01:36,72,,СВЕТЛАНА!,2025-11-21,79,3,0,91,0,70,-5,F Minor,4,6glptAOL1GSNQ1kZdWEVjj,RUAGW2510192,2
37,No Hands,Waka Flocka Flame,132,3B,48,2026-04-18,01:12,63,,Brick Squad Boyz,2015-12-11,74,1,0,33,0,40,-8,C♯/D♭ Major,4,2HQqVUYsZcWWA9sDomgCDj,USZEG1501374,1
1,DJ Turn It Up - Single,Misz the Groove Producer,128,6A,62,2026-03-19,03:45,16,smooth jazz,DJ Turn It Up - Single,2013-02-19,82,1,0,64,10,0,-9,G Minor,4,5YhvIm0bbHI6lNn5hejy4o,QMVUG1100014,1
2,That Girl,SuitU Studio,115,6A,66,2026-03-19,03:20,26,,That Girl,2024-01-07,77,15,0,80,0,10,-8,G Minor,4,5gvYyzHnHkBaHhDKUD6lmz,QZFZ22447969,1
3,Cyberqueen,SuitU Studio,122,3A,70,2026-03-19,02:32,27,,Cyberqueen,2026-01-09,65,1,0,26,0,10,-6,A#/B♭ Minor,4,0wG0JryNy7geSm1eFtc5su,QZFYZ2685080,1
4,Dress-up Doll,SuitU Studio,124,12A,92,2026-03-19,02:45,20,,Dress-up Doll,2025-01-09,64,27,0,68,0,10,-4,C♯/D♭ Minor,4,6RMIHuFSK7Gm3fVy6mKaHJ,QZFYZ2554140,1
6,Love Potions Instrumental,"BJ Lips,princess paparazzi",122,1B,83,2026-03-19,02:36,58,,Love Potions,2024-09-27,56,0,15,51,0,30,-8,B Major,4,60BOOum4ofwslLei94YU3K,QZZ8A2423834,1
7,Summer Lover,"BJ Lips,princess paparazzi",128,1B,80,2026-03-19,02:24,47,,Summer Lover,2024-07-31,60,0,0,46,0,10,-8,B Major,4,3RcrfhOw7TYoYAQsBRKxqE,QZWV32411360,1
8,I'll Do It - Sped Up Version,Heidi Montag,121,10A,90,2026-03-19,03:17,61,,I'll Do It,2023-05-12,81,1,78,63,0,0,-4,B Minor,4,4fXFb1WdpPVU6Yup1F5a5K,ZZOPM2343650,1
9,Stiletto Death (Remastered),princess paparazzi,123,8A,84,2026-03-19,03:39,38,,Stiletto Death (Remastered),2024-03-25,62,0,0,28,0,40,-5,A Minor,4,2gp5GqYyxWrMBr4EPXXHnC,QZHN92406441,1
11,Your Slut,"BJ Lips,Mika Montag",114,1B,53,2026-03-19,02:02,62,,Your Slut,2022-04-08,73,1,0,63,0,30,-14,B Major,4,0MDnBQmCTjhYRp17q7JFZY,QZHN42234690,1
12,Bubblegun,Valerie Lighthart,110,4B,60,2026-03-19,02:33,18,dubstep,Small-Town Starlet,2024-07-27,77,8,0,58,0,0,-9,G#/A♭ Major,4,6hC5ga0XXUjZnAWfklKcic,QZNWV2476703,1
17,Your Love Is My Drug,Kesha,120,3B,61,2026-03-19,03:07,80,,Animal (Expanded Edition),2010-01-01,83,1,0,76,10,0,-4,C♯/D♭ Major,4,6vc2Jq2vaGu8z326kSrw92,USRC10900735,1
28,Apple,Charli xcx,126,8B,96,2026-03-19,02:31,78,"hyperpop, art pop",BRAT,2024-06-07,80,13,2,96,0,10,-5,C Major,4,19RybK6XDbAVpcdxSbZL1o,USAT22401350,1
31,SUPERSCAR,ADÉLA,125,11A,76,2026-03-19,03:14,63,,SUPERSCAR,2024-10-25,67,7,0,62,0,10,-5,F#/G♭ Minor,4,5GGA54O0NQK6Bo7nI0cz5k,QZWFK2498985,1
37,CRAZY (feat. PinkPantheress),"LE SSERAFIM,PinkPantheress",130,10A,91,2026-03-19,02:48,62,"k-pop, bedroom pop",CRAZY (feat. PinkPantheress),2024-09-04,77,10,0,75,0,0,-3,B Minor,4,3lLH0FlC2pYCeZEf05zKQn,USA2P2457430,1
38,BANANA SHAKE (SPED UP),HUS,143,11A,96,2026-03-19,04:39,61,shibuya-kei,BANANA SHAKE (SPED UP),2023-02-16,70,6,0,97,0,10,-6,F#/G♭ Minor,4,6qXGfKR1JHtH18PbT15k6F,KRA252300255,1
41,Pop Star - Chaeyoung Remix,"Coco & Clair Clair,CHAEYOUNG",128,8B,75,2026-03-19,03:28,44,,Pop Star (Chaeyoung Remix),2023-10-25,71,1,0,43,0,20,-5,C Major,4,1vQOTeTQlZ5NWX2el2RmlG,QZNWP2350551,1
42,Obsessed,Addison Rae,110,1B,67,2026-03-19,02:14,60,,Obsessed,2021-03-18,88,38,0,47,0,10,-8,B Major,4,1VpKOZ6nnap41hh5CbY8gJ,USA2P2110081,1
45,Barbie World (with Aqua) [From Barbie The Album],"Nicki Minaj,Ice Spice,Aqua",144,8B,58,2026-03-19,01:49,70,"europop, eurodance",Barbie World (with Aqua) [From Barbie The Album],2023-06-23,77,52,0,75,20,20,-8,C Major,4,741UUVE2kuITl0c6zuqqbO,USAT22306213,2
52,LOVER GIRL,Megan Thee Stallion,82,9A,72,2026-03-19,04:24,70,,LOVER GIRL,2025-10-24,69,5,0,70,10,20,-7,E Minor,4,3t6kNqWEd1CPE2nPz6wcQg,NL8RL2567124,1
59,Dancing with Myself,The Donnas,171,10B,97,2026-03-19,03:29,0,riot grrrl,Mean Girls (Original Motion Picture Soundtrack),2004-01-01,45,0,0,76,0,0,-4,D Major,4,7ghsa8hSWzpVVgQhiqMUSU,USRY20411435,1
75,Famous,Charli xcx,202,3B,94,2026-03-19,03:51,38,"hyperpop, art pop",SUCKER,2015-02-09,44,0,0,73,10,10,-3,C♯/D♭ Major,4,6AXoNiKAmN32HBEfhHmfSn,GBAHS1400297,1
77,Fashion Is My Kryptonite (from  Shake It Up: Made In Japan ),"Bella Thorne,Zendaya",125,9B,85,2026-03-19,02:44,37,,Fashion Is My Kryptonite (from  Shake It Up: Made In Japan ),2012-01-01,73,0,0,73,0,20,-4,G Major,4,7H9vfjM5tu6TX2ClilT3u7,USWD11263074,1
78,Who's That Chick?,"David Guetta,Rihanna",128,10A,60,2026-03-19,03:21,24,"edm, ",Party Till Sunrise,2023-05-24,68,0,0,93,10,0,-5,B Minor,4,2xngHHnD3oqWYsuFmXT6wn,FRZID1000700,1
80,This Kiss,Carly Rae Jepsen,128,8B,88,2026-03-19,03:48,50,,Kiss,2012-01-01,74,1,0,70,0,30,-4,C Major,4,4tmIJTSnuvskqsPwB5RCqx,USUM71208964,1
81,Check It Out,"will.i.am,Nicki Minaj",130,3B,69,2026-03-19,04:11,56,,Pink Friday (Complete Edition),2010-11-22,85,5,0,73,0,10,-4,C♯/D♭ Major,4,78qHOMYr8nDUd4fIHS5J7k,USUM71022574,1
84,Pretty Girls,"Britney Spears,Iggy Azalea",103,6A,83,2026-03-19,02:43,56,"pop, ",Pretty Girls,2015-05-04,83,1,0,79,0,20,-6,G Minor,4,6QicTxeiSaRkPnkGDUvYOs,USRC11500679,1
86,Live It Up,"Jennifer Lopez,Pitbull",128,2B,73,2026-03-19,04:03,57,,Live It Up,2013-01-01,69,1,0,64,10,30,-5,F#/G♭ Major,4,2FHdoPa5aWaAmjuf362KJ0,USUM71305777,1
90,4 Minutes (feat. Justin Timberlake and Timbaland),"Madonna,Justin Timberlake,Timbaland",113,10B,91,2026-03-19,04:05,69,,Hard Candy,2008-04-19,71,1,0,80,0,0,-5,D Major,4,0NeZ8Bhhu3Vt5qCKLdvxpw,USWB10800435,1
91,Till the World Ends,Britney Spears,132,4B,71,2026-03-19,03:57,58,pop,Femme Fatale (Deluxe Version),2011-03-25,69,2,0,45,0,20,-6,G#/A♭ Major,4,4jCZebg0Wbgtntd8hpy8Dg,USJI11100074,1
92,3,Britney Spears,135,4A,72,2026-03-19,03:26,57,pop,3 (Remixes),2009-09-29,70,5,0,80,0,10,-2,F Minor,4,7K9d0dwwP5C0IokOrtt1yS,USJI10900602,2
95,International Love (feat. Chris Brown),"Pitbull,Chris Brown",120,5A,86,2026-03-19,03:47,84,r&b,Planet Pit (Deluxe Version),2011-06-17,67,1,0,65,0,30,-3,C Minor,4,62zFEHfAYl5kdHYOivj4BC,USJAY1100015,2
97,The Best of Both Worlds,Hannah Montana,124,3B,86,2026-03-19,02:54,75,,Hannah Montana,2006-01-01,68,5,0,68,0,0,-4,C♯/D♭ Major,3,6Z0F3Mqj7tq1CBZo5qMlUg,USWD10628673,1
98,Life Is a Fairytale,"Barbie,Mattel",145,7B,92,2026-03-19,02:41,50,,A Fashion Fairytale (Music from the Motion Picture),2010-09-14,65,31,0,77,0,40,-5,F Major,4,4WSHrYOCWwseAwC0wt8N9c,USWB12001949,1
99,Get Your Sparkle On,"Barbie,Mattel",132,2B,64,2026-03-19,03:04,51,,A Fashion Fairytale (Music from the Motion Picture),2010-09-14,85,8,0,69,10,20,-6,F#/G♭ Major,4,5BfV2jLTPD0XNsFGjbpljk,USZ5H0912005,1
100,On Top of the World,"Barbie,Mattel",170,10A,62,2026-03-19,03:53,55,,Princess Charm School (Original Motion Picture Soundtrack),2011-12-01,52,1,0,32,0,10,-6,B Minor,4,0S9APYb85eaJ3ledwWNoKW,USZ5H1114010,1
101,If I Had Magic,"Barbie,Mattel",126,7B,83,2026-03-19,02:46,48,,Barbie and the Secret Door,2015-01-01,74,2,3,60,0,0,-5,F Major,4,442DFpCZwp843NYWuZwOjD,USZ5H1417003,1
102,We've Got Magic,"Barbie,Mattel",106,8B,68,2026-03-19,02:28,39,,Barbie and the Secret Door,2015-01-01,36,2,0,13,0,10,-7,C Major,4,4etTWCMAbD8rtdXpknGnq0,USZ5H1417009,1
103,Live in the Moment (from “Barbie & Her Sisters in The Great Puppy Chase”) [single],"Barbie,Chelsea,Mattel",126,3B,96,2026-03-19,03:00,34,,Live in the Moment (from “Barbie & Her Sisters in The Great Puppy Chase”) [single],2016-01-01,65,1,0,56,0,40,-6,C♯/D♭ Major,4,6JKt6osZe1LEsGD1UPOCdj,USZ5H1619176,1
104,Follow Your Passion,"Barbie,Mattel",122,4A,90,2026-03-19,02:27,12,,Follow Your Passion,2024-03-20,80,25,0,67,10,0,-3,F Minor,4,167R2ezxujzd4CA89RNZon,USRH12401003,1
105,Barbie Dreams (feat. Kaliii) [From Barbie The Album],"FIFTY FIFTY,Kaliii",138,2B,79,2026-03-19,02:29,51,"k-pop, ",Barbie Dreams (feat. Kaliii) [From Barbie The Album],2023-07-06,72,38,0,86,0,10,-3,F#/G♭ Major,4,7njDhlprmHJ1I9pM0rxMON,USAT22306164,1
107,Really Don't Care,"Demi Lovato,Cher Lloyd",121,9B,73,2026-03-19,03:21,72,,Demi,2013-01-01,71,12,0,85,0,10,-4,G Major,4,5vTPxzm4h2bY9rYyVrGEU5,USHR11334431,3
112,C'mon (feat. Aminé),"JINI,Aminé",114,9B,79,2026-03-19,03:13,41,"k-pop, ",An Iron Hand In A Velvet Glove,2023-10-11,72,19,0,57,10,30,-6,G Major,4,0mWIAujQDmtG5m7Mu0NTmK,KRA252301718,1
114,if u want me,"adore,Daiela",98,3B,53,2026-03-19,01:40,49,,if u want me,2024-07-19,79,2,51,89,20,0,-8,C♯/D♭ Major,4,4kupKSEh2N586EvBClD0wi,CA5KR2480042,1
115,"Red, Yellow, Green & Blue",Bambee,135,12A,96,2026-03-19,02:54,0,"europop, eurodance, nightcore",Fairytales,2001-01-01,65,0,4,92,0,10,-6,C♯/D♭ Minor,4,7yK9vhCrPCkAJtTZ23VC4f,FR96X2332334,1
118,Think About It,Bratz,105,12A,61,2026-03-19,03:48,42,,Think About It,2025-04-02,76,17,0,89,0,10,-10,C♯/D♭ Minor,4,3ccVB2ELoXifMtbCQ57rz0,QM6N22520471,1
121,Dressing Room,Bslick,117,12A,52,2026-03-19,05:32,37,,Dress To Impress (Original Game Soundtrack),2024-07-28,80,46,93,91,0,10,-14,C♯/D♭ Minor,4,1GuAUaprX4tfOkeoT44QZz,QZTAY2449953,1
126,CRAZY (Instrumental),LE SSERAFIM,130,10A,79,2026-03-19,02:44,42,k-pop,CRAZY (Party Remixes 1),2024-09-02,79,0,92,16,0,0,-4,B Minor,4,0ZnkkW6pf3S9e9IKBZNrm9,USA2P2457425,1
129,Popular,The Veronicas,123,10B,94,2026-03-19,02:43,39,,Hook Me Up,2007-10-30,71,4,0,78,10,30,-2,D Major,3,4XEiqb5c5prR16lCSTArq5,USWB10704608,1
135,Tell Me Something I Don't Know - Soundtrack,Selena Gomez,145,6A,94,2026-03-19,03:21,57,,Another Cinderella Story (Original Motion Picture Soundtrack),2008-08-26,61,3,0,70,10,10,-4,G Minor,4,1UXBbmjIrxjckrbv5EfSVT,USAHF0800005,1
137,"1, 2 Step (feat. Missy Elliott)","Ciara,Missy Elliott",113,4A,51,2026-03-19,03:23,78,hip hop,Goodies,2004-09-27,94,4,0,84,10,0,-11,F Minor,4,7uKcScNXuO3MWw6LowBjW1,USLF20400121,1
139,Totally Spies! Theme Song: Top Secret Mission,"Totally Spies!,Mila Branger",82,12A,83,2026-03-19,02:24,24,,Totally Spies! - Top Secret Mission (Theme Song),2024-11-08,60,0,0,54,0,0,-7,C♯/D♭ Minor,4,6G5f1G2muiDjEOgufC9nLX,FR3X62422001,1
140,Forever Diamondz,Bratz,130,10A,84,2026-03-19,02:40,31,,Forever Diamondz - Collector's Edition,2006-01-01,76,1,0,65,0,30,-6,B Minor,4,7m41MJJ5n2ku8Ien3XPkaM,USUM70607994,1
142,Let Go,Bratz,123,8B,76,2026-03-19,02:55,28,,Forever Diamondz - Collector's Edition,2006-01-01,72,1,0,77,0,20,-6,C Major,4,00E0jKNrdRAGZndUiBrwza,USUM70607768,1
143,Bubblegum,Slumber Party Girls,148,8B,81,2026-03-19,03:24,18,,Dance Revolution,2006-01-01,79,57,0,78,10,0,-4,C Major,4,3mkOKChsjGMIIQEAG9c5uh,USUM70609415,1
144,We're The Bratz,Bratz,100,9B,82,2026-03-19,02:33,30,,We're The Bratz,2023-09-19,77,19,0,46,10,10,-4,G Major,4,3pjhoSQye1f0AlZ4OXsFKG,QMDA62396082,1
153,INFLUEN$eR,"Iliya,BLAGE",95,2B,78,2026-03-19,02:36,40,bass house,INFLUEN$eR,2024-11-22,81,28,0,63,20,40,-4,F#/G♭ Major,4,3LGRB5Mms3Ibg0XuMWjL5R,QZZ7K2420124,1
157,Pretty Girl Era,LU KALA,112,10A,71,2026-03-19,02:35,50,,Pretty Girl Era,2022-12-02,92,19,0,94,10,0,-6,B Minor,4,3w6JB9UckmYZBn4Tsq2kpM,QMDA72269163,1
165,KEEP UP,Odetari,139,3A,83,2026-03-19,02:13,76,hyperpop,KEEP UP // FROSTBITE,2024-07-17,48,2,1,51,0,10,-4,A#/B♭ Minor,4,2yR2sziCF4WEs3klW1F38d,QZZ4J2400386,4
166,Party Like The 80s (w/ asteria & kets4eki),"6arelyhuman,asteria,kets4eki",146,10A,99,2026-03-19,02:46,52,"hyperpop, nightcore",Party Like The 80s (w/ asteria & kets4eki),2024-05-15,52,0,0,34,30,20,-4,B Minor,4,4paXSIe1UNgcdd7E9qIDgb,QZZ4J2400185,1
167,Friesenjung - The Dark Triad - Super Slower + Low Honor,ASCEND,121,9A,69,2026-03-19,02:42,47,tekno,Friesenjung - The Dark Triad - Super Slower + Low Honor,2026-02-05,83,0,66,58,0,20,-7,E Minor,4,66wU5HNoegiKQ7r5Biwywv,QZLBC2601920,1
169,9Pm (Till I Come),ATB,130,8A,94,2026-03-19,03:13,73,trance,Movin' Melodies,1999-04-26,67,3,93,75,0,10,-6,A Minor,4,1CgbwsrNDlFrRuk2ebQ7zr,DEN060301020,1
183,Make It Shine (Victorious Theme) (feat. Victoria Justice),"Victorious Cast,Victoria Justice",137,7B,93,2026-03-19,03:07,48,,Victorious: Music From The Hit TV Show (feat. Victoria Justice),2010-00-00,52,0,0,40,0,0,-3,F Major,4,4M7PM1oAb4FaYIu5wiVnCJ,USSM11000568,1
184,You're The Reason (feat. Victoria Justice),"Victorious Cast,Victoria Justice",98,10B,93,2026-03-19,02:53,42,,Victorious: Music From The Hit TV Show (feat. Victoria Justice),2010-00-00,59,5,0,54,10,0,-3,D Major,4,4k4AibHwZjJ41bXu7ToVSP,USSM11101543,1
185,GLAMOUR - Slowed,"uniqe,nkeeei,ARTEM SHILOVETS,Wipo",97,10B,46,2026-03-19,03:26,57,,GLAMOUR (Slowed),2024-09-25,70,23,0,7,0,10,-6,D Major,4,0VvLvHqFYbviTXK9icYQec,RUAGW2401296,1
193,fashion week - It's Different Remix,"blackbear,It's Different",137,12A,88,2026-03-22,02:33,61,,fashion week (It's Different Remix),2024-10-18,76,1,14,73,0,0,-2,C♯/D♭ Minor,4,4hD17lAwgWhnO7BnFQzahv,CA5KR2492448,1
199,Tonight,PinkPantheress,141,3A,92,2026-03-22,02:54,76,bedroom pop,Fancy That,2025-05-09,73,1,0,84,0,20,-4,A#/B♭ Minor,4,5QCfOMH5K7bS4dH7H7PNeI,GBAYE2500032,1
200,Nobody's Business,"Rihanna,Chris Brown",109,12A,60,2026-03-22,03:36,73,r&b,Unapologetic (Deluxe),2012-12-11,74,4,0,51,0,0,-6,C♯/D♭ Minor,4,6EAxaAk1eZx0aqqH4ff4rP,USUM71214759,1
204,Homewrecked,ADÉLA,120,10A,58,2026-03-22,02:54,62,,Homewrecked,2024-09-13,45,1,0,43,0,60,-6,B Minor,4,2LM9sYdNJvygdXfkbWc0tb,QZTBB2482266,1
205,CLOVER,Cannelle,138,11A,80,2026-03-22,02:33,58,hyperpop,CLOVER,2024-09-20,71,12,0,31,0,0,-7,F#/G♭ Minor,4,5hAM55vP9ItpfFCjdCLIUk,QZWFE2445775,1
206,POISON FLIP - LeeJi Remix,"berryblue,LeeJi",133,6B,48,2026-03-22,01:59,48,"hyperpop, ",GOT ME LIKE,2023-06-23,86,11,0,55,0,0,-10,A#/B♭ Major,4,6zVbbGP5fZU4ELwjNyPf4k,QZK6G2375644,1
207,Pretty Ugly,Zara Larsson,111,5A,67,2026-03-22,02:38,71,,Midnight Sun,2025-09-26,77,4,0,52,0,30,-5,C Minor,4,5FYkRxeoLfVxMqyfNR6TMQ,USSM12501064,1
211,Fashion,Heidi Montag,118,3A,68,2026-03-22,02:55,45,,Superficial (Anniversary Edition),2025-01-11,69,0,0,83,10,0,-5,A#/B♭ Minor,4,6frCxI1ilrT7tsfrwF2wLP,US38Y2429525,1
212,Сладко,SEREBRO,119,8A,78,2026-03-22,03:59,66,,11,2024-07-19,72,0,0,36,0,10,-5,A Minor,4,3runnm7eT71GCu8AwyeMtB,RUA1D1714496,1
217,Slow Down,Selena Gomez,128,12A,82,2026-03-22,03:30,69,,Stars Dance (Bonus Track Version),2013-01-01,72,7,0,72,10,60,-4,C♯/D♭ Minor,4,2OsEJFTfzfjG4oC92cuP2c,USHR11334529,1
228,Goodies (feat. Petey Pablo),"Ciara,Petey Pablo",204,4A,70,2026-03-22,03:43,71,"crunk, southern hip hop",Goodies,2004-06-08,65,4,0,88,20,10,-5,F Minor,4,2H4MC4UVMBqDmv7pd8jX1v,USLF20400041,1
229,2 die 4 (feat. Charli XCX),"Addison Rae,Charli xcx",105,3A,59,2026-03-22,02:06,60,"hyperpop, art pop",AR,2023-08-18,86,49,0,43,0,0,-5,A#/B♭ Minor,4,7lvfYYQXH6fxP7JAiY1tjz,USAT22308532,1
235,Love Potions - 6arelyhuman Remix,"BJ Lips,6arelyhuman,princess paparazzi",122,1B,82,2026-03-22,03:08,57,"hyperpop, ",Love Potions (6arelyhuman Remix),2024-08-14,65,3,0,41,0,10,-7,B Major,4,3SRjttWCWcb3753jR0QKKB,QZZ4J2401320,1
236,Money is Everything,Addison Rae,148,12A,54,2026-03-22,02:02,68,,Addison,2025-06-06,60,0,1,51,0,10,-8,C♯/D♭ Minor,4,0yKuz6SU0TN3ViDaydV9ti,USSM12501568,1
237,I can't do this (Slowed + Reverb),K3NT4!,98,2A,95,2026-03-22,03:25,62,,I can't do this (Remixes),2023-09-15,44,61,77,31,0,20,-5,D#/E♭ Minor,4,07RP1i1ddiJzh3afa0ekgG,QM3DF2295255,1
240,ecstacy (super slowed),SUICIDAL-IDOL,93,9B,72,2026-03-22,02:16,68,hyperpop,ecstacy (super slowed),2023-09-09,48,4,0,38,0,50,-8,G Major,4,4piafr7YSZHYgPvH4n4NeE,USA2P2345539,1
241,Stuck Next To You (Slowed),Tiishe,124,4B,86,2026-03-22,02:14,57,,Stuck Next To You (Slowed),2024-03-13,55,2,77,30,0,30,-8,G#/A♭ Major,4,0EOJe0yZF4g0Ps379pJPt2,QZHN52490708,1
242,2000,"vowl.,Sace",113,3A,86,2026-03-22,01:39,63,witch house,2000,2022-09-29,69,2,90,19,0,20,-5,A#/B♭ Minor,4,3vUMN9hezWjBac9UE8xkVd,QZS652273048,1
243,Stray.wav,$undown,96,4B,84,2026-03-22,01:42,69,,Stray.wav,2024-12-10,49,1,94,74,0,50,-5,G#/A♭ Major,4,1KoWiQGR2ry2N1NvAN5r0M,QZZ7V2407533,1
246,The Lost Soul Down - Slowed & Reverb,NBSPLV,90,8B,52,2026-03-22,04:01,72,,The Lost Soul Down (Slowed & Reverb),2023-05-12,73,3,92,35,0,0,-10,C Major,4,5XtsfMFmpM401S6dbVaOQw,FRX762326812,1
248,Chérie,Wrld2Luis,80,8A,62,2026-03-22,04:17,40,,Chérie,2025-12-12,49,8,1,42,0,40,-14,A Minor,4,3Nx4a4QYV4N1yafXALxZYi,QZW9L2585836,1
250,I'll Do It - Slowed Down Version,Heidi Montag,100,3B,80,2026-03-22,03:57,58,,I'll Do It,2023-05-12,82,1,2,42,0,0,-4,C♯/D♭ Major,4,1lAhLcq9nF1VUKUcEmGrEc,ZZOPM2343651,1
251,Hands Up - Extended Version,"Vanessa Doll,V9P",130,2B,84,2026-03-22,05:56,49,,Hands Up (Extended Version),2023-11-17,75,3,0,75,10,20,-6,F#/G♭ Major,4,1zIS3wcmmUS8Or0m3YEiX9,GXF972454988,1
263,Sad B!tch,CLIP,79,3A,65,2026-03-22,02:15,55,,Sad B!tch,2020-05-25,64,0,0,43,0,10,-9,A#/B♭ Minor,4,6zWcEyrSS9gFtWaixDgp0q,QM42K2061710,2
265,"Sit Still, Look Pretty",Daya,91,10B,73,2026-03-23,03:27,2,,"Sit Still, Look Pretty",2016-10-07,85,29,0,72,10,40,-4,D Major,4,6ZtiywT2Qm50a1uR0jlY35,QM3EH1500005,1
269,Take A Hint (feat. Victoria Justice & Elizabeth Gillies),"Victorious Cast,Victoria Justice,Elizabeth Gillies",134,5B,86,2026-03-23,02:34,54,,Victorious 2.0: More Music From The Hit TV Show (feat. Victoria Justice),2012-09-14,73,0,0,75,0,0,-3,D#/E♭ Major,4,3XHdk0KVdgO2sRH5dqibFB,USSM11200674,1
274,Agua (with J Balvin),"Tainy,J Balvin",100,8A,65,2026-03-23,02:39,64,"reggaeton, latin",The SpongeBob Movie: Sponge On The Run (Original Motion Picture Soundtrack),2021-03-05,78,17,0,57,20,10,-5,A Minor,4,7CtbxAGq2P0jtYh6SH9DMR,USUM72013642,1
275,MY JEALOUSY - Nightcore,"vivi baby,ovg!",131,2A,82,2026-03-23,02:15,57,phonk,MY JEALOUSY (Remixes),2026-01-07,79,3,0,62,0,0,-4,D#/E♭ Minor,4,1FCsPxy7YzeEhE30D2SW9U,QZFZ22635752,1
276,Pretty Scene Girl! - Slowed,"Clover!,Clover Archive",126,1B,91,2026-03-23,02:47,61,"hyperpop, nightcore",Pretty Scene Girl! (Alternative Mixes),2025-08-15,48,0,0,40,0,50,-6,B Major,4,7vBkpj3iTFU5aNNct8ZkoW,QZZ8A2517083,1
277,Joanna,Allexinno & Starchild,128,11A,77,2026-03-25,03:20,24,,Joanna,2013-01-01,72,7,3,51,0,10,-3,F#/G♭ Minor,4,2WsVD110EZrW4VhUBXdQQf,USCGH2681864,1
280,Bing Bang,LazyTown,134,1B,97,2026-03-25,01:58,31,,LazyTown - The Album,2025-12-02,84,2,0,98,0,0,-8,B Major,4,6AJ8q2OXch6mbrw1XrGrJk,ISV442579929,1
284,The Best of Both Worlds - Spotify Singles,Megan Moroney,124,8B,93,2026-03-31,03:00,58,country,The Best of Both Worlds (Spotify Singles),2026-02-18,55,0,0,67,0,40,-4,C Major,4,0G72xBHu2lXcEAAbzo1Ehf,USQX92601871,1
285,Blade Runner Blues,Vangelis,107,10B,8,2026-04-04,08:54,53,new age,Blade Runner (Music From The Original Soundtrack),1994-06-06,18,48,0,8,0,10,-26,D Major,4,575blCgesVtCu0HEYaIcas,GBAHS0104437,1
286,They Are Right,samou sousou,122,3B,42,2026-04-04,01:22,25,,They Are Right,2025-09-29,81,1,48,46,0,30,-15,C♯/D♭ Major,4,4ewrltCHiDk4PfsT9KKbAp,QZTPX2564888,1
287,MY JEALOUSY,"vivi baby,ovg!",120,11B,73,2026-04-04,02:30,76,phonk,MY JEALOUSY,2025-12-24,80,2,0,82,0,0,-4,A Major,4,2eZlv5pUAVdJ130QzfyUSD,QT6G32578110,1
288,Hate Me,"Ellie Goulding,Juice WRLD",75,4B,79,2026-04-04,03:08,84,"melodic rap, emo rap",Brightest Blue,2020-07-16,64,9,0,76,0,10,-5,G#/A♭ Major,4,15og0pCEcTFWEXOFKdcJlU,GBUM71902944,1
289,Stereo Love,"Edward Maya,Vika Jigulina",127,11B,78,2026-04-04,04:07,75,,Stereo Love,2009-07-07,78,3,2,36,0,0,-5,A Major,4,0gBfLS4aqbrr1ZvVv8dqWB,ROCMA0901578,1
290,Unforgettable PnB Rock,Ombre2Choc Remix,98,3A,75,2026-04-04,02:02,50,,Unforgettable PnB Rock,2025-10-30,63,33,0,80,10,10,-8,A#/B♭ Minor,4,4IXMdKBHt80ySetuddK7Qr,FRDKW2308135,1
291,Giddy Up,Now United,126,2A,82,2026-04-10,02:42,37,,Giddy Up,2025-11-01,67,1,1,96,0,0,-4,D#/E♭ Minor,4,6zIy9JIOU6rrQond3LcFQd,QZBQM2500009,1
293,OWA OWA,Lil Tecca,126,3B,73,2026-04-14,02:12,67,"melodic rap, rap",OWA OWA,2025-05-30,72,4,0,44,0,10,-8,C♯/D♭ Major,3,5E3XPRJVgYnxhMAFI7nZ7N,USUM72505592,1
294,So Pretty,Reyanna Maria,188,3A,54,2026-04-14,01:25,29,,So Pretty,2021-01-20,80,5,4,25,20,10,-6,A#/B♭ Minor,4,1yLTcitjbEJr7a4jyDB0Lz,USUM72100871,1
296,My Type,Saweetie,105,10B,81,2026-04-14,02:06,71,,ICY,2019-03-29,90,0,0,59,20,0,-6,D Major,4,5KBARWIxeMGkvUax9VtVC9,USWB11900833,1
297,Miku,"Anamanaguchi,Hatsune Miku",128,3B,71,2026-04-16,03:43,70,vocaloid,Miku,2016-05-24,72,27,0,55,0,10,-6,C♯/D♭ Major,4,7aux5UvnlBDYlrlwoczifW,USA2P1654313,1
300,Angelina,Tommy Genesis,140,3A,41,2026-04-27,02:10,50,,Angelina,2023-08-09,89,15,0,58,0,10,-8,A#/B♭ Minor,4,4d1GZHzLa51BDMW8LO9BlW,QM4DW1548468,1
301,KAWAII,Tatarka,83,3A,69,2026-04-27,02:07,58,,GOLDEN FLOWER,2020-10-29,77,2,0,41,10,30,-5,A#/B♭ Minor,4,46AX8pgh331m7C7q2t9Jra,RUA582001906,3
1,Yahman Hard Bass (feat. Blacky Taiki & 崖の上のオニョ),"Bar Yahman,Blacky Taiki,崖の上のオニョ",155,8B,83,2026-02-12,02:31,39,,Yahman Hard Bass (feat. Blacky Taiki & 崖の上のオニョ),2022-03-25,75,4,0,67,10,0,-7,C Major,4,0jCIwR1vPPqdsUp7d8xvTl,TCJPR2245952,1
2,Pra Cima,Playsson,150,8B,90,2026-02-15,01:50,51,j-rap,ASOBE,2024-06-12,85,13,0,85,10,0,-5,C Major,4,2Flo3kpCf1aA2tPnxGFh7E,TCJPA2468863,1
3,OMAE (feat. 百足 & 韻マン),"JAKEN,MUKADE,INMAN",105,4B,70,2026-02-22,03:41,48,j-rap,OMAE (feat. 百足 & 韻マン),2024-10-16,55,2,0,39,0,20,-8,G#/A♭ Major,4,4yAFlvwQPmXgGfyCEIO9tA,TCJPC2420864,1
4,Kawasaki Drift,BAD HOP,176,1B,68,2026-03-21,04:37,62,"j-rap, hip hop",BAD HOP HOUSE,2018-06-15,74,1,0,33,20,10,-5,B Major,4,1fbMGnVgmS72f4CUWnPTMU,TCJPH1815712,1
8,Clouds,Any Name's Okay,90,6B,76,2023-08-13,03:43,44,"pinoy indie, opm, harana, parang, kundiman",Clouds,2019-08-30,55,1,0,63,0,0,-5,A#/B♭ Major,4,4xy6P7NgxEzaai4WUlVDsB,GBLFP1853474,1
13,Until The End Of Time (with Beyoncé),"Justin Timberlake,Beyoncé",119,10A,37,2024-03-03,05:22,65,,FutureSex/LoveSounds Deluxe Edition,2006-09-13,56,27,0,47,0,20,-7,B Minor,4,2wZTnl0pPFr3HBcyXfOaVJ,USJI10700679,1
14,Passenger Seat,Stephen Speaks,153,9B,55,2024-07-13,04:34,73,"opm, harana",No More Doubt,2001-09-04,52,75,0,77,0,30,-8,G Major,4,2PTzfXh5Ut3hjRrWGyafz6,TCACK1580381,1
15,Tattoo,Jordin Sparks,168,10B,77,2025-06-12,03:53,65,,Jordin Sparks,2007-11-19,57,43,0,55,0,10,-5,D Major,4,1oi3vkeOGXAd3qljM5o9Oe,GBCTA0700266,1
16,safety net (feat. Ty Dolla $ign),"Ariana Grande,Ty Dolla $ign",162,12A,60,2026-04-06,03:28,70,"pop, trap soul",Positions,2020-10-30,55,7,0,9,0,10,-6,C♯/D♭ Minor,4,14gkWVFMwdxBMyqBw1wmIg,USUM72020432,1
18,Love Me Like You Do - From  Fifty Shades Of Grey ,Ellie Goulding,190,4B,61,2026-04-09,04:12,80,,Delirium (Deluxe),2015-11-06,26,25,0,28,0,10,-7,G#/A♭ Major,4,3zHq9ouUJQFQRf3cm1rRLu,GBUM71406823,1
19,I'll Kill You (feat. Jhené Aiko),"Summer Walker,Jhené Aiko",104,3A,44,2026-04-11,02:59,66,r&b,Over It,2019-10-04,68,43,0,36,10,10,-9,A#/B♭ Minor,4,7EkiMl81fUHVwpItgtzI4r,USUM71919099,1
20,YES IT IS,Leon Thomas,122,4A,64,2026-04-21,03:48,72,,MUTT,2024-09-27,76,59,0,29,10,10,-6,F Minor,4,2iksjpqL3eraxCBKqNHuqd,USUM72409197,1
7,UP - KARINA Solo,aespa,99,11A,78,2025-08-25,02:46,73,k-pop,SYNK : PARALLEL LINE - Special Digital Single,2024-10-09,78,1,0,38,0,0,-4,F#/G♭ Minor,4,5sjnkOfTLCLNfkkchI2re2,KRA302400367,1
8,ABCD,NAYEON,106,2A,93,2025-08-25,02:42,57,k-pop,,2024-06-14,68,4,0,86,0,10,-3,D#/E♭ Minor,4,53rB05bAi7JdNbUfgz72I1,US5TA2400099,1
11,BATTER UP,BABYMONSTER,130,10A,69,2025-08-25,03:08,73,k-pop,BATTER UP,2023-11-27,90,7,0,87,10,10,-5,B Minor,4,3VBj0lzjmhTzVFPEDOjNCG,KRA402300048,1
13,Killin′ Me Good,JIHYO,112,7B,92,2025-08-25,03:05,48,k-pop,ZONE,2023-08-18,74,21,0,67,0,0,-1,F Major,4,0YlS16W4HY6CJVk7Q750Yu,US5TA2300087,1
18,Shake It To The Max (Done With Ya Ex),"MOLIY,Silent Addy,Gladdest",98,5A,61,2025-08-25,01:33,61,"alté, shatta, ",Shake It To The Max (Done With Ya Ex),2025-05-15,88,51,0,47,20,10,-6,C Minor,4,6Dm6dbBGa8FpEC73fCK7ZO,QZS7J2517699,1
21,KAWAII,Tatarka,83,3A,69,2025-08-25,02:07,58,,GOLDEN FLOWER,2020-10-29,77,2,0,41,10,30,-5,A#/B♭ Minor,4,46AX8pgh331m7C7q2t9Jra,RUA582001906,3
22,"MORECHAU feat. edhiii boi, Janet真夢叶(ぺろぺろきゃんでー), JIMMY(PSYCHIC FEVER)","s**t kingz,edhiii boi,Janet真夢叶,PERO PERO CANDY,JIMMY",160,10B,73,2025-08-25,02:37,37,"j-r&b, j-rap, p-pop","MORECHAU feat. edhiii boi, Janet真夢叶(ぺろぺろきゃんでー), JIMMY(PSYCHIC FEVER)",2024-07-10,77,4,0,72,10,10,-5,D Major,4,7BcCClwdkM71fsisCYgaUQ,JPC102400188,1
24,III (Sena x Justen Cover),"Sena Kiryuin,Justen Kuwabatake",131,4B,94,2025-08-25,03:10,55,"vocaloid, ",III (Sena x Justen Cover),2025-07-18,63,1,0,72,0,30,-5,G#/A♭ Major,4,48LQTzDvGCZnDhqVsJudZ9,QMDA62550032,1
26,"SHOW YOU CAN (Prod. Czaer, JAKOPS)","MAYA,COCONA,XG",100,3B,87,2025-08-25,03:14,48,"k-rap, k-pop",Street Woman Fighter2 (SWF2) Crew Songs,2023-08-22,94,5,0,70,10,20,-5,C♯/D♭ Major,4,5XdxtGNFQTxDiTygagtrWi,KRA492300768,1
28,Typa Girl,BLACKPINK,132,9B,60,2025-08-25,02:59,40,k-pop,BORN PINK,2022-09-16,92,6,0,51,0,60,-7,G Major,4,2hPJcTRIOEqCWTMpYQZNnr,KRA402200022,1
34,SOMETHING AIN'T RIGHT,XG,124,12A,88,2025-08-25,03:10,62,k-pop,SOMETHING AIN'T RIGHT,2024-07-26,77,11,0,75,0,30,-4,C♯/D♭ Minor,4,4xzrnTQ0CVRj6LBisVyTum,JPB602402486,1
37,"쏘리 쏘리 Sorry, Sorry",SUPER JUNIOR,130,10A,97,2025-08-25,03:52,63,k-pop,"쏘리 쏘리 Sorry, Sorry - The 3rd Album",2009-03-11,71,2,0,96,0,20,-2,B Minor,4,5w18nowVMRZrC5Na9Vxoth,KRA300803166,1
38,KIDDING ME,ITZY,138,4B,77,2025-08-25,03:33,24,k-pop,GUESS WHO,2021-04-30,76,22,0,42,0,10,-4,G#/A♭ Major,4,1muZkKwVHfv8hS77RG2G2I,US5TA2100005,3
43,Make A Wish (Birthday Song),NCT U,101,4B,80,2025-08-25,03:49,60,"k-pop, noise music",NCT RESONANCE Pt. 1 - The 2nd Album,2020-10-12,73,6,0,69,10,0,-2,G#/A♭ Major,4,1Q5SpQeocfNXefx76svqkl,KRA302000484,2
47,Honeypie,JAWNY,115,4A,69,2025-08-25,02:15,80,bedroom pop,For Abby,2020-10-27,74,6,0,94,0,10,-4,F Minor,4,6FfLg6FFqhCsrFOaHIGkg0,GBKPL1946902,1
49,Bluma to Lunch,BLOOM VASE,124,9B,73,2025-08-25,02:39,58,"j-rap, j-pop",BLOOM SQUAD,2020-12-19,76,3,0,79,0,10,-5,G Major,4,3EYWY7XBj1BkCKX3R3hoZk,TCJPN2029465,1
51,Kick It,NCT 127,167,9B,85,2025-08-25,03:53,57,"k-pop, noise music",NCT #127 Neo Zone - The 2nd Album,2020-03-06,68,3,0,51,0,0,-2,G Major,4,0yFq4GHDqLfeceyAs63B3W,KRA302000069,2
53,燃えよ,Fujii Kaze,138,8B,88,2025-08-26,04:37,57,j-pop,LOVE ALL SERVE ALL,2022-03-23,62,0,0,83,0,30,-6,C Major,4,3nPRJP6hLZx32covZfpB6p,JPPO02103325,1
54,FANTASTIC BABY - Japanese ver.,BIGBANG,130,10A,83,2025-08-28,03:51,62,k-pop,ALIVE,2012-03-28,72,0,0,43,0,0,-3,B Minor,4,26JeAi8xsSvLRoNsl9B8Js,JPB601211901,1
55,BANG BANG BANG - KR Ver.,BIGBANG,135,3B,84,2025-08-28,03:41,58,k-pop,MADE SERIES,2016-02-03,70,2,0,44,0,30,-3,C♯/D♭ Major,4,6iu311jZAJFLPgoIWgrA72,KRA401500556,1
57,GALA,XG,131,11A,87,2025-10-01,03:47,55,k-pop,GALA,2025-09-19,81,5,0,40,0,50,-6,F#/G♭ Minor,4,6laUIsJKwTQMXAAEKnCwES,JPB602502960,1
61,My Body,HANA,125,10B,80,2025-11-02,03:23,68,j-pop,My Body,2025-10-13,76,22,0,61,0,10,-5,D Major,4,4tQPrEh1GZYlSLDx5gLtxs,JPU902503574,1
62,死神,Kenshi Yonezu,119,10B,66,2025-11-10,03:00,62,"j-pop, anime, j-rock",LOST CORNER,2024-08-21,81,3,0,96,0,0,-6,D Major,4,40hkl3lXipFNq1asps3J9b,JPU902101134,1
63,KICK BACK,Kenshi Yonezu,102,3B,94,2025-11-10,03:14,72,"j-pop, anime, j-rock",LOST CORNER,2024-08-21,58,0,0,30,10,0,-5,C♯/D♭ Major,4,7oYCBKvdjrqp5vDbhDBuac,JPU902203702,4
64,You Can't Stop This,Alex Warren,144,7A,68,2025-11-13,02:41,76,,"You'll Be Alright, Kid",2025-07-18,64,1,0,70,0,20,-5,D Minor,4,15ugBBMTmevxMc2WSbRULC,USAT22503784,1
65,&ME - ME:I Ver.,ME:I,145,4B,96,2025-11-16,02:56,47,j-pop,MIRAI,2024-04-15,57,1,0,50,10,0,-2,G#/A♭ Major,4,2Y8hillI1fZE0Y8WTt0n17,JPN002400051,1
66,Finesse,Bruno Mars,105,4A,80,2025-11-18,03:11,80,,24K Magic,2016-11-18,74,1,0,94,0,0,-5,F Minor,4,5XMkENs3GfeRza8MfVAhjK,USAT21602952,1
69,Chunky,Bruno Mars,202,4A,54,2025-11-18,03:06,75,,24K Magic,2016-11-18,57,2,0,73,10,10,-4,F Minor,4,0mBKv9DkYfQHjdMcw2jdyI,USAT21602946,1
72,Me Against the Music (feat. Madonna) - LP Version / Video Mix,"Britney Spears,Madonna",120,11A,84,2025-11-30,03:43,63,"pop, ",In The Zone,2003-11-13,80,32,0,85,0,20,-7,F#/G♭ Minor,4,7mS8RbJji2UZAaguRGsOCH,USJI10300966,1
73,Me Against The Music,Glee Cast,120,10A,91,2025-12-01,03:45,41,christmas,"Glee: The Music, Volume 4",2010-11-26,83,9,0,79,0,10,-6,B Minor,4,07DXC9tg5mySIQfRoVHYmI,USQX91001059,1
75,Talkin' About It (feat. 24kGoldn),"JIHYO,24kGoldn",120,10A,88,2025-12-26,02:50,33,"k-pop, ",ZONE,2023-08-18,82,26,0,68,0,0,-2,B Minor,4,101DvCcvEhmsbbcYkgWzkf,US5TA2300088,1
76,ROSE,HANA,125,8B,86,2026-01-06,02:44,70,j-pop,ROSE,2025-04-02,75,7,0,37,0,10,-4,C Major,4,5JTNhYqB0eG0ivgZcBviJ0,JPU902500941,1
77,Tiger,HANA,115,10B,81,2026-01-06,03:10,71,j-pop,ROSE,2025-04-23,84,4,0,54,0,0,-3,D Major,4,20VZXnRzvcS0qVMOThjjmM,JPU902501070,1
79,新宝島,sakanaction,158,6A,92,2026-01-06,05:02,58,"j-pop, j-rock, japanese indie",魚図鑑,2018-03-28,56,0,1,65,0,40,-3,G Minor,4,6ODZT1FGTE2q4two05giS1,JPVI01527970,1
84,Eve,Eve feat. Miss Kitty,150,3B,80,2026-03-09,03:32,21,,Lip Lock,2013-05-14,64,3,0,42,10,20,-5,C♯/D♭ Major,4,0QTPxhQtFWdl4ppmVuc53P,USDPK1300115,1
86,カリスマックス - CHARISMAX,Snow Man,156,9B,93,2026-04-09,02:57,74,j-pop,カリスマックス (CHARISMAX),2025-08-25,60,2,0,50,30,30,-4,G Major,4,76OElzXqlyLCdlSypwSKBy,JP92N2599206,1
88,TGIF,XG,128,9B,81,2026-04-11,02:51,46,k-pop,NEW DNA,2023-09-27,87,3,0,67,10,20,-5,G Major,4,1yA3dhcyPsVY5rDJ9V8cOD,JPB602302852,1
89,PINKY UP,KATSEYE,152,3A,88,2026-04-15,02:11,90,k-pop,PINKY UP,2026-04-09,84,1,0,58,10,10,-5,A#/B♭ Minor,4,4KmkJjHTNlr1jFY56Lyz4E,USUM72601592,1
90,Hot & Sexy,Zara Larsson,125,10B,84,2026-04-24,03:09,51,,Midnight Sun,2025-09-25,82,12,0,59,0,20,-5,D Major,4,4ZwesbtAZQaXbwx6GMnGhC,USSM12504061,1
1,Ms. Whitman,Bhad Bhabie,80,9B,74,2025-03-24,02:06,70,,Ms. Whitman,2025-02-25,83,56,0,83,40,30,-8,G Major,4,1LjSbD1yQ0RQc6mwxGHw4m,CH7811115182,1
11,My Trains,Lemon Demon,110,12B,57,2025-03-24,04:04,40,,Nature Tapes,2014-11-02,75,0,0,80,0,0,-12,E Major,4,2ZDyf27V6u99YgChCffKSy,TCACB1427922,2
13,She's So Nice,Pink Guy,86,11A,58,2025-03-24,02:43,61,,Pink Season,2017-01-04,83,60,0,59,10,0,-8,F#/G♭ Minor,4,0Dfctnkk9xIikDKJ06uwzo,QZ4JJ1704549,3
15,Touch You,"遠野高志,加島優,矢口恭介,ジミー,百合絢斗,田村唯,明美圭一,糸目幸士郎,鹿谷樹",135,1A,96,2025-03-24,03:26,69,anime,アニメ『ヤリチン☆ビッチ部』主題歌「Touch You」,2018-08-15,60,1,0,80,0,10,-3,G#/A♭ Minor,4,6qWEpnyU43Bcrx3vfbGuVm,JPV431800250,3
16,Die Young,Kesha,128,12A,70,2025-03-24,03:31,82,,Warrior (Expanded Edition),2012-11-30,71,0,0,80,0,20,-5,C♯/D♭ Minor,4,7EQGXaVSyEDsCWKmUcfpLk,USRC11201008,5
18,Two Trucks,Lemon Demon,114,8A,39,2025-03-24,04:07,46,,Nature Tapes,2014-11-02,76,5,0,90,0,10,-13,A Minor,4,1s5A0u1dnAeVNur5nPkCpD,TCACB1427915,4
24,Team,Mag.Lo,140,1B,93,2025-03-24,02:06,5,,Team,2016-07-10,73,18,1,69,10,0,-6,B Major,4,77VHb191LLkpsYJTS2cgEc,TCACQ1624904,3
25,TRRST,"IC3PEAK,ZillaKami",135,8B,53,2025-03-24,03:04,0,"witch house, trap metal, emo rap, horrorcore, rap metal",До Свидания,2020-04-24,60,40,0,15,0,30,-9,C Major,4,4A0YuzcYuEEP8A3oEZTddL,QM6MZ2019111,2
26,Яд,IC3PEAK,161,1B,72,2025-03-24,02:58,0,witch house,Сладкая жизнь,2017-11-07,59,2,48,21,0,10,-4,B Major,4,7ChVuylMvcZs9FQ22XUmrU,QM7281747369,2
28,Fuck,Oliver Tree,130,10B,49,2025-03-24,02:34,44,,Fuck,2019-04-12,83,1,0,11,20,20,-8,D Major,4,6Wt4HzxqWDuHM5b4epx2jP,USAT21901826,2
29,A Party Song (The Walk of Shame),All Time Low,99,5B,96,2025-03-24,02:59,39,"pop punk, emo, punk",Nothing Personal (Deluxe Version),2009-07-07,55,1,0,61,0,10,-3,D#/E♭ Major,4,1RhrMPd8wdpM2gTI6aiUQA,USHR20947010,2
30,Mask - Sus Remix,--,118,3B,71,2025-03-24,02:53,0,,Mask (Sus Remix),2021-08-23,61,64,0,76,0,10,-6,C♯/D♭ Major,4,3odYtbE5zKZ3UWvwzovZ5i,QZMEM2132735,2
31,Body Language,Doja Cat,96,4B,47,2025-03-24,04:05,43,,Amala (Deluxe Version),2019-03-01,72,28,0,69,0,10,-7,G#/A♭ Major,4,6UNV8mflEmh8PJqeTPC1p3,USRC11801372,2
34,Wish You'd Make Me Cry,UPSAHL,97,10A,69,2025-03-24,03:04,45,,Wish You'd Make Me Cry,2019-07-26,57,2,0,53,0,10,-5,B Minor,4,5SeRgzC0LGn44yT7kJ3y2W,USQX91901611,2
35,Ascension (feat. Vince Staples),"Gorillaz,Vince Staples",152,3B,91,2025-03-24,02:35,60,,Humanz (Deluxe),2017-04-28,68,59,0,52,10,10,-3,C♯/D♭ Major,4,2bBMODHVTXGwE2aZYfbgCt,GBAYE1700161,3
36,Out the Ox,Jack Stauber's Micropop,130,12B,68,2025-03-24,03:29,43,,Deploy / Those Eggs Aren't Dippy / Out the Ox,2019-11-04,70,19,1,82,10,50,-6,E Major,4,05apAG89Q4uUWT3Jl5rKoc,QZHN91912020,2
39,Last Night,Ricky Montgomery,138,12B,96,2025-03-24,04:03,49,,Montgomery Ricky,2016-04-01,54,0,0,81,0,30,-4,E Major,4,69dV0XDWwT1g7oLLE4lbJs,USA2P1624699,2
40,Close to the Top,Måneskin,144,10A,95,2025-03-24,02:18,54,,Il ballo della vita,2018-10-26,66,1,0,87,10,20,-2,B Minor,4,3FjZBgicqgvLsxs1u9632V,ITB001800491,2
50,Grilling Niggas,cupcakKe,150,3B,69,2025-03-24,02:55,54,,Grilling Niggas,2019-09-20,87,15,0,25,20,50,-5,C♯/D♭ Major,4,65UFucLPiVySQbDxw7zpqu,TCAEK1990042,3
52,Chop,Vundabar,80,3B,78,2025-04-17,02:49,49,,Gawk,2015-07-24,42,47,31,48,0,30,-5,C♯/D♭ Major,4,6ouQW2sUweAmRKeYcvSyrC,USDY41567482,2
55,Electricity,Arctic Monkeys,150,9A,92,2025-04-25,03:01,51,"indie, garage rock",R U Mine? / Electricity,2012-04-23,39,0,58,48,0,20,-7,E Minor,4,7rWpSbLgcaWXsvS4o9wJXD,GBCEL1200129,2
57,Literal Legend (Remix),Ayesha Erotica,137,3A,51,2025-05-27,01:46,0,,Literal Legend,2017-01-01,70,0,0,51,30,10,-14,A#/B♭ Minor,4,07eTbMY8H5DBmDwqLLP7OR,QZMEQ2102824,2
1,Se Preparó,Ozuna,171,3B,82,2024-01-02,03:08,84,"reggaeton, trap latino, latin, urbano latino",Odisea,2017-08-25,74,22,0,69,0,30,-4,C♯/D♭ Major,4,1m69ELEgE6k5ZWsap40ozt,USXDR1700552,1
2,HARLEY QUINN,"Fuerza Regida,Marshmello",125,4A,76,2024-01-02,02:23,80,"corrido, corridos tumbados, corridos bélicos, música mexicana, banda, sierreño, sad sierreño, electro corridos, edm",Pa las Baby's Y Belikeada,2023-10-20,79,7,0,64,10,20,-5,F Minor,4,6CvTEtGagmzQvkUzzyKR9k,QZ9QQ2300781,1
3,QLONA,"KAROL G,Peso Pluma",170,6A,74,2024-01-02,02:52,81,"reggaeton, latin, urbano latino, corrido, corridos tumbados, corridos bélicos, música mexicana, sad sierreño, banda",MAÑANA SERÁ BONITO (BICHOTA SEASON),2023-08-10,84,52,0,48,30,0,-7,G Minor,4,5RqSsdzTNPX1uzkmlHCFvK,USUG12305257,1
4,MI EX TENÍA RAZÓN,KAROL G,160,4A,73,2024-01-02,02:34,79,"reggaeton, latin, urbano latino",MAÑANA SERÁ BONITO (BICHOTA SEASON),2023-08-10,63,8,0,80,0,20,-5,F Minor,4,54zcJnb3tp9c5OVKREZ1Is,USUG12305253,1
5,Si No Le Contesto,"Plan B,Tony Dize,Zion & Lennox",95,12A,71,2024-01-02,04:28,0,"reggaeton, latin",Pina Records Present: # 1 Xclusive Urban Remixex,2011-12-20,74,8,0,59,0,80,-5,C♯/D♭ Minor,4,4ta5LNjfZ7sogRgzFpvPc8,USB271000295,1
6,Na De Na,"Angel Y Khriz,Gocho  El Lápiz De Platino ,John Eric",120,2B,89,2024-01-02,03:22,76,"reggaeton, ",Showtime,2008-00-00,88,18,0,68,10,10,-6,F#/G♭ Major,4,2Jz1X6ZB0gkkCVgmeVGVGp,USUM70800266,1
7,Salió El Sol,Don Omar,110,9A,70,2024-01-02,05:15,82,"reggaeton, urbano latino",King Of Kings,2006-01-01,89,11,1,97,0,0,-6,E Minor,4,48NXpYRuvv9izul4oXhqS9,USUM70603099,1
8,Borro Cassette,Maluma,176,4A,70,2024-01-02,03:27,86,"reggaeton, latin, urbano latino","Pretty Boy, Dirty Boy",2015-10-30,73,13,0,79,10,10,-6,F Minor,4,6DUdDIRgLqCGq1DwkNWQTN,USSD11500124,1
9,Atrévete-Te-Te,Calle 13,88,11B,88,2024-01-02,03:59,77,"latin hip hop, latin alternative, reggaeton",Calle 13 (Explicit Version),2005-00-00,83,10,0,88,10,70,-6,A Major,4,1q8NdCAQ9QUjpYiqzdd3mv,US3H30500209,1
10,Danza Kuduro,"Don Omar,Lucenzo",130,8B,90,2024-01-02,03:18,8,"reggaeton, urbano latino, kuduro",Fast Five (Original Motion Picture Soundtrack),2011-01-01,70,9,0,90,0,0,-6,C Major,4,4sCSUQnWQ6HJsOMjfPicdn,USUM71020778,2
12,I'm Still in Love with You (feat. Sasha),"Sean Paul,Sasha,Jeremy Harding,Murray Elias",87,9B,67,2024-01-02,04:33,3,"dancehall, reggae, riddim, ",Dutty Rock,2002-11-12,77,10,0,76,10,10,-5,G Major,4,3MhdH8PxqH1FuQp3HBptUI,USAT20202578,1
13,Culo,"Pitbull,Lil Jon",60,11A,66,2024-01-02,03:39,56,crunk,Original Hits,2012-05-08,86,11,0,97,30,10,-5,F#/G♭ Minor,4,5lYX9tp6KxYwPfnNGZpEE6,USTV10400126,1
14,El Taxi,"Pitbull,Osmani Garcia  La Voz ",95,9B,69,2024-01-02,04:09,71,,Dale,2015-07-17,87,12,0,88,10,10,-7,G Major,4,1LbGorB0xOfpiXQJFKB2Nd,USNPW1500186,1
16,In Da Club,50 Cent,90,11A,71,2024-01-02,03:13,36,"old school hip hop, east coast hip hop",SHADYXV,2014-11-24,91,31,0,79,30,0,-3,F#/G♭ Minor,4,0AoBYHF2GvkuEegYVhlx5y,USIR10300033,1
17,La Vida Es Así,Ivy Queen,156,7B,80,2024-01-02,03:12,61,reggaeton,Drama Queen (Deluxe Version),2010-01-01,71,5,0,48,10,40,-8,F Major,4,4zK05ecddIq3vfd08Aqi8y,USUM71012902,1
18,"Te He Querido, Te He Llorado",Ivy Queen,95,10A,85,2024-01-02,04:13,63,reggaeton,Flashback,2005-10-04,77,33,0,59,0,10,-6,B Minor,4,61HuVAedKGMO7jWl8ZyALQ,QM7281713655,1
20,Lane Boy,Twenty One Pilots,160,9B,81,2024-01-02,04:13,67,,Blurryface,2015-05-15,62,6,0,91,0,0,-5,G Major,4,2P61EK6DMGyVyssLWS4fKy,USAT21500599,1
21,Chlorine,Twenty One Pilots,90,3A,67,2024-01-02,05:24,78,,Trench,2018-10-05,61,7,6,32,0,30,-7,A#/B♭ Minor,4,23OXdR7YuUBVWh5hSnYJau,USAT21810687,1
24,Loco,"Justin Quiles,Chimbala,Zion & Lennox",128,4B,90,2024-01-02,03:51,65,"reggaeton, dembow, latin",Loco,2021-05-13,77,22,0,85,0,0,-3,G#/A♭ Major,4,6PDlkWmrq2ZKiUuFt2aQsH,USWL12100223,1
25,Quiero Bailar,Ivy Queen,95,7B,85,2024-01-02,03:04,0,reggaeton,Diva Platinum Edition,2004-01-01,85,30,0,74,10,20,-5,F Major,4,1EyH5BK5Cx5XzQyEDks0fT,USUG10300820,1
26,Wake Up,STOP,133,7A,59,2024-01-02,07:42,50,"hi-nrg, disco",The Latin Connection,1989-06-01,79,0,81,78,0,10,-13,D Minor,4,7AERV8NHv04U0xGM5Wac62,US83Y0552612,1
30,Funky Town,Lipps Inc.,122,8B,63,2024-01-02,03:59,4,disco,Paradas Continuas,2009-10-20,91,0,62,34,0,10,-8,C Major,4,7723JnKU2R15Iv4T7OJrly,MX1900900138,1
31,"Taki Taki (feat. Selena Gomez, Ozuna & Cardi B)","DJ Snake,Selena Gomez,Ozuna,Cardi B",96,12A,80,2024-01-02,03:32,77,"reggaeton, trap latino, latin, urbano latino, ",Carte Blanche,2019-07-25,84,16,0,62,20,0,-4,C♯/D♭ Minor,4,0KoiMHhqKLoL4xM54rcWYY,USUG11802029,1
32,Astronomia,"Vicetone,Tony Igy",126,7B,95,2024-01-02,03:18,59,"edm, ",Astronomia,2016-09-16,65,1,92,33,10,40,-3,F Major,4,665AK0ovB11McZRwfa852G,DK4YA1609401,1
34,Baila Baila Baila,Ozuna,100,10A,63,2024-01-02,02:38,72,"reggaeton, trap latino, latin, urbano latino",Nibiru,2019-11-29,84,6,0,59,10,20,-6,B Minor,4,5PXsZaT8cOxb4mXrA20PMQ,QM7281886206,1
35,RITMO (Bad Boys For Life),"Black Eyed Peas,J Balvin",105,3A,70,2024-01-02,03:34,52,"reggaeton, latin",Translation,2020-06-18,72,3,0,68,0,70,-7,A#/B♭ Minor,4,4NCsrTzgVfsDo8nWyP8PPc,USSM11912430,1
36,Breaking Me,"Topic,A7S",122,1A,72,2024-01-02,02:46,74,,Breaking Me,2019-12-19,79,22,0,66,20,10,-6,G#/A♭ Minor,4,3H7ihDc1dqLriiWXwsc2po,DEUM71906724,1
37,Con Calma,"Daddy Yankee,Snow",94,1A,86,2024-01-02,03:13,82,"reggaeton, latin, ",Con Calma,2019-01-24,74,11,0,66,0,0,-3,G#/A♭ Minor,4,5w9c2J52mkdntKOmRLeM2m,US2BU1900125,1
38,Baila Conmigo - Willy William Remix,"Dayvi,Victor Cardenas,Kelly Ruíz,Willy William",128,10A,75,2024-01-03,02:48,46,"guaracha, ",Baila Conmigo (Willy William Remix) (feat. Kelly Ruiz),2019-09-12,71,0,14,57,0,10,-7,B Minor,4,5QI9Q9MCkHc5QE7TFECYlL,MXF011900257,1
40,Cheap Thrills,Sia,90,11A,70,2024-01-03,03:31,80,,This Is Acting,2016-01-29,63,5,0,73,10,0,-6,F#/G♭ Minor,4,27SdWb2rFzO6GWiYDBTD9j,USRC11502935,1
41,Faded,Alan Walker,180,2B,63,2024-01-03,03:32,83,,Different World,2018-12-14,47,3,0,16,0,10,-5,F#/G♭ Major,4,698ItKASDavgwZ3WjaWjtz,NOG841549010,1
43,Threnody (Bombs Away Remix),Naeleck,128,10B,93,2024-01-03,04:07,55,electro house,Threnody,2016-12-26,84,0,32,15,0,20,-4,D Major,4,3mLLlN1ZdHmlJHkvNON7ou,GBLV61637048,1
44,Piece Of Your Heart - Alok Remix,"MEDUZA,Alok,Goodboys",124,3A,86,2024-01-03,02:46,71,"brazilian bass, electronic, slap house, electro house, ",Piece Of Your Heart (Alok Remix),2019-06-07,80,3,1,19,0,30,-4,A#/B♭ Minor,4,6iW38RGqdDGOofmz2HeXLW,DEUM71902068,2
45,Some Say - Felix Jaehn Remix,"Nea,Felix Jaehn",120,2B,70,2024-01-03,03:06,65,tropical house,Some Say (Felix Jaehn Remix),2020-01-10,68,41,0,64,0,10,-6,F#/G♭ Major,4,7C1trmcQQ5n5RNy4l6ziCv,SEBGA1902742,1
46,All Around The World (La La La),"R3HAB,A Touch Of Class",125,8A,86,2024-01-03,02:27,72,"slap house, edm, europop, eurodance",All Around The World (La La La),2019-04-05,73,48,6,52,0,10,-5,A Minor,4,02itaCXOdC54J0ISjqqFAp,NLW4L1900121,1
47,Seven Nation Army,"DJ Fluke,Jaki Nelson",126,9A,83,2024-01-03,02:36,17,"electro house, ",Seven Nation Army,2021-01-22,69,1,11,28,0,0,-4,E Minor,4,4ntwMws17qmbQUI1NemGqd,FRR642001715,1
49,Mala (feat. Becky G & De La Ghetto) - Remix,"Pitbull,Becky G,De La Ghetto",95,1B,92,2024-01-03,02:53,43,"reggaeton, latin, trap latino, urbano latino",Mala (feat. Becky G & De La Ghetto),2020-07-17,81,2,0,77,0,10,-2,B Major,4,2uib8nytX63WABzJ3KJYYy,USNPW2000378,1
50,Pepas,Farruko,130,9B,77,2024-01-03,04:47,80,"reggaeton, trap latino",Pepas,2021-06-24,76,1,0,44,0,10,-4,G Major,4,5fwSHlTEWpluwOM0Sxnh5k,USSD12100307,1
51,In Da Getto,"J Balvin,Skrillex",127,4B,72,2024-01-03,02:11,64,"reggaeton, latin, dubstep, edm, electro, electronic",In Da Getto,2021-07-02,92,3,0,63,0,0,-3,G#/A♭ Major,4,63aj87TQG6F3RVO5nbG2VQ,QZM5U2100095,1
52,Muévelo,"Nicky Jam,Daddy Yankee",188,9B,81,2024-01-03,03:14,65,"reggaeton, latin",Muévelo,2020-01-08,59,42,0,92,0,50,-2,G Major,4,4VgYtXCVJ7IbWAZ5ryfvEQ,USSD11900363,1
53,Echa Pa'lla (Manos Pa'rriba) (feat. Papayo),"Pitbull,Papayo",90,6B,84,2024-01-03,03:16,53,,Global Warming (Deluxe Version),2012-11-19,46,6,0,96,20,0,-4,A#/B♭ Major,3,6DT6YBRXnxhIeSH0rn6khB,USRC11201341,1
54,Ram Pam Pam,"NATTI NATASHA,Becky G",97,4A,81,2024-01-03,03:20,61,"reggaeton, latin, urbano latino, bachata",Ram Pam Pam,2021-04-20,91,31,0,92,0,20,-3,F Minor,4,4DHDIdeayp8xvlyg22wREO,USB272100106,1
55,Rakata,Wisin & Yandel,96,3B,79,2024-01-03,02:52,79,"reggaeton, urbano latino",Pa'l Mundo,2005-01-01,87,3,0,72,10,0,-5,C♯/D♭ Major,4,1kQqiC1rS1FiuVpeBKN0QN,US3B90500021,1
56,Lovumba,Daddy Yankee,121,10A,94,2024-01-03,03:38,0,"reggaeton, latin",Salvaje Perreo,2021-02-12,73,3,0,94,0,30,-5,B Minor,4,44QT81T18g9MODOB5937MN,USNPD1200026,2
57,Echa Pa'lla (Manos Pa'rriba),Pitbull,87,6B,81,2024-01-03,03:19,0,,I Am Armando (Armando Reloaded),2012-07-30,55,13,0,96,20,0,-6,A#/B♭ Major,5,4pg1CRAajCYbb1q2sZypPf,USNPW1200047,1
58,PROBLEMA,Daddy Yankee,180,3B,79,2024-01-03,03:04,41,"reggaeton, latin",PROBLEMA,2021-02-26,70,5,0,83,10,0,-3,C♯/D♭ Major,4,72AX2kwLrjM2x87N1E6gtc,USUG12100763,1
59,Se Te Nota (with Guaynaa),"Lele Pons,Guaynaa",103,8B,69,2024-01-03,02:35,70,reggaeton,Se Te Nota (with Guaynaa),2020-09-02,91,9,0,96,0,20,-3,C Major,4,11EnQRgRMJwMAesfkB5pnu,USUM72016220,1
60,Dura - Remix,"Daddy Yankee,NATTI NATASHA,Becky G,Bad Bunny",95,3B,80,2024-01-03,04:02,66,"reggaeton, latin, urbano latino, bachata, trap latino",Dura (Remix),2018-04-27,77,19,0,85,0,40,-3,C♯/D♭ Major,4,6U2NuJILEOEpW2tVCuqKHb,US2BU1800400,1
61,Hula Hoop,Daddy Yankee,176,2B,82,2024-01-03,03:56,53,"reggaeton, latin",Hula Hoop,2017-03-03,80,11,0,95,0,0,-5,F#/G♭ Major,4,7ztcWZ0EB6akSzlb8BUaqG,US2BU1700500,1
62,Danza Kuduro,"Don Omar,Lucenzo",89,8B,92,2024-01-03,03:18,86,"reggaeton, urbano latino, kuduro",Meet The Orphans,2010-01-01,40,8,0,87,20,0,-5,C Major,3,2a1o6ZejUi8U3wzzOtCOYw,USUM71020778,2
63,Lento,Nfasis,96,10A,58,2024-01-03,01:50,0,"dembow, latin house",Reggaeton Latino Y Más,2017-10-20,81,2,0,70,0,20,-8,B Minor,4,6bMSP5IyrfELhfMy93KPYT,QM7281724521,1
64,Se Acabó la Cuarentena,"Jowell & Randy,Kiko el Crazy",122,2B,61,2024-01-03,02:46,58,"reggaeton, urbano latino, dembow",Viva el Perreo,2020-08-06,89,0,2,65,10,0,-4,F#/G♭ Major,4,7kGDAuP9P8mT2epyDwbdDj,QM6P42086452,1
65,Chupable,"El Alfa,Chikybombom La Pantera,Ryan Castro",130,8B,79,2024-01-03,02:57,0,"dembow, urbano latino, latin, reggaeton",Chupable,2021-11-12,88,8,5,86,0,0,-6,C Major,4,5e9Otk4mv4O0DOoKjjZcG1,USL4Q2171188,1
66,Ella Quiere Hmm... Haa... Hmm... - Yayo Remix,"Leka el Poeta,Mishelle Master Boys,DJ Yayo",100,3B,84,2024-01-03,03:32,0,"salsa choke, reggaeton, ",Ella Quiere Hmm... Haa... Hmm...,2016-11-25,84,2,0,37,0,10,-2,C♯/D♭ Major,4,0QN1rkBy3D6j9Yw3Czlcsc,QZ5AB1627878,1
67,BOMBÓN,"Daddy Yankee,El Alfa,Lil Jon",125,9B,79,2024-01-03,03:02,66,"reggaeton, latin, dembow, urbano latino, crunk",LEGENDADDY,2022-03-25,84,0,0,57,20,0,-3,G Major,4,4OAPnWJ3J5w4c4IBLh2chn,USUG12201723,1
68,YMCA - Original Version 1978,Village People,127,2B,97,2024-01-16,04:46,65,disco,YMCA,1978-01-01,72,6,0,73,10,10,-5,F#/G♭ Major,4,54OR1VDpfkBuOY5zZjhZAY,FR6V80878846,1
70,MAMIII,"Becky G,KAROL G",94,9A,70,2024-01-16,03:46,72,"reggaeton, latin, urbano latino",MAMIII,2022-02-10,84,9,0,90,0,10,-4,E Minor,4,1ri9ZUkBJVFUdgwzCnfcYs,USRC12200425,1
71,Zumba,Don Omar,125,8A,89,2024-01-16,04:23,73,"reggaeton, urbano latino",Don Omar Presents MTO2: New Generation,2012-01-01,72,0,1,83,0,10,-3,A Minor,4,2xcHJ5YpRL7wgSfsBnIktB,USUM71203358,1
72,Que Tire Pa Lante,Daddy Yankee,94,9B,90,2024-01-16,03:30,7,"reggaeton, latin",Que Tire Pa Lante,2019-10-18,66,5,0,71,0,10,-3,G Major,4,6RyaV7owmVU6fzEPE17sF1,US2BU1901810,1
73,Mueve el Toto,"Lore y Roque Me Gusta,Juan Quin y Dago",100,4A,73,2024-01-24,02:35,0,,Mueve el Toto,2016-01-01,90,8,0,80,0,0,-4,F Minor,4,6tZ27OZyhFcOx7Ap5nkBa3,QMDA61514812,1
74,Join The Party - Radio Mix,"David Pole,Martika,The Romy",128,4B,99,2024-01-24,03:08,0,,Join The Party (feat Martika & The Romy),2016-06-28,65,5,0,43,0,30,-3,G#/A♭ Major,4,5vZl2L1yTObUqhCIrMXTT3,ITH641495667,1
75,Lovumba,Daddy Yankee,121,10A,93,2024-01-24,03:38,73,"reggaeton, latin",Prestige,2012-01-01,73,4,0,93,0,30,-5,B Minor,4,6oyl7ELfrMqXLhGmIjXY9R,USNPD1200026,2
76,Mucha Chapa,David Ferrari,120,9B,92,2024-01-24,02:28,0,,Mucha Chapa,2023-02-16,91,1,3,72,20,0,-3,G Major,4,6OOxHhDdOT7Yu7e2pdw2fs,ITPCI2300003,1
77,BLOKE,Daddy Yankee,110,9B,76,2024-01-24,02:44,42,"reggaeton, latin",LEGENDADDY,2022-03-25,92,16,0,64,0,0,-3,G Major,4,4GTPtRKvv3smlg6LwQhyD5,USUG12201722,1
78,Limbo,Daddy Yankee,125,9B,87,2024-01-24,03:44,79,"reggaeton, latin",Prestige,2012-01-01,81,8,0,92,0,0,-4,G Major,4,3pDhN3qB33AOPhQEkUCaWt,USNPD1200128,1
79,Shaky Shaky,Daddy Yankee,88,11A,63,2024-01-24,03:54,67,"reggaeton, latin",Shaky Shaky,2016-04-08,90,8,0,87,20,0,-4,F#/G♭ Minor,4,7gcMKL3lnDxsp4bIXyv6Zk,US2BU1600020,1
80,Toco Toco To,Dixson Waz,116,1A,90,2024-01-24,03:01,58,dembow,Toco Toco To,2020-12-11,88,8,3,95,0,10,-3,G#/A♭ Minor,4,2od5sSNb5SsiYvlfsdx3UK,TCADW1850820,1
81,Criminal,"NATTI NATASHA,Ozuna",80,7A,81,2024-01-25,03:52,1,"reggaeton, latin, urbano latino, bachata, trap latino",Criminal,2017-08-18,82,3,0,82,0,20,-3,D Minor,4,2SmgFAhQkQCQPyBiBxR6Te,USB271700112,1
82,Limbo,Ángel Rec,125,9B,83,2024-01-25,03:49,17,,"Músicas Latinas: Música Latina para Bailar en Fiestas, Carnaval, Fin de Año, Reveillon 2019 2020, Zumba",2014-03-20,80,30,0,77,20,0,-3,G Major,4,5F3ImxXGYHMsJ6p43e47Dm,ES19G1301978,1
83,Zumba Conmigo,Ángel Rec,125,8A,87,2024-01-25,03:39,24,,"Música Bailable Latina: Música para Bailar en Fiestas, Músicas Animadas, Canciones Movidas para Fin de Año y Bodas",2013-11-20,49,4,0,93,0,0,-5,A Minor,4,6g5BXM6cbsbtLcn5ydXdgh,ES19G1301983,1
86,Taboo,Don Omar,187,8B,89,2025-05-22,04:52,78,"reggaeton, urbano latino",Meet The Orphans,2010-01-01,43,4,0,81,0,0,-6,C Major,3,4cyYC67XY3weSVmSLdKLP8,USUM71025734,1
87,Ratata - Radio,"Willy William,Lorna",126,3B,84,2025-05-22,03:03,29,latin house,Ratata,2024-10-18,84,0,4,79,10,0,-7,C♯/D♭ Major,4,1KDdJX3xfhwLrKIoJn7x0J,FREFW2400380,1
88,There It Is,Pitbull,140,9B,96,2025-05-22,02:00,38,,Trackhouse (Daytona 500 Edition),2024-02-16,80,0,0,70,0,0,-3,G Major,4,1p2rqoRS8Ihmg2pjVSQILL,USNPW2400750,1
89,Dale,"Aaron Paris,El 3mendo",128,8B,95,2025-05-22,02:35,39,,Dale,2024-11-18,76,7,0,65,0,30,-4,C Major,4,3AWbiDv2eE0d2QwE9KqcL1,ITPCI2300034,1
90,Tira Su Le Mani,DJ Pasi,128,7B,94,2025-05-22,03:01,35,,Tira Su Le Mani,2025-04-18,68,6,0,69,0,30,-3,F Major,4,2btC7lIPuE48Gkur2tHVIS,ITPCI2500041,1
91,Rompe Rodillas,Guaynaa,92,11A,65,2025-05-22,02:29,44,reggaeton,Rompe Rodillas,2020-02-28,78,13,0,95,0,0,-8,F#/G♭ Minor,4,3DlM7Wmirw96FVBMPLeaSD,USUM72002574,1
92,Dientes,"J Balvin,USHER,DJ Khaled",115,9B,78,2025-05-22,02:46,59,"reggaeton, latin, r&b, ",Dientes,2023-09-15,86,1,0,55,10,20,-4,G Major,4,4vAMy0dxoyoIHGuIgKqcwm,QZM5U2300388,1
93,Rebota,Guaynaa,180,3B,91,2025-05-22,03:24,1,reggaeton,Rebota,2018-12-14,80,19,0,92,20,50,-2,C♯/D♭ Major,4,2YRvdf9cdS88y1wB1WhKoE,QM7281862575,1
94,HOT,"Daddy Yankee,Pitbull",130,10A,68,2025-05-22,02:34,65,"reggaeton, latin, ",LEGENDADDY,2022-03-25,90,2,0,58,20,30,-6,B Minor,4,5Pg4qYTcvCUBBq3jBhKq0t,USUG12201728,1
95,Gordita (feat. Residente Calle 13),"Shakira,Calle 13",92,10B,81,2025-05-22,03:24,63,"latin pop, latin hip hop, latin alternative, reggaeton",Sale el Sol,2010-10-19,74,20,0,82,20,40,-7,D Major,4,6fufW0yhOYcNHvAaUwgpS1,USSD11000361,1
96,Loca (feat. El Cata),"Shakira,El Cata",112,8A,69,2025-05-22,03:03,78,"latin pop, mambo, merengue",Sale el Sol,2010-10-19,80,34,0,92,0,0,-6,A Minor,4,42k1KeBehAd83lrGt1okiC,USSD11000332,1
97,Y.M.C.A.,Village People,127,2B,79,2025-07-15,03:48,23,disco,Casablanca Records Greatest Hits,1996-04-04,75,7,0,77,0,50,-11,F#/G♭ Major,4,6zKacgNnfOWbX0XOmzrCSx,USPR37802455,1
98,Baila All Night,Proyecto FM,128,2B,97,2025-08-15,02:10,37,,Baila All Night,2025-08-01,77,1,1,56,0,30,-4,F#/G♭ Major,4,2QoHuadWuJD0jGf1rzlVkP,ITPCI2500067,1
99,Viva Mexico - Original Mix,"Darek Sotelo,Gio Silva",192,9A,90,2025-08-15,03:22,29,"guaracha, electronica",Viva Mexico,2022-08-12,48,14,40,26,30,30,-3,E Minor,3,7b3gW8SG5ouwWfL2tbT27t,CA5KR2270828,1
100,Yo Las Pongo,"Deorro,Los Tucanes De Tijuana,Maffio",150,11B,92,2025-08-15,03:11,60,"melbourne bounce, electro house, corrido, norteño, cumbia norteña, música mexicana, banda, ranchera, dembow",Yo Las Pongo,2022-05-20,71,0,1,63,0,50,-4,A Major,4,5LPD5HDYyxKdGHvHQ1kef9,USUS12200202,1
101,La Yaquesita,Banda Sinaloense MM,119,7A,72,2025-08-15,02:14,38,"brass band, banda",Pa' la Pachanga,2007-07-10,90,25,66,98,0,0,-7,D Minor,4,34i92TpeginJBWnY4MSMLI,QM7281738796,1
102,La Gozadera (feat. Marc Anthony),"Gente De Zona,Marc Anthony",95,8A,99,2025-08-15,03:23,81,"latin, latin dance, salsa, merengue, bachata, latin pop",Visualízate,2016-04-22,62,17,0,90,0,10,-2,A Minor,4,0OMRAvrtLWE2TvcXorRiB9,USSD11500071,1
103,Metela Sacala,"El Chevo,MC Productions Inc",135,3A,87,2025-08-15,03:01,47,punta,Metela Sacala,2012-08-27,72,0,0,27,0,0,-5,A#/B♭ Minor,4,3xaCZSSnVHUNIHQab4YdVz,USUYG1041112,1
104,Macarena,Identidad,136,6B,93,2025-08-15,02:59,0,"norteño sax, cumbia norteña, norteño, cumbia",Los Saxofones Alegres,2018-01-17,67,42,11,78,0,20,-8,A#/B♭ Major,4,3c30EjdSPP1VuuY1ElSrru,ARC571800181,1
105,Zapateado Endemoniado,Marco Flores Y La Jerez,113,8B,95,2025-08-15,03:01,48,"banda, norteño, cumbia norteña",Zapateado Endemoniado,2021-02-26,81,42,22,97,0,10,-4,C Major,1,1tEZVJXk5GEYEwr5a04nj8,US9CY1800124,1
106,How Deep Is Your Love,Bee Gees,105,4A,36,2025-08-20,04:05,82,disco,Greatest,1979-01-01,63,11,0,67,0,10,-9,F Minor,4,2JoZzpdeP2G6Csfdq5aLXP,GBAKW7701005,1
112,I Want to Know What Love Is - 1999 Remaster,Foreigner,81,2B,47,2025-08-20,05:04,86,"aor, classic rock",Agent Provocateur,1984-00-00,48,19,0,42,0,10,-10,F#/G♭ Major,4,1JLn8RhQzHz3qDqsChcmBl,USAT29900662,1
114,Total Eclipse of the Heart,Bonnie Tyler,130,4B,72,2025-08-20,04:27,83,,The Very Best of Bonnie Tyler,2009-03-26,43,14,0,19,0,30,-6,G#/A♭ Major,4,7wuJGgpTNzbUyn26IOY6rj,GBBBN8300002,1
116,I Was Made For Lovin' You - Single Mix,KISS,129,11B,86,2025-08-20,04:01,61,"glam rock, glam metal, hard rock, rock, classic rock",KISS 40,2014-01-01,71,3,0,90,0,0,-5,A Major,4,7dEKwMoUZCpvUFLLuJQjju,USUM71211840,1
117,Always on My Mind,Pet Shop Boys,125,9B,78,2025-08-20,03:54,75,"synthpop, new wave",Discography - Complete Singles Collection,1998-03-31,53,1,6,73,0,10,-11,G Major,4,07ABETRdek3ACMpRPvQuaT,GBAYE8700080,1
119,(Everything I Do) I Do It For You,Bryan Adams,131,3B,44,2025-08-20,06:33,0,,So Far So Good,1993-01-01,52,8,0,24,0,0,-10,C♯/D♭ Major,4,1TMJyAuwPXz4eiR1jBgCSn,USAM19190012,1
120,Hotel California - 2013 Remaster,Eagles,147,10B,51,2025-08-20,06:31,87,"classic rock, yacht rock, soft rock",Hotel California (2013 Remaster),1976-12-08,58,1,0,61,0,0,-9,D Major,4,40riOy7x9W7GXjyGp4pjAv,USEE11300353,1
121,Coco Jamboo,Mr. President,100,12A,84,2025-08-20,03:38,54,eurodance,We See the Same Sun,1996-05-17,83,8,0,97,0,10,-5,C♯/D♭ Minor,4,5fRvePkRGdpn2nKacG7I6d,DEBS80500020,1
1,繋いだ手から,back number,204,11B,80,2025-06-06,04:42,62,"j-pop, j-rock",ラブストーリー,2014-03-26,39,13,0,66,0,10,-2,A Major,4,3I51KkjhqwuXLcslSz0Q02,JPPO01354167,2
3,ストラトキャスター・シーサイド '22,Suspended 4th,158,3A,98,2025-06-06,03:47,41,j-rock,Travel The Galaxy,2022-07-20,31,0,0,34,20,0,-4,A#/B♭ Minor,4,2kRX6bqqSWcTltduLIWo8c,JPH202200038,1
4,カスミソウ,This is LAST,143,8B,82,2025-06-06,03:40,53,j-pop,HOME,2024-03-27,48,0,0,53,0,10,-4,C Major,4,20tOgCqXKGwu4bwt9ng1JD,JPR652200114,1
5,怒りをくれよ,GLIM SPANKY,160,9B,97,2025-06-06,03:28,48,"j-rock, j-pop, japanese indie",Next One,2016-07-20,46,12,3,45,10,30,0,G Major,4,2FXtYLpJKHEbtLuCDGpRrr,JPPO01617215,1
6,人生遊戯,timelesz,136,8B,97,2025-06-06,03:01,55,j-pop,Hello! We’re timelesz,2025-02-28,65,1,0,70,10,0,-4,C Major,4,6fRSNMNGMHo1DhNFCeDoZt,JPPO02304097,1
8,SISTER,back number,134,2A,76,2025-06-06,04:06,66,"j-pop, j-rock",シャンデリア,2015-12-09,57,3,0,51,0,10,-3,D#/E♭ Minor,4,1ZmiUiQn7Q2qEKLlIznoXZ,JPPO01503939,1
10,アップルパイ,back number,123,8B,71,2025-06-06,02:40,58,"j-pop, j-rock",シャンデリア,2015-12-09,66,0,0,58,0,0,-4,C Major,4,4xNvQ8WlKXs8k8z5acCSoQ,JPPO01413049,1
11,サイレン,back number,137,12B,94,2025-06-06,03:21,52,"j-pop, j-rock",シャンデリア,2015-12-09,49,0,0,51,0,10,-2,E Major,4,5RXTnTVuxElenupoxNroxb,JPPO01510426,1
13,世田谷ラブストーリー,back number,148,11B,55,2025-06-06,04:37,55,"j-pop, j-rock",アンコール,2016-12-28,53,1,0,47,0,0,-5,A Major,4,7tN3KT4dwu4wEcNIgaj4gN,JPPO01354342,1
15,光の街,back number,106,9B,79,2025-06-06,04:30,52,"j-pop, j-rock",アンコール,2016-12-28,57,0,0,34,0,10,-4,G Major,4,3vtoYPqWP0572bJebU6FNx,JPPO01354338,1
17,冬と春,back number,152,5B,77,2025-06-06,04:16,66,"j-pop, j-rock",冬と春,2024-01-24,47,4,0,52,0,30,-4,D#/E♭ Major,4,6nIoYpfSvie3Ln46dyi8FC,JPPO02303985,1
18,半透明人間,back number,143,2A,93,2025-06-06,03:07,57,"j-pop, j-rock",スーパースター,2011-10-26,56,1,0,62,0,30,-3,D#/E♭ Minor,4,4e12iareeiaefS0Qd62zR2,JPPO01131080,1
19,怪獣のサイズ,back number,104,4A,76,2025-06-06,03:30,55,"j-pop, j-rock",怪獣のサイズ,2023-08-04,60,1,0,66,0,30,-2,F Minor,4,6RCM11KBFLJUtRcKG8l796,JPPO02301467,1
21,手の鳴る方へ,back number,196,10A,90,2025-06-06,04:37,51,"j-pop, j-rock",blues,2012-11-21,39,0,0,53,0,0,-3,B Minor,4,4n2ujFNHabS47KCL3sp0hB,JPPO01221734,1
22,泡と羊,back number,103,12B,91,2025-06-06,04:17,56,"j-pop, j-rock",シャンデリア,2015-12-09,59,0,0,75,0,10,-2,E Major,4,351rPttLBFqIvrppJ7HZE3,JPPO01503940,1
23,繋いだ手から,back number,204,11B,80,2025-06-06,04:41,51,"j-pop, j-rock",アンコール,2016-12-28,39,12,0,64,0,0,-3,A Major,4,6rdSi1HarBcDyRPnILgaas,JPPO01354167,2
24,High Land,"BAD HOP,Tiji Jojo,Vingo,YZERR",148,1A,87,2025-06-06,04:08,0,"j-rap, hip hop",BAD HOP WORLD,2020-08-07,72,3,0,63,0,10,-6,G#/A♭ Minor,4,4MfjYFP7twVjiOZZfGecrz,TCJPM2013075,1
25,NAMIDA GA KOBORESOU,The Birthday,169,11B,86,2025-06-06,05:09,26,j-rock,GOLD TRASH,2015-09-16,41,3,0,40,0,0,-3,A Major,4,6l2KHXQ335FqpJRI77XaW9,JPPO00857460,1
26,BRAND NEW WORLD,D-51,160,3A,98,2025-06-06,04:19,47,"anime, j-pop",BRAND NEW WORLD,2007-09-26,57,0,0,64,10,30,-4,A#/B♭ Minor,4,1DZRPXYhCkxFsu6ppy3nLb,JPPC00600688,1
27,ひとりじゃない,DEEN,132,4B,93,2025-06-06,03:59,50,"city pop, kayōkyoku, j-pop",ひとりじゃない,1996-04-15,59,9,0,90,0,0,-4,G#/A♭ Major,4,5S3KaLyh77F7jF2VfCQp4a,JPC409601501,1
28,ただ・・・逢いたくて,EXILE,138,10B,46,2025-06-06,05:51,57,"j-pop, j-r&b",EXTREME BEST,2016-09-27,45,22,0,36,0,20,-7,D Major,4,5Q6z8rqbH1CfYaUOqktJbE,JPB600864715,1
29,真夏の果実,EXILE,101,10B,62,2025-06-06,04:43,48,"j-pop, j-r&b",EXILE ENTERTAINMENT BEST,2008-07-23,57,2,0,36,0,20,-6,D Major,4,2rKsRZo4RlZCYrOlNr1f4n,JPB600841716,1
30,いつかきっと・・・,EXILE ATSUSHI,128,11B,34,2025-06-06,04:09,42,"j-pop, j-r&b",Solo,2012-01-01,61,86,0,29,0,10,-6,A Major,4,4J5oj5WxDe7y2ZP6BYOqPi,JPB601141401,1
31,Don Julio (feat. Yella Flat Boys),"GEEKBOY,Yella Flat Boys",127,11A,57,2025-06-06,02:40,38,j-rap,Don Julio (feat. Yella Flat Boys),2023-01-20,86,42,1,61,10,10,-9,F#/G♭ Minor,4,635cl5AoLAVZnLpTTvnnJi,TCJPU2349461,1
32,AGEHA,GENERATIONS from EXILE TRIBE,130,9B,93,2025-06-06,03:35,47,"j-pop, anime",SPEEDSTER,2016-03-02,66,31,0,68,0,30,-3,G Major,4,0uHaPSj0c5QpCzSyZa26g3,JPB601600474,1
33,one shot kill,go!go!vanillas,201,9B,92,2025-06-06,03:46,37,"j-rock, j-pop",PANDORA,2021-03-24,25,0,0,33,20,30,-3,G Major,4,1f521JkxsQZ5yO2Jeoi9xx,JPVI02100331,1
34,花唄,GReeeeN,195,8B,98,2025-06-06,03:53,55,j-pop,歌うたいが歌うたいに来て 歌うたえと言うが 歌うたいが歌うたうだけうたい切れば 歌うたうけれども 歌うたいだけ 歌うたい切れないから 歌うたわぬ!?,2012-01-01,40,2,0,51,0,0,-3,C Major,4,3vzerJweXcahCRrGl78ohE,JPPO01139465,1
36,拝啓、少年よ,Hump Back,173,11B,94,2025-06-06,03:08,63,j-pop,拝啓、少年よ,2018-06-20,49,0,3,49,0,20,-3,A Major,4,0aaZG5azeJei81A2WptwC8,JPVP01803301,1
37,Over Drive,JUDY AND MARY,148,9B,75,2025-06-06,04:18,59,"j-pop, anime, j-rock, kayōkyoku",ＭＩＲＡＣＬＥ　ＤＩＶＩＮＧ,1995-00-00,48,1,0,71,0,0,-5,G Major,4,34GSVqN6ZisP7dBIB20xPm,JPES09500230,1
39,一途,King Gnu,160,10B,96,2025-06-06,03:10,71,"j-pop, anime, j-rock",一途,2021-12-10,50,1,0,66,10,0,-4,D Major,4,7ncPjJBktLEOpstY5JOUMK,JPU902105228,1
41,No.5,LANA,145,8B,84,2025-06-06,03:05,63,"j-rap, hip hop",20,2024-11-13,75,4,0,78,0,30,-4,C Major,4,55TarCmm2umLi8nd0db4tZ,JPB602403752,1
42,休憩と宿泊,Laughing Hick,132,9B,93,2025-06-06,02:57,45,j-pop,カフェオレ,2024-02-21,61,1,0,74,0,10,-3,G Major,4,5VEikYF8DLQnhxSvYdj8n6,JPZ922400553,1
43,この世界に国が無かったら,LEX,164,8B,76,2025-06-06,04:19,52,"j-rap, hip hop",この世界に国が無かったら,2024-11-27,53,10,0,61,0,0,-4,C Major,4,129vY7oCXRRzEeb8PETl6H,JPJ902404850,1
44,ニコマコス,May Forth,102,9B,99,2025-06-06,03:04,34,melodic hardcore,ニコマコス,2023-04-19,49,0,0,57,0,40,-1,G Major,4,6iN61NQkpwZRFT5PeyOWYu,JPA962380063,1
45,あなたに,MONGOL800,107,9B,82,2025-06-06,03:15,61,"j-pop, melodic hardcore, j-rock",MESSAGE,2001-09-16,38,0,0,86,0,30,-5,G Major,4,1egQB7JmuDdaWdWtODlrja,JPB590501012,1
47,キミシダイ列車,ONE OK ROCK,170,4B,91,2025-06-06,04:14,20,"j-rock, j-pop",残響リファレンス,2011-10-05,45,0,0,85,0,20,-4,G#/A♭ Major,4,0a5rZP8sYdlvBRVmcNovyC,JPJ221100280,1
48,じぶんROCK,ONE OK ROCK,166,9B,98,2025-06-06,03:47,13,"j-rock, j-pop",Nicheシンドローム,2010-06-09,48,0,0,38,10,10,-4,G Major,4,6SkHCwuXmDgOUW4kANhvk6,JPJ221000166,1
49,完全感覚Dreamer,ONE OK ROCK,95,11A,91,2025-06-06,04:12,21,"j-rock, j-pop",Nicheシンドローム,2010-06-09,56,0,0,71,10,10,-3,F#/G♭ Minor,4,30hzxa3MaRd2XXB6kXGlPh,JPJ220900142,1
51,雀ノ欠伸,Saucy Dog,106,10B,89,2025-06-06,03:30,11,"j-pop, japanese indie",ブルーピリオド,2019-10-02,60,22,0,53,0,0,-5,D Major,4,6rQxJNjhgteG6Zd9hKF2b2,JPJ221901276,1
52,ターコイズ,SEKAI NO OWARI,136,3B,87,2025-06-06,03:21,31,"j-pop, anime",ターコイズ／サラバ／バタフライエフェクト,2023-06-28,54,1,0,68,0,0,-4,C♯/D♭ Major,3,2IY6ty66kxbzc2tMCexT98,JPPO02301265,1
53,周波数,SEKAI NO OWARI,133,3B,90,2025-06-06,04:16,52,"j-pop, anime",scent of memory,2021-07-21,61,1,0,41,0,10,-4,C♯/D♭ Major,4,0kWHyUb42yanHaqIGskXQE,JPPO02001631,1
54,STARSHIP,SIX LOUNGE,179,11B,92,2025-06-06,03:41,36,"anime, japanese indie, j-rock, j-pop",夢うつつ,2018-04-25,25,0,0,52,0,10,-3,A Major,4,5Bx2dXO9XEnHNP9pFSKHfg,JPPO01800794,1
55,SWEET LITTLE SISTER,SIX LOUNGE,165,12B,97,2025-06-06,04:23,39,"anime, japanese indie, j-rock, j-pop",夢うつつ,2018-04-25,39,1,0,52,10,20,-3,E Major,4,2s87z3mHg2iUWhPY1daX9e,JPPO01800799,1
56,くだらない,SIX LOUNGE,135,9B,88,2025-06-06,04:42,38,"anime, japanese indie, j-rock, j-pop",夢うつつ,2018-04-25,31,0,0,47,0,60,-4,G Major,4,3LPv382tpL7uwf6bCnfdfa,JPPO01800793,1
57,DO DO IN THE BOOM BOOM,SIX LOUNGE,95,9B,91,2025-06-06,03:33,31,"anime, japanese indie, j-rock, j-pop",天使のスーツケース,2019-05-15,42,1,0,44,0,10,-2,G Major,4,7bUWL5X6JicOzuwZT2U0lX,JPPO01900992,1
59,僕を撃て,SIX LOUNGE,176,12B,92,2025-06-06,04:42,35,"anime, japanese indie, j-rock, j-pop",THE BULB (Deluxe Version),2019-12-11,13,0,0,50,0,30,-1,E Major,4,5mO9FsxOeDgvZimdw9w1Yo,JPPO01904345,1
61,STAY TUNE,Suchmos,123,7B,88,2025-06-06,04:58,64,"city pop, j-pop, japanese indie, j-r&b, j-rock",THE KIDS,2017-01-25,69,10,0,57,0,10,-8,F Major,4,1KKc8f9ZiKFzOeRJJ3SYn7,JPJ901514430,1
62,10時の方角,sumika,142,7B,88,2025-06-06,03:44,52,"j-pop, anime, j-rock",Chime,2019-03-13,60,20,0,70,0,30,-4,F Major,4,02ky8hgvXIiQx9fSRxjvxv,JPU901900270,1
63,Lovers,sumika,114,1B,92,2025-06-06,04:10,67,"j-pop, anime, j-rock",アンサーパレード,2016-05-25,61,7,0,77,0,30,-2,B Major,4,6IEqiEgTQn4FwE0seKXFZO,JPZ921606865,1
65,ブレイクアウト・ジャンキーブルースメン,Suspended 4th,135,11A,95,2025-06-06,03:39,31,j-rock,ブレイクアウト・ジャンキーブルースメン,2021-09-29,54,0,0,46,10,40,-4,F#/G♭ Minor,4,4IyRcDstVlGdNauDJbd9ov,JPH202100030,1
67,キャンディ・ハウス,Thee Michelle Gun Elephant,191,11B,98,2025-06-06,03:22,22,"j-rock, garage rock, j-pop",RUMBLE,1999-08-06,31,0,0,85,10,30,-6,A Major,4,48p6i4ber8nUJivic0J9i7,JPCO09623901,1
68,ゲット・アップ・ルーシー,Thee Michelle Gun Elephant,149,11B,93,2025-06-06,04:36,0,"j-rock, garage rock, j-pop",Chicken Zombies,1997-11-01,38,0,1,74,0,10,-5,A Major,4,2KuNvu2Jh1CYVOrhEHWN8S,JPCO09750850,1
69,世界の終わり,Thee Michelle Gun Elephant,168,10B,100,2025-06-06,07:29,36,"j-rock, garage rock, j-pop",LAST HEAVEN’S BOOTLEG,2003-12-03,13,1,66,3,20,90,-1,D Major,4,5Z8UTRe14rDuebyhQOse8N,JPPO00324590,1
70,勘弁してくれ,This is LAST,132,10B,77,2025-06-06,03:41,43,j-pop,いつか君が大人になった時に,2022-02-02,63,0,0,82,0,0,-5,D Major,4,19UEGaqRnKc8HgD74ICPCq,JPR292100518,1
71,恋愛凡人は踊らない - retake,This is LAST,170,3B,86,2025-06-06,03:52,46,j-pop,HOME,2024-03-27,47,1,0,86,0,0,-5,C♯/D♭ Major,4,6KRlM2gtKYiuEK0pTjflpd,JPR652300112,1
73,Desire,Yvng Patra,130,8B,90,2025-06-06,02:44,53,"j-rap, hip hop",RICH / RISK,2025-01-25,86,25,0,88,0,10,-5,C Major,4,3gYJEi1XEX5gB5wkhdTAJ4,TCJPD2546556,1
74,ふたりの世界,Aimyon,198,11B,75,2025-06-06,04:47,62,j-pop,青春のエキサイトメント,2017-09-12,37,2,0,51,0,10,-5,A Major,4,5xJgF12zKoxMqayN8YldLB,JPWP01771839,1
77,オレンジ,Creep Hyp,134,6B,81,2025-06-06,03:55,51,"j-pop, j-rock",死ぬまで一生愛されてると思ってたよ,2012-04-18,57,9,0,78,0,20,-4,A#/B♭ Major,4,1TMLJfQrNb4jxuX4lMmKDg,JPVI01200290,1
79,銀河鉄道999,Godiego,143,12B,78,2025-06-06,03:29,54,"kayōkyoku, enka, j-pop",銀河鉄道999,1979-07-01,60,6,0,85,0,0,-9,E Major,4,2eTFeq3uicvq8wzG00JMQx,JPCO07910080,1
80,TSUNAMI,SOUTHERN ALL STARS,91,10B,69,2025-06-06,05:15,66,"kayōkyoku, j-pop",TSUNAMI,2000-01-26,49,28,0,55,0,20,-4,D Major,4,2iXZA6Ecf9AZHw92tZBNLv,JPVI09934040,1
81,涙のキッス,SOUTHERN ALL STARS,106,8B,79,2025-06-06,04:45,61,"kayōkyoku, j-pop",世に万葉の花が咲くなり,1992-09-26,57,41,0,63,0,10,-6,C Major,4,7LiUm2lhAw55f51sYATpyZ,JPVI09210480,1
82,真夏の果実,SOUTHERN ALL STARS,201,10B,54,2025-06-06,04:39,65,"kayōkyoku, j-pop",真夏の果実,1990-07-25,47,83,0,44,0,0,-8,D Major,4,3AVLsBieDGotYuo5RPEL64,JPVI09003100,1
85,チューハイ少女,Macaroni Empitsu,160,7B,94,2025-06-06,02:21,40,j-pop,エイチビー,2019-04-29,48,1,0,58,10,30,-4,F Major,4,40oK822gnaITiHYGbLj5hh,JPB971501102,1
86,ハートロッカー,Macaroni Empitsu,154,3B,93,2025-06-06,03:09,48,j-pop,エイチビー,2019-04-29,47,2,0,76,0,10,-2,C♯/D♭ Major,4,2bPMoVLmoni5v5SzQpyC7e,JPB971501105,1
87,ペパーミント,Macaroni Empitsu,136,12B,77,2025-06-06,03:22,36,j-pop,大人の涙,2023-08-30,50,0,0,58,0,30,-5,E Major,4,3U3xD3JRHaBzrMKsrhOazB,JPTF02315802,1
92,零色,Macaroni Empitsu,138,4B,84,2025-06-06,03:50,41,j-pop,アルデンテ,2019-04-18,60,0,0,28,0,0,-4,G#/A♭ Major,4,5QWhHVAaZiiFbSg4BfwFlo,JPB971500103,1
93,R.Y.U.S.E.I.,J SOUL BROTHERS III,128,4A,95,2025-06-06,05:25,57,"soul, j-pop, j-r&b",PLANET SEVEN,2015-01-28,58,1,0,56,0,40,-3,F Minor,4,2AVA9gTyJsZaan4PcsNHSn,JPB601402195,1
94,O.R.I.O.N.,J SOUL BROTHERS III,130,12B,94,2025-06-06,05:00,49,"soul, j-pop, j-r&b",PLANET SEVEN,2015-01-28,59,0,0,53,0,10,-2,E Major,4,4tpvAxVQFZiFIaQ610YHR8,JPB601404543,1
95,Blizzard,Daichi Miura,140,3B,79,2025-06-06,05:10,57,"j-pop, j-r&b, anime",Blizzard,2018-11-09,64,3,0,35,0,10,-4,C♯/D♭ Major,4,7b740cSOAeaW9SWiD1G823,JPB601803349,1
96,最後の雨,Yasushi Nakanishi,144,12B,40,2025-06-06,04:44,61,"kayōkyoku, j-pop",VOICE PEAKS,1992-09-21,59,31,0,26,0,0,-12,E Major,4,4yOy3CuNj2AeDBJhAVHnhO,JPCO09229990,1
97,memories,Maki Otsuki,134,10B,76,2025-06-06,04:26,62,anime,Stories,2000-00-00,46,3,5,29,0,30,-5,D Major,4,12MSmLSGPWulxOPvYBy5Ss,JPES09904661,1
98,Butter-Fly （デジモンアドベンチャー全話OP）,Sho Oosawa,165,10B,91,2025-06-06,04:17,56,anime,熱烈！アニソン魂 THE BEST カバー楽曲集 TVアニメシリーズ「デジモンシリーズ」 vol.1,2015-05-15,47,0,0,44,0,0,-5,D Major,4,4A3G4Chh8DTJftwJEf5tOp,JPP751100880,1
99,departure!,Masatoshi Ono,160,4A,95,2025-06-06,04:17,54,anime,「HUNTER×HUNTER」Single,2012-08-22,34,1,0,49,0,0,-3,F Minor,4,1XkedXvdYhVDWPUHLgF2jV,JPVP01107401,1
101,Happiness,ARASHI,115,3B,92,2025-06-06,04:18,59,j-pop,Happiness,2007-09-05,59,1,0,71,0,0,-3,C♯/D♭ Major,4,0Ns63lt28epRgED3Tnhmth,JPQ400700800,1
103,サクラウサギ,Takaya Kawasaki,140,9B,25,2025-06-06,05:18,64,j-pop,サクラウサギ,2021-01-15,57,81,0,42,0,0,-11,G Major,4,2Abb7PyD7qd4L0fgiZ5c6l,JPWP02000989,1
104,レイニー ブルー,Hideaki Tokunaga,72,12B,50,2025-06-06,04:20,33,"kayōkyoku, j-pop, enka",BEAUTIFUL BALLADE （except 青い契り）,2006-02-22,47,23,0,13,0,10,-8,E Major,4,0ABorrCWcCDF4icRCk0ihE,JPPO00600060,1
106,歩いて帰ろう,Kazuyoshi Saito,96,7B,90,2025-06-06,03:32,57,"j-pop, kayōkyoku, j-rock",ワンダフルフィッシュ,1995-02-01,64,42,0,88,0,10,-4,F Major,4,0Yhwo0vxoHNVww5i1Y6cGU,JPFH09407630,1
108,群青日和,Tokyo Incidents,181,11B,96,2025-06-06,03:33,55,"j-pop, j-rock",教育,2004-11-25,11,0,27,33,0,0,0,A Major,4,1oWlUSljPUqKwbvEl0C3zE,JPTO00401112,1
109,閃光少女,Tokyo Incidents,168,1B,78,2025-06-06,02:57,54,"j-pop, j-rock",スポーツ,2010-02-24,37,0,0,41,0,10,-4,B Major,4,6bsQqsm2EAztXE6kk6hR2s,JPTO00902822,1
111,波乗りジョニー,Keisuke Kuwata,138,10B,87,2025-06-06,04:27,51,"j-pop, kayōkyoku",TOP OF THE POPS,2002-11-27,48,7,0,71,0,20,-6,D Major,4,0xciPMDQtopXImYouTzKMp,JPVI00115530,1
112,家族になろうよ,Masaharu Fukuyama,148,4B,42,2025-06-06,05:07,55,"j-pop, kayōkyoku",家族になろうよ／fighting pose,2011-08-31,50,54,0,22,0,10,-7,G#/A♭ Major,4,64awLoKSPoQ5M6YulMsyCe,JPPO01147714,1
114,ワイルド アット ハート,ARASHI,124,3A,93,2025-06-06,04:07,58,j-pop,Popcorn,2012-10-31,63,11,0,71,0,10,-3,A#/B♭ Minor,4,7jc1VLTIiYgREGfCpUg4ot,JPQ401200240,1
115,song for you,EXILE,124,6B,63,2025-06-06,05:41,42,"j-pop, j-r&b",EXTREME BEST,2016-09-27,61,22,0,41,0,0,-7,A#/B♭ Major,4,4BZcmWwDcnNXQuVEaZA8a5,JPB600864704,1
116,Together,EXILE,112,5A,90,2025-06-10,04:23,42,"j-pop, j-r&b",EXTREME BEST,2016-09-27,68,8,0,85,0,0,-5,C Minor,4,4qMb3Vr3Y3eqja38lDDC6I,JPB600814604,1
118,GUTS！,ARASHI,126,10A,95,2025-06-21,04:54,57,j-pop,GUTS！,2014-04-30,62,9,0,89,0,30,-3,B Minor,4,384jVNcJAiC2XGPMRnZj1H,JPQ401400210,1
119,ある未来より愛を込めて,back number,141,12B,70,2025-06-21,04:07,59,"j-pop, j-rock",ある未来より愛を込めて,2025-06-20,55,7,0,72,0,10,-5,E Major,4,60dKF6s6HZfSvFrEG3r3UG,JPPO02501572,1
120,天地ガエシ,NICO Touches the Walls,120,10B,95,2025-06-24,04:46,46,"anime, j-rock, j-pop",天地ガエシ,2014-06-04,31,0,0,68,0,0,-3,D Major,4,01Bjn3lj74LedUImE5ceFe,JPU901400243,1
121,萌,RIKON,148,3B,50,2025-06-25,04:28,44,"j-pop, city pop",離婚伝説,2024-03-20,46,3,0,33,0,10,-6,C♯/D♭ Major,4,7fiWo0v1vbyPC1l7o7Ve4m,JPS802351570,1
122,綾,My Hair is Bad,83,4B,61,2025-06-28,05:32,60,j-pop,angels,2022-04-13,57,0,0,50,0,10,-6,G#/A♭ Major,4,3LaecLSC7LdRMf2AKzsOzp,JPPO02201005,1
126,もっと強く,EXILE,124,11B,64,2025-06-28,07:13,41,"j-pop, j-r&b",EXTREME BEST,2016-09-27,56,4,0,22,0,20,-6,A Major,4,3JPZKiZKQOsCMJmysdVcAZ,JPB601047001,1
127,掌の砂,EXILE,106,8B,82,2025-06-28,04:25,36,"j-pop, j-r&b",FANTASY,2010-06-09,62,2,0,72,0,30,-5,C Major,4,2Dh3dbcS7h7wYfrybSiSba,JPB601016306,1
128,Your eyes only〜曖昧なぼくの輪郭〜,EXILE,121,8B,57,2025-06-28,04:17,37,"j-pop, j-r&b",EXTREME BEST,2016-09-27,70,15,0,23,0,10,-6,C Major,4,4m6PR2AVBoOHDoYjWAsRSp,JPB600864703,1
129,あなたへ,EXILE,75,5B,53,2025-06-28,04:52,37,"j-pop, j-r&b",EXTREME BEST,2016-09-27,46,8,0,22,0,20,-7,D#/E♭ Major,4,5HEFe9Fop0mr5xxJsonvPA,JPB601158301,1
130,時の描片 〜トキノカケラ〜,EXILE,103,9B,78,2025-06-28,04:57,33,"j-pop, j-r&b",EXTREME BEST,2016-09-27,69,15,0,75,0,0,-4,G Major,4,2cpXGHCXMVYenUo7va9arE,JPB600742101,1
131,VICTORY,EXILE,130,7B,98,2025-06-28,05:26,42,"j-pop, j-r&b",FANTASY,2010-06-09,52,0,0,30,10,30,-5,F Major,4,4vc8Kc7kj4XF8ANvRTqJP5,JPB601016302,1
132,愛すべき未来へ,EXILE,140,9B,58,2025-06-28,04:55,41,"j-pop, j-r&b",愛すべき未来へ,2009-12-02,52,9,0,30,0,10,-6,G Major,4,4bfPIMQhRavxGwXK4gfP8r,JPB600915402,1
133,響 〜HIBIKI〜,EXILE,75,4B,53,2025-06-28,05:15,44,"j-pop, j-r&b",EXILE LOVE,2007-12-12,44,13,0,29,0,20,-6,G#/A♭ Major,4,47evTpLcyCq25N1JtWnxAt,JPB600722802,1
134,ノーダウト,OFFICIAL HIGE DANDISM,150,10B,94,2025-06-28,03:22,67,"j-pop, anime, j-rock",エスカパレード,2018-04-11,57,6,0,79,0,30,-3,D Major,4,5DMEvbg3gUmiR5HIBWdveV,JPC841800602,1
135,LADY,OFFICIAL HIGE DANDISM,144,11B,49,2025-06-28,04:41,50,"j-pop, anime, j-rock",エスカパレード,2018-04-11,54,7,0,53,0,10,-5,A Major,4,3SvfMMAkNKJWwvTPQEvAto,JPC841701901,1
136,クロノスタシス,BUMP OF CHICKEN,120,8B,71,2025-06-28,05:42,54,"j-pop, j-rock, anime",Iris,2024-09-04,70,10,0,69,0,20,-8,C Major,4,5MKYYoox1eGoVe1P3gwljh,JPTF02210901,1
137,MONEY LOVE RESPECT (feat. Tade Dust),"Yvng Patra,Tade Dust",131,4A,81,2025-06-28,02:44,51,"j-rap, hip hop",20,2023-02-25,84,44,0,90,10,30,-5,F Minor,4,1JUwMkOESeSBEhceyyLnJT,TCJPU2378915,1
140,You&I,SIX LOUNGE,148,10B,75,2025-06-28,03:10,36,"anime, japanese indie, j-rock, j-pop",You&I,2025-05-07,49,14,0,60,10,0,-2,D Major,4,4pY4R8WqJoA136lsaaKsXs,JPU902501437,1
141,アウトフォーカス,This is LAST,148,10B,56,2025-06-28,03:21,49,j-pop,HOME,2024-03-27,48,12,0,48,0,30,-5,D Major,4,758YF4Neyw3JR9BdGf4AXz,JPR652400018,1
142,笑顔,back number,75,2B,54,2025-06-28,04:32,47,"j-pop, j-rock",blues,2012-11-21,49,4,0,28,0,10,-4,F#/G♭ Major,4,6QkCxeBgxUV1Up4QsAEzFd,JPPO01221736,1
143,強化書,back number,200,10B,74,2025-06-28,04:11,43,"j-pop, j-rock",大不正解,2018-08-22,43,6,0,65,0,0,-4,D Major,4,7y5RDx80Fx3X9UdUS9ycaE,JPPO01802715,1
144,添い寝チャンスは突然に,back number,202,10B,89,2025-06-28,01:27,47,"j-pop, j-rock",ユーモア,2023-01-17,26,0,0,62,10,20,-3,D Major,4,0NVUSt2FdFiNHO1K1GhawP,JPPO02204476,1
145,ラブソングにも時代がある,This is LAST,195,1B,86,2025-06-28,04:26,32,j-pop,HOME,2024-03-27,31,0,0,49,0,10,-5,B Major,4,6Ak9ymTOdgPdPS1ll0pHDe,JPR652400019,1
146,さよなら最終兵器,The Birthday,93,11B,91,2025-06-28,05:58,38,j-rock,VISION,2012-01-01,43,0,0,34,0,10,-3,A Major,4,32LVjnU7SNhiFiojfo175f,JPPO01205589,1
147,なぜか今日は,The Birthday,168,8A,94,2025-06-28,04:06,42,j-rock,I’M JUST A DOG,2011-01-01,47,0,0,55,0,0,-2,A Minor,4,2IjYVbvez8YP7KT3ynFMCM,JPPO01109350,1
149,凪,Marcy,142,5B,53,2025-07-04,03:55,55,j-pop,Candle,2023-11-29,56,32,0,48,0,0,-6,D#/E♭ Major,4,0o0i6AYvStQb7W7AK3KCwr,JPPO02303429,1
150,いのちの理由,Chris Hart,142,12B,34,2025-07-06,05:22,27,"j-pop, kayōkyoku",Heart Song Tears,2016-10-19,49,27,0,29,0,30,-9,E Major,4,0JNKsvbuxy4W3lJqsFuG7O,JPPO01619669,1
151,ever free,"hide,Spread Beaver",176,3B,97,2025-07-06,03:39,26,"visual kei, j-rock, j-pop",We Love hide～The Best in The World～,2009-01-01,39,0,0,45,0,0,-5,C♯/D♭ Major,4,5qbLjgeeRvU2sgnUB5rHCO,JPMV09801330,1
152,ナツノオワリ,Shota Shimizu,84,4B,69,2025-07-10,05:06,56,"j-pop, j-r&b",ENCORE,2014-03-12,64,11,0,43,0,20,-6,G#/A♭ Major,4,6milBOzMt8xdFNp2afaMng,JPSR01400049,1
155,「アイシテル」,Shota Shimizu,80,11B,59,2025-07-10,05:11,48,"j-pop, j-r&b",Umbrella,2008-11-26,62,5,0,56,0,0,-6,A Major,4,1S2JTrjIsHi5WRqIaE6cEv,JPSR00801261,1
156,Love Forever,"Miliyah,Shota Shimizu",120,12A,87,2025-07-10,05:11,46,"j-r&b, j-pop",THE BEST,2014-04-02,75,3,0,94,0,10,-6,C♯/D♭ Minor,4,6AegMZl7Bu0FFvd0HXgPd5,JPSR00901001,1
160,HOME,Shota Shimizu,80,8B,61,2025-07-10,05:52,55,"j-pop, j-r&b",Umbrella,2008-11-26,60,1,0,60,0,0,-4,C Major,4,3zQtfqcTwgaz8zV4HJak7m,JPSR00704103,1
164,ラブソング,Marcy,78,3B,60,2025-07-10,04:18,60,j-pop,Candle,2023-11-29,56,30,0,55,0,0,-7,C♯/D♭ Major,4,2aC8t7OpwfBLTE4KWrJhN6,JPPO02302744,1
166,長い髪,FOMARE,160,8B,74,2025-07-10,06:09,53,"anime, j-rock, japanese indie, j-pop",midori,2022-10-19,45,10,0,38,0,30,-5,C Major,4,0os5QjxZ2bwTuxsxjJ1ceK,JPU902203464,1
167,白春夢,My Hair is Bad,185,4B,72,2025-07-10,04:21,55,j-pop,angels,2022-04-13,54,5,0,52,0,0,-6,G#/A♭ Major,4,3lxgsTcYaQhcQLkVfa3JeB,JPPO02003659,1
169,tomato,Shota Shimizu,97,3B,56,2025-07-15,04:40,46,"j-pop, j-r&b",tomato,2025-06-11,66,6,0,52,0,20,-6,C♯/D♭ Major,4,0fvg4lNtdROo83CGCfgyNF,JPU902501884,1
170,愛のままにわがままに 僕は君だけを傷つけない,B'z,120,11A,94,2025-07-19,03:55,59,"j-pop, kayōkyoku, j-rock",B'z The Best “Pleasure”,1998-05-20,61,16,0,64,0,20,-6,F#/G♭ Minor,4,0tY2EdfrJYjs9cTyglVmaq,JPBM09801107,1
171,愛の天秤,PURPLE BUBBLE,102,7B,77,2025-07-27,05:19,29,j-pop,愛の天秤,2024-10-28,54,18,0,62,0,0,-4,F Major,4,0HDbvNFo82M0aKPKKaRODo,JP92N2451472,1
172,tengoku,shytaupe,90,8B,70,2025-07-27,03:38,38,j-pop,オードブル,2024-01-17,31,2,0,47,0,20,-5,C Major,4,0o62plKyi6uahyz9MqbI1I,TCJPY2483544,1
173,monaural fantasy,back number,112,8B,84,2025-07-29,03:11,46,"j-pop, j-rock",MAGIC,2019-03-27,58,0,0,41,0,40,-3,C Major,4,6g4jTqHFxuRKUJPm2n1a2B,JPPO01900487,1
174,人として,SUPER BEAVER,164,11B,85,2025-07-30,04:04,63,"anime, j-pop, j-rock",27,2016-06-01,32,0,0,49,0,0,-4,A Major,4,5sCLe2F8qkAIUtTORsnjpE,JPZ921604346,1
176,ミックス,Marcy,128,10B,82,2025-07-30,03:30,54,j-pop,Candle,2023-11-29,63,7,0,71,0,30,-5,D Major,4,1Zc5q0eC09n2azb0dt8yOq,JPPO02302606,1
177,愛してるって,Laughing Hick,138,1B,75,2025-08-01,02:58,51,j-pop,DOPAMINE,2019-12-18,59,4,0,80,0,20,-4,B Major,4,5et9C4LRKM9hJjPzuZRhmv,JPB951900085,1
178,KAGEROU,Shota Shimizu,82,9B,42,2025-08-06,05:04,53,"j-pop, j-r&b",Pulsatilla cernua,2025-06-18,53,21,0,25,0,10,-7,G Major,4,55BserbXWxRpQNONiaBhjp,JPU902501883,1
179,DREAM,Shota Shimizu,94,4B,58,2025-08-06,05:23,55,"j-pop, j-r&b",ENCORE,2014-03-12,59,1,0,47,0,30,-5,G#/A♭ Major,4,7ssY4P3yB4pcE7FWH7SvDD,JPSR01301476,1
182,デッドエンド,SEKAI NO OWARI,138,3B,86,2025-08-06,04:40,43,"j-pop, anime",Nautilus,2024-03-13,48,0,0,43,0,0,-6,C♯/D♭ Major,4,505amJN26gbUe9tb9FtZL5,JPPO02302811,1
183,プレゼント,Marcy,92,1B,74,2025-08-06,04:08,52,j-pop,プレゼント,2024-09-25,54,8,0,43,0,10,-6,B Major,4,3qEFqbP7UiyJZx6g5C3LSd,JPPO02404091,1
184,愛心,Takaya Kawasaki,80,6B,61,2025-08-08,03:58,56,j-pop,曖昧Blue,2025-05-16,54,42,0,41,0,30,-6,A#/B♭ Major,4,59AH0RlVAqwxw6VACF1UIq,JPWP02400456,1
186,あかり,My Hair is Bad,88,2B,56,2025-08-08,04:03,54,j-pop,ghosts,2024-07-31,61,1,0,41,0,30,-6,F#/G♭ Major,4,2oipHzDeGgciwQxmEEAne5,JPPO02402881,1
187,愛着,My Hair is Bad,80,1B,62,2025-08-08,05:38,53,j-pop,愛着,2025-01-04,48,0,0,27,0,10,-5,B Major,4,0vtaW3SJMUv1UfjLxv2PGE,JPPO02405714,1
188,AM,This is LAST,176,8B,47,2025-08-09,02:35,41,j-pop,AM,2025-03-26,59,35,0,77,10,30,-7,C Major,4,3PIbikkz34top9WuKEvXiF,JPR652500037,1
189,天使と悪魔,GRe4N BOYZ,188,9B,80,2025-08-09,03:39,57,anime,天使と悪魔,2025-04-06,57,2,0,20,0,30,-3,G Major,4,614SrzamJ4d8gJOLkiZbRn,JPPO02500920,1
190,chase,batta,112,11A,99,2025-08-16,02:25,47,"anime, j-rock",chase,2016-07-27,39,0,0,10,10,30,-2,F#/G♭ Minor,4,5QKiW2Oogj7T5KoI1Wcl2u,JPQ461600303,1
191,頬を濡らす雨のように,back number,168,3B,88,2025-08-16,04:27,59,"j-pop, j-rock",ラブストーリー,2014-03-26,46,0,0,28,0,0,-3,C♯/D♭ Major,4,319VtHh8vtMRqSoZigWOtT,JPPO01354341,1
192,美しい棘,GLIM SPANKY,76,11B,82,2025-08-18,04:54,42,"j-rock, j-pop, japanese indie",BIZARRE CARNIVAL,2017-09-13,50,10,0,58,0,20,-3,A Major,4,0d4bEuJWaSscAZ3V6gzMVY,JPPO01700980,1
193,いちについて,Aimyon,76,6B,22,2025-08-20,06:13,50,j-pop,いちについて,2025-07-23,64,60,0,30,0,10,-10,A#/B♭ Major,4,454rsP0XW1Yzi9yhdEENrT,JPWP02500882,1
196,ないものねだり,Shota Shimizu,78,3B,69,2025-08-22,02:59,41,"j-pop, j-r&b",Pulsatilla cernua,2025-06-18,59,3,0,67,10,30,-6,C♯/D♭ Major,4,6plqkmTlRmA3xKbPNj5fT9,JPU902501885,1
197,The Day,Shota Shimizu,95,3B,69,2025-08-25,04:23,33,"j-pop, j-r&b",Naturally,2012-03-21,54,1,0,47,0,10,-6,C♯/D♭ Major,3,3H89Dbq31FVHJxJCaxgQGb,JPSR01200702,1
198,Because...,"LGYankees,Maiko Nakamura",78,3B,78,2025-08-25,06:31,49,"j-pop, j-rap, j-r&b, city pop",NO DOUBT!!!-NO LIMIT-,2008-00-00,42,9,0,37,0,30,-5,C♯/D♭ Major,4,7sHB6iwSpoCbHqhR2oYfcY,JPI210800108,1
199,Close to you,Shota Shimizu,80,9B,43,2025-08-25,04:24,35,"j-pop, j-r&b",Journey,2010-03-03,58,27,0,48,0,10,-8,G Major,4,1GTLdJds1DCspeJbjmFbRo,JPSR01000245,1
200,ベイビー,This is LAST,174,8B,79,2025-08-25,04:09,46,j-pop,嘘吐き/ベイビー,2021-10-20,50,11,0,81,0,10,-3,C Major,4,1rEqLeejGFtYlRlmGtZltJ,JPR292100413,1
201,ナナ,kariyushi58,98,4B,54,2025-08-25,04:44,47,j-pop,でーじ、かりゆし,2009-04-08,65,6,0,77,0,10,-6,G#/A♭ Major,4,47pdRsV1NWDUgK8PDCLESE,JPA960800134,1
202,ギフト,ET-KING,100,3B,73,2025-08-25,04:15,54,j-pop,SOUL LAUNDRY,2008-06-04,63,36,0,55,0,10,-4,C♯/D♭ Major,4,58oZnEFcAVvxszG4TJs513,JPPO00739010,1
203,天使にさよなら,shytaupe,154,2B,54,2025-08-25,04:27,37,j-pop,オードブル,2024-01-17,45,2,0,35,0,10,-6,F#/G♭ Major,4,5sHPQ9NFPNZotwR6AZ1C3I,TCJPY2483542,1
204,Shower,Shota Shimizu,94,10B,48,2025-08-25,04:50,44,"j-pop, j-r&b",ENCORE,2014-03-12,64,7,0,38,0,10,-8,D Major,4,6peAuXS6enTr2fiIPdf2BR,JPSR01400048,1
205,言葉にして,This is LAST,76,11B,55,2025-08-25,04:37,37,j-pop,HOME,2024-03-27,48,19,0,46,0,20,-6,A Major,4,6sxrXfO04Y7hI01mZeqs7A,JPR652300204,1
206,最後の優しさ,JAY'ED,132,8B,57,2025-08-25,04:17,60,"j-r&b, j-pop, j-rap",最後の優しさ/SUNLIGHT,2009-02-04,59,7,0,19,0,10,-6,C Major,4,5uPPjzPAByU3fRE3QhhHcz,JPTF00900101,1
207,More than friends,Shota Shimizu,77,10B,52,2025-08-25,04:46,36,"j-pop, j-r&b",Insomnia,2023-06-28,57,24,0,49,0,20,-8,D Major,4,2ownG1UmOTNdGvWMbsSQ6K,JPU902302113,1
208,君が暮らす街,Shota Shimizu,80,6B,53,2025-08-25,04:56,43,"j-pop, j-r&b",COLORS,2011-03-09,41,4,0,51,0,20,-6,A#/B♭ Major,4,45tFtMJYS5ktZc9ScsxQD1,JPSR01003267,1
209,Damage,Shota Shimizu,134,9B,72,2025-08-25,04:01,43,"j-pop, j-r&b",PROUD,2016-03-30,65,4,0,32,0,10,-6,G Major,4,7M2T4G0H1VPAOPr10Wmf96,JPU901600040,1
210,I miss you -refrain-,Shota Shimizu,98,8B,67,2025-08-25,05:29,35,"j-pop, j-r&b",ALL SINGLES BEST,2015-02-25,59,23,0,59,0,30,-5,C Major,4,080sJ3SvQBXeGO6q1oIF6z,JPU901402538,1
211,番狂わせ,Hump Back,175,11B,97,2025-08-27,03:36,48,j-pop,ACHATTER,2021-08-04,48,0,26,69,0,30,-2,A Major,4,1r8Tfhx4rDerncDQyuQBEQ,JPVP02107702,1
212,息もできない,The Birthday,145,10B,71,2025-08-27,05:04,32,j-rock,サンバースト,2021-07-28,58,28,4,20,0,10,-5,D Major,4,3dauWCZW5fvgONPaTUhrAs,JPPO02101426,1
213,僕は愛を知らない,wapiti,78,8B,64,2025-08-27,05:22,50,j-pop,Theatrical,2024-01-11,46,3,0,47,0,10,-4,C Major,4,7rV5Q1dOkhfxxw6wO9kkT6,TCJPY2360916,1
214,スーパーガール,Aimyon,106,6B,77,2025-08-31,04:07,40,j-pop,スーパーガール,2021-03-17,73,66,0,69,0,10,-5,A#/B♭ Major,4,2dwixhkS67B45PMId3tVyL,JPWP02100269,1
216,恋唄,Shota Shimizu,140,4B,51,2025-09-11,05:00,59,"j-pop, j-r&b",HOPE,2021-07-21,62,34,0,44,0,0,-8,G#/A♭ Major,4,3nmMpo6n2NcX6rU0TiQRXf,JPU902100955,1
217,道,EXILE,140,10B,59,2025-09-11,04:39,62,"j-pop, j-r&b",EXILE EVOLUTION,2007-03-07,48,0,0,27,0,20,-6,D Major,4,6fZhokT7ADLeCcOyKL914T,JPB600703201,1
218,火の花,This is LAST,138,3B,78,2025-09-13,03:29,43,j-pop,火の花,2025-04-25,51,0,0,77,0,0,-4,C♯/D♭ Major,4,03tKHThiqBmjhClkehmL5E,JPR652400093,1
219,もういいの？,This is LAST,147,10B,86,2025-09-13,03:06,46,j-pop,HOME,2024-03-27,56,3,0,82,0,20,-4,D Major,4,1dW5bHkqutSbCReC5Vi5Rj,JPR652200042,1
220,運命のヒト,EXILE,146,10B,78,2025-09-14,04:49,38,"j-pop, j-r&b",Carry On / 運命のヒト,2004-05-12,63,1,0,60,0,10,-4,D Major,4,2Lc16vBb6sOnQcNvpfbTIX,JPB600424602,1
221,君中心に揺れる世界は,Marcy,170,10A,87,2025-09-18,03:20,50,j-pop,君中心に揺れる世界は,2025-05-19,49,2,0,88,0,30,-4,B Minor,4,3QnCdbgIKN5WPb1r6pCATq,JPPO02501568,1
223,意外と言っちゃなんだけど,Kanau Matsumura,96,1B,71,2025-09-18,03:12,42,j-pop,意外と言っちゃなんだけど,2024-10-23,49,3,0,88,0,10,-5,B Major,4,1qHKefEs4RGRjWYfZBv8Dh,JPF702401508,1
225,オムライス,This is LAST,108,10B,95,2025-09-18,03:27,48,j-pop,ポニーテールに揺らされて,2021-05-19,65,1,0,67,0,10,-3,D Major,4,0i0J4FWLF3hElZxjksli6H,JPR292100148,1
226,永遠前夜,TENBLANK,148,11B,55,2025-09-20,04:08,54,"j-pop, j-rock",Glass Heart,2025-07-31,44,5,0,34,0,10,-6,A Major,4,7JfypekaCrAcO8PIQr2Yf8,JPWP02500793,1
227,B.G.P,"Yvng Patra,Oddy lozy",116,3A,86,2025-10-01,02:21,47,"j-rap, hip hop",Magna Scale,2022-08-06,95,64,0,97,10,0,-7,A#/B♭ Minor,4,2MF3lWVhYZ7BH3E3fVqUXs,TCJPS2255957,1
228,Datejust,Yvng Patra,95,7B,66,2025-10-01,02:42,54,"j-rap, hip hop",RICH / RISK,2025-01-25,72,30,0,76,0,10,-8,F Major,4,3Pocj57nstHxIIOnRwL2Z9,TCJPD2545555,1
229,FLEX (feat. Candee & Yvng Patra),"Eric.B.Jr,Candee,Yvng Patra",158,11B,65,2025-10-01,03:52,47,"j-rap, hip hop",FLEX (feat. Candee & Yvng Patra),2024-11-30,73,4,0,42,0,10,-5,A Major,4,2bEYwFEeGw45H7xavyhbCX,TCJPD2413416,1
230,空・前・絶・後 Kuu-Zen-Zetsu-Go,Takayoshi Tanimoto,90,2B,98,2025-10-03,03:48,41,anime,テレビアニメ「ドラゴンボール改 魔人ブウ編」オープニング・テーマ空・前・絶・後 Kuu-Zen-Zetsu-Go,2014-06-18,53,2,0,54,0,40,-3,F#/G♭ Major,4,4C3nb1e9Shnv03eSbO0Zr9,JPCO01412410,1
231,GONG,WANIMA,97,2B,97,2025-10-03,04:28,55,"j-pop, j-rock, melodic hardcore",COMINATCHA!!,2019-10-23,56,0,0,66,0,30,-2,F#/G♭ Major,4,4TFUsim1NVJGvQjE2Ppeno,JPWP01971050,1
232,関白宣言,My Hair is Bad,142,5B,95,2025-10-10,03:06,53,j-pop,mothers,2017-11-22,53,1,0,77,0,20,-4,D#/E♭ Major,4,2KSlWmvOhZzAz0ByZWeo6C,JPPO01705566,1
233,微熱,My Hair is Bad,133,3B,85,2025-10-10,03:22,52,j-pop,hadaka e.p.,2018-11-07,61,0,0,73,0,10,-5,C♯/D♭ Major,4,4uU6tfWR2mywqpKn2akUwV,JPPO01804881,1
234,化粧,My Hair is Bad,77,3B,57,2025-10-11,04:25,54,j-pop,boys,2019-06-26,49,5,0,24,0,10,-6,C♯/D♭ Major,4,74HOlE2VgeCvRbVHdWaRdm,JPPO01901604,1
235,瞳にめざめて,My Hair is Bad,95,4B,94,2025-10-11,03:27,49,j-pop,瞳にめざめて,2022-10-26,53,0,0,56,0,10,-4,G#/A♭ Major,4,2Mf4WM0Ek5JjbolrOtjLgi,JPPO02203974,1
236,結婚しようよ,My Hair is Bad,178,5B,51,2025-10-12,04:57,47,j-pop,ghosts,2024-07-31,52,3,0,46,0,20,-5,D#/E♭ Major,4,1cfWhvajLAaRQ0w8G1b7Fi,JPPO02402882,1
237,告白,My Hair is Bad,104,3B,91,2025-10-12,02:17,43,j-pop,woman’s,2016-10-19,56,0,0,68,0,0,-5,C♯/D♭ Major,4,2m8OAPaEZOcHtgmdn1uyyv,JPPO01619033,1
238,接吻とフレンド,My Hair is Bad,175,3B,94,2025-10-12,03:20,44,j-pop,woman’s,2016-10-19,38,0,0,49,10,60,-4,C♯/D♭ Major,4,15PxbqfhE1lgv23g0OKNb8,JPPO01619034,1
239,チェリーチェリー - ～2025 ver.～,Acid Black Cherry,140,10B,99,2025-10-17,05:05,45,"visual kei, j-rock, j-pop",Q.E.D.,2025-01-27,42,1,0,25,0,20,-1,D Major,4,5b17OlAxtq2zKSbjwhf87B,JPB602500219,1
241,Enter Sandman - Remastered 2021,Metallica,123,11A,84,2025-10-20,05:31,86,"metal, thrash metal, rock, heavy metal, hard rock",Metallica (Remastered Deluxe Box Set),2021-09-10,57,0,1,62,0,0,-8,F#/G♭ Minor,4,3DwQ7AH3xGD9h65ezslm6q,QMKHM1900001,1
242,いつか結婚しても,My Hair is Bad,80,2B,79,2025-10-23,04:06,56,j-pop,mothers,2017-11-22,51,1,0,59,0,0,-4,F#/G♭ Major,4,6rZTjkoaONQbdOGCXs9UZO,JPPO01705567,1
243,浮気のとなりで,My Hair is Bad,124,2B,86,2025-10-23,02:24,46,j-pop,boys,2019-06-26,64,9,0,89,0,10,-4,F#/G♭ Major,4,14p5PSc6k9xCRbqmbyvXOd,JPPO01901603,1
244,儚げブルー,SIX LOUNGE,203,3B,80,2025-10-23,03:52,35,"anime, japanese indie, j-rock, j-pop",燦燦,2025-10-01,18,4,0,34,0,10,-4,C♯/D♭ Major,4,0jsld3qUn15lZ1nrhMdR3o,JPU902503146,1
245,かまわないよ,SIX LOUNGE,132,1B,76,2025-10-23,03:38,38,"anime, japanese indie, j-rock, j-pop",かまわないよ,2025-07-05,52,7,0,49,0,10,-3,B Major,4,2LBhA2vHo8RK8C55TRASp7,JPU902502155,1
246,次回予告,My Hair is Bad,95,3B,64,2025-10-23,04:19,52,j-pop,hadaka e.p.,2018-11-07,60,2,0,62,0,10,-6,C♯/D♭ Major,4,7npcNcdzyyIgK8e0GeVigQ,JPPO01804879,1
247,翠,My Hair is Bad,137,3B,82,2025-10-23,03:15,47,j-pop,angels,2022-04-13,59,0,0,72,0,30,-6,C♯/D♭ Major,4,74S00EkxIXH3u9JMmG84Km,JPPO02201007,1
248,星に願いを,My Hair is Bad,125,1B,90,2025-10-23,03:03,43,j-pop,ghosts,2024-07-31,51,0,0,79,0,40,-4,B Major,4,6r23OKQSU3iSw2simjFI0B,JPPO02402885,1
249,運命,My Hair is Bad,101,4B,91,2025-10-23,02:50,42,j-pop,運命 / 幻,2017-09-06,53,0,0,64,0,30,-4,G#/A♭ Major,4,23FAxmvUaNDfdMluIUmDIK,JPPO01704606,1
250,正直な話,My Hair is Bad,83,1B,49,2025-10-23,04:26,43,j-pop,angels,2022-04-13,62,0,0,51,0,20,-5,B Major,4,5jDnwzuUou7n2oX9yRHSg7,JPPO02201006,1
251,歓声をさがして,My Hair is Bad,77,5B,95,2025-10-23,03:53,42,j-pop,歓声をさがして,2022-03-26,50,1,0,59,0,20,-4,D#/E♭ Major,4,3N6QVzApdGF3xInV7HpxZm,JPPO02201004,1
252,鳩かもめ,My Hair is Bad,100,2B,95,2025-10-23,03:42,41,j-pop,ghosts,2024-07-31,49,0,0,44,0,20,-4,F#/G♭ Major,4,5MDNqw45RsQgsZez7vz3vi,JPPO02402880,1
253,一母八花,My Hair is Bad,100,4B,85,2025-10-23,03:14,38,j-pop,ghosts,2024-07-31,54,0,0,70,0,10,-5,G#/A♭ Major,4,2qrCfVW3ebkJmUfGCDPnrc,JPPO02402879,1
254,太陽,My Hair is Bad,98,4B,77,2025-10-23,04:26,36,j-pop,太陽,2024-03-14,60,0,0,61,0,10,-4,G#/A♭ Major,4,7kzQIvZgFgmLIWnZO1Ug3S,JPPO02400665,1
255,観覧車,My Hair is Bad,134,1B,77,2025-10-24,04:17,48,j-pop,boys,2019-06-26,54,1,0,55,0,10,-4,B Major,4,2fy97tZ7heQTsLfHZVpHJG,JPPO01901605,1
257,ギャグにしようぜ,My Hair is Bad,136,2B,93,2025-10-24,03:12,34,j-pop,angels,2022-04-13,55,0,0,83,0,10,-4,F#/G♭ Major,4,51b46cUaJdwKFxOf31YJdR,JPPO02201010,1
259,シェイプシフター,This is LAST,172,10B,72,2025-11-01,03:31,57,j-pop,シェイプシフター,2025-10-08,47,3,0,76,0,30,-5,D Major,4,6EVVciBwPE9AUDmAHIWyt6,JPR652500186,1
260,いつか何もない世界で,Macaroni Empitsu,148,10B,83,2025-11-01,02:47,48,j-pop,いつか何もない世界で,2025-09-05,34,3,0,43,0,10,-4,D Major,4,2wZux5EsJfcZF5kgJPtsrq,JPTF02524101,1
261,キミのことが好きなわたしが好き,櫻井優衣,106,7B,72,2025-11-02,03:20,51,,キミのことが好きなわたしが好き,2025-09-19,76,14,0,75,0,0,-3,F Major,4,7t7NYq3DDY93BJHUm8AhJh,JPPO02502672,1
262,ゲッタバンバン,Tomohisa Sako,167,8B,96,2025-11-08,04:08,32,anime,ゲッタバンバン,2015-04-08,51,4,0,67,10,30,-3,C Major,4,4RyaIPffpVBvOFxnME9d3g,JPU901500548,1
263,沼超えて湖,This is LAST,145,12A,73,2025-11-09,03:17,45,j-pop,沼超えて湖,2025-07-02,62,2,0,90,10,30,-5,C♯/D♭ Minor,4,7cikWM5KETPtV41hGqsEPi,JPR652500131,1
264,Scoop!,This is LAST,176,10B,80,2025-11-09,02:56,37,j-pop,Scoop!,2024-09-04,46,0,0,92,10,0,-4,D Major,4,3fccsKwQvFMV38W4zrx8TU,JPR652400126,1
265,Any,This is LAST,86,11B,48,2025-11-09,03:35,41,j-pop,Any,2024-01-31,72,13,0,87,0,0,-6,A Major,4,5Daxs3uXYluqXbyrIIHbG3,JPR652400008,1
266,拝啓、最低な君へ,This is LAST,80,1B,65,2025-11-09,02:48,43,j-pop,別に、どうでもいい、知らない,2020-11-25,44,4,0,50,0,10,-4,B Major,4,3oeDNLbanTrexOwzWG0qyp,JPR292000586,1
267,Fallin,Shota Shimizu,152,1B,54,2025-11-09,03:52,48,"j-pop, j-r&b",Fallin,2023-05-31,67,15,0,45,0,10,-8,B Major,4,13LEi43b0Jl5AFRqPACiCg,JPU902302058,1
268,ポニーテールに揺らされて,This is LAST,164,1B,56,2025-11-09,04:42,40,j-pop,ポニーテールに揺らされて,2021-05-19,56,1,0,73,0,10,-6,B Major,4,4RKPspWkBFChuQYtkykeZr,JPR292100146,1
269,病んでるくらいがちょうどいいね,This is LAST,135,3B,89,2025-11-10,04:01,36,j-pop,別に、どうでもいい、知らない,2020-11-25,56,1,0,70,0,30,-3,C♯/D♭ Major,4,2tTgk6YdxMJ0rZovQUneXh,JPR292000587,1
270,アイムアイ,This is LAST,102,3B,88,2025-11-10,03:53,36,j-pop,aizou,2019-11-20,51,12,0,46,0,10,-4,C♯/D♭ Major,4,65XPrFmGpLNAZdBRnNw29n,JPR291900383,1
271,距離,This is LAST,175,3B,87,2025-11-11,04:19,37,j-pop,距離/艶麗,2020-08-30,42,0,0,84,0,20,-4,C♯/D♭ Major,4,14E0yXx6QStRJPF5MpqZHG,JPR292000567,1
272,スーパーキセイマン,This is LAST,176,8A,67,2025-11-11,03:07,33,j-pop,スーパーキセイマン,2024-06-28,50,4,0,54,0,20,-7,A Minor,4,0OQwIjAXww25CxWRIYkkT8,JPR652400052,1
273,ミラーボールとシンデレラ,back number,127,9A,92,2025-11-15,03:01,49,"j-pop, j-rock",シャンデリア,2015-12-09,57,0,0,69,0,0,-3,E Minor,4,7lYlSftjw3C0Hx1G3syOv1,JPPO01510428,1
274,SEASONS,Ayumi Hamasaki,164,5B,63,2025-11-19,04:24,62,j-pop,Duty,2000-09-27,50,79,0,19,0,0,-5,D#/E♭ Major,4,1cqpwSj2BFeKYKavle5FYL,JPB600023301,1
275,Sweet 19 Blues ～オレには遠い～ (feat. 安室奈美恵),"t-Ace,Namie Amuro",160,8B,84,2025-11-19,03:44,55,"j-rap, j-pop, j-r&b, anime",Sweet 19 Blues ～オレには遠い～ (feat. 安室奈美恵),2019-10-16,66,1,0,66,0,30,-4,C Major,4,6nrZbMdEyzymBIwsxaJkda,TCJPJ1966213,1
276,BLUE BIRD,Ayumi Hamasaki,122,2B,92,2025-11-20,04:06,60,j-pop,Secret,2006-11-29,63,10,0,46,0,0,-6,F#/G♭ Major,4,42rv9MGtyeFmIEtlUP0M6e,JPB600628301,1
277,boyfriend,Mao Abe,84,11B,57,2025-11-24,05:25,46,j-pop,貴方を好きな私,2013-08-28,53,0,0,47,0,10,-4,A Major,4,7IWvu58HcRTP2TDfqdq0O1,JPPC01300728,1
281,平日のブルース,back number,137,11B,95,2025-12-18,03:52,45,"j-pop, j-rock",blues,2012-11-21,56,0,0,65,0,20,-3,A Major,4,4Oi15oFnRYIgig5CvwHipI,JPPO01208480,1
282,ネタンデルタール人,back number,103,10B,96,2025-12-18,03:55,49,"j-pop, j-rock",ラブストーリー,2014-03-26,60,0,0,38,0,0,-2,D Major,4,34iN19GncLgzryTgTBIOUK,JPPO01352170,1
284,舌,My Hair is Bad,160,1B,75,2026-01-04,03:50,44,j-pop,angels,2022-04-13,44,0,0,73,0,10,-6,B Major,4,7dIl1XOKUKyJhMd2WEIk1k,JPPO02201011,1
285,思い出をかけぬけて,My Hair is Bad,70,2B,75,2026-01-04,03:51,50,j-pop,思い出をかけぬけて,2024-06-14,48,3,0,50,0,10,-4,F#/G♭ Major,4,5YciBMihZOu9wIbf1gsmP6,JPPO02402888,1
286,ホームタウン,My Hair is Bad,170,4B,42,2026-01-04,07:07,57,j-pop,boys,2019-06-26,64,48,0,41,0,10,-14,G#/A♭ Major,4,6ocYdFNcNTRJkEA1OB94EE,JPPO01901606,1
287,THE RED MAGIC,AK-69,102,11A,88,2026-01-07,04:09,44,"j-rap, j-pop, hip hop",Road to The Independent King,2013-12-04,60,0,0,74,0,60,-3,F#/G♭ Minor,4,1G9ZbkGmV3z1z2oyG5alBe,JPX601100002,1
288,Bussin’,"AK-69,¥ellow Bucks",172,3B,92,2026-01-12,03:06,59,"j-rap, j-pop, hip hop",LIVE : live,2020-08-02,62,8,0,79,0,0,-4,C♯/D♭ Major,4,6xXRAi4JW9SzaM3b5R3Gbe,JPPO02001675,1
289,ONE SHOT (feat. Watson & Eric.B.Jr),"AK-69,Watson,Eric.B.Jr",106,3A,81,2026-01-12,03:37,56,"j-rap, j-pop, hip hop",My G's,2025-01-31,83,8,0,73,0,10,-7,A#/B♭ Minor,4,0RWs0QArAcjeBeWlAy5prB,TCJPZ2493677,1
290,Flying B - DAWN ver.,AK-69,90,6A,92,2026-01-12,04:12,55,"j-rap, j-pop, hip hop",DAWN,2016-11-23,68,10,0,49,0,20,-2,G Minor,4,37QeeH4jhN1D42r5hVF0Ww,QT66J2576735,1
291,華奢なリップ (feat. ちゃんみな),"Genie High,CHANMINA",125,7A,72,2026-01-14,04:28,60,"j-pop, j-rock, japanese indie, j-rap",華奢なリップ (feat. ちゃんみな),2021-06-11,61,9,0,49,0,30,-5,D Minor,4,0wOkiindak4Dx5e4CuylaP,JPWP02100482,1
293,PORSCHEでKISS,t-Ace,100,9B,65,2026-01-29,03:18,49,"j-rap, j-pop",PORSCHEでKISS,2019-03-20,73,1,0,56,0,20,-5,G Major,4,47VbfluMsR8PyYpIDCeiMb,TCJPI1969646,1
294,Life is a Highway,Rascal Flatts,103,7B,93,2026-02-03,04:35,77,country,Cars (Original Motion Picture Soundtrack),2006-01-01,56,0,0,56,0,20,-6,F Major,4,5gB2IrxOCX2j9bMnHKP38i,USWD10628832,1
295,Real Gone,Sheryl Crow,118,10A,79,2026-02-03,03:20,73,,Cars (Original Motion Picture Soundtrack),2006-01-01,61,0,0,81,0,0,-5,B Minor,4,45dGKmN6jw7PgK6Dw2rEp2,USWD10628831,2
296,ラブソング,My Hair is Bad,163,2B,66,2026-02-03,05:40,44,j-pop,ラブソング,2020-03-25,30,1,0,31,0,0,-5,F#/G♭ Major,4,07DGCu195bAjyMCCySwVjW,JPPO02000889,1
297,HELLO HATER,MIKADO,148,4A,71,2026-02-03,03:22,45,j-rap,ENVY / HELLO HATER,2025-04-02,61,4,0,28,0,10,-5,F Minor,4,0ppbRKb02BB77hwKbaAwUf,TCJPF2500633,1
298,やるしかねえ (feat. ELIONE & CHICO CARLITO),"Masato Hayashi,ELIONE,CHICO CARLITO",180,4A,65,2026-02-03,03:45,45,"j-rap, j-r&b",Issue,2022-04-27,63,3,0,14,0,10,-9,F Minor,4,2ybrHZVL44j5BnlKD2H6jP,TCJPR2208154,1
299,Champions,"Kaneee,Kohjiya,Yvng Patra",162,4A,64,2026-02-03,04:37,59,"j-rap, j-r&b, hip hop",Champions,2024-05-01,67,2,0,74,0,10,-7,F Minor,4,07n4Wa9DmDyZyeyoba6dtA,JPJ902401050,1
300,TOKYO KIDS - Remix - Cover,"DJ TATSUKI,ZEEBRA,Hannya,MET as MTHA2",180,3B,87,2026-02-12,03:31,42,"j-rap, hip hop, j-r&b",TOKYO KIDS (feat. Zeebra & 般若) [Remix] [Cover],2022-11-19,68,33,0,74,40,60,-7,C♯/D♭ Major,4,06brn3fBRRyjDE3pVKtctN,TCJPT2259698,1
301,Cherish,Shota Shimizu,174,6B,51,2026-02-15,05:12,45,"j-pop, j-r&b",HOPE,2021-07-21,52,34,0,29,0,10,-9,A#/B♭ Major,4,4OJ0KMu0iN9MzEW2svui5c,JPU902101551,1
303,Lucky,Maki,114,11B,85,2026-02-28,03:27,31,"melodic hardcore, j-rock",Lucky,2023-02-15,61,0,0,84,0,0,-3,A Major,4,5y5OIp260DzkhUhHVvCTWO,JPA962380021,1
304,シーソーゲーム～勇敢な恋の歌～,Mr.Children,135,12B,85,2026-02-28,04:29,13,"j-pop, j-rock, kayōkyoku",BOLERO,1997-03-05,59,14,0,78,0,30,-6,E Major,4,5EjvlyjMwqmabXgFDD8D2x,JPTF09503701,1
305,世界を終わらせて,ハルカミライ,134,9B,96,2026-02-28,03:53,55,melodic hardcore,永遠の花,2019-01-16,38,0,0,39,10,30,-3,G Major,4,2FZXuCw75FYVfiNHtFQON9,JPPO01805705,1
308,BABY BABY,GING NANG BOYZ,140,4B,89,2026-02-28,03:59,52,"j-rock, melodic hardcore, j-pop, japanese indie",君と僕の第三次世界大戦的恋愛革命,2005-00-00,27,0,0,33,0,20,-1,G#/A♭ Major,4,087HZ0quExiXgCwLhASwgP,JPB450600709,1
310,Angel,CHANMINA,115,7B,59,2026-02-28,03:11,66,"j-pop, j-rap",ハレンチ,2021-10-13,71,0,3,67,0,10,-6,F Major,4,3vXHM9HaxNYrky9r1zxLWa,JPWP02101000,1
311,心,アルステイク,138,4B,79,2026-03-01,03:24,55,,kasabuta,2025-09-27,55,0,0,50,0,0,-4,G#/A♭ Major,3,2IYIeMVCYIZUyzG1td1GW5,QT66J2509436,1
312,真赤,My Hair is Bad,98,5B,97,2026-03-02,03:24,54,j-pop,woman’s,2016-10-19,50,1,0,35,10,0,-3,D#/E♭ Major,4,0ncUjMgT4Wl05I9va9Obc5,JPPO01619141,1
313,卒業,My Hair is Bad,166,2B,68,2026-03-06,05:21,47,j-pop,woman’s,2016-10-19,44,3,0,60,0,20,-5,F#/G♭ Major,4,7pOY1SisywC0fj0dV4VhwW,JPPO01614911,1
314,B級,CHANMINA,140,3A,72,2026-03-14,03:16,68,"j-pop, j-rap",Naked,2023-04-26,81,5,0,79,0,0,-5,A#/B♭ Minor,4,0mBPNrXQjNv3NfzqrljAZZ,JPWP02300195,1
315,ハレンチ,CHANMINA,120,10A,87,2026-03-14,03:18,72,"j-pop, j-rap",ハレンチ,2021-10-13,71,5,0,56,0,30,-6,B Minor,4,2BfzhBl79bcPOHHXAXJkTY,JPWP02170748,1
316,ダリア,CHANMINA,130,7B,45,2026-03-14,03:32,62,"j-pop, j-rap",美人,2021-04-14,60,1,0,20,0,0,-6,F Major,4,7C5kbaWqlt4E23aS1qFgEC,JPWP02170298,1
317,Chocolate,CHANMINA,92,8B,74,2026-03-14,03:02,61,"j-pop, j-rap",CHOCOLATE,2017-11-15,80,6,0,27,0,0,-5,C Major,4,6CU3VvoeQgkg4Wb1vS0zj7,JPVI01735720,1
318,Good,CHANMINA,148,8B,70,2026-03-14,03:33,57,"j-pop, j-rap",Naked,2023-04-26,72,0,0,46,0,0,-6,C Major,4,1Z8JOVjvZNhwOdwOVqZPpI,JPWP02300187,1
319,Welcome To Tokyo,Tee Shyne,144,10A,80,2026-03-15,02:57,46,j-rap,Welcome To Tokyo,2025-07-16,81,38,0,73,10,10,-6,B Minor,4,56a0njOcx9g9d0wkG9Rcse,TCJPJ2510644,1
320,サマー・イン・サマー,My Hair is Bad,100,3A,97,2026-03-17,03:01,36,j-pop,angels,2022-04-13,50,0,0,52,0,30,-4,A#/B♭ Minor,4,3szkfFKlRZyCGIlCakFA44,JPPO02201003,1
321,lighter,My Hair is Bad,163,4B,81,2026-03-17,03:16,31,j-pop,boys,2019-06-26,38,0,0,45,10,10,-4,G#/A♭ Major,4,0WGV0pTFQ9IrUjD1JbGULg,JPPO01901609,1
322,カモフラージュ,My Hair is Bad,100,4B,94,2026-03-17,03:22,34,j-pop,angels,2022-04-13,59,0,0,69,0,20,-5,G#/A♭ Major,3,5v50DlSBMICAymxatcnNTi,JPPO02200374,1
323,仕事が終わったら,My Hair is Bad,110,3B,98,2026-03-17,01:34,32,j-pop,angels,2022-04-13,59,0,0,74,0,40,-4,C♯/D♭ Major,4,2hE7hJeVdogfCxOiV9delb,JPPO02201008,1
324,花びらの中に,My Hair is Bad,175,3B,58,2026-03-17,04:39,37,j-pop,angels,2022-04-13,50,0,0,52,0,10,-5,C♯/D♭ Major,4,524P7N98DoLlUn9X6viIlg,JPPO02201012,1
325,君が海,My Hair is Bad,96,3B,95,2026-03-17,03:55,42,j-pop,boys,2019-06-26,51,1,0,54,0,30,-2,C♯/D♭ Major,4,6mdPlbbm1380gFJoXE9dgk,JPPO01901601,1
326,青,My Hair is Bad,178,3B,72,2026-03-17,02:50,36,j-pop,boys,2019-06-26,41,1,0,24,0,10,-5,C♯/D♭ Major,4,0YJHRYLYY8uiTcIy33LH2W,JPPO01901602,1
327,舞台をおりて,My Hair is Bad,111,4B,73,2026-03-17,04:33,35,j-pop,boys,2019-06-26,55,0,0,60,0,20,-4,G#/A♭ Major,3,3xEYF9W6D2FxSQd3PMLmug,JPPO01901612,1
328,熱狂を終え,My Hair is Bad,197,3B,97,2026-03-17,03:36,34,j-pop,mothers,2017-11-22,37,1,0,68,10,40,-4,C♯/D♭ Major,4,1Xrf5BJyUPBhGubo9VJiGS,JPPO01705565,1
329,噂,My Hair is Bad,107,3B,97,2026-03-17,00:46,33,j-pop,mothers,2017-11-22,47,0,0,50,0,10,-4,C♯/D♭ Major,4,5Oq9VXQ7t5Ql7naEjbtALc,JPPO01705570,1
330,こっちみてきいて,My Hair is Bad,99,6B,85,2026-03-17,03:03,41,j-pop,mothers,2017-11-22,57,1,0,50,0,10,-6,A#/B♭ Major,4,2NIHCQRdJQ0TxfR1IhiUCq,JPPO01705572,1
331,音楽家になりたくて,My Hair is Bad,98,1B,90,2026-03-17,03:35,36,j-pop,woman’s,2016-10-19,53,0,0,46,0,50,-5,B Major,4,2aExokQmcaQtxzoLSrHudO,JPPO01619035,1
332,猫の耳,My Hair is Bad,89,5B,72,2026-03-17,04:42,30,j-pop,ghosts,2024-07-31,50,0,0,49,0,30,-5,D#/E♭ Major,4,5K6bWqLKM4k1FZyWjvNbao,JPPO02402886,1
333,裸,My Hair is Bad,98,3B,73,2026-03-17,04:14,30,j-pop,hadaka e.p.,2018-11-07,52,0,0,31,0,20,-6,C♯/D♭ Major,4,6qtamS74Gf0mZBc3BFla0w,JPPO01804883,1
334,REVENGE,Pxrge Trxxxper,80,10B,83,2026-03-17,02:48,54,j-rap,The Claimant / REVENGE,2026-01-30,75,1,0,38,10,10,-4,D Major,4,4f3oJsO48iDBTqyJTzYMmn,JPX742000668,1
335,リルフィン・リルフィン,My Hair is Bad,120,3A,92,2026-03-17,02:40,33,j-pop,angels,2022-04-13,57,0,0,59,0,20,-5,A#/B♭ Minor,4,5Xt4jHvEFszdF0AJEynu1J,JPPO02201009,1
336,WAVEBODY (feat. OZworld & LEX),"JP THE WAVY,OZworld,LEX",87,3B,75,2026-03-18,03:04,48,"j-rap, j-r&b, hip hop",WAVY TAPE 2,2021-03-31,88,5,0,85,10,10,-6,C♯/D♭ Major,4,4KDuAbtpteWI4a3flG5gMM,JPY202100033,1
337,aero (feat. Tohji & gummyboy),"DJ CHARI,Tohji,gummyboy",72,4B,67,2026-04-07,03:21,42,"j-rap, hip hop",GAME,2019-05-16,55,5,0,51,10,0,-7,G#/A♭ Major,4,7mehXAUzNYa94tgCLx30yz,TCJPI1994542,1
338,Do u remember me (feat. Tohji & gummyboy),"Mall Boyz,Tohji,gummyboy",131,4B,85,2026-04-08,03:28,48,j-rap,Mall Tape 2,2023-07-05,60,18,0,90,0,20,-5,G#/A♭ Major,4,3oMNrj9cG8BmcbsqTGkmvE,TCJPW2340534,1
340,Super Ocean Man,"Tohji,banvox",155,6B,96,2026-04-21,03:13,48,"j-rap, j-dance, kompa",t-mix,2022-06-03,46,13,8,46,0,10,-2,A#/B♭ Major,4,3M3tWWm40ZGGvku8Iptp5L,TCJPR2282661,1
341,GOKU VIBES (feat. UNEDUCATED KID & Futuristic Swaver),"DJ CHARI,DJ TATSUKI,Tohji,Elle Teresa,UNEDUCATED KID,Futuristic Swaver",150,8B,80,2026-04-21,04:08,52,"j-rap, hip hop, k-rap",GOKU VIBES (feat. UNEDUCATED KID & Futuristic Swaver),2020-08-26,59,15,0,50,0,10,-5,C Major,4,51GoV9wH57anm60ll5u5bS,TCJPM2037720,1
342,Aglio e olio,Tohji,145,8B,85,2026-04-21,02:42,40,j-rap,Aglio e olio,2023-09-29,40,2,0,29,0,10,-6,C Major,4,0cw4jePLv2q20Lz9ZdqcvX,UKXN22315675,1
343,"Higher (feat. Tohji, gummyboy)","Mall Boyz,Tohji,gummyboy",142,6B,89,2026-04-21,03:04,51,j-rap,Mall Tape,2018-12-26,53,21,0,53,0,30,-4,A#/B♭ Major,4,5HkpiHbmgH87yJwIGlS6ye,TCJPI1831805,1
344,Run My Way,December 10,165,7B,84,2026-04-21,02:44,62,,Run My Way,2026-01-30,60,4,0,43,0,0,-5,F Major,4,5vEdGoNQHH2FZT9y2wc2zr,GBUM72507407,1
345,My Life (feat. Tohji & gummyboy),"Mall Boyz,Tohji,gummyboy",145,4B,89,2026-04-21,03:12,43,j-rap,Mall Tape 2,2023-07-05,53,47,0,55,0,0,-6,G#/A♭ Major,4,2YE2Ag8jHOAyAU4HOJruEj,TCJPV2395488,1
346,姿,Aimyon,78,3B,48,2026-04-21,03:27,59,j-pop,瞳へ落ちるよレコード,2022-08-17,58,67,0,46,0,10,-6,C♯/D♭ Major,4,5okAqlWhkOADHjd61PKslW,JPWP02270832,1
348,Tears in Heaven,Eric Clapton,154,11B,24,2026-04-24,04:31,75,"blues, blues rock, classic rock",Rush (Music from the Motion Picture Soundtrack),1992-01-10,50,84,54,31,0,10,-12,A Major,4,1kgdslQYmeTR4thk9whoRw,USRE19100010,1
349,銀河鉄道999 - EXILE CATCHY BEST,"EXILE,VERBAL",131,4B,90,2026-04-24,04:26,52,"j-pop, j-r&b, ",EXILE CATCHY BEST,2008-03-26,62,0,0,71,0,10,-7,G#/A♭ Major,4,5BnUsu7JzV5nH3udqqPbLY,JPB600814609,1
4,Murder In My Mind - Sped Up,Kordhell,151,10B,99,2026-04-22,01:55,53,"phonk, drift phonk",Murder In My Mind (Sped Up),2022-05-05,60,0,6,15,40,40,-1,D Major,4,3T56drS7FjnZgGcOAHlXzx,QM6MZ2221090,3
6,Hands Up,"Vanessa Doll,V9P",144,3A,91,2026-04-22,03:47,54,,Hands Up!,2024-01-18,74,2,0,82,20,20,-4,A#/B♭ Minor,4,5ul5GeSr7gsIMg9WUFUekr,GXESV2487827,1
24,BROKE FEIN,Bom,82,1B,67,2026-04-24,01:18,38,,BROKE FEIN,2024-11-14,87,81,0,65,0,10,-7,B Major,4,3wfNXSXoGKbHBlZsgI7sou,QZZ782499764,1
25,HYPNOTIC DATA - Slowed & Reverbed,"ODECORE,Odetari",109,3B,56,2026-04-25,02:38,65,hyperpop,XIII SORROWS (ODECORE MIX),2023-09-18,79,3,51,23,0,10,-7,C♯/D♭ Major,4,12MHGsecu33PA1aUpsV3W0,QZVFR2301597,1
28,if u think i'm pretty,Artemas,144,4B,62,2026-04-26,02:08,69,,if u think i'm pretty,2023-10-24,54,54,2,46,0,40,-6,G#/A♭ Major,4,34Yl756FwYuZldE9xnshj5,QZTB92397158,2
30,KEEP FOLLOWING - Slowed & Reverbed,"ODECORE,Odetari",95,3B,64,2026-04-28,02:15,54,hyperpop,KEEP FOLLOWING (Alternate Mixes),2025-09-09,73,16,0,48,20,10,-4,C♯/D♭ Major,4,6GGY8oEsgtSVhwXlzQ1vDy,QZZ4J2501050,1
