#,Song,Artist,BPM,Camelot,Energy,Added At,Duration,Popularity,Genres,Album,Album Date,Dance,Acoustic,Instrumental,Valence,Speech,Live,Loud (Db),Key,Time Signature,Spotify Track Id,ISRC,song_frequency
7,Bertaut,Nadin Amizah,119,2B,13,2025-08-17,05:15,82,"indonesian indie, indonesian pop",Selamat Ulang Tahun,2020-05-28,47,93,0,12,0,10,-13,F#/G♭ Major,3,630DpnzdfjdVqv2yLfPbAX,FR59R2049829,1
8,December,Neck Deep,145,10B,44,2025-08-17,03:38,70,"pop punk, punk, emo",Life's Not Out To Get You,2015-08-14,54,63,0,47,0,10,-8,D Major,4,4oVdhvxZrKQTM9ZsUIZa3S,USHR21579009,1
13,Sparkle - Original Version,RADWIMPS,124,1B,51,2025-08-17,06:50,59,"anime, j-pop, j-rock",Human Bloom,2016-11-23,63,73,0,24,0,10,-6,B Major,4,1HNvADmPBGAExeyIHkcJtd,JPPO01621596,1
23,anything,Adrianne Lenker,84,5B,29,2025-08-17,03:22,80,,songs,2020-10-23,39,77,0,51,0,0,-13,D#/E♭ Major,4,4PwWESSlTwzvw9B7bmtTLS,GBAFL2000252,1
30,Beranjak Dewasa,Nadin Amizah,115,8B,33,2025-08-17,04:57,73,"indonesian indie, indonesian pop",Selamat Ulang Tahun,2020-05-28,56,45,0,8,0,10,-8,C Major,4,3FPlY1uqTe1oFfIgI0BnoA,FR59R2049828,1
31,Sorai,Nadin Amizah,144,8B,24,2025-08-17,04:38,78,"indonesian indie, indonesian pop",Sorai,2019-01-01,56,95,0,16,0,10,-12,C Major,4,3ymuBMTviroWLuf1jMsMVf,FRX201847528,1
32,Rumah Ke Rumah,Hindia,116,1B,79,2025-08-17,04:37,84,"indonesian indie, indonesian pop",Menari Dengan Bayangan,2019-11-29,72,46,62,49,0,10,-7,B Major,4,2wAiFWjRupWmnDkQcu91MF,FR96X1970882,1
41,Can't Help Falling,Gustixa,80,12A,48,2025-08-18,02:39,57,,The Fellings I Couldn't Tell,2021-12-06,69,75,12,35,0,10,-10,C♯/D♭ Minor,4,3KYfOFjfB10nkFl0CMjP6s,QZRP42199574,1
43,Fallen Kingdom,Gustixa,95,8B,13,2025-08-18,03:05,0,,Fallen Kingdom,2022-04-10,61,99,93,44,0,40,-20,C Major,4,4Wz7kkG8DRVl56cqJHj92l,QZHN42217581,1
44,Lemon Tree,Gustixa,122,8B,48,2025-08-18,02:38,65,,Lemon Tree,2020-10-18,78,82,90,28,0,50,-9,C Major,4,44BxdUlHaXPGW8MoZr4soo,ZZOPM2003577,1
57,waiting room x fix you,Alexandra Riddell,130,10B,30,2025-08-20,06:34,1,,waiting room x fix you,2025-08-14,54,41,0,14,0,10,-9,D Major,4,1h1ELSxZwpp6D7egf8YIH9,QZLBC2512343,1
58,ただ声一つ,Rokudenashi,130,3B,50,2025-08-20,02:41,72,"j-pop, anime",ただ声一つ,2021-12-22,71,90,0,58,0,20,-6,C♯/D♭ Major,4,2e1gUS6Wv8GS8ZT6FMeE1J,JPPO02104849,1
59,Coffee,beabadoobee,119,11B,14,2025-08-21,02:06,73,bedroom pop,Coffee,2017-11-04,53,98,96,30,0,10,-18,A Major,4,429NtPmr12aypzFH3FkN9l,GBK3W1800819,1
61,Mind Over Matter (Reprise),Young the Giant,152,8B,49,2025-08-21,03:50,75,,Mirrorball / Mind Over Matter (Reprise),2015-04-18,39,23,0,30,0,10,-6,C Major,4,77KnJc8o5G1eKVwX5ywMeZ,USAT21405325,2
80,doomsday,Lizzy McAlpine,135,3B,27,2025-08-24,04:28,74,,five seconds flat,2022-04-08,40,58,0,12,0,10,-10,C♯/D♭ Major,3,4WjxtORnwPavm5PDsAWJEc,GBKPL2168486,1
82,Saturn,Sleeping At Last,145,5B,24,2025-08-24,04:49,72,,Atlas: I,2014-07-08,17,64,31,4,0,10,-14,D#/E♭ Major,4,3tJjZMHLqhD8DaGgdBICnc,USGES1480018,1
83,All I Want,Kodaline,187,8B,41,2025-08-24,05:05,80,,In A Perfect World (Expanded Edition),2013-06-17,19,17,15,16,0,0,-10,C Major,3,0NlGoUyOJSuSHmngoibVAs,GBDVX1200008,1
84,You're the Last Thing on My Mind,Aron Wright,170,9B,13,2025-08-24,03:27,35,,You're the Last Thing on My Mind,2016-09-24,34,88,0,27,0,10,-14,G Major,5,5IE1YrEnrfp7wUWN1yAPsc,USKX21600003,1
85,Fourth of July,Sufjan Stevens,120,11A,10,2025-08-24,04:39,80,baroque pop,Carrie & Lowell,2015-03-31,44,97,33,16,0,10,-22,F#/G♭ Minor,4,5Qnrgqy1pAm9GyNQOgyVFz,US64G1509906,2
87,Chasing Cars,Sleeping At Last,108,1B,16,2025-08-24,04:02,60,,"Covers, Vol. 2",2016-11-04,47,97,0,28,0,0,-10,B Major,4,2d7LPtieXdIYzf7yHPooWd,USGES1611001,1
95,Beanie - Slowed,Chezile,124,5A,46,2025-09-14,02:28,71,,Beanie,2024-11-08,56,28,34,15,0,30,-11,C Minor,3,0qSnORtqjEXLFKKKSy9WMc,QZJ842403795,1
96,Bust It Open,Lil Wil,150,11B,69,2025-09-14,04:16,61,,"Dolla$, TX",2008-06-03,91,4,0,89,10,10,-6,A Major,4,7dJTX26gYEl9eYwSN44IbL,USLD91719215,1
97,Suzume,"RADWIMPS,Toaka",78,7A,41,2025-09-14,03:58,72,"anime, j-pop, j-rock",Suzume (Motion Picture Soundtrack),2022-11-10,56,65,0,36,0,30,-7,D Minor,4,1n1y2kFPISpF9WGD3JaFo5,JPV972200075,1
99,Love In The Dark,Adele,110,8A,34,2025-09-21,04:45,82,soft pop,25,2015-11-20,33,53,0,15,0,10,-6,A Minor,4,0DuWDLjriRPjDRoPgaCslY,GBBKS1500221,1
104,Akhir Tak Bahagia,Misellia,132,3B,22,2025-09-22,03:05,66,indonesian pop,Akhir Tak Bahagia,2021-03-12,54,92,0,31,0,10,-11,C♯/D♭ Major,4,0BYoWATcndOBcsCfKdTKRx,FR2X42124394,1
108,exile,"Taylor Swift,Bon Iver",76,2B,38,2025-10-02,04:45,59,,folklore: the escapism chapter,2020-08-21,30,78,0,15,0,10,-8,F#/G♭ Major,4,1MFRapRpkXLhgMplU0CM76,USUG12002838,1
109,Always an Angel,Alexandria,89,5B,26,2025-10-06,01:56,60,,Always an Angel,2025-04-18,46,86,0,26,0,10,-8,D#/E♭ Major,3,0vOMOL1waArWl95rqITEqH,QZK6F2434167,1
110,Not Strong Enough,"boygenius,Julien Baker,Phoebe Bridgers,Lucy Dacus",127,3B,80,2025-10-06,03:54,72,"ambient folk, ",the record,2023-03-31,50,0,0,31,0,10,-6,C♯/D♭ Major,4,09DR0sHnQUhHOiSNttc1mv,USUG12209242,2
111,The Way Life Goes Slowed,"Foxilitus,Abyss Sounds",131,10A,28,2025-10-07,02:11,43,,The Way Life Goes Slowed,2021-06-01,87,71,90,84,0,0,-15,B Minor,3,52WNLNRoqy6OuWl4OeouZA,NLHR52104334,1
116,Everything Is Romantic,Orchestra Club,75,5A,52,2025-11-12,02:21,76,,Everything Is Romantic,2025-10-22,24,8,19,6,0,30,-6,C Minor,1,7250RSp7sakMDZoeXuywlx,QT6E62511218,1
118,a thousand years,Christina Perri,139,6B,41,2025-11-22,04:45,86,soft pop,a thousand years,2011-10-18,42,31,0,16,0,10,-7,A#/B♭ Major,3,6lanRgr6wXibZr8KgzXxBl,USAT21102141,2
119,A Thousand Years,James Arthur,139,10B,47,2025-11-22,04:14,69,soft pop,A Thousand Years,2023-03-24,53,40,0,27,0,0,-6,D Major,3,5h5CQwgjgQrBUacsqR2zR7,DEE862300503,1
123,Location Unknown ◐ (feat. BEKA) - Brooklyn Session,"HONNE,BEKA",92,7B,29,2025-11-25,05:28,72,,Love Me / Love Me Not (Sessions),2018-00-00,51,94,0,40,0,0,-7,F Major,4,43kiDtoYD0nDJYxzQwclpT,GBAHS1900132,1
124,Wish You Were Here,Neck Deep,160,6B,50,2025-12-04,04:08,73,"pop punk, punk, emo",The Peace And The Panic,2017-08-18,53,43,0,54,0,0,-6,A#/B♭ Major,3,4Ssi6tKwrTHi5qvDndrZRP,USHR21779008,1
126,Happier Than Ever,Billie Eilish,81,8B,23,2025-12-07,04:58,85,,Happier Than Ever,2021-07-30,33,77,0,30,0,10,-9,C Major,3,4RVwu0g32PAqgUiJoXsdF8,USUM72105936,3
128,everything u are,Hindia,156,10B,88,2025-12-08,03:56,87,"indonesian indie, indonesian pop","Doves, '25 on Blank Canvas",2025-02-24,49,3,0,55,0,20,-4,D Major,4,5WOSNVChcadlsCRiqXE45K,FR10S2592467,1
130,Sampai Jadi Debu (Menampilkan Gardika Gigih),Banda Neira,95,10B,11,2025-12-14,06:48,73,indonesian indie,"Yang Patah Tumbuh, Yang Hilang Berganti",2016-01-29,42,99,4,13,0,0,-18,D Major,4,4B3DEANIvod8552CbwftCG,QMPKX1635780,1
137,Mind Over Matter,Young the Giant,155,8B,76,2025-12-23,04:04,73,,Mind Over Matter,2014-01-17,47,0,0,29,0,10,-4,C Major,4,5Az8KU81g2aLBbJN67F2CI,USAT21304149,3
140,Home,Edith Whiskers,120,10B,20,2025-12-23,03:17,72,,Stop Stealing The Covers!,2020-11-13,72,98,0,28,0,10,-12,D Major,4,18V1UiYRvWYwn01CRDbbuR,GBVHN2000009,1
144,One Call Away,Charlie Puth,91,3B,61,2026-01-01,03:14,72,soft pop,Nine Track Mind,2016-01-29,67,40,0,47,0,10,-5,C♯/D♭ Major,4,37R0bQOQj5a7DOqh1TGzvB,USAT21502703,1
145,Daylight,Maroon 5,120,9B,67,2026-01-01,03:45,74,pop,Overexposed Track By Track,2012-01-01,66,0,0,37,0,20,-5,G Major,4,1NNAI51EuoRWw1ydX1zV7S,USUM71204771,1
157,You & I,One Direction,131,3B,33,2026-01-15,03:57,81,,Midnight Memories (Deluxe),2013-11-25,57,22,0,36,0,10,-7,C♯/D♭ Major,4,2afCBiru10AFckfOa49wIa,GBHMU1300213,1
159,Membasuh,"Hindia,Rara Sekar",187,8B,20,2026-01-16,06:13,77,"indonesian indie, indonesian pop",Menari Dengan Bayangan,2019-11-29,34,93,3,24,0,10,-12,C Major,4,3CBxVM0zGj41BQtE6m7gwb,FR59R1964010,1
161,Wish (feat. Trippie Redd) - Trippie Mix,"Diplo,Trippie Redd",94,11B,82,2026-01-17,02:56,80,"moombahton, melodic rap",LIFE'S A TRIP,2018-08-10,56,23,0,68,0,10,-8,A Major,4,0c0YHn3DIQLl1opsQDd9kO,QMEU31815210,1
163,Send My Love (To Your New Lover),Adele,164,11A,53,2026-02-25,03:43,80,soft pop,25,2015-11-20,69,4,0,57,0,10,-8,F#/G♭ Minor,4,563SfWAHJs4FBZMkRN0IFN,GBBKS1500215,1
1,Panic Attack,Halsey,123,7B,56,2025-03-14,03:36,48,,The Great Impersonator,2024-10-25,73,20,0,59,0,10,-6,F Major,4,5OKyVJq7nRnWfBbsiCiyfb,USSM12405391,1
2,INTP,Psyche in Stereo,95,2B,83,2025-03-14,02:40,4,,Stereo | Type,2023-05-17,71,8,0,67,20,10,-7,F#/G♭ Major,4,2EgRsiGYObrKAaJmdV2WuK,QZK6L2361194,1
4,Take Me Home,Jess Glynne,75,11B,45,2025-03-14,04:25,67,,I Cry When I Laugh,2015-00-00,58,29,0,24,0,10,-6,A Major,4,6oO10y1h2VyxJQfomG4CtH,GBAHS1500226,1
6,Midnight in Paris,Cian Ducrot,80,9B,40,2025-03-14,03:49,22,,started in college (mixtape),2020-07-10,59,59,0,63,10,10,-12,G Major,4,5LVb2I6FxEFfWEWAVBN99D,GBKPL1937402,1
7,"Thunderclouds (feat. Sia, Diplo, and Labrinth)","Sia,Diplo,Labrinth,LSD",112,9B,71,2025-03-14,03:07,70,"moombahton, dance pop","LABRINTH, SIA & DIPLO PRESENT... LSD",2019-04-12,69,1,0,49,0,10,-6,G Major,4,4lJNen4SMTIJMahALc3DcB,USQX91801532,1
8,Talk (feat. Disclosure),"Khalid,Disclosure",136,8B,40,2025-03-14,03:17,72,house,Free Spirit,2019-04-05,90,5,0,35,10,0,-9,C Major,4,6TqXcAFInzjp0bODyvrWEq,USRC11900004,1
9,Ego,Halsey,105,9B,96,2025-03-14,03:18,45,,The Great Impersonator,2024-10-31,59,1,0,35,10,30,-2,G Major,4,2l56ErtqE7nB7igr97Y6CF,USSM12405388,1
10,Human Nature (Great Good Fine OK Remix),"Paperwhite,Great Good Fine Ok",158,7B,73,2025-03-14,03:15,18,,Human Nature (Great Good Fine OK Remix),2017-03-14,62,51,0,41,0,20,-6,F Major,4,0qO6GpEDSQaP79CsRkhNAE,TCACY1784757,1
11,Wanderlust,Paperwhite,196,4A,89,2025-03-14,03:28,33,,Escape,2016-05-10,45,0,2,14,0,10,-6,F Minor,4,21PFmyhCNDENa8CfNYaPbY,TCACN1651373,1
13,Red Wine (feat. Empress Of),"MØ,Empress Of",88,10B,80,2025-03-14,03:22,42,,Forever Neverland,2018-10-19,61,4,0,44,20,60,-5,D Major,4,6CBLS6BxGCsbzKdSiKSxHC,GBARL1800847,1
14,Imaginary Friend,MØ,125,4A,69,2025-03-14,03:47,31,,Forever Neverland,2018-10-19,63,2,0,29,0,10,-8,F Minor,4,2iqkOvTG4z3L7IyuHugDKt,GBARL1800848,1
15,Sympathique,"Pomplamoose,John Schroeder",130,7B,34,2025-03-14,02:59,44,,En Français,2020-04-17,62,72,0,52,0,20,-11,F Major,4,6p84lwJmaSzu7U7BL1TWlM,QZGWW1962130,1
16,Hot One,"Leyla Blue,Baby Tate,REI AMI",103,8A,52,2025-03-14,02:56,40,,Hot One,2021-12-03,88,22,0,61,20,10,-9,A Minor,4,7EdeHorFYn5dXW4lKCQNwC,QM24S2107104,1
17,Mediocrity City,r0my,90,6B,33,2025-03-14,02:46,0,,Mediocrity City,2021-01-22,75,70,0,84,0,50,-14,A#/B♭ Major,4,0F10tAUtynxboPKxptlhQa,GBKPL2140146,1
18,Sous le Ciel de Paris,"Pomplamoose,Ross Garren",202,4A,43,2025-03-14,02:59,52,,En Français,2020-04-17,35,74,0,42,0,10,-8,F Minor,3,2NCue3WpFMA2DfQrwCZMwp,QZGWW2011361,1
19,je sais pas danser,Pomme,111,11A,37,2025-03-14,02:18,54,french pop,les failles,2019-11-01,63,87,10,11,0,10,-13,F#/G♭ Minor,4,7FMDhuPk4KiG2Y1DV7y56c,FRUM71900915,1
22,Sémaphore,Requin Chagrin,123,11A,61,2025-03-14,03:57,45,"french indie pop, french pop",Sémaphore,2019-01-25,55,17,11,70,0,10,-7,F#/G♭ Minor,3,0LROIdo41EIwKnKEHkR76y,FRZ051800654,1
23,La fessée,Claire Laffut,86,11A,77,2025-03-14,03:25,44,"french indie pop, french pop, french house",Mojo - EP,2018-11-09,43,8,0,89,10,30,-5,F#/G♭ Minor,4,0JmQv0FaamddsrDj0G3SqU,FR4DI1800080,1
24,Suivre le soleil,Vanille,146,6A,75,2025-03-14,02:38,62,"french pop, french indie pop",Amazona,2019-06-07,62,49,0,45,0,10,-7,G Minor,4,3ej9CjmXF3FvJDmWP0us2m,FR8O21800110,1
27,Smile,Maisie Peters,138,9B,65,2025-03-15,02:37,34,,Smile,2020-02-07,73,32,0,41,10,10,-4,G Major,3,526R5dFiYFAwxLFcSHnS4M,USAT21907517,1
28,Real Thing,Ruel,126,9A,58,2025-03-15,03:12,45,,Free Time,2019-09-13,67,15,0,43,0,20,-7,E Minor,4,24KD18eYQQQWaSW9Von1vA,USRC11902085,1
29,Novos Horizontes - Ao Vivo,Engenheiros Do Hawaii,88,11B,41,2025-03-15,01:52,40,"brazilian rock, mpb, brazilian pop, pop rock",Acústico - Novos Horizontes (Ao Vivo),2007-00-00,44,34,0,12,0,50,-11,A Major,4,3E6Vp6rZPChcGVU9XxR7bl,BRUM70701287,1
30,O Astronauta de Mármore - Ao Vivo,Nenhum De Nós,108,7B,76,2025-03-15,03:59,56,"brazilian rock, brazilian pop, mpb, pop rock",A Céu Aberto (Ao Vivo),2014-05-30,53,4,0,59,0,90,-7,F Major,4,7cJi9FGCYRYxUSJ3LcuTQw,BRL5T0700029,1
31,Daydreams,Maisie Peters,137,11B,30,2025-03-15,03:09,33,,Daydreams,2020-03-27,42,86,0,28,0,0,-9,A Major,4,58f9nTeQ3ORN2nvtWYbnON,GBAHS2000065,1
32,Fictional Men,PEGGY,80,8B,45,2025-03-15,02:16,53,,Fictional Men,2021-04-30,70,20,0,45,30,10,-6,C Major,3,71TpZr9DjZqTMNMMSBYh8d,QZHN32187968,1
35,The Great Impersonator,Halsey,125,8B,42,2025-03-18,03:22,38,,The Great Impersonator,2024-10-25,63,83,0,54,0,10,-5,C Major,4,61x5UCSRTWZgGnqa78OI42,USSM12405402,1
38,Tough Act,Maisie Peters,150,6B,38,2025-03-22,03:37,39,,You Signed Up For This,2021-08-27,46,88,0,35,0,10,-5,A#/B♭ Major,4,2X01YGXPTfXnfgF9YJYaUd,GBAHS2000207,1
41,It's All Good,Jeremy Loops,88,8B,56,2025-03-30,02:53,36,folk pop,Heard You Got Love,2022-07-08,76,30,0,72,10,20,-9,C Major,4,5QriCAPpsrwSVqrD6U74Rm,GBUM72200997,1
46,Alley Rose,Conan Gray,105,9B,64,2025-04-30,03:28,67,,Found Heaven,2024-04-05,22,1,0,28,0,0,-5,G Major,4,4h2KgbKNdOSVC3IJnFOFoV,USUM72400701,1
47,Killing Me,Conan Gray,138,7A,71,2025-04-30,03:24,57,,Found Heaven,2024-04-05,67,2,0,73,0,40,-6,D Minor,4,2TjBKnjnOXFaF2zy4W4hfE,USUM72315571,1
48,Eye Of The Night,Conan Gray,123,10A,91,2025-04-30,02:21,57,,Found Heaven,2024-04-05,71,3,0,68,0,10,-3,B Minor,4,19qvgrwvKLFn4KjWxAs9OQ,USUM72400708,1
50,Lucky,Halsey,103,8B,65,2025-05-06,03:16,42,,The Great Impersonator,2024-10-25,71,39,0,73,0,20,-4,C Major,4,4tFeiOMKZB7WVLj73NKZha,USSM12405162,1
51,Josh,Peach PRC,105,5B,44,2025-05-06,02:40,40,,Chapter 1: Singles Collection,2024-11-08,68,24,0,61,0,10,-7,D#/E♭ Major,4,13gJZD28Ek07CwvmFJDsQV,USUM72101621,1
52,One Eye Open,Mimi Webb,163,8B,55,2025-05-19,03:32,45,,One Eye Open,2024-10-25,61,6,0,51,0,10,-5,C Major,4,1SWrMW3VEXSVWOsXFl22U2,USSM12407199,1
53,This Song,Conan Gray,155,7B,80,2025-05-31,03:33,58,,This Song,2025-05-30,42,0,0,65,0,30,-7,F Major,3,2k6FKrR0wDIs6xCtU51GZ7,USUM72505355,1
54,Young Dumb & Broke,Khalid,137,3B,54,2025-05-31,03:22,85,,American Teen,2017-04-27,80,20,0,39,0,10,-6,C♯/D♭ Major,4,5Z3GHaZ6ec9bsiI5BenrbY,USRC11700144,1
55,Moonlight,Ali Gatie,120,1B,48,2025-05-31,03:48,61,,YOU,2019-11-08,80,50,0,46,0,10,-7,B Major,4,6L4F4btXioJPhEwz6T7YYt,QZDA51894942,1
56,Can't Lie,Ali Gatie,132,9B,41,2025-05-31,03:15,56,,Can't Lie,2018-01-17,80,87,0,38,0,0,-11,G Major,4,3qWZuhWi4lsHa7jUwhqfMr,QZAPG1858704,1
57,What If I Told You That I Love You,Ali Gatie,84,9B,37,2025-06-01,03:13,64,,The Idea Of Her,2021-03-26,60,63,0,23,10,0,-11,G Major,4,6USdi8uX5GNAPYziFhisHb,USWB12000024,1
58,Neighbors,Nate Mitchell,86,8B,54,2025-06-01,03:04,24,melodic bass,Neighbors,2022-09-16,60,18,0,72,10,0,-9,C Major,4,202eEaIo9CFMp8AHq3oqlc,QZNJZ2219054,1
59,Leaving,Ali Gatie,107,3B,45,2025-06-01,02:31,31,,Leaving,2025-05-30,71,84,0,37,0,10,-8,C♯/D♭ Major,4,3V1Z0JOosK4WNLJWvPyj3D,QZNWT2528530,1
60,Never Alone,"Garrett Kato,Elina",105,7B,24,2025-06-05,02:23,39,,Never Alone,2023-05-05,65,88,0,48,0,10,-15,F Major,4,19F9zI5CTg1MZAVMA9EQ5P,CAN112300648,1
61,Love Language,Mimi Webb,108,4A,89,2025-06-06,02:57,37,,Love Language,2025-06-06,64,17,0,33,10,30,-5,F Minor,4,1GRwEsNUPJ8iTUyeYy0YQM,USSM12502231,1
62,Little Dreaming,Cian Ducrot,133,12B,70,2025-06-20,03:23,41,,Little Dreaming,2025-03-14,57,1,0,77,0,0,-7,E Major,4,02B3AyjVkk7Z5Ktom1eH0q,GBUM72500179,1
64,Confident,"We Three,M Humlie,B Zimmerman",120,8B,53,2025-07-14,02:53,29,,Happy,2022-05-27,58,89,0,47,0,10,-10,C Major,4,6GLuBEr13lqhOVSlJgc4XK,GB5ZK2100027,1
65,Bigger Person,Ali Gatie,88,8B,31,2025-07-14,03:52,31,,The Idea Of Her,2021-03-26,79,77,0,47,0,10,-10,C Major,4,6YURkCz7JfuwJYxW49ZoeN,USWB12100628,1
66,Stay Up,Ali Gatie,142,1A,60,2025-07-14,03:25,31,,The Idea Of Her,2021-03-26,79,5,0,54,0,0,-7,G#/A♭ Minor,4,6SUBkzbRJjSqoW2OPtoAA2,USWB12100629,1
67,Can't Let You Go,Ali Gatie,130,3B,46,2025-07-14,03:24,52,,The Idea Of Her,2021-03-26,65,46,0,18,0,10,-7,C♯/D♭ Major,4,25lvdL8Hg9DNIO7aRzObth,USWB12004285,1
68,Do You Believe,"Ali Gatie,Marshmello,Ty Dolla $ign",145,1B,71,2025-07-14,02:36,44,"edm, trap soul",The Idea Of Her,2021-03-26,67,19,0,39,0,20,-5,B Major,4,71TRhiwsRckqoqO9CcDIE6,USWB12100630,1
69,Running On My Mind,Ali Gatie,96,7B,45,2025-07-14,02:36,54,,The Idea Of Her,2021-03-26,62,46,0,22,0,10,-8,F Major,4,4CNJ3ybC6SDw4XyXiPycdT,USWB12000423,1
70,Helpless,Ali Gatie,95,8B,37,2025-07-14,03:05,39,,The Idea Of Her,2021-03-26,68,60,0,11,0,10,-8,C Major,4,44WA1PmgbchPrlTHbI1CDw,USWB12100634,1
71,Sunrise,Ali Gatie,100,4A,50,2025-07-14,03:04,39,,The Idea Of Her,2021-03-26,68,22,0,19,0,10,-8,F Minor,4,1qFDKgzTadZib0PgQqL9CM,USWB12100632,1
72,STREET X STREET,"Sia,Cypress Hill,DJ Flict",140,4A,56,2025-07-26,02:53,45,"west coast hip hop, old school hip hop, rap rock, hip hop, ",STREET X STREET (LAFC),2025-07-25,67,1,0,44,0,20,-4,F Minor,4,0TTeiR2MFoLQvcI8kdGx65,US23A8109611,1
74,Hold On,Justin Bieber,140,12A,63,2025-07-29,02:50,76,,Justice,2021-03-19,66,1,0,30,0,10,-6,C♯/D♭ Minor,4,1nahzW3kfMuwReTka28tH5,USUM72102322,1
75,Why Is She Still Here?,Reneé Rapp,188,1A,58,2025-07-29,02:30,1,,Why Is She Still Here?,2025-07-18,38,9,0,28,0,10,-5,G#/A♭ Minor,3,6ndIUORCz2Skax5iPl11P8,USUM72504842,1
76,Go Again,Jeremy Loops,170,3B,78,2025-08-01,02:37,30,folk pop,Feathers And Stone (Deluxe),2025-07-11,67,22,0,43,0,0,-5,C♯/D♭ Major,4,4oO7kY4b3vaWd97EtRvqWU,GBGLW2400575,1
77,Vodka Cranberry,Conan Gray,186,7B,66,2025-08-01,04:05,68,,Vodka Cranberry,2025-07-11,40,47,0,43,0,0,-5,F Major,4,6Ql76QUTIXajTh9cVjrAZl,USUM72505666,1
78,Not My Fault (with Megan Thee Stallion),"Reneé Rapp,Megan Thee Stallion",124,12A,79,2025-08-15,02:50,65,,Mean Girls (Music From The Motion Picture),2024-01-12,81,10,0,85,10,40,-6,C♯/D♭ Minor,4,18dlAFKaajLjRgBNZZ4ThU,USUM72318541,1
79,Sing for My Life,Sia,124,7B,50,2025-08-17,03:44,42,,Everyday Is Christmas (Deluxe Edition),2018-11-01,55,53,0,17,0,20,-5,F Major,4,3msZWSvVMIybnhN29nK2KM,USAT21811449,1
81,Basic Being Basic,Djo,122,2B,58,2025-08-31,02:38,64,,Basic Being Basic,2025-01-24,86,8,0,95,0,0,-6,F#/G♭ Major,4,03zWQa4ZQEMofug2Gmh6io,QMFMF2426857,1
82,Caramel,Conan Gray,101,4A,67,2025-08-31,03:54,68,,Wishbone,2025-08-15,40,36,0,36,0,10,-4,F Minor,4,7H5jHyfHk4sAYoS8J8f112,USUM72505684,1
83,Truth or Dare,Tyla,154,3B,60,2025-08-31,03:10,67,afrobeats,TYLA,2023-12-01,61,18,0,81,30,0,-6,C♯/D♭ Major,5,1whAXVGN8AdfrnoXNIXfJf,USSM12308650,1
84,Meant To Be,Ali Gatie,140,2B,26,2025-09-06,03:36,39,,Meant To Be,2025-09-05,60,87,0,11,0,10,-10,F#/G♭ Major,4,73Ic2eAiBPd3hBIcNYnMsJ,QZZ7P2576636,1
85,The Vow,Ed Sheeran,168,8B,50,2025-09-13,03:32,43,soft pop,Play (Extended Edition),2025-09-12,62,13,0,41,0,10,-6,C Major,3,59DtKdVcqOpvxoBGTXDz4j,GBAHS2500273,1
86,Don’t Look Down,Ed Sheeran,128,12A,67,2025-09-13,03:37,59,soft pop,Play,2025-09-12,67,7,0,5,0,10,-8,C♯/D♭ Minor,4,7tTTe6pCTxB55H9NWLxYNM,GBAHS2500271,1
87,DEPRESSED,Anne-Marie,93,12B,46,2025-09-23,02:18,61,,DEPRESSED,2025-09-19,69,83,0,84,0,10,-7,E Major,4,1kO8TSZU0ORR4eJpirLPGW,GBAHS2501300,1
89,Song You'll Never Hear (feat. Maisie Peters),"Sarcastic Sounds,Maisie Peters",82,11B,64,2025-10-25,02:33,28,"lo-fi, ",Song You'll Never Hear (feat. Maisie Peters),2021-11-12,53,84,0,32,0,10,-7,A Major,4,5EmM1BSgdTZTvG86AZhtsw,USSM12104023,1
90,Fade Out,Ed Sheeran,140,4A,34,2025-11-29,02:47,47,soft pop,Play (Deluxe),2025-11-28,82,48,0,17,10,10,-10,F Minor,4,3UIn7nuaoxRIUALVmGOVtS,GBAHS2501595,1
91,Delete Ya,Djo,118,4B,67,2025-11-29,03:23,79,,The Crux,2025-04-04,83,25,6,84,0,40,-6,G#/A♭ Major,4,7tFI5cqfAoR7MIvmbw1qd8,QM4TW2525818,1
92,out of body,Khalid,111,9A,69,2025-11-29,02:55,55,,after the sun goes down,2025-10-10,83,1,0,86,0,20,-6,E Minor,4,6sj5SvhYykiM1yWBWYB3Oc,USRC12501608,1
93,What You Got,Quail P,120,1A,42,2025-12-14,03:14,63,,Who Is Quail?,2021-03-26,67,66,0,53,0,10,-9,G#/A♭ Minor,4,1BoT3AROesU1aDS0MpwhSW,USLD91731617,1
94,Worst Way,"Ty Lakes,Paris Laná",143,5A,62,2025-12-27,02:52,24,,Worst Way,2020-05-15,64,50,0,41,10,10,-8,C Minor,4,2d3ZI203yCBpEKwG2ZVGoq,TCAET2073693,1
95,coming to terms with it all,PRETTY BLEAK,120,12B,76,2025-12-27,03:09,46,,coming to terms with it all - side b,2025-10-29,57,0,0,51,0,10,-5,E Major,4,0FxL5Tz52WeiymUuQvpGle,DGA052583274,1
96,do you feel the same ?,PRETTY BLEAK,115,1B,78,2025-12-27,04:01,33,,in retrospect,2024-03-06,54,0,0,15,0,10,-5,B Major,4,2PbZER24qLdCCC4AuuXdV8,DGA072379983,1
97,other people's heads,PRETTY BLEAK,132,4B,96,2025-12-27,03:38,32,,in retrospect,2024-03-06,50,0,0,54,0,20,-5,G#/A♭ Major,4,035AUCdrZRfPuwhmK8hXxF,AUBEC2218976,1
98,BUTTERFLIES,"MAX,Ali Gatie",88,1B,56,2025-12-27,03:11,63,,LOVE IN STEREO,2024-02-16,71,43,0,45,0,0,-6,B Major,4,33wQ73bQJcHmyeDgwrG9Cl,USWB12101365,1
99,Tell Me It's You,"Aaron Pierre,Tiffany Boone,Disney",100,6B,32,2026-01-29,02:27,58,,Mufasa: The Lion King (Original Motion Picture Soundtrack),2024-12-13,48,82,0,38,10,10,-12,A#/B♭ Major,5,2AdSN6utb6kfgmgas1g6az,USWD12434226,1
100,Sambhleya,"B Jay,Elina",94,9A,57,2026-02-17,01:54,10,,Sambhleya,2026-02-09,63,4,0,43,0,30,-7,E Minor,4,5kdarqJv9XS2694fFuacPH,INH512036567,1
102,Care,Conan Gray,112,12B,79,2026-03-28,03:28,57,,Wishbone,2025-08-14,52,0,0,35,0,20,-5,E Major,4,4r6NyyZ8zCs4leSBemHuEY,USUM72505694,1
103,move,WRABEL,128,3B,76,2026-03-29,05:24,39,,move,2026-03-27,35,7,27,9,0,0,-7,C♯/D♭ Major,4,1JKtH7QlufzDh3qbnudQG9,CAN112600385,1
104,Phoenix,"Marshmello,Portugal. The Man",130,4B,86,2026-03-29,02:24,72,"edm, ",Phoenix,2026-03-27,73,2,2,82,0,30,-5,G#/A♭ Major,4,351H9o2h92wpjsXJZghEPQ,CA5KR2642751,1
105,Hurt Feelings,Halsey,113,9B,55,2026-03-29,03:54,40,,The Great Impersonator,2024-10-31,72,62,1,43,0,30,-5,G Major,4,4NmmPZUSJbZZ3cA65IHr3p,USSM12405400,1
107,Hometown,Halsey,92,9B,67,2026-04-25,03:24,36,,The Great Impersonator,2024-10-25,61,54,0,43,0,30,-6,G Major,4,4iHDzmhUQ2sT0UsdZsbZtq,USSM12405394,1
108,Love Me Twice,Kerr Mercer,120,6B,45,2026-04-26,02:23,62,,Love Me Twice,2026-03-13,63,40,0,26,10,10,-5,A#/B♭ Major,4,6RBWAgKA9mukk3nOs0doEk,QM6MZ2604802,1
109,Don't Say That,Ruel,85,8A,64,2026-04-27,03:30,65,,Don't Say That,2026-03-19,25,36,0,48,0,30,-6,A Minor,4,3y8b3mpLNiQnHvbZU9s2o6,USA2P2600500,1
5,Class of 2013,Mitski,126,8B,22,2022-01-22,01:49,0,,"Retired from Sad, New Career in Business",2013-08-01,44,94,0,12,0,10,-11,C Major,3,4N2ibi4kcH4D5ZYYvMiKsg,ushm81309669,3
6,Touch-Tone Telephone,Lemon Demon,160,5A,71,2022-01-22,04:42,57,,Spirit Phone,2016-02-29,63,20,0,57,0,10,-9,C Minor,4,1tmRlF5pFo8G5OfJYUjWrR,TCACM1645301,2
9,Tranquility Base Hotel & Casino,Arctic Monkeys,142,8A,84,2022-01-22,03:31,58,"indie, garage rock",Tranquility Base Hotel & Casino,2018-05-10,59,4,1,78,0,20,-4,A Minor,4,2URDbWGmPz3vhagl25p8OC,GBCEL1800167,2
12,Juliet,Cavetown,132,2B,59,2022-01-22,04:38,71,bedroom pop,Animal Kingdom,2019-04-12,55,0,0,36,0,0,-8,F#/G♭ Major,4,45ROR8UMn60YEVQnDy0uVF,USHM91882113,3
13,Crack Baby,Mitski,64,2B,55,2022-01-22,04:52,68,,Puberty 2,2016-06-17,18,0,25,6,0,0,-12,F#/G♭ Major,4,0I0MPzbmzsjpttpkqWgNyx,USJ5G1612310,3
15,I Forgot That You Existed,Taylor Swift,93,7B,32,2022-01-22,02:50,71,,Lover,2019-08-23,66,30,0,54,50,0,-10,F Major,4,43rA71bccXFGD4C8GOpIlN,USUG11901471,1
16,xanny,Billie Eilish,112,11B,13,2022-01-22,04:03,71,,"WHEN WE ALL FALL ASLEEP, WHERE DO WE GO?",2019-03-29,52,75,0,5,20,20,-18,A Major,4,4QIo4oxwzzafcBWkKjDpXY,USUM71900765,3
19,NASA,Ariana Grande,75,2B,46,2022-01-22,03:02,66,pop,"thank u, next",2019-02-08,75,45,0,47,30,20,-7,F#/G♭ Major,4,4uTvPEr01pjTbZgl7jcKBD,USUM71900398,2
22,Rollin’ Girl,wowaka,98,5A,85,2022-01-22,03:14,3,vocaloid,Exit Tunes Presents Supernova,2015-08-01,50,0,0,32,0,0,-3,C Minor,4,5VJPBUVqxzLWmzzlJZy4r2,JPC230901442,2
23,Noir,SUNMI,117,1A,68,2022-01-22,03:29,47,k-pop,Noir,2019-03-04,64,0,0,26,0,0,-5,G#/A♭ Minor,4,1KCXYoPIpvafzaAGtiRjci,KRMIM1903810,2
25,Heroin,Lana Del Rey,119,10A,41,2022-01-22,05:55,62,,Lust For Life,2017-07-21,35,56,1,10,0,10,-9,B Minor,4,7lSdUlVf8k6kxklKkskb1m,GBUM71702624,2
26,YELLOW,Yoh kamiyama,118,6A,72,2022-01-22,02:58,55,"anime, j-pop, japanese indie, j-rock",SHIAWASE NA OTONA,2019-04-03,79,1,0,69,0,0,-5,G Minor,4,6oLejuhWNQf76ydBbtLrT9,JPZ921902032,1
28,Migraine,Twenty One Pilots,174,8B,68,2022-01-22,03:59,68,,Vessel,2013-01-08,69,11,0,41,10,20,-7,C Major,4,4rfaoyaZvNa60cj3OKSQV9,USAT21202942,1
31,A World Alone,Lorde,118,12A,49,2022-01-22,04:54,74,,Pure Heroine,2013-09-27,56,29,0,7,0,10,-8,C♯/D♭ Minor,4,55N0YHhO55Q1lWsc4dDPcI,NZUM71300128,1
32,SAD!,XXXTENTACION,75,4B,61,2022-01-22,02:46,81,emo rap,?,2018-03-16,74,26,0,47,10,10,-5,G#/A♭ Major,4,3ee8Jmje8o58CHK66QrVC2,USUG11800208,1
34,Tear in My Heart,Twenty One Pilots,120,10B,63,2022-01-22,03:08,77,,Blurryface,2015-05-15,66,2,0,45,0,0,-5,D Major,4,3bnVBN67NBEzedqQuWrpP4,USAT21500390,1
36,Body Talk,Red Velvet,186,2B,83,2022-01-22,03:39,39,k-pop,Rookie - The 4th Mini Album,2017-02-01,53,1,0,16,0,10,-5,F#/G♭ Major,4,3CihjB4pu58o2ititZw9Yg,KRA301700054,2
37,Goblin,SULLI,85,6B,80,2022-01-22,03:13,44,k-pop,Goblin,2019-06-29,74,62,0,76,0,10,-5,A#/B♭ Major,4,4HwtJ7p2bL1c5BVm35Rgbc,KRA301900292,2
38,Shoot Me,DAY6,168,3B,92,2022-01-22,02:55,0,"k-rock, k-pop","Shoot Me : Youth, Part. 1",2018-06-26,58,7,0,73,10,0,-1,C♯/D♭ Major,4,3cl6BsTDeeGRbgug5TXrvg,US5TA1800047,2
39,Pleaser,Wallows,149,11B,91,2022-01-22,03:07,66,indie,Pleaser,2017-04-12,50,13,0,39,0,20,-4,A Major,4,11zf7m4vw9Ze7cer9Nyhk1,USAT21801170,1
40,Machine,Imagine Dragons,81,12B,68,2022-01-22,03:01,64,,Origins (Deluxe),2018-11-09,64,0,1,59,0,10,-5,E Major,4,4uGY9CqDtGtaTTLg1cgsWD,USUM71816159,2
42,Carry Me Out,Mitski,119,9B,38,2022-01-22,03:53,57,,Bury Me At Makeout Creek,2014-11-11,19,2,0,11,0,10,-9,G Major,3,4CwGmNXIrcp04sjG3pajXY,USA2B1511610,2
43,The Spectre,Alan Walker,128,12A,71,2022-01-22,03:13,74,,The Spectre,2017-09-15,65,2,0,20,0,0,-7,C♯/D♭ Minor,4,2DGa7iaidT5s0qnINlwMjJ,NOG841713010,1
47,Villain,Stella Jang,109,8A,41,2022-01-22,03:11,58,,STELLA I,2020-04-07,95,66,0,67,0,0,-9,A Minor,4,5xouIycayHmjZxeuhXPhgX,KRA382001056,2
51,Goodbye,Bo Burnham,126,9B,31,2022-01-22,04:09,0,comedy,Inside (The Songs),2021-06-10,73,60,0,15,0,10,-10,G Major,4,6tfPsgvkgbGHWGwq2PpzCI,USA2P2122072,4
52,Sweet Hibiscus Tea,Penelope Scott,111,7B,22,2022-01-22,02:25,0,,The Junkyard 2,2020-05-13,65,87,0,61,0,20,-11,F Major,4,4ZUv5GgKcziw6ZjyxUfudU,QZES92051839,4
53,Notebook,Melanie Martinez,93,8A,50,2022-01-22,02:30,53,,After School EP,2020-09-25,88,36,0,79,0,0,-9,A Minor,4,6pUEp8lDzjN2Jv4BdM9B74,USAT22005790,1
55,Choker,Twenty One Pilots,142,9B,66,2022-01-22,03:43,64,,Scaled And Icy,2021-05-21,70,31,0,59,0,20,-8,G Major,4,732E6ibFkQR5lNIPEeiEnx,USAT22101329,1
56,Mind Is A Prison,Alec Benjamin,75,4A,65,2022-01-22,02:41,62,,These Two Windows,2020-05-29,66,50,0,67,0,10,-5,F Minor,4,2hGQDYmjkwTS0J7Q2bM2sF,USAT21906853,2
58,Everybody Dies,Billie Eilish,65,6A,16,2022-01-22,03:26,69,,Happier Than Ever,2021-07-30,28,93,18,6,0,0,-17,G Minor,3,5jhBwnqzNNrENXnYrAdoCe,USUM72105933,2
59,Any song,ZICO,108,3A,79,2022-01-22,03:47,63,"k-rap, k-pop",Any song,2020-01-13,87,12,0,90,10,10,-2,A#/B♭ Minor,4,1iIhGHzzrzqQfuNkFI2qAn,KRA381905519,3
60,Replay,Lady Gaga,122,3B,88,2022-01-22,03:06,60,"art pop, pop",Chromatica,2020-05-29,66,1,0,68,10,90,-4,C♯/D♭ Major,4,7sKbyYeJnITO1Eh9xd0lKd,USUM72004309,1
61,Sick of the Sun,Poppy,125,7B,78,2022-01-22,03:11,0,,I Disagree,2020-01-09,55,49,1,25,0,10,-4,F Major,4,6udc7qqsfHJH5uql9gOIMO,USYFZ1924109,1
62,Shit,Bo Burnham,120,6B,69,2022-01-22,01:18,0,comedy,Inside (The Songs),2021-06-10,94,6,0,94,10,10,-5,A#/B♭ Major,4,2xQShwyOMYlX10w8dxbFX1,USA2P2122070,1
63,ALIEN,LEE SUHYUN,128,11B,70,2022-01-22,03:01,46,k-ballad,ALIEN,2020-10-16,79,8,0,75,0,40,-5,A Major,4,46CBJtc2XYcOzv6PI4OWGR,KRA402000146,2
64,HANN (Alone),i-dle,105,11A,72,2022-01-22,03:25,59,k-pop,HANN (Alone),2018-08-14,71,6,0,24,0,10,-3,F#/G♭ Minor,4,7gr57cYekMWriyJYbT7oZ4,KRA391800047,2
65,Enigma,Lady Gaga,116,8B,80,2022-01-22,02:59,54,"art pop, pop",Chromatica,2020-05-29,67,3,0,18,0,60,-4,C Major,4,7JDbfYUHjDzQPFSDh5lzGs,USUM72004310,1
66,Anything Like Me,Poppy,117,11A,62,2022-01-22,03:19,0,,I Disagree,2020-01-09,43,3,10,4,0,0,-9,F#/G♭ Minor,4,6pqKUfCoioWVFiYiGN33UN,USYFZ1924104,1
67,お勉強しといてよ,ZUTOMAYO,132,4B,88,2022-01-22,04:40,53,"j-pop, j-rock, anime, japanese indie",お勉強しといてよ,2020-05-15,70,8,0,86,0,10,-3,G#/A♭ Major,4,6k90ibcH1z8Mx9684nfuLW,JPPO02001468,1
69,Alice,Lady Gaga,123,10A,88,2022-01-22,02:57,61,"art pop, pop",Chromatica,2020-05-29,72,0,2,32,0,0,-4,B Minor,4,41A89rj3GoMG6ktN37L7PG,USUM72004300,1
70,Model Buses,Lovejoy,162,10A,78,2022-01-22,02:50,0,,Pebble Brain,2021-10-14,57,0,13,31,0,10,-8,B Minor,4,2XHa3OK2B1oa5tqa5Sksc1,QZNWT2130743,1
71,Fly To My Room,BTS,115,1B,53,2022-01-22,03:42,64,k-pop,BE,2020-11-20,76,5,0,59,20,0,-7,B Major,4,1NHl9g36Ebu3g16y0vtUNV,QMFME2038752,2
72,Like You Do,Joji,66,6B,20,2022-01-22,04:00,0,,Nectar,2020-09-25,58,95,1,8,0,10,-10,A#/B♭ Major,4,1MONUudxAjEk76FJvzGhuD,ZZOPM2002181,1
73,Never Take It,Twenty One Pilots,118,11B,73,2022-01-22,03:32,59,,Scaled And Icy,2021-05-21,75,1,0,78,0,0,-6,A Major,4,1edgaGx2x2AQeWtL2OPEMW,USAT22101333,1
74,Respect,BTS,91,8B,84,2022-01-22,03:57,57,k-pop,MAP OF THE SOUL : 7,2020-02-21,66,0,0,53,10,20,-5,C Major,4,2yKBnKOmPXePrbHqRv42r4,QM4TX2001955,2
75,Life By The Sea,"Tubbo,CG5",153,3B,66,2022-01-22,03:52,50,,Life By The Sea,2021-08-27,73,13,0,88,0,30,-5,C♯/D♭ Major,4,1f466T8PHzdRdnWBwnvCB3,QZMEM2141622,1
76,Idea of Her,Cavetown,130,11B,42,2022-01-22,02:48,49,bedroom pop,Man’s Best Friend,2021-06-04,52,79,0,32,0,0,-9,A Major,3,167NK7xPIRNKnSmUE9dBrQ,USWB12101354,1
77,Silent Cry,Stray Kids,104,4A,88,2022-01-22,03:29,0,"k-pop, noise music",NOEASY,2021-08-23,70,14,0,59,10,20,-3,F Minor,4,0EetZOEMuGdEEz4x2q4VlM,US5TA2100073,3
1,Ringforge Oath,INTP Bot,161,9A,76,-,05:06,0,,Saturn's Devotional,2026-02-10,45,2,0,45,0,30,-10,E Minor,4,1QnYMgkXjhvXlzpDwg7fOA,QZK6N2688294,1
2,Executive,Ronaldinsach,172,8B,36,-,01:58,29,,Executive,2025-08-18,50,1,0,24,0,10,-15,C Major,3,5uCFMmVXnjev4zFJJnfTi4,GXHG92516655,1
3,Hair,Juangreencox,130,4B,33,-,02:00,27,,Hair,2025-07-18,62,1,0,26,0,10,-15,G#/A♭ Major,4,4P30uB2N5CHcoZ9eeZLbwF,GXH2J2588783,1
4,Grace in the Dirt,Biblewithlife,134,6B,75,-,03:31,32,christian rock,Grace in the Dirt,2026-04-07,50,0,0,28,0,40,-10,A#/B♭ Major,4,5AJ1HnmYXQIBbv4aWKhZVl,QZTBB2696436,1
5,Kingdom Within,Aaron Bacus,127,9B,59,-,03:54,22,,Kingdom Within,2026-03-27,46,6,0,55,0,30,-10,G Major,4,1gBZJIoapOGml5eIHQ0e68,QZMEQ2616487,1
6,The Irony of Playing It Safe,INTP Bot,144,9B,73,-,03:58,0,,Neptune’s Mirror,2025-06-18,62,36,0,46,40,30,-14,G Major,4,4Zwmr34N6rrRIqAQWPSQVn,QZTB62584948,1
7,This Is My Biome,Abtmelody,110,1B,69,-,03:18,30,,Minecraft Story Mode (Deluxe),2017-01-15,71,14,0,76,0,10,-5,B Major,4,1yIZtXssr95ygW7UGiUy8Y,QZ22B1742067,1
8,Rise Like Fire,Vorrak Thorn,150,7B,85,-,02:01,13,,Flame Rebel,2026-04-09,48,0,0,44,0,10,-12,F Major,4,6lX3XKL6ebaqLUxyrhhi7r,GXJBW2655216,1
9,跳跃不是罪过 - 禅者行步,DJ铁牛,133,10B,54,-,02:48,23,,跳跃不是罪过 (禅者行步),2026-04-09,64,0,0,49,0,10,-14,D Major,4,3osdCblxOJTTq95zbEk28o,FR59R2692645,1
10,Lawyer,Amandaganond,147,9A,47,-,02:00,27,,Lawyer,2025-05-18,58,0,0,22,0,10,-16,E Minor,4,1JRlrS9YEzAuPqxbPxVXtU,GBMA22546877,1
11,Saturn's PR Briefing,INTP Bot,120,1A,44,-,02:54,0,,Saturn's Devotional,2026-02-10,96,22,0,81,10,30,-13,G#/A♭ Minor,4,0osklOBJucsJdSSQowbHCn,QZK6N2688295,1
12,Win You Over,"Arcane Anthems,Ginny Di",95,4B,58,-,04:09,18,sea shanties,Win You Over,2022-10-26,63,66,0,89,0,10,-11,G#/A♭ Major,4,7K3817V742bAqUf3uM2lLo,QZPLS2298487,1
13,Shine Your Way,"Alan Silvestri,Glen Ballard,Kirk DeMicco,Chris Sanders,Owl City,Yuna",120,3B,44,-,03:26,45,"soundtrack, score, malay, malaysian pop",The Croods,2013-03-15,69,1,0,64,0,0,-8,C♯/D♭ Major,4,13serEEVZ46F2ipeaqWvQu,US6LQ0900582,1
14,Warrior of the Mind (From  Epic the Musical ),"CyYu,AmaLee",120,11A,46,-,03:28,35,anime,Warrior of the Mind (From  Epic the Musical ),2025-09-20,69,23,0,80,0,0,-14,F#/G♭ Minor,4,52MYo7H2KW3l45FRySEZcy,QZPJ32509221,1
15,What Does The Fox Say (Extended Mix),I U 1 D C,128,12A,89,-,04:59,20,,What Does The Fox Say,2013-09-13,66,15,0,43,0,10,-4,C♯/D♭ Minor,4,2WZ1DjMEANu4zN3ww3NmkY,TCABQ1358773,1
16,It Doesn't Have to Make Sense,INTP Bot,146,8B,55,-,03:24,0,,Neptune’s Mirror,2025-06-18,56,2,0,36,0,20,-14,C Major,4,10pRSvPMKC98KiPoj5Z8dx,QZTB62584949,1
17,We Don’t Let Go,EN BAND,172,12A,52,-,03:41,25,,We Don’t Let Go,2026-04-25,48,0,0,37,0,0,-11,C♯/D♭ Minor,4,2kpMPpPWrShx2OLgRekvly,QT82V2622940,1
18,Heroes of Tomorrow,Garland Casper,102,5A,65,-,02:37,30,,Heroes of Tomorrow,2026-01-16,65,15,0,62,10,30,-12,C Minor,4,5gZDpqjVzfTkzRJlPKtb7t,AEA3A2047511,1
19,Ultraluminary (From  Over The Moon ),Cristina Vee,130,11A,59,-,03:17,15,,Obnoxious Theater Kid,2023-12-07,67,13,0,29,0,0,-7,F#/G♭ Minor,4,2XLPFF8E4uKTEj1Va4Ausl,QZWFN2382300,1
20,Poison,Chloe Breez,150,2A,46,-,02:07,22,,Poison,2024-02-11,68,45,0,86,0,20,-16,D#/E♭ Minor,4,3DQGE38rgUWLUXax3vc3tf,QZDA82424296,1
21,Calling Home,INTP Bot,150,6A,39,-,05:09,0,,Saturn's Devotional,2026-02-10,30,6,0,7,0,10,-12,G Minor,4,1JD1vmYxC6M9TR3qLEHDRR,QZK6N2688293,1
22,Dragon Fighter (Revelation 12),TribeSong,158,2B,43,-,03:14,28,,Dragon Fighter (Revelation 12),2013-00-00,50,2,0,31,0,20,-14,F#/G♭ Major,4,1lqCaZ7vVDYk7sicA4WzMy,QZPJ32376685,1
23,追光,Yuri尤栗,168,12B,34,-,03:44,13,,追光,2025-12-17,36,22,0,27,0,40,-14,E Major,4,7pRbxsh9MCHuUWRIsVl3lp,AEA3A2020950,1
24,Midnight on Mute,NGONG DANIEL NGONG ASD,135,10B,61,-,03:50,23,,Midnight on Mute,2026-03-02,58,0,62,53,0,10,-11,D Major,4,5DZOWcvzw7GWb1imlF9qji,QT5M32684818,1
25,Be My Hero,Raphaela,97,3B,61,-,03:00,17,,Be My Hero,2024-07-26,62,6,0,24,0,10,-6,C♯/D♭ Major,4,6cFOOriS1Ouor5objcl7RQ,QZNWV2467514,1
26,My Guardian Demons,INTP Bot,146,8B,49,-,02:24,0,,Neptune’s Mirror,2025-06-18,49,0,0,53,0,30,-15,C Major,4,6WROWEMahsr8cM4aQidVmM,QZTB62584951,1
27,Mineshaft,Abtmelody,110,1B,87,-,03:17,20,,Minecraft Songs (Deluxe),2016-00-00,50,2,0,75,0,20,-1,B Major,4,07Fs56cp3ZsWUw5my58dRv,TCACS1685773,1
28,One Dance,"The Next Step,Lauren Mandel",130,7B,62,-,03:16,14,,Songs from The Next Step: Season 7 Vol. 2,2020-05-22,65,13,0,12,0,0,-9,F Major,4,43e6s9gJpuJZ7GJ1rIS03X,CAYR72000004,1
29,We Go On!,Simcha Leiner,125,7B,61,-,03:44,34,,Kol Hakavod (Acapella),2020-04-26,67,20,0,56,0,40,-8,F Major,4,6Fm34KnaTc1DD97wpFSoCW,QZES62050712,1
30,People Like Us (From Doom Patrol) [Season 1] [feat. Alan Mingo Jr.],"Matt Bomer,Alan Mingo Jr.",128,8B,61,-,04:17,36,,People Like Us (From Doom Patrol) [Season 1] [feat. Alan Mingo Jr.],2019-06-28,65,5,0,60,0,30,-9,C Major,4,7sauyRzGNFXzU0Ta3JHoEM,USNLR1900373,1
31,Saturn's Favorite Child,INTP Bot,124,7A,44,-,03:32,0,,Saturn's Devotional,2026-02-10,76,9,0,31,0,20,-13,D Minor,4,1BwleRA1D7b7p5hcfVnLBs,QZK6N2688292,1
32,Hidup yang sejahtera,ADE OBLACK,156,10B,68,-,02:58,22,,Hidup yang sejahtera,2025-12-16,43,0,0,42,0,20,-12,D Major,4,23VrgUcsHpdQi2VWTpzrlZ,GXD7G2606104,1
33,Glitch in Love,James Rivs,124,2B,37,-,03:15,2,,Buffer Love,2026-01-06,68,9,0,31,0,0,-13,F#/G♭ Major,4,4L6GMFIfJ7YK4h7y2Y0IZA,US6R22594329,1
34,Lirous K'yo - No Escape - Midnight Hook Edition,Lirous K'yo,130,2B,88,-,02:16,0,,Lirous K'yo - No Escape (Midnight Hook Edition),2026-04-25,62,0,0,90,0,50,-9,F#/G♭ Major,4,5ny8GXycNBDsA2EKhZPlvQ,QZPJ32547011,1
35,The Never Ending Story - Radio Edit,"MARSAL VENTURA,Jbill,Victor Magan,Elizabeth Taylor",135,8B,76,-,03:06,3,"flamenco, latin house, flamenco urbano, ",Ascend,2020-07-03,62,12,0,39,10,60,-5,C Major,4,3g5cNS0egujlS4BRbmUnWV,ES98D2000041,1
36,My Beautiful Monster,INTP Bot,146,4B,46,-,04:27,0,,Neptune’s Mirror,2025-06-18,66,2,0,54,0,10,-14,G#/A♭ Major,4,0EEwTzEStX8ydKSuQkU15J,QZTB62584945,1
37,Grace,Nation Worship,124,10A,59,-,01:36,11,,Been So Good,2024-01-17,71,4,0,82,0,10,-9,B Minor,4,3uyrJhH8isMpKQEBqxDM5Q,GBLFP2414698,1
38,Citizen,Markderiaz,145,10B,38,-,02:00,26,,Citizen,2025-08-02,54,1,0,23,0,40,-16,D Major,4,2YfxGllbriF95acp1v5DMF,GXHAF2551246,1
39,Dance All Around the World - Radio Edit,RtW,120,8A,78,-,03:23,18,,The Experience,2019-02-12,54,6,0,60,0,20,-9,A Minor,4,6NHQCbnZD26UtWqpzZaiOk,GBMA21921877,1
40,Fernet Night,JANSY DOG,124,9B,54,-,03:42,10,mambo,Shades On,2025-12-28,65,0,0,67,0,30,-11,G Major,4,1J162FBjpDlqyfVBOJhu48,GXJBS2532937,1
41,Kronos Key,INTP Bot,149,5B,52,-,05:12,0,,Saturn's Devotional,2026-02-10,42,18,0,15,0,10,-9,D#/E♭ Major,4,6MBrxkaZhTp6WgICRph8JQ,QZK6N2688299,1
42,Lots of Fun,Tryhardninja,125,10A,64,-,03:17,40,,"The Bite, Vol. 2",2015-03-03,73,33,0,78,0,20,-5,B Minor,4,06SXELUxg50MEBfLbxy3Dm,QZAPG1713754,1
43,Come Around,CHRIS.,127,8B,70,-,03:25,12,,Come Around,2026-01-30,62,0,0,41,0,30,-10,C Major,4,5AoQHPyOw4aimtv6AYNqrl,QT6FE2551116,1
44,In My Room,djtrotio42,128,8A,57,-,03:49,28,,In My Room,2024-12-04,84,17,0,47,10,30,-14,A Minor,4,5kjO4ZXo3HKN2poWoa54N2,TCAJB2436277,1
45,Card,Joshuayoungton,159,8A,56,-,02:00,28,,Card,2025-07-18,52,5,0,49,0,50,-16,A Minor,4,0oN3SMQjYRbtiZq2E8CbZX,GXH2J2588813,1
46,The Only Thing We Will Ever Truly Own,INTP Bot,128,5A,52,-,03:14,0,,Neptune’s Mirror,2025-06-18,73,4,0,42,0,30,-13,C Minor,4,1gYWkgzSCY1zGel9kBROlg,QZTB62584952,1
47,Let's Turn The Night,RuPaul,124,8B,82,-,03:45,16,ballroom vogue,Champion,2009-04-07,80,4,0,34,0,0,-6,C Major,4,1tUD9WYdvlKviwRTqmGMMf,US4J50910017,1
48,Bad Romance - Cover of Lady Gaga,Glee Cast,119,8A,93,-,04:54,12,christmas,Glee Músicas Românticas,2021-00-00,63,1,0,48,0,10,-5,A Minor,4,3DBDOSJTJOtitKhcKN1fE4,USQX91000313,1
49,Shuffle of Love,"Malachi Barton,Joshua Colley,Mekonnen Knife,Disney Worlds Collide Tour Cast,Disney",121,10A,83,-,02:11,47,,Disney Descendants/ZOMBIES: Worlds Collide Tour - The Live Album,2026-02-20,64,0,0,76,0,90,-8,B Minor,4,3qG5d1dPR3i5dc1RFqCnGv,USWD12639862,1
50,Galaxies,Owl City,120,3B,98,-,04:03,41,,All Things Bright And Beautiful,2011-01-01,65,3,0,91,0,0,-5,C♯/D♭ Major,4,4jKa7EZaP8UaEBp2ijfzk6,USUM71104675,1
2,Noir,SUNMI,117,1A,68,2022-06-07,03:29,47,k-pop,Noir,2019-03-04,64,0,0,26,0,0,-5,G#/A♭ Minor,4,1KCXYoPIpvafzaAGtiRjci,KRMIM1903810,2
3,Goblin,SULLI,85,6B,80,2022-06-07,03:13,44,k-pop,Goblin,2019-06-29,74,62,0,76,0,10,-5,A#/B♭ Major,4,4HwtJ7p2bL1c5BVm35Rgbc,KRA301900292,2
5,Oh my god,i-dle,110,9A,76,2022-06-07,03:15,64,k-pop,I trust,2020-04-06,79,4,0,48,0,10,-4,E Minor,4,2DmRXiyn03tOqKgEJXlaiJ,KRA392000022,1
6,FIVE,Apink,115,1B,90,2022-06-07,03:12,44,k-pop,Pink UP,2017-06-26,66,27,0,79,0,40,-2,B Major,4,6JtfR9xa0HII5UWXfdjvsQ,KRA381701445,1
7,Intro: Boy Meets Evil,BTS,130,4A,89,2022-06-08,02:01,60,k-pop,Wings,2016-10-10,57,2,0,24,20,10,-4,F Minor,4,1hlT8F0X27uf3fpOWawjbY,KRA381601891,1
9,ALIEN,LEE SUHYUN,128,11B,70,2022-06-08,03:01,46,k-ballad,ALIEN,2020-10-16,79,8,0,75,0,40,-5,A Major,4,46CBJtc2XYcOzv6PI4OWGR,KRA402000146,2
10,Long Flight,TAEYONG,148,4A,86,2022-06-08,03:18,49,"k-pop, noise music",Long Flight,2019-07-18,69,20,0,88,0,10,-3,F Minor,4,4hHRHdPzKTpobGyyW9ipNg,KRA301900308,1
11,Numb,CIX,107,5A,87,2022-06-08,03:25,37,k-pop,"HELLO Chapter 2: Hello, Strange Place",2019-11-19,68,18,0,60,0,10,-2,C Minor,4,0oiQqWcpJVeMsKQ5E0Cil8,KRA251902014,1
14,Body Talk,Red Velvet,186,2B,83,2022-09-22,03:39,39,k-pop,Rookie - The 4th Mini Album,2017-02-01,53,1,0,16,0,10,-5,F#/G♭ Major,4,3CihjB4pu58o2ititZw9Yg,KRA301700054,2
15,Shoot Me,DAY6,168,3B,92,2022-09-22,02:55,0,"k-rock, k-pop","Shoot Me : Youth, Part. 1",2018-06-26,58,7,0,73,10,0,-1,C♯/D♭ Major,4,3cl6BsTDeeGRbgug5TXrvg,US5TA1800047,2
17,HANN (Alone),i-dle,105,11A,72,2022-09-22,03:25,59,k-pop,HANN (Alone),2018-08-14,71,6,0,24,0,10,-3,F#/G♭ Minor,4,7gr57cYekMWriyJYbT7oZ4,KRA391800047,2
18,Fly To My Room,BTS,115,1B,53,2022-09-22,03:42,64,k-pop,BE,2020-11-20,76,5,0,59,20,0,-7,B Major,4,1NHl9g36Ebu3g16y0vtUNV,QMFME2038752,2
19,Respect,BTS,91,8B,84,2022-09-22,03:57,57,k-pop,MAP OF THE SOUL : 7,2020-02-21,66,0,0,53,10,20,-5,C Major,4,2yKBnKOmPXePrbHqRv42r4,QM4TX2001955,2
20,Silent Cry,Stray Kids,104,4A,88,2022-09-22,03:29,64,"k-pop, noise music",NOEASY,2021-08-23,69,14,0,59,0,20,-3,F Minor,4,5kBJH5gU89axZDauhfddpy,US5TA2100073,3
21,Any song,ZICO,108,3A,79,2022-12-06,03:47,63,"k-rap, k-pop",Any song,2020-01-13,87,12,0,90,10,10,-2,A#/B♭ Minor,4,1iIhGHzzrzqQfuNkFI2qAn,KRA381905519,3
22,I GOT A BOY,Girls' Generation,98,9A,86,2022-12-06,04:31,60,k-pop,I GOT A BOY - The 4th Album,2013-01-01,50,3,0,53,20,50,-1,E Minor,4,2WkPfNd237yc0l5KewCDpp,KRA301200552,1
23,HIGHLIGHT,SEVENTEEN,145,8A,93,2022-12-06,03:45,53,k-pop,Seventeen 3rd Mini Album ’Going Seventeen’,2016-12-05,58,3,0,49,10,20,-3,A Minor,4,6FdIEgj8ErhkOHbtB6aqFF,KRA381602512,1
24,Side Effects,Stray Kids,97,10B,98,2022-12-06,03:15,62,"k-pop, noise music",SKZ2020,2020-03-18,60,2,0,14,10,0,-2,D Major,3,39doHPm8Vsicb2kuD0weyZ,US5TA1900056,1
25,Drip Drop,TAEMIN,112,2A,87,2022-12-06,03:25,41,k-pop,Press It - The 1st Album,2016-02-23,72,7,0,51,20,0,-4,D#/E♭ Minor,4,7EYDRfuloB4kG28ECZkPZB,KRA301500800,1
27,Zimzalabim,Red Velvet,128,4A,88,2022-12-06,03:10,47,k-pop,‘The ReVe Festival’ Day 1,2019-06-19,68,0,0,53,10,30,-5,F Minor,4,0GUbhhI5fRx7BlqlqlhjuB,KRA301900257,1
31,BBIBBI,IU,144,9B,62,2022-12-06,03:14,63,"k-pop, k-ballad",BBIBBI,2018-10-10,84,24,0,82,30,30,-5,G Major,4,4as4XEOR03oGm1STUKl6pa,KRA381801523,1
32,Love To Hate Me,BLACKPINK,162,4B,64,2022-12-06,02:51,65,k-pop,THE ALBUM,2020-10-02,69,3,0,60,10,0,-5,G#/A♭ Major,4,7iKDsPfLT0d5mu2htfMKBZ,KRA402000138,1
36,Louder than bombs,BTS,146,5A,67,2022-12-06,03:37,69,k-pop,MAP OF THE SOUL : 7,2020-02-21,64,4,0,48,10,0,-7,C Minor,4,4Aw8n6r2vuU0KUo1a2nftp,QM4TX2001948,1
39,134340,BTS,106,10A,69,2022-12-06,03:50,66,k-pop,Love Yourself 轉 'Tear',2018-05-18,67,16,0,65,0,10,-6,B Minor,4,1MX0g22bQkr9HDVe37fLnN,QM4TX1817914,1
40,Kingdom Come,Red Velvet,170,4A,74,2022-12-06,03:30,53,k-pop,Perfect Velvet - The 2nd Album,2017-11-17,57,24,0,68,10,0,-4,F Minor,4,5XJEdVQ5jl3C3dFsV7kCTZ,KRA301700603,1
42,Curiosity,LOONA,105,9B,88,2022-12-06,03:08,36,k-pop,[X X],2019-02-19,66,2,0,34,0,30,-5,G Major,4,0dGoEd5azO9g3tKdONfBRZ,KRA381900460,1
43,Buenos Aires,IZ*ONE,105,5A,83,2022-12-06,04:21,33,k-pop,Buenos Aires,2019-06-14,70,38,0,94,0,30,-3,C Minor,4,59OVM3kQEOwKpTXgrQox1N,JPPO01902190,1
44,Talk that Talk,TWICE,120,2A,91,2023-04-03,02:57,68,k-pop,BETWEEN 1&2,2022-08-26,77,14,0,78,10,30,-2,D#/E♭ Minor,4,0RDqNCRBGrSegk16Avfzuq,US5TA2200073,1
45,Better Be,Red Velvet,107,7B,67,2023-04-03,03:00,39,k-pop,Queendom - The 6th Mini Album,2021-08-16,76,5,0,43,0,0,-5,F Major,4,5NIjdxrVUW4GGyLIqXUw9K,KRA302100271,1
46,HANN (Alone in winter),i-dle,180,2A,43,2023-04-03,02:55,47,k-pop,I burn,2021-01-11,47,81,0,30,0,10,-6,D#/E♭ Minor,3,2qYdsdgdeMLFzpLcMQWG2W,KRA392000073,1
47,Thursday's Child Has Far To Go,TOMORROW X TOGETHER,167,1B,76,2023-04-03,03:31,60,k-pop,minisode 2: Thursday's Child,2022-05-09,63,5,0,67,10,0,-4,B Major,4,04CHEoMbrLOiX8co3EG5dO,USA2P2146799,1
48,LE VOYA9E,Kep1er,93,9B,68,2023-04-03,03:36,36,k-pop,DOUBLAST,2022-06-20,71,18,0,50,0,20,-4,G Major,4,6htqtlGbLmPZ1LdMWxAhoZ,KRA492200548,1
49,Good Night,Kep1er,180,11B,86,2023-04-03,03:08,29,k-pop,DOUBLAST,2022-06-20,62,3,0,50,0,0,-4,A Major,4,6fWxekVkt4msIEoXV7oD2t,KRA492200550,1
50,Ito,TOMORROW X TOGETHER,83,6B,66,2023-04-03,04:03,48,k-pop,Ito,2021-11-02,57,21,0,42,0,30,-6,A#/B♭ Major,4,0Fb1M7rbOnydw6SrXXSlHr,JPPO02103863,2
51,Softly,MIYEON,110,7B,83,2023-04-03,03:57,0,k-pop,MY,2022-04-27,70,37,0,51,20,10,-5,F Major,4,0d9Nnlk0J0BQkP8asYtN4z,KRA392200021,1
52,Lovegame,Yerin Baek,110,3A,59,2023-04-03,03:33,0,k-ballad,tellusboutyourself,2020-12-10,90,49,2,79,0,10,-7,A#/B♭ Minor,4,5SAK4pJLz2Lu8RDerM5qiU,KRF252000164,1
53,NonStop,NCT 127,150,5A,93,2023-04-03,03:24,0,"k-pop, noise music",NCT #127 Neo Zone: The Final Round - The 2nd Album Repackage,2020-05-19,56,9,0,64,10,0,-3,C Minor,4,23a4qKSwqUK70S8GnXa0Js,KRA302000223,1
54,Trap,Dreamcatcher,160,5A,78,2023-04-03,03:10,0,"k-rock, k-pop",Alone In The City,2018-09-20,57,11,0,50,10,10,-4,C Minor,4,7m34MVNzFsVnPiuJSdZIC4,KRB471801403,1
55,Replay,NCT DREAM,101,9A,86,2023-04-03,03:34,45,"k-pop, noise music",Glitch Mode - The 2nd Album,2022-03-28,80,5,0,72,0,20,-4,E Minor,4,0eACCV3ys1LIIxMit2wLWn,KRA302200050,1
56,Trouble,EXO,76,9B,80,2023-04-03,03:17,43,k-pop,OBSESSION – The 6th Album,2019-11-27,57,32,0,77,10,50,-4,G Major,4,5vZU1sYp7e1osTKWIMtof5,KRA301900546,1
57,Time Slip,Red Velvet,100,4B,58,2023-04-03,03:39,42,k-pop,The Red - The 1st Album,2015-09-09,90,4,0,59,0,0,-5,G#/A♭ Major,4,7q2qLI13TejYkBr4A5ZhEJ,KRA301500444,1
58,Rebirth,Red Velvet,87,11A,57,2023-04-03,03:33,35,k-pop,Rebirth - SM STATION,2017-08-18,77,31,0,76,0,0,-5,F#/G♭ Minor,4,6QCNYRB8RHXGaRlITuWRgL,KRA301700381,1
61,Bon voyage,YooA,120,10B,89,2023-04-03,03:39,0,k-pop,Bon Voyage,2020-09-07,70,31,0,27,0,10,-4,D Major,4,4X95Ecd1elHxTccGOko02c,KRB462000767,1
62,The Last,Agust D,120,3B,84,2023-04-03,04:05,0,"k-pop, k-rap",Agust D,2016-08-16,76,0,1,44,20,0,-3,C♯/D♭ Major,4,5GPiG4vIuDfYus1gRcXEok,KRA381601473,1
63,Epiphany,BTS,136,7A,56,2023-04-03,04:00,70,k-pop,Love Yourself 結 'Answer',2018-08-24,51,29,0,33,0,10,-6,D Minor,4,6L88EH68XwlaXwvChlTS41,QM6MZ1886142,1
64,moonchild,RM,158,8A,87,2023-04-03,03:25,64,"k-pop, k-rap",mono.,2018-10-23,50,3,0,19,20,0,-6,A Minor,4,6BnciRM9jyEP9cEjvoN5eI,QM6P41828292,1
65,Eternally,TOMORROW X TOGETHER,186,2B,85,2023-04-03,03:37,55,k-pop,The Dream Chapter: ETERNITY,2020-05-18,38,3,0,41,40,0,-5,F#/G♭ Major,3,0RRd7AcCl0HR5gzzRuCMXs,USUG12001845,1
67,seoul (prod. HONNE),RM,100,8B,66,2023-04-03,04:35,68,"k-pop, k-rap",mono.,2018-10-23,58,34,0,45,0,30,-9,C Major,4,1sKsYTGy8XfHjCYqcudqG5,QM6P41828291,1
68,Frost,TOMORROW X TOGETHER,96,4A,75,2023-04-03,03:14,55,k-pop,The Chaos Chapter: FREEZE,2021-05-31,78,1,0,58,0,30,-6,F Minor,4,3Yp61j6axuQe4nxYWvbOXy,USA2P2108448,1
70,I Need The Light,ENHYPEN,152,5A,87,2024-04-10,03:05,59,k-pop,I Need The Light,2022-08-12,59,6,0,80,0,30,-5,C Minor,4,69mhZKG0nDbSK7NoINWEsE,KRMIM2245199,1
71,In the summer,TWICE,113,3B,85,2024-04-10,03:30,43,k-pop,Perfect World,2021-07-28,79,4,0,55,10,30,-4,C♯/D♭ Major,4,04LlwbQp31hLQ6meYbP19t,JPWP02170591,1
72,Back to the City,Kep1er,177,9B,85,2024-04-10,03:20,46,k-pop,LOVESTRUCK!,2023-04-10,53,1,0,45,0,40,-2,G Major,4,2Zx7YnpyTsQvjAf9elDsgX,KRA492300256,1
73,The Astronaut,Jin,125,7B,76,2024-04-10,04:42,69,k-pop,The Astronaut,2022-10-28,54,0,0,22,0,10,-5,F Major,4,0h7QMc9ZRzA9QJrbEHytn2,USA2P2230326,1
74,Yeah Yeah Yeah,BLACKPINK,124,12A,59,2024-04-10,02:58,56,k-pop,BORN PINK,2022-09-15,74,1,0,62,0,0,-7,C♯/D♭ Minor,4,5y4WmuvFX1t3NdSId0MFOh,KRA402200023,1
75,Abyss,Jin,144,8B,51,2024-04-10,02:35,64,k-pop,Abyss,2020-12-03,43,54,0,35,0,10,-5,C Major,4,40BomFCBuJok3OjxM9oG7e,QMFME2088294,1
76,"PUSH & PULL (JIHYO, SANA, DAHYUN)",TWICE,120,10A,91,2024-04-10,03:25,51,k-pop,Formula of Love: O+T=<3,2021-11-12,74,39,0,78,10,0,-2,B Minor,4,7kbOwsTp2Uqm1scjRPiVt4,US5TA2100108,1
77,Glitch Mode,NCT DREAM,167,5A,78,2024-04-10,03:27,53,"k-pop, noise music",Glitch Mode - The 2nd Album,2022-03-28,63,2,0,69,10,10,-2,C Minor,4,5b1PngLlxc7hj3fJXrE2Zm,KRA302200046,1
78,ZERO,DRIPPIN,158,11A,91,2024-04-10,03:38,25,k-pop,DRIPPIN 2nd Single Album [Villain : ZERO],2022-06-15,62,7,0,68,10,30,-2,F#/G♭ Minor,4,4XkeWqW7ogSSvFY6MpR6eP,KRA382205697,1
79,LUNATIC,Xdinary Heroes,92,11A,91,2024-04-10,03:44,44,"k-rock, k-pop, noise music",Overload,2022-11-11,59,7,0,62,0,0,-2,F#/G♭ Minor,4,5sVBt5NgN8kw9zvKE6eX9k,US5TA2200116,1
81,Melody,Girls' Generation-Oh!GG,95,8B,63,2024-04-10,03:15,29,k-pop,2021 Winter SMTOWN : SMCU EXPRESS,2021-12-27,70,62,0,41,0,10,-5,C Major,4,48FUsLmRpUhg807gYXxdjd,KRA302100401,1
82,Nerdy,PURPLE KISS,136,6A,80,2024-04-10,02:58,44,k-pop,Geekyland,2022-07-25,73,2,0,73,0,10,-2,G Minor,4,6KExHY2Eo0DphK63s2dfYi,KRA382206344,1
83,Crash Landing,NCT 127,140,3B,87,2024-04-10,03:24,0,"k-pop, noise music",2 Baddies - The 4th Album,2022-09-16,59,20,0,56,0,0,-2,C♯/D♭ Major,4,66eZq38bO1ofzmpNa02XiL,KRA302200151,1
85,Don't Blink,aespa,93,12B,80,2024-04-10,02:49,49,k-pop,Drama - The 4th Mini Album,2023-11-10,72,26,0,71,0,30,-4,E Major,4,2uJEnyojuGg31VVlLTQFpp,KRA302300352,1
86,extra-ordinary,Billlie,105,11B,65,2024-04-10,03:06,0,k-pop,the Billage of perception: chapter three,2023-03-28,89,7,0,86,0,0,-4,A Major,4,3l3wUDDHEAqOUTSAACKL8b,KRA382301436,1
87,F*ck My Life,SEVENTEEN,80,7B,69,2024-04-10,03:22,58,k-pop,SEVENTEEN 10th Mini Album 'FML',2023-04-24,74,8,0,86,0,10,-5,F Major,4,3tgWMPOY4stCdKYj5NjrAe,USA2P2310674,1
88,ZOOM ZOOM,aespa,125,4B,94,2024-04-10,03:12,52,k-pop,ZOOM ZOOM,2023-10-06,67,3,0,72,0,30,-2,G#/A♭ Major,4,3DZwsHxTYjCcMUTcSkATPl,JPWP02301000,1
89,Star (feat. Moonbyul of MAMAMOO),"AleXa,Moon Byul",87,11B,71,2024-06-01,03:57,20,k-pop,Girls Gone Vogue,2022-11-11,62,64,0,43,0,0,-4,A Major,4,5hjLF8tzOuw6XENqReVM5D,KRA252201989,1
4,Troublemaker,Beach House,177,8B,63,2024-04-17,04:55,44,dream pop,Bloom,2012-05-15,32,14,0,27,0,0,-8,C Major,4,5C54HfgwmX7Er7FBDhdz1E,USSUB1296506,2
9,Yes I'm Changing,Tame Impala,180,8B,61,2024-04-17,04:30,77,"neo-psychedelic, indie",Currents,2015-07-17,37,11,0,35,0,0,-7,C Major,4,0xtIp0lgccN85GfGOekS5L,AUUM71500295,2
11,"Dream, Ivory","Dream, Ivory",120,3B,57,2024-04-17,03:08,0,,"Dream, Ivory",2017-03-09,54,8,33,19,0,0,-5,C♯/D♭ Major,4,1VqYfdsorchSvhXW6gtBzo,TCACY1789034,2
12,Haunted,Laura Les,169,11B,82,2024-04-17,01:42,68,"hyperpop, glitch",Haunted,2021-03-12,51,0,3,55,0,10,-9,A Major,4,1toNKayLMeCcVlsLGXJl7n,USAT22007910,4
13,F Song,Strawberry Guy,81,5A,51,2024-04-17,03:44,68,bedroom pop,F Song,2018-08-09,24,41,28,23,0,30,-11,C Minor,4,4z9KVNX4hmk672SJfhtQNz,TCADT1853143,2
14,What Would I Do?,Strawberry Guy,129,1B,46,2024-04-17,03:54,73,bedroom pop,What Would I Do?,2019-07-22,54,46,90,44,0,0,-8,B Major,4,5EJA7Rwkeuvm98CZg0XXNO,TCADX1837626,2
20,Wherever You Go,Beach House,128,11B,42,2024-04-17,03:26,56,dream pop,B-Sides and Rarities,2017-06-30,55,22,94,22,0,20,-11,A Major,4,2gNvrbywamPJShUrg9u0YL,USSUB1720514,2
21,10:37,Beach House,96,7B,41,2024-04-17,03:48,53,dream pop,Depression Cherry,2015-08-28,58,72,14,53,0,10,-9,F Major,4,3ETUDzHZP3Ue3C767F9jxM,USSUB1512205,2
23,PPP,Beach House,105,3B,47,2024-04-17,06:08,64,dream pop,Depression Cherry,2015-08-28,49,36,89,15,0,0,-8,C♯/D♭ Major,3,5JyJsAZyLTD7W5oWLeB0JK,USSUB1512206,2
26,"Sea, Swallow Me","Cocteau Twins,Harold Budd",164,8B,67,2024-04-17,03:09,65,"dream pop, shoegaze, gothic rock, ambient, minimalism",The Moon and the Melodies,1986-11-10,45,59,24,83,0,20,-13,C Major,3,7vPHiwgCOAjSBRjAirbMvS,GBAFL8600048,2
30,drowning,offwire,180,10A,40,2024-04-17,01:57,2,,drowning,2022-06-16,56,32,94,13,0,10,-15,B Minor,4,1wQC8cqR3oYXRbgJLj65IR,QZK6N2277972,2
31,Cherry,Chromatics,108,6A,78,2024-04-17,04:31,60,dream pop,Cherry (Deluxe),2017-12-09,66,3,23,81,0,10,-6,G Minor,4,4sRmzVSedvFkENbSJ342Ex,QMMMF1300022,2
46,Brokendate,Com Truise,170,1B,54,2024-04-17,05:08,59,"synthwave, chillwave, vaporwave",Galactic Melt,2011-06-14,53,26,62,55,10,30,-7,B Major,4,0XcY2bB4lectIINykHYYDa,US2J71103807,2
53,I Want You,Mitski,132,5B,29,2024-04-17,03:03,0,,"Retired from Sad, New Career in Business",2013-08-01,29,51,0,6,0,0,-11,D#/E♭ Major,3,4Phnrzy56Yt0VNooKCwr3p,ushm81309666,2
57,This Feeling,my!lane,126,6A,91,2024-04-17,02:43,61,"phonk, drift phonk",Sakura's Shadows,2021-12-03,49,0,0,21,10,10,-5,G Minor,4,3vefdW0Zsk57Qn0qxXeVCI,QMDA72157439,2
58,Lucky,Radiohead,133,10A,40,2024-04-17,04:18,67,"art rock, alternative rock",OK Computer,1997-05-28,21,5,61,20,0,10,-10,B Minor,4,14xj58ZexBaEaHARb11Cqs,GBAYE9701375,2
61,I Don't Need You,Acid Ghost,156,9B,82,2024-04-17,03:06,45,dream pop,I Don't Need You,2015-04-06,47,2,82,26,0,30,-5,G Major,4,7IWdKDoQ3QNaF790h3skyc,TCADI1733219,2
64,Дорогой Человек,PERMSKY KRAY,90,10A,57,2024-04-17,04:10,0,"post-punk, cold wave, darkwave",Дорогой Человек,2021-06-04,56,4,90,17,0,0,-8,B Minor,4,61iGGhMOjv8eKlRlqugSXP,FR96X2193728,2
65,Dayflower,Cathedral Bells,170,11B,94,2024-04-17,02:53,6,"dream pop, shoegaze",Ether,2021-01-29,15,0,82,60,10,0,-4,A Major,4,3Y3uR7Fd2yVBLHmgsqmZnS,QZFYW2160144,2
68,Tomorrow Comes Today,Gorillaz,93,2B,60,2024-04-17,03:13,65,,Gorillaz,2001-03-26,75,1,59,57,0,10,-5,F#/G♭ Major,4,6BL4PpswVjH9BAajbIbpmZ,GBAYE0000724,3
71,help_urself - breakcore,Ezekiel,195,2B,83,2024-04-17,01:58,43,"hyperpop, breakcore",help_urself (Alternates),2021-09-10,41,1,33,10,20,20,-6,F#/G♭ Major,4,3mfO4NyNl1sW4WabTejw4y,USWB12103266,2
72,Smalltown Boy,Bronski Beat,135,4A,58,2024-04-17,05:02,83,"synthpop, hi-nrg",The Age of Consent,1984-10-15,69,29,1,94,0,10,-11,F Minor,4,5vmRQ3zELMLUQPo2FLQ76x,GBAAP0200005,2
73,Little Bit,Lykke Li,120,9B,74,2024-04-17,04:33,68,,Youth Novels,2008-06-06,82,16,0,70,0,10,-7,G Major,4,0Ps4Eh6SQjeLnubbCsQTDD,SEVUM0700701,2
77,Cherry Waves,Deftones,124,10B,86,2024-04-17,05:17,80,"nu metal, alternative metal, rap metal, rock, shoegaze",Saturday Night Wrist,2006-10-25,47,0,1,17,0,10,-4,D Major,4,70L6nHORQsblY813yNqUR3,USMV20600284,2
89,On Fye,"The Simps,Eyedress,zzzahara",92,3B,80,2024-04-17,02:07,26,,Siblings,2022-02-14,48,1,12,80,0,20,-6,C♯/D♭ Major,4,6qLQ0K5jkOB0QrbDwNmKg9,GBMYF2000123,2
93,This Night Has Opened My Eyes - 2011 Remaster,The Smiths,100,10B,63,2024-04-17,03:41,76,"new wave, madchester, jangle pop",Hatful of Hollow,1984-00-00,70,0,43,70,0,20,-8,D Major,4,69Kzq3FMkDwiSFBQzRckFD,GBCAD1000139,2
99,About A Girl,Nirvana,132,10A,93,2024-04-17,02:46,61,"grunge, rock",Nirvana,2002-10-29,41,0,0,59,0,30,-5,B Minor,4,55yvzYuvJYG2RUEnMK78tr,USUG10200084,2
101,Pretty Girls Make Graves - 2011 Remaster,The Smiths,116,11A,66,2024-04-17,03:43,73,"new wave, madchester, jangle pop",The Smiths,1984-02-20,61,1,0,78,0,20,-9,F#/G♭ Minor,4,3wUMcPzXcmaeW8QxTdyXQO,GBCRL1100030,2
105,This Could Build Us a Home,The Garden,95,11A,95,2024-04-17,02:00,55,,haha,2015-10-09,62,1,29,40,10,10,-6,F#/G♭ Minor,4,7Cp2PE6Id35QlK1pIpu7X9,USEP41522010,3
109,Didn't Want to Have to Do It (Ver 1),Cass Elliot,79,4B,33,2024-04-17,03:39,0,,Here's A Song! (You Might Have Missed) Vol 13,2011-07-15,34,64,2,26,0,10,-14,G#/A♭ Major,3,3jVJgwG4CBus9JRjbPncDD,USA371367998,2
110,The Shining,The Neighbourhood,97,6B,69,2024-04-17,03:34,59,,Chip Chrome & The Mono-Tones (Deluxe),2020-12-11,63,5,76,55,0,10,-7,A#/B♭ Major,4,3m3ylOXgB3v9xmDSIJyx9S,USSM12006843,2
115,The Promise,When In Rome,118,8B,88,2024-04-17,03:40,76,"new wave, synthpop",When In Rome,1988-01-01,63,9,0,36,0,0,-10,C Major,4,48p5E25cFPanxuwCTmTpuL,GBAAA8800494,2
116,Boys Don't Cry,The Cure,169,10A,84,2024-04-17,02:35,85,"new wave, post-punk, gothic rock, darkwave",Three Imaginary Boys,1979-05-11,46,1,0,67,0,10,-6,B Minor,4,1QFh8OH1e78dGd3VyJZCAC,GBALB7800001,2
117,SimpsonWave1995,FrankJavCee,170,2A,38,2024-04-17,02:22,65,"vaporwave, synthwave","FrankJavCee Collection, Vol. 1, Pt. II",2016-06-05,66,6,56,65,0,10,-10,D#/E♭ Minor,3,0qqRNnwh86N1XBV94GVgQN,TCACN1696584,2
120,Blue Loop,Stiig,170,12B,86,2024-04-17,03:01,0,"synthwave, vaporwave, chillwave",Blue Loop,2019-09-16,52,95,92,71,10,0,-10,E Major,4,606gfW659CW05XqPe1Cobl,SE6HN1962843,2
122,Head First,Home,134,4A,74,2024-04-17,03:33,0,"vaporwave, synthwave, chillwave",Falling into Place,2016-02-26,68,0,81,43,0,10,-10,F Minor,4,3tjwjBfPO1pyjhnrI0J5Nq,QM4DW1610378,2
129,Lies in the Eyes of Love,Part Time,122,10A,62,2024-04-17,03:16,0,dream pop,Lies in the Eyes of Love,2019-07-26,71,0,53,37,0,0,-7,B Minor,4,4EtELRz6M3e184zevnBKDb,USA2P1822500,2
133,Numbers,TEMPOREX,94,2B,33,2024-04-17,02:07,12,bedroom pop,Numbers,2017-05-16,42,47,0,50,0,10,-11,F#/G♭ Major,4,4GuZMzKXJSoWhwHUqRa0fm,QM2PV1704435,4
137,Deep Blue,"All India Radio,Sasquin",116,9A,43,2024-04-17,03:03,9,"downtempo, post-rock, trip hop, ambient, space music, space rock, ",Deep Blue,2021-03-17,38,64,78,10,0,10,-12,E Minor,4,7hwG9da1Eo7ScGOOB9Q2OB,QZFZ62144442,2
138,Policy of Truth - 2006 Remaster,Depeche Mode,114,4B,66,2024-04-17,04:54,1,"new wave, synthpop, darkwave",Violator (2006 Remaster),1990-03-19,68,1,23,36,0,10,-7,G#/A♭ Major,4,0C6EIiQu8CS4eYtOCMEiAd,GBAJH0600293,2
142,Playground Love,"Air,Gordon Tracks",143,6A,42,2024-04-17,03:31,3,"trip hop, downtempo, ",The Virgin Suicides (Original Motion Picture Score),2000-02-25,33,27,73,12,0,30,-11,G Minor,4,052z2UsE2wPrHsBJ9tly0g,FR71S9900001,2
144,Lovesong - 2010 Remaster,The Cure,140,8A,81,2024-04-17,03:29,71,"new wave, post-punk, gothic rock, darkwave",Disintegration (Deluxe Edition),1989-05-02,61,34,90,82,0,20,-8,A Minor,4,0X5C4WjQNubRysTkHOubz3,USEE10901455,2
145,Pink in the Night,Mitski,103,10B,41,2024-04-17,02:16,65,,Be the Cowboy,2018-08-17,21,16,0,11,0,30,-10,D Major,4,51vArgRF64yIWk3JIcRITo,USJ5G1815010,2
158,Nothing Matters,The Last Dinner Party,101,10B,80,2024-04-17,03:02,71,,Prelude to Ecstasy,2024-02-02,58,2,0,59,0,10,-5,D Major,4,5crY7axm3GejOxy5PsnnPk,GBUM72301930,1
161,Hell N Back,Bakar,210,3A,68,2024-04-17,03:33,74,,Hell N Back,2019-08-15,63,31,0,73,50,10,-4,A#/B♭ Minor,4,3NRql0A1Ef4RCvT473iqgD,GBARL1900848,1
163,What Once Was,Her's,146,2A,88,2024-04-17,04:15,79,indie,Songs of Her's,2017-05-12,53,17,1,44,0,20,-4,D#/E♭ Minor,3,1XrSjpNe49IiygZfzb74pk,GBYEJ1100223,1
164,Blondie,Current Joys,122,2B,63,2024-04-17,03:14,3,lo-fi indie,Wild Heart,2013-01-02,78,62,90,87,0,0,-13,F#/G♭ Major,4,7sIx70dGj3VBiHWr0KZXfD,TCACS1661024,1
167,A-Punk,Vampire Weekend,175,10B,82,2024-04-17,02:17,68,"indie, baroque pop",Vampire Weekend,2008-01-27,55,1,4,85,0,10,-4,D Major,4,2DrGEaqoruCSn0FffWCf5O,GBBKS0700527,1
172,Need 2,Pinegrove,77,12A,63,2024-04-17,03:11,9,midwest emo,Everything So Far,2015-10-15,55,1,20,21,0,0,-8,C♯/D♭ Minor,4,3kQfBtkQqgN1fAMfhks8TU,TCACJ1513588,1
175,Your Dog,Soccer Mommy,115,10A,67,2024-04-17,03:14,52,indie,Clean,2018-03-02,65,12,0,77,0,10,-8,B Minor,4,3BpUZB0tw4zNmG3Iw1mclL,USFP71765203,1
176,Two Weeks,Grizzly Bear,160,7B,72,2024-04-17,04:06,69,"indie, baroque pop, indie rock",Veckatimest,2009-05-24,53,30,1,74,0,0,-6,F Major,4,04uR2cdkgiaLIzebPcs25m,GBBPW0900065,1
179,Silver Soul,Beach House,135,10B,67,2024-04-17,04:58,68,dream pop,Teen Dream,2010-01-25,36,46,0,11,0,20,-6,D Major,4,56eSclzdXaWU5jOJ7DX7Vp,GBBRP1022502,1
182,Cosmic Love,Florence + The Machine,140,8A,81,2024-04-17,04:15,69,baroque pop,Lungs (Deluxe Version),2009-00-00,52,14,0,10,0,10,-5,A Minor,4,1myEOhXztRxUVfaAEQiKkU,GBUM70903473,1
183,It's Called: Freefall,Rainbow Kitten Surprise,98,10B,52,2024-04-17,02:32,80,,"How to: Friend, Love, Freefall",2018-04-06,74,63,0,28,0,60,-6,D Major,4,474uVhyGgK5MtY9gMcDgGl,USAT21800165,2
184,Float On,Modest Mouse,101,2B,89,2024-04-17,03:28,78,"indie rock, indie, alternative rock",Good News For People Who Love Bad News,2004-04-05,65,1,0,55,0,0,-5,F#/G♭ Major,4,2lwwrWVKdf3LR9lbbhnr6R,USSM10315494,1
185,Kilby Girl,The Backseat Lovers,162,3B,44,2024-04-17,04:42,80,,When We Were Friends,2019-01-27,33,6,4,23,0,10,-10,C♯/D♭ Major,4,1170VohRSx6GwE6QDCHPPH,USCGH1936387,1
186,Rawnald Gregory Erickson the Second,STRFKR,96,9B,54,2024-04-17,02:53,61,,Starfucker,2008-09-23,90,23,84,71,0,20,-8,G Major,4,4j4pPKE3xAblPIbhxScC1j,US36Y0810027,1
189,White Winter Hymnal,Fleet Foxes,125,11A,53,2024-04-17,02:27,62,"indie folk, folk, indie",Fleet Foxes,2008-06-09,63,44,0,65,0,30,-9,F#/G♭ Minor,4,4XTuSMs47SIg35KxhNIUGe,GBBRP0816702,1
190,Lisztomania,Phoenix,98,8B,79,2024-04-17,04:01,4,indie,Wolfgang Amadeus Phoenix,2009-05-25,64,3,0,31,0,50,-7,C Major,4,7fmJGzyvOcbh6UANsH8Cp6,FR31Q0900001,1
191,Love It If We Made It,The 1975,180,12B,75,2024-04-17,04:12,68,,A Brief Inquiry Into Online Relationships,2018-11-30,47,0,0,6,0,10,-5,E Major,4,6WmIyn2fx1PKQ0XDpYj4VR,GBK3W1800771,1
196,Sleepyhead,Passion Pit,106,4B,72,2024-04-17,02:54,78,indie,Manners,2009-00-00,57,9,0,54,0,20,-5,G#/A♭ Major,4,4prEPl61C8qZpeo3IkYSMl,USSM10901014,1
198,Naive,The Kooks,101,1A,81,2024-04-17,03:23,79,"indie, indie rock",Inside In / Inside Out,2006-01-01,39,8,0,74,0,10,-6,G#/A♭ Minor,4,7BHPGtpuuWWsvE7cCaMuEU,GBAAA0500836,1
199,Ode to a Conversation Stuck in Your Throat,Del Water Gap,88,1B,80,2024-04-17,03:19,18,,Del Water Gap,2021-10-08,57,6,0,62,0,10,-7,B Major,4,51Lf3l6wx008NdBxCQnD6B,USAT22002240,1
207,Sweet Disposition,The Temper Trap,129,10B,81,2024-04-17,03:54,78,,Conditions,2009-08-10,54,8,25,31,0,10,-7,D Major,4,1jUkHIMc7UaJQuzWe5Iop2,GBZUZ0900013,1
209,Mary,Alex G,106,9A,47,2024-04-17,03:17,72,,Trick,2012-11-05,69,5,45,40,0,10,-10,E Minor,4,36TbBJ7mLPOZMAYs0p4mxb,GBJET1400056,1
210,More Than Friends,Aidan Bissett,160,2B,66,2024-04-17,03:03,61,,More Than Friends,2020-09-26,56,58,0,67,0,10,-7,F#/G♭ Major,4,1Ph96WpdjNlwD6iKRE2Xa3,QZK6J2093995,1
211,Young Folks,Peter Bjorn and John,138,8B,81,2024-04-17,04:36,81,indie,Writer's Block,2006-01-01,70,2,0,66,0,10,-6,C Major,4,4dyx5SzxPPaD8xQIid5Wjj,SEBPA0600024,1
212,Walking On A Dream,Empire Of The Sun,127,4A,70,2024-04-17,03:18,88,,Walking On A Dream (10th Anniversary Edition),2008-10-03,87,26,0,72,0,0,-6,F Minor,4,5r5cp9IpziiIsR6b93vcnQ,AUEI10800039,1
214,Wolf Like Me,TV On The Radio,176,9B,79,2024-04-17,04:47,66,"indie rock, indie",Return To Cookie Mountain,2006-07-03,35,0,1,18,0,10,-5,G Major,4,6Zgd7SomLTZkL1WPh4CUnV,USTG30626805,1
215,Pristine,Snail Mail,126,8B,70,2024-04-17,04:55,51,indie,Lush,2018-06-08,48,0,0,29,0,10,-5,C Major,4,5JX6gZ5mOASumPrU1JbfbV,USMTD1811091,1
217,New Slang - 2021 Remaster,The Shins,130,8B,40,2024-04-17,03:50,72,"indie, indie pop","Oh, Inverted World (20th Anniversary Remaster)",2001-06-19,67,75,9,62,0,0,-11,C Major,4,0NslHuacjxQYfUTOW3HCIV,USSUB2141506,1
219,Stress Relief,late night drive home,140,4B,67,2024-04-17,03:25,79,indie,Am I sinking or Am I swimming?,2021-09-17,52,1,0,60,0,0,-8,G#/A♭ Major,4,7xLfmCx9jcZNgzlIK7NupN,QZMEP2194356,1
220,My Number,Foals,128,11A,72,2024-04-17,03:58,70,indie,Holy Fire,2013-02-08,64,2,0,81,0,60,-9,F#/G♭ Minor,4,04caEZhAsQKnWqKsMwk9ud,GBAHT1200723,1
221,"Archie, Marry Me",Alvvays,118,9B,83,2024-04-17,03:16,53,"dream pop, shoegaze, jangle pop, indie",Alvvays,2014-07-21,27,1,38,22,0,10,-5,G Major,4,5GAB1X0AJq2EZjxXP9zMFt,US3R41428202,1
222,Night Shift,Lucy Dacus,86,11B,31,2024-04-17,06:31,66,,Historian,2018-03-02,48,31,0,16,0,10,-8,A Major,4,1yYlpGuBiRRf33e1gY61bN,USMTD1810669,2
223,T-Shirt Weather,Circa Waves,160,12B,95,2024-04-17,03:12,59,indie,Young Chasers (Deluxe),2015-03-30,42,0,0,47,0,20,-5,E Major,4,7MfNoHB8JRNbSQ8P3eAfMQ,GBUM71406662,1
226,Chandelier,Will Paquin,87,7A,50,2024-04-17,02:07,1,,Chandelier,2020-09-25,33,67,0,43,0,10,-9,D Minor,4,1cwqP7Tyxu5z8XDYoPkNte,QM24S2009107,1
229,I'm Your Man,Mitski,130,8B,27,2024-05-21,03:29,63,,The Land Is Inhospitable and So Are We,2023-09-15,54,90,35,11,0,0,-16,C Major,4,6YO2dalWyZSobXSY3UUPv9,USJ5G2335010,1
235,Je te laisserai des mots,Patrick Watson,133,10B,19,2024-07-24,02:40,84,,Je te laisserai des mots,2010-09-10,30,99,50,21,0,10,-17,D Major,4,44A0o4jA8F2ZF03Zacwlwx,CA0RZ1000020,2
236,Champagne Coast,Blood Orange,123,11B,41,2024-11-07,04:52,65,art pop,Palo Alto (Music from the Motion Picture),2014-04-25,81,2,39,76,0,0,-13,A Major,4,2p8IJfP7f5A2FF9uR8hlss,GBCEL1100251,2
248,Eleanor Rigby,The Beatles,137,9A,30,2024-11-07,02:05,61,"classic rock, psychedelic rock",Yellow Submarine Songtrack,1999-09-13,52,84,0,62,0,40,-7,E Minor,4,6EOKwO6WaLal58MSsi6U4W,GBAYE9901219,2
252,Oh Klahoma,Jack Stauber,109,9B,40,2024-12-06,03:05,72,,Pop Food,2017-03-25,70,43,1,48,0,30,-10,G Major,4,6SZwj6cjc8JQbkrr8cbIUn,QMPKX1703670,2
253,Hidden In the Sad,Tally Hall,121,2B,29,2024-12-06,01:52,0,,Marvin's Marvelous Mechanical Museum,2012-00-00,55,54,78,20,0,10,-13,F#/G♭ Major,4,27emps8GRCspKOOYAj0A7i,TCAAY1158683,1
255,New God,Moon Walker,99,10A,78,2024-12-06,03:22,52,,New God,2024-11-08,56,23,0,68,0,30,-7,B Minor,4,5TxHd6feUaIpJxLAjpYJZp,QZWFP2499311,1
258,5/4,Gorillaz,96,8B,92,2024-12-19,02:42,60,,Gorillaz,2001-03-26,80,9,0,81,0,0,-3,C Major,5,5Q10MhatY5DkgBfbWUkRpN,GBAYE0001409,1
259,Nature Trips,Eyedress,194,9B,74,2024-12-20,03:15,43,,Nature Trips,2013-10-14,57,0,80,22,0,10,-6,G Major,4,5qUlWiXKKasWzU8FvvvD3Y,GBBKS1300141,1
260,Je te laisserai des mots,Patrick Watson,133,10B,19,2024-12-20,02:40,6,,Je te laisserai des mots,2010-09-10,30,99,50,21,0,10,-17,D Major,4,0V5cvmTKsYmF5FmGGEAfmS,CA0RZ1000020,2
268,Stay And Decay,Unlike Pluto,81,6A,54,2024-12-20,03:45,0,,Stay And Decay,2019-08-21,51,31,0,59,0,10,-12,G Minor,4,5sFeSB1BheGU1tynVYEXh0,NLRD51632341,1
271,I Just Want to Be the One You Love,Boxout,141,8A,35,2024-12-20,01:20,0,,I Just Want to Be the One You Love,2019-06-14,50,97,4,25,0,20,-9,A Minor,1,7gZDMiW9u6N3UIgBzbdUFU,QZFYY1924938,1
281,Piano Man,Billy Joel,178,8B,55,2025-01-25,05:39,85,soft rock,Piano Man (Legacy Edition),1973-11-07,33,61,0,43,0,10,-6,C Major,3,70C4NyhjD5OZUMzvWZ3njJ,USSM17300504,1
282,My Kind of Woman,Mac DeMarco,92,11A,77,2025-03-02,03:10,83,"indie, lo-fi indie",2,2012-10-16,50,0,49,46,0,10,-7,F#/G♭ Minor,4,6jgkEbmQ2F2onEqsEhiliL,QMMZN1200053,2
283,Kids,Current Joys,113,2B,66,2025-03-02,04:29,78,lo-fi indie,Kids,2015-03-08,83,52,36,90,0,0,-10,F#/G♭ Major,4,6cMMZ2pdP4PkYsVJqX2WUh,TCACS1677524,1
284,Heaven Knows I'm Miserable Now - 2011 Remaster,The Smiths,114,2B,76,2025-03-02,03:35,83,"new wave, madchester, jangle pop",Hatful of Hollow,1984-00-00,61,3,0,77,0,10,-5,F#/G♭ Major,4,1xaTREM89RbIxkcjlpf4Uw,GBCRL1100070,2
286,When the Sun Hits,Slowdive,94,10B,53,2025-03-02,04:45,79,"shoegaze, dream pop, slowcore",Souvlaki,1993-00-00,33,0,71,22,0,10,-12,D Major,4,0oxYB9GoOIDrdzniNdKC44,GBBQY0400041,1
290,Velvet Ring - 2023 Remaster,Big Thief,139,8B,40,2025-03-02,02:35,76,,Masterpiece (2023 Remaster),2016-00-00,32,44,1,28,0,10,-12,C Major,4,3oBNQdDbNrs8wQbcZ3BXwP,GBAFL2300467,1
291,did i tell u that i miss u,adore,112,11B,75,2025-03-02,01:55,70,,did i tell u that i miss u,2024-05-30,57,17,79,24,0,30,-9,A Major,4,3qeFjtPJ1lIRKDTB5DZWpt,CA5KR2447784,1
296,Темная ночь,Mark Bernes,112,9B,26,2025-07-20,02:55,38,,Песни Великой Победы,2024-05-06,43,94,0,42,0,10,-16,G Major,4,0dRRv81hXsx3hhVZOorD0y,RUA7C1911989,1
297,My Endeavour,Ruby Roberts,176,8B,82,2025-09-07,04:05,60,,My Endeavour,2025-07-23,42,6,0,42,0,30,-5,C Major,3,0Kf2FvTEVMj94zMNEF3zKN,GXGNZ2500004,1
300,Float,The Neighbourhood,124,1A,88,2025-09-21,04:21,56,,I Love You.,2013-04-22,56,3,0,47,0,10,-4,G#/A♭ Minor,4,4MUvaBckjtNGlxX1IuHDPW,USSM11300898,1
302,Year Of Silence,Crystal Castles,115,3A,86,2025-10-21,04:52,49,"witch house, electroclash, new rave, alternative dance",Crystal Castles (II),2010-01-01,53,0,0,14,0,20,-4,A#/B♭ Minor,4,7fmN0e0igEaff8Xd7pj31W,GBUM71001707,1
303,Shadows,Twin Tribes,86,10A,64,2025-10-21,03:07,52,"darkwave, post-punk, cold wave, gothic rock, deathrock",Shadows,2018-01-31,58,0,54,71,0,10,-7,B Minor,4,2Le4R47s0PyT0oWcD7qifb,ushm21887901,1
304,Devil in Disguise,Marino,110,12A,40,2025-10-24,01:44,81,,Devil in Disguise,2025-07-18,90,51,0,62,0,10,-10,C♯/D♭ Minor,4,3MKhTroJs5GF9H7LqN9fiw,CA5KR2543145,1
312,No Plan,Hozier,80,8A,75,2026-01-02,05:31,54,,"Wasteland, Baby!",2019-03-01,46,12,0,56,0,10,-5,A Minor,4,4byXh93siQtzKLdjKuJaAF,USSM11809028,2
315,Look Who’s Inside Again,Bo Burnham,160,10B,33,2026-01-02,01:23,0,comedy,Inside (The Songs),2021-06-10,64,76,0,65,0,30,-9,D Major,3,7d8dqy6GbiUqotcTSs0jXg,USA2P2122069,3
319,WONDERLAND,Neoni,68,3A,65,2026-01-02,03:17,65,,Wars In A Wonderland,2021-08-20,65,1,0,65,0,10,-3,A#/B♭ Minor,4,1fh4rarBaLB8l5ALt1UvPv,DEWO71700229,2
320,In My Head,The Mysterines,130,10B,94,2026-01-02,03:53,23,indie rock,In My Head,2021-07-08,45,0,0,52,0,50,-4,D Major,4,7jJKNG1a6J1EmovRTjGMb7,GBUM72103172,2
325,Moonlight on the River,Mac DeMarco,140,11B,48,2026-02-10,07:02,80,"indie, lo-fi indie",This Old Dog,2017-05-05,66,25,83,43,0,20,-9,A Major,4,2fhOljbX79loRcdl47SFye,QMMZN1701309,1
330,Parade,The Silver Roads,92,1A,75,2026-04-06,01:46,40,,Parade,2025-12-17,38,19,0,29,0,30,-12,G#/A♭ Minor,4,38WUwUAACexNr60KURK7vr,GX4R52520269,1
11,She,dodie,92,10B,15,2021-05-20,03:33,58,,Human,2019-01-18,48,76,3,23,0,10,-15,D Major,4,45h4w81P5iJJTSeR0jJUQ8,QM6N21808971,1
12,From Eden,Hozier,142,8B,67,2021-05-25,04:43,72,,Hozier (Expanded Edition),2014-09-19,40,58,0,28,0,10,-6,C Major,5,5aRZk9oWIYUB5alrTs8TTV,USSM11405190,1
14,Honey and Glass,Peyton Cardoza,96,6B,38,2021-05-25,01:56,48,spoken word,Honey and Glass,2020-07-26,45,82,2,41,0,20,-12,A#/B♭ Major,4,0WNmMljbubSgfEipIeiPwC,QZK6Q2022043,1
15,GIRL ON TV,chloe moriondo,91,11A,82,2021-05-25,03:12,27,"bedroom pop, indie pop",GIRL ON TV,2020-11-12,59,6,0,74,10,30,-4,F#/G♭ Minor,4,6SnE7mmmYVpvd3QRkpKyXe,USAT22006355,1
16,making bad decisions,Bea Miller,142,9A,53,2021-05-25,03:23,38,,elated!,2020-10-23,65,52,0,21,0,30,-6,E Minor,4,1Kx8rGwhrGtqV2fsxYe3Cr,USHR12040655,1
17,forever is a lie,Bea Miller,91,10B,59,2021-05-25,02:32,32,,elated!,2020-10-23,75,37,0,42,0,10,-4,D Major,4,4O0QcP66fc33qeeazneQad,USHR12040654,1
18,i never wanna die,Bea Miller,88,12A,57,2021-05-25,02:54,34,,elated!,2020-10-23,70,25,0,20,0,30,-5,C♯/D♭ Minor,4,4Mlo1XIsUQdiOQ1x6z3wK4,USHR12040656,1
20,Panic Room,Au/Ra,98,4B,43,2021-05-25,03:57,69,,Panic Room,2018-02-09,50,15,0,6,0,10,-9,G#/A♭ Major,4,7uUahoeqGNRMbpdeiLj1rS,GBARL1702250,1
22,No Plan,Hozier,80,8A,75,2021-05-25,05:31,54,,"Wasteland, Baby!",2019-03-01,46,12,0,56,0,10,-5,A Minor,4,4byXh93siQtzKLdjKuJaAF,USSM11809028,2
23,Ship in a Bottle,fin,108,10B,73,2021-05-25,05:14,1,,Lost at Sea,2017-05-30,40,33,0,42,0,0,-7,D Major,3,7EioHGLoCcjuIgQwKh8O8H,TCADC1705864,1
24,mad at god,Sarah Saint James,140,4B,31,2021-05-27,02:51,0,,mad at god,2021-01-22,65,70,0,40,0,10,-8,G#/A♭ Major,4,2Dd4c7HAPEs67ca7CPdBDn,AUBEC2082068,1
37,Goodbye,Bo Burnham,126,9B,31,2021-11-01,04:09,0,comedy,Inside (The Songs),2021-06-10,73,60,0,15,0,10,-10,G Major,4,6tfPsgvkgbGHWGwq2PpzCI,USA2P2122072,4
40,Look Who’s Inside Again,Bo Burnham,160,10B,33,2021-11-01,01:23,0,comedy,Inside (The Songs),2021-06-10,64,76,0,65,0,30,-9,D Major,3,7d8dqy6GbiUqotcTSs0jXg,USA2P2122069,3
42,Love Like You (feat. Rebecca Sugar) - End Credits,"Steven Universe,Rebecca Sugar",118,5A,24,2021-11-01,02:23,74,,"Steven Universe, Vol. 1 (Original Soundtrack)",2017-06-02,59,88,0,29,0,10,-10,C Minor,3,3z9OnsnvM6SFN2dzrSDdVO,TCADA1768019,2
44,Happier Than Ever,Billie Eilish,81,8B,23,2021-11-01,04:58,85,,Happier Than Ever,2021-07-30,33,77,0,30,0,10,-9,C Major,3,4RVwu0g32PAqgUiJoXsdF8,USUM72105936,3
47,Miss Wanna Die Music Box,Saccharinne,132,8A,63,2021-11-01,03:21,39,,Happy Girl,2020-11-15,72,79,87,78,0,0,-13,A Minor,4,25TvOgkmIevXGukKLkfsWX,QZNWR2076312,1
49,Sweet Hibiscus Tea,Penelope Scott,111,7B,22,2021-11-01,02:25,0,,The Junkyard 2,2020-05-13,65,87,0,61,0,20,-11,F Major,4,4ZUv5GgKcziw6ZjyxUfudU,QZES92051839,4
51,Two Birds,Regina Spektor,151,8B,50,2021-11-28,03:15,76,anti-folk,Far,2009-06-19,55,80,0,45,0,10,-9,C Major,4,2n0U2OG5d6TuW5mKx7YrC0,USWB10901899,2
52,xanny,Billie Eilish,112,11B,13,2021-11-28,04:03,71,,"WHEN WE ALL FALL ASLEEP, WHERE DO WE GO?",2019-03-29,52,75,0,5,20,20,-18,A Major,4,4QIo4oxwzzafcBWkKjDpXY,USUM71900765,3
53,Everybody Dies,Billie Eilish,65,6A,16,2021-11-28,03:26,69,,Happier Than Ever,2021-07-30,28,93,18,6,0,0,-17,G Minor,3,5jhBwnqzNNrENXnYrAdoCe,USUM72105933,2
54,Love is Pain,FINNEAS,78,11B,14,2021-11-28,03:44,49,,Optimist,2021-10-15,61,93,0,11,0,0,-15,A Major,4,2tJUcBxiQEYSCzC3BdIOk8,USUG12103246,1
55,Show Yourself,"Idina Menzel,Evan Rachel Wood",123,2B,43,2021-11-28,04:20,73,"musicals, ",Frozen 2 (Original Motion Picture Soundtrack/Deluxe Edition),2019-11-15,32,73,0,17,0,0,-7,F#/G♭ Major,4,50WeOnXhM1H7AZEeIDoWfZ,USWD11994671,1
58,take me back to New York City,LukeTrepp,93,5A,27,2021-11-28,04:43,27,,take me back to New York City,2021-04-25,47,30,0,47,0,30,-14,C Minor,4,2JOc3450y5kvo27SmbWE6Y,QZHN32193423,1
59,Never Coming Home,Scruffpuppie,82,3B,46,2021-11-28,04:00,34,"lo-fi indie, midwest emo",Never Coming Home,2020-10-27,44,69,0,15,0,10,-7,C♯/D♭ Major,4,0N0WwX2M7mN4TiLXRyKkCR,NLRD51952771,1
60,I Want To Be With You,chloe moriondo,120,12B,44,2021-11-28,02:59,54,"bedroom pop, indie pop",Blood Bunny,2021-05-07,74,2,0,37,0,10,-7,E Major,4,4LK36kV9w3KBD2GYL26ZBq,USAT22004111,1
61,two queens in a king sized bed,girl in red,114,11B,22,2021-11-28,03:10,0,bedroom pop,two queens in a king sized bed,2020-11-18,36,91,0,17,0,0,-15,A Major,4,1pUyZuge2qoSG1nzDxftQJ,GBKPL2027336,1
62,i need to be alone.,girl in red,148,6B,55,2021-11-28,02:56,0,bedroom pop,i need to be alone.,2019-03-13,51,27,0,58,0,20,-10,A#/B♭ Major,4,7LBfVMw4MNNGCLGmXeuDv6,GBKPL1939652,2
64,City of Angels,Em Beihold,75,12B,37,2021-11-28,03:14,0,,City of Angels,2020-08-14,68,79,0,34,0,30,-7,E Major,4,5amAJIEdIVtWYEi4wGp7Fn,QZK6P2075238,1
66,Woke Up In Japan,5 Seconds of Summer,127,9B,87,2021-11-28,02:37,50,,Youngblood (Deluxe),2018-06-15,68,1,0,65,10,10,-4,G Major,4,5FA9XC36IlV9bnhMqqzNc9,GBUM71800873,1
67,Monster Among Men,5 Seconds of Summer,166,8B,68,2021-11-28,03:12,51,,Youngblood (Deluxe),2018-06-15,50,9,0,48,0,0,-5,C Major,4,7CQN84rMdkBzXJVsvefOM6,GBUM71800866,1
68,Nights Like These,Pigeon Pit,92,10B,33,2021-12-01,02:01,55,"folk punk, midwest emo, anti-folk, queercore",Shut In,2015-05-31,63,87,0,88,10,10,-14,D Major,3,7s7KOxwTHHnVBmtphJKWRk,QMPKX1764664,1
81,I'd Rather Sleep,Kero Kero Bonito,142,6B,58,2022-02-05,01:55,0,,Intro Bonito,2014-08-25,77,1,36,86,0,10,-7,A#/B♭ Major,4,56JcHvg7W4cCs6fQEOz2gW,GBSV71400025,4
84,Crack Baby,Mitski,64,2B,55,2022-02-21,04:52,68,,Puberty 2,2016-06-17,18,0,25,6,0,0,-12,F#/G♭ Major,4,0I0MPzbmzsjpttpkqWgNyx,USJ5G1612310,3
85,Class of 2013,Mitski,126,8B,22,2022-03-02,01:49,0,,"Retired from Sad, New Career in Business",2013-08-01,44,94,0,12,0,10,-11,C Major,3,4N2ibi4kcH4D5ZYYvMiKsg,ushm81309669,3
86,THE SNAKE,Lana Lubany,176,11A,37,2022-03-17,02:56,47,,THE SNAKE,2022-02-22,54,66,2,9,0,10,-11,F#/G♭ Minor,3,4tRXJwAv2zZrcDcfjTUekQ,USUYG1412486,1
87,Scream It to the Whole World,Abigail Fierce,127,12B,72,2022-06-21,03:27,29,,Scream It to the Whole World,2021-06-04,65,4,0,74,0,10,-5,E Major,4,1Ux9Ql1kyqa0skExUNerDW,usdy42144201,1
88,Kyoto,Phoebe Bridgers,131,1B,75,2022-06-28,03:04,66,,Punisher,2020-06-18,60,5,30,49,0,0,-7,B Major,4,4vjvx7Zxkb4AltGcZ0BBvI,USJ5G2020003,1
93,Mind Over Matter,Young the Giant,155,8B,76,2022-07-01,04:04,73,,Mind Over Matter,2014-01-17,47,0,0,29,0,10,-4,C Major,4,5Az8KU81g2aLBbJN67F2CI,USAT21304149,3
96,Smile Boyo,Vundabar,79,4A,66,2022-07-12,03:28,52,,Gawk,2015-07-24,55,26,0,51,0,10,-6,F Minor,4,6SHTRuxHS9pM3BJsTn4PcU,USDY41567491,2
97,How to Rest,The Crane Wives,132,2B,49,2022-07-27,05:18,0,,The Fool in Her Wedding Gown,2012-09-22,69,62,0,31,0,10,-8,F#/G♭ Major,4,5mnLI0XImuEHiCBkGGHvbq,QMM891210012,1
99,Destroyed By Hippie Powers,Car Seat Headrest,105,11B,66,2022-08-06,05:03,52,"midwest emo, indie rock",Teens Of Denial,2016-05-20,53,1,2,32,0,0,-6,A Major,4,4mxoJfHYvwuWCwqnZvzggL,USMTD1607729,1
100,why do i do that,"Ayleen Valentine,Chaos Canine",96,10A,74,2022-08-06,02:24,0,,why do i do that,2022-04-29,66,23,0,80,0,10,-6,B Minor,4,74ghwSkVzbegV8Iv2Y2BqM,QZQAY2245282,1
101,All I Ever Asked,Rachel Chinouriri,115,7B,46,2022-08-06,03:35,57,,All I Ever Asked,2022-03-08,91,47,0,85,0,0,-8,F Major,4,2F9DCIJ7ZXHhNkiIlIIOkw,GBAYE2200182,1
102,HEAD,Devon Again,104,12A,82,2022-08-06,01:51,45,,HEAD,2022-07-15,66,4,0,46,0,40,-2,C♯/D♭ Minor,4,5stVamqETg34UDrpC5Zwhy,QZK6J2255578,1
103,In My Head,The Mysterines,130,10B,94,2022-08-07,03:53,23,indie rock,In My Head,2021-07-08,45,0,0,52,0,50,-4,D Major,4,7jJKNG1a6J1EmovRTjGMb7,GBUM72103172,2
104,Longshot,Catfish and the Bottlemen,103,9B,77,2022-08-07,03:52,46,"indie, indie rock",Longshot,2019-01-08,48,0,0,47,0,10,-4,G Major,4,1Yi8XPnCPoimWwqxwm3uz9,GBUM71804352,1
105,Jumpsuit,Twenty One Pilots,127,10A,61,2022-08-07,03:58,68,,Trench,2018-10-05,62,1,16,24,0,20,-8,B Minor,4,1E1uGhNdBe6Dddbgs2KqtZ,USAT21804142,1
106,Watch Your Mouth,The Backseat Lovers,88,10B,38,2022-08-12,04:31,64,,When We Were Friends,2019-01-27,57,39,2,24,0,10,-11,D Major,4,4DHLopEsKDwQBgucGKJuzj,USCGH1936385,1
107,WONDERLAND,Neoni,68,3A,65,2022-08-14,03:17,65,,Wars In A Wonderland,2021-08-20,65,1,0,65,0,10,-3,A#/B♭ Minor,4,1fh4rarBaLB8l5ALt1UvPv,DEWO71700229,2
108,Overreaction,HappyHappy,81,8B,74,2022-08-14,05:13,24,"folk punk, anti-folk, midwest emo",Zozobra,2019-05-17,62,5,0,50,0,30,-6,C Major,4,4nbjjld8YhPFejuQKrBEMH,QZES91972226,1
109,Bikes & Bonfires,Local News Legend,116,9B,43,2022-08-14,03:23,0,"folk punk, anti-folk, midwest emo",Split Peas,2019-06-05,71,63,0,74,0,30,-11,G Major,4,4dnnZFGewSYD3SVzsvLZMu,USDHM2107227,1
110,Five,Sleeping At Last,111,2B,42,2022-08-16,05:55,36,,Atlas: Enneagram,2019-07-11,45,80,35,14,0,10,-13,F#/G♭ Major,5,15UttZPJXWsb1fSLwNSfov,USGES1907005,1
111,Four,Sleeping At Last,125,7B,11,2022-08-16,04:51,41,,Atlas: Enneagram,2019-07-11,35,97,0,14,0,10,-13,F Major,3,6XvzSF3NDwOKP6RF0YmXEU,USGES1907004,1
112,Six,Sleeping At Last,109,1B,35,2022-08-16,04:14,42,,Atlas: Enneagram,2019-07-11,23,88,0,18,0,0,-10,B Major,4,5os4iDInR4chqaCdXi895k,USGES1907006,1
113,Seven,Sleeping At Last,120,5B,46,2022-08-16,04:21,37,,Atlas: Enneagram,2019-07-11,46,65,0,12,0,10,-12,D#/E♭ Major,4,7zbFh74zImpQho3btxuANN,USGES1907007,1
114,Twin Size Mattress,The Front Bottoms,145,12B,87,2022-08-18,04:24,71,"midwest emo, folk punk, emo",Talon Of The Hawk,2013-05-21,33,1,0,34,0,10,-6,E Major,4,14N3tALR3Mhf7UHpJRKk4L,US37V1322204,1
115,i'll die anyway.,girl in red,158,8B,63,2022-08-18,03:12,0,bedroom pop,i'll die anyway.,2019-07-17,47,0,57,17,0,0,-7,C Major,4,7yyJF1BYBaCifNmO1RGhv7,GBKPL1956621,2
118,ラッキープール,JUDY AND MARY,103,10B,84,2022-08-27,05:35,46,"j-pop, anime, j-rock, kayōkyoku",WARP,2000-00-00,61,14,0,58,0,10,-4,D Major,4,00Z1o8c9lApIYLnlXTfJB4,JPES00002967,1
119,Inarticulation,Rio Romeo,128,1B,41,2022-09-03,02:43,0,,Inarticulation,2022-09-02,50,80,0,56,0,10,-8,B Major,4,1V8lTzBz2irnrqIVsjOuFL,UK6KW2200111,2
121,Carry Me Out,Mitski,119,9B,38,2022-09-16,03:53,57,,Bury Me At Makeout Creek,2014-11-11,19,2,0,11,0,10,-9,G Major,3,4CwGmNXIrcp04sjG3pajXY,USA2B1511610,2
122,Machine,Imagine Dragons,81,12B,68,2022-09-16,03:01,64,,Origins (Deluxe),2018-11-09,64,0,1,59,0,10,-5,E Major,4,4uGY9CqDtGtaTTLg1cgsWD,USUM71816159,2
132,Loud,Eva Pagán,56,12B,30,2022-09-17,02:24,0,,Loud,2022-09-08,59,27,0,49,0,10,-10,E Major,3,2YDPikS8jvS2rsWF0ozCvY,UK6KW2200135,1
134,I Don't Think Ur Sorry,Taylor Mecca,156,10B,57,2022-10-04,03:07,42,,I Don't Think Ur Sorry,2022-09-23,70,45,0,81,10,20,-7,D Major,4,1yQsqGxlxTO6PSnD7gS5tC,QZTPX2217760,1
135,Tiny Vessels,Death Cab for Cutie,147,11A,64,2022-10-09,04:21,0,,Transatlanticism,2003-10-07,57,44,15,7,0,0,-9,F#/G♭ Minor,4,1x3nSB02nQEqE7BPBaOCrv,USBS50310284,1
136,fine.,Darren Rita,184,3B,39,2022-10-12,02:47,23,,fine.,2022-02-04,69,47,0,85,10,0,-11,C♯/D♭ Major,4,4AUUerO7EPuhvGDNn2IwGU,QZFZ22239924,1
137,Thanatos,Soap&Skin,143,2B,32,2022-10-12,02:34,46,,Lovetune for Vacuum,2009-04-12,39,90,38,11,0,10,-11,F#/G♭ Major,3,4ZxwW1PurhSyaynNCXlwXK,DEN920800225,1
139,SOLD,Lana Lubany,113,10A,48,2022-10-15,02:38,46,,SOLD,2022-07-26,77,38,0,32,10,20,-9,B Minor,4,4hMcamMdjiJmZ3thozEqOR,GBLVL1900288,1
140,六等星の夜,Aimer,144,4B,50,2022-11-05,05:38,47,"anime, j-pop, j-rock",Sleepless Nights,2012-10-03,56,35,0,31,0,10,-6,G#/A♭ Major,4,73tC9ZhU1iyphrL1ruQQWU,JPN101100601,1
142,Upgrade,"TWIN XL,DREAMERS",146,8A,81,2022-12-01,02:41,30,,Upgrade,2022-02-18,59,0,0,87,0,10,-5,A Minor,4,0kr277qNoo4QBUDjzPiSe2,USQX92200409,1
143,Elegance,Adrift,90,8A,44,2022-12-05,02:33,23,,Elegance,2022-11-04,77,4,12,71,0,20,-6,A Minor,4,7cYeb7379FJnHajuWiA3Q1,QZRP52245388,1
144,深い森のなかで,Kikuo,156,8B,83,2022-12-24,04:57,33,vocaloid,深い森のなかで,2022-12-14,32,3,0,54,10,20,-8,C Major,3,4avoU6h4nOUP6uLl0CxZMy,JP92Q2200874,1
145,Hallucinogenics,Matt Maeson,121,8B,65,2022-12-30,03:07,72,,Bank On The Funeral,2019-04-05,55,46,0,29,0,10,-7,C Major,4,6bLU8e0LGyztE9iD5DWBQ1,USAT21801088,1
147,Voice,Pay money To my Pain,177,6B,77,2023-01-03,08:05,0,j-rock,gene,2013-11-13,17,0,0,15,0,20,-3,A#/B♭ Major,4,1EJxVlb4XvtG3669TnPJXw,JPVP01322911,1
148,The Woods,"Cosmo Sheldrake,Erin Robinsong",91,11B,3,2023-01-23,00:42,0,,The Woods,2017-06-09,47,93,0,6,0,30,-21,A Major,3,4AGEFlDkNoe6mgNgMajcLq,QM24S1702078,1
153,Night Shift,Lucy Dacus,86,11B,31,2024-07-16,06:31,66,,Historian,2018-03-02,48,31,0,16,0,10,-8,A Major,4,1yYlpGuBiRRf33e1gY61bN,USMTD1810669,2
156,Shampoo Bottles,Peach Pit,107,4B,44,2024-07-16,03:44,62,,You and Your Friends,2020-04-03,65,2,0,33,0,0,-10,G#/A♭ Major,4,2INUkDPCO1eQlOFmIN5VAC,USSM11914411,1
157,Squaring Up,Sir Chloe,104,6B,54,2024-07-16,03:00,51,,Party Favors,2020-10-23,54,18,0,6,0,10,-7,A#/B♭ Major,4,6So0H01OYE7PSl4QnVz2YK,QM7282052178,1
158,Vampire Empire,Big Thief,131,11B,57,2024-12-11,03:12,4,,Vampire Empire,2023-07-19,64,29,0,66,0,0,-8,A Major,4,0ToG55iJZCOzZkcpWbXxpW,GBAFL2300351,1
3,What the World Needs,"Tiffany Tatreau,Lillian Castillo,Chaz Duffy,Scott Redmond,Emily Rohm,The Ride the Cyclone World Premiere Cast Recording Ensemble,Kholby Wardell",100,4B,64,2024-10-26,03:03,58,musicals,Ride the Cyclone: The Musical (World Premiere Cast Recording),2021-05-07,76,24,0,67,30,20,-9,G#/A♭ Major,4,0i29E9ZhnHmwWqUTJ9vsnI,USSK32042560,1
5,Coffee,Jack Stauber's Micropop,116,2B,48,2024-10-26,00:58,67,,Shop: A Pop Opera,2020-03-08,81,93,0,66,30,10,-11,F#/G♭ Major,4,2zmo93xTzKTP0lztR9iy9H,QMEZE2021309,2
12,Never Love an Anchor,The Crane Wives,105,8B,65,2024-10-26,03:48,0,,Coyote Stories,2015-08-29,61,60,0,49,0,10,-8,C Major,4,0RPD5sbsSLnKWYOJ5iPPMm,QMUU81510592,1
13,Blue Haired Boy,Elio Mei,109,3A,25,2024-10-26,01:13,49,,Blue Haired Boy,2022-07-29,72,59,0,92,40,10,-12,A#/B♭ Minor,3,74aKOiizkE9bZTTaRw1pfW,QZMEM2200582,1
16,Meteor Shower,Cavetown,170,7B,49,2024-10-26,04:25,64,bedroom pop,Cavetown,2015-11-09,51,43,0,14,0,10,-10,F Major,3,6A2itXgDf96XHp9qR6oyPN,TCADM1818853,2
17,Misery Meat,Sodikken,110,3B,35,2024-10-26,01:04,1,,Misery Meat,2021-01-12,83,86,0,76,20,10,-14,C♯/D♭ Major,4,7EZWdBiXeyqE0digwKa3k0,QZXLZ2391722,1
23,summer depression,girl in red,130,11B,31,2024-10-26,02:31,63,bedroom pop,summer depression,2018-03-03,69,65,48,68,0,10,-16,A Major,4,3SEZEyvEALlomED5xFeqOs,GBLFP1817508,1
25,Seventeen,MARINA,130,8A,82,2024-10-26,03:02,64,,The Family Jewels,2009-07-15,77,33,0,80,0,10,-6,A Minor,4,5UmLoBLWWRnqGhPfVWRgGd,GBFFS0900016,2
26,Tongues & Teeth,The Crane Wives,126,8B,86,2024-10-26,03:41,0,,The Fool in Her Wedding Gown,2012-09-22,62,10,0,52,0,10,-7,C Major,4,0XSOLgNqtHZgEEaQyoQctR,QMM891210007,1
27,"Sincerely, Me","Mike Faist,Ben Platt,Will Roland",98,9B,73,2024-10-26,03:42,64,musicals,Dear Evan Hansen (Original Broadway Cast Recording),2017-02-03,68,17,0,60,10,10,-6,G Major,4,4nna9JONFIwr98bcX6tlta,USAT21603423,1
29,Thus Always To Tyrants,The Oh Hellos,136,4A,74,2024-10-26,03:39,59,"folk pop, christian folk, indie folk",Dear Wormwood,2015-10-16,50,4,0,38,0,0,-9,F Minor,4,4ZZsSnVQXTMfYB2unKx7me,USAT21502724,1
30,Constellations,The Oh Hellos,85,2B,51,2024-10-26,03:47,57,"folk pop, christian folk, indie folk",Notos,2017-12-08,56,26,0,26,0,10,-11,F#/G♭ Major,4,7g3MdW9vvunaniaNq4C8Fe,TCADI1729496,1
31,Burned,Grace VanderWaal,95,5A,45,2024-10-26,03:11,52,,Just The Beginning,2017-11-03,59,65,0,19,0,0,-8,C Minor,4,4mz7WAJCJz7QbXsFA2WoXK,USSM11708046,1
34,Astronomy,Conan Gray,145,9A,34,2024-10-26,04:03,73,,Superache,2022-06-24,47,58,0,15,0,30,-9,E Minor,3,2JN3ugW1cEahbYw0I5mw5U,USUM72106337,2
36,Freeze Your Brain,"Ryan McCartan,Barrett Wilbert Weed",135,4B,45,2024-10-26,02:53,60,musicals,Heathers: The Musical (World Premiere Cast Recording),2014-06-10,50,69,0,36,0,0,-8,G#/A♭ Major,4,0QCM97jGFzXZCxsWm3sgQ5,US6W61422225,1
42,Rock in God's Shoe,Sushi Soucy,125,9B,34,2024-10-26,02:44,56,,Rock in God's Shoe,2023-08-20,64,77,0,25,0,10,-14,G Major,4,2pci27dW6PNGUPnXKdJFzd,TCAHI2380551,1
50,Driver's Seat,Madds Buckley,101,4B,37,2024-10-26,03:30,0,,Driver's Seat,2024-03-21,42,8,0,12,0,10,-11,G#/A♭ Major,4,7I8DBvEn5Eu7V2xJ6n6dat,QZNWP2450867,1
51,Renegades,X Ambassadors,90,10B,86,2024-10-26,03:15,77,,VHS,2015-06-30,53,1,6,53,0,20,-6,D Major,4,0fYVliAYKHuPmECRs1pbRf,USUM71502643,1
52,Mystery of Love (From the Original Motion Picture “Call Me by Your Name”),Sufjan Stevens,132,9A,27,2024-10-26,04:08,67,baroque pop,Mystery of Love (From the Original Motion Picture “Call Me by Your Name”),2017-12-01,37,94,43,24,0,10,-17,E Minor,5,0oTtnnedK0C4unALxVTPhz,US64G1737302,1
53,Unsweetened Lemonade (Stripped),Amélie Farren,120,6B,46,2024-10-26,02:12,56,,Unsweetened Lemonade (Stripped),2024-02-02,79,57,0,72,0,0,-11,A#/B♭ Major,4,2qn09TDvmIHiTkMDAIuDA9,GBLFP2435209,2
56,Moral of the Story,Ashe,120,6B,41,2024-10-26,03:21,21,,Moral of the Story,2019-02-14,57,59,0,27,0,10,-9,A#/B♭ Major,4,2nC3QhMI9reBIOWutbU3Tj,USQE91500820,2
63,Not Strong Enough,"boygenius,Julien Baker,Phoebe Bridgers,Lucy Dacus",127,3B,80,2024-10-26,03:54,72,"ambient folk, ",the record,2023-03-31,50,0,0,31,0,10,-6,C♯/D♭ Major,4,09DR0sHnQUhHOiSNttc1mv,USUG12209242,2
64,Gemini,TROY,129,1B,73,2024-10-26,02:58,41,,Gemini,2023-11-11,68,2,0,72,0,0,-5,B Major,4,6JwSPoaq31GNgCBkSAlnc9,QZTBD2312161,1
67,Flowers in My Hair,Wes Reeve,141,6B,17,2024-10-26,02:54,47,,Flowers in My Hair,2020-03-18,42,96,0,39,0,30,-14,A#/B♭ Major,4,4uZZuRUw44tqvu8pRZ821m,uscgh2094249,1
68,The Bird Song,Noah Floersch,116,2B,55,2024-10-26,03:53,63,,The Bird Song,2024-08-23,45,77,0,65,0,0,-5,F#/G♭ Major,4,5DEpOV9no5cf22c5Lj198g,QM24S2404867,1
69,Dress Like A Pirate,Elio Mei,130,6B,40,2024-10-26,02:39,41,,Dress Like A Pirate,2022-09-16,62,61,0,74,10,0,-10,A#/B♭ Major,4,0zy7QRNwtxAGm2zpnWRy3r,QZNWU2280938,1
70,Heart Throb - Album Version (Edited),Be Your Own Pet,192,1B,98,2024-10-26,02:11,47,"riot grrrl, queercore",Get Awkward,2008-00-00,32,0,0,54,10,20,-2,B Major,4,4Pmf5TmEIHkhCt2rfFeLLC,USUM70767645,1
71,Bottom Is A Rock,Mother Mother,156,7B,74,2024-10-26,03:33,40,,Dance And Cry,2018-11-02,36,7,0,68,0,10,-6,F Major,4,4WOIiFew3is8vlDb7GRCOy,CAAUN1800023,1
72,Monet Issues,Chase Petra,115,5A,46,2024-10-26,04:33,42,,Liminal,2019-07-05,48,0,0,46,0,10,-10,C Minor,4,7EXsQPTYSYhvRa6WG4dYZm,TCAEH1951275,1
73,Unsweetened Lemonade (Stripped),Amélie Farren,120,6B,46,2024-10-26,02:12,56,,Unsweetened Lemonade (Stripped),2024-02-02,79,57,0,72,0,0,-11,A#/B♭ Major,4,2qn09TDvmIHiTkMDAIuDA9,GBLFP2435209,2
74,Battle Cry,The Family Crest,140,5B,71,2024-10-26,04:39,48,,Prelude to War,2017-04-28,48,5,1,49,0,10,-7,D#/E♭ Major,4,5lHvtgttFCmjiVKlyup4iO,TCACZ1756653,1
75,Prologue,Chase Petra,128,9B,56,2024-10-26,02:00,18,,Liminal,2019-07-05,47,51,0,41,0,30,-11,G Major,4,5AkVmMFbxbQcCSQr5RNq0a,TCAEH1951240,1
76,Standby,Chase Petra,100,8B,61,2024-10-26,03:19,17,,Liminal,2019-07-05,49,2,0,77,0,30,-10,C Major,4,3VfGBDIUYpBWTKZXGX1K1L,TCAEH1951247,1
77,In an Emergency Such as the End of the World,Chase Petra,126,10A,65,2024-10-26,03:39,18,,Liminal,2019-07-05,56,43,0,56,0,50,-10,B Minor,4,2W7GT4bCuRsnqehoR8Qufg,TCAEG1901383,1
78,New Money,"Samantha Pauly,Noah J. Ricketts,Eric Anderson,Original Broadway Cast of The Great Gatsby - A New Musical",106,11A,67,2024-10-26,05:15,56,musicals,The Great Gatsby - A New Musical (Original Broadway Cast Recording),2024-06-28,65,47,0,70,10,10,-5,F#/G♭ Minor,4,3lfHxNSJpNsyEEUQA4ii4G,USQX92402694,1
80,Waving Through A Window,"Ben Platt,Original Broadway Cast of Dear Evan Hansen",146,11B,71,2024-10-26,03:56,64,musicals,Dear Evan Hansen (Original Broadway Cast Recording),2017-02-03,55,32,0,52,0,10,-6,A Major,4,0gMW8XpPFPjoApDii5Tj1u,USAT21603406,1
81,Dead Mom,"Sophia Anne Caruso,Beetlejuice Original Broadway Cast Recording Ensemble",135,10B,48,2024-10-26,03:04,62,musicals,Beetlejuice (Original Broadway Cast Recording),2019-06-07,53,29,0,25,0,10,-7,D Major,4,7fRt5HCt4KgLlH45wFQCho,USSK31942032,1
82,Say My Name,"Alex Brightman,Sophia Anne Caruso,Kerry Butler,Rob McClure",94,4A,75,2024-10-26,03:55,60,musicals,Beetlejuice (Original Broadway Cast Recording),2019-06-07,53,35,0,70,20,20,-6,F Minor,4,3PzAUMMxPcaXEfWEvMx469,USSK31942037,1
85,The Story,Conan Gray,142,8B,30,2024-10-26,04:05,63,,Kid Krow,2020-03-20,54,82,0,27,0,10,-10,C Major,4,5GVPVxgdgTKJFxSxLVIw1A,USUM71924270,1
87,With My Ducks,Mika Miko,113,2B,93,2024-10-26,02:00,23,"riot grrrl, queercore",666,2006-06-23,46,14,1,61,10,10,-5,F#/G♭ Major,4,5Qc60XoAAtgdP9C2v0vnjl,USJLE0701109,1
88,That Sedative,Bad Waitress,170,8A,86,2024-10-26,02:21,44,"riot grrrl, queercore",That Sedative,2020-01-17,18,0,84,43,0,30,-4,A Minor,4,3xctqctbVGsgX2nzkRQ3xC,CAUM81900382,1
89,Run the Ghouls,Pulses.,160,8B,96,2024-10-26,03:18,32,"post-hardcore, mathcore, math rock",It Wasn't Supposed To Be Like This,2023-09-29,35,0,0,55,10,0,-7,C Major,4,0C9nakQAEvmVnZtMjbXKwQ,QZTAZ2230111,1
90,Piss Punk,VIAL,112,8A,82,2024-10-26,02:01,46,"riot grrrl, queercore",LOUDMOUTH,2021-07-30,61,2,1,43,10,10,-6,A Minor,4,2xKLzKhm2AEGyZapAL5NjH,USA2B2100991,1
91,Shadow (I'm Breaking Down),Destroy Boys,156,5A,95,2024-10-26,03:38,43,"riot grrrl, queercore",Shadow (I'm Breaking Down),2023-07-13,50,0,3,53,0,10,-5,C Minor,4,35k8QihhSU5Z7Rqz7FD2nv,USHR22314702,1
92,Molly Sells Molly By The Seashore,Sorry Mom,165,7B,76,2024-10-26,02:22,43,"riot grrrl, queercore",Molly Sells Molly By The Seashore,2022-02-11,59,11,0,96,0,10,-9,F Major,4,7CcxWi6M4H22ga7IJfOAth,QZFZ32244364,1
93,PATROCLUS MEETS HIS FATE,Andrew Achilles DiMestico,173,12B,15,2024-10-26,01:45,25,,ILIAD,2019-05-31,8,21,79,4,0,10,-15,E Major,4,6xpfZen94ab2BqAMOBNiiu,USLZJ1904543,1
94,THE RAGE OF ACHILLES,Andrew Achilles DiMestico,150,12A,13,2024-10-26,04:58,21,,ILIAD,2019-05-31,33,37,88,10,0,10,-17,C♯/D♭ Minor,4,0jkyyVkxbqGCqjG00KAvYg,USLZJ1904550,1
95,My Heart Is Buried in Venice,Ricky Montgomery,112,1B,41,2024-10-26,03:04,62,,Montgomery Ricky,2016-04-01,67,44,0,14,0,0,-8,B Major,3,02H1K5Cw9Ar89b35XwSEw6,USA2P1624701,1
96,"patroclus, the brave",saint eusebio,140,8B,18,2024-10-26,03:29,5,,"patroclus, the general",2021-02-24,76,85,83,41,10,0,-21,C Major,4,0iF8UNYJEHbEJ3HhsFU5Tg,QZFZ62196115,1
97,"his lover, achilles",saint eusebio,135,10A,31,2024-10-26,02:53,7,,"patroclus, the general",2021-02-24,73,90,94,55,20,10,-18,B Minor,3,4YaxovzMB5CDp8ESVpLEDg,QZFZ62196118,1
98,dreams of elysium,saint eusebio,140,8B,15,2024-10-26,02:06,2,,"patroclus, the general",2021-02-24,84,36,91,40,0,10,-19,C Major,4,4t07PZYhFPgwEF3NREQz2O,QZFZ62196117,1
99,Patroclus,The Romanovs,133,1B,24,2024-10-26,02:24,24,,Patroclus,2021-07-14,49,90,18,49,0,10,-20,B Major,4,4ED5uRdTqQidVitS8ARye3,QZK6Q2109474,1
100,Icarus & Apollo,Ripto,150,10A,21,2024-10-26,02:59,51,,Vermont,2019-10-14,58,96,0,23,0,10,-16,B Minor,4,2D75yBYUmyUI2DkMPZWdqU,QZHN71937776,2
101,Icarus & Apollo,Ripto,150,10A,21,2024-10-26,02:59,51,,Vermont,2019-10-14,58,96,0,23,0,10,-16,B Minor,4,2D75yBYUmyUI2DkMPZWdqU,QZHN71937776,2
102,The Moon Will Sing,The Crane Wives,77,12A,55,2024-10-26,03:40,0,,Coyote Stories,2015-08-29,49,56,0,22,0,10,-8,C♯/D♭ Minor,4,4c0tJe2ENJwrZbn9Bap2qs,QMUU81510582,1
103,Two Birds,Regina Spektor,151,8B,50,2024-10-26,03:15,76,anti-folk,Far,2009-06-19,55,80,0,45,0,10,-9,C Major,4,2n0U2OG5d6TuW5mKx7YrC0,USWB10901899,2
104,History Hates Lovers,Oublaire,138,7B,31,2024-10-26,03:43,52,,History Hates Lovers,2021-09-15,76,81,0,61,30,20,-15,F Major,4,409yThSucP2kQACI79xTnA,ushm92176285,1
105,A Soulmate Who Wasn’t Meant to Be,Jess Benko,124,8A,3,2024-10-26,05:16,61,,"Do You Love Me, or Are You Just Lonely?",2019-07-19,57,95,0,9,0,30,-20,A Minor,3,0gOz9JUXsaKVzLTSmFDtdo,QZFZ31954857,1
106,Passerine,The Oh Hellos,96,9A,58,2024-10-26,03:43,52,"folk pop, christian folk, indie folk",Eurus,2018-02-09,70,23,0,71,0,10,-8,E Minor,4,4pIpjNNk21oQfOtkcMUul1,TCADK1735135,1
107,I Will Follow You into the Dark,Death Cab for Cutie,80,7B,21,2024-10-26,03:09,65,,Plans,2005-08-29,52,92,0,49,0,10,-12,F Major,4,3kZC0ZmFWrEHdUCmUqlvgZ,USAT20504677,1
108,DogBird,Madds Buckley,83,10B,47,2024-10-26,04:10,0,,My Love is Sick,2023-08-25,36,14,0,19,0,10,-8,D Major,4,0CaIJccZkhoOSgAJVNHRld,QZNWP2350493,1
109,I Wanna Be in Love Again,Madds Buckley,84,5B,39,2024-10-26,04:37,0,,My Love is Sick,2023-08-25,27,57,0,31,0,10,-9,D#/E♭ Major,4,5Zbunx8zjbm00yiwvxytDC,QZNWP2250220,1
110,Love After You,Madds Buckley,104,2B,66,2024-10-26,03:09,0,,My Love is Sick,2023-08-25,60,28,0,57,0,0,-7,F#/G♭ Major,4,7fD38aQV3rPKSiNmXNseNH,QZNWP2350486,1
111,Why Didn't I Kiss Her (The Useless Lesbian Song),Ratwyfe,77,6B,25,2024-10-26,03:20,42,,Mushroom Melancholia,2020-08-20,72,97,2,36,0,0,-13,A#/B♭ Major,4,6RIqtJWlKYuK0bpDgVOJeD,QZGWX2146914,1
112,Impostor Syndrome,Ratwyfe,92,10B,16,2024-10-26,02:13,33,,Mushroom Melancholia,2020-08-20,53,98,0,30,0,10,-13,D Major,4,16W3SkqOwYwbu3XrTMq0lc,QZGWX2146916,1
113,It's Called: Freefall,Paris Paloma,94,2B,13,2024-10-26,02:38,64,,It's Called: Freefall,2022-07-22,68,91,0,30,0,10,-15,F#/G♭ Major,4,2IRjyyiU5P9WnmXJKcnwww,QZK6H2294442,1
114,God Must Hate Me,Catie Turner,77,10B,30,2024-10-26,02:29,57,,God Must Hate Me,2021-11-23,46,97,0,7,10,10,-10,D Major,3,21xzFXSL2XkZ2mIzDDAqTK,USAT22107483,1
115,putting a spin on i love you so,Egg,150,1B,6,2024-10-26,02:40,34,,putting a spin on i love you so,2021-12-17,55,99,0,46,0,10,-16,B Major,4,6EUy884YJy7v4n62dEOWmj,QZNWZ2126924,1
116,putting a spin on ophelia,Egg,75,8B,1,2024-10-26,03:02,26,,putting a spin on ophelia,2020-06-13,60,99,0,14,0,0,-26,C Major,4,2FJuFMCENHcxolHA5J5awZ,QZHN72060456,1
117,Rule #1 - Magic,Fish in a Birdcage,131,8B,18,2024-10-26,02:59,0,,Fish in a Birdcage,2014-11-02,88,21,0,36,0,10,-12,C Major,4,1s76gdbO1rNkUTiR5Hkv8J,CAZC41400002,1
118,Last Night (Beer Fear),Lucy Spraggan,92,3B,79,2024-10-26,02:13,57,,Join the Club,2013-10-07,46,20,0,92,20,10,-4,C♯/D♭ Major,4,0tn15AIyBUAi9WLzzhKQsk,GBHMU1300149,1
119,The Eye Color Ballad,Naethan Apollo,79,2A,66,2024-10-26,04:00,56,,Hello World,2022-07-20,67,83,0,76,40,20,-10,D#/E♭ Minor,4,3LJd0SB6Og2ojzZmGH5QAU,QZS7J2238820,1
120,Inarticulation,Rio Romeo,131,1B,41,2024-10-26,02:43,64,,Inarticulation,2022-09-02,49,80,0,57,0,10,-8,B Major,3,4G1cgeULyEsr9Nak5PlQA6,UK6KW2200111,2
123,Electrical,Bali Baby,135,12A,83,2024-10-26,03:57,0,,Baylor Swift,2018-05-08,63,17,2,34,0,10,-4,C♯/D♭ Minor,4,58nSc49D656Rq4dEqFYkMm,USYBL1800837,1
124,Cryptid (Mothman),Ratwyfe,79,3B,37,2024-10-26,03:05,41,,Mushroom Melancholia,2020-08-20,47,94,1,79,0,10,-13,C♯/D♭ Major,4,1S5SOMEQf6jSKbjohHWSSI,QZGWX2146913,1
126,Tightrope,Michelle Williams,162,11B,33,2024-10-26,03:54,71,musicals,The Greatest Showman (Original Motion Picture Soundtrack),2017-12-08,35,30,0,19,0,0,-10,A Major,3,0GVuLQtPXFaL18ijEOqoAa,USAT21704624,1
127,is your bedroom ceiling bored? (feat. Cavetown),"Sody,Cavetown",124,2B,45,2024-10-26,03:27,46,bedroom pop,is your bedroom ceiling bored? (feat. Cavetown),2020-07-29,62,53,0,20,10,0,-10,F#/G♭ Major,4,3ehrCQoouv7NW8LRgcMvRF,GBARL2000792,1
130,We Can Be Anything,Baby Queen,121,1B,97,2024-10-26,03:21,40,,We Can Be Anything,2023-07-20,62,9,0,81,0,10,-4,B Major,4,2Tuaa6mlnDZ7vJhtdQ8ZSw,GBUM72305584,1
131,Stray Italian Greyhound,Vienna Teng,122,1B,43,2024-10-26,04:06,40,,Inland Territory,2009-04-07,68,63,0,49,0,10,-9,B Major,4,4zbz1ZSEof4a0ibxa2PSy9,USZO10912507,1
135,Turn out the Lights,The Crane Wives,103,7B,91,2024-10-26,02:08,0,,Foxlore,2016-04-02,50,39,0,37,10,20,-5,F Major,4,7rdcybjFTDW2uTlnD1AWPJ,QMUU81610767,1
136,Allies or Enemies,The Crane Wives,108,8B,64,2024-10-26,03:02,0,,Coyote Stories,2015-08-29,54,58,0,49,0,20,-10,C Major,4,54vgfSw1eOMiypSfatl38M,QMUU81510583,1
137,Take Me to War (Live),The Crane Wives,107,8A,50,2024-10-26,03:41,0,,Take Me to War (Live),2017-06-08,62,32,0,61,0,10,-10,A Minor,1,2xkaif8YfSnfK8tf4NJ8mE,USDY41769096,1
138,Canary in a Coal Mine,The Crane Wives,172,11B,64,2024-10-26,04:08,0,,The Fool in Her Wedding Gown,2012-09-22,49,12,0,43,0,10,-8,A Major,4,24fRtlBE1SJfauqcJA38ze,QMM891210011,1
139,Strangler Fig,The Crane Wives,97,5A,66,2024-10-26,03:21,0,,The Fool in Her Wedding Gown,2012-09-22,67,5,0,84,0,10,-6,C Minor,4,1fH3WfXDHdHdTvy4qCYeiZ,QMM891210005,1
141,Bad Advice,Penelope Scott,108,9B,38,2024-10-26,02:24,39,,Hazards,2021-08-27,45,81,0,38,0,10,-10,G Major,4,6Z7sGSIlWCKhJjjTFGpiXV,QZNWP2150110,1
142,Montreal,Penelope Scott,136,4B,27,2024-10-26,03:32,43,,The Junkyard 2,2020-05-13,49,94,0,54,0,10,-8,G#/A♭ Major,4,0RYcTbkwNxZbkQPZjQnwJe,QZES92051847,1
143,Sweet Hibiscus Tea,Penelope Scott,110,7B,28,2024-10-26,02:25,57,,The Junkyard 2,2020-05-13,66,87,0,56,0,30,-7,F Major,4,4xoRJ2BJWRo5kFoEu4BpvC,QZES92051839,4
144,Hammerhead,Penelope Scott,108,9B,15,2024-10-26,02:46,38,,The Junkyard 2,2020-05-13,50,94,0,53,0,10,-16,G Major,5,3FZr0FRpqcEaiKq9UKaBH7,QZES92051845,1
146,Empty Page (Live),The Crane Wives,95,7B,63,2024-10-26,03:55,0,,Empty Page (Live),2017-05-01,65,6,8,44,0,20,-11,F Major,4,4LaYSCpAR3aForQ4Ug8daH,USDY41714131,1
147,We Need Therapy,Platinum Moon,184,5B,92,2024-10-26,02:40,33,,We Need Therapy,2024-03-22,48,1,0,51,0,10,-5,D#/E♭ Major,4,41komUjyJaQVegPfEZWxVD,QZES72420845,1
153,She Likes a Boy,Nxdia,106,4A,64,2024-10-26,02:09,1,,She Likes a Boy,2024-01-12,67,7,0,53,0,10,-8,F Minor,4,45FCt12lQyBdxUrLtM4Uor,DEXO52320445,1
154,Trouble,Valerie Broussard,132,2A,58,2024-10-26,03:33,51,,Trouble,2016-09-13,56,2,0,52,0,0,-5,D#/E♭ Minor,4,2KJW6SWq5qINaOGAoFbejT,UST8K1620063,1
155,Six of Crows,Gio Navas,120,7B,22,2024-10-26,04:45,17,,Starbound,2019-08-16,49,88,0,10,0,0,-18,F Major,4,5GTVLOPXd2X9x9GogNEqpr,QZFZ61995366,1
156,Never Forgot,Kendra Dantes,120,10A,32,2024-10-26,03:56,24,,Never Forgot,2020-08-28,35,9,0,27,0,10,-17,B Minor,4,6hYlvDWuvabYTHFM3RSbtA,ushm92005963,1
157,Rule #21 - Momento Mori,Fish in a Birdcage,110,10A,38,2024-10-26,03:09,0,,Waterfall,2020-10-17,89,43,0,68,10,30,-12,B Minor,4,5DeZowL9q9wS0OBdud4Wy1,CAZC42000009,1
158,Rant,Bo Burnham,120,4B,78,2024-10-27,03:36,41,comedy,Words Words Words,2010-10-19,74,70,0,61,40,80,-6,G#/A♭ Major,4,0X2BOlHTLbWjZdQCTAPuQD,US85P1010112,1
159,Not Sorry for Loving You,"Jorge Rivera-Herrans,Barbara Wangui,Cast of EPIC: The Musical",87,4B,50,2024-11-02,03:04,69,musicals,EPIC: The Vengeance Saga (Official Concept Album),2024-10-31,56,87,0,50,0,0,-7,G#/A♭ Major,4,1mHD6G4fg3Xv5GHPbp1YPx,QZWFS2453460,1
8,Not Anymore,16,88,6B,69,-,04:06,48,,Not Anymore,2026-03-12,58,44,0,37,0,10,-4,A#/B♭ Major,4,0rBNNUVQJ50Gto8Db4MeHS,KRMIM2618677,1
27,my forever,lullaboy,98,12A,51,-,03:16,45,,hotels & heartbreaks,2026-02-26,66,43,0,44,0,0,-8,C♯/D♭ Minor,4,3W8NllOvmsksSDpyqKqjrP,DGA082590527,1
34,reverie,"JHIN,slchld",76,10B,20,-,02:40,45,,reverie,2026-01-01,35,78,0,35,0,10,-15,D Major,4,5Zgnn3CYBkrMGNrGBX4EAg,QT6FD2544154,1
38,Voice I Need,16,79,3B,37,-,02:56,37,,Not Anymore,2026-03-12,54,79,1,30,0,10,-10,C♯/D♭ Major,4,2c5KSDauZuF4ea0KTdZmzE,KRMIM2618680,1
39,back to you (you're the reason),satellite.,156,9B,56,-,04:00,35,,back to you (you're the reason),2025-10-01,31,56,19,24,0,10,-13,G Major,3,7MiWqkriAg3HsLr8L8OvdN,DGA052536418,1
47,READY SET GO,BNZA,174,1B,55,-,03:40,41,indie r&b,READY SET GO,2025-05-30,58,79,0,31,0,10,-9,B Major,4,050u0Ym0dFi9pqWuKfMXK9,USLD91776933,1
1,Killer,Mareux,110,7B,86,2024-07-26,03:06,66,"darkwave, cold wave",Lovers From The Past,2023-05-05,63,25,84,34,0,0,-9,F Major,4,2AYS46aVNyzEG0nsWwr8y6,USWB12300769,1
5,Nightmare,plenka,130,9B,67,2024-07-26,03:02,55,"witch house, drift phonk, phonk",Pt. One,2019-11-27,52,7,1,29,20,10,-8,G Major,4,3REPhQyyEx3VxlRMIPlQg8,RUA1H1926340,1
7,drowning,Vague003,180,10A,61,2024-07-26,01:57,63,,drowning,2022-12-09,55,2,85,5,0,10,-8,B Minor,4,32xjgqHt76Q8sipEop3Bci,USANG2239096,1
8,Let Me Die,Lil Happy Lil Sad,79,1B,37,2024-07-26,03:38,54,emo rap,Let Me Die,2017-07-29,50,77,60,10,0,10,-18,B Major,4,46T7puWlH8ptC6lx7bQ3TY,QZ8LD1701669,1
13,particles,Viliam Lane,93,4B,66,2024-07-26,02:30,0,"phonk, witch house",particles,2021-07-11,70,1,66,10,0,10,-8,G#/A♭ Major,4,0AjoBA8kZDxU9yggK0Ea1h,QZS632164854,2
19,Первый раз - remix nevroz,"JojoHF,nevroz",145,9A,64,2024-07-27,01:09,40,drift phonk,Первый раз (remix nevroz),2021-02-25,76,57,81,35,10,10,-9,E Minor,3,1zE2dRkxtOLEOubAmqcHX3,FR2X42193594,1
20,Sour Switchblade,Elita,110,1B,87,2024-07-27,02:28,1,,Sour Switchblade,2021-09-02,53,4,93,86,0,10,-5,B Major,4,4wFeMmJDlgkAxlQ07PbdGZ,QM24S2105628,1
21,escalator,pathetic240px,130,8B,65,2024-07-27,03:35,0,"witch house, hyperpop",escalator,2021-11-26,54,5,80,8,0,10,-4,C Major,4,3prKd2o9vHaGF1tc9Y8HHJ,RUUM72101050,1
24,Suffocation - Sped Up,noturgf,131,6A,75,2024-07-27,01:17,45,,Suffocation (Sped Up),2023-07-23,49,0,0,56,0,10,-8,G Minor,4,7mQ20wIKA1WGuvgMtSBl3D,GX3HH2301958,1
31,Shadow Lady,Portwave,104,3A,87,2024-08-04,05:02,59,"witch house, phonk, drift phonk",Shadow Lady,2014-00-00,56,0,84,68,0,10,-3,A#/B♭ Minor,4,4yx91SkOX4OWjUmhEj4rDl,QM42K1946534,1
37,you not the same,TileKid,67,8A,3,2024-08-04,02:08,72,,you not the same,2021-03-05,10,97,86,12,0,0,-32,A Minor,4,4txrAyGAWA9JqZzoNHiPRh,USA2P2108466,1
41,Goth (Slowed + Reverb),Sidewalks and Skeletons,94,4A,60,2024-08-04,04:12,72,"witch house, darkwave",Goth (Slowed + Reverb),2023-07-28,38,0,48,5,0,0,-10,F Minor,4,5cbI0HJrTDb0njDk653bcN,USHM82342721,1
42,Fangs - Slowed Down,Dionnysuss,114,3A,81,2024-08-05,03:06,0,"darkwave, cold wave",Fangs,2023-12-01,62,18,77,44,0,0,-10,A#/B♭ Minor,4,30l31DirTxcg4NaAY1BHlS,QZTB72328808,1
44,going quietly,Ezekiel,81,8A,52,2024-08-05,03:34,56,"hyperpop, breakcore",Ezekiel Singles ’18-‘20,2021-08-11,19,0,92,28,0,20,-11,A Minor,5,7Dfy5ldWfkX8XTbpxYEuob,QM42K2046016,1
48,Fluxxwave (Slowed + Reverb),Clovis Reyes,140,11A,56,2024-08-05,02:41,2,phonk,Fluxxwave,2023-05-07,54,2,32,34,0,20,-9,F#/G♭ Minor,4,2cuBB96Fhr5o77iWnAwStS,QZK6N2350051,1
53,bleach,Vandalism,120,8B,82,2024-08-05,02:00,58,"electroclash, witch house",bleach,2024-02-02,63,0,0,47,0,70,-11,C Major,4,2aRjdfibMVQyl5iw9epBGt,US3DF2404411,1
57,Sapphire,"juhvahn,Perpetualll",126,8B,83,2024-08-05,02:34,49,"witch house, darkwave, electroclash",Sapphire,2023-04-20,56,9,2,12,0,10,-6,C Major,4,1zjM0yzhtbRRwj5rD897fY,QZHNA2381749,1
58,Gallowdance - Slowed,fam0uz,111,1B,51,2024-08-05,01:30,52,phonk,Gallowdance - Slowed,2024-01-19,64,0,79,14,0,10,-10,B Major,4,6wmsU8dzx0vvrzR635WpTM,GX8KD2314624,1
61,Summertime,Mareux,150,3B,39,2024-08-05,03:37,58,"darkwave, cold wave",Predestiny,2020-04-17,50,7,22,13,0,10,-12,C♯/D♭ Major,4,109rpPw9mmFN1KhQ38zyt0,QZFP52051599,1
62,Vanished - Slowed,fam0uz,103,3A,70,2024-08-05,03:25,52,phonk,Vanished,2023-07-12,70,5,8,32,0,30,-8,A#/B♭ Minor,5,3QiT3AwJFczfpRnYrx9Z0J,GX3HH2304154,1
63,Dark Beach - Slowed,fam0uz,111,10B,100,2024-08-05,03:18,44,phonk,Dark Beach - Slowed,2024-01-16,64,11,98,45,0,10,-8,D Major,4,6LG4NpsnkrqkNhfg8373sI,GX3HH2337909,1
64,Closed,plenka,140,3B,71,2024-08-05,02:50,54,"witch house, drift phonk, phonk",Pt. One,2019-11-27,54,7,89,36,10,10,-6,C♯/D♭ Major,4,2WEOde67VAcBKvKPWNfEaI,RUA1H1926361,1
65,next to you,Øneheart,128,3A,66,2024-08-05,02:03,51,"dark ambient, ambient",next to you,2023-09-29,61,17,85,19,10,30,-12,A#/B♭ Minor,4,70tmdhbUPcVxIxCIpChscl,QM3DF2279744,1
66,Call Me,plenka,120,1B,68,2024-08-05,02:44,52,"witch house, drift phonk, phonk",Pt. One,2019-11-27,70,1,86,27,0,0,-10,B Major,4,7sVUnabs5smgvNm8khfxT2,RUA1H1926363,1
68,Clouds,Pastel Ghost,103,3A,93,2024-08-05,04:07,0,"witch house, darkwave",Abyss,2015-03-10,54,0,96,16,0,10,-6,A#/B♭ Minor,4,5fr0ocIee7TpDCRWaK0002,QM6XS1704795,1
69,Particles (Slowed),Viliam Lane,168,3B,57,2024-08-05,02:45,63,"phonk, witch house",Particles (Slowed),2023-05-26,64,0,63,10,0,10,-8,C♯/D♭ Major,4,6z7X1kFAhBl28VRfK4yRTn,QZNJV2387282,1
70,transcendent,lucidbeatz,120,9A,32,2024-08-05,02:24,49,,transcendent,2023-04-21,62,15,96,46,0,10,-15,E Minor,4,6ZteWi8a57gu2RnO3yjY8K,QZQAY2332980,1
71,genesis - slowed + reverb,"slō,twilight",144,1B,63,2024-08-05,04:50,51,,genesis - slowed + reverb,2023-05-03,56,21,86,35,0,10,-12,B Major,4,1fnWD1sGn6BD19gGA6GMCT,GX8LE2320021,1
72,EMPTY DREAMS,CYPARISS,160,9B,78,2024-08-05,02:15,61,"phonk, drift phonk",EMPTY DREAMS,2021-12-01,78,50,93,45,10,40,-5,G Major,4,2HhzV3FY4eZGueF0KpXZUo,QM3DF2179810,1
73,Untrust Us (the cocaine is not good for you) - Slowed + Reverb,skyemane,108,2B,89,2024-08-05,03:54,0,,Untrust Us (the cocaine is not good for you) [Slowed + Reverb],2023-07-13,69,79,66,85,0,0,-13,F#/G♭ Major,4,24Y9pXOdiLxek5Bj2ufrS6,QZNFJ2301968,1
74,Dream Space,DVRST,108,10B,70,2024-08-05,02:51,63,"phonk, drift phonk",Dream Space,2021-07-30,78,14,0,29,10,50,-6,D Major,4,4wHkfOTO5XpTrVn1bHxR18,QMFME2111346,1
76,Pulse,Pastel Ghost,129,3A,86,2024-08-05,04:03,0,"witch house, darkwave",Abyss,2015-03-10,58,7,89,30,0,10,-7,A#/B♭ Minor,4,2ITYYmWIJT2NeGyCfgMZmq,QM6XS1704801,1
79,Luxxid Diamondz - Perfectly Pitched + Looped,VaporGod,140,8B,46,2024-08-05,02:03,51,jersey club,Luxxid Diamondz,2023-03-04,66,0,32,14,0,20,-17,C Major,4,2M1r4gMEPlalemkeEhfFWd,QZTB32381987,1
80,I'll die next summer (no joke),"DRXG ADXICTION,RAGEIX",127,10A,87,2024-08-05,02:53,60,,I'll die next summer (no joke),2024-01-17,67,32,46,25,0,30,-9,B Minor,3,3SUyt2ksKgKvtzHNKsypuK,QZTB32322957,1
83,SO TIRED,"NUEKI,TOLCHONOV",123,9B,84,2024-08-05,02:52,61,"phonk, brazilian phonk, drift phonk",SO TIRED,2023-05-22,63,0,67,47,0,10,-5,G Major,4,486SOuxGXX6CFNMwFXlGZs,QM6P42322589,1
84,Missing Textures - Super Slowed Down,NIVEK FFORHS,176,7A,44,2024-08-05,03:27,61,,Missing Textures,2024-04-04,60,0,4,34,0,10,-9,D Minor,4,58rtH332VDaCj1BZo7fA6h,CAHQJ2458411,1
85,Blue Monday - Slowed,Linear Phase,98,4A,80,2024-08-05,02:51,0,"budots, funkot",Blue Monday (Slowed),2019-03-22,71,0,62,96,0,10,-7,F Minor,4,0HBevyUUOpecGetBYknBwB,ARQIW2402559,1
86,Recognise and Test (A SSS),Varea,120,2B,64,2024-08-05,04:37,0,,Recognise and Test (A SSS),2022-10-09,55,39,0,35,10,10,-9,F#/G♭ Major,4,6aBEA2ccDCctJ82FfKU7K7,QZTB22426467,1
87,run run run (slowed + reverb),rebug,127,5A,37,2024-08-05,01:33,0,,run run run (remixes),2023-06-14,63,68,92,28,10,40,-15,C Minor,4,7eJnqjloMsQGrYOYIfDNTR,QZMHM2331464,1
88,Closed - Slowed,plenka,118,3B,67,2024-08-05,03:12,53,"witch house, drift phonk, phonk","Slowed, Sped Up",2023-02-27,55,14,95,17,0,10,-6,C♯/D♭ Major,4,7jIVSWUtl8DOm3e8f9rm5f,FR96X2314681,1
91,Любить - значить страдать,Beneath My Shade,150,10B,98,2024-08-06,03:09,14,"witch house, electroclash",2015-2019,2019-05-06,55,17,56,55,10,10,-1,D Major,3,4Ks7DRJAKcOSYZQsl0IriN,QM6MZ1967438,1
92,i feel so empty,NIVEK FFORHS,120,7B,88,2024-08-06,02:08,50,,i feel so empty,2024-05-13,74,0,0,59,10,30,-7,F Major,4,0ABCm2xua457yryKprnzot,CA5KR2456780,1
93,убей меня,ooes,119,4B,50,2024-08-17,02:27,27,,секрет,2024-08-09,53,52,2,17,0,10,-10,G#/A♭ Major,4,4uBSuFDF9BHdF4ynsp3pmg,DGA072492167,1
94,права,ooes,105,11A,60,2024-08-24,02:26,43,,мои (твои) тёмные желания,2021-06-25,64,25,83,20,0,10,-5,F#/G♭ Minor,4,6E2ec1JmPOXyh7k37tYhYU,FRX202130466,1
95,последнее лето,ooes,173,8B,66,2024-08-24,02:17,38,,мои (твои) тёмные желания,2021-06-25,50,52,0,13,0,20,-7,C Major,3,0K5arhAxYWj7QxFhpKJe6z,FRX202162384,1
96,зима,ooes,120,10A,56,2024-08-24,02:28,35,,мои (твои) тёмные желания,2021-06-25,78,77,3,28,0,10,-10,B Minor,4,0cOftxEWGyu4XAqEsqmdWS,QMFMF2000187,1
97,ночь,ooes,90,10A,52,2024-08-24,02:29,36,,мои (твои) тёмные желания,2021-06-25,53,83,0,23,0,10,-10,B Minor,4,0Mfjy6p9vZsfzbQReWdooZ,FR59R2161423,1
111,Softcore - Speed,Ren,127,8B,62,2024-09-23,02:32,0,,Softcore (Speed),2023-05-25,61,0,0,63,0,20,-5,C Major,4,2Et07PK8WqRDho5uHV0jnD,FRDKW2310272,1
116,Duvet - Sped Up Version,bôa,105,12A,84,2024-09-24,03:02,62,,Duvet,2023-03-17,59,27,0,65,0,10,-9,C♯/D♭ Minor,4,0wEeW8Bwr0fHXuS2zLiDXk,CAN112300456,1
117,Skins,"KREZUS,Surreal_dvd",122,7A,94,2024-10-03,04:04,59,"phonk, brazilian phonk, electroclash, witch house",Rejected Boy,2024-06-07,54,0,0,30,0,10,-4,D Minor,4,3BbGm7VB7sooq9mrS45IZa,QM6N22474033,1
119,AURA - Slowed,Ogryzek,76,8B,80,2024-10-04,02:17,10,"phonk, brazilian phonk",AURA,2024-07-12,38,1,67,24,0,10,-6,C Major,4,3bQ6ECgoGPgT6cvjOmMPAG,USUYG1561712,1
120,NEON JUMP - SLOWED + REVERB,"Phonk Killer,PHOROMANE,Faberlique",105,10B,76,2024-10-06,01:58,54,"phonk, drift phonk, brazilian phonk",NEON JUMP (SLOWED + REVERB),2024-07-05,67,0,95,23,0,0,-3,D Major,4,7B7e6fZx8tyvsRJxYQ2Hcw,QM6P42427610,1
121,leaving the city - hyper slowed + reverb,cold heart,71,3A,14,2024-10-09,02:41,44,dark ambient,leaving the city: slowed versions,2024-08-23,21,95,64,4,0,10,-23,A#/B♭ Minor,4,1YLF5YGLReDUiLul2RRlTq,CAQOI2413223,1
122,u.,niteboi,124,9A,53,2024-10-12,02:54,62,"witch house, drift phonk",u.,2017-01-22,48,6,91,10,0,10,-10,E Minor,4,3bwIVaOlLSX4rInoLgB3uX,QZMHN2217062,1
123,Cemetery Date,Baby Jane,132,5A,88,2024-10-12,02:40,0,,Cemetery Date,2024-10-11,61,13,0,58,10,80,-3,C Minor,4,5NhMGjc1LIMeqzyj4SF3xI,QT2VB2450647,1
124,Cemetery Date - Sped Up,Baby Jane,137,1A,92,2024-10-12,02:40,0,,Cemetery Date,2024-10-11,60,25,0,46,10,90,-4,G#/A♭ Minor,4,7oQqZlvZgCcACJKLNZjgY2,QT2VB2450648,1
125,With A Smile,Maiah Manser,148,10A,68,2024-10-13,02:56,47,,With A Smile,2023-10-06,52,24,3,13,0,20,-8,B Minor,4,26VCyPfEWFecgJSq3SrF4o,USAR12300369,1
126,143 ways to lose urself,usedcvnt,160,3A,87,2024-10-20,02:27,56,"breakcore, jungle, speedcore",ultraviolet,2023-04-28,41,2,93,34,0,30,-13,A#/B♭ Minor,4,0WVwOSGn9J8Ccq5wuBDLmJ,QM3DF2201973,1
127,Crystal Dreams - Slowed,Lowx,98,10B,79,2024-10-27,03:27,46,"phonk, drift phonk",Crystal Dreams,2023-09-15,56,0,44,27,0,30,-8,D Major,4,41UrF3I4WmYqy7CXWSgvwt,QMDA72390754,1
128,forever,"Øneheart,ooes",123,8A,22,2024-10-27,02:30,25,"dark ambient, ambient, ",forever,2023-10-06,21,96,92,4,0,10,-20,A Minor,4,75RuDOLRx4KOukzYLa4y4R,DGA072332737,1
130,too late to be sorry.,CXSMPX,108,10B,57,2024-11-03,02:13,48,"electroclash, witch house",too late to be sorry.,2024-04-19,59,10,88,17,0,0,-9,D Major,4,5vsK6lwmf0PMKitgsHkTse,QM6MZ2460092,1
132,veil,"akiaura,Olya Holiday",146,9B,89,2024-11-03,01:47,58,"witch house, electroclash, phonk, darkwave",veil,2022-07-15,43,14,9,38,20,30,-5,G Major,4,0DEJ2X4QvFGboCAdO5MyXz,FRX282214629,1
133,Black Static,"akiaura,LONOWN,STM",150,10B,91,2024-11-03,03:05,51,"witch house, electroclash, phonk",Ketamine Girl,2023-06-30,45,0,60,24,0,10,-7,D Major,4,5pKr2RCYmOuvZ8jTXqTkSy,FRX762339694,1
134,abandoned - Slowed,"ANGUISH,LMG,ily",188,12B,90,2024-11-03,02:22,58,"hardstyle, frenchcore",without u,2024-06-07,54,0,82,37,0,10,-4,E Major,4,5OfHi8Yl4cVYmE6Bv4uRIK,CA5KR2464232,1
135,Return to Zero Возвращайся Beztebya - Super Slowed Reverb,"Marc Acardipane,angel vox,Dayerteq",100,3B,70,2024-11-03,02:43,55,"gabber, hardcore, happy hardcore, ",Return to Zero Возвращайся Beztebya,2023-12-22,68,66,95,4,0,10,-9,C♯/D♭ Major,4,05UjWWY6i9mdeD7RluuV08,DEPI82326358,1
136,angel dust,akira2k,132,7A,93,2024-11-03,01:49,50,"electroclash, witch house",angel dust,2024-03-29,57,1,2,23,0,10,-5,D Minor,4,424YUj7cLoflvBvLow3pyf,CA5KR2440664,1
137,##1997,juno,109,3B,63,2024-11-03,02:12,38,"electroclash, witch house",##1997,2024-08-10,65,0,83,40,0,10,-6,C♯/D♭ Major,4,66ymxEhCHuUmc5S7Ng2DTw,TCAIO2431495,1
138,faith chalice,juno,123,4B,80,2024-11-03,01:57,36,"electroclash, witch house",faith chalice,2024-02-23,75,0,87,89,0,0,-7,G#/A♭ Major,4,2VLZpO30wmD9d70Ml7XuSm,US3DF2413397,1
139,Lost Soul,juno,115,4A,45,2024-11-03,01:48,34,"electroclash, witch house",Lost Soul,2024-01-17,62,0,93,45,0,10,-9,F Minor,4,3KIAIFGbACAUbkEo63TOME,TCAHU2473264,1
140,isolation,juno,120,2B,74,2024-11-03,02:36,29,"electroclash, witch house",isolation,2023-12-04,75,0,90,67,0,40,-6,F#/G♭ Major,4,7GjzPDcjzMGPHWLSQ6d6KL,AEA2Z2360008,1
141,Morphine,Perpetualll,124,9A,76,2024-11-03,02:38,29,"witch house, electroclash, darkwave",CURSED,2024-09-06,54,0,84,7,0,10,-5,E Minor,4,27Z2icDXOfBPbFpV385fls,CA5KR2424431,1
142,Knights Corpse,"Milord,juno",133,8B,83,2024-11-03,03:07,0,"electroclash, witch house, darkwave",Knights Corpse,2024-01-01,56,0,82,35,0,20,-7,C Major,4,47q70XByWacF1t0X1AzKeR,TCAHT2440404,1
143,It Fit When I Was a Kid,void angel,120,4B,39,2024-11-03,02:19,56,,It Fit When I Was a Kid,2024-04-24,80,0,0,74,0,10,-10,G#/A♭ Major,4,54NEkhjvEc88dFXvitTp5p,GX38U2407165,1
144,ifwik,xholder,113,3A,69,2024-11-03,04:25,0,,ifwik,2024-06-17,56,44,0,77,0,30,-9,A#/B♭ Minor,4,6wRAybFnHbAr0Mg42HZTsM,USDA12419405,1
145,Monolithic,Milord,122,8B,80,2024-11-03,02:24,48,"electroclash, witch house, darkwave",Monolithic,2023-12-25,69,0,47,13,10,10,-5,C Major,3,4OdC15pupxawfqj9xnYbrQ,TCAHS2370107,1
146,Monolithic (Slowed),Milord,96,3B,72,2024-11-03,03:01,44,"electroclash, witch house, darkwave",Monolithic (Slowed),2024-06-29,70,0,78,13,0,40,-5,C♯/D♭ Major,3,2of1RMp99DwYryEqoMyGiv,TCAIM2400733,1
147,Skins - Slowed + Reverb,"KREZUS,Surreal_dvd",109,4B,91,2024-11-03,04:33,56,"phonk, brazilian phonk, electroclash, witch house",Skins (Remixes),2024-06-28,55,0,0,35,0,10,-5,G#/A♭ Major,4,2RiZE2yJhLAguRhlhwdTux,QM6P42445670,1
148,Yugoslavskiy Groove - Slowed + Reverb,Soft Blade,100,1A,58,2024-11-03,01:07,0,"witch house, lo-fi house",Yugoslavskiy Groove (Slowed + Reverb),2024-07-15,48,84,95,43,0,10,-14,G#/A♭ Minor,4,6HOayGkNBNZABbSyfQwCSh,GX3HH2479997,1
149,Evol,"Emprisencia,Do Vstrechi",115,5A,74,2024-11-03,02:13,44,"witch house, electroclash",Evol,2023-01-13,59,1,81,89,0,20,-10,C Minor,4,2yeKqrrhZ9qMINgB1Dbr5z,QMDA62255590,1
150,Scars - Slowed Down,Dionnysuss,95,11B,71,2024-11-03,03:07,0,"darkwave, cold wave",Scars,2024-03-22,59,18,67,4,0,10,-12,A Major,4,7vh367rGn5N1FhnqXumJKF,USWB12401066,1
154,Broken Trust,"SAY3AM,Staarz",126,3B,75,2024-11-03,02:03,55,"phonk, drift phonk",Broken Trust,2023-09-08,56,0,5,22,10,60,-6,C♯/D♭ Major,4,5Y4OwloGr9QSxZLZ5DXGte,QMDA72365754,1
156,Antidote - Slowed,Milord,192,4B,59,2024-11-03,06:03,40,"electroclash, witch house, darkwave",Antidote,2024-07-26,43,24,86,7,0,40,-8,G#/A♭ Major,4,1aN7JrNlBLROinttfz2YFl,CA5KR2482663,1
157,Resonance,"citrulinq,cløudy",79,1A,50,2024-11-03,04:04,32,"jersey club, ",Resonance,2024-05-24,49,0,81,18,0,10,-13,G#/A♭ Minor,5,7J49FGwIiPiFLsMSA4ZR42,QZPJ32366137,1
158,Knights Corpse - Slowed Down,"Milord,juno",110,12A,68,2024-11-03,03:46,0,"electroclash, witch house, darkwave",Knights Corpse (Remixes),2024-02-28,61,0,77,14,0,10,-9,C♯/D♭ Minor,4,4tZxmF4HBb8EosJLOjAgQL,TCAHT2488203,1
159,i can't take it anymore,△Sco△,96,3B,68,2024-11-03,02:35,0,"witch house, darkwave, electroclash",i can't take it anymore,2023-11-21,59,0,81,18,0,10,-12,C♯/D♭ Major,4,7sSHuLGZhTDfSC55SPlnec,USWB12306909,1
160,It Is Lonely,blawhitt,107,3B,5,2024-11-03,01:29,0,"electroclash, darkwave, witch house",It Is Lonely,2023-02-27,74,99,85,14,0,10,-24,C♯/D♭ Major,4,5VFd5Qmw0dM0h0DLZCyMM6,RUA1H2369538,1
161,coma,ask eternity,135,10B,18,2024-11-03,01:33,33,"witch house, drift phonk",coma,2023-03-24,41,89,80,37,0,10,-30,D Major,3,3HG3Neu56Ym3suU0J94I3p,FRX202322442,1
162,Crystal Dreams - Super Slowed,Lowx,91,4A,79,2024-11-03,03:43,42,"phonk, drift phonk",Crystal Dreams,2023-09-15,55,0,50,42,0,20,-8,F Minor,4,4wMkSXKhfDPuigL70WZnLI,QMDA72390755,1
163,Crimson Tears - Slowed,"MitroWave,sidejoy.",108,9B,84,2024-11-03,02:43,0,"electroclash, witch house, synthwave, darkwave",Crimson Tears,2024-03-29,50,0,81,17,0,0,-8,G Major,4,4CQOEsoQICLGzwt4rYdHYQ,USUYG1540764,1
164,Unperfect Girl,Irokz,135,10A,46,2024-11-03,02:08,22,"phonk, brazilian phonk",Unperfect Girl,2024-01-05,37,1,49,12,0,10,-12,B Minor,4,1EQ8LWVqzqAA1qR2ubVyLL,FR9W12369195,1
166,particles,Viliam Lane,93,10B,66,2024-11-03,02:30,56,"phonk, witch house",particles,2021-07-11,70,1,65,10,0,10,-8,D Major,4,0mesR7wdissxm5y2U8GmjC,QZS632164854,2
167,Never Let Go (Of Me) - Slowed Extended Version,Baltra,195,3B,64,2024-11-03,07:14,46,lo-fi house,Never Let Go (Of Me) [Heist Edit],2017-08-25,60,73,90,14,0,10,-10,C♯/D♭ Major,4,4lHOVmWsKUBwfRoikWtunT,QZWDE2237866,1
168,Nightmare - Slowed,plenka,96,11A,53,2024-11-03,04:00,52,"witch house, drift phonk, phonk","Slowed, Sped Up",2023-02-27,48,6,87,8,0,20,-8,F#/G♭ Minor,4,5inKSD0Oz1NXIrph2SiaBv,FR96X2314683,1
169,Sleepwalker - Ultra Slowed & Reverb,"akiaura,LONOWN,STM",80,3B,86,2024-11-03,05:17,57,"witch house, electroclash, phonk",Sleepwalker (Ultra Slowed & Reverb),2023-09-15,52,2,73,17,0,20,-6,C♯/D♭ Major,4,00nDbhlvByugZmIG21JYSK,DGA082314145,1
174,Your face,Wisp,134,12B,77,2024-11-23,03:49,74,shoegaze,Pandora,2024-04-05,51,0,89,18,0,10,-6,E Major,4,2VtXANhW6YpAzsMDQCFkAv,QZHN72394654,1
177,PROTECTION CHARM,Miguel Angeles,130,8B,81,2024-12-11,02:57,59,phonk,PROTECTION CHARM,2023-08-02,78,8,0,35,0,10,-4,C Major,4,1ZZKczPTO71tpXrvP37uGP,QZNWX2393872,1
178,Keep Your Eyes Peeled - Slowed and Reverb,ULTRA SUNN,110,3B,80,2024-12-20,04:18,47,"darkwave, cold wave, ebm, post-punk, gothic rock",Keep Your Eyes Peeled (Alt Versions),2024-11-01,51,4,66,40,0,40,-11,C♯/D♭ Major,4,5wloH7rugUB51ra8vZJIuB,QMDA72408159,1
179,Dark Side Of The Moon,suisside,130,6B,82,2024-12-21,02:48,13,emo rap,Dark Side Of The Moon,2020-11-30,38,8,0,23,20,80,-9,A#/B♭ Major,3,33iv4ikGd0KboI6xNPL80i,QZNWV2044665,1
181,Untitled,Ark28,79,9B,8,2025-01-03,01:00,21,,Untitled,2024-11-25,37,86,56,27,0,10,-30,G Major,3,4IFd3n8bS3DpePBDsxnHyp,QZZ7P2478457,1
183,Taste,Ari Abdul,100,6A,59,2025-01-04,03:06,63,dark r&b,Taste,2022-06-21,53,20,0,36,0,40,-6,G Minor,4,1ghqDkglrXPcxgRobBmLVW,USRC12201876,1
184,Worship,Ari Abdul,81,5A,61,2025-01-04,03:07,66,dark r&b,Worship,2023-06-30,56,2,1,24,0,50,-5,C Minor,3,6TURPlJoVlJBtTwFZo0RUr,USRC12301665,1
185,LET THE WORLD BURN (with G-Eazy & Ari Abdul) - Remix,"Chris Grey,G-Eazy,Ari Abdul",93,4A,74,2025-01-04,02:45,71,dark r&b,LET THE WORLD BURN (with G-Eazy & Ari Abdul) [Remix],2024-11-08,49,6,0,19,0,10,-6,F Minor,4,5wNDRMkoysXZGiW4ja5Tik,QZJ842403640,1
191,Muse,Isabel LaRosa,88,10A,73,2025-01-04,02:24,56,,Muse,2024-10-18,40,4,0,23,0,30,-5,B Minor,4,7x8sZN055fsMdU8ymA92UI,USRC12402999,1
192,Therapy,Isabel LaRosa,144,2B,56,2025-01-04,02:18,45,,Therapy,2022-01-26,79,18,0,65,0,0,-4,F#/G♭ Major,4,4KyTnzwdUOh7Tyr4oVhCdg,QZTAT2172612,1
193,HEARTBEAT,Isabel LaRosa,121,10B,73,2025-01-04,02:04,63,,HEARTBEAT,2022-08-26,54,10,0,34,0,40,-7,D Major,4,6nStBZGqGgTR87MrBpNza0,USRC12202781,1
194,HAUNTED,Isabel LaRosa,121,4A,69,2025-01-04,02:17,62,,HAUNTED,2022-02-24,64,2,0,63,20,10,-7,F Minor,4,5ff77CZZUpY8Gvu5GuA6vb,QZFZ72263317,2
195,HAUNTED,Isabel LaRosa,121,3A,69,2025-01-04,02:17,39,,i'm watching you,2022-06-24,64,2,0,65,20,10,-7,A#/B♭ Minor,4,4p3CjqHVkk5mKJhLeIZhlw,QZFZ72263317,2
196,HELP,Isabel LaRosa,120,9A,69,2025-01-04,02:16,37,,i'm watching you,2022-06-24,43,27,16,45,0,60,-8,E Minor,4,1n7wwL5yCQ9rhl5FeW9jaA,QZDA82277108,1
199,Pure Imagination - Slowed,ceZk,128,4A,42,2025-01-07,01:58,47,,Pure Imagination (Slowed),2023-07-17,46,49,62,12,0,10,-14,F Minor,4,4k0aDh5L3iGd5fVHnahucM,GX3HH2341515,1
202,Jealous - Slowed & Reverb,noturgf,156,11A,77,2025-01-07,02:26,59,,Jealous (Slowed & Reverb),2023-02-08,59,14,97,95,0,50,-12,F#/G♭ Minor,4,4vVGo3az28DgDjISbeqY4g,GX8KD2396113,1
203,Missing Textures,NIVEK FFORHS,110,11A,45,2025-01-07,02:46,66,,Missing Textures,2024-04-04,73,0,3,22,0,10,-8,F#/G♭ Minor,4,3YsSke12CuFEJUpCysd4VU,CAHQJ2458407,1
204,vortex - slowed,isq,110,3A,98,2025-01-07,01:47,57,"phonk, brazilian phonk",vortex,2024-07-04,79,8,82,77,0,20,0,A#/B♭ Minor,4,7oTzlQoQkPssRFt54CqfcF,QZPLR2460801,1
205,Stuck Next To You,Tiishe,136,11B,87,2025-01-07,01:54,56,,Stuck Next To You,2023-09-21,53,1,74,51,0,20,-7,A Major,4,0ATj5cdjs8iDwJw5W60AmB,QZTB22317681,1
206,Øfdream: Thelema (Slowed & Bass Boosted),Øfdream,113,11A,73,2025-01-07,04:03,57,"witch house, drift phonk",Thelema (Slowed & Bass Boosted),2017-10-20,74,48,92,16,0,0,-9,F#/G♭ Minor,4,4ZdpwYKeqMGaKwtSyS2Kos,QM4TX2399959,1
208,ON DAT BXTCH!,"Lumi Athena,Masonn Deforest",139,1B,90,2025-01-07,02:04,64,"hyperpop, jersey club, ",ON DAT BXTCH!,2023-10-27,62,2,42,56,0,30,-6,B Major,4,0EYhZHCVuE1QT2gZVSRdWi,QZS7J2346221,1
209,Chambers,"Lllyric?,Midvision",144,8A,76,2025-01-07,02:20,0,darkwave,Propane Serenade,2023-12-12,55,18,70,68,0,60,-7,A Minor,4,2G3I8J6vx82ezFuJuGslpa,QZWFM2327303,1
210,Dead Inside (Slowed + Reverb),АДЛИН,94,7B,55,2025-01-18,02:48,60,"phonk, drift phonk",Dead Inside (Slowed + Reverb),2021-10-27,80,9,0,12,0,0,-9,F Major,4,1dUAwx54oXl6dJ5eNyNP5P,RUA1D2363121,1
211,forgot your name,c152,180,9B,24,2025-01-23,01:49,54,"dark ambient, synthwave, ambient, breakcore",strong feelings,2024-01-19,59,99,93,36,0,10,-18,G Major,4,0DJJEcuXlbNx2bRKe1CCCL,US3DF2479419,1
213,void - slowed,isq,114,3B,99,2025-02-08,01:26,51,"phonk, brazilian phonk",void,2024-08-23,50,0,86,14,0,0,0,C♯/D♭ Major,4,0Uv4n6psh4twORRO7bbMnw,QZTB72492369,1
214,Red Crystal Castles,13Aurora,100,3A,81,2025-02-08,03:09,56,,Red Crystal Castles,2023-10-02,64,7,0,28,10,20,-9,A#/B♭ Minor,4,3cLMh7Ul0TMz0MVwotw8CC,QZNFJ2304947,1
219,пепел,ooes,117,10A,36,2025-03-16,03:04,25,,пепел,2024-03-15,32,64,1,11,0,10,-12,B Minor,4,1E18e1c9ZlNkDcW7wcx2ai,FR96X2429916,1
220,гудки,ooes,120,12A,46,2025-03-16,03:17,17,,гудки,2023-06-16,34,11,0,5,0,0,-13,C♯/D♭ Minor,4,7j6ch6N7vbpw9lwDiTO2p4,FRX872360162,1
222,You Are Devil,Milord,130,9A,67,2025-03-22,02:32,29,"electroclash, witch house, darkwave",You Are Devil,2023-06-01,60,1,69,75,0,10,-12,E Minor,4,1yzDPc2iddgU865n67l7hg,TCAHD2365931,1
223,Enough for you,Wisp,119,12B,66,2025-03-30,03:05,65,shoegaze,Pandora,2024-04-05,52,0,78,24,0,10,-6,E Major,4,1z8nQqjNwNtuj0aoALh7gf,USUM72402018,1
225,Sepulchre,Surreal_dvd,126,4B,88,2025-04-08,04:10,0,"electroclash, witch house",Sepulchre,2024-05-31,60,6,19,38,0,10,-7,G#/A♭ Major,4,7nSaaHt9iyS8pmlln6lXNv,QZNWQ2488648,1
226,Sick,SALEM,120,8B,69,2025-04-14,03:19,0,"witch house, electroclash",King Night,2010-09-28,65,0,10,39,0,10,-7,C Major,4,0ikMOymaPMa8ipwiSZ2i2Z,US53Q0900051,1
229,Fate,Boy Harsher,129,4A,84,2025-04-14,04:17,50,"darkwave, cold wave, post-punk, ebm, gothic rock, deathrock, synthpop",Careful,2019-02-01,74,22,38,89,0,0,-5,F Minor,4,0TeybZKbODYrRTYMTNkTHb,DED621900003,1
234,Грустная сука,IC3PEAK,119,4B,61,2025-04-14,03:19,57,witch house,Сладкая жизнь,2017-11-07,53,20,15,4,0,10,-6,G#/A♭ Major,4,7k6HFZe3WtGpbNUYY6Hndi,QM7281747363,1
236,Сказка,IC3PEAK,132,1B,57,2025-04-14,02:45,52,witch house,Сказка,2018-09-28,69,12,7,20,0,10,-9,B Major,4,49JByJYeMi0ywt47Q3HBT1,QM6N21830909,1
239,Ashes - Slowed,KREZUS,107,11A,88,2025-04-16,03:19,21,"phonk, brazilian phonk",Ashes,2024-04-05,60,1,94,12,0,10,-5,F#/G♭ Minor,4,7cC2pyaazhE7b911uzNReZ,CA5KR2444494,1
242,u. - slowed,niteboi,106,2B,57,2025-04-26,03:24,55,"witch house, drift phonk",u. - slowed,2024-11-29,43,7,81,5,0,10,-9,F#/G♭ Major,4,1rpHJTDk4LF9YtWwl5yeyC,QM42K2574088,1
248,BITTERSUITE,Billie Eilish,125,8A,25,2025-05-07,04:58,76,,HIT ME HARD AND SOFT,2024-05-17,52,82,88,15,0,10,-14,A Minor,4,7DpUoxGSdlDHfqCYj0otzU,USUM72401987,1
249,исповедь,ooes,103,9A,55,2025-05-13,03:06,36,,мои (твои) тёмные желания,2021-06-25,36,51,0,26,0,10,-7,E Minor,4,7DA3uEmjibeJOnPxEMNshL,FRX202162385,1
250,Wicked games,kai-L,112,11B,68,2025-05-19,05:06,18,,Cover up,2024-10-18,67,14,0,63,0,30,-7,A Major,4,3lcKOrkiOEbXaNdUNzchOC,QZWFT2490515,1
251,Flesh,Simon Curtis,130,3B,77,2025-05-22,04:20,57,,R∆,2011-06-07,58,0,5,29,0,0,-3,C♯/D♭ Major,4,0kW7NQraFEyAhXqaE4cZG0,TCAAY1160154,1
252,Crimewave,"Crystal Castles,HEALTH",120,9A,69,2025-05-30,04:18,2,"witch house, electroclash, new rave, alternative dance, noise rock, industrial, industrial rock, industrial metal",Crystal Castles,2008-03-16,74,20,3,88,0,20,-8,E Minor,4,7dxQFzp8zZzgDkaYEXQZIv,GBRQQ0700001,1
253,Magic Spells,Crystal Castles,105,12B,69,2025-05-30,06:06,0,"witch house, electroclash, new rave, alternative dance",Crystal Castles,2008-03-16,74,84,88,33,0,10,-10,E Major,4,4RJh9VcbwKKSTtcc2EZdLs,CAL450896204,1
254,Intimate,Crystal Castles,126,3B,87,2025-05-30,04:44,56,"witch house, electroclash, new rave, alternative dance",Crystal Castles (II),2010-01-01,53,0,85,57,0,10,-5,C♯/D♭ Major,4,1mQi6sctbrJZfQkA3fOH8M,GBUM71001710,1
255,Witchcraft,Perpetualll,120,10B,75,2025-05-30,02:36,33,"witch house, electroclash, darkwave",Witchcraft,2024-02-16,61,0,90,39,0,0,-9,D Major,4,283Au8H4RcJ7ICStie2zZp,US3DF2410405,1
256,Witch,Perpetualll,136,9A,82,2025-05-30,02:37,44,"witch house, electroclash, darkwave",Witch,2023-08-02,74,57,0,52,10,10,-9,E Minor,4,1dUlHZZuhVFOqqWA57D0Qa,QZNWZ2301503,1
257,Sapphire,"Perpetualll,Goo Munday",126,9A,92,2025-05-30,02:32,37,"witch house, electroclash, darkwave",CURSED,2024-09-06,49,18,0,25,0,10,-6,E Minor,4,59qV04Snd7YyVEYpRpxYeo,CA5KR2492220,1
259,Ptolemaea,Ethel Cain,88,12A,37,2025-06-01,06:23,62,southern gothic,Preacher’s Daughter,2022-05-12,28,12,89,3,0,50,-11,C♯/D♭ Minor,4,29LsI5izZL8txZEJhegSBs,GBKPL2294757,1
261,nightmares,skyfall beats,110,1B,62,2025-06-08,02:45,53,witch house,nightmares,2023-09-29,64,3,30,20,20,0,-5,B Major,4,4YR40xH1Zxq1RKOxk49YcO,DGA0M2320705,1
262,yakamoz,Svphvr,105,11B,74,2025-06-08,02:28,27,,yakamoz,2022-09-01,55,62,98,3,0,20,-12,A Major,4,55eVUZ0UT888x7Dqqvkum4,QZNWU2206067,1
263,silent nights,ByErik ヵ,180,10A,20,2025-06-09,01:49,57,,silent nights,2024-02-09,46,71,94,20,10,10,-26,B Minor,4,5wjudHcXoGo0ws7UyqRgOm,QZDA52431796,1
264,silent nights - Slowed,ByErik ヵ,82,9B,15,2025-06-09,01:59,47,,silent nights,2024-02-09,54,78,95,11,0,10,-27,G Major,4,43ayK38w7C0w2nQvnrrTxE,QZDA52431798,1
265,SLAUGHTER HOUSE,"Phonkha,zecki",115,9B,50,2025-06-09,02:31,53,"phonk, drift phonk, brazilian phonk",SLAUGHTER HOUSE,2022-07-29,81,0,2,70,30,70,-7,G Major,4,512GmOfa7bOg5IJcrVHMdy,QM6P42203044,1
266,Endless Love,"DVRST,OBLXKQ",193,4A,77,2025-06-10,02:59,55,"phonk, drift phonk",Endless Love,2021-09-10,57,4,83,7,0,10,-5,F Minor,4,49eccJME4fYJnOwCmJMXfV,QMDA62100384,1
267,xxx,"vowl.,Sublab",138,3B,66,2025-06-21,01:54,22,"witch house, chillstep",xxx,2025-06-13,85,4,0,36,20,20,-5,C♯/D♭ Major,4,2j5Stu0Q47pZtPmItakdWo,CA5KR2535334,1
268,Погоди,DSPRITE,164,2A,57,2025-06-23,01:52,0,hyperpop,Погоди,2021-11-24,64,17,0,71,0,20,-11,D#/E♭ Minor,4,5sJt5rmSaKTQyAymKx6e1W,FRX872159508,1
270,Dancing Nihilist - Slowed Welly Well,pathetic240px,100,9B,84,2025-06-30,04:43,65,"witch house, hyperpop",DANCING NIHILIST: For the Most Gloopy,2008-00-00,53,17,1,41,0,0,-5,G Major,4,6wka0A1jT3vifzR4V4gBXg,FR59R2595594,1
271,Burn Me With A Bible,VIOLENT VIRA,97,4A,81,2025-07-20,04:05,11,,Burn Me With A Bible,2025-07-11,53,0,0,46,0,10,-4,F Minor,4,14axJIbe94zBTuMQAmS873,USQE92500139,1
275,Meek Mill TV Girl (Remix),@Konx,90,1B,68,2025-07-22,02:24,2,,Meek Mill TV Girl (Remix),2022-00-00,71,59,0,46,20,10,-8,B Major,4,4KsMXFBX8s9gJGkDELFgDN,QZLBC2422192,1
276,Rainydays,thistooshallpass,164,7A,17,2025-07-24,01:57,45,,Rainydays,2024-10-12,29,99,96,39,0,0,-22,D Minor,4,28Euq53LrqzH0iTD7VxXm2,GX53U2394058,1
277,All Around Me,Flyleaf,147,11B,87,2025-07-24,03:18,74,"christian rock, christian alternative rock, emo",Flyleaf,2006-01-01,47,2,0,46,0,0,-5,A Major,4,1zN6ynJG4PdR61YWv4PQ3Y,USOCT0500076,1
278,Fall,Sidewalks and Skeletons,145,10B,12,2025-07-25,01:25,37,"witch house, darkwave",White Light,2015-03-05,13,94,97,3,0,10,-21,D Major,3,2cEx8Z8Of0qQu9Ict1MIMk,USCGH1585912,1
279,Unearth,Sidewalks and Skeletons,110,9A,60,2025-07-25,03:37,35,"witch house, darkwave",White Light,2015-03-05,52,10,86,11,0,10,-9,E Minor,4,785C6BpZ0YL3yUOJ8QuA6p,USCGH1585913,1
280,Pure,Sidewalks and Skeletons,108,4B,40,2025-07-25,05:00,37,"witch house, darkwave",White Light,2015-03-05,47,46,90,4,0,20,-16,G#/A♭ Major,4,7uxQ9jdgsJRBTbv1yB1fwE,USCGH1585918,1
281,Disappear,Sidewalks and Skeletons,180,10A,66,2025-07-25,02:50,40,"witch house, darkwave",White Light,2015-03-05,42,1,54,19,0,30,-10,B Minor,4,3g6weBlIJbTeFtlAuSbQBm,USCGH1585920,1
283,starly - Slowed,"LONOWN,riserayss",92,10B,63,2025-07-26,02:52,73,"phonk, witch house, electroclash",starly,2025-02-14,70,2,74,17,0,20,-7,D Major,4,2ao4kVf8DsGghi3mUGaVEr,FR2X42535992,1
285,U Weren't Here I Really Miss You,"Cult Member,Mia Martina",123,9B,71,2025-07-26,02:40,72,"lo-fi house, ",U Weren't Here I Really Miss You,2019-10-03,67,2,91,49,10,50,-6,G Major,4,61iJknbAXSuBflDz3vSQ0b,QZRP42132861,1
287,Electronic Heart,NIVEK FFORHS,128,3A,73,2025-08-02,03:08,56,,Electronic Heart,2025-07-25,58,14,32,59,0,10,-8,A#/B♭ Minor,4,6zyKrSyQWUqbIHAHQnCKry,GXBAV2181356,1
288,Softcore - instrumental + slowed,"alper6nen,érror,xaviorthemachine",143,3B,46,2025-08-08,04:31,46,"lo-fi, ",Softcore (instrumental + slowed),2024-12-15,53,5,93,15,0,30,-11,C♯/D♭ Major,4,59DCgJ1hvyrmD9CEh8ovbd,GXF972432082,1
291,Don't Need Nobody,Ellie Goulding,99,9A,66,2025-08-12,03:33,50,,Delirium (Deluxe),2015-11-06,72,11,0,56,0,0,-6,E Minor,4,0PaemlGLiH2O6nAxRCzmee,GBUM71505856,1
293,Sleepyhead,Jutes,141,6A,84,2025-08-23,03:12,64,,Sleepyhead,2024-08-01,54,0,0,53,10,50,-3,G Minor,4,5uuPDgZe2xlN5UN4sUQyAc,QZPEW2414843,1
295,God Is A Weapon,"Falling In Reverse,Marilyn Manson",135,8B,64,2025-08-24,03:35,76,"emo, rap metal, industrial metal, industrial rock, industrial, metal, nu metal",God Is A Weapon,2025-05-20,53,0,0,24,0,10,-4,C Major,4,0mROspyBziPHPyxTPFvKaH,USEP42525001,1
296,Crowd Caffeine,SOFIA ISELLA,120,8A,42,2025-08-24,03:22,37,,I'm camera .,2025-05-23,43,42,0,18,0,20,-10,A Minor,4,1pbcnJxqzbfsIc1Xw4fOJX,QZNWP2551674,1
297,Everybody Supports Women,SOFIA ISELLA,110,8B,50,2025-08-24,04:41,63,,Everybody Supports Women,2023-09-01,56,26,0,24,0,10,-8,C Major,4,1pqjOgonZC2T3bB9JAl3Uz,TCAHH2321644,1
298,In the End,Linkin Park,105,2A,86,2025-08-24,03:36,91,"nu metal, rap metal, rock, alternative metal",Hybrid Theory (Bonus Edition),2000-10-24,56,1,0,40,0,20,-6,D#/E♭ Minor,4,60a0Rd6pjrkxjPbaKzXjfq,USWB10002407,1
302,Playing Dead,And One,160,9A,57,2025-08-25,06:29,54,"ebm, industrial, synthpop, darkwave",Tanzomat,2011-03-04,38,5,18,19,0,40,-9,E Minor,4,45B6ELT8vbhnlnfxXHW1SR,DEBZ71100277,1
303,Kill or be Killed,Jutes,168,6A,96,2025-08-28,03:23,53,,Dilworth,2025-08-27,21,0,0,19,30,10,-3,G Minor,3,4ZAgj2AeE5hs7qgpiSdMTT,QT4K42523422,1
304,Red Velvet (with Ari Abdul),"Jutes,Ari Abdul",85,1A,75,2025-08-28,03:06,60,dark r&b,Dilworth,2025-06-18,25,0,21,40,0,10,-4,G#/A♭ Minor,4,0khMRTeMTOkwvqE9fJdgGH,QZPEW2521995,1
305,SMUT,Jutes,97,10A,97,2025-08-28,02:47,36,,Dilworth,2025-06-18,27,0,0,48,20,10,-3,B Minor,4,2zcdzERVSiokjsTer4Ca1b,QT2VB2507750,1
307,Kingslayer (feat. BABYMETAL),"Bring Me The Horizon,BABYMETAL",93,3B,93,2025-08-31,03:40,75,"metalcore, emo, rock, screamo, post-hardcore, j-rock",POST HUMAN: SURVIVAL HORROR,2020-10-30,43,0,0,43,10,0,-3,C♯/D♭ Major,4,7CAbF0By0Fpnbiu6Xn5ZF7,GBARL2001276,1
308,DArkSide,Bring Me The Horizon,84,9B,95,2025-08-31,02:45,75,"metalcore, emo, rock, screamo, post-hardcore",POST HUMAN: NeX GEn,2024-05-24,37,0,0,44,10,70,-3,G Major,4,7mczLeiFeYKRb7vtiPjuMb,GBARL2301374,1
309,Sleepwalking,Bring Me The Horizon,149,7A,96,2025-08-31,03:50,76,"metalcore, emo, rock, screamo, post-hardcore",Sempiternal (Expanded Edition),2013-04-01,40,0,0,34,10,20,-3,D Minor,4,0gchQwxmBWj5no8NJ8b2yH,GBARL1202418,1
311,liMOusIne (feat. AURORA),"Bring Me The Horizon,AURORA",122,2B,92,2025-08-31,04:11,67,"metalcore, emo, rock, screamo, post-hardcore, norwegian pop, art pop",POST HUMAN: NeX GEn,2024-05-24,52,0,0,38,0,20,-3,F#/G♭ Major,4,6tVahG14lCjexVQnYWKgwF,GBARL2400560,1
312,1x1 (feat. Nova Twins),"Bring Me The Horizon,Nova Twins",164,12A,94,2025-08-31,03:29,68,"metalcore, emo, rock, screamo, post-hardcore, ",POST HUMAN: SURVIVAL HORROR,2020-10-30,45,0,0,60,10,60,-3,C♯/D♭ Minor,4,6sIbv1oWOuma2qV907MUbk,GBARL2001277,1
313,Teardrops,Bring Me The Horizon,96,9B,92,2025-08-31,03:35,59,"metalcore, emo, rock, screamo, post-hardcore",Teardrops,2020-10-22,50,0,0,40,10,30,-3,G Major,4,3aniWcwiiYKHpm3F5TdeKD,GBARL2001273,1
314,new way out,Poppy,109,9B,91,2025-08-31,03:22,1,,new way out,2024-06-04,59,0,0,46,0,0,-3,G Major,4,7rQeehJRFCNTwqDffP8c5t,USYFZ2411501,1
319,"Beneath the Scarlet Moon, The Crazed Blossoms' Severance","FalKKonE,Rena",150,4B,96,2025-08-31,06:05,0,"symphonic metal, anime","Intense Symphonic Metal Covers: Touhou, Vol. 2",2019-05-08,43,2,2,21,0,10,-3,G#/A♭ Major,4,3qEfveLdHcTCWDTVjQDaQR,QZGWW1903460,1
321,in your head,cloudyfield,130,3B,70,2025-08-31,02:50,52,shoegaze,in your head,2024-02-02,53,17,89,24,0,10,-5,C♯/D♭ Major,4,4o6xvp0vmdHMeS4Z5qeRQw,QZFZ32485400,1
325,BEG!,Vana,158,8B,92,2025-08-31,02:42,61,,BEG!,2024-03-15,51,0,0,47,20,30,-3,C Major,4,0g9GhfqFotNeAt2TuggiEh,QZZ662450904,1
326,The Summoning,Sleep Token,173,3A,70,2025-08-31,06:35,75,"progressive metal, metalcore",Take Me Back To Eden,2023-05-19,40,0,0,15,0,0,-5,A#/B♭ Minor,4,0S38Oso3I9vpDXcTb7kYt9,GBUM72200352,1
328,V.A.N,"Bad Omens,Poppy",103,9B,83,2025-08-31,04:34,3,"metalcore, ",V.A.N,2024-01-24,64,0,21,30,0,30,-5,G Major,4,1M31zIMamohkItOjLaBbtx,USYFZ2399601,1
329,Scars,Dionnysuss,105,1B,68,2025-08-31,02:48,0,"darkwave, cold wave",Scars,2024-03-22,65,9,66,4,0,10,-12,B Major,4,0hFgedZgffGhuplw9OlQkV,USWB12401065,1
330,MISA MISA!,"CORPSE,Scarlxrd,Kordhell",95,3B,98,2025-08-31,01:25,61,"trap metal, horrorcore, rap metal, emo rap, phonk, drift phonk",MISA MISA!,2022-08-26,67,3,0,69,10,60,-1,C♯/D♭ Major,4,2biZJ6YK8Pz1bUby8VDV3Q,QZNWR2293683,1
334,PRETTY PLEASE,"Dutch Melrose,benny mayne",122,9A,69,2025-08-31,02:46,72,"dark r&b, ",PRETTY PLEASE,2024-04-24,68,1,0,70,0,40,-6,E Minor,4,6kOdk29M8h6ZfHz4byVG0t,QZK6N2432063,1
337,Drown,Kim Dracula,119,3B,83,2025-08-31,02:46,43,trap metal,Drown,2022-11-18,64,0,0,48,10,10,-5,C♯/D♭ Major,4,2jPqRiw1kJvxDKIibCPhHu,USSM12209560,1
338,Take Me Under,"Sable,VIOLENT VIRA",141,6B,92,2025-08-31,03:43,44,,Take Me Under,2022-10-28,43,0,0,10,10,40,-6,A#/B♭ Major,4,2y7Z2mibMm9hlORMT1Gi0j,QZTAS2230278,1
340,Antimatter,Silent Planet,140,10B,80,2025-08-31,03:41,49,"metalcore, djent, deathcore, metal",Antimatter,2023-07-21,52,0,0,14,0,10,-6,D Major,4,4b3FN7tBCRrkLcbN5ae4v9,QMGVJ2300117,1
342,I Don't Wanna Be Me,Type O Negative,101,1A,98,2025-08-31,05:08,76,"gothic metal, gothic rock, doom metal",Life Is Killing Me,2003-06-09,47,2,60,4,10,0,-9,G#/A♭ Minor,4,4eGHEHqoDMMejzPhRFTc7p,NLA320320181,1
347,In My Room,Insane Clown Posse,110,4B,75,2025-08-31,03:51,71,"horrorcore, rap rock",Hell's Pit,2004-08-31,84,9,0,75,30,90,-8,G#/A♭ Major,4,7jKHJoOij35nfpq6PYHlFH,US2X60400354,1
350,"You're Not Gone, You're Just Dead!",VIOLENT VIRA,155,3A,79,2025-08-31,02:55,7,,"You're Not Gone, You're Just Dead!",2023-02-24,30,0,68,40,0,30,-6,A#/B♭ Minor,1,3IT2AP0SuXSBliYDiwCrK1,QZDA72334451,1
351,Saccharine,VIOLENT VIRA,162,3A,91,2025-08-31,03:12,13,,Saccharine,2025-01-24,38,0,0,33,10,10,-3,A#/B♭ Minor,4,1NiPI7ATyw4ZwI2b858XrT,USQE92500001,1
352,She's Not Me,VIOLENT VIRA,110,12A,56,2025-08-31,03:02,2,,She's Not Me,2022-12-09,57,3,3,30,0,10,-9,C♯/D♭ Minor,4,1GynuRJP0ZWYSshmoseEQ9,QZTAX2290027,1
353,Lolita,VIOLENT VIRA,142,12A,48,2025-08-31,02:36,2,,Lolita,2022-09-30,55,8,0,21,0,20,-7,C♯/D♭ Minor,4,20mlLOydEl7VXqb4XDwVxl,QZNWZ2224615,1
361,DEATH OF A PREDATOR,Banshee,100,9B,93,2025-08-31,02:33,45,trap metal,FAIRY PHONK,2022-11-11,47,0,7,32,20,40,-2,G Major,4,3RSiw9T4sAT4Rfx24YeBRU,QZRP52296920,1
362,So Numb,TX2,140,6A,95,2025-08-31,03:29,51,emo,So Numb,2024-02-28,45,0,0,19,0,10,-4,G Minor,4,5cBNCR4qXiNLCOHTFdU809,USHR22416302,1
363,Military Fashion Show - Club Hit,And One,132,7B,74,2025-09-03,05:09,44,"ebm, industrial, synthpop, darkwave",Military Fashion Show,2006-05-19,70,14,1,66,0,10,-16,F Major,4,3Q2P8RDpFGQ8S7DyrWPE1L,DEBZ70600198,1
364,The Apparition,Sleep Token,138,12A,69,2025-09-03,04:28,71,"progressive metal, metalcore",Take Me Back To Eden,2023-05-19,45,1,0,22,0,20,-7,C♯/D♭ Minor,4,21eMasL93nEafqRwlI851z,GBUM72200351,1
367,Courtesy Call,Thousand Foot Krutch,164,10A,64,2025-09-03,03:56,76,"christian rock, christian alternative rock, rap metal",The End Is Where We Begin,2012-04-17,53,0,0,45,0,0,-5,B Minor,4,0AOmbw8AwDnwXhHC3OhdVB,TCABF1202218,1
368,End of You,"Poppy,Amy Lee,Courtney LaPlante",95,3A,96,2025-09-06,03:12,69,,End of You,2025-09-04,48,0,0,32,30,30,-3,A#/B♭ Minor,4,0PsFsv5xUyX06ZhIEtFkeA,USYFZ2560801,1
369,Driving with My Darling,And One,133,9A,86,2025-09-07,03:00,71,"ebm, industrial, synthpop, darkwave",I.S.T.,1994-01-01,77,22,1,92,0,10,-9,E Minor,4,5HlRJ3ZIO1fOPXqKNAWrmT,GBAJE0603317,1
372,Kiss Me Until My Lips Fall Off,Lebanon Hanover,125,8A,89,2025-09-22,04:09,60,"darkwave, cold wave, post-punk, gothic rock, deathrock",Let Them Be Alien,2018-04-02,65,43,60,66,0,20,-5,A Minor,4,72Rne9UJe7b2mfJptkpPqD,TCADN1810359,1
373,the rot//rot,inuday,136,4B,85,2025-09-22,02:53,59,,the rot//rot,2025-09-18,53,1,95,64,0,70,-6,G#/A♭ Major,4,75tH7hxkJM7pMrGgTfJl7m,QZZ7R2556929,1
374,Desire,MEG MYERS,132,9B,61,2025-09-22,04:44,47,,Make a Shadow,2014-02-07,62,0,9,17,0,10,-5,G Major,4,2GvtgZIVoPbFrpG659ggUD,USAT21302617,1
377,Like A Villain,Bad Omens,155,9B,92,2025-10-12,03:30,75,metalcore,THE DEATH OF PEACE OF MIND,2022-02-25,46,0,0,40,20,40,-5,G Major,4,7h2EZbGSzzIGgAFzJXHz99,USYFZ2264206,1
379,Yugoslavskiy Groove - Slowed + Reverb,Xodyl,100,1A,58,2025-10-18,01:07,66,,Yugoslavskiy Groove (Slowed + Reverb),2024-07-15,48,84,95,43,0,10,-14,G#/A♭ Minor,4,43m1AxHLrKA6ALZQM6PJyM,GX3HH2479997,1
380,Parent Issues,Zivjot,150,8B,32,2025-10-18,01:03,0,,Parent Issues,2021-09-03,32,5,99,18,10,40,-29,C Major,4,0hpqDCBbT1Cuuahg2cISMt,AEA2W2592606,1
381,Я хочу каждый твой атом,Albert Brite,120,7A,73,2025-10-20,02:08,51,,Я хочу каждый твой атом,2025-08-15,73,53,0,53,30,30,-10,D Minor,4,2hIBqneqkOImtctzFK47MO,RUAGV2511574,1
382,Wutiwant (The Bay Harbor Butcher),"Aydakar,Xoder",114,10B,42,2025-10-21,02:36,44,,Wutiwant,2025-07-11,78,25,95,23,0,10,-19,D Major,4,1cXGa25hoO40jb2pR340KH,GX5MY2546513,1
383,BEVLYNOUS - Ultra Slowed,ilyhiryu,82,3A,97,2025-10-21,03:13,66,,BEVLYNOUS (ULTRA SLOWED),2025-07-09,41,36,91,6,0,10,-6,A#/B♭ Minor,4,5aDOFkVIFpGD3AbUruTvyF,CA5KR2542357,1
384,Haunted,Laura Les,169,11B,82,2025-10-21,01:42,68,"hyperpop, glitch",Haunted,2021-03-12,51,0,3,55,0,10,-9,A Major,4,1toNKayLMeCcVlsLGXJl7n,USAT22007910,4
385,So Klingt Liebe - Club Hit,And One,133,2B,95,2025-10-22,05:08,17,"ebm, industrial, synthpop, darkwave",So Klingt Liebe (X),2006-07-14,71,15,52,73,0,10,-9,F#/G♭ Major,4,2IfacyA4fahL24XB9dvJxu,DEBZ70600248,1
386,Inferno,Dionnysuss,123,3B,48,2025-10-23,02:44,35,"darkwave, cold wave",Dreamless,2023-04-23,69,3,90,88,0,10,-11,C♯/D♭ Major,4,6LZf9z10wUu9Hj9da2kphv,AEA2M2321548,1
387,Illusions,Cypress Hill,182,4B,61,2025-10-23,04:28,53,"west coast hip hop, old school hip hop, rap rock, hip hop",Iii (Temples Of Boom),1995-10-31,65,1,23,44,20,10,-12,G#/A♭ Major,4,4s4c5EF1ujgsPPn4NRNwGL,USSM19501500,1
388,Spontanverkehr,And One,126,1B,80,2025-10-27,04:34,60,"ebm, industrial, synthpop, darkwave",Spot,1993-01-01,65,0,26,87,0,40,-13,B Major,4,2vOqsouvb7MntZZAHlSXDN,GBAJE0603293,1
389,HEXST0RM - Slowed,Lxzt,136,6B,99,2025-11-02,01:44,57,phonk,HEXST0RM,2025-08-22,66,31,94,76,0,10,-4,A#/B♭ Major,4,4eukXkkIfwpQHo9Bd0C1Yd,FRX872563577,1
390,SINNERS,"RudyWade,iGRES",124,6B,72,2025-11-14,02:23,53,"synthwave, vaporwave, electroclash, chillwave",SINNERS,2025-10-31,65,8,78,16,0,30,-5,A#/B♭ Major,4,6xsmEBkthYUHuBczoA0lyr,QZZ792547048,1
391,BIRTH OF VENUS,Banshee,130,9B,100,2025-11-15,03:12,41,trap metal,BIRTH OF VENUS: the remixes,2023-08-08,43,0,1,7,10,40,-3,G Major,4,04DNHaWxHvjKrPzVEPkRvx,QZMEQ2378799,1
392,Dark Entries,Bauhaus,171,10B,85,2025-12-02,03:51,57,"gothic rock, post-punk, deathrock, darkwave, cold wave, new wave",In the Flat Field,1980-11-03,24,0,64,51,0,30,-12,D Major,4,67MkU3b7k2fBL6oHHUiM09,GBAFL9800113,1
393,Love You to the End,And One,135,8A,99,2025-12-04,05:03,55,"ebm, industrial, synthpop, darkwave",Bodypop (Special Edition),2006-09-01,63,12,1,70,0,20,-7,A Minor,4,0tP42TMLyvVIUiAFbg6ZCq,DEBZ70600314,1
394,FOCUS - Slowed & Reverb,quietshadow,85,1A,14,2025-12-06,02:04,69,phonk,FOCUS,2025-06-13,51,80,51,18,10,10,-27,G#/A♭ Minor,4,2dF2qbSPXWLiaOAF73llhV,RUAGT2507272,1
395,Bite My Hip,Bauhaus,176,12B,88,2025-12-12,02:51,60,"gothic rock, post-punk, deathrock, darkwave, cold wave, new wave",The Bela Session,2018-11-23,54,12,0,52,10,60,-7,E Major,4,0pLkzqxSvANeRdX3zxsHeJ,QMHG41850003,1
397,children - Ambient,"Inei,pandora.",115,6B,6,2025-12-20,01:46,43,"dark ambient, ambient",children (Ambient),2025-07-25,51,98,88,5,0,0,-25,A#/B♭ Major,3,7E3jFbZNnJWapye7WO0BRN,GXBAV2041842,1
401,Ashi Ashi,"6YNTHMANE,RXDXVIL",126,10A,99,2025-12-20,01:50,56,"phonk, brazilian phonk",Ashi Ashi,2024-01-24,74,37,0,49,30,40,-2,B Minor,4,6qlnqjooo2LfPr0FLbWsbQ,QM4TW2445059,1
403,MONTAGEM DIAMANTE ROSA - SLOWED,"vtze archive,Mc Ster",113,9B,47,2025-12-20,01:54,64,"phonk, brazilian phonk, rally house",MONTAGEM DIAMANTE ROSA,2024-01-09,63,0,0,24,0,40,-8,G Major,4,6fdjPVlCwFryREAsmRHy4C,BC6K92400002,1
404,NEON JUMP - SUPER SLOWED + REVERB,"Phonk Killer,PHOROMANE,Faberlique",80,11B,74,2025-12-20,02:36,53,"phonk, drift phonk, brazilian phonk",NEON JUMP (SUPER SLOWED + REVERB),2024-07-05,59,2,93,21,0,30,-4,A Major,4,7jaXdNdtP0JYxauyFxAsS8,QM6P42427664,1
407,FUNK INFERNAL,"DYGO,Mxng0",130,9B,98,2025-12-20,01:30,73,"phonk, brazilian phonk",FUNK INFERNAL,2024-09-27,60,1,92,38,10,10,-2,G Major,4,56BZSVROHDzuiYM8C2Zv3y,GBKQU2489653,1
408,TUCA DONKA,"CURSEDEVIL,DJ FKU,Skorde",130,3B,96,2025-12-20,01:15,48,"phonk, brazilian phonk",TUCA DONKA,2023-07-28,82,7,77,50,0,30,-3,C♯/D♭ Major,4,7bxyNLXYaEYaZTxAuQTHlD,QZNWT2342650,1
409,MONTAGEM - PR FUNK,"S3BZS,Mc Gw,Mc Menor Do Alvorada",130,11B,80,2025-12-20,01:01,68,"phonk, brazilian phonk, brazilian funk, funk carioca, funk bruxaria, brega funk",MONTAGEM - PR FUNK,2023-05-01,88,73,6,80,0,0,-3,A Major,4,6njJR3OIp3oA0Kc4aC9Tzf,QZK6Q2360479,1
411,kitty phonk,soviss,130,4A,63,2025-12-20,01:30,49,"phonk, drift phonk",kitty phonk,2022-01-07,75,0,0,35,0,10,-8,F Minor,4,0NZLKZc56R75EWQ0PXZz5X,QM4TW2200749,1
412,POWER SLIDE - Slowed,Phonkha,118,3B,95,2025-12-20,01:49,53,"phonk, drift phonk, brazilian phonk",POWER SLIDE,2024-08-09,43,0,21,41,0,80,1,C♯/D♭ Major,4,3uY797RLPdgOu4wAubCBqB,GB8KE2417354,1
414,Automotivo Bibi Fogosa,"Bibi Babydoll,Dj Brunin XM,KZA Produções",135,11B,87,2025-12-20,02:09,2,"phonk, brazilian phonk",Automotivo Bibi Fogosa,2023-05-19,73,20,0,73,0,10,-3,A Major,4,4kRLRWnn5u9wO2wOKAAdEN,QZMZ92361338,1
415,deep black sea,"akiaura,Portwave",120,8A,53,2025-12-28,02:24,46,"witch house, electroclash, phonk, drift phonk",deep black sea,2022-05-13,55,1,2,22,20,60,-5,A Minor,4,56LuvMgJz5ipJTCTbqfW7O,FR59R2264137,1
417,BAIXO,xxanteria,133,4B,87,2025-12-28,01:44,59,"phonk, brazilian phonk",NO GOING BACK,2023-10-18,67,3,96,70,0,10,-7,G#/A♭ Major,4,0rb7HcBkdMPp04ybHBfX41,QZS7J2358214,1
418,TREINAMENTO DE FORÇA,TRXVELER,130,10B,96,2025-12-28,02:05,62,"phonk, brazilian phonk",TREINAMENTO DE FORÇA,2023-07-21,53,0,47,55,0,80,-1,D Major,4,3xuOs8TPNwItkEYsApFEI2,QM3DF2261910,1
420,RAPTURE,INTERWORLD,105,5A,68,2025-12-28,02:44,66,"phonk, drift phonk, brazilian phonk",RAPTURE,2022-07-01,72,1,85,29,0,10,-5,C Minor,4,3thB8qaxyKtLJ7ao1NpkRB,QM6N22235451,1
421,Funk of Galáctico,"SXID,Bibi Babydoll",130,7B,97,2025-12-28,01:30,68,"phonk, brazilian phonk",Funk of Galáctico,2024-04-05,61,2,8,10,0,30,-4,F Major,4,6fxeXlCSt4WLVlbqxgUBMB,UKZGC2402792,1
422,MANDA BALA,Ariis,129,12A,88,2025-12-28,01:40,66,"phonk, brazilian phonk",MANDA BALA,2023-12-08,69,15,0,31,0,10,1,C♯/D♭ Minor,4,1lS2qOUk6GA20XvjjrWc25,GBLV62301933,1
423,smezir_2 - Slowed,ilyhiryu,100,6A,96,2025-12-28,03:59,70,,smezir_2,2024-12-10,50,0,98,56,0,10,-5,G Minor,4,4ExwU40qYoWqamnyid9rXH,CA5KR2506784,1
424,MTG DIAMANTE ROSA 2 - Slowed,"vtze archive,Mc Ster",113,10A,61,2025-12-28,02:04,45,"phonk, brazilian phonk, rally house",MTG DIAMANTE ROSA 2,2024-07-26,62,0,0,11,0,10,-3,B Minor,4,3prcF9N1zAncpPLYv9wbet,CA5KR2477160,1
425,If You Care,"akiaura,LONOWN,DJ Pointless",115,2B,97,2025-12-28,02:55,62,"witch house, electroclash, phonk",Destruction Age,2024-06-14,57,10,68,65,0,30,-2,F#/G♭ Major,4,7xCNNGCjueh2oU9k31Cesu,FRX452434573,1
426,AVANGARD - Slowed,LONOWN,118,2B,90,2025-12-28,03:19,72,"phonk, witch house, electroclash",AVANGARD (Slowed),2024-08-02,62,22,3,53,0,10,-1,F#/G♭ Major,4,1EPi3TSB6vGbGQ4IHVpxco,DGA082417441,1
427,army_mov - slowed,ilyhiryu,100,7B,96,2025-12-28,02:43,63,,army_mov,2024-11-26,54,48,89,21,0,0,-7,F Major,4,5vomIUiY8ASP4ilITfbsOy,CA5KR2504519,1
428,Shadow Lady - DePaul Remix,"Portwave,DePaul",104,3A,72,2025-12-28,02:53,50,"witch house, phonk, drift phonk",Shadow Lady (DePaul Remix),2021-11-19,63,7,75,35,0,10,-4,A#/B♭ Minor,4,6iqAyzW5xRCF5PqzLKjsKg,QZS652144000,1
430,byebye.wav,SXCREDMANE,115,3A,99,2025-12-28,01:56,66,"phonk, brazilian phonk",byebye.wav,2024-09-13,59,17,90,16,0,10,-3,A#/B♭ Minor,4,3Y5YJjur5y6pQPbXVEggqC,QZTBD2493763,1
431,Tak Tak Funk - Slowed,"chipbagov,SCARIONIX,IMMORTAL PLAYA",106,3B,70,2025-12-28,01:33,64,"phonk, drift phonk, brazilian phonk",Tak Tak Funk (Remixes),2024-08-23,69,10,74,40,10,20,-10,C♯/D♭ Major,4,6M3I9HkUaMaqXv9fila3mG,MGQ002015312,1
432,Кошмар,"michi,verana",120,2B,89,2025-12-28,02:44,33,"emo rap, ",Кошмар,2025-07-27,58,3,0,52,20,10,-6,F#/G♭ Major,4,5QMgVClhYPSFzcO3PHsJnL,INT632505081,1
433,The Only Guest,And One,135,3A,80,2025-12-30,04:27,35,"ebm, industrial, synthpop, darkwave",I.S.T.,1994-01-01,68,1,80,38,0,90,-10,A#/B♭ Minor,4,5mKJddzgGmPr4LDAwOZBvz,GBAJE0603319,1
434,Wounds,And One,120,9A,69,2025-12-30,03:55,49,"ebm, industrial, synthpop, darkwave",Back Home,2012-01-13,70,13,88,69,0,10,-8,E Minor,4,0jLYDYUVwhKAoHjXHl5nrZ,DEA451110210,1
435,Girls on Girls,And One,140,9B,52,2025-12-31,03:12,49,"ebm, industrial, synthpop, darkwave",Achtung 80,2014-08-08,75,3,48,86,0,0,-9,G Major,4,2QBj4KkGfaAilFUX6ZsHS2,DEZ901400597,1
436,Bad Girl,And One,125,5A,82,2025-12-31,03:36,38,"ebm, industrial, synthpop, darkwave",Achtung 80,2014-08-08,61,20,50,85,0,10,-9,C Minor,4,5Ek9OhFYHNmYVJr7SUBX4A,DEZ901400595,1
438,Hass Und Liebe,Miss Construction,130,7B,90,2025-12-31,05:11,67,"industrial, ebm, industrial metal, industrial rock",Kunstprodukt,2008-04-25,63,11,49,74,0,0,-6,F Major,4,5ZSkaSivPY609sNv5MSaux,DEBZ70800076,1
439,Traumfrau,And One,96,9B,74,2026-01-05,06:24,41,"ebm, industrial, synthpop, darkwave",Bodypop (Special Edition),2006-09-01,62,27,17,36,0,10,-9,G Major,4,4ZZ9cqPcva4ur6FR2HqLf6,DEBZ70600311,1
440,Angel Eyes,And One,90,7A,48,2026-01-05,03:42,40,"ebm, industrial, synthpop, darkwave",Tanzomat,2011-03-04,65,56,84,10,0,10,-12,D Minor,4,2fpQzX2H07Sd7hDLRBicjA,DEBZ71100272,1
441,you not the same (deep version),TileKid,67,4A,2,2026-01-06,04:22,53,,you not the same (deep version),2022-02-04,19,98,88,4,0,10,-38,F Minor,3,13f0pYS3zIRT1wAnPe2kf8,US3DF2207732,1
442,you not the same - slowed down version,TileKid,71,9A,4,2026-01-06,02:39,63,,you not the same (slowed down version),2021-04-02,11,97,89,4,0,0,-35,E Minor,5,0TFjRKziQOXfmkjTB20tmV,USA2P2111034,1
445,Miss Construction Theme,Miss Construction,124,10B,97,2026-01-07,04:48,62,"industrial, ebm, industrial metal, industrial rock",Kunstprodukt,2008-04-25,56,7,74,46,0,30,-6,D Major,4,5NVwniYeZBaN8kgi4jObRy,DEBZ70800071,1
446,conspiracy,isq,127,10A,99,2026-01-07,02:05,58,"phonk, brazilian phonk",conspiracy,2024-12-06,65,7,80,14,0,10,-1,B Minor,4,3jjtIm4IOTW9CyzoMaipjD,QZZ7R2426388,1
447,I (Heart) You,KMFDM,120,3B,97,2026-01-08,03:55,68,"industrial, industrial metal, industrial rock, ebm",Amnesia,2012-05-22,66,0,15,29,0,10,-5,C♯/D♭ Major,4,23yZnQJXXBeQ2ah4pArrfA,US57M1279805,1
448,Stand the Pain,And One,135,11A,98,2026-01-08,04:24,49,"ebm, industrial, synthpop, darkwave",Bodypop (Special Edition),2006-09-01,41,5,64,77,0,10,-6,F#/G♭ Minor,4,2i7A0IK95x5RVw0amUYoM0,DEBZ70600312,1
449,The Aim Is in Your Head,And One,90,8B,58,2026-01-08,03:51,42,"ebm, industrial, synthpop, darkwave",Tanzomat,2011-03-04,58,7,73,33,0,0,-7,C Major,4,7lvD20qUPMqwpRTT7dxY7r,DEBZ71100274,1
450,Wish - Audiomack Trap Symphony Version,Trippie Redd,94,11A,63,2026-01-08,03:00,52,melodic rap,Pop Generation,2025-11-22,48,1,0,32,0,10,-5,F#/G♭ Minor,4,2WeoeuL4A2uO7aOCxUa6Cp,QZJ842504360,1
451,Beauty Clown,And One,140,11A,70,2026-01-09,03:21,41,"ebm, industrial, synthpop, darkwave",Computerstar,2006-05-19,61,18,0,77,0,0,-16,F#/G♭ Minor,4,0CdYlJx2bIVAMZzy69asMa,DEBZ70600199,1
453,Headshot,Miss Construction,134,3B,96,2026-01-09,05:00,62,"industrial, ebm, industrial metal, industrial rock",Kunstprodukt,2008-04-25,59,0,61,41,0,0,-6,C♯/D♭ Major,4,2TKdMGJVHfa1ChMOCAXeCA,DEBZ70800074,1
454,Benz Truck (гелик),Lil Peep,92,7A,76,2026-01-09,02:39,69,"emo rap, cloud rap","Come Over When You're Sober, Pt. 1",2017-08-15,60,5,1,11,0,10,-6,D Minor,4,0E9kGKtSm8btX8qPUvIsyT,UKELY1700026,1
455,Save That Shit,Lil Peep,106,10B,58,2026-01-09,03:51,79,"emo rap, cloud rap","Come Over When You're Sober, Pt. 1",2017-08-15,53,3,0,14,0,40,-9,D Major,4,3VZlCJimDGY0D7YEC7S351,UKELY1700052,1
456,Star Shopping,Lil Peep,93,9A,47,2026-01-09,02:22,83,"emo rap, cloud rap",Star Shopping,2015-08-17,54,9,2,31,10,10,-10,E Minor,4,1WbhIxkn5ECsOwUm795iX1,UKELY1800203,1
457,castles,"Lil Peep,Lil Tracy",135,5B,79,2026-01-09,02:24,74,"emo rap, cloud rap",castles,2016-07-04,57,5,0,43,0,10,-5,D#/E♭ Major,4,4VqEUmMjhbj6w7g5EVKILE,UKELY2100030,1
458,your favorite dress,"Lil Peep,Lil Tracy",130,9B,63,2026-01-09,02:57,75,"emo rap, cloud rap",CASTLES II,2017-02-07,49,8,0,10,0,10,-8,G Major,3,6ArK3RtQGmvDV63sUnPHRN,UKELY2100034,1
459,witchblades,"Lil Peep,Lil Tracy",144,4B,54,2026-01-09,02:29,74,"emo rap, cloud rap",CASTLES II,2017-02-07,63,2,0,54,0,30,-7,G#/A♭ Major,4,57NsyEzmk0NT3NcOwuQT55,USQX91903113,1
460,stop the car,"Lil Peep,Horse Head",78,11B,74,2026-01-09,03:28,58,"emo rap, cloud rap",stop the car,2026-01-01,47,8,0,48,10,10,-4,A Major,4,6QcCLs7DM7cDoheGYc9dTW,US6R22553667,1
461,downtown,Lil Peep,130,2B,63,2026-01-09,02:01,72,"emo rap, cloud rap",downtown,2025-08-15,47,27,0,69,0,10,-5,F#/G♭ Major,4,7Kko8vkYkz8rprGKSYDNQR,QMDA72551411,1
462,Runaway,Lil Peep,80,11A,59,2026-01-09,03:12,70,"emo rap, cloud rap","Come Over When You're Sober, Pt. 2",2018-11-09,40,44,6,18,0,40,-9,F#/G♭ Minor,3,1FBi1YWCAxlRmfuUbMINqO,USQX91802365,1
463,walk away as the door slams,"Lil Peep,Lil Tracy",135,3B,57,2026-01-09,02:40,71,"emo rap, cloud rap",HELLBOY,2016-09-25,55,0,0,17,0,10,-7,C♯/D♭ Major,3,5jl8wCqKCHCux0uWf3d7O9,UKELY2000115,1
464,the way i see things,Lil Peep,135,2A,53,2026-01-09,02:13,68,"emo rap, cloud rap",LIL PEEP; PART ONE,2024-09-18,63,7,2,18,0,10,-5,D#/E♭ Minor,4,2Ku34RwdypCEfVJyxQIfyI,QMDA62407240,1
465,Spotlight,"Marshmello,Lil Peep",150,9B,82,2026-01-09,02:57,71,"edm, emo rap, cloud rap",Spotlight,2018-01-12,55,1,0,62,10,70,-4,G Major,4,6VrCmhRBFnuGKmtNfk4jDs,TCADL1806966,1
466,nineteen,Lil Peep,132,10A,62,2026-01-09,02:57,69,"emo rap, cloud rap",crybaby,2016-06-10,57,1,0,30,0,10,-7,B Minor,4,2fXIrAxHbMeLukqcQTyhrh,UKELY2000074,1
467,haunt u,Lil Peep,164,9B,54,2026-01-09,01:58,69,"emo rap, cloud rap",LIVE FOREVER,2015-12-02,52,52,0,10,0,10,-8,G Major,3,6te48Fmf7E7DaBltRKRPE4,UKELY2200030,1
468,five degrees,Lil Peep,120,4B,51,2026-01-09,02:25,65,"emo rap, cloud rap",LIL PEEP; PART ONE,2024-09-18,59,1,0,6,0,10,-8,G#/A♭ Major,4,0QoRQA5R7xu5sY77fZ7QaK,QMDA62407243,1
469,lil jeep,Lil Peep,78,3A,36,2026-01-09,03:23,68,"emo rap, cloud rap",crybaby,2016-06-10,75,2,0,12,10,10,-7,A#/B♭ Minor,4,5W7hhtxN03ifV6O0c6XCkS,UKELY2000068,1
470,beat it,"Lil Peep,Nedarb",114,2B,59,2026-01-09,03:22,65,"emo rap, cloud rap",CALIFORNIA GIRLS,2016-02-22,72,29,0,26,0,10,-6,F#/G♭ Major,4,0GZKXX0In7pcQhxVPdz2Ls,UKELY2100004,1
471,giving girls cocaine,"Lil Peep,Lil Tracy",90,1B,73,2026-01-09,02:35,65,"emo rap, cloud rap",giving girls cocaine,2024-11-16,64,34,1,14,0,10,-8,B Major,4,7CYiqFCysFb6V4aDgvNzC5,QMDA72473236,1
472,The Brightside,Lil Peep,134,2A,64,2026-01-09,03:36,66,"emo rap, cloud rap","Come Over When You're Sober, Pt. 1",2017-08-15,65,4,0,88,0,10,-7,D#/E♭ Minor,4,7lbGqBMyCOK43hwY0Kcu7o,UKELY1700056,1
473,OMFG,Lil Peep,146,4B,70,2026-01-09,03:17,66,"emo rap, cloud rap",HELLBOY,2016-09-25,58,24,0,46,0,10,-6,G#/A♭ Major,4,0pdHkJIInkch0K9jLBBRaZ,UKELY2000103,1
477,S.E.X. Narcissist,VIOLENT VIRA,91,8A,87,2026-02-06,03:41,58,,Lover Of A Ghost,2025-11-14,57,1,0,42,0,30,-4,A Minor,4,6wC9CR5Dwbn9G6yo6PK1RP,USQE92500235,1
478,Ya Soshla S Uma,t.A.T.u.,90,4A,78,2026-02-13,03:34,60,,200 KM/H In The Wrong Lane (10th Anniversary Edition),2002-00-00,62,5,16,41,0,10,-5,F Minor,4,34v2sh3ilJ1Qqn1Ep40cgg,RUA110100031,1
479,Blue Monday (Slowed & Reverb),toastool,98,6B,78,2026-02-16,02:56,0,,Blue Monday (Slowed & Reverb),2021-07-15,74,0,13,58,0,20,-6,A#/B♭ Major,4,0EmLmsVS9dl0wCj5FA7yVO,QZ93L2122183,1
480,AKAI,"UdieNnx,HXVSAGE,Mc Luizinho",112,8B,45,2026-02-16,01:23,58,"phonk, brazilian phonk, drift phonk",UDIXSTATE,2025-06-13,59,28,92,17,0,10,-11,C Major,4,1YTvnpDmqBAgld6hOjNEN1,FRX452513642,1
482,Lost Soul 2.0,"cankick,NEVERLOSE",110,12A,81,2026-03-13,02:29,16,,Lost Soul 2.0,2023-00-00,77,9,0,45,10,20,-7,C♯/D♭ Minor,4,2wa0uPo9FQxehS7pdbOubt,FRX872549749,1
485,If You Care - Slowed,"akiaura,LONOWN,DJ Pointless",101,12A,92,2026-03-13,03:20,63,"witch house, electroclash, phonk",If You Care (Slowed),2025-02-21,54,14,81,40,0,20,-3,C♯/D♭ Minor,4,2bxSKW7drgKFdSbkmfrcYo,FR2X42512208,1
486,grave,kyszenn,108,11A,70,2026-03-13,02:25,54,"jersey club, hyperpop",grave,2024-07-12,50,6,93,16,0,10,-6,F#/G♭ Minor,4,2SmF9INQrybbcScwMqSnEO,QZSYP2461831,1
488,Join Me - Razorblade Mix,HIM,114,1A,69,2026-03-18,03:36,61,"gothic metal, gothic rock, finnish rock",And Love Said No...,2004-03-15,62,3,0,57,0,10,-7,G#/A♭ Minor,4,3IRXMoEQiK2ZXOUSzTAiLi,FIBAR9900299,1
489,Провалы в памяти - prod ART-DIRECTOR,ВНЛ,168,11A,74,2026-03-22,02:34,22,,Провалы в памяти,2025-09-12,63,16,0,57,20,0,-4,F#/G♭ Minor,4,1tjUC0WSNikpiuC1PVXnCN,RUAGV2512744,1
492,Flight Electro Souls - Original Mix,Faberlique,128,9A,42,2026-03-28,05:45,0,phonk,Flight Electro Souls,2011-04-02,81,0,17,40,40,0,-7,E Minor,4,6R1F2yd75LXJvpifDSUpwE,RUA491102985,1
493,How Deep Is Your Love - Studio Version,draken,119,9B,62,2026-03-30,02:31,53,,How Deep Is Your Love (Studio Version),2026-03-04,35,71,0,25,0,50,-8,G Major,4,0GCIzlBINpfpAlnc6jV2iM,QZAKB2549592,1
494,Hot Gum,SOFIA ISELLA,107,9B,68,2026-03-31,04:00,58,,Hot Gum,2023-05-05,74,29,1,47,10,10,-9,G Major,4,3ENzDf9yNtgQ3NPSOfVhN8,TCAHA2329086,1
496,Shadow,"Sidewalks and Skeletons,Goo Munday",128,12A,70,2026-04-05,04:09,56,"witch house, darkwave, electroclash",Exorcism,2022-02-02,47,0,0,43,0,0,-7,C♯/D♭ Minor,4,7b3YF30p0ghFL7LykwaraK,uscgh2206574,1
497,HIPFIRE,"Yuumu,Bodycam",130,10B,79,2026-04-10,01:50,31,,Bodycam (Official Game Soundtrack),2024-06-07,63,0,90,20,0,10,-5,D Major,4,4xZK2DFIaeEFQwI9N5Vrfb,CA5KR2466024,1
500,Amor,Dionnysuss,125,10B,50,2026-04-14,03:19,22,"darkwave, cold wave",Love Me From The Grave,2025-02-13,70,16,87,54,0,10,-13,D Major,4,3JvsogFpZh6SXnluHcjE2l,QM4TW2569624,1
501,What I've Done,Linkin Park,120,7B,94,2026-04-16,03:25,87,"nu metal, rap metal, rock, alternative metal",Minutes to Midnight,2007-05-14,63,1,0,29,0,10,-5,F Major,4,18lR4BzEs7e3qzc0KVkTpU,USWB10700721,1
502,The Emptiness Machine,Linkin Park,184,9B,87,2026-04-16,03:10,83,"nu metal, rap metal, rock, alternative metal",From Zero,2024-11-15,47,2,0,81,0,10,-3,G Major,4,1EDPVGbyPKJPeGqATwXZvN,USWB12403464,1
503,Deja Vu,Eminem,84,9A,87,2026-04-27,04:43,69,"rap, hip hop",Relapse: Refill,2009-05-15,70,21,0,57,20,20,-2,E Minor,4,0FDjc7fIiK29BWH45Ka7Vp,USUM70964088,1
2,Class of 2013,Mitski,126,8B,22,2022-06-07,01:49,0,,"Retired from Sad, New Career in Business",2013-08-01,44,94,0,12,0,10,-11,C Major,3,4N2ibi4kcH4D5ZYYvMiKsg,ushm81309669,3
8,Touch-Tone Telephone,Lemon Demon,160,5A,71,2022-06-07,04:42,57,,Spirit Phone,2016-02-29,63,20,0,57,0,10,-9,C Minor,4,1tmRlF5pFo8G5OfJYUjWrR,TCACM1645301,2
9,Kid A,Radiohead,113,7B,43,2022-06-07,04:44,57,"art rock, alternative rock",Kid A,2000-10-02,63,26,85,16,0,20,-16,F Major,4,3QDahKSqLwYJYQRbILdzS6,GBAYE0000811,1
10,Crack Baby,Mitski,64,2B,55,2022-06-07,04:52,68,,Puberty 2,2016-06-17,18,0,25,6,0,0,-12,F#/G♭ Major,4,0I0MPzbmzsjpttpkqWgNyx,USJ5G1612310,3
14,Juliet,Cavetown,132,2B,59,2022-06-07,04:38,71,bedroom pop,Animal Kingdom,2019-04-12,55,0,0,36,0,0,-8,F#/G♭ Major,4,45ROR8UMn60YEVQnDy0uVF,USHM91882113,3
19,Haunted,Laura Les,169,11B,82,2022-06-07,01:42,68,"hyperpop, glitch",Haunted,2021-03-12,51,0,3,55,0,10,-9,A Major,4,1toNKayLMeCcVlsLGXJl7n,USAT22007910,4
21,Tranquility Base Hotel & Casino,Arctic Monkeys,142,8A,84,2022-06-07,03:31,58,"indie, garage rock",Tranquility Base Hotel & Casino,2018-05-10,59,4,1,78,0,20,-4,A Minor,4,2URDbWGmPz3vhagl25p8OC,GBCEL1800167,2
23,Paranoid,Black Sabbath,163,9A,63,2022-06-07,02:48,11,"metal, heavy metal, rock, stoner rock, doom metal, hard rock",Paranoid (2009 Remastered Version),1970-09-18,43,0,0,38,0,10,-12,E Minor,4,1jzDzZWeSDBg5fhNc3tczV,GBAJE7000057,1
24,Space Oddity - Love You Til Tuesday version,David Bowie,81,8B,33,2022-06-07,03:46,44,"glam rock, art rock",The Deram Anthology 1966 - 1968,1997-06-09,46,74,0,33,0,10,-16,C Major,4,6kEyuKmF4kZylB5LcuRd8Y,GBF078420120,1
32,Villain,Stella Jang,109,8A,41,2022-06-07,03:11,58,,STELLA I,2020-04-07,95,66,0,67,0,0,-9,A Minor,4,5xouIycayHmjZxeuhXPhgX,KRA382001056,2
33,Rollin’ Girl,wowaka,98,5A,85,2022-06-07,03:14,3,vocaloid,Exit Tunes Presents Supernova,2015-08-01,50,0,0,32,0,0,-3,C Minor,4,5VJPBUVqxzLWmzzlJZy4r2,JPC230901442,2
36,NASA,Ariana Grande,75,2B,46,2022-06-07,03:02,66,pop,"thank u, next",2019-02-08,75,45,0,47,30,20,-7,F#/G♭ Major,4,4uTvPEr01pjTbZgl7jcKBD,USUM71900398,2
37,Goodbye,Bo Burnham,126,9B,31,2022-06-07,04:09,33,comedy,INSIDE (DELUXE),2022-06-03,73,60,0,15,0,10,-10,G Major,4,6GWF5FAWJEyhZ3J0uvirBA,USA2P2122072,4
38,Algo mejor que hacer,El Cuarteto De Nos,163,11B,86,2022-06-07,03:21,69,"cuarteto, argentine rock, latin rock, rock en español",Porfiado,2012-04-27,46,6,0,55,0,0,-3,A Major,4,5GzToRpMxX7x8dUhWWUffH,ARF111200004,1
39,xanny,Billie Eilish,112,11B,13,2022-06-07,04:03,71,,"WHEN WE ALL FALL ASLEEP, WHERE DO WE GO?",2019-03-29,52,75,0,5,20,20,-18,A Major,4,4QIo4oxwzzafcBWkKjDpXY,USUM71900765,3
42,I'm Only Sleeping - Remastered 2009,The Beatles,103,1A,47,2022-06-07,03:00,61,"classic rock, psychedelic rock",Revolver (Remastered),1966-08-05,49,21,0,70,0,20,-10,G#/A♭ Minor,4,2ylCrFiBu98SC0vFfaCent,GBAYE0601495,1
43,Sweet Hibiscus Tea,Penelope Scott,110,7B,28,2022-06-07,02:25,57,,The Junkyard 2,2020-05-13,66,87,0,56,0,30,-7,F Major,4,4xoRJ2BJWRo5kFoEu4BpvC,QZES92051839,4
44,Echoes - 2011 Remastered Version,Pink Floyd,147,11A,30,2022-06-07,23:33,0,"progressive rock, psychedelic rock, classic rock, art rock, rock",Meddle (2011 Remastered Version),1971-11-05,25,43,57,14,0,10,-18,F#/G♭ Minor,4,1Mzm1CNqVxtwbCYhOo843s,GBN9Y1100065,1
47,Mind Is A Prison,Alec Benjamin,75,4A,65,2022-06-07,02:41,62,,These Two Windows,2020-05-29,66,50,0,67,0,10,-5,F Minor,4,2hGQDYmjkwTS0J7Q2bM2sF,USAT21906853,2
48,Morning Bell/Amnesiac,Radiohead,62,10B,42,2022-06-07,03:14,49,"art rock, alternative rock",Amnesiac,2001-03-12,32,71,5,18,0,10,-6,D Major,4,09rXQjOX61UGL36z76q8OS,GBAYE0001583,1
49,Heroin,Lana Del Rey,119,10A,41,2022-06-07,05:55,62,,Lust For Life,2017-07-21,35,56,1,10,0,10,-9,B Minor,4,7lSdUlVf8k6kxklKkskb1m,GBUM71702624,2
1,Disparate Youth,Santigold,152,3B,93,2025-04-19,04:44,73,,Master of My Make-Believe,2012-04-16,64,1,83,55,0,20,-4,C♯/D♭ Major,4,0t2QiRkpag0fAgs9zuCPlH,GBAHS1100389,1
5,Facebook.com,Memo Boy,167,10A,76,2022-06-04,03:38,0,,Songs & Demos 2015-2017,2021-06-04,42,3,84,55,0,20,-7,B Minor,4,2eyDbHAGCtdkCGSGJafZT4,GB5P52100115,1
6,Troublemaker,Beach House,177,8B,63,2022-01-16,04:55,44,dream pop,Bloom,2012-05-15,32,14,0,27,0,0,-8,C Major,4,5C54HfgwmX7Er7FBDhdz1E,USSUB1296506,2
12,Yes I'm Changing,Tame Impala,180,8B,61,2022-05-04,04:30,77,"neo-psychedelic, indie",Currents,2015-07-17,37,11,0,35,0,0,-7,C Major,4,0xtIp0lgccN85GfGOekS5L,AUUM71500295,2
14,"Dream, Ivory","Dream, Ivory",120,3B,57,2022-03-30,03:08,0,,"Dream, Ivory",2017-03-09,54,8,33,19,0,0,-5,C♯/D♭ Major,4,1VqYfdsorchSvhXW6gtBzo,TCACY1789034,2
15,Haunted,Laura Les,169,11B,82,2022-02-16,01:42,68,"hyperpop, glitch",Haunted,2021-03-12,51,0,3,55,0,10,-9,A Major,4,1toNKayLMeCcVlsLGXJl7n,USAT22007910,4
16,F Song,Strawberry Guy,81,5A,51,2022-01-17,03:44,68,bedroom pop,F Song,2018-08-09,24,41,28,23,0,30,-11,C Minor,4,4z9KVNX4hmk672SJfhtQNz,TCADT1853143,2
17,What Would I Do?,Strawberry Guy,129,1B,46,2022-07-22,03:54,73,bedroom pop,What Would I Do?,2019-07-22,54,46,90,44,0,0,-8,B Major,4,5EJA7Rwkeuvm98CZg0XXNO,TCADX1837626,2
23,Wherever You Go,Beach House,128,11B,42,2022-09-26,03:26,56,dream pop,B-Sides and Rarities,2017-06-30,55,22,94,22,0,20,-11,A Major,4,2gNvrbywamPJShUrg9u0YL,USSUB1720514,2
24,10:37,Beach House,96,7B,41,2022-01-16,03:48,53,dream pop,Depression Cherry,2015-08-28,58,72,14,53,0,10,-9,F Major,4,3ETUDzHZP3Ue3C767F9jxM,USSUB1512205,2
26,PPP,Beach House,105,3B,47,2022-09-07,06:08,64,dream pop,Depression Cherry,2015-08-28,49,36,89,15,0,0,-8,C♯/D♭ Major,3,5JyJsAZyLTD7W5oWLeB0JK,USSUB1512206,2
29,"Sea, Swallow Me","Cocteau Twins,Harold Budd",164,8B,67,2022-03-30,03:09,65,"dream pop, shoegaze, gothic rock, ambient, minimalism",The Moon and the Melodies,1986-11-10,45,59,24,83,0,20,-13,C Major,3,7vPHiwgCOAjSBRjAirbMvS,GBAFL8600048,2
35,drowning,offwire,180,10A,40,2022-07-07,01:57,2,,drowning,2022-06-16,56,32,94,13,0,10,-15,B Minor,4,1wQC8cqR3oYXRbgJLj65IR,QZK6N2277972,2
36,Cherry,Chromatics,108,6A,78,2022-04-20,04:31,60,dream pop,Cherry (Deluxe),2017-12-09,66,3,23,81,0,10,-6,G Minor,4,4sRmzVSedvFkENbSJ342Ex,QMMMF1300022,2
51,Blue Bird,"BANANA FISH,Shinichi Osawa",87,1A,2,2022-03-30,02:24,48,anime,BANANA FISH (Original Soundtrack Produced by Shinichi Osawa),2018-09-26,67,100,97,45,0,10,-25,G#/A♭ Minor,4,0aeHNyiNeggD428PIcR4j0,JPE301800980,1
54,Brokendate,Com Truise,170,1B,54,2022-03-30,05:08,59,"synthwave, chillwave, vaporwave",Galactic Melt,2011-06-14,53,26,62,55,10,30,-7,B Major,4,0XcY2bB4lectIINykHYYDa,US2J71103807,2
64,I Want You,Mitski,132,5B,29,2022-01-17,03:03,0,,"Retired from Sad, New Career in Business",2013-08-01,29,51,0,6,0,0,-11,D#/E♭ Major,3,4Phnrzy56Yt0VNooKCwr3p,ushm81309666,2
68,This Feeling,my!lane,126,6A,91,2022-07-17,02:43,61,"phonk, drift phonk",Sakura's Shadows,2021-12-03,49,0,0,21,10,10,-5,G Minor,4,3vefdW0Zsk57Qn0qxXeVCI,QMDA72157439,2
69,Lucky,Radiohead,133,10A,40,2022-03-09,04:18,67,"art rock, alternative rock",OK Computer,1997-05-28,21,5,61,20,0,10,-10,B Minor,4,14xj58ZexBaEaHARb11Cqs,GBAYE9701375,2
72,I Don't Need You,Acid Ghost,156,9B,82,2022-05-19,03:06,45,dream pop,I Don't Need You,2015-04-06,47,2,82,26,0,30,-5,G Major,4,7IWdKDoQ3QNaF790h3skyc,TCADI1733219,2
75,Дорогой Человек,PERMSKY KRAY,90,10A,57,2022-05-04,04:10,0,"post-punk, cold wave, darkwave",Дорогой Человек,2021-06-04,56,4,90,17,0,0,-8,B Minor,4,61iGGhMOjv8eKlRlqugSXP,FR96X2193728,2
76,Dayflower,Cathedral Bells,170,11B,94,2022-05-04,02:53,6,"dream pop, shoegaze",Ether,2021-01-29,15,0,82,60,10,0,-4,A Major,4,3Y3uR7Fd2yVBLHmgsqmZnS,QZFYW2160144,2
79,Tomorrow Comes Today,Gorillaz,93,2B,60,2022-05-24,03:13,65,,Gorillaz,2001-03-26,75,1,59,57,0,10,-5,F#/G♭ Major,4,6BL4PpswVjH9BAajbIbpmZ,GBAYE0000724,3
82,help_urself - breakcore,Ezekiel,195,2B,83,2022-07-17,01:58,43,"hyperpop, breakcore",help_urself (Alternates),2021-09-10,41,1,33,10,20,20,-6,F#/G♭ Major,4,3mfO4NyNl1sW4WabTejw4y,USWB12103266,2
84,Smalltown Boy,Bronski Beat,135,4A,58,2022-05-29,05:02,83,"synthpop, hi-nrg",The Age of Consent,1984-10-15,69,29,1,94,0,10,-11,F Minor,4,5vmRQ3zELMLUQPo2FLQ76x,GBAAP0200005,2
85,Little Bit,Lykke Li,120,9B,74,2022-05-30,04:33,68,,Youth Novels,2008-06-06,82,16,0,70,0,10,-7,G Major,4,0Ps4Eh6SQjeLnubbCsQTDD,SEVUM0700701,2
89,Cherry Waves,Deftones,124,10B,86,2022-07-17,05:17,80,"nu metal, alternative metal, rap metal, rock, shoegaze",Saturday Night Wrist,2006-10-25,47,0,1,17,0,10,-4,D Major,4,70L6nHORQsblY813yNqUR3,USMV20600284,2
101,On Fye,"The Simps,Eyedress,zzzahara",92,3B,80,2022-07-17,02:07,26,,Siblings,2022-02-14,48,1,12,80,0,20,-6,C♯/D♭ Major,4,6qLQ0K5jkOB0QrbDwNmKg9,GBMYF2000123,2
105,This Night Has Opened My Eyes - 2011 Remaster,The Smiths,100,10B,63,2022-09-07,03:41,76,"new wave, madchester, jangle pop",Hatful of Hollow,1984-00-00,70,0,43,70,0,20,-8,D Major,4,69Kzq3FMkDwiSFBQzRckFD,GBCAD1000139,2
112,About A Girl,Nirvana,132,10A,93,2022-09-07,02:46,61,"grunge, rock",Nirvana,2002-10-29,41,0,0,59,0,30,-5,B Minor,4,55yvzYuvJYG2RUEnMK78tr,USUG10200084,2
114,Pretty Girls Make Graves - 2011 Remaster,The Smiths,116,11A,66,2022-09-07,03:43,73,"new wave, madchester, jangle pop",The Smiths,1984-02-20,61,1,0,78,0,20,-9,F#/G♭ Minor,4,3wUMcPzXcmaeW8QxTdyXQO,GBCRL1100030,2
116,I Hope to Be Around (Live),Men I Trust,176,1B,36,2022-09-14,03:46,0,"bedroom pop, indie pop",Forever Live Sessions,2020-07-10,59,89,19,59,0,10,-15,B Major,4,1EOC47ETkQCedpxemcJpal,TCAEZ2023540,1
119,This Could Build Us a Home,The Garden,95,11A,95,2022-09-27,02:00,55,,haha,2015-10-09,62,1,29,40,10,10,-6,F#/G♭ Minor,4,7Cp2PE6Id35QlK1pIpu7X9,USEP41522010,3
120,Ghost,Machine Girl,154,10A,92,2022-09-26,03:05,0,"breakcore, speedcore, jungle, hyperpop",Wlfgrl,2014-02-17,71,1,93,38,10,30,-7,B Minor,4,4orMsymF399H3xKBc0AIhx,QZFZ52094707,1
124,Didn't Want to Have to Do It (Ver 1),Cass Elliot,79,4B,33,2022-10-01,03:39,0,,Here's A Song! (You Might Have Missed) Vol 13,2011-07-15,34,64,2,26,0,10,-14,G#/A♭ Major,3,3jVJgwG4CBus9JRjbPncDD,USA371367998,2
125,The Shining,The Neighbourhood,97,6B,69,2022-10-08,03:34,59,,Chip Chrome & The Mono-Tones (Deluxe),2020-12-11,63,5,76,55,0,10,-7,A#/B♭ Major,4,3m3ylOXgB3v9xmDSIJyx9S,USSM12006843,2
130,The Promise,When In Rome,118,8B,88,2022-10-09,03:40,76,"new wave, synthpop",When In Rome,1988-01-01,63,9,0,36,0,0,-10,C Major,4,48p5E25cFPanxuwCTmTpuL,GBAAA8800494,2
131,Boys Don't Cry,The Cure,169,10A,84,2022-10-09,02:35,85,"new wave, post-punk, gothic rock, darkwave",Three Imaginary Boys,1979-05-11,46,1,0,67,0,10,-6,B Minor,4,1QFh8OH1e78dGd3VyJZCAC,GBALB7800001,2
132,SimpsonWave1995,FrankJavCee,170,2A,38,2022-10-12,02:22,65,"vaporwave, synthwave","FrankJavCee Collection, Vol. 1, Pt. II",2016-06-05,66,6,56,65,0,10,-10,D#/E♭ Minor,3,0qqRNnwh86N1XBV94GVgQN,TCACN1696584,2
135,Blue Loop,Stiig,170,12B,86,2022-10-20,03:01,0,"synthwave, vaporwave, chillwave",Blue Loop,2019-09-16,52,95,92,71,10,0,-10,E Major,4,606gfW659CW05XqPe1Cobl,SE6HN1962843,2
138,Head First,Home,134,4A,74,2022-11-03,03:33,0,"vaporwave, synthwave, chillwave",Falling into Place,2016-02-26,68,0,81,43,0,10,-10,F Minor,4,3tjwjBfPO1pyjhnrI0J5Nq,QM4DW1610378,2
140,Palace (Sped Up),ADTurnUp,78,7B,19,2022-11-04,02:16,0,,Palace (Sped Up),2022-09-07,53,77,91,66,0,10,-15,F Major,4,3dSIHREYh7yDmVrB5mX65j,USANG2201807,1
146,Lies in the Eyes of Love,Part Time,122,10A,62,2022-12-05,03:16,0,dream pop,Lies in the Eyes of Love,2019-07-26,71,0,53,37,0,0,-7,B Minor,4,4EtELRz6M3e184zevnBKDb,USA2P1822500,2
150,Numbers,TEMPOREX,94,2B,33,2022-12-10,02:07,12,bedroom pop,Numbers,2017-05-16,42,47,0,50,0,10,-11,F#/G♭ Major,4,4GuZMzKXJSoWhwHUqRa0fm,QM2PV1704435,4
154,Deep Blue,"All India Radio,Sasquin",116,9A,43,2023-02-01,03:03,9,"downtempo, post-rock, trip hop, ambient, space music, space rock, ",Deep Blue,2021-03-17,38,64,78,10,0,10,-12,E Minor,4,7hwG9da1Eo7ScGOOB9Q2OB,QZFZ62144442,2
155,Policy of Truth - 2006 Remaster,Depeche Mode,114,4B,66,2023-02-01,04:54,1,"new wave, synthpop, darkwave",Violator (2006 Remaster),1990-03-19,68,1,23,36,0,10,-7,G#/A♭ Major,4,0C6EIiQu8CS4eYtOCMEiAd,GBAJH0600293,2
159,Playground Love,"Air,Gordon Tracks",143,6A,42,2023-03-08,03:31,3,"trip hop, downtempo, ",The Virgin Suicides (Original Motion Picture Score),2000-02-25,33,27,73,12,0,30,-11,G Minor,4,052z2UsE2wPrHsBJ9tly0g,FR71S9900001,2
161,Lovesong - 2010 Remaster,The Cure,140,8A,81,2023-04-01,03:29,71,"new wave, post-punk, gothic rock, darkwave",Disintegration (Deluxe Edition),1989-05-02,61,34,90,82,0,20,-8,A Minor,4,0X5C4WjQNubRysTkHOubz3,USEE10901455,2
162,Pink in the Night,Mitski,103,10B,41,2023-04-05,02:16,65,,Be the Cowboy,2018-08-17,21,16,0,11,0,30,-10,D Major,4,51vArgRF64yIWk3JIcRITo,USJ5G1815010,2
171,haunt me (x 3),Teen Suicide,111,7B,61,2024-09-01,02:45,60,"lo-fi indie, midwest emo",dc snuff film / waste yrself,2015-10-07,57,71,80,22,0,0,-10,F Major,4,1QUMpZT7HG6sO3RiBu1LAJ,QMCE71300296,1
173,Huit octobre 1971,Cortex,82,10B,66,2024-09-01,04:26,60,"jazz fusion, jazz funk",Troupeau bleu,1975-07-15,51,22,86,78,0,10,-11,D Major,4,2CsnpBAB8VQMTyPuws57ao,FR59R1692439,1
174,Her,The American Dawn,103,2A,60,2024-09-10,03:34,79,,Her,2024-07-26,66,1,1,53,0,0,-8,D#/E♭ Minor,4,2vlkTkPqdATznKHu9gD2c1,QZTAW2475627,1
177,World In My Eyes,Depeche Mode,122,3A,88,2024-11-12,04:26,63,"new wave, synthpop, darkwave",Violator (Deluxe),1990-03-19,66,1,83,96,0,0,-8,A#/B♭ Minor,4,0TBn49AjkNufCRJ2O5VJ6s,GBAJH0600287,1
178,Champagne Coast,Blood Orange,123,11B,41,2025-03-04,04:52,81,art pop,Coastal Grooves,2011-08-08,81,2,39,76,0,0,-13,A Major,4,0AIpGG5dxEgnAymhdJRSZ0,GBCEL1100251,2
183,DEEP IN YOUR SOUL,alan vuong,171,8A,65,2025-04-04,03:11,69,dark r&b,DEEP IN YOUR SOUL,2025-02-07,34,33,5,22,0,30,-7,A Minor,3,0tbar3AoobXRjfhlh7b95g,QZPEW2559436,1
186,Dagenham Dream,Blood Orange,177,3B,40,2025-08-14,02:45,46,art pop,Negro Swan,2018-08-24,53,59,0,50,10,10,-11,C♯/D♭ Major,4,7wA6K5a70ApY3Ypgqg4Gbz,GBCEL1800206,1
187,Here's Where The Story Ends,The Sundays,109,9B,59,2025-08-14,03:54,0,"dream pop, jangle pop","Reading, Writing & Arithmetic",1990-01-15,62,29,0,83,0,0,-11,G Major,4,4SPi5Pl7aAtauFsH9Lk5LB,USGF19027702,1
7,i'll die anyway.,girl in red,158,8B,63,2022-03-08,03:12,0,bedroom pop,i'll die anyway.,2019-07-17,47,0,57,17,0,0,-7,C Major,4,7yyJF1BYBaCifNmO1RGhv7,GBKPL1956621,2
17,Demons,Imagine Dragons,90,5B,71,2022-03-08,02:57,85,,Night Visions,2012-09-04,50,19,0,42,0,20,-3,D#/E♭ Major,4,5qaEfEh1AtSdrdrByCP7qR,USUM71201071,1
19,Little Girls - From the Annie (2014) Original Movie Soundtrack,Cameron Diaz,114,10A,62,2022-03-08,02:17,59,,Annie (Original Motion Picture Soundtrack),2014-11-17,77,12,0,80,0,10,-4,B Minor,4,7pt9UpYjDqpx7Ctcr0yeDS,US4DG1400214,1
22,My Kind of Woman,Mac DeMarco,92,11A,77,2022-03-09,03:10,0,"indie, lo-fi indie",2,2012-10-16,50,0,49,46,0,10,-7,F#/G♭ Minor,4,2OFrAsP5Vrcb0DtsPNsm54,QMMZN1200053,2
23,Feel Something,Jaymes Young,138,10A,59,2022-03-09,03:37,60,,Feel Something,2017-06-23,61,69,0,35,0,10,-7,B Minor,4,0vMI3AJPQMjytAu8XMWr65,USAT21700630,1
26,Little Talks,Of Monsters and Men,103,3B,76,2022-03-09,04:26,82,folk pop,My Head Is An Animal,2012-01-01,46,2,0,42,0,10,-5,C♯/D♭ Major,4,2ihCaVdNZmnHZWt0fvAM7B,USUM71119106,1
29,Look Who’s Inside Again,Bo Burnham,160,10B,33,2022-03-11,01:23,0,comedy,Inside (The Songs),2021-06-10,64,76,0,65,0,30,-9,D Major,3,7d8dqy6GbiUqotcTSs0jXg,USA2P2122069,3
31,Juliet,Cavetown,132,2B,59,2022-03-15,04:38,71,bedroom pop,Animal Kingdom,2019-04-12,55,0,0,36,0,0,-8,F#/G♭ Major,4,45ROR8UMn60YEVQnDy0uVF,USHM91882113,3
34,Mind Over Matter (Reprise),Young the Giant,152,8B,49,2022-03-15,03:50,75,,Mirrorball / Mind Over Matter (Reprise),2015-04-18,39,23,0,30,0,10,-6,C Major,4,77KnJc8o5G1eKVwX5ywMeZ,USAT21405325,2
46,i need to be alone.,girl in red,148,6B,55,2022-05-29,02:56,0,bedroom pop,i need to be alone.,2019-03-13,51,27,0,58,0,20,-10,A#/B♭ Major,4,7LBfVMw4MNNGCLGmXeuDv6,GBKPL1939652,2
52,Meteor Shower,Cavetown,170,7B,49,2022-06-04,04:25,64,bedroom pop,Cavetown,2015-11-09,51,43,0,14,0,10,-10,F Major,3,6A2itXgDf96XHp9qR6oyPN,TCADM1818853,2
78,Out of Touch,Daryl Hall & John Oates,115,8A,65,2022-11-08,04:09,68,"yacht rock, soft rock",The Very Best of Daryl Hall / John Oates,2009-02-20,81,4,0,90,0,0,-9,A Minor,4,7zLGHdfJ3JRPxvc96mEPEi,USRC10000836,1
83,Coffee,Jack Stauber's Micropop,116,2B,48,2022-11-19,00:58,67,,Shop: A Pop Opera,2020-03-08,81,93,0,66,30,10,-11,F#/G♭ Major,4,2zmo93xTzKTP0lztR9iy9H,QMEZE2021309,2
84,Problematic,Bo Burnham,148,6A,87,2022-11-19,03:13,0,comedy,Inside (The Songs),2021-06-10,72,3,0,93,0,10,-6,G Minor,4,6NBAtnU5ICF7fazEFn2hKL,USA2P2122077,1
89,Numbers,TEMPOREX,94,2B,33,2022-11-19,02:07,12,bedroom pop,Numbers,2017-05-16,42,47,0,50,0,10,-11,F#/G♭ Major,4,4GuZMzKXJSoWhwHUqRa0fm,QM2PV1704435,4
90,4am,girl in red,169,11B,39,2022-11-27,01:50,57,bedroom pop,4am,2018-08-10,42,66,34,30,0,20,-14,A Major,4,75enpZYDT6k0PNKu6SJ4W5,GBLFP1888313,1
93,Heaven Knows I'm Miserable Now - 2011 Remaster,The Smiths,114,2B,76,2022-12-12,03:35,83,"new wave, madchester, jangle pop",Hatful of Hollow,1984-00-00,61,3,0,77,0,10,-5,F#/G♭ Major,4,1xaTREM89RbIxkcjlpf4Uw,GBCRL1100070,2
94,Fine,Lemon Demon,135,8B,81,2023-01-04,04:39,65,,Dinosaurchestra,2006-07-20,71,8,0,44,0,0,-9,C Major,4,2GlV9w8oHSQdiPPk9lxqlp,USTCD1050479,1
100,Oh Klahoma,Jack Stauber,109,9B,40,2023-02-02,03:05,72,,Pop Food,2017-03-25,70,43,1,48,0,30,-10,G Major,4,6SZwj6cjc8JQbkrr8cbIUn,QMPKX1703670,2
103,Smile Boyo,Vundabar,79,4A,66,2023-02-11,03:28,52,,Gawk,2015-07-24,55,26,0,51,0,10,-6,F Minor,4,6SHTRuxHS9pM3BJsTn4PcU,USDY41567491,2
105,I Think I'm Going To Kill Myself,Elton John,138,8B,54,2023-02-11,03:35,51,,Honky Chateau,1972-05-19,63,52,0,72,0,10,-8,C Major,4,4q7tMaar2kUMweKu6N5bZz,GBAMB7200004,1
108,Eleanor Rigby,The Beatles,137,9A,30,2023-02-11,02:05,61,"classic rock, psychedelic rock",Yellow Submarine Songtrack,1999-09-13,52,84,0,62,0,40,-7,E Minor,4,6EOKwO6WaLal58MSsi6U4W,GBAYE9901219,2
114,Art Is Dead,Bo Burnham,86,12B,62,2023-02-22,02:32,54,comedy,Words Words Words,2010-10-19,52,84,0,70,0,90,-6,E Major,4,3n9ABQpqK6EgaOPEtfzD4I,US85P1010114,1
116,Remember You Omnichord,Trillian,147,7B,25,2023-02-22,02:40,58,,Remember You Omnichord,2021-08-29,19,82,0,4,0,10,-12,F Major,1,1Q2BQP5bR6G0ZydJItu8mq,QZMEM2158588,1
117,despair,leo.,174,8B,66,2023-03-01,02:55,0,,despair,2019-03-24,41,61,0,50,0,30,-7,C Major,4,292JruITePIpFvRpPb85GF,QZES71992235,1
120,Tomorrow Comes Today,Gorillaz,93,2B,60,2023-03-01,03:13,65,,Gorillaz,2001-03-26,75,1,59,57,0,10,-5,F#/G♭ Major,4,6BL4PpswVjH9BAajbIbpmZ,GBAYE0000724,3
121,Love Like You (feat. Rebecca Sugar) - End Credits,"Steven Universe,Rebecca Sugar",118,5A,24,2023-03-04,02:23,74,,"Steven Universe, Vol. 1 (Original Soundtrack)",2017-06-02,59,88,0,29,0,10,-10,C Minor,3,3z9OnsnvM6SFN2dzrSDdVO,TCADA1768019,2
126,Serotonin,girl in red,149,10B,79,2023-04-01,03:02,0,bedroom pop,Serotonin,2021-03-03,58,1,0,72,20,30,-5,D Major,4,1q2Zb0v5ZGxKDktEz7wSPb,GBKPL2136765,1
127,Aglow,The Rare Occasions,105,6A,51,2023-04-10,02:47,51,,Aglow,2015-12-04,49,20,0,17,0,0,-4,G Minor,3,5YICiSTdTX0y9wwA7CuNYh,ushm81535272,2
128,Seventeen,Exit 18,127,8A,66,2023-04-10,04:02,29,,Seventeen,2019-05-31,41,1,0,45,0,0,-5,A Minor,4,0iWAFHzXmJ0D86dDlB1V38,ushm21900170,1
129,Evelyn Evelyn,Evelyn Evelyn,180,6A,23,2023-04-10,04:36,55,baroque pop,Evelyn Evelyn,2010-03-30,32,82,0,15,0,10,-12,G Minor,3,4bZi0vF5fPvB2g8JiWDARW,USKVD1000001,1
132,Matsuri,Fujii Kaze,97,3B,73,2023-04-22,03:45,67,j-pop,LOVE ALL SERVE ALL,2022-03-23,66,1,5,36,0,20,-7,C♯/D♭ Major,4,7AMGgAPFczs3wJgMqu6Eqi,JPPO02200420,1
133,Goodbye,Bo Burnham,126,9B,31,2023-04-25,04:09,61,comedy,INSIDE,2021-06-10,73,60,0,15,0,10,-10,G Major,4,2ySaltE2swk0QsimILPK05,USA2P2122072,4
144,United In Grief,Kendrick Lamar,86,4B,85,2023-06-20,04:15,0,"hip hop, west coast hip hop",Mr. Morale & The Big Steppers,2022-05-13,53,24,0,33,40,10,-8,G#/A♭ Major,3,05zd5Nv0e02ZqrlC8A2cwx,USUM72208961,2
147,QUEEN OF THE NIGHT,The Vanished People,90,6A,68,2023-07-15,02:44,54,,QUEEN OF THE NIGHT,2023-06-16,61,7,0,97,0,10,-12,G Minor,4,1gO9SZTzqUOdCpGaU6eRlS,QZK6K2335353,1
149,Can You Remember the Rain - Sequence Remix,Garrett Atterberry,144,9B,47,2023-07-25,03:06,0,,Melodramatic,2020-08-28,45,16,22,23,0,10,-7,G Major,4,5jikmrFL7wzkaCvdUSePkB,QZDA82192491,1
158,Nowhere Man - Remastered 2009,The Beatles,121,12B,62,2023-10-29,02:43,66,"classic rock, psychedelic rock",Rubber Soul (Remastered 2009),1965-12-03,53,1,0,69,0,10,-10,E Major,4,5SUlhldQJtOhUr2GzH5RI7,GBAYE0601482,1
160,I Want To Break Free,Queen,109,12B,41,2023-10-29,03:43,74,"classic rock, rock, glam rock",Bohemian Rhapsody (The Original Soundtrack),2018-10-19,81,11,0,50,0,0,-9,E Major,4,7iAqvWLgZzXvH38lA06QZg,GBUM71805978,1
164,I'd Rather Sleep,Kero Kero Bonito,142,6B,58,2023-11-10,01:55,68,,Intro Bonito,2014-08-25,77,1,34,85,0,10,-7,A#/B♭ Major,4,614cx8ZtQJX7jRIBnUhPA7,GBSV71400025,4
1,HEAVEN SAYS.,chart,160,3B,84,2024-07-14,02:00,62,,HEAVEN SAYS.,2022-06-03,48,1,86,12,0,30,-11,C♯/D♭ Major,4,5vXVKVl96c7IIJ3vdRrDo8,QZK6P2257220,1
18,Dreamcore,pathetic240px,140,3A,99,2024-07-14,02:58,61,"witch house, hyperpop",Dreamcore,2021-08-27,44,5,0,45,10,10,-2,A#/B♭ Minor,4,2cfFwuqPLUre5laXoyiRme,RUA1D2148781,1
19,Cupid,Jack Stauber's Micropop,83,5B,51,2024-07-14,03:40,68,,Dinner Is Not Over / There's Something Happening / Keyman / Cupid,2020-02-07,57,94,81,44,0,40,-7,D#/E♭ Major,4,2t7RNUa8I8fbZAEAmZOkBl,QZFYZ2005197,1
22,Aglow,The Rare Occasions,105,6A,51,2024-07-14,02:47,51,,Aglow,2015-12-04,49,20,0,17,0,0,-4,G Minor,3,5YICiSTdTX0y9wwA7CuNYh,ushm81535272,2
26,Notice Me Senpai,"Ihascupquake,Weebl",168,6B,87,2024-07-17,02:19,62,,Notice Me Senpai,2016-04-01,55,7,0,73,10,0,-7,A#/B♭ Major,4,7cAVjeAhrjea4ohj5R2lVt,QM4DW1621233,1
30,Numbers,TEMPOREX,94,2B,33,2024-07-17,02:07,12,bedroom pop,Numbers,2017-05-16,42,47,0,50,0,10,-11,F#/G♭ Major,4,4GuZMzKXJSoWhwHUqRa0fm,QM2PV1704435,4
33,I'd Rather Sleep,Kero Kero Bonito,142,6B,58,2024-07-17,01:55,0,,Intro Bonito,2014-08-25,77,1,36,86,0,10,-7,A#/B♭ Major,4,56JcHvg7W4cCs6fQEOz2gW,GBSV71400025,4
34,Night Flower,Ahn Ye Eun,170,3A,50,2024-07-17,04:24,55,k-ballad,Night Flower OST,2021-08-28,50,78,0,22,0,10,-6,A#/B♭ Minor,3,0CAWevK0VMgjnUas8aARLd,KRF592100064,1
35,Night Flower (Inst.),Ahn Ye Eun,170,3A,56,2024-07-17,04:24,37,k-ballad,Night Flower OST,2021-08-28,55,85,95,15,0,10,-12,A#/B♭ Minor,3,2StRsXchsj6vBYTx9FlGqr,KRF592100065,1
36,Samuto Ischu,Rory in early 20s,132,3A,98,2024-07-17,03:11,44,"breakcore, speedcore, jungle",Samuto Ischu,2020-11-26,28,0,5,33,20,20,-2,A#/B♭ Minor,4,65K3pBEEKhAw02cqDNxcGb,QZMHK2064452,1
37,This Could Build Us a Home,The Garden,95,11A,95,2024-07-18,02:00,55,,haha,2015-10-09,62,1,29,40,10,10,-6,F#/G♭ Minor,4,7Cp2PE6Id35QlK1pIpu7X9,USEP41522010,3
38,Harpy Hare,Yaelokre,130,10B,53,2024-07-24,03:00,3,,Harpy Hare,2024-01-04,65,64,0,35,0,20,-12,D Major,4,35I2E525yJpUQ5ZJgfxizT,QZWFP2367225,2
41,Animal Cannibal,Ivol,148,5B,43,2024-07-25,02:14,0,,Animal Cannibal,2020-01-03,85,85,1,84,40,10,-11,D#/E♭ Major,4,2KgZ2wAcBPSWTBOknBvSDZ,QZWFK2384757,1
42,LET ME SEE YA MOVE! SLOWED,"Lumi Athena,cade clair",128,5A,96,2024-08-16,02:15,61,"hyperpop, jersey club",LET ME SEE YA MOVE!,2023-07-02,41,1,3,49,10,20,-4,C Minor,4,0Cai3YUOskanhuoz9o5N0W,QZQAY2365471,1
49,Palmtree Panic,Amiicus,93,3A,79,2024-09-02,02:49,0,,Palmtree Panic,1993-00-00,60,6,50,95,0,20,-9,A#/B♭ Minor,4,1gqtEuiwMFCcdAbpRowzgp,USDA12318240,1
50,I'm so fucked up please help me,Rebzyyx,104,9B,100,2024-09-06,01:50,70,hyperpop,I'm so fucked up please help me,2021-03-06,60,20,1,21,10,10,-4,G Major,4,3wtN68pgYcPyc7H6GRd31a,QZES62113404,1
51,You Are an Idiot! - [Sped Up],"APOCALIPSIS,mentalHAZRD",95,10B,100,2024-09-25,01:54,50,"vocaloid, ",Yaai! (Alternates),2020-00-00,64,10,93,4,20,60,0,D Major,4,1OTTsC0cNRDUXNTULzJMsu,QZTPX2267801,1
52,ENA REMIX,Cótiles,176,4A,70,2024-09-25,02:09,52,,ENA REMIX,2024-06-18,61,3,0,28,30,0,-6,F Minor,4,28wHK93JnSDXPlnRBE1xNs,QZNWW2492039,1
54,Kitty City,Cyriak Harris,90,12A,68,2024-09-25,02:25,58,,Animation Mix,2020-07-04,71,2,4,40,0,20,-11,C♯/D♭ Minor,4,2lx3KjCKt6K9ANXZViY6Nv,GBSMU8324666,1
55,Perfect Nothing,Ghost and Pals,126,12A,88,2024-09-25,02:24,61,vocaloid,Nothing Perfect,2019-04-10,54,8,0,75,0,30,-10,C♯/D♭ Minor,4,332tNtAAaBb1Qvcn7FFzIw,QZES61949620,1
56,I'm tired of this,"Rebzyyx,Rezlaine",163,3B,99,2024-09-29,02:36,59,hyperpop,I'm tired of this,2021-03-12,40,5,0,40,50,0,-4,C♯/D♭ Major,4,1K5OXYZMz90JWaPrIAb3Jx,QZDA82197478,1
57,My Time,Omori,135,9B,35,2024-09-30,03:33,63,,"Omori (Original Game Soundtrack), Pt.3",2020-12-25,47,50,0,22,0,0,-8,G Major,4,0HuTlPTyGIkIBlX3Yak9G4,TCAFL2165689,1
58,The Lobotomy,Maebi,62,8B,39,2024-10-14,01:07,61,,Saudade,2023-03-31,35,96,95,11,0,40,-16,C Major,4,1SZUZfpj7LXj0I30EYzqGn,QZTB52268482,1
59,Candle Queen,"Ghost and Pals,Silver Chord Music",115,3A,78,2024-10-24,02:33,41,"vocaloid, ",Candle Queen,2017-11-07,69,5,76,82,0,10,-17,A#/B♭ Minor,4,3EG4I3Pv38mK6SMvbjoNS3,QZANL1719375,1
60,Poem Panic!,Dan Salvato,118,10A,25,2024-11-04,02:28,53,,Doki Doki Literature Club! (Original Soundtrack),2017-09-22,74,46,91,68,0,10,-16,B Minor,4,32Z8B8jXWGk7bbaL7LpfXR,QZ9Y21761510,1
62,God Race (Temptation Stairway),Metaroom,165,1A,72,2024-11-11,02:37,10,"breakcore, speedcore, hyperpop",God Race (Temptation Stairway),2021-02-16,57,65,4,37,10,20,-8,G#/A♭ Minor,4,3ucLzGWWkB2rMQXDJfCsfy,QZFZ72169731,1
69,I deserve this,"Rebzyyx,Selfless Homage",189,6B,99,2024-12-09,01:43,64,hyperpop,I deserve this,2021-02-23,45,72,0,3,40,10,-5,A#/B♭ Major,4,0ExUm9JjGLGBrUrcVNOgJT,QZDA82111996,1
71,I Wanna Be Your Boyfriend,Hot Freaks,122,3B,89,2025-02-05,02:36,0,,Hot Freaks,2013-06-14,59,6,0,74,0,30,-3,C♯/D♭ Major,4,0vwg93DXwMDgFsVvWjNdBO,USHM81375775,1
77,Blue (Da Ba Dee) - Gabry Ponte Ice Pop Radio,"Eiffel 65,Gabry Ponte",128,6A,97,2025-02-25,04:43,77,"italo dance, eurodance, europop, slap house",Europop,2011-01-05,82,26,0,77,0,30,-11,G Minor,4,4GewRLEiI4BDTQsoH8BRVV,ITT019810102,1
80,please buy it for me daddy,Rory in early 20s,161,10A,78,2025-03-09,01:56,48,"breakcore, speedcore, jungle",please buy it for me daddy,2022-02-07,32,32,0,50,20,30,-7,B Minor,4,6riIPExA3Md4Kf9Y8q6HTj,QM42K2274758,1
81,De Kieru,Rory in early 20s,184,9A,98,2025-03-09,01:24,55,"breakcore, speedcore, jungle",Setari No Miu,2020-12-26,35,0,63,43,10,10,-4,E Minor,4,2NozCN7YYT6n8uWXKgMUM5,QM42K2104343,1
82,yaderi,Rory in early 20s,196,7B,97,2025-03-09,01:39,53,"breakcore, speedcore, jungle",yaderi,2021-07-25,20,11,6,32,10,30,-3,F Major,4,1KlUIgvQNV2DIseedgRAXz,QZS672155127,1
83,Black Is the New Black,Goreshit,165,3B,98,2025-03-09,03:58,51,"breakcore, speedcore, jungle, gabber, hyperpop",Copyright Infringement EP,2014-08-30,52,0,5,64,10,0,-3,C♯/D♭ Major,4,56XcpXmOzxrjk1CNvqH1Av,QZHNB1943154,1
87,Yahman Hard Bass (feat. Blacky Taiki & Onyo on the Cliff),"Bar Yahman,Blacky Taiki,Onyo on the cliff",155,8B,83,2025-03-13,02:31,1,,Yahman Hard Bass (feat. Blacky Taiki & Onyo on the Cliff),2022-03-25,75,4,0,67,10,0,-7,C Major,4,0iYx0wPAOxkosaVPNTr9Xk,TCJPR2245952,1
89,Clear Eyes,"Aidan Swank,bleachblonde",150,1B,98,2025-03-13,02:24,64,"hyperpop, electroclash",Clear Eyes,2018-12-10,48,2,0,13,50,10,-6,B Major,4,6Oy3YnBQkXQwTz7vi3MIzp,QZFYX2277432,1
92,どう考えても私は悪くない,Kuroneko,148,5B,83,2025-03-17,04:07,59,"vocaloid, anime",7S,2016-11-23,66,11,0,63,0,20,-3,D#/E♭ Major,4,4rvaSKzGKuqhU5TsnyruYe,JPU901603412,1
93,The Mind Electric,Miracle Musical,82,6A,43,2025-03-17,06:13,64,,Hawaii: Part II,2012-12-12,24,67,2,58,0,10,-10,G Minor,4,2aDk1KkyB7ieSwwEDXCHJg,TCACB1435456,1
94,あなぐらぐらし,Kikuo,96,11B,68,2025-03-18,06:05,60,vocaloid,きくおミク６,2019-11-06,60,3,44,18,0,30,-10,A Major,4,3FvzeaesPY35bhhj55u4zJ,JPE561905968,1
95,Cold Island,"My Singing Monsters,Werdos,Dipsters",140,1A,58,2025-03-18,02:44,61,,"My Singing Monsters, Vol. 2 (Original Game Soundtrack)",2021-12-21,71,30,0,58,0,30,-12,G#/A♭ Minor,4,4Nw5eUAvVWsIc2bBE22OFa,QZTAT2169558,1
97,Action Winter Journey,Nero's Day At Disneyland,133,10A,99,2025-03-18,02:09,55,"breakcore, speedcore",From Rotting Fantasylands,2009-09-20,85,0,39,79,10,0,-6,B Minor,4,7LjIgalymblycgncqkSK5L,QM2PV1876725,1
101,月下の夜想曲「Gekka no Yasoukyoku」,HIKAYA,143,5A,95,2025-03-27,03:17,50,visual kei,マリスミゼル「MALICE MIZER」(Cover Album),2022-12-24,42,25,9,70,0,10,-1,C Minor,4,06rEGZgpyo6IbcIvm9pDBX,QZHN42398589,1
102,Human Pills,Kap Bambino,95,10A,91,2025-03-30,02:17,43,"electroclash, witch house, new rave",Blacklist,2009-05-25,55,1,52,51,0,0,-3,B Minor,4,1ZYTIBBOW1Aw4MZF5zQvdK,FR6P10900100,1
103,Break This The Breaking Point 2,"Vertigoaway,Schizoscriptures",175,3B,99,2025-03-30,07:27,0,"breakcore, speedcore, jungle, hyperpop",Break This The Breaking Point 2,2021-01-15,33,8,75,7,30,20,-5,C♯/D♭ Major,4,2sacoYfUDhpZrwRWv4ydKl,QZFZ22102521,1
104,Drums - Record Dance Edit,"Sonic Mine,Heater & Crunch",152,4A,99,2025-03-30,02:28,57,hypertechno,Drums (Record Dance Edit),2024-08-30,67,0,81,34,0,10,-6,F Minor,4,1yAP4V81HSj6S8DguMPsXc,DGA0M2426602,1
106,?,MC Mablo Dos Paredões,82,11B,71,2025-04-08,01:11,2,,?,2023-11-06,75,53,63,62,0,0,-9,A Major,1,349xMh3pHoSafOloonyQo0,GXBAV2317686,1
107,Beautiful Princess Disorder,milkypossum,180,2B,97,2025-04-14,01:59,60,"breakcore, speedcore",「THE NEET EP」,2024-07-22,50,0,11,49,0,30,-3,F#/G♭ Major,4,06yZoObVFRQqPhQNTdCHV5,QZTAS2496651,1
108,ヴァルゴ,Kiichi,135,5A,88,2025-04-15,03:47,48,vocaloid,審問少女 VS 青春の殺人者 EP,2011-06-22,68,0,0,83,10,20,-5,C Minor,4,12L31am0k0A988tLBwcJJ9,JPE561114460,1
110,Wild Side -Anime Ver.-,ALI,131,5A,87,2025-06-03,01:29,51,"anime, j-pop",Wild Side,2019-11-27,43,10,0,65,0,30,-2,C Minor,4,615Vl5sk0w7CxiLgsdo9ld,JPU901902305,1
3,Thank You,Dido,80,12A,58,2022-10-01,03:38,81,,No Angel,1999-00-00,73,30,0,76,0,0,-10,C♯/D♭ Minor,4,3yUcJwYu7fXAfqMj9krY6l,USAR19900870,1
23,Pride's Death,Cryptix,140,10A,56,2022-10-01,01:44,5,,Pride's Death,2022-04-24,28,0,4,21,0,20,-10,B Minor,4,1rQJ8DMlZvlFO1o41zH5ZY,QZHN62256054,1
26,Eleanor Rigby,Cody Fry,130,9A,23,2022-10-01,04:40,0,,Eleanor Rigby,2021-09-17,32,70,0,21,0,10,-11,E Minor,4,62P3CMQAknHW4iftsBD41Y,QZMEN2110571,1
32,Bloom,j^p^n,140,2B,49,2022-10-07,02:17,56,lo-fi,Offering,2015-05-27,47,87,0,57,40,10,-11,F#/G♭ Major,4,26kPTDeIh5pTcyMuD6IonN,QZANL1739019,1
33,Fallen Down,Toby Fox,110,10B,66,2022-10-07,00:57,68,soundtrack,UNDERTALE Soundtrack,2015-09-15,62,80,79,87,0,10,-13,D Major,3,1jDMi92a9zNQuPD3uPMkla,USE831569602,1
34,School Rooftop - Slowed Down Version,"Hisohkah,WMD",143,6B,26,2022-10-07,03:13,65,electroacoustic,School Rooftop (Slowed Down Version),2021-01-01,74,28,89,23,0,10,-7,A#/B♭ Major,4,6IaSUc4wx1rzo8lGs4KOot,USA2P2045297,1
35,Six Forty Seven,Instupendo,144,3B,3,2022-10-07,01:59,3,,Six Forty Seven,2016-03-28,47,91,52,11,0,0,-18,C♯/D♭ Major,3,2WuK1opHQzRo18YXCtY2DF,QM4DW1618349,1
36,Cry Of The Unheard,REPULSIVE,67,6A,14,2022-10-08,01:47,48,dark ambient,Cry Of The Unheard,2019-07-16,34,100,95,3,0,0,-26,G Minor,4,3SXzmfGtwCdFkms7gEdHC2,GBSMU8186163,1
37,The Sound Of Your Fear,Midi Blossom,111,2A,37,2022-10-08,01:23,1,,The Sound Of Your Fear,2022-02-20,36,3,92,4,0,10,-13,D#/E♭ Minor,4,6CSpOgeAJYlFVmtUx5NzBP,QZ8WX2076441,1
38,Kyomi's Lullaby,REPULSIVE,100,7B,17,2022-10-08,02:43,47,dark ambient,Kyomi's Lullaby,2018-10-11,75,100,97,84,10,0,-17,F Major,4,0vtiqnkmlAGPSNNkUEwHOO,GBSMU8186179,1
39,It's Playtime,Mob Entertainment,83,12B,18,2022-10-08,00:57,6,,Poppy Playtime Ch. 1 (Original Game Soundtrack),2021-10-15,16,100,94,4,0,30,-23,E Major,1,36t2yFEbWl2afvMnAmMU3p,QZNWU2113258,1
40,In The Dark,REPULSIVE,67,9B,38,2022-10-08,03:17,29,dark ambient,In The Dark,2019-10-11,12,99,91,16,0,30,-16,G Major,3,6YlylkS23CGiX4SQTqo3Vv,GBSMU7511449,1
41,COWBELL WARRIOR!,SXMPRA,167,10B,80,2022-10-29,02:29,0,"phonk, drift phonk, trap metal",COWBELL WARRIOR!,2021-12-08,75,3,0,71,30,40,-6,D Major,4,5YVNmwohNrDoo4f8EQ5htK,QZNWZ2153935,1
43,My ordinary,Slunian,141,3B,39,2022-11-05,04:45,0,,My ordinary,2022-07-22,68,1,44,65,0,20,-17,C♯/D♭ Major,4,6f1RqeMgGtgOiBOLVJ5iuJ,QZMEN2280427,1
52,Die Very Rough,Mario Judah,158,3B,74,2022-11-21,01:31,60,rage rap,Die Very Rough,2020-06-25,72,0,0,17,0,30,-4,C♯/D♭ Major,4,3brXaWuPsVScvYQKUh3Ijc,USAT22007310,1
58,L i t t l e D a r k A g e S l o w e d,DancingRoom,88,10B,49,2022-12-01,05:09,0,,L i t t l e D a r k A g e S l o w e d,2021-03-19,71,6,1,35,0,50,-10,D Major,4,2JqX1nAbS1jfjucZvkdiWz,QZES52113434,1
59,yes to heaven,pint,121,8A,50,2022-12-07,02:55,0,,yes to heaven,2022-11-01,35,83,6,20,0,40,-11,A Minor,4,3vVSacI1LGT7R2BHWgO3Aq,QZTB22203859,1
62,Sirens,"Ludwig Göransson,Vivir Quintana,Mare Advertencia",93,10A,11,2023-01-05,03:56,46,"score, soundtrack, latin folk, latin hip hop",Black Panther: Wakanda Forever (Original Score),2022-11-11,19,94,33,3,0,10,-20,B Minor,3,6n10RDTrk3F38PD9HuN0m1,USHR12244867,1
70,Limbo,Freddie Dredd,75,10A,62,2023-02-04,02:49,68,phonk,Freddie's Inferno,2022-08-11,80,3,6,46,40,10,-6,B Minor,4,37F7E7BKEw2E4O2L7u0IEp,USRC12201645,1
71,if god exists its fucking me,"skeletral,outer streets",169,10B,80,2023-02-07,01:50,0,,if god exists its fucking me,2020-03-01,54,18,62,49,0,20,-7,D Major,4,6LoYCxqpXewmJqCHv3DJBl,QZFZ72377192,1
74,Amend,j^p^n,159,3B,56,2023-03-06,01:44,58,lo-fi,Spoils,2016-07-30,38,54,0,58,20,20,-10,C♯/D♭ Major,3,7LOR8Rdc5n2EkduOXZeTp6,QZANL1736410,1
78,Dreaming of the Crash,Hans Zimmer,83,7B,3,2023-03-19,03:55,57,"soundtrack, score",Interstellar (Original Motion Picture Soundtrack) [Expanded Edition],2014-11-18,14,5,96,3,0,20,-35,F Major,3,2dDuHXxFxLsdYdBBtgjoEi,USNLR1400773,1
79,Jack the Ripper - London Bridge is Falling Dawn,Noah Smith Sound,80,8B,26,2023-04-02,01:56,0,,Jack the Ripper - London Bridge is Falling Dawn,2023-02-15,69,77,1,15,0,20,-11,C Major,4,0gDTBnLouBdVNiAc1bAYjz,BX4IU2305582,1
81,Lavender's Blue,Nursery Rhymes 123,105,10B,23,2023-04-23,02:03,0,"lullaby, children's music",Lullaby Baby,2016-01-26,67,94,0,36,0,10,-14,D Major,3,7Dcc6PmpWHHyUdCi56k8R0,GB83E1600006,1
85,L a y A l l Y o u r L o v e o n M e,DancingRoom,109,3A,47,2023-04-25,05:43,0,,L a y A l l Y o u r L o v e o n M e,2018-08-06,68,1,6,56,0,20,-12,A#/B♭ Minor,4,31rCagv4ifUBqcj6QPhdY8,TCAFD2003040,1
86,masq x miss the,Victoria Berry,154,4B,80,2023-04-25,01:52,0,,masq x miss the,2003-04-17,51,3,70,88,0,20,-17,G#/A♭ Major,4,6NmFLuJkYEwTFwaXZseCJ3,QZPLR2113522,1
94,I'd Rather Sleep,Kero Kero Bonito,142,6B,58,2023-04-25,01:55,68,,Intro Bonito,2014-08-25,77,1,34,85,0,10,-7,A#/B♭ Major,4,614cx8ZtQJX7jRIBnUhPA7,GBSV71400025,4
96,merry go round of life distorted remake,evan aloe xo,60,11A,34,2023-04-25,01:59,0,,XO#3,2022-09-08,28,88,81,30,0,80,-18,F#/G♭ Minor,1,4SKiGz04VZQzdhQ5IJHRxQ,QZNWU2274410,1
97,Where Is The Love?,Black Eyed Peas,94,7B,70,2023-04-26,04:32,84,,Elephunk,2003-06-24,83,11,0,81,10,10,-3,F Major,4,0xmjwnQ3FNE6HuWCt2nHdZ,USIR10311862,1
103,Drift Away Omnichord,Trillian,138,6A,20,2023-04-28,03:13,60,,Drift Away Omnichord,2021-08-13,19,77,7,17,0,10,-13,G Minor,5,7ouhxQWHDAu325U6pEhT1f,QZK6G2181784,1
106,Leni (Slowed),Super Pipo,115,5A,76,2023-04-28,03:11,0,,Perfect to Slowed,2022-02-18,62,30,30,48,20,10,-8,C Minor,4,4brRI4qdlf47E2O3HXjo3u,TCAGB2253782,1
108,Bird Back,Leevi9,120,9B,60,2023-04-29,02:12,0,,Bird Back,2023-04-06,83,75,48,90,0,30,-9,G Major,4,4c1CSPDABRJI0DjDnjHy0Y,QZWDW2308917,1
111,New magic,stxr29,133,6A,60,2023-05-11,01:08,0,,New magic,1983-11-24,39,2,12,60,10,80,-9,G Minor,3,75PUIUFx7ufZpNqJOpjKex,QZHNC2364842,1
112,君はできない子,Kikuo,128,11B,84,2023-05-11,04:21,64,vocaloid,きくおミク3,2013-09-11,68,6,0,76,0,10,-5,A Major,4,7corSqnjU5bX09ZXy3nhVD,JPE561302160,1
113,Lacrimosa,Vienna Mozart Orchestra,88,7A,11,2023-05-11,03:20,54,,Lacrimosa,2020-01-31,19,98,81,4,0,20,-21,D Minor,4,59RZ5SRrzwUZm0b8QXQOI1,TCAEQ2045723,1
114,Fallen Down,Duncan Cox,71,1B,4,2023-05-11,02:21,59,,Fallen Down,2020-12-20,18,94,83,4,0,10,-29,B Major,3,20Y0mRrgyivN56Euwcwu0w,QZNWY2018961,1
118,Memoir #02 [06.12.09],"Maria Pseftoga,May Roosevelt",71,8B,2,2023-05-12,01:57,60,,Memoir #02 [06.12.09],2010-07-05,20,96,95,7,0,10,-16,C Major,5,2mei1NCzlPpkh98PzEqc4N,usl4r2137770,1
119,Solas,Jamie Duffy,85,9A,34,2023-05-12,03:12,0,,Solas,2022-02-04,31,96,89,36,0,0,-17,E Minor,4,3dqHiEY4imK4a1EDLRVUtj,QZFZ42258766,1
123,Forever (From  Euphoria: Season 1  Soundtrack),Labrinth,80,9A,46,2023-05-16,03:22,72,,Euphoria (Original Score from the HBO Series),2019-10-04,56,92,72,20,0,10,-8,E Minor,4,6potEImiklXkwD9qFzpu15,USQX91902499,1
124,Say Yes To Heaven - Sped Up,Lana Del Rey,134,3A,45,2023-05-19,02:36,57,,Say Yes To Heaven,2023-05-19,51,84,2,18,0,10,-10,A#/B♭ Minor,4,2f5WkystuejnBzgV18GTGa,GBUM72304564,1
129,Fourth of July,Sufjan Stevens,120,11A,10,2023-06-09,04:39,80,baroque pop,Carrie & Lowell,2015-03-31,44,97,33,16,0,10,-22,F#/G♭ Minor,4,5Qnrgqy1pAm9GyNQOgyVFz,US64G1509906,2
130,Lights Are On,Tom Rosenthal,136,5B,4,2023-06-09,03:13,77,,Z-Sides,2018-10-26,44,98,47,25,0,10,-17,D#/E♭ Major,4,4IhTXiZLKATmwhMZIb1GQN,GBVHN1800009,2
131,Beautiful Boy (Darling Boy) - 2010 Remastered,John Lennon,111,10B,50,2023-06-10,04:02,65,christmas,Beautiful Boy (Original Motion Picture Soundtrack),2018-10-12,57,74,0,44,0,90,-10,D Major,4,5GMQdzgtI7vtpmtps2YiYx,USTO11000021,1
132,Pure Imagination (Slowed),TheExorcist,129,3B,41,2023-06-14,01:58,0,nightcore,Pure Imagination (Slowed),2023-06-03,51,68,69,27,0,20,-15,C♯/D♭ Major,4,3Ooxv0bFgjQBKn7ICIFYpF,QZLBC2311349,1
134,Mayonaka no Door / Stay With Me,Miki Matsubara,108,7B,75,2023-06-17,05:12,43,"city pop, j-pop",Miki Matsubara Best Collection,2008-00-00,66,18,0,79,0,0,-7,F Major,4,2BHj31ufdEqVK5CkYDp9mA,JPPC07950030,1
135,Jenny (I Wanna Ruin Our Friendship),Studio Killers,134,1B,80,2023-06-17,03:35,74,,Jenny (I Wanna Ruin Our Friendship),2020-12-04,67,0,1,57,0,20,-6,B Major,4,4JLBDUYSaOMPYND0iWeSWQ,GBX2M1300001,1
136,United In Grief,Kendrick Lamar,86,4B,85,2023-06-20,04:15,75,"hip hop, west coast hip hop",Mr. Morale & The Big Steppers,2022-05-13,53,24,0,33,40,10,-8,G#/A♭ Major,3,5Gt9bxniM1SxN61yRzRhXL,USUM72208961,2
137,The Lonely Tree,The Lonely Tree,75,10B,3,2023-06-20,02:26,0,,The Lonely Tree,2022-11-29,18,98,97,6,0,10,-28,D Major,4,11YvoumJB5aSd8HJMIf1dz,QZMHM2251103,1
138,snowfall (Slowed + Reverb),"Øneheart,reidenshi",78,11B,5,2023-06-20,02:30,72,"dark ambient, ambient",snowfall (Slowed + Reverb),2022-04-01,40,93,87,10,0,20,-30,A Major,4,4VkEkljlOC5cMbRMhREO5E,US3DF2234363,1
139,Me Gustas Tu,Manu Chao,176,10A,74,2023-06-22,03:59,83,latin alternative,Próxima Estación: Esperanza,2001-06-01,66,66,49,91,0,20,-7,B Minor,4,6b37xrsNCWYIUphFBazqD6,FR84R0000004,1
140,Jenny - Hearteye Speed Mix,Studio Killers,160,10A,93,2023-06-24,02:58,56,,Jenny (Hearteye Speed Mix),2022-01-20,59,0,2,89,0,10,-5,B Minor,4,5B3UxvXTvcjFoIFiCfhTH2,USAT22200353,1
141,not me mix,*67,134,3B,91,2023-06-24,01:57,0,hyperpop,not me mix,2021-12-16,50,2,1,62,0,10,-5,C♯/D♭ Major,4,69kxrXMfBKRWyJ8kVTvDhp,QZRP52142999,1
145,Big Weenie,Eminem,174,3B,54,2023-06-30,04:26,62,"rap, hip hop",Encore (Deluxe Version),2004-11-12,62,24,0,32,50,10,-4,C♯/D♭ Major,4,4dh34dyav8M5jCN3yidn8Z,USIR10400805,1
147,QKThr,Aphex Twin,79,3B,2,2023-07-05,01:27,65,"idm, ambient",Drukqs,2001-10-22,45,99,77,6,0,10,-26,C♯/D♭ Major,3,4LIM4qmpHABufePRrLWbiM,GBBPW0100153,1
154,trash magic - sped up + reverb,"pearl,fast forward >>",139,7B,33,2023-07-23,04:25,38,,trash magic - sped up + reverb,2023-05-10,74,26,0,41,0,10,-12,F Major,4,11gz2lCsd9l3UxB2CpEtwt,GX8LE2398484,1
156,School Rooftop (Bird Sounds),"Hisohkah,WMD",110,12B,10,2023-08-05,01:25,72,electroacoustic,School Rooftop (Bird Sounds),2023-05-26,33,96,0,6,0,30,-32,E Major,3,66MP31dDAEV6rsmMKDVm9o,QM3DF2218058,1
157,hotline (edit),Billie Eilish,57,8A,25,2023-08-09,01:00,74,,hotline (edit),2023-05-09,52,82,86,30,0,10,-16,A Minor,4,0WFryfbNKPXVtVQlz5dZ8H,USUM72307244,1
161,Aleph - Sped Up,you lost,181,6B,90,2023-08-14,01:12,0,,Aleph (Sped Up),2023-05-01,48,0,81,80,0,10,-4,A#/B♭ Major,4,5iVe1dJ5YeaFVTDvtyYNmm,FRDKW2309215,1
165,Everybody Wants To Rule The World - Sped Up Version,"Tears For Fears,Speed Radio",130,3B,89,2023-08-31,03:03,44,"new wave, synthpop, ",Everybody Wants To Rule The World (Sped Up Version),2022-08-12,36,19,1,58,0,0,-7,C♯/D♭ Major,1,6MRD4fDXBbqa0xodmaFk8Q,GBUM72205360,1
169,Goodbye To A World,Porter Robinson,96,11B,35,2023-10-16,05:28,61,"edm, electronic",Worlds,2014-08-08,44,45,11,10,0,0,-7,A Major,3,786ymAh5BmHoIpvjyrvjXk,USUG11400557,1
171,Tip Toe Thru' the Tulips with Me,Tiny Tim,136,12B,17,2023-10-18,01:50,57,,God Bless Tiny Tim,1968-00-00,59,97,0,61,0,20,-20,E Major,4,1Vchex0xowRj9k59RLvRfo,USRE10102391,1
172,Daisy Bell - Remastered,Max Mathews,175,9B,2,2023-10-18,01:42,49,,Daisy Bell,2015-04-07,56,97,86,69,0,10,-19,G Major,3,4uIsTaTb4cXUMiGKjQoNt8,QM4TW1508378,1
175,privet privet 2009 st,"kittylover,meowscles",154,8B,96,2023-11-14,01:34,0,,privet privet 2009 st,2023-11-08,70,44,79,47,20,10,-7,C Major,5,5hSWpMAXJfpK2RxZiwOwP9,QZLBC2333167,1
176,Polish Cow,D orange Verte,121,7A,81,2023-11-15,04:03,0,,Polish Cow,2023-07-15,95,48,0,96,30,0,-7,D Minor,4,3H9vYTFsztTxZKplOBQeWH,QZXLZ2350581,1
177,Brutus (Instrumental),The Buttress,144,3A,70,2023-11-18,03:20,57,,Brutus (Instrumental),2017-01-10,76,49,86,45,10,0,-7,A#/B♭ Minor,4,0m5xMNMK48sQVjASd4YPPt,TCACW1756799,1
178,Count Me Out,Kendrick Lamar,134,9A,43,2023-11-20,04:43,76,"hip hop, west coast hip hop",Mr. Morale & The Big Steppers,2022-05-13,78,67,0,50,0,10,-8,E Minor,4,6BU1RZexmvJcBjgagVVt3M,USUM72208980,1
181,IKE,Vulgar Vain,153,10B,42,2023-12-11,01:53,0,,IKE,2023-06-16,63,32,0,12,0,20,-14,D Major,4,0vFsN9WL61ZTwfg6M0YtMs,QZK6H2338301,1
182,Нас не догонят (hardstyle),"angel,astral",165,1A,90,2023-12-20,03:11,0,"frenchcore, tekno, hardstyle",Нас не догонят (hardstyle),2023-11-10,56,25,0,45,0,10,-4,G#/A♭ Minor,4,4yKZSX86cizCwn7T8jteVE,TCAHO2368039,1
184,nas ne dogonyat,Tatli,163,6B,91,2023-12-23,03:14,0,"hardstyle, frenchcore",nas ne dogonyat,2022-07-05,50,18,0,43,0,30,-4,A#/B♭ Major,4,4IJIFfO7DlyAELa6tg8U5V,QZK6G2232287,1
185,"Think Of Me Once In A While, Take Care",Take Care,71,5B,14,2023-12-24,01:43,73,slowcore,Agony,2022-09-10,21,90,95,4,0,0,-11,D#/E♭ Major,3,4JdYapRlYv67LnjrkDhZVX,GX89G2229011,1
189,O Superman,Laurie Anderson,149,5A,2,2024-01-18,08:25,54,"art pop, avant-garde, art rock, spoken word",Big Science,1982-00-00,80,96,21,31,0,10,-21,C Minor,4,421Gp1eSmOIcD6alTWowFR,USNO10750554,1
191,Infinite Cloud,azzz,130,7A,44,2024-01-27,01:47,0,tekno,Infinite Cloud,2023-04-09,44,93,54,15,0,20,-8,D Minor,4,2uufSlJp3cSuv6hQXOs05B,QZFYW1997609,1
193,Join Us for a Bite,"JT Music,Andrea Storm Kaden",86,3B,75,2024-01-29,03:56,3,,All Five Nights,2016-02-22,60,5,0,39,0,10,-6,C♯/D♭ Major,4,4E6QZS2KoOE1U64yMrtpIN,QZAPG1865496,1
194,i was only temporary 2 u,my head is empty,120,1A,38,2024-02-16,01:36,62,"dark ambient, ambient",i was only temporary 2 u,2023-12-10,50,83,89,4,0,10,-20,G#/A♭ Minor,4,1xyN0kSLjNWV1n9aSpia2m,QZMHM2211095,1
199,You Didn’t Know,"Andrew Underberg,Sam Haft,Erika Henningsen,Shoba Narayan,Patina Miller,Jessica Vosk,Stephanie Beatriz",146,12B,69,2024-04-04,03:08,1,"musicals, ",Hazbin Hotel Original Soundtrack (Part 2),2024-01-26,51,38,0,62,10,0,-6,E Major,4,1EXcVTWW9vciHp4hzQHqAG,QMB622401812,1
200,Hell Is Forever,"Andrew Underberg,Sam Haft,Alex Brightman,Erika Henningsen",138,8B,80,2024-04-04,02:20,1,musicals,Hazbin Hotel Original Soundtrack (Part 1),2024-01-19,70,21,0,94,0,50,-5,C Major,4,4mXGc27x5d6uzStIiIohGX,QMB622401802,1
201,Last Resort,Papa Roach,91,9A,89,2024-04-05,03:19,85,"nu metal, rap metal, alternative metal, rap rock, rock",Infest,2000-04-25,59,0,0,69,0,20,-4,E Minor,4,5W8YXBz9MTIDyrpYaCg2Ky,USDW10021712,1
202,Rainbow Factory,GlitchecalKatt,148,2B,70,2024-04-08,03:08,19,"drone, glitch",Rainbow Factory (GlitchecalKatt Remake),2023-12-03,64,0,0,83,0,0,-7,F#/G♭ Major,4,1SqVFPcyheIUaKhDawTE2e,QZWFK2334015,1
203,Rainbow Factory - Aurelleah Remix,GLAZE,148,11A,88,2024-04-10,04:00,0,,Rainbow Factory (Aurelleah Remix),2016-04-01,54,8,0,54,0,50,-7,F#/G♭ Minor,4,42hOtrjQ4mezUHWyjO0o0z,GBSMU2658084,1
204,PINKE PIE SMILE HD,icecweamheart,194,1B,99,2024-04-14,03:58,0,,PINKE PIE SMILE HD,2024-03-13,38,9,2,10,70,10,-4,B Major,4,7osOczWmhgUG3W02jP5INn,BXIV82462315,1
205,It's Called: Freefall,Rainbow Kitten Surprise,98,10B,52,2024-04-18,02:32,80,,"How to: Friend, Love, Freefall",2018-04-06,74,63,0,28,0,60,-6,D Major,4,474uVhyGgK5MtY9gMcDgGl,USAT21800165,2
206,Pretty Little Psycho,TheExorcist,157,5A,71,2024-04-18,02:48,65,nightcore,Pretty Little Psycho,2023-11-21,50,0,0,60,0,10,-6,C Minor,4,5wvLbQI5UNl8XdJIl0BXGG,QZLBC2314965,1
207,My Ordinary - Slowed,X4NN3X,141,4A,69,2024-04-18,04:45,0,,My Ordinary (Slowed),2022-03-20,64,0,44,62,0,30,-7,F Minor,4,4eXknMyL33SWIK6M6rnnLS,AUBEC2174562,1
210,Without Me - Speed,Ren,137,2B,72,2024-04-30,03:57,0,,Without Me,2023-04-07,85,2,0,93,10,30,-4,F#/G♭ Major,4,69NtfyRfRSEnC9T4kgS8Fc,FRDKW2306172,1
216,"GONE, GONE / THANK YOU","Tyler, The Creator",79,3A,49,2024-05-24,06:15,75,,IGOR,2019-05-17,52,22,0,47,10,10,-8,A#/B♭ Minor,4,1hz7SRTGUNAtIQ46qiNv2p,USQX91901118,1
221,Déjà Vu,Pitty,92,9B,75,2024-06-05,04:18,51,"brazilian rock, mpb, brazilian pop",Anacrônico,2005-08-08,30,1,0,33,0,10,-6,G Major,4,5Gbeo74EGXQmObATXwPjzd,BRDEP0500256,1
223,Red Armor,Niki Istrefi,140,10A,72,2024-07-07,04:40,53,"acid techno, hard techno, techno",EUROMANTIC001,2017-11-03,83,2,74,43,20,10,-12,B Minor,4,4lokwaruKSA4UVymx6JqXc,UK6821735114,1
226,Live @ Need 4 Beat (Best Part),CheapeX,151,1B,67,2024-07-13,01:16,0,tekno,Live @ Need 4 Beat (Remixes),2024-03-15,87,0,94,76,30,30,-9,B Major,4,3zC41GRFPdENqVnScGcCnQ,US3DF2427262,1
229,Kamado Tanjirou no Uta (From  Demon Slayer: Kimetsu no Yaiba ) [Full Version],Akano,152,7A,33,2024-07-24,05:28,62,anime,Kamado Tanjirou no Uta (From  Demon Slayer: Kimetsu no Yaiba ) [Full Version],2019-09-19,42,59,0,16,0,10,-9,D Minor,4,7Ai5pAx4S93BJsZnaLdTnf,QZGWW1966427,1
232,lost soul down x russian (sped up remix),"me7k,9infidell",120,11B,86,2024-08-03,02:18,0,,lost soul down x russian (sped up remix),2024-07-03,73,3,0,83,0,20,-5,A Major,4,0xb1scbWyR6Zi7sh0stQIY,CA5KR2473762,1
234,floki x lost soul,"vetements,Saltyngget",111,4B,86,2024-08-09,02:27,0,,help.,2024-07-24,76,3,0,63,0,20,-5,G#/A♭ Major,4,2ZPVSNhuReTWkKF0eUFDnv,USHM92464610,1
235,Floki lost soul / Ворую Алкоголь,Bravuta,91,12A,51,2024-08-10,02:54,0,,Floki lost soul / Ворую Алкоголь,2024-07-28,69,7,0,40,0,10,-13,C♯/D♭ Minor,4,16Hd22WmRC8mHTSaQ3icZ7,QZTAY2450066,1
236,if we being rëal - slowed + reverb,"dark academia,brown eyed girl",108,5A,67,2024-08-10,03:24,0,,if we being rëal (slowed + reverb),2023-11-30,50,18,0,14,0,10,-7,C Minor,4,742VzZqEuhJW30Esgr2rvm,GX8LD2465316,1
238,nothing breaks like a heart - slowed + reverb,"slō,twilight,Tazzy",95,10B,53,2024-08-25,04:20,37,"hypertechno, nightcore, hardstyle",nothing breaks like a heart - slowed + reverb,2022-04-01,51,24,2,14,0,70,-11,D Major,4,364wywbJhgX2BMVgvwGode,GX4R52211573,1
239,Floki Lost Soul Russian Sped up,Floki,135,4B,87,2024-08-25,02:16,0,,Floki Lost Soul Russian Sped up,2024-08-14,75,5,0,83,0,20,-5,G#/A♭ Major,4,6xQp2lRW6lwv4l1CV7xNdd,QZTB62417495,1
241,Forever Young,Alphaville,137,8A,48,2024-09-15,03:46,85,synthpop,Forever Young,1984-00-00,49,42,0,33,0,20,-9,A Minor,4,4S1VYqwfkLit9mKVY3MXoo,DEA629260150,1
242,Idea 22,Gibran Alcocer,52,5A,7,2024-09-18,02:32,2,,Idea 22,2022-12-16,33,99,95,15,0,10,-20,C Minor,4,1FCsK0oKWCtDOYRPYSrYgO,USANG2235907,1
243,Idea 22 - Anya Nami Remix,"Gibran Alcocer,Anya Nami",135,5A,31,2024-09-18,02:29,0,,Idea 22 (Anya Nami Remix),2024-02-23,23,95,0,21,0,10,-11,C Minor,4,5wGyswmLznW0JynbejzquB,USWB12400753,1
244,Everything Is Wrong (Ext.),"LUNACYCL,sleepcycl",70,10B,6,2024-09-30,03:47,0,,(Zetsubō),2022-10-31,18,98,98,3,0,10,-28,D Major,3,3HstKcXfohplqwk73fU4Zr,QZTAW2211477,1
248,Stargazing - Slowed + Reverb,Marcelo De Carvalho,99,2B,19,2024-10-09,03:29,0,,Stargazing (Slowed + Reverb),2023-04-19,42,93,94,4,0,10,-22,F#/G♭ Major,3,32zs7RgI4E3SM1r7U4hEMI,SGB502350780,1
250,Cachorra Absurda ft. Mc Naninha Prod. PZZS,"Danny Bond,Mc Naninha,PZZS",130,3B,87,2024-10-20,02:18,57,"brazilian pop, funk pop, brega funk, brazilian funk, brega, funk bruxaria",EPica 2,2024-08-29,82,5,0,52,20,10,-4,C♯/D♭ Major,4,7IK0jM6FX2JvsX21kTnYok,QZNJZ2486378,1
251,Harpy Hare,Yaelokre,130,10B,53,2024-10-27,03:00,3,,Harpy Hare,2024-01-04,65,64,0,35,0,20,-12,D Major,4,35I2E525yJpUQ5ZJgfxizT,QZWFP2367225,2
252,Miss You - Bonus Track,"Oliver Tree,Robin Schulz",145,11A,74,2024-11-06,03:26,76,tropical house,Alone In A Crowd,2023-09-29,59,1,0,20,0,10,-7,F#/G♭ Minor,4,1ypwNj8eK2qAMDEs4EiIIX,USAT22306451,1
253,Freaky Friday,ege8,129,11A,28,2024-11-13,03:16,0,,Freaky Friday,2024-08-07,49,0,0,61,0,60,-22,F#/G♭ Minor,4,1si7KrBNMFRqwWbiuL0tQN,PT1R82400053,1
258,Seventeen,MARINA,130,8A,82,2024-12-30,03:02,64,,The Family Jewels,2009-07-15,77,33,0,80,0,10,-6,A Minor,4,5UmLoBLWWRnqGhPfVWRgGd,GBFFS0900016,2
259,Ain't No Love In Oklahoma (From Twisters: The Album),Luke Combs,142,7B,66,2025-01-25,03:30,84,country,Ain't No Love In Oklahoma (From Twisters: The Album),2024-05-16,49,1,1,28,0,10,-10,F Major,4,6GG4yyk3UATdBfTHVgI8PB,USAT22402805,1
262,forwards beckon rebound,Adrianne Lenker,123,10B,24,2025-02-28,03:09,78,,songs,2020-10-23,54,91,0,63,0,0,-18,D Major,4,6PBanBy8L1K2Ry4UN186XH,GBAFL2000253,1
265,ANXIETY (feat. Doechii),"Sleepy Hallow,Doechii",129,8B,40,2025-03-13,02:28,71,"brooklyn drill, new york drill, ",Boy Meets World,2023-09-15,93,40,0,61,10,20,-9,C Major,4,3FjK86616FbluOfTxNK2gY,USRC12202650,1
266,"Automotivo Amar, Ma Ma Ma","Dj Brunin XM,Bibi Babydoll,Mc Erikah",135,5A,89,2025-04-04,02:25,59,"phonk, brazilian phonk, funk bruxaria, brega funk","Automotivo Amar, Ma Ma Ma",2024-04-26,62,1,0,65,0,10,-3,C Minor,4,7DKLGwlRbIwk5j5oCqIkTS,BKBTD2400006,1
268,Anxiety,Doechii,129,8B,59,2025-04-11,04:09,78,,Anxiety,2025-03-05,81,34,0,89,0,10,-7,C Major,4,1musbempyJAw5gfSKZHXP9,USUG12500650,1
269,I Won't Back Down,Johnny Cash,114,11B,53,2025-04-19,02:08,65,"classic country, outlaw country, country",American III: Solitary Man,2000-01-01,62,59,0,55,0,30,-8,A Major,4,6b0AtCzgnYrb7T84o18V4l,USSM10014898,1
270,The Substance,Raffertie,133,12A,36,2025-04-28,02:30,0,,The Substance (Original Motion Picture Score),2024-09-20,73,77,94,20,10,10,-16,C♯/D♭ Minor,4,7FMxPJ8bvkGYnpmkYENghx,TCAIR2490361,1
271,Intoxicated (Slowed),Doruksen,123,1A,91,2025-04-28,02:14,9,"hard techno, acid techno, techno, tekno, hardcore techno",Intoxicated (Slowed),2024-05-16,69,1,82,33,0,30,-6,G#/A♭ Minor,4,5d2ND4hQ2zyeB3UI6fhn0I,QZMEN2487890,1
272,Im right im left (jigglikerob mix),Jigg Like Rob,174,1A,83,2025-04-29,02:38,48,new orleans bounce,Im right im left (jigglikerob mix),2024-09-06,70,0,0,93,30,20,-8,G#/A♭ Minor,4,6HPES4WPeDcsat5shmRxCB,QZTBE2443294,1
273,Onlyfans,"Bibi Babydoll,d.silvestre",130,3B,54,2025-05-21,01:23,62,"phonk, brazilian phonk, funk bruxaria, brazilian funk",Click!,2023-05-05,75,68,6,18,0,10,-6,C♯/D♭ Major,4,0W7zEjC3dFwaLAvWw6aShS,BKBE02300006,1
274,Impacto,Enjambre,108,12B,71,2025-06-10,03:58,65,"mexican indie, rock en español, mexican rock, latin indie, latin rock",El Segundo Es Felino,2008-00-00,73,7,0,77,0,10,-6,E Major,4,0zNeZTy7nLEWCRrBgjrBx5,MX2260900001,1
276,Gaara's Childhood Theme,Sakon,76,8A,28,2025-07-02,02:18,46,anime,Gaara's Childhood Theme,2021-04-07,57,98,89,24,0,0,-9,A Minor,4,0CnK2obI6BceWeINXqMSo8,QZES82102371,1
277,Animal Cannibal (Possibly in Michigan),Buckshot Princess,161,10A,60,2025-07-16,03:32,56,,Animal Cannibal (Possibly in Michigan),2024-03-15,47,0,1,96,0,0,-14,B Minor,4,2xirejSAympBuV00jrSxbW,QZHN42453521,1
279,沈める街 (Sinking Town),Yoeko Kurahashi,125,4B,82,2025-07-20,03:01,0,,沈める街 (Sinking Town),2002-09-27,64,10,0,77,0,10,-4,G#/A♭ Major,4,25GHapzene6u7rRUevW8BZ,QZTBC2578707,1
280,Lonely Lonely,unshackled,130,7A,82,2025-07-21,01:09,2,nightcore,Lonely Lonely,2023-09-19,64,57,0,73,0,40,-11,D Minor,4,27ExM88WEHpt8I1yapXaFI,NL2J92505929,1
283,Aishite Aishite Aishite,Ado,115,4B,88,2025-08-10,04:18,73,"j-pop, anime, vocaloid, j-rock",Ado's Utattemita Album,2023-12-13,57,23,0,25,0,0,-4,G#/A♭ Major,4,4gpvY7b9wHA9G1ZsMDu15b,JPPO02303971,1
285,Sinking Town,"Dev1lCat,Dev1lHawk,xaviorthemachine",125,4B,57,2025-08-25,02:58,60,"lo-fi, ",Sinking Town,2025-08-10,65,7,21,50,0,10,-8,G#/A♭ Major,4,5QkL9euSfpChXYDVCcZo2P,GXESV2508069,1
286,O Rei Das Maldições,"Takr,808 Ander,ZEP,Felícia Rock",118,10B,57,2025-09-11,05:37,52,"anime rap, anime, ",O Rei Das Maldições,2021-04-29,54,13,0,11,0,0,-6,D Major,4,6VruTMgQFdR5v0pw29Q07c,QZHN42199346,1
287,Woops,Dj Bountyhunter,154,9B,99,2025-09-12,04:18,71,gabber,Woops,1993-05-01,77,43,79,34,0,0,-8,G Major,4,2XeqqfeJgtG3mQI5xNeNTy,BEZ451200625,1
288,Canzoni preferite,Yugo Kanno,107,9B,79,2025-09-17,02:24,63,anime,JOJO'S BIZARRE ADVENTURE -Golden Wind O.S.T vol.1 Overture,2018-12-19,66,3,0,70,0,10,-8,G Major,4,5aanhLobXHQ8ODj2LBJ077,JPQ461800557,1
289,Gravity,"Hazbin Hotel,Jessica Vosk,Alex Brightman,Sam Haft,Andrew Underberg",154,6A,71,2025-11-22,01:53,72,"musicals, ",Gravity,2025-10-10,63,4,0,41,10,0,-5,G Minor,4,4a4KvRWGEUaslwPzpVvJij,USAT22507459,1
290,Beuh magique,Jul,146,10A,90,2025-12-20,03:14,57,"french rap, pop urbaine",C'est pas des LOL,2019-12-06,82,1,0,97,0,0,-5,B Minor,4,2PaktlQ4uhWfR0Cuk0qRtN,FR0U91900282,1
291,Unravel (Opening de  Tokyo Ghoul ),The Kira Justice,135,11A,85,2026-02-01,04:01,31,anime,Covers,2016-07-13,56,3,0,49,10,10,-7,F#/G♭ Minor,4,0vpfeaqsrD2yrqAdIPw1OJ,USE831579664,1
292,Patolino: O Mago,The Kira Justice,140,8B,84,2026-02-01,03:13,34,anime,Não Julgue um CD Pela Capa,2018-09-22,37,9,0,71,0,60,-6,C Major,4,5o0Mtm3nOGKwBEXs1ix8zI,QZ22B1996121,1
6,Snow On The Beach (feat. Lana Del Rey),"Taylor Swift,Lana Del Rey",110,11B,32,2022-10-23,04:16,68,,Midnights,2022-10-21,66,70,0,15,0,10,-14,A Major,4,1wtOxkiel43cVs0Yux5Q4h,USUG12205737,1
12,happy,Skinnyfabs,88,5B,43,2023-03-17,02:53,0,indonesian indie,happy,2019-07-05,73,51,1,69,0,10,-12,D#/E♭ Major,4,6YTmsdqH5LZzCGIY0lqloD,QZFYZ1963558,1
15,A Little Piece of Heaven,Avenged Sevenfold,145,7A,88,2023-04-22,08:00,75,"metal, alternative metal",Avenged Sevenfold,2007-10-26,49,2,0,67,0,40,-6,D Minor,4,1BLfQ6dPXmuDrFmbdfW7Jl,USWB10704000,1
21,Love song,Lana Del Rey,63,11B,7,2023-05-26,03:49,68,,Norman Fucking Rockwell!,2019-08-30,38,97,0,29,0,0,-17,A Major,4,5tyMJlMqaggzvuX7TtlrTe,GBUM71903152,1
23,Teenage Dream,Stephen Dawes,112,6B,38,2023-06-14,02:58,66,,Teenage Dream,2022-06-02,62,41,0,22,0,0,-9,A#/B♭ Major,4,3GWaFFi6TlPcZLYmCCHZ9O,USDA12202749,1
27,All Too Well (Taylor's Version),Taylor Swift,186,8B,53,2023-07-02,05:29,67,,Red (Taylor's Version),2021-11-12,44,2,0,13,0,20,-8,C Major,4,1IBhYEvvi02tDVByxIiTh4,USUG12103665,1
46,Happier Than Ever,Billie Eilish,81,8B,23,2023-08-05,04:58,85,,Happier Than Ever,2021-07-30,33,77,0,30,0,10,-9,C Major,3,4RVwu0g32PAqgUiJoXsdF8,USUM72105936,3
62,It's You,Sezairi,138,4B,46,2023-10-31,04:11,62,,It's You,2018-04-13,63,55,0,17,0,10,-8,G#/A♭ Major,3,7rdnB5DAyPbaj51TCQRcqW,SGSM15100053,1
65,Set Fire to the Rain,Adele,108,7A,67,2023-11-16,04:02,83,soft pop,21,2011-01-24,60,0,0,45,0,10,-4,D Minor,4,3di5hcvxxciiqwMH1jarhY,GBBKS1000348,1
66,Landslide,Oh Wonder,81,3B,42,2023-12-15,03:28,64,,Oh Wonder,2015-09-04,62,75,0,33,0,10,-9,C♯/D♭ Major,4,3X3mfRMRaPJRiIMDMQtSkd,GB9L31400024,1
73,You Are The Reason,Calum Scott,171,6B,24,2023-12-28,03:24,79,soft pop,Only Human (Deluxe),2018-03-09,33,92,0,22,0,10,-8,A#/B♭ Major,3,69vToJ9BMbbLlFZo7k7A7B,USUM71710315,1
75,Moral of the Story,Ashe,120,6B,40,2024-01-15,03:21,20,,Ashlyn,2021-05-07,57,59,0,27,0,10,-9,A#/B♭ Major,4,69HzZ3ti9DLwb0GdWCGYSo,USQE91500884,2
78,Bad Habit - Sped Up,Steve Lacy,103,11B,68,2024-01-21,03:11,60,,Bad Habit (Sped Up),2022-07-14,71,81,0,85,0,40,-5,A Major,4,4i7HqWsN7iJzsXpsW5h1nb,USRC12203611,1
86,Deeper Than It Seems,Jace June,94,3B,25,2024-02-06,03:01,35,,Deeper Than It Seems,2022-00-00,73,60,0,37,0,0,-9,C♯/D♭ Major,4,1B0os1TYAHh0UdOVBpHvMR,QZTAT2263142,1
87,Mind Over Matter,Young the Giant,155,8B,76,2024-02-06,04:04,73,,Mind Over Matter,2014-01-17,47,0,0,29,0,10,-4,C Major,4,5Az8KU81g2aLBbJN67F2CI,USAT21304149,3
95,Lights Are On,Tom Rosenthal,136,5B,4,2024-03-23,03:13,77,,Z-Sides,2018-10-26,44,98,47,25,0,10,-17,D#/E♭ Major,4,4IhTXiZLKATmwhMZIb1GQN,GBVHN1800009,2
98,8 Letters,Why Don't We,89,12A,48,2024-04-07,03:10,79,,8 Letters,2018-08-31,61,65,0,26,0,0,-6,C♯/D♭ Minor,4,4zRZAmBQP8vhNPf9i9opXt,USAT21810389,1
111,a thousand years,Christina Perri,139,6B,41,2024-06-08,04:45,86,soft pop,a thousand years,2011-10-18,42,31,0,16,0,10,-7,A#/B♭ Major,3,6lanRgr6wXibZr8KgzXxBl,USAT21102141,2
113,One Of The Girls,"The Weeknd,JENNIE,Lily-Rose Depp",85,4B,64,2024-06-10,04:04,60,"k-pop, ",One of the Girls,2023-12-08,26,4,0,19,0,10,-6,G#/A♭ Major,4,54XqJ3fP3GxmUejMsKwCaK,USUG12303881,1
114,Can I Be Him,James Arthur,108,1B,54,2024-06-18,04:06,79,soft pop,Back from the Edge,2016-10-28,70,31,0,48,0,0,-6,B Major,4,0VhgEqMTNZwYL1ARDLLNCX,DEE861600588,1
115,Say You Won't Let Go,James Arthur,85,6B,56,2024-06-25,03:31,85,soft pop,Back from the Edge,2016-10-28,36,70,0,49,0,0,-7,A#/B♭ Major,4,5uCax9HTNlzGybIStD3vDh,DEE861600586,1
121,Angel Baby,Troye Sivan,72,1B,56,2024-08-10,03:40,69,,Angel Baby,2021-09-09,56,1,0,34,0,10,-6,B Major,4,3wlLknnMtD8yZ0pCtCeeK4,AUUM72100371,1
126,Lust For Life (with The Weeknd),"Lana Del Rey,The Weeknd",100,5A,66,2024-09-03,04:24,72,,Lust For Life,2017-07-21,50,60,0,26,0,30,-9,C Minor,4,0mt02gJ425Xjm7c3jYkOBn,GBUM71701127,1
132,No one better,Anya Nami,170,2B,66,2024-10-12,02:22,54,,No one better,2024-10-04,73,20,1,78,0,0,-6,F#/G♭ Major,4,5X7RNmXMgiWz4jj6bLwAG6,CA5KR2496780,1
148,"Henry, come on",Lana Del Rey,102,12B,33,2025-04-13,05:11,66,,"Henry, come on",2025-04-11,36,82,9,13,0,10,-11,E Major,4,6CYldrsUPBsiPtfLW4xZCl,GBUM72501764,1
163,Forbidden Fruit,"Tommee Profitt,Sam Tinnesz,brooke",117,5A,32,2026-01-03,03:45,66,,Forbidden Fruit,2025-03-21,49,71,0,16,0,10,-7,C Minor,4,5kzr0vo6w3URmwa7eVC5h7,QZVR22400579,1
2,Comatose,jxdn,162,10A,85,2022-07-29,02:35,51,pop punk,Comatose,2020-05-11,36,0,0,55,30,40,-5,B Minor,4,5dVKYrPpo8d5AgUGRKMBLp,USAT22003129,1
3,Even in the Dark,jxdn,130,10B,45,2022-07-29,02:40,43,pop punk,28 (Songs for Cooper),2022-06-28,55,21,0,57,0,0,-5,D Major,4,4g4m74G999qSuT8b1Zr6IC,USAT22208079,1
4,On My Own,Brady,88,9B,59,2022-07-29,02:25,65,,Teen Beach 2 (Original TV Movie Soundtrack),2015-01-01,67,14,0,28,0,10,-7,G Major,4,51xUartdwQzXmtrwHyXRVp,USWD11570447,1
5,NO VANITY,jxdn,149,10A,82,2022-07-29,03:25,42,pop punk,Tell Me About Tomorrow,2021-07-02,48,0,0,33,0,10,-5,B Minor,4,0tQPcLmwvAnS5eXSuAUokD,USAT22102567,1
6,America's Sweetheart - Acoustic,Huddy,128,12B,38,2022-07-29,03:26,22,,America's Sweetheart (Acoustic),2021-05-14,63,78,0,22,0,10,-8,E Major,4,3s8Ria9nqj00rXvMXBzbz5,USUM72107432,1
7,LIPS,jxdn,165,10A,85,2022-07-29,02:49,46,pop punk,Tell Me About Tomorrow (Deluxe),2021-07-02,49,0,0,36,0,10,-5,B Minor,4,4waoeGrzsG9FRBChlaekFw,USAT22108152,1
9,13 Missed Calls,Zach Hood,130,9B,72,2022-07-29,03:29,0,,13 Missed Calls,2021-04-23,64,45,0,52,0,10,-6,G Major,3,6KVFBsfbnaFFa43i4k0cce,US3DF2108929,1
10,TONIGHT (feat. iann dior),"jxdn,iann dior",165,7B,63,2022-07-29,02:15,49,"pop punk, melodic rap",Tell Me About Tomorrow,2021-07-02,50,0,0,46,0,30,-7,F Major,4,0zf4S7JGIW0V9tRegfNidB,USAT22007607,1
11,24,Arizona Zervas,148,8B,79,2022-07-29,02:03,45,,24,2020-05-08,74,16,0,46,10,10,-3,C Major,4,6B2RbPOuwAKtxNAnIKY63A,USSM12001964,1
12,FUCKED UP,jxdn,84,5B,66,2022-07-29,02:50,37,pop punk,Tell Me About Tomorrow,2021-07-02,39,1,0,21,0,10,-7,D#/E♭ Major,4,6LI6eBUfd7iQy55SaKCtIj,USAT22102563,1
13,Miss YOU!,CORPSE,93,10B,83,2022-07-29,01:32,56,trap metal,Miss YOU!,2020-03-06,79,0,8,17,20,50,-7,D Major,4,3pXVmZh293nWtqxildz9jf,QZFZ62009056,1
14,dying on the inside,Nessa Barrett,125,5A,59,2022-07-29,03:24,69,,dying on the inside,2022-02-25,54,0,0,43,0,10,-5,C Minor,1,6h1s7cKnUtsbRpE5bwnUTf,USWB12200243,1
16,LAST TIME,jxdn,200,10A,82,2022-07-29,03:01,41,pop punk,Tell Me About Tomorrow,2021-07-02,44,0,0,45,0,30,-5,B Minor,4,0AFUpHDK01kwapBhVJBtio,USAT22102566,1
17,TELL ME ABOUT TOMORROW,jxdn,140,1B,56,2022-07-29,03:23,50,pop punk,Tell Me About Tomorrow,2021-07-02,51,2,0,49,0,10,-6,B Major,4,0A6CJaugwgh4bjnSNyWtWF,USAT22102568,1
18,CRACK MY SKULL,jxdn,145,3B,86,2022-07-29,02:54,40,pop punk,Tell Me About Tomorrow (Deluxe),2021-07-02,55,0,0,35,0,0,-5,C♯/D♭ Major,4,4hqPAxttJibCdJwg4FGRSC,USAT22108149,1
19,THINK ABOUT ME,jxdn,142,12A,72,2022-07-29,03:24,50,pop punk,Tell Me About Tomorrow,2021-07-02,56,0,0,65,0,0,-4,C♯/D♭ Minor,4,6HNtT20hmFvswMN53jIRv1,USAT22102351,1
20,Loner,Maggie Lindemann,160,1A,71,2022-07-29,03:10,0,,PARANOIA,2021-01-22,69,32,0,23,0,10,-4,G#/A♭ Minor,4,2gFa7CPolfvvcv6EE7lpM8,QZMLX2000012,1
21,CHRISTMAS SUCKS,jxdn,95,10B,84,2022-07-29,02:36,29,pop punk,Tell Me About Tomorrow (Deluxe),2021-07-02,52,0,0,35,0,30,-5,D Major,4,11MnUjcQ3YHQLbgxl4uQHi,USAT22108151,1
23,White Tee,CORPSE,130,4A,85,2022-07-29,02:01,52,trap metal,White Tee,2020-03-21,90,2,0,35,10,30,-4,F Minor,4,3qdRwIwWa5nVZnNp43uYrx,QZFZ62072678,1
24,drivers license,jxdn,144,6B,79,2022-07-29,03:57,51,pop punk,drivers license,2021-01-19,60,2,0,30,0,0,-5,A#/B♭ Major,4,6H7RUDjmjiGV4I9hE24Kk5,USAT22100190,1
25,BETTER OFF DEAD,jxdn,94,3A,67,2022-07-29,02:35,58,pop punk,Tell Me About Tomorrow,2021-07-02,68,15,0,38,0,10,-6,A#/B♭ Minor,4,7MPxEoT36YBCDbrk3ng85S,USAT22007606,1
27,Beautiful Boy,jxdn,75,12B,79,2022-07-29,02:38,37,pop punk,28 (Songs for Cooper),2022-06-28,56,1,0,62,0,10,-6,E Major,4,1cmIa5VRsl9vOZl6zNRlHf,USAT22208078,1
29,ANGELS & DEMONS PT. 2,jxdn,185,6A,80,2022-07-29,01:52,40,pop punk,Tell Me About Tomorrow,2021-07-02,27,0,0,26,0,0,-5,G Minor,4,2N0FWGaq52dlN6FH4EvmnL,USAT22102564,1
30,Pray,jxdn,140,8B,33,2022-07-29,01:59,55,pop punk,Pray,2020-08-20,55,9,0,27,0,50,-8,C Major,4,4zcVQvCRJRafP6JtLGyy7R,USAT22005352,1
31,FML,Arizona Zervas,100,7B,57,2022-07-29,03:43,64,,Living Facts,2018-06-03,82,11,0,62,0,10,-6,F Major,4,6lruHh1jF7ezgbLv72xYmf,USSM11914459,1
32,The Break Up,mgk,130,8A,71,2022-07-29,03:20,54,,bloom (Deluxe),2017-05-12,77,0,0,24,0,10,-7,A Minor,4,6lJbA3HMQlOI2JMdKbBKDi,USUM71713447,1
33,SO WHAT!,jxdn,175,12B,66,2022-07-29,02:21,53,pop punk,Tell Me About Tomorrow,2021-07-02,60,0,0,53,0,0,-6,E Major,4,213zYbLMb3NjOfNl0LFTQr,USAT22004348,1
34,DEAD OR ALIVE,jxdn,105,8B,89,2022-07-29,02:31,39,pop punk,Tell Me About Tomorrow (Deluxe),2021-07-02,60,0,0,33,0,30,-5,C Major,4,3Gn2wegk0dvkLu66UEiQXA,USAT22108150,1
35,WANNA BE (feat. Machine Gun Kelly),"jxdn,mgk",170,9B,94,2022-07-29,02:38,54,"pop punk, ",Tell Me About Tomorrow,2021-07-02,42,0,0,43,10,30,-4,G Major,4,058pBOh77XQJNg3YWGr4jN,USAT22100004,1
36,PILLS,jxdn,165,2B,89,2022-07-29,02:27,38,pop punk,Tell Me About Tomorrow,2021-07-02,48,0,0,54,0,10,-5,F#/G♭ Major,4,2x4bVd4nnzqzYmqpDYbcmQ,USAT22102558,1
37,BRAINDEAD,jxdn,172,4B,80,2022-07-29,02:48,48,pop punk,Tell Me About Tomorrow,2021-07-02,53,0,0,45,0,10,-5,G#/A♭ Major,4,2IGmI63i1TCBSYbh4wBlzU,USAT22102562,1
39,DTA,jxdn,75,11A,74,2022-07-29,02:23,38,pop punk,Tell Me About Tomorrow,2021-07-02,58,0,0,50,0,10,-5,F#/G♭ Minor,4,18o8K3rNosL8tOxbCWgMmp,USAT22102565,1
40,Everybody Loves Somebody,Dean Martin,119,5B,39,2022-07-29,02:47,69,"christmas, adult standards, big band, swing music",Everybody Loves Somebody,1964-00-00,37,85,0,46,0,30,-12,D#/E♭ Major,3,5I9sHwLDX28tLtzVgKLtpr,USQX91301936,1
43,Just Like You,Louis Tomlinson,138,8B,63,2022-07-29,03:25,50,,Just Like You,2017-10-12,70,36,0,47,20,30,-6,C Major,4,5IF6IBPqbclVR7SQKmCIyA,GBHMU1700059,1
45,Carried Away (Love To Love) (with Madison Beer),"Surf Mesa,Madison Beer",142,3B,68,2022-07-29,03:02,56,,Carried Away (Love To Love) (with Madison Beer),2021-02-12,52,35,0,30,0,30,-5,C♯/D♭ Major,4,4IvuPZogXbY7LODs7qzr0W,USUG12100369,1
48,bloody valentine,mgk,160,10B,86,2022-07-29,03:25,72,,Tickets To My Downfall,2020-09-25,53,0,0,51,0,10,-4,D Major,4,6mADjHs6FXdroPzEGW6KVJ,USUM72005714,1
50,Ocean Eyes,American Avenue,155,9A,93,2022-07-29,04:00,43,,Ocean Eyes,2018-02-23,41,0,0,19,10,10,-3,E Minor,4,7wpdVf6KyYu05FM4XBH6X3,QZARB1888630,1
55,Daylight,Harry Styles,146,8B,45,2022-07-29,02:44,73,,Harry's House,2022-05-20,69,48,0,63,0,10,-7,C Major,3,51Zw1cKDgkad0CXv23HCMU,USSM12200613,1
59,Boyfriends,Harry Styles,118,8B,20,2022-07-29,03:14,65,,Harry's House,2022-05-20,42,94,0,32,0,10,-11,C Major,4,6qj02zSeEJGWZ4c0dn5QzJ,USSM12200620,1
60,not my job anymore,Thomas Day,140,1B,44,2023-02-14,03:08,48,,not my job anymore,2022-07-15,53,53,0,11,0,20,-7,B Major,4,4i7mcbkECX4kqRvfjbBGQz,USAR12200337,1
64,GO TO HELL,Clinton Kane,90,10B,75,2022-08-01,03:03,44,,MAYBE SOMEDAY IT'LL ALL BE OK,2022-07-22,61,25,0,28,0,10,-3,D Major,4,0hleGb6WGfySHYr8SmPoIV,USSM12107763,1
68,grave,Nessa Barrett,144,8B,49,2022-08-01,02:27,49,,pretty poison,2021-09-10,53,37,0,7,0,0,-8,C Major,4,7pjlSvtMtqybSo198LE0P6,USWB12102560,1
76,Starting Line,Luke Hemmings,120,10B,80,2022-08-01,04:30,59,,When Facing the Things We Turn Away From,2021-08-13,27,9,0,21,0,10,-5,D Major,4,1CODAIfeSTMzIgBK0S3H5S,AUBM02100203,1
80,you're just drunk,Johnny Orlando,90,4B,61,2022-08-01,02:24,32,,you're just drunk,2021-10-22,48,1,0,8,0,20,-8,G#/A♭ Major,4,0AqZwGZDiuEVcnNH7HFuZH,CAUM72100449,1
83,thank me later,KINGS,176,8A,68,2022-08-01,03:14,0,,thank me later,2021-06-25,51,1,0,40,0,20,-8,A Minor,4,2mVq3HcBGQXh3Y6qeFzvmm,GBKPL2154306,1
86,Astronomy,Conan Gray,145,9A,34,2022-08-01,04:03,73,,Superache,2022-06-24,47,58,0,15,0,30,-9,E Minor,3,2JN3ugW1cEahbYw0I5mw5U,USUM72106337,2
89,papercuts - album edit,mgk,140,12B,73,2022-08-01,03:01,51,,mainstream sellout,2022-03-25,59,7,0,44,0,30,-5,E Major,4,1Fa7pBvVjFkMjNW3mAXkr3,USUM72201506,1
90,bloody valentine - Acoustic,"mgk,Travis Barker",140,6A,43,2022-08-01,03:15,49,rap rock,Tickets To My Downfall (SOLD OUT Deluxe),2020-09-29,66,63,0,23,0,10,-7,G Minor,4,0JX0AJ8kncF5iv8C42J1OU,USUM72011500,1
92,Comedy,Jeff Satur,109,11A,11,2022-08-10,02:33,43,"t-pop, thai pop",Comedy,2020-08-06,60,74,0,35,0,10,-27,F#/G♭ Minor,4,2oBqR7wSjEonzeDPJXo9V4,FRX282051998,1
93,Hide - English Version,Jeff Satur,137,10B,59,2022-08-21,03:36,36,"t-pop, thai pop",Hide (English Version),2022-08-19,55,65,0,29,0,10,-7,D Major,4,2vyp7oYrO5c3DVfyUJM9qs,THW092201373,1
94,Lover Of Mine,5 Seconds of Summer,94,10A,86,2022-09-01,03:26,61,,CALM,2020-03-27,55,19,0,32,0,10,-3,B Minor,3,1hUPOCqOukEl03lOs16DtN,USUG12000299,1
98,ur just horny,GAYLE,180,12A,90,2022-09-29,02:58,43,,ur just horny,2022-01-19,53,22,0,89,0,0,-5,C♯/D♭ Minor,4,02gGfhPHk5NuN0mgbKpU4Y,USAT22108510,1
100,ลืมไปแล้วว่าลืมยังไง (Fade),Jeff Satur,109,12B,46,2022-12-28,04:22,53,"t-pop, thai pop",ลืมไปแล้วว่าลืมยังไง (Fade),2022-09-23,57,39,0,24,0,10,-10,E Major,4,4gNkIyfaf2iwPgeLSVIj8O,THW092201719,1
105,"Red Lights (Bang Chan, Hyunjin)",Stray Kids,128,10A,74,2023-03-23,03:09,73,"k-pop, noise music",NOEASY,2021-08-23,71,18,0,34,0,60,-4,B Minor,4,0LatE4S9UtCDwIdGQsFFKL,US5TA2100076,1
106,VENOM,Stray Kids,137,11B,81,2023-03-23,03:14,67,"k-pop, noise music",ODDINARY,2022-03-18,81,11,0,40,30,20,-3,A Major,4,4b3rGL8LDSkbARUUA20136,US5TA2200026,1
108,CASE 143,Stray Kids,100,11A,89,2023-03-23,03:11,72,"k-pop, noise music",MAXIDENT,2022-10-07,81,10,0,69,20,0,-3,F#/G♭ Minor,4,3O8G8eVrhfXTGttyQ1xVuq,US5TA2200101,1
110,CIRCUS,Stray Kids,98,4A,81,2023-03-23,03:14,66,"k-pop, noise music",CIRCUS,2022-06-10,77,3,0,69,10,0,-4,F Minor,4,2uw2ftfyS4yJLWiTtbxasE,JPU902201755,1
111,CHEESE,Stray Kids,90,10B,95,2023-03-23,03:02,66,"k-pop, noise music",NOEASY,2021-08-23,38,3,0,58,20,10,-2,D Major,3,7qpSatdWQcRHA3hpedL2u4,US5TA2100067,1
112,Charmer,Stray Kids,91,3B,76,2023-03-23,03:08,69,"k-pop, noise music",ODDINARY,2022-03-18,79,5,0,73,0,10,-3,C♯/D♭ Major,4,4QDpsNBlllaLGj8zbF2EE0,US5TA2200028,1
113,FREEZE,Stray Kids,160,10A,87,2023-03-23,02:58,62,"k-pop, noise music",ODDINARY,2022-03-18,64,1,0,66,10,0,-3,B Minor,4,2L7hSYdvF0CtaM6JisfKEG,US5TA2200029,1
114,Silent Cry,Stray Kids,104,4A,88,2023-03-23,03:29,64,"k-pop, noise music",NOEASY,2021-08-23,69,14,0,59,0,20,-3,F Minor,4,5kBJH5gU89axZDauhfddpy,US5TA2100073,3
115,Dum Dum,Jeff Satur,91,9A,44,2023-03-26,03:15,52,"t-pop, thai pop",Dum Dum,2023-03-16,62,45,0,54,0,20,-8,E Minor,4,4XhdM1Ku9JM4abVuRWAsgk,THW092300607,1
116,Dum Dum - English Version,Jeff Satur,91,9A,44,2023-03-26,03:15,43,"t-pop, thai pop",Dum Dum,2023-03-16,61,35,0,60,0,20,-8,E Minor,4,6McBFhOohQvx0zWkoISnap,THW092300608,1
117,Would You Do It Again?,Rowan Drake,98,6B,24,2023-03-30,02:27,0,,Would You Do It Again?,2023-03-03,56,90,0,52,0,10,-15,A#/B♭ Major,4,4S3QaFRffd2LZH5kw0TytZ,USAT22301360,1
119,1950,King Princess,72,12B,54,2023-05-11,03:45,64,,1950,2018-02-23,60,65,0,27,10,10,-7,E Major,4,0CZ8lquoTX2Dkg7Ak2inwA,USSM11801303,1
121,Elevated Heartbreak,jxdn,158,2B,26,2023-06-10,03:23,38,pop punk,Elevated Heartbreak,2023-06-08,37,6,0,28,0,10,-10,F#/G♭ Major,3,71kN8wL4AFqpMsmk9jb33D,USAT22305821,1
122,"Calling (Spider-Man: Across the Spider-Verse) (Metro Boomin & Swae Lee, NAV, feat. A Boogie Wit da Hoodie)","Metro Boomin,Swae Lee,NAV,A Boogie Wit da Hoodie",140,8B,54,2023-06-19,03:39,73,melodic rap,METRO BOOMIN PRESENTS SPIDER-MAN: ACROSS THE SPIDER-VERSE (SOUNDTRACK FROM AND INSPIRED BY THE MOTION PICTURE),2023-06-02,64,48,0,20,0,10,-8,C Major,4,5rurggqwwudn9clMdcchxT,USUM72308543,1
123,could you love me while i hate myself,Zeph,120,11B,41,2023-06-19,01:00,55,,scared of everything,2021-10-15,68,78,0,55,0,10,-11,A Major,4,7uo2L5FAja3pWIBa3HJVeC,QM24S2106218,1
125,ur so pretty,Wasia Project,91,12B,23,2023-08-08,02:12,59,,how can i pretend?,2022-05-10,32,93,0,23,0,10,-13,E Major,3,1Jt24MPLz6fGXSCTlXTjzF,QZHN92213120,1
126,HALAZIA,ATEEZ,172,11A,88,2023-08-12,03:17,66,"k-pop, noise music",SPIN OFF : FROM THE WITNESS,2022-12-30,48,0,0,38,0,0,-5,F#/G♭ Minor,4,5cTnKClHyczcUhFT8MKBZe,KRD442200014,1
128,Deja Vu,ATEEZ,80,11A,84,2023-08-12,03:16,63,"k-pop, noise music",ZERO : FEVER Part.3,2021-09-13,69,5,0,57,0,10,-5,F#/G♭ Minor,4,3zmrdOtnOogqLllz26WLZ3,KRD442100032,1
129,DJANGO,ATEEZ,94,4A,83,2023-08-12,03:11,56,"k-pop, noise music",THE WORLD EP.2 : OUTLAW,2023-06-16,76,11,0,65,10,0,-4,F Minor,4,5Ku5uYEtkdpNlkgqU6p4ir,KRD442300011,1
132,Outlaw,ATEEZ,94,4A,77,2023-08-12,03:19,55,"k-pop, noise music",THE WORLD EP.2 : OUTLAW,2023-06-16,74,2,0,53,0,0,-5,F Minor,4,6UM7j0WbcGtk06c6pGKiQ6,KRD442300013,1
133,Limitless,ATEEZ,181,9B,85,2023-08-12,03:24,46,"k-pop, noise music",Limitless,2023-03-22,54,1,0,50,30,70,-4,G Major,4,3nOhOCmYzbMtLENk6nlCfk,JPCO02300610,1
134,DIAMOND,ATEEZ,125,10B,70,2023-08-12,03:26,44,"k-pop, noise music",Limitless,2023-03-22,63,5,0,43,0,30,-7,D Major,4,5sIcMld4YXTlTqztVEa3hU,JPCO02300620,1
136,The Ring,ATEEZ,100,9A,73,2023-08-12,04:00,51,"k-pop, noise music",THE WORLD EP.1 : MOVEMENT,2022-07-29,65,1,0,24,0,40,-7,E Minor,4,1s9dHDYdTjQo1Ow8MoF9nV,KRD442200005,1
138,Dazzling Light,ATEEZ,156,8A,94,2023-08-12,03:09,10,"k-pop, noise music",TREASURE EP.FIN : All To Action,2019-10-08,59,4,0,57,20,0,-3,A Minor,4,7HyAzQHnTni37xGUlve1iD,KRD441900019,1
139,MIST,ATEEZ,128,4B,83,2023-08-12,03:19,15,"k-pop, noise music",TREASURE EP.FIN : All To Action,2019-10-08,56,8,0,34,0,10,-3,G#/A♭ Major,4,52PCrf2tqml44bWLNT58hF,KRD441900020,1
140,AURORA,ATEEZ,95,4B,78,2023-08-12,03:24,12,"k-pop, noise music",TREASURE EP.3 : One To All,2019-06-10,70,3,0,61,0,0,-5,G#/A♭ Major,4,2J8tamzlBEX2DWLx9ASTvS,KRD441900014,1
141,Sunrise,ATEEZ,75,8B,62,2023-08-12,03:18,9,"k-pop, noise music",TREASURE EP.FIN : All To Action,2019-10-08,63,33,0,63,10,10,-5,C Major,4,2jRQ7WRx7usY0xlCj2DNPH,KRD441900025,1
142,ILLUSION,ATEEZ,140,10B,74,2023-08-12,03:30,12,"k-pop, noise music",TREASURE EP.3 : One To All,2019-06-10,73,20,0,90,0,0,-4,D Major,4,4hQHA562yLkVKlakkOkz5l,KRD441900011,1
146,WONDERLAND (Symphony No.9  From The Wonderland ),ATEEZ,130,9A,85,2023-08-12,04:17,52,"k-pop, noise music",ZERO : FEVER EPILOGUE,2021-12-10,55,5,0,33,10,30,-7,E Minor,4,1JspDSeSVIiegIbk5niXkg,KRD442100043,1
148,Good Lil Boy,ATEEZ,146,8A,92,2023-08-12,03:25,51,"k-pop, noise music",ZERO : FEVER Part.1,2020-07-29,60,15,0,73,0,30,-2,A Minor,4,5U8pXQSdhTtQ8bp6K6vb9Y,KRD442000013,1
151,Say My Name,ATEEZ,153,11A,90,2023-08-12,03:42,23,"k-pop, noise music",TREASURE EP.2 : Zero To One,2019-01-15,63,21,0,62,0,30,-3,F#/G♭ Minor,4,2UP7KnRSvc4taXbjOoSX0f,KRD441900002,1
152,Turbulence,ATEEZ,170,12B,83,2023-08-12,03:19,58,"k-pop, noise music",ZERO : FEVER EPILOGUE,2021-12-10,46,11,0,62,0,10,-6,E Major,4,2wj2Mh7Zmp036eH1aY6nAW,KRD442100036,1
153,Celebrate,ATEEZ,80,8B,88,2023-08-12,03:16,45,"k-pop, noise music",ZERO : FEVER Part.2,2021-03-01,67,17,0,89,10,30,-4,C Major,4,1ptZH0pgnIjSG2mUYvMUjB,KRD442000019,1
157,Rover,KAI,186,12A,81,2023-09-30,02:54,66,k-pop,Rover - The 3rd Mini Album,2023-03-13,63,2,0,55,20,10,-2,C♯/D♭ Minor,4,3WUyu94psXrYV6HZbXgcFA,KRA302300058,1
158,Baggy Jeans,NCT U,89,3B,64,2023-09-30,03:31,54,"k-pop, noise music",Golden Age - The 4th Album,2023-08-28,73,1,0,63,20,10,-4,C♯/D♭ Major,4,3fR9cyHIKckUDwuy3m5tKn,KRA302300281,1
159,SHALALA,TAEYONG,95,8B,88,2023-09-30,03:21,55,"k-pop, noise music",SHALALA - The 1st Mini Album,2023-06-05,85,29,0,78,20,10,-3,C Major,4,2gAX00D7NOBKdcKbOXdpFR,KRA302300187,1
160,GENTO,SB19,95,3B,70,2023-09-30,03:52,57,"p-pop, opm, pinoy r&b",GENTO,2023-05-19,80,3,0,28,0,10,-4,C♯/D♭ Major,4,1o6uF8VmXna99ysHTcQRI2,PHS112300198,1
162,Blow,Jackson Wang,125,9B,59,2023-09-30,02:43,0,k-pop,MAGIC MAN,2022-09-09,54,0,0,82,10,0,-8,G Major,4,53WD6QvMGh7wXQVP0U8Rnr,USWB12200837,1
165,Shoong! (feat. LISA of BLACKPINK),"TAEYANG,LISA",110,10A,71,2023-11-10,03:25,62,k-pop,Down to Earth,2023-04-25,77,1,0,25,0,30,-6,B Minor,4,5HrIcZOo1DysX53qDRlRnt,KSA002300722,1
171,BLIND SPOT,Stray Kids,196,10B,87,2023-11-10,03:20,67,"k-pop, noise music",ROCK-STAR,2023-11-10,62,5,0,64,20,0,-3,D Major,4,6uVpG6300TODQGjOAtXJjh,US5TA2300152,1
172,COMFLEX,Stray Kids,110,11B,88,2023-11-10,02:52,63,"k-pop, noise music",ROCK-STAR,2023-11-10,90,6,0,61,10,20,-3,A Major,4,2Rz7TEBsIXbI1tKsfQOCjI,US5TA2300153,1
173,Cover Me,Stray Kids,174,4B,74,2023-11-10,03:11,68,"k-pop, noise music",ROCK-STAR,2023-11-10,47,10,0,18,0,0,-4,G#/A♭ Major,3,5dUjBnP5zrWpWA5RGrr73g,US5TA2300154,1
174,Leave,Stray Kids,110,3B,66,2023-11-10,03:39,62,"k-pop, noise music",ROCK-STAR,2023-11-10,78,55,0,69,0,0,-5,C♯/D♭ Major,4,2zPqhdPGNCwzXnvSvj7WgD,US5TA2300155,1
175,Social Path (Feat. LiSA) (Korean Ver.),"Stray Kids,LiSA",172,10A,91,2023-11-10,03:17,63,"k-pop, noise music, anime, j-pop, j-rock",ROCK-STAR,2023-11-10,55,5,0,37,10,20,-3,B Minor,4,5w6HF09YaD6wWlC90NaeVP,US5TA2300156,1
176,LALALALA (Rock Ver.),Stray Kids,126,8B,99,2023-11-10,03:07,59,"k-pop, noise music",ROCK-STAR,2023-11-10,58,3,0,28,20,10,-2,C Major,4,20FfCMC46eOIIrxCUdSNZT,US5TA2300157,1
177,Hate You,Jung Kook,80,10B,27,2023-11-23,02:34,74,k-pop,GOLDEN,2023-11-03,42,86,0,25,0,0,-9,D Major,4,5ONOlTiqymhzwcFjqcIT6E,USA2P2348394,1
183,Chaconne,ENHYPEN,140,11A,64,2023-11-30,03:33,68,k-pop,DARK BLOOD,2023-05-22,65,10,0,46,0,0,-6,F#/G♭ Minor,4,7nBjhYbLttb9LHZHqNuld5,USA2P2319855,1
185,Karma,ENHYPEN,114,3B,88,2023-11-30,03:12,60,k-pop,DARK BLOOD,2023-05-22,62,10,0,46,0,0,-5,C♯/D♭ Major,4,1RGaIn89VUtXvJCXz1tDNb,USA2P2319857,1
187,Emergency,ATEEZ,160,9B,88,2023-12-14,02:58,49,"k-pop, noise music",THE WORLD EP.FIN : WILL,2023-12-01,66,5,0,52,10,30,-6,G Major,4,0dncBD42Ek18rPQw8dZCkH,KRD442300021,1
190,Silver Light,ATEEZ,100,10B,83,2023-12-14,03:50,54,"k-pop, noise music",THE WORLD EP.FIN : WILL,2023-12-01,70,2,0,36,0,10,-5,D Major,4,7hWW1JxF5ArjPgAsGlwSuz,KRD442300024,1
191,Dreamy Day,ATEEZ,100,12B,78,2023-12-14,03:26,49,"k-pop, noise music",THE WORLD EP.FIN : WILL,2023-12-01,71,15,0,75,0,0,-6,E Major,4,4vk0If3wzFnqTsfn21HER7,KRD442300026,1
194,"Youth (YUNHO, MINGI)",ATEEZ,170,4A,59,2023-12-14,03:29,52,"k-pop, noise music",THE WORLD EP.FIN : WILL,2023-12-01,56,3,0,53,10,20,-5,F Minor,4,136oL23K6A6g4PvptBWcS7,KRD442300029,1
196,FIN : WILL,ATEEZ,125,11B,51,2023-12-14,03:03,44,"k-pop, noise music",THE WORLD EP.FIN : WILL,2023-12-01,56,7,0,10,0,0,-9,A Major,4,2Nk2AbS02HaI1tgWTApkGJ,KRD442300031,1
198,Dancing Round My Problems,Reagan Beem,82,6B,42,2024-02-01,02:57,36,,Dancing Round My Problems,2023-07-14,39,85,0,35,0,10,-9,A#/B♭ Major,4,54TxbpsfDPw864ccfS462v,UK6KW2300161,1
199,LO$ER=LO♡ER,TOMORROW X TOGETHER,125,10A,87,2024-02-02,03:19,70,k-pop,The Chaos Chapter: FIGHT OR ESCAPE,2021-08-17,64,0,0,69,0,10,-4,B Minor,4,21aOLk12MksET8AsbU0SI6,USA2P2119859,1
205,What I Am,ZAYN,79,9B,50,2024-03-15,03:31,46,,What I Am,2024-03-15,46,47,0,29,0,20,-8,G Major,4,7qZuRt0v6zox5gMAMCls5M,USUG12401415,1
208,Good Boy Gone Bad,TOMORROW X TOGETHER,100,3B,70,2024-05-14,03:11,65,k-pop,minisode 2: Thursday's Child,2022-05-09,48,2,0,55,10,10,-6,C♯/D♭ Major,4,1HsSIPLTQT354yJcQGfEY3,USA2P2146796,1
209,Love Talk - English Version,WayV,98,11A,72,2024-05-14,03:52,65,"k-pop, c-pop, noise music",Love Talk (English Version),2019-11-05,75,14,0,44,0,10,-5,F#/G♭ Minor,4,2e3cJdJ8xWwydl8JIYlCqB,KRA301900528,1
210,Stay Alive (Prod. SUGA of BTS),Jung Kook,130,7A,76,2024-05-14,03:30,73,k-pop,Stay Alive (Prod. SUGA of BTS),2022-02-11,51,30,0,50,0,10,-6,D Minor,4,7CAdT0HdiQNlt1C7xk2hep,USA2P2203296,1
214,Devil by the Window,TOMORROW X TOGETHER,134,11A,60,2024-05-14,03:06,64,k-pop,The Name Chapter: TEMPTATION,2023-01-27,54,6,0,64,10,10,-6,F#/G♭ Minor,4,53H3sGmqiXWO4MwuZAJfyn,USA2P2243431,1
215,Opening Sequence,TOMORROW X TOGETHER,145,2A,64,2024-05-14,02:57,64,k-pop,minisode 2: Thursday's Child,2022-05-09,61,17,0,44,0,10,-6,D#/E♭ Minor,4,1exxGxUMlJWD1h9YcE9YZH,USA2P2146795,1
219,Back To Me,The Rose,130,12A,84,2024-05-14,03:44,42,"k-rock, k-pop",DUAL,2023-09-22,60,5,0,56,0,40,-3,C♯/D♭ Minor,4,20Ahyv93KKjMuDHAVy2yjr,US39N2308545,1
221,The Happiest Girl,BLACKPINK,181,8B,38,2024-05-14,03:42,52,k-pop,BORN PINK,2022-09-15,38,61,0,55,0,10,-8,C Major,3,7AdGloF1UHKe1vAZPbqIXH,KRA402200026,1
222,Love Shot,EXO,146,4A,68,2024-05-14,03:20,75,k-pop,LOVE SHOT– The 5th Album Repackage,2018-12-13,69,7,0,34,10,0,-4,F Minor,4,0yB4jrSwN0bFtFRDR5vyMj,KRA301800573,1
223,ซ่อน(ไม่)หา,Jeff Satur,118,10B,65,2024-05-17,03:54,59,"t-pop, thai pop",Space Shuttle No.8,2024-02-08,66,70,0,40,0,10,-5,D Major,4,5nvdbRKg9fOixXotcZIQuF,THW092400001,1
229,Almost over you,Jeff Satur,135,5A,58,2024-06-19,03:24,52,"t-pop, thai pop",Space Shuttle No.8,2024-02-08,67,39,0,14,0,20,-7,C Minor,4,2F6OiWpyqFAqRLmVoqGlkB,THW092400160,1
235,Klaxon,i-dle,120,10A,89,2024-09-16,02:55,2,k-pop,I SWAY,2024-07-08,89,13,0,80,10,30,-3,B Minor,4,294hRgOqnGW2BemqP8D35X,KRA392400011,1
240,Amnesia,KAI,142,10B,66,2024-09-16,02:58,54,k-pop,KAI - The 1st Mini Album,2020-11-30,52,30,0,36,0,10,-5,D Major,4,11dQTEghmS3uFipXhk1Tbl,KRA302000604,1
241,Ride Or Die,KAI,148,8B,86,2024-09-16,03:20,46,k-pop,KAI - The 1st Mini Album,2020-11-30,56,61,0,23,0,0,-3,C Major,3,5Ej0A9BOsVSrxYwC6GSfCv,KRA302000606,1
245,Wild Flower (with youjeen),"RM,Youjeen",155,4B,77,2025-01-24,04:33,79,"k-pop, k-rap, k-rock",Indigo,2022-12-02,49,3,0,42,0,10,-6,G#/A♭ Major,4,1AZjCZSGEjlxUufFQwSszF,USA2P2243395,1
248,Hi Bich,Bhad Bhabie,120,4B,36,2025-03-02,01:45,62,,15,2018-09-18,93,16,0,7,10,0,-9,G#/A♭ Major,4,3yjpv3Rk2gkHhfhgBjiUKS,USAT21703862,1
253,แรงอีกนิด (SADISTIC),JASP.ER,102,3A,66,2025-04-11,03:04,61,"t-pop, thai pop",แรงอีกนิด (SADISTIC),2024-12-21,84,27,0,83,0,10,-5,A#/B♭ Minor,4,1CGyKqD9XNKpTU892cULwL,THG012401088,1
254,ถอด (TAKE IT OFF),JASP.ER,109,10A,97,2025-04-11,02:42,60,"t-pop, thai pop",ถอด (TAKE IT OFF),2025-04-03,72,31,0,70,10,30,-2,B Minor,4,7C1NEDCvP1psZenFDA3Sxx,THG012500179,1
255,"You’ll Be Alright, Kid",Alex Warren,120,3B,39,2025-05-24,02:29,55,,"You'll Be Alright, Kid (Chapter 1)",2024-09-27,61,71,0,46,0,10,-5,C♯/D♭ Major,4,3PDFYhI75HLKmoyG5lmwjK,USAT22408779,1
258,Constellations - Piano Version,Jade LeMac,136,3B,29,2025-06-05,03:50,74,,Constellations (Piano Version),2021-10-13,41,81,0,12,0,20,-9,C♯/D♭ Major,4,4uTeAvKMQMqgIneew9Ic7X,TCAFU2116497,1
259,Lisboa,"ANAVITÓRIA,Lenine",105,6A,28,2025-06-15,03:39,75,"mpb, new mpb, brazilian pop",COR,2021-01-01,74,85,0,41,0,10,-12,G Minor,4,2o2xhyri4aJUtgMGkf5P0J,BXNVT2000017,1
260,Depois,Marisa Monte,136,6B,55,2025-06-15,02:53,69,"mpb, new mpb",O Que Você Quer Saber de Verdade,2011-01-01,55,83,0,45,0,10,-9,A#/B♭ Major,4,2yeI0FRWd1sqGpHEUc5DFm,BRONE1100006,1
262,เหมือนวิวาห์ (Rain wedding) [From  วิมานหนาม ],Jeff Satur,118,9B,43,2025-06-19,04:21,62,"t-pop, thai pop",เหมือนวิวาห์ (Rain wedding) [From  วิมานหนาม ],2024-08-20,55,15,0,15,0,10,-8,G Major,3,5F4fAhzhdHtaQ8nNqWAufl,THW092402349,1
263,โฮ่ง! (SUGOI),LYKN,150,12A,77,2025-06-20,02:59,46,"t-pop, thai pop",โฮ่ง! (SUGOI),2024-09-10,70,45,0,88,10,10,-5,C♯/D♭ Minor,4,4gdZRE7WuhUNe5MhwXs2We,THG012400622,1
264,Guilty,TAEMIN,82,11A,78,2025-06-27,03:10,65,k-pop,Guilty - The 4th Mini Album,2023-10-30,57,29,0,67,0,10,-4,F#/G♭ Minor,3,4jMwQaDiDICry8Ia1gFnAn,KRA302300413,1
269,Almost - w/ HONGJOONG of ATEEZ,"Bradley Simpson,HONGJOONG",173,6B,45,2025-07-25,03:16,49,k-pop,Almost (w/ HONGJOONG of ATEEZ),2025-07-25,56,1,0,26,0,50,-7,A#/B♭ Major,3,3kkuFELHNPjQKvoh3DxQf4,GBARL2500989,1
271,Eternity,Alex Warren,138,6A,42,2025-08-04,03:09,87,,"You'll Be Alright, Kid",2025-07-18,62,58,0,43,0,10,-8,G Minor,4,6wHpLMmp98aHcV8L1JFrj8,USAT22503779,1
272,Leanin,Nacy,124,3B,56,2025-08-04,01:37,40,,Leanin,2024-11-08,65,5,0,21,0,10,-8,C♯/D♭ Major,4,7LIJxeGGv3Ae9mPpCv6nY7,QZZ772462304,1
275,"TASTE (Lee Know, Hyunjin, Felix)",Stray Kids,140,11A,62,2025-08-15,03:36,68,"k-pop, noise music",MAXIDENT,2022-10-07,63,6,0,12,0,20,-6,F#/G♭ Minor,4,05ib88vsMeLfwlAfrZyz99,US5TA2200106,1
277,Pelo Tempo Que Durar,Marisa Monte,78,10B,33,2025-09-09,03:28,61,"mpb, new mpb",Infinito Particular,2006-01-01,30,97,72,13,0,0,-13,D Major,4,5sJJQxIfys0imGd4WhILm8,BRONE0600023,1
279,God Damn,I.M,150,4A,87,2025-09-25,03:27,43,"k-rap, k-pop",DUALITY,2021-02-19,74,15,0,53,20,10,-6,F Minor,4,2YHfv0Yhkww66chO8whsW9,KRMIM2101739,1
280,Don't Speak,I.M,125,10B,79,2025-09-25,02:45,45,"k-rap, k-pop",Don't Speak,2025-03-28,79,0,55,63,0,10,-6,D Major,4,1lMTjhv9a9XOfKLsRXOInQ,KRB462500145,1
281,LURE,I.M,110,5A,58,2025-09-25,02:50,45,"k-rap, k-pop",Off The Beat,2024-04-03,82,8,0,40,0,10,-7,C Minor,4,3UFJPOdPj2U6XRDQKZ55l5,KRB462400258,1
282,nvrmnd,"SOULBYSEL,I.M",108,7A,52,2025-09-25,02:33,40,"k-rap, k-pop",SOULBYSEL Compilation 03,2022-11-07,78,63,0,36,0,10,-7,D Minor,4,0xxtbKIRlFwQ8bZ16u7wJ4,KRNAR2210182,1
283,OVERDRIVE,I.M,130,10A,75,2025-09-25,02:55,42,"k-rap, k-pop",OVERDRIVE,2023-06-23,74,8,0,57,0,0,-5,B Minor,4,5pGRo6KdVdD4LCg6A6awQT,KRB462300463,1
284,Skyline,I.M,132,11A,65,2025-09-25,02:55,38,"k-rap, k-pop",Off The Beat,2024-04-03,81,28,0,47,10,10,-8,F#/G♭ Minor,4,7JckVx5EJvWRIJS7aiBTdN,KRB462400261,1
287,ความรักไม่ได้น่ากลัวขนาดนั้น (TRUST ME),LYKN,140,6B,76,2025-10-02,03:54,47,"t-pop, thai pop",ความรักไม่ได้น่ากลัวขนาดนั้น (TRUST ME),2024-07-04,63,33,0,50,0,20,-5,A#/B♭ Major,4,5ZIoXwn0gn692g68qnRdtU,THG012400290,1
291,ก่อนที่เธอจะลืมฝัน,Jeff Satur,80,10B,32,2025-10-15,04:16,48,"t-pop, thai pop",Space Shuttle No.8,2024-02-08,45,25,0,8,0,10,-11,D Major,4,4SJxHEJlKUjRisEWHAlt7X,THW092301241,1
292,ฉันก่อนเจอเธอ (Lost and Found),Jeff Satur,160,4A,66,2025-10-20,03:20,54,"t-pop, thai pop",ฉันก่อนเจอเธอ (Lost and Found),2025-04-25,52,47,0,52,0,0,-6,F Minor,4,52iD6HTHA5y3Bvkzpb4Eyz,THW092501654,1
293,"Girl Crush - Recorded at Metropolis Studios, London",Harry Styles,144,12B,20,2025-10-21,04:03,67,,Spotify Singles,2017-09-27,47,66,0,25,0,10,-12,E Major,3,4YutJsNwBBInE8vemufpQ8,USSM11708590,1
296,Briston,Sydney Rose,113,1B,13,2025-10-24,02:47,60,,Briston,2024-06-07,50,85,0,15,0,10,-14,B Major,4,65VpwcmfM8WMvEPrI0cCtF,USAT22403489,1
297,Bomba,KAI,94,3A,79,2025-10-24,03:07,48,k-pop,Rover - The 3rd Mini Album,2023-03-13,80,27,0,70,0,0,-4,A#/B♭ Minor,4,1E6H8b0dUuCt7vbBgL1Fvm,KRA302300061,1
298,แค่เธออยู่ - From ครั้งหนึ่งเราเคยรักกัน Love Area The Series,Jeff Satur,90,10B,49,2025-10-24,04:18,36,"t-pop, thai pop",แค่เธออยู่ (From ครั้งหนึ่งเราเคยรักกัน Love Area The Series),2021-04-30,57,53,0,32,0,20,-8,D Major,4,0ylwMFPomfd4kGcZYWh7fH,TH2DY2100063,1
299,ละลาย (LaLaLye),Daou Pittaya,102,11A,71,2025-10-27,03:43,59,"t-pop, thai pop",ละลาย (LaLaLye),2024-11-27,69,33,0,81,10,10,-6,F#/G♭ Minor,4,4AmLTDjGWE5HqRhiX383bF,THG012401027,1
302,WHITE RABBIT,Daou Pittaya,96,6A,57,2025-11-07,02:42,49,"t-pop, thai pop",WHITE RABBIT,2025-07-10,78,39,0,53,0,10,-6,G Minor,4,39VNot2WGk4Xj1ncP0Hj47,THG012500331,1
303,In The Dark (with Stray Kids),"DJ Snake,Stray Kids",174,4A,53,2025-11-08,02:59,61,"k-pop, noise music",In The Dark (with Stray Kids),2025-11-06,50,10,0,20,0,10,-6,F Minor,4,4IEZ9UCx15HcRmOT2gygT2,USUG12509000,1
304,เวลานี้ - From  Ingredients ,Jeff Satur,119,11B,30,2025-11-27,03:50,38,"t-pop, thai pop",เวลานี้ (From  Ingredients ),2020-07-24,52,74,0,49,0,20,-9,A Major,4,0Q4PnwDQyoLPmyythK4lDT,FRX282015389,1
305,WHEN THE MUSIC STOPS,jxdn,108,10B,42,2025-11-27,03:13,37,pop punk,WHEN THE MUSIC STOPS,2024-06-28,67,45,4,32,0,10,-8,D Major,4,1oKwkPuQTmciUuyB7MeZs9,USAT22400741,1
307,Blame,I.M,104,11A,73,2025-11-27,02:41,34,"k-rap, k-pop",OVERDRIVE,2023-06-23,73,13,0,16,0,10,-6,F#/G♭ Minor,4,2PviI6dkTJ2MM3omn3P9Id,KRB462300464,1
309,Fall In Love Again,P1Harmony,142,4B,83,2025-12-09,03:28,65,"k-pop, noise music",Fall In Love Again,2023-11-08,82,8,0,81,0,0,-3,G#/A♭ Major,4,7e2t41hCiR0sV4Lgv555v3,USA2P2353140,1
311,A Balada de Tim Bernardes,Tim Bernardes,110,10B,29,2026-01-09,06:06,61,"mpb, new mpb",Mil Coisas Invisíveis,2022-06-14,52,81,0,32,0,10,-8,D Major,4,2uuFfwsVRuapPM5iWPrxP7,BR73M2200012,1
312,O Quereres,Caetano Veloso,91,8B,59,2026-01-09,03:11,46,"mpb, bossa nova, samba",O Quereres,2017-04-28,79,67,0,69,0,0,-8,C Major,4,5O1p1HaoVTNF45gphdVDNd,BR3UN1700001,1
313,Você Não Me Ensinou a Te Esquecer,Caetano Veloso,112,5A,40,2026-01-09,04:33,61,"mpb, bossa nova, samba",Lisbela e o Prisioneiro (Trilha Sonora),2003-07-01,45,37,0,8,0,10,-12,C Minor,4,3qMwz690Aw4gQ2ZHEa0XMZ,BRNPD0300002,1
314,Sozinho - Ao Vivo,Caetano Veloso,84,10A,28,2026-01-09,03:10,68,"mpb, bossa nova, samba",Prenda Minha,1998-01-01,48,63,0,53,10,90,-15,B Minor,3,02a8cGumnKuEPgoCzmalJp,BRPGD9800678,1
315,Carinhoso,"Marisa Monte,Paulinho Da Viola",105,9B,29,2026-01-09,01:52,60,"mpb, new mpb, samba, bossa nova",Coleção,2016-01-01,54,81,0,19,0,10,-10,G Major,4,5zfWoufXTAXICVcxgR5fYO,BRPUI0300282,1
316,Infinito Particular,Marisa Monte,124,4B,43,2026-01-09,04:11,63,"mpb, new mpb",Infinito Particular,2006-01-01,64,92,0,56,0,10,-11,G#/A♭ Major,4,7ufO0ROFQ6BwSMPx5LuW4e,BRONE0600020,1
317,Vilarejo,Marisa Monte,135,3B,50,2026-01-09,03:29,70,"mpb, new mpb",Infinito Particular,2006-01-01,63,87,0,73,0,10,-10,C♯/D♭ Major,3,4qvUtYRNwmFzfJ2loWkQCH,BRONE0600027,1
318,Ainda Bem,Marisa Monte,125,7A,55,2026-01-09,03:35,68,"mpb, new mpb",O Que Você Quer Saber de Verdade,2011-01-01,65,89,0,50,0,10,-8,D Minor,4,43BCxznTSBLcXzu4lJ8KW5,BRONE1100001,1
319,Back to Life,&TEAM,180,3B,87,2026-01-09,03:19,66,"k-pop, j-pop",Back to Life,2025-10-28,57,3,0,15,0,10,-4,C♯/D♭ Major,4,25Artaot36s1WF8VPrdNbS,USA2P2545305,1
320,Lunatic,&TEAM,100,11B,87,2026-01-09,02:36,61,"k-pop, j-pop",Back to Life,2025-10-28,78,18,0,81,0,10,-3,A Major,4,6hbVN5FBJIHqbG6ZzpJV5j,USA2P2545306,2
322,nbdy,I.M,162,11A,68,2026-02-26,02:38,33,"k-rap, k-pop",Off The Beat,2024-04-03,75,47,1,43,10,10,-7,F#/G♭ Minor,4,3uSyNlao1qgatLOd85UWIh,KRB462400263,1
323,Howlin',I.M,166,6A,58,2026-02-27,02:45,32,"k-rap, k-pop",DUALITY,2021-02-19,58,2,0,35,0,10,-8,G Minor,4,3XLGKAvxOKpWYTtkDA0Ac9,KRMIM2101740,1
324,Deja Vu - Japanese Ver.,TOMORROW X TOGETHER,82,4A,55,2026-02-28,02:51,61,k-pop,Starkissed,2025-10-19,61,8,0,27,0,10,-5,F Minor,4,3oi8Up3o2xaN6BBjLrtSdq,JPPO02402462,1
325,CINEMA (Lee Know & Seungmin),Stray Kids,144,10B,69,2026-02-28,03:41,68,"k-pop, noise music",Mixtape : dominATE,2025-03-21,30,29,0,17,0,0,-5,D Major,4,2StQuhn6KdemQlwsvLgwBy,US5TA2500015,1
326,Burn,I.M,135,3B,62,2026-03-02,02:46,31,"k-rap, k-pop",DUALITY,2021-02-19,87,10,0,59,0,0,-5,C♯/D♭ Major,4,0ffMDFvBLm0FP47i4b6e4F,KRMIM2101741,1
327,Bust it,I.M,145,10A,76,2026-03-03,02:52,34,"k-rap, k-pop",Off The Beat,2024-04-03,82,5,0,48,0,10,-4,B Minor,4,49TJxBasFig747MH5zHf4X,KRB462400259,1
328,Happy to Die,I.M,140,4A,59,2026-03-03,02:58,33,"k-rap, k-pop",DUALITY,2021-02-19,75,11,0,41,10,20,-7,F Minor,4,6uqCeKTelOn7w42jeEqDpk,KRMIM2101742,1
329,Habit,I.M,95,2A,60,2026-03-03,03:04,38,"k-rap, k-pop",OVERDRIVE,2023-06-23,53,52,1,57,10,10,-8,D#/E♭ Minor,4,1RQqbSlookHZBgm5Cf3Sg4,KRB462300466,1
331,"At The Beach, In Every Life",Gigi Perez,84,3B,43,2026-03-04,03:57,70,,"At The Beach, In Every Life",2025-04-25,46,56,0,25,0,10,-9,C♯/D♭ Major,4,5LfgzPHvka22FdRAxOme6m,USUG12502575,1
332,More,I.M,96,4A,41,2026-03-10,02:27,32,"k-rap, k-pop",OVERDRIVE,2023-06-23,67,20,0,24,0,0,-7,F Minor,4,4rJ93ywnXvHc9nBO8scaGp,KRB462300467,1
334,"3RACHA (Bang Chan, Changbin, HAN)",Stray Kids,142,5A,86,2026-03-14,03:28,63,"k-pop, noise music",MAXIDENT,2022-10-07,72,23,0,63,30,0,-3,C Minor,4,6T4o4xEh61CpgM9v4jG5DJ,US5TA2200105,1
335,CODE MISTAKE,"CORPSE,Bring Me The Horizon",145,5A,97,2026-03-24,02:45,66,"trap metal, metalcore, emo, rock, screamo, post-hardcore",CODE MISTAKE,2023-06-30,45,0,0,31,50,20,-4,C Minor,4,39iRz0h1eZOyXzch8tKQit,QZMEQ2313559,1
336,Steal The Show,"SHAUN,Jeff Satur",92,8A,63,2026-03-26,03:00,48,"k-pop, t-pop, thai pop",Steal The Show,2023-02-23,71,3,0,69,0,20,-4,A Minor,4,2xGRrcajSvRlBbAXds2l7u,KRF222300003,1
337,I'm Dead (feat. Jaden Hossler) [From the Podcast “Prom In Hell”],"Nessa Barrett,jxdn",80,3B,68,2026-03-26,02:38,39,pop punk,I'm Dead (feat. Jaden Hossler) [From the Podcast “Prom In Hell”],2021-05-28,58,24,0,49,0,0,-6,C♯/D♭ Major,4,6v3uCeZyBl3nygTVIRIMS6,USWB12101361,1
338,HEYDAY (Prod. Czaer),Stray Kids,138,10B,81,2026-03-26,02:24,61,"k-pop, noise music",Street Man Fighter Original Vol.4 (Crew Songs),2022-09-20,89,3,0,70,10,0,-3,D Major,4,35sE2Ehvd1GzBzAIC0zFIu,KRA492200875,1
342,Keep The Rain,Searows,132,3B,12,2026-04-27,04:47,63,,Guard Dog,2022-09-30,46,95,1,23,0,0,-18,C♯/D♭ Major,4,7fhAjbHrzGknwQkGIzJHVk,CAENV2206973,1
1,The Path,INTPMusic,99,8B,26,-,02:42,0,,The Path,2024-05-17,47,81,9,27,0,10,-14,C Major,4,7JIgywhP0HzPRhF8k5KXoX,QZS662461788,1
2,Riverside,Agnes Obel,99,8A,19,-,03:48,62,,Philharmonics,2010-10-04,65,99,0,22,0,10,-13,A Minor,3,7iHl6LcHD94l5VpmfrBUmG,BEP011000054,1
3,Karma,Sarah Kinsley,122,10A,85,-,03:57,46,,Karma,2021-03-11,60,15,0,69,0,0,-6,B Minor,1,0xWFHBWOSiMqI2oFrJg0ky,GBKPL2143506,1
4,I'm Not Dead,Vanessa Carlton,130,8B,55,-,02:38,30,,Veils,2026-04-17,63,6,1,64,0,0,-7,C Major,4,1SLndH4yLThZ6NB6R0iaTK,QT6622605811,1
5,Shine like the stars,PUJI RAHAY,123,11B,8,-,03:20,46,,Shine like the stars,2025-07-31,39,89,0,22,0,40,-24,A Major,4,4Dp7LEkQ6dvlqMIKp0E1xa,AEA3A2150470,1
6,Shades Of Gray,INTPMusic,124,8A,16,-,03:10,0,,Shades Of Gray,2024-06-21,49,92,0,14,0,0,-15,A Minor,4,443XnrLwH8YcGzM4S090Gb,QZS632454533,1
7,Little Star,Stina Nordenstam,115,7B,23,-,03:39,41,"slowcore, art pop",And She Closed Her Eyes,1994-00-00,60,57,0,22,0,10,-14,F Major,3,07vVUj64nGveXwpGR04JH4,SEPQA0900613,1
8,Manic Monday,Kate Rusby,108,3B,57,-,04:36,37,"folk, celtic, traditional folk",Hand Me Down,2020-01-01,60,74,11,37,0,10,-7,C♯/D♭ Major,4,2XbrYDtqR2oJyUoQgGQeSI,GBBYC2001457,1
9,I Love You Always Forever,Donna Lewis,104,7B,45,-,03:59,75,,Now in a Minute,1996-04-16,74,63,42,12,0,0,-12,F Major,4,1PEqh7awkpuepLBSq8ZwqD,USAT29600040,1
10,Strawberries in Winter,Vanessa Carlton,104,5A,30,-,03:18,29,,Veils,2026-04-17,53,95,1,12,0,10,-9,C Minor,3,3WsX3wXyf9EKAPbGF5sgHC,QT6622605812,1
11,Feather On Your Wings,INTPMusic,130,7B,80,-,02:34,0,,Feather On Your Wings,2024-05-17,64,4,4,36,0,10,-10,F Major,4,0rd2TzYIM444JyMXNjdr2S,QM42K2461052,1
12,"Free, Free",Ladytron,120,8B,73,-,06:00,37,"electroclash, alternative dance, synthpop",Paradises,2026-03-20,54,26,57,46,0,10,-7,C Major,4,44V1HgMc28ssybXjnZYmMa,CAN112501555,1
13,Carrion Comfort,aeseaes,95,10B,38,-,02:53,40,,Shapeshifter,2021-01-15,66,76,1,23,0,0,-11,D Major,4,68LpavDZpwmB39dWM3opUq,USLZJ2005029,1
14,Stay,Shakespears Sister,97,4B,66,-,03:49,55,,Hormonally Yours (Remastered and Expanded),1992-02-17,49,67,0,19,0,0,-6,G#/A♭ Major,4,51YxkVZOPfnBqTHCnK1AU3,GBAAP0000697,1
15,Lonesome Love,Mitski,118,10B,72,-,01:50,54,,Be the Cowboy,2018-08-17,53,33,0,20,0,60,-7,D Major,4,3bjPPTMGBp8e36BYJaXDO2,USJ5G1815005,1
16,Louisiana Cajun,INTPMusic,170,11B,51,-,03:07,0,,Louisiana Cajun,2024-05-20,46,8,0,55,0,40,-13,A Major,4,53M2OE8kg8Tkzxh1VW2EvW,QZS652421972,1
17,The Mountain,Vanessa Carlton,80,10B,58,-,03:34,31,,Veils,2026-04-17,49,33,27,36,0,30,-8,D Major,4,59gme4ag6GuxI7ngMRrvgh,QT6622605807,1
19,Another Go Around,Beach House,120,5B,44,-,03:41,6,dream pop,Once Twice Melody,2022-01-19,35,80,98,19,0,10,-10,D#/E♭ Major,3,1WzmQ2qgHpsCszWMvBT7zQ,USSUB2147011,1
20,I Love You More Than You Love Yourself,Austra,131,2B,43,-,04:58,33,"art pop, witch house",Future Politics,2017-00-00,63,3,2,14,0,0,-11,F#/G♭ Major,4,61qD2suoJ2zp1NQHCiQdxn,GBCEL1600278,1
21,Can You Feel It,INTPMusic,135,4B,69,-,03:06,0,,Can You Feel It,2024-06-21,66,1,4,54,0,0,-11,G#/A♭ Major,4,1eFe7ZiTVEKPKZBlGmhLY6,QZS632448473,1
22,Spectator,JFDR,174,8A,28,-,04:02,35,,Museum,2023-04-28,39,92,1,27,0,10,-14,A Minor,4,0nC0ko48YQ0Nkpj7ygDTLW,GBEXH2200291,1
23,Detune,Kaleida,129,1B,41,-,04:10,46,,Detune EP,2016-02-26,75,50,3,10,0,10,-10,B Major,4,14PiRPmkNgbxq3RbQzTaKO,GBMYF1500054,1
25,Night Song,Julia Holter,133,8B,29,-,04:12,24,"art pop, baroque pop",Have You In My Wilderness,2015-09-25,26,79,0,14,0,10,-9,C Major,4,44GPEgkEdeBFrVkCRm7cJ9,GBCEL1500211,1
26,What Else Is There?,Röyksopp,115,11B,93,-,05:17,63,"downtempo, electronica, trip hop",The Understanding,2005-06-22,70,19,11,34,0,30,-7,A Major,4,2cTOee6bTauDFK1QuDS1BD,FRS940500063,1
27,My Estraged Wife,Single Gun Theory,127,3B,40,-,04:24,24,trip hop,"Flow, River Of My Soul",1994-09-06,57,12,0,32,0,30,-13,C♯/D♭ Major,4,5Vr0aDpaNmKzFSIb4tKjHZ,CAN119400111,1
28,Like the Swallow,Saint Etienne,95,4B,77,-,07:41,26,"madchester, britpop, alternative dance",Foxbase Alpha,1992-01-10,40,19,48,10,0,30,-14,G#/A♭ Major,4,3gZLSbiV0VdOGmpA3Db6h3,USWB19903906,1
29,Voices (From  The Beach ),Dario G,97,10B,54,-,05:19,45,,Sunmachine,1998-05-18,24,67,0,22,0,20,-10,D Major,4,6mSzYWvicve9JYLFv0JFIf,GBAHT9802832,1
30,Right Now,HAIM,150,8B,54,-,04:15,31,,Something To Tell You,2017-07-07,39,19,0,35,0,10,-6,C Major,4,2uPVM8eGYFnAgQCadvReVD,GBUM71702095,1
31,Hello - Turn Your Radio On,Shakespears Sister,116,9A,50,-,04:05,45,,Hormonally Yours (Remastered and Expanded),1992-02-17,49,65,0,7,0,10,-6,E Minor,4,1EX8sazZOEg8yJvFoh45LG,GBANP9200003,1
32,On Powdered Ground,Agnes Obel,121,9A,18,-,04:07,33,,Philharmonics,2010-10-04,59,96,10,11,0,0,-12,E Minor,4,40fDWVRh2RdFxwlX3u2wQu,BEP011000063,1
33,Girls Don't Cry - 2017 Remaster,Pet Shop Boys,125,8B,47,-,02:34,12,"synthpop, new wave",Fundamental: Further Listening 2005 - 2007 (2017 Remaster),2006-04-22,59,73,13,44,0,10,-11,C Major,4,28RGkeKwSecqIYyDtGFoNb,GBAYE1601898,1
34,Sister Christian,Juliette Commagere,158,10B,39,-,03:16,23,,Sister Christian - Single,2014-04-08,48,29,85,19,0,10,-19,D Major,4,5ChQ6xQIL0rryvNc6kZei7,USA2B1400557,1
35,Hold On,Angus & Julia Stone,123,8B,46,-,04:25,34,,Down The Way,2010-03-12,51,38,47,28,0,10,-10,C Major,4,54VrNceI4ZgJ4ldmcYNHAR,AUAP10900003,1
36,Scream,Lindsey Buckingham,150,9B,72,-,02:11,21,,Lindsey Buckingham,2021-09-17,65,4,0,70,0,10,-9,G Major,4,1X8eckB81MHBEcixZkvJW9,USRH12001850,1
37,Imperfectly,Veruca Salt,128,11B,47,-,04:18,13,"riot grrrl, grunge",Resolver,2000-00-00,60,3,57,20,0,20,-15,A Major,4,7nvOyPkEM4ux1kBBtNuZNI,CAU110013940,1
38,Fuel to Fire,Agnes Obel,129,8A,22,-,05:29,63,,Aventine,2013-09-30,42,95,4,12,0,10,-15,A Minor,4,3fHDbOrSf2IQhLeKaShLS4,BEP011300129,1
39,Under the Moonlight,"Cagnet,Natalie Burks",105,1A,49,-,04:06,32,,Here We Are Again～「ロングバケーション」オリジナルサウンドトラック III,1996-07-17,58,76,77,39,0,10,-11,G#/A♭ Minor,4,5UavCcWaZFkn39rVuuD9zL,JPTO09616170,1
40,Trade It,Slow Pulp,84,10B,59,-,02:52,51,,Moveys,2020-10-09,31,21,1,42,0,10,-10,D Major,4,3ZF9u7enIDyKPiXj4VP1P1,QZ8SH2003502,1
41,Fallen,She's In Parties,115,10B,70,-,02:53,26,,Are You Dreaming?,2025-11-07,49,7,1,43,0,20,-5,D Major,4,4vTBP3RMQA4xIxAcTRF4vM,UKG3X2200440,1
42,Love Will Tear Us Apart,"PJ Harvey,Tim Phillips",138,10B,64,-,03:01,31,"art pop, singer-songwriter, alternative rock, ",Bad Sisters (Season 2) [Original Series Soundtrack],2024-11-15,52,0,0,54,0,10,-10,D Major,4,3FYnFqxfRBeAHdBRExnaUZ,USHR12449288,1
43,A&E,Goldfrapp,106,4B,50,-,03:17,38,"trip hop, electroclash, art pop",Seventh Tree,2008-02-25,55,66,19,23,0,10,-8,G#/A♭ Major,4,4wcMXhlzsb5H8puFcvwQga,GBAJH0700733,1
44,The Curse,Agnes Obel,95,5A,24,-,05:53,58,,Aventine,2013-09-30,62,87,2,45,0,0,-12,C Minor,3,7hiY7fVxa0LEUeUP4F4ReR,BEP011300114,1
45,Our Past,Hundreds,124,4A,77,-,04:00,28,,Aftermath,2014-03-14,62,5,3,68,0,30,-10,F Minor,4,4Pxz0q57fCylXfTBUdubHI,DEAH11400105,1
46,The Way to There,Au Revoir Simone,91,8A,39,-,06:48,0,,The Bird of Music,2006-01-01,45,0,8,4,0,10,-11,A Minor,3,29cFnbGgw8eN362HZbkuTK,GBGEY0600111,1
47,Debris,"PG Roxette,Roxette,Per Gessle,Helena Josefsson",176,6A,57,-,03:28,31,swedish pop,Pop-Up Dynamo!,2022-10-19,39,25,4,53,0,10,-9,G Minor,3,3sJ8LaQfm2tjGzbrNs2Hhe,SEVWA2100509,1
49,Till We Meet Again - From  A Small Light: Episode 1 ,Danielle Haim,96,3B,25,-,02:28,12,,A Small Light: Episodes 1 & 2 (Songs from the Limited Series),2023-05-05,58,87,0,16,0,10,-16,C♯/D♭ Major,3,5FIFENSJyKtsTX2sqZQFIn,USHR12345827,1
50,Let Go,JJ,115,7B,27,-,03:01,22,,Jj N° 3,2010-03-09,54,82,13,53,0,20,-16,F Major,4,2MsfwY2vH8QYqQQw95ywRe,SEXCH0902803,1
1,All That (feat. Channel Tres),"Emotional Oranges,Channel Tres",110,3A,72,2022-03-06,03:05,0,"indie r&b, hip house",All That (feat. Channel Tres),2020-10-14,92,4,6,86,10,10,-6,A#/B♭ Minor,4,1rDRBVSqKgs3K9HiX5OTrL,USUM72018913,1
2,Don't Know You,Heize,105,9A,56,2022-03-06,03:09,54,"k-ballad, k-pop","/// (You, Clouds, Rain)",2017-06-26,70,21,0,47,20,40,-6,E Minor,4,1Zv6zo71iDXH07Lin7hxMg,KRA491601217,1
3,Jam & Butterfly,"DPR LIVE,Crush,eaJ",148,11A,77,2022-03-06,03:28,52,"k-rap, k-pop, k-ballad, ",Jam & Butterfly,2020-11-27,82,17,0,66,10,0,-5,F#/G♭ Minor,4,5rZkRaL4AjykFgw49KULyo,QMFME2064919,1
5,Freaky,Tory Lanez,105,4B,56,2022-03-06,02:53,52,,LoVE me NOw (ReLoAdeD),2018-10-26,97,0,0,36,0,10,-6,G#/A♭ Major,4,7EAaSaj1OgZgMX5yZyFXFC,USUM71904089,2
6,Dancing in My Room,347aidan,120,1A,41,2022-03-06,03:00,67,,Dancing in My Room,2020-10-26,98,67,0,76,10,10,-11,G#/A♭ Minor,4,6Pgmqg15yVexuOgtzuxwoX,USQX92004785,1
7,Sriracha,Marteen,153,11A,65,2022-03-06,02:59,40,,Sriracha,2017-07-21,79,4,0,83,10,20,-7,F#/G♭ Minor,4,4UrRKoDxouwUoFtdW3TteR,USWB11701232,1
9,First Sight,Heize,105,9A,72,2022-03-06,03:25,0,"k-ballad, k-pop",First Sight,2018-12-14,69,16,0,21,0,0,-5,E Minor,4,3kjyG3jI6a2EzYVa3ZlvFI,KRA491801210,1
10,Strings,"iann dior,Gunna",120,3B,57,2022-03-06,03:14,0,melodic rap,Industry Plant,2019-11-08,80,13,0,39,0,10,-7,C♯/D♭ Major,4,2VdWzhJDjWaELCEhwyO8Q4,QZJ841900113,1
11,Traffic Control (feat. HEIZE),"GIRIBOY,Heize",121,2A,59,2022-03-06,03:18,38,"k-rap, k-ballad, k-pop",Traffic Control,2019-05-21,77,65,0,70,0,10,-5,D#/E♭ Minor,4,06eQjGj6Hn76LEB1oATKtm,KRA381902020,1
12,Spicy (feat. Post Malone),"Ty Dolla $ign,Post Malone",100,9A,51,2022-03-06,02:23,63,"trap soul, ",Featuring Ty Dolla $ign,2020-10-23,78,14,0,12,0,10,-6,E Minor,4,5IUtvfNvOyVYZUa6AJFrnP,USAT22005586,1
13,do u even miss me at all?,gianni & kyle,100,3A,52,2022-03-06,02:57,52,,do u even miss me at all?,2019-10-04,82,38,0,45,0,0,-7,A#/B♭ Minor,4,1AHf5FSofKcUw8tyKkccKF,QM24S1833477,1
14,Broken,JIGM,80,11A,67,2022-03-06,03:03,30,k-ballad,Love Revolution (Original Webcomic Soundtrack),2020-06-10,56,29,0,50,0,0,-3,F#/G♭ Minor,4,33vo9lazjgmoemUhQ7cwk1,KRMIM2014499,1
15,Freak Me (feat. Tekno),"Ciara,Tekno",105,10A,72,2022-03-06,03:20,0,"afrobeats, afrobeat, afropop, azonto, hiplife, afropiano",Freak Me (feat. Tekno),2018-08-10,69,32,0,44,10,0,-6,B Minor,4,2qllCw4MajPQRs0r53xy0I,ZZOPM1800424,1
17,Why do u say,"Way Ched,Moon Sujin,ASH ISLAND",162,9B,59,2022-03-06,02:50,0,k-rap,2MONTHS,2020-05-05,51,48,0,36,0,0,-6,G Major,4,4QPdrKoYtWjfQR7gw1bRW8,KRE132000037,1
18,Panda,Desiigner,145,3A,73,2022-03-06,04:07,68,,Panda,2016-02-26,69,3,0,27,40,30,-6,A#/B♭ Minor,4,275a9yzwGB6ncAW4SxY7q3,USUM71601094,1
19,Powerglide (feat. Juicy J) - From SR3MM,"Rae Sremmurd,Swae Lee,Slim Jxmmi,Juicy J",174,12A,83,2022-03-06,05:32,65,crunk,SR3MM,2018-05-04,71,2,0,59,10,10,-5,C♯/D♭ Minor,4,1BuZAIO8WZpavWVbbq3Lci,USUM71802281,1
20,Mo Bamba,Sheck Wes,146,11A,63,2022-03-06,03:00,1,,Mo Bamba,2017-09-19,74,27,0,32,0,10,-5,F#/G♭ Minor,4,3QybPutx0Tjk472bBKjNWn,QM24S1703585,1
21,Interlude,DPR LIVE,135,12A,3,2022-03-06,00:34,28,k-rap,Coming To You Live,2017-03-15,64,99,83,0,0,10,-17,C♯/D♭ Minor,5,51EaotV1SoCx3yr1Y79VhO,KRNAR1700813,1
23,Love$ick,"Mura Masa,A$AP Rocky",88,2B,76,2022-03-06,03:12,35,rap,Love$ick,2016-09-30,60,14,1,76,10,20,-5,F#/G♭ Major,4,23e6ly5nFanMQOk4cAwJj2,GBUM71605141,1
29,What I Do,Crayon,112,7A,63,2022-03-07,04:39,0,,.Wave,2015-08-21,92,2,1,59,20,0,-7,D Minor,4,6ia0mTRwKmA5aFm3yLahv0,FR9W11507245,1
30,HAPPEN,Heize,113,8A,67,2022-03-07,03:13,54,"k-ballad, k-pop",HAPPEN,2021-05-20,70,17,0,56,0,30,-5,A Minor,4,1MtCOuTy3B6fU72LQPvg16,KRMIM2120789,1
31,New Sky (feat. Kadhja Bonet),"SiR,Kadhja Bonet",89,4A,65,2022-03-07,03:11,0,"alternative r&b, neo soul, ",Chasing Summer,2019-08-30,61,6,0,25,0,10,-7,F Minor,4,3J5fFQ0PxfKQU5putEvUoM,USRC11902291,1
32,"Go Dumb (feat. blackbear, The Kid LAROI and Bankrol Hayden)","Y2K,The Kid LAROI,blackbear,Bankrol Hayden",138,9B,53,2022-03-07,03:06,45,melodic rap,"Go Dumb (feat. blackbear, The Kid LAROI and Bankrol Hayden)",2020-04-15,79,22,0,59,10,10,-9,G Major,4,64YAQSR4jfmtHeJudcQix2,USSM12001585,1
33,Freaky,Tory Lanez,105,4B,56,2022-03-07,02:53,50,,Freaky,2019-03-15,97,0,0,36,0,10,-6,G#/A♭ Major,4,0NJp8GyCOWnQh71xKSPfuV,USUM71904089,2
34,MAMACITA,"Black Eyed Peas,Ozuna,J. Rey Soul",105,10B,63,2022-03-07,04:11,60,"reggaeton, trap latino, latin, urbano latino, ",TRANSLATION,2020-11-02,88,19,0,43,0,0,-7,D Major,4,04YutdH0j1INpsva3gOipt,USSM12001556,1
36,Venus,HELLOVENUS,146,2B,94,2022-03-20,02:58,0,k-pop,1st Mini Album `Venus`,2012-05-09,66,5,0,67,10,20,-1,F#/G♭ Major,4,16ZeZxGqGkBqCSbmdxWWla,KRA341760867,1
37,X,"Tinashe,Jeremih",135,4A,72,2022-03-27,02:51,0,"alternative r&b, ",333,2021-08-06,87,8,0,96,0,0,-6,F Minor,4,3LUvWNx3ceBjsOeuDOMEsl,USA2P2128493,1
39,Color (Feat. youra),"GroovyRoom,Leellamarz,youra",113,10A,77,2022-03-30,02:39,32,"k-rap, ",ROOM SERVICE,2019-09-09,85,14,0,67,0,0,-7,B Minor,4,1ruwBe8TgkNnlKUiwXTxWB,KRA381904169,1
40,Like That (feat. Gucci Mane),"Doja Cat,Gucci Mane",106,9A,50,2023-03-09,02:43,78,"southern hip hop, rap, trap",Hot Pink,2019-11-07,88,24,0,41,10,10,-6,E Minor,4,4EivmOT13NMpNSfTKn9p4s,USRC11902288,1
42,Text Me,DPR LIVE,134,4A,59,2023-03-09,02:57,56,k-rap,Her,2017-12-07,85,15,0,76,20,20,-6,F Minor,4,1dN4Z7wZTQXLEl33RkMO3a,KRA381702794,1
43,PLASTIC,"sakehands,Good Intent,Lo",140,6A,45,2023-03-09,03:26,36,,Self-HATE,2020-09-18,76,37,0,68,10,0,-8,G Minor,4,6ZydkZ1ZuVuUCYj1YrWYXV,DEVF11800438,1
7,Kid,Singer's High,100,4A,83,2025-06-18,03:29,53,j-pop,SINGER'S HIGH,2023-11-22,67,1,0,84,0,30,-4,F Minor,4,3soIArZh1GXNSFKYxEexEK,JPR502305980,1
8,社会の窓,Creep Hyp,130,8A,88,2025-06-18,03:27,43,"j-pop, j-rock",吹き零れる程のI、哀、愛,2013-07-24,58,17,0,64,10,10,-2,A Minor,4,42Nb21D2QsxTS3GbqxP7Yg,JPVI01242460,1
18,ファジーネーブル,Conton Candy,135,3B,65,2025-06-18,03:57,49,j-pop,melt pop,2024-10-09,56,1,0,48,0,20,-4,C♯/D♭ Major,4,3FniX6mJvTQWruKp5PDexD,JPU902301805,1
20,カシスオレンジ,Laughing Hick,126,7B,73,2025-06-18,03:39,60,j-pop,DOPAMINE,2019-12-18,58,2,0,59,0,10,-4,F Major,4,78cNVXTGe2OGnno2dLzhzr,JPB951903178,1
33,大不正解,back number,145,5A,93,2025-06-18,03:31,62,"j-pop, j-rock",MAGIC,2019-03-27,52,0,0,58,10,0,-3,C Minor,4,25uNN8plmZmN5wBd4F7vEw,JPPO01802714,1
35,君に届け,flumpool,144,1B,87,2025-06-18,05:22,18,"j-rock, j-pop, anime",Fantasia of Life Stripe,2011-01-26,45,2,0,52,0,10,-5,B Major,4,0kA7SWxWPYqSyIbMl51X5b,JPJ221000199,1
36,夢の恋人,ZOOKARADERU,122,11B,68,2025-06-18,03:20,56,"j-pop, japanese indie",夢が醒めたら,2018-11-21,70,19,0,56,0,10,-5,A Major,4,1k8nHi41KYSvsUFivUuZ3T,JPJ901810760,1
39,スーパースターになったら,back number,132,11A,86,2025-06-18,04:24,62,"j-pop, j-rock",スーパースター,2011-10-26,58,0,0,52,0,0,-3,F#/G♭ Minor,4,1kteXWp6znMiAfoHPQBJp9,JPPO01148802,1
41,虹色の戦争,SEKAI NO OWARI,170,10A,87,2025-06-19,05:37,60,"j-pop, anime",EARTH,2010-04-07,48,0,0,57,0,0,-5,B Minor,4,1A3x1gGA0CrYEizjjyyFGd,JPC840902202,1
45,ベランダ feat. 戦慄かなの,"yangskinny,Kanano Senritsu",90,9B,76,2025-06-19,03:31,55,j-pop,BOY & GIRLS,2024-10-09,73,64,0,87,10,30,-4,G Major,4,1kp7VMAu6KmwAVlC4MVi34,JPVI02400121,1
49,イノチミジカシコイセヨオトメ,Creep Hyp,172,9B,80,2025-06-19,03:11,57,"j-pop, j-rock",死ぬまで一生愛されてると思ってたよ,2012-04-18,30,0,0,40,10,20,-4,G Major,4,4D9s9XWBHPd2Ox80fZSmi0,JPVI01200270,1
50,憂、燦々,Creep Hyp,110,9B,83,2025-06-19,04:10,56,"j-pop, j-rock",吹き零れる程のI、哀、愛,2013-07-24,58,0,0,84,0,10,-4,G Major,4,3yJBEaVWZ5HmUp8nGtHbWt,JPVI01302750,1
52,紋白蝶 - feat. 石原慎也 (Saucy Dog),"Tokyo Ska Paradise Orchestra,石原 慎也",171,6A,88,2025-06-19,04:44,46,"ska, orchestral, rocksteady, ska punk, ",JUNK or GEM,2023-03-15,49,10,0,62,0,10,-3,G Minor,4,3j2CfJCPzrFQG41169wP2Q,JPB602204191,1
55,ゴミ人間、俺,yangskinny,142,10B,94,2025-06-19,03:49,61,j-pop,歌にしてしまえば、どんなことでも許されると思っていた,2023-03-15,47,10,0,35,10,50,-5,D Major,4,2VU59VkXEBNX4ZZf7SmGAy,JPVI02204624,1
58,第一次世界,NEE,105,9A,84,2025-06-19,03:42,47,"j-pop, j-rock",NEE,2021-09-01,58,2,0,75,0,10,-4,E Minor,4,0KEKKOcrQawrTdpd8oON1P,JPVI02101410,1
60,元彼女として,My Hair is Bad,147,4B,95,2025-06-19,02:02,55,j-pop,mothers,2017-11-22,57,4,0,73,10,10,-3,G#/A♭ Major,4,61ljG8KY152M7NbRcXXAes,JPPO01705568,1
65,やさしくなりたい,Kazuyoshi Saito,132,3B,92,2025-06-19,05:16,60,"j-pop, kayōkyoku, j-rock",斉藤,2013-10-23,50,1,0,45,0,10,-4,C♯/D♭ Major,4,4XkqVSWIPb07iLEDvAPq93,JPVI01122540,1
71,ロコローション,ORANGE RANGE,140,1B,90,2025-06-19,03:16,55,"j-pop, anime, j-rock",musiQ,2004-12-01,68,3,0,82,10,10,-3,B Major,4,3JQAPaMYUAf6jXNe2xkscR,JPSR00401106,1
78,恋をしよう,Hump Back,175,9B,92,2025-06-19,03:22,54,j-pop,人間なのさ,2019-07-17,43,0,1,48,0,30,-3,G Major,4,0z3xsyhI24diExSlIbWm4W,JPVP01903808,1
86,ねぇ,YOAKE,171,8B,76,2025-06-19,03:20,53,j-pop,ねぇ,2022-04-29,53,8,0,96,0,10,-6,C Major,4,4OL2UHjasZp21Z1c2htqPj,JPR752200059,1
90,棒人間,RADWIMPS,116,8B,87,2025-06-19,04:43,58,"anime, j-pop, j-rock",人間開花,2016-11-23,60,6,0,72,0,10,-2,C Major,3,2wsyebeX4ptSxKIpJtWE6B,JPPO01621594,1
92,二十九、三十,Creep Hyp,140,8B,84,2025-06-19,03:34,52,"j-pop, j-rock",一つになれないなら、せめて二つだけでいよう,2014-12-03,38,2,0,66,0,20,-2,C Major,4,1CGjCodg0z4CeYzyTY75lQ,JPPO01407380,1
94,Troublemaker,ARASHI,139,8B,94,2025-06-19,04:01,61,j-pop,僕の見ている風景,2010-08-04,63,5,0,91,0,30,-3,C Major,4,786L5PPUvqcX7vBmxCbtzi,JPQ401000150,1
100,彼氏はいません今夜だけ,Koresawa,148,3B,86,2025-06-19,03:41,52,j-pop,コレでしょ,2018-09-19,59,3,0,71,0,30,-5,C♯/D♭ Major,4,4v9TrFYrVU898hCur18ZW4,JPCR01805430,1
103,BGMになるなよ,Humbreaders,196,11B,94,2025-06-19,03:48,50,"j-rock, japanese indie",ギター,2021-11-24,34,0,0,60,10,20,-3,A Major,4,3iuviQn85fBJ9Y7JQbCvbr,JPTF02128003,1
106,フロントメモリー,"Emiko Suzuki,亀田誠治",134,3B,95,2025-06-19,04:00,49,"j-pop, anime",フロントメモリー,2018-05-11,62,4,0,72,0,10,-3,C♯/D♭ Major,4,2f7E6saroy5ibvSRbStf1F,JPWP01870369,1
108,愛す,Creep Hyp,94,8B,74,2025-06-19,04:16,49,"j-pop, j-rock",夜にしがみついて、朝で溶かして,2021-12-08,68,9,0,92,0,0,-6,C Major,4,78KFDDEvbiuVCGSWwyAxx3,JPPO01904294,1
109,手と手,Creep Hyp,92,10B,91,2025-06-19,03:24,49,"j-pop, j-rock",死ぬまで一生愛されてると思ってたよ,2012-04-18,17,1,0,32,0,20,-3,D Major,4,1sqs1PSTZIkPi2BF4MV4RK,JPVI01200280,1
112,ex ダーリン,Creep Hyp,126,11B,47,2025-06-19,06:15,51,"j-pop, j-rock",ex ダーリン,2022-04-18,73,9,0,63,0,10,-7,A Major,4,74LnXyPWLmbGcQz8spuCGV,JPPO02201097,1
113,シャングリラ,Chatmonchy,129,4B,92,2025-06-19,03:18,46,"j-rock, j-pop",チャットモンチー BEST〜2005-2011〜,2012-02-15,70,0,0,96,0,10,-2,G#/A♭ Major,4,1or2OAFaWw7UhTMEZzx9Ub,JPKS00601581,1
114,遠恋,RADWIMPS,132,11A,73,2025-06-19,04:41,53,"anime, j-pop, j-rock",RADWIMPS 4 ～おかずのごはん～,2006-12-06,63,0,0,93,0,10,-4,F#/G♭ Minor,4,1ZpdYiZlp4xv0X0CMOePzD,JPTO00601679,1
116,ラブホテル,Creep Hyp,134,6B,72,2025-06-19,03:50,46,"j-pop, j-rock",吹き零れる程のI、哀、愛,2013-07-24,52,7,0,61,0,30,-4,A#/B♭ Major,4,2aoiFkjV9WKQd9wAuE9pKQ,JPVI01310440,1
120,トレモロ,RADWIMPS,98,8B,81,2025-06-19,03:21,57,"anime, j-pop, j-rock",RADWIMPS 3 ～無人島に持っていき忘れた一枚～,2006-02-15,53,1,0,71,0,30,-4,C Major,4,1v7bzIjGsqshSjRG3Fe2CB,JPTO00502968,1
122,ら、のはなし,Aimyon,124,4B,80,2025-06-19,03:01,57,j-pop,瞬間的シックスセンス,2019-02-13,57,8,0,56,0,10,-5,G#/A♭ Major,4,2tgWF9EZzqiq4Qzdzeow1A,JPWP01871632,1
123,O&O,RADWIMPS,164,8B,53,2025-06-19,04:38,52,"anime, j-pop, j-rock",人間開花,2016-11-23,66,30,0,72,0,0,-6,C Major,4,3ZNA1cHS4kdG3u51x7tbzB,JPPO01621598,1
124,GIFT,Mr.Children,148,10B,73,2025-06-19,05:44,10,"j-pop, j-rock, kayōkyoku",SUPERMARKET FANTASY,2008-12-10,46,20,0,48,0,20,-5,D Major,4,4OVtlZdXvYcg9QykmPxTqb,JPTF00809110,1
125,あたしが死んでも,Koresawa,106,1B,74,2025-06-19,04:37,57,j-pop,純愛クローゼット,2021-03-10,67,4,0,50,0,10,-6,B Major,4,3bJUYzp2dq4ZPz448hCmzm,JPKI02015274,1
127,ラズベリー,Marcy,112,8B,77,2025-06-19,03:37,51,j-pop,Candle,2023-11-29,58,2,0,59,0,20,-4,C Major,4,6b51IuJXtzOs7L2fIheYoE,JPPO02301812,1
131,Ito,TOMORROW X TOGETHER,83,6B,66,2025-06-19,04:03,48,k-pop,Ito,2021-11-02,57,21,0,42,0,30,-6,A#/B♭ Major,4,0Fb1M7rbOnydw6SrXXSlHr,JPPO02103863,2
132,＃らぶそんぐ,＃らぶしっく,180,12A,97,2025-06-19,03:54,36,"j-pop, visual kei",＃らぶそんぐ,2024-12-14,49,6,0,64,10,30,-4,C♯/D♭ Minor,4,03kYlUPFl9b5nHn6qNRUCx,TCJPD2404580,1
133,危LOVE,＃らぶしっく,195,9B,96,2025-06-19,03:04,31,"j-pop, visual kei",危LOVE,2024-06-09,53,3,0,60,0,0,-5,G Major,4,5pqTWaUOpxeBpKTPUQatlk,TCJPA2470999,1
134,わがままハピネス,＃らぶしっく,93,3B,98,2025-06-19,03:55,25,"j-pop, visual kei",わがままハピネス,2023-12-01,57,3,0,64,20,10,-4,C♯/D♭ Major,4,4vbDQ7tlbYpupJOfx1yRas,TCJPY2324340,1
135,Run BTS,BTS,77,4B,82,2025-06-19,03:24,81,k-pop,Proof,2022-06-10,72,2,0,70,10,0,-4,G#/A♭ Major,4,69xohKu8C1fsflYAiSNbwM,USA2P2226298,1
136,気になるあの娘,Soutaiseiriron,96,10A,96,2025-06-19,03:02,53,"japanese indie, shibuya-kei, j-rock, j-pop",シンクロニシティーン,2010-04-10,62,3,0,90,0,30,-3,B Minor,4,2kNN6WLD4SiWAtQNznYzAV,TCJPE1669893,1
137,チャイナアドバイス,Soutaiseiriron,129,10A,88,2025-06-19,03:03,48,"japanese indie, shibuya-kei, j-rock, j-pop",シンクロニシティーン,2010-04-10,64,62,0,97,0,20,-5,B Minor,4,4ASU2Wu467Tl5Z4tZ0io8D,TCJPE1669888,1
139,おはようオーパーツ,Soutaiseiriron,123,8B,61,2025-06-19,03:28,49,"japanese indie, shibuya-kei, j-rock, j-pop",シフォン主義,2008-05-08,66,44,0,94,0,0,-8,C Major,4,5gIlEaXHDlVu7eRo8mRtuE,TCJPE1669901,1
141,絶対彼女,Seiko Oomori,120,3B,94,2025-06-19,03:15,50,"anime, j-rock, j-pop",絶対少女,2013-12-11,70,22,0,91,0,30,-5,C♯/D♭ Major,4,6h05KGFqxA2gAYwfWBr7rw,JPB601304925,1
144,食虫植物,理芽,123,2B,50,2025-06-19,02:37,49,"j-pop, vocaloid",NEW ROMANCER,2021-07-21,81,25,0,77,0,10,-5,F#/G♭ Major,4,5EVgCwenpUcpX55BtYboRq,JPZ922014607,1
145,可愛いあの子が気にゐらない,なるみや,160,2B,94,2025-06-19,03:18,54,"vocaloid, j-pop",可愛いあの子が気にゐらない,2023-09-05,50,8,0,97,0,0,-4,F#/G♭ Major,4,2cljEZhP1PZcYHsitlCyW5,JPPO02302663,1
146,醜形恐怖症,なるみや,180,3A,88,2025-06-19,02:34,51,"vocaloid, j-pop",醜形恐怖症,2023-07-26,56,28,28,86,0,30,-7,A#/B♭ Minor,4,2pAKyxwSsd4ZUzVKNpzoKa,JPPO02302191,1
147,だいしきゅーだいしゅき,femme fatale,95,3B,99,2025-06-19,03:30,40,j-pop,fuckin' sisters,2023-04-28,58,1,0,84,0,0,0,C♯/D♭ Major,4,7l2pYUEDjUyDWN89ZYKL2c,JPB822200920,1
149,シル・ヴ・プレジデント,P丸様｡,176,3B,90,2025-06-19,03:10,51,"vocaloid, j-pop",Sunny!!,2021-03-17,65,2,2,75,10,30,-2,C♯/D♭ Major,4,0nW1Aes1arNyR1fzEKXS2m,JPPO02100451,1
150,偽物勇者,703goushitsu,77,10B,93,2025-06-19,03:50,47,"vocaloid, j-pop",BREAK,2023-06-07,50,2,0,72,0,0,-2,D Major,4,34m5riGZIfPtbR22cXZy2f,JPJ902301750,1
151,PAKU,asmi,124,8A,90,2025-06-19,02:08,41,j-pop,ドキメキダイアリー,2023-05-31,84,31,0,95,10,30,-5,A Minor,4,74Saj4pDb9z2puUlZUslLk,JPU902201069,1
152,MAD HEAD LOVE,Kenshi Yonezu,106,10A,96,2025-06-19,03:37,54,"j-pop, anime, j-rock",YANKEE,2014-04-23,61,1,0,83,0,10,-3,B Minor,4,52hQcHZh1RwZ8fX9BOwtZa,JPPO01346336,1
153,FLASH,Perfume,128,3A,91,2025-06-19,04:36,52,"j-pop, shibuya-kei",FLASH,2016-03-16,55,0,0,49,0,40,-2,A#/B♭ Minor,4,2IwBJv9KZb486qnRTUchWf,JPPO01614458,1
154,TOKYO GIRL - Remastered,Perfume,128,10B,92,2025-06-19,04:27,50,"j-pop, shibuya-kei",Future Pop,2018-08-15,73,22,15,66,0,0,-3,D Major,4,4GeM1lg9SDZXyBlPBlE62L,JPPO01803313,1
156,三時のキス,Rokudenashi,184,7B,52,2025-06-19,04:40,59,"j-pop, anime",三時のキス,2021-06-28,45,1,0,45,0,10,-4,F Major,4,4161xaeGpZ12moAzWyTjXR,JPPO02102038,1
157,まちぼうけ,Rokudenashi,172,7B,52,2025-06-19,04:14,52,"j-pop, anime",まちぼうけ,2021-10-27,49,5,0,61,0,30,-6,F Major,4,5gC05nKXqYfl1caS4TyUaA,JPPO02103835,1
158,罪の香り,Fujii Kaze,155,10A,86,2025-06-19,03:34,60,j-pop,HELP EVER HURT NEVER,2020-05-20,52,5,0,84,0,30,-6,B Minor,4,0tJmd8OMwEBesfTsvuGayw,JPPO02000606,1
160,ヒッチコック,Yorushika,170,3B,80,2025-06-19,03:42,66,"j-pop, j-rock, anime, japanese indie",負け犬にアンコールはいらない,2018-05-09,55,28,0,80,0,0,-4,C♯/D♭ Major,4,153lRbNmhQZVi69kbhmjY8,JPA651804021,1
161,ABCDC,Creep Hyp,91,8B,81,2025-06-19,03:44,48,"j-pop, j-rock",死ぬまで一生愛されてると思ってたよ,2012-04-18,37,11,0,38,0,10,-3,C Major,4,7IzFRomMMqEPqbcHlq5mg9,JPVI01200330,1
162,Tinder,アンと私,132,10B,83,2025-06-19,02:45,50,,FALL DOWN 2,2024-01-10,48,4,0,68,10,0,-3,D Major,4,11tfTkIwtx8Rf9Z1tEs95D,JPI542300006,1
163,セーシュン,DIALUCK,180,9B,57,2025-06-19,03:56,51,city pop,A First Aid Kit,2016-11-12,54,3,0,52,0,0,-6,G Major,4,0lJBMJ01gPt7m2xzkEoajN,JPZ921612404,1
164,青梅,Creep Hyp,133,1B,59,2025-06-19,03:11,35,"j-pop, j-rock",こんなところに居たのかやっと見つけたよ,2024-12-04,78,19,0,90,0,0,-7,B Major,4,6daFEYNwu3XDuYjJ4zkB1W,JPPO02301438,1
165,蜂蜜と風呂場,Creep Hyp,136,12B,77,2025-06-19,03:37,46,"j-pop, j-rock",死ぬまで一生愛されてると思ってたよ,2012-04-18,61,4,0,75,0,0,-5,E Major,4,1x6L0xEMP6B8c534uplrNO,JPVI01200350,1
166,鬼,Creep Hyp,121,2B,88,2025-06-19,03:37,43,"j-pop, j-rock",世界観,2016-09-07,56,1,0,73,0,20,-2,F#/G♭ Major,4,2BxBTeME6J6YZwwvvplqMI,JPPO01618091,1
167,モノマネ,Creep Hyp,136,3B,73,2025-06-19,03:40,31,"j-pop, j-rock",どうにかなる日々,2020-10-21,59,3,0,77,0,30,-3,C♯/D♭ Major,4,2GkMtL3JAinbeBFWryj5jo,JPPO02001090,2
169,SHAMROCK,UVERworld,85,1B,86,2025-06-19,04:08,50,"anime, j-rock, j-pop",BUGRIGHT,2007-02-21,51,0,0,83,0,40,-6,B Major,4,5M6hrn7yus9MefXLBnCCVA,JPSR00601761,1
170,ニタリ,Singer's High,140,10A,95,2025-06-19,02:43,44,j-pop,ニタリ,2024-01-17,59,0,0,73,10,20,-2,B Minor,4,0G8ErkrQkzU6usCXnly1Ge,JPR502307553,1
171,向かい風,"Skypeace,コムドットゆうた",108,11B,86,2025-06-19,03:08,35,"anime, ",FEVER,2024-01-24,52,0,0,71,0,0,-4,A Major,4,6HwkpHB8Mc22U1sOdSqSZB,JPU902305239,1
172,リョウカタオモイ,やさしいひとたち,125,3B,78,2025-06-19,03:38,27,,リョウカタオモイ,2021-08-09,69,5,0,84,0,20,-6,C♯/D♭ Major,4,0OJHLYPdApKN0cawrDOThX,TCJPP2140959,1
175,Too Sad to Dance,Jung Kook,101,6B,47,2025-06-19,02:55,71,k-pop,GOLDEN,2023-11-03,56,61,0,56,0,10,-6,A#/B♭ Major,4,3bNNvJA7hsGw0wSpGkfOBm,USA2P2348396,1
176,Who,Jimin,116,5A,76,2025-06-19,02:50,85,k-pop,MUSE,2024-07-19,66,0,0,84,0,10,-4,C Minor,4,7tI8dRuH2Yc6RuoTjxo4dU,USA2P2431062,1
185,Run Wild,&TEAM,124,4A,89,2025-07-30,02:30,60,"k-pop, j-pop",Go in Blind (月狼),2025-04-20,85,21,0,76,10,0,-4,F Minor,4,1geC4rXupLPFFNST7o75EQ,JPZ672500006,1
187,愛の屍,Singer's High,149,4B,97,2025-09-11,01:11,46,j-pop,SINGER'S HIGH,2023-11-22,55,2,0,34,10,0,-4,G#/A♭ Major,4,1r42jA1WH1vGTnh1LKg6fo,JPR502305976,1
188,サーセン,Singer's High,96,9B,68,2025-09-11,03:44,43,j-pop,SINGER'S HIGH,2023-11-22,51,6,0,79,0,30,-5,G Major,4,5VXih3pz24QrLoV3XEmj7h,JPR502305981,1
190,真夏の夜の匂いがする,Aimyon,203,11B,86,2025-09-11,03:53,53,j-pop,おいしいパスタがあると聞いて,2020-09-09,47,6,0,73,0,10,-2,A Major,4,20mJp0Ix72iR2EF8BdCfE5,JPWP01970606,1
191,さよーならまたいつか！- Sayonara,Kenshi Yonezu,122,9B,60,2025-09-11,03:21,68,"j-pop, anime, j-rock",LOST CORNER,2024-08-21,83,20,0,81,0,0,-7,G Major,4,5pN2AyWwjzwRoI7gukEVNd,JPU902400966,1
192,Flamingo,Kenshi Yonezu,114,9B,66,2025-09-11,03:15,48,"j-pop, anime, j-rock",Flamingo / TEENAGE RIOT,2018-10-31,77,14,0,92,0,10,-6,G Major,4,5GpdiGaf6RaoUt0L0XFywv,JPU901803148,1
193,I Need A Girl (Feat. G-DRAGON),"TAEYANG,G-DRAGON",115,1B,53,2025-09-11,03:39,62,"k-pop, k-rap",Solar,2010-07-01,71,47,0,56,0,0,-7,B Major,4,34oRc4INwO7000LJUQLy5X,KRA491000049,1
196,女だから,Laughing Hick,152,4A,94,2025-12-07,03:55,47,j-pop,女だから,2023-07-14,61,1,0,74,0,10,-3,F Minor,4,7CHiHRLcVqNpyaSNRJqxPu,JPZ922305244,1
198,愛なんて嘘は置いといて,Laughing Hick,148,12B,96,2025-12-07,02:33,41,j-pop,オリオン/愛なんて嘘は置いといて,2024-10-23,63,3,0,56,10,30,-4,E Major,4,4NSAJSAZAsGg3JQsD9ENk5,JPZ922407431,1
199,僕に彼女ができたんだ,SHISHAMO,135,4A,82,2025-12-07,03:09,55,"japanese indie, j-rock, j-pop",恋を知っているすべてのあなたへ,2023-02-04,57,2,0,65,0,20,-4,F Minor,4,2oFzvTG3k4ppHhax6dqCIf,JPD001300167,1
200,0%,SANTOS BRAVOS,120,3B,78,2026-01-04,02:53,64,,0%,2025-10-21,79,51,0,76,10,0,-7,C♯/D♭ Major,4,0V91BVy8lD7xoxQBNajPiu,USA2P2553876,1
201,カイコ,RADWIMPS,136,11B,65,2026-01-04,06:02,49,"anime, j-pop, j-rock",2+0+2+1+3+1+1= 10 years 10 songs,2021-03-11,59,21,0,43,0,0,-7,A Major,4,0KmIgcKFQ54ps7uj0Rhrk6,JPV971814311,1
202,SOBER - KR Ver.,BIGBANG,130,7B,83,2026-01-04,03:58,52,k-pop,MADE SERIES,2016-02-03,66,1,0,53,0,90,-3,F Major,4,6cMpMygFRbnQsI1m5oq8dp,KRA401500584,1
203,I Feel Good,BOYNEXTDOOR,142,9A,83,2026-01-04,02:35,65,k-pop,No Genre,2025-05-13,77,0,0,88,10,30,-3,E Minor,4,1klePVubVctBqhlKJvibil,USA2P2516387,1
204,imagine if,gnash,92,4B,45,2026-03-02,03:17,63,,we,2019-01-11,91,57,0,69,10,20,-7,G#/A♭ Major,4,7nDdxPUC5LbxmspeqkOzt8,USAT21802686,1
206,Yes or No,Jung Kook,84,3B,84,2026-03-09,02:27,79,k-pop,GOLDEN,2023-11-03,67,18,0,88,0,0,-3,C♯/D♭ Major,4,2gkVEnpahpE3bQuvGuCpAV,USA2P2348392,1
207,Please Don't Change (feat. DJ Snake),"Jung Kook,DJ Snake",115,1B,74,2026-03-09,02:26,75,"k-pop, ",GOLDEN,2023-11-03,80,16,0,77,10,10,-6,B Major,4,0k0GtcnyQLMiXrdEDbLXmJ,USA2P2348393,1
208,Dreamers [Music from the FIFA World Cup Qatar 2022 Official Soundtrack],"Jung Kook,BTS,FIFA Sound",115,8B,88,2026-03-09,03:21,74,"k-pop, ",Dreamers [Music from the FIFA World Cup Qatar 2022 Official Soundtrack],2022-11-20,71,16,0,34,0,40,-4,C Major,4,0jY618wuln0b5b8sCxFgjk,QZNMY2232113,1
209,四季,Creep Hyp,96,8B,84,2026-03-09,03:28,44,"j-pop, j-rock",夜にしがみついて、朝で溶かして,2021-12-08,37,3,0,72,10,10,-4,C Major,4,5QjQMgZ4NoA3jxqoEzjfv8,JPPO02100200,1
210,モノマネ,Creep Hyp,136,3B,73,2026-03-09,03:42,35,"j-pop, j-rock",夜にしがみついて、朝で溶かして,2021-12-08,59,2,0,89,0,0,-5,C♯/D♭ Major,4,6Fb0XNtz7WXCPHrANrldoc,JPPO02001090,2
212,火まつり,Creep Hyp,134,4B,78,2026-03-09,02:12,42,"j-pop, j-rock",死ぬまで一生愛されてると思ってたよ,2012-04-18,53,18,0,92,0,10,-5,G#/A♭ Major,4,3IWztt3qxGNnfwjZFe58rB,JPVI01200340,1
214,祝日天国,35.7,175,11B,70,2026-03-09,04:00,48,,書を捨て、歌を編む,2024-03-20,41,0,0,49,0,10,-4,A Major,4,4MyoHgJsOdAjHua5e6sgo2,JPU902202705,1
215,賜物,RADWIMPS,110,10B,87,2026-03-09,04:49,52,"anime, j-pop, j-rock",あにゅー,2025-10-08,56,16,0,79,0,10,-2,D Major,4,0Mm6ObueLFtjsJ6msrKgOi,JPV972500001,1
217,actually,ZICO,109,11B,75,2026-03-09,03:37,56,"k-rap, k-pop",THINKING Part.1,2019-09-30,75,2,0,75,10,10,-5,A Major,4,7u2fcMmCUvboH1G2nYQFRP,KRA381904336,1
219,YOUR WAY'S BETTER - SHORTER,Forrest Frank,146,9B,77,2026-03-09,02:32,59,"christian, christian pop, christian hip hop, worship, christian lo-fi, christian r&b",YOUR WAY'S BETTER,2024-10-25,73,17,0,71,0,10,-6,G Major,4,3F642kDVFfiztSwRJsEzXu,QZJ842403509,1
220,Any song,ZICO,108,3A,79,2026-03-09,03:47,63,"k-rap, k-pop",Any song,2020-01-13,87,12,0,90,10,10,-2,A#/B♭ Minor,4,1iIhGHzzrzqQfuNkFI2qAn,KRA381905519,3
221,Actually Pt.2,PENOMECO,110,11B,69,2026-03-09,03:39,56,k-rap,Dry Flower,2021-04-20,75,2,0,83,0,30,-5,A Major,4,6wDWM82A0rujxVjsxCgqV5,KRMIM2117461,1
223,Ayo,"Chris Brown,Tyga",98,2B,54,2026-03-09,03:46,18,"r&b, ",LUXXX:THE GLAMOROUS PLAYLIST,2018-07-27,82,4,0,67,0,0,-6,F#/G♭ Major,4,67hyYRpWWZSnofWGUlqoZt,USRC11403042,1
224,オオカミ系男子,&TEAM,138,3B,79,2026-03-09,02:22,57,"k-pop, j-pop",Go in Blind (月狼),2025-04-20,70,3,0,91,0,20,-3,C♯/D♭ Major,4,41zvengRI2Gq3uByxo9Ktd,JPZ672500007,1
225,KAWASAKI (&TEAM Remix),"SANTOS BRAVOS,&TEAM",145,9B,67,2026-03-09,02:41,67,"k-pop, j-pop",KAWASAKI (&TEAM Remix),2026-02-20,70,13,0,25,0,40,-5,G Major,4,6bzFCRAZBn0LBDxUlErNJQ,USA2P2605123,1
227,LOVEずっきゅん,Soutaiseiriron,150,10A,95,2026-03-09,03:19,48,"japanese indie, shibuya-kei, j-rock, j-pop",シフォン主義,2008-05-08,53,35,0,75,0,10,-4,B Minor,4,37zxV5H602LocaT7RRH6Kr,TCJPE1669899,1
228,星にでも願ってろ,Creep Hyp,120,9B,95,2026-03-09,03:18,49,"j-pop, j-rock",こんなところに居たのかやっと見つけたよ,2024-12-04,61,5,0,62,0,0,-5,G Major,4,3brZKMhIBVaxkogCOODewd,JPPO02405023,1
229,恋煩い,Ryukku to Soine Gohan,133,4B,74,2026-03-09,03:18,40,"japanese indie, j-pop",生きるは愛,2026-02-25,64,0,0,83,0,0,-8,G#/A♭ Major,4,3cgDNqZ2JSWMMofXC2ifLN,JPVI02501784,1
234,カフェオレ,Laughing Hick,166,3B,79,2026-03-09,04:29,35,j-pop,カフェオレ,2024-02-21,51,1,0,28,0,10,-4,C♯/D♭ Major,4,4kUQ93s4nfZRVt7bTQzm9i,JPZ922400550,1
235,I I U,RADWIMPS,72,12B,15,2026-03-09,03:03,45,"anime, j-pop, j-rock",ANTI ANTI GENERATION,2018-12-12,43,84,0,38,0,10,-14,E Major,3,0GL3MVVS92Qj9XfcRGTmQz,JPV971800057,1
236,縷々,RADWIMPS,134,11B,27,2026-03-09,04:03,45,"anime, j-pop, j-rock",DADA,2011-01-12,63,27,1,33,0,10,-12,A Major,4,13eBYeiwz8oOH8QOpMTHDK,JPTO01001648,1
237,おしゃかしゃま,RADWIMPS,129,7A,98,2026-03-09,03:48,60,"anime, j-pop, j-rock",アルトコロニーの定理,2009-03-11,60,2,0,69,10,30,-2,D Minor,4,39oAp7sfaU9PDaraVLD31O,JPTO00900143,1
238,グーの音,RADWIMPS,104,7A,94,2026-03-09,02:49,38,"anime, j-pop, j-rock",オーダーメイド,2008-01-23,60,0,0,84,0,30,-3,D Minor,4,6OvzRWhfFuKVtkuGOvUw2v,JPTO00702521,1
239,洗脳,RADWIMPS,132,9B,83,2026-03-09,05:29,42,"anime, j-pop, j-rock",サイハテアイニ / 洗脳,2017-05-10,57,0,0,51,10,0,-3,G Major,4,2CTh8hD7pwVdxO43uCRKeV,JPPO01701587,1
240,リユニオン,RADWIMPS,84,9B,80,2026-03-09,05:19,47,"anime, j-pop, j-rock",×と○と罪と,2013-12-11,60,49,0,89,0,20,-3,G Major,4,2t5t4nO5i4bN5dLEcTSM1P,JPPO01351430,1
241,携帯電話,RADWIMPS,105,2B,91,2026-03-09,04:25,44,"anime, j-pop, j-rock",携帯電話,2010-06-30,59,1,0,68,0,10,-4,F#/G♭ Major,4,5EIIS5KqgQhziFAWS9kpiU,JPTO01000381,1
244,愛煙家,neguse.,142,5B,68,2026-03-09,03:50,46,j-pop,愛煙家,2021-07-24,61,17,0,62,0,10,-4,D#/E♭ Major,4,7J4fy22AdnEKD9wNgbFI0A,JPA962180138,1
245,最愛,neguse.,184,1B,85,2026-03-09,03:13,7,j-pop,「ハッピーな暮らし」,2021-04-17,43,10,0,76,0,60,-4,B Major,4,5ckwwuTYWo41EfBxwVh4PV,JP92A2100699,1
246,19歳,ポンツクピーヤ,120,3A,90,2026-03-09,03:15,18,,19歳/シット・バイアス・ミュージック,2023-01-31,67,0,0,84,0,10,-7,A#/B♭ Minor,4,4PGO1WN2PBktU8BamRo80z,JP92N2301447,1
247,暮らし,Hwyl,97,8B,76,2026-03-09,02:09,25,japanese indie,暮らし,2022-11-28,71,28,0,97,0,0,-5,C Major,4,2XaCqh5IqXDvqgcj9k6ReE,JPM792200192,1
248,悪口たち,My Hair is Bad,138,6B,89,2026-03-09,02:33,38,j-pop,時代をあつめて,2016-05-11,67,1,0,84,0,20,-4,A#/B♭ Major,4,169n0UZ3Ffun6EIBO4i2i3,JPPO01614910,1
249,さようなら、花泥棒さん,yamada,85,10B,94,2026-03-09,04:49,33,vocaloid,tribute to mer,2018-05-16,49,0,0,88,0,20,-4,D Major,4,0BR35hyEdqhG29x7DjNbyZ,JPS801834134,1
250,世界が僕を嫌いになっても,yangskinny,95,1B,58,2026-03-09,03:30,29,j-pop,嘘だらけの日常の中で,2021-05-05,50,13,0,54,0,20,-12,B Major,4,45JwCZjMvPWVWFKtT4qMbu,JPVI02100791,1
251,8月の夜,yangskinny,100,8B,90,2026-03-09,03:18,41,j-pop,嘘だらけの日常の中で,2021-05-05,39,0,0,71,0,30,-5,C Major,4,0TqlwMg0P0LVDSb6kdq3gQ,JPVI02100848,1
252,死なない為の音楽よ,neguse.,180,10A,91,2026-03-09,02:10,35,j-pop,スペースシャトルで君の家まで,2021-10-13,49,5,0,62,20,20,-4,B Minor,4,1jc0tTIZUH0dcHqJAk12tq,JPA962180221,1
253,On My Mind,Maximillian,98,4A,48,2026-03-09,02:54,50,,Ripples,2019-10-25,76,3,0,56,0,40,-7,F Minor,4,5NjfO70bhIyNOOFBcXb6ql,DKUM71900379,1
258,Hey boy!,Rina Katahira,105,11B,89,2026-03-09,02:59,52,j-pop,amazing sky,2014-08-06,65,5,0,71,0,20,-2,A Major,4,1sE7jyEeZpNGc6lxtospgD,JPPC01302820,1
261,ロードスタームービー,yangskinny,95,2B,83,2026-03-09,03:45,39,j-pop,ロードスタームービー,2021-09-23,51,6,0,40,0,30,-5,F#/G♭ Major,4,5YYRATFuBupMOE7m5k33kC,JPVI02101932,1
262,東京,yangskinny,82,8B,65,2026-03-09,04:34,29,j-pop,歌にしてしまえば、どんなことでも許されると思っていた,2023-03-15,51,1,0,33,0,30,-5,C Major,4,666uEnXGRmXwlM4lnSoUGb,JPVI02200965,1
264,大丈夫,Creep Hyp,128,4B,84,2026-03-09,03:04,48,"j-pop, j-rock",一つになれないなら、せめて二つだけでいよう,2014-12-03,60,21,0,90,0,0,-3,G#/A♭ Major,4,6bw7G5jYcuf7lGohIYR5Bi,JPPO01412456,1
265,smile again,blackbear,85,2B,42,2026-03-09,02:29,48,,everything means nothing,2020-08-21,68,60,0,69,0,30,-6,F#/G♭ Major,4,0rWMOzZ7fFYZWI1qlCY4Ig,USUG12002377,1
268,Shunari,reGretGirl,132,12B,86,2026-03-11,04:10,49,j-pop,take,2018-10-17,67,5,0,91,0,10,-2,E Major,4,2o9V2JhIgk6w27IIuqWyYh,JPCO01821640,1
269,助演女優症2,back number,158,8A,75,2026-03-11,02:34,53,"j-pop, j-rock",シャンデリア,2015-12-09,54,5,0,85,0,10,-3,A Minor,4,0qt6wxWgQ6xnHUi9wAbSKQ,JPPO01509649,1
270,ヒモと愛,yangskinny,159,4B,97,2026-03-11,02:42,44,j-pop,歌にしてしまえば、どんなことでも許されると思っていた,2023-03-15,49,3,0,47,10,30,-4,G#/A♭ Major,4,1VVwPseFdO8hBJ1c6Ccy4S,JPVI02204614,1
272,おばけでいいからはやくきて,Creep Hyp,150,11A,78,2026-03-11,03:36,43,"j-pop, j-rock",泣きたくなるほど嬉しい日々に,2018-09-26,54,3,0,86,0,10,-5,F#/G♭ Minor,4,7hgn4AYqtMQb4JDJkx0PGV,JPPO01803633,1
275,酩酊華,"Uscool,natsumi,あらの",133,2B,63,2026-03-11,03:07,37,"j-pop, vocaloid, ",酩酊華,2023-06-21,74,9,0,81,0,20,-8,F#/G♭ Major,4,7L0Qfl6G5LgUu9QhmKT0Lq,JPT592310231,1
280,チョコレイト･ディスコ,Perfume,128,4B,99,2026-03-11,03:46,50,"j-pop, shibuya-kei",GAME,2008-04-16,57,16,1,96,0,0,-2,G#/A♭ Major,4,2ZRvgRjGRDuvunmHabJ8du,JPTK00616660,1
281,墓場までもっていくわ,アルコサイト,77,4B,62,2026-03-11,04:48,49,japanese indie,思い出に変わるまで,2022-03-02,59,18,0,57,0,10,-4,G#/A♭ Major,4,0vIN30bpxuiXmhn4bAouhc,JPM792100313,1
282,Arrietty's Song(Arrietty's Song),Cécile Corbel,129,6A,50,2026-03-11,03:31,45,"celtic, anime",借りぐらしのアリエッティ サウンドトラック,2010-07-14,55,38,0,49,0,0,-11,G Minor,3,0cvVx7TnD8wSpcM49TyjsB,JPI801000031,1
283,ドラマのあとで,Reaction The Buttha,138,2B,87,2026-03-11,04:22,46,,After drama,2017-12-06,59,2,0,51,0,30,-4,F#/G♭ Major,4,5Rp1B2NkWnlTLt4O4sxJDn,JPE871702504,1
285,Pink Night (feat.Graviton),"Unikid(유니키드),Graviton(그래비톤)",125,5B,69,2026-03-14,03:43,32,,Pink Night (feat.Graviton),2022-11-04,80,79,0,95,0,0,-6,D#/E♭ Major,4,0WggZYPo4a2GLYbUR5MLsr,KSA002202159,1
286,If I Die Tomorrow,Chloe Adams,97,12A,70,2026-03-14,02:58,44,,If I Die Tomorrow,2025-01-10,54,7,0,57,0,40,-6,C♯/D♭ Minor,4,5jz5z9JWR2OLtBUAAkOtnz,DGA0R2487097,1
287,Dear My All,Mingginyu,86,11B,16,2026-03-14,02:41,52,k-ballad,Dear My All,2022-12-28,59,88,0,59,0,10,-7,A Major,4,2X71ww8wImSYbw4s0Mr2ur,KRNAR2235047,1
288,援助交際,Creep Hyp,143,8B,94,2026-03-14,05:41,40,"j-pop, j-rock",きれいなひとりぼっちたち,2016-12-07,19,7,0,28,0,0,-3,C Major,4,2tDHVngVSGRtb1qEYED7D5,JPPO01622145,1
289,神様はじめました,Hanae,146,10A,86,2026-03-16,03:25,62,"anime, j-pop",神様はじめました／神様お願い,2012-11-09,66,28,0,74,0,0,-5,B Minor,4,7LqRjCKrzXuAWOtbZinE4I,JPTO01201944,1
290,Beautiful World,Hikaru Utada,115,7B,82,2026-03-16,05:17,68,"j-pop, j-r&b, anime",HEART STATION,2008-03-19,70,8,0,30,0,0,-5,F Major,4,6aOoUkiQ9rLweL8IkPBN0L,JPPO01806081,1
291,MOA Diary (Dubaddu Wari Wari) - Japanese Ver.,TOMORROW X TOGETHER,114,12B,88,2026-03-16,03:08,42,k-pop,Chaotic Wonderland,2021-11-09,71,6,0,64,10,10,-5,E Major,4,6WEi5P5mIXiQKTCxJulLcJ,JPPO02103864,1
292,Lunatic,&TEAM,100,11B,87,2026-03-16,02:36,61,"k-pop, j-pop",Back to Life,2025-10-28,78,18,0,81,0,10,-3,A Major,4,6hbVN5FBJIHqbG6ZzpJV5j,USA2P2545306,2
293,リバーシブルー,Creep Hyp,134,3B,74,2026-03-16,03:30,42,"j-pop, j-rock",世界観,2016-09-07,61,5,0,89,0,30,-3,C♯/D♭ Major,4,66vlDAwwNitDMwARA8lejR,JPPO01508356,1
294,Count To Love,BOYNEXTDOOR,160,3B,77,2026-03-16,02:38,58,k-pop,BOYLIFE,2025-08-17,70,3,0,89,0,0,-5,C♯/D♭ Major,4,1JcrxF5NysDqpik9nZ1Sa4,JPZ672500037,1
295,プロポーズ,natori,176,7A,75,2026-03-16,02:58,71,"j-pop, anime",プロポーズ,2025-06-06,72,16,0,84,20,10,-6,D Minor,4,2VmWOZiKDnLq373THopgWC,JPU902501948,1
298,クソラスト,アンと私,183,9B,94,2026-03-23,02:45,45,,FALL DOWN 2,2024-01-10,36,5,0,79,10,30,-1,G Major,4,6xxhEmYbHgAqrUAumJt1RZ,JPI542300021,1
299,君と夏フェス,SHISHAMO,178,7B,98,2026-03-23,03:44,57,"japanese indie, j-rock, j-pop",好き100%の片思いをしているあなたへ,2022-12-02,38,0,0,77,0,0,-3,F Major,4,3YgHKuxcFC4a2vVZqx5Sov,JPD001400257,1
300,花,SHISHAMO,96,3B,78,2026-03-23,03:58,51,"japanese indie, j-rock, j-pop",ひとつの恋が終わってしまったあなたへ,2023-01-20,60,1,0,83,0,30,-7,C♯/D♭ Major,4,6ljGz9yc7wpIVXAkHQuG6P,JPD001400262,1
301,名もなき詩,Mr.Children,126,9B,85,2026-03-28,05:28,67,"j-pop, j-rock, kayōkyoku",深海,1996-06-24,56,4,0,70,0,20,-5,G Major,4,5hrS405iyU1OLU4BFwGWGY,JPTF09510501,1
302,Sign,Mr.Children,105,9B,51,2026-03-28,05:21,67,"j-pop, j-rock, kayōkyoku",I ♥ U,2005-09-21,60,26,0,38,0,10,-6,G Major,4,4Qoy76tEOBaCEvuydNQ2ep,JPTF00403301,1
305,Where Do You Go?,TOMORROW X TOGETHER,141,8B,84,2026-04-06,03:07,56,k-pop,Starkissed,2025-10-19,64,7,0,65,0,50,-5,C Major,4,0osS07dYdOcKUfCGX5V1LR,JPZ672500052,1
306,忘れてください,Yorushika,78,8B,41,2026-04-12,03:38,63,"j-pop, j-rock, anime, japanese indie",忘れてください,2024-07-13,81,52,0,69,20,0,-10,C Major,4,7raKnLKyQSatDiVVpiZDds,JPPO02403065,1
309,No Doubt,BOYNEXTDOOR,170,6B,81,2026-04-20,03:44,60,k-pop,Perfect Crown OST Part.3,2026-04-17,54,15,0,59,10,30,-4,A#/B♭ Major,4,3wSejKYOwx4So5fpeS7Ehz,KRA382601881,1
