#,Song,Artist,BPM,Camelot,Energy,Added At,Duration,Popularity,Genres,Album,Album Date,Dance,Acoustic,Instrumental,Valence,Speech,Live,Loud (Db),Key,Time Signature,Spotify Track Id,ISRC
1,"Last Party Never End (feat. Tiji Jojo, YZERR, Vingo & Yellow Pato)","BAD HOP,Tiji Jojo,YZERR,Vingo,Yellow Pato",151,4A,72,2024-05-22,04:15,54,"j-rap, hip hop","BAD HOP",2024-02-09,72,2,0,58,10,20,-6,F Minor,4,52buM4EFitLjpgxtN1sxIb,JPWP02400156
2,"You","808",85,3A,69,2024-05-23,03:42,57,"j-rap","You",2024-03-03,66,39,0,64,0,20,-6,A#/B♭ Minor,4,0zTkGAcW8rSKudSDgAzRwN,TCJPZ2448323
3,"Baby L","ZZEN",156,9B,56,2024-05-23,02:52,44,"j-rap","Baby L",2024-04-20,72,15,0,56,0,10,-7,G Major,4,5xLzdLLFNZgc5Dg56dhmEg,TCJPZ2499233
4,"Yozora","Sugar Goose",90,8B,43,2024-05-23,02:56,0,"j-rap","20Escape",2023-12-15,69,71,0,42,0,0,-8,C Major,4,7d6xLWCz6uzpUNvbQtGBrI,TCJPY2339725
5,"Real Life","Bene Baby",93,10B,76,2024-05-23,03:00,53,"j-rap","Falling",2021-12-01,75,36,0,24,10,0,-5,D Major,4,5PaexnNveNJ7NtEAnC3Ox3,TCJPS2222183
6,"運命 (feat. ImaRyu)","KeeP,ImaRyu",73,11B,76,2024-05-23,03:24,56,"j-rap","Break myself",2021-09-18,73,72,0,43,10,10,-5,A Major,4,4ao47aChjLpJC6zqUNlhWD,TCJPP2159475
7,"Makuhari","Bonbero,LANA,Watson,MFS",148,4B,76,2024-05-23,04:10,60,"j-rap, hip hop","Makuhari",2023-04-19,72,4,0,49,20,10,-5,G#/A♭ Major,4,6AaePXUruO3297PugyiDwT,JPJ902301180
8,"Too Bad Day But... - Remix","Kvi Baba,AKLO,KEIJU",95,4B,70,2024-05-23,03:24,58,"j-rap, j-r&b, hip hop","Jesus Loves You",2023-03-31,79,32,0,63,0,10,-7,G#/A♭ Major,4,5DiEDM4NkVg05iIlSFyXrM,JPTF02125901
9,"椿","TORAUMA",94,11A,54,2024-05-23,05:27,55,"j-rap","椿",2020-07-10,57,51,0,46,0,0,-5,F#/G♭ Minor,4,09ejq9irl5FsaFWzh0oK5R,JPB602070849
10,"Wind Rise","KEIJU,JJJ",96,4A,59,2024-05-23,03:05,57,"j-rap, hip hop, j-r&b","Speed Tape",2023-09-20,56,21,0,22,40,20,-6,F Minor,4,7ft8cpFbv0E9SOUiUMcPuW,JPU902303781
11,"満ちてゆく","Fujii Kaze",144,11B,59,2024-05-23,05:10,68,"j-pop","満ちてゆく",2024-03-14,56,47,5,43,0,10,-8,A Major,4,5glPFBAuA1C85tBcVWVzvO,JPPO02400480
12,"ガーデン","Fujii Kaze",138,12B,53,2024-05-23,03:49,70,"j-pop","LOVE ALL SERVE ALL",2022-03-23,59,9,0,58,0,10,-8,E Major,4,5U4PgFWzfzY7VEg9Ck4ziF,JPPO02200423
13,"長く短い祭","Sheena Ringo,浮雲",125,7A,79,2024-05-23,04:09,65,"j-pop, j-rock","長く短い祭 / 神様、仏様",2015-07-31,61,6,5,78,10,20,-4,D Minor,4,4hWI3r78IDOhPXSHd2f0Az,JPPO01506523
14,"Week End","Gen Hoshino",133,11B,76,2024-05-23,04:30,60,"j-pop, anime","YELLOW DANCER",2015-12-02,72,4,0,73,0,20,-7,A Major,4,4yBciZ52BnlfqsbwmRKKKp,JPVI01535800
15,"アイデア","Gen Hoshino",174,6B,61,2024-05-23,04:40,66,"j-pop, anime","POP VIRUS",2018-12-19,48,0,0,64,20,30,-4,A#/B♭ Major,4,7jgqNMnqAT9FghC1uSYTFF,JPVI01885660
16,"あなた","Hikaru Utada",178,4B,70,2024-05-23,04:37,67,"j-pop, j-r&b, anime","初恋",2018-06-27,38,47,0,80,0,10,-6,G#/A♭ Major,4,3yCVsL9xnnnhtOQ1CfPD7W,JPU901702783
17,"道","Hikaru Utada",117,4A,72,2024-05-23,03:36,66,"j-pop, j-r&b, anime","Fantome",2016-09-28,75,31,0,40,0,10,-5,F Minor,4,4nYtqZDscX8TLvR4p0ON1s,JPPO01618584
18,"Family Song","Gen Hoshino",166,9B,71,2024-05-23,05:24,66,"j-pop, anime","Family Song",2017-08-16,53,6,0,77,0,30,-5,G Major,4,6XzDz5r1bGMkcOKeXQwTqM,JPVI01721000
19,"君と地球で","Hayato Yoshida",161,4B,73,2024-05-23,03:10,0,"j-rap","ボク",2023-04-27,61,13,0,42,0,10,-7,G#/A♭ Major,4,5OQ2VeSotSZorUfO5QWr2h,TCJPV2355722
20,"DIE (feat. KZHI)","KOTA,KZHI",135,12A,58,2024-05-23,03:31,58,"j-rap, ","DIE (feat. KZHI)",2021-05-14,78,62,0,24,0,10,-8,C♯/D♭ Minor,4,1nyTgPfhCcvUo3X10AvKmU,TCJPO2172217
21,"YOKAZE","HENTAI SHINSHI CLUB",90,6B,59,2024-05-23,04:29,59,"j-rap, j-pop","ZURUMUKE",2021-06-16,64,29,0,36,0,0,-6,A#/B♭ Major,4,6tkSMR8bEIfEcJn7ybJtSP,JPTF02005404
22,"Hug (feat. kojikoji)","SORANE,kojikoji",92,12A,83,2024-05-23,03:04,57,"j-rap, j-r&b, j-pop, japanese indie","Hug (feat. kojikoji)",2019-08-21,73,87,0,84,10,0,-3,C♯/D♭ Minor,4,4cHB6U8fasfxq7XD8uNxuK,TCJPJ1951415
23,"LONGINESS REMIX","SugLawd Familiar,CHICO CARLITO,Awich",87,11A,59,2024-05-23,04:14,58,"j-rap, j-r&b","LONGINESS REMIX",2022-12-16,80,42,0,41,10,0,-5,F#/G♭ Minor,4,4WV6zSmQVMmgSAaY9M5bVE,TCJPU2201903
24,"Crayon","ZOT on the WAVE,Fuji Taito",140,4B,86,2024-05-23,02:56,60,"j-rap, hip hop","Crayon",2022-02-04,79,16,0,95,0,40,-5,G#/A♭ Major,4,3ZEdrRIGjFpXZSzfjwWmDQ,TCJPR2203351
25,"Fallin","Shota Shimizu",152,1B,54,2024-05-23,03:53,51,"j-pop, j-r&b","Insomnia",2023-06-28,67,17,0,48,0,10,-8,B Major,4,1tpk0IGfeMshahOQgQQWb5,JPU902302058
26,"How Many Boogie","SKRYU,WAZGOGG,Fuma no KTR",126,4B,74,2024-05-23,02:39,58,"j-rap","わすれもの",2023-02-22,77,1,0,83,10,30,-5,G#/A♭ Major,4,5YADi8VnCwx5ahhwNdgQaZ,TCJPU2353861
27,"Cinema (feat. Memento Mori & 武蔵)","O.A.KLAY,Memento Mori,武蔵",124,9B,83,2024-05-23,02:57,54,"j-rap","Nobody's Station",2022-02-11,78,51,0,76,0,10,-5,G Major,4,2U1ld52xRDaUSRWM8EZreg,TCJPQ2295724
28,"韻波句徒","CHEHON",122,3A,89,2024-05-23,04:50,53,"j-rap, reggae","RHYME LIFE",2009-00-00,79,56,0,91,0,10,-2,A#/B♭ Minor,4,4GTYvd1maBkwZ6Tjzb7D75,JPBV00800786
29,"Side Dish","Shota Shimizu",83,2B,51,2024-05-23,03:22,57,"j-pop, j-r&b","HOPE",2021-07-21,73,51,0,38,0,0,-8,F#/G♭ Major,4,6oWFj0CEkMuClA5uSz0Z9l,JPU902101549
30,"CHILDAYS","BLOOM VASE",79,10B,81,2024-05-23,03:10,0,"j-rap, j-pop","BLOOM iSLAND",2020-07-21,65,39,0,92,0,10,-3,D Major,4,233av6iCcdMz62X73Z1MMZ,TCJPM2009256
31,"PLAYBOY","CREAM",99,7B,66,2024-05-23,03:20,55,"j-rap, j-pop, j-r&b","Sounds Good",2018-09-19,86,11,0,67,0,0,-5,F Major,4,0JNwir1F6ojuC9yYpt8DVd,JPB601801974
32,"ADVISE - 最悪ノ事態 Riddim","Arare",170,1B,73,2024-05-23,03:34,52,"j-rap, reggae","ブランニュ→カオス",2013-04-17,52,47,0,76,20,10,-4,B Major,4,3wSq7qpQtz3JRE8DmnKd5y,JPV501300141
33,"junkie","swetty",100,7B,77,2024-05-23,02:28,59,"j-rap","junkie",2023-12-04,64,0,0,51,0,10,-5,F Major,4,4ey3mwkvUkUfssLTX6s3P6,TCJPY2333436
34,"High Land (feat. Tiji Jojo, Vingo & YZERR)","BAD HOP,Tiji Jojo,Vingo,YZERR",148,1B,90,2024-05-23,04:08,64,"j-rap, hip hop","BAD HOP WORLD DELUXE",2020-08-07,73,4,0,78,0,10,-5,B Major,4,2Ge6tpzWlMT4Sgdkp7paVX,TCJPM2013075
35,"What’s Poppin (feat. LANA)","JP THE WAVY,JIGG,LANA",104,8B,76,2024-05-23,02:28,58,"j-rap, j-r&b, hip hop","Hit Different",2023-05-24,81,1,0,19,0,30,-6,C Major,4,6BkEiNQdMlwxPMgFDLkZtV,TCJPV2395079
36,"Vacation","K.E.I",90,7B,58,2024-05-23,03:48,55,"","Vacation",2023-10-04,55,35,0,74,0,10,-6,F Major,4,2VzDnx8nvCTVLCI4n4BOVo,TCJPX2362380
37,"My Way","Def Tech",100,2B,72,2024-05-23,05:05,61,"j-pop","Def Tech",2005-01-22,82,32,0,64,10,10,-7,F#/G♭ Major,4,2ttzli3A7SOXUvMv69xEKs,JPZ920500223
38,"愛のままに","BASI,tubakiii",95,10A,57,2024-05-23,04:26,54,"j-rap, j-r&b","切愛",2019-06-26,85,82,0,85,0,10,-7,B Minor,4,3Z3ldilmAxJccTZv0GeUfq,JPU661900011
39,"me me she","RADWIMPS",118,12B,59,2024-05-23,04:41,70,"anime, j-pop, j-rock","RADWIMPS 4 ～おかずのごはん～",2006-12-06,62,2,0,37,0,10,-5,E Major,4,0BYa5V0RyOYthDeCMUBJQZ,JPTO00601678
40,"君のまま","MUKADE,INMAN",124,9B,77,2024-05-23,02:57,56,"j-rap","MILLION",2023-06-30,84,44,0,66,10,10,-4,G Major,4,1MuttbDbsSVRmL77Vktk8r,TCJPU2387949
41,"FEELINGS","3House",146,4B,43,2024-05-23,01:48,53,"j-r&b, j-rap","SWING A SOUL",2023-06-23,75,65,0,86,0,10,-10,G#/A♭ Major,4,4rDZ4eNzDTSKuRKcHq0Zfx,JP92L2301970
42,"Selfish girl","icekun",118,1B,67,2024-05-23,03:08,0,"","Selfish girl",2023-06-25,84,54,0,60,0,10,-3,B Major,4,08aG4K1D86u2jQTADnxHnz,TCJPW2345559
43,"05410-(ん)","RADWIMPS",130,4B,96,2024-05-23,03:10,64,"anime, j-pop, j-rock","RADWIMPS 4 ～おかずのごはん～",2006-12-06,60,0,0,79,0,10,-3,G#/A♭ Major,4,45Qz90khfSW8AnaH9vNg5j,JPTO00601677
44,"ここにいよう","GADORO",88,9B,67,2024-05-23,03:43,45,"j-rap, hip hop","ここにいよう",2022-11-29,79,55,0,83,10,20,-6,G Major,4,5krCrPrv0xU9ubHYRHLv6l,JPS801961363
45,"After Rain","3House",96,10A,69,2024-05-23,02:54,50,"j-r&b, j-rap","After Rain",2024-04-26,73,42,0,20,0,10,-7,B Minor,4,4FXsMYjDAPSTzhMfanWku8,JP92L2421640
46,"Dejavu (feat. Yo-Sea)","3House,Yo-Sea",140,8A,60,2024-05-23,03:42,50,"j-r&b, j-rap","Dejavu (feat. Yo-Sea)",2018-08-06,72,72,0,54,0,10,-7,A Minor,4,58fzK4yx68kZvuDJr53cf3,JPJ901808370
47,"WHERE IS LOVE","3House",170,1B,36,2024-05-23,02:59,49,"j-r&b, j-rap","SWING A SOUL",2023-06-23,72,55,0,32,0,0,-8,B Major,3,4ZuZthfXyDVTCE6pPDlTJM,JP92L2302040
48,"DRIPPIN","3House",101,4A,43,2024-05-23,02:26,49,"j-r&b, j-rap","SWING A SOUL",2023-06-23,87,52,0,65,0,20,-9,F Minor,4,3jX8buzr6R76QZJCOSBoYT,JP92L2302010
49,"BLUE","3House",130,2A,42,2024-05-23,02:30,51,"j-r&b, j-rap","SWING A SOUL",2023-06-23,81,53,0,59,0,10,-8,D#/E♭ Minor,4,2S8geKIkrLbO4y6xTxvAVB,JP92L2301950
50,"You","3House",182,3B,24,2024-05-23,02:09,43,"j-r&b, j-rap","3",2019-08-30,52,79,0,40,0,10,-13,C♯/D♭ Major,5,0c3UQ644ZsvUnOVqyHdsLP,JPJ901909910
51,"LIKE I LOVE YOU feat. Ninety6miles","JP THE WAVY,NINETY6MILES",152,4B,65,2024-05-24,03:21,49,"j-rap, j-r&b, hip hop, ","LIFE IS WAVY",2020-04-08,73,11,0,26,0,10,-7,G#/A♭ Major,4,4v3uHaMCZZEufJvf14FFhX,JPY202000012
52,"ALL GODS BLESS ME","RYKEYDADDYDIRTY",87,3B,74,2024-05-24,03:17,54,"j-rap","RYKEYDADDYDIRTY",2022-03-08,73,16,0,69,30,0,-5,C♯/D♭ Major,4,0PnBLxgh7iZE3uWKhpCfEn,TCJPR2231734
53,"BANANA","CREAM",100,1B,81,2024-05-24,02:57,55,"j-rap, j-pop, j-r&b","LOVE + PARTY",2019-12-25,87,60,0,93,0,0,-5,B Major,4,57UIzA0NsbupNyc7O6ZhYc,JPB601901044
54,"TEENAGE VIBE feat. Tohji","kZm,Tohji",179,10A,94,2024-05-24,02:37,53,"j-rap","DISTORTION",2020-04-22,53,7,0,53,20,0,-5,B Minor,4,5k59SQn3GJ0FgDsDzeOnLH,JPY202000041
55,"Bye","YRD Leo",150,3A,74,2024-05-24,02:22,53,"j-rap","Bye",2021-09-17,66,1,0,52,0,0,-7,A#/B♭ Minor,4,1CCaDGO0fcJ9LJCn44G2AK,TCJPP2171223
56,"Anxious Love","999dobby",144,3B,51,2024-05-25,03:21,50,"j-rap","Anxious Love",2022-10-16,74,16,0,61,0,10,-10,C♯/D♭ Major,4,7dTYQdKRtq2MI8Ys5zBVtM,TCJPT2241598
57,"STUPID - JP Ver.","TREASURE",133,1B,75,2024-05-25,03:00,46,"k-pop","REBOOT (JP SPECIAL SELECTION)",2024-02-21,66,10,0,91,0,20,-5,B Major,4,2aM24VBXkvq7NGPzXJscKa,JPB602400725
58,"アイシテル","Che'Nelle",83,2B,67,2024-05-25,04:40,26,"j-pop, j-r&b","10th Anniversary ALL TIME BEST",2017-12-04,59,10,0,65,0,30,-4,F#/G♭ Major,4,0CbprMlOIcnk98ISFFXszp,JPTO01304254
59,"君と。","Hazzie",136,2B,85,2024-05-25,04:48,48,"j-pop","ハジベスト。",2015-10-07,59,10,0,83,0,20,-6,F#/G♭ Major,4,1Gp1IIcOZelvLqRBFDpxd9,JPPO01502695
60,"im","dodo",98,11A,62,2024-05-26,03:01,0,"j-rap, j-r&b","im",2019-09-04,82,14,0,66,0,10,-7,F#/G♭ Minor,4,5WbDxt1cHl2V3qG0BttuwG,TCJPJ1958758
61,"Older","Conor Matthews",85,12B,65,2024-05-28,03:20,54,"","Balloons",2020-02-07,55,11,0,32,0,20,-5,E Major,4,0BCUve4b3KySD9Sk8CMZ2i,USWB12000051
62,"Hold You Down","KEIJU,MUD",91,12A,78,2024-05-29,04:19,55,"j-rap, hip hop, j-r&b","T.A.T.O.",2020-07-29,67,6,0,78,10,20,-6,C♯/D♭ Minor,4,0vBezvQgxX7mEZzth57cXE,JPU902001429
63,"Mama's Boy (feat. LEX & 7)","KEIJU,LEX,7",133,3B,58,2024-05-29,03:50,53,"j-rap, hip hop, j-r&b","Mama's Boy (feat. LEX & 7)",2024-05-08,89,17,0,65,0,0,-5,C♯/D♭ Major,4,3AG9nySzAQ3MJpQPIc1FIv,TCJPA2432716
64,"Kawasaki Drift","BAD HOP",176,3A,68,2024-05-29,04:37,0,"j-rap, hip hop","BAD HOP HOUSE",2018-06-15,74,1,0,35,20,10,-5,A#/B♭ Minor,4,651z4p0RWGLrleAdBhd2os,TCJPH1815712
65,"YoU!!!","ZZEN",158,3B,51,2024-06-03,02:38,48,"j-rap","YoU!!!",2024-05-11,84,61,0,40,10,10,-9,C♯/D♭ Major,4,3leHAyveKWcg8FDTdgb4M3,TCJPA2419739
66,"Heartache","(sic)boy",80,9B,46,2024-06-03,02:28,49,"j-rap, j-pop","vanitas",2021-12-08,58,62,0,81,0,10,-7,G Major,4,59w4X2oejnQ4Gd3DPpH9WW,JPT592110505
67,"Heartbreak Heard Around the World (feat. T-Pain)","Jacob Latimore,T-Pain",92,12B,75,2024-06-03,03:00,54,"","Heartbreak Heard Around the World (feat. T-Pain)",2014-06-10,63,8,0,57,0,20,-6,E Major,4,4jRhf3Ut6qLfOudvcJjXJO,USRC11400983
68,"ocean eyes","Billie Eilish",145,9A,37,2024-06-03,03:20,50,"","Sunset Vibes",2021-10-08,36,81,5,16,0,0,-8,E Minor,4,5l3Hml8g8IxVkl7UOAlT2k,US23A1500056
69,"Feels (feat. Pharrell Williams, Katy Perry & Big Sean)","Calvin Harris,Pharrell Williams,Katy Perry,Big Sean",101,10A,75,2024-06-04,03:43,59,"edm, pop, ","Feels (feat. Pharrell Williams, Katy Perry & Big Sean)",2017-06-16,89,6,0,87,0,0,-3,B Minor,4,6BaCraQ9xeLYg4Sb9TBT2X,GBARL1700772
70,"Y.O.U.","Luh Kel",93,4B,69,2024-06-04,02:47,47,"","Y.O.U.",2020-02-12,57,35,0,50,10,10,-6,G#/A♭ Major,4,45RdkQ34Kzn9GY1InYjIsA,QMKSC1900649
71,"was good day - Remix","罰当",92,11B,70,2024-06-04,03:13,37,"j-rap","was good day (Remix)",2018-08-30,75,21,0,43,0,0,-4,A Major,4,5BExY4fAcdcqxAhbDofOp5,TCJPH1871890
72,"Dilemma","JP THE WAVY,RIRI",160,8B,60,2024-06-04,04:15,51,"j-rap, j-r&b, hip hop, j-pop","Dilemma",2019-05-15,60,60,0,50,0,20,-7,C Major,4,6B0vefz8IsYUZ8zBNXhzeP,JPPO01805992
73,"Osanpo (feat. 般若 & R-指定) - Remix","SOCKS,DJ RYOW,Hannya,R-Shitei,Space Dust Club",130,8B,72,2024-06-04,03:01,45,"j-rap, j-r&b, hip hop","Osanpo (feat. 般若 & R-指定) [Remix]",2023-11-01,93,11,0,61,0,0,-4,C Major,4,32xeuwMvGI5jugOe0sv8cq,JPX602300045
74,"Asian Doll (feat. T-Pablow, Vingo & Yellow Pato)","BAD HOP,T-Pablow,Vingo,Yellow Pato",140,2A,69,2024-06-04,04:46,45,"j-rap, hip hop","Mobb Life",2017-09-06,77,2,0,29,0,10,-5,D#/E♭ Minor,4,7BpEkVp70r8pASyClRYFBw,JPY201706839
75,"ワンドリンク別","Macaroni Empitsu",118,7B,79,2024-06-05,01:50,64,"j-pop","アルデンテ",2019-04-18,56,3,0,52,0,10,-3,F Major,4,5tapE1gGyABsGFtgeOYchU,JPB971500102
76,"Kawasaki Drift","BAD HOP",176,1B,68,2024-06-06,04:37,62,"j-rap, hip hop","BAD HOP HOUSE",2018-06-15,74,1,0,33,20,10,-5,B Major,4,1fbMGnVgmS72f4CUWnPTMU,TCJPH1815712
77,"GO AHEAD (feat. SNEEEZE)","13ELL,SNEEEZE",140,8B,82,2024-06-06,05:06,40,"j-rap","YATSULER",2018-07-04,66,20,0,40,0,10,-5,C Major,4,7aypwinu3GCRLEh56yp0OJ,TCJPH1831284
78,"Late Night Drive","Louis Vision,リルジャップ,Hinako Miura",172,5A,66,2024-06-06,02:54,55,"j-rap","Late Night Drive",2023-07-28,60,17,0,54,0,10,-6,C Minor,4,24OMw5DPnFhnXxh4a8I1ct,TCJPW2383711
79,"High School Dropout","DADA",162,9B,72,2024-06-06,02:48,55,"j-rap, hip hop","Yours",2021-08-06,72,37,0,37,0,10,-5,G Major,4,0tpRJ0BQ2AnTKuelARNdKj,TCJPP2125644
80,"ナツノオワリ","Shota Shimizu",84,4B,69,2024-06-06,05:06,56,"j-pop, j-r&b","ENCORE",2014-03-12,64,11,0,43,0,20,-6,G#/A♭ Major,4,6milBOzMt8xdFNp2afaMng,JPSR01400049
81,"WAVEBODY (feat. OZworld & LEX)","JP THE WAVY,OZworld,LEX",87,3B,75,2024-06-06,03:04,48,"j-rap, j-r&b, hip hop","WAVY TAPE 2",2021-03-31,88,5,0,85,10,10,-6,C♯/D♭ Major,4,4KDuAbtpteWI4a3flG5gMM,JPY202100033
82,"slow down (feat. LUSH CARABINER)","Ame lil melo,LUSH CARABINER",150,4B,76,2024-06-06,02:33,45,"j-rap, ","slow down (feat. LUSH CARABINER)",2023-01-28,66,68,0,81,0,20,-5,G#/A♭ Major,4,0mEdrC1iTqwMNYl2G6lFM0,TCJPU2348037
83,"Love's Like A Western Song","Louis Vision,BBY NABE,Hinako Miura",160,5A,72,2024-06-06,03:07,51,"j-rap","Love's Like A Western Song",2020-12-18,58,21,0,42,0,30,-6,C Minor,4,3nuLvL77HCjhWehm2DWHIk,FR9W12033191
84,"Night Dream","炒炒",101,6A,81,2024-06-06,01:59,37,"j-rap","Black & Red",2023-11-20,71,53,0,28,0,20,-4,G Minor,4,6BCyPWwerCVhXUZD7JYJ2Y,JP92S2360478
85,"花瓶","Tele",90,11A,74,2024-06-06,03:27,54,"j-pop","NEW BORN GHOST",2022-06-01,65,33,0,70,0,20,-4,F#/G♭ Minor,4,4cJRvfyxLWzJKlQtuBwafi,JPTF02210206
86,"Fam*ly (feat. Tiji Jojo, DADA & LEX)","BAD HOP,Tiji Jojo,DADA,LEX",150,9B,83,2024-06-06,04:20,49,"j-rap, hip hop","BAD HOP (THE FINAL Edition)",2024-02-09,64,45,0,53,0,20,-4,G Major,4,1HzgAWbo1kRq1EyVeyq77k,JPWP02400348
87,"First Dates","SALU",174,4B,74,2024-06-06,03:17,39,"j-rap, j-r&b","INDIGO",2017-05-24,67,18,0,93,0,0,-5,G#/A♭ Major,4,0S267WajQ4dxnaMNBqhAt3,JPTF01703401
88,"Future","STAR SEEED,i-san,Wyatt",124,9B,79,2024-06-06,02:58,42,"j-rap","Future",2023-02-20,69,16,0,68,0,20,-5,G Major,4,2WC9vOon0XlvT9zYGCtKj7,TCJPU2389250
89,"WHERE IS THE LOVE?","Shurkn Pap",172,3B,64,2024-06-06,02:39,40,"j-rap, j-r&b","WHERE IS THE LOVE?",2020-01-17,65,0,5,56,10,40,-7,C♯/D♭ Major,4,75BEKxJMwBnLDskHpva7Mp,TCJPK2029976
90,"道路工事","SHO-SENSEI!!",135,3B,88,2024-06-06,02:54,53,"j-rap","道路工事",2023-06-07,68,5,0,64,0,30,-3,C♯/D♭ Major,4,5shAjHXiicExxZbGFrlW8h,JPB602302434
91,"名神Drive","Lo-keyBoi",90,8B,84,2024-06-06,02:40,41,"j-rap","TALENT",2021-06-22,68,9,0,68,0,10,-5,C Major,4,79QzqTeakxmKrzLy3FkETg,TCJPO2195541
92,"『存在』","TENSONG",88,10B,57,2024-06-06,04:03,48,"j-pop","『存在』",2020-12-31,52,6,0,47,0,30,-5,D Major,4,2nzteZ9E7H8r31cS9lM5IS,TCJPN2049246
93,"あのさ","berry meet",80,9B,58,2024-06-06,04:17,35,"","あのさ",2023-02-08,60,5,0,27,0,20,-6,G Major,4,0P9ruIFGIb320SO8HbxBNw,TCJPU2378300
94,"蝶々結び","Aimer",142,9B,50,2024-06-07,05:05,57,"anime, j-pop, j-rock","daydream",2016-09-21,51,40,0,36,0,0,-7,G Major,4,3HxJaKzob7tdcr4qmqfR1d,JPU901601797
95,"Im Coming to meet you","Deok Hwan",140,8B,62,2024-06-07,03:20,44,"k-ballad","Queen In Hyun's Man OST",2013-03-28,47,67,0,54,0,10,-5,C Major,4,2mOZ02Ay7zIn613pTzYqBy,GB-SMU-12-41929
96,"みかんハート","C&K",129,2B,36,2024-06-07,05:36,59,"j-pop","CK AND MORE．．．",2013-11-27,56,59,0,20,0,10,-6,F#/G♭ Major,4,1H9jJvALjdKH3C3Ol0w765,JPPO01347073
97,"祈り花","HIRAIDAI",88,4B,71,2024-06-07,04:23,64,"j-pop","祈り花",2011-10-19,41,20,0,58,0,10,-2,G#/A♭ Major,4,5G24eB35Ucu4A8MPKLNV9B,JPC841101702
98,"YourSong","15MUS",80,4B,74,2024-06-07,04:27,40,"j-rap, j-r&b","MESSAGE",2020-03-18,77,61,1,76,10,10,-7,G#/A♭ Major,4,3a0WnRbyfI5zDyYWw4tkYd,TCJPK2057605
99,"AM2:00drive (feat. ユエ)","KeeP,ユエ",145,3B,43,2024-06-07,02:42,48,"j-rap, ","AM2:00drive (feat. ユエ)",2021-04-17,78,38,0,69,30,10,-14,C♯/D♭ Major,4,2qF1egtNOSgL0Wd6dpEEsC,TCJPO2136217
100,"PULL UP","LANA",158,8A,75,2024-06-07,02:41,51,"j-rap, hip hop","PULL UP",2022-11-30,64,6,0,50,10,10,-5,A Minor,4,7HVA1EkKQi4zNaYwE17Cvo,JPB602204597
101,"One More Time (feat. NØZ)","虎韻,NØZ",150,11A,86,2024-06-07,03:31,55,"j-rap, ","One More Time (feat. NØZ)",2022-11-09,72,3,0,81,0,10,-4,F#/G♭ Minor,1,3ZVlbQ4rjvT65JyV7xrM1r,TCJPT2264235
102,"脳裏","15MUS",80,4A,84,2024-06-07,04:04,38,"j-rap, j-r&b","STAND",2021-04-28,79,67,0,89,10,20,-5,F Minor,4,2v4K0RCsis3J1IltJeW2jC,TCJPO2147667
103,"Promise","HIRAIDAI",154,1B,85,2024-06-07,04:32,58,"j-pop","ALOOOOHANA!!",2014-07-02,56,13,0,68,0,50,-5,B Major,4,3gHafa1e1SYNX5GFS7Mlnb,JPB601402374
104,"Holiday","HIRAIDAI",89,9B,57,2024-06-07,03:15,33,"j-pop","Holiday",2020-10-21,65,39,0,48,10,30,-6,G Major,4,0mOcCHxgDyry2kEjZjh8y4,JPB602003167
105,"Beautiful Journey","HIRAIDAI",124,10B,71,2024-06-07,04:17,45,"j-pop","THE GIFT",2019-07-30,73,30,0,69,0,40,-5,D Major,4,3LPLfXuotB7yfXxK25YC7T,JPB601902114
106,"Girl Like Me","CREAM",97,12B,63,2024-06-07,03:32,50,"j-rap, j-pop, j-r&b","CREAM THE BEST",2017-01-01,84,26,0,65,0,10,-5,E Major,4,2LowULAGQcOzlwh6nCk8Lf,JPB601700048
107,"超ヤバい","t-Ace",102,10B,68,2024-06-07,03:15,52,"j-rap, j-pop","おとな。",2017-11-15,78,33,0,66,0,30,-4,D Major,4,1yBotjNu1ZfOAltQkgIypY,TCJPG1710838
108,"交差点","Banty Foot,EXPRESS",176,10B,85,2024-06-07,04:11,58,"j-rap, dansband, reggae","everyday is a NEW DAY",2018-05-16,55,12,0,57,0,0,-7,D Major,4,4f3aYqK0jPQdEWzRDudfBI,JPH371800090
109,"Life goes on","HIRAIDAI",170,10B,53,2024-06-09,03:51,45,"j-pop","Life Goes On",2021-02-10,70,28,0,72,0,0,-5,D Major,4,5FE8w2BFzViMsr83s9KVRI,JPB602001662
110,"NAO","HY",76,10B,42,2024-06-09,06:06,60,"j-pop","Confidence",2006-04-12,56,49,0,26,0,20,-7,D Major,4,2PeCrMLUayMPZnLZPkJxOJ,JPF700501210
111,"明るい部屋","LEX,LANA",121,8B,75,2024-06-09,02:54,49,"j-rap, hip hop","明るい部屋",2024-04-10,74,10,0,25,0,0,-7,C Major,5,2iIWIiSKpKzuDuxmGt05S1,JPJ902400720
112,"Suicide (feat. Tiji Jojo, Hideyoshi & Jin Dogg) [Remix]","BAD HOP,Tiji Jojo,Hideyoshi,Jin Dogg",144,11B,56,2024-06-09,04:03,60,"j-rap, hip hop","BAD HOP WORLD DELUXE",2020-08-07,65,1,0,31,0,10,-8,A Major,4,32A80R9MrwUYjISO7yphrL,TCJPN2184416
113,"I gotta go (feat. Hiplin, WILYWNKA & kojikoji)","GeG,Hiplin,WILYWNKA,kojikoji",148,5B,57,2024-06-10,05:12,46,"j-rap, j-r&b, j-pop, city pop, japanese indie","I gotta go (feat. Hiplin, WILYWNKA & kojikoji)",2020-03-04,49,64,0,35,0,30,-7,D#/E♭ Major,4,5EBsireOwbvRqFb0md9BDu,TCJPK2059381
114,"Fast","Sugar Goose",99,10B,75,2024-06-10,02:49,0,"j-rap","20Escape",2023-12-15,71,24,0,55,0,10,-7,D Major,4,2DEKS7tp3uIkyWqEBLBPjP,TCJPY2339678
115,"甘えちゃってSorry","AYA A.K.A PANDA",140,4B,59,2024-06-10,03:02,48,"j-rap, j-pop","甘えちゃってSorry",2017-11-01,74,6,0,75,20,0,-8,G#/A♭ Major,4,3wJObP1chwFzb2kTGnNrP8,TCJPG1725069
116,"My self (feat. Memento Mori)","O.A.KLAY,Memento Mori",127,4B,71,2024-06-10,03:52,53,"j-rap, ","My self (feat. Memento Mori)",2023-03-11,75,4,0,52,0,10,-4,G#/A♭ Major,4,63sZPJaGARmjzQ0ywPVPyv,TCJPU2398664
117,"Let Go (feat. 柊人)","CHICO CARLITO,Shootz",81,4B,47,2024-06-10,03:00,48,"j-rap, j-r&b","Grandma's Wish",2023-06-30,65,71,0,40,40,10,-8,G#/A♭ Major,4,4upoXNub9Rh9mXeoq9W1uy,JPP302300376
118,"Hug feat. kojikoji (Fantasy club ver.)","SORANE,kojikoji",92,11B,73,2024-06-10,03:05,47,"j-rap, j-r&b, j-pop, japanese indie","Fantasy club",2019-12-18,79,43,0,53,0,10,-4,A Major,4,5035nfb8l177pkVOPgxhc0,JPVI01904030
119,"見つけちゃったよ","K.E.I",120,6B,62,2024-06-10,02:22,50,"","見つけちゃったよ",2024-03-30,74,35,0,43,0,20,-6,A#/B♭ Major,4,0FOh4r1j92F6NsV7qSCF9Y,TCJPZ2489323
120,"オオカミ","MUKADE,INMAN",100,3B,70,2024-06-10,02:56,53,"j-rap","MILLION",2023-06-30,82,47,0,86,0,0,-8,C♯/D♭ Major,4,4ajwE02C5gvYjFMd1uCTQA,TCJPW2353628
121,"アニメみたい","MUKADE,INMAN",120,3B,49,2024-06-10,02:33,50,"j-rap","アニメみたい",2023-02-20,87,46,0,80,0,10,-13,C♯/D♭ Major,4,0s7PcHxTGv1er4OY8pCcg1,TCJPU2390193
122,"海のリビング","Suzukisuzuki",98,3A,84,2024-06-10,03:41,46,"j-pop","313",2022-12-21,65,9,0,76,0,20,-4,A#/B♭ Minor,4,0I1D4fOSlNL2L7tfPHBpuh,JPPO02102322
123,"Star Song (feat. Lil Durk)","Sally Sossa,Lil Durk",130,8B,65,2024-06-10,03:16,36,"chicago drill, drill","4EVER SOSSA (Deluxe)",2022-09-02,89,23,0,67,10,10,-3,C Major,4,0LfBTbjVbVqUCBnXh7inXi,USLD91730109
124,"There's Nothing Holdin' Me Back","Shawn Mendes",122,10A,81,2024-06-10,03:19,88,"","Illuminate (Deluxe)",2017-04-20,87,38,0,97,0,0,-4,B Minor,4,7JJmb5XwzOO8jgpou264Ml,USUM71702833
125,"Señorita","Shawn Mendes,Camila Cabello",117,8A,55,2024-06-10,03:10,81,"","Shawn Mendes (Deluxe)",2019-06-19,76,4,0,75,0,0,-6,A Minor,4,6v3KW9xbzN5yKLt9YKDYA2,USUM71911283
126,"qr","Worldname",144,3B,55,2024-06-12,03:07,45,"j-rap","qr",2024-06-09,78,14,0,37,0,10,-6,C♯/D♭ Major,4,5V6DyBn1ZNQ8dAUFA1z8sj,TCJPA2469117
127,"純白の花嫁","Zushi San Kyoudai",80,10B,69,2024-06-14,04:40,49,"j-pop","BEST～Thanks for life～",2014-07-23,60,43,0,37,0,10,-5,D Major,4,4gII5gEr6dwADUlzKCgsaM,JPFL01002010
128,"Always Be My Baby","Mariah Carey",79,12B,53,2024-06-15,04:18,75,"christmas","Daydream",1995-10-03,65,46,0,49,0,20,-8,E Major,4,2aBxt229cbLDOvtL7Xbb9x,USSM19501119
129,"8","YUKI",155,10B,74,2024-06-19,03:32,51,"j-rap","8",2023-09-23,71,46,0,31,0,10,-5,D Major,4,19QLrQ6tIdrCqA5bt0kWNn,TCJPW2379342
130,"Highway Driving Car","etsuco",130,5A,81,2024-06-20,03:48,49,"j-r&b","わすれもの",2013-04-17,61,2,0,49,0,10,-3,C Minor,4,6Ob6jrd1XIvFZojMm7xTqP,JPY201304031
131,"Still","Miliyah,Shota Shimizu",87,12B,45,2024-06-20,05:31,46,"j-r&b, j-pop","THE BEST",2014-04-02,33,30,0,13,0,0,-11,E Major,4,5IJi3dOD9HuieUzar0otT8,JPSR01400139
132,"MEMoRIES (feat. MoNa)","Mr.Low-D,Mona",89,2B,69,2024-06-20,05:30,41,"j-rap, j-r&b, ","MEMoRIES (feat. MoNa)",2011-11-09,67,55,0,18,0,10,-8,F#/G♭ Major,4,3zJjdxAtOuv6J9Y0EIYOcR,JPY201103077
133,"Love so sweet","ARASHI",139,8B,85,2024-06-20,04:49,66,"j-pop","Time",2007-07-11,58,10,0,71,0,30,-4,C Major,4,5I6JLJqnZICLvPebTj2YCm,JPQ400600740
134,"Happiness","ARASHI",115,3B,92,2024-06-20,04:18,65,"j-pop","Dream A live",2008-04-23,59,1,0,71,0,0,-3,C♯/D♭ Major,4,5p2NSsBiaKK1CJwM7Rc1Yp,JPQ400700800
135,"One Love","ARASHI",103,6B,94,2024-06-20,04:45,55,"j-pop","5×20 All the BEST!! 1999-2019 (Special Edition)",2021-07-16,55,19,0,69,0,40,-3,A#/B♭ Major,4,2Xhs7Ro74wZ8t3EB0tOkvF,JPQ400800340
136,"Photograph","Ed Sheeran",108,12B,38,2024-06-20,04:18,88,"soft pop","x (Deluxe Edition)",2014-06-21,61,61,0,20,0,10,-10,E Major,4,1HNkqx9Ahdgi1Ixy2xkKkL,GBAHS1400094
137,"未完成","Leo Ieiri",90,9B,72,2024-06-23,04:00,48,"j-pop","未完成",2020-01-29,66,16,0,43,0,30,-4,G Major,4,10mmoWFRBG9mlLekSWYzWT,JPVI01904610
138,"The Lazy Song","Bruno Mars",175,1A,71,2024-06-23,03:09,82,"","Doo-Wops & Hooligans",2010-05-11,79,30,0,96,0,10,-5,G#/A♭ Minor,4,386RUes7n1uM1yfzgeUuwp,USAT21001886
139,"MONEY LOVE RESPECT (feat. Tade Dust)","Yvng Patra,Tade Dust",131,4A,81,2024-06-28,02:44,51,"j-rap, hip hop","20",2023-02-25,84,44,0,90,10,30,-5,F Minor,4,1JUwMkOESeSBEhceyyLnJT,TCJPU2378915
140,"Doja","Central Cee",140,2B,57,2024-06-30,01:37,79,"uk drill, drill, uk grime","Doja",2022-07-21,91,38,0,97,20,40,-7,F#/G♭ Major,4,3LtpKP5abr2qqjunvjlX5i,ZZOPM2237319
141,"Sprinter","Dave,Central Cee",139,3B,68,2024-06-30,03:49,37,"grime, uk grime, uk drill, drill","Sprinter",2023-06-01,92,26,0,71,20,0,-5,C♯/D♭ Major,4,2FDTHlrBguDzQkp7PVj16Q,GBUM72305159
142,"Champions","Kaneee,Kohjiya,Yvng Patra",162,4A,64,2024-06-30,04:37,59,"j-rap, j-r&b, hip hop","Champions",2024-05-01,67,2,0,74,0,10,-7,F Minor,4,07n4Wa9DmDyZyeyoba6dtA,JPJ902401050
143,"Hate Goodbyes","J1rock",142,12A,70,2024-07-05,01:20,38,"j-rap","Hate Goodbyes",2023-12-06,54,18,0,14,0,10,-11,C♯/D♭ Minor,4,7IDOnyHVtaJgyxS5Az3gRT,TCJPY2315654
144,"Seasons","J1rock",82,10A,53,2024-07-05,01:10,43,"j-rap","Seasons",2023-06-19,63,27,0,30,10,10,-10,B Minor,4,39aDJ3buphIA6rgM651eX2,TCJPW2345533
145,"紡ぐ","Tota",154,11A,72,2024-07-08,03:51,58,"j-pop","紡ぐ",2023-02-01,55,19,0,57,0,0,-5,F#/G♭ Minor,4,4nnkvTcw7lpS8w9FKpo7yJ,JPD862201369
146,"君がいない世界","Aine",96,2B,42,2024-07-10,02:23,47,"","Inspiration",2023-09-29,74,67,0,90,0,10,-13,F#/G♭ Major,4,2eVrsTxCy0zRlQ49w7YqPH,TCJPX2356866
147,"double take","Dhruv",109,4B,44,2024-07-10,02:51,73,"","double take",2019-05-24,46,84,0,21,0,20,-11,G#/A♭ Major,4,47isJpIIO8m7BJEhiFhnaf,GBMJG1911043
148,"Y (Please Tell Me Why)","freestyle",80,4A,43,2024-07-10,04:40,62,"k-ballad","Freestyle 3",2004-07-16,71,81,0,63,0,10,-7,F Minor,4,1nk9moKBnrWMsXoHxnaeJd,USA371037152
149,"みんな空の下","ayaka",152,9B,58,2024-07-11,04:56,60,"j-pop","みんな空の下",2009-07-01,51,39,0,48,0,20,-5,G Major,4,5jc5WQlrri3B5MkLByPsuv,JPWP00970361
150,"三日月","ayaka",144,10B,48,2024-07-11,04:39,62,"j-pop","First Message",2006-11-01,50,29,0,41,0,0,-5,D Major,4,5SDVaYU4nfaIV0rNSlWSCa,JPWP00601534
151,"サクラウサギ","Takaya Kawasaki",140,9B,25,2024-07-11,05:18,64,"j-pop","サクラウサギ",2021-01-15,57,81,0,42,0,0,-11,G Major,4,2Abb7PyD7qd4L0fgiZ5c6l,JPWP02000989
152,"君の為のキミノウタ","Takaya Kawasaki",134,11B,30,2024-07-11,05:13,66,"j-pop","I believe in you",2018-03-14,60,81,0,43,0,10,-7,A Major,4,56Cdqx7BdhEsUUMctdORvU,JPWP02100681
153,"Akala Ko Nung Una (feat. Future Thug)","O.C. Dawgs,Future Thug",135,11B,68,2024-07-13,05:01,71,"pinoy hip hop, pinoy r&b, opm, p-pop","Akala Ko Nung Una (feat. Future Thug)",2016-12-16,63,23,0,37,0,10,-4,A Major,4,2aoiMd5FGyG5NfVDdiwjuM,TCACU1674336
154,"Dangerously","Charlie Puth",112,7A,52,2024-07-13,03:19,66,"soft pop","Nine Track Mind",2016-01-29,70,36,0,23,0,20,-8,D Minor,3,3qonjOrhFCfTnaaMruHzxW,USAT21502907
155,"Babalik Sa'yo (from  2 Good 2 Be True )","Moira Dela Torre",158,12A,65,2024-07-13,03:49,4,"opm, p-pop, harana, pinoy indie, kundiman","Babalik Sa'yo (from  2 Good 2 Be True )",2022-07-22,52,17,0,70,0,30,-8,C♯/D♭ Minor,4,2e7iqtA42EPXTtiiAlblC1,QM6N22299513
156,"Marikit Sa Dilim","Juan Caoile,Kyleswish,Jawz",125,1A,46,2024-07-13,03:52,65,"pinoy hip hop, pinoy r&b, opm, p-pop, budots","Marikit Sa Dilim",2024-02-09,83,19,0,85,0,0,-8,G#/A♭ Minor,4,2n0OFvWzkojBD1kVIOeGqe,PHV032412715
157,"Pano","Zack Tabudlo",175,5B,46,2024-07-13,04:14,67,"opm, harana, p-pop, kundiman, pinoy r&b, pinoy indie, parang","Pano",2021-12-06,38,87,1,42,0,10,-7,D#/E♭ Major,3,08MFgEQeVLF37EyZ7jcwLc,PHUM72100441
158,"なんでも言っちゃって","LEX,JP THE WAVY",108,7A,68,2024-07-13,02:26,55,"j-rap, hip hop, j-r&b","LOGIC",2021-09-29,80,3,0,66,0,10,-5,D Minor,4,1ZGBwdBfy7M5XWGo4XoGlf,JPJ902109160
159,"Turn over (feat. 百足)","YUKI,MUKADE",136,11B,94,2024-07-13,03:33,35,"j-rap","Turn over (feat. 百足)",2024-04-26,76,33,0,80,0,30,-4,A Major,4,0uC7qYOPuCLP1YXRdES1ei,TCJPA2421212
160,"The Brave Fxxkin’ Pop","Denpa Girl",186,6A,58,2024-07-13,04:25,26,"j-rap","The Brave Fxxkin’ Pop",2022-09-21,45,7,0,52,10,10,-10,G Minor,4,0kz6DyIOZqMzlfSNy3qXuY,JPI542200025
161,"DNA (feat. Kohjiya & PUNPEE)","BIM,Kohjiya,PUNPEE",80,8B,71,2024-07-17,03:50,55,"j-rap, j-r&b, hip hop","busy",2024-07-17,70,0,0,29,10,0,-6,C Major,4,3J7DuP14w3O0kPLv2R4XKQ,JPU651505870
162,"FEELINGS (REMIX)","3House,GooDee",134,8B,51,2024-07-17,01:59,37,"j-r&b, j-rap","FEELINGS (REMIX)",2024-03-29,81,66,0,38,10,20,-8,C Major,4,7vhzGgSXuE5rmEcl73NR8e,JP92L2420700
163,"嫌々","HALVES",148,1A,89,2024-07-17,03:04,61,"j-pop","嫌々",2024-01-26,58,22,0,87,0,10,-5,G#/A♭ Minor,4,4oqUgyBXtbbJkeppHt8t2D,JPU902400094
164,"放個大招給你看 (OPPO Reno 宣傳曲)","Ryan.B",206,4B,58,2024-07-17,02:58,56,"chinese r&b, c-pop, mandopop, chinese hip hop","放個大招給你看 (OPPO Reno 宣傳曲)",2019-06-26,70,65,0,92,10,0,-5,G#/A♭ Major,4,6LAHkI7op52Y4NoK2PGMlH,TWU711904795
165,"inside you","milet",150,9B,66,2024-07-18,03:42,56,"anime, j-pop, j-rock","eyes",2020-06-03,47,1,0,27,0,0,-4,G Major,4,6dxjfasDAe8v56M308tQdz,JPU902001002
166,"既読無視","ZELE,Lil Yeek",75,2B,78,2024-07-20,03:42,29,"j-rap","Five Films",2023-09-17,59,28,0,41,0,10,-5,F#/G♭ Major,4,3TA960ZH2hEUGzh53ZgZr8,TCJPX2349342
167,"mine (feat. Worldname)","BigSky,Worldname",125,2B,40,2024-07-27,02:03,41,"j-rap","mine (feat. Worldname)",2024-07-12,80,64,0,9,0,10,-16,F#/G♭ Major,4,5uJy7bWQqhpPj7IBOVhB6h,TCJPB2412904
168,"promise (feat. Ellen)","ZZEN,Ellen",92,10B,86,2024-07-27,02:16,42,"j-rap, hollands","promise (feat. Ellen)",2024-07-07,51,31,0,81,10,0,-7,D Major,4,0P0yHOZZadjpQr4w4u7zLi,TCJPA2496018
169,"Like That","YungFLX,Kohjiya,Tade Dust",150,2A,83,2024-07-27,02:14,35,"j-rap, j-r&b, hip hop","Like That",2024-07-26,75,3,0,73,10,40,-6,D#/E♭ Minor,4,1gOJUstp6RPiPolVNj1k4x,JP92L2422600
170,"SWIMGOOD (feat. Lazzy & AURAL)","Kohjiya,Lazzy,AURAL",92,8A,49,2024-07-27,03:33,22,"j-rap, hip hop, ","SWIMGOOD (feat. Lazzy & AURAL)",2020-06-17,85,24,0,11,10,0,-8,A Minor,4,0RzLy8renNuWwdDCixMoeJ,TCJPL2083246
171,"STRAND","JJJ,KEIJU",80,7B,72,2024-07-28,03:32,37,"j-rap, j-r&b, hip hop","STRAND",2020-11-11,67,5,0,78,40,60,-7,F Major,4,36aBuSlduQ8eGJYLJ38mv2,JPJ902012680
172,"If I Can't Have You","Shawn Mendes",124,10B,81,2024-07-29,03:10,67,"","If I Can't Have You",2019-05-03,69,52,0,86,0,10,-4,D Major,4,6LsAAHotRLMOHfCsSfYCsz,USUM71907349
173,"LIFE GOES ON","DO ROCK",92,7B,77,2024-07-30,03:31,43,"reggae, j-rap","BLESSINGS",2017-12-08,48,4,0,87,10,10,-7,F Major,4,0To0Fb26F0GAaDEN6OwTiO,TCJPG1730697
174,"Life Goes On (feat. Bonbero)","Tade Dust,Bonbero",130,11B,63,2024-07-30,02:47,39,"j-rap","Life Goes On (feat. Bonbero)",2022-10-21,84,24,0,57,10,0,-10,A Major,4,65b2RQjIBw4ezbN0ZGmPm9,TCJPT2223888
175,"右手左手","根のシン",75,6B,53,2024-07-31,04:07,44,"","右手左手",2024-07-07,69,55,0,63,0,0,-7,A#/B♭ Major,4,0w8oZ5DWQqYMK9iLDgDHE5,TCJPB2406043
176,"Wifey","Eric.B.Jr",97,8B,67,2024-07-31,03:09,54,"j-rap, hip hop","EASTSIDEBABY",2024-06-30,55,4,0,30,30,10,-7,C Major,4,4DuTQZ6Ea01U5o10Whe2G6,TCJPA2494274
177,"愛の人","Miliyah",128,12B,49,2024-08-03,03:42,45,"j-r&b, j-pop","BLONDE16",2023-04-05,60,70,0,49,0,30,-9,E Major,4,1UYzN5ID4uIAX9R0lgJQxC,JPU902300955
178,"MARIA","Johya",95,2B,78,2024-08-03,01:53,42,"j-rap","Chateau Mellow",2023-01-17,82,39,0,54,0,0,-8,F#/G♭ Major,4,1qcn19G3o5FbCQ4hlwOknV,TCJPU2347446
179,"For Darling","icekun",97,9B,57,2024-08-03,02:32,0,"","For Darling",2024-01-27,80,8,0,67,0,20,-10,G Major,4,0nQDki3krX0Tj5mWyqIQlS,TCJPY2494193
180,"KILL MY LOVE","Miliyah",106,2B,79,2024-08-03,03:24,40,"j-r&b, j-pop","KILL MY LOVE",2022-08-10,77,17,0,86,0,20,-5,F#/G♭ Major,4,31wCHE3Y7fdJ9uFmxiAT8R,JPU902202573
181,"Baby Love","Miliyah",180,8B,75,2024-08-03,04:02,46,"j-r&b, j-pop","TRUE LOVERS",2012-11-21,60,20,0,66,20,10,-5,C Major,4,0szQQVzYIvUZKs32UbxYsV,JPSR01203704
182,"Boyfriend (What Makes Me Fall In Love)","Crystal Kay",61,2B,38,2024-08-03,04:13,49,"j-r&b, j-pop","almost seventeen",2002-00-00,65,72,0,46,0,0,-7,F#/G♭ Major,4,4TyU2iswUk7rSbLD909jfr,JPES00201224
183,"JAPAN HARD BASS","Japan DoGs",155,4A,98,2024-08-10,02:34,35,"","JAPAN HARD BASS",2024-06-03,70,1,0,85,30,10,-4,F Minor,4,6ZPrhjd5MnJeZGjZRqIQpl,TCJPA2462894
184,"SUNSET (feat. IO & Yo-Sea)","Gottz,IO,Yo-Sea",89,8B,70,2024-08-14,02:41,54,"j-rap, j-r&b","AQUA",2021-07-07,73,9,0,77,0,10,-6,C Major,4,5XAasKwKOjFVG7BUkOagLc,TCJPP2101075
185,"就寝御礼","PSYQUI",102,7A,46,2024-08-27,04:28,58,"future bass, j-pop, japanese indie","STYLEY! vol.2",2018-10-28,75,45,0,89,0,0,-6,D Minor,4,4qalTfgOn1uj22GqC1jQXz,GBKQU2006147
186,"ヒステリックナイトガール","PSYQUI,Such",126,10A,63,2024-08-27,05:06,57,"future bass, j-pop, japanese indie, j-dance","STYLEY!",2018-04-30,54,3,0,54,0,40,-5,B Minor,4,1poGez6IaTb1gtJxkXdlb8,GBKQU1951975
187,"星が泳ぐ","Macaroni Empitsu",95,8B,74,2024-08-28,03:59,57,"j-pop","星が泳ぐ",2022-04-15,57,3,0,65,0,30,-5,C Major,4,0MnPdlWm7MSSUnEamZp5lX,JPTF02207601
188,"it’s okay","LANA",93,4B,43,2024-09-01,02:26,53,"j-rap, hip hop","it’s okay",2024-08-21,81,53,0,58,0,20,-3,G#/A♭ Major,4,4CvQEMeuNttVJuoALqN30U,JPB602402772
189,"Soranji","Mrs. GREEN APPLE",156,7B,66,2024-09-01,05:41,65,"j-pop, j-rock, anime","Soranji",2022-10-18,48,6,0,41,0,10,-5,F Major,4,6O4twzzHHIM6mmTqPpJNYE,JPPO02203986
190,"Mela!","Ryokuoushoku Shakai",138,4B,94,2024-09-01,04:02,68,"j-pop, anime, j-rock","Mela!",2020-04-13,62,4,0,62,0,30,-2,G#/A♭ Major,4,6IO5nn84TKArsi3cjpIqaD,JPU902000634
191,"どうでもいい話がしたい","Leina",142,4B,49,2024-09-01,03:21,45,"j-pop","どうでもいい話がしたい",2023-09-06,38,39,0,65,0,20,-8,G#/A♭ Major,4,2XSRtBSiJK1MpJrIGizsBF,QMDA62357259
192,"Flavor Of Life","Hikaru Utada",106,5A,87,2024-09-01,04:53,64,"j-pop, j-r&b, anime","HEART STATION",2008-03-19,59,11,0,50,0,0,-5,C Minor,4,64Ce9XO5NHzgPiKZ71j9Rl,JPPO01806091
193,"部屋","shytaupe",146,5B,57,2024-09-01,04:29,54,"j-pop","マーガリン",2022-06-30,44,5,0,42,0,20,-4,D#/E♭ Major,4,31JDUQzEddXA4hKk0P881n,TCJPW2384098
194,"pink","shytaupe",142,8B,52,2024-09-01,04:24,51,"j-pop","pink",2023-02-13,46,9,0,39,0,0,-4,C Major,4,27JYLXXMJcpqjAOxOBEQwr,TCJPU2378654
195,"私以外私じゃないの","Gesu No Kiwami Otome",136,5A,91,2024-09-01,03:52,58,"japanese indie, j-rock, j-pop","両成敗",2016-01-13,67,9,0,75,0,0,-3,C Minor,4,3iKJWOQJtENE3kFWMXh8JM,JPWP01570248
196,"snow jam","Rin音",172,3B,60,2024-09-01,03:04,51,"j-pop, j-r&b, j-rap, japanese indie","snow jam",2020-02-19,59,18,0,82,20,10,-6,C♯/D♭ Major,4,1SbEt51pN80q1cphFOqIPL,JPS801854339
197,"チューリングラブ feat.Sou","NANAOAKARI,Sou",142,9A,91,2024-09-01,03:40,0,"j-pop, vocaloid, anime, j-rock","チューリングラブ feat.Sou",2020-01-18,63,7,0,84,10,20,-3,E Minor,4,3uFV4RlPBgV1GDiu8JP2ja,JPU901903484
198,"愛の標識","Creep Hyp",116,12B,71,2024-09-01,02:54,56,"j-pop, j-rock","死ぬまで一生愛されてると思ってたよ",2012-04-18,41,9,0,66,0,30,-4,E Major,3,5NlyZg3jQua6UVFlWvJGfh,JPVI01200260
199,"全糖の少女","L1VET..,夜行性春下",128,7B,57,2024-09-01,03:50,0,"","全糖の少女",2020-04-20,69,1,0,84,20,30,-8,F Major,4,0pDTcAK8vIAQ8elNoHdrxC,HKG732152744
200,"夏日晚风","xxxmiracle,Aioz",112,8B,76,2024-09-01,03:12,40,"chinese r&b, chinese hip hop, c-pop, mandopop","夏日晚风",2021-08-13,80,18,0,46,0,30,-6,C Major,4,17feB8mjdjLfPQTo7VurNw,FRX452116610
201,"123我爱你","新乐尘符",90,2B,49,2024-09-01,03:19,54,"c-pop, mandopop, chinese r&b","123我爱你",2017-12-25,78,17,0,62,0,10,-7,F#/G♭ Major,4,0F6nAVTpdghoq4CJDtxI4u,FR2X41962428
202,"热爱105°C的你","A Si",137,6B,61,2024-09-01,03:15,1,"mandopop, chinese indie, c-pop, taiwanese indie, taiwanese pop, chinese r&b","热爱105°C的你",2019-07-04,80,36,0,75,0,0,-6,A#/B♭ Major,4,5RKWxItZvYY9wtKJuy2Hb7,CNZ682100114
203,"真的没喝多","B2S,Koala",162,9B,88,2024-09-01,02:40,0,"chinese hip hop","真的没喝多",2022-04-18,84,18,0,49,20,0,-6,G Major,4,6SkURWTdQinfovANWvGzJg,HKG731788323
204,"一分钟恋人 - 心跳加速版","很美味",95,12B,83,2024-09-01,02:56,28,"chinese r&b, c-pop","一分钟恋人 (心跳加速版)",2022-01-04,76,12,0,24,0,0,-5,E Major,4,3qetN25YyzZ0d49VJvQxh3,HKG731857052
205,"Ring Ring Ring","不是花火呀",98,12A,55,2024-09-01,03:18,41,"","Ring Ring Ring",2021-07-09,89,76,0,68,0,10,-5,C♯/D♭ Minor,4,5IKR4ib0AKduUvAQfroC8D,HKC371622175
206,"分你一半","不是花火呀",75,5B,31,2024-09-01,03:15,0,"c-pop, chinese r&b, mandopop, gufeng","分你一半",2021-04-14,46,87,0,47,0,30,-11,D#/E♭ Major,4,2TrxU6plKKqZptUrPuS9kW,HKG732133154
207,"TA","不是花火呀",75,12A,50,2024-09-01,03:55,52,"c-pop, chinese r&b, mandopop, gufeng","TA",2021-02-02,73,59,0,31,20,10,-8,C♯/D♭ Minor,4,3SEpoQd1OutcbIfiZQ05PK,HKG732102059
208,"如一","不是花火呀、小田音樂社",130,8B,55,2024-09-01,04:11,0,"","如一",2021-02-22,63,88,0,32,0,30,-7,C Major,4,53YE3wjlxmUpCobp2MsmXA,TWDL72100470
209,"陨落","不是花火呀",130,7B,43,2024-09-01,03:30,43,"c-pop, chinese r&b, mandopop, gufeng","陨落",2020-10-11,65,74,0,22,0,10,-7,F Major,4,20qd6YeKqJp8C2wE2UGbzr,FRS182040510
210,"Butterfly","Nick.Y,A1Trip",184,7B,48,2024-09-01,02:16,48,"chinese r&b, chinese hip hop, c-pop, mandopop","Butterfly",2021-00-00,81,33,0,84,20,10,-7,F Major,4,68QbnwOKwxEOLo8n6XaR3S,HKG732136503
211,"UCHIDA 1","GINTA,ODAKEi",142,10A,95,2024-09-01,03:01,48,"","UCHIDA 1",2024-07-01,72,1,0,87,0,0,-3,B Minor,4,3miXAd6eYXl0jMHsEkrPvh,TCJPA2495838
212,"大ちゃん","ちゃんぴおんず",155,11A,88,2024-09-01,02:22,24,"","大ちゃん",2024-03-04,64,0,1,60,0,0,-5,F#/G♭ Minor,4,4XZWE3Wwis8Sml6kV216Xy,JPB722400130
213,"愛とU","Mega Shinnosuke",154,8B,71,2024-09-01,03:22,15,"japanese indie, j-pop, j-rock","愛とU",2024-06-19,79,1,0,78,0,0,-4,C Major,4,5fMsvYISKdM1pSSog4zfFJ,JPJ222403152
214,"ネオンサイン","Яu-a",139,1B,61,2024-09-01,02:06,0,"","ネオンサイン",2024-01-06,82,5,0,89,0,10,-6,B Major,4,0UzO2vBzIa47IZO0V2nCNN,TCJPY2474865
215,"Benz i Lauren","week dudus",120,10B,68,2024-09-02,02:22,37,"j-rap","XD (SIDE-D)",2019-12-30,97,9,1,56,20,10,-6,D Major,4,6sBD9rHE6z979sxuL8JNc2,TCJPK1903609
216,"左利きのBenz","IO",145,3A,67,2024-09-02,02:06,48,"j-rap, j-r&b","four",2023-11-24,68,31,0,65,0,10,-7,A#/B♭ Minor,4,6anFKyFEPUShDAIwJHQ5wq,JPPO02302807
217,"Don't Leave","Tom Frane,RJ Pasin",150,12B,76,2024-09-03,03:01,55,"phonk","Don't Leave",2024-02-29,65,43,0,47,0,10,-7,E Major,4,24S2WSZEcOUM4XGCBFTrBm,QZES52438873
218,"Super Bass","Nicki Minaj",127,1B,86,2024-09-08,03:20,80,"","Pink Friday (Complete Edition)",2010-11-22,72,27,0,67,20,60,-4,B Major,4,3hlksXnvbKogFdPbpO9vel,USCM51000734
219,"Jersey Club Z Wap (Nobody's Better)","Kyle Edwards,DJ Smallz 732",140,4B,69,2024-09-08,02:17,0,"jersey club, baltimore club, philly club","Jersey Club Z Wap (Nobody's Better)",2017-03-26,83,2,0,72,30,10,-6,G#/A♭ Major,4,529XAviGtpxMBVPGVuoRgU,USDHM1706724
220,"ミスター・ブルースカイ","Macaroni Empitsu",118,5B,85,2024-09-11,03:53,68,"j-pop","CHOSYOKU",2017-12-07,39,7,0,54,0,0,-3,D#/E♭ Major,3,6glcoO077gTGhgdVI9X5wA,JPZ921711639
221,"恋人ごっこ","Macaroni Empitsu",102,3B,65,2024-09-11,03:20,70,"j-pop","hope",2020-04-01,44,12,0,75,0,0,-5,C♯/D♭ Major,4,2SihT7AVMiI2VtaAyVIcnO,JPB602051826
222,"よるのあと","adieu",144,2B,37,2024-09-14,04:51,59,"j-pop","adieu 1",2019-11-27,67,52,0,43,0,10,-8,F#/G♭ Major,4,0Ww9CZicnZs8gscWdMiE7p,JPU901902830
223,"baby tell me","YUKI",137,12B,84,2024-09-14,03:49,46,"j-rap","baby tell me",2024-09-13,70,36,0,65,0,10,-3,E Major,4,4j9S9j4XKPHruHtB86FvZ6,TCJPB2486005
224,"Last Lover","SIRUP",172,8B,60,2024-09-16,04:35,38,"j-r&b, japanese indie, j-rap, j-pop, city pop","SIRUP EP",2017-11-01,61,26,0,50,0,0,-6,C Major,4,7uX0rRPkqxvFkiHYf8DbTt,JPZ921710997
225,"Loved one (feat. KOTA & Nozomi Kitay)","USU,KOTA,Nozomi Kitay",157,3B,73,2024-09-16,03:27,39,"j-r&b, j-rap, j-pop","Spend It All",2024-06-22,44,4,0,39,20,10,-5,C♯/D♭ Major,4,5gXowwU8UwPF5pfn21N0Nx,TCJPA2485743
226,"tokyo (feat. 鈴木真海子, Skaai)","yonawo,Skaai,Mamiko Suzuki",63,6B,28,2024-09-17,05:03,45,"j-r&b, japanese indie, j-rap","tokyo (feat. 鈴木真海子, Skaai)",2022-07-27,55,86,0,66,30,10,-10,A#/B♭ Major,4,3tL2fCJDegsWrsCZEZTf82,JPWP02201189
227,"flower (feat. Worldname)","ZZEN,Worldname",85,6B,64,2024-09-18,03:04,54,"j-rap","flower (feat. Worldname)",2024-07-01,70,35,0,24,0,10,-8,A#/B♭ Major,4,52b0rTwjWl8dF5o4GWWlXG,TCJPA2474129
228,"Get Back (feat. JUMADIBA & Watson)","Ralph,JUMADIBA,Watson",140,10A,79,2024-09-19,03:27,55,"j-rap, hip hop","Get Back (feat. JUMADIBA & Watson)",2023-04-05,83,37,0,94,10,0,-7,B Minor,4,2L4TksDkTcAfZXGNjpdQqG,TCJPV2308749
229,"Unrequited Love","GamoBaby",144,1B,41,2024-09-19,02:07,0,"","Unrequited Love",2022-12-22,50,82,0,44,0,10,-9,B Major,4,4e1c7GaQZAVV6LYOoCFO9E,QZTB92268567
230,"君のまま - Star Remix","Starceed",124,9B,87,2024-09-19,03:00,46,"j-r&b, j-rap","君のまま (Star Remix)",2024-08-17,79,43,0,55,10,40,-3,G Major,4,2Gln6UtC5Oh4yBsMKvEoQq,TCJPB2441511
231,"Big Desire (feat. DADA)","Eric.B.Jr,DADA",156,3B,72,2024-09-19,03:19,40,"j-rap, hip hop","EASTSIDEBABY",2024-06-30,69,6,0,19,0,20,-4,C♯/D♭ Major,4,72Dqjm7W4EgQhYvj3XRnyf,TCJPA2494280
232,"最後から二番目の恋歌2017","Shinnosuke",95,9B,72,2024-09-20,04:18,32,"j-rap, j-pop","太陽と空",2017-05-02,73,28,0,57,0,0,-6,G Major,4,31Gb6X0nSnUF0R5HNT4oby,TCJPF1757166
233,"Too Bad Day But... (feat. AKLO & KEIJU) - Remix","Kvi Baba,AKLO,KEIJU",95,4B,69,2024-09-20,03:27,44,"j-rap, j-r&b, hip hop","Too Bad Day But... (feat. AKLO & KEIJU) [Remix]",2021-10-06,80,51,0,74,0,20,-7,G#/A♭ Major,4,6yvUos4nGm0sdAMOaAlWoC,JPTF02125901
234,"to you...","武井勇輝",162,2B,83,2024-09-20,04:02,39,"j-rap","I'M HOME",2016-01-29,67,10,0,71,20,0,-5,F#/G♭ Major,4,3o5WMyudi9qr2zqNmICHPs,TCJPD1670765
235,"My Little Rose","HIRAIDAI",82,4B,40,2024-09-21,03:14,47,"j-pop","My Little Rose",2022-09-12,70,81,0,64,0,20,-6,G#/A♭ Major,4,6yPulkXv04f0p5WNR4xtSu,JPB602203714
236,"いつか","Shonan No Kaze",92,2B,71,2024-09-21,05:54,45,"j-pop","湘南乃風 〜2023〜",2013-03-06,64,13,0,41,0,10,-6,F#/G♭ Major,4,7vcJUXkyO6uJOupmC0eOXF,JPTF01301304
237,"Romeo+Juliet -Love goes on-","HIRAIDAI",84,5B,61,2024-09-21,03:11,50,"j-pop","Life Goes On",2021-02-10,61,7,0,67,10,40,-6,D#/E♭ Major,4,3wYzd4dzWknPdgwNaPGQvg,JPB602100498
238,"幸せって。","Crystal Kay",90,4B,88,2024-09-21,04:22,50,"j-r&b, j-pop","幸せって。",2018-04-19,54,6,0,75,0,10,-3,G#/A♭ Major,4,0C73gqBA0o4Iq9OHUaPCwI,JPPO01801323
239,"カタコト","sloppy dim",135,12B,63,2024-09-21,02:38,47,"j-rap, j-pop","カタコト",2020-09-24,86,59,0,91,0,10,-7,E Major,4,3ck6DbwKM4maTik8s7j3s4,TCJPM2057399
240,"SUPER HERO","Lil KING",100,3B,65,2024-09-21,03:38,46,"j-rap","SUPER HERO",2020-02-07,72,74,67,44,0,10,-8,C♯/D♭ Major,4,0yFCR3aduuHyZ9G6m87NZb,TCJPK2044484
241,"Only you","Sugar Goose",150,10B,42,2024-09-21,03:24,0,"j-rap","Only you",2023-05-31,77,79,0,66,10,20,-11,D Major,4,4Yig1ylMjTJ1clAKFhw7yE,TCJPW2324309
242,"PLAYBOY - Remix","CREAM,t-Ace",99,6B,61,2024-09-21,03:20,47,"j-rap, j-pop, j-r&b","PLAYBOY (Remix)",2018-12-14,82,3,0,68,0,0,-5,A#/B♭ Major,4,4f8DORctqpUR8VcZP3YpM7,JPB601803474
243,"first love","CREAM",97,10B,50,2024-09-21,03:03,44,"j-rap, j-pop, j-r&b","Sounds Good",2018-09-19,77,29,0,26,10,10,-8,D Major,4,1ypQCh9lOuZ1osc9WSeXmo,JPB601801976
244,"Tattoo","CREAM",100,6B,63,2024-09-21,03:16,47,"j-rap, j-pop, j-r&b","Tattoo",2021-10-01,80,55,0,74,0,0,-6,A#/B♭ Major,4,0tiE3GaeqfcbwTmxAgZR9g,TCJPP2188504
245,"Milk & Honey","CREAM",97,2B,84,2024-09-21,03:16,43,"j-rap, j-pop, j-r&b","CHANGE",2016-02-03,72,5,0,86,0,10,-3,F#/G♭ Major,4,4fcxUHfeFHiCAAhNWWB5Rw,JPB601600499
246,"vision","MarsBoy",143,4A,53,2024-09-24,00:48,26,"j-rap","vision",2024-06-12,75,87,4,21,0,0,-10,F Minor,4,2k0cRvADECG7QRrbBVttwh,TCJPA2474958
247,"あなた","Hikaru Utada",88,4B,69,2024-09-30,04:38,40,"j-pop, j-r&b, anime","SCIENCE FICTION",2024-04-10,33,47,0,79,0,10,-7,G#/A♭ Major,4,5AtveRHP0LXAqNBy5XV8p9,JPU901702783
248,"初恋","Hikaru Utada",92,9B,30,2024-09-30,04:42,37,"j-pop, j-r&b, anime","SCIENCE FICTION",2024-04-10,44,78,0,45,0,10,-10,G Major,4,6SsALp9lFDFKpJD4iuomp7,JPU902400838
249,"Money Baby (feat. Awich)","KEIJU,Awich",184,9B,57,2024-10-02,03:00,53,"j-rap, hip hop, j-r&b","Money Baby (feat. Awich)",2024-10-02,71,30,0,87,10,0,-4,G Major,4,1TKmCpLf269seZfKoNP8xu,TCJPB2489607
250,"Cool running (feat. Tohji, gummyboy & SEEDA)","Mall Boyz,Tohji,gummyboy,SEEDA",101,12B,87,2024-10-04,02:14,46,"j-rap","Mall Tape",2018-12-26,65,49,0,77,0,30,-5,E Major,4,4112SzzQa95sEk2zDOMISV,TCJPI1832185
251,"Don′t do That","Leellamarz,TOIL",132,6B,65,2024-10-05,02:15,60,"k-rap, k-ballad","TOYSTORY3",2022-05-20,88,35,0,97,0,0,-6,A#/B♭ Major,4,5OiD0uUNxZkSyG3opReDlx,KRE132200040
252,"KOKO NI ARU","D-Hack",148,10A,82,2024-10-05,03:19,44,"k-rap, k-ballad","D-diary",2020-01-24,74,73,0,85,10,50,-3,B Minor,4,6uw5oBBkmhWdd6tGYfabXT,QZEKE1927800
253,"STUPID LOVE / Payphone","Maktivity",140,12B,65,2024-10-07,02:12,0,"","STUPID LOVE / Payphone",2024-08-20,78,28,4,44,0,10,-9,E Major,4,2xwUbItsOORl4DUmirupgd,QZTB82401559
254,"Stupid","Lil Yeek,ILL Fine",150,8B,76,2024-10-07,03:20,27,"j-rap","Japan",2024-05-11,66,13,0,73,0,10,-6,C Major,4,3NJxc8mZATpTjWacZFnkb2,TCJPA2438385
255,"Like 1999","Valley",98,9B,38,2024-10-07,02:24,60,"","Last Birthday",2021-10-01,73,13,0,52,0,10,-8,G Major,4,25gacl0dFF9HTclx7Ug7xC,CAUM72100015
256,"Peaches Moombah Flip","Swattrex,YOUNG AND BROKE",81,6A,55,2024-10-07,03:24,0,"lo-fi, ","Peaches Moombah Flip",2022-12-21,64,11,0,24,0,10,-9,G Minor,4,59CUAsTu9hFiwj2UDAwfvv,GBLFP2248826
257,"Crystal Snow","TERRY,ERIKA",174,8B,62,2024-10-07,04:27,39,"j-rap","FREE WAY",2011-01-01,58,42,0,58,10,30,-8,C Major,4,0U6NuXZrqfsnP3QcabGSG5,JPPO01131540
258,"Without you","Yo-Sea",122,4B,51,2024-10-07,03:11,33,"j-r&b, j-rap","Without you",2022-03-30,87,52,0,34,0,10,-6,G#/A♭ Major,4,3Lfe4q5gi2l8iGN6gNCOw6,TCJPR2236480
259,"存在","けーたと黒川。",147,6B,43,2024-10-07,06:00,44,"","存在",2021-09-09,43,38,0,51,0,0,-9,A#/B♭ Major,4,6Bu518mcsM7INvoQXDaDma,TCJPP2173520
260,"Melting","Nozomi Kitay",172,2B,28,2024-10-07,02:15,23,"j-r&b, j-rap, j-pop","Melting",2023-04-19,42,74,0,51,20,20,-13,F#/G♭ Major,3,4U7FttxU315vADgEVrfkqT,TCJPV2343764
261,"Locker (feat. G-k.i.d, Tiji Jojo & YZERR)","BAD HOP,G-k.i.d,Tiji Jojo,YZERR",146,1B,67,2024-10-07,04:11,44,"j-rap, hip hop","BAD HOP",2024-02-09,63,9,0,40,20,10,-6,B Major,4,00fKBzsoA37ycAjvQxVKpY,JPWP02400158
262,"Baby (feat. 2Marley & Lil KING)","West Homi Recordz,Caio Maeda,2Marley,Lil King",136,12A,58,2024-10-07,04:06,45,"j-rap, chicago drill","West Homi & Friends",2023-08-03,67,39,0,53,0,10,-7,C♯/D♭ Minor,4,7rgh1ODJv9AFataoYBjAQv,TCJPW2389369
263,"Love Letters","TyJy",128,8B,46,2024-10-07,03:09,22,"","Love Letters",2024-05-14,66,8,0,22,30,10,-13,C Major,5,5jFFGudQ275brvBvT5xl39,QZMEM2471454
264,"Yap Yap (feat. Elle Teresa)","Deech,Lil’Yukichi,Elle Teresa",98,3B,84,2024-10-07,02:27,43,"j-rap, j-r&b","Deech Got Yukichi 2",2023-12-22,87,1,0,59,0,0,-5,C♯/D♭ Major,4,7usqIQpFAuz2KFqI3x4CRl,TCJPY2327143
265,"君と地球で","Hayato Yoshida",161,4B,73,2024-10-09,03:10,56,"j-rap","ボク",2023-04-27,61,13,0,42,0,10,-7,G#/A♭ Major,4,031MxzOBveI0CrxV48ZHDm,TCJPV2355722
266,"Peaches (feat. Daniel Caesar & Giveon)","Justin Bieber,Daniel Caesar,GIVĒON",90,8B,70,2024-10-09,03:18,86,"r&b","Justice",2021-03-19,68,32,0,46,10,40,-6,C Major,4,4iJyoBOLtHqaGxP12qzhQI,USUM72102636
267,"Ocean Eyes - Blackbear Remix","Billie Eilish,blackbear",145,9A,42,2024-10-09,03:15,64,"","Ocean Eyes (The Remixes)",2017-01-13,66,11,0,14,0,0,-10,E Minor,4,4JuZQeSRYJfLCqBgBIxxrR,TCACL1611534
268,"Closer - Tokyo Remix","The Chainsmokers,Mackenyu Arata",95,4B,54,2024-10-09,04:06,32,"j-pop","Closer (Tokyo Remix)",2020-02-06,72,31,0,64,0,10,-5,G#/A♭ Major,4,5zYVPAQey14E2Dqw2vrBhU,USQX91904180
269,"ハッピーエンドへの期待は","Macaroni Empitsu",148,12B,80,2024-10-11,03:32,55,"j-pop","ハッピーエンドへの期待は",2021-12-22,39,3,0,50,10,20,-4,E Major,4,7LwC5DmwJmbkdWV7ekpx8i,JPTF02132201
270,"HATE ME","LANA",94,10B,28,2024-10-11,02:05,43,"j-rap, hip hop","HATE ME",2024-10-09,81,76,0,53,0,10,-7,D Major,4,7uulcfumoIFjQG4AvWLOkM,JPB602403356
271,"What Is Love","Seo Hyun Jin,Yu Seung Woo",99,9B,74,2024-10-11,03:33,47,"k-ballad","Another Miss Oh, Pt. 3 (Original Television Soundtrack)",2016-05-17,73,43,0,54,0,10,-4,G Major,4,7DvK5WiY7UjwOnDg69XMEn,KRA491600330
272,"真夏の果実","ayaka",93,10B,49,2024-10-11,04:53,45,"j-pop","遊音倶楽部 〜1st grade〜",2013-09-04,44,53,0,37,0,30,-7,D Major,1,6aJsdU0YaFe8cOElTqzZiG,JPB601303764
273,"決意の朝に","Aqua Timez",168,11B,61,2024-10-12,05:02,0,"anime, j-rock, j-pop","風をあつめて",2006-12-06,44,32,0,40,0,20,-5,A Major,4,1Og9KjObwErS46X2VJfpAs,JPES00601221
274,"千の夜をこえて","Aqua Timez",176,3B,84,2024-10-12,04:51,54,"anime, j-rock, j-pop","風をあつめて",2007-01-10,43,3,0,52,0,10,-2,C♯/D♭ Major,4,7IQD72qSPPBU2a21kp9fTT,JPES00602341
275,"虹","Aqua Timez",128,6B,98,2024-10-12,05:39,58,"anime, j-rock, j-pop","うたい去りし花",2009-03-11,60,0,0,88,0,30,-4,A#/B♭ Major,4,4xSh6jogaOSkWjASpxFSdp,JPES00800561
276,"ALONES","Aqua Timez",186,8A,96,2024-10-12,04:19,59,"anime, j-rock, j-pop","10th Anniversary Best BLUE",2015-08-25,39,0,0,52,10,30,-4,A Minor,4,59COuEJRBxGGGCo6BIQ2lL,JPES00902222
277,"等身大のラブソング","Aqua Timez",152,6B,71,2024-10-12,04:40,51,"anime, j-rock, j-pop","10th Anniversary Best RED",2015-08-25,65,42,0,87,0,0,-4,A#/B♭ Major,4,25QlLucJw61sa2EJcMaqAD,JPES00902224
278,"Baby I","Ariana Grande",102,3B,80,2024-10-12,03:17,49,"pop","Yours Truly",2014-01-01,72,2,0,54,0,30,-4,C♯/D♭ Major,4,4TQYyBORpYzICpQtzINUbg,USUM71309591
279,"Daydreamin'","Ariana Grande",114,9B,65,2024-10-12,03:31,43,"pop","Yours Truly",2014-01-01,68,23,0,32,0,50,-6,G Major,3,1BGryc31aCHZhdcudbsTtx,USUM71310266
280,"thank u, next","Ariana Grande",107,3B,65,2024-10-12,03:27,84,"pop","thank u, next",2019-02-08,72,23,0,41,0,10,-6,C♯/D♭ Major,4,3e9HZxeyfWwjeyPAMmWSSQ,USUM71819361
281,"boyfriend (with Social House)","Ariana Grande,Social House",190,3A,80,2024-10-12,03:06,81,"pop, ","boyfriend",2019-08-02,40,12,0,70,40,10,-4,A#/B♭ Minor,4,0Ryd8975WihbObpp5cPW1t,USUG11902591
282,"Day N Night (feat. G-k.i.d, guca owl & KEIJU)","BAD HOP,G-k.i.d,guca owl,KEIJU",96,5A,73,2024-10-13,03:31,51,"j-rap, hip hop, j-r&b","BAD HOP (Deluxe Edition)",2024-02-09,75,5,0,37,0,10,-7,C Minor,4,2QwyWJbZSu8oTB7kbSwhK2,JPWP02400204
283,"Ocean View (feat. YZERR, Yellow Pato, Bark & T-Pablow)","BAD HOP,YZERR,Yellow Pato,Bark,T-Pablow",138,1B,78,2024-10-13,04:16,59,"j-rap, hip hop","BAD HOP FOREVER (ALL TIME BEST)",2024-05-29,67,4,0,60,0,20,-4,B Major,4,24x0JZvTFAglpExwEbjRgz,JPY201706837
284,"Friends, Family & God (feat. G-k.i.d & KEIJU)","Kvi Baba,G-k.i.d,KEIJU",186,3B,79,2024-10-13,03:50,60,"j-rap, hip hop, j-r&b","Friends, Family & God (feat. G-k.i.d & KEIJU)",2024-08-07,61,1,0,66,0,20,-3,C♯/D♭ Major,4,2ot7Di8yxbJ01vGdJmdQ4L,JPTF02421901
285,"Touch My Body","Mariah Carey",79,9A,67,2024-10-14,03:24,75,"christmas","E=MC2 (Deluxe Version)",2008-04-04,71,10,0,84,0,20,-8,E Minor,4,2aEuXA1KswHlCGPOuPmCOW,USUM70809417
286,"ミニマリスト","idom,Kvi Baba",86,7B,77,2024-10-14,03:34,46,"j-r&b, j-rap, j-pop","Who?",2023-10-06,74,14,0,78,0,10,-5,F Major,4,4RzrqzBNXzyXYrbFFJDQSS,JPU902304092
287,"Canvas","Kaneee,STUTS",120,12A,87,2024-10-14,03:05,57,"j-rap, j-r&b, hip hop","Canvas",2023-05-28,63,20,0,30,0,40,-3,C♯/D♭ Minor,5,1HasPp7AYTmRj9lHHfO3AT,JPJ902302120
288,"111","thủy",88,10B,52,2024-10-14,02:54,42,"","111",2021-01-11,56,61,0,58,0,0,-7,D Major,4,70iF6ViuLhMkhBXHqYO7qP,QZFYW2185362
289,"Like I Want You","GIVĒON",120,3A,35,2024-10-14,04:20,57,"r&b","Like I Want You",2019-11-21,69,76,0,46,0,10,-8,A#/B♭ Minor,3,1Gv8NYJeqQNXXrYQ1c1r4e,USSM11914370
290,"universe","thủy",80,1B,45,2024-10-14,03:06,51,"","universe",2021-04-19,64,14,0,7,0,10,-8,B Major,4,6gSBiIezn6yKhCVhBUOSwB,QZLBC2100085
291,"Lie With Me","J.Tajor",143,10A,49,2024-10-14,02:57,49,"","Lie With Me",2022-07-08,78,70,0,81,0,10,-7,B Minor,4,6Y6h80Y0CoUBXm3WeFWBgh,TCAGG2267538
292,"Payphone","Maroon 5,Wiz Khalifa",110,12B,75,2024-10-14,03:51,87,"pop, ","Overexposed Track By Track",2012-01-01,74,2,0,55,0,20,-5,E Major,4,1XGmzt0PVuFgQYYnV2It7A,USUM71203347
293,"Payphone","fenekot",94,12B,41,2024-10-14,01:55,38,"","Payphone",2021-08-04,57,93,0,8,0,10,-10,E Major,4,7uUsNXHWxsty9Si6emHIz4,TCAFR2163233
294,"tonight","demxntia",170,7B,63,2024-10-14,01:24,55,"vietnamese lo-fi, emo rap","goodnight",2018-06-02,72,26,56,40,0,10,-7,F Major,4,0OrwGH9aeguhopTVubv0VZ,QZDA41834984
295,"Rebel","Zum,Shenseea",102,7B,75,2024-10-18,02:15,59,"dancehall, soca, ","Liquid Sunshine Riddim",2020-09-11,80,59,0,86,10,30,-5,F Major,4,36t9rgshEge4LCzhHKioFQ,JMA272009958
296,"夢物語","MUKADE,INMAN",90,3B,77,2024-10-19,02:55,38,"j-rap","Episode III",2021-08-01,74,38,0,51,0,20,-3,C♯/D♭ Major,4,1ukOCvgRVxTK3NJPIH1Z3T,TCJPP2131550
297,"NINOKUNI","OZworld,tubakiii",130,8A,83,2024-10-19,04:17,54,"j-rap, hip hop","OZWORLD",2019-06-09,75,24,0,82,0,0,-4,A Minor,4,4cszUCYBMe3KiyewKfU96B,JPX601900013
298,"Higher (feat. Tohji, gummyboy)","Mall Boyz,Tohji,gummyboy",142,6B,89,2024-10-19,03:04,51,"j-rap","Mall Tape",2018-12-26,53,21,0,53,0,30,-4,A#/B♭ Major,4,5HkpiHbmgH87yJwIGlS6ye,TCJPI1831805
299,"少年","SOUTH BLUE",184,9B,70,2024-10-19,03:03,46,"j-rap, j-pop, j-r&b","S",2022-02-14,59,77,0,85,0,10,-6,G Major,4,5m0f8vdqvEElUgJRXnOxqy,TCJPQ2293492
300,"一人じゃない","MUKADE,INMAN",152,4B,90,2024-10-19,02:56,47,"j-rap","Episode III",2021-08-01,69,13,0,69,10,10,-3,G#/A♭ Major,4,32nBb6Th1FmQJJhLBQ1wqA,TCJPP2131619
301,"Heaven's Drive","(sic)boy,KM,vividboooy",133,6B,62,2024-10-19,03:34,51,"j-rap, j-pop, j-r&b","CHAOS TAPE",2020-10-28,43,9,0,50,0,20,-5,A#/B♭ Major,5,4vUvtcTa96RiDyCqyG7wrf,JPT592010239
302,"LONELY NIGHTS","tofubeats",134,10A,70,2024-10-19,03:56,53,"j-rap, city pop, j-r&b, japanese indie","FANTASY CLUB",2017-05-23,87,36,0,88,0,0,-7,B Minor,4,40It4gOs70ssV0IFMRuul1,JPWP01770497
303,"Meeting location","bear",85,5B,54,2024-10-24,03:51,41,"","Meeting location",2024-05-12,66,93,0,62,0,20,-7,D#/E♭ Major,4,6wmFH4tDSbR5L6XUiH54uN,TCJPA2438966
304,"stamp","Water",88,5B,85,2024-10-24,03:09,32,"","stamp",2023-10-19,63,72,0,36,0,10,-4,D#/E♭ Major,4,3nXNS0dwEtWL8TivzUwajG,TCJPX2376516
305,"PEACE","CraNe",92,9B,78,2024-10-24,04:10,19,"j-r&b, j-rap","OLD GATE",2022-05-13,70,57,0,80,0,20,-5,G Major,4,6cXB3ybXeWAjw69OFk7tXC,TCJPR2281709
306,"願い〜あの頃のキミへ〜","MIREI",169,10B,64,2024-10-25,05:39,48,"j-r&b, j-pop","願い〜あの頃のキミへ〜",2017-07-03,53,34,0,28,0,30,-5,D Major,4,1PorbjbOLFQDlKIWeCjOr0,JPU901701916
307,"チャンカパーナ","NEWS",130,8B,97,2024-10-26,04:20,58,"j-pop","チャンカパーナ",2012-07-18,55,3,0,68,0,30,-2,C Major,4,7Eh12O6cdN02uLHGDqQGMC,JPJE01200520
308,"HOME","Shota Shimizu",80,8B,61,2024-10-27,05:52,55,"j-pop, j-r&b","Umbrella",2008-11-26,60,1,0,60,0,0,-4,C Major,4,3zQtfqcTwgaz8zV4HJak7m,JPSR00704103
309,"ONLY FOR U","Woody",142,4B,64,2024-11-04,03:16,50,"j-r&b, j-rap","inside heart：LOVE",2024-07-25,66,48,0,60,0,0,-7,G#/A♭ Major,4,7uTLZcZjfN7gMD84L1Y8NZ,TCJPB2426685
310,"White Tears","J-MAPPY",136,2B,51,2024-11-04,03:39,21,"","White Tears",2024-08-10,75,75,0,45,0,10,-9,F#/G♭ Major,4,2Stg3qZtQoUEfAm14x2BM3,TCJPB2447768
311,"Lonely Child (feat. G-k.i.d)","BAD HOP,G-k.i.d",168,8B,59,2024-11-08,02:52,44,"j-rap, hip hop","BAD HOP (BHG Edition)",2024-02-09,61,17,0,45,10,10,-5,C Major,4,5p267NXFoTkGlsGFqkpA4f,JPWP02400173
312,"DIFFICULT","guca owl",90,10A,67,2024-11-08,03:40,58,"j-rap, hip hop","ROBIN HOOD STREET",2023-04-07,70,41,0,53,0,10,-6,B Minor,4,6RbrF27Pe3oHVt0tC7cIwD,TCJPS2298842
313,"最大公約数","RADWIMPS",136,5B,81,2024-11-09,04:34,62,"anime, j-pop, j-rock","RADWIMPS 3 ～無人島に持っていき忘れた一枚～",2006-02-15,57,1,0,66,0,0,-4,D#/E♭ Major,4,6B6PeBESFdk0OjBmGDllYI,JPTO00502963
314,"us","milet",124,2B,78,2024-11-09,04:15,60,"anime, j-pop, j-rock","eyes",2020-06-03,57,4,0,17,0,0,-4,F#/G♭ Major,4,0s96Y4iLjNgEJBjlEZLBNu,JPU902001010
315,"CBD (feat. Red Eye & D.O) - Remix","KOHH,Red Eye,D.O,U-LEE",128,3B,31,2024-11-09,05:00,36,"j-rap, hip hop, ","CBD (feat. Red Eye & D.O) [Remix]",2021-08-20,94,8,0,64,40,0,-11,C♯/D♭ Major,4,0HFQwfGJ9KbljozBCQbDYK,TCJPS2225304
316,"昇天Time (feat. Bar Yahman)","Japan DoGs,Bar Yahman",132,1A,94,2024-11-09,03:20,37,"","昇天Time (feat. Bar Yahman)",2024-04-23,69,2,0,73,30,10,-7,G#/A♭ Minor,4,0skxjT7giPbElQ1twAtXUy,TCJPY2478861
317,"たった一人の君","Dani.",140,1B,45,2024-11-12,03:48,49,"","運命って。",2024-11-11,70,27,0,58,0,10,-12,B Major,4,3xnYSGGUuy2re10QqH251T,QZWFS2486016
318,"Yahman Hard Bass (feat. Blacky Taiki & 崖の上のオニョ)","Bar Yahman,Blacky Taiki,崖の上のオニョ",155,8B,83,2024-11-12,02:31,39,"","Yahman Hard Bass (feat. Blacky Taiki & 崖の上のオニョ)",2022-03-25,75,4,0,67,10,0,-7,C Major,4,0jCIwR1vPPqdsUp7d8xvTl,TCJPR2245952
319,"また逢う日まで","HIRAIDAI",78,1B,47,2024-11-12,04:15,66,"j-pop","Slow & Easy",2015-05-06,47,78,0,38,0,10,-6,B Major,4,3awymLmIrvn9lkJeFpmRSf,JPB601500969
320,"Slow & Easy","HIRAIDAI",78,8B,81,2024-11-12,03:35,63,"j-pop","Slow & Easy",2015-05-06,66,63,0,77,0,10,-4,C Major,4,4b5oBON2DgamONUxvP4JyQ,JPB601501689
321,"題名のない今日","HIRAIDAI",87,1B,48,2024-11-12,03:13,64,"j-pop","Life Goes On",2021-02-10,71,20,0,63,0,30,-6,B Major,4,6skNbV22epX2yHu4O2hYSx,JPB602100497
322,"Buddy","HIRAIDAI",90,2B,48,2024-11-12,02:54,50,"j-pop","Buddy",2021-05-30,79,16,0,62,0,30,-7,F#/G♭ Major,4,7xfPyBgb9om8iUooItxHl8,JPB602101721
323,"エンドロールの前に。","HIRAIDAI",140,1B,65,2024-11-12,03:16,31,"j-pop","エンドロールの前に。",2024-05-24,70,19,0,52,0,10,-6,B Major,4,0kCIyzPh8zcostvnTzlOSs,JPB602401679
324,"Country Road","HIRAIDAI",104,10B,54,2024-11-12,03:21,43,"j-pop","Country Road",2024-05-03,73,37,0,53,0,30,-6,D Major,4,5ePXBMaI26XRcc0Pb6DdnQ,JPB602401476
325,"FOREVER YOUNG - はやぶさ","Sad Kid Yaz,Yeon",94,8B,87,2024-11-13,01:36,28,"j-rap, ","FOREVER YOUNG",2024-04-10,53,1,7,45,20,10,-6,C Major,4,71BwZqh5XUtD4E0ovaggO4,TCJPZ2484139
326,"Luv U","LAF",130,9B,69,2024-11-14,03:04,39,"j-rap","Luv U",2024-09-25,76,40,0,55,0,20,-5,G Major,4,5URnvghwZEfKTYODIa4lxF,TCJPB2493804
327,"No Lie - MALE COVER","Alex Shans",89,9A,36,2024-11-16,02:10,0,"","No Lie (MALE COVER)",2022-03-11,69,65,0,24,20,10,-12,E Minor,4,3vDmWWUJOvOsTfntlPcjDb,QZES52241020
328,"Super Girl","Anais,Ko",133,2B,70,2024-11-20,02:40,57,"j-rap","Super Girl",2024-09-06,76,28,0,37,10,10,-5,F#/G♭ Major,4,2cwoGPkDhZNJ1ry8DZ6fzw,TCJPB2476516
329,"We Don't Talk Anymore (feat. Selena Gomez)","Charlie Puth,Selena Gomez",100,12A,56,2024-11-20,03:37,81,"soft pop, ","Nine Track Mind",2016-01-29,73,62,0,35,10,10,-8,C♯/D♭ Minor,4,06KyNuuMOX1ROXRhj787tj,USAT21502909
330,"BRIGHT TIMES feat. Kohjiya","SALU,Kohjiya",90,9B,57,2024-11-23,03:36,36,"j-rap, j-r&b, hip hop","BRIGHT TIMES feat. Kohjiya",2024-10-16,71,6,0,14,30,10,-8,G Major,4,29sChyERg3I2cwGqCyHhEd,JPX522400192
331,"Butterfly","JUNHA PARK",126,4B,76,2024-11-24,03:14,52,"","Nevertheless, (Original Drama Soundtrack, Pt. 4)",2021-07-11,78,45,0,92,0,10,-4,G#/A♭ Major,4,62PaY0S6h9UofRsMiesevo,KRF702100163
332,"Love Me Like That","Sam Kim",88,11B,29,2024-11-24,03:31,62,"k-ballad, k-pop","Nevertheless, (Original Television Soundtrack, Pt. 6)",2021-07-24,59,85,0,46,0,0,-8,A Major,4,1lhm29o3syw122xynSKaAK,KRF702100173
333,"BABY I'M BACK - Remix","The Kid LAROI,Gunna",162,10A,74,2024-11-25,03:50,52,"melodic rap","BABY I'M BACK (Remix)",2024-09-27,52,1,0,19,0,10,-5,B Minor,4,2vlUAb1FCGBt2hLKIOVjN7,USSM12406903
334,"Fire Bird","ELIONE",128,1A,62,2024-11-28,03:18,6,"j-rap, j-r&b","Fire Bird",2022-07-27,75,10,0,53,0,10,-7,G#/A♭ Minor,4,3xfmn8FpBoHCtPx4D6qBwB,TCJPS2248016
335,"My Boo","Shota Shimizu",154,10B,72,2024-11-29,04:30,61,"j-pop, j-r&b","FLY",2017-06-28,72,31,0,69,0,0,-5,D Major,4,0DxfR2OYoEbSOmmUtWcRIE,JPU901602658
336,"Balls Out","¥ellow Bucks,MIYACHI,Shurkn Pap",103,10B,89,2024-11-29,02:59,51,"j-rap, hip hop, j-r&b","Jungle",2020-08-21,78,27,0,65,10,20,-5,D Major,4,0OBs5F6NRoZPWTyEanAnpR,TCJPM2025328
337,"はじまりのおわり","TENSONG",80,4B,67,2024-11-29,03:42,0,"j-pop","はじまりのおわり",2022-01-21,54,30,0,48,0,10,-5,G#/A♭ Major,4,0mSG3sEPChXW7NBzQ1UQfM,TCJPQ2280555
338,"ギャルかヤンキー (feat. 7000)","hybs,7000",140,5B,54,2024-12-02,03:30,47,"j-rap, ","NoCap PART2",2022-10-04,69,38,0,31,0,10,-9,D#/E♭ Major,4,1gPGGvMLW1r4ZYu6n7L1Zz,TCJPU2225411
339,"Storeulv 2016 (feat. Moberg)","BEK & Wallin,BEK & Moberg,Moberg",155,11A,88,2024-12-02,02:53,51,"epadunk, russelåter, melbourne bounce","Storeulv 2016 (feat. Moberg)",2016-04-06,56,4,0,67,20,20,-5,F#/G♭ Minor,4,1gDEXpspQ9pPluwFsRFigl,TCACN1654488
340,"Valiant 2017","BEK & Wallin,Moberg,BEK & Moberg",155,11B,94,2024-12-02,02:45,54,"epadunk, russelåter, melbourne bounce","Valiant 2017",2016-11-02,64,17,0,67,20,40,-5,A Major,4,2v5s1nLQS6Z78a4QxxHoQY,TCACT1619109
341,"Chernobyl 2017","Meland x Hauken,Benjamin Beats",160,3B,81,2024-12-02,03:16,0,"russelåter, epadunk","Chernobyl 2017",2016-10-30,61,8,0,48,20,30,-5,C♯/D♭ Major,4,0Ot7JbfBqTxAeSGAE6ThTZ,TCACT1616389
342,"Dreamville 2017 (feat. Hilnigger)","BEK & Wallin,Moberg,Hilnigger",155,5A,87,2024-12-02,02:44,44,"epadunk, russelåter, melbourne bounce","Dreamville 2017 (feat. Hilnigger)",2016-09-28,58,12,0,58,10,0,-4,C Minor,4,0laIPK0fTMl9PTBwYb0kTU,TCACS1624693
343,"Kick Six 2019","BEK & Moberg",155,9B,87,2024-12-02,02:55,44,"epadunk, russelåter","Kick Six 2019",2018-12-20,63,27,0,66,10,20,-2,G Major,3,6r7nsu3WsBgb5W0UwhX7dp,TCAEA1815224
344,"Life is Romance","Kaneee",130,12B,74,2024-12-02,03:10,64,"j-rap, j-r&b, hip hop","Remember Me?",2024-06-12,83,10,0,91,0,30,-5,E Major,4,1ZVECsyPiW5IBpzEsGplE9,JPJ902401560
345,"HyperNova","m-flo,Maya",147,8A,79,2024-12-02,02:46,44,"j-r&b, j-pop, j-rap, shibuya-kei","HyperNova",2024-07-31,69,19,0,51,10,0,-5,A Minor,4,4sfpDjySpfUOkVqkmSUe2L,JPB602402267
346,"Hyperpop Star (feat. ZOT on the WAVE)","Only U,ZOT on the WAVE",140,10B,70,2024-12-02,02:04,23,"j-rap, hip hop","Hyperpop Star",2021-05-19,79,20,0,64,0,0,-6,D Major,4,5EcGfoq9eYXyhPO3IW1yNx,TCJPO2165476
347,"LOST","Kaneee",146,12A,62,2024-12-02,03:19,52,"j-rap, j-r&b, hip hop","Remember Me?",2024-06-12,74,11,0,27,0,0,-7,C♯/D♭ Minor,4,1lSfqgbXlkatqn66ch4aX1,JPJ902401640
348,"Super Bass x Body Part - Tiktok Remix","Dsippy",149,12A,55,2024-12-04,03:26,27,"","Super Bass x Body Part (Tiktok Remix)",2023-11-02,65,8,0,47,30,0,-12,C♯/D♭ Minor,4,4kebBdraUEjL3S6VkQnPuS,FRDKW2321246
349,"오빠야","Seenroot",110,12B,76,2024-12-04,03:34,36,"","신현희와김루트",2015-02-26,69,56,0,68,0,20,-4,E Major,4,0zMpb4avzMvQUlrUDNysJ7,GB32E1500886
350,"GANBARE HARD BASS","Japan DoGs",160,3B,91,2024-12-06,02:30,37,"","GANBARE HARD BASS",2024-09-24,71,4,0,40,0,10,-5,C♯/D♭ Major,4,37PPcUwwwVi2UwT6AveFx6,TCJPB2472681
351,"ギフト","Japan DoGs",170,9B,94,2024-12-06,02:21,28,"","ギフト",2024-06-14,59,0,0,44,10,20,-5,G Major,4,0NxxC18XO5O7xLVoeOInLg,TCJPA2477775
352,"Talking Box","WurtS",140,4B,72,2024-12-06,02:21,51,"j-pop","檸檬の日々",2021-03-17,79,0,0,47,0,0,-6,G#/A♭ Major,4,7fru0rxutpi08K7Q112saF,JPB452005626
353,"Bad Bitch 美学 Remix","Awich,NENE,LANA,MaRI,AI,YURIYAN RETRIEVER",105,3B,84,2024-12-06,06:09,51,"j-rap, j-r&b, hip hop, j-pop, ","THE UNION",2023-10-25,79,8,0,60,20,60,-5,C♯/D♭ Major,4,2BHMUxVdjuK9zKPmocIX56,TCJPW2393670
354,"片方の未来 (produced by 清水翔太)","TEE",86,3B,47,2024-12-09,04:21,50,"j-pop","Golden 8＋1",2019-09-18,67,32,0,33,0,0,-6,C♯/D♭ Major,4,37rDp8YkDeGVLqRS8INRiY,JPPO01903484
355,"KissHug","aiko",154,11B,58,2024-12-09,06:03,60,"j-pop","KissHug",2008-07-23,47,14,0,29,0,10,-8,A Major,4,5yov1XKIxqezj8Rg23SvdF,JPPC00801152
356,"Love And Hate","Dani.",86,1B,32,2024-12-09,03:15,42,"","Love And Hate",2024-11-11,68,70,0,29,40,10,-13,B Major,4,6ELygbBJj4IcfDDYfNP4Fy,QZWFS2497971
357,"Story","AI",126,8B,63,2024-12-09,04:48,66,"j-pop, j-r&b, j-rap","MIC－AーHOLIC A．I．",2006-09-27,59,43,0,39,0,10,-5,C Major,4,0V2axJ946WH1vt9t5SGMLV,JPPO00504460
358,"2022","虎韻",91,4A,75,2024-12-09,02:18,39,"j-rap","2022",2022-01-16,81,42,0,57,0,10,-4,F Minor,4,3w6dGNmencAVaDGQkglElo,TCJPQ2288636
359,"on my own way","Tohji",114,6A,55,2024-12-09,02:29,48,"j-rap","on my own way",2019-08-07,78,16,0,56,0,0,-5,G Minor,4,1qZgUQJPeMNuaJoQzk5iz3,TCJPJ1934410
360,"Blue Spring (Sky Filter)","Shinnosuke",90,1B,84,2024-12-09,03:27,43,"j-rap, j-pop","Blue Spring",2021-03-13,70,2,0,84,10,0,-6,B Major,4,7w40ZhnQZKfD0Mikcvhkcj,TCJPO2115380
361,"happy end","Shinnosuke",88,11B,68,2024-12-09,04:50,41,"j-rap, j-pop","White Songs",2020-12-25,62,43,0,45,0,0,-7,A Major,4,2laFoPCWueAHttfoeN798u,TCJPN2029111
362,"My Vision","Shinnosuke",176,1B,81,2024-12-09,03:53,41,"j-rap, j-pop","White Songs",2020-12-25,55,9,0,34,0,10,-7,B Major,4,6RoSEiB0qaoLLRF9soKDfH,TCJPN2029124
363,"雲の上","Shinnosuke",172,11B,90,2024-12-09,03:35,43,"j-rap, j-pop","PURPLE",2021-08-30,57,2,0,38,20,10,-4,A Major,4,2fMulWj1t8Sg10z2DPDQDm,TCJPP2162714
364,"pinky ring","Shinnosuke",93,8B,87,2024-12-09,03:13,28,"j-rap, j-pop","PURPLE",2021-08-30,69,12,0,27,0,40,-4,C Major,4,4jorNtlLeohcOkKFZUBDZe,TCJPP2162718
365,"Don't leave me alone (feat. Tony)","Ganeesha,Tony",99,10A,98,2024-12-12,03:06,40,"j-rap, trance, kizomba","24HOURS",2021-06-02,68,31,0,66,10,0,-2,B Minor,4,1g2i7hFushn3YyvvHONcUj,TCJPR2203499
366,"That’s So True","Gracie Abrams",109,3B,81,2024-12-12,02:46,90,"","The Secret of Us (Deluxe)",2024-10-18,55,21,0,37,0,10,-4,C♯/D♭ Major,4,7ne4VBA60CxGM75vw0EYad,USUG12406903
367,"GINGIRA HARD BASS","Japan DoGs",170,3B,93,2024-12-12,02:21,31,"","GINGIRA HARD BASS",2024-09-08,65,1,0,96,0,0,-4,C♯/D♭ Major,4,3DR9cZDSVMY6EibcRBRMvF,TCJPB2472620
368,"Love Trap - Instrumental Beat","Dizzla D Beats",141,1B,43,2024-12-12,03:05,21,"","Love Trap (Instrumental Beat)",2018-03-04,74,14,35,49,0,0,-13,B Major,4,4wukZap1jV2dwbeOELeRrf,NLPM51800004
369,"Love","Keyshia Cole",117,7B,52,2024-12-12,04:15,84,"r&b","The Way It Is",2005-01-01,69,6,0,31,0,10,-4,F Major,4,0W4NhJhcqKCqEP2GIpDCDq,USAM10500210
370,"Tourist","RJ Pasin",144,12B,5,2024-12-12,01:26,53,"phonk","Tourist",2024-01-04,73,99,83,71,0,10,-18,E Major,4,6mYOlDWiw7734sjznoo9GI,QZWFN2371378
371,"嘘つき","Mao Abe",78,11B,25,2024-12-14,05:57,40,"j-pop","それぞれ歩き出そう【初回限定盤】",2014-10-22,65,71,0,27,0,10,-5,A Major,4,062GSfYBF9yJ21RT1IM8lh,JPPC01401959
372,"toxic till the end","ROSÉ",167,9B,60,2024-12-14,02:36,81,"k-pop","rosie",2024-12-06,41,5,0,30,10,10,-6,G Major,4,1z5ebC9238uGoBgzYyvGpQ,USAT22409170
373,"OMAE (feat. 百足 & 韻マン)","JAKEN,MUKADE,INMAN",105,4B,70,2024-12-14,03:41,48,"j-rap","OMAE (feat. 百足 & 韻マン)",2024-10-16,55,2,0,39,0,20,-8,G#/A♭ Major,4,4yAFlvwQPmXgGfyCEIO9tA,TCJPC2420864
374,"透明人間","Tokyo Incidents",163,10B,86,2024-12-20,04:32,54,"j-pop, j-rock","総合",2021-12-21,54,1,0,73,0,0,-2,D Major,4,7IUpgtokm66oFFIvcFsAq6,JPTO00502636
375,"鯨の唄","Mrs. GREEN APPLE",164,9B,77,2024-12-20,06:02,55,"j-pop, j-rock, anime","Mrs. GREEN APPLE",2017-01-11,27,1,0,32,0,30,-1,G Major,4,665BxYdFHDp934vWw7RPs7,JPPO01622106
376,"怪獣の花唄","Vaundy",75,10B,94,2024-12-20,03:44,76,"j-pop, japanese indie, j-rock, anime","strobo",2020-05-27,34,0,0,64,0,30,-3,D Major,4,7dTW21YAJxnAOiUh7Rtu9S,JPR652000112
377,"あなたは煙草　私はシャボン","Lovely Summer Chan",115,3A,66,2024-12-20,04:36,58,"japanese indie, j-r&b, j-pop","LSC",2016-11-02,57,40,0,55,0,0,-6,A#/B♭ Minor,4,4PNii2qmrTZD0fzQ7gr0UT,JPVI01626110
378,"コイスルオトメ","Ikimonogakari",77,12B,68,2024-12-21,05:15,62,"anime, j-pop, j-rock","桜咲く街物語",2007-03-07,59,11,0,48,0,0,-4,E Major,4,1GyOsMcLEZyJrBsT9NDgmr,JPES00601881
379,"baby girl","Yba Memphis",62,2B,56,2024-12-21,04:03,0,"","heart breaks that will last for eternity",2021-05-24,71,51,0,73,0,10,-6,F#/G♭ Major,4,2oFuCGdFX3bi6w9wo6hF6v,QZJG52179682
380,"Superar","Kst Cobain",86,9B,45,2024-12-21,03:21,30,"","Superar",2023-08-10,64,69,0,43,0,10,-14,G Major,4,4GaKCRy6GfFMIVxOh9vFvs,QZNJY2322155
381,"Tears","KEIJU",160,10A,68,2024-12-21,02:54,49,"j-rap, hip hop, j-r&b","Tears",2020-12-25,61,10,0,52,20,30,-7,B Minor,4,7o9B18E24LjqvtcPVPsKJe,JPU902003208
382,"Shawty","SHYY BEATS",142,9A,46,2024-12-21,02:28,0,"","Vol. 7 Instrumentals",2022-10-12,65,73,71,49,0,10,-8,E Minor,4,5DOOvtVp1bnx8P8TW5aueZ,QZRP42251691
383,"僕は愛を知らない","wapiti",78,8B,64,2024-12-22,05:22,50,"j-pop","Theatrical",2024-01-11,46,3,0,47,0,10,-4,C Major,4,7rV5Q1dOkhfxxw6wO9kkT6,TCJPY2360916
384,"イマアイ","LGMonkees",79,6B,69,2024-12-24,05:26,43,"j-pop","あいことば",2012-11-28,56,5,0,39,0,20,-5,A#/B♭ Major,4,5dd9FC4NOGCfT7JZjy48ZO,JPES01201601
385,"赤い実ハジケタ恋空の下","LGMonkees",174,1B,79,2024-12-24,04:18,55,"j-pop","あいことば",2012-11-28,52,62,0,88,0,0,-3,B Major,4,1vWzu1nijWeVC8vXMp7CvY,JPES01201942
386,"XMAS NIGHT","JAKEN",178,7A,53,2024-12-27,02:06,38,"j-rap","XMAS NIGHT",2024-12-13,65,13,0,36,0,10,-5,D Minor,4,2FoNZ6y2DvZT3HRFBgDpFS,TCJPC2497404
387,"蕾(つぼみ)","KOBUKURO",76,10B,44,2024-12-27,06:03,52,"j-pop","蕾(つぼみ)",2007-03-21,36,20,0,28,0,10,-6,D Major,4,4kWPNCY1JZEqJq9Vcjrfpz,JPWP00601825
388,"桜","KOBUKURO",83,1B,41,2024-12-27,06:00,65,"j-pop","NAMELESS　WORLD",2005-05-11,46,53,0,34,0,10,-7,B Major,4,5Hi4IAtdFZzg6IfAVMd6lZ,JPWP00502181
389,"未来","KOBUKURO",148,5B,41,2024-12-27,05:16,57,"j-pop","TIMELESS WORLD",2016-06-15,46,82,0,31,0,20,-7,D#/E♭ Major,4,7M2ZtqHQWtrDW9oGodD6vm,JPWP01571684
390,"Last Christmas","Dress Marine",143,11A,86,2024-12-27,02:00,12,"j-rap","Last Christmas",2024-12-06,73,28,0,74,20,20,-5,F#/G♭ Minor,4,1ZUrJzusmPhPDaURWVbQDc,TCJPC2487253
391,"Rodeo (Remix)","Lah Pat,Flo Milli",120,1B,56,2024-12-28,04:05,79,"","Rodeo (Remix)",2023-02-24,75,30,0,85,10,10,-5,B Major,4,035MzEbx4z2DxuRDymHXbv,USAT22301387
392,"ナツノオワリ","Shota Shimizu",84,4B,69,2024-12-29,05:06,0,"j-pop, j-r&b","ENCORE",2014-03-12,64,11,0,43,0,20,-6,G#/A♭ Major,4,1yzFm9vJwlJH9iBSm2ElRY,JPSR01400049
393,"Back in Time","Lyn",147,10B,47,2025-01-01,03:31,48,"k-ballad","The Moon That Embraces the Sun OST Part.2 (Soundtrack)",2012-01-17,29,86,0,15,0,20,-8,D Major,4,718QVuxnjxWFg0AfiLF7H1,KRA341200206
394,"Say Yes","Loco,Punch",95,12A,78,2025-01-01,03:38,71,"k-rap, k-pop, soundtrack, k-ballad","Moonlovers - Scarlet Heart Ryeo (Original Television Soundtrack), Pt. 2",2016-08-29,70,35,0,41,0,30,-5,C♯/D♭ Minor,4,27zrFrtUtWl2urlvjOn5xc,KRA491600541
395,"Some (feat. Lil Boi)","SOYOU,Junggigo,lIlBOI",95,10A,68,2025-01-01,03:31,67,"k-ballad, k-pop, k-rap","Some",2014-02-07,74,45,0,96,0,20,-3,B Minor,4,0g1AmSKokPboFrxmG1dxKx,KRA381206099
396,"You are so beautiful","Eddy Kim",152,8B,55,2025-01-01,03:15,56,"soundtrack, k-ballad, k-pop","Guardian (Original Television Soundtrack), Pt. 5",2016-12-24,49,72,0,52,10,10,-6,C Major,3,2nJDePK69THatYkjkjQFE8,KRA491600908
397,"시작","Gaho",108,12B,82,2025-01-01,03:22,2,"soundtrack","ITAEWON CLASS (Original Television Soundtrack) Pt.2",2020-02-01,59,17,0,57,0,10,-4,E Major,4,4kIpBfvK44bxqX7zo8K1oP,QZEKE1927920
398,"Day 1","K.Will",108,12B,84,2025-01-01,03:25,51,"k-ballad, soundtrack","ONE FINE DAY",2014-06-26,67,28,0,89,0,20,-3,E Major,4,5TLAKCWzRqi9AY1NdCe0q0,KRA381208375
399,"Still Young More Rich - feat. Watson","LANA,Watson",156,5B,71,2025-01-02,03:20,45,"j-rap, hip hop","Still Young More Rich (feat. Watson)",2024-09-25,69,10,0,30,20,10,-5,D#/E♭ Major,4,0qzQggYvLeDmGtaJRfjdYT,JPB602403217
400,"Kick Back","Kohjiya",86,6A,65,2025-01-02,02:13,41,"j-rap, hip hop","KJ SEASON",2024-02-07,55,10,0,36,10,10,-9,G Minor,4,1SjN2fYbpMWxWKPWc1b0RF,JP92L2307910
401,"センチメンタル・キス","汐れいら",77,2B,46,2025-01-03,05:25,57,"j-pop","センチメンタル・キス",2022-05-14,71,67,0,35,0,10,-7,F#/G♭ Major,4,73fWe6SUxkj5QI7ZwfEZmc,TCJPR2282100
402,"Journey through the Decade","GACKT",83,2A,89,2025-01-03,04:32,33,"visual kei, j-rock","Journey through the Decade",2009-03-25,28,1,0,59,0,0,-3,D#/E♭ Minor,4,1Ji8e3tPoPIvz78YgkFW4U,JPB600910401
403,"最後の一本 (feat. J-REXXX)","Japanese Magenese,J-Rexxx",92,7B,75,2025-01-03,04:54,50,"j-rap, reggae","TRIP MASTER2",2022-08-31,77,16,0,76,10,20,-5,F Major,4,7dtHPzQXWbV5xDpoOvQbcP,TCJPS2278044
404,"モザイクカケラ","SunSet Swish",130,3A,86,2025-01-03,04:31,48,"anime","PASSION",2008-07-24,59,23,0,77,0,0,-6,A#/B♭ Minor,4,4IoTVvCLzgLXLsqIFMDPQU,JPU900700001
405,"Bunny Girl","AKASAKI",160,4A,68,2025-01-03,03:37,65,"j-pop","Bunny Girl",2024-10-02,73,0,0,68,0,20,-9,F Minor,4,5skCbGGAnc7Ns18Figz54h,JPPO02404187
406,"And I Love You So","AK-69",144,11A,75,2025-01-03,06:22,43,"j-rap, j-pop, hip hop","Road to The Independent King",2013-12-04,61,3,0,28,0,0,-4,F#/G♭ Minor,4,4GcIkz4qMzmsQDwYbcO1ue,JPX600900081
407,"ONE SHOT (feat. Watson & Eric.B.Jr)","AK-69,Watson,Eric.B.Jr",106,3A,80,2025-01-03,03:37,45,"j-rap, j-pop, hip hop","ONE SHOT (feat. Watson & Eric.B.Jr)",2024-04-19,82,8,0,73,0,0,-6,A#/B♭ Minor,4,7z0ENg4cPjDd7QxQxbNXX1,TCJPZ2493677
408,"Beautiful","Superfly",145,5B,90,2025-01-07,04:57,66,"j-pop","WHITE",2015-05-27,51,4,0,36,0,10,-3,D#/E♭ Major,4,2ruHYPN3a77Ra8WvvPyfwb,JPWP01570527
409,"Lovers","sumika",114,1B,92,2025-01-07,04:10,67,"j-pop, anime, j-rock","アンサーパレード",2016-05-25,61,7,0,77,0,30,-2,B Major,4,6IEqiEgTQn4FwE0seKXFZO,JPZ921606865
410,"シュガーソングとビターステップ","UNISON SQUARE GARDEN",132,1B,90,2025-01-07,04:13,54,"anime, j-rock, j-pop","Dr.Izzy",2016-07-06,62,0,0,82,0,0,-3,B Major,4,6bfjEGSR7DyC8MK8cp3ZCp,JPTF01504201
411,"怪獣の花唄","Vaundy",150,10B,94,2025-01-07,03:44,4,"j-pop, japanese indie, j-rock, anime","strobo",2020-05-27,43,0,0,64,0,30,-3,D Major,4,10zz9RZt9DnqcxNWksRNrx,JPR652000112
412,"愛をこめて花束を","Superfly",162,9B,80,2025-01-07,04:55,72,"j-pop","Superfly",2007-04-04,37,15,0,45,0,0,-3,G Major,4,7CmWXD3w1xOO53AAO4LRVQ,JPWP00700855
413,"プロローグ","Uru",170,8B,69,2025-01-07,05:02,0,"j-pop, anime","プロローグ",2018-12-05,44,48,0,32,0,0,-5,C Major,4,6ChUqADfvehQj2Jx1XIwAp,JPU901803358
414,"POP STAR","Ken Hirai",140,7B,99,2025-01-08,04:43,50,"j-pop, j-r&b","Ken Hirai 10th Anniversary Complete Single Collection '95-'05 歌バカ",2005-11-23,65,2,0,84,0,10,-2,F Major,4,2YFdAAFSKovzYgF3XBlV8u,JPN100501181
415,"KO.A.KU.MA feat.NOA","LGYankees,Gipper,NOA",107,8B,77,2025-01-08,05:06,48,"j-pop, j-rap, j-r&b, ","1-One-",2008-06-06,71,8,0,46,0,0,-8,C Major,4,0pDAc04yQnGI6euBApbWIH,JPY200801499
416,"Memories (feat. Mona)","Mr.Low-D,Mona",89,2B,81,2025-01-08,05:33,43,"j-rap, j-r&b, ","The Tyrant",2012-05-23,59,36,0,27,0,0,-6,F#/G♭ Major,4,5L746amh1eoNpPWJTdzmBc,JPY201103077
417,"気分上々↑↑","Mihimaru GT",125,4A,97,2025-01-08,03:49,60,"j-pop","mihimagic",2006-09-13,65,22,0,85,10,20,-3,F Minor,4,7tkfkqKfWtU1GIoV9IY9rQ,JPPO00605880
418,"ひまわり","Yusuke",184,4B,66,2025-01-08,04:54,0,"j-pop","あの･･こんなんできましたケド。",2009-12-16,53,24,0,45,0,30,-7,G#/A♭ Major,4,4GbISDmTf7DKzEkP3iFOQt,JPSR00900241
419,"HANABI","Mr.Children",112,3B,77,2025-01-08,05:42,71,"j-pop, j-rock, kayōkyoku","SUPERMARKET FANTASY",2008-12-10,64,16,0,60,0,10,-6,C♯/D♭ Major,4,77lmDcPPyY6kK907gdgC6i,JPTF00804901
420,"鱗(うろこ)","Motohiro Hata",90,2B,75,2025-01-08,05:24,66,"j-pop, anime","コントラスト",2007-09-26,44,7,0,49,0,10,-5,F#/G♭ Major,4,4IubwxgmXeZtDtYjTaT9gN,JPBV00700265
421,"vivi","Kenshi Yonezu",120,1B,94,2025-01-11,04:30,55,"j-pop, anime, j-rock","diorama",2012-05-16,55,0,0,80,0,10,-4,B Major,4,3izOZelMZaCC0MMabvssCw,JPA651201882
422,"奇蹟","Uru",79,1B,55,2025-01-14,04:45,50,"j-pop, anime","モノクローム (Special Edition)",2017-12-20,52,55,0,26,0,10,-7,B Major,4,6gjblFEncsCma9E7IeViW7,JPU901703131
423,"HAPPINESS","PENTAGON",204,1B,95,2025-01-16,03:24,24,"k-pop","HAPPINESS / SHA LA LA",2019-08-21,50,25,0,64,30,20,-2,B Major,4,1Ch8jvquxnYOK1R32pxlX6,JPPO01902767
424,"灯火","Yuga",126,6B,40,2025-01-16,03:39,46,"japanese indie","灯火",2022-01-26,51,82,0,33,0,20,-8,A#/B♭ Major,4,03kdTvI72t9uFwrcgKHgON,JPL802206001
425,"24round (feat. BabyNyca & Yatt)","revenge k,BabyNyca,Yatt",128,12A,71,2025-01-20,03:51,45,"j-rap, j-r&b","24round (feat. BabyNyca & Yatt)",2024-04-07,75,43,0,31,0,0,-5,C♯/D♭ Minor,4,7CMQEppKjYvk3TqcVWclBt,TCJPZ2490701
426,"Sad Emotion","X 1ark",122,4A,53,2025-01-20,02:55,51,"j-rap","I trust no one",2024-08-01,77,84,0,69,0,10,-9,F Minor,4,3PtS4GpvQAKJ7sam6m3id7,TCJPB2430117
427,"冬が終わる前に","Shota Shimizu",102,8B,62,2025-01-21,05:20,53,"j-pop, j-r&b","冬が終わる前に",2011-12-21,60,31,0,51,0,10,-5,C Major,4,5zBUqBe98n04sivkIpNR81,JPSR01103401
428,"LOVE. FEAT. ZACARI.","Kendrick Lamar,Zacari",126,6B,59,2025-01-21,03:33,84,"hip hop, west coast hip hop, ","DAMN.",2017-04-14,80,26,0,78,0,10,-7,A#/B♭ Major,4,6PGoSes0D9eUDeeAafB2As,USUM71703088
429,"It's only love","Rude-α",180,6B,80,2025-01-21,03:25,16,"anime, j-pop","It's only love",2019-09-23,71,50,0,73,10,10,-4,A#/B♭ Major,4,4bAksG9c5RdPc70lykjB8U,JPU901902281
430,"Like I Do","J.Tajor",105,11B,50,2025-01-23,02:29,66,"","Like I Do",2022-03-04,85,65,0,60,0,10,-5,A Major,4,1TiZWEsxN85yLJBq56K8mG,TCAGB2228976
431,"RETTER (feat. JAKEN)","MUKADE,INMAN,JAKEN",124,8B,70,2025-01-23,03:56,54,"j-rap","RETTER (feat. JAKEN)",2023-03-20,83,57,0,87,0,20,-9,C Major,4,1rpk2OUWMxymkojCYzFgUu,TCJPV2316156
432,"backseat (feat. Kvi Baba & tofubeats)","KEIJU,Kvi Baba,tofubeats",156,9B,69,2025-01-23,03:50,57,"j-rap, hip hop, j-r&b, city pop, japanese indie","backseat (feat. Kvi Baba & tofubeats)",2024-11-13,71,11,0,38,0,10,-5,G Major,4,0go6X7ko0YxM39gY5ospA0,TCJPC2448512
433,"Lockdown","KEIJU,mion,G-k.i.d",97,4B,48,2025-01-23,03:32,37,"j-rap, hip hop, j-r&b","Speed Tape",2023-09-20,78,43,0,50,10,10,-4,G#/A♭ Major,4,267rf5gM7OBFepDS0wXqA3,JPU902303780
434,"Family & Loyalty","KEIJU",96,4B,64,2025-01-23,02:21,39,"j-rap, hip hop, j-r&b","Speed Tape",2023-09-20,70,24,0,24,0,10,-6,G#/A♭ Major,3,5dILhXUUIszFNDKMsGSHtW,JPU902303779
435,"Pilot","KEIJU",138,9B,51,2025-01-23,02:24,34,"j-rap, hip hop, j-r&b","Speed Tape",2023-09-20,68,6,0,48,20,10,-7,G Major,4,27uVIG8cTkp6MLjRMJRGLq,JPU902303777
436,"はじまりのおわり","TENSONG",80,4B,67,2025-01-24,03:42,56,"j-pop","はじまりのおわり",2022-01-21,54,31,0,48,0,10,-5,G#/A♭ Major,4,6CBVvDSegxK7HkUsQt7hGc,TCJPQ2280555
437,"Denied","Kohjiya,Bonbero",96,4B,55,2025-01-24,03:12,39,"j-rap, hip hop","Denied",2024-11-27,77,5,0,33,0,10,-8,G#/A♭ Major,4,3WKlZc2q9VWchjXALyaftR,JP92L2425490
438,"全力少年","Sukima Switch",134,10B,79,2025-01-30,04:32,66,"j-pop, anime","空創クリップ",2005-07-20,64,25,0,73,0,30,-4,D Major,4,3Ztjw8utVpcrzms1RrsJvR,JPBV00500039
439,"ベイビー・アイラブユー","TEE",93,3B,67,2025-01-30,05:05,55,"j-pop","Kido I Raku",2010-01-01,52,71,0,43,0,10,-4,C♯/D♭ Major,4,5bk7biCg9BmqOKSlTHMccP,JPPO01076090
440,"接吻 - Single Version","Original Love",96,9A,81,2025-01-30,05:01,48,"shibuya-kei, city pop, kayōkyoku, j-pop, j-r&b","Sunny Side Of Original Love",1993-12-08,60,15,0,64,0,0,-8,E Minor,4,4xFN8vjN4QSZ9EtMQjplpc,JPTO09326890
441,"栞","Creep Hyp",100,2B,88,2025-01-30,04:21,66,"j-pop, j-rock","泣きたくなるほど嬉しい日々に",2018-09-26,51,1,0,67,0,0,-3,F#/G♭ Major,4,2Bsg6EfrmEx0x0eC8v4vuG,JPPO01803632
442,"Mela!","Ryokuoushoku Shakai",138,4B,94,2025-01-30,04:02,36,"j-pop, anime, j-rock","SINGALONG",2020-04-22,62,4,0,62,0,30,-2,G#/A♭ Major,4,0MOJxVHxgtpiyOzf0CLEUS,JPU902000634
443,"MIRAI","竹内唯人,$HOR1 WINBOY",167,1B,82,2025-01-30,03:58,40,"j-pop, j-rap, j-r&b","MIRAI",2021-04-14,54,5,0,51,0,0,-4,B Major,4,5ZbUTr9cB9i9OqRKbzouOw,JPR502146951
444,"napori","Vaundy",130,1B,36,2025-02-04,03:23,0,"j-pop, japanese indie, j-rock, anime","strobo",2020-05-27,88,42,0,47,30,10,-8,B Major,4,7LPL74iMxXZ4hEjCwmLMae,JPR652000114
445,"常夜燈","PEOPLE 1",99,6B,38,2025-02-04,04:24,44,"j-pop","常夜燈",2020-07-28,81,49,0,62,0,10,-7,A#/B♭ Major,4,6qQf1nlTPCGUkmLskF89uX,TCJPM2003067
446,"カブトムシ","aiko",149,5A,48,2025-02-04,05:13,65,"j-pop","カブトムシ",1999-11-17,50,11,0,26,0,20,-5,C Minor,4,2Os0vzke5CakbU3dkSHckx,JPPC09901693
447,"How to","Minty",75,8B,42,2025-02-04,02:10,44,"","How to",2021-04-22,74,79,3,72,40,0,-6,C Major,4,55I2kxrBzP18wJNW7jiR4A,JPPO02100770
448,"全糖の少女","L1VET..,夜行性春下",128,7B,57,2025-02-04,03:50,0,"","全糖の少女",2020-04-20,70,1,0,85,20,30,-7,F Major,4,5CemfPeG9dWYcODuxH84AO,FRX872107289
449,"色恋沙汰","PERO PERO CANDY",69,4B,77,2025-02-04,03:40,32,"j-rap","色恋沙汰",2021-10-27,42,12,0,75,20,10,-7,G#/A♭ Major,4,0O2RdAwkqVEfJBx8cVbPn1,TCJPQ2107798
450,"花火","aiko",96,7B,90,2025-02-05,04:40,47,"j-pop","花火",1999-08-04,63,8,0,89,0,0,-4,F Major,4,6nTtJld6EMw4MNoz21uUwF,JPPC09901072
451,"High School Monster","ロクデナシ宇宙",120,11B,87,2025-02-09,03:10,54,"","ロクデナシバス",2024-05-21,67,1,0,74,0,10,-6,A Major,4,4Wf7ZlYcNtjrAWttBTaRvv,TCJPA2449415
452,"Seaside Flow","03- Performance,JAKEN,Rommy Montana",118,11A,57,2025-02-09,03:07,47,"j-rap","Seaside Flow",2023-05-08,89,5,0,32,10,10,-8,F#/G♭ Minor,4,5MbXBVs0XmY8f3aunWSXnE,TCJPV2390911
453,"DONZOKO","JAKEN",125,7B,62,2025-02-09,02:33,44,"j-rap","DONZOKO",2023-11-15,92,32,0,68,10,10,-9,F Major,5,46ZvBTDAESnpl812RH97Xy,TCJPY2310004
454,"White Tee (feat. 18stop)","JAKEN,18stop",145,4B,54,2025-02-09,02:30,43,"j-rap","White Tee (feat. 18stop)",2023-07-14,79,45,0,82,10,10,-11,G#/A♭ Major,4,1cjfCi8OZfixhWqyL12FcB,TCJPW2373163
455,"Seaside Wave (feat. 炒炒)","JAKEN,炒炒",150,1B,80,2025-02-09,03:15,36,"j-rap","PUSHIN J",2024-06-14,65,2,0,62,10,0,-5,B Major,4,5WF9P9r5KOLDe1HozfZJbl,TCJPA2475558
456,"初心LOVE（うぶらぶ）","Naniwa Danshi",120,2B,86,2025-02-09,03:47,52,"j-pop","1st Love（Special Edition）",2022-07-13,65,5,0,81,0,10,-4,F#/G♭ Major,4,6fK97K3uw9SQLxDNfaVBtv,JPQ402101640
457,"奏(かなで)","Sukima Switch",150,6B,67,2025-02-11,05:28,74,"j-pop, anime","夏雲ノイズ",2004-06-23,52,55,0,46,0,0,-6,A#/B♭ Major,4,5RbMlPFL4gVyEHW2lEOuzG,JPBV00400009
458,"黄色","back number",169,9A,80,2025-02-17,04:55,63,"j-pop, j-rock","ユーモア",2023-01-17,36,26,0,50,10,30,-3,E Minor,4,2GTzQOq36HFMyYvmqqiHfh,JPPO02102657
459,"チェックのワンピース","back number",79,4B,56,2025-02-17,04:42,66,"j-pop, j-rock","スーパースター",2011-10-26,60,4,0,36,0,30,-6,G#/A♭ Major,4,3TpD7kfsRSbXYzYvug4yey,JPPO01148804
460,"もう一度キスをして","LEX,JP THE WAVY",150,9A,85,2025-02-20,02:37,29,"j-rap, hip hop, j-r&b","もう一度キスをして",2024-05-01,72,1,0,71,0,30,-4,E Minor,4,3mdyNzxy8EfEhitWY71KL2,JPJ902400810
461,"Stay","Zedd,Alessia Cara",102,4A,62,2025-02-21,03:30,54,"edm, ","Stay +",2017-12-29,69,25,0,55,0,10,-5,F Minor,4,0I20rLT2MJDhcF96AjbNYo,USUM71700736
462,"SUMMER!","PENTAGON",170,8B,75,2025-02-23,03:07,30,"k-pop","SUM(ME:R)",2019-07-17,62,37,0,67,10,20,-4,C Major,4,4F1A1gyNaUVXibZNekQvgO,KRA391900031
463,"输入法打可爱按第五 - 纯享版","米卡,高卿尘,吴宇恒,薛八一,张星特,曾涵江,鞠婧祎",144,9B,48,2025-02-26,03:50,49,"c-pop, chinese r&b, mandopop, gufeng","创造营2021第八期 (纯享版)",2021-04-10,55,65,0,37,0,10,-8,G Major,4,4dVI0wN4eFSuK9EdIBCTaO,HKG732105030
464,"No Reason","Ryan.B,effie",176,10B,49,2025-02-27,03:35,67,"chinese r&b, c-pop, mandopop, chinese hip hop","No Reason",2018-04-10,54,84,0,35,10,0,-8,D Major,4,7uwJwSKpmzZH7p7imm4f1P,FR2X41834087
465,"beside you","keshi",136,8B,75,2025-02-27,02:46,69,"","beside you",2021-04-23,71,46,0,85,0,10,-6,C Major,4,1Fhb9iJPufNMZSwupsXiRe,USUM72105144
466,"月色倒映在西湖","高迪",123,11B,97,2025-03-01,01:52,0,"mandopop","月色倒映在西湖",2025-01-03,71,52,0,83,10,30,-5,A Major,4,5HO47GuNadeM2XAZpZAH6T,DGA0T2424453
467,"月色倒映在西湖","精彩啊东",145,11A,89,2025-03-01,01:30,11,"gufeng","月色倒映在西湖",2024-12-02,86,40,0,89,0,0,-11,F#/G♭ Minor,4,5ReO9yuRyGzBzz0rlqqH0j,DGA0S2475529
468,"Traum - トラオム","にどる",153,6B,55,2025-03-02,05:26,0,"","Traum (トラオム)",2025-02-28,28,62,0,37,0,20,-6,A#/B♭ Major,4,49lo2mGYGDCn8rOySZiSKg,TCJPE2504907
469,"如果爱忘了 - Live","Silence Wang,單依純",137,3B,46,2025-03-05,04:05,2,"c-pop, mandopop, gufeng, chinese r&b","如果爱忘了 (Live)",2024-02-27,27,76,0,15,0,10,-8,C♯/D♭ Major,4,4JBZuPALOvU2PC8E7t02vY,HKG732432142
470,"Aurora (feat. 柊人)","AZU,Shootz",82,11B,46,2025-03-06,02:54,55,"j-rap, j-r&b","Aurora",2025-01-11,66,47,0,42,0,20,-7,A Major,4,2FqbDCeIK0IqqpH5GaiOmV,TCJPD2433979
471,"Eyes","3House",115,3A,36,2025-03-07,02:37,44,"j-r&b, j-rap","Eyes",2024-12-06,67,76,0,30,0,0,-9,A#/B♭ Minor,4,3Fy9nfOXrx92K8WWiRwfLI,TCJPC2475057
472,"My Boo","Shota Shimizu",154,10B,72,2025-03-07,04:30,0,"j-pop, j-r&b","FLY",2017-06-28,72,31,0,69,0,0,-5,D Major,4,6lp8NnDQVSQW0osTYSwSkc,JPU901602658
473,"Fool For You","Kastra",110,12A,84,2025-03-11,03:27,54,"melbourne bounce","Fool For You",2021-03-05,59,2,0,29,0,0,-5,C♯/D♭ Minor,4,6gJkrYx9i8dZ5mJb2vbAnT,USUS12100068
474,"NPNP","Soya,KK",103,9B,83,2025-03-14,03:03,24,"chinese r&b, chinese indie, c-pop, mandopop, bollywood, hindi pop, desi","NPNP",2015-01-29,82,48,0,79,10,0,-3,G Major,4,4dFTUf4Rx6NfOIuosaPcgw,KRA381209713
475,"Floating (feat. Khalid) [filous Remix]","Alina Baraz,filous,Khalid",90,12A,61,2025-03-26,03:20,46,"tropical house, ","Floating (feat. Khalid) [filous Remix]",2019-02-08,76,47,0,62,10,10,-7,C♯/D♭ Minor,4,4PlbUZ7l0HPZFcTf31hrkt,USQE91500796
476,"พี่ชอบหนูที่สุดเลย (I Like You The Most)","PONCHET,VARINZ",99,11A,45,2025-03-30,03:06,35,"thai pop, t-pop, thai hip hop","พี่ชอบหนูที่สุดเลย",2023-11-02,78,76,0,72,0,10,-10,F#/G♭ Minor,4,7mVobUmGP12Y5SQJgBice3,THSOH2308996
477,"Like I Do (with sunkis)","J.Tajor,sunkis",105,11B,47,2025-03-30,02:29,57,"chinese r&b","Like I Do (with sunkis)",2024-01-12,79,67,0,70,0,10,-5,A Major,4,76NX6bt1KCSg0yULpmlkyJ,QZVEM2386997
478,"NVMD","Denise Julia",98,2B,67,2025-03-30,03:01,42,"pinoy r&b","NVMD",2022-02-04,76,9,0,42,10,0,-5,F#/G♭ Major,4,7ArVzlFsFsQXNseVXmdOyk,QZFZ42212960
479,"keep smiling","demxntia",112,10B,51,2025-03-30,02:12,10,"","good for health, bad for education",2023-06-02,46,80,0,26,0,30,-8,D Major,1,18Du7JZ3cWaBxyDN3ynh99,QZVEM2309592
480,"时间胶囊","Ryan.B,丛琳潼elf",148,6B,63,2025-03-30,02:41,59,"chinese r&b, c-pop, mandopop, chinese hip hop","时间胶囊",2022-05-25,62,37,0,60,0,0,-6,A#/B♭ Major,4,4YzJLMBwkn4yT7MsXPNPSW,FR96X2287833
481,"Stray Nights","Tom Frane",140,4B,66,2025-03-30,02:17,53,"","Don't Fall In Love With The Moment",2023-12-15,69,10,0,89,0,10,-8,G#/A♭ Major,4,1VoafxoEcG9zOqpxkapHGz,QZPLS2364022
482,"Green Tea & Honey","Dane Amar,Jereena Montemayor",95,7A,24,2025-03-30,03:42,58,"","East Daygo Popstar",2021-06-25,85,51,0,80,0,0,-11,D Minor,4,25kxJg4ykcvM1wphY0yIwt,CA5KR2011183
483,"Sick Of You","Mason Murphy,Parker Rudd",105,1A,47,2025-03-30,02:11,12,"","Sick Of You (Alternate Versions)",2023-08-25,71,31,0,53,0,10,-8,G#/A♭ Minor,4,2L9SWESdPoUfOyVrSkWNt3,QZNWV2145075
484,"Truth In The Lies (feat. Lil Durk)","Central Cee,Lil Durk",95,2B,51,2025-03-30,02:22,70,"uk drill, drill, uk grime, chicago drill","CAN'T RUSH GREATNESS",2025-01-24,62,59,0,61,10,10,-5,F#/G♭ Major,4,6jx0JZB3f0Cc2jjdldYaDb,USSM12408434
485,"Sweatshirt","Patrick Hizon,EJEAN",83,3B,37,2025-03-30,02:45,62,"","Sweatshirt",2023-04-21,76,44,0,79,0,30,-6,C♯/D♭ Major,4,5DZrNCtCKXV7lsBkN0qFBc,QZHN42368297
486,"Me and My Brother","5ive",130,5A,53,2025-03-30,03:32,64,"","Ahmir & Ahmar",2022-04-15,76,60,0,39,0,10,-8,C Minor,4,50lrN3hA1d3bHpeW0Dcvzv,TCAGE2202222
487,"Cruel Summer","Taylor Swift",170,11B,70,2025-03-30,02:58,89,"","Lover",2019-08-23,55,12,0,56,10,10,-6,A Major,4,1BxfuPKGuaTgP7aM0Bbdwr,USUG11901472
488,"Call Me Maybe","Carly Rae Jepsen",120,9B,58,2025-03-30,03:13,65,"","Kiss",2012-01-01,78,1,0,66,0,10,-7,G Major,4,4L3Vw8hTyqJ1AdyypY4e61,CAB391100615
489,"像极了","Ryan.B",105,11B,64,2025-03-30,03:14,58,"chinese r&b, c-pop, mandopop, chinese hip hop","像极了",2019-11-15,66,7,0,66,0,0,-5,A Major,4,0UpHEi794wCm1QMSLV6J4M,FRX201932479
490,"wish u were gone.","slone",148,4B,43,2025-03-30,02:13,55,"","wish u were gone.",2023-06-02,65,68,0,44,0,10,-9,G#/A♭ Major,4,1G4GFMIOxCvPJusmWWcWrz,QZVEM2328910
491,"comethru","Jeremy Zucker",94,8B,18,2025-03-30,03:01,73,"","summer,",2018-09-28,80,61,0,61,0,60,-12,C Major,4,18uwL0vNUanqZH0ro2QcOP,USUM71813455
492,"Jumping Machine (跳楼机)","LBI利比",128,2B,53,2025-03-30,03:21,74,"chinese r&b, mandopop, c-pop","Jumping Machine (跳楼机)",2025-01-23,61,66,0,35,0,10,-8,F#/G♭ Major,4,1XZE0InCx3SdCnLpVsPpZl,QNSM12402701
493,"What Am I","Why Don't We",164,5A,65,2025-03-30,03:04,62,"","Big Plans",2019-01-17,61,7,0,37,0,10,-5,C Minor,4,0TMGV2zMZXOILVtQLtkI3G,USAT21904049
494,"Make A Move","EMMA WAHLIN",124,8A,59,2025-03-30,03:09,53,"","Make A Move",2019-02-06,82,1,15,38,0,10,-7,A Minor,4,4D9QMZ3n8OupOPdxU0MMBS,JPPO01805402
495,"13","LANY",134,1A,54,2025-03-30,03:54,77,"","LANY",2017-06-30,78,69,0,70,0,0,-8,G#/A♭ Minor,4,0WOvSEVpUGkNufX0w0M06F,GBUM71700717
496,"Star Song (Slowed + Reverb Remix)","Sally Sossa,Lil Durk",104,4B,57,2025-03-30,04:02,38,"chicago drill, drill","Life Of Sossa",2021-09-03,88,18,0,59,10,10,-3,G#/A♭ Major,4,08w5NM8VlyYSIrO6v42TdJ,USLD91734306
497,"Wrong (feat. Lil Tjay) - Remix","Luh Kel,Lil Tjay",120,8B,66,2025-04-01,03:15,47,"brooklyn drill, melodic rap","Wrong (feat. Lil Tjay) [Remix]",2020-04-10,66,24,0,43,0,20,-4,C Major,4,1Ml32gIRsMAQuUTEt8hwpZ,QMKSC1901031
498,"LV (feat. 百足 & Albert Connor) - Remix","LOM,S-Liam,MUKADE,Albert Connor",118,11B,89,2025-04-03,02:30,57,"j-rap","CHANDELIER DELUXE",2025-02-26,78,17,0,65,0,10,-4,A Major,4,65l6nF6k64nG94aY1rD7ZB,TCJPD2584167
499,"Crazy Life","Tiji Jojo",129,12A,55,2025-04-10,03:01,57,"j-rap, hip hop","FNF",2025-03-07,80,2,0,17,0,10,-7,C♯/D♭ Minor,4,7Mi566P98GwjuTmyDLHK9D,TCJPE2538812
500,"Kuso Bitch (2yremix) [Prod.Bmonument]","yel nagini",90,6B,54,2025-04-12,02:30,24,"","Kuso Bitch (2yremix) [Prod.Bmonument]",2024-10-10,60,12,1,30,0,10,-15,A#/B♭ Major,4,2konlyamqmSSzbbiV8yHdX,JPW462443583
501,"Lonely Night","Zirafu",105,4B,67,2025-04-12,02:25,53,"j-rap","Lonely Night",2024-10-05,71,30,0,76,0,10,-4,G#/A♭ Major,4,3CN7sVpeH0qt9dC6SCVAWT,TCJPC2409801
502,"What You Know Bout Love","Pop Smoke",84,6B,55,2025-04-13,02:40,52,"brooklyn drill, new york drill, drill","Shoot For The Stars Aim For The Moon",2020-07-03,71,65,0,54,30,10,-8,A#/B♭ Major,4,1tkg4EHVoqnhR6iFEXb60y,USUM72013339
503,"ホームタウン","My Hair is Bad",170,4B,42,2025-04-15,07:07,57,"j-pop","boys",2019-06-26,64,48,0,41,0,10,-14,G#/A♭ Major,4,6ocYdFNcNTRJkEA1OB94EE,JPPO01901606
504,"Never see u","Yvng xan",91,10B,61,2025-04-16,02:21,43,"j-rap","Never see u",2023-06-12,64,1,0,26,0,10,-8,D Major,4,0S5lbLT8wFEmR3h9Dy5Pel,TCJPW2336296
505,"Love Maze","BTS",150,11B,88,2025-04-16,03:41,70,"k-pop","Love Yourself 轉 'Tear'",2018-05-18,64,5,0,76,0,0,-5,A Major,4,4ROdFnoZNn2RTmwct0cVpx,QM4TX1817916
506,"Love Songs - Bonus","Kaash Paige",120,7B,36,2025-04-16,02:28,80,"","Parked Car Convos",2019-11-15,64,83,0,45,0,10,-11,F Major,4,6qL5UWxRSQYml9O99ozoLv,QZES71881447
507,"Ride (feat. Choppa Capone)","Bene Baby,Choppa Capone",127,11A,72,2025-04-16,03:32,48,"j-rap","Nerima Dreams",2024-11-18,68,22,0,50,0,10,-5,F#/G♭ Minor,4,0K3CmHr5f4oIecZ0ax3OKJ,TCJPC2463009
508,"ラストシーン","Ikimonogakari",80,10B,65,2025-04-19,06:04,46,"anime, j-pop, j-rock","ラストシーン／ぼくらのゆめ",2016-08-24,54,21,0,39,0,30,-5,D Major,4,06KAVn6lofXi28tilDkZ1X,JPU901601652
509,"AS IF IT'S YOUR LAST - KR Ver.","BLACKPINK",125,4B,85,2025-04-19,03:32,61,"k-pop","AS IF IT'S YOUR LAST (KR Ver.)",2017-07-20,78,7,0,51,0,0,-3,G#/A♭ Major,4,0onKPjKMVmROyBOItWnPcI,KRA401700174
510,"Through the Night","IU",79,4B,31,2025-04-19,04:13,61,"k-pop, k-ballad","Palette",2017-04-21,43,76,0,28,0,30,-7,G#/A♭ Major,4,3P3UA61WRQqwCXaoFOTENd,KRA381700868
511,"One Day","林 和希",75,1B,61,2025-04-25,04:05,54,"j-r&b, j-pop","I",2023-05-31,55,39,0,43,0,30,-6,B Major,4,1BCirwRnTv5fPwYmWtiUXT,JPX522300070
512,"ストーリー","Che'Nelle",128,2B,76,2025-04-27,03:50,53,"j-pop, j-r&b","ビリーヴ",2012-06-29,65,7,0,48,0,0,-2,F#/G♭ Major,4,6Acq3WrZL6Yh5cnt0rWW1E,JPTO01200100
513,"Hood Melody (feat. guca owl)","Carz,guca owl",128,8B,65,2025-04-28,03:53,52,"j-rap, hip hop","For The Street",2024-09-18,80,22,0,17,20,10,-6,C Major,4,05GwXcLDcE3DyvLckae32Y,TCJPB2490271
514,"恋をして","HY",74,7B,47,2025-05-01,06:03,55,"j-pop","恋をして",2024-12-11,23,3,0,21,0,10,-5,F Major,4,4SLpqkURxuWPY83DWOuJKc,JPPO02405571
515,"ねぇ","7,ZOT on the WAVE",100,8B,67,2025-05-01,02:34,46,"j-rap, hip hop","7",2023-11-29,76,1,0,44,0,0,-6,C Major,4,53kIk2DpmFWTdK0rCKbedp,TCJPY2311050
516,"UP!","호영레이블 (HOYOUNG LABEL)",126,7B,92,2025-05-05,01:57,33,"","UP!",2025-01-16,69,1,0,80,20,40,-2,F Major,4,5DK0BGKZan2B6M1Zdd2ZKx,KRB922500305
517,"結唄","香",78,7B,74,2025-05-05,04:03,44,"","結唄",2025-02-27,58,53,0,60,0,10,-4,F Major,4,5a9XJ0ckrGoW4Wji6Y7H5D,TCJPE2515660
518,"PUZZLE","Shota Shimizu",95,1B,71,2025-05-09,04:36,63,"j-pop, j-r&b","PUZZLE",2024-10-09,60,10,0,66,0,30,-4,B Major,4,09O5p1IP5i2xldBScLpXX7,JPU902403488
519,"4EVER U&I (feat. Rion)","SOLDIER-K,Rion",160,4A,71,2025-05-10,04:27,45,"j-rap, ","4EVER U&I (feat. Rion)",2025-04-10,62,72,0,45,0,30,-5,F Minor,4,1E78J9AtMXpxZHHOo67n6k,TCJPG2508181
520,"AEAO","Dynamicduo,DJ Premier",153,10B,76,2025-05-10,05:16,75,"k-rap, k-pop, east coast hip hop","A Giant Step",2014-07-16,45,6,0,58,10,10,-6,D Major,4,3TPvrMAd1hbPRXuHCRX0Pl,KRA381208477
521,"Shining you","Sam Kim",120,8B,41,2025-05-10,03:43,37,"k-ballad, k-pop","﻿Cinderella at 2AM OST Part 2",2024-08-25,59,86,0,33,0,0,-10,C Major,4,12yS3Hf1bShElOQ4TUkibQ,KSA002401983
522,"キミノセカイヘ","Shota Shimizu",95,7B,67,2025-05-16,02:49,34,"j-pop, j-r&b","PROUD",2016-03-30,41,35,32,55,0,10,-5,F Major,4,4SCUt7zF5FDt9J0slrQykd,JPU901600654
523,"HELLO","YUI",143,5A,66,2025-05-17,03:35,57,"anime, j-pop, j-rock","GREEN GARDEN POP",2012-12-05,67,14,0,83,0,0,-5,C Minor,4,5oWDINvszVh9Qph6G4epoe,JPSR01203601
524,"莫问归期","蒋雪儿Snow.J",140,12A,43,2025-05-28,03:39,60,"gufeng, c-pop, mandopop, vinahouse","莫问归期",2019-08-22,59,46,0,16,0,20,-9,C♯/D♭ Minor,4,61ZqMVbR9GlvKJ06AiQE1B,FR59R2213562
525,"莫问归期 - 河池DJ蒙仔 Remix","河池Dj蒙仔",115,10A,78,2025-05-28,02:22,0,"","莫问归期 (河池DJ蒙仔 Remix)",2024-12-09,79,13,0,82,10,0,-6,B Minor,4,4QGbJJFOHpxcdUEiqH3boQ,HKD012436767
526,"星奇摇 - DJ阿玄版","万能公式,DJ阿玄",113,10B,73,2025-05-28,03:01,55,"gufeng, vinahouse, ","星奇摇 (DJ阿玄版)",2025-04-11,79,10,1,57,0,10,-6,D Major,4,3yt6wvdDEiZxvYiUgCdPdO,FRX202542794
527,"Thank God","Rare of Breed",125,12A,70,2025-06-08,02:33,5,"christian hip hop, country christian, country hip hop, christian","GodTwang 3: The Next Chapter",2023-08-11,89,6,0,23,0,10,-4,C♯/D♭ Minor,4,7trHPPyA59HFxWKVuKVBOO,QZEQU2301185
528,"Dangerously","Ahyeon",112,9B,45,2025-06-08,02:13,0,"","Dangerously",2025-05-30,66,71,0,33,0,20,-5,G Major,3,1mb2PGQQ5CXnMHyCh6aiKR,QZTAU2560054
529,"はじまりの曲","Roga.",120,2B,44,2025-06-08,01:41,49,"","High Five!",2025-03-20,75,44,85,75,0,10,-13,F#/G♭ Major,4,5lHzvAFyE5qwSf28Wg39Y3,TCJPF2510390
530,"Hide Away - Alan Walker Remix","Daya,Alan Walker",130,10B,61,2025-06-08,02:17,55,"","Hide Away (Alan Walker Remix)",2024-05-10,87,2,2,51,0,0,-7,D Major,4,2hTlaUQWoevROx9V9oYt7f,SGB502397403
531,"茫","李润祺",130,1B,42,2025-06-08,03:47,58,"chinese r&b, c-pop, mandopop","茫",2020-11-15,59,55,0,21,0,0,-7,B Major,4,1ADWDuzQqmQRkSt5LlVjzV,HKG732027942
532,"沉溺（你让我的心不再结冰）","邹沛沛,Pank",101,10B,48,2025-06-08,03:13,66,"chinese r&b, c-pop, mandopop","沉溺（你让我的心不再结冰）",2023-03-29,56,59,0,23,0,10,-8,D Major,4,6NtVX4qwWMmAtNFaG485iq,CNUM72300085
533,"All About You","Dragon Pig,Cnballer,Cloud Wang,Bravex",95,12A,63,2025-06-08,03:23,48,"chinese hip hop, c-pop, chinese r&b, mandopop, ","All About You",2017-03-16,75,14,0,63,10,20,-4,C♯/D♭ Minor,4,5VeblB0ritE5Q31M8Hva9r,FR2X41714610
534,"失眠的夜","宋孟君,范川哲",140,10B,73,2025-06-08,03:25,49,"chinese r&b, c-pop, mandopop, ","失眠的夜",2021-06-16,65,54,0,57,0,10,-6,D Major,4,4h6RtAX0edA6qoUWAwe5eQ,HKG732140814
535,"一笑江湖 - DJ弹鼓版","闻人听書_",130,3A,63,2025-06-08,03:50,59,"gufeng, c-pop, mandopop","一笑江湖 (DJ版)",2023-10-12,85,1,4,97,0,0,-8,A#/B♭ Minor,4,0Zhz2M5XyepnbqxXk1Zd4O,DGA052352235
536,"苦茶 - 心动版","Yihuik苡慧,Aioz",128,11B,44,2025-06-08,03:03,53,"chinese r&b, c-pop, mandopop, chinese hip hop","苦茶 (心动版)",2021-09-03,79,25,0,70,0,10,-8,A Major,4,6DtRTnDhhHgSqkUCvCKOJ4,HKG732153826
537,"This Love","DAVICHI",139,11B,45,2025-06-08,03:45,65,"k-ballad, soundtrack, k-pop","Descendants Of The Sun Pt.3 (Original Television Soundtrack)",2016-03-03,41,74,0,21,0,10,-4,A Major,4,1mh5s6XJ3RLJBRPErACsHW,KRA341610132
538,"うれしい！たのしい！大好き！ - DOSCO prime Version","DREAMS COME TRUE",118,5A,87,2025-06-19,03:55,44,"j-pop, kayōkyoku, city pop","DOSCO prime",2020-11-20,64,10,0,82,0,40,-4,C Minor,4,680EygfS1nniv2HOsYOcoi,JPPO02002926
539,"YOUR WAY'S BETTER","Forrest Frank",146,9B,64,2025-06-19,03:18,75,"christian, christian pop, christian hip hop, worship, christian lo-fi, christian r&b","CHILD OF GOD (DELUXE)",2024-11-01,70,29,0,53,0,0,-7,G Major,4,7JDfWHxOFo63yQmVs5wSPM,QZJ842403434
540,"Heartbreak Anniversary","GIVĒON",130,8B,46,2025-06-22,03:16,73,"r&b","Heartbreak Anniversary",2020-02-21,62,56,0,59,0,10,-9,C Major,4,2QfznFotJNZmnIEYFdzE5T,USSM12000998
541,"Mama's Boy (feat. 7 & LEX) - N.I.T.O. ver.","KEIJU,7,LEX",133,2B,51,2025-06-24,04:14,45,"j-rap, hip hop, j-r&b","N.I.T.O.",2025-05-14,85,23,0,55,10,10,-6,F#/G♭ Major,4,6dNkkO2yTMansvrjZA5nwF,TCJPG2585189
542,"Eyes","3House",115,3B,35,2025-06-26,02:37,51,"j-r&b, j-rap","Terminal 3",2025-03-07,66,71,0,24,0,0,-9,C♯/D♭ Major,4,5sszUtqu4A00blgQWvWiQR,TCJPE2500797
543,"U&I","3House,Flower.far",135,12A,68,2025-06-26,02:55,47,"j-r&b, j-rap, t-pop, thai pop, thai hip hop","U&I",2023-09-08,81,30,0,75,0,10,-5,C♯/D♭ Minor,4,7KhbmlDu8zEi2RZU1hS8z5,TCJPW2397311
544,"曖昧Blue","Takaya Kawasaki",96,11B,59,2025-06-28,04:00,53,"j-pop","曖昧Blue",2025-03-14,61,49,0,45,0,40,-7,A Major,4,4emdiNIkXXHkHhWsEZtnuf,JPWP02570191
545,"bye bye","AYANE",93,10B,58,2025-06-30,02:48,43,"j-pop, j-r&b","#Twenty",2023-06-28,81,44,0,72,0,20,-6,D Major,4,0fqyUEID1QmCbGEp6A7TWc,JP92N2253770
546,"GOOD VIBES ONLY feat. JP THE WAVY, EXILE SHOKICHI","SALU,JP THE WAVY,EXILE SHOKICHI",166,4B,80,2025-06-30,03:21,47,"j-rap, j-r&b, hip hop, j-pop","GIFTED",2019-12-04,74,53,0,92,20,10,-6,G#/A♭ Major,4,02qDk0sngobDvg3LUdt9Y0,JPV691900010
547,"Only me","BLOOD BOY,Nozomi Kitay",154,1A,69,2025-06-30,01:54,50,"j-rap, j-r&b, j-pop","Only me",2024-04-24,75,26,0,63,0,20,-5,G#/A♭ Minor,4,6XsVcFnSxLQe2qhGE97XeP,TCJPZ2468938
548,"L7 Blues","LANA",150,2B,81,2025-06-30,02:21,43,"j-rap, hip hop","20",2024-11-13,82,5,0,36,20,30,-5,F#/G♭ Major,4,06IUTNLXLlUVyZN9QmTFkG,JPB602301246
549,"What's Luv? (feat. Ja-Rule & Ashanti)","Fat Joe,Ja Rule,Ashanti",94,4B,71,2025-07-02,04:27,78,"east coast hip hop, r&b","Jealous Ones Still Envy (J.O.S.E)",2001-12-04,84,2,0,92,0,10,-5,G#/A♭ Major,4,2mKouqwAIdQnMP43zxR89r,USAT20110293
550,"マイハートハードピンチ","Soutaiseiriron",128,10A,73,2025-07-03,03:09,54,"japanese indie, shibuya-kei, j-rock, j-pop","シンクロニシティーン",2010-04-10,80,12,0,88,0,0,-7,B Minor,4,3qKA5OxfyYfE0gJtuKLzC0,TCJPE1669891
551,"バラード","Ketsumeishi",140,5B,70,2025-07-05,06:57,26,"j-pop, j-rap","バラード/君とつくる未来",2011-01-26,54,7,0,28,0,20,-5,D#/E♭ Major,4,48eozmLEzKNSebCHps4Rof,JPTF01010101
552,"何なんw","Fujii Kaze",90,9B,73,2025-07-08,05:20,66,"j-pop","HELP EVER HURT NEVER",2020-05-20,63,39,0,69,10,10,-7,G Major,4,2Nl3vx5qRnATIckVRZxb4T,JPPO01904282
553,"Mom & Dad","STUTS,ZOT on the WAVE,Kaneee,7",103,7A,76,2025-07-09,02:51,49,"j-rap, j-r&b, hip hop","Mom & Dad",2025-06-18,79,31,0,49,0,10,-6,D Minor,4,2iqnWaABeoHev1hcKP5BzL,JPJ902502710
554,"HATE YOU (feat. おとは)","Shinnosuke,おとは",98,4B,88,2025-07-09,02:50,43,"j-rap, j-pop, ","MINT",2024-10-10,78,6,0,93,0,0,-4,G#/A♭ Major,4,1ZaSrr7GCJUoAibJtP501u,TCJPC2414751
555,"Trust Me (feat. Crystal Kay & Shurkn Pap)","IO,Crystal Kay,Shurkn Pap",174,8B,49,2025-07-12,03:45,49,"j-rap, j-r&b, j-pop","JUST ALBUM",2025-07-12,74,39,0,45,10,0,-7,C Major,4,7CBD8CL7IWCowUzvNBtkwS,TCJPJ2586764
556,"Racin’","IO,Kohjiya",101,4B,66,2025-07-12,02:37,51,"j-rap, j-r&b, hip hop","four",2023-11-24,88,3,0,86,10,0,-6,G#/A♭ Major,4,3FLcwu7sZZMma8CiJL0ucO,JPPO02303169
557,"超最強","Cho Tokimeki Sendenbu",129,4B,95,2025-07-12,03:19,61,"j-pop","ときめきルールブック",2024-12-04,72,3,0,95,0,0,-2,G#/A♭ Major,4,0bcZS6ifbiPHNFZNX71fiK,JPB602403685
558,"曖昧Blue","Takaya Kawasaki",96,11B,59,2025-07-13,04:00,59,"j-pop","曖昧Blue",2025-05-16,61,49,0,45,0,40,-7,A Major,4,6pvO2QELREHmVc0xyWU2z6,JPWP02570191
559,"Bill.","IO",141,8A,59,2025-07-15,03:07,42,"j-rap, j-r&b","Player's Ballad.",2019-06-18,71,23,0,56,0,0,-8,A Minor,4,3j21Tfa6OchyYT9OVl1CUK,JPPO01901826
560,"LION MELODY","JAKEN",148,6B,61,2025-07-16,02:25,46,"j-rap","SEA SIDE LAND",2025-05-30,64,6,0,42,0,10,-5,A#/B♭ Major,4,3OLr98qRKN5CHchOYrzAtG,TCJPI2503385
561,"キンモクセイ","オレンジスパイニクラブ",105,7B,76,2025-07-17,03:51,56,"j-pop","イラつくときはいつだって",2020-01-22,54,9,0,32,0,10,-4,F Major,4,2yXTuH22VMVjFME060zJRv,JPZ921913230
562,"inside you","milet",150,9B,66,2025-07-19,03:41,45,"anime, j-pop, j-rock","inside you EP",2019-03-04,47,1,0,29,0,0,-4,G Major,4,512a7MbnAlDSFA8R4CAFNc,JPU901900119
563,"1000日間","noa",130,9B,74,2025-07-20,03:23,66,"j-pop","1000日間",2025-04-23,54,0,0,58,0,10,-4,G Major,4,3HGHvxci8vnRg7RZ5E6lzi,TCJPG2502496
564,"Perfect Blue","STUTS,ZOT on the WAVE,Tiji Jojo,Daichi Yamamoto,RYO-Z",98,4A,74,2025-07-20,03:22,57,"j-rap, j-r&b, hip hop","Perfect Blue",2025-07-02,81,8,0,67,0,30,-5,F Minor,4,4isltDchfXCDrGCNd8iupg,JPJ902502910
565,"Stand The Rain","Kohjiya",170,1B,72,2025-07-20,02:50,44,"j-rap, hip hop","Stand The Rain",2025-07-02,59,1,0,34,0,0,-5,B Major,4,1MJ8HSeqOysilBYxHAkjFX,TCJPI2564135
566,"Erika (feat. DADA)","AZU,DADA",125,5A,62,2025-07-20,03:35,53,"j-rap, hip hop","Fear",2024-02-22,80,28,0,53,0,10,-3,C Minor,4,47AFXtZnq9FwZffiIMKX1O,TCJPZ2416326
567,"魔法の絨毯","Takaya Kawasaki",74,3A,31,2025-07-20,03:28,67,"j-pop","I believe in you",2018-03-14,62,78,0,57,0,10,-6,A#/B♭ Minor,4,3PK5ERLCyMuQ5Cb89GbZVL,JPWP02100678
568,"チイサナシアワセ","Swagcky",166,9B,69,2025-07-20,03:26,39,"j-pop","チイサナシアワセ",2024-08-14,63,30,0,77,0,0,-5,G Major,4,10t9yEthcFpZxcXObkJ6LC,JPB602402765
569,"七ノ歌","RADWIMPS",140,4B,73,2025-07-20,06:32,62,"anime, j-pop, j-rock","アルトコロニーの定理",2009-03-11,51,2,0,34,0,30,-4,G#/A♭ Major,4,4EpwqS9apNxLTTB2XZTWdu,JPTO00900147
570,"君がくれた夏","Leo Ieiri",170,3B,62,2025-07-21,04:18,58,"j-pop","WE",2016-07-06,51,31,0,46,0,10,-4,C♯/D♭ Major,4,6woHdm2NKm0RHbuO7qt4ww,JPVI01524330
571,"No Follow (feat. DADA)","AZU,DADA",108,11B,77,2025-07-22,02:59,49,"j-rap, hip hop","Aurora",2025-01-11,79,4,1,30,0,10,-5,A Major,4,4DBZjUJJIvvtPCA4Msg7ff,TCJPD2433958
572,"I gotta go","DADA,AZU",151,12A,60,2025-07-22,02:56,44,"j-rap, hip hop","Changes",2022-07-30,75,43,0,15,0,10,-6,C♯/D♭ Minor,4,7oG5zrpdz2lNxDaViBWAuy,TCJPS2252338
573,"DOWN","DADA",174,6A,68,2025-07-22,02:46,52,"j-rap, hip hop","Yours",2021-08-06,69,27,0,62,20,0,-6,G Minor,4,7exa1opd1nGdlWFhV3x48R,TCJPP2125635
574,"しあわせ","SPICY CHOCOLATE,Ms.OOJA,SALU",82,11B,65,2025-07-25,04:30,48,"j-pop, j-r&b, j-rap, city pop, kayōkyoku","渋谷純愛物語",2014-10-15,44,40,0,28,0,0,-6,A Major,4,0Cc9KDb9a5ParA0QFVALCF,JPPO01409359
575,"ずっと","SPICY CHOCOLATE,HAN-KUN,TEE",95,7B,85,2025-07-25,05:17,52,"j-pop, j-r&b, j-rap, reggae","渋谷 RAGGA SWEET COLLECTION 2",2012-09-05,65,52,0,61,0,20,-3,F Major,4,2NOSGdx1gay1DOaGVPebHw,JPPO01217486
576,"OMAE (feat. 百足 & 韻マン)","JAKEN,MUKADE,INMAN",105,4B,70,2025-07-28,03:41,51,"j-rap","SEA SIDE LAND",2025-05-30,55,2,0,39,0,20,-8,G#/A♭ Major,4,31sIpeu4fPODJhIUgbjZA3,TCJPC2420864
577,"by my side (feat. J1rock)","Yvng xan,J1rock",138,1A,56,2025-07-31,03:03,32,"j-rap, ","by my side (feat. J1rock)",2024-01-01,66,26,0,32,0,10,-8,G#/A♭ Minor,4,614SoTJhapkcSskJKFGgie,TCJPY2370687
578,"by my side","SUTEZENI",120,12A,82,2025-07-31,04:49,50,"j-rap","by my side",2025-07-30,88,43,0,92,0,20,-4,C♯/D♭ Minor,4,47FdTZdjdRJikiBNA8LXdu,JPU902502658
579,"M.B.T.! (feat. 百足 & YOSHIKI EZAKI)","ZELE,MUKADE,YOSHIKI EZAKI",107,10B,72,2025-08-01,02:29,43,"j-rap","M.B.T.!",2024-11-15,68,9,0,56,0,10,-6,D Major,4,5QvZWezgl3MqzmMQfeH7g9,TCJPC2453931
580,"BLUE","BIGBANG",125,9B,73,2025-08-01,03:54,45,"k-pop","THE BEST OF BIGBANG 2006-2014",2014-11-26,59,4,0,44,0,0,-6,G Major,4,1a0y8jidcUHH83MXfJgW31,JPB601211902
581,"会いたいわ","iri",144,11B,54,2025-08-01,04:31,48,"j-r&b, j-pop, japanese indie, j-rap, city pop","2016-2020",2021-10-27,76,45,0,61,0,0,-5,A Major,4,7nLAfMQtlDHII3wczJH9C2,JPVI01737720
582,"Loyal (feat. Lil Wayne & Tyga)","Chris Brown,Lil Wayne,Tyga",99,3A,52,2025-08-02,04:24,81,"r&b, rap, hip hop, ","X (Expanded Edition)",2014-09-16,84,2,0,62,0,10,-6,A#/B♭ Minor,4,5BrTUo0xP1wKXLJWUaGFtk,USRC11400614
583,"Lay It Down","Lloyd",156,12A,79,2025-08-06,04:00,60,"r&b","King Of Hearts",2011-01-01,52,2,0,53,0,0,-5,C♯/D♭ Minor,4,0xM8GcOTYlxy9ERBV8Ksx1,USUM71021687
584,"miki","SUTEZENI",172,8B,46,2025-08-08,03:25,42,"j-rap","Sup??",2021-12-24,77,35,0,72,10,10,-8,C Major,4,7nvJkMwUzfbHL5GNzYl3Dx,TCJPQ2135481
585,"Baby.U","idom",106,10A,81,2025-08-08,02:54,45,"j-r&b, j-rap, j-pop","Baby.U",2025-02-21,68,16,0,68,0,30,-4,B Minor,4,3wsVZd2oGjASDK2LfMo7eT,JPU902500392
586,"Rainbow Road","KOTA",116,8B,45,2025-08-15,02:24,54,"j-rap","Rainbow Road",2020-09-18,71,48,0,43,0,0,-10,C Major,4,7xqKP7x0zO9DY2IEIC2Arn,TCJPM2048302
587,"纏","TENSONG",87,10B,71,2025-08-16,05:20,58,"j-pop","纏",2021-07-23,63,9,0,44,0,10,-5,D Major,4,3KCaIVkzYuHE9jtJ3oD5sd,TCJPP2119771
588,"眠り姫","SEKAI NO OWARI",97,6B,82,2025-08-23,05:26,63,"j-pop, anime","ENTERTAINMENT",2012-07-18,34,17,0,40,0,10,-5,A#/B♭ Major,4,0GTz1mytQUBlGaSF7s4Rdz,JPTF01208401
589,"MAGIC","SEKAI NO OWARI",175,9B,84,2025-08-23,04:38,54,"j-pop, anime","Dragon Night",2014-10-15,36,27,0,64,0,10,-4,G Major,4,4qyGU4DyGaRobLMhpZxEMX,JPTF01413602
590,"蘭亭序","Jay Chou",152,10B,54,2025-08-26,04:13,57,"mandopop, c-pop, taiwanese pop, gufeng, cantopop, chinese r&b","魔杰座",2008-10-15,44,32,0,35,0,30,-8,D Major,4,0nFB06940icgftyz7019el,TWK970801507
591,"Pain (feat. Watson)","AZU,Watson",143,9B,90,2025-09-01,02:19,41,"j-rap, hip hop","Inside Me",2023-04-13,63,13,0,71,10,0,-5,G Major,4,59R9Y0vSYI9mrBhjjq5Ash,TCJPV2339311
592,"Dawn","DADA,AZU",84,4B,59,2025-09-01,02:51,50,"j-rap, hip hop","Changes",2022-07-30,58,13,0,25,0,10,-4,G#/A♭ Major,4,7qTaUbJawvCWs0MHzkqqTE,TCJPS2252287
593,"Enemy (feat. AZU)","DADA,AZU",75,3B,60,2025-09-01,03:00,48,"j-rap, hip hop, j-r&b, anime, j-pop","Yours",2021-08-06,71,46,0,30,0,20,-5,C♯/D♭ Major,4,5eNI1LUDjh1GSUtPAP6zAj,TCJPP2125639
594,"HIT IT!!! (feat. AZU)","DADA,AZU",140,8B,96,2025-09-01,02:53,38,"j-rap, hip hop, j-r&b, anime, j-pop","Mine",2021-10-02,57,13,0,35,0,10,-4,C Major,4,5K9XP5ICHUJFsYB2pAjoik,TCJPP2174159
595,"Regardless (feat. 柊人)","AZU,Shootz",128,2B,53,2025-09-01,02:31,33,"j-rap, j-r&b","Inside Me",2023-04-13,68,64,0,52,0,10,-8,F#/G♭ Major,4,44LTpKa60EsHXlm7giWD4o,TCJPV2339314
596,"Aching","AZU,who28",89,10B,88,2025-09-01,02:41,0,"j-rap, hyperpop","Aching",2024-09-18,53,33,0,54,0,40,-3,D Major,4,3hdi24nlcSbZapLNlKs1ND,TCJPB2473885
597,"One more time, One more chance","Masayoshi Yamazaki",129,10A,41,2025-10-04,05:30,60,"j-pop, kayōkyoku","HOME",1997-00-00,55,72,0,33,0,10,-8,B Minor,4,5YRDGgdOshUPA17m7yzY7p,JPPO09612051
598,"Sweet friends","Crystal Kay",63,11A,86,2025-10-06,03:23,49,"j-r&b, j-pop","Kiss",2005-00-00,57,5,0,63,0,10,-6,F#/G♭ Minor,4,1d9wx1OlLiSIJnrtJzATKp,JPES00401883
599,"ジレンマ","DECO*27",94,3B,90,2025-10-06,02:46,48,"vocaloid, j-pop","MANNEQUIN",2022-03-09,57,2,1,83,0,20,-4,C♯/D♭ Major,4,20iNflPZ6vShqVhatAvrUf,JPR502200274
600,"ネオンサイン","Яu-a",139,1B,51,2025-10-06,02:06,57,"","ネオンサイン",2024-01-06,79,4,0,97,0,10,-12,B Major,4,4vdCEMMrszte8bq8wldn1T,JPWP02500263
601,"Martini Blue","DPR LIVE",140,10A,55,2025-10-08,03:15,57,"k-rap","Her",2017-12-07,77,40,0,88,10,10,-7,B Minor,4,7zDu3l7DDlfSlt20YMKkWo,KRA381702796
602,"Too Bad Day But...","Kvi Baba",95,3B,66,2025-10-08,02:53,47,"j-rap","Too Bad Day But...",2021-06-30,81,25,0,54,0,10,-8,C♯/D♭ Major,4,675PPWzPXJHCjTpSwdRO4G,JPTF02116201
603,"Merry Christmas Mr. Lawrence","Ryuichi Sakamoto",105,3A,18,2025-10-17,04:46,50,"japanese classical, ambient","1996",1996-00-00,48,95,85,25,0,10,-18,A#/B♭ Minor,4,6WY4wvlmgccWapnIg14Vy0,JPFL09704560
604,"What About","Blaxian",77,2B,26,2025-11-02,03:34,54,"","What About",2020-10-02,71,80,0,47,0,10,-11,F#/G♭ Major,4,74RNMSxi9get9yK90yC5se,QZMEM2028258
605,"最好的我＋50feet","山神公子",123,6B,48,2025-11-15,02:06,3,"","大东北",2025-11-05,55,26,0,26,10,30,-10,A#/B♭ Major,4,7ESt3tVsIp4ipylZrklx29,QT6EE2580210
606,"あなたがいることで","Uru",147,9B,50,2025-11-22,05:16,65,"j-pop, anime","オリオンブルー (Special Edition)",2020-03-18,51,68,0,25,0,10,-5,G Major,4,2AVbKUuvvzbPK6NIZZZvcY,JPU902000080
607,"1LDK","Thelma Aoyama",78,9B,69,2025-11-26,04:37,49,"j-r&b, j-pop, j-rap","Scorpion Moon",2021-10-27,70,19,0,19,0,10,-6,G Major,4,53Qk2G67SS6RFetGQNDrje,JPPO01904139
608,"勇者たち","Miliyah",88,8B,86,2025-11-26,06:16,29,"j-r&b, j-pop","TRUE LOVERS",2012-11-21,60,67,0,70,10,40,-5,C Major,4,4YMEqpMEFZ1KHEliWaDwhU,JPSR01100401
609,"Like a Flower","LANA",92,11B,48,2025-11-26,02:31,61,"j-rap, hip hop","Like a Flower",2025-09-24,68,32,0,53,0,20,-4,A Major,4,3SS77BL8QoIWyoK0u7pDGQ,JPB602503462
610,"꿈에서라도","Zia",73,3A,57,2025-11-26,04:13,0,"k-ballad","Jang Ok-Jung, Pt. 2 (Original Television Soundtrack)",2013-04-23,45,79,0,48,0,10,-6,A#/B♭ Minor,4,4y4wy6NQgCLDPYVXmpKypj,QZEKE1808155
611,"비가","Lim Jae Beum",136,10A,63,2025-11-26,03:51,0,"k-ballad","Jang Ok-Jung (Original Television Soundtrack)",2013-06-17,42,45,0,30,0,10,-5,B Minor,4,7DyE5TwIE7KKA5CAgIRo8r,QZEKE1808165
612,"My baby","Ken",96,10B,58,2025-12-03,02:09,46,"j-rap","Youth play",2020-07-01,85,16,0,43,10,0,-8,D Major,4,1LGmpm3bj4wO94Ns2BSTOk,TCJPL2092026
613,"Pt. 2: My Love Is Hurt (From  Gu Family Book )","Lee Sang Gon",132,5B,52,2025-12-17,04:34,0,"k-ballad","Gu Family Book (Music from the Original TV Series)",2014-08-06,52,62,0,48,0,30,-7,D#/E♭ Major,4,7uKSapYB5ex9aJNRseMyOe,SEYOK1416614
614,"Pt. 4: Spring Rain (From  Gu Family Book )","Baek Z Young",140,4B,37,2025-12-17,03:41,0,"k-ballad","Gu Family Book (Music from the Original TV Series)",2014-08-06,30,78,0,24,0,10,-6,G#/A♭ Major,4,2GtPEh1GinGFGV8ATKRWJR,SEYOK1416615
615,"Spring Is Gone by chance","Loco,YUJU",98,9B,75,2025-12-17,03:21,0,"k-rap, k-pop, k-ballad","Girl Who Sees Smell OST Part.2",2015-04-08,79,63,0,55,0,20,-4,G Major,4,5A0ut5JjeNLgGaScBIRyBU,KRA381210349
616,"Fox rain (Main theme)","Lee Sun Hee",140,7B,52,2025-12-17,04:12,30,"k-ballad","Drama OST My girlfriend is Gumiho",2010-09-02,56,62,0,32,0,10,-7,F Major,3,27HCzqugmFoWdcDCySKkph,KRA381704186
617,"After A Long Time","Baek Z Young",64,11B,57,2025-12-17,03:21,0,"k-ballad","Rooftop Prince OST Part.1 (feat. Ali)",2012-05-05,35,75,0,35,0,20,-7,A Major,4,7MyPvDJptZzYkB0LKZnNzq,SEYOK1210114
618,"Happy Ending","Jay Park",125,10B,73,2025-12-17,03:14,0,"k-rap, k-pop","Rooftop Prince OST Part.2",2012-03-29,68,21,0,81,0,0,-1,D Major,4,2gW6RaEjqaKCbxWGfJIayu,KRA382321930
619,"떨어진다 눈물이","WAX",140,7B,51,2025-12-17,04:40,21,"k-ballad","I Miss You (Original Television Soundtrack)",2013-01-16,43,77,0,21,0,10,-4,F Major,4,3rRmB4whwTEWWcEsK9SdS9,KRA381202589
620,"바라보나봐","Jung Dong Ha",134,2A,35,2025-12-17,04:34,11,"k-ballad","I Miss You (Original Television Soundtrack)",2013-01-16,45,70,0,14,0,10,-7,D#/E♭ Minor,4,6RuxdxTleOOcPcCpKQTJk9,KRA381202590
621,"니 얼굴 떠올라 (feat. 스윙스)","BYUL,Swings",90,8B,48,2025-12-17,03:33,16,"k-ballad, k-rap","I Miss You (Original Television Soundtrack)",2013-01-16,50,65,0,58,0,0,-7,C Major,4,3fs2YzvkwJqzqtOr2P3nkT,KRA381202591
622,"Built for This","Dark Matter Beats",127,2B,63,2025-12-23,02:00,34,"","Scars and Sermons",2025-10-02,57,42,0,21,0,20,-8,F#/G♭ Major,4,57mUkyuP4JQLYEWnTCgdY2,QT65Z2552446
623,"1999","Hitsujibungaku",132,10A,77,2025-12-23,04:49,56,"japanese indie, j-pop, anime, j-rock, shoegaze","1999",2018-12-05,54,19,0,37,0,10,-4,B Minor,4,5664npiyyvli6veD4VINZ1,JPJ901815910
624,"夢をみせて - From THE FIRST TAKE","Cö shu Nie",79,7B,42,2026-01-01,04:56,51,"anime, j-rock, j-pop","7 Deadly Guilt",2024-09-04,52,40,0,29,10,30,-9,F Major,4,0xYWqZ3kzMpHiJQ5M3sutE,JPU902402614
625,"IRIS OUT","Kenshi Yonezu",135,3B,80,2026-01-06,02:31,85,"j-pop, anime, j-rock","IRIS OUT",2025-09-15,75,1,0,89,10,0,-6,C♯/D♭ Major,4,59hVbgr8rfYkDbHfr8RcGI,JPU902502821
626,"春雷","Kenshi Yonezu",124,4A,88,2026-01-06,04:48,68,"j-pop, anime, j-rock","BOOTLEG",2017-11-01,69,20,0,88,0,0,-3,F Minor,4,6megNXGjmim4OitjZnIn9v,JPU901702919
627,"Yes or No","MUKADE",184,3B,67,2026-01-06,03:54,43,"j-rap","Orange",2024-02-01,55,12,0,21,0,10,-7,C♯/D♭ Major,4,1FJUF0zBdZycxYyztopOB0,TCJPY2498476
628,"W / X / Y","Tani Yuuki",104,10B,78,2026-01-06,04:39,60,"j-pop","W / X / Y",2021-05-26,48,16,0,67,0,30,-4,D Major,3,6ybLgHBGIxR8R6IIVmaipO,TCJPO2170278
629,"WISH","Nissy",124,9B,53,2026-01-06,05:15,51,"j-pop","HOCUS POCUS 4",2024-10-18,69,53,0,42,0,10,-6,G Major,4,1mrnYMma68N6jPZzP1GmqA,JP92N2499256
630,"Collision","Stray Kids",150,5B,78,2026-01-06,02:37,54,"k-pop, noise music","5-STAR",2023-06-02,73,22,0,54,0,20,-4,D#/E♭ Major,4,66XSjjwZLBJ55s5ZhdlxkP,US5TA2300040
631,"어질어질 (Outta My Head)","JEON SOMI",130,5B,49,2026-01-06,03:08,50,"k-pop","BIRTHDAY",2019-06-13,72,39,0,58,0,30,-7,D#/E♭ Major,4,0NaccQM71LPaoSS8EZ0KhW,KRA401900044
632,"最後の優しさ","JAY'ED",132,8B,57,2026-01-23,04:17,60,"j-r&b, j-pop, j-rap","最後の優しさ/SUNLIGHT",2009-02-04,59,7,0,19,0,10,-6,C Major,4,5uPPjzPAByU3fRE3QhhHcz,JPTF00900101
633,"レイニー ブルー","Hideaki Tokunaga",72,12B,46,2026-01-23,04:21,59,"kayōkyoku, j-pop, enka","Girl",1986-00-00,56,23,0,11,0,10,-9,E Major,4,5kAVO1ze23GNRjVr0paoxy,JPKT00202700
634,"卒業写真","Hideaki Tokunaga",138,11B,18,2026-01-26,04:31,26,"kayōkyoku, j-pop, enka","VOCALIST",2005-11-01,53,91,1,25,0,10,-15,A Major,4,0R1UNHnzue9Qnvd8Kc7a3G,JPPO00518370
635,"MONTAGEM HIKARI","BellyJay",130,8B,87,2026-01-29,01:29,74,"phonk, brazilian phonk, funk","MONTAGEM HIKARI",2026-01-14,66,9,0,51,10,10,-2,C Major,4,0XqgE9UN4MCo5ooIwUYm7l,FR10S2620775
636,"NO BATIDÃO","ZXKAI,slxughter",130,3B,96,2026-01-29,01:29,88,"phonk, brazilian phonk","NO BATIDÃO",2025-09-05,64,14,0,89,0,10,1,C♯/D♭ Major,4,7vg9noSnFEyPfwLiaCW4vi,QMFME2517989
637,"No.5","LANA",145,8B,84,2026-02-09,03:05,63,"j-rap, hip hop","20",2024-11-13,75,4,0,78,0,30,-4,C Major,4,55TarCmm2umLi8nd0db4tZ,JPB602403752
638,"ママへ","AI",172,2B,71,2026-02-09,04:00,52,"j-pop, j-r&b, j-rap","MORIAGARO",2013-07-17,46,61,0,18,0,10,-5,F#/G♭ Major,4,18BPGbucBL0d0BNovfuzGl,JPTO01300730
639,"きみのママより","Etsuko Hatsuta",76,12B,59,2026-02-09,05:42,37,"","きみのママより",2009-02-25,54,30,0,41,0,0,-6,E Major,4,4bWJjlLLKCqrWHKPfH1lOJ,JPU900900001
640,"OH MY LITTLE GIRL","Yutaka Ozaki",138,10B,51,2026-02-10,04:35,52,"kayōkyoku, j-pop, enka","愛すべきものすべてに　-YUTAKA OZAKI BEST",1983-00-00,58,16,0,23,0,10,-7,D Major,4,4w8BWDyfDxlNLWKQaiUhmd,JPSR08336990
641,"明日晴れるかな","Keisuke Kuwata",144,7B,71,2026-02-17,05:13,53,"j-pop, kayōkyoku","I LOVE YOU -now & forever-",2012-07-18,47,61,0,50,0,10,-5,F Major,4,5y7CXLf3tMPIShRaeBLcc0,JPVI00717280
642,"SAD SONG","CHANMINA",172,7B,85,2026-02-18,03:37,63,"j-pop, j-rap","SAD SONG",2019-08-07,50,0,0,65,0,10,-5,F Major,4,0mlCDt9UWfQNY0pxk5jbJK,JPWP01970538
643,"Chocolate","CHANMINA",92,8B,74,2026-02-18,03:02,61,"j-pop, j-rap","CHOCOLATE",2017-11-15,80,6,0,27,0,0,-5,C Major,4,6CU3VvoeQgkg4Wb1vS0zj7,JPVI01735720
644,"白い恋人達","Keisuke Kuwata",75,9B,61,2026-02-18,04:40,57,"j-pop, kayōkyoku","TOP OF THE POPS",2002-11-27,42,52,0,37,0,20,-7,G Major,4,5hFHG3UfvrOfhcV8anlU8g,JPVI00131500
645,"you","林 和希",108,10B,65,2026-02-28,05:17,57,"j-r&b, j-pop","to",2025-11-10,41,47,0,22,0,0,-6,D Major,4,74vKTeU9SYikaMZZAAfmXj,JPX522500202
646,"Anniversary","林 和希",128,8B,64,2026-02-28,04:47,49,"j-r&b, j-pop","to",2025-11-10,57,3,0,20,0,10,-7,C Major,4,7BTWdDOUeaiyq5k13c3QY7,JPX522500204
647,"Sign","YRD Leo",168,8B,50,2026-02-28,02:55,50,"j-rap","Sign",2022-11-28,66,56,0,24,0,10,-9,C Major,4,0Os3RyzDGZunhO1ELCT9o0,TCJPT2271587
648,"GANGSTA LOVE","MC TYSON",93,3B,71,2026-02-28,02:27,56,"j-rap, hip hop","THE MESSAGE 5",2023-04-12,82,24,0,73,10,10,-5,C♯/D♭ Major,4,5Yw3uGzPsCxRWVQeeuGU8N,TCJPV2338719
649,"SHYでもいいよ","AISHA",94,7B,83,2026-02-28,03:31,40,"j-r&b, j-pop, anime","Pink Diamond",2015-11-25,78,2,0,78,10,30,-5,F Major,4,0XZMbYpgXoHPxMdex64x05,JPJ901505000
650,"Fuck U & Love U","Kvi Baba",85,1B,28,2026-02-28,01:55,49,"j-rap","Jesus Loves You",2023-03-31,89,51,0,76,10,10,-9,B Major,4,4kgSbWKaGDdUBIMSWrNDEh,JPTF02126001
651,"ぬくもり","Takaya Kawasaki",82,4B,61,2026-03-08,04:46,59,"j-pop","ぬくもり",2023-05-18,55,47,0,30,0,10,-6,G#/A♭ Major,4,1s410Rb0t77G2xPCZEXun9,JPWP02370253
652,"LOVE (feat. Choppa Capone)","Elle Teresa,Choppa Capone",126,11A,64,2026-03-17,03:10,54,"j-rap","KAWAII BUBBLY LOVELY Ⅲ",2023-09-13,81,2,0,65,0,0,-6,F#/G♭ Minor,4,5xPcOLFttpWB60skQKMRiq,TCJPX2337121
653,"napori","Vaundy",130,1B,37,2026-04-08,03:23,68,"j-pop, japanese indie, j-rock, anime","strobo",2020-05-27,90,40,0,48,20,10,-7,B Major,4,7hDX39mc6Uf6zp8RXYUQ6d,JPR652000114
654,"ひたすら","NAOYA",196,10B,56,2026-04-22,02:50,35,"maluku","ひたすら",2025-11-21,57,33,0,73,0,10,-11,D Major,4,6uGHRlUaghD4jec6kYlLHP,QT66L2540055