#,Song,Artist,BPM,Camelot,Energy,Added At,Duration,Popularity,Genres,Album,Album Date,Dance,Acoustic,Instrumental,Valence,Speech,Live,Loud (Db),Key,Time Signature,Spotify Track Id,ISRC
1,"Arabella","Arctic Monkeys",180,10B,56,2022-04-30,03:27,0,"indie, garage rock","AM",2013-01-01,58,2,0,51,0,20,-7,D Major,4,4FSm0Ca6Hzd7Vx7TpSfcSy,GBCEL1300365
2,"R U Mine?","Arctic Monkeys",97,11A,76,2022-04-30,03:21,83,"indie, garage rock","AM",2013-09-09,29,1,0,62,0,30,-6,F#/G♭ Minor,4,2AT8iROs4FQueDv2c8q2KE,GBCEL1300363
3,"One For The Road","Arctic Monkeys",180,8B,67,2022-04-30,03:26,70,"indie, garage rock","AM",2013-09-09,42,21,6,84,0,20,-7,C Major,4,6wNUBZNWFxdUGof6vkaykE,GBCEL1300364
4,"I Wanna Be Yours","Arctic Monkeys",68,5A,42,2022-04-30,03:03,0,"indie, garage rock","AM",2013-01-01,46,14,2,48,0,10,-9,C Minor,4,7a8GawTVgHZvBLQOh46he7,GBCEL1300373
5,"Daddy Issues","The Neighbourhood",85,6B,52,2022-04-30,04:20,86,"","Wiped Out!",2015-10-30,59,7,15,34,0,10,-9,A#/B♭ Major,4,5E30LdtzQTGqRvNd7l6kG5,USSM11506747
6,"Sweater Weather","The Neighbourhood",124,6B,81,2022-04-30,04:00,93,"","I Love You.",2013-04-22,61,5,2,40,0,10,-3,A#/B♭ Major,4,2QjOHCTQ1Jl3zawyYOpxh6,USSM11300080
7,"Why'd You Only Call Me When You're High?","Arctic Monkeys",92,10B,63,2022-04-30,02:41,0,"indie, garage rock","AM",2013-01-01,69,5,0,80,0,10,-6,D Major,4,48q0vSHcJdhK3IiXH8C5WJ,GBCEL1300370
8,"All My Tears","Emmylou Harris",131,11B,51,2022-05-01,03:21,20,"country rock, americana, folk, alt country, bluegrass, classic country, singer-songwriter","Wrecking Ball",2009-00-00,73,2,0,86,0,0,-13,A Major,4,5VQ65aAPzrY3JfSbkWtgkV,USNO11200336
9,"Red Right Hand - Peaky Blinders Theme;Flood Remix","Nick Cave & The Bad Seeds,Flood",116,8B,23,2022-04-30,06:20,1,"","Red Right Hand (Theme from 'Peaky Blinders')",1994-01-01,81,57,16,29,0,0,-16,C Major,4,7zecUVb4DCwf42vcv3fcbP,GB5KW1499411
10,"Sleepless","Ducey Gold,AyoWhit",157,7B,57,2022-04-30,02:29,6,"","Sleepless",2022-04-15,74,1,0,6,10,50,-8,F Major,4,7eT1Ith3JS1zhciYIS38MW,QZQAY2200676
11,"Tommy: 'I Will Continue…'","Cillian Murphy",0,4A,41,2022-04-30,00:08,0,"spoken word","Peaky Blinders (Original Music From The TV Series)",2019-11-08,0,29,0,0,0,30,-23,F Minor,0,1vSmSb4Ys9V0W2bRY7V1L5,GB2DY1900578
12,"Beat The Devil's Tattoo","Black Rebel Motorcycle Club",97,12B,91,2022-04-30,03:46,0,"southern gothic, garage rock, blues rock","Beat The Devil's Tattoo",2010-03-07,52,45,1,69,0,0,-3,E Major,4,2Wr7zFf78V0EghGjGKhoP0,USVR91057901
13,"All My Tears","Ane Brun",86,11B,17,2022-05-01,02:04,0,"","Rarities",2013-10-04,64,98,0,62,0,10,-11,A Major,4,2UZ8C6abrCuhjelaK1MFz1,SEVVQ1300303
14,"The River","Various Artists,Blues Saraceno",148,11A,44,2022-05-01,03:35,0,"southern gothic, blues rock, country rock, country blues","Dark Country 4",2016-02-01,50,6,0,43,0,20,-8,F#/G♭ Minor,4,56TmVrPjuVYF4QXKJoyVZF,GBBPP1601701
15,"Brooklyn Baby","Lana Del Rey",108,3B,66,2022-05-01,05:51,85,"","Ultraviolence (Deluxe)",2014-01-01,40,54,0,9,0,10,-7,C♯/D♭ Major,4,1NZs6n6hl8UuMaX0UC0YTz,GBUM71402169
16,"Knee Socks","Arctic Monkeys",98,10A,54,2022-05-02,04:17,0,"indie, garage rock","AM",2013-01-01,67,12,0,59,0,30,-8,B Minor,4,56fZFRtOSMIMyVh0ZIF0AT,GBCEL1300372
17,"Snap Out Of It","Arctic Monkeys",130,4A,64,2022-05-02,03:13,0,"indie, garage rock","AM",2013-01-01,73,25,0,87,0,10,-6,F Minor,4,7DVNEcKN7bE50N6xQ74mh2,GBCEL1300371
18,"Sweetie Little Jean","Cage The Elephant",136,11A,53,2022-05-02,03:44,56,"","Tell Me I'm Pretty",2015-12-18,52,3,0,37,0,20,-6,F#/G♭ Minor,4,4dpEYOPcmHNfvERbiajp3G,USRC11502823
19,"She's Not Gone Yet But She's Leaving","The Fratellis",120,10A,84,2022-05-02,03:50,0,"","We Need Medicine",2013-10-07,65,0,0,84,0,30,-6,B Minor,4,1ZeohNjdYKY1AANYak6fau,GB5KW1301062
20,"Sex, Drugs, Etc.","Beach Weather",144,9A,84,2022-05-02,03:16,0,"","Chit Chat",2016-11-04,57,1,1,47,0,50,-5,E Minor,4,04wODYKrbLNe7LTOaOPX3i,TCACS1642138
21,"West Coast - The Young Professionals Minimal Remix","Lana Del Rey,The Young Professionals",126,11A,72,2022-05-02,03:58,33,"","Remixes & Covers",2015-06-29,72,1,0,66,0,10,-5,F#/G♭ Minor,4,19ctE7OwzVXhyeQJCoWrFK,GBUM71403687
22,"Crazy","Gnarls Barkley",112,4B,74,2022-05-03,03:02,4,"","St. Elsewhere",2006-05-02,84,2,6,61,0,0,-2,G#/A♭ Major,4,2N5zMZX7YeL1tico8oQxa9,USAT20611041
23,"Two Shots (feat. gnash)","Goody Grace,gnash",130,9A,41,2022-05-29,02:59,41,"","Two Shots (feat. gnash)",2018-02-02,77,5,0,9,0,10,-9,E Minor,4,4LtUbIyBlc1PbK0w1Q244V,USAT21800504
24,"Vegas (From the Original Motion Picture Soundtrack ELVIS)","Doja Cat",160,1A,60,2022-06-06,03:02,73,"","Vegas (From the Original Motion Picture Soundtrack ELVIS)",2022-05-06,80,8,0,74,20,10,-8,G#/A♭ Minor,4,0hquQWY3xvYqN4qtiquniF,USRC12201441
25,"Sirens","Monolink",120,9A,67,2022-06-18,03:37,31,"melodic techno, melodic house, techno","Sirens",2017-11-24,75,24,6,20,0,40,-8,E Minor,4,26Mn55bgCtSvFXN0E52i17,DETO31700380
26,"I Need a Dollar","Aloe Blacc",96,12A,48,2022-06-18,04:03,0,"","Good Things",2011-03-18,84,18,0,95,0,0,-7,C♯/D♭ Minor,4,7nqhFb3g7ZtzOEV2QwvyBI,US2S71045001
27,"Cocaine","Royce Da 5'9 ",86,3B,57,2022-06-18,03:33,0,"","Book of Ryan (Bonus Track Edition)",2018-05-04,73,13,0,21,10,0,-4,C♯/D♭ Major,4,7ssUSWeSEosoWPy4aac57x,USKO11800392
28,"Afraid","The Neighbourhood",84,11A,70,2022-06-18,04:11,80,"","I Love You.",2013-04-22,46,1,31,36,0,30,-6,F#/G♭ Minor,4,7brQHA2CgQpcMBiOlfiXYb,USSM11300889
29,"Stop The World I Wanna Get Off With You","Arctic Monkeys",95,11A,72,2022-06-18,03:11,0,"indie, garage rock","Why'd You Only Call Me When You're High?",2013-01-01,66,6,0,55,0,10,-7,F#/G♭ Minor,4,5dKf0sdBYTZoWaRvux9WHE,GBCEL1300397
30,"Lady in the Wall","Danny Knutelsky",120,11B,53,2022-06-18,02:47,42,"","Lady in the Wall",2020-05-27,74,18,0,48,0,10,-8,A Major,5,6V46LfMpdJWfhDImW2JT7t,QZHN42041453
31,"High Enough","K.Flay",89,8B,62,2022-06-18,03:51,72,"","Every Where Is Some Where",2017-04-07,61,3,9,54,0,10,-5,C Major,4,1qwno7xb5mJe71xtMS6jl2,USUM71701789
32,"American Money","BØRNS",135,11A,87,2022-06-18,04:20,67,"","Dopamine",2015-10-16,54,2,0,33,0,10,-5,F#/G♭ Minor,4,4AewKenHXKBt643p473xCk,USUM71510887
33,"You Know Me Too Well","Nothing But Thieves",136,10A,69,2022-06-18,03:53,58,"","What Did You Think When You Made Me This Way?",2018-10-19,61,0,0,77,0,20,-5,B Minor,4,1BpmL4NBhX2P7GxuoVtojI,GBARL1801208
34,"Cigarette Daydreams","Cage The Elephant",114,10B,68,2022-06-18,03:28,80,"","Melophobia",2013-10-08,64,8,0,27,0,0,-3,D Major,4,2tznHmp70DxMyr2XhWLOW0,USRC11301169
35,"Black Out Days - Future Islands Remix","Phantogram,Future Islands",170,9A,48,2022-06-18,04:08,65,"","Black Out Days (Future Islands Remix)",2017-09-01,48,0,78,12,0,10,-9,E Minor,4,3kxkjirben9RVm9NqYa6rm,USUM71415944
36,"Fck Me","I Hate Myself Because",130,8B,88,2022-06-18,02:42,49,"","Fck Me // It Isn't Right",2020-05-22,61,66,0,58,20,10,-4,C Major,4,0S9icU7KBRPVpChwESQzb5,QZDA82086256
37,"Between The Bars","Elliott Smith",135,6A,7,2022-06-18,02:21,65,"singer-songwriter","Either/Or",1997-02-25,52,93,77,34,0,10,-24,G Minor,3,52Bg6oaos7twR7IUtEpqcE,USKRS0326904
38,"Carolina -  Where The Crawdads Sing  - Video Edition","Taylor Swift",116,10A,19,2022-06-25,02:43,45,"","Carolina (From The Motion Picture “Where The Crawdads Sing”)",2022-06-24,36,89,0,42,0,20,-13,B Minor,4,12xIjI9A9UlB6zEc7kyZ06,USUG12200228
39,"Family Affair","Mary J. Blige",93,1A,55,2022-07-08,04:25,84,"r&b","No More Drama",2001-08-28,91,13,0,97,0,0,-4,G#/A♭ Minor,4,3aw9iWUQ3VrPQltgwvN9Xu,USMC10111369
40,"Somebody That I Used To Know","Gotye,Kimbra",129,8B,52,2022-07-11,04:04,66,"","Making Mirrors",2011-01-01,86,57,0,76,0,0,-7,C Major,4,1qk9ujVgudgU8CyhKOx8ji,AUZS21100040
41,"Take What You Want (feat. Ozzy Osbourne & Travis Scott)","Post Malone,Ozzy Osbourne,Travis Scott",140,12A,80,2022-08-19,03:49,80,"metal, glam metal, heavy metal, hard rock, rap","Hollywood's Bleeding",2019-09-06,50,9,0,27,0,10,-3,C♯/D♭ Minor,4,7CZyCXKG6d5ALeq41sLzbw,USUM71915731
42,"Ballad Of A Thin Man","Richard Hawley",73,8A,53,2022-09-11,06:45,0,"baroque pop, singer-songwriter","Peaky Blinders (Original Music From The TV Series)",2019-11-08,49,44,0,31,0,10,-10,A Minor,4,3TQkvxA3C34SpR0Mgs3GVd,GB5KW1902875
43,"Another Love","Tom Odell",123,9A,54,2022-09-10,04:04,88,"","Long Way Down (Deluxe)",2013-06-24,45,70,0,13,0,0,-9,E Minor,4,3JvKfv6T31zO0ini8iNItO,GBARL1300107
44,"One Silver Dollar","Marilyn Monroe",73,7B,3,2022-09-11,02:02,0,"","Marilyn Monroe 50th Anniversary Album",2012-08-20,50,98,1,21,0,10,-22,F Major,4,4zH28Bfp5yFKZmP6pEvlSv,GB8TA1000167
45,"What He Wrote","Laura Marling",138,8A,8,2022-09-11,04:04,27,"singer-songwriter, southern gothic, folk, indie folk","Peaky Blinders (Original Music From The TV Series)",2019-11-08,46,95,1,34,0,10,-18,A Minor,3,55FI88edLc1FZ4WwVyPM3N,GBAAA1000014
46,"St. James Infirmary Blues","The White Stripes",119,5A,76,2022-09-11,02:24,0,"garage rock, blues rock, rock, alternative rock","Peaky Blinders (Original Music From The TV Series)",2019-11-08,60,69,59,70,0,20,-8,C Minor,4,1uhkAlL8zVDWBkVlAQuaGR,USVT10200095
47,"Never Fight A Man With A Perm","IDLES",156,11B,95,2022-09-11,03:48,0,"post-punk, punk","Joy as an Act of Resistance.",2018-08-31,26,0,0,22,10,20,-5,A Major,4,4k69tGZejKwfXPCJtyP55x,USBQU1800062
48,"Kill Them With Kindness","IDLES",124,6B,86,2022-09-12,03:49,0,"post-punk, punk","Ultra Mono",2020-09-25,63,0,0,20,0,50,-5,A#/B♭ Major,4,3tUTD7VZZeMI8inBmNPwhC,USBQU1900240
49,"Way down We Go","KALEO",163,3A,51,2022-09-12,03:33,84,"","A/B",2016-06-10,49,58,0,34,10,10,-8,A#/B♭ Minor,4,0y1QJc3SJVPKJ1OvFmFqe6,USAT21502122
50,"Two Times","Kid Karate",98,8A,83,2022-09-12,03:59,35,"","Kid Karate",2016-04-15,59,0,6,66,0,10,-4,A Minor,4,3lOxWMxLsorcnOkunTDXWi,IEFDT1600005
51,"I'm A Wanted Man","Royal Deluxe",82,10A,59,2022-09-12,03:48,0,"","Born for This",2016-02-23,49,1,0,26,0,30,-5,B Minor,4,1q5n4SZTuJ6Vk710HkitdB,US43C1601053
52,"Fire","Barns Courtney",108,3A,64,2022-09-12,03:17,69,"","The Attractions Of Youth",2017-09-29,55,21,0,39,0,0,-6,A#/B♭ Minor,4,5w6B0sAH7XauCvMOAtplQj,GBUM71506495
53,"Bad","Royal Deluxe",83,1A,62,2022-09-12,03:13,0,"","Savages",2019-05-24,56,7,0,56,0,10,-7,G#/A♭ Minor,4,2iioOQ83EXoy7yMpy0UNx4,USA2P1919541
54,"Bad Man","Blues Saraceno",154,7A,97,2022-09-12,03:26,0,"southern gothic, blues rock, country rock, country blues","Outlaw Blues 2",2015-02-07,43,3,16,26,0,10,-5,D Minor,4,2YkcoPZi3jwGfa7r1RRhV2,GBBPP1508501
55,"Do I Wanna Know? - Live","Arctic Monkeys",84,8B,77,2022-09-12,04:41,47,"indie, garage rock","Live at the Royal Albert Hall",2020-12-04,25,9,0,31,0,60,-8,C Major,4,5zDoSmh06F7kjXGIHFhQzh,GBCEL2000424
56,"Gangsta's Paradise","Coolio,L.V.",80,4B,51,2022-09-12,04:00,9,"west coast hip hop, g-funk, ","Gangsta's Paradise",1995-11-07,65,7,0,39,0,40,-10,G#/A♭ Major,4,7lQWRAjyhTpCWFC0jmclT4,USTB10400128
57,"Break My Baby","KALEO",74,3A,76,2022-09-12,04:25,47,"","I Want More / Break My Baby",2020-01-15,53,11,0,38,0,10,-4,A#/B♭ Minor,4,5NnFkbEjahUGx5T3qxbNCW,USAT21907643
58,"Alone","LifeTrav",160,8A,57,2022-09-12,03:07,0,"","Alone",2022-09-02,66,28,0,23,0,0,-9,A Minor,4,6YLfI73bXtyZQx1KxI08PG,GBKPL2209114
59,"The Prowl","Dan Auerbach",86,4B,71,2022-09-12,03:15,0,"blues rock","Peaky Blinders (Original Music From The TV Series)",2019-11-08,47,20,2,54,0,80,-8,G#/A♭ Major,4,3aHoeSxeuDeoAxjuXyF9la,USNO10807891
60,"Bang Bang","Kaito Shoma",160,3B,95,2022-09-12,03:29,12,"phonk, drift phonk","Bang Bang",2022-09-02,62,0,1,55,10,30,-7,C♯/D♭ Major,4,3okCPKpakGYMErafoCOjgJ,QMBZ92250572
61,"To Bring You My Love","PJ Harvey",116,9B,28,2022-09-12,05:31,33,"art pop, singer-songwriter, alternative rock","Peaky Blinders (Original Music From The TV Series)",2019-11-08,58,65,1,14,0,0,-15,G Major,4,13YB7nNMV2r6v8tgL0zhbH,GBAAN9500033
62,"Round 2","lilbubblegum",94,3B,67,2022-09-12,02:14,16,"","Round 2",2022-07-29,77,0,3,34,0,10,-10,C♯/D♭ Major,4,3fV4FyNFVIoNSwTGsyMszA,USLD91739546
63,"After Dark","Mr.Kitty",140,4B,60,2022-09-18,04:19,78,"witch house, darkwave","Time",2014-10-06,59,7,27,4,0,0,-10,G#/A♭ Major,4,2LKOHdMsL0K9KwcPRlJK2v,USY251660155
64,"after dark x sweater weather","daddy's girl,creamy,11:11 Music Group",140,5A,47,2022-09-18,04:50,49,"lo-fi","after dark x sweater weather (slowed + reverb)",2022-07-07,57,1,7,3,0,10,-11,C Minor,4,4infhqJIQXQHwtLmsddbz9,GX5MY2231617
65,"after dark x sweater weather","really sad music",140,6A,53,2022-09-18,04:50,0,"","after dark x sweater weather",2022-07-20,57,0,31,4,0,10,-11,G Minor,4,4sGPzDEbvgrtBePr2cPWiv,GX5MY2231617
66,"after dark x sweater weather (slowed + reverb)","ghostly echoes,creamy,11:11 Music Group",118,8B,41,2022-09-18,05:45,43,"lo-fi","after dark x sweater weather (slowed + reverb)",2022-07-07,64,1,0,3,0,10,-12,C Major,4,3KYkqrk8l9OqYq0lr1XPSD,GX5MY2231632
67,"The Angler","The Rills",98,6A,90,2022-09-19,03:08,0,"","The Angler",2020-07-24,61,0,0,93,0,10,-4,G Minor,4,5J1UYgGfk1H7Es2d4bnXRY,USHM82055549
68,"In This Heart","Sinéad O'Connor",112,10B,2,2022-09-19,03:10,0,"","Universal Mother",1994-09-13,24,98,0,8,0,0,-20,D Major,4,0QQRpvOo8XuoQVuWzrVfX6,GBAYK9400046
69,"Years","Mr.Kitty",130,12A,92,2022-09-19,03:34,39,"witch house, darkwave","Life",2014-06-02,61,0,0,13,0,0,-9,C♯/D♭ Minor,4,2xpZofg9x7V4cpLY9KhisO,USY251660349
70,"CENTIPEDE","HAARPER",138,5A,37,2022-09-23,01:57,0,"trap metal, drift phonk, horrorcore","CENTIPEDE",2022-09-09,90,1,0,8,30,0,-8,C Minor,4,7LmdIn4PoBSY7HtVlfYanU,QZNWV2219335
71,"Another Love - Tiësto Remix","Tom Odell,Tiësto",123,9A,76,2022-11-04,03:05,71,"edm, trance, big room, house","Another Love (Tiësto Remix)",2022-05-13,79,8,9,47,0,10,-5,E Minor,4,4Et6tUEO7biKxZEfJXpNj1,GBARL2201039
72,"Feel Good Inc.","Gorillaz,De La Soul",139,2B,71,2022-11-04,03:42,91,"jazz rap, east coast hip hop","Demon Days",2005-05-23,82,1,0,77,10,60,-7,F#/G♭ Major,4,0d28khcov6AiegSCpG5TuT,GBAYE0500172
73,"Clint Eastwood","Gorillaz,Del The Funky Homosapien",168,3A,69,2022-11-04,05:40,82,"","Gorillaz",2001-03-26,66,3,0,53,10,0,-9,A#/B♭ Minor,4,1RKUoGiLEbcXN4GY4spQDx,GBAYE0001408
74,"Trap (feat. Lil Baby)","SAINt JHN,Lil Baby",117,8B,84,2022-11-06,03:04,0,"","Ghetto Lenny's Love Songs",2019-08-23,79,8,0,35,0,10,-3,C Major,4,2Y8hY4rRRQQjdaZkkwzpd9,USUYG1241086
75,"Streets - Silhouette Remix","Doja Cat",90,1B,45,2022-11-09,04:02,72,"","Streets (Silhouette Remix)",2021-03-12,74,17,5,14,10,10,-9,B Major,4,0Uru1UoJdHKf2lxssQT3kC,USRC12100567
76,"Tonight You Are Mine","The Technicolors",90,1B,60,2022-11-09,03:50,63,"","Ultraviolet Disguise (Deluxe Edition)",2015-10-16,63,0,1,64,0,0,-7,B Major,4,0Sjz8pTu8vcVvGP5rtyh3Q,TCACI1594069
77,"Catapult","Arctic Monkeys",151,8A,94,2022-11-09,03:26,49,"indie, garage rock","Cornerstone",2009-11-16,48,0,0,67,0,30,-8,A Minor,4,5j2LDsUsxbCnZkhJwLkbKp,GBCEL0900693
78,"You're So Dark","Arctic Monkeys",152,10A,65,2022-11-09,03:02,59,"indie, garage rock","One For The Road",2013-12-09,48,26,1,84,0,0,-7,B Minor,4,40DwUg5zPX8H23WpTdD2iW,GBCEL1300585
79,"Your Heart","Joyner Lucas,J. Cole",87,11A,64,2022-11-09,03:18,61,"rap","Your Heart",2021-09-24,86,39,0,75,10,0,-8,F#/G♭ Minor,4,2DTpP3caqX3QdJIEoS83mD,QMDA62127388
80,"Crew Love","Drake,The Weeknd",160,5A,55,2022-11-09,03:28,73,"rap, ","Take Care (Deluxe)",2011-11-15,42,23,0,29,20,20,-9,C Minor,4,0V4l4GQhgnWQGtCWpvA7va,USCM51100546
81,"GREECE (feat. Drake)","DJ Khaled,Drake",86,7B,34,2022-11-09,03:38,70,"rap","GREECE (feat. Drake)",2020-07-16,70,7,0,23,0,10,-11,F Major,4,35RJhm1pEovTBwnNR0zWad,USSM12004502
82,"Fair Trade (with Travis Scott)","Drake,Travis Scott",168,3B,47,2022-11-09,04:51,82,"rap","Certified Lover Boy",2021-09-03,67,5,0,29,20,20,-9,C♯/D♭ Major,4,40iJIUlhi6renaREYGeIDS,USUG12104402
83,"Crimewave","Crystal Castles",120,9A,69,2022-11-09,04:18,0,"witch house, electroclash, new rave, alternative dance","Crystal Castles",2008-03-18,75,18,3,89,0,20,-8,E Minor,4,3TjliM0xQ3fkza0RpINRrq,GBRQQ0700001
84,"rosyln (slowed + reverb)","creamy,11:11 Music Group",134,6A,24,2022-11-09,03:32,50,"lo-fi","rosyln (slowed + reverb)",2022-06-17,54,92,66,22,0,10,-18,G Minor,3,2oPbfMcJUWpvanDtfz7RWx,GX4R52260955
85,"can't love myself","creamy,untrusted,11:11 Music Group",180,3A,8,2022-11-09,02:19,11,"lo-fi","total eclipse of the heart",2022-04-08,64,94,16,60,30,20,-14,A#/B♭ Minor,4,1aaMfsICsCFeCEIb31ok4w,GBKPL2283462
86,"Can't Love Myself","Monty Datta,Mishaal Tamer",180,3B,8,2022-11-09,02:02,0,"","Can't Love Myself",2018-02-16,59,91,0,45,30,10,-13,C♯/D♭ Major,4,0MO1qNhm8aRZchi8CJlIRo,SE5BU1707682
87,"John Wayne","Cigarettes After Sex",124,5B,47,2022-11-09,04:18,1,"dream pop","Cigarettes After Sex",2017-06-09,45,35,88,18,0,10,-8,D#/E♭ Major,4,6TWcSqCntZhH5vyc35kkob,USBQU1700039
88,"hate will never win","XXXTENTACION",89,3A,22,2022-11-26,01:44,55,"emo rap","A GHETTO CHRISTMAS CAROL",2017-12-19,65,82,1,60,30,10,-14,A#/B♭ Minor,4,0fWkWSpXp1V8nWslbA25Sg,USUG11702287
89,"Formula (From  Euphoria: Season 1  Soundtrack)","Labrinth",145,1B,66,2022-11-27,01:31,80,"","Euphoria (Original Score from the HBO Series)",2019-10-04,57,4,6,23,0,10,-6,B Major,4,6EtKlIQmGPB9SX8UjDJG5s,USQX91902497
90,"The Perfect Girl","Mareux",129,1A,89,2022-11-27,03:14,77,"darkwave, cold wave","The Perfect Girl",2021-12-08,49,0,82,26,0,10,-6,G#/A♭ Minor,4,5RBOcBpJXaNnHCGViJmYhh,QZF8N1986577
91,"masquerade x miss the rage","acti",154,4B,84,2022-11-27,01:52,0,"","masquerade x miss the rage",2021-11-21,50,2,59,91,0,20,-16,G#/A♭ Major,4,4p5Phj0pcXWW7B81lUGowi,QZPLR2113522
92,"Balenciaga","T3NZU",105,4B,79,2022-11-27,02:48,0,"slap house","Balenciaga",2021-07-05,70,25,0,26,0,30,-6,G#/A♭ Major,4,7FYPSjoOqKYPUAs8n3Td3L,QZK6P2195012
93,"Beggin'","T3NZU",125,8A,80,2022-11-27,02:23,47,"slap house","Beggin'",2021-08-27,74,14,0,57,0,10,-4,A Minor,4,5tIKW57ufttIivs0APYauf,GX5MX2147693
94,"Polozhenie - Izzamuzzic Remix","Skryptonite,Izzamuzzic",126,11B,65,2022-11-27,06:12,54,"","Polozhenie (Izzamuzzic Remix)",2021-05-22,70,14,1,9,0,20,-9,A Major,4,13VBfTddmlVLwnXVoerHMN,FR96X2195630
95,"Living Life, In The Night","T3NZU",125,5A,86,2022-11-27,02:26,0,"slap house","Living Life, In The Night",2020-09-27,79,10,0,18,0,10,-5,C Minor,4,7av7eCP7IRxdwLIQDo6Zqc,NL4NL2175627
96,"Living Life, in the Night","KNOX",120,11B,67,2022-11-27,02:13,60,"","Living Life, in the Night",2022-10-12,72,53,0,37,0,10,-6,A Major,4,1kRreyU1jlZycL95LLsqk9,TCAGN2229860
97,"Living Life, In The Night - slowed","Cheriimoya,Sierra Kidd",124,3A,40,2022-11-27,02:21,54,"german hip hop","Living Life, In The Night (slowed)",2022-10-21,68,87,0,19,0,10,-11,A#/B♭ Minor,4,5kcNmFn1llGqEw6tAKq1IQ,USAR12200517
98,"The Perfect Girl - The Motion Retrowave Remix","Mareux,The Motion",118,11A,76,2022-11-28,03:01,62,"darkwave, cold wave, synthwave, chillwave","The Perfect Girl (The Motion Retrowave Remix)",2022-05-16,59,0,88,16,0,0,-8,F#/G♭ Minor,4,1UcyzhmBDfdw07DiuT7DEG,USWB12201788
99,"RAVE","Dxrk ダーク",120,4B,75,2022-11-28,02:49,70,"phonk, drift phonk","RAVE",2022-03-18,72,24,85,34,0,10,-6,G#/A♭ Major,4,01kfSdF9zfcDLri5sSWEoL,QM4TX2201027
100,"Suicidal","Tommy Ice,Wett Brain",88,6A,51,2022-11-28,02:22,0,"emo rap, ","Suicidal",2021-05-27,70,23,0,63,10,0,-10,G Minor,4,4RPSpwcOe5NgQloQS2CDGp,CA5KR2167323
101,"Vanished","Crystal Castles",120,5A,87,2022-11-28,04:02,1,"witch house, electroclash, new rave, alternative dance","Crystal Castles",2008-03-18,71,0,0,64,0,20,-7,C Minor,4,0Q2YGyMeeZMAvzebtxoQ5f,CAL450896208
102,"CRYSTAL","Phonk Killer",124,8B,72,2022-11-28,02:06,30,"phonk, drift phonk, brazilian phonk","CRYSTAL",2022-04-15,80,0,68,73,0,10,-3,C Major,4,7sg81gD7FWG6vVyYIUNnLC,QM4TX2235528
103,"Phonky Trap","Suave Lee",135,3B,86,2022-11-28,02:31,48,"phonk, drift phonk","Phonky Trap",2021-07-13,78,7,97,7,0,10,-10,C♯/D♭ Major,4,7BMQKWEdSZOZj33Tg2hfGm,QZK6L2159656
104,"MTG (MALDICAO ETERNA 1.0)","Cupid Ruszo",130,1B,58,2022-11-28,02:17,16,"","MTG (MALDICAO ETERNA 1.0)",2020-07-05,56,64,75,10,10,30,-9,B Major,4,3BkpvJpaE7LCrrCiusfhsj,QZK6K2292571
105,"DO OR DIE","Dxrk ダーク",150,12A,67,2022-11-28,01:36,57,"phonk, drift phonk","DO OR DIE",2021-07-16,77,15,84,34,0,10,-9,C♯/D♭ Minor,4,02SKrZwDBb7qugvNZF5Xzr,QMFME2146300
106,"Live Another Day","Kordhell",115,11B,98,2022-11-28,02:13,66,"phonk, drift phonk","Phonkageddon",2021-08-27,82,0,75,40,10,0,-1,A Major,4,34lfu3S4fIcKZRNXzbdbo7,QZMEM2171029
107,"The Passenger","Iggy Pop",135,8B,89,2022-11-28,04:43,75,"proto-punk, glam rock","Lust For Life",1977-08-29,50,9,0,70,0,70,-5,C Major,4,15BQ7vEDv2LJuh8TxWIhtd,USVI20700278
108,"SUICIDE YEAR","WEEDMANE,Suicideyear",128,11A,87,2022-11-28,01:31,62,"phonk, drift phonk","SUICIDE YEAR",2020-12-16,79,17,0,40,0,10,-6,F#/G♭ Minor,4,6hRvewF5MRAsqqxnNs3z2b,QZMHP2053917
109,"Substance","03 Greedo",71,2A,32,2022-11-28,03:39,72,"","The Wolf of Grape Street",2018-03-09,60,26,0,20,0,10,-14,D#/E♭ Minor,4,0MoQI1EZGSHLhd5UBdxPol,USUYG1183222
110,"PHONKY TOWN","PlayaPhonk",125,3B,80,2022-11-28,02:21,1,"phonk, drift phonk","PHONKY TOWN",2021-03-16,80,41,79,34,30,10,-5,C♯/D♭ Major,4,0BRbI3ZMPXuj9yA7ChDGOW,QZDA82146449
111,"Mr. Rager","Kid Cudi",102,9B,73,2022-11-28,04:54,75,"","Man On The Moon II: The Legend Of Mr. Rager",2010-11-09,67,39,88,58,0,10,-9,G Major,4,393MDhe62s8hbH8ETrlxe5,USUM71025042
112,"Sahara","Hensonn",115,10B,52,2022-11-28,02:51,66,"phonk, drift phonk","Sahara",2021-11-16,62,15,77,5,0,10,-9,D Major,4,6nqdgUTiWt4JbABDurkxMI,QMDA72134986
113,"All Alone","Freddie Dredd",160,3B,88,2022-11-28,02:54,61,"phonk","All Alone",2019-05-22,69,4,50,81,20,10,-4,C♯/D♭ Major,4,5V5BHmvpylV0nSc2Yu2Mu4,QZFYW1912395
114,"vendetta! - sped up","MUPP,Sadfriendd",147,3B,94,2022-11-28,01:31,48,"phonk, drift phonk","vendetta! (sped up)",2022-07-07,65,21,0,63,20,10,-3,C♯/D♭ Major,4,0D45ixbwxjkT4S7V1kpt5y,QM6N22288831
115,"On My Own","Darci",130,12B,59,2022-11-28,02:51,71,"dark r&b","On My Own",2018-05-09,77,3,0,58,0,0,-6,E Major,4,0F4FejjWi3bf5vGOkuQwPS,QM24S1808865
116,"You Get Me So High","The Neighbourhood",88,6A,88,2022-11-28,02:33,82,"","Hard To Imagine The Neighbourhood Ever Changing",2018-11-02,55,19,8,39,0,10,-6,G Minor,4,7zwn1eykZtZ5LODrf7c0tS,USSM11707131
117,"Sweater Weather (Sped Up) - Remix","DJ Fronteo",144,3A,60,2022-11-28,03:19,0,"","Sweater Weather (Sped Up) (Remix)",2022-11-22,62,14,0,50,0,20,-5,A#/B♭ Minor,4,6IUOBUAHGJaOuUE03K8L1L,ARIXB2207928
118,"On My Own Sped Up","KeepVibess",78,10B,55,2022-12-02,01:49,0,"","On My Own Sped Up",2022-11-10,43,21,1,60,20,10,-10,D Major,4,0uabGXRRSDUH8lEvcIzdcA,QZTAX2236829
119,"maybe I just lost control sped up","mikeyfed",172,9B,19,2022-12-02,02:10,0,"","maybe I just lost control sped up",2022-03-03,57,6,0,59,10,0,-28,G Major,4,2fPSQ6zWrCGpVCccZsKJpw,QZPEW2225926
120,"I Love You, That's the Problem","Kochetkovv",158,4B,50,2022-12-02,02:22,0,"","I Love You, That's the Problem",2020-01-03,75,42,43,35,0,0,-11,G#/A♭ Major,4,1tfAVU1HIrtlr79isORUW6,QZ4JJ1914876
121,"Blackbird","Lisa O'Neill",140,9A,6,2022-12-02,03:14,47,"","Heard A Long Gone Song",2018-10-26,42,87,0,16,0,10,-14,E Minor,4,77c4paLmUbYWeW1NQ5DTPx,GBCVZ1800086
122,"I Ain't Worried","OneRepublic",140,8B,80,2022-12-05,02:28,83,"soft pop","I Ain’t Worried (Music From The Motion Picture  Top Gun: Maverick )",2022-05-13,70,8,0,83,0,0,-6,C Major,4,4h9wh7iOZ0GGn8QVp4RAOB,USUM72206227
123,"Space Song","Beach House",147,5A,79,2022-12-07,05:20,75,"dream pop","Depression Cherry",2015-08-28,51,22,13,63,0,10,-7,C Minor,4,1ujxjsoNvh4XgS2fUNwkZ2,USSUB1512203
124,"Sharks","Imagine Dragons",124,3A,64,2022-12-07,03:10,64,"","Sharks",2022-06-24,93,1,0,90,0,20,-4,A#/B♭ Minor,4,0TyUOnU4H4GLqOcrH0auc8,USUM72205464
125,"Human","Rag'n'Bone Man",75,11B,71,2022-12-15,03:20,80,"","Human (Deluxe)",2017-02-10,60,39,0,55,30,10,-4,A Major,4,58zsLZPvfflaiIbNWoA22O,GBARL1600665
126,"Human - Acoustic","Rag'n'Bone Man",133,3A,27,2022-12-15,03:49,0,"","Human (Remixes)",2016-12-16,63,74,0,22,0,10,-10,A#/B♭ Minor,4,70fdF045x3n1ahv7MG6Z4H,GBARL1601641
127,"Life Is Pointless","ilyTOMMY",150,3B,66,2022-12-26,01:41,0,"","Life Is Pointless",2022-12-22,63,3,0,48,30,10,-8,C♯/D♭ Major,4,3O16Y8Mx7Q3Ngq5wmi1st5,TCAGQ2289328
128,"WORTH NOTHING - Fast & Furious: Drift Tape/Phonk Vol 1","TWISTED,Oliver Tree",140,7A,60,2023-01-04,02:44,3,"phonk, drift phonk, ","WORTH NOTHING (Fast & Furious: Drift Tape/Phonk Vol 1)",2022-09-28,60,15,0,16,0,10,-8,D Minor,4,5Zlb01Jcn0Ld49zazzZJSB,QZNWZ2297541
129,"Sex, Drugs, Etc (Sped Up)","Xizt",170,6A,79,2023-01-04,02:45,0,"","Sex, Drugs, Etc (Sped Up)",2022-09-12,54,0,65,38,0,70,-6,G Minor,4,7MQB6IDnyjaI3WKG2Hr3db,GX89G2249033
130,"Rosyln","Bon Iver,St. Vincent",160,3A,28,2023-01-09,04:49,58,"art pop","The Twilight Saga: New Moon (Original Motion Picture Soundtrack)",2009-10-16,33,97,2,12,0,10,-13,A#/B♭ Minor,3,7qYjSobU0Jaz32lrIe853P,USAT20903243
131,"Heartless","Kanye West",88,3A,65,2023-01-10,03:31,88,"rap","808s & Heartbreak",2008-11-24,79,5,0,65,10,20,-6,A#/B♭ Minor,4,4EWCNWgDS8707fNSZ1oaA5,USUM70840511
132,"505","Arctic Monkeys",140,8B,85,2023-01-11,04:13,85,"indie, garage rock","Favourite Worst Nightmare (Standard Version)",2007-04-24,52,0,0,23,0,0,-6,C Major,4,58ge6dfP91o9oXMzq3XkIS,GBCEL0700074
133,"She Knows (feat. Amber Coffman & Cults)","J. Cole,Cults,Amber Coffman",118,3B,74,2023-01-20,04:56,75,"rap, dubstep, dub","Born Sinner (Deluxe Version)",2013-06-18,77,2,8,18,0,20,-10,C♯/D♭ Major,4,0Fs9cdPDhptWEDJmiCbkEW,USQX91301184
134,"Cold Cold Cold","Cage The Elephant",136,7B,79,2023-01-23,03:34,70,"","Tell Me I'm Pretty",2015-12-18,55,2,0,72,0,0,-6,F Major,4,1Q3t9fWvHUXKsMmpD2XpUu,USRC11502825
135,"Supermassive Black Hole","Muse",120,9B,92,2023-01-23,03:32,84,"alternative rock, rock","Black Holes and Revelations",2006-06-28,67,5,1,78,0,0,-4,G Major,4,3lPr8ghNDBLc2uZovNyLs9,GBAHT0500593
136,"Radioactive","Imagine Dragons",136,11B,78,2023-01-23,03:06,81,"","Night Visions",2012-09-04,45,10,0,24,0,60,-4,A Major,4,62yJjFtgkhUrXktIoSjgP2,USUM71201074
137,"Sail","AWOLNATION",119,3B,44,2023-01-23,04:19,76,"","Megalithic Symphony",2011-03-15,83,44,62,27,0,10,-10,C♯/D♭ Major,4,7ueP5u2qkdZbIPN2YA6LR0,USP6L1000053
138,"Drop The Game","Flume,Chet Faker",79,9B,67,2023-01-25,03:41,1,"future bass, ","Lockjaw",2013-11-22,56,59,0,44,0,10,-5,G Major,4,06WnUZymWyJamDivTWqJZA,AUFF01300488
139,"Self Care","Mac Miller",142,3B,54,2023-02-01,05:45,77,"","Swimming",2018-08-03,52,37,0,18,20,10,-8,C♯/D♭ Major,4,5bJ1DrEM4hNCafcDd1oxHx,USWB11801215
140,"another love - slowed + reverb","slō,twilight,Tazzy",105,12A,35,2023-02-10,04:48,0,"hypertechno, nightcore, hardstyle","another love - slowed + reverb",2022-11-08,36,35,0,13,0,10,-17,C♯/D♭ Minor,4,0sqAQmER29y4vgknPOEj1E,GX8LD2222819
141,"Homicide","Lxst,Powfu",147,11A,62,2023-02-11,02:42,0,"emo rap, ","Lost",2020-01-24,62,25,0,21,0,10,-7,F#/G♭ Minor,4,140yxPsD6SvMVOySZssyA0,QZFYY2022641
142,"I'm Only a Fool for You","Dybbukk,Domingo Morales",58,11A,32,2023-02-12,01:01,57,"","I'm Only a Fool for You",2018-04-04,55,9,72,57,10,10,-10,F#/G♭ Minor,4,5yfnAsPrvrjiLOhWFycNP4,AEA0Q2251019
143,"Bad Habit","Steve Lacy",169,3B,51,2023-02-15,03:52,74,"","Bad Habit",2022-06-29,69,63,0,69,0,30,-7,C♯/D♭ Major,4,5CM4UuQ9Gnd6K2YyKGPMoK,USRC12201440
144,"Sweet Dreams (Are Made Of This)","Marilyn Manson",93,4B,64,2023-02-21,04:53,73,"industrial metal, industrial rock, industrial, metal, nu metal","Smells Like Children",1995-01-01,39,0,49,13,0,30,-5,G#/A♭ Major,4,2302lUwfZ4S4dVyPOCDFnQ,USIR19500314
145,"Tainted Love","Marilyn Manson",142,4B,88,2023-02-21,03:22,42,"industrial metal, industrial rock, industrial, metal, nu metal","Music From The Motion Picture Not Another Teen Movie",2001-04-01,62,0,0,57,0,10,-8,G#/A♭ Major,4,1ANc3O9jWyP6B9f4WQkiad,USIR10120378
146,"Tom's Diner","AnnenMayKantereit,Giant Rooks",98,11A,43,2023-02-21,04:29,76,"german indie, german pop, german indie pop, ","Tom's Diner",2019-06-28,68,38,0,33,10,30,-8,F#/G♭ Minor,4,0oA9wBGDY4uyILLg4GymWP,DEUM71903009
147,"Castles","RAIZHELL",115,3A,83,2023-02-22,02:34,34,"phonk, drift phonk, brazilian phonk","Castles",2022-07-15,82,1,79,8,0,10,-3,A#/B♭ Minor,4,6xezRuhCxlgA78gkmskAQm,QM6N22281371
148,"Altyn","framed",152,6B,51,2023-02-22,01:41,0,"","Altyn",2022-08-09,69,61,84,34,0,10,-13,A#/B♭ Major,4,5UVuNesgreHU8rfS3Rc00q,QZNWY2212190
149,"Living In A Haze","Milky Chance",130,3B,72,2023-03-02,02:53,59,"","Living In A Haze",2023-03-01,69,27,0,43,0,10,-6,C♯/D♭ Major,4,3yfki4r5cgFA784trLoHnk,DEVP22300001
150,"Otherside","Red Hot Chili Peppers",123,8B,80,2023-03-05,04:15,87,"funk rock, alternative rock, rock","Californication (Deluxe Edition)",1999-06-08,46,0,0,51,0,0,-3,C Major,4,64BbK9SFKH2jk86U3dGj2P,USWB19900693
151,"Infinity","Jaymes Young",122,10A,67,2023-03-06,03:57,81,"","Feel Something",2017-06-23,67,15,0,49,0,30,-7,B Minor,4,1SOClUWhOi8vHZYMz3GluK,USAT21700859
152,"Enemy (with JID) - from the series Arcane League of Legends","Imagine Dragons,JID,Arcane,League of Legends",77,10A,78,2023-03-07,02:53,80,"score, ","Mercury - Acts 1 & 2",2022-07-01,73,24,0,56,20,40,-4,B Minor,4,3CIyK1V4JEJkg02E4EJnDl,USUM72119916
153,"Bones","Imagine Dragons",114,4A,75,2023-03-07,02:45,81,"","Mercury - Acts 1 & 2",2022-07-01,77,2,0,59,0,0,-4,F Minor,4,54ipXppHLA8U4yqpOFTUhr,USUM72201759
154,"Apocalypse","Cigarettes After Sex",94,7B,47,2023-03-10,04:50,11,"dream pop","Cigarettes After Sex",2017-06-09,37,2,57,18,0,10,-9,F Major,4,0yc6Gst2xkRu0eMLeRMGCX,USBQU1700034
155,"Sunsetz","Cigarettes After Sex",75,8A,48,2023-03-10,03:35,7,"dream pop","Cigarettes After Sex",2017-06-09,41,6,81,13,0,10,-9,A Minor,4,0SpkyS1Q4MD8GaVcP5YjT4,USBQU1700033
156,"Black Out Days - Future Islands Remix (Slowed)","Phantogram,xxtristanxo,Slowed Radio,Future Islands",143,11B,40,2023-03-10,03:34,62,"","Black Out Days [Future Islands Remix (Slowed)]",2021-09-10,54,0,73,9,0,0,-11,A Major,4,5tRnzF4v2KL72QQdCjopyt,USUM72115749
157,"Meet Me on the Equinox","Death Cab for Cutie",135,6A,89,2023-03-16,03:44,25,"","The Twilight Saga: New Moon (Original Motion Picture Soundtrack)",2009-10-16,49,14,48,50,0,20,-6,G Minor,4,6AXG4WfVCd9swpaJlGUabV,USAT20902957
158,"Warriors","Imagine Dragons",78,9A,85,2023-03-17,02:51,72,"","Smoke + Mirrors (Deluxe)",2015-05-11,37,10,0,31,0,20,-6,E Minor,4,1sWeSMifj6Z6kZyI6z3bRc,USUM71414163
159,"Kids with Guns","Gorillaz,Neneh Cherry",106,9A,48,2023-03-17,03:45,69,"","Demon Days",2005-05-23,84,0,71,71,0,20,-6,E Minor,4,0eEgMbSzOHmkOeVuNC3E0k,GBAYE0500170
160,"Numb","Linkin Park",110,11A,87,2023-03-18,03:07,90,"nu metal, rap metal, rock, alternative metal","Meteora",2003-03-25,49,0,0,21,0,40,-4,F#/G♭ Minor,4,2nLtzopw4rPReszdYBJU6h,USWB10300474
161,"Taurus (feat. Naomi Wild) - From The Motion Picture Taurus","mgk,Naomi Wild",153,3A,58,2023-03-25,03:00,52,"","Taurus (feat. Naomi Wild) [From The Motion Picture Taurus]",2022-11-23,55,37,0,10,20,20,-9,A#/B♭ Minor,4,6J3Yay84inLJ6b37lpaHFi,USUM72221666
162,"Chelsea Dagger","The Fratellis",155,9B,82,2023-03-29,03:23,60,"","Chelsea Dagger (Radio Edit)",2006-01-01,51,4,0,57,10,0,-3,G Major,4,52fnLN02thRhTnbzVZzdqq,GBUM70601922
163,"Whistle For The Choir","The Fratellis",132,12B,70,2023-03-29,03:36,51,"","Whistle For The Choir",2006-01-01,60,5,0,73,0,10,-5,E Major,4,4DQ1VuWATAvpueRqTTqFQp,GBUM70601572
164,"Henrietta","The Fratellis",122,11A,95,2023-03-29,03:32,59,"","Costello Music",2006-01-01,61,2,0,84,0,20,-3,F#/G♭ Minor,4,69h2mpzNUmdEg5egeNa1ki,GBUM70601574
165,"92 Explorer","Post Malone",146,6A,73,2023-03-29,03:31,67,"","beerbongs & bentleys",2018-04-27,80,27,0,86,0,10,-5,G Minor,4,1D2L6MefbXon28PzIk9I3r,USUM71805176
166,"SPIT IN MY FACE!","ThxSoMch",94,4B,79,2023-03-30,02:27,80,"","SPIT IN MY FACE!",2022-12-20,73,5,2,65,0,10,-7,G#/A♭ Major,4,1N8TTK1Uoy7UvQNUazfUt5,USAT22223103
167,"Shut up My Moms Calling","Hotel Ugly",138,8A,41,2023-03-30,02:44,89,"","Shut up My Moms Calling",2020-02-10,49,33,0,38,10,10,-11,A Minor,4,3hxIUxnT27p5WcmjGUXNwx,TCAEQ2083509
168,"Keep It Tucked","ThxSoMch",89,3A,85,2023-03-30,02:53,64,"","Keep It Tucked",2022-12-07,67,0,4,51,0,30,-6,A#/B♭ Minor,4,1EdQCb51lC8usq47IMhADP,USAT22301060
169,"Hate.","ThxSoMch",95,1B,83,2023-03-30,02:14,71,"","Hate.",2023-02-14,64,0,4,74,0,0,-7,B Major,4,2XynYulas10Wmef4Gqrxw9,USAT22301370
170,"riptide","creamy,untrusted,11:11 Music Group",148,3B,13,2023-03-30,01:47,32,"lo-fi","riptide",2020-10-22,66,93,2,42,0,10,-20,C♯/D♭ Major,4,2kuQ0m1wUrHi796hIlpCb8,GBSMU8848650
171,"BABYDOLL X The Perfect Girl","fam0uz",120,2A,67,2023-04-01,02:14,55,"phonk","BABYDOLL X The Perfect Girl",2022-11-18,63,0,0,71,0,60,-7,D#/E♭ Minor,4,02x1qzpnBEEY3z7DD1VVoP,GX8LD2209870
172,"You Can Let Go","Half Moon Run",174,10A,76,2023-04-18,03:06,0,"","You Can Let Go",2023-03-03,52,9,29,61,0,10,-8,B Minor,4,4hB9ZXHn35AS2oZaS7oeKl,QMRSZ2300334
173,"Daylight","David Kushner",130,7A,43,2023-04-28,03:32,13,"","Daylight",2023-04-14,51,83,0,32,0,0,-9,D Minor,4,1odExI7RdWc4BT515LTAwj,QZXDB2300005
174,"White Room","Cream",110,8B,58,2023-04-29,04:58,72,"classic rock, psychedelic rock, acid rock, blues rock","Wheels Of Fire",1968-07-01,55,19,1,46,0,0,-13,C Major,4,3Xls4cNOwy01dtrNXb1inG,GBA076800030
175,"Niagara Falls (Foot or 2) [with Travis Scott & 21 Savage]","Metro Boomin,Travis Scott,21 Savage",88,10B,65,2023-04-30,03:27,74,"rap, ","HEROES & VILLAINS",2022-12-02,67,18,0,25,20,10,-5,D Major,4,4WuOWVnAqvEQxgSRrspBgt,USUG12208792
176,"Devil Like Me","Rainbow Kitten Surprise",123,10B,63,2023-05-10,03:08,0,"","Seven + Mary",2013-11-13,68,76,0,56,10,10,-7,D Major,4,6pSliMukEwAdpMPgCKTKDH,TCABT1491603
177,"SPIT IN MY FACE! (ThxSoMch) - Sped Up Version","sped up nightcore",105,8A,85,2023-05-10,02:13,58,"nightcore","SPIT IN MY FACE! (ThxSoMch) [Sped Up Version]",2023-01-25,74,3,7,66,0,10,-6,A Minor,4,7ASpv7mIovCn7biq7AB8VV,USAT22300761
178,"Fake It","Seether",132,4B,95,2023-05-14,03:13,77,"post-grunge, alternative metal, rock","Finding Beauty In Negative Spaces (Bonus Track Version)",2007-01-01,61,0,0,61,0,0,-4,G#/A♭ Major,4,4eAwB5pnKFTmsgc3zWoYO0,USWU30700132
179,"Fine Again","Seether",176,11A,86,2023-05-14,04:03,78,"post-grunge, alternative metal, rock","Disclaimer",2002-01-01,44,0,1,36,0,20,-3,F#/G♭ Minor,4,4eTIe5eqds88bA9ua6p5p6,USWU30200015
180,"Softcore","The Neighbourhood",94,8A,57,2023-05-18,03:26,87,"","Hard To Imagine The Neighbourhood Ever Changing",2018-11-02,57,5,0,37,0,20,-6,A Minor,4,2K7xn816oNHJZ0aVqdQsha,USSM11800523
181,"Fall","Lisa Hannigan",119,5B,22,2023-05-18,02:59,0,"","At Swim",2016-08-19,38,82,1,34,0,10,-13,D#/E♭ Major,4,3vSZuvvuOzTbxaHuAyZ6pD,GBENL1601619
182,"Sweather Weather x Another Love (TikTok Mashup) - Remix","DJ Davion",124,9A,68,2023-05-18,02:34,2,"techengue","Sweather Weather x Another Love (TikTok Mashup) [Remix]",2023-04-07,63,24,5,43,0,0,-9,E Minor,4,6AocnUuh7qXQeoapqf6Ayx,ARIXB2305698
183,"Too Many Gods","A$AP Rocky,Joey Bada$$",121,8B,62,2023-05-18,02:29,40,"rap, hip hop, jazz rap","For The Throne (Music Inspired by the HBO Series Game of Thrones)",2019-04-26,56,33,0,10,0,0,-5,C Major,4,0fhoeNTlGRZgNlwfVLauFs,USSM11902659
184,"Can You Feel My Heart","Bring Me The Horizon",171,9A,86,2023-05-18,03:47,81,"metalcore, emo, rock, screamo, post-hardcore","Sempiternal (Expanded Edition)",2013-04-01,15,0,19,35,0,30,-3,E Minor,5,0WSa1sucoNRcEeULlZVQXj,GBARL1202415
185,"Enemy (with JID) - from the series Arcane League of Legends","Imagine Dragons,JID,Arcane,League of Legends",77,10A,78,2023-05-18,02:53,76,"score, ","Enemy (with JID) [from the series Arcane League of Legends]",2021-10-28,73,24,0,56,20,40,-4,B Minor,4,1r9xUipOqoNwggBpENDsvJ,USUM72119916
186,"Soldier","Tommee Profitt,Fleurie",84,8A,30,2023-05-18,03:45,61,"","Cinematic Songs (Vol. 1)",2017-01-13,61,24,2,8,0,10,-10,A Minor,4,1OPFMmJIdMVpKMj3LYfg1H,TCACU1652383
187,"Nightshade","The Lumineers,Game of Thrones",113,3A,31,2023-05-18,03:00,37,"folk pop, indie folk, ","For The Throne (Music Inspired by the HBO Series Game of Thrones)",2019-04-26,70,96,0,41,0,0,-9,A#/B♭ Minor,4,5oo6NoLXLL2cT2PZSacAnB,USDMG1900201
188,"Believer","Imagine Dragons",125,3A,78,2023-05-18,03:24,88,"","Evolve",2017-06-23,78,6,0,67,10,0,-4,A#/B♭ Minor,4,0pqnGHJpmpxLKifKRmU6WP,USUM71700626
189,"Centuries","Fall Out Boy",176,9A,86,2023-05-18,03:48,83,"emo, pop punk","American Beauty/American Psycho",2015-01-16,39,0,0,56,0,10,-3,E Minor,4,04aAxqtGp5pv12UXAg4pkq,USUM71412644
190,"Limbo - Sped Up","Freddie Dredd",180,2B,82,2023-05-27,02:19,43,"phonk","Freddie's Inferno (Deluxe)",2023-02-22,78,2,25,49,20,10,-4,F#/G♭ Major,4,4K3wSRQXfJwpG8dtvE8GX1,USRC12300404
191,"Murder In My Mind","Kordhell",120,6B,97,2023-05-28,02:25,76,"phonk, drift phonk","Murder In My Mind",2022-01-21,71,1,0,57,10,10,-1,A#/B♭ Major,4,6qyS9qBy0mEk3qYaH8mPss,QM4TW2218315
192,"Somebody That I Used To Know","Gotye,Kimbra",129,8B,50,2023-06-05,04:04,79,"","Making Mirrors",2011-01-01,86,59,0,72,0,10,-7,C Major,4,4wCmqSrbyCgxEXROQE6vtV,AUZS21100040
193,"","",110,10A,45,2023-06-12,00:00,0,"","",0000-00-00,69,26,0,53,0,0,-10,B Minor,4,5qoYAaamCq2vBLHpvArGjk,
194,"Bubblegum","Cigarettes After Sex",120,10B,20,2023-07-20,04:39,38,"dream pop","Bubblegum",2023-07-18,52,53,83,12,0,10,-15,D Major,4,3gp5nbWznFA6odxiWS0Y5Y,USBQU1900063
195,"Gangsta's Paradise","idksan,Sanat Sawant",75,12A,36,2023-07-27,01:55,0,"","Gangsta's Paradise",2022-02-16,58,72,95,24,0,0,-9,C♯/D♭ Minor,4,46WoN72KGlkYSOpX73WY2d,AUBEC2171226
196,"After Hours","The Weeknd",109,4A,57,2023-08-09,06:01,83,"","After Hours",2020-03-20,66,8,1,14,0,10,-6,F Minor,4,2p8IUWQDrpjuFltbdgLOag,USUG12000586
197,"You're Somebody Else","flora cash",103,3B,46,2023-08-12,03:39,71,"","Baby, It's Okay",2020-03-06,71,85,1,23,0,10,-9,C♯/D♭ Major,4,6iWEhoALoBFnQMNVhYY0Sc,SEXCG1700102
198,"Rich Men North of Richmond","Oliver Anthony Music",122,6B,26,2023-08-25,03:07,74,"country","Rich Men North of Richmond",2023-08-11,68,75,0,53,0,30,-12,A#/B♭ Major,4,78Du4CMFgnhdlG33gblkiP,QZPLS2305267
199,"Take Me to Church","Hozier",129,9A,66,2023-08-30,04:01,82,"","Hozier (Expanded Edition)",2014-09-19,57,63,0,44,0,10,-5,E Minor,4,1CS7Sd1u5tWkstBhpssyjP,USSM11307291
200,"Who Is She ?","I Monster",153,12A,80,2023-09-03,03:33,71,"","Neveroddoreven",2005-01-27,39,8,1,10,0,0,-4,C♯/D♭ Minor,4,1QxcWlk8PivolUaWcpAoNq,GBDKA0300194
201,"Who is She? - Sped up #1","I Monster",171,2A,83,2023-09-03,03:07,38,"","Who is She? Nightcore",2023-02-10,30,20,0,9,0,30,-4,D#/E♭ Minor,4,2BkPTDKzxOcS4UIWI9KE3U,GB3TH2300009
202,"Who Is She x The Perfect Girl - TikTok Remix","TommyMuzzic,ZeddMusique",121,1B,78,2023-09-03,03:31,0,"nightcore, ","Who Is She x The Perfect Girl (TikTok Remix) - Oh Who Is She A Misty Memory",2023-02-03,60,0,87,35,0,20,-9,B Major,4,6tJHCBbfG2jgigzMaeZqWq,GB8KE2301978
203,"Peaky Blinder","Otnicka,Duke Luke",184,4A,73,2023-09-20,02:39,47,"slap house","Peaky Blinder",2021-11-12,62,33,5,56,10,30,-7,F Minor,4,2ccERNgupCOr0XjIikHDKJ,QMDA62162310
204,"The Hills X Creepin X The Color Violet","LonelyEve",121,12A,52,2023-09-27,03:17,66,"","The Hills X Creepin X The Color Violet",2022-12-31,68,1,0,21,0,20,-8,C♯/D♭ Minor,4,5qpXZ45eZA3VX3qe76tmqh,GX8KD2306821
205,"The Color Violet","Tory Lanez",105,11A,53,2023-09-27,03:46,87,"","Alone At Prom",2021-12-10,65,16,0,46,0,0,-11,F#/G♭ Minor,4,3azJifCSqg9fRij2yKIbWz,QZTGW2100275
206,"Hate Me","Ellie Goulding,Juice WRLD",75,4B,79,2023-11-05,03:06,30,"melodic rap, emo rap","Slow Grenade",2020-06-30,66,10,0,74,0,10,-5,G#/A♭ Major,4,68hbS0gbw6cha2yotdqsQT,GBUM71902944
207,"","",163,5B,39,2023-11-23,00:00,0,"","",0000-00-00,35,77,91,64,0,40,-13,D#/E♭ Major,4,2pNnsMukPAXz5y8QzhrUqz,
208,"Falling","Trevor Daniel",127,3A,43,2023-12-02,02:39,76,"","Nicotine",2020-03-26,79,12,0,24,0,0,-9,A#/B♭ Minor,4,0Aqi7ArnBrGblW5T6p2jmD,USUYG1221109
209,"House of the Rising Sun","The Animals",117,8A,48,2023-12-08,04:29,81,"classic rock","The Singles Plus",1987-10-19,32,0,0,30,0,0,-9,A Minor,3,4mn2kNTqiGLwaUR8JdhJ1l,GBAYE6400209
210,"Paint It, Black - Mono","The Rolling Stones",160,4A,84,2023-12-08,03:24,56,"classic rock, rock","The Rolling Stones In Mono (Remastered 2016)",1966-01-01,51,1,7,76,10,30,-7,F Minor,4,1RJeiAIwR9pZBgJA8ndZLL,USA171610080
211,"Beggin (original version)","Madcon",129,9A,80,2023-12-08,03:36,74,"norwegian hip hop","So Dark The Con Of Man",2007-12-03,72,3,0,45,0,0,-5,E Minor,4,1XyL3J7eTTKnxRZAM3LqIT,NOBLV0703011
212,"Puttin' on the Ritz","Taco",99,8B,29,2023-12-09,04:41,61,"electro swing","After Eight",1982-01-01,80,15,0,81,0,10,-17,C Major,4,1taGkdO3DQsNRIQrarhVvc,DEK898200020
213,"twirling","savemesamudio",87,10B,85,2023-12-12,02:02,0,"","twirling",2022-07-10,55,81,0,40,30,10,-7,D Major,4,1yeuCZWcN3p5lzHGyJWbgE,QZK6H2278653
214,"Seven Nation Army","The White Stripes",124,9A,45,2023-12-12,03:52,86,"garage rock, blues rock, rock, alternative rock","Elephant",2003-04-01,74,0,12,28,0,30,-8,E Minor,4,3dPQuX8Gs42Y7b454ybpMR,USVT10300001
215,"Smells Like Teen Spirit","Nirvana",117,3B,91,2023-12-15,05:01,12,"grunge, rock","Nevermind (Deluxe Edition)",1991-09-26,50,0,0,72,0,10,-5,C♯/D♭ Major,4,1f3yAtsJtY87CTmM8RLnxf,USGF19942501
216,"Mockingbird","Eminem",84,8B,68,2023-12-15,04:10,87,"rap, hip hop","Encore (Deluxe Version)",2004-11-12,64,21,0,25,20,10,-4,C Major,4,561jH07mF1jHuk7KlaeF0s,USIR10400813
217,"Fuck Love","XXXTENTACION,Trippie Redd",131,5A,53,2023-12-15,02:26,83,"emo rap, melodic rap","17",2017-08-25,80,2,0,33,0,10,-10,C Minor,4,7AQim7LbvFVZJE3O8TYgf2,USUYG1156898
218,"polozhenie - Slowed","Lone Wolf Pack,Ripped Condom",85,6A,22,2024-01-01,04:53,0,"","Nothing Left to Lose (ACT II)",2023-09-05,38,99,91,9,0,10,-15,G Minor,4,1foAUpMUsXizI0PKi8bBJg,QZTAW2315120
219,"Interstellar Main Theme (From  Interstellar )","Geek Music",96,8A,5,2024-01-01,04:03,61,"anime","Interstellar Main Theme (From  Interstellar )",2017-05-11,33,91,93,4,0,0,-25,A Minor,3,5tE3p4vIwoqUZLkKF2PNeB,USLZJ1767258
220,"Moonlight","XXXTENTACION",128,8A,54,2024-01-01,02:15,87,"emo rap","?",2018-03-16,92,56,0,71,0,10,-6,A Minor,4,0JP9xo3adEtGSdUEISiszL,USUG11800209
221,"Revenge","XXXTENTACION",140,10A,25,2024-01-01,02:00,82,"emo rap","17",2017-08-25,75,78,0,18,20,10,-16,B Minor,4,5TXDeTFVRVY7Cvt0Dw4vWW,USUYG1156895
222,"Hope","XXXTENTACION",146,8A,46,2024-01-01,01:50,84,"emo rap","?",2018-03-16,59,66,0,23,0,10,-6,A Minor,4,2ZRo7axmMPeSVUvDbGkJah,USUG11800447
223,"All Girls Are The Same","Juice WRLD",162,8B,53,2024-01-01,02:45,83,"melodic rap, emo rap","Goodbye & Good Riddance",2018-12-10,67,8,0,20,30,0,-7,C Major,4,4VXIryQMWpIdGgYR4TrjT1,USUG11800651
224,"The End","Tom Odell",70,6B,14,2024-01-01,03:25,50,"","The End",2023-12-22,31,97,19,23,0,0,-15,A#/B♭ Major,5,3e4QnOQmNqJaBjpmjGYZK0,USA2P2346801
225,"Talk","Hozier",154,7A,54,2024-01-02,03:26,61,"","Wasteland, Baby!",2019-03-01,40,18,15,25,0,10,-7,D Minor,4,6ctlpLPyLH3R1V16fxoOWE,USSM11809032
226,"Heartless","The Weeknd",170,3A,75,2024-01-11,03:18,79,"","After Hours",2020-03-20,54,2,0,25,10,10,-6,A#/B♭ Minor,4,6bnF93Rx87YqUBLSgjiMU8,USUG11904007
227,"Princess Bubblegum (with some phonk)","ilyTOMMY,onimanxd",158,3A,78,2024-02-03,01:47,29,"phonk, drift phonk","Princess Bubblegum (with some phonk)",2024-02-01,54,1,9,11,20,10,-8,A#/B♭ Minor,4,5t36KLDvhjsIaat1DDxrDo,CAHQJ2418603
228,"Alone And Forsaken","Hank Williams",80,7B,18,2024-02-04,02:01,47,"classic country, honky tonk, traditional country, outlaw country, country","Moanin' The Blues (Expanded Edition)",1952-09-12,47,97,1,49,0,10,-12,F Major,4,61GEP8lryEfcuEgBMbRmNi,USPR35100068
229,"Do I Wanna Know?","Arctic Monkeys",85,7A,50,2024-02-06,04:33,0,"indie, garage rock","Peaky Blinders (Original Music From The TV Series)",2019-11-08,55,31,0,44,0,10,-10,D Minor,4,0gR4eElULUpXhqJcZGzvkh,GBCEL1300362
230,"Tommy: 'Sex, Freedom, Whiskey Sours…'","Cillian Murphy",0,10B,14,2024-02-06,00:11,0,"spoken word","Peaky Blinders (Original Music From The TV Series)",2019-11-08,0,26,0,0,0,10,-20,D Major,0,2IxCijVcSlPJjglwY2CiDF,GB2DY1900571
231,"Devil Inside Me","Frank Carter & The Rattlesnakes",97,3B,78,2024-02-06,02:58,0,"","Peaky Blinders (Original Music From The TV Series)",2019-11-08,36,0,0,40,10,10,-8,C♯/D♭ Major,4,4ExpPD3GwLW0FelZLuMCTx,GB2ME1501260
232,"Tommy: 'I’m Not A Traitor To My Class…'","Cillian Murphy",0,10B,31,2024-02-06,00:09,0,"spoken word","Peaky Blinders (Original Music From The TV Series)",2019-11-08,0,29,0,0,0,30,-21,D Major,0,0GAce1guQiqL6ZbxXTCizA,GB2DY1900573
233,"Never Fight A Man With A Perm","IDLES",155,11B,90,2024-02-06,03:49,0,"post-punk, punk","Peaky Blinders (Original Music From The TV Series)",2019-11-08,25,0,0,26,10,10,-8,A Major,4,3u3UDX1bGGlCgwJKUR5GEx,USBQU1800062
234,"Tommy: 'You Need To Understand…'","Cillian Murphy",0,12A,36,2024-02-06,00:09,0,"spoken word","Peaky Blinders (Original Music From The TV Series)",2019-11-08,0,53,0,0,0,40,-25,C♯/D♭ Minor,0,6nmNFNaefWePcoPY6TaG8I,GB2DY1900576
235,"West Coast","Lana Del Rey",123,11A,59,2024-02-08,04:16,84,"","Ultraviolence (Deluxe)",2014-01-01,53,19,2,46,0,0,-8,F#/G♭ Minor,4,5Y6nVaayzitvsD5F7nr3DV,GBUM71402081
236,"Somebody's Watching Me","Rockwell",124,12A,36,2024-02-22,04:58,67,"","Somebody's Watching Me",1984-01-30,82,4,0,77,0,0,-14,C♯/D♭ Minor,4,7jwQlYGpOml9ETGre1HqGA,USMO18400484
237,"WASTE","KXLLSWXTCH",132,9B,12,2024-02-26,02:00,72,"trap metal","DISORDER",2021-10-29,63,86,0,11,0,10,-14,G Major,4,4NgherJDfCXWBZBYheM4jK,USUYG1393224
238,"K.","Cigarettes After Sex",94,5B,40,2024-02-27,05:20,7,"dream pop","Cigarettes After Sex",2017-06-09,45,14,84,32,0,10,-10,D#/E♭ Major,4,1FWsomP9StpCcXNWmJk8Cl,USBQU1600214
239,"I Put A Spell On You (Fifty Shades of Grey) - From  Fifty Shades Of Grey  Soundtrack","Annie Lennox",174,7A,38,2024-02-27,03:30,64,"synthpop","Fifty Shades Of Grey (Original Motion Picture Soundtrack)",2015-02-09,56,28,0,36,0,10,-8,D Minor,3,32YHCNItnCdiYaPbw0uTo8,USUG11500006
240,"Too Sweet","Hozier",117,6B,62,2024-03-24,04:11,74,"","Unheard",2024-03-22,74,3,0,93,0,0,-6,A#/B♭ Major,4,4IadxL6BUymXlh8RCJJu7T,USSM12401865
241,"Blue Monday - Remix","DJ Ghoster",98,6B,69,2024-03-24,02:51,0,"","Blue Monday",2024-02-24,74,0,87,94,0,50,-13,A#/B♭ Major,4,1NxTygzPXgb4kWVLYWFBjP,ITF252400196
242,"i like the way you kiss me","Artemas",152,1B,95,2024-04-03,02:22,81,"","i like the way you kiss me",2024-03-19,60,0,1,75,0,0,-4,B Major,4,2GxrNKugF82CnoRFbQfzPf,QZJ842400387
243,"Island","Tony K",81,7A,41,2024-04-15,02:21,44,"","Island",2023-07-21,73,45,11,48,0,10,-10,D Minor,4,5ne3rgAhc9H6DmaXcadkTd,SE6TI2377137
244,"1000 Blunts","$uicideboy$",133,4A,70,2024-04-30,02:55,77,"emo rap, horrorcore, cloud rap, trap metal, underground hip hop","Sing Me a Lullaby, My Sweet Temptation",2022-07-29,83,22,0,60,0,10,-7,F Minor,4,09riz9pAPJyYYDVynE5xxY,QZAPK2000271
245,"Hurt","Johnny Cash",90,8A,39,2024-05-04,03:36,75,"classic country, outlaw country, country","American IV: The Man Comes Around",2002-01-01,53,65,0,16,0,0,-8,A Minor,4,28cnXtME493VX9NOw9cIUh,USDJ20200650
246,"Another One Bites The Dust - Remastered 2011","Queen",110,4A,53,2024-05-06,03:34,83,"classic rock, rock, glam rock","The Game (2011 Remaster)",1980-06-27,93,11,31,75,10,10,-6,F Minor,4,5vdp5UmvTsnMEMESIF2Ym7,GBUM71029605
247,"Billie Jean","Michael Jackson",117,10A,65,2024-05-06,04:53,81,"","Thriller 25 Super Deluxe Edition",2008-02-08,92,2,2,85,0,0,-3,B Minor,4,5ChkMS8OtdzJeqyybCc9R5,USSM19902991
248,"this is what heartbreak feels like","JVKE",110,3B,47,2024-05-06,02:37,70,"","this is what ____ feels like (Vol. 1-4)",2022-09-23,71,58,0,54,0,10,-5,C♯/D♭ Major,4,4RxdAzEmkPXTiIU6ULLoXh,GBKPL2288377
249,"The Less I Know The Better","Tame Impala",117,12B,74,2024-05-08,03:36,91,"neo-psychedelic, indie","Currents",2015-07-17,64,1,1,79,0,10,-4,E Major,4,6K4t31amVTZDgR3sKmwUJJ,AUUM71500303
250,"Rock 'n' Roll (Part 2)","Gary Glitter",129,10A,31,2024-05-09,03:13,62,"glam rock","Glitter",1973-00-00,71,0,79,40,0,0,-11,B Minor,4,5F40csF5DtKOGfEg8vuz1d,GBCQV7500002
251,"Hotel California - 2013 Remaster","Eagles",147,10B,51,2024-05-20,06:31,87,"classic rock, yacht rock, soft rock","Hotel California (2013 Remaster)",1976-12-08,58,1,0,61,0,0,-9,D Major,4,40riOy7x9W7GXjyGp4pjAv,USEE11300353
252,"Prayer In C","Lilly Wood and The Prick",94,8A,14,2024-06-04,03:10,56,"french indie pop","Invincible Friends",2010-05-31,69,54,0,9,0,10,-14,A Minor,4,4MteadAdoJXNnuBIa0Q1ZK,FR9W10906230
253,"Dark Red","Steve Lacy",172,2B,78,2024-06-04,02:53,87,"","Dark Red",2017-02-20,60,45,0,77,0,10,-4,F#/G♭ Major,4,3EaJDYHA0KnX88JvDhL9oa,GBKPL1778015
254,"Lost Horse","Asaf Avidan",76,4A,70,2024-06-05,03:53,46,"","Anagnorisis",2020-09-11,72,3,1,55,0,10,-6,F Minor,4,2SFjZJOwgMGmsLtqHdZbVY,IL6172000062
255,"Colorado","Milky Chance",124,8A,74,2024-06-05,02:54,56,"","Colorado",2021-06-17,79,29,0,80,0,0,-7,A Minor,4,0eZmBWVC1HYayrP2fqQ7nu,DEVP22100003
256,"All Girls Are the Same (Rechill)","AdAstraJulian",81,7B,19,2024-06-18,02:46,33,"","All Girls Are the Same (Rechill)",2018-10-27,65,49,1,65,10,10,-25,F Major,4,3fr8jc2AXhKletaJ4QLexb,QZES61817681
257,"0% Angel","Mr.Kitty",135,1A,87,2024-06-20,03:54,57,"witch house, darkwave","Ephemeral",2019-05-24,62,1,0,77,0,0,-8,G#/A♭ Minor,4,0l2Ob0zMIQ21gJn642HyQ1,USY251943250
258,"After Dark Sped Up","Victoria Berry",176,9B,59,2024-06-26,06:42,0,"","After Dark Sped Up",1983-03-15,45,6,89,6,0,10,-11,G Major,4,1awTSEZgRd32jVZKzhICmR,QZQGC2203162
259,"After Dark - Slowed + Reverb","Atieh,SashaVande,Mzlznzz",110,3A,39,2024-06-26,05:24,39,"funkot, ","After Dark - Slowed + Reverb",2022-12-19,52,24,95,4,0,20,-11,A#/B♭ Minor,4,3kS0hZ5iEKj0QBBfPymuAY,QZTB82270060
260,"Blue Monday","New Order",130,8B,65,2024-07-17,07:29,76,"new wave, synthpop, post-punk, madchester","Substance",1987-08-17,76,0,86,94,0,10,-13,C Major,4,6hHc7Pks7wtBIW8Z6A0iFq,GBAAP0001115
261,"Blue Monday '88","New Order",130,9B,89,2024-07-17,04:04,70,"new wave, synthpop, post-punk, madchester","The Best of New Order",1994-01-01,68,0,38,95,0,0,-8,G Major,4,31MOjWj3CT3dCQsMV2b8Wu,GBANP9400071
262,"Another Day in Paradise","Ultra Band",96,4A,71,2024-08-03,04:48,23,"","PLAYLIST.ROCK INTERNACIONAL",2005-12-28,67,8,0,59,0,0,-5,F Minor,4,2TOayhTL9Jf7HXS43Kk7W1,BR03D2400391
263,"...And to Those I Love, Thanks for Sticking Around","$uicideboy$",114,10B,51,2024-08-03,02:48,78,"emo rap, horrorcore, cloud rap, trap metal, underground hip hop","Stop Staring At the Shadows",2020-02-14,79,12,0,11,0,10,-7,D Major,4,30QR0ndUdiiMQMA9g1PGCm,QZAPK1900020
264,"Trust Issues","Drake",89,10A,54,2024-08-14,04:41,81,"rap","Care Package",2019-08-02,42,78,0,52,20,10,-5,B Minor,3,4Wjhj0WjkyECccfHVIgaTq,USUG11902746
265,"Trust Issues (TikTok Version) - Remix","NVBR",110,9A,43,2024-08-14,03:05,0,"","Trust Issues (TikTok Version) [Remix]",2022-11-20,68,29,0,51,0,0,-10,E Minor,4,3f4NqdD3JX7Dct5gCAiQyq,ARIXB2207870
266,"dirty little secret","Artemas",127,10A,87,2024-08-17,03:01,66,"","yustyna",2024-07-11,61,0,8,43,10,90,-4,B Minor,4,1lau6K2YSP5APtkzNJxVyB,QZJ842401769
267,"no stylist crimewave ojc","cortezia",150,11A,88,2024-08-18,02:37,0,"","no stylist crimewave ojc",2020-02-12,68,6,0,95,0,20,-4,F#/G♭ Minor,4,4JdmL34RnXlDWimGayiWxZ,QZLBC2301747
268,"Black Friday","Tom Odell",165,2B,20,2024-08-29,03:41,72,"","Black Friday",2023-09-22,48,93,6,20,0,10,-12,F#/G♭ Major,4,1XTY6rA7XQosc0ynkkE9kN,USA2P2342595
269,"snowfall","Øneheart,reidenshi",95,6B,9,2024-09-08,02:04,84,"dark ambient, ambient","snowfall",2022-01-14,47,93,80,8,0,40,-27,A#/B♭ Major,4,4xF4ZBGPZKxECeDFrqSAG4,QM3DF2191341
270,"Bad Things","Jace Everett",131,9A,87,2024-10-06,02:44,26,"southern gothic","Good Things: The Best Of",2015-06-01,58,5,2,75,0,20,-5,E Minor,4,1aUf5eGmZQdvFRebKdWsNt,GBDCC1501729
271,"Like a Tattoo","Sade",136,4A,16,2024-12-05,03:38,82,"","Love Deluxe",1992-10-26,56,92,0,13,0,10,-16,F Minor,4,4PEGwWH4tL6H7dGl4uVSPg,GBBBM9202008
272,"wet dreams","Artemas",126,9B,72,2024-12-09,01:39,54,"","wet dreams",2024-07-10,41,28,1,4,0,20,-6,G Major,4,05EXzecgWqEuk5ph43jRq9,QZJ842401770
273,"i always kinda knew you’d be the death of me","Artemas",97,12A,92,2024-12-09,02:16,62,"","yustyna",2024-07-11,57,0,0,59,0,60,-3,C♯/D♭ Minor,4,3iUDHA6FGAKfHX2jmgF0vO,QZJ842401765
274,"you've been a bad girl","Artemas",137,9A,87,2024-12-09,02:23,60,"","yustyna",2024-07-11,58,0,0,37,0,10,-2,E Minor,4,6Gron8VFcNPwj7ZamJe7Pt,QZJ842401766
275,"caroline","Artemas",74,5A,71,2024-12-09,02:56,65,"","yustyna",2024-07-11,47,0,0,40,0,10,-5,C Minor,4,4moj13K6Q7bDIc0O4SKhU5,QZJ842401768
276,"Figure You Out","VOILÀ",95,10A,49,2024-12-14,02:43,75,"","Long Story Short",2020-05-22,63,51,0,54,0,10,-8,B Minor,4,2bFGGsScXp2Tu10jKMCKO6,QM24S2003135
277,"Odd Look","Kavinsky,The Weeknd",105,3A,89,2024-12-31,04:13,61,"synthwave, french house, ","Odd Look",2013-01-01,57,24,0,26,0,10,-4,A#/B♭ Minor,4,3Q6mwJseOFYBJ10d5CXp4o,FRS711300690
278,"Taste of Metal","Henry Morris",149,6A,60,2025-01-03,02:54,55,"","Jawbreaker",2024-06-21,54,39,75,28,0,0,-9,G Minor,4,6mNoRKg94GII7wGh7Zzsjk,US7VG2465322
279,"ride me darling","Artemas",180,10A,92,2025-01-03,01:33,50,"","yustyna",2024-07-11,53,5,0,49,30,20,-4,B Minor,4,7o5ubeFufZUof8IEHXM4pw,QZJ842401771
280,"Don't Matter","Derik Fein",99,12A,54,2025-01-07,03:20,63,"","Vertigo",2022-08-26,71,41,0,57,0,10,-8,C♯/D♭ Minor,4,5K2YU3ENuytMsx9bfJOFrw,NL4NL2220499
281,"Gone With The Sin","HIM",92,8A,43,2025-01-08,04:22,55,"gothic metal, gothic rock, finnish rock","Razorblade Romance",1991-09-17,61,24,1,16,0,10,-10,A Minor,4,4BNRlHGnSrHXg7cHFF7O0I,FIBAR9900314
282,"Wicked Game","HIM",120,11B,87,2025-01-08,03:53,62,"gothic metal, gothic rock, finnish rock","Greatest Love Songs Vol. 666",1997-03-09,51,0,0,53,0,0,-5,A Major,4,5XenUjG7cRnTkUe8AVuuMX,FIBAR9700075
283,"She's my Witch","Kip Tyler",92,11B,88,2025-01-29,02:21,54,"rockabilly, psychobilly","Ooh Yeah Baby",2004-01-01,50,78,0,74,0,10,-6,A Major,4,6BfO8BTtLoD8tTwvRFGfKf,GBGNB0442119
284,"Timeless (feat. Playboi Carti)","The Weeknd,Playboi Carti",120,10A,72,2025-02-11,04:16,16,"rage rap","Timeless",2024-09-27,77,6,0,57,0,10,-5,B Minor,4,1Es7AUAhQvapIcoh3qMKDL,USUG12406536
285,"First Person Shooter (feat. J. Cole)","Drake,J. Cole",164,10A,66,2025-02-25,04:07,74,"rap","For All The Dogs",2023-10-06,48,3,0,25,30,30,-7,B Minor,4,7aqfrAY2p9BUSiupwk3svU,USUG12306071
286,"MELTDOWN (feat. Drake)","Travis Scott,Drake",112,6A,77,2025-02-25,04:06,75,"rap","UTOPIA",2023-07-28,56,1,0,40,30,40,-5,G Minor,4,67nepsnrcZkowTxMWigSbb,USSM12305021
287,"desolate - Slowed","ByErik ヵ",168,3B,25,2025-03-15,02:06,62,"","desolate",2024-11-08,52,95,91,28,10,10,-27,C♯/D♭ Major,4,2X2AxBTGU1q0ToTjU8vnAX,QZZ782486285
288,"test drive","Artemas",104,12A,82,2025-03-18,03:08,65,"","southbound / test drive",2025-03-19,54,34,0,8,0,30,-3,C♯/D♭ Minor,4,5at6m1L4BvhhYJzMPQHgyN,QZJ842501320
289,"Let Go - Slowed","Dybbukk",136,4B,11,2025-03-30,02:17,65,"","Let Go (Slowed)",2021-07-14,16,89,68,13,0,10,-27,G#/A♭ Major,3,1Mgvh8p8Kqm8H4MTC0UgBC,QZ93L2122331
290,"Little Dark Age - Slowed","ethereal",151,12A,45,2025-03-30,02:04,57,"","Little Dark Age (Slowed)",2021-07-21,52,20,95,62,0,20,-18,C♯/D♭ Minor,4,5CcCBkStZgDp9qH7zfim2A,QZLBC2300080
291,"High Enough - RAC Remix","K.Flay,RAC",133,9B,68,2025-03-31,03:28,64,"","High Enough (RAC Remix)",2017-08-04,32,24,35,29,0,0,-5,G Major,3,1cxttvflVlYD4QA34tR5Yj,USUM71708345
292,"I Was Never There","The Weeknd,Gesaffelstein",113,6B,74,2025-03-31,04:01,83,"","My Dear Melancholy,",2018-03-30,32,14,0,16,0,10,-4,A#/B♭ Major,4,1cKHdTo9u0ZymJdPGSh6nq,USUG11800570
293,"Shootout","Izzamuzzic,Julien Marchal",87,10B,58,2025-03-31,04:55,66,"","Shootout",2022-06-30,66,31,91,55,0,10,-9,D Major,4,4pTkDIlpFNoeWbahu8pVXW,US3DF2266823
294,"Close Eyes","DVRST",96,8B,57,2025-03-31,02:12,71,"phonk, drift phonk","Close Eyes",2021-05-25,78,7,84,21,0,10,-10,C Major,4,3CLSHJv5aUROAN2vfOyCOh,QZHN82186053
295,"Close Eyes - Slowed + Reverb","DVRST",89,3A,63,2025-03-31,02:23,62,"phonk, drift phonk","Close Eyes (Slowed + Reverb)",2021-07-16,75,8,84,8,0,10,-10,A#/B♭ Minor,4,5RE3w3M9g5vsotdIVtLONq,QMFME2128103
296,"The Lost Soul Down","NBSPLV",112,4B,74,2025-03-31,03:12,69,"","The Lost Soul Down",2015-12-09,72,1,90,76,0,10,-7,G#/A♭ Major,4,5dPy1CCYQ04xaQHpajf5CY,FRX452396093
297,"Call Me - Slowed","plenka",111,8A,84,2025-03-31,02:40,60,"witch house, drift phonk, phonk","Call Me (Slowed)",2021-10-06,73,0,87,34,0,20,-6,A Minor,4,0TvHrcLqLrQxAmT8ILd21V,QZNJX2130808
298,"METAMORPHOSIS","INTERWORLD",175,6A,64,2025-03-31,02:22,77,"phonk, drift phonk, brazilian phonk","METAMORPHOSIS",2021-11-25,59,43,90,15,10,10,-13,G Minor,4,2ksyzVfU0WJoBpu8otr4pz,QZS642102633
299,"Crystals","Isolate.exe",100,1B,73,2025-03-31,02:19,65,"phonk, drift phonk","Crystals",2022-01-28,69,44,66,13,0,0,-10,B Major,4,2BH3j05ZXWr5PR30sW079d,QZFYZ2295706
300,"SLAY!","Eternxlkz",130,3B,77,2025-03-31,01:47,75,"phonk, brazilian phonk","SLAY!",2024-03-15,68,9,73,50,0,10,-5,C♯/D♭ Major,4,67smGwuPEtA6GAfeweAVNO,QM4TX2453776
301,"BONES","Dxrk ダーク",124,11A,80,2025-03-31,02:34,47,"phonk, drift phonk","BONES",2022-06-17,64,59,0,15,20,20,-6,F#/G♭ Minor,4,3QslPNyh3s8UdAtNX3c2Fy,QM6MZ2278662
302,"Tokyo Drift","ZODIVK,dnvn,BELCAST,Phonk King,NIGHTMORSS",127,8B,68,2025-03-31,02:00,60,"phonk, brazilian phonk, drift phonk","Tokyo Drift",2023-06-23,87,4,60,30,10,10,-7,C Major,4,3dDzBfNFF5jekdxawoTPT7,QM3DF2219436
303,"LOVELY BASTARDS - Slowed","ZWE1HVNDXR,yatashigang",114,3B,68,2025-03-31,02:32,57,"phonk, brazilian phonk, drift phonk","LOVELY BASTARDS (Slowed)",2023-08-29,70,85,90,73,40,10,-10,C♯/D♭ Major,4,0D1lgFbxCMU4aieSJWSy9H,QZRP42377902
304,"The Perfect Girl","PHARAØH,GOLDKID$,dnvn,Phonk King",96,1A,77,2025-03-31,02:13,43,"hardstyle, drift phonk, synthwave, phonk, brazilian phonk","The Perfect Girl",2023-02-03,61,3,67,34,0,10,-7,G#/A♭ Minor,4,01bsjSvAJZiN1h17WTC3Xk,QZS632336240
305,"Freaks","PHARAØH,Fyex",75,3A,68,2025-03-31,02:40,46,"hardstyle, drift phonk, phonk, brazilian phonk, hypertechno","Freaks",2023-12-08,52,0,0,30,0,40,-7,A#/B♭ Minor,4,7ewNJrUgS5C0nxAK1KB3fY,GX5MY2321683
306,"void - super slowed","isq",195,10B,95,2025-03-31,01:41,68,"phonk, brazilian phonk","void",2024-08-23,52,0,83,18,0,10,-1,D Major,4,4Pxm8GR4lQT1WnhvN2qNvx,QZTB72492370
307,"PASSO BEM SOLTO - Slowed","ATLXS",116,12A,87,2025-03-31,01:56,82,"phonk, brazilian phonk","PASSO BEM SOLTO",2024-04-23,60,1,0,40,0,20,-6,C♯/D♭ Minor,4,4sTlQPMyoFMPdhAJvErBN3,AUMEV2448907
308,"MONTAGEM LADRAO","ATLXS,MXZI,Itamar Mc",130,10B,92,2025-03-31,01:15,68,"phonk, brazilian phonk, funk","MONTAGEM LADRAO",2025-02-05,84,2,29,26,10,0,-8,D Major,4,48WnIIBbnttcwUQ77MBoMI,QM4TX2503431
309,"WORTH NOTHING (feat. Oliver Tree) - Fast & Furious: Drift Tape/Phonk Vol 1","TWISTED,Oliver Tree,Fast & Furious: The Fast Saga",140,7A,60,2025-03-31,02:44,0,"phonk, drift phonk","WORTH NOTHING (feat. Oliver Tree) [Fast & Furious: Drift Tape/Vol 1]",2023-01-26,60,15,0,16,0,10,-8,D Minor,4,65tX8MBdsnTiwy9UoIPHzr,QZNWZ2297541
310,"GigaChad Theme - Phonk House Version","g3ox_em",128,11B,50,2025-03-31,02:26,68,"phonk, drift phonk","GigaChad Theme (Phonk House Version)",2022-08-22,59,0,94,58,0,10,-6,A Major,4,7mLWNwcvwRdEviz6SfYp8A,QZNWS2230712
311,"Sudno","LLXVD",120,4B,60,2025-03-31,02:39,5,"","Sudno",2023-10-01,56,71,90,73,0,0,-14,G#/A♭ Major,4,0pu51PuC4QecPkWE9DJkS5,QZTB42361145
312,"Night Drive","Wilee",120,8B,99,2025-03-31,02:04,60,"phonk, drift phonk","Night Drive",2022-02-25,67,14,85,15,0,10,-4,C Major,4,4jrXcjE0rKXu4svwQ7IYzD,US3DF2218074
313,"Dead Inside","АДЛИН",127,10B,68,2025-03-31,02:04,71,"phonk, drift phonk","Dead Inside",2021-10-27,90,7,22,42,0,0,-8,D Major,4,0EPK3XVvgbe8q0KrS7nEiY,SMRUS0069872
314,"Cold Lie - Slowed","Scythermane,LXNGVX",83,3A,49,2025-03-31,03:27,36,"phonk, brazilian phonk, funk","Cold Lie (Slowed)",2023-03-03,73,34,50,51,20,10,-10,A#/B♭ Minor,4,6wT4RbFNKpIUVtTlxhSY8f,QM4TX2309806
315,"Starboy","The Weeknd,Daft Punk",186,9B,59,2025-03-31,03:50,91,"french house, electronic, electro","Starboy",2016-11-25,68,14,0,49,20,10,-7,G Major,4,7MXVkk9YMctZqd1Srtv4MB,USUG11600976
316,"Reminder","The Weeknd",160,4B,51,2025-03-31,03:38,83,"","Starboy",2016-11-25,71,14,0,39,10,10,-7,G#/A♭ Major,4,37F0uwRSrdzkBiuj0D5UHI,USUG11600998
317,"LA ESPADA","Eternal Raijin",130,8A,84,2025-03-31,02:57,59,"phonk","LA ESPADA",2020-02-08,78,14,87,73,0,20,-7,A Minor,4,2KYNQpVdHsqC84TgJa5T7O,QZK6L2074963
318,"Search & Rescue","Drake",140,3A,44,2025-03-31,04:32,75,"rap","Search & Rescue",2023-04-07,83,8,0,53,0,30,-9,A#/B♭ Minor,4,7aRCf5cLOFN1U7kvtChY1G,USUG12301601
319,"Circadian Rhythm","Drake",146,12A,57,2025-03-31,02:06,76,"rap","100 GIGS",2024-08-30,69,19,0,29,0,0,-6,C♯/D♭ Minor,4,1eroCliWpJrEu1V7VSObcO,USUG12405324
320,"MARCELINE","ogu",124,2A,80,2025-03-31,02:35,0,"","yungdavid",2023-02-14,72,16,0,65,10,10,-3,D#/E♭ Minor,4,7khYn2NnWlrLCGryTXS2eY,QZLBC2303190
321,"STORM","KXST",150,1B,81,2025-03-31,03:24,0,"drift phonk","STORM",2022-01-07,71,1,63,39,0,10,-7,B Major,4,2JMLS8WDzLJNzqOFsNG18i,QZTAS2191894
322,"BURNT TAPES","KoruSe,CYPARISS",147,3B,64,2025-03-31,03:07,0,"synthwave, phonk, drift phonk","BURNT TAPES",2023-02-10,73,35,76,22,0,10,-10,C♯/D♭ Major,4,33ilJUqVSV98WWnm8qesJg,QZFZ62344537
323,"Genesis - Slowed","Bravo 1-2,IVOXYGEN",139,10B,33,2025-03-31,01:37,41,"","Genesis (Slowed)",2023-01-01,84,40,65,7,0,20,-15,D Major,4,0IKc0xOUToF1PanrCgDUs1,QM4TW2304815
324,"Lust","Freddie Dredd",75,12A,69,2025-03-31,02:02,50,"phonk","Freddie's Inferno",2022-08-11,82,3,23,41,20,20,-8,C♯/D♭ Minor,4,4RvUqpXuz82VYAsDCMAAxO,USRC12201646
325,"Fear - Slowed","Hensonn",101,3A,75,2025-03-31,02:30,47,"phonk, drift phonk","Fear (Remixes)",2023-01-13,70,46,83,12,0,10,-6,A#/B♭ Minor,4,7kS2jx51NrxtRMCH1JoT38,QMFMF2219142
326,"GTG","Freddie Dredd",155,6A,78,2025-03-31,01:33,63,"phonk","GTG",2018-08-10,88,16,2,97,10,10,-7,G Minor,4,46M2hXnaQpueG7vSvgVtVH,QZDA81821565
327,"WTH","Freddie Dredd",143,6B,60,2025-03-31,01:39,56,"phonk","Suffer",2020-08-18,80,4,5,45,20,10,-7,A#/B♭ Major,4,6J9UUQSQ9Vm9fh6vZgLlzu,USRC12002624
328,"IN THE CLUB","Mishashi Sensei",126,4B,58,2025-03-31,02:19,54,"phonk, drift phonk","IN THE CLUB",2021-10-22,87,23,50,14,0,10,-10,G#/A♭ Major,4,7vX0rvoGneCCOJ2QPruNNZ,QMDA62172110
329,"Senbonzakura (PHONK)","PHONKYMONKY",155,3B,91,2025-03-31,02:07,0,"","Senbonzakura (PHONK)",2022-04-26,68,6,69,48,0,0,-6,C♯/D♭ Major,4,6OPDXLjod9MBPdUojytOyy,QZHN62296844
330,"KNIFE IN YOUR NECK","GREEN ORXNGE",120,3B,79,2025-03-31,02:01,43,"phonk, drift phonk","ЗА ЭТОТ АЛЬБОМ Я ПОЛУЧИЛ ЗАРПЛАТУ ТВОЕЙ МАМАШИ",2021-12-03,89,0,82,20,0,10,-7,C♯/D♭ Major,4,65t24kuBRILjNy0TmZVhaI,RUA1D2164033
331,"Dark Side - Slowed + Reverb","XAN$X",175,10B,45,2025-03-31,03:18,49,"phonk, drift phonk","Dark Side (Slowed + Reverb)",2023-01-20,69,41,77,61,0,10,-9,D Major,4,47PdPnJdLLKwF47OhrvEUo,QM4TW2327770
332,"Timeless","V1V1D",160,3A,53,2025-04-04,02:13,0,"","Timeless",2024-10-02,75,1,0,32,0,10,-8,A#/B♭ Minor,4,1itjVt0RTWMhW1uZAQSZ9F,QT2VB2439035
333,"GOSHA","$NOT",80,8B,45,2025-04-04,02:00,66,"","- TRAGEDY +",2020-03-06,85,81,0,49,40,30,-10,C Major,4,0j8ppsOOawdPCJnSTcXgOy,QM42K1852966
334,"Little Dark Age","MGMT",98,2B,71,2025-04-08,04:59,80,"indie","Little Dark Age",2018-02-09,71,1,0,62,0,10,-6,F#/G♭ Major,4,2Y0iGXY6m6immVb2ktbseM,USSM11707035
335,"We Are The People","Empire Of The Sun",123,9A,78,2025-04-11,04:27,90,"","Walking On A Dream (10th Anniversary Edition)",2008-10-03,68,8,1,53,0,40,-5,E Minor,4,3zEN0ii6s4DHHBpnTp3RP7,AUEI10800041
336,"Reflex","SAINt JHN",135,12A,49,2025-05-08,04:01,64,"","Collection One",2018-03-30,69,14,0,30,10,10,-7,C♯/D♭ Minor,4,0GA850AWIBdMW3Cfd4ptds,TCACR1690413
337,"The Alchemist","HAARPER",170,3B,80,2025-05-08,01:56,61,"trap metal, drift phonk, horrorcore","The Alchemist",2020-07-30,86,13,64,40,20,0,-6,C♯/D♭ Major,4,1A2EHsaElnVL6Mc4apEY0v,QZHNC2087479
338,"Where Are You","Otnicka",92,3B,61,2025-05-08,03:13,40,"","Where Are You",2020-05-29,75,76,87,38,10,10,-8,C♯/D♭ Major,4,7tanqB2ACecyj7AKjp5Cjq,TCAEW2029871
339,"BRAIN (feat. Artemas)","Diplo,Artemas,d00mscrvll",151,8B,94,2025-05-15,02:39,55,"moombahton, ","BRAIN (feat. Artemas)",2025-05-16,49,7,0,46,40,10,-6,C Major,4,7fGAhyEwT2RPPJeRHNeiC1,QM6P42589283
340,"BRAIN (feat. Artemas) [SLOWED]","Diplo,Artemas,d00mscrvll",128,11A,89,2025-05-15,03:07,41,"moombahton, ","BRAIN (feat. Artemas)",2025-05-16,54,14,0,28,10,20,-7,F#/G♭ Minor,4,4zSDQLYKeHO9MbSFXgsCYW,QM6P42589284
341,"Phonky Town","PlayaPhonk",125,3B,82,2025-05-17,02:21,63,"phonk, drift phonk","Phonky Town",2021-03-16,81,36,83,34,30,10,-5,C♯/D♭ Major,4,5mnpMkzp3Z2RCCbwIEZCbv,QZDA82146449
342,"Rented Feelings","АДЛИН",125,3B,59,2025-05-17,02:11,37,"phonk, drift phonk","Rented Feelings",2022-12-13,88,10,68,66,10,10,-10,C♯/D♭ Major,4,4UVddCkHg4hZLXNnfBA2oC,SMRUS0073907
343,"Devil Eyes","ZODIVK",102,10B,76,2025-05-19,02:16,64,"phonk, brazilian phonk, drift phonk","Devil Eyes",2022-01-28,73,0,83,26,10,10,-7,D Major,4,04cMUwER7r2VwqMCj4kYJ9,QM4TW2234953
344,"GET AWAY II","MXRGX,NERONUS",160,4A,86,2025-05-19,03:12,45,"drift phonk, phonk","GET AWAY II",2021-07-29,59,6,74,29,0,10,-5,F Minor,4,3aI4COsiNptuCDITxvTRCq,QMFME2133183
345,"Фонк Для Бега","Ya$h,only1korob,Mexelio",170,3B,96,2025-05-19,02:44,38,"drift phonk, phonk","Фонк Для Бега",2020-09-18,66,0,55,85,0,30,-5,C♯/D♭ Major,4,7eMeZrBoANgH5Sfs64eySQ,AEA0D2012725
346,"HITMANE!","509 $icario",180,3B,70,2025-05-19,02:00,43,"phonk, drift phonk","HITMANE!",2021-10-01,60,30,86,44,20,10,-7,C♯/D♭ Major,4,2HEBSww3y9jkff2dRmQVrB,QZNWQ2181660
347,"Desolation 2","CREEPYMANE",145,3A,98,2025-05-19,01:32,45,"phonk, drift phonk, witch house","Desolation 2",2022-09-16,53,4,1,28,30,10,-5,A#/B♭ Minor,4,4BGlnLkjEZKw8jtEOQxNeW,QMBZ92248154
348,"Devil Eyes - Slowed","ZODIVK",143,4B,64,2025-05-19,03:13,52,"phonk, brazilian phonk, drift phonk","Devil Eyes (Slowed)",2022-04-01,62,0,85,11,0,20,-10,G#/A♭ Major,4,4GuPfO7da11RgtWSpfuMM3,QM4TX2247158
349,"Mindset","KEDELA",145,10B,65,2025-05-19,03:05,37,"drift phonk, phonk","Mindset",2020-12-31,67,23,10,24,10,10,-5,D Major,4,5ktlWQ41XknjJFVcKycgmy,QZPLS2020682
350,"RAVE - Slowed","Dxrk ダーク",103,4B,67,2025-05-19,03:17,51,"phonk, drift phonk","RAVE (Slowed)",2022-04-12,69,26,90,42,0,10,-7,G#/A♭ Major,4,0KMqXV4fbLT0JEJmqNVyNU,QM4TX2276295
351,"Lost Orion","BLESSED MANE",145,9B,74,2025-05-19,03:06,42,"phonk, drift phonk, witch house","Memories",2021-02-22,66,7,88,38,0,10,-4,G Major,4,3arscwcDkbfPtFUBXVVmt6,QM4TW2165849
352,"Nostalgia","BLESSED MANE",142,9B,40,2025-05-19,02:52,44,"phonk, drift phonk, witch house","Memories",2021-02-22,52,19,66,17,0,10,-10,G Major,4,0mpb5GZcfKOUUltnjCKwyu,QM4TW2165852
353,"OCCUPATION","KEDELA",140,4B,80,2025-05-19,03:30,35,"drift phonk, phonk","OCCUPATION",2022-10-23,71,7,0,47,0,20,-8,G#/A♭ Major,4,3KegVy896FHo4aILnPHTPT,QZRP52223692
354,"Never Let Go (Of Me) - Slowed","Baltra",195,3B,61,2025-05-19,01:34,56,"lo-fi house","Never Let Go (Of Me) [Heist Edit]",2017-08-25,54,52,90,43,0,10,-10,C♯/D♭ Major,4,1c6d99yhgZmHyJOLF9E2oK,QZWDE2237864
355,"No Forget Her","BLESSED MANE,Goto Eight",140,9A,66,2025-05-19,03:46,40,"phonk, drift phonk, witch house","Memories",2021-02-22,66,1,78,23,0,10,-5,E Minor,4,0oPMBsCuo43U9OqbLc3EGd,QM4TW2165851
356,"LAST UNIVERSE","KEDELA",155,10A,57,2025-05-19,02:42,38,"drift phonk, phonk","LAST UNIVERSE",2020-09-17,81,19,0,39,20,0,-8,B Minor,4,5axdsFylPt8ixtBGLhRj3K,QZDA72153457
357,"war all night","Incontinenza",135,7B,73,2025-05-20,01:59,0,"drift phonk, phonk","war all night",2021-09-03,57,71,1,15,0,0,-7,F Major,4,7uro1eiuXnEb7X5Z2GMPHy,UKEX32134870
358,"Techno Phonk","qonran",110,8B,73,2025-05-20,02:13,41,"drift phonk, phonk","Techno Phonk",2021-01-01,84,21,19,88,0,0,-9,C Major,4,7sUzjDK0ULcLBcd1YEAdIu,QZFYW2107229
359,"Airport","АДЛИН",115,9B,56,2025-05-20,02:42,38,"phonk, drift phonk","Airport",2023-02-01,79,58,83,31,20,0,-8,G Major,4,3NtFfh5Ro3zPyhVQoORJWp,SMRUS0074189
360,"REGENERATION","KEDELA",150,6A,74,2025-05-20,02:33,34,"drift phonk, phonk","REGENERATION",2020-11-11,65,6,9,36,30,0,-7,G Minor,4,4HO7LlJmPZMvlvh6ufvQCJ,QZNWS2086829
361,"Lost","$uLTANR$",126,3B,81,2025-05-20,03:31,0,"drift phonk, phonk","Lost",2022-01-04,86,1,6,55,0,10,-7,C♯/D♭ Major,4,3NX3MPybQbIsTRv9mhUo6P,QZFYX2250737
362,"PRINCE OF DARKNESS","SHADXWBXRN,ARCHEZ,KXNVRA",124,4B,93,2025-05-20,02:03,60,"phonk, drift phonk","PRINCE OF DARKNESS",2022-01-14,69,15,84,49,0,10,-5,G#/A♭ Major,4,3F8ydJz1se1vIxZTRcRjIJ,QM4TW2200724
363,"I Gave You Everything - Slowed","Ka$tro",102,6B,66,2025-05-20,04:51,40,"","I Gave You Everything (Slowed)",2024-08-09,33,28,95,4,0,0,-7,A#/B♭ Major,4,17FNJ0dheikJjaAS2CdX3M,USANG2421066
364,"TANDEM","7oh2",170,11A,76,2025-05-20,02:14,44,"drift phonk, phonk","TANDEM",2021-01-29,67,2,81,47,0,10,-11,F#/G♭ Minor,4,4tDAHUGBgj3vq4vuUTf2BV,QZFZ42130477
365,"war all night - slowed + reverb","Incontinenza",115,7B,78,2025-05-20,02:20,0,"drift phonk, phonk","war all night (slowed + reverb)",2021-10-01,53,66,87,43,0,0,-8,F Major,4,2uwqm0grc0JTgAd0Iw543A,UKEX32137568
366,"INCOMING","MC ORSEN",125,10B,88,2025-05-20,02:20,58,"phonk, drift phonk","INCOMING",2021-07-02,91,0,84,31,0,0,-5,D Major,4,4h3KlpOEXS6FxIpab6EKlf,QZK6P2120971
367,"Wig Split","Kordhell",160,3B,97,2025-05-20,01:51,48,"phonk, drift phonk","Phonkageddon",2021-08-27,83,15,1,87,20,10,-2,C♯/D♭ Major,4,6ogNyil9DuvZmKjE8hKri5,QZMEM2171028
368,"Disaster","KSLV Noh",117,8B,62,2025-05-20,01:24,2,"phonk, drift phonk","Disaster",2021-06-21,83,2,37,49,0,10,-6,C Major,4,0PGAJ37n4O2AslZosr1YGx,QZHNC2184834
369,"Paradigma","MC ORSEN,GHO6TBXSTA",125,3A,85,2025-05-20,02:18,48,"phonk, drift phonk","PARADIGMA",2021-05-20,85,38,85,66,0,0,-5,A#/B♭ Minor,4,68DvHtP1MvZ1tKQpzaVWmk,QZHN82100424
370,"Any Doe","PRXSXNT FXTURE",120,3B,51,2025-05-20,02:12,43,"phonk, drift phonk","Any Doe",2021-06-19,60,68,86,33,30,0,-12,C♯/D♭ Major,4,4VeBu0wBHApMDls39xVGw6,AEA0Q2171445
371,"Twilight","GRAVECHILL",124,12B,88,2025-05-20,01:56,0,"phonk, drift phonk","Twilight",2021-05-30,89,1,80,79,0,10,-4,E Major,4,1guHCTD0uiEgTG3HOPgBmU,AEA0Q2149133
372,"When in the Past","BLESSED MANE",145,3B,85,2025-05-20,02:25,31,"phonk, drift phonk, witch house","Memories",2021-02-22,57,0,1,12,0,10,-4,C♯/D♭ Major,4,26Vz1l5jJGhkAjiZApV7tX,QM4TW2165859
373,"Burnin' Tires","Undagroundmane",175,8A,73,2025-05-20,02:00,40,"drift phonk, phonk","Burnin' Tires",2020-10-22,86,5,0,62,30,10,-5,A Minor,4,7vlp8Bdy7VkhtCLBBz4srm,QZMEQ2074934
374,"Prey","Hensonn",160,9B,83,2025-05-20,02:55,48,"phonk, drift phonk","Prey",2021-09-03,66,42,5,47,10,10,-7,G Major,4,4gGZs8hhwQERYcwLCn7OF7,QZK6G2169169
375,"Chita","cxuldfind",130,11B,98,2025-05-20,02:05,16,"phonk","Chita",2022-04-08,64,0,70,60,0,30,-2,A Major,4,73vDuAR3p5D0X8M7VrxaNl,UKU932252736
376,"Night chase","Hensonn",160,3A,75,2025-05-20,02:31,44,"phonk, drift phonk","Night chase",2021-08-13,54,82,5,19,10,10,-7,A#/B♭ Minor,4,2e3xvV86cW5GWfqYwv45Sy,QZK6K2146338
377,"6IXSPEED","7oh2",167,3A,82,2025-05-20,02:29,47,"drift phonk, phonk","6IXSPEED",2021-03-23,47,4,24,28,0,10,-5,A#/B♭ Minor,4,56Kb55Pzodbj5cGJcyZW1W,QZES52193726
378,"massacre","Skidz",120,11B,83,2025-05-20,01:55,41,"drift phonk, phonk","massacre",2021-08-04,78,81,89,34,0,10,-7,A Major,4,4CWjKeJeSRyvS9LiX3Bfj4,QZHPJ2160916
379,"Sadness","BLESSED MANE",140,8B,81,2025-05-20,02:59,22,"phonk, drift phonk, witch house","Memories, Pt. 2",2021-08-12,76,2,92,12,0,0,-6,C Major,4,1FhZMZGvia3OmoBKFWbM5R,QMFME2163128
380,"Wind","BLESSED MANE",145,5A,51,2025-05-20,02:00,23,"phonk, drift phonk, witch house","Memories III",2023-05-30,58,53,88,32,30,10,-10,C Minor,4,39XNIbiQyYeTJzTFR8OMmF,QM6P42343054
381,"SERENITY","MC ORSEN,ARCHEZ",126,9A,88,2025-05-20,02:32,37,"phonk, drift phonk","SERENITY",2021-07-30,86,4,11,29,30,30,-3,E Minor,4,7oadTkeHS61WkUovYx2QrH,QZK6K2166363
382,"In a Hood Near You","IGARASHI KANTA",100,8B,83,2025-05-20,01:40,0,"drift phonk, phonk","In a Hood Near You",2021-02-17,66,0,39,72,0,10,-4,C Major,4,3xLMFWoTmUzkaIEbnxKEpm,DGA072180083
383,"Senestopathy","M()RE,CREEPYMANE",118,10B,93,2025-05-20,02:18,22,"witch house, phonk, drift phonk","Saint Lake Street Stories",2022-09-09,70,0,64,27,20,10,-3,D Major,4,0e51ZlQly9QvfPk7AKfFpX,QMBZ92248163
384,"Haunted House","Kaito Shoma",125,11A,96,2025-05-20,03:43,45,"phonk, drift phonk","Haunted House",2021-09-24,79,1,9,22,0,70,-2,F#/G♭ Minor,4,1F03pXMv3mBnrYukQKHcoI,QMFMF2109914
385,"murder case","$werve",120,3B,68,2025-05-20,01:58,0,"phonk, drift phonk, brazilian phonk","murder case",2021-05-14,66,3,78,18,0,30,-13,C♯/D♭ Major,4,1227jcZYNj8hzMr67DZ5II,QZHN72124245
386,"Death Is No More","BLESSED MANE",100,8B,86,2025-05-20,02:18,66,"phonk, drift phonk, witch house","Death Is No More",2021-01-25,64,0,85,37,0,20,-2,C Major,4,70FceppUZq9dQz1mDPcHcs,QM4TW2142855
387,"Death Is No More - Sped Up","BLESSED MANE",106,3B,88,2025-05-20,02:10,50,"phonk, drift phonk, witch house","Death Is No More (Sped Up)",2025-02-28,66,0,89,50,0,0,-3,C♯/D♭ Major,4,6aJhrlHSuaUy3n2B0hqJLh,QZAKB2500003
388,"Dead Universe","BLESSED MANE",160,3B,53,2025-05-20,02:01,26,"phonk, drift phonk, witch house","Memories III",2023-05-30,55,14,86,46,10,10,-8,C♯/D♭ Major,4,2ZVQUSc7UNZxbBmCpcedHE,QM6P42343055
389,"S.X.N.D. N.X.D.E.S.","BADTRIP MUSIC,GREEN ORXNGE,Send 1",165,1A,81,2025-05-20,01:54,53,"phonk, drift phonk","OH I GOT A BAD TRIP",2021-06-02,48,1,80,40,10,20,-6,G#/A♭ Minor,4,01kTHp76rGti2G92XpAYjS,UKEX32125306
390,"Solar 212","BLESSED MANE",145,2B,90,2025-05-20,02:00,24,"phonk, drift phonk, witch house","Memories, Pt. 2",2021-08-12,55,0,83,75,0,20,-5,F#/G♭ Major,4,61uMpdNPNb6erDFqlTPebl,QMFME2163129
391,"Sugarfree","M()RE,CREEPYMANE",128,11B,95,2025-05-20,01:45,25,"witch house, phonk, drift phonk","Saint Lake Street Stories",2022-09-09,70,0,8,20,0,10,-2,A Major,4,329ztjEZcoEdczIrkU37yw,QMBZ92248172
392,"HOUSE","PRXSXNT FXTURE",120,5A,72,2025-05-20,02:12,42,"phonk, drift phonk","HOUSE",2021-09-17,67,0,93,10,0,20,-8,C Minor,4,0oaMjtPZszuZSkSC1Fzt3e,QMDA62106323
393,"Polaris","BLESSED MANE",165,7B,92,2025-05-20,02:19,26,"phonk, drift phonk, witch house","Love Death + Space",2021-05-31,53,1,6,21,0,0,-3,F Major,4,0XPChSWOHFz5h4U3sHEorl,QM6P42133675
394,"CITY LIGHT$ 2","$werve",126,3A,90,2025-05-20,02:26,33,"phonk, drift phonk, brazilian phonk","CITY LIGHT$ 2",2021-05-06,64,7,90,3,10,10,-9,A#/B♭ Minor,4,55QDC0SD3mn6BbjDroN82x,QZH5E2142838
395,"Nightwing","mxnarch",130,10B,89,2025-05-20,02:42,0,"phonk, drift phonk","Nightwing",2021-08-16,85,28,38,40,10,10,-7,D Major,4,5LEIGZ6eDpNrv91oIcQnk6,AEA0D2131349
396,"feel like a gorilla","cxuldfind",120,9A,71,2025-05-20,01:48,14,"phonk","feel like a gorilla",2022-04-25,86,0,9,47,30,10,-6,E Minor,4,5W10rYmBF7ZhvCtDHthSnh,UKU932255404
397,"GOOD JOB","Eyez Hate U",155,11A,58,2025-05-20,02:56,19,"drift phonk, phonk","INDISPOSITION",2021-04-23,62,11,91,43,0,20,-9,F#/G♭ Minor,4,1c2RwyFj70pzaO1ftCHM5z,QZHN42105129
398,"IMMORTAL","PlayaPhonk",170,4B,96,2025-05-20,02:15,0,"phonk, drift phonk","IMMORTAL",2021-03-16,78,70,87,74,0,20,-4,G#/A♭ Major,4,5wey8irPoJiNqpYViPvxvC,QZDA82146450
399,"PARADIGMA - REMIX","MC ORSEN,$werve",125,1A,87,2025-05-20,02:22,33,"phonk, drift phonk, brazilian phonk","PARADIGMA (REMIX)",2021-06-17,81,27,0,42,0,10,-1,G#/A♭ Minor,4,1iowxNw6OpmhIzcPer5lg1,QZHNC2139796
400,"Keraunos","PlayaPhonk",150,9B,59,2025-05-20,02:24,56,"phonk, drift phonk","Keraunos",2021-02-19,84,44,87,50,20,10,-4,G Major,4,5ZKyj00XSlmEoKnDGH4JZa,QZFZ72126477
401,"Swaggin' at the Partment","Ghostface Playa",93,12A,95,2025-05-20,02:04,0,"phonk, drift phonk","High As Fuck",2020-04-06,53,1,87,41,0,40,-5,C♯/D♭ Minor,4,0eCwAiq4qzQJJgQVaqUaCN,QZDA72056080
402,"Youth","BLESSED MANE",140,8A,98,2025-05-20,02:45,29,"phonk, drift phonk, witch house","Memories",2021-02-22,74,0,86,23,0,0,-3,A Minor,4,60Ey6tomYvjoVZYCZIzGG2,QM4TW2166049
403,"CITY LIGHT$","Cowbell Cult,$werve",126,1B,74,2025-05-20,02:09,0,"drift phonk, phonk, brazilian phonk","CITY LIGHT$",2021-03-27,73,1,83,17,10,0,-10,B Major,4,1hzH0NQm9erD5oVP6Ky0fx,QZES82181033
404,"Trunk","Phonk Killer,Kingpin Skinny Pimp",169,12A,93,2025-05-20,02:05,51,"phonk, drift phonk, brazilian phonk","Trunk",2021-06-07,75,11,84,60,10,0,-5,C♯/D♭ Minor,4,4ksthl89nVr3tzPF4AFWM2,USLZJ2190718
405,"Void","BLESSED MANE",145,8A,81,2025-05-20,03:13,23,"phonk, drift phonk, witch house","Memories",2021-02-22,63,0,45,17,0,20,-6,A Minor,4,3cxWhFNZc5vrD59kMadjE9,QM4TW2165857
406,"Sky of Adventure","BLESSED MANE",160,10B,98,2025-05-20,03:13,23,"phonk, drift phonk, witch house","Love Death + Space",2021-05-31,59,1,87,11,0,10,-4,D Major,4,2PjqD7fQdMmK6gAJ68n5Hr,QM6P42133674
407,"young","$werve",130,3B,72,2025-05-20,02:20,0,"phonk, drift phonk, brazilian phonk","young",2021-08-26,72,48,0,25,10,0,-3,C♯/D♭ Major,4,2QXKdZg3CjYjkCrvnPvRPK,QZMEM2171485
408,"Reverse","BLESSED MANE",150,4B,92,2025-05-20,03:01,25,"phonk, drift phonk, witch house","Memories",2021-02-22,70,1,76,64,0,10,-7,G#/A♭ Major,3,1jVqqmwu1U9MvesDlXkCzN,QM4TW2165856
409,"Second Runnin'","Ya$h,only1korob,Mexelio",160,3B,91,2025-05-20,03:18,30,"drift phonk, phonk","Second Runnin'",2021-07-15,72,2,88,65,0,30,-4,C♯/D♭ Major,5,0KaEZGdLnfIyA8xuoXgZL9,QMFME2138851
410,"Run","ROMANE",165,1A,83,2025-05-20,03:01,34,"drift phonk, phonk","Run",2021-06-28,44,2,88,57,0,30,-10,G#/A♭ Minor,4,4KhSyTKmJsNSy1cFr9AUJJ,QMBZ92196781
411,"HIGH RXLLER","7oh2",170,3B,60,2025-05-20,02:05,30,"drift phonk, phonk","AGAINST ALL ODDS",2021-03-11,40,1,62,41,0,10,-12,C♯/D♭ Major,4,73WJTRnuySNqHkWp08Oke5,QZDA72173536
412,"GigaChad Theme (Phonk House Version) - Slowed","g3ox_em",115,10B,46,2025-05-20,02:42,50,"phonk, drift phonk","GigaChad Theme (Phonk House Version) [Slowed]",2022-10-14,64,1,91,53,0,10,-6,D Major,4,1CGWbanDwyns1iXF89GZNO,QMDA62275950
413,"DESTRUCTION","MC ORSEN,deadsouls",125,1A,93,2025-05-20,02:06,44,"phonk, drift phonk","DESTRUCTION",2021-10-15,76,0,62,35,0,10,-4,G#/A♭ Minor,4,6HHeDaw7X8UI6Ci17mPZ20,QMDA62150509
414,"OVERTAKE","HXVRMXN,OXWAVE",190,8B,95,2025-05-20,02:46,34,"drift phonk, phonk, witch house","OVERTAKE",2022-04-29,58,2,4,52,0,10,-2,C Major,4,5nlwumo37va3f3fQSdQL4S,RUA1D2228437
415,"Hide N Seek","FindMyName",110,9B,81,2025-05-20,02:48,39,"phonk, drift phonk","Hide N Seek",2022-08-12,79,6,86,49,0,50,-7,G Major,4,5Ohu6Vnu0efFmI52Ti1dYb,QM6P42208216
416,"Cowbell City","ROMANE",130,6A,72,2025-05-20,03:44,0,"drift phonk, phonk","Cowbell City",2021-09-08,48,50,91,21,0,10,-9,G Minor,4,06MhnHRhzdWaNniIZAyrB6,RUA1D2150308
417,"Warfare","BLESSED MANE",145,10A,62,2025-05-20,02:05,20,"phonk, drift phonk, witch house","Memories",2021-02-22,80,1,92,52,10,0,-9,B Minor,4,3xafCYlSdhZcyCfNoEjmSR,QM4TW2165858
418,"TECHNO KILLA","KUTE",121,10A,89,2025-05-20,02:10,50,"phonk, drift phonk","TECHNO KILLA",2022-06-10,73,20,86,59,20,20,-4,B Minor,4,5kr9HU28PSpkmQZ6z9Z1Mx,QM6MZ2278871
419,"Souls","BLESSED MANE",145,3B,50,2025-05-20,02:07,19,"phonk, drift phonk, witch house","Souls",2022-08-31,67,1,17,13,0,10,-9,C♯/D♭ Major,4,1jLM8MEeJ3PPsBeYLn3aor,QM6N22248077
420,"Superhero (Heroes & Villains) [with Future & Chris Brown]","Metro Boomin,Future,Chris Brown",117,4A,58,2025-05-20,03:02,80,"rap, r&b","HEROES & VILLAINS",2022-12-02,71,14,0,53,20,20,-5,F Minor,4,0vjeOZ3Ft5jvAi9SBFJm1j,USUG12208783
421,"TAKEDOWN","DYSTR1CT",160,9A,94,2025-05-20,01:39,19,"phonk","TAKEDOWN",2023-01-19,86,0,0,90,30,30,-3,E Minor,4,0iciEojyEncyQya6s9JbjJ,USANG2246444
422,"Memphis Cult","DXNERTRA",75,11B,96,2025-05-20,02:01,0,"","Memphis Cult",2024-05-04,70,24,47,85,0,10,-1,A Major,4,7xST0iLbWQUCoYjnqyYwMs,AEA2W2492379
423,"REL04D","FXRR",90,1B,100,2025-05-20,02:02,0,"phonk, drift phonk","COLLATERAL",2022-07-15,63,30,0,85,10,60,2,B Major,4,66g9mMeikPtpLWBaC0BQMG,QZN882246569
424,"Take Me Away","Somber,Warlord Colossus",110,3A,69,2025-05-20,02:10,54,"trap metal, horrorcore","Take Me Away",2017-01-11,65,17,0,4,0,0,-7,A#/B♭ Minor,4,4YBR9F76hT40fVDfzrcOth,QZES71968396
425,"9mm","Memphis Cult,Groove Dealers,SPLYXER",155,8B,92,2025-05-20,01:26,45,"phonk, drift phonk","Memphis Cult Vol. 6",2023-02-23,74,0,0,30,0,0,-3,C Major,4,3K5KXm1uZjiyQk0J7op1xf,UKEX32307199
426,"COWBELL GOTH","DRAGONMANE",143,7B,99,2025-05-20,02:21,0,"phonk, drift phonk","COWBELL GOTH",2022-12-23,89,75,0,30,40,40,-8,F Major,4,5jI7JAn4KnCYwDaqwumdzP,QZTB92276931
427,"KAMUI","INTERWORLD",150,3B,79,2025-05-20,02:47,24,"phonk, drift phonk, brazilian phonk","KAMUI",2021-09-23,69,3,78,53,0,40,-6,C♯/D♭ Major,4,3WZvNQI7ZokUCCnTulHYdq,QZS672135217
428,"MANUSCRIPT","INTERWORLD",160,4B,78,2025-05-20,02:30,31,"phonk, drift phonk, brazilian phonk","MANUSCRIPT",2021-11-23,68,4,78,25,0,20,-10,G#/A♭ Major,4,7oKGfssRBaNumzx7kcpSgx,QZS632150043
429,"Override","KSLV Noh",111,9A,76,2025-05-20,01:54,1,"phonk, drift phonk","Override",2021-08-27,69,0,41,54,10,10,-5,E Minor,4,0KYvs7DKC7Cl5IHmwpP13f,QZMEM2187928
430,"Disaster","KSLV Noh",117,8B,61,2025-05-20,01:24,62,"phonk, drift phonk","Disaster",2021-07-21,83,2,39,51,0,10,-6,C Major,4,29e4KOBzZDOX6qnpYbjwoW,QZHNC2184834
431,"HEADLIGHTS FLASHES","HXVRMXN",105,9B,81,2025-05-20,02:27,45,"drift phonk, phonk","SWITCHING LANES",2021-10-08,73,2,90,18,0,0,-5,G Major,4,1CWlthc9rA4NwNeLu6dgP5,QMDA62138185
432,"BACK FROM THE DEAD","SCXR SOUL",120,9B,45,2025-05-20,01:59,52,"phonk, drift phonk","BACK FROM THE DEAD",2023-01-13,79,2,95,53,10,10,-6,G Major,4,4GRaoAK3XPCU90p2sgyYUL,QM4TW2304837
433,"DEEP FUSION","LXST CXNTURY",140,12A,61,2025-05-20,03:26,0,"drift phonk, phonk, witch house","DEEP FUSION",2022-05-27,68,22,60,29,0,10,-9,C♯/D♭ Minor,3,0UBOdhh5DDT2CnR26dibrI,RUA1D2241048
434,"New World","АДЛИН",122,4A,60,2025-05-21,02:14,37,"phonk, drift phonk","New World",2022-10-10,89,2,38,53,20,10,-8,F Minor,4,4vShE8QGv6cVBGrbQpHQ9I,SMRUS0073370
435,"За спиной","АДЛИН",122,4B,65,2025-05-21,02:11,32,"phonk, drift phonk","За спиной",2022-01-24,90,11,75,46,30,10,-8,G#/A♭ Major,4,2loNL2NZLdBcuYagNbmDd4,SMRUS0070751
436,"SHADOW","ONIMXRU,SMITHMANE",120,9B,69,2025-05-21,02:42,61,"phonk, drift phonk, brazilian phonk","SHADOW",2022-07-29,72,0,28,53,0,10,-3,G Major,4,0wGbyS1tExQSwOYu6UceyE,QZS632200552
437,"North Memphis","Pharmacist",167,3B,94,2025-05-21,02:15,59,"phonk, drift phonk","North Memphis",2019-11-20,72,0,84,90,0,0,-6,C♯/D♭ Major,4,0SzDVyiiUDpuhzrphnoejr,QZHNC1902102
438,"OVERDO$E","Pharmacist",150,8B,77,2025-05-21,03:01,55,"phonk, drift phonk","OVERDO$E",2022-04-08,71,0,92,47,10,10,-3,C Major,4,2QUAM6GL6MpxUgMg50VUWG,QM4TX2249299
439,"LOVELY BASTARDS","ZWE1HVNDXR,yatashigang",150,3B,81,2025-05-21,01:56,68,"phonk, brazilian phonk, drift phonk","LOVELY BASTARDS",2023-08-25,61,83,90,69,40,10,-6,C♯/D♭ Major,4,0EqczV3o6fwksegAavIHpX,QZPLS2390181
440,"Slapper - Fast & Furious: Drift Tape/Phonk Vol 1","DVRST,Fast & Furious: The Fast Saga",90,1B,98,2025-05-21,01:07,50,"phonk, drift phonk","Slapper (Fast & Furious: Drift Tape/Phonk Vol 1)",2022-12-16,72,1,81,65,0,0,-5,B Major,4,4Zf7vu8xsZeqOvel5fqyEK,QZVFR2200232
441,"No Love","АДЛИН",126,1B,63,2025-05-21,02:07,50,"phonk, drift phonk","No Love",2021-09-20,82,2,80,61,0,10,-8,B Major,4,03TPcM9vWUmc8y6LkJAzwJ,SMRUS0069562
442,"Время","АДЛИН",125,3B,91,2025-05-21,02:05,32,"phonk, drift phonk","Время",2022-11-22,78,10,1,70,10,10,-7,C♯/D♭ Major,4,70ukItzxea6UNMjizaGkSK,SMRUS0073690
443,"Пустота","АДЛИН",101,1B,62,2025-05-21,02:18,37,"phonk, drift phonk","PHUCKED UP",2022-07-01,85,5,19,43,20,20,-10,B Major,4,5GLjE7sZGF9Sj4lY4TPkSO,SMRUS0072401
444,"Манекены","АДЛИН",124,2B,73,2025-05-21,02:01,28,"phonk, drift phonk","PHUCKED UP",2022-07-01,86,13,30,52,20,20,-8,F#/G♭ Major,4,4apVcInev0FEliwk0izmDa,SMRUS0072405
445,"В моей голове","АДЛИН",104,6B,65,2025-05-21,01:55,29,"phonk, drift phonk","PHUCKED UP",2022-07-01,82,15,43,24,0,10,-8,A#/B♭ Major,4,5YZDuonT2oXzgNYNbwgvwW,SMRUS0072403
446,"BLXXD MXXN","roDICH",134,10B,81,2025-05-21,03:02,35,"drift phonk, phonk","BLXXD MXXN",2021-11-16,76,1,63,6,0,0,-6,D Major,4,7kiY6ykPJilvBvZLfUm4nK,QM3DF2176264
447,"SMOKE","Luga,Dxrk ダーク,6 Senz",111,11A,55,2025-05-21,02:40,35,"drift phonk, phonk","SMOKE",2022-04-08,78,46,84,44,0,10,-12,F#/G♭ Minor,4,4u4Qa4djX2oubvL1ObDKjg,QM4TX2239567
448,"End of the World","FORGOTTENAGE",120,6B,91,2025-05-21,02:44,55,"phonk, drift phonk","End of the World",2021-09-14,61,6,0,28,0,60,-5,A#/B♭ Major,4,0rRJNSrFPmOPZJRmdQbciH,QMDA62104573
449,"VORTEX","EVVORTEX",125,4A,90,2025-05-21,02:20,33,"drift phonk, phonk","VORTEX",2021-06-21,70,45,89,36,0,0,-7,F Minor,4,62bwDcjW5R9LNw3rUDrE9i,QZK6Q2128554
450,"CLOUD","Dxrk ダーク",121,8A,83,2025-05-21,02:54,45,"phonk, drift phonk","Night Show",2021-09-10,76,70,84,84,0,10,-8,A Minor,4,6ZbpaHInXckaSUDiGDCwHX,QMFMF2111896
451,"Rainy Night Drive","PRXSXNT FXTURE,glexks",100,3B,54,2025-05-21,02:39,41,"phonk, drift phonk","Rainy Night Drive",2021-10-12,73,1,51,7,0,30,-10,C♯/D♭ Major,4,5gbzQN044AiB69UiVuc6qZ,QMDA62114418
452,"Valhalla","FORGOTTENAGE",125,9A,92,2025-05-21,02:20,32,"phonk, drift phonk","Japanese Drift",2021-08-24,73,1,81,12,0,10,-5,E Minor,4,2zGhawpDMjFe5nit77K66s,AEA0D2139164
453,"Samurai","Hensonn",115,3B,70,2025-05-21,02:26,37,"phonk, drift phonk","Samurai",2022-04-08,66,33,83,12,0,10,-8,C♯/D♭ Major,4,6afp8aOnlk5GR34Zzg6EnL,QM4TW2263177
454,"R34","Dxrk ダーク",109,4B,81,2025-05-21,02:12,39,"phonk, drift phonk","Night Show",2021-09-10,75,37,90,14,0,10,-5,G#/A♭ Major,4,7IeqH4fgBCBnpfpYjfzUUo,QMFMF2111898
455,"AIRCRAFT","Dxrk ダーク",115,3B,92,2025-05-21,02:21,46,"phonk, drift phonk","AIRCRAFT",2022-09-09,75,68,53,35,0,10,-3,C♯/D♭ Major,4,6bJgpGMGgaLfsEE3v7j1ix,QMBZ92276084
456,"スピードデーモン","HXVRMXN",98,10A,84,2025-05-21,02:26,50,"drift phonk, phonk","スピードデーモン",2021-06-16,85,8,31,55,10,10,-5,B Minor,4,3xlLg054H2J7B0vtdbarcA,AEA0Q2158923
457,"Show Me The Will","Sx1nxwy",100,8B,57,2025-05-21,03:07,50,"phonk, drift phonk","Show Me The Will",2022-08-09,77,14,96,48,0,30,-4,C Major,4,56lTRHW3ICSxcYOZbD6Aao,QMBZ92252385
458,"GHOST!","phonk.me,KIIXSHI",125,8B,94,2025-05-21,03:51,64,"phonk, drift phonk","GHOST!",2022-12-02,58,2,44,41,10,20,-3,C Major,4,3TzPVU3jj6YdTunVdKimiQ,QZTB22273485
459,"Done All Wrong","Black Rebel Motorcycle Club",80,10A,54,2025-06-10,02:49,24,"southern gothic, garage rock, blues rock","The Twilight Saga: New Moon (Original Motion Picture Soundtrack)",2009-10-16,48,78,41,25,0,20,-9,B Minor,4,4p3lpTppytAUFRpqb8wvWq,USAT20903255
460,"Ramblin' Man","Hank Williams,Drifting Cowboys",105,9A,14,2025-06-17,03:04,43,"classic country, honky tonk, traditional country, outlaw country, country, country christian, christian bluegrass","Ramblin’ Man (Undubbed Edition)",1955-08-01,56,92,0,47,0,0,-13,E Minor,4,4ztdfd8eTApixD6Aglhk1z,USPR35100123
461,"Ain't No Grave","Johnny Cash",80,8A,35,2025-06-17,02:53,60,"classic country, outlaw country, country","American VI: Ain't No Grave",2010-01-01,52,89,0,39,0,0,-11,A Minor,4,1xADYlM5rjnbJvAW2tc0qF,USUM70923946
462,"Heartbroken, In Disrepair","Dan Auerbach",78,4A,90,2025-06-17,03:21,56,"blues rock","Keep It Hid",2009-02-10,60,1,30,92,0,20,-8,F Minor,4,38qu2X35K2g1HWfaksYQ4K,USNO10807885
463,"Eternity","Kip Tyler",103,1B,85,2025-06-17,02:38,38,"rockabilly, psychobilly","Ooh Yeah Baby",2004-01-01,44,33,0,62,0,30,-8,B Major,4,4a7YOxLgUP4PuW4WuM1yO1,GBGNB0442126
464,"Wayfaring Stranger","Johnny Cash",119,8A,28,2025-06-17,03:19,49,"classic country, outlaw country, country","American III: Solitary Man",2000-01-01,43,92,0,36,0,10,-10,A Minor,4,1U5tv0yzsPuQyyadGHUA1L,USSM10014911
465,"God's Gonna Cut You Down","Johnny Cash",82,4A,48,2025-06-17,02:38,70,"classic country, outlaw country, country","American V: A Hundred Highways",2006-01-01,62,88,0,83,10,10,-8,F Minor,4,6jXPZid0KLorvgIDP6TiSo,USUM70603342
466,"Sleeping on the Blacktop","Colter Wall",83,7A,31,2025-06-18,03:12,75,"outlaw country, southern gothic, country, red dirt, bluegrass, alt country, americana","Imaginary Appalachia",2015-06-02,58,82,21,47,0,10,-15,D Minor,4,6fhgO6p9DsTyHqPctyzDkV,CA55J1542001
467,"An Honest Man","Fantastic Negrito",130,9A,55,2025-06-18,04:06,53,"southern gothic, modern blues, blues rock, blues","An Honest Man",2015-08-26,74,75,0,42,0,30,-5,E Minor,4,01Cr7MlISmoh8gMlZBjpko,TCACI1509298
468,"Old Number Seven","The Devil Makes Three",142,1B,43,2025-06-18,03:20,63,"bluegrass, southern gothic, newgrass, americana, folk punk, alt country, folk, country blues","The Devil Makes Three",2002-11-01,57,20,0,89,0,10,-8,B Major,4,7FqrsV0vBwNiQNQI6jfzni,TCABK1251599
469,"Black Creek","Brent Cobb",81,8B,37,2025-06-18,03:32,73,"outlaw country, americana, alt country, red dirt, country blues","No Place Left to Leave (2006)",2020-02-07,54,56,4,44,0,10,-12,C Major,4,4jB3Mw900goYibsFAueHph,US53Q0600031
470,"Судно (Борис Рыжий)","Molchat Doma",160,3B,75,2025-09-07,02:21,74,"post-punk, darkwave, cold wave, gothic rock","Этажи",2018-09-07,48,70,86,47,0,10,-4,C♯/D♭ Major,4,1SHB1hp6267UK9bJQUxYvO,AEA0D1846146
471,"Sudno - slowed & reverb","LLXVD",111,10B,63,2025-09-07,02:41,15,"","Sudno (Remixes)",2024-02-02,55,71,92,56,0,10,-14,D Major,4,3UAtikR5kkr46FAQIncU6u,QZDA42409296
472,"Dark Is The Night - Remix","Luke Muzzic",105,9A,21,2025-09-18,03:02,12,"","Dark Is The Night (Soviet Song Remix)",2024-11-08,54,95,0,31,0,10,-15,E Minor,4,1yVH6dVt2gIcn36Bzi5BPL,GXBDT2407769
473,"Milan","Augxst",122,3A,20,2025-09-25,02:24,59,"dark r&b, trap soul","Milan",2025-06-28,84,25,67,23,0,10,-12,A#/B♭ Minor,4,0IhHW6sJzSLt2b7kmlYHRj,CA5KR2540828
474,"take it from the starz","Roman Nasenmensch,domi4wave",135,9A,61,2025-09-25,01:40,62,"","take it from the starz",2023-12-08,45,10,75,4,0,20,-7,E Minor,3,5F7Tywb6G47ooULUmLv9au,SE6XX2375561
475,"Army Dreamers","Kate Bush",144,9A,7,2025-10-02,02:58,72,"art pop, baroque pop, art rock","Never for Ever",1980-09-08,68,74,0,32,0,0,-22,E Minor,3,6OmdWLjlx4BIDGEO8BZlqH,GBAYE8000334
476,"Ven Con Migo","Coquí",80,6A,58,2026-02-25,03:51,49,"christian folk, christian alternative rock, christian, christian pop, christian rock","Ven Con Migo",2023-01-23,58,6,0,36,10,0,-12,G Minor,4,0Zf3HZwWSVugx67XjItDJa,QZTB82297130
477,"Nobody's Son","Amy Taylor,Tom Coll,Antony Genn,Martin Slattery,The Immortal Man",152,1B,97,2026-03-13,02:15,53,"","Peaky Blinders - The Immortal Man (Soundtrack from the Netflix Film)",2026-03-06,51,1,3,28,0,50,-2,B Major,4,3WqBMrDMPnbBjBZsa6YrIq,QZ8BZ2616201
478,"Thomas Shelby's Lofi","Clime",80,1B,38,2026-03-13,06:52,33,"","Thomas Shelby's Lofi",2024-05-17,69,32,1,21,0,0,-10,B Major,4,2nUpHskg2OLIllf3xLFv77,QZMEP2426435
479,"Red Right Hand","Arctic Monkeys",140,10B,82,2026-03-13,04:19,52,"indie, garage rock","Crying Lightning",2009-08-16,42,0,4,60,0,10,-8,D Major,4,0R194013qdfjeFiap76Nzs,GBCEL0900452
480,"Drugs and Money","Henry Morris",122,4A,84,2026-03-21,02:59,59,"","Drugs and Money",2026-01-16,52,13,0,20,0,20,-4,F Minor,4,7dNn04Uo3QeNLzAhjPNLDB,QZTPX2664757
481,"Dirty Magazine","Henry Morris",90,11B,44,2026-03-21,03:27,55,"","Jawbreaker",2024-06-21,51,38,0,28,0,10,-13,A Major,4,1FgeSo81sOevbktBnJLxKK,QZNJY2358728
482,"Church Bells","Henry Morris",104,11A,67,2026-03-21,03:21,62,"","Late Bloomer, Early Death",2025-10-24,37,47,0,18,0,0,-5,F#/G♭ Minor,4,5F4W8jsy2jpuskS3yler30,QZNJY2518106
483,"Honey Baby","Henry Morris",126,2B,59,2026-03-21,02:07,60,"","Late Bloomer, Early Death",2025-10-24,70,2,35,39,0,40,-7,F#/G♭ Major,4,1quXL570qcPiZDX2X3fYFr,QZTPX2566420
484,"Venice Beach","Henry Morris",81,10B,65,2026-03-21,02:55,51,"","Late Bloomer, Early Death",2025-10-24,59,0,3,56,0,30,-6,D Major,4,6wdVGxWnhVjCyUpFZPF7ZN,QZW9L2446954
485,"time alone w u","Artemas",106,4B,78,2026-03-21,02:12,47,"","psychokiller / myself",2026-02-27,51,0,3,34,0,10,-6,G#/A♭ Major,4,1TKv6ZBSJ41UOIsOdotPE8,QZJ842509950
486,"professional heartbreaker","Artemas",112,7A,84,2026-03-21,02:55,45,"","psychokiller / myself",2026-02-27,54,12,10,39,0,60,-5,D Minor,4,74zOsu894LHBTwfcDpFbHD,QZJ842600832
487,"psychokiller","Artemas",156,12A,92,2026-03-21,01:53,58,"","psychokiller / myself",2026-02-27,57,0,0,62,30,60,-3,C♯/D♭ Minor,3,09V4HW3dQhhYrKYOQE2JIb,QZJ842603210
488,"myself","Artemas",91,1B,59,2026-03-21,02:29,59,"","psychokiller / myself",2026-02-27,57,1,0,21,0,20,-4,B Major,4,3iig4oWByU9JbPUtCMuWgd,QZJ842603214
489,"Sex - I'm a","Lovage,Mike Patton,Jennifer Charles,Nathaniel Merriweather",169,7B,61,2026-03-21,06:19,36,"trip hop, downtempo, avant-garde, industrial rock","Lovage: Music to Make Love to Your Old Lady By",2001-11-06,37,33,20,48,20,10,-9,F Major,4,7598jXG1Fc50oG2aaZQiGf,QMWWU1100012
490,"Puppet - Taken From Peaky Blinders: The Immortal Man (Soundtrack from the Netflix Film)","Grian Chatten,Antony Genn,Martin Slattery,The Immortal Man",102,12B,44,2026-03-21,04:26,62,"","Puppet - Taken From Peaky Blinders: The Immortal Man (Soundtrack from the Netflix Film)",2026-02-18,32,18,18,7,0,10,-7,E Major,4,7dtX124bngqv8RPPccWYUC,GBARL2600186
491,"Romance","Fontaines D.C.",138,7B,28,2026-03-21,02:33,58,"post-punk","Romance",2024-08-23,46,45,0,9,0,30,-10,F Major,4,4DE8iIHNUYpAmilzPdAGoT,GBBKS2400078
492,"Ellipsis","Grian Chatten,Antony Genn,Martin Slattery,The Immortal Man",98,8B,30,2026-03-21,04:04,50,"","Peaky Blinders - The Immortal Man (Soundtrack from the Netflix Film)",2026-03-06,54,83,9,14,0,10,-9,C Major,4,0w1RVRWIqUKZsXHbzecHmZ,GBARL2600200
493,"Teardrop","Girl In The Year Above",71,7B,7,2026-03-21,04:38,52,"","Peaky Blinders - The Immortal Man (Soundtrack from the Netflix Film)",2026-03-06,26,95,0,13,0,0,-17,F Major,5,4RIefFGtLJ2qtG5ZKyCDkV,QZ8BZ2616217
494,"Red Right Hand (Immortal)","Nick Cave",94,8B,42,2026-03-21,03:25,53,"","Peaky Blinders - The Immortal Man (Soundtrack from the Netflix Film)",2026-03-06,52,73,6,10,0,10,-13,C Major,4,5QzC9JhouZtgQoT9Y1hQKB,GBSG42500019
495,"Hunting The Wren - The Immortal Man Version","Lankum,Grian Chatten",86,11A,28,2026-03-21,07:08,65,"folk, traditional folk, southern gothic, neofolk, celtic, ","Peaky Blinders - The Immortal Man (Soundtrack from the Netflix Film)",2026-03-06,29,48,0,21,0,10,-9,F#/G♭ Minor,4,4C3TNDpxyXA2FxpEvp1pqt,GBCVZ2500274
496,"I Don't Belong","Fontaines D.C.",112,8A,72,2026-03-21,04:31,62,"post-punk","A Hero's Death",2020-07-31,66,20,0,51,0,10,-8,A Minor,4,1849PWjZE6Pl88bADfYPpi,USBQU1900222
497,"Angel","Grian Chatten,Antony Genn,Martin Slattery,The Immortal Man",107,10B,51,2026-03-21,04:13,57,"","Peaky Blinders - The Immortal Man (Soundtrack from the Netflix Film)",2026-03-06,47,27,36,14,0,0,-8,D Major,4,6SKnEaNjOvDtJbCwxjU4gN,GBARL2600188
498,"Black Dahlia","Grian Chatten,Antony Genn,Martin Slattery,The Immortal Man",126,5A,24,2026-03-21,04:07,50,"","Peaky Blinders - The Immortal Man (Soundtrack from the Netflix Film)",2026-03-06,23,68,3,4,0,10,-13,C Minor,4,2ajDsd102MMOi41zsfC22q,GBARL2600198
499,"Let The Rain Come Down","Brent Cobb",81,9B,49,2026-03-21,03:37,59,"outlaw country, americana, alt country, red dirt, country blues","Shine On Rainy Day",2016-10-07,62,7,0,60,0,10,-9,G Major,4,5PL1Wq5DRam3N0IBJTWMHo,USAT21601798
500,"Keep It Hid","Dan Auerbach",135,11B,66,2026-03-21,03:39,36,"blues rock","Keep It Hid",2009-02-10,63,17,14,82,0,10,-8,A Major,4,1ZSqvbKgFTls2KENmAye3N,USNO10807892
501,"Pretty Visitors","Arctic Monkeys",83,11A,90,2026-03-21,03:40,61,"indie, garage rock","Humbug",2009-08-20,24,6,0,14,40,10,-6,F#/G♭ Minor,4,45n7uujqwmMyBMjBu9SwRu,GBCEL0900450
502,"Psychotic Girl","The Black Keys",81,7A,48,2026-03-21,04:10,54,"blues rock, garage rock, modern blues, rock","Attack & Release",2008-04-01,74,46,32,49,0,0,-9,D Minor,4,2mFnxVS2wZpqntPzZB17O1,USNO10750897
503,"Little Black Submarines - 2021 Remaster","The Black Keys",96,10B,49,2026-03-21,04:11,66,"blues rock, garage rock, modern blues, rock","El Camino (2021 Remaster)",2011-00-00,37,7,0,49,0,0,-8,D Major,4,3BR01wZsCALix7hnhZltGs,USNO12100179
504,"Me And The Devil - Slowed + Eco - Remix","Luke Muzzic",74,1A,51,2026-03-21,03:39,54,"","Me And The Devil (Remix)",2024-10-07,38,83,64,44,0,30,-9,G#/A♭ Minor,4,0zgladfFnGygSBWe9o976n,GX8LD2504422
505,"Sweet Lil Thing","Radio Moscow",100,8B,27,2026-03-21,03:29,39,"stoner rock, blues rock, modern blues, psychedelic rock, stoner metal, space rock, neo-psychedelic","Magical Dirt",2014-06-17,64,27,59,27,0,10,-13,C Major,4,6MvabHjlnij0nEWe9oWegb,USA2B1401331
506,"The Plank","The Devil Makes Three",174,9A,53,2026-03-21,02:26,51,"bluegrass, southern gothic, newgrass, americana, folk punk, alt country, folk, country blues","The Devil Makes Three",2002-11-01,56,52,0,79,0,10,-9,E Minor,4,191qPeOpllZfaApp35HXK3,TCABK1251587
507,"Graveyard","The Devil Makes Three",127,8A,49,2026-03-21,03:25,50,"bluegrass, southern gothic, newgrass, americana, folk punk, alt country, folk, country blues","The Devil Makes Three",2002-11-01,69,41,0,84,0,10,-9,A Minor,4,5fuON606j1hkPGJhFMwerY,TCABK1251588
508,"In the Pines (Oakland)","Fantastic Negrito",124,5A,30,2026-03-21,04:19,35,"southern gothic, modern blues, blues rock, blues","The Last Days of Oakland",2017-06-30,67,48,0,28,0,10,-9,C Minor,3,3Q0O02XI0rYwoLBToZFplX,FR10S1670241
509,"Waiting Around to Die","The Devil Makes Three",144,7A,16,2026-03-21,03:34,41,"bluegrass, southern gothic, newgrass, americana, folk punk, alt country, folk, country blues","Redemption & Ruin",2016-08-26,41,47,0,10,0,10,-15,D Minor,4,6nadRk77fTFHIAqjDOy7RW,US27Q1663556
510,"Goodnight Sweet Dream","7Horse",97,8B,63,2026-03-21,03:56,47,"blues rock, modern blues","Let The 7Horse Run",2011-11-11,48,18,48,35,0,10,-7,C Major,3,18Kfy0DFlj0CEeIyn9S8RE,TCABB1195553
511,"The Bullet","The Devil Makes Three",100,9B,63,2026-03-21,02:51,44,"bluegrass, southern gothic, newgrass, americana, folk punk, alt country, folk, country blues","The Devil Makes Three",2002-11-01,55,14,0,79,0,30,-7,G Major,4,5pnjFG0695iwvR9qsnfTSk,TCABK1251603
512,"No. 1 Party Anthem","Arctic Monkeys",115,8B,70,2026-03-21,04:03,87,"indie, garage rock","AM",2013-09-09,51,33,9,60,0,10,-6,C Major,4,5TTGoX70AFrTvuEtqHK37S,GBCEL1300367
513,"Chase the Feeling","The Devil Makes Three",81,5A,37,2026-03-21,03:34,50,"bluegrass, southern gothic, newgrass, americana, folk punk, alt country, folk, country blues","Redemption & Ruin",2016-08-26,70,21,0,45,0,10,-11,C Minor,4,4kOjWpupvVi6Jkc8R82Tom,US27Q1663554
514,"Black Crow","Brent Cobb",131,7B,33,2026-03-21,04:30,61,"outlaw country, americana, alt country, red dirt, country blues","Shine On Rainy Day",2016-10-07,71,72,2,63,0,10,-12,F Major,4,4UmYFqPfd11pZiUMJHCFvG,USAT21601800
515,"Killin' On Demand","Freddie Dredd",140,6B,74,2026-03-21,02:09,58,"phonk","Killin' On Demand",2018-12-18,89,0,0,95,0,10,-5,A#/B♭ Major,4,2qOfyyZc41LfQ63U9p3GVV,QZES91867985
516,"CHAOS","Ku$h Drifter",165,3B,97,2026-03-28,01:33,38,"drift phonk","CHAOS",2022-03-11,72,18,80,37,0,10,-8,C♯/D♭ Major,4,5qRPSY1k0SSnLlsG3qzCs5,QM4TX2201574
517,"Blue Veins","The Saboteurs",131,9A,43,2026-03-28,03:52,21,"","Broken Boy Soldiers",2006-05-15,37,19,1,8,0,10,-9,E Minor,3,7jJJ6XExHFyfNrkePEk597,USSM12103834
518,"BANG!","Ku$h Drifter",140,9B,80,2026-03-28,01:57,41,"drift phonk","BANG!",2022-02-18,83,3,83,77,10,40,-7,G Major,4,552gcmAoC0Khwyzca21xQn,QM4TW2278661
519,"The Devil Wears a Suit and Tie","Colter Wall",128,11A,32,2026-03-28,03:56,71,"outlaw country, southern gothic, country, red dirt, bluegrass, alt country, americana","Imaginary Appalachia",2015-06-02,63,78,24,45,0,10,-12,F#/G♭ Minor,4,43UV5Uk0ntzH6MP8Rx1RKh,CA55J1542007
520,"Romance","Fontaines D.C.",138,8A,27,2026-03-28,02:33,44,"post-punk","Peaky Blinders - The Immortal Man (Soundtrack from the Netflix Film)",2026-03-06,36,48,0,8,0,30,-11,A Minor,4,6VwmNTP38U4spjQwmJMyii,GBBKS2400078
521,"Burn The Witch","Queens of the Stone Age",125,10B,74,2026-03-28,03:37,36,"stoner rock, alternative rock","Peaky Blinders (Original Music From The TV Series)",2019-11-08,45,19,69,43,0,20,-8,D Major,4,39fXWhQuoq9jZWL9Z8teSz,USIR10500103
522,"Do You Love Me? - 2011 Remaster","Nick Cave & The Bad Seeds",125,4A,65,2026-03-28,05:57,51,"","Let Love In (2011 Remaster)",1994-04-18,47,0,47,70,0,10,-8,F Minor,4,4ZHENvl0Jvmda9mVqYM9JI,GBAJH1000617
523,"Starburster","Fontaines D.C.",98,6B,86,2026-03-28,03:41,76,"post-punk","Romance",2024-08-23,51,7,0,36,0,0,-6,A#/B♭ Major,4,09ttHg3ZNVgDlYBZa1ZBw0,GBBKS2400079
524,"Broken Boy Soldier","The Raconteurs",138,9A,85,2026-03-28,03:02,44,"garage rock, alternative rock","Broken Boy Soldiers",2006-05-15,40,1,21,38,0,30,-5,E Minor,4,6NRrXON8nSIwrMsymtsIqQ,USVT10600067
525,"Brother, My Cup Is Empty - 2010 Remaster","Nick Cave & The Bad Seeds",103,10B,72,2026-03-28,03:02,37,"","Henry's Dream (2010 Remaster)",1992-04-27,55,9,0,92,0,40,-7,D Major,4,6SuzGcqMwBlHwHx3RTKuKE,GBAJH0900607
526,"Heavy Soul","The Black Keys",98,5A,62,2026-03-28,02:08,55,"blues rock, garage rock, modern blues, rock","The Big Come Up",2002-05-14,43,53,1,87,0,10,-3,C Minor,4,5GZq8P4Iy2smHngL07Pcuo,US27U0404408
527,"Brianstorm","Arctic Monkeys",165,3B,97,2026-03-28,02:52,69,"indie, garage rock","Favourite Worst Nightmare",2007-04-22,42,0,0,46,10,0,-5,C♯/D♭ Major,4,7f9I5WdyXm5q1XqnSYgQZb,GBCEL0700061
528,"Solomon Grundy","Chuxx Morris",159,8A,69,2026-03-28,01:19,0,"southern gothic","Damn Good - EP",2018-02-15,20,0,0,16,0,10,-7,A Minor,4,4r0Un07j9xJrTsMiEjanZS,TCADL1866530
529,"Loverman - 2011 Remastered Version","Nick Cave & The Bad Seeds",139,4A,49,2026-03-28,06:21,0,"","Let Love In (2011 Remastered Version)",1994-04-18,28,0,6,39,0,40,-8,F Minor,4,6sOCmuWkp0anAqgfLqzNjH,GBAJH1000619
530,"The Last Hangman","Hotel Lux",117,10B,90,2026-03-28,04:54,0,"post-punk","The Last Hangman",2017-11-17,46,0,15,36,0,30,-5,D Major,4,0Vc3lEUz91zPeNRKwE5GUZ,GBLFP1780777
531,"Red Right Hand - From 'Peaky Blinders' Original Soundtrack","PJ Harvey",170,9B,7,2026-03-28,02:50,35,"art pop, singer-songwriter, alternative rock","Red Right Hand (From 'Peaky Blinders' Original Soundtrack)",2019-10-23,24,99,1,4,0,0,-21,G Major,4,0E0ZAWynZx0CutIg4rb8q3,GBUM71506970
532,"Toxicity","System Of A Down",117,4B,87,2026-03-28,03:38,86,"nu metal, metal, alternative metal, rap metal, rock","Toxicity",2001-09-04,41,0,0,48,0,20,-4,G#/A♭ Major,3,0snQkGI5qnAmohLE7jTsTn,USSM10107262
533,"Chop Suey!","System Of A Down",127,6A,93,2026-03-28,03:30,87,"nu metal, metal, alternative metal, rap metal, rock","Toxicity",2001-09-04,42,0,0,29,10,10,-4,G Minor,4,2DlHlPMa4M17kufBvI2lEN,USSM10107256
534,"Paranoid - 2009 Remaster","Black Sabbath",163,9A,69,2026-03-28,02:47,81,"metal, heavy metal, rock, stoner rock, doom metal, hard rock","Paranoid",1970-09-18,42,0,1,33,0,10,-10,E Minor,4,3Jnxngdff0lVu2rza1GVx6,GBAJE7000057
535,"Iron Man - 2009 Remaster","Black Sabbath",158,11B,83,2026-03-28,05:54,75,"metal, heavy metal, rock, stoner rock, doom metal, hard rock","Paranoid",1970-09-18,33,0,0,52,10,0,-9,A Major,4,755bvJDSA3LNcNuFgBT9LK,GBAJE7000085
536,"Lazarus","David Bowie",130,8A,60,2026-03-28,06:23,0,"glam rock, art rock","Peaky Blinders (Original Music From The TV Series)",2019-11-08,66,4,12,51,0,0,-10,A Minor,4,6YIgwB5y5IZDI2Z2vROx85,USRF31500003
537,"People Ain't No Good","Nick Cave & The Bad Seeds",120,8B,11,2026-03-28,05:42,56,"","The Boatman's Call (2011 - Remaster)",1997-03-03,43,86,1,23,0,10,-17,C Major,3,7gXDZrCMJ0jV9yAf4hZ0Z3,GBAJH1000651
538,"Where the Wild Roses Grow - 2011 Remaster","Nick Cave & The Bad Seeds,Kylie Minogue",155,6A,47,2026-03-28,03:57,62,"dance pop","Murder Ballads (2011 Remaster)",1996-02-05,34,38,0,16,0,10,-11,G Minor,3,4LK8kGGY0FGSGIAk2GwI30,GBAJH1000593
539,"O Children","Nick Cave & The Bad Seeds",122,9A,56,2026-03-28,06:49,73,"","Abattoir Blues / The Lyre of Orpheus",2004-09-20,50,51,0,24,0,0,-7,E Minor,4,73ZlmJxexVebFozgZhEhkd,GBAJH0401579
540,"Into My Arms","Nick Cave & The Bad Seeds",94,8B,9,2026-03-28,04:16,67,"","The Boatman's Call (2011 - Remaster)",1997-03-03,48,89,15,22,0,10,-18,C Major,4,39CFOvYse9fcMhIwyS73Fl,GBAJH1000649
541,"The Mercy Seat","Nick Cave & The Bad Seeds",123,8B,29,2026-03-28,05:11,0,"","Peaky Blinders (Original Music From The TV Series)",2019-11-08,36,76,0,22,0,60,-14,C Major,4,21dufPesF4y7dR7znmrizP,GBSG41300025
542,"Down By The River","Milky Chance",114,11B,70,2026-03-28,04:01,70,"","Sadnecessary",2013-05-31,69,76,0,45,0,10,-8,A Major,4,5itF66zYn38tEXTAvFPqIk,DEL211300737
543,"Cocoon","Milky Chance",114,7A,67,2026-03-28,04:15,66,"","Blossom",2017-03-17,75,10,0,81,0,0,-6,D Minor,4,1VfrsKu0weD2mO6tfgSdEj,DEVP21600001
544,"Birmingham","Foxlane",127,9B,56,2026-03-28,05:14,34,"","Birmingham",2017-10-04,57,4,0,43,0,0,-9,G Major,4,3wG19mBx253E8tC9yNSTii,QZ9Y21705899
545,"Henry Lee","Nick Cave & The Bad Seeds,PJ Harvey",141,8A,31,2026-03-28,03:58,38,"art pop, singer-songwriter, alternative rock","Henry Lee",1996-01-01,30,81,0,32,0,0,-12,A Minor,3,3Evrvd8gfljbTUBWV1V5ZK,GBAJH0401111
546,"Lurk","The Neighbourhood",125,8B,65,2026-03-28,03:34,58,"","#000000 & #FFFFFF (No DJ Version)",2014-11-28,72,9,25,19,0,0,-6,C Major,4,6NK6BSGwtmJ1HTOCYRWslQ,USSM11709117
547,"The Wizard","Black Sabbath",100,10B,71,2026-03-28,04:20,0,"metal, heavy metal, rock, stoner rock, doom metal, hard rock","Black Sabbath (2009 Remastered Version)",1970-02-13,52,3,0,41,0,30,-12,D Major,4,3JvMig6Sc8XRLqHseNsccM,GBAJE7000077
548,"Figure It Out","Royal Blood",108,8B,81,2026-03-28,03:03,68,"garage rock, rock","Royal Blood",2014-08-18,66,23,1,69,0,20,-5,C Major,4,3MjrueDQKVr6xDDseZwhEd,GBAHT1400222
549,"Love Is Blindness","Jack White",53,3A,77,2026-03-28,03:18,0,"blues rock, garage rock","Peaky Blinders (Original Music From The TV Series)",2019-11-08,46,5,0,60,0,20,-7,A#/B♭ Minor,4,0JV9RZpykLhsNEVq7DqO1F,US3JJ1100144
550,"River Styx","Black Rebel Motorcycle Club",120,8B,81,2026-03-28,03:53,0,"southern gothic, garage rock, blues rock","Peaky Blinders (Original Music From The TV Series)",2019-11-08,54,8,47,51,0,0,-7,C Major,4,4ENUpHCk9kxex7SaFGBxLX,USVR91057917
551,"Adore","Savages",108,9A,32,2026-03-28,05:01,0,"post-punk","Peaky Blinders (Original Music From The TV Series)",2019-11-08,37,35,45,7,0,10,-15,E Minor,3,1fa4xH1NcltnkmqZGBj0uZ,USMTD1607100
552,"Red Eyes And Tears","Black Rebel Motorcycle Club",105,1A,71,2026-03-28,04:00,47,"southern gothic, garage rock, blues rock","B.R.M.C.",2001-01-01,44,0,15,11,0,10,-5,G#/A♭ Minor,4,4gOmEM6YKQDGP29FebFGav,USVI20000575
553,"Weapon Of Choice","Black Rebel Motorcycle Club",149,4A,100,2026-03-28,02:49,41,"southern gothic, garage rock, blues rock","Baby 81",2007-04-27,44,0,0,18,10,20,-2,F Minor,4,4gHO3eIuafI9QpZKvwqHWS,USRC10700188
554,"Ten Feet Tall","The Devil Makes Three",154,10A,50,2026-03-28,02:46,48,"bluegrass, southern gothic, newgrass, americana, folk punk, alt country, folk, country blues","The Devil Makes Three",2002-11-01,55,33,0,82,0,10,-11,B Minor,4,3ALem2cU9XKuWT4CLAeDMK,TCABK1251590
555,"The Partisan","Leonard Cohen",87,6A,21,2026-03-28,03:29,57,"singer-songwriter","Songs From A Room",1969-03-24,42,89,0,34,0,10,-18,G Minor,4,2E5vl5eF4M4QbaADGegVDP,USSM19917384
556,"This Mess We're In","PJ Harvey,Thom Yorke",126,8B,57,2026-03-28,03:55,62,"art pop, singer-songwriter, alternative rock, ","Stories From The City, Stories From The Sea",2000-01-01,54,3,19,41,0,0,-10,C Major,4,3vNFsxBbA4dPkymPF5Jm1b,GBAAN0000172
557,"All the Tired Horses","Lisa O'Neill",102,10A,21,2026-03-28,03:12,50,"","All the Tired Horses",2022-04-03,33,90,1,13,0,10,-12,B Minor,4,1eNcqUpF7DBhN0edqTMuIa,GBCVZ2200140
558,"Famous Blue Raincoat","Leonard Cohen",119,8A,4,2026-03-28,05:15,60,"singer-songwriter","Songs of Love and Hate",1971-03-19,47,95,0,18,0,10,-22,A Minor,3,0Oi6TiuKVXRBS0191bEqnu,USSM19919473
559,"You Want It Darker","Leonard Cohen",109,9A,33,2026-03-28,04:44,62,"singer-songwriter","You Want It Darker",2016-10-21,67,61,20,49,0,0,-17,E Minor,4,5zb7npjQqoJ7Kcpq4yD9qn,CAC221600005
560,"Leaving the Table","Leonard Cohen",75,8B,18,2026-03-28,03:47,52,"singer-songwriter","You Want It Darker",2016-10-21,55,84,29,22,0,10,-18,C Major,4,7pyCJ0V0kIY57QdlEcM1eO,CAC221600035
561,"Hearing Damage","Thom Yorke",116,3B,86,2026-03-28,05:03,67,"","Hearing Damage",2009-10-01,63,5,85,13,0,10,-6,C♯/D♭ Major,4,1fTtPH0xGwFOXM5VlkxOX1,USAT20903254
562,"War Pigs - 2009 Remaster","Black Sabbath",92,11A,68,2026-03-28,07:55,75,"metal, heavy metal, rock, stoner rock, doom metal, hard rock","Paranoid",1970-09-18,37,13,1,51,0,20,-10,F#/G♭ Minor,4,6TYQRlRci6AkVrN9a5C7ne,GBAJE7000063
563,"before we say goodbye","Artemas",133,6B,78,2026-03-28,02:27,44,"","professional heartbreaker",2026-01-30,52,9,0,20,0,20,-5,A#/B♭ Major,4,0T1NK6TmH0QkZGLdjmHfAp,QZJ842508701
564,"eat me alive","Artemas",144,8B,95,2026-03-28,02:21,53,"","eat me alive / u don't have to tell me",2025-08-29,55,0,0,92,0,10,-4,C Major,4,4wiXESM1bi4eiMr4KaV5C1,QZJ842401776
565,"how could u love somebody like me?","Artemas",146,11A,86,2026-03-28,02:06,72,"","how could u love somebody like me?",2024-10-09,49,8,0,31,20,10,-4,F#/G♭ Minor,4,7bn5nXdatftk0CHSrd7NHQ,QZJ842403175
566,"xvideos","Artemas",104,4B,77,2026-03-28,01:58,50,"","fancy / xvideos",2024-12-18,76,2,0,54,10,50,-7,G#/A♭ Major,4,6G8q7qzbHoh4jQg2zUSYQ7,QZJ842404453
567,"fancy","Artemas",142,12A,97,2026-03-28,02:05,55,"","fancy / xvideos",2024-12-18,68,6,0,92,0,10,-2,C♯/D♭ Minor,4,7J5GcAbZ2rsWk2BzZDVog1,QZJ842404452
568,"You Were a Dream","Artemas",131,7A,40,2026-03-28,02:28,59,"","You Were a Dream",2023-08-24,49,56,1,27,0,10,-9,D Minor,4,79BvfNXgpx5GyUkNcmX3CB,SGW502354218
569,"cross my heart","Artemas",132,4B,46,2026-03-28,02:26,29,"","just want u to feel something",2023-12-01,81,8,0,23,20,20,-11,G#/A♭ Major,4,4Qkzun6RCaHN9QeurCEWLK,QZTAZ2311089
570,"So Stunning","Artemas",143,2A,81,2026-03-28,02:18,53,"","So Stunning",2024-07-19,43,3,0,40,0,40,-5,D#/E♭ Minor,4,0U2h15q7cbWWzVJjFPnWxY,QZPEW2476727
571,"Heavenly","Cigarettes After Sex",105,4B,44,2026-03-28,04:46,55,"dream pop","Cry",2019-10-25,54,67,70,13,0,10,-9,G#/A♭ Major,4,70YTBH8vOGJNMhy6186yFm,USBQU1900118
572,"Nothing's Gonna Hurt You Baby","Cigarettes After Sex",97,12B,33,2026-03-28,04:46,59,"dream pop","I.",2012-07-21,51,27,13,10,0,10,-14,E Major,4,2TeX8rhHEbWA5u3FZZAxBX,TCACJ1593857
573,"Cry","Cigarettes After Sex",143,9B,40,2026-03-28,04:16,61,"dream pop","Cry",2019-10-25,41,76,65,17,0,10,-10,G Major,4,3p4hRhMcb6ch8OLtATMaLw,USBQU1900121
574,"Touch","Cigarettes After Sex",96,2B,50,2026-03-28,04:52,53,"dream pop","Cry",2019-10-25,48,37,92,37,0,10,-9,F#/G♭ Major,4,1l4pW7Tklvcc3k38rDFMkk,USBQU1900116
575,"Sweet","Cigarettes After Sex",96,2B,50,2026-03-28,04:51,56,"dream pop","Cigarettes After Sex",2017-06-09,44,35,86,11,0,10,-9,F#/G♭ Major,4,7JdfWas5VbGpmmLYRBhbgt,USBQU1700036
576,"Conceited","Lola Young",92,10A,44,2026-03-28,03:59,49,"","Conceited",2023-09-29,77,38,0,84,0,40,-5,B Minor,4,2Iv1yhxAH7m9SpohnJMs9B,GBUM72308240
577,"you're always on my mind","Artemas",174,10B,89,2026-03-28,02:12,52,"","getting up to no good",2026-03-27,53,2,1,20,0,30,-5,D Major,4,1uwkgmnitV3hDq4hIdHRcl,QZJ842603207
578,"high note","Artemas",126,3B,87,2026-03-28,02:37,57,"","getting up to no good",2026-03-27,69,3,0,53,0,0,-2,C♯/D♭ Major,4,7tFCr0fyPGyDz5gYkcwwIB,QZJ842604098
579,"i kinda like how u know just how beautiful u are","Artemas",127,3B,91,2026-03-28,02:31,53,"","getting up to no good",2026-03-27,67,3,0,58,10,0,-3,C♯/D♭ Major,4,08MYhLzlfClH2USq5NWeJo,QZJ842603208
580,"more than just a little bit","Artemas",127,10A,74,2026-03-28,02:40,52,"","getting up to no good",2026-03-27,52,3,0,7,0,10,-5,B Minor,4,2958pqkgpnQzeVfFT9BJzq,QZJ842603209
581,"The Hills","The Weeknd",113,5A,56,2026-03-29,04:02,88,"","Beauty Behind The Madness",2015-08-28,59,7,0,14,0,10,-7,C Minor,4,7fBv7CLKzipRk6EC6TWHOB,USUG11500737
582,"Often","The Weeknd",134,6A,63,2026-03-29,04:09,81,"","Beauty Behind The Madness",2015-08-28,57,22,0,7,0,10,-10,G Minor,4,4PhsKqMdgMEUSstTDAmMpg,USUG11401323
583,"Timeless (feat Playboi Carti)","The Weeknd,Playboi Carti",120,10A,78,2026-03-29,04:16,90,"rage rap","Hurry Up Tomorrow",2025-01-31,77,7,0,60,0,10,-5,B Minor,4,0FIDCNYYjNvPVimz5icugS,USUG12406536
584,"For My Family","The Devil Makes Three",131,9B,49,2026-03-29,03:23,36,"bluegrass, southern gothic, newgrass, americana, folk punk, alt country, folk, country blues","The Devil Makes Three",2002-11-01,72,56,0,68,0,10,-10,G Major,4,3JrSpzqykGrUQVzh30OA2O,TCABK1251604
585,"Broken Bones","KALEO",124,7B,49,2026-03-29,04:05,71,"","A/B",2016-06-10,78,80,0,65,10,10,-7,F Major,4,0lwUIYJfWGB8qUEAJtYfb6,USAT21601409
586,"Living Proof (with Jelly Roll)","Bon Jovi,Jelly Roll",123,8A,86,2026-03-29,03:38,44,"glam metal, country hip hop, country","Forever (Legendary Edition)",2025-10-24,61,0,0,80,0,30,-4,A Minor,4,5L08pECmN0zFsJ2XYQJ3vk,USUG12502846
587,"It's My Life","Bon Jovi",120,5A,91,2026-03-29,03:44,84,"glam metal","Crush",2000-01-01,55,3,0,54,0,30,-4,C Minor,4,0v1XpBHnsbkCn7iJ9Ucr1l,USIR20000145
588,"You Give Love A Bad Name","Bon Jovi",123,5A,94,2026-03-29,03:42,81,"glam metal","Slippery When Wet (Deluxe Edition)",1986-00-00,54,1,0,84,0,30,-4,C Minor,4,2TofEeQobQ9YoK7EFds698,USPR39402224
589,"Sun","Derik Fein",100,11A,60,2026-03-29,03:02,55,"","Sun",2024-06-03,69,1,0,68,0,10,-6,F#/G♭ Minor,4,7Hybzi2nMsBsg2Fs2aKUh7,TCAIH2457879
590,"Wicked Game","Chris Isaak",112,11B,30,2026-03-29,04:49,86,"","Heart Shaped World",1989-06-13,66,68,1,36,0,0,-18,A Major,4,7w5AOd6HrDIHewHfpABEss,USRE19900989
591,"Sonne","TommyMuzzic",78,9A,49,2026-04-19,01:44,23,"nightcore","Sonne",2023-12-20,16,54,75,7,0,20,-7,E Minor,4,6So8QwrPVuSNeZrt7QaJqS,GXF972593144
592,"Sonne","Rammstein",75,9A,92,2026-04-19,04:32,80,"industrial metal, metal, industrial rock, industrial","Mutter",2001-04-02,51,1,0,31,0,40,-5,E Minor,4,3gVhsZtseYtY1fMuyYq06F,DEN120003766