#,Song,Artist,BPM,Camelot,Energy,Added At,Duration,Popularity,Genres,Album,Album Date,Dance,Acoustic,Instrumental,Valence,Speech,Live,Loud (Db),Key,Time Signature,Spotify Track Id,ISRC
1,"Break It Off","PinkPantheress",172,11A,89,2024-07-07,01:35,67,"bedroom pop","Break It Off",2021-06-04,54,0,0,75,10,0,-5,F#/G♭ Minor,4,0DwVfCYLrVXgvejYbWwZAd,QZES52183092
2,"I Love You So","The Walters",76,6B,65,2024-07-07,02:40,87,"","I Love You So",2014-11-28,57,58,0,47,0,10,-5,A#/B♭ Major,4,4SqWKzw0CbA05TGszDgMlc,TCACC1438995
3,"Come A Little Closer","Cage The Elephant",148,12A,78,2024-07-07,03:49,72,"","Melophobia",2013-10-08,44,3,0,30,0,10,-2,C♯/D♭ Minor,4,7oWbeO9v3Cfs900q7JhLAs,USRC11301144
4,"This Side of Paradise","Coyote Theory",158,11B,66,2024-07-07,04:02,79,"","Color",2011-06-20,31,43,0,32,0,10,-6,A Major,4,79EkGysjP2dL5GdpeQjRxT,QMW9F1100003
5,"Swing Lynn","Harmless",165,10B,95,2024-07-07,05:21,75,"","I'm Sure",2012-08-14,46,5,76,45,0,10,-2,D Major,4,3VCXx37jNGNOMns6z2OnvJ,TCACS1610798
6,"Notion","The Rare Occasions",159,11B,88,2024-07-07,03:15,86,"","Notion",2021-12-02,31,7,0,31,0,0,-4,A Major,4,0sTlGEld0h8kIPZaKDYUf4,USHM21617726
7,"Tek It - Sped Up","Cafuné",169,3A,95,2024-07-07,02:46,76,"","Tek It (I Watch the Moon)",2019-00-00,35,0,0,38,10,0,-5,A#/B♭ Minor,4,0MnTkIEP4zZN1IUSu8MvIz,USEE12200097
8,"Bohemian Rhapsody - Remastered 2011","Queen",143,5A,40,2024-07-07,05:55,39,"classic rock, rock, glam rock","The Platinum Collection (2011 Remaster)",2011-01-01,39,26,0,24,0,20,-10,C Minor,4,4E1eIF3SZ8gljmEJc4YNtk,GBUM71029604
9,"Meteor Shower","Cavetown",170,7B,49,2024-07-07,04:25,64,"bedroom pop","Cavetown",2015-11-09,51,43,0,14,0,10,-10,F Major,3,6A2itXgDf96XHp9qR6oyPN,TCADM1818853
10,"Home","Cavetown",125,3B,47,2024-07-07,04:29,65,"bedroom pop","Home",2019-06-07,53,39,0,28,0,10,-5,C♯/D♭ Major,4,3XRALl9CNCnjjbCZid2L9w,USWB11900788
11,"Juliet","Cavetown",132,2B,59,2024-07-07,04:38,71,"bedroom pop","Animal Kingdom",2019-04-12,55,0,0,36,0,0,-8,F#/G♭ Major,4,45ROR8UMn60YEVQnDy0uVF,USHM91882113
12,"Line Without a Hook","Ricky Montgomery",190,4B,65,2024-07-07,04:09,81,"","Montgomery Ricky",2016-04-01,43,26,0,51,0,20,-5,G#/A♭ Major,3,5NvOZCjZaGGGL597exlQWv,USA2P1624696
13,"Mr. Loverman","Ricky Montgomery",130,8B,53,2024-07-07,03:36,81,"","Montgomery Ricky",2016-04-01,64,25,0,49,0,20,-7,C Major,3,2IVsRhKrx8hlQBOWy4qebo,USA2P1624702
14,"Anti-Romantic","TOMORROW X TOGETHER",143,5A,49,2024-07-07,03:35,62,"k-pop","The Chaos Chapter: FREEZE",2021-05-31,64,5,0,21,10,0,-9,C Minor,4,44tTqUi3xi7E28QLzHVdUA,USA2P2108441
15,"Peek-A-Boo","Red Velvet",115,12A,90,2024-07-07,03:09,64,"k-pop","Perfect Velvet - The 2nd Album",2017-11-17,84,9,0,64,0,20,-4,C♯/D♭ Minor,4,42tFTth2jcF7iSo0RBjfJF,KRA301700600
16,"Naughty","Red Velvet - IRENE & SEULGI",113,9B,76,2024-07-07,03:18,55,"k-pop","Naughty",2020-07-20,69,6,0,64,20,10,-3,G Major,4,0P8lbWigAHXPKxUG60xh79,KRA302000346
17,"Need U","LOONA",101,4B,83,2024-07-07,02:56,31,"k-pop","Summer Special [Flip That]",2022-06-20,57,25,0,35,10,10,-4,G#/A♭ Major,4,4V7sAUqroJrjmfrbANLGra,KRA252201149
18,"Butterfly","LOONA",107,6A,85,2024-07-07,03:57,51,"k-pop","[X X]",2019-02-19,58,3,0,36,0,10,-4,G Minor,4,6wNKKoUQfLPmch7cqSFytV,KRA381900458
19,"Playback","LOONA",100,11B,83,2024-07-07,03:31,29,"k-pop","Summer Special [Flip That]",2022-06-20,78,10,0,70,0,10,-4,A Major,3,6m81zUhuw7mVp37OummGgw,KRA252201152
20,"Lonely St.","Stray Kids",90,9B,83,2024-07-07,02:44,62,"k-pop, noise music","ODDINARY",2022-03-18,69,25,0,60,0,0,-3,G Major,4,2xo84jGkxFPrZmmBtS3Pkd,US5TA2200030
21,"Silent Cry","Stray Kids",104,4A,88,2024-07-07,03:29,64,"k-pop, noise music","NOEASY",2021-08-23,69,14,0,59,0,20,-3,F Minor,4,5kBJH5gU89axZDauhfddpy,US5TA2100073
22,"Red Lights (Bang Chan, Hyunjin)","Stray Kids",128,10A,74,2024-07-07,03:09,73,"k-pop, noise music","NOEASY",2021-08-23,71,18,0,34,0,60,-4,B Minor,4,0LatE4S9UtCDwIdGQsFFKL,US5TA2100076
23,"CHILL","Stray Kids",96,9B,92,2024-07-07,03:15,59,"k-pop, noise music","MAXIDENT",2022-10-07,74,12,0,52,0,0,-3,G Major,4,1HshHZrFIF5MRXWCZntOPr,US5TA2200102
24,"TASTE (Lee Know, Hyunjin, Felix)","Stray Kids",140,11A,62,2024-07-07,03:36,68,"k-pop, noise music","MAXIDENT",2022-10-07,63,6,0,12,0,20,-6,F#/G♭ Minor,4,05ib88vsMeLfwlAfrZyz99,US5TA2200106
25,"Double Knot","Stray Kids",147,4A,74,2024-07-07,03:11,58,"k-pop, noise music","SKZ2020",2020-03-18,75,5,0,59,30,50,-5,F Minor,4,1Sftw4WKhFJGv7qQXlse4Y,US5TA1900081
26,"Side Effects","Stray Kids",97,10B,98,2024-07-07,03:15,62,"k-pop, noise music","SKZ2020",2020-03-18,60,2,0,14,10,0,-2,D Major,3,39doHPm8Vsicb2kuD0weyZ,US5TA1900056
27,"miss you (Hyunjin)","Stray Kids,Hyunjin",73,2B,23,2024-07-07,03:08,58,"k-pop, noise music, ","SKZ-REPLAY",2022-12-21,66,83,0,31,0,10,-11,F#/G♭ Major,4,1BwFLLe233S6HR1ravS3yi,US5TA2200176
28,"Deep end (Felix)","Stray Kids,Felix",114,4A,22,2024-07-07,03:28,62,"k-pop, noise music, ","SKZ-REPLAY",2022-12-21,49,88,0,26,0,10,-11,F Minor,4,3VMeAc0SlgLaS9RzA8TSxH,US5TA2200167
29,"Love Untold (Hyunjin)","Stray Kids,Hyunjin",180,12B,86,2024-07-07,03:30,57,"k-pop, noise music, ","SKZ-REPLAY",2022-12-21,57,6,0,31,0,10,-3,E Major,4,1SrsEuRiRoopW2pZDaHgVA,US5TA2200165
30,"Limbo (Lee Know)","Stray Kids,Lee Know",162,9A,60,2024-07-07,03:17,61,"k-pop, noise music, ","SKZ-REPLAY",2022-12-21,51,43,0,26,0,10,-5,E Minor,4,0nuXhivBOFDiriWCpdyU93,US5TA2200163
31,"ice.cream (Hyunjin)","Stray Kids,Hyunjin",80,2B,51,2024-07-07,02:50,58,"k-pop, noise music, ","SKZ-REPLAY",2022-12-21,72,44,0,31,10,10,-6,F#/G♭ Major,4,07x9Jr01lqjlFycZsfKBae,US5TA2200185
32,"THE SOUND","Stray Kids",188,11A,85,2024-07-07,03:00,53,"k-pop, noise music","THE SOUND",2023-01-28,57,2,0,38,30,10,-3,F#/G♭ Minor,4,0q8bRAh9BktYFcsFfXOOWI,JPU902300207
33,"DLC","Stray Kids",110,8A,97,2024-07-07,03:06,59,"k-pop, noise music","5-STAR",2023-06-02,83,10,0,67,0,20,-3,A Minor,4,6dyXogYZZ45wBgRY1Wq3P1,US5TA2300038
34,"Cover Me","Stray Kids",174,4B,74,2024-07-07,03:11,68,"k-pop, noise music","ROCK-STAR",2023-11-10,47,10,0,18,0,0,-4,G#/A♭ Major,3,5dUjBnP5zrWpWA5RGrr73g,US5TA2300154
35,"Leave","Stray Kids",110,3B,66,2024-07-07,03:39,62,"k-pop, noise music","ROCK-STAR",2023-11-10,78,55,0,69,0,0,-5,C♯/D♭ Major,4,2zPqhdPGNCwzXnvSvj7WgD,US5TA2300155
36,"Social Path","Stray Kids,LiSA",172,10A,91,2024-07-07,03:18,67,"k-pop, noise music, anime, j-pop, j-rock","Social Path",2023-08-30,56,6,0,41,20,20,-4,B Minor,4,0fkL0fOhEzRK8WFe2ixt2d,JPU902303289
37,"Butterflies","Stray Kids",80,8B,71,2024-07-07,03:10,57,"k-pop, noise music","Social Path / Super Bowl -Japanese ver.-",2023-09-06,77,21,0,83,0,10,-3,C Major,4,3Oi8I8awZsuJtSEOGHuOXf,JPU902303291
38,"Shinunoga E-Wa","Fujii Kaze",158,11A,76,2024-07-07,03:05,78,"j-pop","HELP EVER HURT NEVER",2020-05-20,60,17,0,52,0,10,-6,F#/G♭ Minor,4,0o9zmvc5f3EFApU52PPIyW,JPPO02000610
39,"HIP","MAMAMOO",138,2A,73,2024-07-07,03:15,66,"k-pop","reality in BLACK",2019-11-14,78,4,0,82,10,10,-5,D#/E♭ Minor,4,24nK8tW7Pt3Inh2utttuoG,KRA381904798
40,"Butch 4 Butch","Rio Romeo",149,1B,47,2024-07-07,02:58,0,"","Butch 4 Butch",2021-02-14,35,48,0,43,0,20,-9,B Major,3,59eUvoOBAOGHJsXnaNuVZK,QZFZ62127230
41,"Once Again","Mad Clown,Kim Na Young",146,7B,81,2024-07-07,03:55,64,"k-rap, k-ballad, soundtrack","Descendants Of The Sun Pt.5 (Original Television Soundtrack)",2016-03-17,56,52,0,36,10,20,-4,F Major,4,1qsjEmjRzXVsmC0oLitHzN,KRA341613341
42,"Mockingbird","Eminem",84,8B,68,2024-07-07,04:10,87,"rap, hip hop","Encore (Deluxe Version)",2004-11-12,64,21,0,25,20,10,-4,C Major,4,561jH07mF1jHuk7KlaeF0s,USIR10400813
43,"Here With Me","d4vd",132,12B,47,2024-07-07,04:02,5,"","Here With Me",2022-09-22,57,53,0,29,0,10,-8,E Major,4,78Sw5GDo6AlGwTwanjXbGh,QZMEM2209263
44,"Romantic Homicide","d4vd",132,2B,54,2024-07-07,02:12,85,"","Romantic Homicide",2022-07-20,57,45,1,22,0,30,-11,F#/G♭ Major,4,1xK59OXxi2TAAAbmZK0kBL,QZMEM2232831
45,"LILAC","IU",115,7A,89,2024-07-07,03:34,66,"k-pop, k-ballad","IU 5th Album 'LILAC'",2021-03-25,74,9,0,75,0,20,-2,D Minor,4,5xrtzzzikpG3BLbo4q1Yul,KRA382102077
46,"Love wins all","IU",101,8B,45,2024-07-07,04:31,68,"k-pop, k-ballad","Love wins all",2024-01-24,50,82,0,32,0,10,-6,C Major,4,0djkJ3iAARXRCbfbwwVc3o,KRA382400642
47,"LO$ER=LO♡ER","TOMORROW X TOGETHER",125,10A,87,2024-07-07,03:19,70,"k-pop","The Chaos Chapter: FIGHT OR ESCAPE",2021-08-17,64,0,0,69,0,10,-4,B Minor,4,21aOLk12MksET8AsbU0SI6,USA2P2119859
48,"0X1=LOVESONG (I Know I Love You) feat. Seori","TOMORROW X TOGETHER,Seori",105,8B,84,2024-07-07,03:22,70,"k-pop, ","The Chaos Chapter: FREEZE",2021-05-31,58,6,0,48,0,0,-5,C Major,4,1Z8TPHiKeCUyClxV6WTTIf,USA2P2108442
49,"Lonely Boy (The tattoo on my ring finger)","TOMORROW X TOGETHER",145,7A,64,2024-07-07,02:48,57,"k-pop","minisode 2: Thursday's Child",2022-05-09,67,24,0,51,10,0,-5,D Minor,4,6AOrC7t2WS5ykYcnoHpiS2,USA2P2146798
50,"Drama","TOMORROW X TOGETHER",126,12A,96,2024-07-07,03:29,54,"k-pop","The Dream Chapter: ETERNITY",2020-05-18,63,7,0,71,0,20,-2,C♯/D♭ Minor,4,0YKzTMzgAXgQLpChiBRTlf,USUG12001840
51,"Can't You See Me?","TOMORROW X TOGETHER",140,8A,82,2024-07-07,03:21,60,"k-pop","The Dream Chapter: ETERNITY",2020-05-18,59,6,0,66,0,20,-3,A Minor,4,2ecGP5xUE5126x6yHa7J6E,USUG12001841
52,"Farewell, Neverland","TOMORROW X TOGETHER",168,12A,65,2024-07-07,03:00,63,"k-pop","The Name Chapter: TEMPTATION",2023-01-27,62,36,0,79,10,10,-6,C♯/D♭ Minor,4,43mnNatwMMydJ4CxMdQVnJ,USA2P2243435
53,"Deja Vu (Anemoia Remix)","TOMORROW X TOGETHER",163,4A,77,2024-07-07,02:50,54,"k-pop","minisode 3: TOMORROW",2024-04-01,38,4,0,51,0,50,-4,F Minor,4,0m5FEDhEXHx1ZUNabbnX4l,USA2P2408085
54,"Quarter Life","TOMORROW X TOGETHER",89,4A,79,2024-07-07,02:29,58,"k-pop","minisode 3: TOMORROW",2024-04-01,38,5,0,54,0,0,-5,F Minor,4,0Dv0R4tfRj5jy8e8CF3JB9,USA2P2408084
55,"LION","i-dle",110,9A,72,2024-07-07,03:30,60,"k-pop","I trust",2020-04-06,74,3,0,19,0,10,-5,E Minor,4,40OyiVO9NtBg9R2Gpwxs3u,KRA491901000
56,"Allergy","i-dle",165,7B,92,2024-07-07,02:42,2,"k-pop","I feel",2023-05-15,59,5,0,55,10,0,-4,F Major,4,38MKW2tQHtyO8djIOKlEFF,KRA392300002
57,"Deja Vu","ATEEZ",80,11A,84,2024-07-07,03:16,63,"k-pop, noise music","ZERO : FEVER Part.3",2021-09-13,69,5,0,57,0,10,-5,F#/G♭ Minor,4,3zmrdOtnOogqLllz26WLZ3,KRD442100032
58,"Hurt","NewJeans",180,3A,45,2024-07-07,02:57,73,"k-pop","NewJeans 1st EP 'New Jeans'",2022-08-01,60,73,0,57,0,10,-7,A#/B♭ Minor,4,5expoVGQPvXuwBBFuNGqBd,USA2P2230224
59,"Ditto","NewJeans",134,11A,64,2024-07-07,03:05,80,"k-pop","Ditto",2022-12-19,81,3,0,18,10,10,-6,F#/G♭ Minor,4,3r8RuvgbX9s7ammBn07D3W,USA2P2254487
60,"Cookie","NewJeans",157,8B,64,2024-07-07,03:55,75,"k-pop","NewJeans 1st EP 'New Jeans'",2022-08-01,85,6,0,66,0,0,-4,C Major,4,2DwUdMJ5uxv20EhAildreg,USA2P2230223
61,"Our Night is more beautiful than your Day","NewJeans",105,6B,35,2024-07-07,03:12,60,"k-pop","NewJeans X MY DEMON",2023-11-24,49,55,0,19,0,10,-9,A#/B♭ Major,4,11YovYUVkZdLyOFncbecWL,KRNAR2356474
62,"Zero","NewJeans",172,12A,65,2024-07-07,02:34,63,"k-pop","Zero",2023-04-03,71,31,0,58,10,10,-7,C♯/D♭ Minor,4,5LMoKDVzW2kDneNu2UbspP,USA2P2310671
63,"Cool With You","NewJeans",135,4A,65,2024-07-07,02:27,73,"k-pop","NewJeans 2nd EP 'Get Up'",2023-07-21,75,65,0,53,10,10,-7,F Minor,4,02wk5BttM0QL38ERjLPQJB,USA2P2330072
64,"ASAP","NewJeans",130,5A,49,2024-07-07,02:14,70,"k-pop","NewJeans 2nd EP 'Get Up'",2023-07-21,93,47,0,37,10,10,-10,C Minor,4,5fpyAakgFOm4YTXkgfPzvV,USA2P2330074
65,"Get Up","NewJeans",85,7B,53,2024-07-10,00:36,70,"k-pop","NewJeans 2nd EP 'Get Up'",2023-07-21,53,63,13,56,0,10,-7,F Major,3,1wUnuiXMMvhudmzvcCtlZP,USA2P2330073
66,"Tamed-Dashed","ENHYPEN",155,10A,81,2024-07-07,03:16,54,"k-pop","DIMENSION : ANSWER",2022-01-10,57,0,0,71,0,10,-4,B Minor,4,5W5PhqcQDV539PJP9jdmrT,USA2P2135692
67,"FEVER","ENHYPEN",73,11A,71,2024-07-07,02:52,76,"k-pop","BORDER : CARNIVAL",2021-04-26,60,6,0,47,0,10,-5,F#/G♭ Minor,4,0UzymivvUH5s8z4PeWZJaK,USA2P2108331
68,"Given-Taken","ENHYPEN",108,1A,65,2024-07-07,03:03,72,"k-pop","BORDER : DAY ONE",2020-11-30,63,17,0,46,0,30,-5,G#/A♭ Minor,4,69WpV0U7OMNFGyq8I63dcC,USA2P2041798
69,"BEcause","Dreamcatcher",170,9A,93,2024-07-07,03:11,0,"k-rock, k-pop","[Summer Holiday]",2021-07-30,55,2,0,45,0,30,-3,E Minor,4,3L74uwShK0JqEUZ5Y2JoDW,KRB462100866
70,"VISION","Dreamcatcher",95,1B,86,2024-07-07,03:09,0,"k-rock, k-pop","[Apocalypse : Follow us]",2022-10-11,58,3,0,36,0,10,-4,B Major,4,1nmc8ngLcvccw7Lay5v5SP,KRB462201184
71,"MAISON","Dreamcatcher",120,2A,96,2024-07-07,03:05,0,"k-rock, k-pop","[Apocalypse : Save us]",2022-04-12,69,13,0,50,10,0,-2,D#/E♭ Minor,4,1fdlTXD7obDyqOpx96BEL9,KRB462200354
72,"OOTD","Dreamcatcher",176,4B,84,2024-07-07,02:56,44,"k-rock, k-pop","[VillainS]",2023-11-22,50,1,0,86,0,40,-4,G#/A♭ Major,4,2PSqR2dQWllqSPHeUdCp1S,KRA382321719
73,"We Are Young","Dreamcatcher",130,9B,67,2024-07-07,03:40,36,"k-rock, k-pop","[VillainS]",2023-11-22,56,1,0,31,0,20,-5,G Major,4,0qYwBOEOOscarO6LZceSL2,KRA382321722
74,"JUSTICE","Dreamcatcher",90,12A,93,2024-07-11,02:59,51,"k-rock, k-pop","[VirtuouS]",2024-07-10,57,3,0,60,10,10,-4,C♯/D♭ Minor,4,4GyhMaDPEILMPp62PUjP3j,KRA382404212
75,"Generation","tripleS",120,9A,94,2024-07-07,02:44,37,"k-pop","Acid Angel from Asia <ACCESS>",2022-10-28,64,5,0,92,0,70,-2,E Minor,4,1RHTdr5QfviCYI70QPPDJN,KRA382208119
76,"Excuse Me","AOA",124,1A,85,2024-07-07,03:44,52,"k-pop","AOA 1st Album ANGEL'S KNOCK (1)",2017-01-02,74,11,0,81,0,0,-3,G#/A♭ Minor,4,2Gq8bwrWXzc1gW9g2EnHTh,KRA381700002
77,"Love Shot","EXO",146,4A,68,2024-07-07,03:20,75,"k-pop","LOVE SHOT– The 5th Album Repackage",2018-12-13,69,7,0,34,10,0,-4,F Minor,4,0yB4jrSwN0bFtFRDR5vyMj,KRA301800573
78,"Partners in Crime (feat. Ash Costello)","Set It Off,Ash Costello",190,3B,94,2024-07-07,03:31,72,"","Cinematics (Expanded Edition)",2013-06-25,38,1,0,82,0,10,-3,C♯/D♭ Major,4,4oaU0fMSg3n9kqOwmLPVhH,US3X51224501
79,"Heart Attack (츄)","LOONA",99,9B,86,2024-07-07,03:14,62,"k-pop","Chuu",2017-12-28,66,5,0,75,0,50,-3,G Major,4,6SSC9KZQaxBdyipKRigrFC,KRE081700034
80,"One More Hour","Tame Impala",102,12B,40,2024-07-07,07:12,76,"neo-psychedelic, indie","The Slow Rush",2020-02-14,65,11,11,32,0,10,-9,E Major,4,0mO6oS60RST2sWmN2FKknP,AUUM71900935
81,"All Eyes On Me","JISOO",110,1A,64,2024-07-07,02:43,63,"k-pop","ME",2023-03-31,78,3,0,68,0,0,-6,G#/A♭ Minor,4,2YXswOX5aKv6OHRKUcAMLQ,KRA402300003
82,"Mayonaka no Door / Stay With Me","Miki Matsubara",108,7B,75,2024-07-07,05:12,42,"city pop, j-pop","Miki Matsubara Best Collection",2008-00-00,66,18,0,79,0,0,-7,F Major,4,2BHj31ufdEqVK5CkYDp9mA,JPPC07950030
83,"Step On Me - Sped Up Version","The Cardigans,Speed Radio,Kuya Magik",100,12B,54,2024-07-07,03:26,49,"swedish pop, ","Step On Me (Sped Up Version)",2023-03-30,38,1,0,22,0,0,-5,E Major,4,7r28jv8dtlXDOoulEIPP04,SEUM72300316
84,"Into The Night","YOASOBI",130,5A,86,2024-07-07,04:22,51,"j-pop, anime","Into the Night",2021-07-02,65,0,0,78,0,30,-6,C Minor,4,0JyJVPi4IBCgj2wTRKb0yN,JPP302100739
85,"DEATH","Melanie Martinez",182,3B,55,2024-07-07,05:06,61,"","PORTALS",2023-03-31,36,11,0,45,0,20,-9,C♯/D♭ Major,4,0pwnoUhy57HdGjj1zNzzNV,USAT22220417
86,"Hold On Tight","aespa",120,9B,82,2024-07-07,02:29,72,"k-pop","Hold On Tight",2023-03-30,59,9,0,27,20,20,-6,G Major,4,1o844wI52S3TjXGBwvGcc7,GBAYE2300222
87,"505","Arctic Monkeys",140,8B,87,2024-07-07,04:13,88,"indie, garage rock","Favourite Worst Nightmare",2007-04-22,53,0,0,25,0,0,-6,C Major,4,0BxE4FqsDD1Ot4YuBXwAPp,GBCEL0700074
88,"Not Mine","DAY6",85,12A,60,2024-07-07,03:15,48,"k-rock, k-pop","The Book of Us : Entropy",2019-10-22,60,10,0,65,0,0,-3,C♯/D♭ Minor,4,09vCm1gYxlBSi6ijArnczi,US5TA1900091
89,"Reflections (Sped Up)","Scammacist",146,2A,72,2024-07-07,03:20,6,"brazilian phonk","Reflections (Sped Up)",2022-12-25,47,13,40,68,0,0,-6,D#/E♭ Minor,4,4E45QD9HvHurImgCWFnw0y,FXQ022203431
90,"Smells Like Teen Spirit","Nirvana",117,3B,91,2024-07-07,05:01,87,"grunge, rock","Nevermind (Remastered)",1991-09-26,50,0,0,72,0,10,-5,C♯/D♭ Major,4,4CeeEOM32jQcH3eN9Q2dGj,USGF19942501
91,"NIGHT DANCER","imase",117,6A,59,2024-07-07,03:30,71,"j-pop","NIGHT DANCER",2022-08-19,91,9,0,85,0,10,-8,G Minor,4,348NF6vX0Yh22xvH0EZEro,JPPO02202918
92,"Sacrifice (Eat Me Up)","ENHYPEN",69,5A,73,2024-07-07,03:22,68,"k-pop","DARK BLOOD",2023-05-22,54,44,0,53,0,10,-5,C Minor,4,58ItBuVuKc03DvqSeZFnH1,USA2P2319854
93,"Lovesick Girls","BLACKPINK",128,2B,71,2024-07-07,03:14,72,"k-pop","THE ALBUM",2020-10-02,65,1,0,45,0,0,-6,F#/G♭ Major,4,4Ws314Ylb27BVsvlZOy30C,KRA402000136
94,"Love Talk - English Version","WayV",98,11A,72,2024-07-07,03:52,65,"k-pop, c-pop, noise music","Love Talk (English Version)",2019-11-05,75,14,0,44,0,10,-5,F#/G♭ Minor,4,2e3cJdJ8xWwydl8JIYlCqB,KRA301900528
95,"AEAO","Dynamicduo,DJ Premier",153,10B,76,2024-07-07,05:16,75,"k-rap, k-pop, east coast hip hop","A Giant Step",2014-07-16,45,6,0,58,10,10,-6,D Major,4,3TPvrMAd1hbPRXuHCRX0Pl,KRA381208477
96,"DNA","BTS",130,12A,78,2024-07-07,03:43,76,"k-pop","Love Yourself 承 'Her'",2017-09-18,60,2,0,70,0,0,-4,C♯/D♭ Minor,4,3uRLwBjI2TahxslcMTvpFs,KRA381702187
97,"Just One Day","BTS",95,11A,71,2024-07-07,03:59,73,"k-pop","Skool Luv Affair",2014-02-12,69,18,0,30,20,30,-5,F#/G♭ Minor,4,6t7WriKgVszATnrdBKSUAf,KRA341404055
98,"Still With You","Jung Kook",88,12A,47,2024-07-07,03:59,81,"k-pop","Still With You",2020-06-05,53,9,0,34,0,80,-7,C♯/D♭ Minor,4,0eFMbKCRw8KByXyWBw8WO7,QM6N22094716
99,"Empire State Of Mind","JAŸ-Z,Alicia Keys",174,1B,96,2024-07-07,04:36,87,"hip hop, east coast hip hop, rap, r&b, neo soul","The Blueprint 3",2009-09-08,49,3,0,81,30,40,-2,B Major,4,2igwFfvr1OAGX9SKDCPBwO,USJZ10900031
100,"I Can't Decide","Scissor Sisters",97,5B,80,2024-07-07,02:46,68,"","Ta-Dah",2006-01-01,69,26,0,87,0,20,-5,D#/E♭ Major,4,1zyGFId8xHOcRmCmehrwlc,GBUM70602614
101,"Wasted Summers","juju<3",104,8B,64,2024-07-07,02:10,70,"","Wasted Summers",2023-07-12,63,11,1,47,0,70,-8,C Major,4,43MifzVnh8W3jJN0xqU9jR,QZNWT2328449
102,"Beauty And A Beat","Justin Bieber,Nicki Minaj",128,8B,84,2024-07-07,03:47,91,"","Believe (Deluxe Edition)",2012-06-15,60,0,0,53,0,0,-5,C Major,4,190jyVPHYjAqEaOGmMzdyk,USUM71205367
103,"Tip Toe - Sped Up","Scammacist,Automotivo Das Mushab",90,3B,44,2024-07-07,03:22,32,"brazilian phonk, ","Tip Toe - Sped Up",2024-01-30,67,21,29,68,0,10,-12,C♯/D♭ Major,4,7fUdg7SLmtYqZcewxpxmI2,QZDA52422982
104,"TRUE","YOARI",168,12A,44,2024-07-07,03:12,63,"","YOARI X MY DEMON",2023-12-23,55,53,10,12,0,10,-10,C♯/D♭ Minor,4,2oAmC0f5DWBDyXqsKO00ov,KRMM02320880
105,"Here To Lean On","Various Artists",134,12B,9,2024-07-07,02:09,32,"","MY DEMON (Original Sound Track) Special",2024-01-20,62,92,92,29,0,10,-16,E Major,4,3J6rHeMTDw8B7VUZoMBHyv,KRMIM2400927
106,"The way to lose you (Korean Ver.)","10CM",123,5B,17,2024-07-07,04:21,47,"k-ballad, soundtrack","10CM X MY DEMON",2024-01-05,47,86,0,30,0,10,-10,D#/E♭ Major,4,551Lg3Jo8w4aP0gBmgf3qQ,KRMM02320863
107,"Love, Maybe","SECRET NUMBER",172,1B,73,2024-07-23,03:05,59,"k-pop","Love, Maybe (A Business Proposal OST Part.5)",2022-03-14,52,52,0,45,0,10,-3,B Major,4,5btJjUxmhPK1cwdw0mnhRD,KRA382203898
108,"You(=I)","BOL4",105,5A,90,2024-07-07,02:49,64,"k-pop, k-ballad","Full Album RED PLANET",2016-08-29,70,62,0,68,0,30,-3,C Minor,4,6IBPrw5nYj84x8JpiOvXUp,KRA921600021
109,"Some (feat. Lil Boi)","SOYOU,Junggigo,lIlBOI",95,10A,68,2024-07-07,03:31,67,"k-ballad, k-pop, k-rap","Some",2014-02-07,74,45,0,96,0,20,-3,B Minor,4,0g1AmSKokPboFrxmG1dxKx,KRA381206099
110,"ONLY","LEEHI",123,7B,30,2024-07-07,04:00,77,"k-ballad, k-pop","4 ONLY",2021-09-09,54,89,0,15,0,0,-7,F Major,3,6TBJkXHPhu3EsMk1bshwuI,KRC712100039
111,"See Tình","Hoàng Thùy Linh",97,5A,76,2024-07-21,03:05,55,"v-pop, vinahouse, vietnamese hip hop, vietnam indie","See Tình",2022-02-20,85,50,0,85,0,0,-5,C Minor,4,3bZGGKrMQLDGg18y2QqKFF,VNA0R2000510
112,"A New Kind Of Love - Demo","Frou Frou,Imogen Heap,Guy Sigsworth",133,11B,48,2024-07-07,04:20,67,"","Off Cuts",2022-06-03,67,16,0,34,0,10,-13,A Major,4,2p1qmpFg41n0XMBNGuMzoE,GBJPX2100355
113,"From The Start","Laufey",81,3B,34,2024-07-07,02:49,88,"","Bewitched",2023-09-08,55,89,0,83,0,10,-10,C♯/D♭ Major,4,43iIQbw5hx986dUEZbr3eN,QMDA62312093
114,"Favorite Sped Up - English","Isabel LaRosa",106,3B,54,2024-07-07,02:02,43,"","Favorite",2024-03-29,80,1,12,48,10,0,-7,C♯/D♭ Major,4,2ftQtHb1MnRWFQj6R0GP11,USRC12400626
115,"Meu Tempo (Feat. BIBI & Simon Dominic) (Prod. GRAY)","Vapo,BIBI,Simon Dominic",105,9B,89,2024-07-07,03:17,35,"k-rap, k-pop","School Rapper4 Semi Final 1",2021-04-10,75,41,0,62,0,0,-2,G Major,4,1nM7C8olIT4wk6Fji2ILYd,KRA492100356
116,"Lady Killers II","G-Eazy",136,6A,57,2024-07-07,04:57,4,"","Lady Killers II",2024-03-17,67,3,1,50,0,10,-10,G Minor,4,1xUddpWyEuYl5T3mduKnOJ,TCAIA2495220
117,"sunny days","wave to earth",158,9B,47,2024-07-07,04:08,0,"","0.1 flaws and all.",2023-04-20,55,75,0,38,0,10,-8,G Major,4,4U9teFThcaHZz386DQM6FY,KRA252300808
118,"love.","wave to earth",62,10B,39,2024-07-07,05:07,2,"","0.1 flaws and all.",2023-04-20,32,65,30,25,0,20,-10,D Major,4,5rDXfGMWI6S8wkXR0MHsvv,KRA252300813
119,"Lay All Your Love On Me - From 'Mamma Mia!' Original Motion Picture Soundtrack","Dominic Cooper,Amanda Seyfried",133,4A,74,2024-07-07,04:29,72,"musicals","Mamma Mia! The Movie Soundtrack",2008-01-01,71,1,0,50,0,30,-5,F Minor,4,74wySERHHxB8Ul9A0CNBla,GBUM70809215
120,"I Wonder","Kanye West",191,8B,47,2024-07-07,04:03,85,"rap","Graduation",2007-09-11,54,14,0,13,0,10,-9,C Major,4,7rbECVPkY5UODxoOUVKZnA,USUM70749085
121,"Friends","Chase Atlantic",107,10A,61,2024-07-07,03:50,85,"","Nostalgia - EP",2015-02-21,33,1,0,8,0,10,-6,B Minor,3,7uDUb37h7Xdhza1eWMkoJv,GBLFP1508173
122,"Softcore","The Neighbourhood",94,8A,57,2024-07-07,03:26,87,"","Hard To Imagine The Neighbourhood Ever Changing",2018-11-02,57,5,0,37,0,20,-6,A Minor,4,2K7xn816oNHJZ0aVqdQsha,USSM11800523
123,"Save Your Tears (with Ariana Grande) (Remix)","The Weeknd,Ariana Grande",118,8B,83,2024-07-07,03:11,80,"pop","Save Your Tears (Remix)",2021-04-23,65,2,0,59,0,0,-5,C Major,4,37BZB0z9T8Xu7U3e65qxFy,USUG12101839
124,"Mrs Magic","Strawberry Guy",133,4B,63,2024-07-07,03:28,81,"bedroom pop","Mrs Magic",2019-07-24,47,16,37,37,0,30,-7,G#/A♭ Major,4,0TZejo18HlJ86OrWNsXKnw,GBJGV1900102
125,"rises the moon","Liana Flores",137,4A,13,2024-07-07,02:41,82,"","recently",2019-04-10,48,95,14,20,0,10,-20,F Minor,3,51Grh1RyUDcMBbpuyUIUHI,QZDA61986777
126,"Love Like You (feat. Rebecca Sugar) - End Credits","Steven Universe,Rebecca Sugar",118,5A,24,2024-07-07,02:23,74,"","Steven Universe, Vol. 1 (Original Soundtrack)",2017-06-02,59,88,0,29,0,10,-10,C Minor,3,3z9OnsnvM6SFN2dzrSDdVO,TCADA1768019
127,"Fairy Fountain","Super Guitar Bros",143,12A,29,2024-07-07,01:03,62,"","Ocarina of Time",2018-02-22,41,97,79,61,0,0,-16,C♯/D♭ Minor,4,3uhGWxwYdkwzI9vHITtaza,QZHN71917170
128,"Hidden In the Sand","Tally Hall",121,2B,29,2024-07-07,01:52,71,"","Marvin's Marvelous Mechanical Museum",2005-10-24,55,51,77,18,10,10,-12,F#/G♭ Major,4,0RjG5JmdOWXAR68dGlKBA5,TCAAY1158683
129,"Sofia","Clairo",113,8B,62,2024-07-07,03:08,9,"bedroom pop","Immunity",2019-08-02,74,60,0,64,0,20,-10,C Major,4,7B3z0ySL9Rr0XvZEAjWZzM,US4HB1900086
130,"Freaks","Surf Curse",180,11B,94,2024-07-07,02:27,87,"indie","Freaks",2021-05-15,35,0,63,41,0,0,-10,A Major,4,7EkWXAI1wn8Ii883ecd9xr,USAT22102269
131,"Young","Vacations",80,9B,81,2024-07-07,03:09,1,"","Vibes",2016-12-09,50,0,1,59,0,0,-4,G Major,4,3OP8UeYimRl9HCNxMg7Ihl,SEYOK1669274
132,"When We Were Young","Adele",144,5B,60,2024-07-07,04:50,79,"soft pop","25",2015-11-20,38,30,0,27,0,10,-6,D#/E♭ Major,4,6O5TrlFWTYvznd9fMC0VvU,GBBKS1500217
133,"Out of My League","Fitz and The Tantrums",170,8A,97,2024-07-07,03:29,62,"","Out of My League",2013-02-08,55,4,0,53,0,30,-4,A Minor,4,5qEn8c0MBzyRKgQq91Vevi,USAT21300149
134,"Greek Tragedy - Oliver Nelson TikTok Remix","The Wombats,Oliver Nelson",112,1A,76,2024-07-07,05:06,63,"indie, nu disco","Greek Tragedy (Oliver Nelson TikTok Remix)",2021-01-15,74,22,0,40,0,10,-7,G#/A♭ Minor,4,64rqvMhAPLLEag310IG3z9,GBAHT2100017
135,"Ylang Ylang","FKJ,((( O )))",70,3B,24,2024-07-07,03:33,0,"","Ylang Ylang EP",2019-11-12,56,93,94,16,0,10,-12,C♯/D♭ Major,4,7i4hAFqaMcw12ITAKtLyQb,GBKPL1970166
136,"Always Forever","Cults",163,4B,74,2024-07-07,03:43,79,"","Static",2013-10-15,17,0,28,36,0,20,-6,G#/A♭ Major,4,2enPRFda84VE2wtI8c86Uf,USSM11303912
137,"Loverboy","A-Wall",120,8B,47,2024-07-07,03:44,1,"bedroom pop","Helios",2019-08-04,60,65,3,50,0,0,-10,C Major,4,0qXP5fMhxGzxALOkXYUxfP,QZFZ41979172
138,"Sports","Beach Bunny",186,11B,88,2024-07-07,02:44,1,"","Sports",2018-01-01,23,0,3,52,0,0,-5,A Major,4,77G0k1La0c5Dw8bAFANcyp,QZAPG1780549
139,"I Hear a Symphony","Cody Fry",52,6B,24,2024-07-07,03:05,0,"","Flying",2017-10-06,19,93,3,38,0,10,-8,A#/B♭ Major,4,3KfTWH9HcFZtOnZXaMT0Rt,TCADG1749527
140,"Not Allowed","TV Girl",105,3B,91,2024-07-07,02:47,1,"","Who Really Cares",2016-02-25,67,67,0,56,10,30,-7,C♯/D♭ Major,4,0jA4h2SD50Oak4C3Vn905a,uscgh1682131
141,"Looking Out for You","Joy Again",101,11B,90,2024-07-07,02:59,80,"","Looking Out for You",2016-01-15,68,9,6,94,0,0,-5,A Major,4,3jfZ9M23l0L7RxzYMTgBTv,GBJET1500070
142,"My Time","Omori",135,9B,35,2024-07-07,03:33,63,"","Omori (Original Game Soundtrack), Pt.3",2020-12-25,47,50,0,22,0,0,-8,G Major,4,0HuTlPTyGIkIBlX3Yak9G4,TCAFL2165689
143,"Not My Problem","Laila!",138,9B,74,2024-07-08,02:39,62,"sexy drill","Not My Problem (Flyer Than U)",2024-06-14,45,8,0,24,0,40,-8,G Major,5,1T6dUV1mqXyA2bSP3lK0IZ,QZS642414532
144,"STΦMP!","Dreamcatcher",88,4B,75,2024-07-11,03:03,37,"k-rock, k-pop","[VirtuouS]",2024-07-10,48,0,0,40,0,0,-5,G#/A♭ Major,4,3QklelzI24oqdW16cLshnu,KRA382404213
145,"2 Rings","Dreamcatcher",81,7B,71,2024-07-11,02:47,38,"k-rock, k-pop","[VirtuouS]",2024-07-10,61,8,0,74,0,50,-4,F Major,4,2jIkG2xRXVuXUNpPANMhVu,KRA382404214
146,"Fireflies","Dreamcatcher",128,5A,49,2024-07-11,04:11,37,"k-rock, k-pop","[VirtuouS]",2024-07-10,58,56,0,17,0,0,-6,C Minor,4,1s5RkKY8PBYT2FFxHzP3tJ,KRA382404215
147,"XO (Only If You Say Yes)","ENHYPEN",97,4B,76,2024-07-29,03:08,77,"k-pop","ROMANCE : UNTOLD",2024-07-12,66,11,0,47,0,20,-7,G#/A♭ Major,4,3RkSwrsIadAvqVtMp5yhaB,USA2P2436970
148,"FREAK","YUQI",120,7B,82,2024-07-24,02:51,1,"k-pop","YUQ1",2024-04-23,81,8,0,81,0,10,-4,F Major,4,6ERs9uORCo1MfV0m9ixCuv,KRA392400004
149,"plot twist","TWS",112,7B,71,2024-07-24,02:32,70,"k-pop","TWS 1st Mini Album 'Sparkling Blue'",2024-01-22,81,1,0,73,0,10,-5,F Major,4,0aZG8KWrpRnsGL0loUkfSj,USA2P2360920
150,"Fate","i-dle",115,8B,73,2024-07-24,02:41,3,"k-pop","2",2024-01-29,87,23,0,81,10,30,-5,C Major,4,2vNPGH1x5ZwxTjlvzLCyc2,KRA392300030
151,"Try Again","JAEHYUN,d.ear",86,7A,35,2024-07-24,02:58,70,"","Try Again - SM STATION",2017-11-24,44,81,0,35,0,20,-8,D Minor,3,4Sav8RLaXMBpTZX6xNPj0K,KRA301700613
152,"seasons","wave to earth",60,9B,27,2024-07-24,04:15,22,"","summer flows 0.02",2020-08-04,37,78,5,17,0,20,-11,G Major,4,5VBjyOQzqlPNgdRPMM6prF,KRMIM2021578
153,"light","wave to earth",80,1B,62,2024-07-24,03:45,0,"","light",2019-11-18,42,25,4,73,0,10,-7,B Major,4,4i2T7Nm4Q72sNnSlGADSm6,KRMIM1921432
154,"ride","wave to earth",78,9B,46,2024-07-24,03:48,6,"","summer flows 0.02",2020-08-04,50,8,0,30,0,10,-7,G Major,3,67KfktISVA3XHSRqge5JiB,KRMIM2021577
155,"dried flower","wave to earth",117,9A,34,2024-07-24,03:39,0,"","0.1 flaws and all.",2023-04-20,36,71,73,11,0,20,-11,E Minor,4,0silYl19ebS1wbruI3CNc9,KRA252201803
156,"nouvelle vague","wave to earth",125,11A,62,2024-07-24,03:49,0,"","0.1 flaws and all.",2023-04-20,33,45,1,47,0,20,-10,F#/G♭ Minor,3,5EkbJFiurqjmLcOy7TYT3u,KRA252102205
157,"Earth, Wind & Fire","BOYNEXTDOOR",153,10A,89,2024-07-24,02:59,67,"k-pop","HOW?",2024-04-15,66,2,0,62,0,0,-3,B Minor,4,0Tq7v8YAmwdnAYBwyR1pZ4,USA2P2409361
158,"I Like It","Stray Kids",145,4A,85,2024-07-24,02:28,76,"k-pop, noise music","ATE",2024-07-19,80,6,0,47,0,10,-3,F Minor,4,04A4WyCRyHQ8Nb3u3IsfzH,US5TA2400142
159,"Ready to love","SEVENTEEN",130,8A,71,2024-07-25,03:06,61,"k-pop","SEVENTEEN 8th Mini Album 'Your Choice'",2021-06-18,67,3,0,55,0,20,-6,A Minor,4,2FymmKBuog0loCuNXMwQID,USA2P2108462
160,"Feel the POP","ZEROBASEONE",149,11B,74,2024-07-30,02:56,55,"k-pop","You had me at HELLO",2024-05-13,77,12,0,81,10,30,-6,A Major,4,3JnaRKReO6TFGEdhggFWZG,KRA492400588
161,"In Bloom","ZEROBASEONE",82,2B,89,2024-07-30,03:00,61,"k-pop","YOUTH IN THE SHADE",2023-07-10,55,11,0,38,0,10,-4,F#/G♭ Major,4,3F4lHPNHlvr3RpO4tpVOIs,KRA492300568
162,"Tell Me (Rap Version)","Wonder Girls",127,10A,95,2024-08-06,03:37,61,"k-pop","So Hot",2008-06-03,79,11,0,97,0,30,-5,B Minor,4,3tJ8hMF7uJZKKL0ZU4FUDx,KRA330700021
163,"Tiramisu Cake","We Are The Night",123,2B,51,2024-08-06,03:10,55,"k-rock","Tiramisu Cake",2015-04-29,94,6,0,87,0,0,-5,F#/G♭ Major,4,2LNe50dfsa7WaFa7LprfQg,KRB471500857
164,"Sticky","KISS OF LIFE",100,3A,70,2024-08-07,02:37,69,"k-pop","Sticky",2024-07-01,70,39,0,60,0,10,-4,A#/B♭ Minor,4,4e1aewX6ATPcdfQIqr7gqO,KRA382403763
165,"Sherlock (Clue + Note)","SHINee",107,3B,94,2024-08-08,03:59,61,"k-pop","Sherlock - The 4th Mini Album",2012-03-21,64,1,0,32,0,30,-2,C♯/D♭ Major,4,2sVtrcj32v3fR8mLjqWziv,KRA301200194
166,"New Woman (feat. ROSALÍA)","LISA,ROSALÍA",141,9B,85,2024-08-16,02:59,70,"k-pop, latin","New Woman (feat. ROSALÍA)",2024-08-15,48,9,0,31,20,0,-5,G Major,5,7ov3TDp5D00Rnu5R1viX4w,USRC12402243
167,"UNDERSTAND","keshi",82,7B,21,2024-08-12,02:30,75,"","GABRIEL",2022-03-25,38,94,0,16,0,10,-14,F Major,3,72sfmdpuO5r8cBDgs7MqZZ,USUM72123296
168,"SOMETHING AIN'T RIGHT","XG",124,12A,88,2024-08-13,03:10,62,"k-pop","SOMETHING AIN'T RIGHT",2024-07-26,77,11,0,75,0,30,-4,C♯/D♭ Minor,4,4xzrnTQ0CVRj6LBisVyTum,JPB602402486
169,"Brought The Heat Back","ENHYPEN",122,10A,87,2024-08-13,02:56,74,"k-pop","ROMANCE : UNTOLD",2024-07-12,78,1,0,90,0,50,-4,B Minor,4,3ivdlmTbUSv5JN9W8Tk9V1,USA2P2436973
170,"FOREVER","BABYMONSTER",130,8B,70,2024-08-14,03:32,65,"k-pop","FOREVER",2024-07-01,83,10,0,64,0,10,-4,C Major,4,0Md02V4hwKO5Vu5B7GD8tQ,KRA402400038
171,"Bom","LUDMILLA",103,3A,90,2024-08-21,02:52,60,"pagode, brazilian pop, funk pop, brazilian funk, pagode baiano, funk carioca, samba","A danada sou eu",2016-10-21,82,47,0,90,0,0,-3,A#/B♭ Minor,4,25SL3ZSbEGtu4oU14xllMQ,BRWMB1600384
172,"Tally","BLACKPINK",130,10B,64,2024-08-22,03:04,63,"k-pop","BORN PINK",2022-09-16,69,1,0,46,0,0,-5,D Major,4,0bYVPJvXr8ACmw313cVvhB,KRA402200027
173,"Notes From A Wrist","d4vd",132,6A,20,2024-08-23,03:09,54,"","Notes From A Wrist",2023-08-18,53,96,0,13,20,10,-15,G Minor,3,7hhBtKyUAqWFu5rpLkyWVq,USUM72304545
174,"Runners","Stray Kids",160,12A,91,2024-08-26,03:16,64,"k-pop, noise music","ATE",2024-07-19,64,3,0,55,0,20,-3,C♯/D♭ Minor,4,4tIAHpF340zdoCCIBFcyit,US5TA2400143
175,"twilight","Stray Kids",65,6A,70,2024-08-26,03:12,64,"k-pop, noise music","ATE",2024-07-19,40,47,0,26,20,30,-4,G Minor,3,1T0hdoMSjzoKUPbKRmrDg3,US5TA2400144
176,"MONA LISA","SOOJIN",117,1B,82,2024-08-26,02:40,43,"k-pop","RIZZ",2024-05-23,72,33,0,60,0,10,-3,B Major,4,6Y4Nd3eqBtpR5t0w45OF6g,KRMIM2433145
177,"我们的纪念","徐薇",116,4A,61,2024-08-27,04:29,20,"mandopop","我们的纪念",2019-08-13,55,69,0,14,0,10,-5,F Minor,4,1cBybk7MRFkG2n9Hmk1Q4o,HKG732242864
178,"golden hour","JVKE",94,12B,59,2024-08-28,03:29,81,"","this is what ____ feels like (Vol. 1-4)",2022-09-23,52,65,16,15,0,20,-5,E Major,3,5odlY52u43F5BjByhxg7wg,GBKPL2204171
179,"ABCD","NAYEON",106,2A,93,2024-08-29,02:42,70,"k-pop","NA",2024-06-14,68,4,0,86,0,10,-3,D#/E♭ Minor,4,0V2passWyAXnON67kfAj7y,US5TA2400099
180,"Kick It","NCT 127",167,9B,85,2024-08-29,03:53,0,"k-pop, noise music","NCT #127 Neo Zone - The 2nd Album",2020-03-06,68,3,0,51,0,0,-2,G Major,4,1ayaOin9hxCtyhg4UsBTpg,KRA302000069
181,"Fact Check","NCT 127",130,4A,91,2024-08-29,03:04,1,"k-pop, noise music","Fact Check - The 5th Album",2023-10-06,76,8,0,57,10,20,-3,F Minor,4,5EtiQveQFQy0R05hLVDyKv,KRA302300304
182,"Sticker","NCT 127",156,10B,77,2024-08-29,03:47,0,"k-pop, noise music","Sticker - The 3rd Album",2021-09-17,53,31,0,72,20,70,0,D Major,4,1iGQpclvzonFNzy7Ko89V7,KRA302100278
183,"Boyfriend","YEONJUN",114,7B,56,2024-09-01,03:22,64,"k-pop","Cinderella at 2AM OST Part 4",2024-09-01,82,11,0,48,0,0,-7,F Major,4,7dk7jxKBun1JQ2pPPBxDYl,KSA002402068
184,"this is what falling in love feels like","JVKE",129,1B,44,2024-09-03,02:00,80,"","this is what ____ feels like (Vol. 1-4)",2022-09-23,42,62,0,33,0,0,-6,B Major,5,2PWTZV5znjLtZC5T1EVJvL,GBKPL2163189
185,"WOKE UP","XG",147,10A,63,2024-09-04,03:08,72,"k-pop","WOKE UP",2024-05-21,88,2,0,46,20,0,-6,B Minor,4,4keuUM29CtIWgsPRzRhXoW,JPB602401462
186,"BADVILLAIN","BADVILLAIN",134,12A,90,2024-09-06,03:09,0,"k-pop","OVERSTEP",2024-06-03,66,5,0,69,0,10,-4,C♯/D♭ Minor,4,3BBBK2wYC1TLOyBLnSfWTI,KRA382403445
187,"CRAZY (English ver.)","LE SSERAFIM",130,10A,91,2024-09-11,02:44,59,"k-pop","CRAZY (Party Remixes 1)",2024-09-02,80,1,0,54,10,10,-2,B Minor,4,69MMbwpvp5I9QTIzJeinpe,USA2P2457421
188,"1-800-hot-n-fun","LE SSERAFIM",136,10B,89,2024-09-12,02:53,70,"k-pop","CRAZY",2024-08-30,75,8,0,88,10,10,-3,D Major,4,7vjfnsnDXZGK4PSq54ISjc,USA2P2421023
189,"FE!N (feat. Playboi Carti)","Travis Scott,Playboi Carti",148,2A,88,2024-09-13,03:11,85,"rap, rage rap","UTOPIA",2023-07-28,57,3,0,20,0,10,-3,D#/E♭ Minor,4,42VsgItocQwOQC3XWZ8JNA,USSM12305010
190,"Ain't Shit","Doja Cat",124,5B,49,2024-09-15,02:54,81,"","Planet Her",2021-06-25,86,51,0,62,20,30,-5,D#/E♭ Major,4,5lAnYvAIkSDNXqfo7DyFUm,USRC12101540
191,"ELEVEN","IVE",120,11B,73,2024-09-17,02:58,71,"k-pop","ELEVEN",2021-12-01,83,6,0,59,10,0,-3,A Major,4,7n2FZQsaLb7ZRfRPfEeIvr,KRA382163861
192,"I AM","IVE",122,9A,88,2024-09-17,03:03,75,"k-pop","I've IVE",2023-04-10,68,1,0,38,0,0,-5,E Minor,4,70t7Q6AYG6ZgTYmJWcnkUM,QM4TX2337764
193,"GGUM","YEONJUN",129,3A,62,2024-09-19,02:31,72,"k-pop","GGUM",2024-09-19,87,0,0,41,0,0,-7,A#/B♭ Minor,4,1QPV3QoWw3rRKPeYoX8kO8,USA2P2458942
194,"ATE THAT","YOUNG POSSE",106,8B,91,2024-09-23,03:00,50,"k-pop","ATE THAT EP",2024-08-21,79,3,0,62,0,10,-3,C Major,4,6spCL6M22BQACNDd70Gov3,KRA382404992
195,"bad","wave to earth",136,10B,55,2024-09-23,04:23,2,"","0.1 flaws and all.",2023-04-20,56,71,11,39,0,10,-9,D Major,4,5TZKpQFKCbIlWGD8DzHbC6,KRA252300807
196,"All I Want for Christmas Is You","Mariah Carey",150,9B,63,2024-09-24,04:01,71,"christmas","Merry Christmas",1994-10-28,34,16,0,35,0,0,-7,G Major,4,0bYg9bo50gSsH3LtXe2SQn,USSM19400325
197,"Saturn","SZA",178,3B,62,2024-09-25,03:06,78,"r&b","Saturn",2024-02-22,41,62,0,34,0,10,-7,C♯/D♭ Major,4,1bjeWoagtHmUKputLVyDxQ,USRC12400216
198,"because i liked a boy","Sabrina Carpenter",147,1B,59,2024-09-25,03:16,80,"pop","emails i can't send",2022-07-15,39,36,0,16,30,10,-7,B Major,4,32FhTAAjKZaBein150o3Px,USUM72210695
199,"365","Charli xcx",127,3B,86,2024-09-26,03:23,76,"hyperpop, art pop","BRAT",2024-06-07,76,15,50,73,10,10,-5,C♯/D♭ Major,4,5h68SoVFGleijCtjEja3xG,USAT22401354
200,"Downtown","Anitta,J Balvin",166,9A,68,2024-09-30,03:13,81,"brazilian pop, funk pop, brazilian funk, funk carioca, reggaeton, latin","Downtown",2017-11-19,78,18,0,62,10,0,-5,E Minor,4,3Ga6eKrUFf12ouh9Yw3v2D,BRWMB0700761
201,"Strawberry Rush","CHUU",158,10B,84,2024-10-03,02:56,56,"k-pop","Strawberry Rush",2024-06-25,59,15,0,51,0,10,-4,D Major,4,1gq1gf44tZ9cyTdlcyoJd1,KRB472400967
202,"I Love You 3000","Stephanie Poetri",90,2B,38,2024-10-04,03:29,70,"","I Love You 3000",2019-06-03,65,91,0,40,0,30,-8,F#/G♭ Major,4,5xCsdnbeg7yhVX2qlRaDUw,TCAEG1949593
203,"Pink Lemonade (Hood Trap)","LeoStayTrill,Mr Reload It",150,8B,66,2024-10-04,02:14,53,"uk drill, jersey club","Pink Lemonade (Hood Trap)",2024-07-19,80,4,19,61,20,10,-6,C Major,4,09gvU6fupCnVE0RPF8E3Ys,GXD7V2291158
204,"Big Dawgs","Hanumankind,Kalmi",180,9A,75,2024-10-04,03:10,77,"malayalam hip hop, desi hip hop, ","Big Dawgs",2024-07-09,46,2,0,26,10,30,-3,E Minor,4,0OA00aPt3BV10qeMIs3meW,INUM72400563
205,"Linger","The Cranberries",95,9B,43,2024-10-04,04:34,87,"","Everybody Else Is Doing It, So Why Can't We?",1993-03-01,44,8,0,20,0,10,-15,G Major,4,0gEyKnHvgkrkBM6fbeHdwK,USIR29300085
206,"Upside Down","Jack Johnson",102,12B,65,2024-10-04,03:29,77,"surf rock","Upside Down",2006-02-24,79,26,0,69,0,10,-8,E Major,4,0aJrYfARfCKzv6gXjhs4SZ,USUG10500591
207,"Spell","SEVENTEEN",108,8A,62,2024-10-04,03:17,59,"k-pop","SEVENTEEN BEST ALBUM '17 IS RIGHT HERE'",2024-04-29,83,66,0,51,0,10,-5,A Minor,4,2L6QRccSHAsdZDc9gz6Bfi,USA2P2415977
208,"MTG Ouvindo Stray Kids","Mc Siena,Dan Soares NoBeat",165,12A,57,2024-10-04,02:05,0,"funk bruxaria, brega funk, brazilian funk","MTG Ouvindo Stray Kids",2024-07-16,55,60,0,51,20,10,-4,C♯/D♭ Minor,5,5c5ER6xveQuLMrgicbbB3M,QZTAT2470850
209,"Moonlit Floor (Kiss Me)","LISA",110,4A,79,2024-10-04,02:35,71,"k-pop","Moonlit Floor (Kiss Me)",2024-10-03,73,13,0,67,10,30,-4,F Minor,4,3yDRcs0Y4pPzkvMbUfeF9H,USRC12402958
210,"Falling Up","Stray Kids",81,3A,84,2024-10-06,03:10,56,"k-pop, noise music","Falling Up",2024-10-07,57,1,0,36,0,30,-4,A#/B♭ Minor,4,5KoNzEJTd9TwVNKW67eWPJ,JPU902403465
211,"NIGHT -English ver.-","Stray Kids",172,5A,96,2024-10-06,02:54,41,"k-pop, noise music","NIGHT -English ver.-",2024-10-07,38,0,0,49,10,40,-2,C Minor,4,4yUdEjcfYvxzJhAa8Zt1wg,JPU902403469
212,"NIGHT (from  Tower of God: WORKSHOP BATTLE ) (Korean ver.)","Stray Kids",172,4B,96,2024-10-06,02:54,42,"k-pop, noise music","NIGHT (Korean ver.)",2024-10-06,39,1,0,41,10,30,-2,G#/A♭ Major,4,0YYQMPiMhVmGVqf7kOe4TB,US5TA2400257
213,"Falling Up (from  Tower of God: WORKSHOP BATTLE ) (Korean ver.)","Stray Kids",81,3A,85,2024-10-06,03:10,42,"k-pop, noise music","NIGHT (Korean ver.)",2024-10-06,59,2,0,33,0,30,-4,A#/B♭ Minor,4,30xTeoaulxYKDjH9SIq0YZ,US5TA2400258
214,"if u want me","adore,Daiela",98,3B,53,2024-10-08,01:40,49,"","if u want me",2024-07-19,79,2,51,89,20,0,-8,C♯/D♭ Major,4,4kupKSEh2N586EvBClD0wi,CA5KR2480042
215,"CALL ME BABY","EXO",100,3B,89,2024-10-10,03:31,67,"k-pop","EXODUS - The 2nd Album",2015-03-30,69,28,0,88,0,30,-3,C♯/D♭ Major,4,6Rx0ORYPP3GH9rTvGS5Vy8,KRA301500111
216,"OMG","NewJeans",127,8A,77,2024-10-10,03:32,79,"k-pop","NewJeans 'OMG'",2023-01-02,80,36,0,74,0,10,-4,A Minor,4,65FftemJ1DbbZ45DUfHJXE,USA2P2251723
217,"Tinnitus (Wanna be a rock)","TOMORROW X TOGETHER",100,4A,73,2024-10-10,02:37,67,"k-pop","The Name Chapter: TEMPTATION",2023-01-27,90,18,0,79,10,0,-6,F Minor,4,0f0SbtoKGe41cX5LzlnX6X,USA2P2243434
218,"Mantra","JENNIE",117,3A,73,2024-10-11,02:16,73,"k-pop","Mantra",2024-10-10,89,0,0,84,0,0,-5,A#/B♭ Minor,4,2CspwnypzT7rcWI9RfsoSb,USQX92405226
219,"IYKYK","XG",130,11A,85,2024-10-11,03:00,60,"k-pop","IYKYK",2024-10-11,71,3,0,71,0,30,-6,F#/G♭ Minor,4,2lkhdnz6pWlErZuRLnBXTt,JPB602402893
220,"Thick Of It (feat. Trippie Redd)","KSI,Trippie Redd",146,10A,83,2024-10-14,02:40,64,"melodic rap","Thick Of It (feat. Trippie Redd) / Low",2024-10-03,59,8,0,65,0,30,-4,B Minor,4,1xmvq1fYLs9TEgikaFilGW,GBAHS2400575
221,"Nobody Knows","KISS OF LIFE",90,9B,65,2024-10-14,03:15,64,"k-pop","Born to be XX",2023-11-08,66,28,0,93,10,10,-4,G Major,4,70efTlnBNM8BvfhfPiqOBN,KRA382320860
222,"Bite Me","ENHYPEN",105,3B,78,2024-10-14,02:37,80,"k-pop","DARK BLOOD",2023-05-22,80,28,0,69,10,10,-5,C♯/D♭ Major,4,7mpdNiaQvygj2rHoxkzMfa,USA2P2319853
223,"Attention","NewJeans",105,3A,65,2024-10-14,03:00,77,"k-pop","NewJeans 1st EP 'New Jeans'",2022-08-01,81,24,0,70,0,0,-4,A#/B♭ Minor,4,2pIUpMhHL6L9Z5lnKxJJr9,USA2P2230221
224,"Bam Yang Gang","BIBI",178,11A,41,2024-10-14,02:26,59,"k-pop, k-rap","Bam Yang Gang",2024-02-13,46,77,0,74,0,10,-9,F#/G♭ Minor,3,5juCu4WFTFRZ2XilopAMTy,KRA382401062
225,"I’ll See You There Tomorrow","TOMORROW X TOGETHER",121,12B,83,2024-10-14,03:16,71,"k-pop","minisode 3: TOMORROW",2024-04-01,75,15,0,65,0,20,-5,E Major,4,0bMWoFtQIrnW5YyNMc4aKQ,USA2P2408079
226,"Smart","LE SSERAFIM",113,3B,68,2024-10-14,02:46,74,"k-pop","Smart (Remixes)",2024-03-22,80,12,0,59,0,0,-5,C♯/D♭ Major,4,3lwK3WyKAI5bUuGY1OgGbZ,USA2P2402103
227,"Sugarcoat (NATTY Solo)","KISS OF LIFE",94,4A,82,2024-10-14,02:59,68,"k-pop","KISS OF LIFE",2023-07-05,66,3,0,57,0,10,-3,F Minor,4,0NoeYUnwpb9R26mpylHcR9,KRA382317179
228,"Midas Touch","KISS OF LIFE",119,2B,90,2024-10-14,02:42,68,"k-pop","Midas Touch",2024-04-03,80,5,0,85,0,10,-3,F#/G♭ Major,4,0vaxYDAuAO1nPolC6bQp7V,KRA382401544
229,"10 Minutes","Lee Hyori",96,8B,67,2024-10-14,03:56,67,"k-pop","Stylish…",2003-08-13,93,5,0,87,0,0,-7,C Major,4,2Tfv41qZ0U3ahZiKiDBa4a,KRA381703707
230,"Spicy","aespa",115,10A,90,2024-10-14,03:17,67,"k-pop","iScreaM Vol.26 : Spicy Remix",2023-09-15,76,1,0,84,0,0,-1,B Minor,4,3gtlthEgyulDfT8dWdKsnv,KRA302300145
231,"Do not touch","MISAMO",150,2A,79,2024-10-14,03:05,63,"k-pop","Masterpiece",2023-07-26,72,14,0,84,10,0,-5,D#/E♭ Minor,4,5gq7xM6eI16osBO2U581NL,JPWP02370420
232,"ASAP","STAYC",132,8B,80,2024-10-14,03:14,62,"k-pop","STAYDOM",2021-04-08,76,10,0,32,0,10,-4,C Major,4,5BXr7hYZQOeRttkeWYTq5S,KRA382102364
233,"After School","Weeekly",164,3B,93,2024-10-14,03:25,63,"k-pop","We play",2021-03-17,63,1,0,74,0,0,-2,C♯/D♭ Major,4,52CBUrIdyf8tbZaUY9iawE,KRA382101559
234,"Good Boy Gone Bad","TOMORROW X TOGETHER",100,3B,70,2024-10-14,03:11,65,"k-pop","minisode 2: Thursday's Child",2022-05-09,48,2,0,55,10,10,-6,C♯/D♭ Major,4,1HsSIPLTQT354yJcQGfEY3,USA2P2146796
235,"GOLD","ITZY",168,10B,88,2024-10-15,03:07,56,"k-pop","GOLD",2024-10-15,67,2,0,42,10,10,-2,D Major,4,1dqN2j0jL4qB72CNgCdQ09,US5TA2400233
236,"Imaginary Friend","ITZY",134,11A,87,2024-10-15,03:22,63,"k-pop","GOLD",2024-10-15,70,21,0,80,0,10,-4,F#/G♭ Minor,4,06BeeZaS4YArThfTMu80QS,US5TA2400234
237,"Bad Girls R Us","ITZY",125,3B,83,2024-10-15,03:02,44,"k-pop","GOLD",2024-10-15,79,1,0,70,0,0,-5,C♯/D♭ Major,4,0mfE7vrtspTMJHCpnrF6UC,US5TA2400235
238,"Supernatural","ITZY",120,11B,76,2024-10-15,03:08,48,"k-pop","GOLD",2024-10-15,79,26,0,45,0,0,-6,A Major,4,0Mm4N4N3LWt3bYbKgZRtkL,US5TA2400236
239,"FIVE","ITZY",130,9B,89,2024-10-15,03:21,48,"k-pop","GOLD",2024-10-15,74,25,0,66,0,10,-3,G Major,4,4up1PhmyktR9JM0fBYOF1D,US5TA2400237
240,"VAY (Feat. Changbin of Stray Kids)","ITZY,Changbin",95,9A,78,2024-10-15,02:41,52,"k-pop, ","GOLD",2024-10-15,84,7,0,84,10,10,-4,E Minor,4,1V3Zn1TUGzYui1WCVa04ES,US5TA2400238
241,"BORN TO BE (Final Ver.)","ITZY",113,3B,86,2024-10-15,02:58,47,"k-pop","GOLD",2024-10-15,49,7,0,77,0,0,-2,C♯/D♭ Major,5,2jAE0rQ3K4dBa4fBjR4GcU,US5TA2400239
242,"UNTOUCHABLE (Final Ver.)","ITZY",105,5A,91,2024-10-15,03:14,47,"k-pop","GOLD",2024-10-15,74,23,0,63,10,0,-3,C Minor,4,1jtfWC6YrXQPmMfj4oKZNJ,US5TA2400240
243,"Mr. Vampire (Final Ver.)","ITZY",174,8B,79,2024-10-15,02:50,45,"k-pop","GOLD",2024-10-15,63,44,0,55,10,60,-4,C Major,4,7JCqPcuh7mD6DSvRhK1UGC,US5TA2400241
244,"Dynamite (Final Ver.)","ITZY",121,10A,80,2024-10-15,02:49,41,"k-pop","GOLD",2024-10-15,92,12,0,36,0,0,-5,B Minor,4,1V2LvzaoQLD5nNebXbzc1L,US5TA2400242
245,"Escalator (Final Ver.)","ITZY",111,3B,72,2024-10-15,03:20,39,"k-pop","GOLD",2024-10-15,74,1,0,52,10,30,-4,C♯/D♭ Major,5,33DiD9Pqv9loQg6Bntg73a,US5TA2400243
246,"The Killa (I Belong to You)","TOMORROW X TOGETHER",68,9B,56,2024-10-16,02:42,61,"k-pop","minisode 3: TOMORROW",2024-04-01,76,13,0,48,10,10,-6,G Major,3,33RfPb7Vca7s2x5xzXR5E3,USA2P2408083
247,"Miracle","TOMORROW X TOGETHER",123,2B,78,2024-10-16,02:43,61,"k-pop","minisode 3: TOMORROW",2024-04-01,62,1,0,22,0,10,-6,F#/G♭ Major,4,3FAmnX3nUGsue2TcNEnq0t,USA2P2408082
248,"Opening Sequence","TOMORROW X TOGETHER",145,2A,64,2024-10-17,02:57,64,"k-pop","minisode 2: Thursday's Child",2022-05-09,61,17,0,44,0,10,-6,D#/E♭ Minor,4,1exxGxUMlJWD1h9YcE9YZH,USA2P2146795
249,"Sweet Venom (English Ver.)","ENHYPEN",115,6A,67,2024-10-17,02:28,60,"k-pop","ORANGE BLOOD",2023-11-17,87,5,0,91,0,10,-4,G Minor,4,47JqJobasbTT9r0gX8CoE1,USA2P2343666
250,"Da' Dip","Freak Nasty",132,4B,43,2024-10-19,03:57,57,"miami bass, new orleans bounce","Controversee…That's Life…and That's the Way It Is",1996-10-29,95,1,3,72,30,20,-17,G#/A♭ Major,4,76YDsWGWezclVy9Z6sDGhf,US25T9920900
251,"NEMONEMO","YENA",138,3B,89,2024-10-20,02:58,68,"k-pop","NEMONEMO",2024-09-30,66,2,0,81,0,30,-3,C♯/D♭ Major,4,4UwsXGVppRRJpKBHy0mtyK,KRMIM2465530
252,"Devil by the Window","TOMORROW X TOGETHER",134,11A,60,2024-10-20,03:06,64,"k-pop","The Name Chapter: TEMPTATION",2023-01-27,54,6,0,64,10,10,-6,F#/G♭ Minor,4,53H3sGmqiXWO4MwuZAJfyn,USA2P2243431
253,"Teeth","ENHYPEN",125,3A,94,2024-10-20,03:11,65,"k-pop","DARK MOON SPECIAL ALBUM <MEMORABILIA>",2024-05-13,67,0,4,37,0,10,-2,A#/B♭ Minor,4,6JlQqA7FDfqLbnpJBwypPe,USA2P2419395
254,"MOONLIGHT SUNRISE","TWICE",125,3B,78,2024-10-22,03:00,62,"k-pop","MOONLIGHT SUNRISE",2023-01-20,75,39,0,61,0,0,-3,C♯/D♭ Major,4,5NcLyVjUgG0yfwHgr5t81w,US5TA2200206
255,"After LIKE","IVE",125,8B,92,2024-10-22,02:56,74,"k-pop","After LIKE",2022-08-22,68,10,0,80,10,0,-1,C Major,4,2gYj9lubBorOPIVWsTXugG,QMBZ92254957
256,"I Will Survive","Gloria Gaynor",117,8A,78,2025-10-11,04:56,78,"disco","Love Tracks",1978-11-27,77,2,0,80,0,30,-10,A Minor,4,7rIovIsXE6kMn629b7kDig,USUR10200634
257,"LEFT RIGHT","XG",150,3B,72,2024-10-22,03:28,71,"k-pop","SHOOTING STAR",2023-01-25,77,15,0,88,0,10,-6,C♯/D♭ Major,4,3v5o91PrUtf0nmO6j8J7dZ,JPB602300033
258,"SHOOTING STAR","XG",163,10B,71,2024-10-22,03:23,69,"k-pop","SHOOTING STAR",2023-01-25,63,2,0,40,0,20,-6,D Major,4,3IelG5zYpWWCZIH4cqWlPV,JPB602104597
259,"Alcohol-Free (English ver.)","TWICE",97,4B,89,2024-10-22,03:30,41,"k-pop","THE REMIXES",2023-11-22,70,4,0,72,0,0,-3,G#/A♭ Major,4,6rJjT5kPYhtXkUsot7tkjI,US5TA2300200
260,"Love Me","Lil Wayne,Drake,Future",125,1B,63,2024-10-23,04:15,87,"rap, hip hop","I Am Not A Human Being II (Deluxe)",2013-01-01,67,1,0,50,0,0,-6,B Major,4,2XHzzp1j4IfTNp1FTn7YFg,USCM51300001
261,"Mirror Mirror","F.HERO,MILLI,Changbin",159,3B,76,2024-10-30,03:52,62,"thai hip hop, thai pop, luk thung, t-pop, thai trap, k-pop, ","Mirror Mirror",2021-10-28,74,1,0,51,10,0,-6,C♯/D♭ Major,4,59WuWdDH06AYXgdoMENEa3,FRX762181365
262,"Heartless","Kanye West",88,3A,65,2024-10-30,03:31,88,"rap","808s & Heartbreak",2008-11-24,79,5,0,65,10,20,-6,A#/B♭ Minor,4,4EWCNWgDS8707fNSZ1oaA5,USUM70840511
263,"Falling Up -English ver.-","Stray Kids",162,3A,84,2024-11-01,03:10,51,"k-pop, noise music","Falling Up -English ver.-",2024-10-07,55,1,0,34,0,30,-4,A#/B♭ Minor,4,1YvGqbthhtnrTHCasoPD7b,JPU902403470
264,"Heaven","TOMORROW X TOGETHER",122,9A,66,2024-11-04,02:34,57,"k-pop","The Star Chapter: SANCTUARY",2024-11-04,75,20,0,88,0,10,-6,E Minor,4,27VnLN3KUpvEdKI8n1Zyid,USA2P2461744
265,"Over The Moon","TOMORROW X TOGETHER",116,4A,87,2024-11-04,02:37,61,"k-pop","The Star Chapter: SANCTUARY",2024-11-04,68,9,0,53,10,10,-4,F Minor,4,3BQeCOUf7M9B7NEpx9r4qj,USA2P2461745
266,"Danger","TOMORROW X TOGETHER",103,9A,83,2024-11-04,02:15,56,"k-pop","The Star Chapter: SANCTUARY",2024-11-04,85,3,0,60,30,10,-6,E Minor,4,0A5OpWc5yZ2aSe7Xbhqo3m,USA2P2461746
267,"Resist (Not Gonna Run Away)","TOMORROW X TOGETHER",116,10B,68,2024-11-04,02:09,55,"k-pop","The Star Chapter: SANCTUARY",2024-11-04,83,28,0,65,0,0,-5,D Major,4,1ralgJao31DAneYNlYNsba,USA2P2461747
268,"Forty One Winks","TOMORROW X TOGETHER",95,8B,65,2024-11-04,02:33,55,"k-pop","The Star Chapter: SANCTUARY",2024-11-04,67,9,0,39,0,30,-3,C Major,4,3YhKYnsBBntaTv3XQRxa69,USA2P2461748
269,"Higher Than Heaven","TOMORROW X TOGETHER",130,11B,67,2024-11-04,02:41,55,"k-pop","The Star Chapter: SANCTUARY",2024-11-04,75,35,0,76,0,0,-4,A Major,4,2sl9KiihxhBtc4UKIjXChC,USA2P2461749
270,"Whiplash","aespa",126,3A,90,2024-11-04,03:03,75,"k-pop","Whiplash - The 5th Mini Album",2024-10-21,86,10,2,75,0,0,-3,A#/B♭ Minor,4,3coRPMnFg2dJcPu5RMloa9,KRA302400341
271,"I'd Rather Pretend (with d4vd)","Bryant Barnes,d4vd",130,4B,33,2024-11-06,03:04,64,"","I'd Rather Pretend (with d4vd)",2024-09-13,56,92,0,33,0,0,-9,G#/A♭ Major,4,1NHflT1W5O7fntEXN9rfe9,USUM72410337
272,"I'd Rather Pretend","Bryant Barnes",130,4B,35,2024-11-06,03:04,71,"","VANITY",2024-07-26,56,93,3,27,0,10,-10,G#/A♭ Major,4,4rJHH484bHZDts51o5i2CB,USUM72407673
273,"My Superhero Movie (feat. Jacob Jeffries)","Teen Titans Go!,Jacob Jeffries",170,9B,95,2024-11-06,02:23,60,"","Teen Titans Go! To The Movies (Original Motion Picture Soundtrack)",2018-07-20,62,11,0,51,20,10,-5,G Major,4,1SVN1mRKNq88CPpm6Ch0FL,USNLR1800352
274,"Over The Moon (English Ver.)","TOMORROW X TOGETHER",116,4A,86,2024-11-10,02:37,45,"k-pop","The Star Chapter: SANCTUARY (Expanded Edition)",2024-11-08,68,5,0,51,10,10,-4,F Minor,4,7y3fQOqhue1AcuMEjGDZJb,USA2P2467498
275,"一笑江湖 - DJ弹鼓版","闻人听書_",130,3A,63,2024-11-12,03:50,59,"gufeng, c-pop, mandopop","一笑江湖 (DJ版)",2023-10-12,85,1,4,97,0,0,-8,A#/B♭ Minor,4,0Zhz2M5XyepnbqxXk1Zd4O,DGA052352235
276,"Cat & Dog","TOMORROW X TOGETHER",160,4B,79,2024-11-13,03:07,59,"k-pop","The Dream Chapter: STAR",2019-03-04,84,6,0,32,10,10,-3,G#/A♭ Major,4,3RsEvBUaNT9MXqUvQVuK1G,USUG11900597
277,"Cat & Dog (English Version)","TOMORROW X TOGETHER",160,4B,80,2024-11-13,03:07,43,"k-pop","Cat & Dog (English Version)",2019-05-03,84,5,0,38,10,10,-3,G#/A♭ Major,4,0wzlQwQ17rpVVqgdaFNA7Q,USUG11901295
278,"In The Summer by SSAK3 (Feat. Kwang Hee Hwang)","SSAK3,Kwang Hee Hwang",106,4B,91,2024-11-13,04:41,32,"k-ballad, ","In The Summer by SSAK3",2020-07-11,72,2,0,86,0,20,-5,G#/A♭ Major,4,1MELIJNsr1KyHJOJufbheK,KRA382002526
280,"Igloo","KISS OF LIFE",140,10A,61,2024-11-13,02:11,74,"k-pop","Lose Yourself",2024-10-15,92,17,0,87,20,0,-4,B Minor,4,2DbDefRFJ5YOfXCKOeCJJh,KRA382405135
281,"Impossible","RIIZE",128,12A,81,2024-11-15,03:02,54,"k-pop","RIIZING - The 1st Mini Album",2024-06-17,77,1,0,80,10,0,-4,C♯/D♭ Minor,4,1JTmrZwZhaP1yYJtuzfvJ9,KRA302400078
282,"TTYL","Loossemble",144,12A,97,2024-11-15,03:03,62,"k-pop","TTYL",2024-09-02,59,3,0,89,0,20,-2,C♯/D♭ Minor,4,3AXryyinIY17WLddIcNjwT,KRA252402375
283,"Girls’ Night","Loossemble",117,1A,84,2024-11-15,03:24,45,"k-pop","One Of A Kind",2024-04-15,73,3,0,69,0,10,-4,G#/A♭ Minor,4,0hnxybqZeJzU85jSwf5cdG,KRA252400878
284,"GPT","STAYC",126,10B,92,2024-11-15,03:08,58,"k-pop","...l",2024-10-30,66,18,0,75,0,10,-3,D Major,4,36qXU2yyq1JtGp05omV7bu,KRA382406101
285,"Drama","aespa",131,11A,87,2024-11-17,03:34,78,"k-pop","Drama - The 4th Mini Album",2023-11-10,64,16,0,38,0,30,-2,F#/G♭ Minor,4,5XWlyfo0kZ8LF7VSyfS4Ew,KRA302300350
286,"Drunk-Dazed","ENHYPEN",133,4A,87,2024-11-18,03:13,77,"k-pop","BORDER : CARNIVAL",2021-04-26,60,0,0,45,0,0,-5,F Minor,4,1wcr8DjnN59Awev8nnKpQ4,USA2P2108330
287,"number one girl","ROSÉ",175,9B,38,2024-11-22,03:36,67,"k-pop","number one girl",2024-11-22,29,29,0,14,0,10,-8,G Major,3,02CrqOYzrJR8fYOffhvRZZ,USAT22409167
288,"Supernova Love","IVE,David Guetta",120,3A,89,2024-11-22,03:19,66,"k-pop, edm","Supernova Love",2024-11-08,66,7,0,78,0,20,-5,A#/B♭ Minor,4,5sTLGx6c7YRwnrWm6O091n,DECE72402530
289,"GIANT","Stray Kids",85,10B,92,2024-11-22,02:54,66,"k-pop, noise music","GIANT",2024-11-13,72,8,0,62,10,30,-2,D Major,4,5cZUp0PoAYzsXefD0pdALc,JPU902403462
290,"Happily Ever After","TOMORROW X TOGETHER",156,4A,68,2024-11-22,02:31,63,"k-pop","The Name Chapter: FREEFALL",2023-10-13,69,2,0,53,0,10,-7,F Minor,4,29r5gr7b0f710smqMrm7pP,USA2P2342343
291,"Bring Me To Life","Evanescence",95,9A,94,2024-11-22,03:55,90,"alternative metal","Fallen",2003-03-04,33,1,0,30,0,20,-3,E Minor,4,0COqiPhxzoWICwFCS4eZcp,USWU30200093
292,"Numb","Linkin Park",110,11A,87,2024-11-22,03:07,90,"nu metal, rap metal, rock, alternative metal","Meteora",2003-03-25,49,0,0,21,0,40,-4,F#/G♭ Minor,4,2nLtzopw4rPReszdYBJU6h,USWB10300474
293,"Swim","Chase Atlantic",120,4B,54,2024-12-03,03:48,86,"","Chase Atlantic",2017-10-04,67,27,0,8,0,0,-6,G#/A♭ Major,4,3M0lSi5WW79CXQamgSBIjx,USWB11701711
294,"LET THE WORLD BURN","Chris Grey",93,4A,56,2024-12-06,02:43,81,"dark r&b","LET THE WORLD BURN",2024-03-08,38,13,0,25,0,10,-7,F Minor,4,1De425SCFJULIHbcmeebUw,QZZ662445642
295,"Sweet Dreams (Sky like Dreams)","Ferdinand fka Left Boy",127,4A,78,2024-12-08,02:08,66,"","Sweet Dreams (Sky like Dreams)",2023-05-05,77,1,0,66,0,40,-5,F Minor,4,1CHhDABrbO1XUoyO14Rbp2,DEE862300762
296,"Whip My Hair","WILLOW",163,8A,98,2024-12-08,03:15,65,"","Whip My Hair",2010-10-26,55,0,1,67,20,40,-5,A Minor,4,4Dio1t8RHzLv1nfPJTSZyP,USSM11003892
297,"Diva","Beyoncé",146,11A,55,2024-12-08,03:20,72,"","I AM...SASHA FIERCE",2008-11-14,88,5,1,86,30,0,-7,F#/G♭ Minor,4,5Ssv6DaKrW0HczVqx6zXdl,USSM10804755
298,"Strategy (feat. Megan Thee Stallion)","TWICE,Megan Thee Stallion",110,10B,75,2024-12-09,03:21,76,"k-pop, ","STRATEGY",2024-12-06,80,24,0,69,0,30,-2,D Major,4,5zQUndaoBtXJ10SsApqtvw,US5TA2400297
299,"Breakin' Dishes","Rihanna",125,1A,67,2024-12-10,03:20,86,"","Good Girl Gone Bad: Reloaded",2008-06-02,80,0,0,88,0,0,-4,G#/A♭ Minor,4,46aZJc0z1HHHSFxaIRxYSP,USUM70734702
300,"Like Him (feat. Lola Young)","Tyler, The Creator,Lola Young",96,9A,56,2024-12-10,04:38,85,"","CHROMAKOPIA",2024-10-28,39,29,0,19,0,10,-7,E Minor,3,6jbYpRPTEFl1HFKHk1IC0m,USQX92405794
301,"WORK","ATEEZ",100,10A,75,2024-12-11,02:52,69,"k-pop, noise music","GOLDEN HOUR : Part.1",2024-05-31,91,1,0,64,0,0,-5,B Minor,4,3VHD84tIdyxRTtRc167YSR,KRD442400011
302,"Walkin On Water","Stray Kids",190,2B,96,2024-12-13,02:28,72,"k-pop, noise music","HOP",2024-12-13,56,5,0,91,20,10,-2,F#/G♭ Major,4,5emQyqYHyUOcuS3nsuC0sm,US5TA2400324
303,"Unfair (Felix)","Stray Kids",92,3A,63,2024-12-13,02:48,71,"k-pop, noise music","HOP",2024-12-13,57,7,0,7,0,10,-3,A#/B♭ Minor,4,15fpZUMOQD9ONTjxITFXFT,US5TA2400329
304,"Hold my hand (HAN)","Stray Kids",160,7B,99,2024-12-13,02:59,69,"k-pop, noise music","HOP",2024-12-13,52,0,0,47,40,30,-3,F Major,4,6U9CTAof4KBnyzDt8OYY75,US5TA2400334
305,"So Good (Hyunjin)","Stray Kids",94,3A,89,2024-12-13,02:48,68,"k-pop, noise music","HOP",2024-12-13,77,12,0,49,10,20,-3,A#/B♭ Minor,4,18CEEhZoQBHBiGfGANm0zJ,US5TA2400332
306,"As we are (Seungmin)","Stray Kids",144,12B,71,2024-12-13,03:33,64,"k-pop, noise music","HOP",2024-12-13,55,3,0,43,0,10,-4,E Major,4,1QhF4HWFQ3YFzFOuWUpDP0,US5TA2400335
307,"I Want It That Way","Backstreet Boys",99,11A,69,2024-12-14,03:33,86,"","Millennium",1999-05-18,69,26,0,48,0,10,-6,F#/G♭ Minor,4,47BBI51FKFwOMlIiX6m8ya,USJI19910614
308,"Youth (Lee Know)","Stray Kids",110,4B,87,2024-12-13,02:40,68,"k-pop, noise music","HOP",2024-12-13,71,14,0,77,0,0,-3,G#/A♭ Major,4,6fOLPHRGb6putSY6xFk45t,US5TA2400331
309,"Die For You","The Weeknd",134,12A,53,2024-12-17,04:20,86,"","Starboy",2016-11-24,59,11,0,51,0,10,-7,C♯/D♭ Minor,4,2LBqCSwhJGcFQeTHMVGwy3,USUG11600995
310,"No Mercy","The Living Tombstone,Black Gryph0n,LittleJayneyCakes",105,10B,62,2024-12-20,02:34,59,"","No Mercy",2017-01-12,63,5,0,84,0,10,-6,D Major,4,3tbwKbrgDNjT4JvM4SVAtz,QZ4JJ1733855
311,"Superman","Eminem,Dina Rae",130,9A,76,2024-12-21,05:50,84,"rap, hip hop, ","The Eminem Show",2002-05-26,80,2,0,58,0,30,-3,E Minor,4,4woTEX1wYOTGDqNXuavlRC,USIR10211062
312,"Wake Up in the Sky","Gucci Mane,Bruno Mars,Kodak Black",143,9A,58,2024-12-21,03:24,74,"southern hip hop, rap, trap, ","Wake Up in the Sky",2018-09-14,80,0,0,37,0,30,-5,E Minor,4,0QIjsbm2fh1cJ45XO9eGqq,USAT21811087
313,"In My Dreams","Red Velvet",101,3B,54,2024-12-22,03:24,61,"k-pop","‘The ReVe Festival 2022 - Feel My Rhythm’",2022-03-21,65,22,1,18,0,0,-5,C♯/D♭ Major,3,4ubg38wkWizzLsQwLuE6rM,KRA302200062
314,"Miniskirt","AOA",120,7B,86,2024-12-22,02:59,78,"k-pop","MINISKIRT",2014-01-16,76,43,0,96,0,20,-3,F Major,4,6Yj8kVuVR3UPxx9r5eFEoV,KRA491400072
315,"Lose My Breath (Stray Kids Ver.)","Stray Kids",133,4A,71,2024-12-23,02:46,67,"k-pop, noise music","Lose My Breath (Remixes)",2024-05-13,83,15,0,68,10,10,-5,F Minor,4,5NxxixRIBePmP5iNl9lPOt,US5TA2400120
316,"陽光彩虹小白馬","Wowkie Da",192,9B,88,2024-12-29,03:46,57,"c-pop, mandopop","人間精品",2018-05-21,71,8,0,76,10,20,-3,G Major,4,4VYv4gIbr6XPWKTddnGBlh,CNZ501800283
317,"Fly Me To The Moon - 2008 Remastered","Frank Sinatra,Count Basie",120,9A,30,2024-12-31,02:27,68,"christmas, big band, adult standards, swing music, jazz, vocal jazz","Nothing But The Best (2008 Remastered)",2008-05-13,62,55,0,38,0,0,-12,E Minor,4,7FXj7Qg3YorUxdrzvrcY25,USRH10723029
318,"Round and Around","JO YURI",200,6A,69,2024-12-31,01:19,51,"k-pop","Op.22 Y-Waltz : in Major",2022-06-02,51,54,0,95,10,40,-4,G Minor,3,1h7S5xFqtKsh4Lqy2UInH9,KRA492200506
319,"One Of The Girls (with JENNIE, Lily Rose Depp)","The Weeknd,JENNIE,Lily-Rose Depp",85,4B,64,2025-01-01,04:04,92,"k-pop, ","The Idol Episode 4 (Music from the HBO Original Series)",2023-06-23,26,4,0,19,0,10,-6,G#/A♭ Major,4,7CyPwkp0oE8Ro9Dd5CUDjW,USUG12303881
320,"Fly Me To The Moon (Squid Game)","remorse",134,3B,37,2025-01-02,03:03,0,"","Fly Me To The Moon (Squid Game)",2022-01-01,26,91,47,23,0,10,-10,C♯/D♭ Major,4,22BgC2IhYvmDkk4zM3pfXn,QZLBC2433448
321,"Boy in Luv","BTS",166,8B,95,2025-01-04,03:50,73,"k-pop","Skool Luv Affair",2014-02-12,49,0,0,47,30,30,-2,C Major,4,3FnDv33WrrMtuEr7hNR3ev,KRA341404052
322,"Love Lee","AKMU",100,4A,53,2025-01-04,02:59,64,"k-ballad, k-pop","Love Lee",2023-08-21,91,45,0,71,0,10,-7,F Minor,4,1qosh64U6CR5ki1g1Rf2dZ,KRA402300033
323,"Blessed-Cursed","ENHYPEN",127,9A,89,2025-01-04,02:50,66,"k-pop","DIMENSION : ANSWER",2022-01-10,60,9,0,40,0,60,-4,E Minor,4,7ecbsiAQ6PNdiAq0hplVZo,USA2P2146747
324,"Fatal Trouble","ENHYPEN",89,6A,74,2025-01-04,02:50,71,"k-pop","DARK MOON SPECIAL ALBUM <MEMORABILIA>",2024-05-13,53,5,0,30,0,10,-4,G Minor,4,6i1PYoUEMHqxAsAUKHkqpe,USA2P2419394
325,"Again (feat. XXXTENTACION)","Noah Cyrus,XXXTENTACION",120,8A,74,2025-01-04,03:13,84,"emo rap","Again (feat. XXXTENTACION)",2017-09-22,66,19,0,20,0,10,-4,A Minor,4,2S2od3hT7ceytw7d1pTRuE,QM33K1700076
326,"Big Boys","Elysees",170,10B,87,2025-01-06,02:58,0,"","Big Boys",2022-00-00,71,5,0,34,0,10,-5,D Major,4,6iEFaY4nLQS3FwhiibKLWM,AEA2M2164767
327,"今生緣","川子",134,10B,50,2025-01-10,05:21,50,"mandopop","今生緣",2020-07-09,51,4,0,31,0,10,-7,D Major,4,6Dsf1m0Z7GrIvhV5ng0KpZ,TWDL72010780
328,"DRIP","BABYMONSTER",120,2B,69,2025-01-12,03:00,78,"k-pop","DRIP",2024-11-01,86,7,0,70,0,0,-5,F#/G♭ Major,4,198zDKzyktXRG1PGpidY9h,KRA402400056
329,"BANG BANG BANG","BIGBANG",135,3B,84,2025-01-12,03:40,76,"k-pop","MADE",2016-12-13,69,2,0,43,0,30,-3,C♯/D♭ Major,4,3dI59jLoFMjMAyUAyRZnkE,KRA401500556
330,"Fantastic Baby","BIGBANG",130,10B,84,2025-01-12,03:50,72,"k-pop","ALIVE",2012-02-29,73,0,0,58,0,0,-4,D Major,4,26eV0R7nbqtlzh316ncU99,KRA341200780
331,"Real Man","beabadoobee",130,3A,75,2025-01-15,02:40,79,"bedroom pop","This Is How Tomorrow Moves",2024-08-09,56,64,0,44,0,10,-6,A#/B♭ Minor,4,0OpC8hRrbsh24taKOsQBEX,GBK3W2402964
332,"Best Friend (feat. Doja Cat)","Saweetie,Doja Cat",94,12B,77,2025-01-15,02:35,67,"","Best Friend (feat. Doja Cat)",2021-01-07,84,0,0,40,10,0,-4,E Major,4,2etHQJxIbV0soyPhelVs9Y,USWB12004547
333,"NEW DROP","Don Toliver",120,9A,63,2025-01-16,03:37,83,"","HARDSTONE PSYCHO",2024-06-14,76,19,2,32,10,20,-7,E Minor,4,2c7z5oRcPBbqRaBY2mLWcf,USAT22405399
334,"SMB (w/ Hongjoong of ATEEZ)","Odetari,ATEEZ",135,3B,86,2025-01-16,02:13,59,"hyperpop, k-pop, noise music","SMB (w/ Hongjoong of ATEEZ)",2025-01-15,62,1,0,26,0,10,-4,C♯/D♭ Major,4,37BYze5s1mi14oE0U0c3Fg,QZZ4J2500006
335,"parents","YUNGBLUD",82,9B,82,2025-01-20,02:51,69,"","weird!",2020-12-04,61,1,0,59,0,20,-5,G Major,4,5v4OkFH0TJ6W1hCFxyn0px,USUG11901522
336,"Shoong! (feat. LISA of BLACKPINK)","TAEYANG,LISA",110,10A,71,2025-01-20,03:25,62,"k-pop","Down to Earth",2023-04-25,77,1,0,25,0,30,-6,B Minor,4,5HrIcZOo1DysX53qDRlRnt,KSA002300722
337,"PUSH 2 START","Tyla",93,10B,81,2025-01-20,02:36,81,"afrobeats","TYLA +",2024-10-11,68,28,1,76,0,0,-4,D Major,4,1Cbl3Yq8rHo7hhDQmLQagU,USSM12407085
338,"P*RNSTAR","Nessa Barrett",100,11B,82,2025-01-22,02:29,74,"","AFTERCARE",2024-11-15,59,13,1,16,10,30,-5,A Major,4,0IVAYMUDvpzFxIEuGc71SM,USWB12404159
339,"Neva Play (feat. RM of BTS)","Megan Thee Stallion,RM",160,10B,72,2025-01-22,02:37,68,"k-pop, k-rap","MEGAN: ACT II",2024-10-25,83,3,0,75,20,0,-6,D Major,4,4vEE3lzBLXBN3RxyGtZNir,USAT22408283
340,"Bad Girls Like You","Tobii",100,9A,61,2025-01-22,03:06,69,"t-pop, thai pop, thai hip hop","Bad Girls Like You",2024-08-29,71,5,0,56,0,20,-7,E Minor,4,23EDUpNbiKcDwhUf9kBRo8,THUM72400080
341,"Tell Ur Girlfriend","Lay Bankz",135,9B,74,2025-01-22,02:04,1,"jersey club","After 7",2024-05-27,87,9,0,61,20,0,-5,G Major,4,3Vp4B9KshEPy72bwY0NJks,QZZ4J2400019
342,"Nasty","Tinashe",100,4B,44,2025-01-22,02:56,65,"alternative r&b","Quantum Baby",2024-08-16,93,15,0,49,0,10,-7,G#/A♭ Major,4,7wCWK3AapKQoHZbghyIrP4,USLD91757578
343,"Nasty Dog","Sir Mix-A-Lot",117,3A,68,2025-01-22,04:00,72,"old school hip hop","Chief Boot Knocka",1994-01-01,90,1,0,80,10,0,-10,A#/B♭ Minor,4,3ZP1AbM0rurWtqQIhTVcln,USLIC0701169
344,"Va Va Voom","Nicki Minaj",127,4B,84,2025-01-22,03:03,74,"","Pink Friday ... Roman Reloaded (Deluxe)",2012-01-01,65,6,1,71,0,20,-3,G#/A♭ Major,4,2jATUzETZL49e6SywauZKE,USCM51200109
345,"Circus","Britney Spears",115,11A,73,2025-01-22,03:12,81,"pop","Circus (Deluxe Version)",2008-12-02,79,15,0,76,0,0,-5,F#/G♭ Minor,4,7jk7gqyEonmVVYahZN5zhW,USJI10801081
346,"Don't Mind","Kent Jones",159,4B,77,2025-01-24,03:18,69,"","Don't Mind",2016-04-25,46,2,0,69,30,0,-5,G#/A♭ Major,4,27PmvZoffODNFW2p7ehZTQ,USSM11603011
347,"Amor de Verdade","MC Kekel,MC Rita",120,9B,72,2025-01-25,03:17,63,"brazilian funk","Amor de Verdade",2018-03-31,64,14,0,46,0,10,-8,G Major,5,0nl6IxtXJ5IXHx6VorcEUs,BRKO11800053
348,"Don't Mind - Slowed & Reverb","Nenadid",139,4A,61,2025-01-25,04:13,48,"","Don't Mind",2024-07-04,76,23,0,39,10,10,-8,F Minor,4,73cQjGX1MbC2TTouOe43RV,GX4R52472661
349,"two","bbno$",128,3B,88,2025-01-25,02:15,72,"","two",2024-10-04,86,1,0,88,0,30,-5,C♯/D♭ Major,4,6DRZmJa38MaMNthwG3fCBD,QM24S2405396
350,"That’s Not How This Works (feat. Dan + Shay & Sabrina Carpenter) - Sabrina’s Version","Charlie Puth,Dan + Shay,Sabrina Carpenter",170,11B,60,2025-01-26,02:46,61,"soft pop, country, pop","That’s Not How This Works (feat. Dan + Shay & Sabrina Carpenter) [Sabrina’s Version]",2023-04-14,56,54,0,53,0,0,-4,A Major,4,2WNHUp4s806SJrsj698ZX3,USAT22304117
351,"Doctor! Doctor!","ZEROBASEONE",87,4A,68,2025-01-27,02:32,58,"k-pop","Doctor! Doctor!",2025-01-20,58,24,0,61,10,10,-5,F Minor,4,7en6ZODJ7STm2ocxqKoYZs,KRA492401230
352,"Stephanie","Nafeesisboujee",114,8B,50,2025-01-27,02:06,81,"","Stephanie",2023-09-15,78,9,0,39,0,20,-11,C Major,4,5rc7178sa2YRDlBFBHY0e8,QZTAX2316045
353,"Fly Me To The Moon - Remix","remorse",176,11A,49,2025-01-27,02:54,0,"","Fly Me To The Moon (Remix)",2024-12-29,68,1,2,37,0,0,-18,F#/G♭ Minor,4,2U3TzjtLORL9SxK7P7ZiFB,GX89G2529127
354,"let's go picnic","george",80,5A,45,2025-02-02,03:51,54,"k-ballad","cassette",2018-07-06,77,39,0,72,20,20,-7,C Minor,4,6nLK3EpVQLW1SC3lmlejoU,KRMIM1804078
355,"Impacto","Enjambre,Denise Gutiérrez",109,12A,70,2025-02-03,03:56,74,"mexican indie, rock en español, mexican rock, latin indie, latin rock, latin alternative","El Segundo Es Felino",2008-00-00,69,27,0,68,0,10,-6,C♯/D♭ Minor,4,5agpMV7rvg7Hf8IiX5kQXe,MX2260900016
356,"blue","yung kai",97,12B,32,2025-02-04,03:34,82,"","blue",2024-08-02,75,93,2,59,0,10,-12,E Major,3,3be9ACTxtcL6Zm4vJRUiPG,TLVEM2456474
357,"No. 1 Party Anthem","Arctic Monkeys",115,8B,70,2025-02-04,04:03,87,"indie, garage rock","AM",2013-09-09,51,33,9,60,0,10,-6,C Major,4,5TTGoX70AFrTvuEtqHK37S,GBCEL1300367
358,"2002","Anne-Marie",96,12A,68,2025-02-08,03:06,82,"","Speak Your Mind (Deluxe)",2018-04-27,70,4,0,60,10,10,-3,C♯/D♭ Minor,4,2BgEsaKNfHUdlh97KmvFyo,GBAHS1800094
359,"Moonstruck","ENHYPEN",88,9A,63,2025-02-13,02:38,77,"k-pop","ROMANCE : UNTOLD",2024-07-12,64,23,0,35,0,10,-6,E Minor,4,3gYWGRS64XrGSrjD3vvtga,USA2P2436969
360,"Boom Boom Bass","RIIZE",117,4A,76,2025-02-13,02:32,59,"k-pop","RIIZING - The 1st Mini Album",2024-06-17,81,2,0,83,0,10,-4,F Minor,4,2J194R0KIKbK7bTHfUHPDB,KRA302400143
361,"Pray (I'll be your man)","BTOB",77,2B,93,2025-02-17,03:39,56,"k-pop, k-ballad","NEW MEN",2016-11-07,51,20,0,52,0,30,-2,F#/G♭ Major,4,1wpshV27JxfmAApoclaNAh,KRA391600061
362,"BACK PACKER","SEOK MATTHEW,PARK GUNWOOK",190,4B,82,2025-02-21,02:57,52,"","STUDY GROUP (Music from the Tving Original Series), Pt. 1",2025-01-24,66,2,0,64,20,10,-3,G#/A♭ Major,4,1qlKEWVnWXphYmpQ8DT3X4,KRA252500347
363,"BYOB (bring your own best friend) - English Ver.","Billlie",122,4B,73,2025-02-23,02:38,37,"k-pop","side-B : memoirs of echo unseen",2023-10-23,74,32,0,34,0,10,-4,G#/A♭ Major,4,2DxWUrLJqhSWdgJBTi60Nn,KRA382320838
364,"CRIMINAL LOVE","ENHYPEN",90,7A,81,2025-02-23,03:35,68,"k-pop","CRIMINAL LOVE",2023-07-31,60,7,0,55,0,40,-3,D Minor,3,0Eglu3fErlG196PtTwCUPM,USA2P2335617
365,"Old Town Road (feat. Billy Ray Cyrus) - Remix","Lil Nas X,Billy Ray Cyrus",136,2B,62,2025-02-24,02:37,79,"","7",2019-06-21,88,5,0,64,10,10,-6,F#/G♭ Major,4,2YpeDb67231RjR0MgVLzsG,USSM11902498
366,"Serenade","BOYNEXTDOOR",136,10B,92,2025-02-26,03:03,63,"k-pop","WHO!",2023-05-30,80,4,0,87,0,10,-2,D Major,4,0mJohf6KCgFeCWbMBAS8RL,USA2P2310717
367,"Dangerous","BOYNEXTDOOR",110,10A,72,2025-02-26,02:23,62,"k-pop","19.99",2024-09-09,91,1,0,62,10,0,-4,B Minor,4,0OaHZgVm77zLQNR3kwFf6n,USA2P2454969
368,"IF I SAY, I LOVE YOU","BOYNEXTDOOR",138,10A,75,2025-02-26,02:41,62,"k-pop","IF I SAY, I LOVE YOU",2025-01-06,67,12,0,83,10,40,-5,B Minor,4,7GOIrZTegzVty8mhNhRuA0,USA2P2475148
369,"Nice Guy","BOYNEXTDOOR",116,9B,84,2025-02-26,02:44,63,"k-pop","19.99",2024-09-09,84,28,0,68,10,30,-4,G Major,4,6pqyZNnLKyJKtrlf42FQoq,USA2P2454972
370,"One and Only","BOYNEXTDOOR",100,3B,83,2025-02-26,02:47,62,"k-pop","WHO!",2023-05-30,86,3,0,83,0,0,-2,C♯/D♭ Major,4,7twsZBhfSJFeaDp2rFHP1d,USA2P2310716
371,"Gonna Be A Rock","BOYNEXTDOOR",128,6A,79,2025-02-26,03:17,57,"k-pop","19.99",2024-09-09,77,15,0,47,0,10,-4,G Minor,4,1t4a4bAObtfBiiNo0a0vle,USA2P2454970
372,"Nice Guy (English Ver.)","BOYNEXTDOOR",116,9B,85,2025-02-26,02:44,45,"k-pop","19.99",2024-09-09,84,24,0,69,10,30,-4,G Major,4,7n3rgZ7GWmoVwhDrrF41Rn,USA2P2454975
373,"No Doubt","ENHYPEN",130,1A,46,2025-02-26,02:47,76,"k-pop","ROMANCE : UNTOLD -daydream-",2024-11-11,84,11,0,52,0,0,-7,G#/A♭ Minor,4,44hqFxUWsADWewEJELnncj,USA2P2464138
374,"IS THIS LOVE","XG",130,4B,71,2025-03-07,02:35,61,"k-pop","IS THIS LOVE",2025-03-07,76,4,0,46,0,10,-6,G#/A♭ Major,4,7HfDulyv4KLZAD170lF8at,JPB602402896
375,"Let's Groove","Earth, Wind & Fire",125,10A,65,2025-03-07,05:39,83,"funk, disco","Raise!",1981-11-14,87,12,0,90,0,10,-9,B Minor,4,3koCCeSaVUyrRo3N2gHrd8,USSM18100641
376,"Earth, Wind & Fire (English Ver.)","BOYNEXTDOOR",153,10A,91,2025-03-07,02:59,48,"k-pop","HOW?",2024-04-15,65,1,0,53,0,0,-3,B Minor,4,7sEkQPK4bxBum9CoAp5Onl,USA2P2409364
377,"All The Stars (with SZA) - From  Black Panther: The Album ","Kendrick Lamar,SZA",97,4B,63,2025-03-07,03:52,91,"hip hop, west coast hip hop, r&b","Black Panther The Album Music From And Inspired By",2018-02-09,70,6,0,56,0,0,-5,G#/A♭ Major,4,3GCdLUSnKSMJhs4Tj6CV3s,USUM71713947
378,"tv off (feat. lefty gunplay)","Kendrick Lamar,Lefty Gunplay",100,11A,53,2025-03-07,03:40,85,"hip hop, west coast hip hop, mexican hip hop","GNX",2024-11-22,86,8,0,55,20,40,-7,F#/G♭ Minor,4,0aB0v4027ukVziUGwVGYpG,USUG12408493
379,"HUMBLE.","Kendrick Lamar",150,12A,62,2025-03-07,02:57,85,"hip hop, west coast hip hop","DAMN.",2017-04-14,91,0,0,42,10,10,-7,C♯/D♭ Minor,4,7KXjTSCq5nL1LoYtL7XAwS,USUM71703085
380,"ExtraL (feat. Doechii)","JENNIE,Doechii",140,3B,73,2025-03-09,02:47,70,"k-pop, ","ExtraL (feat. Doechii)",2025-02-21,76,2,0,70,10,10,-6,C♯/D♭ Major,4,7AKwWqnoMmvCqBQtcdIECG,USQX92500264
381,"Mask Off","Future",150,10B,43,2025-03-09,03:24,83,"rap","FUTURE",2017-06-30,83,1,2,28,40,10,-9,D Major,4,0VgkVdmE4gld66l8iyGjgx,USSM11701444
382,"Mask Off (feat. Kendrick Lamar) - Remix","Future,Kendrick Lamar",150,10B,42,2025-03-09,04:18,63,"rap, hip hop, west coast hip hop","FUTURE",2017-06-30,72,1,1,23,30,40,-12,D Major,4,6dVZCbi9CYtD9LjAHXRjIG,USSM11704884
383,"Fica","ANAVITÓRIA,Matheus & Kauan",94,6B,51,2025-03-09,03:04,68,"mpb, new mpb, brazilian pop, sertanejo, sertanejo universitário, arrocha, agronejo","Fica",2017-04-18,63,47,0,55,0,0,-6,A#/B♭ Major,4,3KK3nLgrRdycpnYxPDVfMV,BRUM71703941
384,"1 AM","Civ",115,3B,77,2025-03-09,02:13,0,"","1 AM",2025-02-07,90,16,10,56,10,10,-8,C♯/D♭ Major,4,22hKfTC8X8o0ERmsAZNZsj,QZS642570367
385,"Get Cool","Stray Kids",152,10B,85,2025-03-13,03:16,57,"k-pop, noise music","SKZ2020",2020-03-18,80,7,0,96,10,20,-4,D Major,4,0uUOYmOu7V6v18XLkVtjDF,US5TA1800093
386,"0X1=LOVESONG (I Know I Love You) feat. Seori","TOMORROW X TOGETHER,Seori",105,8B,84,2025-03-20,03:22,52,"k-pop, ","The Chaos Chapter: FIGHT OR ESCAPE",2021-08-17,58,6,0,48,0,0,-5,C Major,4,3lyibc1saJfWe5z7rTyWYO,USA2P2108442
387,"Crazy In Love (feat. JAY-Z)","Beyoncé,JAŸ-Z",99,7A,77,2025-03-22,03:56,80,"hip hop, east coast hip hop, rap","Dangerously In Love",2003-06-24,65,0,0,68,20,0,-7,D Minor,4,5IVuqXILoxVWvWEPm82Jxr,USSM10305425
388,"HOT","LE SSERAFIM",128,8B,63,2025-03-22,02:23,70,"k-pop","HOT",2025-03-14,76,9,0,97,0,40,-3,C Major,4,406IpEtZPvbxApWTGM3twY,USA2P2506404
389,"Give Me Your TMI","Stray Kids",98,10A,86,2025-03-22,03:18,59,"k-pop, noise music","MAXIDENT",2022-10-07,75,5,0,82,10,0,-3,B Minor,4,7CQhZA3qNDZBoTKWqjD7gR,US5TA2200103
390,"MIROH","Stray Kids",126,11B,98,2025-03-22,03:27,66,"k-pop, noise music","Clé 1 : MIROH",2019-03-25,56,1,0,51,10,20,-3,A Major,4,2sFWzfV3kqAwXEWM9BjzwH,US5TA1900035
391,"Mirrors","Justin Timberlake",77,4A,51,2025-03-25,08:05,86,"","The 20/20 Experience (Deluxe Version)",2013-03-15,57,23,0,51,0,0,-7,F Minor,4,4rHZZAmHpZrA3iH5zx8frV,USRC11300059
392,"Sway","Michael Bublé",126,7A,64,2025-03-25,03:08,75,"christmas","Michael Bublé",2003-00-00,71,75,0,74,0,0,-6,D Minor,4,2ajUl8lBLAXOXNpG4NEPMz,USRE10201551
393,"life force","ptasinski,RJ Pasin",125,1A,64,2025-03-26,01:49,73,"phonk","freedom from self",2024-09-16,45,1,95,46,0,30,-8,G#/A♭ Minor,3,7qvDmYmPjrIosceqmSriCa,QZWFE2494725
394,"Chaconne","ENHYPEN",140,11A,64,2025-03-26,03:33,68,"k-pop","DARK BLOOD",2023-05-22,65,10,0,46,0,0,-6,F#/G♭ Minor,4,7nBjhYbLttb9LHZHqNuld5,USA2P2319855
395,"like JENNIE","JENNIE",130,3A,74,2025-03-27,02:03,88,"k-pop","Ruby",2025-03-07,81,28,1,82,0,0,-5,A#/B♭ Minor,4,0fK7ie6XwGxQTIkpFoWkd1,USQX92500261
396,"러시안 룰렛 Russian Roulette","Red Velvet",130,6A,90,2025-03-27,03:31,73,"k-pop","Russian Roulette - The 3rd Mini Album",2016-09-07,73,6,0,96,0,10,-2,G Minor,4,5HiSc2ZCGn8L3cH3qSwzBT,KRA301600315
397,"Panic","BEOMGYU",88,2B,73,2025-03-28,03:08,68,"","Panic",2025-03-27,55,4,0,30,0,20,-5,F#/G♭ Major,4,3PTQ2rPfaPDxqpXOcRlTsZ,USA2P2509112
398,"I GOT YOU","TWICE",176,4B,81,2025-03-28,02:53,62,"k-pop","I GOT YOU",2024-02-02,52,5,0,50,0,0,-4,G#/A♭ Major,4,35dhwUoJNlxrPyEIJkfDnx,US5TA2300237
399,"This Love","Maroon 5",95,4A,86,2025-03-28,03:26,88,"pop","Songs About Jane: 10th Anniversary Edition",2002-00-00,71,5,0,81,0,0,-5,F Minor,4,6ECp64rv50XVz93WvxXMGF,USJAY0300080
400,"Moves Like Jagger - Studio Recording From  The Voice  Performance","Maroon 5,Christina Aguilera",128,10A,76,2025-03-28,03:21,77,"pop, ","Hands All Over",2010-00-00,72,1,0,62,0,30,-4,B Minor,4,7LcfRTgAVTs5pQGEQgUEzN,USUM71109132
401,"Feels (feat. Pharrell Williams, Katy Perry & Big Sean)","Calvin Harris,Pharrell Williams,Katy Perry,Big Sean,Funk Wav",101,10A,75,2025-03-28,03:43,82,"edm, pop, ","Funk Wav Bounces Vol.1",2017-06-30,89,6,0,87,0,0,-3,B Minor,4,5bcTCxgc7xVfSaMV3RuVke,GBARL1700772
402,"BLUE","ZEROBASEONE",124,7B,73,2025-03-29,03:02,53,"k-pop","BLUE PARADISE",2025-02-24,69,33,0,50,0,0,-5,F Major,4,5YR199TRrcmxY39l43ovI1,KRA492500011
403,"Devil Game","ZEROBASEONE",113,3B,86,2025-03-29,02:58,49,"k-pop","BLUE PARADISE",2025-02-24,72,7,0,82,0,30,-5,C♯/D♭ Major,4,6I2OH5UBfe6nZGYWoAlKCm,KRA492500012
404,"GOOD SO BAD","ZEROBASEONE",110,3B,75,2025-03-29,02:57,55,"k-pop","CINEMA PARADISE",2024-08-26,73,10,0,81,0,0,-4,C♯/D♭ Major,4,28HVi8XtrlKauIVUxSlc6q,KRA492400832
405,"SWEAT","ZEROBASEONE",119,3A,89,2025-03-29,03:11,53,"k-pop","SWEAT",2024-04-24,73,20,0,76,0,0,-3,A#/B♭ Minor,4,3BzjdhbQH8VlQ81RbvRoV8,KRA492400512
406,"MELTING POINT","ZEROBASEONE",132,7B,75,2025-03-29,02:53,49,"k-pop","MELTING POINT",2023-11-06,67,23,0,59,10,0,-6,F Major,4,6Sj39jSqhxjJ8K66Mw8hrU,KRA492300933
407,"CRUSH","ZEROBASEONE",154,2B,80,2025-03-29,02:49,52,"k-pop","MELTING POINT",2023-11-06,66,9,0,27,0,10,-5,F#/G♭ Major,4,2qiWQf7ka0C4XoA7JAZ1q5,KRA492300935
408,"New Kidz on the Block","ZEROBASEONE",128,1A,92,2025-03-29,03:32,47,"k-pop","YOUTH IN THE SHADE",2023-07-10,83,2,0,79,0,30,-4,G#/A♭ Minor,4,4i7iGaXbW1dKBZD5tZuvZt,KRA492300569
409,"Our Season","ZEROBASEONE",160,3B,82,2025-03-29,02:57,48,"k-pop","YOUTH IN THE SHADE",2023-07-10,67,11,0,67,0,20,-3,C♯/D♭ Major,4,5NSfzS7hcpm3qPphy5o07V,KRA492300571
410,"KILL THE ROMEO","ZEROBASEONE",123,10A,93,2025-03-29,03:18,52,"k-pop","CINEMA PARADISE",2024-08-26,71,17,0,78,0,30,-4,B Minor,4,2RZtRhyKU26Ij8BFhAfywS,KRA492400833
411,"Rock Your Body","Justin Timberlake",101,9A,71,2025-04-01,04:27,85,"","Justified",2002-11-04,89,20,0,82,10,0,-6,E Minor,4,1AWQoqb9bSvzTjaLralEkT,USJI10200367
412,"Whoa","Lil' Kim",95,10A,60,2025-04-10,04:07,36,"east coast hip hop","The Naked Truth",2005-09-26,83,1,0,49,20,10,-5,B Minor,4,5i9DAhPII6Am7PlRVLDole,USAT20505865
413,"Kiss Me Thru The Phone","Soulja Boy,Sammie",150,9B,71,2025-04-11,03:13,83,"","iSouljaBoyTellem",2008-01-01,76,2,0,79,10,0,-4,G Major,4,2q4rjDy9WhaN3o9MvDbO21,USUM70848200
414,"Sour Grapes","LE SSERAFIM",140,11A,80,2025-04-13,03:16,69,"k-pop","FEARLESS",2022-05-02,78,40,0,72,0,10,-6,F#/G♭ Minor,4,6wBpO4Xc4YgShnENGSFA1M,USA2P2219221
415,"Burnin’ Tires (Changbin & I.N)","Stray Kids",150,10B,94,2025-04-14,02:53,68,"k-pop, noise music","Mixtape : dominATE",2025-03-21,58,1,0,73,10,0,-2,D Major,4,4Sz5KwMxHQnJPf64wJW5aq,US5TA2500012
416,"Truman (HAN & Felix)","Stray Kids",155,10B,90,2025-04-14,03:15,71,"k-pop, noise music","Mixtape : dominATE",2025-03-21,61,12,0,57,10,40,-3,D Major,4,4DEbsCe0w8CrwdMm8WpdzO,US5TA2500013
417,"ESCAPE (Bang Chan & Hyunjin)","Stray Kids",154,8A,91,2025-04-14,03:11,71,"k-pop, noise music","Mixtape : dominATE",2025-03-21,49,1,0,32,10,0,-3,A Minor,4,5v6c5XtD3zKPvgUknF7h9K,US5TA2500014
418,"CINEMA (Lee Know & Seungmin)","Stray Kids",144,10B,69,2025-04-14,03:41,68,"k-pop, noise music","Mixtape : dominATE",2025-03-21,30,29,0,17,0,0,-5,D Major,4,2StQuhn6KdemQlwsvLgwBy,US5TA2500015
419,"Ela Só Quer Paz","Projota",172,5A,66,2025-04-14,02:54,66,"brazilian hip hop, brazilian pop","Ela Só Quer Paz",2016-01-27,66,2,0,93,10,0,-5,C Minor,4,1RPrzKZdkzCNV0Ux0xEHg2,BRUM71600010
420,"Whatcha Say - Sped Up","Jason Derulo,sped up + nightcore,Nightcore",88,9B,86,2025-04-17,03:02,43,"nightcore","Whatcha Say (Sped Up)",2023-01-13,66,9,0,43,10,30,-4,G Major,4,2PgP2wUGrPUvKLdlss0uq3,USRH12300049
421,"Magic","TOMORROW X TOGETHER",108,4B,88,2025-04-17,02:39,55,"k-pop","The Chaos Chapter: FREEZE",2021-05-31,65,0,0,51,40,30,-5,G#/A♭ Major,4,4Wh5WGtov1VJ6EJ8OQgNeS,USA2P2108443
422,"I Like You","ODD YOUTH",95,2B,83,2025-04-24,02:51,40,"","ODD YOUTH 1st MINI ALBUM [I Like You]",2025-04-15,81,27,0,71,20,10,-4,F#/G♭ Major,4,6RX842AkuW01Sb15Mcix6l,KRMIM2521971
423,"Pierrot","LE SSERAFIM",154,4B,89,2025-04-24,02:50,65,"k-pop","CRAZY",2024-08-30,80,34,1,85,10,0,-3,G#/A♭ Major,4,411fZBnpfU4eIDIZmDKswx,USA2P2452235
424,"One Dance","Drake,Wizkid,Kyla",104,3B,63,2025-04-25,02:53,92,"rap, afrobeats, afrobeat, afropop, azonto, afroswing, afro r&b, afropiano, ","Views",2016-05-06,79,1,0,37,0,30,-6,C♯/D♭ Major,4,1zi7xx7UVEFkmKfv06H8x0,USCM51600028
425,"Buddy Holly","Weezer",121,4B,92,2025-04-27,02:39,81,"alternative rock","Weezer",1994-05-10,56,0,0,77,0,10,-5,G#/A♭ Major,4,3mwvKOyMmG77zZRunnxp9E,USGF19562907
426,"a última dança","Link do Zap,pluglip",129,3A,81,2025-04-28,02:06,71,"","a última dança",2025-01-11,72,4,0,66,0,10,-3,A#/B♭ Minor,4,096gZM7wp5GKHBwtWY3d0z,QZZEC2457847
427,"Lucky=One","cosmosy",101,10A,85,2025-04-29,03:14,53,"","Lucky=One",2025-04-11,74,15,0,70,10,10,-4,B Minor,4,0KUXg1wu5jnK5YzvF6cryR,KRB462500152
428,"Milla - Ao Vivo","Netinho",154,12B,80,2025-05-01,04:51,45,"axé, pagode baiano","Total - O Melhor De Netinho",1997-01-01,49,4,0,46,0,40,-10,E Major,4,5jo0WixbdL2ZS8qSx45qa4,BRUM70600120
429,"Love Language","TOMORROW X TOGETHER",118,3B,86,2025-05-02,02:57,71,"k-pop","Love Language",2025-05-02,74,4,0,34,0,10,-4,C♯/D♭ Major,4,3wBeIjb0vtiTwIQPce2stZ,USA2P2514266
430,"Talk","Khalid,Disclosure",136,8B,40,2025-05-03,03:17,65,"house","Talk",2019-02-07,90,5,0,34,10,0,-8,C Major,4,0rTV5WefWd1J3OwIheTzxM,USRC11900004
431,"Mmmh","KAI",137,6A,72,2025-05-07,03:12,65,"k-pop","KAI - The 1st Mini Album",2020-11-30,66,20,0,30,0,20,-6,G Minor,4,5dntGTbUtmUO239wQ0k3yM,KRA302000602
432,"Air Force One","ODD EYE CIRCLE (ARTMS)",138,2B,94,2025-05-07,02:43,47,"k-pop","ODD EYE CIRCLE <Version Up>",2023-07-12,74,5,0,52,20,10,-4,F#/G♭ Major,4,7aOdnAhx1zWwtqAaXBOndI,KRA382318503
433,"Senorita","i-dle",120,8B,81,2025-05-07,03:17,57,"k-pop","I made",2019-02-26,78,2,0,42,0,30,-3,C Major,4,0q6boCcLaWYPIy2vOsksFg,KRA391900008
434,"Underwater","Red Velvet",136,1B,70,2025-05-07,03:25,0,"k-pop","Chill Kill - The 3rd Album",2023-11-13,59,28,0,41,10,10,-6,B Major,4,58xqapN458N2VjibN3uVrY,KRA302300433
435,"LA DI DA","EVERGLOW",164,2A,85,2025-05-07,03:30,62,"k-pop, noise music","-77.82X-78.29",2020-09-21,48,0,0,60,0,0,-1,D#/E♭ Minor,4,6mIjJONoUMvGPT9Kzrab3L,KRMIM2026011
436,"favOriTe","LOONA",99,9A,94,2025-05-07,03:14,30,"k-pop","[+ +]",2018-08-20,59,1,0,57,0,40,-1,E Minor,4,570A5teOwKNMPN7bboi8T4,KRE081800010
437,"Dr.feel good","Rania",124,3B,86,2025-05-07,03:11,49,"k-pop","Just go",2013-03-08,83,1,0,55,0,0,-4,C♯/D♭ Major,4,5bHHIh8rTDH3ukXrdp7lcw,KRA381202824
438,"Baby Don’t Stop","NCT,NCT U",96,4B,74,2025-05-07,03:03,60,"k-pop, noise music","NCT 2018 EMPATHY",2018-03-14,83,2,0,35,0,0,-6,G#/A♭ Major,4,1EYSS9Lp7a9f20C3FaOVgI,KRA301800101
439,"Ah Yeah","EXID",118,10A,94,2025-05-07,03:19,52,"k-pop","AH YEAH",2015-04-14,76,5,0,43,0,0,-3,B Minor,4,68daw5D7jgDf55BJmaiQIf,KRA031211031
440,"Blind Eyes Red","MINNIE",118,10A,66,2025-05-07,03:23,0,"k-pop","HER",2025-01-21,52,9,0,23,0,10,-6,B Minor,4,0pk1V5jL0WcW8a2ZsrsEDl,KRA392400035
441,"TAIL","SUNMI",125,11B,86,2025-05-07,03:10,0,"k-pop","TAIL",2021-02-23,52,4,0,43,10,0,-3,A Major,4,7muTXW7kGytN3zdomku6FV,KRMIM2105074
442,"ViViD","LOONA",106,9A,88,2025-05-07,03:21,35,"k-pop","HeeJin",2016-10-05,71,26,0,75,10,40,-4,E Minor,4,1P2oYaTIBRB4pYL28Ps5Mv,KRE081600001
443,"VILLAIN DIES","i-dle",77,6A,74,2025-05-07,03:04,0,"k-pop","I NEVER DIE",2022-03-14,73,25,0,35,0,30,-5,G Minor,4,6adPuBjUw3Zh6wK27d8Rgv,KRA392100082
444,"Easy","WJSN THE BLACK",112,1A,83,2025-05-07,03:08,40,"","My attitude",2021-05-12,70,1,0,72,10,10,-3,G#/A♭ Minor,4,3KLkc1h39HhbuXIYB5xgAq,KRA382103622
445,"Egotistic","MAMAMOO",98,2A,83,2025-05-07,03:16,60,"k-pop","RED MOON",2018-07-16,62,32,0,61,0,10,-3,D#/E♭ Minor,4,3a7OyTsoZ8CCBdvEEvzLBv,KRA381800261
446,"Sunny Side Up!","Red Velvet",135,10A,69,2025-05-07,03:23,40,"k-pop","‘The ReVe Festival’ Day 1",2019-06-19,71,15,0,59,0,10,-6,B Minor,4,5yGTiC0ypN09P4Nl6tE3FY,KRA301900258
447,"BAD SAD AND MAD","BIBI",90,5A,56,2025-05-07,02:34,54,"k-pop, k-rap","Life is a Bi…",2021-04-28,75,55,0,64,0,0,-7,C Minor,4,0zPbUxvYRlCGwruakkXPLI,KRA382103026
448,"Killin’ Me Good","JIHYO",112,7B,92,2025-05-07,03:05,62,"k-pop","ZONE",2023-08-18,75,20,0,65,0,0,-1,F Major,4,4Cyf87ul1le0xTWRFBoYd7,US5TA2300087
449,"A-Ha","IVY",102,4B,54,2025-05-07,03:46,0,"k-ballad","My Sweet And Free Day",1999-00-00,72,3,0,55,0,30,-6,G#/A♭ Major,4,0RpT9U4xDlXvGqAjtqzD8n,KRA380901242
450,"Round&Round","NCT U",140,7A,73,2025-05-07,03:23,49,"k-pop, noise music","Universe - The 3rd Album",2021-12-14,63,31,0,41,0,10,-3,D Minor,4,7m83eIaTZPfaEo3A0imGKP,KRA302100387
451,"MotoSpeed 24","BIBI",95,1B,60,2025-05-07,02:13,0,"k-pop, k-rap","Lowlife Princess: Noir",2022-11-17,61,32,0,30,0,10,-5,B Major,4,2HoieslRjno48m3VcZcWB6,KRE432200005
452,"Uh-Oh","i-dle",92,10A,81,2025-05-07,03:27,57,"k-pop","Uh-Oh",2019-06-26,78,6,0,78,0,10,-3,B Minor,4,1OBb2wZMXKNmtdyyejLIyL,KRA391900028
453,"Hotline Bling","Drake",135,10B,63,2025-05-08,04:27,85,"rap","Views",2016-05-06,89,0,0,55,0,0,-8,D Major,4,0wwPcA6wtMf6HUMpIRdeP7,USCM51500238
454,"God's Plan","Drake",77,9B,45,2025-05-08,03:18,86,"rap","Scorpion",2018-06-29,75,3,0,36,10,50,-9,G Major,4,6DCZcSspjsKoFjzjrWoCdn,USCM51800004
455,"Passionfruit","Drake",112,1B,46,2025-05-08,04:58,89,"rap","More Life",2017-03-18,81,26,9,36,0,10,-11,B Major,4,5mCPDVBb16L4XQwDdbRUpz,USCM51700072
456,"Hype Boy","NewJeans",100,9A,94,2025-05-13,02:59,78,"k-pop","NewJeans 1st EP 'New Jeans'",2022-08-01,59,27,0,78,20,20,-3,E Minor,4,0a4MMyCrzT0En247IhqZbD,USA2P2230222
457,"Girls Never Die","tripleS",95,10A,91,2025-05-13,03:07,63,"k-pop","<ASSEMBLE24>",2024-05-08,67,15,0,68,10,30,-3,B Minor,4,45OflED18VsURGw2z0Y6Cv,KRA382402695
458,"LIKE THAT","BABYMONSTER",102,10A,50,2025-05-13,02:48,74,"k-pop","BABYMONS7ER",2024-04-01,87,32,0,76,10,0,-9,B Minor,4,7GDgpad2BQVuDUzaxHFakc,KRA402400017
459,"123-78","BOYNEXTDOOR",138,3B,85,2025-05-13,02:40,65,"k-pop","No Genre",2025-05-13,64,28,0,75,0,20,-4,C♯/D♭ Major,4,4XLfRpryO7Qn0SXp1ARIfj,USA2P2516386
460,"I Feel Good","BOYNEXTDOOR",142,9A,83,2025-05-13,02:35,65,"k-pop","No Genre",2025-05-13,77,0,0,88,10,30,-3,E Minor,4,1klePVubVctBqhlKJvibil,USA2P2516387
461,"Step By Step","BOYNEXTDOOR",119,8B,80,2025-05-13,02:29,55,"k-pop","No Genre",2025-05-13,69,7,0,92,0,30,-4,C Major,4,1DSDmBpBFHObaeKo1WTstK,USA2P2516388
462,"Is That True?","BOYNEXTDOOR",168,3B,74,2025-05-13,02:09,55,"k-pop","No Genre",2025-05-13,74,7,0,93,10,10,-5,C♯/D♭ Major,4,02jsJ8Jxl5sfpAsrXQByLh,USA2P2516389
463,"Next Mistake","BOYNEXTDOOR",158,4A,89,2025-05-13,02:19,55,"k-pop","No Genre",2025-05-13,75,28,0,92,10,10,-4,F Minor,4,2Zb18lrOnbvvIA1ZnpxXYE,USA2P2516390
464,"IF I SAY, I LOVE YOU","BOYNEXTDOOR",138,10A,75,2025-05-13,02:41,64,"k-pop","No Genre",2025-05-13,68,13,0,82,10,40,-5,B Minor,4,2NtidJuimmXzUsExfMYcvk,USA2P2475148
465,"I Feel Good (English Ver.)","BOYNEXTDOOR",142,9A,83,2025-05-13,02:35,47,"k-pop","No Genre",2025-05-13,77,0,0,90,0,20,-3,E Minor,4,6Lp5sFbB2h9xBRr7pSM29m,USA2P2516391
466,"Do It Like That","TOMORROW X TOGETHER,Jonas Brothers",120,4A,92,2025-05-18,02:25,58,"k-pop, ","Do It Like That",2023-07-07,77,1,0,84,0,30,-3,F Minor,4,7kaFsQygyiCqRboWCXztxZ,USA2P2330060
467,"Cherish (My Love)","ILLIT",143,12B,82,2025-05-20,02:56,66,"k-pop","I'LL LIKE YOU",2024-10-21,71,24,0,30,0,10,-4,E Major,4,2MoUuJhpSO4a0czxvsrSC6,USA2P2458809
468,"As I Told You - Remix","pH-1,Kim Sung Jae",119,4A,92,2025-05-20,03:41,45,"k-rap, ","As I Told You (Remix)",2021-11-12,73,26,0,81,0,30,-2,F Minor,4,5zTvf2B39VQM16eSiLmVGc,KRF152100038
469,"Headlock","Imogen Heap",120,6A,37,2025-05-21,03:35,85,"","Speak for Yourself (Deluxe Version)",2005-00-00,81,79,0,79,0,10,-11,G Minor,4,63Pi2NAx5yCgeLhCTOrEou,GBJPX0500001
470,"Illusion","aespa",90,7A,72,2025-05-22,03:15,56,"k-pop","Illusion",2022-06-01,75,8,0,59,0,30,-3,D Minor,4,5uFqjHOo3Sh0bVPCKf3DdH,USWB12202133
471,"LOVE DIVE","IVE",118,12A,71,2025-05-22,02:57,72,"k-pop","LOVE DIVE",2022-04-05,70,0,0,54,0,30,-4,C♯/D♭ Minor,4,0Q5VnK2DYzRyfqQRJuUtvi,KRA382204375
472,"VERY NICE","SEVENTEEN",122,2A,90,2025-05-22,03:12,68,"k-pop","Love&Letter repackage album",2016-07-04,75,5,0,88,0,0,-3,D#/E♭ Minor,4,1Rrj7KyS2R6SP9CQMDJW1w,KRA381601262
473,"SMILEY(Feat. BIBI)","YENA,BIBI",156,11B,91,2025-05-22,02:53,62,"k-pop, k-rap","ˣ‿ˣ (SMiLEY)",2022-01-17,65,10,0,82,10,0,-3,A Major,4,4zCIxSnVWpGNghERX4uWZF,KRMIM2201803
474,"Teddy Bear","STAYC",119,9B,91,2025-05-22,03:09,55,"k-pop","Teddy Bear",2023-02-14,76,11,0,69,0,30,-4,G Major,4,4kSDi21MeOoSvpZs6MveI9,KRA382300511
475,"1000","NCT WISH",140,9B,75,2025-05-22,02:51,61,"k-pop","poppop - The 2nd Mini Album",2025-04-14,73,14,0,41,0,10,-5,G Major,4,4fqWeOA8LcipNx6NOlFqtM,KRA302500124
476,"20cm","TOMORROW X TOGETHER",137,11A,55,2025-05-25,03:37,58,"k-pop","The Dream Chapter: MAGIC",2019-10-21,66,3,0,61,0,10,-6,F#/G♭ Minor,4,2U28aK9o2gI7sBL4XRzFfL,USUG11903693
477,"Capa De Revista","Anitta",130,9A,94,2025-05-27,02:22,56,"brazilian pop, funk pop, brazilian funk, funk carioca","Ensaios Da Anitta",2024-12-06,76,5,0,60,0,0,-2,E Minor,4,0PNwMRlZgwoWVe0idfGQPH,BRUM72402721
478,"大展鴻圖(Blueprint Supreme)","攬佬SKAI ISYOURGOD,AR刘夫阳",176,3B,76,2025-05-28,03:32,71,"chinese hip hop","八方來財(Stacks from All Sides)",2024-08-20,64,1,0,18,10,30,-7,C♯/D♭ Major,4,0hEWvzkgbI301JZj947gFz,HKE022272925
479,"八方來財(Stacks from All Sides)","攬佬SKAI ISYOURGOD",123,3A,50,2025-05-28,02:53,76,"chinese hip hop","八方來財(Stacks from All Sides)",2024-08-20,90,2,1,41,0,20,-4,A#/B♭ Minor,4,7jm2PueKmv4EOHfdbdXMKT,HKE022272921
480,"Red Sun in the Sky","Mao Ze Dong",147,8B,72,2025-05-28,03:58,0,"","Red Sun in the Sky",2015-06-15,61,14,30,85,0,10,-10,C Major,4,4S8XnWUEo70SgylOTjhbM3,ESA122493325
481,"Gnarly","KATSEYE",135,5A,83,2025-05-28,02:17,86,"k-pop","Gnarly",2025-04-30,78,15,0,66,30,10,-5,C Minor,4,1j15Ar0qGDzIR0v3CQv3JL,USUM72503410
482,"Yummy - Righteous Remix","Ayesha Erotica,Mo Beats",82,4A,58,2025-05-29,02:44,76,"hyperpop, ","Yummy (Righteous Remix)",2023-12-01,59,0,87,30,0,10,-10,F Minor,4,4UQijskfH7GRycjz77buzW,QZTAU2357385
483,"BREAK A NECK (w/ Ayesha Erotica)","Odetari,Ayesha Erotica",159,4B,73,2025-05-29,01:56,66,"hyperpop","BREAK A NECK (w/ Ayesha Erotica)",2024-04-17,71,0,7,65,10,20,-5,G#/A♭ Major,4,5pG4nmg7DUdKiUiW7u9O4V,QZZ4J2400147
484,"HEAVY LOVE","Odetari",118,3B,70,2025-05-31,02:22,69,"hyperpop","HEAVY LOVE",2025-02-05,51,0,0,12,0,10,-4,C♯/D♭ Major,4,608gR8geDwag74CiyseUsH,QZZ4J2500018
485,"Need to Know","Doja Cat",130,3B,61,2025-05-31,03:30,81,"","Planet Her",2021-06-25,66,30,0,19,0,0,-7,C♯/D♭ Major,4,3Vi5XqYrmQgOYBajMWSvCi,USRC12101120
486,"Thot Shit","Megan Thee Stallion",130,11B,68,2025-05-31,03:04,74,"","Something for Thee Hotties",2021-10-29,95,2,0,89,0,10,-4,A Major,4,7FdmHr87G79PDRGy9SPBkZ,QMCE32100339
487,"Woman","Doja Cat",108,4A,76,2025-05-31,02:52,85,"","Planet Her",2021-06-25,82,9,0,88,0,10,-4,F Minor,4,6Uj1ctrBOjOas8xZXGqKk4,USRC12101532
488,"Agora Hills","Doja Cat",123,1A,69,2025-05-31,04:25,79,"","Scarlet",2023-09-20,76,18,0,38,10,10,-6,G#/A♭ Minor,4,5PyDJG7SQRgWXefgexqIge,USRC12301954
489,"I Can't Fix You","The Living Tombstone,Crusher-P",174,3B,79,2025-06-01,04:38,66,"vocaloid","I Can't Fix You",2016-12-10,46,0,10,37,0,10,-5,C♯/D♭ Major,4,3zAqapGmeTcDB4xES8LBUL,QZ4JJ1658471
490,"Black Sorrow (Original Soundtrack from VIVINOS 'Alien Stage', Pt. 4)","PARK BYEONG HOON",144,3A,72,2025-06-02,03:13,1,"","Black Sorrow (Original Soundtrack from VIVINOS 'Alien Stage', Pt. 4)",2023-01-05,42,1,0,30,0,0,-2,A#/B♭ Minor,4,5RETcV4t3ryURJaRdRU3P6,KRB472202487
491,"Unknown (Till the End...) [Original Soundtrack from VIVINOS - 'Alien Stage', Pt. 3]","AKUGETSU",200,11B,86,2025-06-02,02:06,1,"","Unknown (Till the End...) [Original Soundtrack from VIVINOS - 'Alien Stage', Pt. 3]",2022-10-05,47,1,30,52,10,20,-6,A Major,4,76zvyaDfQAXTfWBAq9qxgY,KRB472201897
492,"EASY","LE SSERAFIM",165,8B,70,2025-06-02,02:44,73,"k-pop","EASY",2024-02-19,74,19,0,60,0,10,-5,C Major,4,2O4Bb2WCkjlTPO827OnBMI,USA2P2402101
493,"Supernatural","NewJeans",109,3A,71,2025-06-04,03:11,77,"k-pop","Supernatural",2024-06-21,70,19,0,86,0,0,-4,A#/B♭ Minor,4,5ocSQW5sIUIOFojwXEz9Ki,USA2P2417518
494,"How Sweet","NewJeans",125,3B,90,2025-06-04,03:39,76,"k-pop","How Sweet",2024-05-24,80,8,0,76,0,10,-3,C♯/D♭ Major,4,38tXZcL1gZRfbqfOG0VMTH,USA2P2414843
495,"Deja Vu","TOMORROW X TOGETHER",163,4A,57,2025-06-04,02:51,71,"k-pop","minisode 3: TOMORROW",2024-04-01,36,8,0,24,0,10,-5,F Minor,4,3aAnwyBJY9OLNLqSgd4fZU,USA2P2408081
496,"Siren","RIIZE",105,3B,83,2025-06-04,02:27,48,"k-pop","RIIZING - The 1st Mini Album",2024-06-17,80,0,0,67,0,10,-3,C♯/D♭ Major,4,4dyOxaLCQ5fnX7neFi4dRb,KRA302400068
497,"Flashover","ENHYPEN",120,1A,80,2025-06-05,02:05,62,"k-pop","DESIRE : UNLEASH",2025-06-05,71,11,0,49,0,10,-5,G#/A♭ Minor,4,4uj7LoS14txqhRylMR4Fj1,USA2P2518620
498,"Bad Desire (With or Without You)","ENHYPEN",156,5A,73,2025-06-05,02:21,73,"k-pop","DESIRE : UNLEASH",2025-06-05,63,23,0,67,10,10,-5,C Minor,4,38pEX03GFZ0PfFDaOrpKOM,USA2P2518621
499,"Outside","ENHYPEN",175,10B,88,2025-06-05,02:01,72,"k-pop","DESIRE : UNLEASH",2025-06-05,77,0,0,63,10,10,-4,D Major,4,0IXWLMBZeK33mOb044Sxu6,USA2P2518622
500,"Loose (Korean Ver.)","ENHYPEN",110,8B,56,2025-06-05,03:32,59,"k-pop","DESIRE : UNLEASH",2025-06-05,94,13,0,75,0,30,-5,C Major,4,1hZqz3w2FFdQekLLLFEa0T,USA2P2518623
501,"Helium","ENHYPEN",168,7A,80,2025-06-05,02:42,71,"k-pop","DESIRE : UNLEASH",2025-06-05,46,3,0,68,0,0,-6,D Minor,4,48jRAABr5TxjWHvoNWClGG,USA2P2518624
502,"Too Close","ENHYPEN",173,9B,61,2025-06-05,02:26,66,"k-pop","DESIRE : UNLEASH",2025-06-05,72,16,0,57,20,10,-6,G Major,4,6gezrIScVLEnV1szuZxhvA,USA2P2518625
503,"Bad Desire (With or Without You) (English Ver.)","ENHYPEN",156,5A,76,2025-06-05,02:21,71,"k-pop","DESIRE : UNLEASH",2025-06-05,65,21,0,62,10,10,-5,C Minor,4,4N8IFzGERNBWoQyzYVYEoJ,USA2P2518626
504,"Loose","ENHYPEN",110,8B,58,2025-06-05,03:30,62,"k-pop","DESIRE : UNLEASH",2025-06-05,94,12,0,69,0,30,-5,C Major,4,2tqj80s8UMqFrhMAdxLuh6,USA2P2513357
505,"Paratise (VIVINOS - ALNST Sub : Ivan Part.2)","PARK BYEONG HOON",144,10B,48,2025-06-05,03:22,60,"","Paratise (VIVINOS - ALNST Sub : Ivan Part.2)",2025-05-21,57,2,0,14,0,10,-10,D Major,4,2BaWOguerdYyrKe9flIK2f,KSB022501424
506,"Blink Gone (VIVINOS - ALNST Original Soundtrack Part.8)","BL8M,AKUGETSU",125,4B,75,2025-06-05,03:08,70,"","Blink Gone (VIVINOS - ALNST Original Soundtrack Part.8)",2024-10-25,65,2,0,69,10,0,-3,G#/A♭ Major,4,4iHYQwgtrY26p2uQG8Nstr,KSB022427897
507,"Cure (VIVINOS - ALNST Original Soundtrack Part.7)","AKUGETSU,PARK BYEONG HOON",184,4A,73,2025-06-05,04:07,69,"","Cure (VIVINOS - ALNST Original Soundtrack Part.7)",2024-04-05,39,1,0,36,0,10,-7,F Minor,4,2ltpz0N6g4A7TwwLFk9biF,KSB022427173
508,"Wiege (VIVINOS - ALNST Ivan Remix)","PARK BYEONG HOON",75,7A,9,2025-06-05,03:52,58,"","Wiege (VIVINOS - ALNST Ivan Remix)",2025-05-07,44,84,0,31,0,10,-18,D Minor,3,39Wxl7C1V9S8XKQCi7ubBG,KSB022501170
509,"My Clematis (ALNST 1st Anniversary Remix)","PARK BYEONG HOON,AKUGETSU",138,2B,36,2025-06-05,03:50,53,"","VIVINOS - ALNST 1st Anniversary Remix Part.1",2023-09-16,36,27,0,30,0,10,-10,F#/G♭ Major,5,5dG60FLTaJbVkjPyUsLpsB,KRF252302029
510,"Ruler of My Heart (VIVINOS - ALNST Original Soundtrack Part.5)","BL8M,Rubyeye",120,8A,60,2025-06-05,03:38,70,"","Ruler of My Heart (VIVINOS - ALNST Original Soundtrack Part.5)",2023-05-06,72,24,0,47,0,40,-8,A Minor,4,5o2rYExTsDD5Xj2WlBU3Ik,KRF252300962
511,"因果(Karma Code)","攬佬SKAI ISYOURGOD",140,1B,51,2025-06-06,02:31,60,"chinese hip hop","八方來財(Stacks from All Sides)",2024-08-20,93,13,0,54,10,10,-7,B Major,4,2cUJ6wbyqH8hDZN8VWQ5oC,HKE022272926
512,"打歌妹 - RemixDJ版","娱人",132,11A,69,2025-06-06,02:36,46,"","打歌妹 (RemixDJ版)",2024-03-13,69,2,0,96,0,0,-7,F#/G♭ Minor,4,7nn9pcjw1Vip4zvvuXJbCN,FR96X2467791
513,"打歌妹DJ (打歌舞硬控版）","麥樂宋",135,11A,92,2025-06-06,03:46,32,"","打歌妹DJ (打歌舞硬控版）",2024-08-23,67,1,0,90,0,20,-3,F#/G♭ Minor,4,5F7Tn0ZsYYurKX1tUzsIrN,HKE022301607
514,"Killin' It","P1Harmony",90,2B,86,2025-06-12,02:56,65,"k-pop, noise music","Killin' It",2024-02-05,72,5,0,91,0,0,-3,F#/G♭ Major,4,2E7qG81LXdZEfobhcrVm06,KRA382321869
515,"My Clematis (VIVINOS - ALNST Original Soundtrack Part.1)","Rubyeye,C!naH",138,11B,21,2025-06-12,03:52,56,"","My Clematis (VIVINOS - ALNST Original Soundtrack Part.1)",2022-09-16,32,89,0,19,0,20,-12,A Major,4,0VvBXKg3HZWu8zHAPRVDVu,KRB472201826
516,"Pasilyo","SunKissed Lola",120,10B,61,2025-06-12,04:30,75,"opm, harana, pinoy indie, p-pop, parang","Pasilyo",2022-10-28,72,42,0,41,0,10,-5,D Major,3,0uZFcsx96wzbixsULmrg8o,AUBEC2225179
517,"Money Trees","Kendrick Lamar,Jay Rock",72,9B,53,2025-06-13,06:26,81,"hip hop, west coast hip hop, ","good kid, m.A.A.d city",2012-00-00,72,7,0,34,10,20,-7,G Major,4,74tLlkN3rgVzRqQJgPfink,USUM71210785
518,"Starships","Nicki Minaj",125,10A,72,2025-06-16,03:30,81,"","Pink Friday: Roman Reloaded The Re-Up (Explicit Version)",2012-01-01,75,14,0,75,0,20,-2,B Minor,4,2EBCVPNAG46nbgs6jXPGvv,USCM51200060
519,"Watch Me (Whip / Nae Nae)","Silentó",140,4B,76,2025-06-21,03:05,69,"","Watch Me (Whip / Nae Nae)",2015-05-04,82,25,0,96,10,30,-9,G#/A♭ Major,4,5RIVoVdkDLEygELLCniZFr,USUM71506622
520,"Mi Vida Loca (VIVINOS - ALNST Sub : Till Part.1)","AKUGETSU",170,9B,69,2025-06-23,02:29,60,"","Mi Vida Loca (VIVINOS - ALNST Sub : Till Part.1)",2025-06-18,59,17,0,83,10,0,-8,G Major,4,5PG8vhAtcZORCFDWwxqdcq,KSB022501570
521,"POP/STARS","K/DA,Madison Beer,i-dle,Jaira Burns,League of Legends",170,9B,77,2025-06-25,03:11,10,"k-pop, ","POP/STARS",2018-11-03,57,2,0,39,0,10,-4,G Major,4,5sbooPcNgIE22DwO0VNGUJ,NLRD51859885
522,"Sweet Dream (Original Soundtrack from VIVINOS - 'Alien Stage', Pt. 2)","C!naH",120,8B,87,2025-06-27,01:43,1,"","Sweet Dream (Original Soundtrack from VIVINOS - 'Alien Stage', Pt. 2)",2022-09-21,69,7,0,74,0,50,-6,C Major,4,2GZ0YOEwKISjgNttTVQzdc,KRB472201827
523,"Sweet Dream (ALNST 1st Anniversary Remix)","BL8M",120,8B,81,2025-06-27,01:43,55,"","VIVINOS - ALNST 1st Anniversary Remix Part.1",2023-09-16,72,6,0,60,0,60,-7,C Major,4,7n9aYTkekW2zuAeEQ7vW63,KRF252302028
524,"Black Sorrow (ALNST 1st Anniversary Remix)","Rubyeye",144,6A,64,2025-06-27,03:11,52,"","VIVINOS - ALNST 1st Anniversary Remix Part.1",2023-09-16,44,24,0,26,0,20,-4,G Minor,4,01G4cxnucLCubA62GbEMDU,KRF252302027
525,"Billyeoon Goyangi (Do the Dance)","ILLIT",130,12A,74,2025-07-03,03:08,78,"k-pop","bomb",2025-06-16,65,2,0,77,20,20,-4,C♯/D♭ Minor,4,4p0uVFAXKUISu8yp9gNtWE,USA2P2525115
526,"Gabriela","KATSEYE",146,9B,75,2025-07-06,03:17,91,"k-pop","Gabriela",2025-06-20,65,18,0,62,0,30,-5,G Major,4,1xOqGUkyxGQRdCvGpvWKmL,USUM72503465
527,"1&Only","XLOV",112,3A,78,2025-07-06,02:54,73,"k-pop","I ONE",2025-06-13,77,17,0,43,0,30,-6,A#/B♭ Minor,4,0lOOUAYUITTHYyGWWAqKIr,KRMIM2531910
528,"THUNDER","SEVENTEEN",130,4A,84,2025-07-06,02:44,18,"k-pop","SEVENTEEN 5th Album 'HAPPY BURSTDAY'",2025-05-26,75,3,0,72,0,0,-5,F Minor,4,0qkYuCno3SoU8vxkCdx0iJ,USA2P2501605
529,"Your Idol","Saja Boys,Andrew Choi,Neckwav,Danny Chung,KEVIN WOO,samUIL Lee,KPop Demon Hunters Cast",90,10A,84,2025-07-08,03:11,85,"k-pop","KPop Demon Hunters (Soundtrack from the Netflix Film)",2025-06-20,68,13,0,36,0,20,-4,B Minor,4,1I37Zz2g3hk9eWxaNkj031,QZ8BZ2513512
530,"Lucky Girl Syndrome","ILLIT",120,8B,92,2025-07-09,02:20,75,"k-pop","SUPER REAL ME",2024-03-25,76,2,0,44,0,20,-4,C Major,4,2kIUILBPlz4exX9xIFS275,USA2P2413261
531,"It's Going Down Now (Feat. FerdK)","Lacey Johnson,Ferdk",84,12A,84,2025-07-10,03:10,35,"","The Fall",2024-09-06,50,0,0,38,0,20,-5,C♯/D♭ Minor,4,4LxS1zFzMK4Cm4S2hbxd4x,QZPJ32388175
532,"It's Going Down Now","Azumi Takahashi,Lotus Juice,ATLUS Sound Team,ATLUS GAME MUSIC",84,12A,95,2025-07-10,03:06,75,"japanese vgm, soundtrack","Persona 3 Reload Original Soundtrack",2024-04-24,48,0,0,80,0,20,-6,C♯/D♭ Minor,4,3znIACSXPLn3HFCf7moZ28,JPK652300130
533,"FAMOUS","ALLDAY PROJECT",120,8A,76,2025-07-10,03:00,70,"k-pop","FAMOUS",2025-06-23,78,7,0,49,0,10,-6,A Minor,4,40UVUuyy5RfpO0awclCttA,KSA002501028
534,"WICKED","ALLDAY PROJECT",130,2B,74,2025-07-10,02:37,65,"k-pop","FAMOUS",2025-06-23,93,0,0,70,10,0,-5,F#/G♭ Major,4,2NOMOpss7BmEXTL9f1koqn,KSA002501029
535,"JUMP","BLACKPINK",145,4A,93,2025-07-11,02:44,87,"k-pop","JUMP",2025-07-11,71,0,0,52,0,10,-6,F Minor,4,5H1sKFMzDeMtXwND3V6hRY,KRA402400094
536,"In Your Fantasy","ATEEZ",115,4A,84,2025-07-11,03:12,72,"k-pop, noise music","GOLDEN HOUR : Part.3 'In Your Fantasy Edition'",2025-07-11,87,0,0,72,0,20,-5,F Minor,4,3Z4BxvgOJ8KupcDIV3OV2f,KRD442500017
537,"Lemon Drop","ATEEZ",104,8B,78,2025-07-11,02:59,64,"k-pop, noise music","GOLDEN HOUR : Part.3 'In Your Fantasy Edition'",2025-07-11,82,4,0,46,0,0,-4,C Major,4,3lnok1hUcplIhIqAHhqOis,KRD442500009
538,"SEE YOU LATER","AxMxP",128,11A,78,2025-07-11,02:40,43,"k-rock","Spring of Youth (Original Soundtrack) Part.1",2025-05-06,72,28,0,89,0,10,-5,F#/G♭ Minor,4,15q2nuxEjPin3TAum685tf,ZZA0P2516726
539,"SEE YOU LATER","THE CROWN",134,11A,93,2025-07-11,02:48,23,"","Spring of Youth (Original Soundtrack) Part.8",2025-06-18,54,2,0,57,0,30,-3,F#/G♭ Minor,4,2PjPNXqQvVV3z91cwXX12T,ZZA0P2517648
540,"butterflies (feat. TAEHYUN of TOMORROW X TOGETHER & Kim Chaewon of LE SSERAFIM)","JVKE,TOMORROW X TOGETHER,LE SSERAFIM,TAEHYUN,KIM CHAEWON",202,12A,78,2025-07-13,02:44,63,"k-pop, ","butterflies (feat. TAEHYUN of TOMORROW X TOGETHER & Kim Chaewon of LE SSERAFIM)",2025-07-10,50,38,0,80,10,10,-4,C♯/D♭ Minor,4,0VdikQbDdOqxdWQyYsLmne,US38Y2550482
541,"1999","MARK",109,10B,78,2025-07-13,03:25,62,"k-pop","The Firstfruit - The 1st Album",2025-04-07,77,1,0,69,10,30,-5,D Major,4,4irSoWVMefjnL4ZjmmM25t,KRA302500095
542,"+82 Pressin'","MARK,HAECHAN",106,10A,69,2025-07-13,03:22,55,"k-pop, ","The Firstfruit - The 1st Album",2025-04-07,94,7,0,91,0,0,-5,B Minor,4,4LNSkM5pU80uYmyYXzuaGJ,KRA302500072
543,"Fraktsiya","MARK,Lee Young Ji",152,3B,73,2025-07-13,03:12,51,"k-pop, k-rap","The Firstfruit - The 1st Album",2025-04-07,77,0,0,57,10,0,-6,C♯/D♭ Major,4,3Q0rdyBCuABLnAvyiyF9ld,KRA302400490
544,"Watching TV","MARK,Crush",128,7A,73,2025-07-13,03:06,52,"k-pop, k-rap, k-ballad","The Firstfruit - The 1st Album",2025-04-07,75,16,0,46,10,30,-6,D Minor,4,04eT5t3jBMa1NxTqgWoHtT,KRA302500100
545,"THIS IS FOR","TWICE",128,11A,74,2025-07-14,02:11,78,"k-pop","THIS IS FOR",2025-07-11,80,15,0,92,0,60,-5,F#/G♭ Minor,4,3598iBWrS4JhJqP5tHlpVK,US5TA2500103
546,"undressed","sombr",116,8B,89,2025-07-14,03:02,81,"","undressed",2025-03-21,64,14,0,89,0,0,-4,C Major,4,4AajxCEwGEsmHmT4H1TwjY,USWB12500737
547,"Dark Arts","aespa",146,3B,74,2025-07-15,03:01,59,"k-pop","Dark Arts",2025-07-15,72,19,0,79,30,10,-4,C♯/D♭ Major,4,2wRXvIGUTRWod4yp1k3bGN,KRA302500272
548,"Deixe Me Ir (feat. Pablo Martins) - Acústico 1Kilo","1Kilo,Baviera,Knust,Pablo Martins",187,8A,44,2025-07-16,03:33,75,"brazilian hip hop","Deixe Me Ir (feat. Pablo Martins) [Acústico 1Kilo]",2017-03-15,55,84,0,70,20,10,-11,A Minor,4,6JKkP9ABQzYZUFSKSVDKIc,US7VG1733981
549,"itazura","Koven Wei",114,10A,76,2025-07-17,02:15,53,"","itazura",2025-04-04,86,12,0,74,10,60,-6,B Minor,4,1h1tQXgzMm3EZL2h5anjKp,QZK6M2546963
550,"Can't Love You Anymore (With OHHYUK)","IU,OHHYUK",66,8A,63,2025-07-17,03:15,58,"k-pop, k-ballad","Palette",2017-04-21,61,57,0,66,30,20,-4,A Minor,4,5MvxeZPiiLAuB5gI8k3ynk,KRA381700864
551,"Always Love featuring Hyunjin (Stray Kids)","d4vd,Hyunjin",142,4A,47,2025-07-18,03:18,68,"","Always Love featuring Hyunjin (Stray Kids)",2025-06-27,36,43,0,40,0,10,-9,F Minor,4,1WKafez8TM4dVYlSsxi6dS,USUM72506682
552,"DIFFERENT","LE SSERAFIM",111,3A,77,2025-07-18,02:21,66,"k-pop","DIFFERENT",2025-06-08,76,5,0,87,0,0,-5,A#/B♭ Minor,4,0c6PVOqHNDuhH6uNfA13IX,JPZ672500023
553,"No Hands (feat. Roscoe Dash & Wale)","Waka Flocka Flame,Roscoe Dash,Wale",131,3B,60,2025-07-18,04:23,86,"","Flockaveli",2010-10-01,76,1,0,36,0,20,-6,C♯/D♭ Major,4,03tqyYWC9Um2ZqU0ZN849H,USWB11002103
554,"7 rings","Ariana Grande",140,12A,32,2025-07-19,02:58,86,"pop","thank u, next",2019-02-08,78,59,0,33,30,0,-11,C♯/D♭ Minor,4,6ocbgoVGwYJhOv1GgI9NsF,USUM71900110
555,"LOVE SCENARIO","iKON",118,9B,71,2025-07-20,03:29,71,"k-pop","Return",2018-01-25,81,33,0,75,0,20,-5,G Major,4,3d3ELsqKlQ7WA0a10Isu3l,KRA401800015
556,"Maniac","Conan Gray",108,4B,64,2025-07-20,03:05,76,"","Kid Krow",2020-03-20,63,0,0,49,0,30,-5,G#/A♭ Major,4,6KfoDhO4XUWSbnyKjNp9c4,USUM71920712
557,"Upside Down Kiss","TOMORROW X TOGETHER",112,10B,67,2025-07-21,02:15,66,"k-pop","The Star Chapter: TOGETHER",2025-07-21,89,13,0,58,0,10,-7,D Major,4,6bp3UWuLklGIK8VgkRUKkP,USA2P2529275
558,"Beautiful Strangers","TOMORROW X TOGETHER",87,10B,58,2025-07-21,02:18,72,"k-pop","The Star Chapter: TOGETHER",2025-07-21,60,5,0,7,0,0,-5,D Major,4,6IYvOX6K6tbBmj00JRU5Rw,USA2P2529276
559,"Ghost Girl","TOMORROW X TOGETHER",90,8A,78,2025-07-21,03:06,68,"k-pop","The Star Chapter: TOGETHER",2025-07-21,64,12,0,48,0,10,-6,A Minor,4,5voKDnuTGXBnIZbAqWnb8R,USA2P2529277
560,"Sunday Driver","TOMORROW X TOGETHER",131,2A,79,2025-07-21,02:47,63,"k-pop","The Star Chapter: TOGETHER",2025-07-21,74,22,0,88,0,10,-6,D#/E♭ Minor,4,4QfHWIOU5nh4yBdYSnt1AE,USA2P2529278
561,"Dance With You","TOMORROW X TOGETHER",100,10A,69,2025-07-21,02:20,61,"k-pop","The Star Chapter: TOGETHER",2025-07-21,83,1,0,37,10,0,-6,B Minor,4,7a9q19sVTEAq0SzgUZvbSy,USA2P2529279
562,"Take My Half","TOMORROW X TOGETHER",168,3B,47,2025-07-21,02:56,64,"k-pop","The Star Chapter: TOGETHER",2025-07-21,38,27,0,12,0,10,-6,C♯/D♭ Major,4,13tz8REkfaAuQrmKQwbToR,USA2P2529280
563,"Bird of Night","TOMORROW X TOGETHER",147,8B,43,2025-07-21,02:42,61,"k-pop","The Star Chapter: TOGETHER",2025-07-21,60,73,0,84,0,10,-7,C Major,4,73TsDyUBDWG2KnCZuLM7KB,USA2P2529281
564,"Song of the Stars","TOMORROW X TOGETHER",95,11B,75,2025-07-21,03:26,63,"k-pop","The Star Chapter: TOGETHER",2025-07-21,53,31,0,43,0,10,-6,A Major,4,1Kv0G4eKjJ4ysGRXlHvQCm,USA2P2529282
565,"Mind Games","Sickick",85,11B,45,2025-07-21,04:18,41,"","Mind Games",2017-11-16,69,47,6,36,0,20,-9,A Major,4,2wsYPQ6r1x829NPK1yR40P,QZANL1751842
566,"Impurities","LE SSERAFIM",90,8A,76,2025-07-23,03:16,61,"k-pop","ANTIFRAGILE",2022-10-17,72,23,0,46,0,0,-5,A Minor,4,7F0MuIk5glqtowCUjbn9es,USA2P2230330
567,"Free","Rumi,Jinu,KPop Demon Hunters Cast,EJAE,Andrew Choi",140,3B,56,2025-07-30,03:07,83,"k-pop, ","KPop Demon Hunters (Soundtrack from the Netflix Film)",2025-06-20,65,23,0,44,0,10,-6,C♯/D♭ Major,4,5DxDLsW6PsLz5gkwC7Mk5S,QZ8BZ2513513
568,"What It Sounds Like","HUNTR/X,EJAE,AUDREY NUNA,REI AMI,KPop Demon Hunters Cast",121,12A,71,2025-07-30,04:10,86,"k-pop","KPop Demon Hunters (Soundtrack from the Netflix Film)",2025-06-20,51,5,0,35,0,30,-4,C♯/D♭ Minor,4,5sBDrrtLGbV64QJnEqfjer,QZ8BZ2513514
569,"Crazy Form","ATEEZ",119,4A,79,2025-07-30,03:18,67,"k-pop, noise music","THE WORLD EP.FIN : WILL",2023-12-01,83,3,0,47,0,30,-5,F Minor,4,2KoeSRTm9cRulYnkaEyUaP,KRD442300022
570,"Ice On My Teeth","ATEEZ",101,11A,48,2025-07-30,03:03,65,"k-pop, noise music","GOLDEN HOUR : Part.2",2024-11-15,91,0,0,50,0,10,-7,F#/G♭ Minor,4,62eDE0RR8Sgh7yw8ZLeyAM,KRD442400039
571,"Guerrilla","ATEEZ",182,11B,89,2025-07-30,03:27,65,"k-pop, noise music","THE WORLD EP.1 : MOVEMENT",2022-07-29,56,0,0,58,10,0,-5,A Major,4,0tYZo2UhV1lrUez5CA0Iyw,KRD442200004
572,"BOUNCY (K-HOT CHILLI PEPPERS)","ATEEZ",150,4B,90,2025-07-30,03:07,72,"k-pop, noise music","THE WORLD EP.2 : OUTLAW",2023-06-16,53,1,0,48,10,10,-4,G#/A♭ Major,4,5KyOUICJIvO0z71MBdPGiX,KRD442300010
573,"PICK IT UP (feat. A$AP Rocky)","Famous Dex,A$AP Rocky",136,3B,47,2025-08-04,03:11,59,"rap","Pick It Up (feat. A$AP Rocky)",2017-10-20,92,1,0,29,10,30,-8,C♯/D♭ Major,4,3ncgNpxLoBQ65ABk4djDyd,QMCE31701367
574,"poppop","NCT WISH",130,7B,76,2025-08-08,03:02,63,"k-pop","poppop - The 2nd Mini Album",2025-04-14,74,4,0,65,0,10,-3,F Major,4,1Y3Z8ZgjFse47Nt2ZR4EFU,KRA302500121
575,"Killin' It Girl (feat. GloRilla)","j-hope,GloRilla",97,12B,92,2025-08-08,02:28,81,"k-pop, k-rap, ","Killin' It Girl (feat. GloRilla)",2025-06-13,77,0,0,71,0,20,-5,E Major,4,5PCOOngROV9jWsUViSy4Ed,USA2P2523089
576,"MONA LISA","j-hope",138,3B,81,2025-08-08,02:17,78,"k-pop, k-rap","MONA LISA",2025-03-21,80,3,0,96,0,0,-5,C♯/D♭ Major,4,5Fhr3wqeieN5WDkAsqL1JJ,USA2P2505689
577,"Les","Childish Gambino",103,12A,67,2025-08-12,05:17,88,"","Camp",2011-11-15,54,1,0,13,0,20,-7,C♯/D♭ Minor,4,7ghKr0pCYyPPyp7t1FH8k4,USYAH1100353
578,"RUNRUNRUN","Dutch Melrose",133,11A,62,2025-08-14,02:20,77,"dark r&b","RUNRUNRUN",2022-03-25,54,2,0,53,0,40,-11,F#/G♭ Minor,4,3jwQt00cvkN57H6ZR75W2K,QZDA52279341
579,"Nope your too late i already died","wifiskeleton,i wanna be a jack-o-lantern",120,9A,60,2025-08-15,01:30,86,"","suburban daredevil",2024-10-22,70,11,1,98,0,20,-10,E Minor,4,0hta2Lb2zKJ7kEnAEZEE3G,NL8RL2448015
580,"my twenty first reason </3","wifiskeleton",140,10B,46,2025-08-15,01:45,69,"","suburban daredevil",2024-10-22,42,40,0,40,0,0,-7,D Major,4,4K475XgrOAIwfIbp0Pks2B,NL8RL2448012
581,"おつかれSUMMER","HALCALI",140,9B,91,2025-08-15,03:59,75,"shibuya-kei, j-pop","ハルカリベーコン",2003-09-03,80,55,4,96,0,0,-5,G Major,4,3clPsjTbx4UOPMeQn7FZkV,JPFL00301560
582,"Bakamitai - Taxi Driver Edition","桐生一馬(黒田崇矢),SEGA GAME MUSIC,SEGA SOUND TEAM",74,9B,57,2025-08-15,04:51,58,"japanese vgm, soundtrack","Kazuma Kiryu Karaoke hit song collection(Ryu ga gotoku7 hikari to yami no yukue)",2020-01-16,52,5,46,28,0,30,-8,G Major,4,4xXu9UO2qdBotUOfqru2UC,JPR501929941
583,"Makudonarudo","Namewee,二宮芽生 Meu Ninomiya",137,11A,75,2025-08-15,02:55,47,"mandopop, c-pop, taiwanese pop, chinese hip hop, cantopop, ","亞洲通吃",2017-12-30,85,37,0,94,0,20,-6,F#/G♭ Minor,4,3J4b2mz1tIlOjug3qLKl2Y,MYNW11700026
584,"Fantasy 1982","LMR City Pop,Mei,R!zumu",128,4B,91,2025-08-15,04:24,44,"city pop, anime","Fantasy 1982",2024-12-20,74,28,0,82,0,0,-3,G#/A♭ Major,4,7Ei1DKe4hxpacfSKxhqTi7,QZZ7V2474038
585,"Matsuri","Fujii Kaze",97,3B,73,2025-08-15,03:45,67,"j-pop","LOVE ALL SERVE ALL",2022-03-23,66,1,5,36,0,20,-7,C♯/D♭ Major,4,7AMGgAPFczs3wJgMqu6Eqi,JPPO02200420
586,"OTONABLUE","ATARASHII GAKKO!",130,10A,82,2025-08-15,03:05,52,"j-pop, j-rock","OTONABLUE",2020-02-28,88,12,0,70,0,10,-5,B Minor,4,2ay8z5vGqKTSpGkmOR9IAo,JPF702000601
587,"Baby you","YUKA",170,10A,58,2025-08-15,02:43,54,"j-pop","Baby you",2023-01-18,81,16,0,87,0,10,-4,B Minor,4,7mawUh4upc0sJVHgkgY3wb,JPCO02230140
588,"Any angle","noa",176,10A,93,2025-08-15,02:07,49,"j-pop","Any angle",2024-01-05,47,15,0,85,20,10,-4,B Minor,4,4KiY8v1cM2S8BS8ob2IGVg,TCJPY2368711
589,"Wild Side -Anime Ver.-","ALI",131,5A,87,2025-08-15,01:29,64,"anime, j-pop","Wild Side -Anime Ver.-",2019-10-23,43,10,0,65,0,30,-2,C Minor,4,2JMs2Yw7li3OyszcS0TrxN,JPU901902305
590,"No More - Remastered","Manfred Minnich,Manfred Minnich Strings",122,5B,52,2025-08-16,02:38,47,"","Vintage Pearls: Retro Things with Strings",2021-12-16,47,9,84,58,0,30,-6,D#/E♭ Major,4,6Fc695rUyOAu5GHqPOj5s2,DEB632114721
591,"Écoute Chérie","Vendredi sur Mer",93,6A,65,2025-08-17,03:44,74,"french indie pop, french pop","Premiers émois",2019-03-22,61,14,0,69,0,20,-7,G Minor,4,1zyUz3eZ3sytdaR9lfW17q,FR9W11813454
592,"Count To Love","BOYNEXTDOOR",160,3B,77,2025-08-18,02:38,58,"k-pop","BOYLIFE",2025-08-17,70,3,0,89,0,0,-5,C♯/D♭ Major,4,1JcrxF5NysDqpik9nZ1Sa4,JPZ672500037
593,"Mecânica Celeste Aplicada","Yonlu",116,11B,29,2025-08-20,03:32,39,"","Yoñlu",2008-05-05,49,81,71,27,0,10,-12,A Major,4,7DGQ4elHQhgNLdOPtIM4jB,BRJZQ0700021
594,"Still into You","Paramore",136,7B,92,2025-08-21,03:36,84,"pop punk, emo","Paramore",2013-04-05,60,1,0,77,0,0,-4,F Major,4,1yjY7rpaAQvKwpdUliHx0d,USAT21300012
595,"Cosmic","Red Velvet",106,3B,56,2025-08-22,03:45,66,"k-pop","Cosmic",2024-08-01,72,3,0,65,0,10,-5,C♯/D♭ Major,4,2H7euNHOF7uADN6dfsWoZa,KRA302400202
596,"Sugar Rush Ride","TOMORROW X TOGETHER",125,3A,89,2025-08-22,03:06,68,"k-pop","The Name Chapter: TEMPTATION",2023-01-27,71,1,0,83,0,10,-4,A#/B♭ Minor,4,0rhI6gvOeCKA502RdJAbfs,USA2P2243432
597,"Tick-Tack","ILLIT",130,10B,75,2025-08-22,02:09,78,"k-pop","I'LL LIKE YOU",2024-10-21,87,14,0,96,0,0,-4,D Major,4,0znsc67nMhP4X9hjhvoyeP,USA2P2458812
598,"Blue Flame (2023 Ver.)","LE SSERAFIM",112,9A,75,2025-08-22,03:21,60,"k-pop","UNFORGIVEN",2023-05-01,77,2,0,76,0,0,-3,E Minor,4,2ahp0wvyEzyvgWfOhStHWp,USA2P2310661
599,"House of Cards (Full Length Edition)","BTS",105,7A,67,2025-08-22,03:46,72,"k-pop","The Most Beautiful Moment in Life: Young Forever",2016-05-02,37,34,0,38,0,10,-4,D Minor,4,6S2gYweMmT6xygVh5q3QLa,KRA381600807
600,"BLEEP","Stray Kids",97,10A,80,2025-08-23,02:47,71,"k-pop, noise music","KARMA",2025-08-22,63,5,0,49,20,10,-4,B Minor,4,4UP9Dn3u8O4p8oH41EXOai,US5TA2500178
601,"CEREMONY","Stray Kids",121,3B,65,2025-08-23,02:44,77,"k-pop, noise music","KARMA",2025-08-22,89,1,0,70,10,10,-3,C♯/D♭ Major,4,62xU1NllqWBCbkZFTXEqzF,US5TA2500179
602,"CREED","Stray Kids",160,4A,92,2025-08-23,02:41,71,"k-pop, noise music","KARMA",2025-08-22,57,0,0,61,10,30,-3,F Minor,4,2vhT1g99dOFuh1EFv1fiGE,US5TA2500180
603,"MESS","Stray Kids",150,8B,83,2025-08-23,03:29,65,"k-pop, noise music","KARMA",2025-08-22,60,15,0,60,0,0,-5,C Major,4,2nPfKVwhD3ndWpLk7grx0Q,US5TA2500181
604,"In My Head","Stray Kids",180,9B,51,2025-08-23,02:56,69,"k-pop, noise music","KARMA",2025-08-22,57,0,0,47,10,20,-5,G Major,4,2ZiMlGDHNEIuK0M0DL4Xel,US5TA2500182
605,"Half Time","Stray Kids",108,3B,76,2025-08-23,02:50,67,"k-pop, noise music","KARMA",2025-08-22,80,3,0,88,10,0,-3,C♯/D♭ Major,4,0UQFOgOBiLzd7icv7pk0dm,US5TA2500183
606,"Phoenix","Stray Kids",136,10A,82,2025-08-23,03:02,67,"k-pop, noise music","KARMA",2025-08-22,79,0,0,49,0,10,-4,B Minor,4,3yLOy7bjC1dDeOh4MArkq8,US5TA2500184
607,"0801","Stray Kids",110,3B,78,2025-08-23,03:24,68,"k-pop, noise music","KARMA",2025-08-22,71,10,0,32,10,10,-4,C♯/D♭ Major,4,1IyV9GwfMVEVMymw8N4nsI,US5TA2500186
608,"CEREMONY (Festival Version)","Stray Kids",128,8B,99,2025-08-23,02:52,62,"k-pop, noise music","KARMA",2025-08-22,71,1,0,56,20,10,-2,C Major,4,7M5Hi8WuBSsCP5ioxG0pUf,US5TA2500187
609,"CEREMONY (English Version)","Stray Kids",121,8B,66,2025-08-23,02:44,62,"k-pop, noise music","KARMA",2025-08-22,90,1,0,66,10,10,-3,C Major,4,4E0Qaiv0Fqm2DnIdigQTod,US5TA2500188
610,"Deer Hunter","&TEAM",112,1A,79,2025-08-24,03:06,63,"k-pop, j-pop","雪明かり (Yukiakari)",2024-12-17,90,38,0,71,20,0,-6,G#/A♭ Minor,4,5b2q0YAMyqk0JD0rHZZzQB,JPPO02405505
611,"Night Flower","Ahn Ye Eun",170,3A,50,2025-08-24,04:24,55,"k-ballad","Night Flower OST",2021-08-28,50,78,0,22,0,10,-6,A#/B♭ Minor,3,0CAWevK0VMgjnUas8aARLd,KRF592100064
612,"Wolf in Sheep's Clothing (feat. William Beckett)","Set It Off",165,10A,91,2025-08-24,03:07,68,"","Duality",2014-10-14,45,0,0,71,0,40,-4,B Minor,4,4WXFDVe299Po8ih6Np54n2,US3X51429208
613,"Lonely Day","System Of A Down",113,1A,80,2025-08-24,02:47,85,"nu metal, metal, alternative metal, rap metal, rock","Hypnotize",2005-11-22,47,36,0,22,0,10,-3,G#/A♭ Minor,3,1VNWaY3uNfoeWqb5U8x2QX,USSM10505340
614,"Pajama Parties no Uta","Pajama Parties",154,8B,94,2025-08-24,03:39,49,"","Pajama Parties no Uta",2024-02-23,70,2,56,84,0,0,-6,C Major,4,3qQMB8Hbsz8UO8y1XYxkl0,JPPC02410359
615,"ひとりごつ","ハチワレ(CV:田中 誠人)",97,10B,25,2025-08-24,01:30,49,"","HITORIGOTSU",2022-06-10,90,87,0,33,0,10,-6,D Major,4,13LAWsgJRQelNrEr5csuX0,JPT592210241
616,"King For A Day","Pierce The Veil,Kellin Quinn",112,2B,97,2025-08-25,03:56,81,"emo, screamo, post-hardcore, pop punk","Collide With The Sky",2012-07-17,40,0,0,43,10,30,-2,F#/G♭ Major,4,1IT0WQk5J8NsaeII8ktdlZ,US5261216604
617,"Get A Guitar","RIIZE",110,3B,62,2025-08-26,02:40,58,"k-pop","Get A Guitar",2023-09-04,90,13,0,90,0,10,-5,C♯/D♭ Major,4,3Dah48XTdzVtbIl4dUn6l4,KRA302300278
618,"Love 119","RIIZE",99,4B,75,2025-08-26,02:53,54,"k-pop","RIIZING - The 1st Mini Album",2024-06-17,75,43,0,42,0,20,-5,G#/A♭ Major,4,0QlNUEvJTe2QtXprDcfaOA,KRA302400001
619,"Love Me Like This","NMIXX",97,1A,81,2025-08-26,03:08,65,"k-pop","expérgo",2023-03-20,80,1,0,66,0,0,-4,G#/A♭ Minor,4,6P3CtlzTKLxcNYGOS3es8m,US5TA2200195
620,"HOT","SEVENTEEN",112,4A,78,2025-08-26,03:17,69,"k-pop","SEVENTEEN 4th Album 'Face the Sun'",2022-05-27,77,5,0,64,0,30,-4,F Minor,4,6I2tqFhk8tq69iursYxuxd,USA2P2146867
621,"Young, Dumb, Stupid","NMIXX",188,10B,79,2025-08-26,03:10,55,"k-pop","Young, Dumb, Stupid",2023-03-12,71,5,0,72,20,10,-3,D Major,4,09BWOhiJUaYufcOiKCA973,US5TA2200194
622,"Hate Rodrigo (Feat. YUQI)","YENA,YUQI",170,11A,96,2025-08-26,03:01,56,"k-pop","HATE XX",2023-06-27,61,1,0,78,10,10,-1,F#/G♭ Minor,4,5ms7rcVKjBFUtoVh8hE0Y9,KRMIM2364497
623,"Better Things","aespa",115,8B,77,2025-08-26,03:23,55,"k-pop","Drama - The 4th Mini Album",2023-11-10,78,11,0,55,0,50,-5,C Major,4,330IIz7d75eqAsKq1xhzXR,KRA302300242
624,"PUPPET SHOW","XG",150,8B,61,2025-08-26,03:19,64,"k-pop","NEW DNA",2023-09-27,78,8,0,72,10,20,-6,C Major,4,7sDkXyDikXhpRz715MdiEp,JPB602302864
625,"MEXE","Pabllo Vittar,NMIXX",140,3B,66,2025-08-26,02:26,58,"brazilian pop, funk pop, tecnobrega, k-pop","MEXE",2025-08-21,81,6,0,54,10,10,-5,C♯/D♭ Major,4,43x4drok2kDJqm9dgRr685,BK2BQ2500007
626,"O.O","NMIXX",200,10A,77,2025-08-26,02:52,63,"k-pop","AD MARE",2022-02-22,39,4,0,30,30,0,-4,B Minor,4,44zfpg3ndtGESsgpTbWeyE,US5TA2100138
627,"DICE","NMIXX",131,9B,80,2025-08-26,02:45,65,"k-pop","ENTWURF",2022-09-19,56,8,0,63,20,30,-3,G Major,4,5aaE27JUylnG7aPtGJPrrC,US5TA2200097
628,"NIGHTS LIKE THIS","The Kid LAROI",143,2B,76,2025-08-27,01:26,85,"","THE FIRST TIME",2023-11-10,48,1,0,12,0,10,-5,F#/G♭ Major,4,1XBYiRV30ykHw5f4wm6qEn,USSM12308065
629,"Cooler Than Me","Ethan Fields",136,4A,85,2025-08-27,02:35,69,"","Cooler Than Me",2020-08-15,58,0,0,63,0,30,-5,F Minor,4,26CCPKPZQGVYSXLJVDgCEo,QZK6M2043675
630,"Cooler Than Me - Single Mix","Mike Posner,Gigamesh",130,6A,82,2025-08-27,03:33,81,"nu disco, french house, indie dance","31 Minutes to Takeoff",2010-08-09,77,18,0,63,0,60,-5,G Minor,4,2V4bv1fNWfTcyRJKmej6Sj,USJAY1000035
631,"TAKEDOWN (JEONGYEON, JIHYO, CHAEYOUNG) (from the Netflix film KPop Demon Hunters)","TWICE",140,12A,80,2025-08-27,03:00,70,"k-pop","THIS IS FOR (DELUXE)",2025-07-14,82,9,0,50,10,20,-4,C♯/D♭ Minor,4,6eBYkBuDknRmKLj68hIfWW,USUG12504881
632,"Sugar On My Tongue","Tyler, The Creator",126,1B,50,2025-08-27,02:33,84,"","DON'T TAP THE GLASS",2025-07-21,70,3,0,46,10,10,-7,B Major,4,6xV7Be6XEvkSnighmh2Tzj,USQX92503270
633,"(They Long To Be) Close To You","Carpenters",89,4B,23,2025-08-27,04:33,70,"christmas, adult standards","Close To You",1970-01-01,53,73,0,21,0,10,-15,G#/A♭ Major,4,2kyVQg00pphEufGT59M2XH,USAM17000373
634,"Creep","Radiohead",92,9B,43,2025-08-28,03:58,93,"art rock, alternative rock","Pablo Honey",1993-02-22,52,1,0,10,0,10,-10,G Major,4,70LcF31zb1H0PyJoS1Sx1r,GBAYE9200070
635,"Creep (SAN)","ATEEZ",75,3A,75,2025-08-28,03:11,58,"k-pop, noise music","GOLDEN HOUR : Part.3 'In Your Fantasy Edition'",2025-07-11,60,0,0,51,0,0,-5,A#/B♭ Minor,4,30mC7W7Ngzf8BNTEnEVWh3,KRD442500022
636,"2 Baddies","NCT 127",172,10B,92,2025-08-28,03:50,56,"k-pop, noise music","2 Baddies - The 4th Album",2022-09-15,60,15,0,53,20,0,-2,D Major,4,1OXO0Onox9F26Pp732HnsI,KRA302200149
637,"Ay-Yo","NCT 127",90,1A,85,2025-08-28,03:41,50,"k-pop, noise music","Ay-Yo - The 4th Album Repackage",2023-01-29,75,1,0,41,10,30,-3,G#/A♭ Minor,4,5GjsSIKxzOdM1NjqDqqqOs,KRA302300002
638,"Cherry Bomb","NCT 127",78,11A,60,2025-08-28,03:56,62,"k-pop, noise music","NCT #127 CHERRY BOMB - The 3rd Mini Album",2017-06-14,71,0,0,80,20,0,-5,F#/G♭ Minor,4,3o8QzWsiiqTUVgBZfHgF58,KRA301700238
639,"BOSS","NCT,NCT U",99,3A,54,2025-08-28,03:30,61,"k-pop, noise music","NCT 2018 EMPATHY",2018-03-14,79,2,0,33,0,0,-7,A#/B♭ Minor,4,0ErzcmZ2gIwX7X0xSMQPix,KRA301800100
640,"Tempo","EXO",116,8B,84,2025-08-28,03:44,68,"k-pop","DON’T MESS UP MY TEMPO – The 5th Album",2018-11-02,69,24,0,52,10,0,-4,C Major,4,4EjUFjzi4ErWjklOA3Aslu,KRA301800481
641,"Favorite (Vampire)","NCT 127",150,4A,76,2025-08-28,03:35,56,"k-pop, noise music","Favorite - The 3rd Album Repackage",2021-10-24,56,0,0,18,0,10,-4,F Minor,4,6412NtV3XH9z7XrrxBkopc,KRA302100305
642,"Whiplash","NCT 127",100,12A,77,2025-08-28,03:21,57,"k-pop, noise music","NCT #127 CHERRY BOMB - The 3rd Mini Album",2017-06-14,82,3,0,76,10,10,-6,C♯/D♭ Minor,4,2iPxDFeN27VrKgGdZ0AIKw,KRA301700242
643,"Baggy Jeans","NCT U",89,3B,64,2025-08-28,03:31,54,"k-pop, noise music","Golden Age - The 4th Album",2023-08-28,73,1,0,63,20,10,-4,C♯/D♭ Major,4,3fR9cyHIKckUDwuy3m5tKn,KRA302300281
644,"American Idiot","Green Day",186,3B,99,2025-08-29,02:56,85,"punk, pop punk","American Idiot",2004-09-21,38,0,0,77,0,30,-2,C♯/D♭ Major,4,6nTiIhLmQ3FWhvrGafw2zj,USRE10400888
645,"In the End","Linkin Park",105,2A,86,2025-08-29,03:36,91,"nu metal, rap metal, rock, alternative metal","Hybrid Theory (Bonus Edition)",2000-10-24,56,1,0,40,0,20,-6,D#/E♭ Minor,4,60a0Rd6pjrkxjPbaKzXjfq,USWB10002407
646,"Faint","Linkin Park",135,12B,98,2025-08-29,02:42,87,"nu metal, rap metal, rock, alternative metal","Meteora",2003-03-25,55,13,0,61,10,0,-4,E Major,4,4Yf5bqU3NK4kNOypcrLYwU,USWB10300468
647,"One Step Closer","Linkin Park",95,11B,97,2025-08-29,02:37,85,"nu metal, rap metal, rock, alternative metal","Hybrid Theory (Bonus Edition)",2000-10-24,49,0,0,54,0,0,-4,A Major,4,3K4HG9evC7dg3N0R9cYqk4,USWB10002399
648,"Make A Wish (Birthday Song)","NCT U",101,4B,80,2025-08-29,03:49,60,"k-pop, noise music","NCT RESONANCE Pt. 1 - The 2nd Album",2020-10-12,73,6,0,69,10,0,-2,G#/A♭ Major,4,1Q5SpQeocfNXefx76svqkl,KRA302000484
649,"Surf","NCT WISH",122,3B,84,2025-08-29,03:04,52,"k-pop","Surf",2025-08-12,64,4,0,74,0,30,-3,C♯/D♭ Major,4,2bJI4NceMjye26SmzewutW,KRA302500373
650,"Dream","LISA",160,5B,52,2025-08-29,03:43,69,"k-pop","Alter Ego",2025-02-28,60,73,0,20,0,10,-5,D#/E♭ Major,4,78w38QMvXYulFfP6AKFVdk,USRC12403314
651,"Darl+ing","SEVENTEEN",96,8B,69,2025-08-29,02:56,61,"k-pop","Darl+ing",2022-04-15,71,30,0,48,0,40,-5,C Major,4,6vo0dV9t7PCQZKsLFwVwZ5,USA2P2212798
654,"GO!","CORTIS",150,4B,43,2025-08-29,02:52,46,"k-pop","GO!",2025-08-10,79,22,0,30,30,0,-6,G#/A♭ Major,4,4OKF1qrh1rekRTAgscByki,USA2P2536196
655,"Don′t do That","Leellamarz,TOIL",132,6B,65,2025-08-31,02:15,60,"k-rap, k-ballad","TOYSTORY3",2022-05-20,88,35,0,97,0,0,-6,A#/B♭ Major,4,5OiD0uUNxZkSyG3opReDlx,KRE132200040
656,"Mean Girls","KATSEYE",135,11B,64,2025-08-31,03:36,71,"k-pop","BEAUTIFUL CHAOS",2025-06-27,70,21,0,27,30,10,-5,A Major,4,6oDFDGaAayXd8HXmynsgPv,USUM72503466
657,"Killin' It Girl (Solo Version)","j-hope",194,1B,89,2025-08-31,02:18,78,"k-pop, k-rap","Killin' It Girl (feat. GloRilla)",2025-06-13,66,0,0,80,10,20,-5,B Major,4,32SrQzg34vQiYjyzjg3wum,USA2P2518921
658,"Hollow","Stray Kids",106,8A,68,2025-08-31,03:29,72,"k-pop, noise music","Hollow",2025-06-11,70,10,0,31,10,0,-6,A Minor,4,5K1thEZHOgjE89mxwA01T9,JPU902502006
659,"Cálice","Indireto,Pitty",125,12A,88,2025-08-31,03:39,50,"mpb, brazilian rock, brazilian pop","Cálice",2011-05-09,54,16,0,38,0,80,-4,C♯/D♭ Minor,4,74YpUpLegyeWxhNYft9dV0,BRUAT1000006
660,"ICONIK","ZEROBASEONE",120,7B,87,2025-09-01,03:13,59,"k-pop","NEVER SAY NEVER",2025-09-01,78,11,0,54,0,0,-4,F Major,4,7srZ5Feiz5S4R4O9jL1Dx4,KRA492500539
661,"SLAM DUNK","ZEROBASEONE",105,9B,83,2025-09-01,02:57,43,"k-pop","NEVER SAY NEVER",2025-09-01,77,3,0,64,10,30,-6,G Major,4,3OBYBr0klSq5GYo1ZVEuVG,KRA492500522
662,"Lovesick Game","ZEROBASEONE",138,11A,56,2025-09-01,03:17,50,"k-pop","NEVER SAY NEVER",2025-09-01,42,32,0,62,0,10,-5,F#/G♭ Minor,4,4aBQa5IjLc83hGK1uXJidS,KRA492500540
663,"Goosebumps","ZEROBASEONE",120,12A,80,2025-09-01,02:35,50,"k-pop","NEVER SAY NEVER",2025-09-01,79,9,0,80,0,10,-5,C♯/D♭ Minor,4,4rQoLdu5ZW52wcZmeffNuh,KRA492500541
664,"Dumb","ZEROBASEONE",108,8B,62,2025-09-01,02:44,42,"k-pop","NEVER SAY NEVER",2025-09-01,90,13,0,33,0,20,-5,C Major,4,3eeoQU6rY7agi5REUTpUVC,KRA492500542
665,"NOW OR NEVER (Korean ver.)","ZEROBASEONE",170,11B,89,2025-09-01,03:22,40,"k-pop","NEVER SAY NEVER",2025-09-01,56,10,0,64,20,30,-3,A Major,4,6kGCAKTcgopUP2ayoOhA5C,KRA492500543
666,"EXTRA","ZEROBASEONE",100,6A,94,2025-09-01,02:55,44,"k-pop","NEVER SAY NEVER",2025-09-01,55,2,0,82,20,10,-3,G Minor,4,4ZPOFNiYqq794zUIkV0dc1,KRA492500544
667,"Long Way Back","ZEROBASEONE",142,3A,69,2025-09-01,03:16,48,"k-pop","NEVER SAY NEVER",2025-09-01,62,25,0,35,0,10,-5,A#/B♭ Minor,5,6BhGHoG69owxWCtYJgUkLI,KRA492500545
668,"Star Eyes","ZEROBASEONE",128,9B,89,2025-09-01,04:03,48,"k-pop","NEVER SAY NEVER",2025-09-01,66,3,0,73,0,10,-5,G Major,4,3Le6YWI3X5VDYTLnKpEv31,KRA492500546
669,"I Know U Know","ZEROBASEONE",150,7B,44,2025-09-01,03:30,45,"k-pop","NEVER SAY NEVER",2025-09-01,59,57,0,31,0,10,-6,F Major,4,4E6t35HWc9FuGKaGaHa2tU,KRA492500547
670,"DOMINO (English Ver.)","Stray Kids",160,9B,88,2025-09-01,03:18,57,"k-pop, noise music","Christmas EveL",2021-11-29,68,3,0,69,0,0,-2,G Major,4,0b9YBfAcbnhVDUFmsfpDFj,US5TA2100118
671,"Attention, please!","ENHYPEN",150,7A,87,2025-09-01,02:47,57,"k-pop","DIMENSION : DILEMMA",2021-10-12,50,0,0,61,0,20,-5,D Minor,4,59qDYPZPkMPl8qSYRig1xn,USA2P2135697
672,"XOXZ","IVE",98,4B,79,2025-09-04,02:34,70,"k-pop","IVE SECRET",2025-08-25,78,3,0,49,0,10,-5,G#/A♭ Major,4,3L9KMc8ImDXgDYKwdqq01V,QMDA62523816
673,"DIFFERENT - English ver.","LE SSERAFIM",111,3A,80,2025-09-04,02:21,55,"k-pop","DIFFERENT (English ver.)",2025-06-13,80,5,0,90,0,10,-5,A#/B♭ Minor,4,0Slvwx0p3H5wyB4s8EB7Aj,JPZ672500032
674,"Rich Man","aespa",110,3A,92,2025-09-05,03:17,72,"k-pop","Rich Man - The 6th Mini Album",2025-09-05,73,9,0,67,10,0,-3,A#/B♭ Minor,4,2lzb0dgTFAfrHfzlZA9Hxw,KRA302500361
675,"Waste No Time","XngHan&Xoul",130,12A,88,2025-09-05,02:54,49,"","Waste No Time",2025-07-31,69,1,0,64,10,0,-4,C♯/D♭ Minor,4,2PrUUUaajXyCOZYQAQVdwC,KRA302500344
676,"Feel It (From “Invincible”)","d4vd",121,4B,59,2025-09-05,02:37,81,"","Feel It (From “Invincible”)",2024-03-28,56,3,0,43,0,20,-6,G#/A♭ Major,4,3SAga35lAPYdjj3qyfEsCF,USUM72401132
677,"More Than Just Friends","d4vd",154,7A,64,2025-09-05,02:06,0,"","More Than Just Friends",2022-04-24,64,4,0,89,0,0,-8,D Minor,4,5jcvoTJj4GTErpDlbwOcjX,QZHN62266237
678,"Summer Uptown","jasontheween,d4vd",164,10A,74,2025-09-05,02:35,1,"","Summer Uptown",2025-07-09,53,1,0,77,0,10,-7,B Minor,4,7t98lQEVYPP58rkubC03Mh,USA2P2534113
679,"Feel It","d4vd",121,4B,60,2025-09-05,02:37,2,"","WITHERED",2025-04-25,56,3,0,48,0,20,-6,G#/A♭ Major,4,0auX6W6oLjO9cHmx4UTaNj,USUM72401132
680,"THE LINE (feat. d4vd)","The Kid LAROI,d4vd",92,6A,35,2025-09-05,02:32,52,"","THE FIRST TIME",2023-11-10,67,83,0,69,0,30,-10,G Minor,4,6peLcllXcq0BQ6XiwtlVA7,USSM12308072
681,"Boulevard of Broken Dreams","Green Day",167,4B,58,2025-09-06,04:20,81,"punk, pop punk","American Idiot (20th Anniversary Deluxe Edition)",2024-10-25,51,0,0,61,0,0,-8,G#/A♭ Major,4,0U87auHx1iZTEFcq9KVdmO,USRE11200337
682,"Basket Case","Green Day",85,5B,94,2025-09-10,03:01,86,"punk, pop punk","Dookie",1994-02-01,44,0,0,78,0,0,-3,D#/E♭ Major,4,6L89mwZXSOwYl76YXfX13s,USRE19900151
683,"Holiday","Green Day",146,4B,83,2025-09-10,03:52,79,"punk, pop punk","American Idiot (20th Anniversary Deluxe Edition)",2024-10-25,56,0,0,65,0,80,-7,G#/A♭ Major,4,0lvhEsN1zkMzfp2M1o17yy,USRE11200336
684,"Shut up My Moms Calling","Hotel Ugly",138,8A,41,2025-09-10,02:44,89,"","Shut up My Moms Calling",2020-02-10,49,33,0,38,10,10,-11,A Minor,4,3hxIUxnT27p5WcmjGUXNwx,TCAEQ2083509
685,"Legends Never Die","League of Legends,Against The Current",140,9A,60,2025-09-10,03:55,13,"pop punk","Legends Never Die",2017-09-15,50,1,0,6,0,10,-7,E Minor,4,1FpVJ7HpZInE2GvhVE2TwT,QMAF31500062
686,"Come Over","LE SSERAFIM",156,9A,93,2025-09-11,02:17,65,"k-pop","HOT",2025-03-14,67,14,0,91,0,0,-3,E Minor,4,6efcMTYO2lJ0zcpQEPk8m1,USA2P2507989
687,"jellyous","ILLIT",162,4B,86,2025-09-11,02:43,71,"k-pop","bomb",2025-06-16,63,5,0,44,10,0,-4,G#/A♭ Major,4,0wFU2pYHZi45Ws1VD6aSJX,USA2P2525116
688,"Build Our Machine","Dagames",130,7A,90,2025-09-15,04:05,67,"","Build Our Machine",2017-02-25,60,50,0,85,10,20,-6,D Minor,4,2c7crkxACouDpMoCilD1ao,QM4DW1706229
689,"REBEL HEART","IVE",128,9B,78,2025-09-16,03:08,70,"k-pop","REBEL HEART",2025-01-13,68,2,0,53,0,0,-5,G Major,4,0qdPpfbrgdBs6ie9bTtQ1d,QMFMF2434277
690,"ATTITUDE","IVE",118,3B,84,2025-09-16,03:14,70,"k-pop","IVE EMPATHY",2025-02-03,81,8,0,53,0,0,-5,C♯/D♭ Major,4,49oOgXKqm6xTavBtekzVHg,QMFMF2434281
691,"Ash","ATEEZ",125,5A,72,2025-09-16,03:17,58,"k-pop, noise music","Ashes to Light",2025-09-16,77,11,0,57,0,20,-6,C Minor,4,0k7wgQsVXg6ojBukAleznY,JPPO02502476
692,"12 Midnight","ATEEZ",140,11A,71,2025-09-16,02:48,51,"k-pop, noise music","Ashes to Light",2025-09-16,77,3,0,53,0,10,-5,F#/G♭ Minor,4,6ln6qj6dSFvqov86pjNmA3,JPPO02502477
693,"Tippy Toes","ATEEZ",87,9A,69,2025-09-16,03:21,53,"k-pop, noise music","Ashes to Light",2025-09-16,49,11,0,39,30,10,-6,E Minor,4,5Sccf0gi8MPBR5LUojKEOv,JPPO02502478
694,"FACE","ATEEZ",95,3B,95,2025-09-16,02:46,51,"k-pop, noise music","Ashes to Light",2025-09-16,48,0,0,80,0,10,-4,C♯/D♭ Major,4,7IJlSdPxa2yXcOmfK28CWk,JPPO02502479
695,"Crescendo","ATEEZ",164,11B,68,2025-09-16,03:45,49,"k-pop, noise music","Ashes to Light",2025-09-16,43,10,0,48,0,40,-5,A Major,4,0reUoMMAzMFAZnrnkJBYUR,JPPO02502480
696,"NOT OKAY","ATEEZ",140,6A,90,2025-09-16,03:34,49,"k-pop, noise music","Ashes to Light",2025-09-16,62,2,0,47,0,20,-4,G Minor,4,6w5aKGapYq9GIrHVFhzXB3,JPPO02304288
697,"Days","ATEEZ",88,5B,77,2025-09-16,04:15,46,"k-pop, noise music","Ashes to Light",2025-09-16,57,3,0,25,0,10,-4,D#/E♭ Major,4,4pLmTcwR5pe951MMPoTuYx,JPPO02304289
698,"Birthday","ATEEZ",102,3A,77,2025-09-16,02:44,48,"k-pop, noise music","Ashes to Light",2025-09-16,89,6,0,68,0,0,-4,A#/B♭ Minor,4,1cQr35R6g1TucvVctoF8yO,JPPO02403374
699,"Forevermore","ATEEZ",80,12B,73,2025-09-16,04:47,47,"k-pop, noise music","Ashes to Light",2025-09-16,49,8,0,31,0,30,-4,E Major,4,6aJkoM1xlR7OKy14cq9CIu,JPPO02403376
700,"Camera Lights","HAECHAN",92,4A,53,2025-09-17,03:45,53,"","TASTE - The 1st Album",2025-09-08,68,28,0,70,0,40,-7,F Minor,4,201nq7iIM3amZvwqkAU9U6,KRA302500445
701,"CRZY","HAECHAN",115,12A,91,2025-09-17,03:26,62,"","TASTE - The 1st Album",2025-09-08,76,14,0,66,0,0,-3,C♯/D♭ Minor,4,2jlVG4zVT1HEeuZJlfnQt5,KRA302500446
702,"ADRENALINE","HAECHAN",103,6A,65,2025-09-17,03:06,54,"","TASTE - The 1st Album",2025-09-08,68,4,0,43,0,10,-5,G Minor,4,3JLLTvYhMgWXGdRYPSpi8V,KRA302500447
703,"Love Beyond","HAECHAN",90,4A,80,2025-09-17,03:17,50,"","TASTE - The 1st Album",2025-09-08,69,8,0,96,10,0,-5,F Minor,4,6gSkAFePVIUhsgdlpTKSpK,KRA302500448
704,"Roll With Me","HAECHAN",94,2B,56,2025-09-17,03:23,53,"","TASTE - The 1st Album",2025-09-08,74,15,0,63,0,30,-7,F#/G♭ Major,4,7u6ry90Zj64F5HTo0JO8vB,KRA302500449
705,"Intermission","HAECHAN",94,3B,53,2025-09-17,01:14,46,"","TASTE - The 1st Album",2025-09-08,39,16,52,47,10,30,-11,C♯/D♭ Major,4,0eF3uzS3oEPLyC2aySZMxD,KRA302500450
706,"Talented","HAECHAN",100,3B,69,2025-09-17,03:03,50,"","TASTE - The 1st Album",2025-09-08,68,6,0,73,20,20,-5,C♯/D♭ Major,4,5GF1ROx4hhgAm6BFvPHeqy,KRA302500451
707,"WYN?","HAECHAN,HAON",104,9A,77,2025-09-17,02:41,54,"k-rap","TASTE - The 1st Album",2025-09-08,73,1,0,54,0,50,-5,E Minor,4,0LnuWxe9solwAEApMDRVNU,KRA302500452
708,"Should Be","HAECHAN",134,6B,68,2025-09-17,03:41,53,"","TASTE - The 1st Album",2025-09-08,52,51,0,32,10,10,-6,A#/B♭ Major,4,6RybX8DaxyEbzw7S5NwA9H,KRA302500453
709,"Grey Rain","HAECHAN",132,8A,41,2025-09-17,03:34,49,"","TASTE - The 1st Album",2025-09-08,53,77,0,70,0,20,-6,A Minor,4,7KMgmHGcGQe8fvEy32SegP,KRA302500454
710,"Outro (Back In The Studio)","HAECHAN",93,4B,47,2025-09-17,01:27,44,"","TASTE - The 1st Album",2025-09-08,45,44,79,34,20,30,-22,G#/A♭ Major,4,6kia2z6UeUsnq4o8NCo0jR,KRA302500455
711,"Angel of the Stage","Tryhardninja,Nina Zeitlin",107,10B,81,2025-09-17,03:35,42,"electro swing","Video Game Songs, Vol. 3",2017-04-06,74,32,0,69,0,0,-5,D Major,4,1PJ4YMZ5zCcNUifttO9ImS,QM2PV1775333
712,"Rev Up Power Up","OR3O,Thai McGrath",190,3B,92,2025-09-18,03:34,56,"electro swing, ","Rev Up Power Up",2023-04-11,50,4,0,75,20,60,-3,C♯/D♭ Major,4,3isFkD0iHBJUsXztAvAn5i,QZHN82312232
713,"Funked Up","OR3O,Sleeping Forest,Lollia,JerBear,Kuraiinu",145,3B,92,2025-09-18,03:32,48,"electro swing, vocaloid","Funked Up",2021-06-16,71,9,0,60,10,30,-6,C♯/D♭ Major,4,60EnqL69SvKtuKY9Q8hek9,QZHNC2173466
714,"FaSHioN","CORTIS",77,6A,85,2025-09-18,02:54,83,"k-pop","COLOR OUTSIDE THE LINES",2025-09-08,63,1,0,25,10,30,-4,G Minor,4,4ecdsGz3Hg6TKPwQ0ZOdJz,USA2P2536189
715,"Scott and Zelda","BIBI",156,7A,53,2025-09-19,03:13,74,"k-pop, k-rap","EVE: ROMANCE",2025-05-14,70,15,0,65,0,0,-9,D Minor,4,1MJyiTlVdSLAjI9aclZ3hL,KRA382503380
716,"GALA","XG",131,11A,87,2025-09-21,03:47,55,"k-pop","GALA",2025-09-19,81,5,0,40,0,50,-6,F#/G♭ Minor,4,6laUIsJKwTQMXAAEKnCwES,JPB602502960
717,"VITAMINA","Jombriel,DFZM,Jøtta",92,3A,75,2025-09-23,03:28,79,"salsa choke","VITAMINA",2025-02-27,82,2,0,77,0,0,-5,A#/B♭ Minor,4,0DMJz677XfXiiruhIELu2e,USWL12500632
718,"That's What I Like","Bruno Mars",134,3B,56,2025-10-02,03:26,92,"","24K Magic",2016-11-18,85,1,0,86,0,0,-5,C♯/D♭ Major,4,0KKkJNfGyhkQ5aFogxQAPU,USAT21602948
719,"Guys Dont Like Me","It Boys!",140,4B,66,2025-10-02,02:52,65,"nightcore","Introduction",2012-07-01,57,2,0,62,10,30,-7,G#/A♭ Major,4,04OzTY1aR3ddOvyzHORSIh,US4E41291103
720,"She's Crazy but She's Mine","Alex Sparrow",120,5A,76,2025-10-02,03:39,70,"","She's Crazy but She's Mine",2015-10-02,69,1,0,85,0,20,-3,C Minor,4,2p3QvyvrdHGntOeBwQNJQP,SE5Z21800101
721,"Ayo Technology","50 Cent,Justin Timberlake,Timbaland",140,1A,78,2025-10-02,04:07,14,"old school hip hop, east coast hip hop, ","Curtis",2007-01-01,63,8,0,42,10,0,-5,G#/A♭ Minor,4,6kfQDanT6Buh4Wu73ghbav,USUM70735445
722,"N/S","Stray Kids",130,9A,66,2025-10-02,03:44,55,"k-pop, noise music","SKZ2021",2021-12-23,81,0,0,37,0,10,-5,E Minor,4,4awANMW1SGfKtN5283lWjN,US5TA2100131
723,"Please Me","Cardi B,Bruno Mars",134,3B,57,2025-10-02,03:20,76,"","Please Me",2019-02-15,75,6,0,65,0,0,-7,C♯/D♭ Major,4,0PG9fbaaHFHfre2gUVo7AN,USAT21811659
724,"Checklist (feat. Chromeo)","MAX,Chromeo",123,6A,79,2025-10-02,02:15,56,"nu disco, alternative dance","Checklist (feat. Chromeo)",2019-11-01,79,7,0,87,0,20,-4,G Minor,4,3rT0YIyiE1n8JAUpBCUudE,USQX91902534
725,"SexyBack (feat. Timbaland)","Justin Timberlake,Timbaland",117,6A,58,2025-10-02,04:02,87,"","FutureSex/LoveSounds",2006-09-12,97,6,0,96,0,0,-6,G Minor,4,0O45fw2L5vsWpdsOdXwNAR,USJI10600269
726,"STUPID IN LOVE (feat. HUH YUNJIN of LE SSERAFIM)","MAX,HUH YUNJIN",153,1A,70,2025-10-02,02:53,62,"k-pop","STUPID IN LOVE (feat. HUH YUNJIN of LE SSERAFIM)",2024-02-09,66,8,0,59,10,30,-5,G#/A♭ Minor,4,60JZB9waHUPWJTGbYO6kDB,USWB12400075
727,"I Don't Want to Miss a Thing - From  Armageddon  Soundtrack","Aerosmith",121,10B,66,2025-10-02,04:58,76,"classic rock, rock","Armageddon - The Album",1998-06-23,38,17,0,14,0,20,-5,D Major,4,225xvV8r1yKMHErSWivnow,USSM19801545
728,"back to friends","sombr",93,3B,72,2025-10-03,03:19,91,"","back to friends",2024-12-27,44,0,0,24,0,0,-2,C♯/D♭ Major,4,0FTmksd2dxiE5e3rWyJXs6,USWB12405502
729,"EX","P1Harmony",148,10B,85,2025-10-03,02:53,62,"k-pop, noise music","EX",2025-09-26,79,5,0,89,10,0,-4,D Major,4,50ARYbP5bKUn4YVKZIEfbS,KRMIM2548487
730,"i like the way you kiss me","Artemas",152,1B,95,2025-10-03,02:22,81,"","i like the way you kiss me",2024-03-19,60,0,1,75,0,0,-4,B Major,4,2GxrNKugF82CnoRFbQfzPf,QZJ842400387
731,"Dark Red","Steve Lacy",172,2B,78,2025-10-03,02:53,87,"","Dark Red",2017-02-20,60,45,0,77,0,10,-4,F#/G♭ Major,4,3EaJDYHA0KnX88JvDhL9oa,GBKPL1778015
732,"MONTAGEM RUGADA","cape,JXNDRO,Sayfalse",130,10B,98,2025-10-03,01:32,83,"phonk, brazilian phonk, funk","MONTAGEM RUGADA",2025-08-27,51,2,0,66,0,10,-1,D Major,4,7hCUHXMZknrymWCyeMx8B6,QT5M22560359
733,"Lights Down Low (feat. Waka Flocka Flame)","Maejor,Waka Flocka Flame",155,6A,86,2025-10-03,03:06,77,"","Lights Down Low (feat. Waka Flocka Flame)",2012-03-23,72,7,0,67,0,0,-3,G Minor,4,0hkR93a0LriV2CQUhSXw3h,USRC11200140
734,"Love Me Not","Ravyn Lenae",114,8B,74,2025-10-03,03:33,88,"alternative r&b, indie soul","Love Me Not / Love Is Blind",2024-05-03,79,29,0,82,0,10,-6,C Major,4,1UNEuG9DYOWiikf00ayr52,USAT22401137
735,"party 4 u","Charli xcx",79,3B,52,2025-10-03,04:56,84,"hyperpop, art pop","how i'm feeling now",2020-05-15,58,76,0,25,10,60,-8,C♯/D♭ Major,4,2RdEC8Ff83WkX7kDVCHseE,GBAHS2000219
736,"Heartbeat","Childish Gambino",120,12A,55,2025-10-03,04:29,85,"","Camp",2011-11-15,80,0,0,29,10,0,-7,C♯/D♭ Minor,4,5AGQSF0ytihJyt96K5vW9d,USYAH1100351
737,"Flashing Lights","Kanye West,Dwele",90,11A,63,2025-10-03,03:57,89,"rap, neo soul","Graduation",2007-09-11,64,4,0,43,0,30,-8,F#/G♭ Minor,4,5TRPicyLGbAF2LGBFbHGvO,USUM70749095
738,"God Is","Kanye West",105,3B,64,2025-10-03,03:23,78,"rap","JESUS IS KING",2019-10-25,66,34,0,27,0,10,-4,C♯/D♭ Major,4,6xRWoYwfwIKnT8bQGzKbxR,USUM71922073
739,"Father Stretch My Hands Pt. 1","Kanye West",113,9B,57,2025-10-03,02:15,82,"rap","The Life Of Pablo",2016-06-10,72,12,0,44,0,50,-4,G Major,4,4KW1lqgSr8TKrvBII0Brf8,USUM71603067
740,"Pretty Boy","P1Harmony",102,4A,84,2025-10-03,02:56,68,"k-pop, noise music","DUH!",2025-05-08,86,10,0,49,10,0,-3,F Minor,4,4etRRTZx5odrdgKiZqGSZ6,KRA382501665
741,"DUH!","P1Harmony",103,10A,73,2025-10-03,03:05,65,"k-pop, noise music","DUH!",2025-05-08,80,0,0,70,0,0,-3,B Minor,4,6Ts5zvNORCcfLG7K5etvuA,KRA382501664
742,"Put Your Records On","Corinne Bailey Rae",96,11B,51,2025-10-04,03:35,83,"","Corinne Bailey Rae",2006-01-01,74,17,0,54,0,10,-8,A Major,4,2nGFzvICaeEWjIrBrL2RAx,GBAYE0501671
743,"Suddenly I See","KT Tunstall",100,8B,77,2025-10-04,03:21,81,"","Eye To The Telescope",2005-01-01,59,23,0,66,0,10,-6,C Major,4,5p9XWUdvbUzmPCukOmwoU3,GBGLM0400069
744,"boyfriend (with Social House)","Ariana Grande,Social House",190,3A,80,2025-10-04,03:06,81,"pop, ","boyfriend",2019-08-02,40,12,0,70,40,10,-4,A#/B♭ Minor,4,0Ryd8975WihbObpp5cPW1t,USUG11902591
745,"Violent Crimes","Kanye West",110,12A,42,2025-10-05,03:35,82,"rap","ye",2018-06-01,67,38,0,4,50,10,-7,C♯/D♭ Minor,4,3s7MCdXyWmwjdcWh7GWXas,USUM71807795
746,"Violent Crimes x jerseyclub","prodbycpkshawn",96,8B,32,2025-10-05,01:57,35,"jersey club","Violent Crimes x jerseyclub",2024-06-27,56,9,0,6,20,10,-11,C Major,5,3eYuCk0vVLy0b1NB5nTpVP,QZNWZ2498339
747,"Super","SEVENTEEN",137,4B,88,2025-10-05,03:20,61,"k-pop","SEVENTEEN BEST ALBUM '17 IS RIGHT HERE'",2024-04-29,77,16,0,35,0,10,-4,G#/A♭ Major,4,3ZpfXyQgcqdSA1TGNc7Ret,USA2P2310675
748,"WANNABE","ITZY",122,11A,91,2025-10-05,03:11,71,"k-pop","IT'z ME",2020-03-09,81,1,0,64,0,10,-4,F#/G♭ Minor,4,4pspYVQGFHLPEFgQPD1J7e,US5TA2000006
749,"Secret Story of the Swan","IZ*ONE",103,6A,94,2025-10-05,03:12,62,"k-pop","Oneiric Diary",2020-06-15,70,13,0,76,0,30,-1,G Minor,4,7G6WuVZuTbF6JcnA9wOvsD,KRA492000673
750,"As If It's Your Last","BLACKPINK",125,4B,85,2025-10-05,03:33,77,"k-pop","As If It's Your Last",2017-06-22,79,7,0,46,0,0,-3,G#/A♭ Major,4,4ZxOuNHhpyOj4gv52MtQpT,KRA401700174
751,"BBoom BBoom","MOMOLAND",126,2A,74,2025-10-05,03:28,66,"k-pop","GREAT!",2018-01-03,79,1,1,83,0,0,-4,D#/E♭ Minor,4,3BPoSr2pO34Aan6alFfVto,KRA381702972
752,"HANDS UP","MEOVV",140,8A,69,2025-10-05,03:12,71,"k-pop","HANDS UP",2025-04-28,84,1,0,44,0,30,-5,A Minor,4,2nopDUxom21JoMzFXj9wS0,KSA002500508
753,"Up & Down","EXID",112,9B,81,2025-10-05,03:09,61,"k-pop","AH YEAH",2015-04-14,71,0,0,38,0,20,-3,G Major,4,6BKOhvRPY54uvfqWwg7MKi,KRA031209577
754,"I Love You","EXID",112,8A,83,2025-10-05,03:14,54,"k-pop","I Love You",2018-11-21,70,0,0,25,0,40,-3,A Minor,4,7n2HVHWqFsyAOs5HqmE1Dl,KRB461800691
755,"MAGO","GFRIEND",120,11A,82,2025-10-05,03:19,65,"k-pop","回:Walpurgis Night",2020-11-09,62,1,0,66,0,10,-4,F#/G♭ Minor,4,49EywdY1mHFj27OY7U8Y2d,KRA382006219
756,"Apple","GFRIEND",120,11B,93,2025-10-05,03:27,53,"k-pop","回:Walpurgis Night",2020-11-09,64,2,0,23,10,10,-5,A Major,4,172opQClbayrSqlAEqPadC,KRA382002434
757,"Picky Picky","Weki Meki",150,8B,84,2025-10-05,03:16,46,"k-pop","LOCK END LOL",2019-05-14,77,10,0,92,10,20,-2,C Major,4,3ssvLgb0lmfTiYjPAmeHfN,QZEKE1881580
758,"Crush","Weki Meki",124,11B,78,2025-10-05,03:16,45,"k-pop","KISS, KICKS",2018-10-11,75,2,0,53,0,10,-3,A Major,4,76UCduqcA40DkD89iCKWrG,QZEKE1805896
759,"Starry Night","MAMAMOO",124,8A,77,2025-10-05,03:31,58,"k-pop","Yellow Flower",2018-03-07,58,66,0,51,0,10,-3,A Minor,4,3qUJ0kC9YdBO5qRFdYXeXX,KRA381704237
760,"Boy With Luv (feat. Halsey)","BTS,Halsey",120,10A,86,2025-10-05,03:49,78,"k-pop, ","MAP OF THE SOUL : PERSONA",2019-04-12,65,9,0,80,0,10,-5,B Minor,4,4a9tbd947vo9K8Vti9JwcI,QM6MZ1917908
761,"BBIBBI","IU",144,9B,62,2025-10-05,03:14,63,"k-pop, k-ballad","BBIBBI",2018-10-10,84,24,0,82,30,30,-5,G Major,4,4as4XEOR03oGm1STUKl6pa,KRA381801523
762,"Some","BOL4",104,12A,80,2025-10-05,03:01,68,"k-pop, k-ballad","Red Diary Page.1",2017-09-28,66,42,0,78,0,0,-3,C♯/D♭ Minor,4,3jsYQw78lrxJA2ysnmOIf9,KRA381702303
763,"BOOM","NCT DREAM",120,4A,52,2025-10-05,03:15,66,"k-pop, noise music","We Boom - The 3rd Mini Album",2019-07-26,91,13,0,70,0,0,-4,F Minor,4,6rcn967QN5JtkPOBDwYIuT,KRA301900318
764,"Fast Forward","JEON SOMI",124,11B,60,2025-10-05,02:40,57,"k-pop","GAME PLAN",2023-08-07,73,0,0,77,0,10,-6,A Major,4,7jzOZuWgZ5gaMet9V5Ix1d,KSA002301968
765,"Echoes","ENHYPEN",99,10B,70,2025-10-05,03:06,65,"k-pop","宵 -YOI-",2025-07-27,60,28,0,47,0,20,-5,D Major,4,2HcdmAwTWL2zekEICHENEq,JPZ672500034
766,"On The Floor","Jennifer Lopez,Pitbull",130,2A,78,2025-10-05,04:44,85,"","Love?",2011-04-29,73,11,0,57,0,0,-5,D#/E♭ Minor,4,3C0nOe05EIt1390bVABLyN,USUM71104034
767,"INDUSTRY BABY (feat. Jack Harlow)","Lil Nas X,Jack Harlow",150,2A,70,2025-10-05,03:32,75,"","INDUSTRY BABY (feat. Jack Harlow)",2021-07-23,74,2,0,89,0,0,-7,D#/E♭ Minor,4,27NovPIUIRrOZoCHxABJwK,USSM12104539
768,"Seven (feat. Latto) (Explicit Ver.)","Jung Kook,Latto",125,1B,83,2025-10-05,03:03,85,"k-pop, ","GOLDEN",2023-11-03,79,31,0,87,0,0,-4,B Major,4,2HRgqmZQC0MC7GeNuDIXHN,USA2P2330093
769,"Standing Next to You","Jung Kook",106,7A,81,2025-10-05,03:26,84,"k-pop","GOLDEN",2023-11-03,71,4,0,82,10,30,-4,D Minor,4,2KslE17cAJNHTsI2MI0jb2,USA2P2348391
770,"B.B.B (Bigger Badder Better) [feat. A2O LTG] - English Ver.","A2O MAY,A2O,A2O LTG",108,3A,81,2025-10-06,03:36,53,"c-pop, ","B.B.B (Bigger Badder Better) (feat. A2O LTG)",2025-08-15,78,1,0,51,0,10,-4,A#/B♭ Minor,4,24rLULwo5TRiAe2V52Nbbz,QMDA72540728
771,"3D (feat. Jack Harlow)","Jung Kook,Jack Harlow",108,3B,82,2025-10-06,03:21,77,"k-pop, ","3D : The Remixes",2023-10-02,85,3,0,89,10,0,-3,C♯/D♭ Major,4,01qFKNWq73UfEslI0GvumE,USA2P2346470
772,"Pupila","ANAVITÓRIA,Vitor Kley",89,6B,43,2025-10-06,03:22,70,"mpb, new mpb, brazilian pop","Pupila",2019-07-05,72,40,0,43,10,10,-10,A#/B♭ Major,4,7Gk5OrMYaMRtT2JmgJVAfk,BRUM71901979
773,"Run BTS","BTS",77,4B,82,2025-10-06,03:24,81,"k-pop","Proof",2022-06-10,72,2,0,70,10,0,-4,G#/A♭ Major,4,69xohKu8C1fsflYAiSNbwM,USA2P2226298
774,"Superpowers","Daniel Caesar",107,9B,43,2025-10-10,02:54,86,"","NEVER ENOUGH",2023-04-07,46,61,3,5,0,10,-9,G Major,5,736PP5LTtREkDgktNmX3Gu,USUG12209368
775,"Mercy","Shawn Mendes",148,10A,66,2025-10-17,03:28,82,"","Illuminate (Deluxe)",2017-04-20,55,13,0,34,0,10,-5,B Minor,4,0AS63m1wHv9n4VVRizK6Hc,USUM71603531
776,"Counting Stars","OneRepublic",122,12A,71,2025-10-17,04:17,89,"soft pop","Native",2013-01-01,66,7,0,47,0,10,-5,C♯/D♭ Minor,4,2tpWsVSb9UEmDRxAl1zhX1,USUM71301306
777,"Rude","MAGIC!",144,3B,76,2025-10-17,03:44,86,"","Don't Kill the Magic",2014-06-25,77,4,0,93,0,30,-5,C♯/D♭ Major,4,6RtPijgfPKROxEzTHNRiDp,CAV161300016
778,"Rewrite The Stars","Zac Efron,Zendaya",125,6B,62,2025-10-17,03:37,74,"musicals, ","Rewrite The Stars",2017-11-17,68,7,0,28,0,10,-7,A#/B♭ Major,4,630sXRhIcfwr2e4RdNtjKN,USAT21704623
779,"Sugar","Maroon 5",120,3B,79,2025-10-17,03:55,83,"pop","V",2014-09-02,75,6,0,88,0,0,-7,C♯/D♭ Major,4,2iuZJX9X9P0GKaE93xcPjk,USUM71410340
780,"I Don't Care (with Justin Bieber)","Ed Sheeran & Justin Bieber,Justin Bieber",102,2B,68,2025-10-17,03:39,76,"","I Don't Care (with Justin Bieber)",2019-05-10,80,9,0,84,0,0,-5,F#/G♭ Major,4,3HVWdVOQ0ZA45FuZGSfvns,GBAHS1900672
781,"Regular - English Version","NCT 127",134,8A,75,2025-10-18,03:39,56,"k-pop, noise music","NCT #127 Regular-Irregular - The 1st Album",2018-10-12,74,26,0,83,10,20,-5,A Minor,4,4KqPuyZdcjXuRqXSARnt6r,KRA301800432
782,"WONDERLAND","ATEEZ",130,9A,96,2025-10-18,03:19,25,"k-pop, noise music","TREASURE EP.FIN : All To Action",2019-10-08,57,5,0,52,10,30,-2,E Minor,4,6k67RdkVjTZj79c1cRz7IQ,KRD441900018
783,"Can't Stop","TOMORROW X TOGETHER",109,3B,87,2025-10-19,02:24,60,"k-pop","Starkissed",2025-10-19,79,6,0,49,10,0,-5,C♯/D♭ Major,4,0bhKpG1BqJnZiBPxPkKTkH,JPZ672500050
784,"Where Do You Go?","TOMORROW X TOGETHER",141,8B,84,2025-10-19,03:07,56,"k-pop","Starkissed",2025-10-19,64,7,0,65,0,50,-5,C Major,4,0osS07dYdOcKUfCGX5V1LR,JPZ672500052
785,"ひとつの誓い (We’ll Never Change)","TOMORROW X TOGETHER",163,2B,72,2025-10-19,02:55,49,"k-pop","Starkissed",2025-10-19,57,9,0,47,10,20,-5,F#/G♭ Major,3,0X1WhabmLn1PjGGhBgmP0i,JPPO02402461
786,"SSS (Sending Secret Signals)","TOMORROW X TOGETHER",143,8A,76,2025-10-19,03:07,55,"k-pop","Starkissed",2025-10-19,64,10,0,67,10,20,-5,A Minor,4,4WdsUn0tmjiGtpP6Kb3MZp,JPZ672500053
787,"Step by Step","TOMORROW X TOGETHER",128,6A,78,2025-10-19,03:24,46,"k-pop","Starkissed",2025-10-19,75,12,0,64,0,0,-5,G Minor,4,5rUfjo156gbYumnhg8glFx,JPZ672500011
788,"Rise","TOMORROW X TOGETHER",89,7B,87,2025-10-19,03:25,44,"k-pop","Starkissed",2025-10-19,54,1,0,56,0,20,-3,F Major,4,5hf0uJqgLl3OT544k1fKkm,JPZ672500010
789,"ETA","NewJeans",135,3A,75,2025-10-19,02:31,78,"k-pop","NewJeans 2nd EP 'Get Up'",2023-07-21,81,11,0,84,0,0,-6,A#/B♭ Minor,4,56v8WEnGzLByGsDAXDiv4d,USA2P2330071
790,"Hate Me","Ellie Goulding,Juice WRLD",75,4B,79,2025-10-20,03:08,84,"melodic rap, emo rap","Brightest Blue",2020-07-16,64,9,0,76,0,10,-5,G#/A♭ Major,4,15og0pCEcTFWEXOFKdcJlU,GBUM71902944
791,"Bad Habit","Steve Lacy",169,3B,49,2025-10-20,03:52,86,"","Gemini Rights",2022-07-15,69,61,0,70,0,40,-7,C♯/D♭ Major,4,4k6Uh1HXdhtusDW5y8Gbvy,USRC12201440
792,"SLOW DANCING IN THE DARK","Joji",89,5B,48,2025-10-21,03:29,87,"","BALLADS 1",2018-10-26,52,54,1,28,0,10,-7,D#/E♭ Major,4,6rY5FAWxCdAGllYEOZMbjW,ZZOPM1800452
793,"Why'd You Only Call Me When You're High?","Arctic Monkeys",92,10B,63,2025-10-21,02:41,87,"indie, garage rock","AM",2013-09-09,69,5,0,80,0,10,-6,D Major,4,086myS9r57YsLbJpU0TgK9,GBCEL1300370
794,"Princess Bubblegum","ilyTOMMY",140,9B,48,2025-10-21,01:35,76,"","Princess Bubblegum",2018-07-30,59,42,4,7,0,10,-12,G Major,4,2BDOJPAGE1W3roL0EsK2g0,TCADT1841023
795,"poster boy","2hollis",111,11A,96,2025-10-21,02:01,80,"hyperpop, electroclash","2",2023-05-11,68,8,0,91,0,0,-1,F#/G♭ Minor,4,0Gz4Q1Bmyef5yA0G6LIIQZ,USUYG1488297
796,"Attention","Charlie Puth",100,2A,61,2025-10-21,03:28,88,"soft pop","Voicenotes",2018-05-11,78,11,0,80,0,10,-5,D#/E♭ Minor,4,5cF0dROlMOK5uNZtivgu50,USAT21700928
797,"Y Si Fuera Ella","SHINee",76,3B,50,2025-10-21,05:14,59,"k-pop","The SHINee World - The First Album",2008-08-28,52,52,0,31,0,10,-6,C♯/D♭ Major,4,17vGPoIBXnSEd31N4B3gSR,KRA300803083
798,"Y Si Fuera Ella","SHINee",76,3B,50,2025-10-21,05:14,43,"k-pop","Amigo - The 1st Album Repackage",2008-10-28,52,52,0,31,0,10,-6,C♯/D♭ Major,4,6W9yqZS1SSr6eYK1cxWPQk,KRA300803111
799,"Smile","Lily Allen",96,7B,64,2025-10-21,03:16,73,"","Alright, Still (Deluxe)",2006-07-14,63,0,0,73,0,20,-6,F Major,4,79z9QkhHePTFsSeVw9uyj0,GBAYE0600634
800,"Wonderwall","Oasis",175,10B,85,2025-10-23,04:18,63,"britpop, madchester","Upside Down: The Story Of Creation OST",2011-05-06,40,0,0,69,0,10,-6,D Major,4,4yBiZFLXn0n9AUJ5sWO88k,GBAAW9500189
801,"Live In Paris","BOYNEXTDOOR",120,3B,65,2025-10-23,01:57,57,"k-pop","The Action",2025-10-20,90,4,0,69,0,0,-5,C♯/D♭ Major,4,3Mx87CknATHrk0QVs5q7nj,USA2P2548367
802,"Hollywood Action","BOYNEXTDOOR",112,1A,86,2025-10-23,02:28,71,"k-pop","The Action",2025-10-20,85,1,0,65,10,0,-5,G#/A♭ Minor,4,4BtOh0Xwh3DHelPQ14MPVC,USA2P2548368
803,"JAM!","BOYNEXTDOOR",136,8A,61,2025-10-23,02:28,53,"k-pop","The Action",2025-10-20,88,2,0,75,0,20,-7,A Minor,4,7HjWPrb9okG72Q5LXiTEt6,USA2P2548369
804,"Bathroom","BOYNEXTDOOR",93,2B,77,2025-10-23,02:20,55,"k-pop","The Action",2025-10-20,77,4,0,76,0,0,-6,F#/G♭ Major,4,25JImJVprKvTOZEJnPHJEP,USA2P2548370
805,"As Time Goes By","BOYNEXTDOOR",93,5B,61,2025-10-23,03:43,57,"k-pop","The Action",2025-10-20,76,26,0,60,0,0,-7,D#/E♭ Major,4,3GyX3O435KaZORawhjFWh0,USA2P2548371
806,"SPAGHETTI","LE SSERAFIM,j-hope",112,1B,82,2025-10-24,02:52,84,"k-pop, k-rap","SPAGHETTI",2025-10-24,90,8,0,87,0,20,-5,B Major,4,2N9miXnewVmUrgl6JSK1FI,USA2P2552922
807,"Pearlies (My oyster is the world)","LE SSERAFIM",110,3B,79,2025-10-24,03:07,65,"k-pop","SPAGHETTI",2025-10-24,72,13,0,87,0,0,-5,C♯/D♭ Major,4,2CfVDYfw0B4WUHaWxyjsU3,USA2P2552923
808,"SPAGHETTI (Member ver.)","LE SSERAFIM",111,1B,83,2025-10-24,02:16,72,"k-pop","SPAGHETTI",2025-10-24,89,10,0,86,0,20,-5,B Major,4,07ZkZzMHE6EEbHD50WUrgk,USA2P2552925
809,"SPAGHETTI (English ver.)","LE SSERAFIM,j-hope",111,1B,83,2025-10-24,02:51,62,"k-pop, k-rap","SPAGHETTI",2025-10-24,89,7,0,84,0,30,-5,B Major,4,6xndk83L8mJQ4sKdGfP4ie,USA2P2552924
810,"Everything Is Romantic","dreamsoda",75,5A,35,2025-10-26,02:53,9,"","Everything Is Romantic",2025-10-04,24,18,13,11,0,10,-15,C Minor,4,1Me06dUiurSPyeq9Hx2LuA,CA5KR2595673
811,"Houdini","Eminem",127,8A,89,2025-10-26,03:47,76,"rap, hip hop","Houdini",2024-05-31,94,3,0,89,0,0,-3,A Minor,4,2HYFX63wP3otVIvopRS99Z,USUG12403398
812,"Last Surprise","Lyn,ATLUS Sound Team,ATLUS GAME MUSIC",123,6A,80,2025-10-26,03:55,67,"japanese vgm, soundtrack","PERSONA5 ORIGINAL SOUNDTRACK",2017-01-17,75,31,0,49,0,30,-6,G Minor,4,4cPnNnTMkJ6soUOUzEtmcp,JPK651601410
813,"EYES CLOSED (with ZAYN)","JISOO,ZAYN",75,1B,74,2025-10-27,03:01,79,"k-pop, ","EYES CLOSED (with ZAYN)",2025-10-10,56,20,0,38,0,10,-5,B Major,4,4WFfPxJv1KRekG6mxn837K,USWB12503797
814,"Love You Like A Love Song","Selena Gomez & The Scene",117,12A,68,2025-10-29,03:08,85,"","When The Sun Goes Down",2011-01-01,86,8,0,92,0,0,-4,C♯/D♭ Minor,4,0laYHRpNTS6i8FXdupHkJ4,USHR11132668
815,"...Baby One More Time","Britney Spears",93,5A,70,2025-10-29,03:31,86,"pop","...Baby One More Time (Digital Deluxe Version)",1999-01-12,76,20,0,91,0,40,-6,C Minor,4,3MjUtNVVq3C8Fn0MP3zhXa,USJI19810404
816,"Gangnam Style (강남스타일)","PSY",132,10A,94,2025-10-31,03:39,77,"k-pop","Gangnam Style (강남스타일)",2012-01-01,73,0,0,75,20,0,-3,B Minor,4,03UrZgTINDqvnUMbbIMhql,USUM71210283
817,"gigolo","bbno$",100,10B,93,2025-10-31,01:58,69,"","gigolo",2025-09-30,80,9,0,73,10,10,-2,D Major,4,6DYul32gElizGgTrtRYrNY,CA5KR2588456
818,"What Do You Mean?","Justin Bieber",125,4A,57,2025-10-31,03:25,89,"","Purpose (Deluxe)",2015-11-13,85,59,0,79,10,0,-8,F Minor,4,4B0JvthVoAAuygILe3n4Bs,USUM71511919
819,"Nxde","i-dle",136,8B,91,2025-11-03,02:58,71,"k-pop","I love",2022-10-17,73,4,0,65,10,40,-2,C Major,4,7N1X5WzBTCoDh4ocuPlZUC,KRA392200038
820,"Confident","Justin Bieber,Chance the Rapper",134,4A,56,2025-11-05,04:08,92,"","Journals",2014-05-13,74,11,0,89,10,20,-5,F Minor,4,3JsydWaf2Ev4ehaLUjj3SY,USUM71319306
821,"Sorry","Justin Bieber",100,5A,76,2025-11-06,03:20,92,"","Purpose (Deluxe)",2015-11-13,66,8,0,41,0,30,-4,C Minor,4,09CtPGIpYB4BrO8qb1RGsF,USUM71516760
822,"Perfect Pair","R.L. Beats",73,11A,59,2025-11-06,02:03,69,"","Perfect Pair",2025-07-26,25,0,26,19,0,40,-5,F#/G♭ Minor,4,1J6ZMaOzEvsy3pPFbMi1LB,CA5KR2542323
823,"Join Me In Death","HIM",114,1A,71,2025-11-06,03:36,75,"gothic metal, gothic rock, finnish rock","Razorblade Romance (Deluxe Remastered Edition)",2014-12-09,62,1,0,51,0,10,-6,G#/A♭ Minor,4,089jl361OtZ6VpYvhgPiTS,US2421435203
824,"Feel Good Inc.","Gorillaz,De La Soul",139,2B,71,2025-11-09,03:42,91,"jazz rap, east coast hip hop","Demon Days",2005-05-23,82,1,0,77,10,60,-7,F#/G♭ Major,4,0d28khcov6AiegSCpG5TuT,GBAYE0500172
825,"Talk to You","YEONJUN",103,10B,85,2025-11-14,02:30,73,"k-pop","NO LABELS: PART 01",2025-11-07,72,1,0,79,10,0,-4,D Major,4,6Oag0XXglYu48Cd8EufeTw,USA2P2552261
826,"Forever","YEONJUN",116,3B,48,2025-11-14,03:06,60,"k-pop","NO LABELS: PART 01",2025-11-07,90,4,0,56,0,10,-7,C♯/D♭ Major,4,70kBvvBu8NR1aDohfnX7dF,USA2P2552262
827,"Let Me Tell You (feat. Daniela of KATSEYE)","YEONJUN,Daniela Avanzini",110,9A,80,2025-11-14,02:34,72,"k-pop","NO LABELS: PART 01",2025-11-07,82,11,0,70,0,0,-4,E Minor,4,2Hg6JQr80HfDgb8T9s28g1,USA2P2552263
828,"Do It","YEONJUN",90,3B,79,2025-11-14,02:38,59,"k-pop","NO LABELS: PART 01",2025-11-07,75,2,0,41,10,10,-4,C♯/D♭ Major,4,5FZ5vEZ96K2HvwNqLm7Nmp,USA2P2552264
829,"Coma","YEONJUN",130,3B,80,2025-11-14,02:34,63,"k-pop","NO LABELS: PART 01",2025-11-07,59,3,68,15,10,70,-6,C♯/D♭ Major,4,1EFH4exKt48t3vPFOywDhO,USA2P2552266
830,"Remember Summer Days","Anri",97,12B,67,2025-11-14,04:55,68,"city pop, j-pop, kayōkyoku","Timely!!",1983-12-05,63,34,0,79,0,0,-5,E Major,4,1qUo7d5lAOclNVbTUY0A2R,JPFL08310230
831,"Say My Name","ATEEZ",153,11A,90,2025-11-14,03:42,22,"k-pop, noise music","TREASURE EP.2 : Zero To One",2019-01-15,63,21,0,62,0,30,-3,F#/G♭ Minor,4,2UP7KnRSvc4taXbjOoSX0f,KRD441900002
832,"Fireworks (I'm The One)","ATEEZ",130,8B,90,2025-11-15,03:29,61,"k-pop, noise music","ZERO : FEVER Part.2",2021-03-01,72,4,0,73,0,10,-4,C Major,4,0rNLaGUleZ91DXMxmZNq5v,KRD442100002
833,"【鬼蜘蛛ト狐ノ獅子ト】The Spider and the Kitsune-Like Lion","APOCALIPSIS",120,4B,99,2025-11-16,04:16,47,"vocaloid","【2012】【鬼蜘蛛ト狐ノ獅子ト】The Spider and the Kitsune-Like Lion",2013-08-14,56,13,80,89,0,10,-3,G#/A♭ Major,4,0dJZSVV9Hke4abaLeHOcjX,QZMZ92548104
834,"COLOR","NCT WISH",107,3B,87,2025-11-17,03:00,61,"k-pop","COLOR - The 3rd Mini Album",2025-09-01,57,1,0,63,0,20,-4,C♯/D♭ Major,4,7BRP4zawz4T1PhAdj2Nr4Z,KRA302500431
835,"ONE MORE TIME","ALLDAY PROJECT",160,11A,82,2025-11-17,03:15,67,"k-pop","ONE MORE TIME",2025-11-17,70,21,0,31,10,0,-6,F#/G♭ Minor,4,7FyKqLLICVzwBiAUtbVYUW,KSA002502305
836,"Beat It Up","NCT DREAM",105,12A,95,2025-11-17,03:20,81,"k-pop, noise music","Beat It Up",2025-11-17,75,1,0,59,10,0,-3,C♯/D♭ Minor,4,4UJwJG0Byki4e9MNTxo8aF,KRA302500536
837,"Rush","NCT DREAM",101,10B,86,2025-11-17,03:15,51,"k-pop, noise music","Beat It Up",2025-11-17,70,2,0,72,0,30,-5,D Major,4,3lbBXrelU6CM6jXEbLP2xa,KRA302500537
838,"Cold Coffee","NCT DREAM",166,4B,84,2025-11-17,03:23,54,"k-pop, noise music","Beat It Up",2025-11-17,51,21,0,70,20,0,-4,G#/A♭ Major,4,4mM41H4IpKm4zRlfcROe7g,KRA302500538
839,"Butterflies","NCT DREAM",142,12B,34,2025-11-17,03:29,53,"k-pop, noise music","Beat It Up",2025-11-17,45,70,0,39,0,0,-7,E Major,4,5euiPXAL0r2ttHDe5AfJPm,KRA302500539
840,"Tempo","NCT DREAM",107,3B,96,2025-11-17,02:50,52,"k-pop, noise music","Beat It Up",2025-11-17,70,0,0,70,0,30,-4,C♯/D♭ Major,4,5GHTnVpcbrA8M0TxFsawmj,KRA302500540
841,"TRICKY","NCT DREAM",172,10B,68,2025-11-17,02:56,54,"k-pop, noise music","Beat It Up",2025-11-17,64,1,0,35,0,10,-6,D Major,4,6MVlO0COyuqvTtWQwbIJL3,KRA302500541
842,"The Box","Roddy Ricch",117,3A,59,2025-11-18,03:16,85,"melodic rap","Please Excuse Me for Being Antisocial",2019-12-06,90,10,0,64,0,70,-7,A#/B♭ Minor,4,0nbXyq5TXYPCO7pr3N8S4I,USAT21906978
843,"Teach Me How to Dougie","Cali Swag District",85,1B,44,2025-11-20,03:57,74,"","The Kickback",2011-07-12,85,20,0,51,10,0,-5,B Major,4,61LtVmmkGr8P9I2tSPvdpf,TCABH1281752
844,"Do It","Stray Kids",105,10B,92,2025-11-21,02:39,80,"k-pop, noise music","DO IT",2025-11-21,77,14,0,73,0,0,-4,D Major,4,1KuNhOubescxn3xD6WNI7Q,US5TA2500371
845,"DIVINE","Stray Kids",99,11A,86,2025-11-21,03:07,78,"k-pop, noise music","DO IT",2025-11-21,63,1,0,61,20,20,-3,F#/G♭ Minor,4,15nElWknZsgnSIfVihVCQf,US5TA2500372
846,"Holiday","Stray Kids",75,4B,86,2025-11-21,03:07,71,"k-pop, noise music","DO IT",2025-11-21,63,1,0,33,10,20,-4,G#/A♭ Major,4,7FXKNJyVAbN3l72GHePFqu,US5TA2500373
847,"Photobook","Stray Kids",163,12B,81,2025-11-21,02:53,69,"k-pop, noise music","DO IT",2025-11-21,33,2,0,14,0,30,-5,E Major,4,0iCvvemieCyzNOD2xNzjil,US5TA2500374
848,"Do It (Festival Version)","Stray Kids,2Spade",125,11A,93,2025-11-21,02:27,65,"k-pop, noise music, ","DO IT",2025-11-21,36,0,3,52,0,0,-5,F#/G♭ Minor,4,7vwFOQvRCg2bTwE7eO9e7l,US5TA2500375
849,"Hot Sauce","NCT DREAM",100,2B,93,2025-11-22,03:15,61,"k-pop, noise music","Hot Sauce - The 1st Album",2021-05-10,77,1,0,55,0,20,-2,F#/G♭ Major,4,6B8MM3PVQtUbZLay7tP7er,KRA302100144
850,"Lemonade","NCT 127",90,10A,88,2025-11-22,03:10,49,"k-pop, noise music","Sticker - The 3rd Album",2021-09-16,81,1,0,68,0,10,-1,B Minor,4,1j3WkiX4n6xAAPqZnwpwL5,KRA302100279
851,"Better Than Gold","NCT DREAM",110,8B,84,2025-11-22,03:20,55,"k-pop, noise music","Glitch Mode - The 2nd Album",2022-03-28,71,5,0,72,0,0,-3,C Major,4,0tIkUSA5njpsBaTAx3z25z,KRA302200052
852,"blender (feat. 小豆沢こはね&白石杏&東雲彰人&青柳冬弥&MEIKO)","Vivid BAD SQUAD",206,11A,86,2025-11-22,02:15,52,"vocaloid, j-pop","Beyond the way/blender",2024-10-02,47,18,0,58,0,30,-5,F#/G♭ Minor,4,2sVpRD1s6JI3AouHJlJB3V,JPX302465950
853,"POPPY - Japanese Ver.","STAYC",126,9A,71,2025-11-30,02:59,45,"k-pop","POPPY (Japanese Ver.)",2022-11-16,82,31,0,64,0,10,-5,E Minor,4,2gpwaAJnSDTevgZa4uyM0H,JPPO02203955
854,"Poppy (Korean Ver.)","STAYC",126,9A,79,2025-11-30,02:58,48,"k-pop","Poppy (Korean Ver.)",2023-02-03,81,14,0,82,0,20,-4,E Minor,4,7a86ARVnm366v2UY1z9Ak8,KRA382300512
855,"Perfume","NCT DOJAEJUNG",106,4B,74,2025-11-30,02:47,62,"k-pop","Perfume - The 1st Mini Album",2023-04-17,72,17,0,70,0,10,-2,G#/A♭ Major,4,0jd4aa9XgV5eom0ez0WBrD,KRA302300106
856,"PANDORA","MAVE:",150,11B,95,2025-11-30,03:16,56,"k-pop","PANDORA'S BOX",2023-01-25,64,2,0,76,10,30,-2,A Major,4,70yszWsLJvNZuZwaHNMROf,KRA382300336
857,"Shiny","Easykid,Dysbit",110,12A,78,2025-12-01,02:38,79,"reggaeton chileno, chilean trap","I'M PART",2025-06-11,73,22,0,63,0,50,-5,C♯/D♭ Minor,4,72aGCwuSwD5Qb3tHvXBoX3,QZNJW2532497
858,"OVERDRIVE","TWS",104,3B,85,2025-12-04,02:40,74,"k-pop","TWS 4th Mini Album 'play hard'",2025-10-13,81,7,0,67,10,30,-4,C♯/D♭ Major,4,5qAfVxNUxjrELshgTpWxLf,USA2P2543675
859,"Fame","RIIZE",146,12A,82,2025-12-04,02:56,62,"k-pop","Fame",2025-11-24,55,0,0,35,0,40,-5,C♯/D♭ Minor,4,1nEhhkEidrTOtc46fCvRFp,KRA302500502
860,"...말하자면","Kim Sung Jae",120,4A,75,2025-12-09,03:38,52,"","Kim Sung Jae",1995-11-23,76,11,0,84,0,30,-10,F Minor,4,6503sMeEGEiNl69O7IPYLx,KRD451800129
861,"GUY.exe","Superfruit",110,9A,73,2025-12-13,03:42,69,"","Future Friends",2017-09-15,77,3,0,89,0,10,-5,E Minor,4,3JTjLyrnevl9ASw3ayGO2P,USRC11701437
862,"ss","Ken Carson",138,10A,66,2025-12-16,03:04,76,"rage rap","A Great Chaos (Deluxe)",2024-07-05,50,4,0,3,0,10,-7,B Minor,4,26QJuQfM8PVAWkIm1JRyqq,USUM72407802
863,"RICH BOY","payton",95,7B,77,2025-12-20,01:51,59,"","RICH BOY",2021-12-10,82,12,0,66,0,10,-8,F Major,4,5BEZtiV4ClWO0L2J0Mw7Hf,GBKPL2174685
864,"Lemonade Fever","CRAVITY",117,3A,92,2025-12-26,02:39,46,"k-pop, noise music","Dare to Crave: Epilogue",2025-11-10,76,4,0,85,10,10,-3,A#/B♭ Minor,4,66noqwJgmDZKQgnWR34eyt,QMFMF2546687
865,"SET NET G0?!","CRAVITY",120,9A,66,2025-12-26,02:45,41,"k-pop, noise music","Dare to Crave",2025-06-23,84,5,0,65,0,0,-5,E Minor,4,1RsaPPE4HELB8slPTI9SO8,QM7282572801
866,"Monster","EXO",150,2B,76,2025-12-26,03:41,71,"k-pop","EX'ACT",2016-06-09,62,1,0,54,0,10,-4,F#/G♭ Major,4,7GbUWl6qLW1gdngbEV2WDJ,KRA301600167
867,"Ko Ko Bop","EXO",146,8B,85,2025-12-26,03:10,64,"k-pop","THE WAR - The 4th Album",2017-07-18,75,3,0,67,0,0,-4,C Major,4,5EzitieoPnjyKHAq0gfRMa,KRA301700304
868,"90's Love","NCT U",108,12A,92,2025-12-26,03:33,58,"k-pop, noise music","NCT RESONANCE Pt. 2 - The 2nd Album",2020-11-23,74,7,0,70,0,10,-2,C♯/D♭ Minor,4,0B36SbjfDv15ji1bQEEeTN,KRA302000567
869,"Overdose","EXO-K",112,4A,92,2025-12-26,03:25,64,"k-pop","Overdose - The 2nd Mini Album",2014-08-06,50,6,0,65,10,30,-2,F Minor,5,5NSPsOGVNWYOMeeyZPF7HY,KRA301300505
870,"Face Off","Tech N9ne,Joey Cool,King Iso,Dwayne Johnson",81,4B,94,2025-12-28,03:39,63,"horrorcore, ","ASIN9NE",2021-10-08,69,18,0,39,20,10,-4,G#/A♭ Major,4,6M47gaKejso9772SKTa3yH,USZHR2100088
871,"Bad Boy","Red Velvet",150,10B,74,2025-12-31,03:30,71,"k-pop","The Perfect Red Velvet - The 2nd Album Repackage",2018-01-29,71,19,0,81,0,0,-4,D Major,4,5GKwq4sO5ZHKuWaDmdwMQc,KRA301800049
872,"Bad Apple!! feat.SEKAI","25時、ナイトコードで。",138,4A,85,2025-12-31,03:50,55,"vocaloid, j-pop","25時、ナイトコードで。 SEKAI ALBUM vol.3",2025-05-14,62,2,0,69,0,0,-3,F Minor,4,1plLng4yyfruXvu0lSZw6E,JPX302577450
873,"Bad Apple!!","Alstroemeria Records",138,12A,72,2025-12-31,05:19,63,"vocaloid","Bad Apple!!",2007-05-25,50,0,0,25,0,0,-4,C♯/D♭ Minor,4,2Yv0FavwiRO1mzaIThDAiM,JPW562103104
874,"HITO Mania","Sasuke Haraguchi",150,3B,84,2025-12-31,02:07,64,"vocaloid","HITO Mania",2023-08-24,86,20,0,65,10,30,-3,C♯/D♭ Major,4,5m9rwQVcChWF3TsKXlJfgE,TCJPX2315264
875,"Medicine","Sasuke Haraguchi",170,3B,87,2025-12-31,02:00,69,"vocaloid","Medicine",2024-03-06,72,11,0,85,10,0,-1,C♯/D♭ Major,4,6oQd9KEbRMERESY1pftFyn,TCJPZ2455806
876,"Tetoris","柊マグネタイト",170,11A,95,2025-12-31,02:22,67,"vocaloid","Tetoris",2024-11-27,58,0,1,75,0,30,-4,F#/G♭ Minor,4,1p4EbJLS0jdWX3tOHdru8S,JP92E2401537
877,"I Choose You","f5ve",135,8B,89,2026-01-01,02:49,55,"j-pop","SEQUENCE 01.5 (dreaming of the 2nd 1st impact - consequences of fate redux)",2025-11-14,76,18,0,63,0,30,-3,C Major,4,5cAsy4oXqZCemP9r7va8Ub,QMFMF2528445
878,"Day 1","Red Velvet",172,3B,88,2026-01-01,03:26,63,"k-pop","The Red - The 1st Album",2015-09-09,65,11,0,71,10,10,-3,C♯/D♭ Major,4,74muMkVdMYoR65lhmdzy13,KRA301500446
879,"Rewind","Wonder Girls",105,3B,89,2026-01-01,03:33,70,"k-pop","REBOOT",2015-08-03,72,57,0,46,0,30,-4,C♯/D♭ Major,4,2YZa0dsV3xXGZ61XFYiRt8,US5TA1500050
880,"Queendom","Red Velvet",120,7B,90,2026-01-01,03:01,60,"k-pop","Queendom - The 6th Mini Album",2021-08-16,70,18,0,51,0,0,-1,F Major,4,6SpPr7K4YQ2wp8jU6uOTmQ,KRA302100268
881,"STEREOTYPE","STAYC",148,2B,81,2026-01-01,03:11,60,"k-pop","STEREOTYPE",2021-09-06,61,31,0,74,0,60,-3,F#/G♭ Major,4,2bZIDMpzVooosmPHn0tHnd,KRA382160813
882,"rendezvous 18.6y","LOONA/yyxy",160,10A,70,2026-01-01,03:25,29,"k-pop","beauty&thebeat",2018-05-29,53,29,0,58,0,40,-5,B Minor,4,4Mr3QOrnSi4j18C8vOsWYB,KRE081800009
883,"dal segno","LOONA/yyxy",110,2A,61,2026-01-01,01:05,19,"k-pop","beauty&thebeat",2018-05-29,82,5,3,53,0,20,-7,D#/E♭ Minor,4,4OvppfJSGezOIoQwjRdcz6,KRE081800005
884,"Perfect Love","LOONA",133,2B,93,2026-01-01,03:42,33,"k-pop","[X X]",2019-02-19,73,1,0,85,0,20,-3,F#/G♭ Major,4,67eY6596UEynyZXoHZrnsj,KRA381900464
885,"Talk To Me","Red Velvet",165,4B,81,2026-01-01,03:32,46,"k-pop","Rookie - The 4th Mini Album",2017-02-01,58,29,0,88,10,30,-5,G#/A♭ Major,4,32ou07yoda0mO4lw9pPpzC,KRA301700053
886,"Dumb Dumb","Red Velvet",146,6A,79,2026-01-01,03:22,59,"k-pop","The Red - The 1st Album",2015-09-09,78,3,0,80,0,20,-4,G Minor,4,64iDjAuWDogVhuoWhKklF9,KRA301500438
887,"Like a Cat","AOA",100,3B,97,2026-01-01,03:39,57,"k-pop","Like a Cat",2014-11-11,70,10,0,91,0,80,-1,C♯/D♭ Major,4,548FKDwnyPFkfWmtoK6ETA,KRA491402421
888,"Ice Cream Cake","Red Velvet",172,11B,94,2026-01-01,03:11,57,"k-pop","Ice Cream Cake - The 1st Mini Album",2015-03-17,58,3,0,60,10,10,-3,A Major,4,5vCuawHQ8Poch1odz9JDpB,KRA301500091
889,"RBB (Really Bad Boy)","Red Velvet",150,10B,85,2026-01-01,03:08,54,"k-pop","RBB - The 5th Mini Album",2018-11-30,72,1,0,37,0,10,-3,D Major,4,4xjVP2Vogo0C72o6Nevq0W,KRA301800535
890,"Electric Shock","f(x)",125,4A,90,2026-01-01,03:16,59,"k-pop","Electric Shock - The 2nd Mini Album",2012-06-10,76,9,0,54,0,40,-2,F Minor,4,7tMN6iGJMulMFpSCeU7pmU,KRA301200346
891,"Touch my body","SISTAR",128,11B,92,2026-01-01,03:26,60,"k-pop","TOUCH N MOVE",2014-07-21,63,4,0,62,10,10,-2,A Major,4,5crARIrvoMiMf2AdlD78WN,KRA381208507
892,"Run Devil Run","Girls' Generation",65,10A,89,2026-01-01,03:21,61,"k-pop","Run Devil Run - The 2nd Album Repackage",2010-03-22,69,6,0,79,10,10,-3,B Minor,4,0U9jNoTJeTxXToakhsb7pV,KRA300807311
893,"Very Very Very","I.O.I",103,9B,96,2026-01-01,03:23,58,"k-pop","miss me?",2016-10-17,74,14,0,79,0,0,-2,G Major,4,0BhMw9r3eOLMLXRFBLCt6O,KRA381602024
894,"Pick Me","I.O.I",128,11B,88,2026-01-01,03:46,44,"k-pop","I.O.I 1st Mini Album 'Chrysalis'",2016-05-04,69,0,0,61,0,10,-5,A Major,4,7D3xNJRjMjULVcuG5Voct5,KRA381600864
895,"Bingle Bangle","AOA",112,9B,86,2026-01-01,03:41,45,"k-pop","BINGLE BANGLE",2018-05-28,80,3,0,75,0,30,-4,G Major,4,04LMZmQh5Le3F7OwLwHDEM,KRA381705417
896,"Whatta Man (Good man)","I.O.I",150,11A,94,2026-01-01,03:13,49,"k-pop","Whatta Man (Good Man)",2016-08-09,56,1,0,70,0,40,-2,F#/G♭ Minor,4,65y9Kv0AFpy2EB2BJPqGvJ,KRA381601455
897,"PTT (Paint The Town)","LOONA",124,4B,81,2026-01-01,03:21,56,"k-pop","[&]",2021-06-28,78,7,0,55,10,0,-2,G#/A♭ Major,4,2bfCp4G40OsM1mvNi6ufwU,KRA382152284
898,"WHERE IS MY HUSBAND!","RAYE",116,4B,78,2026-01-02,03:17,93,"","WHERE IS MY HUSBAND!",2025-09-19,39,6,0,63,0,10,-7,G#/A♭ Major,4,55lijDD6OAjLFFUHU9tcDm,QMFME2535037
899,"Bubble Gum","NewJeans",105,11B,71,2026-01-08,03:20,72,"k-pop","How Sweet",2024-05-24,76,14,0,53,0,0,-4,A Major,4,19D8LNpWwIPpi6hs9BG7dq,USA2P2414844
900,"You'll Be Back","Jonathan Groff,Original Broadway Cast of Hamilton",122,8B,47,2026-01-11,03:28,73,"musicals","Hamilton (Original Broadway Cast Recording)",2015-09-25,61,39,0,43,0,10,-8,C Major,4,6OG1S805gIrH5nAQbEOPY3,USAT21502602
901,"Beat It","Michael Jackson",139,2A,87,2026-01-12,04:18,78,"","Thriller 25 Super Deluxe Edition",2008-02-08,78,5,0,92,0,20,-4,D#/E♭ Minor,4,1OOtq8tRnDM8kG2gqUPjAj,USSM19902990
902,"Shine","PENTAGON",150,5B,80,2026-01-12,03:18,60,"k-pop","Positive",2018-04-02,74,41,0,79,0,0,-2,D#/E♭ Major,4,7nkp1uuSbKkoxMvEs8cSw0,KRA391800013
903,"ABG","Joh!",194,9A,69,2026-01-13,01:50,58,"","ABG",2025-05-30,52,7,0,87,20,20,-6,E Minor,4,4wMXivIRf9HsR3eKXBWVgF,QT4K32519706
904,"Lullaby","CORTIS",136,4B,19,2026-01-13,02:44,71,"k-pop","COLOR OUTSIDE THE LINES",2025-09-08,62,67,0,23,0,10,-10,G#/A♭ Major,4,0nyhsAcyDj533QrXa4hUug,USA2P2536191
905,"Lullaby Remix","JayDon,Paradise,Jay Park,LOUIS of LNGSHOT",90,11A,56,2026-01-13,03:37,63,"k-rap, k-pop","Lullaby Remix",2025-11-21,71,17,0,49,0,0,-3,F#/G♭ Minor,3,6WnMFDIiDJR0Yg9JaBwVQx,QZS7J2535213
906,"弥渡山歌 (Midu Echoing)","YANGYINYUE",128,7A,94,2026-01-14,02:00,75,"phonk","弥渡山歌 (Midu Echoing)",2025-09-08,78,53,51,87,0,20,-2,D Minor,4,5FeR50ZqILXczkSZ0MocL0,DGA052598324
907,"WHERE YOU AT","ALLDAY PROJECT,ANNIE,WOOCHAN",104,3B,84,2026-01-14,02:42,37,"k-pop, k-rap","ALLDAY PROJECT",2025-12-08,61,2,0,61,20,0,-8,C♯/D♭ Major,4,5ryJid6dBDpLB9B0uD1GdJ,KSA002502308
908,"Blind","ATEEZ",125,3A,65,2026-01-15,03:18,60,"k-pop, noise music","GOLDEN HOUR : Part.1",2024-05-31,83,0,0,56,0,0,-7,A#/B♭ Minor,4,3epcMWxb5Wl7r95sY9s6WO,KRD442400010
909,"WONDERLAND (Symphony No.9  From The Wonderland )","ATEEZ",130,9A,85,2026-01-16,04:17,52,"k-pop, noise music","ZERO : FEVER EPILOGUE",2021-12-10,55,5,0,33,10,30,-7,E Minor,4,1JspDSeSVIiegIbk5niXkg,KRD442100043
910,"Knife (HEESEUNG Ver.)","ENHYPEN",100,10B,78,2026-01-19,02:27,57,"k-pop","THE SIN : VANISH (HEESEUNG Ver.)",2026-01-19,83,6,0,13,0,0,-5,D Major,4,29QIWvzTPNo9WIQjTsrFFn,USA2P2570200
911,"No Way Back (Feat. So!YoON!)","ENHYPEN,So!YoON!",90,4B,82,2026-01-19,03:05,44,"k-pop, ","THE SIN : VANISH (HEESEUNG Ver.)",2026-01-19,56,20,0,48,0,30,-5,G#/A♭ Major,4,65lxUdMpPmaS9Rn6Ytr3b6,USA2P2570145
912,"Stealer","ENHYPEN",109,6B,73,2026-01-19,02:56,43,"k-pop","THE SIN : VANISH (HEESEUNG Ver.)",2026-01-19,79,4,0,66,0,20,-4,A#/B♭ Major,4,4DKxmQVnpqyoqZSGrpBZed,USA2P2570147
913,"The Voice","ENHYPEN",73,2A,50,2026-01-19,01:12,38,"k-pop","THE SIN : VANISH (HEESEUNG Ver.)",2026-01-19,49,63,0,20,0,10,-7,D#/E♭ Minor,3,2CwAjRo6vnodpo6BPcj1xz,USA2P2570169
914,"Big Girls Don't Cry","ENHYPEN",166,6B,59,2026-01-19,01:58,44,"k-pop","THE SIN : VANISH (HEESEUNG Ver.)",2026-01-19,64,40,0,19,10,20,-4,A#/B♭ Major,4,7ifAY06OMMIYTuLi4tnPfY,USA2P2570148
915,"Lost Island","ENHYPEN",133,12A,73,2026-01-19,02:45,44,"k-pop","THE SIN : VANISH (HEESEUNG Ver.)",2026-01-19,77,11,0,84,10,30,-6,C♯/D♭ Minor,4,3adXxo0eJT1Idt9HCiYeJH,USA2P2570149
916,"Sleep Tight","ENHYPEN",130,3B,62,2026-01-19,02:37,43,"k-pop","THE SIN : VANISH (HEESEUNG Ver.)",2026-01-19,70,1,0,72,0,10,-6,C♯/D♭ Major,4,1UGCNFN0AYBYaLehKOatSX,USA2P2570150
917,"Backseat","LNGSHOT",90,3A,69,2026-01-19,03:02,70,"k-pop","SHOT CALLERS",2026-01-13,66,6,0,46,10,10,-6,A#/B♭ Minor,4,2xsZMSE32OCHKWe4A8sM0w,KRMIM2574052
918,"Saucin'","LNGSHOT",145,8B,76,2026-01-19,02:53,66,"k-pop","SHOT CALLERS",2026-01-13,74,11,0,75,10,0,-5,C Major,4,7j43jbkVpBrfDe5HCZPU73,KRMIM2572072
919,"FaceTime","LNGSHOT",95,1B,75,2026-01-19,02:47,76,"k-pop","SHOT CALLERS",2026-01-13,66,5,0,70,0,0,-7,B Major,4,7Ji60z4V0d0IUbuZMkpjJa,KRMIM2574054
920,"Never Let Go","LNGSHOT",105,10B,60,2026-01-19,03:13,80,"k-pop","SHOT CALLERS",2026-01-13,64,19,0,38,0,10,-8,D Major,4,37xebnhvUyM8VyyDDeo65d,KRMIM2574055
921,"XO, My Cyberlove","CHUU",117,2B,86,2026-01-19,03:22,62,"k-pop","XO, My Cyberlove",2026-01-07,82,13,0,65,10,10,-4,F#/G♭ Major,4,4fr8jAAeEw8CehOFoBdjqL,KRB472506413
922,"Love Me More","Apink",105,9B,93,2026-01-19,03:14,61,"k-pop","RE : LOVE",2026-01-05,66,8,0,56,0,20,-3,G Major,4,4Byc2Hr86k9zFxaTfDlZvm,KRMIM2569514
923,"Knife (SUNGHOON Ver.)","ENHYPEN",130,6B,80,2026-01-19,01:51,64,"k-pop","THE SIN : VANISH (SUNGHOON Ver.)",2026-01-19,80,1,57,55,10,10,-5,A#/B♭ Major,4,7rQFuRv9AZUX84e2KjYG5e,USA2P2570206
924,"I Gotta Feeling","Black Eyed Peas",128,8B,77,2026-01-19,04:49,85,"","THE E.N.D. (THE ENERGY NEVER DIES) [Deluxe Version]",2009-01-01,74,9,0,61,0,50,-6,C Major,4,4kLLWz7srcuLKA7Et40PQR,USUM70965169
925,"20 Min","Lil Uzi Vert",123,1A,75,2026-01-19,03:40,86,"melodic rap, rage rap","Luv Is Rage 2 (Deluxe)",2017-11-17,77,11,0,78,10,10,-4,G#/A♭ Minor,4,0uxSUdBrJy9Un0EYoBowng,USAT21704166
926,"Moonlight","XXXTENTACION",128,8A,54,2026-01-19,02:15,87,"emo rap","?",2018-03-16,92,56,0,71,0,10,-6,A Minor,4,0JP9xo3adEtGSdUEISiszL,USUG11800209
927,"Drop It Like It's Hot","Snoop Dogg,Pharrell Williams",92,3B,63,2026-01-20,04:26,79,"g-funk, west coast hip hop, gangster rap, old school hip hop, hip hop, rap, ","R&G (Rhythm & Gangsta): The Masterpiece",2004-01-01,89,19,0,66,20,10,-4,C♯/D♭ Major,4,2NBQmPrOEEjA8VbeWOQGxO,USMC10400640
928,"Lucid Dreams","Juice WRLD",84,11A,57,2026-01-20,03:59,84,"melodic rap, emo rap","Goodbye & Good Riddance",2018-12-10,51,35,0,22,20,30,-7,F#/G♭ Minor,4,285pBltuF7vW8TeWk8hdRR,USUG11800685
929,"In My Feelings","Drake",91,3B,63,2026-01-20,03:37,76,"rap","Scorpion",2018-06-29,84,6,0,35,10,40,-6,C♯/D♭ Major,4,2G7V7zsVDxg1yRsu7Ew9RJ,USCM51800206
930,"ARRIBA","ATEEZ",180,10A,71,2026-01-20,03:37,57,"k-pop, noise music","THE WORLD EP.FIN : WILL",2023-12-01,61,3,0,51,20,40,-5,B Minor,3,5wZu9Hw69jORB2OxeX3qC6,KRD442300023
931,"Beauty And A Beat","Justin Bieber,Nicki Minaj",128,8B,84,2026-01-21,03:47,95,"","Believe",2012-01-01,60,0,0,53,0,0,-5,C Major,4,6QFCMUUq1T2Vf5sFUXcuQ7,USUM71205367
932,"No Role Modelz","J. Cole",100,3A,52,2026-01-21,04:52,88,"rap","2014 Forest Hills Drive",2014-12-09,69,32,0,49,30,0,-8,A#/B♭ Minor,4,68Dni7IE4VyPkTOH9mRWHr,USQX91402598
933,"Walk It Talk It","Migos,Drake",146,10B,63,2026-01-21,04:36,74,"trap, rap","Culture II",2018-01-26,91,9,0,40,10,10,-5,D Major,4,6n4U3TlzUGhdSFbUUhTvLP,USUM71800983
934,"Save That Shit","Lil Peep",106,10B,58,2026-01-21,03:51,79,"emo rap, cloud rap","Come Over When You're Sober, Pt. 1",2017-08-15,53,3,0,14,0,40,-9,D Major,4,3VZlCJimDGY0D7YEC7S351,UKELY1700052
935,"Rap God","Eminem",148,9B,84,2026-01-21,06:03,76,"rap, hip hop","The Marshall Mathers LP2 (Deluxe)",2013-11-05,71,40,0,63,30,80,-3,G Major,4,6or1bKJiZ06IlK0vFvY75k,USUM71314079
936,"nuts","Lil Peep,rainy bear",62,10B,74,2026-01-22,01:25,89,"emo rap, cloud rap, ","LIVE FOREVER",2015-12-02,51,1,0,15,0,10,-7,D Major,4,4k3xDpAdBuM17mNNHhOZkK,UKELY2100069
937,"SAD!","XXXTENTACION",75,4B,61,2026-01-22,02:46,81,"emo rap","?",2018-03-16,74,26,0,47,10,10,-5,G#/A♭ Major,4,3ee8Jmje8o58CHK66QrVC2,USUG11800208
938,"Jocelyn Flores","XXXTENTACION",134,5A,39,2026-01-22,01:59,79,"emo rap","17",2017-08-25,87,47,0,44,20,30,-9,C Minor,4,7m9OqQk4RVRkw9JJdeAw96,USUYG1156892
939,"Fuck Love","XXXTENTACION,Trippie Redd",131,5A,53,2026-01-22,02:26,83,"emo rap, melodic rap","17",2017-08-25,80,2,0,33,0,10,-10,C Minor,4,7AQim7LbvFVZJE3O8TYgf2,USUYG1156898
940,"rockstar (feat. 21 Savage)","Post Malone,21 Savage",160,4A,52,2026-01-22,03:38,84,"","beerbongs & bentleys",2018-04-27,59,12,0,13,0,10,-6,F Minor,4,0e7ipj03S05BNilyu5bRzt,USUM71710087
941,"Moonwalkin'","LNGSHOT",150,5A,69,2026-01-22,03:28,82,"k-pop","SHOT CALLERS",2026-01-13,66,26,0,64,0,10,-6,C Minor,4,46V2ciN6F5bxjQWityNhkY,KRMIM2574053
942,"Dear ECLIPSE","ZEROBASEONE",101,11A,75,2026-01-22,02:49,46,"k-pop","You had me at HELLO",2024-05-13,73,13,0,48,10,30,-5,F#/G♭ Minor,4,2RFKh6vVYQuUtG5iIaIocR,KRA492400589
943,"Look At Me!","XXXTENTACION",139,3B,73,2026-01-23,02:06,79,"emo rap","Look At Me!",2017-02-20,76,26,0,35,20,10,-6,C♯/D♭ Major,4,7floNISpH8VF4z4459Qo18,USUYG1131080
944,"Creepin' (with The Weeknd & 21 Savage)","Metro Boomin,The Weeknd,21 Savage",98,12A,61,2026-01-23,03:41,82,"","HEROES & VILLAINS",2022-12-02,72,39,0,16,0,0,-6,C♯/D♭ Minor,4,2dHHgzDwk4BJdRwy9uXhTO,USUG12208791
945,"redrum","21 Savage",172,10B,73,2026-01-23,04:30,80,"","american dream",2024-01-12,63,1,0,24,0,30,-9,D Major,4,52eIcoLUM25zbQupAZYoFh,USSM12309164
946,"미워미워","Effie",177,7A,68,2026-01-26,02:17,43,"hyperpop, k-rap, electroclash","미워미워",2024-06-14,33,16,0,28,0,10,-5,D Minor,5,3Qrk2n9heBxrDNRThqg1Sh,KSA002401324
947,"MAKGEOLLI BANGER","Effie",139,5A,97,2026-01-26,02:47,53,"hyperpop, k-rap, electroclash","pullup to busan 4 morE hypEr summEr it’s gonna bE a fuckin moviE",2025-08-01,54,1,0,40,0,20,0,C Minor,4,2AXo959dEaHuIBvEGHzxE8,KRF632505061
948,"VISA","YOUNG POSSE",76,4A,84,2026-01-28,04:07,47,"k-pop","VISA / Pilot3",2026-01-27,64,0,0,49,0,60,-2,F Minor,4,3rLQaj0aIBRBEsSwHGY0HP,KRA382600539
949,"The Color Violet","Tory Lanez",105,11A,53,2026-01-28,03:46,87,"","Alone At Prom",2021-12-10,65,16,0,46,0,0,-11,F#/G♭ Minor,4,3azJifCSqg9fRij2yKIbWz,QZTGW2100275
950,"Say It","Tory Lanez",107,10A,53,2026-01-28,03:57,80,"","I Told You",2016-08-19,55,9,0,25,0,10,-11,B Minor,4,2Gyc6e2cLxA5hoX1NOvYnU,USUM71510633
951,"INTRO: Neo Got My Back","NCT,NCT U",100,7B,69,2026-01-28,01:57,48,"k-pop, noise music","NCT 2018 EMPATHY",2018-03-14,83,32,1,18,0,10,-8,F Major,4,46JuEtCV69InGm7hONKrgA,KRA301800099
952,"What You Saying","Lil Uzi Vert",133,10A,73,2026-01-28,02:11,80,"melodic rap, rage rap","What You Saying",2025-12-22,63,1,0,35,20,10,-8,B Minor,4,7cjoZVmWe2xsGR4wcXiV2v,NL8RL2584094
953,"STAY HERE 4 LIFE (feat. Brent Faiyaz)","A$AP Rocky,Brent Faiyaz",115,1B,53,2026-01-28,05:46,83,"rap, r&b","Don't Be Dumb",2026-01-16,55,52,0,50,20,40,-10,B Major,4,2xsTsnA5QOFCnFXdEHGkli,USRC12502326
954,"Money Longer","Lil Uzi Vert",136,4A,57,2026-01-28,03:18,78,"melodic rap, rage rap","Lil Uzi Vert vs. The World",2016-05-27,80,5,0,48,10,10,-8,F Minor,4,0B8QzDH7YWih85V5SEMnyJ,USAT21600660
955,"SHALALA","TAEYONG",95,8B,88,2026-01-28,03:21,55,"k-pop, noise music","SHALALA - The 1st Mini Album",2023-06-05,85,29,0,78,20,10,-3,C Major,4,2gAX00D7NOBKdcKbOXdpFR,KRA302300187
956,"Baby Don’t Like It 나쁜 짓","NCT 127",97,4A,56,2026-01-28,02:38,54,"k-pop, noise music","NCT#127 LIMITLESS - The 2nd Mini Album",2017-01-06,70,13,0,37,20,10,-5,F Minor,4,7I2nbddpDYsAe6e4biIxEO,KRA301700015
957,"Falling Down - Bonus Track","Lil Peep,XXXTENTACION",120,9A,57,2026-01-28,03:16,85,"emo rap, cloud rap","Come Over When You're Sober, Pt. 2",2018-11-09,67,2,0,27,0,10,-6,E Minor,4,4jvjzW7Hm0yK4LvvE0Paz9,USQX91802294
958,"Trance (with Travis Scott & Young Thug)","Metro Boomin,Travis Scott,Young Thug",119,12A,55,2026-01-28,03:14,84,"rap, trap, melodic rap","HEROES & VILLAINS",2022-12-02,77,18,0,49,30,10,-8,C♯/D♭ Minor,4,5wG3HvLhF6Y5KTGlK0IW3J,USUG12208787
959,"Ric Flair Drip (with Metro Boomin)","Offset,Metro Boomin",100,11B,43,2026-01-28,02:52,83,"","Without Warning",2017-10-30,88,15,0,33,20,10,-8,A Major,4,7sO5G9EABYOXQKNPNiE9NR,QZ45A1700064
960,"Like That","Future,Metro Boomin,Kendrick Lamar",162,10A,68,2026-01-28,04:27,84,"rap, hip hop, west coast hip hop","WE DON'T TRUST YOU",2024-03-22,81,1,0,31,20,10,-5,B Minor,4,2tudvzsrR56uom6smgOcSf,USSM12402041
961,"Too Many Nights (feat. Don Toliver & with Future)","Metro Boomin,Future,Don Toliver",88,6A,67,2026-01-28,03:19,85,"rap, ","HEROES & VILLAINS",2022-12-02,57,19,0,14,0,10,-4,G Minor,4,2Hh3ETdQKrmSI3QS0hme7g,USUG12208784
962,"CITY OF ANGELS (Sero Remix)","24kGoldn,Sero",120,5A,58,2026-01-28,02:56,55,"german hip hop","CITY OF ANGELS (Sero Remix)",2020-06-19,71,4,0,71,0,0,-5,C Minor,4,14tKxVL8OkwnCt0yMjYIOP,USQX92002821
963,"I Know What You Want (feat. Flipmode Squad)","Busta Rhymes,Mariah Carey,Flipmode Squad",86,2B,76,2026-02-03,05:24,64,"east coast hip hop, christmas","It Ain't Safe No More. . .",2002-01-01,65,1,0,52,30,60,-4,F#/G♭ Major,4,2WTvFsgi4XoZEGE8hMTty5,USJAY0200450
964,"红颜为谁开 (《玄界之门》动画片尾曲)","ZHANG HAO",98,3A,33,2026-02-05,03:45,47,"","红颜为谁开 (《玄界之门》动画片尾曲)",2025-11-25,51,61,0,25,0,40,-11,A#/B♭ Minor,4,5wrsSddMAvmECLZLdbrvbW,CN2DY2507968
965,"소방차 Fire Truck","NCT 127",110,3B,98,2026-02-05,02:58,53,"k-pop, noise music","NCT #127 - The 1st Mini Album",2016-07-10,72,12,0,63,0,30,-3,C♯/D♭ Major,4,5hHlmrSV6d9LFMsDA1lamE,KRA301600227
966,"Ghost","ATEEZ",140,4B,69,2026-02-06,02:47,66,"k-pop, noise music","GOLDEN HOUR : Part.4",2026-02-06,75,8,0,77,0,0,-4,G#/A♭ Major,4,4ReCSl70DVUjj9pf0ICgMH,KRD442500045
967,"Adrenaline","ATEEZ",126,10A,86,2026-02-06,03:39,76,"k-pop, noise music","GOLDEN HOUR : Part.4",2026-02-06,79,4,0,40,0,0,-4,B Minor,4,2VKGO4DNyUK5UxCQB3b3DF,KRD442500046
968,"NASA","ATEEZ",130,6A,85,2026-02-06,03:10,73,"k-pop, noise music","GOLDEN HOUR : Part.4",2026-02-06,72,4,0,62,0,10,-4,G Minor,4,48G4rDLisHuVgCKg872Tu5,KRD442500047
969,"On The Road","ATEEZ",88,4B,83,2026-02-06,03:23,64,"k-pop, noise music","GOLDEN HOUR : Part.4",2026-02-06,61,21,0,36,0,0,-4,G#/A♭ Major,4,0HAUnsOCQNH1fqIvlf7Fpp,KRD442500048
970,"Choose","ATEEZ",118,10A,81,2026-02-06,03:06,60,"k-pop, noise music","GOLDEN HOUR : Part.4",2026-02-06,67,3,0,42,0,10,-4,B Minor,4,05LoOSto6lqMPQp1jDRYRi,KRD442500044
971,"Magnolia","Playboi Carti",163,10A,58,2026-02-07,03:01,79,"rage rap","Playboi Carti",2017-04-14,79,1,0,44,20,30,-7,B Minor,4,1e1JKLEDKP7hEQzJfNAgPl,USUM71703095
972,"Timeless (feat Playboi Carti)","The Weeknd,Playboi Carti",120,10A,78,2026-02-07,04:16,90,"rage rap","Hurry Up Tomorrow",2025-01-31,77,7,0,60,0,10,-5,B Minor,4,0FIDCNYYjNvPVimz5icugS,USUG12406536
973,"TOXIC (with Skepta)","Playboi Carti,Skepta",142,8B,64,2026-02-07,02:15,79,"rage rap, grime, uk grime","MUSIC",2025-03-14,86,0,0,43,20,0,-6,C Major,4,4evMMKc2HD6fV9slMfgkMx,USUM72414854
974,"Type Shit","Future,Metro Boomin,Travis Scott,Playboi Carti",145,10B,55,2026-02-07,03:48,81,"rap, rage rap","WE DON'T TRUST YOU",2024-03-22,64,2,0,11,10,10,-6,D Major,4,28drn6tQo95MRvO0jQEo5C,USSM12402033
975,"Push Ups","Drake",91,10B,70,2026-02-07,03:52,73,"rap","Push Ups",2024-04-19,60,2,0,21,10,20,-5,D Major,4,3eh51r6rFWAlGQRlHx9QnQ,USUG12402283
976,"It's Up (feat. Young Thug & 21 Savage)","Drake,Young Thug,21 Savage",140,3B,72,2026-02-07,04:38,72,"rap, trap, melodic rap, ","100 GIGS",2024-08-30,78,3,0,29,10,10,-5,C♯/D♭ Major,4,1qIwin7JMVuX70qN6wD8ww,USUG12405316
977,"Ouvi Dizer","Melim",81,9B,61,2026-02-14,03:30,66,"mpb, brazilian pop, new mpb","Melim",2018-06-08,64,7,0,73,0,0,-8,G Major,4,1qCLx3nX25NuhfPjM5E1qV,BRUM71706704
978,"Wake Up in the Sky","Gucci Mane,Bruno Mars,Kodak Black",143,9A,58,2026-02-16,03:23,80,"southern hip hop, rap, trap, ","Evil Genius",2018-12-07,80,0,0,37,0,30,-5,E Minor,4,2G1tXoGBaEMJ7FKGnkf6ud,USAT21811087
979,"Gelo","Melim",170,8B,56,2026-02-17,02:29,56,"mpb, brazilian pop, new mpb","Eu Feat. Você",2020-05-15,55,24,0,90,0,10,-7,C Major,4,4gj2fFWAKao1PelfSzMlEg,BRUM71902524
980,"As Quatro Estações - Ao Vivo","Sandy e Junior,Marcelo Camelo",84,8B,38,2026-02-17,05:07,55,"brazilian pop, mpb, lullaby, new mpb","Acústico (Ao Vivo)",2007-09-23,60,62,0,24,0,90,-10,C Major,4,5jJx1foyPZy6S3EZ3wPlbo,BRUM70701182
981,"Long Way 2 Go","Cassie",105,4B,66,2026-02-20,03:40,83,"","Cassie (U.S. Version)",2006-08-07,59,6,0,68,0,30,-8,G#/A♭ Major,4,4v5kAh2wWyCSuKuhMJK8u6,USBB40610297
982,"Midnight Sun","Zara Larsson",151,11B,85,2026-02-20,03:09,85,"","Midnight Sun",2025-09-25,69,3,0,49,10,0,-5,A Major,4,1qRV1dKLOfH1s00b9J2LUQ,USSM12502221
983,"BOTH SIDES","NCT JNJM",125,11B,83,2026-02-23,02:51,76,"","BOTH SIDES - The 1st Mini Album",2026-02-23,84,12,0,79,0,30,-5,A Major,4,3b8RmBMHKwhVzsn3EMGqpK,KRA302600020
984,"I.D.O.L.","NCT JNJM",118,4A,78,2026-02-23,02:41,63,"","BOTH SIDES - The 1st Mini Album",2026-02-23,79,1,0,78,0,30,-5,F Minor,4,3iX3ePsJsKWORiNO0EUyl8,KRA302600021
985,"What It Is","NCT JNJM",145,4A,72,2026-02-23,02:51,61,"","BOTH SIDES - The 1st Mini Album",2026-02-23,67,3,0,73,0,10,-6,F Minor,4,7ISVU4jjM5UK0NtQbia9SP,KRA302600022
986,"HASHTAG","NCT JNJM",124,7B,65,2026-02-23,02:37,61,"","BOTH SIDES - The 1st Mini Album",2026-02-23,94,3,0,30,0,30,-5,F Major,4,4roSuTf6WZoRZnJ46eryr5,KRA302600023
987,"WIND UP","NCT JNJM",107,1B,79,2026-02-23,02:40,60,"","BOTH SIDES - The 1st Mini Album",2026-02-23,80,4,0,93,0,20,-4,B Major,4,6u0tMhPjafLexSX5r4i2yi,KRA302600024
988,"sexier","NCT JNJM",146,7B,90,2026-02-23,02:22,61,"","BOTH SIDES - The 1st Mini Album",2026-02-23,77,8,0,86,10,30,-7,F Major,4,5aM1EFHAx6Mnqd2RqoLBwq,KRA302600025
989,"RUDE!","Hearts2Hearts",128,11A,78,2026-02-24,03:20,87,"k-pop","RUDE!",2026-02-20,78,17,0,47,0,30,-4,F#/G♭ Minor,4,2bAQsNqdo62T8akkIvWzGl,KRA302600032
990,"404 (New Era)","KiiiKiii",140,12B,52,2026-02-24,02:59,80,"k-pop","Delulu Pack",2026-01-26,50,66,47,0,0,50,-49,E Major,1,24rDDbSlFY9OHrlJb48CRh,QM4TW2606899
991,"Social Narga e Piscina","MC MM",132,8B,68,2026-02-24,03:05,60,"brazilian funk","Social Narga e Piscina",2017-01-03,94,47,0,85,20,0,-4,C Major,4,1L3enLPv2RjsaytQFXTpuN,BXG6R1700011
992,"MONTAGEM CAMERA LENTA","DJ DUARTE,DJ ORBITAL,Dj Rs",130,9A,77,2026-03-04,02:49,77,"brazilian funk, funk bruxaria, phonk, brazilian phonk","MONTAGEM CAMERA LENTA",2025-10-10,73,6,0,41,10,10,-11,E Minor,4,6YAK1Sle1Wl7jOurqwWCfh,QT5M42580628
993,"My R","Lollia",105,11A,55,2026-03-06,03:34,57,"","My R",2020-12-03,72,4,0,90,0,20,-9,F#/G♭ Minor,4,4Li4x03VzGLRZW5B6hv0Xt,QZGWX2067197
994,"Gangsta's Paradise","Coolio,L.V.",80,4B,51,2026-03-06,04:00,9,"west coast hip hop, g-funk, ","Gangsta's Paradise",1995-11-07,65,7,0,39,0,40,-10,G#/A♭ Major,4,7lQWRAjyhTpCWFC0jmclT4,USTB10400128
995,"Happy Nation","Ace of Base",96,3B,86,2026-03-09,04:15,77,"eurodance, europop","Happy Nation",1992-11-16,67,0,0,67,0,0,-5,C♯/D♭ Major,4,7yCF65vpc7sUwPjftI0iFb,SEVJH0803407
996,"Thank You","Dido",80,12A,58,2026-03-10,03:38,81,"","No Angel",1999-00-00,73,30,0,76,0,0,-10,C♯/D♭ Minor,4,3yUcJwYu7fXAfqMj9krY6l,USAR19900870
997,"DON'T DIE","Odetari,SOYEON,i-dle",160,3B,93,2026-03-13,03:07,60,"hyperpop, k-pop","DON'T DIE",2026-03-11,52,0,2,9,0,10,-5,C♯/D♭ Major,4,3mSRZuuXL6NjJosHn64pwu,QZZ4J2600069
998,"Hate You","Jung Kook",80,10B,27,2026-03-15,02:34,74,"k-pop","GOLDEN",2023-11-03,42,86,0,25,0,0,-9,D Major,4,5ONOlTiqymhzwcFjqcIT6E,USA2P2348394
999,"Innocence","Hildir Svensson,deprezz",124,3B,21,2026-03-18,05:56,77,"","Innocence",2026-02-23,52,96,0,7,0,10,-13,C♯/D♭ Major,4,3rv58nZ7Pk3PB9lTIujQFi,GXF972547264
1000,"Telephone","Lady Gaga,Beyoncé",122,5B,84,2026-03-18,03:40,82,"art pop, pop, ","The Fame Monster (Deluxe Edition)",2009-11-05,82,1,0,72,0,10,-6,D#/E♭ Major,4,4TCL0qqKyqsMZml0G3M9IM,USUM70905541
1001,"Catch Catch","YENA",138,4A,94,2026-03-18,03:00,84,"k-pop","LOVE CATCHER",2026-03-11,81,2,0,97,0,0,-3,F Minor,4,2O9bMJticxbQ8FH3NiQ7Xh,KRMIM2619092
1002,"SWIM","BTS",94,11A,71,2026-03-20,02:39,99,"k-pop","ARIRANG",2026-03-20,53,15,0,16,0,10,-5,F#/G♭ Minor,4,68lbSrXDORS51pmyjZv712,USA2P2600449
1003,"Aliens","BTS",98,1B,74,2026-03-20,02:47,93,"k-pop","ARIRANG",2026-03-20,71,10,0,50,0,80,-3,B Major,4,5tg21NdePCn5m8F9BXOEeJ,USA2P2600445
1004,"FYA","BTS",129,10A,82,2026-03-20,03:00,94,"k-pop","ARIRANG",2026-03-20,71,0,0,46,20,10,-5,B Minor,4,0KmrKOdScRDVYwWS8hkkdv,USA2P2600446
1005,"Dracula - JENNIE Remix","Tame Impala,JENNIE",115,2A,79,2026-03-25,03:29,96,"neo-psychedelic, indie, k-pop","Dracula (Remix)",2026-02-06,66,2,0,76,0,80,-3,D#/E♭ Minor,4,5yvVYFDUpbnjcnRBgjwTzM,USQX92600464
1006,"KING","Kanye West,Ye",98,12A,87,2026-03-31,02:06,82,"rap, ","BULLY",2026-03-28,55,48,0,27,20,20,-4,C♯/D♭ Minor,4,4LP6bmyAxdMNrqUrMpaVQ8,QZQAY2608133
1007,"THIS A MUST","Kanye West,Ye",155,7B,68,2026-03-31,01:26,80,"rap, ","BULLY",2026-03-28,79,1,0,28,10,20,-4,F Major,4,41e8XO5tcG6Uesk2FhdsWm,QZTL92630284
1008,"FATHER (feat. Travis Scott)","Kanye West,Ye,Travis Scott",107,10A,54,2026-03-31,02:49,88,"rap","BULLY",2026-03-28,74,46,0,4,10,10,-8,B Minor,4,5pfn68duSmBKo4FhYknOms,QZQAY2638915
1009,"ALL THE LOVE (feat. Andre Troutman)","Kanye West,Ye,Andre Troutman",118,6A,76,2026-03-31,03:49,88,"rap, ","BULLY",2026-03-28,33,2,0,21,0,20,-6,G Minor,4,2SjnvpedDUU0Ga69bxnoCa,QZS7J2646936
1010,"PUNCH DRUNK","Kanye West,Ye",159,9A,71,2026-03-31,01:48,82,"rap, ","BULLY",2026-03-28,40,71,0,69,10,70,-7,E Minor,3,4bWZz15GR1EE8E8x23rDWV,QZQAY2608036
1011,"WHATEVER WORKS","Kanye West,Ye",165,3A,58,2026-03-31,01:59,81,"rap, ","BULLY",2026-03-28,47,7,0,17,10,10,-6,A#/B♭ Minor,4,7GVuAK4EmYP7gvlXA4JXqU,QZQAY2678768
1012,"MAMA’S FAVORITE","Kanye West,Ye",139,11B,34,2026-03-31,02:34,79,"rap, ","BULLY",2026-03-28,55,69,0,24,10,10,-12,A Major,3,25fLIFbAV7zBetOH077pDl,QZS7J2695718
1013,"SISTERS AND BROTHERS","Kanye West,Ye",94,1B,37,2026-03-31,02:46,80,"rap, ","BULLY",2026-03-28,55,3,0,19,0,20,-14,B Major,4,1FpjiEapAG8XJdVSI0tvdc,QZQAY2677166
1014,"BULLY (feat. CeeLo Green)","Kanye West,Ye,CeeLo Green",100,4B,38,2026-03-31,02:27,80,"rap, ","BULLY",2026-03-28,61,43,0,59,0,30,-8,G#/A♭ Major,4,6KhDb86ThnlKirRw1UBZGb,QZQAY2629213
1015,"HIGHS AND LOWS","Kanye West,Ye",85,1A,59,2026-03-31,01:51,82,"rap, ","BULLY",2026-03-28,21,42,0,13,0,10,-6,G#/A♭ Minor,1,565G1vHZu2xoxrnTyF06Qw,QZQAY2672205
1016,"I CAN’T WAIT","Kanye West,Ye",79,12A,53,2026-03-31,02:07,80,"rap, ","BULLY",2026-03-28,33,15,0,54,0,20,-10,C♯/D♭ Minor,4,163l4Itf8oDEK7ZYdVm22N,QZQAY2662999
1017,"WHITE LINES (feat. Andre Troutman)","Kanye West,Ye,Andre Troutman",72,6A,26,2026-03-31,02:10,79,"rap, ","BULLY",2026-03-28,50,45,0,7,0,10,-12,G Minor,4,3bbjDFVu9BtFtGD2fZpVfz,QZQAY2618585
1018,"CIRCLES","Kanye West,Ye",86,12B,69,2026-03-31,01:31,77,"rap, ","BULLY",2026-03-28,68,0,80,56,0,20,-8,E Major,4,1udGa2Ww3YIVSp5X4OMHFQ,QZQAY2611415
1019,"PREACHER MAN","Kanye West,Ye",80,4A,40,2026-03-31,03:01,79,"rap, ","BULLY",2026-03-28,60,64,2,52,0,10,-7,F Minor,4,0fD7KBtQgPR1YCtuPAsyZJ,QT4K52533433
1020,"BEAUTY AND THE BEAST","Kanye West,Ye",82,9B,47,2026-03-31,01:45,77,"rap, ","BULLY",2026-03-28,62,5,12,18,0,20,-8,G Major,1,6pxHjkpwGmg97Yn5HcwNTn,QT4K52533434
1021,"DAMN","Kanye West,Ye",55,12B,32,2026-03-31,02:02,77,"rap, ","BULLY",2026-03-28,60,2,0,16,10,10,-10,E Major,4,4dm2VMjIs1JlGZp2TePJaE,QT4K52533435
1022,"LAST BREATH (feat. Peso Pluma)","Kanye West,Ye,Peso Pluma",115,4A,43,2026-03-31,03:06,79,"rap, corrido, corridos tumbados, corridos bélicos, música mexicana, sad sierreño, banda","BULLY",2026-03-28,70,1,0,19,0,10,-9,F Minor,4,13CvK7typ0qYle19p9Vahn,QZQAY2696018
1023,"THIS ONE HERE","Kanye West,Ye",107,3B,35,2026-03-31,03:01,78,"rap, ","BULLY",2026-03-28,76,39,0,31,0,10,-10,C♯/D♭ Major,4,7uGrdyEErKPSA3oiJQHxQ6,QZQAY2640737
1024,"Babydoll","Dominic Fike",168,6A,60,2026-04-06,01:37,100,"","Don't Forget About Me, Demos",2018-10-16,76,11,0,85,10,0,-5,G Minor,4,7yNf9YjeO5JXUE3JEBgnYc,USQX91802457
1025,"STREET THUNDER","Mazie Doyle",142,10B,44,2026-04-06,01:32,13,"","STREET THUNDER",2026-01-04,89,5,0,43,20,30,-12,D Major,4,5GpOuwbZfnaMv8gR506txh,AEA3A2047845
1026,"Combo","RIIZE",140,6B,84,2026-04-08,03:39,43,"k-pop","RIIZING : Epilogue - The 1st Mini Album",2024-09-03,57,0,0,26,0,0,-4,A#/B♭ Major,4,3LUi9n9mMOR1eK3kle7oCe,KRA302400265
1027,"Stay Fly (feat. Young Buck & 8Ball & MJG)","Three 6 Mafia,Young Buck,8Ball & MJG",133,1B,84,2026-04-08,03:56,47,"southern hip hop, horrorcore, crunk, gangster rap, old school hip hop","Most Known Unknown",2006-06-20,79,5,0,66,0,30,-7,B Major,4,5E7KLTX783z6hMxqEwQQM4,USSM10502940
1028,"Him & I (with Halsey)","G-Eazy,Halsey",88,10B,73,2026-04-09,04:28,82,"","The Beautiful & Damned",2017-12-15,59,5,0,19,0,30,-6,D Major,4,5k38wzpLb15YgncyWdTZE4,USRC11701867
1029,"Walk","NCT 127",98,9A,85,2026-04-09,03:11,57,"k-pop, noise music","WALK - The 6th Album",2024-07-14,73,2,0,88,20,0,-4,E Minor,4,5ThXW5oGbAfQU2QTPicMd9,KRA302400166
1030,"Lucky","RIIZE",113,12B,86,2026-04-09,02:47,56,"k-pop","Lucky",2024-07-28,78,4,0,94,0,30,-4,E Major,4,4CnDbDsp8M84paAlyPpVpf,JPPO02403239
1031,"Honestly","RIIZE",146,7B,55,2026-04-09,03:14,48,"k-pop","RIIZING - The 1st Mini Album",2024-06-17,59,0,0,37,0,0,-7,F Major,4,39WIXqHwC7mAkoM57ZqGkp,KRA302400125
1032,"幻昼 - DJ版","Lin临江",115,1A,66,2026-04-09,03:01,55,"","Move Up",2025-11-30,55,65,78,80,10,10,-8,G#/A♭ Minor,4,1o6W3Z641p7IAgGDk1mRoK,HKD012694934
1033,"Cheerleader (Felix Jaehn Remix) - Radio Edit","OMI,Felix Jaehn",118,12B,69,2026-04-14,03:00,84,"tropical house","Me 4 U",2015-10-16,78,17,0,60,0,10,-6,E Major,4,7vFoFDWqTX0mHzLfrF1Cfy,USUS11202574
1034,"Superhuman","NCT 127",117,10B,79,2026-04-16,03:57,53,"k-pop, noise music","NCT #127 WE ARE SUPERHUMAN - The 4th Mini Album",2019-05-23,68,4,0,65,30,0,-5,D Major,4,3F8qoS9JdQviwTGwYTz6Yj,KRA301900192
1035,"Bed of Thorns","TOMORROW X TOGETHER",176,3B,76,2026-04-22,02:48,76,"k-pop","7TH YEAR: A Moment of Stillness in the Thorns",2026-04-13,56,0,0,43,0,20,-7,C♯/D♭ Major,4,2AofGuSfbbgjIvoSdUkfJd,USA2P2611407
1036,"Stick With You","TOMORROW X TOGETHER",114,5A,80,2026-04-22,02:33,85,"k-pop","7TH YEAR: A Moment of Stillness in the Thorns",2026-04-13,74,17,0,42,0,20,-7,C Minor,4,1ttNlwhsAwCvSKWGxA6fDk,USA2P2611408
1037,"Take Me to Nirvana (feat. Vinida Weng)","TOMORROW X TOGETHER,Vinida Weng",130,10A,76,2026-04-22,02:31,76,"k-pop, chinese hip hop, chinese r&b, c-pop, mandopop","7TH YEAR: A Moment of Stillness in the Thorns",2026-04-13,67,4,0,60,0,10,-9,B Minor,4,7d2WBtRFNknx11P6MwLomO,USA2P2611409
1038,"So What","TOMORROW X TOGETHER",122,4B,86,2026-04-22,03:12,76,"k-pop","7TH YEAR: A Moment of Stillness in the Thorns",2026-04-13,88,1,0,53,0,0,-2,G#/A♭ Major,4,0pbq2kwWuZ7bxRxCS0eBEU,USA2P2611410
1039,"21st Century Romance","TOMORROW X TOGETHER",106,8B,45,2026-04-22,02:38,75,"k-pop","7TH YEAR: A Moment of Stillness in the Thorns",2026-04-13,53,7,0,9,0,10,-11,C Major,4,6pXvUGmcypzmUlTMlgkGhy,USA2P2611411
1040,"Dream of Mine","TOMORROW X TOGETHER",174,3A,90,2026-04-22,02:20,74,"k-pop","7TH YEAR: A Moment of Stillness in the Thorns",2026-04-13,52,0,0,62,0,60,-6,A#/B♭ Minor,4,1s8LlzOSetYeUcmYKxaRY1,USA2P2618267