#,Song,Artist,BPM,Camelot,Energy,Added At,Duration,Popularity,Genres,Album,Album Date,Dance,Acoustic,Instrumental,Valence,Speech,Live,Loud (Db),Key,Time Signature,Spotify Track Id,ISRC
1,"Plane","Jason Mraz",120,2B,45,2021-03-29,05:13,34,"soft pop, acoustic pop","Mr. A-Z",2005-07-26,61,63,0,34,0,10,-7,F#/G♭ Major,4,5N2WULg6bU9oDNJHVwvZS1,USEE10500846
2,"Skyline","FKJ",148,6A,42,2021-03-29,04:09,57,"","French Kiwi Juice",2017-03-03,70,62,4,30,0,0,-10,G Minor,4,5kc6erfW0v4PtsBtRJpf0Z,FR10S1734392
3,"Streetcar","Daniel Caesar",110,5B,30,2021-03-29,04:06,2,"","Pilgrim's Paradise",2015-11-12,41,72,0,14,0,10,-12,D#/E♭ Major,3,7Cu2COdH93MnuireuKNiS3,TCACJ1532157
4,"Frozen","Sabrina Claudio",119,7B,42,2021-03-29,04:04,60,"","About Time",2017-10-05,49,74,0,23,0,10,-6,F Major,3,21oJ1K99GBJrE2GVQGVjA0,USAT21704086
5,"Not Thinkin' Bout You","Ruel",120,3A,36,2021-03-29,03:08,49,"","Ready",2018-06-15,66,27,0,52,0,0,-9,A#/B♭ Minor,4,2awExtNBABpwOFC78XViJd,USRC11801789
6,"2002","Anne-Marie",96,12A,68,2021-03-29,03:06,82,"","Speak Your Mind (Deluxe)",2018-04-27,70,4,0,60,10,10,-3,C♯/D♭ Minor,4,2BgEsaKNfHUdlh97KmvFyo,GBAHS1800094
7,"Vincent","James Blake",112,9B,9,2021-03-29,05:09,42,"","Vincent",2017-12-24,43,97,0,37,0,0,-17,G Major,5,0hQkqM37pYkOuWDDoxk3Ce,GBUM71706574
8,"Not Going Anywhere","Keren Ann",97,5A,20,2021-03-29,03:41,43,"french jazz, french pop","Not Going Anywhere",2003-09-28,49,90,1,37,0,10,-12,C Minor,4,1lv17MSSDr1iBS2vp6UoRt,FRZ110300333
9,"I'll Never Love Again - Extended Version","Lady Gaga",108,9B,36,2021-03-29,05:28,65,"art pop, pop","A Star Is Born Soundtrack",2018-10-05,41,69,0,20,0,10,-6,G Major,4,2fbJ5Msx8KoDKpyufH5YsU,USUM71813205
10,"Healthy","PRETTYMUCH",150,4B,77,2021-03-29,03:17,38,"","PRETTYMUCH an EP",2018-04-19,71,11,0,70,10,0,-4,G#/A♭ Major,4,74ZGCsRTbnaNDg8cjWSdoR,GBHMU1800009
11,"1-800-273-8255","Logic,Alessia Cara,Khalid",100,4A,57,2021-03-29,04:10,78,"","Everybody",2017-05-05,62,57,0,36,0,10,-8,F Minor,4,5tz69p7tJuGPeMGwNTxYuV,USUM71702778
12,"Perfect Timing","Tone Stith",146,8B,65,2021-03-29,03:44,31,"trap soul, r&b","Good Company",2018-12-14,65,2,0,43,0,20,-3,C Major,4,1DnKTDQSUPgxX4nqd4iyRx,USRC11803597
13,"Oh My Gosh","Tone Stith",168,5B,62,2021-03-29,01:57,24,"trap soul, r&b","Can We Talk",2017-10-20,73,35,0,70,10,10,-9,D#/E♭ Major,4,3ZOXXyAjMXvOvjUaMqtShT,USRC11702637
14,"Secrets","Tone Stith",110,10A,50,2021-03-29,03:08,26,"trap soul, r&b","Good Company",2018-12-14,60,73,0,63,0,60,-7,B Minor,4,6MdNiXqTGsDvgGCRUjXxWy,USRC11803595
15,"Let Me","Tone Stith",112,2B,69,2021-03-29,03:35,32,"trap soul, r&b","Can We Talk",2017-10-20,60,2,0,66,0,10,-6,F#/G♭ Major,3,3Z30Gh3iEhTeQiVM47sZLf,QM24S1702432
16,"Honey","Kehlani",97,5B,24,2021-03-30,03:19,63,"","Honey",2017-10-06,61,77,0,53,0,0,-7,D#/E♭ Major,4,5QTdOvIF2ehBMZpSIIGzIo,USAT21704208
17,"Lonely","Tone Stith",135,1B,51,2021-03-30,02:56,8,"trap soul, r&b","Sorry I Missed Valentine's",2017-04-25,62,11,0,67,0,10,-6,B Major,4,4RnJVl6xqFLkRsKwvAZx2I,QM24S1701179
18,"What Makes You Beautiful","One Direction",125,12B,79,2021-03-30,03:19,87,"","Up All Night",2012-05-25,73,1,0,89,0,0,-2,E Major,4,4cluDES4hQEUhmXj6TXkSo,GBHMU1100018
19,"Phases","PRETTYMUCH",106,10A,64,2021-03-30,03:35,58,"","Phases",2019-04-26,77,17,0,49,10,0,-7,B Minor,4,3je88Q4OvTqIx7BFRFYvRA,GBHMU1900019
20,"you were good to me","Jeremy Zucker,Chelsea Cutler",102,10B,8,2021-03-30,03:39,69,"","brent",2019-05-03,56,91,0,21,0,10,-15,D Major,4,4CxFN5zON70B3VOPBYbd6P,USUM71906797
21,"Fake Love","Drake",134,8A,48,2021-03-30,03:30,72,"rap","More Life",2017-03-18,93,11,0,61,20,10,-9,A Minor,4,343YBumqHu19cGoGARUTsd,USCM51700084
22,"Mark My Words","Justin Bieber",116,8B,26,2021-03-30,02:14,44,"","Purpose (Deluxe)",2015-11-13,39,88,0,52,0,10,-9,C Major,4,1iT8XvxyI4UQqAiPqSx9lP,USUM71516757
23,"Something Devine","Sam Ock",86,9B,42,2021-03-30,03:25,22,"christian jazz","Stages",2014-03-12,73,79,0,58,0,10,-8,G Major,4,0AO2M7L6llOdox0rbpqioQ,JPD731400224
24,"Satisfied","Elijah Blake",140,12B,53,2021-03-30,02:48,30,"","Bijoux 23",2018-12-21,72,71,0,55,20,20,-6,E Major,4,1UvXZz4bFzreMkZxNgJPDL,QZES81883876
25,"Everything (feat. John Legend)","Ella Mai,John Legend",80,9B,46,2021-03-30,03:01,54,"r&b, soft pop, neo soul","Ella Mai",2018-10-12,32,43,0,6,0,10,-5,G Major,3,0V6imIPZVXJEtl2umdNILO,USUM71813375
26,"Home To Mama","Justin Bieber,Cody Simpson",90,10B,30,2021-03-30,03:23,62,"","Acoustix 3",2015-11-20,72,95,0,49,0,10,-11,D Major,4,3zNUOVnTALQXmPrkyoUgrm,USUM71414294
27,"Rest","Yerin Baek",83,8B,38,2021-03-30,03:28,0,"k-ballad","Every letter I sent you.",2019-12-10,68,94,0,32,0,10,-9,C Major,4,1cayXr914ctuYeJkv3CPUR,KRF251900189
28,"right here","keshi",160,7B,50,2021-03-30,03:15,60,"","bandaids",2020-03-24,60,8,0,32,0,10,-9,F Major,4,2Q3QRjA8MjzqpFaIkFludb,USUM71918711
29,"You Got It","Jamie Ave,Myles Parrish",94,4A,45,2021-04-06,03:36,0,"","You Got It",2018-05-16,64,12,0,69,0,10,-8,F Minor,4,69zB5h9KcJSBNqLRi4eL7x,QM24S1812202
30,"Falling","Harry Styles",110,12B,27,2021-04-07,04:00,83,"","Fine Line",2019-12-13,57,84,0,6,0,0,-7,E Major,4,1ZMiCix7XSAbfAJlEZWMCp,USSM11912590
31,"All Around Me","Justin Bieber",117,5B,44,2021-04-07,02:16,63,"","Changes",2020-02-14,53,81,0,69,0,20,-8,D#/E♭ Major,4,5Py8zRKGkZvgHniVVtvNCN,USUM72001299
32,"If the World Was Ending (feat. Julia Michaels)","JP Saxe,Julia Michaels",76,3B,47,2021-04-17,03:28,75,"","If the World Was Ending (feat. Julia Michaels)",2019-10-17,46,87,0,60,10,10,-10,C♯/D♭ Major,4,2kJwzbxV2ppxnQoYw4GLBZ,USQX91902708
33,"Hard Sometimes","Ruel",82,6B,32,2021-04-17,04:29,54,"","Free Time",2019-09-13,41,85,0,22,0,10,-8,A#/B♭ Major,4,0D2xguFRqCF0OUqXCkqrpU,USRC11902502
34,"Scared To Live","The Weeknd",87,8B,50,2021-04-17,03:11,64,"","After Hours",2020-03-20,49,13,0,20,0,0,-8,C Major,4,4BGZF4oLbTL0pWm7C18pbv,USUG12000653
35,"Dear Diary","Anthony Ramos",125,9B,41,2021-04-17,03:36,33,"","The Good & The Bad",2019-10-25,47,59,0,37,0,10,-9,G Major,3,56sf2wdTV7nWvkSoWVLCYa,USUG11902481
36,"One Call Away","Charlie Puth",91,3B,61,2021-04-17,03:14,72,"soft pop","Nine Track Mind",2016-01-29,67,40,0,47,0,10,-5,C♯/D♭ Major,4,37R0bQOQj5a7DOqh1TGzvB,USAT21502703
37,"Make Me Smile","Sam Ock,Uzuhan",119,3A,65,2021-04-17,05:07,15,"christian jazz, jazz rap, christian hip hop","Grey",2015-01-02,75,25,0,86,0,0,-7,A#/B♭ Minor,4,2vhLfcyEizqxg8NopWbSSB,USACX1402063
38,"Butterfly","UMI",132,7B,27,2021-05-03,02:40,52,"","Butterfly",2018-03-09,79,26,0,12,0,10,-14,F Major,4,4qkVALwOxCIEZ7I5gkZ3m4,QZBRF1834800
39,"Movin.","Kiana Ledé",130,3B,52,2021-05-03,03:06,40,"","KIKI",2020-04-03,80,44,2,50,0,10,-8,C♯/D♭ Major,4,5q9aIEJWDct6TOj5vu5J3u,USUM72003402
40,"Amazing Day","Coldplay",97,7B,64,2021-05-03,04:31,60,"","A Head Full of Dreams",2015-12-04,45,2,44,29,0,10,-6,F Major,3,3wtV2ifnHzirkAElgTGh63,GBAYE1500985
41,"Stuck with U (with Justin Bieber)","Ariana Grande,Justin Bieber",179,4B,45,2021-05-03,03:48,82,"pop, ","Stuck with U",2020-05-08,60,22,0,54,0,30,-7,G#/A♭ Major,3,4HBZA5flZLE435QTztThqH,USUM72009644
42,"Before You Go","Lewis Capaldi",112,5B,57,2021-05-04,03:35,69,"soft pop","Before You Go",2019-11-19,46,60,0,18,0,0,-5,D#/E♭ Major,4,7ce20yLkzuXXLUhzIDoZih,DEUM71905868
43,"Thoughts","Sasha Alex Sloan",90,9B,46,2021-05-04,03:05,42,"","Thoughts",2019-05-31,69,14,0,6,0,10,-10,G Major,4,2jm0S3dMxpAz5H59z4lOJH,USRC11901178
44,"Purpose - Stripped","Etham",155,4B,29,2021-05-04,03:16,45,"","Purpose (Stripped)",2019-01-04,42,67,0,52,0,10,-10,G#/A♭ Major,5,4IlzIqULsKpVz0b0kUbyO1,GBUM71807890
45,"no song without you","HONNE",105,8B,47,2021-05-04,02:40,58,"","no song without you",2020-07-03,79,49,25,81,0,10,-13,C Major,4,1lNHWPDvKEbamKezpLq7HW,GBAHS2000332
46,"Beautiful","Bazzi",100,10B,68,2021-05-04,02:58,69,"","COSMIC",2018-04-12,67,21,0,18,0,10,-6,D Major,4,5TVirkSwFEXF1nLJEebe2I,TCADE1707724
47,"Best Part (feat. H.E.R.)","Daniel Caesar,H.E.R.",75,9B,36,2021-05-06,03:29,9,"r&b","Freudian",2017-08-25,52,81,0,44,0,10,-10,G Major,4,1RMJOxR6GRPsBHL8qeC2ux,CADDS1700022
48,"moonmap","Meego",109,5B,32,2021-05-06,01:40,0,"","Freeze",2019-02-01,52,95,0,19,0,20,-11,D#/E♭ Major,4,7E0hAGLNbJwYnNSFGoetxL,KRMIM1902318
49,"Pink Lemonade","Johnny Stimson",85,9B,43,2021-05-06,02:46,31,"","Pink Lemonade",2020-08-07,75,77,0,28,20,50,-9,G Major,4,3BYUbrFKwIPYGmFwQkx8qU,TCAFA2025353
50,"Summer christmas","JOONIL JUNG",136,3B,25,2021-05-06,02:55,5,"k-ballad","Summer Inn.",2020-09-02,48,65,0,41,0,10,-12,C♯/D♭ Major,4,4g2OdIK8z0fKDQG3UOapi4,KRA382005286
51,"Vibin' Out","FKJ,((( O )))",89,4A,17,2021-05-06,05:11,60,"","French Kiwi Juice",2017-03-03,41,85,0,21,0,10,-11,F Minor,4,6SEolIp22t0DzeBfCBo3hr,FR10S1734395
52,"Last Night on Earth","Green Day",120,10B,49,2021-05-06,03:56,77,"punk, pop punk","21st Century Breakdown",2009-05-15,56,4,0,24,0,10,-7,D Major,4,5TpPSTItCwtZ8Sltr3vdzm,USRE10900670
53,"U Move, I Move (feat. Jhene Aiko)","John Legend,Jhené Aiko",83,1B,25,2021-05-06,03:43,54,"soft pop, neo soul, r&b","Bigger Love",2020-06-19,38,84,0,26,0,10,-10,B Major,4,7wfDCDfhVe2tFxIkQEJp35,USSM12003403
54,"Hate Everything","GSoul",119,6B,23,2021-05-06,03:25,48,"k-rap","Hate Everything",2019-12-11,47,86,0,29,0,10,-9,A#/B♭ Major,4,52UDFFwUueOBfJ2vB5BqRr,KRF151900078
55,"Chivalry Is Dead","Trevor Wesley",127,2B,73,2021-05-06,03:28,51,"","Chivalry Is Dead",2016-11-04,48,5,0,64,0,0,-5,F#/G♭ Major,4,4BYO8KU39k40yaRAwDgyUs,USUYG1066017
56,"Bad Boy","CHUNG HA,Christopher",117,4A,57,2021-05-06,03:02,47,"k-pop, dansk pop","Bad Boy",2020-09-23,82,35,0,74,0,20,-4,F Minor,4,1WCOna34eEMPgjfOOZkGQc,DKAZA2000205
57,"Movie","Tom Misch",122,9B,38,2021-05-06,05:57,0,"indie soul","Geography",2018-04-06,79,39,2,18,0,20,-11,G Major,3,6pxElwU80zhjbCC77Vn8EI,GBKPL1790881
58,"Valentine","Pentatonix",152,4B,44,2021-05-06,02:37,32,"christmas","PTX, Vol. 2",2013-11-05,68,81,0,46,0,10,-9,G#/A♭ Major,4,5djjmpqAOlne6d5RSHQmvu,US4DG1300063
59,"Ordinary Miracle","Sarah McLachlan,Dave Stewart,Matt Chamberlain,Stewart Cole",132,10B,24,2021-05-06,03:03,25,"nu jazz, experimental jazz, ","Charlotte's Web",2006-11-09,53,75,0,33,0,10,-16,D Major,4,2CtlRQR9eDq9kcJhtMY8TZ,USSM10606551
60,"So Sick","Ne-Yo",93,2B,57,2021-05-22,03:27,82,"","In My Own Words",2006-01-01,45,25,0,58,30,10,-8,F#/G♭ Major,4,6brl7bwOHmGFkNw3MBqssT,USUM70501633
61,"Good Days","SZA",121,12A,66,2021-05-25,04:39,74,"r&b","Good Days",2020-12-25,44,50,0,41,0,60,-8,C♯/D♭ Minor,4,3YJJjQPAbDT7mGpX3WtQ9A,USRC12004189
62,"idontwannabeyouanymore","Billie Eilish",170,9B,41,2021-05-28,03:23,80,"","dont smile at me",2017-12-22,48,74,0,25,0,10,-8,G Major,3,41zXlQxzTi6cGAjpOXyLYH,USUM71707712
63,"Chills","Why Don't We",163,3B,69,2021-05-29,02:45,52,"","Chills",2019-12-30,62,0,0,78,0,10,-5,C♯/D♭ Major,4,7tN0ceaX3JAz6aVtyXn9mn,USAT21907096
64,"Like I Want You","GIVĒON",120,3A,36,2021-05-31,04:20,79,"r&b","TAKE TIME",2020-03-27,68,76,0,44,0,10,-8,A#/B♭ Minor,3,6qBFSepqLCuh5tehehc1bd,USSM11914370
65,"Maniac","Conan Gray",108,4B,64,2021-06-01,03:05,76,"","Kid Krow",2020-03-20,63,0,0,49,0,30,-5,G#/A♭ Major,4,6KfoDhO4XUWSbnyKjNp9c4,USUM71920712
66,"Love Affair","UMI",172,4B,49,2021-06-02,03:10,61,"","Love Language",2019-10-30,61,13,0,18,10,30,-7,G#/A♭ Major,4,4ZaRg5Sf4TKr0YcFRLh7QJ,QZHTD1900004
67,"Broken Clocks","SZA",113,2B,68,2021-06-02,03:51,79,"r&b","Ctrl",2017-06-09,69,13,0,41,10,10,-7,F#/G♭ Major,4,2fXwCWkh6YG5zU1IyvQrbs,USRC11701122
68,"All of Me","John Legend",120,4B,26,2021-06-02,04:29,87,"soft pop, neo soul","Love In The Future (Expanded Edition)",2013-08-30,42,92,0,33,0,10,-7,G#/A♭ Major,4,3U4isOIWM3VvDubwSI3y7a,USSM11303954
69,"Novacane","Frank Ocean",94,5B,51,2021-06-02,05:02,84,"","Novacane",2011-01-01,76,6,0,37,0,10,-9,D#/E♭ Major,4,4osgfFTICMkcGbbigdsa53,USUM71107257
70,"Let It Go - From  Frozen /Soundtrack Version","Idina Menzel",137,4B,49,2021-06-02,03:43,77,"musicals","Frozen (Original Motion Picture Soundtrack / Deluxe Edition)",2013-01-01,54,56,0,37,0,10,-7,G#/A♭ Major,4,0qcr5FMsEO85NAQjrlDRKo,USWD11366376
71,"Heartbreak Anniversary","GIVĒON",89,8B,47,2021-06-02,03:18,79,"r&b","TAKE TIME",2020-03-27,45,52,0,54,0,30,-9,C Major,3,3FAJ6O0NOHQV8Mc5Ri6ENp,USSM12000998
72,"Stuck On You","GIVĒON",158,9B,45,2021-06-02,03:25,53,"r&b","Stuck On You",2020-09-30,60,16,0,14,0,10,-7,G Major,3,08HPWLi0YmRUStJzkQ1ffh,USSM12005370
73,"Best Friend","Rex Orange County",145,2B,71,2021-06-02,04:22,2,"bedroom pop","Best Friend",2017-01-25,57,40,0,32,0,10,-5,F#/G♭ Major,4,47Bg6IrMed1GPbxRgwH2aC,US23A1500387
74,"12:45 - Stripped","Etham",164,7B,21,2021-06-02,02:59,59,"","12:45 (Stripped)",2018-10-26,46,63,0,40,0,10,-11,F Major,4,4edtsBlaX23OPYmhA4R0GP,GBUM71806915
75,"drivers license","Olivia Rodrigo",144,6B,44,2021-06-02,04:02,73,"","drivers license",2021-01-08,59,72,0,13,0,10,-9,A#/B♭ Major,4,7lPN2DXiMsVn7XUKtOW1CS,USUG12004749
76,"Someone Like You","Adele",135,11B,32,2021-06-02,04:45,83,"soft pop","21",2011-01-24,56,89,0,29,0,10,-8,A Major,4,3bNv3VuUOKgrf5hu3YcuRo,GBBKS1000351
77,"Paparazzi","Lady Gaga",115,4A,69,2021-06-02,03:28,82,"art pop, pop","The Fame",2008-01-01,76,11,0,40,0,0,-4,F Minor,4,02XnQdf7sipaKBBHixz3Zp,USUM70824408
78,"Talking to the Moon","Bruno Mars",146,12A,59,2021-06-02,03:37,86,"","Doo-Wops & Hooligans",2010-05-11,50,51,0,8,0,10,-5,C♯/D♭ Minor,4,161DnLWsx1i3u1JT05lzqU,USAT21001985
79,"Rolling in the Deep","Adele",105,4B,77,2021-06-02,03:48,82,"soft pop","21",2011-01-24,73,14,0,51,0,0,-5,G#/A♭ Major,4,4OSBTYWVwsQhGLF9NHvIbR,GBBKS1000335
80,"Too Good At Goodbyes","Sam Smith",183,7B,37,2021-06-02,03:21,26,"soft pop","Break Ups To Make Ups",2018-05-25,47,63,0,53,0,10,-8,F Major,4,4riBcrkQ1I1zl4c4nNExSi,GBUM71704089
81,"The One That Got Away","Katy Perry",134,12A,79,2021-06-02,03:47,81,"pop","Teenage Dream: The Complete Confection",2012-03-12,69,0,0,86,0,20,-4,C♯/D♭ Minor,4,3oL3XRtkP1WVbMxf7dtTdu,USCA21001266
82,"Marry You","Bruno Mars",145,6B,82,2021-06-02,03:50,82,"","Doo-Wops & Hooligans",2010-05-11,62,33,0,45,0,10,-5,A#/B♭ Major,4,6SKwQghsR8AISlxhcwyA9R,USAT21001887
83,"Almost Is Never Enough","Ariana Grande,Nathan Sykes",81,10B,33,2021-06-02,05:27,70,"pop, ","Yours Truly",2013-01-01,32,83,0,33,0,10,-7,D Major,4,442j8VxaB60dWf9cBFuX5w,USUM71310268
84,"Paper Hearts","Tori Kelly",69,5B,23,2021-06-02,03:19,57,"","Foreword",2013-01-01,42,88,0,24,0,0,-11,D#/E♭ Major,4,4X8jImpljCdt2eDge8OzoQ,USUM71312851
85,"Supermodel","SZA",120,2B,44,2021-06-02,03:01,71,"r&b","Ctrl",2017-06-09,61,65,0,25,20,20,-9,F#/G♭ Major,5,5wTVNpi5WDByxBgKgUE6MU,USRC11701110
86,"love","DEAN,Syd",110,1B,67,2021-06-02,04:18,55,"k-rap, k-pop, alternative r&b","love",2017-05-19,58,0,0,37,0,10,-7,B Major,4,6wcRv0UBvEH9NCIA3IVyQs,KRUM71700203
87,"At My Worst","Pink Sweat$",92,8B,42,2021-06-02,02:50,67,"","The Prelude",2020-07-17,81,78,0,67,0,10,-6,C Major,4,0ri0Han4IRJhzvERHOZTMr,USAT22003823
88,"My Love","Westlife",144,8B,59,2021-06-02,03:51,74,"","Coast To Coast (Expanded Edition)",2000-00-00,49,10,0,33,0,20,-6,C Major,4,5p0ietGkLNEqx1Z7ijkw5g,GBARL0000212
89,"Perfect","Ed Sheeran",95,4B,45,2021-06-02,04:23,89,"soft pop","÷ (Deluxe)",2017-03-03,60,16,0,17,0,10,-6,G#/A♭ Major,3,0tgVpDi06FyKpA1z0VMD4v,GBAHS1700024
90,"Supermarket Flowers","Ed Sheeran",90,2B,24,2021-06-02,03:41,75,"soft pop","÷ (Deluxe)",2017-03-03,59,91,0,26,0,0,-11,F#/G♭ Major,4,4VuS959DSpr82t3qBqCrWG,GBAHS1700040
91,"Lost Stars","Adam Levine",82,8B,58,2021-06-05,04:27,64,"","V (Asia Tour Edition)",2015-05-18,49,10,0,42,0,0,-5,C Major,4,1Duym1lVQurgKHHSqpOWhY,USUM71410382
92,"Sunday Morning","Maroon 5",88,8B,77,2021-06-05,04:04,84,"pop","Songs About Jane: 10th Anniversary Edition",2002-00-00,61,9,0,81,0,0,-5,C Major,4,5qII2n90lVdPDcgXEEVHNy,USJAY0300086
93,"Lucky","Jason Mraz,Colbie Caillat",130,8B,41,2021-06-17,03:09,69,"soft pop, acoustic pop, ","We Sing. We Dance. We Steal Things.",2008-05-12,63,29,0,67,0,10,-9,C Major,4,0IktbUcnAGrvD03AWnz3Q8,USEE10800806
94,"Get You (feat. Kali Uchis)","Daniel Caesar,Kali Uchis",74,9A,29,2021-06-17,04:38,9,"","Freudian",2017-08-25,66,42,0,36,0,0,-9,E Minor,4,7zFXmv6vqI4qOt4yGf3jYZ,TCACR1690004
95,"My Mind","Yebba",104,4A,16,2021-06-17,05:41,59,"","My Mind",2021-05-09,36,87,0,28,0,70,-13,F Minor,4,4QNPS79DeAUoSYmBynfWTN,QZHN52115564
96,"Birthday Cake","BIBI",108,12A,28,2021-06-17,02:16,39,"k-pop, k-rap","Life is a Bi…",2021-04-28,65,88,0,42,0,0,-9,C♯/D♭ Minor,4,7pWDe8ZTlJhviurwrCYU1c,KRA382103028
97,"Transform (feat. Charlotte Day Wilson)","Daniel Caesar,Charlotte Day Wilson",69,7B,29,2021-06-17,04:40,2,"","Freudian",2017-08-25,50,51,0,35,0,20,-11,F Major,4,1jQfgl9WRle7D8a3GXLwaD,CADDS1700026
98,"Wait a Minute!","WILLOW",101,2A,71,2021-06-17,03:16,67,"","ARDIPITHECUS",2015-12-18,76,4,0,67,0,0,-5,D#/E♭ Minor,4,5e08a8D8T3z4LDXbUIjxKQ,QMJMT1500801
99,"test drive","Ariana Grande",115,8A,71,2021-06-17,02:02,62,"pop","Positions (Deluxe)",2021-02-19,70,3,0,32,0,10,-5,A Minor,4,3eZYOQO4UzKrUDYDghtnFw,USUM72102132
100,"Off My Face","Justin Bieber",91,12B,23,2021-06-17,02:36,77,"","Justice",2021-03-19,51,92,0,59,0,10,-9,E Major,4,3T03rPwlL8NVk1yIaxeD8U,USUM72102631
101,"Love Or Lust","24kGoldn",144,1A,65,2021-06-17,02:56,43,"","El Dorado",2021-03-24,72,11,0,72,10,10,-4,G#/A♭ Minor,4,05EjphKqE2EJVMy0iORf1l,USQX92100613
102,"B.S. (feat. H.E.R.)","Jhené Aiko,H.E.R.",136,1A,53,2021-06-17,03:32,69,"r&b","Chilombo",2020-03-06,62,55,0,39,10,10,-10,G#/A♭ Minor,4,63wx9vdskaXbYxyDx4oJCZ,USUM72003259
103,"Tomboy","Destiny Rogers",78,5A,65,2021-06-17,03:23,67,"","Tomboy",2019-02-28,64,42,1,46,0,10,-5,C Minor,4,5Ti3fqGTfjUsSdylFNy0Ng,USRC11900090
104,"Down Bad (feat. JID, Bas, J. Cole, EARTHGANG & Young Nudy)","Dreamville,JID,Bas,J. Cole,EARTHGANG,Young Nudy",150,8B,59,2021-06-17,02:49,64,"rap, ","Revenge Of The Dreamers III",2019-07-05,76,4,0,72,30,0,-5,C Major,4,36J0iaPDGbYGsHvYpaYs3k,USUM71910268
105,"Floods","Lucky Daye",81,3B,45,2021-06-17,05:25,45,"","Painted",2019-05-24,56,77,0,39,20,10,-11,C♯/D♭ Major,4,76E28NSlJpO8Ee5qKuN85v,USRC11803856
106,"Last Stand","Kwabs",173,11A,37,2021-06-17,03:28,39,"","Last Stand",2013-12-16,23,78,0,15,0,10,-8,F#/G♭ Minor,4,5SdUxJHcetdzDAMdSPMthi,GBAHS1300568
107,"Stole the Show","Kygo,Parson James",100,1A,64,2021-06-17,03:43,79,"tropical house, ","Cloud Nine",2016-05-13,64,27,0,48,20,30,-8,G#/A♭ Minor,4,5masKPHeAOVNgxdLebIcK7,SEBGA1500071
108,"I Am","Jorja Smith",149,1A,58,2021-06-17,03:28,54,"","Black Panther The Album Music From And Inspired By",2018-02-09,60,14,0,32,20,10,-6,G#/A♭ Minor,4,0DJBgBiYeSn6n1AXAkFVE8,USUM71714104
109,"Somehow","Freddy Cole",68,6B,15,2021-06-20,04:55,2,"vocal jazz, blues, jazz","Freddy Cole Sings Mr. B",2010-08-03,51,94,0,20,0,10,-17,A#/B♭ Major,4,2OU61S7oxXcO31OyC04kBs,USHNR1021406
110,"Blue Moon","Billie Holiday",124,4B,27,2021-07-17,03:27,67,"jazz, vocal jazz, big band, swing music","Solitude",1956-01-01,64,98,12,55,0,10,-11,G#/A♭ Major,4,1pZn8AX1WulW8IO338hE5D,USPR35200069
111,"needy","Ariana Grande",87,6A,31,2021-07-18,02:51,84,"pop","thank u, next",2019-02-08,65,78,0,20,0,20,-8,G Minor,4,1TEL6MlSSVLSdhOSddidlJ,USUM71900396
112,"Say You Won't Let Go","James Arthur",85,6B,56,2021-07-18,03:31,85,"soft pop","Back from the Edge",2016-10-28,36,70,0,49,0,0,-7,A#/B♭ Major,4,5uCax9HTNlzGybIStD3vDh,DEE861600586
113,"Comfortable","H.E.R.",72,4A,40,2021-07-27,04:15,62,"r&b","Comfortable",2020-02-05,43,63,0,36,0,0,-12,F Minor,4,3f3cliOygeuUpGRwdohy12,USRC11903472
114,"pov","Ariana Grande",132,5A,53,2021-07-27,03:21,75,"pop","Positions",2020-10-30,49,36,0,17,0,10,-6,C Minor,4,3UoULw70kMsiVXxW0L3A33,USUM72020441
115,"willow","Taylor Swift",81,9B,57,2021-07-27,03:34,74,"","evermore",2020-12-11,39,83,0,53,10,10,-9,G Major,4,0lx2cLdOt3piJbcaXIV74f,USUG12004699
116,"Losing","H.E.R.",57,9A,35,2021-07-27,03:45,43,"r&b","H.E.R. Volume 1",2016-09-09,42,34,0,13,30,10,-12,E Minor,4,3F1gjSkTX9kvxOo6BnlRNd,USRC11601786
117,"On II U","Alex Isley",100,8B,14,2021-07-27,04:40,23,"neo soul, alternative r&b","On II U",2017-11-01,71,76,0,30,10,20,-21,C Major,4,1sYYkyHT1it74eIyNQ0EdO,TCADI1755179
118,"BMO","Ari Lennox",158,12A,65,2021-07-27,02:26,52,"alternative r&b, neo soul","Shea Butter Baby",2019-05-07,72,1,0,81,0,50,-5,C♯/D♭ Minor,4,7Ffgp7DIow5wECYQyzEiTq,USUM71907532
119,"Happy Without Me (feat. Joey Bada$$)","Chloe x Halle,Joey Bada$$",144,3B,58,2021-07-27,03:26,43,"r&b, hip hop, jazz rap, rap","The Kids Are Alright",2018-03-23,57,23,0,44,0,30,-7,C♯/D♭ Major,4,1mQI744KrltnCU798zIGEe,USSM11801920
120,"My Favorite Part","Mac Miller,Ariana Grande",95,2B,33,2021-07-27,03:36,73,"pop","The Divine Feminine",2016-09-16,86,63,0,72,0,10,-7,F#/G♭ Major,4,66wkCYWlXzSTQAfnsPBptt,USWB11601441
121,"Quicksand","SZA",104,5B,69,2021-07-27,04:02,56,"r&b","Insecure: Music from the HBO Original Series, Season 2",2017-09-08,80,8,0,44,20,10,-6,D#/E♭ Major,4,0UQSyryW2vxE88AVFSZs3T,USRC11702082
122,"Motivation","Normani",171,12B,89,2021-07-27,03:13,66,"","Motivation",2019-08-16,60,2,0,88,10,30,-4,E Major,4,0rIAC4PXANcKmitJfoqmVm,USRC11901655
123,"Violet","Daniel Caesar",130,9A,43,2021-07-27,02:24,1,"","Violet",2015-07-01,69,75,1,18,0,10,-8,E Minor,4,22jnEneSABg4vRCR1vow7F,TCACG1588583
124,"goodnight n go","Ariana Grande",111,3B,45,2021-07-27,03:09,70,"pop","Sweetener",2018-08-17,71,2,0,24,0,0,-7,C♯/D♭ Major,4,14kYOiFVPb7E7NfFbqhdln,USUM71808588
125,"Say OK","Vanessa Hudgens",127,8A,69,2021-07-27,03:41,59,"","V",2006-01-01,47,1,0,53,0,10,-7,A Minor,3,73qbBlEAcm2HfnAaSnP1II,USHR10622383
126,"Hurricane","Bridgit Mendler",95,6A,83,2021-07-27,04:03,70,"","Hello My Name Is...",2012-01-01,76,4,0,45,0,0,-4,G Minor,4,7gQ5c5HY6zMsIck6QLY9dJ,USHR11233903
127,"Take a Hint (From  Victorious )","Silver Screen Superstars",134,9B,68,2021-07-27,02:37,43,"","Songs from Your Favourite Tv Shows",2013-09-07,73,0,0,88,10,0,-8,G Major,4,7nv7XcdL6CRZbT2Rat8Cq8,GBQRF1306846
128,"Reach Out","Sufjan Stevens,Angelo De Augustine",83,8B,32,2021-08-05,03:43,31,"baroque pop, ","Reach Out / Olympus",2021-07-07,56,93,0,32,0,10,-14,C Major,4,5hVKXeJg1R9qGbrGW5eHNl,US64G2114301
129,"A Whole New World (End Title) - From  Aladdin ","ZAYN,Zhavia",111,10B,41,2021-08-19,04:02,63,"","A Whole New World (End Title) [From  Aladdin ]",2019-05-09,30,6,0,11,0,0,-8,D Major,4,1iWHabUgUuuKLBa0TzTHfk,USWD11993075
130,"good 4 u","Olivia Rodrigo",167,11B,66,2021-09-13,02:58,85,"","SOUR",2021-05-21,56,34,0,69,10,0,-5,A Major,4,4ZtFanR9U6ndgddUvNcjcG,USUG12101245
131,"bad guy","Billie Eilish",135,9B,43,2021-09-26,03:14,83,"","WHEN WE ALL FALL ASLEEP, WHERE DO WE GO?",2019-03-29,70,33,13,56,30,10,-11,G Major,4,2Fxmhks0bxGSBdJ92vM42m,USUM71900764
132,"Square (2017)","Yerin Baek",100,4B,79,2021-09-26,04:21,0,"k-ballad","Every letter I sent you.",2019-12-10,50,6,0,53,0,20,-5,G#/A♭ Major,4,13On7DYsJ3IrWxBWuOwM8t,KRF251900204
133,"This Is Me","Keala Settle,The Greatest Showman Ensemble",192,10B,70,2021-09-26,03:54,74,"musicals","The Greatest Showman (Original Motion Picture Soundtrack)",2017-12-08,28,1,0,10,10,0,-7,D Major,4,45aBsnKRWUzhwbcqOJLwfe,USAT21704622
134,"Distorted Records","A$AP Rocky",136,12A,87,2021-09-26,02:20,53,"rap","TESTING",2018-05-25,66,14,0,8,20,30,-4,C♯/D♭ Minor,4,57q6BgYP4gN6hPQViCB3um,USRC11801922
135,"What A Wonderful World","Louis Armstrong",108,7B,26,2021-09-26,02:17,2,"jazz, swing music, vocal jazz, big band","What A Wonderful World",1968-00-00,40,79,0,19,0,10,-16,F Major,3,1qCQTy0fTXerET4x8VHyr9,USMC16758823
136,"Session 32","Summer Walker",115,3B,12,2021-09-26,01:38,70,"r&b","Session 32",2018-04-05,57,89,0,12,20,10,-14,C♯/D♭ Major,3,2ktg2oZDyFAX3iY1QNkXl5,USUM71803843
137,"LV2 (TS)_FO","PPVMIO",118,11A,38,2021-09-26,05:29,0,"","For Our Ears Only Vol1",2021-04-26,72,69,0,37,20,10,-10,F#/G♭ Minor,4,0L2joC7Jh8YYk9EKPP6xRR,QZHN42143432
138,"Talk","Khalid,Disclosure",136,8B,40,2021-09-26,03:17,65,"house","Talk",2019-02-07,90,5,0,34,10,0,-8,C Major,4,0rTV5WefWd1J3OwIheTzxM,USRC11900004
139,"Blessed","Daniel Caesar",110,1B,26,2021-09-26,04:01,1,"","Freudian",2017-08-25,45,82,0,45,0,10,-12,B Major,1,0KyzXQhY2yzcb1FYCHkZc2,CADDS1700021
140,"Look At Me Now (feat. Lil' Wayne & Busta Rhymes)","Chris Brown,Lil Wayne,Busta Rhymes",146,10A,68,2021-09-26,03:42,76,"r&b, rap, hip hop, east coast hip hop","F.A.M.E. (Expanded Edition)",2011-03-22,77,3,0,54,10,10,-6,B Minor,4,3hsmbFKT5Cujb5GQjqEU39,USJI11100017
141,"Cheapest Flight","PREP",80,4A,65,2021-09-26,04:28,0,"","Cheapest Flight",2016-01-01,68,29,0,56,0,10,-5,F Minor,4,63cgeMV2nSl851R7jy4lxw,GBKPL1562765
142,"t r a n s p a r e n t s o u l feat. Travis Barker","WILLOW,Travis Barker",90,10A,83,2021-09-26,02:48,65,"rap rock","t r a n s p a r e n t s o u l feat. Travis Barker",2021-04-27,39,0,0,19,0,10,-5,B Minor,4,1QL7nSDZCwZMnbisV4KOXt,QMJMT2103571
143,"Photo ID (with Dominic Fike)","Remi Wolf,Dominic Fike",116,3B,82,2021-09-26,03:27,58,"","Photo ID (with Dominic Fike)",2021-03-03,75,19,0,86,0,20,-5,C♯/D♭ Major,4,0RW1UL8w8rjQkaIaljaFc5,USUG12100612
144,"I Am (feat. Flo Milli)","Baby Tate,Flo Milli",144,3B,84,2021-09-26,03:02,58,"","After The Rain",2020-12-04,93,11,0,93,10,0,-4,C♯/D♭ Major,4,4E7ZbuJH3NddjnMWLstkRq,QZ5FA2050544
145,"Overdue (with Travis Scott)","Metro Boomin,Travis Scott",150,10A,40,2021-09-26,02:46,76,"rap","NOT ALL HEROES WEAR CAPES (Deluxe)",2018-11-06,63,73,0,49,0,30,-11,B Minor,4,6LyAwkJsHlW7RQ8S1cYAtM,USUG11802479
146,"90210 (feat. Kacy Hill)","Travis Scott,Kacy Hill",81,8A,53,2021-09-26,05:39,81,"rap, ","Rodeo",2015-09-04,40,11,0,31,0,10,-7,A Minor,4,51EC3I1nQXpec4gDk0mQyP,USSM11506731
147,"Pain","PinkPantheress",126,3B,62,2021-09-26,01:38,61,"bedroom pop","Pain",2021-06-07,83,23,0,81,10,0,-8,C♯/D♭ Major,4,7CIERzyqIwLVKGp00YbHRO,QZFZ52145391
148,"Silk Sonic Intro","Bruno Mars,Anderson .Paak,Silk Sonic",115,3B,55,2021-09-26,01:03,0,"","Silk Sonic Intro",2021-03-04,70,10,0,67,0,60,-9,C♯/D♭ Major,4,6B80CiyrakAy7Nryb1PW9G,USAT22100909
149,"EdEddnEddy","JID",158,8B,41,2021-09-26,02:20,55,"","The Never Story",2017-03-10,77,14,1,34,40,30,-10,C Major,4,4vmqU3xlzuhxtaeXrtAX1F,USUM71701758
150,"Oldie","Odd Future",88,3B,58,2021-09-26,10:36,59,"","The OF Tape Vol. 2",2012-03-16,84,24,0,56,20,20,-6,C♯/D♭ Major,4,53dkS3h9uTNsWYZTPacnpx,USQX91200100
151,"World's Smallest Violin","AJR",116,7B,70,2021-09-26,03:00,70,"","OK ORCHESTRA",2021-03-26,68,12,0,68,0,60,-7,F Major,4,68EkhVWIeULhHxcbi1QhzK,QMRSZ2003324
152,"Misty","Ella Fitzgerald",88,1A,11,2021-09-26,02:54,52,"jazz, vocal jazz, swing music, big band, christmas","The Complete Piano Duets",2020-03-13,36,100,0,23,0,10,-14,G#/A♭ Minor,1,4kF394GKEnI13QdZBM9mxM,USPR36002481
153,"Night Lights","Gerry Mulligan Sextet",81,7A,4,2021-09-26,04:58,58,"cool jazz, jazz, jazz ballads","Night Lights (Expanded Edition)",1963-01-01,38,97,4,14,0,0,-23,D Minor,3,5eVERkVvJKBgV2FziCoLDE,USIR20080346
154,"Billie Bossa Nova","Billie Eilish",110,6A,39,2021-09-26,03:16,78,"","Happier Than Ever",2021-07-30,90,22,3,55,10,10,-11,G Minor,4,2KnuaZYoGzDoHiBTNYOTXG,USUM72105927
155,"Get Into It (Yuh)","Doja Cat",92,1A,66,2021-09-26,02:18,73,"","Planet Her",2021-06-25,91,32,0,79,10,0,-6,G#/A♭ Minor,4,0W6I02J9xcqK8MtSeosEXb,USRC12101535
156,"HOT WIND BLOWS (feat. Lil Wayne)","Tyler, The Creator,Lil Wayne",173,6A,75,2021-09-26,02:35,66,"rap, hip hop","CALL ME IF YOU GET LOST",2021-06-25,37,60,0,73,40,40,-5,G Minor,4,3JJL91ilRV6fXhKqu0FGXs,USQX92102134
157,"Passion","PinkPantheress",80,5A,63,2021-09-26,02:18,61,"bedroom pop","Passion",2021-07-01,70,49,78,61,0,10,-5,C Minor,4,6ZJqCviTotiIujl1rfcL53,GBAYE2100808
158,"Cocaine Sunday","Eyedress",154,12B,77,2021-09-26,02:48,0,"","Sensitive G",2018-11-16,55,1,82,43,0,10,-6,E Major,4,2CoPleKr1maq4RakuLO3Zf,GBMYF1800060
159,"Kismet","WHOKILLEDXIX",160,2B,74,2021-09-26,02:51,34,"hyperpop","Kismet",2020-05-12,66,1,0,85,30,0,-6,F#/G♭ Major,4,24hPnL2Yr82INEk0YUWCJr,QZES92024803
160,"BEST INTEREST","Tyler, The Creator",98,10A,57,2021-09-26,02:07,76,"","BEST INTEREST",2020-01-25,60,9,0,34,0,30,-8,B Minor,3,3jHdKaLCkuNEkWcLVmQPCX,USQX92000078
161,"Brown Sugar","D'Angelo",83,11B,49,2021-09-26,04:22,66,"neo soul","Brown Sugar",1995-07-03,72,53,3,58,10,10,-8,A Major,4,7rt0kEDWRg3pgTZJKuszoE,USEM39500079
162,"Warm (feat. Mia)","Dre'es,Mia",94,4B,30,2021-10-05,04:15,0,"vietnamese hip hop, v-pop, vietnam indie","Warm (feat. Mia)",2017-10-19,66,89,11,43,0,10,-15,G#/A♭ Major,4,3kBofOTKMUZ62a311eUwvx,TCADH1765721
163,"You're Not There","Lukas Graham",92,7A,52,2021-12-18,03:22,54,"dansk pop","Lukas Graham",2016-04-01,77,6,0,30,0,10,-8,D Minor,4,3cdmLOVYY9vht4a1THRJcZ,USWB11600037
164,"traitor","Olivia Rodrigo",101,5B,34,2022-01-04,03:49,88,"","SOUR",2021-05-21,38,69,0,8,0,10,-8,D#/E♭ Major,4,5CZ40GBx1sQ9agT82CLQCT,USUG12101243
165,"happier","Olivia Rodrigo",169,2B,44,2022-01-04,02:55,85,"","SOUR",2021-05-21,40,77,0,34,10,0,-10,F#/G♭ Major,3,2tGvwE8GcFKwNdAXMnlbfl,USUG12101247
166,"Save Your Tears","The Weeknd",118,8B,83,2022-01-07,03:35,87,"","After Hours",2020-03-20,68,2,0,64,0,50,-5,C Major,4,5QO79kh1waicV47BqGRL3g,USUG12000658
167,"All of Me","Michael Bublé",128,8B,31,2022-01-07,03:07,55,"christmas","Crazy Love",2009-10-06,54,57,0,47,0,10,-8,C Major,4,3ts3nBCGF7K9JvSjWVQfX8,USRE10901471
168,"L O V E","Michael Bublé",142,8B,47,2022-01-07,02:50,63,"christmas","Call Me Irresponsible (Deluxe)",2007-05-01,51,46,0,56,0,10,-7,C Major,4,4m4aQLiPbWFyE07xRoJPhc,USRE10700361
169,"Infrunami","Steve Lacy",97,11B,30,2022-01-13,02:58,82,"","The Lo-Fis",2020-12-04,83,31,10,22,0,0,-8,A Major,4,0f8eRy9A0n6zXpKSHSCAEp,TCAFF2074404
170,"You Know Wassup","Kehlani",105,8B,40,2022-01-19,03:21,61,"","You Know Wassup",2019-11-22,48,65,0,46,0,10,-9,C Major,4,6HUO25AttZZCoKAY0vUVtc,USAT21906946
171,"Let Go - Acoustic Version","PJ Morton,The Walls Group",102,4A,23,2022-02-03,06:16,37,"neo soul, gospel, christian r&b, worship, christian jazz","The Piano Album",2020-02-14,45,94,0,37,0,60,-12,F Minor,4,2A67HapNh1zU1Y9HkG9NWi,USUYG1295061
172,"Bad","Christopher",96,12A,59,2022-02-04,03:11,53,"dansk pop","Bad",2018-04-13,76,7,0,68,10,50,-7,C♯/D♭ Minor,4,6L2TOTO0JjlVuKBnIuWcVY,DKAZA1800026
173,"Think About Me","dvsn",105,9B,29,2022-02-04,04:06,0,"trap soul, alternative r&b","Morning After",2017-10-13,55,6,79,11,0,0,-10,G Major,4,4LkLfPYc3yjOta7Gk8FDRB,USWB11700690
174,"Anna Mae","Summer Walker",89,4A,49,2022-02-05,02:17,57,"r&b","Over It",2019-10-04,58,14,0,70,0,10,-8,F Minor,4,09OeD94T28n7ku4RqPa6wZ,USUM71919083
175,"Quarterback","Young Thug,Migos,Peewee Longway",129,5A,63,2022-02-06,04:43,35,"rap, trap, melodic rap, ","In Trap We Trust, Vol. 3",2015-10-26,82,11,0,30,0,10,-8,C Minor,4,24bkQGBiQ5JK98daJknUMa,QM7281593204
176,"Consequence Of Love","Gregory Porter",127,8A,36,2022-02-11,03:20,51,"vocal jazz, jazz pop, jazz","Take Me To The Alley",2016-05-06,59,88,0,30,0,10,-10,A Minor,4,6D5adqQiOQV5Yzora0KpPO,FRUM71600289
177,"I Like Me Better","Lauv",92,11B,51,2022-02-11,03:17,3,"","I met you when I was 18. (the playlist)",2018-05-31,75,54,0,42,20,10,-8,A Major,4,2P91MQbaiQOfbiz9VqhqKQ,GBWWP1702907
178,"Peaches (feat. Daniel Caesar & Giveon)","Justin Bieber,Daniel Caesar,GIVĒON",90,8B,70,2022-02-11,03:18,86,"r&b","Justice",2021-03-19,68,32,0,46,10,40,-6,C Major,4,4iJyoBOLtHqaGxP12qzhQI,USUM72102636
179,"Nothing Left to Say","Mint Condition",127,8B,56,2022-02-11,04:44,52,"quiet storm, new jack swing, r&b","E-Life",2017-11-17,75,15,0,64,0,10,-4,C Major,4,6W7NpqBIiecNPyKOOFNcuL,ushm91751179
180,"To My Bed","Chris Brown",106,12A,50,2022-02-12,04:33,57,"r&b","Heartbreak on a Full Moon",2017-10-31,71,7,0,41,10,10,-8,C♯/D♭ Minor,4,0tziUunf3RxiJiNu3KbumC,USRC11702709
181,"Boyfriend","Justin Bieber",97,3A,55,2022-02-14,02:51,85,"","Believe",2012-01-01,72,4,0,33,0,10,-6,A#/B♭ Minor,4,3UGIZ8qcrMTwzLbx6Kttqt,USUM71202650
182,"2U (feat. Justin Bieber)","David Guetta,Justin Bieber",145,1A,65,2022-02-14,03:14,72,"edm, ","2U (feat. Justin Bieber)",2017-06-09,55,22,0,56,0,20,-6,G#/A♭ Minor,4,3A7qX2QjDlPnazUsRk5y0M,GB28K1700019
183,"I'm Not Sorry","DEAN,Eric Bellinger",129,2A,75,2022-02-15,03:29,59,"k-rap, k-pop, ","I'm Not Sorry",2015-07-07,58,0,0,51,0,10,-4,D#/E♭ Minor,4,7AoK7YuZ5sQYtPofTFElIE,KRUM71500049
184,"Like the Dawn","The Oh Hellos",96,4A,49,2022-02-15,05:05,48,"folk pop, christian folk, indie folk","Through the Deep, Dark Valley",2012-10-30,57,50,1,37,0,10,-11,F Minor,4,6Nt65Ai8u0oUBAXhARj04o,USHM91283385
185,"Sunday Morning","Hamzaa",92,2B,84,2022-02-15,03:20,46,"uk r&b","Phases EP",2019-08-09,73,19,0,66,0,30,-3,F#/G♭ Major,4,0CxVnKu6PG6tYTGVtSD8UU,GBAYE1900690
186,"Wild Horses","Natasha Bedingfield",134,8A,23,2022-02-16,04:01,43,"","Unwritten",2004-08-30,41,87,0,31,0,0,-10,A Minor,4,46S6HjiiqyMNwE3xXv1nPH,GBARL0400784
187,"Want to Want Me","Jason Derulo",114,5A,68,2022-02-18,03:27,74,"","Everything Is 4",2015-05-29,78,1,0,66,0,10,-6,C Minor,4,7oGZAicScQt96OAW4AruYy,USWB11503046
188,"I'm Yours","Jason Mraz",151,1B,44,2022-02-18,04:02,78,"soft pop, acoustic pop","We Sing. We Dance. We Steal Things.",2008-05-12,70,56,0,71,0,10,-9,B Major,4,1EzrEOXmMH3G43AXT1y7pA,USEE10800667
189,"Bring Out the Love","Imprismed",128,4B,79,2022-02-20,02:41,19,"","The Night Orb",2017-03-10,68,3,81,58,0,0,-9,G#/A♭ Major,4,6ZbANTyhzrz65vyB1qRfLW,SE5Q51807180
190,"Who Escaped?","Seori",95,11B,49,2022-02-23,01:20,31,"","?depacse ohw",2020-05-12,62,18,0,20,0,30,-5,A Major,4,4YEUL0JWPpHsAek1w6HrX7,KRMIM2010991
191,"Running up That Hill - Cloudbuster Remix","Jolly Mint,Ann-Marie Migo,Cloudbuster",96,5A,78,2022-02-23,03:25,0,"","Running up That Hill (A Deal with God)",2017-05-11,63,16,0,54,0,10,-5,C Minor,4,6gMu0f6ojpmBKj7drTHcI2,DEUZ31700405
192,"Came Wit the Posse","Ace Hood",127,7B,49,2022-02-26,02:58,47,"","Trust the Process",2017-08-21,95,24,0,70,0,10,-7,F Major,3,4bNHovAcLP57rZLkc3gy9Y,USUYG1156106
193,"New Year’s Day","Taylor Swift",95,8B,15,2022-02-26,03:55,69,"","reputation",2017-11-10,66,92,0,23,0,10,-13,C Major,4,7F5oktn5YOsR9eR5YsFtqb,USCJY1750016
194,"Do It Like This - English Version","P1Harmony",95,10B,79,2022-03-12,03:12,37,"k-pop, noise music","Do It Like This (English Version)",2022-03-10,84,4,0,41,10,10,-4,D Major,4,5Z0k8KRK0Xy0metItGplGo,KRA252200163
195,"LET THE GRASS GROW","Ruel",120,7B,43,2022-03-17,02:55,44,"","LET THE GRASS GROW",2022-03-11,60,55,0,29,0,30,-8,F Major,4,2BN5ZMErVAhbEroB99b3no,USRC12200499
196,"Call Out My Name","The Weeknd",134,3B,59,2022-04-10,03:48,85,"","My Dear Melancholy,",2018-03-30,46,17,0,17,0,30,-5,C♯/D♭ Major,3,09mEdoA6zrmBPgTEN5qXmN,USUG11800560
197,"It Ain't Over 'Til It's Over","Lenny Kravitz",160,2B,57,2022-04-10,04:02,85,"","Mama Said",1991-04-02,68,42,1,93,0,30,-11,F#/G♭ Major,4,6VnpKLtfNH4Dk09YSGPSyR,USVI29100003
198,"Heat Waves","Glass Animals",81,1B,53,2022-04-14,03:58,8,"","Heat Waves",2020-06-29,76,44,0,53,0,0,-7,B Major,4,6CDzDgIUqeDY5g8ujExx2f,GBUM72000433
199,"Over Now (with The Weeknd)","Calvin Harris,The Weeknd",178,9A,88,2022-04-14,03:30,63,"edm, ","Over Now (with The Weeknd)",2020-08-28,61,8,0,68,0,20,-4,E Minor,4,58AGoOGbwsQMhBbH0eFLRR,GBARL2000986
200,"Sacrifice","The Weeknd",122,10A,80,2022-04-18,03:08,72,"","Dawn FM",2022-01-06,74,3,0,91,10,0,-7,B Minor,4,1nH2PkJL1XoUq8oE6tBZoU,USUG12106685
201,"as long as you care","Ruel",79,3B,59,2022-04-19,03:13,48,"","as long as you care",2020-09-10,55,1,0,31,0,10,-7,C♯/D♭ Major,4,0GQqQ7dA7B4mcEktSZaOUp,USRC12002400
202,"comethru","Jeremy Zucker",94,8B,18,2022-04-19,03:01,73,"","summer,",2018-09-28,80,61,0,61,0,60,-12,C Major,4,18uwL0vNUanqZH0ro2QcOP,USUM71813455
203,"That's Hilarious","Charlie Puth",108,2B,44,2022-04-21,02:24,0,"soft pop","That's Hilarious",2022-04-08,71,74,0,55,0,10,-6,F#/G♭ Major,4,1jIMjbzcGCcCQn5iMu9CUc,USAT22202621
204,"I.F.L.Y.","Bazzi",105,10B,52,2022-04-21,02:45,70,"","Soul Searching",2019-08-09,81,38,0,55,0,10,-5,D Major,4,4a6q8CR2hzLk2plDkSxkfD,USAT21903826
205,"Cool for the Summer","Demi Lovato",114,4A,61,2022-04-23,03:34,85,"","Confident",2015-01-01,58,0,0,34,0,10,-6,F Minor,4,3uwnnTQcHM1rDqSfA4gQNz,USHR11536621
206,"Ghost","Meg & Dia",112,9B,48,2022-04-23,03:20,11,"","Ghost",2022-02-25,37,58,0,42,0,10,-10,G Major,5,62QutIdv8MWrrsPLmV1Gp7,QZ5AB2205142
207,"Feels Like Roller-Coaster Ride","HYUKOH",130,11B,66,2022-04-23,04:32,30,"k-rock, k-ballad","20",2014-09-18,66,50,3,72,0,0,-6,A Major,4,0YEsNnCCBlbqLrrITXfed0,KRA031209637
208,"She","Harry Styles",140,8B,52,2022-04-23,06:02,69,"","Fine Line",2019-12-13,54,0,37,46,0,10,-6,C Major,3,6SQLk9HSNketfgs2AyIiMs,USSM11912592
209,"The Last Of The Real Ones","Fall Out Boy",115,4B,87,2022-04-25,03:50,69,"emo, pop punk","MANIA",2018-01-19,57,1,0,56,0,10,-5,G#/A♭ Major,4,6e13443Ve7RGcAUScTgYtl,USUM71704115
210,"Torn","Natalie Imbruglia",96,7B,93,2022-04-26,04:04,67,"","Glorious: The Singles 97-07",2007-09-05,56,7,0,60,0,70,-3,F Major,4,3APayTEWiUl9Ssep4BOXR2,GBARL9700412
211,"As It Was","Harry Styles",174,11A,73,2022-04-26,02:47,13,"","As It Was",2022-03-31,52,34,0,66,0,30,-5,F#/G♭ Minor,4,4LRPiXqCikLlN15c3yImP7,USSM12200612
212,"I Do (Cherish You)","98º",81,4B,43,2022-04-26,03:46,0,"","98º And Rising",1998-01-01,58,61,0,30,0,10,-9,G#/A♭ Major,4,0p5Bv16XNo5B7AdeKD0H0F,USMO19883529
213,"Way 2 Sexy (with Future & Young Thug)","Drake,Future,Young Thug",136,10A,60,2022-04-27,04:17,75,"rap, trap, melodic rap","Certified Lover Boy",2021-09-03,80,0,0,33,10,30,-6,B Minor,4,0k1WUmIRnG3xU6fvvDVfRG,USUG12104403
214,"lovely (with Khalid)","Billie Eilish,Khalid",115,9A,30,2022-04-29,03:20,88,"","lovely (with Khalid)",2018-04-19,35,93,0,12,0,10,-10,E Minor,4,0u2P5u6lvoDfwTYjAADbn4,USUM71804190
215,"Lost","Frank Ocean",123,4B,60,2022-04-29,03:54,86,"","channel ORANGE",2012-07-10,91,3,0,50,20,10,-5,G#/A♭ Major,4,3GZD6HmiNUhxXYf8Gch723,USUM71207186
216,"Nights","Frank Ocean",90,4A,55,2022-04-29,05:07,88,"","Blonde",2016-08-20,46,43,0,43,10,10,-9,F Minor,4,7eqoqGkKwgOaWNNHx90uEZ,QZ5C81600009
217,"You Should Be Here","Kehlani",141,8B,58,2022-04-29,02:37,0,"","You Should Be Here",2015-04-28,41,49,0,27,0,10,-6,C Major,4,73C4vh7W8u41Vll5HvBqv7,USAT21500810
218,"34+35","Ariana Grande",110,8B,59,2022-04-29,02:53,59,"pop","Positions (Deluxe)",2021-02-19,83,24,0,49,0,20,-6,C Major,4,1hG4V53eR16jg7jVTNLOiX,USUM72020423
219,"Waiting on You (feat. Sabrina Claudio)","Pink Sweat$,Sabrina Claudio",135,11A,42,2022-04-29,03:04,41,"","Pink Moon",2022-01-28,62,59,0,33,0,0,-6,F#/G♭ Minor,4,0TYBSiSpovukSIzwCPWIHC,USAT22200457
220,"Real Thing (feat. Tori Kelly)","Pink Sweat$,Tori Kelly",113,3B,32,2022-04-29,03:15,49,"","Pink Moon",2022-01-28,62,77,0,26,0,10,-10,C♯/D♭ Major,4,4Nk5iJrw4u7vJ6nGXosuxk,USAT22200456
221,"Pink Matter","Frank Ocean,André 3000",177,10A,23,2022-04-29,04:28,82,"ambient jazz","channel ORANGE",2012-07-10,39,95,0,49,0,10,-11,B Minor,3,1fOkmYW3ZFkkjIdOZSf596,USUM71207190
222,"Clearly","Alex Mali",123,7A,42,2022-04-29,02:22,24,"","Clearly",2022-04-27,49,65,0,25,0,20,-7,D Minor,4,0SyCWDjhJuqcglYm79x1So,QZLBC2200218
223,"Skyline","Khalid",120,1B,65,2022-04-29,03:02,59,"","Skyline",2022-04-28,73,2,2,75,0,10,-6,B Major,5,1QxIFMs4M8qd5cbJJu80v4,USRC12200673
224,"Honest (feat. Don Toliver)","Justin Bieber,Don Toliver",150,1A,66,2022-04-29,03:13,68,"","Honest",2022-04-29,81,13,0,81,0,10,-7,G#/A♭ Minor,4,2KdKh9vHbKW0tZLqtpxxI0,USUG12202489
225,"Lie Again","GIVĒON",63,9B,35,2022-04-29,03:07,49,"r&b","Lie Again",2022-04-29,43,43,0,17,0,20,-9,G Major,3,6LL5S3DGrUJ6cZRuDefguP,USSM12107670
226,"The Mood (feat. D Smoke)","Arin Ray,D Smoke",78,1B,69,2022-04-29,04:15,0,"","The Mood (feat. D Smoke)",2022-04-22,61,25,4,31,10,20,-7,B Major,4,1MwHTL8Rw8WcBmqUqVId7s,USUM72205997
227,"Please Do Not Lean (feat. BADBADNOTGOOD)","Daniel Caesar,BADBADNOTGOOD",128,3B,41,2022-04-29,04:00,58,"","Please Do Not Lean",2022-04-22,67,24,0,46,0,10,-13,C♯/D♭ Major,4,5uXO1sjZ7VbNKexKaFRna3,USUG12202503
228,"Treat Me","Chlöe",94,6A,79,2022-04-29,02:29,56,"","Treat Me",2022-04-08,71,4,0,50,0,0,-3,G Minor,4,2ZCu2xskiEBCV3y0eu0zJG,USSM12202068
229,"Die For You","The Weeknd",134,12A,53,2022-04-29,04:20,80,"","Starboy",2016-11-25,59,11,0,51,0,10,-7,C♯/D♭ Minor,4,2Ch7LmS7r2Gy2kc64wv3Bz,USUG11601011
230,"22 (Taylor's Version)","Taylor Swift",104,9B,70,2022-04-29,03:50,70,"","Red (Taylor's Version)",2021-11-12,64,0,0,64,0,0,-6,G Major,4,3yII7UwgLF6K5zW3xad3MP,USUG12103666
231,"Let It Happen","Tame Impala",125,12A,88,2022-04-29,07:47,87,"neo-psychedelic, indie","Currents",2015-07-17,60,0,3,58,0,10,-6,C♯/D♭ Minor,4,2X485T9Z5Ly0xyaghN73ed,AUUM71500292
232,"Lost In Yesterday","Tame Impala",183,3B,84,2022-04-29,04:09,73,"neo-psychedelic, indie","The Slow Rush",2020-02-14,57,3,0,75,10,10,-4,C♯/D♭ Major,3,5JWPUEov2wlX7c0jhYZpeB,AUUM71900932
233,"Eventually","Tame Impala",78,8A,62,2022-04-29,05:18,81,"neo-psychedelic, indie","Currents",2015-07-17,42,2,0,16,0,0,-6,A Minor,4,5M4yti0QxgqJieUYaEXcpw,AUUM71500296
234,"MERCEDES","Brent Faiyaz",76,2A,62,2022-04-29,03:53,63,"r&b","MERCEDES",2021-12-03,55,10,0,52,10,0,-6,D#/E♭ Minor,4,0tkgmjBMU6qSxolAKB3f2H,QM24S2107032
235,"No Love (with SZA)","Summer Walker,SZA",134,12A,62,2022-04-29,03:51,72,"r&b","Still Over It",2021-11-05,71,17,0,52,10,20,-6,C♯/D♭ Minor,4,08SB2OtZkaliju77WYEKxk,USUM72118238
236,"If I Ain't Got You","Alicia Keys",118,9B,44,2022-05-17,03:48,85,"r&b, neo soul","The Diary Of Alicia Keys",2003-12-02,61,60,0,17,10,10,-9,G Major,3,3XVBdLihbNbxUwZosxcGuJ,USJAY0300452
237,"Overtime","Chris Brown",96,8B,81,2022-05-20,04:35,60,"r&b","Indigo (Extended)",2019-10-04,58,19,0,42,0,10,-5,C Major,4,6hecXwh6EZHcl6rZyJftKQ,USRC11902742
238,"Come Around Me","Justin Bieber",158,7A,68,2022-06-17,03:20,74,"","Changes",2020-02-14,65,26,1,77,0,10,-8,D Minor,4,2o9LAypwGH4ctV0i9boo6d,USUM72001301
239,"Golden Years","M-Phazes,Ruel",114,3A,48,2022-06-26,03:27,27,"","Golden Years",2017-04-14,68,6,0,39,0,20,-6,A#/B♭ Minor,4,3lE02Hifrpnyc270fGT8t8,AUPA41700001
240,"Don't Tell Me","Ruel",77,9A,32,2022-06-26,04:01,42,"","Don't Tell Me",2017-11-30,56,56,0,14,0,30,-9,E Minor,3,1MzaBCyq0TX0ScxSmG6Cd1,AUOGL1700001
241,"Dazed & Confused","Ruel",128,10B,50,2022-06-26,03:09,59,"","Dazed & Confused",2018-04-27,69,10,0,42,10,30,-7,D Major,3,2pyjbGTpJCPjMYwCbdymiF,USRC11801774
242,"Younger","Ruel",136,10A,48,2022-06-26,03:42,56,"","Younger",2018-06-05,75,20,0,45,0,10,-8,B Minor,4,2qXicQG06oT0ijKBznpgQv,USRC11801788
243,"Say","Ruel",120,5B,32,2022-06-26,03:47,51,"","Ready",2018-06-15,62,77,0,45,0,0,-8,D#/E♭ Major,3,5VjTlCuX8C11QDunDwvyNh,USRC11801790
244,"Intro","Ruel",99,9B,16,2022-06-26,00:31,22,"","Ready",2018-06-15,52,27,55,62,10,70,-22,G Major,1,7i7zpyMc9rHYi7YaPkB0an,USRC11802422
245,"Painkiller","Ruel",129,7B,41,2022-06-26,03:33,54,"","Painkiller",2019-04-30,68,11,0,44,0,10,-7,F Major,4,1abFkY2jm6KDFMZ7RD9YJh,USRC11900839
246,"Face To Face","Ruel",90,11B,63,2022-06-26,03:23,40,"","Face To Face",2019-08-08,70,15,0,37,0,10,-4,A Major,4,4Jw3870ecfc9792hvVb7lT,USRC11901924
247,"Real Thing","Ruel",126,9A,59,2022-06-26,03:12,37,"","Real Thing",2019-08-30,67,13,0,48,0,30,-6,E Minor,4,072PI4U52gO1NasX4Lpv7Z,USRC11902085
248,"Down for You","Cosmo's Midnight,Ruel",97,10B,55,2022-06-26,03:13,42,"","Down for You",2020-01-31,76,28,0,63,0,10,-8,D Major,4,2nelvMgL7LyIUAYwmmRyy1,AUBM02000005
249,"say it over (feat. Cautious Clay)","Ruel,Cautious Clay",156,7A,32,2022-06-26,03:58,42,"","say it over (feat. Cautious Clay)",2020-10-01,44,57,0,15,0,60,-11,D Minor,4,4jSE5cAaa5rwTyhDSXfwQN,USRC12003049
250,"Want U Around (feat. Ruel)","Omar Apollo,Ruel",144,8B,44,2022-06-26,04:07,47,"bedroom pop, ","Want U Around (feat. Ruel)",2020-10-12,57,30,0,62,0,10,-7,C Major,3,5vprsDWNcHMEMH95sbJkH2,USWB12003930
251,"up to something","Ruel",96,2A,47,2022-06-26,02:59,40,"","Bright Lights, Red Eyes",2020-10-23,69,8,0,29,0,10,-8,D#/E♭ Minor,4,0363Rz5nMpTlYWZ4kmjM2L,USRC12003050
252,"courage","Ruel",82,9B,45,2022-06-26,03:29,41,"","Bright Lights, Red Eyes",2020-10-23,59,3,0,29,0,0,-6,G Major,4,72sQjWR565TtF4yIKnoZZe,USRC12003048
253,"distance","Ruel",149,2A,33,2022-06-26,02:59,51,"","Bright Lights, Red Eyes",2020-10-23,56,50,0,50,10,50,-9,D#/E♭ Minor,4,24zaoEGmRjgA0zt47uLgRF,USRC12003047
254,"Free Time","Ruel",100,10A,48,2022-06-26,03:38,50,"","Free Time",2019-09-13,64,10,0,20,0,10,-6,B Minor,3,0fNLObXT9pvc3VED0oAevd,USRC11902503
255,"Unsaid","Ruel",77,1B,43,2022-06-26,03:47,44,"","Free Time",2019-09-13,53,39,0,27,0,30,-7,B Major,4,5VEHaQwMTluOyIFRx6VrkZ,USRC11902504
256,"Don't Cry","Ruel",73,7B,28,2022-06-26,03:07,39,"","Free Time",2019-09-13,48,91,0,26,0,0,-10,F Major,4,0A472qovEW32nP2G0mkJoe,USRC11902501
257,"Human","Tom Thum,Ruel",150,12A,68,2022-06-26,03:30,25,"","Human",2017-12-08,50,51,0,72,30,30,-5,C♯/D♭ Minor,4,0bHxmpou5iI8Dg7HaapDix,AUZRH1700002
258,"Weathered - triple j Like A Version","M-Phazes,Ruel",120,12B,17,2022-06-26,03:17,0,"","Weathered (triple j Like A Version)",2017-12-15,63,70,0,26,0,10,-12,E Major,4,7cRhtC9bW02fcj1LgjOtJy,AUAB01700816
259,"Flames (feat. Ruel)","SG Lewis,Ruel",194,8A,62,2022-06-26,03:36,42,"","Flames (feat. Ruel) [Lastlings Remix]",2019-08-09,56,9,0,37,10,10,-6,A Minor,3,4JiuLIWKkLH2iluzOhXh5Y,GBUM71901524
260,"Empty Love","GRACEY,Ruel",120,10B,45,2022-06-26,03:27,42,"","The Art Of Closure",2020-11-13,80,23,0,54,20,10,-9,D Major,4,2iqIjiKVQ6p7zdp9pqAeUL,GBUM72001711
261,"Fire & Grace","Hilltop Hoods,Ruel",164,4A,68,2022-06-26,03:49,35,"","The Great Expanse",2019-02-22,48,54,0,24,40,10,-7,F Minor,4,1YgKxDD03H5WNfa8kfqORe,AUHT01800209
262,"too many feelings","Ruel",82,7B,71,2022-06-26,03:06,47,"","too many feelings",2021-02-11,75,24,0,54,0,10,-6,F Major,4,3tb3sGsGLnSsyUxue8Aetd,USRC12100135
263,"Down for You - Remix","Cosmo's Midnight,Ruel,RIMON",93,10B,53,2022-06-26,02:46,29,"alternative r&b","Down for You (Remix)",2021-06-24,59,55,0,47,10,40,-6,D Major,4,2Ucd1gHdGTBc90QgWgcUN5,AUBM02100192
264,"Notice Me (feat. Ruel)","Dylan J,Ruel",86,3A,35,2022-06-26,02:38,30,"","Notice Me (feat. Ruel)",2021-08-26,54,27,0,19,0,10,-11,A#/B♭ Minor,4,5thDxhqcKA5q8Opd6INQp8,AUDAG2100003
265,"Dream No More (feat. Ruel & Genesis Owusu)","Billy Davis,Ruel,Genesis Owusu",95,6B,53,2022-06-26,03:27,26,"","Dream No More (feat. Ruel & Genesis Owusu)",2021-02-26,36,52,0,55,0,30,-8,A#/B♭ Major,4,0slVzyDCYPANhtDTpzBgLZ,AUBM02100021
266,"GROWING UP IS _____","Ruel",113,8B,73,2022-06-26,03:53,53,"","GROWING UP IS _____",2021-12-08,67,0,0,48,0,20,-6,C Major,4,2wJ1eOCIBwoQiN7xQtrTAY,USRC12103445
267,"Golden Years - M-Phazes Remix","Ruel,M-Phazes",110,3A,56,2022-06-26,03:54,32,"","Golden Years (M-Phazes Remix)",2018-03-16,72,19,0,26,0,10,-5,A#/B♭ Minor,4,06HUJRcD0t95ogCb2pMQJF,USRC11801008
268,"Don't Tell Me - IAMNOBODI Remix","Ruel,IAMNOBODI",78,9A,38,2022-06-26,04:01,10,"","Don't Tell Me (Deluxe Edition)",2018-04-19,56,15,0,8,0,10,-9,E Minor,4,1FUEczervBRvq4R3cBBLzc,USRC11801708
269,"Don't Tell Me - Jerry Folk Remix","Ruel,Jerry Folk",97,12A,43,2022-06-26,03:28,8,"","Don't Tell Me (Deluxe Edition)",2018-04-19,92,10,1,67,20,10,-6,C♯/D♭ Minor,4,3li8gkIjkwbAG64ihCYHmU,USRC11801707
270,"Don't Tell Me - Jarami Remix","Ruel,Jarami",105,9A,63,2022-06-26,03:08,17,"","Don't Tell Me (Deluxe Edition)",2018-04-19,71,17,0,66,20,10,-5,E Minor,4,7JzRYUx0pksTiYoIz4SkRA,USRC11801706
271,"Don't Tell Me - Acoustic","Ruel",78,9A,27,2022-06-26,04:01,20,"","Don't Tell Me (Deluxe Edition)",2018-04-19,38,94,0,43,0,10,-10,E Minor,4,0DX9dQBfZlrvtjUUKi5287,USRC11801435
272,"Dazed & Confused (feat. Ezinma) - Acoustic Version","Ruel,Ezinma",115,9B,35,2022-06-26,03:57,21,"electronic classical","Dazed & Confused (feat. Ezinma) [Acoustic Version]",2018-10-12,49,74,0,44,0,30,-6,G Major,3,7gYlVnSZbYgaUrQlsvKKKX,USRC11803473
273,"Not Thinkin' Bout You (Remix) (feat. GoldLink)","Ruel,GoldLink",120,3B,41,2022-06-26,03:50,28,"","Not Thinkin' Bout You (Remix) (feat. GoldLink)",2018-11-09,68,27,0,52,10,10,-8,C♯/D♭ Major,4,3L0QgIX1wmx1K1fLRTGZuu,USRC11803570
274,"Not Thinkin' Bout You (feat. Billy Davis) - Acoustic Version","Ruel,Billy Davis",80,8B,30,2022-06-26,04:54,21,"","Not Thinkin' Bout You (feat. Billy Davis) [Acoustic Version]",2019-02-01,68,81,0,17,0,10,-7,C Major,4,0lEkFxoXqdVeJiTPQwXavZ,USRC11803482
275,"Say (feat. Jake Meadows) - Acoustic Version","Ruel,Jake Meadows",114,8A,19,2022-06-26,03:58,23,"","Say (feat. Jake Meadows) [Acoustic Version]",2019-03-15,54,95,0,18,0,10,-10,A Minor,3,0Vno3awyLj68OngqQmHcOt,USRC11803481
276,"Painkiller (feat. Denzel Curry)","Ruel,Denzel Curry",65,7B,51,2022-06-26,03:47,32,"","Painkiller (feat. Denzel Curry)",2020-05-25,71,5,0,51,0,30,-6,F Major,4,7mhqMmidKEwxuntUlNSpnr,USRC11902758
277,"Painkiller (feat. Denzel Curry) - Young Franco Remix","Ruel,Denzel Curry,Young Franco",121,7A,47,2022-06-26,04:22,19,"","Painkiller (Remix Pack)",2020-06-12,88,12,0,63,10,30,-8,D Minor,4,5mfIpNNJQE4uLcpA20h3F8,USRC12001918
278,"Painkiller (feat. Denzel Curry) - Taka Perry Remix","Ruel,Denzel Curry,Taka Perry",133,8A,56,2022-06-26,03:23,9,"j-rap, j-r&b","Painkiller (Remix Pack)",2020-06-12,68,8,0,50,0,10,-10,A Minor,4,6FXpITmXLe80mBtxxeYRUl,USRC12001917
279,"Painkiller (feat. Denzel Curry) - Mr. Carmack Remix","Ruel,Denzel Curry,Mr. Carmack",142,8B,54,2022-06-26,03:30,22,"edm trap","Painkiller (Remix Pack)",2020-06-12,73,9,0,39,10,30,-4,C Major,4,4cn314Vx4eZJ7mcAgqWtZr,USRC12001916
280,"Empty Love (Kelvin Wood Remix Ft. Ruel)","GRACEY,Ruel,Kelvin Wood",124,10B,86,2022-06-26,03:21,11,"","Empty Love (Remixes Ft. Ruel)",2020-07-17,68,3,0,25,0,10,-5,D Major,4,1mnJWrG5XUTuAK07gDgnuE,GBUM72003684
281,"Empty Love (Cureton Remix Ft. Ruel)","GRACEY,Ruel,Cureton",124,10B,78,2022-06-26,02:51,7,"future house","Empty Love (Remixes Ft. Ruel)",2020-07-17,78,1,0,67,0,0,-7,D Major,4,32HsU0PhhxnsC687CyVKm9,GBUM72003683
282,"Empty Love (A-Trak Remix Ft. Ruel)","GRACEY,Ruel,A-Trak",127,10B,73,2022-06-26,03:35,6,"disco house","Empty Love (Remixes Ft. Ruel)",2020-07-17,79,14,87,32,0,0,-11,D Major,4,6X2g3sdRL99lc44kFVAQBY,GBUM72003682
283,"Empty Love (Ft. Ruel) - Acoustic","GRACEY,Ruel",173,10B,31,2022-06-26,03:53,28,"","Empty Love (Ft. Ruel) [Acoustic]",2020-07-22,43,81,0,35,0,10,-9,D Major,3,09HCvtlxNRpifu8jG1NRWk,GBUM72003582
284,"Dream No More (feat. Ruel & Genesis Owusu) - Acoustic Version","Billy Davis,Ruel,Genesis Owusu",85,8B,33,2022-06-26,04:37,22,"","Dream No More (feat. Ruel & Genesis Owusu) [Acoustic Version]",2021-03-12,32,93,0,42,0,0,-10,C Major,3,4czEiUAPsMtI71MfAAV963,AUBM02100029
285,"Hold On","Justin Bieber",140,12A,63,2022-07-07,02:50,76,"","Justice",2021-03-19,66,1,0,30,0,10,-6,C♯/D♭ Minor,4,1nahzW3kfMuwReTka28tH5,USUM72102322
286,"Mistletoe","Justin Bieber",162,11A,56,2022-07-07,03:02,70,"","Under The Mistletoe (Deluxe Edition)",2011-01-01,66,50,0,85,0,0,-9,F#/G♭ Minor,4,7xapw9Oy21WpfEcib2ErSA,USUM71116290
287,"always, i'll care","Jeremy Zucker",105,2B,22,2022-07-07,02:26,63,"","love is not dying",2020-04-17,73,90,0,68,0,10,-13,F#/G♭ Major,4,0rbKrBvZUYY9GN9l057BuY,USUM72001551
288,"Christmas Lights","Coldplay",129,9B,42,2022-07-07,04:02,56,"","Christmas Lights",2010-12-01,32,13,0,24,0,0,-9,G Major,4,4fzyvSu73BhGvi96p2zwjL,GBAYE1001401
289,"The Way I Am","Charlie Puth",115,3A,77,2022-07-07,03:06,65,"soft pop","Voicenotes",2018-05-11,76,31,0,64,10,0,-6,A#/B♭ Minor,4,6qNALlmZa1ESnCxJmXE1K9,USAT21702277
290,"STAY (with Justin Bieber)","The Kid LAROI,Justin Bieber",170,3B,76,2022-07-07,02:21,85,"","STAY (with Justin Bieber)",2021-07-09,59,4,0,48,0,10,-5,C♯/D♭ Major,4,5HCyWlXZPP0y6Gqq8TgA20,USSM12103949
291,"Girlfriend","Avril Lavigne",164,9B,96,2022-07-07,03:36,81,"","The Best Damn Thing (Expanded Edition)",2007-04-17,56,0,0,67,10,20,-2,G Major,4,45hOioMDJktr86iKDHC8gr,USRC10700021
292,"Upside Down","JVKE",120,10B,50,2022-07-07,01:54,0,"","Upside Down",2020-08-18,88,5,7,46,0,40,-7,D Major,4,5TpvLkESnw1g9wDz52efeO,QM24S2008283
293,"Changes","Lauv",148,10B,45,2022-07-07,02:40,0,"","~how i'm feeling~",2020-03-06,53,46,0,20,10,20,-8,D Major,4,7cDpMO5wuWgvv3j4INRBeB,GBKPL1969294
294,"i'm so tired...","Lauv,Troye Sivan",102,1B,74,2022-07-07,02:42,1,"","~how i'm feeling~",2020-03-06,58,18,0,48,20,20,-8,B Major,4,4vjpLMyL3ZO6aphdYr8XYw,GBKPL1933763
295,"Who Did That to You - From  Django Unchained ","Geronimo",106,8B,66,2022-07-07,03:48,39,"noise rock","Who Did That to You (Best Western Songs)",2014-10-14,57,5,0,23,0,30,-4,C Major,4,61bl0rlKLKkJgm1omOJBJz,DEH981403060
296,"Nonsense","Sabrina Carpenter",139,4B,70,2022-10-10,02:43,85,"pop","emails i can't send",2022-07-15,74,3,0,73,0,20,-5,G#/A♭ Major,4,6dgUya35uo964z7GZXM07g,USUM72210708
297,"Fast Times","Sabrina Carpenter",132,12A,67,2022-10-10,02:54,68,"pop","emails i can't send",2022-07-15,72,7,0,74,0,0,-5,C♯/D♭ Minor,4,6n05BgVkxxz2k5ICZYa2PH,USUM72200377
298,"Cardboard Box","FLO",80,3B,71,2022-10-10,02:41,60,"uk r&b","Cardboard Box",2022-03-24,58,4,0,70,0,30,-4,C♯/D♭ Major,4,2rf9i0Enr8cw1JRME8Rsvq,GBUM72200963
299,"Let Me Love You","Mario",95,6A,58,2022-10-10,04:16,77,"r&b","Let Me Love You",2004-09-21,66,24,0,56,0,10,-9,G Minor,4,3ibKnFDaa3GhpPGlOUj7ff,USJAY0400348
300,"Put Your Records On","Corinne Bailey Rae",96,11B,51,2022-10-10,03:35,83,"","Corinne Bailey Rae",2006-01-01,74,17,0,54,0,10,-8,A Major,4,2nGFzvICaeEWjIrBrL2RAx,GBAYE0501671
301,"Good Lovin' - Rework","GOLDA",80,7B,52,2022-10-10,03:01,29,"","The GOLDA Complex: Remixes",2019-11-27,83,45,1,86,0,0,-5,F Major,4,26mlN0AEtlsCaYY7VxO8EF,DEVF11900571
302,"Personal","Emotional Oranges",100,8B,52,2022-10-10,03:45,52,"indie r&b","The Juice: Vol. I",2019-05-10,83,10,0,57,0,10,-7,C Major,4,5jrr4qdmd6jmstVgHxCXMO,GBKPL1814408
303,"My Sunny Day","Ted Fresco,Lyn Lapid",90,6B,38,2022-10-10,02:09,44,"","My Sunny Day",2021-12-10,65,32,0,60,20,0,-10,A#/B♭ Major,4,42S4MmuWhMbR75RPKpIbYx,USUM72122448
304,"I Can't Help But Feel","Surfaces",115,12A,71,2022-10-10,02:58,0,"","I Can't Help But Feel",2022-04-01,72,33,0,72,0,10,-5,C♯/D♭ Minor,4,40gooTta3y4FgzXaMOGDJL,QZJ842001551
305,"Try Everything","Shakira",115,3B,61,2022-10-10,03:16,78,"latin pop","Zootopia (Original Motion Picture Soundtrack)",2016-02-12,71,3,0,48,0,0,-5,C♯/D♭ Major,4,1N3dZ7TTWO6VcD4Y3hHYLZ,USWD11575402
306,"When You Wish Upon a Star","Cliff Edwards,Disney Studio Chorus",93,10B,26,2022-10-10,03:15,50,"","Pinocchio",1992-01-01,24,96,2,11,0,40,-14,D Major,3,1WrPa4lrIddctGWAIYYfP9,USWD10220003
307,"How Far I'll Go","Auli'i Cravalho,Disney",84,12A,31,2022-10-10,02:43,51,"","Moana (Original Motion Picture Soundtrack/Deluxe Edition)",2016-11-18,57,65,0,11,0,10,-11,C♯/D♭ Minor,4,1ERshJBUZysordGDZr5B3t,USWD11677855
308,"Fallin' All In You","Shawn Mendes",92,4B,48,2022-10-10,03:55,68,"","Shawn Mendes",2018-05-25,85,41,0,80,0,10,-7,G#/A♭ Major,4,5EYBryPOgIEPB7r5QIy6eG,USUM71804960
309,"parachute","John K",75,12A,59,2022-10-10,02:36,52,"","love + everything else",2020-11-13,79,5,0,69,10,10,-4,C♯/D♭ Minor,4,3orJ0XpgXRG1LTA521BpDz,USSM12006007
310,"Holy (feat. Chance The Rapper)","Justin Bieber,Chance the Rapper",87,2B,70,2022-10-10,03:32,73,"","Holy",2020-09-18,67,20,0,37,30,0,-8,F#/G♭ Major,4,5u1n1kITHCxxp8twBcZxWy,USUM72017013
311,"Thinkin Bout You","KATIE",120,8B,37,2022-10-10,04:23,48,"","LOG",2019-05-22,74,61,0,32,0,0,-7,C Major,4,6xwQS49tTYgLQNPGnfWV2H,GBKPL1949009
312,"Ben - Single Version","Michael Jackson",68,7B,13,2022-10-10,02:45,65,"","Ben",1972-08-04,46,81,0,30,0,10,-13,F Major,4,3vZMkLS1jP7NdNhzqGfUSW,USMO17282631
313,"One Wish","Ray J",128,4A,65,2022-10-10,05:37,0,"","Raydiation",2005-09-05,53,28,0,60,20,30,-7,F Minor,4,5qrzhg9Fmu8Amg2uMhHfe5,USUYG1160553
314,"Zero","Chris Brown",121,12A,82,2022-10-10,03:34,59,"r&b","Royalty (Deluxe Version)",2015-12-18,73,5,0,81,0,0,-5,C♯/D♭ Minor,4,3wrP2GVxWH8VpHPOsKhYgz,USRC11502231
315,"I Feel It Coming","The Weeknd,Daft Punk",93,5A,82,2022-10-10,04:29,79,"french house, electronic, electro","Starboy",2016-11-25,77,43,0,59,10,0,-6,C Minor,4,3dhjNA0jGA8vHBQ1VdD6vV,USUG11601012
316,"Starboy","The Weeknd,Daft Punk",186,9B,59,2022-10-10,03:50,91,"french house, electronic, electro","Starboy",2016-11-25,68,14,0,49,20,10,-7,G Major,4,7MXVkk9YMctZqd1Srtv4MB,USUG11600976
317,"Snowman","Sia",105,3B,52,2022-10-10,02:45,76,"","Everyday Is Christmas (Deluxe Edition)",2018-11-01,72,43,0,34,0,0,-6,C♯/D♭ Major,3,7uoFMmxln0GPXQ0AcCBXRq,USAT21704212
318,"Too Good","Christian Kuria",160,4A,41,2022-10-10,04:37,61,"","Borderline",2020-01-29,69,23,0,51,10,10,-9,F Minor,4,3GP7l2bmXT6T2FNAzERwBr,TCADZ1858339
319,"House On Fire","Mimi Webb",150,10B,75,2022-10-10,02:20,54,"","House On Fire",2022-02-18,61,2,0,44,10,10,-5,D Major,4,2iHsdUnmKGIuc9oRE3DfgJ,USSM12109778
320,"Break My Heart","Ella Mai",80,10A,66,2022-10-10,03:14,48,"r&b","Heart On My Sleeve",2022-05-06,37,2,0,4,20,30,-5,B Minor,4,0TYsPcmqWOtPdaEXmHvNSE,USUM72203644
321,"Surprise","Chlöe",139,9A,74,2022-10-10,02:35,49,"","Surprise",2022-06-17,73,19,0,86,0,10,-4,E Minor,4,3xcapG4WdzvsER4g70MjKc,USSM12206063
322,"On The Way (feat. Mila J)","Jhené Aiko,Mila J",114,6A,44,2022-10-11,03:42,64,"r&b, ","Chilombo (Deluxe)",2020-07-17,57,76,0,66,20,10,-12,G Minor,4,423NhOTzoqgeaIJbrUzSoo,USUM72014232
323,"Go with It (feat. VIC MENSA)","The Internet,VIC MENSA",95,10A,65,2022-10-11,04:27,42,"alternative r&b, neo soul, ","Ego Death",2015-06-26,66,28,0,60,0,10,-9,B Minor,4,5cpB6MXX1RmdVHnTLcKtHC,USQX91500963
324,"No Frauds","Nicki Minaj,Drake,Lil Wayne",139,3B,56,2022-10-11,04:32,55,"rap, hip hop","No Frauds",2017-03-10,87,9,0,43,20,50,-7,C♯/D♭ Major,4,7KcGEssn7BnJdTgildK5y0,USCM51700014
325,"2AM","SZA",84,8A,27,2022-10-11,04:02,69,"r&b","Ctrl (Deluxe)",2022-06-09,50,44,0,39,40,10,-14,A Minor,4,3vZGtceCbJVh5aDT4XhE0p,USRC12202147
326,"Wild Side (feat. Cardi B)","Normani,Cardi B",110,11A,58,2022-10-11,03:29,62,"","Wild Side (feat. Cardi B)",2021-07-22,74,2,0,32,10,10,-7,F#/G♭ Minor,4,2vXgyN14LX2zl7JEASw242,USRC12101473
327,"For Me (feat. Blxst)","Pink Sweat$,Blxst",111,11A,37,2022-10-11,02:56,44,"","Pink Moon",2022-01-28,48,38,0,35,10,10,-12,F#/G♭ Minor,3,1ygoa1CXuHTSfYeVOtohp2,USAT22200454
328,"Need to Know","Doja Cat",130,3B,61,2022-10-11,03:30,81,"","Planet Her",2021-06-25,66,30,0,19,0,0,-7,C♯/D♭ Major,4,3Vi5XqYrmQgOYBajMWSvCi,USRC12101120
329,"any given sunday (feat. blxst)","Kehlani,Blxst",99,6A,50,2022-10-11,02:45,52,"","blue water road",2022-04-28,72,12,0,30,10,10,-8,G Minor,4,4gnrIW6VqlCxVbOSVE50zi,USAT22201508
330,"Guess","Lucky Daye",80,6A,63,2022-10-11,03:13,49,"","Candydrip",2022-03-10,38,45,0,37,40,0,-7,G Minor,4,51t119U9qFdDHorI8GpNPb,USRC12200566
331,"Call Me Every Day (feat. Wizkid)","Chris Brown,Wizkid",172,9A,63,2022-10-11,02:26,57,"r&b, afrobeats, afrobeat, afropop, azonto, afroswing, afro r&b, afropiano","Call Me Every Day (feat. Wizkid)",2022-06-17,73,12,0,77,10,10,-7,E Minor,4,7vVs4XCsQyGn1Au3drvo9Z,USRC12201904
332,"Know Love","Rex Orange County",120,4B,24,2022-10-12,04:01,0,"bedroom pop","Bcos U Will Never B Free",2016-11-07,42,54,0,19,0,10,-20,G#/A♭ Major,4,5UEURoNHyyLDFffVGCt07b,US23A1500305
333,"Feel","Sonder",132,11A,26,2022-10-12,03:52,66,"dark r&b, r&b","Into",2017-01-27,46,53,0,20,0,30,-15,F#/G♭ Minor,4,1uverlfbbG8InEPioAwB8y,QM24S1700176
334,"Runnin' Thru Lovers","Sabrina Claudio",140,3B,51,2022-10-12,04:28,36,"","Confidently Lost",2017-03-02,50,29,0,26,0,10,-10,C♯/D♭ Major,4,4JLvbX8iq3q6Ow08vFLeHY,USAT21700446
335,"Changes","H.E.R.",100,5A,33,2022-10-12,03:33,50,"r&b","H.E.R.",2017-10-20,67,35,0,21,0,0,-12,C Minor,4,6hSjs8T4KVAjGCkyw3sK2w,USRC11700631
336,"Eternal Sunshine","Jhené Aiko",148,10B,41,2022-10-12,03:30,58,"r&b","Souled Out (Deluxe)",2014-09-08,45,79,0,5,0,10,-11,D Major,4,3t844ssjXzE9M3SDtUxTI4,USUM71411883
337,"Insane","Summer Walker",162,5B,61,2022-10-12,03:09,58,"r&b","Still Over It",2021-11-05,39,63,0,35,30,10,-8,D#/E♭ Major,4,3pcxxaUxAMSfz2zgetHydD,USUM72118232
338,"Raindrops (feat. Flo Milli)","GoldLink,Flo Milli",140,8A,57,2022-10-12,02:33,36,"","HARAM!",2021-06-18,88,52,0,59,10,10,-7,A Minor,4,6XBkVK0XMeSkXyG6lN2QDk,USRC12003866
339,"Sky","Playboi Carti",140,10B,90,2022-10-12,03:13,80,"rage rap","Whole Lotta Red",2020-12-25,79,26,0,56,20,10,-4,D Major,4,29TPjc8wxfz4XMn21O7VsZ,USUM72024699
340,"Moon","Kanye West",162,7B,24,2022-10-12,02:36,70,"rap","Donda",2021-08-29,32,90,0,25,0,20,-10,F Major,4,7CC6UbCs4iGsePSzFxYxNn,USUM72116291
341,"Read My Mind","Lianne La Havas",94,9A,45,2022-10-12,04:48,49,"alternative r&b, soul, pop soul","Lianne La Havas",2020-07-17,65,15,0,44,0,30,-10,E Minor,4,18yYhT8fTVjFK9IBPiows6,GBAHT2000173
342,"Sweet Life","Frank Ocean",83,1B,56,2022-10-12,04:22,73,"","channel ORANGE",2012-07-10,48,23,0,80,10,0,-6,B Major,4,6MEDfjHxnVNcYmHe3mM6L2,USUM71207177
343,"On The Way","TWENTY88",130,12A,68,2022-10-12,03:23,50,"","TWENTY88",2016-04-01,65,9,0,33,30,20,-7,C♯/D♭ Minor,4,2TAf6ITyhwc9Z3MYb4tSYl,USUM71602796
344,"SCOOP (feat. Doja Cat)","Lil Nas X,Doja Cat",164,2B,53,2022-10-12,02:54,56,"","MONTERO",2021-09-17,84,4,0,58,10,10,-8,F#/G♭ Major,4,6bpq1jGkVz66Q3LYeoXdjZ,USSM12105734
345,"White Tee (with NO1-NOAH)","Summer Walker,NO1-NOAH",125,3B,37,2022-10-12,03:31,65,"r&b, trap soul","Life On Earth - EP",2020-07-10,79,74,0,34,10,10,-8,C♯/D♭ Major,4,5m0eMnsWwzgGsUxe1mhFYR,USUM72013570
346,"Happiness Over Everything (H.O.E.) (feat. Future & Miguel)","Jhené Aiko,Future,Miguel",135,12A,67,2022-10-12,03:08,51,"r&b, rap","Chilombo",2020-03-06,42,13,0,87,30,20,-8,C♯/D♭ Minor,4,2yUy5eFAFWAichjrySJWA2,USUM71923029
347,"OG Luv Kush pt.2","Kaiit",90,2B,37,2022-10-12,02:39,15,"","Live From Her Room",2018-09-14,77,10,4,26,30,10,-12,F#/G♭ Major,4,4aILgpaOkZRMioV0mMn8Xq,AUBEC1823373
348,"After The Storm (feat. Tyler, The Creator & Bootsy Collins)","Kali Uchis,Tyler, The Creator,Bootsy Collins",80,9A,66,2022-10-12,03:27,82,"funk","Isolation",2018-04-06,70,30,0,84,10,20,-7,E Minor,4,1otG6j1WHNvl9WgXLWkHTo,GBUM71706492
349,"Am I Wrong (feat. ScHoolboy Q)","Anderson .Paak,ScHoolboy Q",115,10A,80,2022-10-12,04:13,57,"","Malibu",2016-01-15,73,6,0,53,0,0,-7,B Minor,4,1UjyF6okUHhnVxaLV8ojsA,USUYG1088418
350,"Kiss Me More (feat. SZA)","Doja Cat,SZA",111,4B,71,2022-10-12,03:28,86,"r&b","Planet Her",2021-06-25,76,26,0,78,0,10,-3,G#/A♭ Major,4,3DarAbFujv6eYNliUTyqtz,USRC12100543
351,"Orbit - Live from Air Studios","Nao",95,9B,43,2022-10-12,03:54,32,"alternative r&b, uk r&b","Orbit (Live from Air Studios)",2019-04-05,54,39,0,19,0,10,-10,G Major,4,1zxG0496hjejtlxjz0AyDY,GBARL1900361
352,"obvious","Ariana Grande",160,8B,67,2022-10-12,02:26,62,"pop","Positions",2020-10-30,62,10,0,26,10,10,-5,C Major,4,0q85C1JiECyYIQthz1posA,USUM72020439
353,"III. Telegraph Ave. ( Oakland  by Lloyd)","Childish Gambino",130,4A,69,2022-10-12,03:30,0,"","Because the Internet",2013-12-10,50,16,3,60,20,10,-10,F Minor,4,0VXfZi7XhfJnuBvF6XiypU,USYAH1300222
354,"Childs Play (feat. Chance the Rapper)","SZA,Chance the Rapper",100,12A,34,2022-10-12,03:36,66,"r&b, ","Z",2014-04-08,76,78,0,22,0,10,-9,C♯/D♭ Minor,4,7GPstnufSTScEaw9dMxO9H,TCABW1406843
355,"Neu Roses (Transgressor's Song)","Daniel Caesar",69,8B,33,2022-10-12,03:01,1,"","Freudian",2017-08-25,54,93,0,29,0,60,-13,C Major,4,3SPfACAarZmNEF45erapCY,CADDS1700024
356,"Loner","Kali Uchis",120,12A,68,2022-10-12,03:32,14,"","Por Vida",2015-02-04,72,87,12,51,0,30,-6,C♯/D♭ Minor,4,6m6R6O2BOZDCNymhJ45spI,QM8DG1400271
357,"Insecure","Jazmine Sullivan,Bryson Tiller",89,6A,51,2022-10-12,03:38,57,"r&b, trap soul","Insecure",2017-08-04,51,54,0,65,30,10,-4,G Minor,4,360NCp4XoQ0sFi5jgu5Ww7,USRC11701426
358,"Self","Noname",92,5B,54,2022-10-12,01:34,0,"alternative r&b","Room 25",2018-09-14,81,85,0,81,20,10,-7,D#/E♭ Major,4,2kiCjjIJznzvPuSTtPPP4O,QM24S1834470
359,"Go Gina","SZA",80,11B,61,2022-10-12,02:41,64,"r&b","Ctrl",2017-06-09,60,80,0,46,10,30,-7,A Major,4,6Vmow8PuUaU7W1T2WWLZk2,USRC11701118
360,"To Die For","Sam Smith",172,8B,36,2022-10-12,03:13,58,"soft pop","To Die For",2020-02-14,48,83,0,31,0,10,-8,C Major,4,2ZTYlnhhV1UAReg7wIGolx,GBUM71906661
361,"Reality","Vladimir Cosma,Richard Sanderson",153,9B,43,2022-10-12,04:49,59,"","La boum (Bande originale du film de Claude Pinoteau)",2014-12-31,31,30,0,17,0,10,-9,G Major,4,1gci2QBGH5nzPWePv6ATom,NLF360801720
362,"Speechless (Full)","Naomi Scott",125,11A,49,2022-10-12,03:28,70,"","Aladdin (Original Motion Picture Soundtrack)",2019-05-22,47,47,0,23,0,10,-8,F#/G♭ Minor,4,0XPsOSYzDJZJArevQNm2AR,USWD11993077
363,"777","Bruno Mars,Anderson .Paak,Silk Sonic",102,3B,62,2022-10-12,02:45,64,"","An Evening With Silk Sonic",2021-11-12,84,0,0,89,0,30,-11,C♯/D♭ Major,4,2K6vUau7bnZUamjbRSOOvJ,USAT22106194
364,"YiPiYaY","Aminé",147,9B,59,2022-10-12,01:45,39,"","TWOPOINTFIVE",2021-11-05,86,10,0,46,10,0,-5,G Major,3,0tlM57cmnhLbHwxU8hGox4,QZLBC2100484
365,"Open Arms","PRETTYMUCH",140,10A,43,2022-10-12,03:06,44,"","Open Arms",2017-10-27,69,15,0,21,0,40,-6,B Minor,4,2jHDXNIbElEsxxPQ0EVspA,GBHMU1700081
366,"Pink Moon","Pink Sweat$",91,8B,23,2022-10-12,03:01,33,"","Pink Moon",2022-01-28,68,57,0,20,0,10,-13,C Major,4,3qi7uCg0ZOKF3txIfoRat5,USAT22200453
367,"Midnight River (feat. 6LACK)","Pink Sweat$,6LACK",172,12A,35,2022-10-12,03:04,45,"","Midnight River (feat. 6LACK)",2021-12-10,50,78,0,23,0,10,-9,C♯/D♭ Minor,4,5HphhcOuLFWBj9IghbrKJB,USAT22108131
368,"Better (feat. KIRBY)","Pink Sweat$,KIRBY",143,12A,47,2022-10-12,02:56,37,"alternative r&b","Pink Moon",2022-01-28,61,32,0,41,10,10,-7,C♯/D♭ Minor,4,0tB4VJwEODi9k500a6UoE9,USAT22200455
369,"Nothing Feels Better","Pink Sweat$",81,10B,40,2022-10-12,02:37,45,"","Nothing Feels Better",2021-10-22,77,28,0,56,0,0,-8,D Major,4,5tmxPmmXvgJPU7bIukFX8p,USAT22106142
370,"Spiritual","Pink Sweat$",169,5A,10,2022-10-12,03:18,29,"","Pink Moon",2022-01-28,27,89,0,9,0,10,-14,C Minor,4,2cPDPf26WK6W101jvUUWug,USAT22200458
371,"Consideration","Rihanna,SZA",145,6A,58,2022-10-12,02:41,72,"r&b","ANTI (Deluxe)",2016-01-28,89,4,0,79,0,0,-2,G Minor,4,6t90Z9XkdsHD8xMxro6KRP,QM5FT1600113
372,"All alright","Sigur Rós",132,10B,3,2022-10-12,06:17,31,"post-rock, dream pop","Með suð í eyrum við spilum endalaust",2008-06-20,32,96,58,8,0,10,-19,D Major,5,0u2vn9lTw6nhFK315OrQtE,GBKEE0800086
373,"4ever","Glen Check",96,3B,77,2022-10-12,03:32,0,"nu disco, french house, k-rock","4ever",2022-02-03,60,3,0,10,0,30,-6,C♯/D♭ Major,4,4RruzeifOuoFvZwziK2EuR,QMDA72162037
374,"double take","Dhruv",109,4B,44,2022-10-12,02:51,74,"","double take",2019-05-24,46,84,0,21,0,20,-11,G#/A♭ Major,4,47isJpIIO8m7BJEhiFhnaf,GBMJG1911043
375,"LOVE. FEAT. ZACARI.","Kendrick Lamar,Zacari",126,6B,59,2022-10-12,03:33,84,"hip hop, west coast hip hop, ","DAMN.",2017-04-14,80,26,0,78,0,10,-7,A#/B♭ Major,4,6PGoSes0D9eUDeeAafB2As,USUM71703088
376,"Under The Influence","Chris Brown",117,8A,56,2022-10-12,03:04,84,"r&b","Indigo (Extended)",2019-10-04,76,2,0,37,0,10,-9,A Minor,4,5IgjP7X4th6nMNDh4akUHb,USRC11902743
377,"Section (feat. Kehlani)","Ant Clemons,Kehlani",107,3B,56,2022-10-12,03:39,30,"","Section (feat. Kehlani)",2021-07-08,55,26,0,52,0,20,-9,C♯/D♭ Major,4,4yH6ia5y4gf7Nyvu9tOHkX,QMBZ92180779
378,"Late Night","Lucky Daye",99,2B,55,2022-10-12,03:57,28,"","Painted (Deluxe Edition)",2020-05-29,83,44,0,79,0,10,-7,F#/G♭ Major,4,3RVJS0IWqzCYPnZfgVWclT,USRC11802922
379,"Natural","GSoul",153,9A,32,2022-10-12,02:24,43,"k-rap","Natural",2021-12-02,52,84,0,24,0,30,-10,E Minor,4,0ACt3PP22HyKfpFIV6AQUW,KRA252102223
380,"Say You Love Me","Chris Brown,Young Thug",136,1B,46,2022-10-12,02:52,47,"r&b, rap, trap, melodic rap","Slime & B",2020-05-08,95,4,0,66,20,0,-9,B Major,4,4xrpNY9y0FZnxVznSwM4cw,USRC12001467
381,"cocoa (with Don Toliver)","Baby Keem,Don Toliver",154,8A,70,2022-10-12,03:49,54,"","The Melodic Blue",2021-09-10,82,4,0,57,10,0,-6,A Minor,4,3OEjvmEBRrdTYbbrkiXG8a,USSM12106866
382,"family ties (with Kendrick Lamar)","Baby Keem,Kendrick Lamar",134,3B,61,2022-10-12,04:12,82,"hip hop, west coast hip hop","The Melodic Blue",2021-09-10,71,1,0,14,30,20,-5,C♯/D♭ Major,4,3QFInJAm9eyaho5vBzxInN,USSM12105949
383,"range brothers (with Kendrick Lamar)","Baby Keem,Kendrick Lamar",122,10A,58,2022-10-12,05:16,61,"hip hop, west coast hip hop","The Melodic Blue",2021-09-10,67,0,0,14,20,10,-6,B Minor,4,0UTyLmkQgPOEIz95OVAJTR,USSM12106861
384,"Beat It","Michael Jackson",139,2A,71,2022-10-12,04:18,88,"","Thriller",1982-11-30,78,2,0,90,0,20,-9,D#/E♭ Minor,4,3BovdzfaX4jb5KFQwoPfAw,USSM19902990
385,"Scream","Michael Jackson,Janet Jackson",107,8B,94,2022-10-12,04:37,69,"new jack swing","HIStory - PAST, PRESENT AND FUTURE - BOOK I",1995-06-16,81,7,0,61,0,40,-7,C Major,4,4LD5dhQ3kqpqe14sGPDtBC,USSM19500006
386,"Baguetti (with JID & Kenny Beats)","Smino,JID,Kenny Beats",70,9B,51,2022-10-12,03:00,49,"","Baguetti (with JID & Kenny Beats)",2020-07-21,79,42,0,66,50,10,-10,G Major,4,3DcL8FXLA9iKwqnyj9POLt,USUG12001400
387,"Praise The Lord (Da Shine) (feat. Skepta)","A$AP Rocky,Skepta",80,4A,57,2022-10-12,03:25,83,"rap, grime, uk grime","TESTING",2018-05-25,85,6,8,29,10,10,-8,F Minor,4,7ycWLEP1GsNjVvcjawXz3z,USRC11800930
388,"SexyBack (feat. Timbaland)","Justin Timberlake,Timbaland",117,6A,58,2022-10-12,04:02,87,"","FutureSex/LoveSounds",2006-09-12,97,6,0,96,0,0,-6,G Minor,4,0O45fw2L5vsWpdsOdXwNAR,USJI10600269
389,"Yeah! (feat. Lil Jon & Ludacris)","USHER,Lil Jon,Ludacris",105,10B,79,2022-10-12,04:10,88,"r&b, crunk, southern hip hop","Confessions (Expanded Edition)",2004-03-23,89,2,0,58,10,0,-5,D Major,4,5rb9QrpfcKFHM1EUbSIurX,USAR10301423
390,"Good Kisser","USHER",98,4A,78,2022-10-12,04:09,59,"r&b","Good Kisser",2014-05-05,64,38,0,83,10,10,-4,F Minor,4,3CX3WMBg6lzWk72bYL29vP,USRC11400650
391,"Locked out of Heaven","Bruno Mars",144,7B,70,2022-10-12,03:53,92,"","Unorthodox Jukebox",2012-12-07,73,5,0,87,0,30,-4,F Major,4,3w3y8KPTfNeOKPiqUTakBh,USAT21203287
392,"All Me (feat. Keyshia Cole)","Kehlani,Keyshia Cole",96,2A,73,2022-10-13,02:58,60,"r&b","All Me (feat. Keyshia Cole)",2019-12-23,42,23,0,59,0,20,-3,D#/E♭ Minor,4,3ucRKbRlikYHyoI17gfR0c,USAT21907227
393,"Out My Face","Bankroll Mafia,T.I.,Shad Da God,Young Thug,London Jae",104,12A,72,2022-10-13,03:27,29,"southern hip hop, rap, trap, melodic rap, ","Out My Face (feat. T.I., Shad Da God, Young Thug, London Jae) - Single",2016-01-02,76,6,0,30,0,60,-5,C♯/D♭ Minor,4,7Cdlsb04AIEXBtWKDLe6Ju,USUYG1089251
394,"Litty (feat. Tory Lanez)","Meek Mill,Sound M.O.B.,Tory Lanez",130,3A,70,2022-10-13,04:40,62,"rap, ","DC4",2016-10-28,59,5,0,28,0,30,-4,A#/B♭ Minor,4,5J5PXmMdQ2nh1lZOal8KmK,USAT21603037
395,"Go Legend (& Metro Boomin)","Big Sean,Metro Boomin,Travis Scott",150,12A,56,2022-10-13,04:28,51,"rap","Double Or Nothing (& Metro Boomin)",2017-12-08,66,2,0,25,0,10,-9,C♯/D♭ Minor,4,3wAI7MIQtTgwcRmwchPZBc,USUM71713224
396,"Wrong or Right","Kwabs",94,2B,66,2022-10-13,03:36,23,"","Wrong or Right EP",2014-02-04,75,46,0,36,10,10,-7,F#/G♭ Major,4,2dMFVLkc6fAtB0YcnZkddv,GBAHS1300567
397,"One Way (feat. T-Pain) - Bonus","6LACK,T-Pain",184,9A,41,2022-10-13,04:46,57,"","FREE 6LACK",2016-11-18,43,73,0,12,10,10,-9,E Minor,4,7HDpgbWMVzI8bEbdldw3cs,USUM71712794
398,"Firestone","Kygo,Conrad Sewell",114,10A,63,2022-10-13,04:31,81,"tropical house, ","Cloud Nine",2016-05-13,70,39,0,41,0,10,-7,B Minor,4,1I8tHoNBFTuoJAlh4hfVVE,SEBGA1400887
399,"Roll Some Mo","Lucky Daye",75,1B,51,2022-10-13,04:52,55,"","Painted",2019-05-24,39,26,4,36,0,10,-9,B Major,4,1sQBPGypjSgEgJZvD8u8ty,USRC11802921
400,"Rise","Trip Lee",140,9A,73,2022-10-13,03:19,30,"christian hip hop, christian, chinese hip hop","Rise",2014-10-27,65,63,0,35,20,20,-7,E Minor,4,2ZinOsrANpZhKkAjiA6PmN,QMTND1100469
401,"Lazarus","Trip Lee,Thi'sl",170,3B,74,2022-10-13,04:41,38,"christian hip hop, christian, chinese hip hop","Rise",2014-10-27,62,5,0,6,20,10,-7,C♯/D♭ Major,4,0fBApoXbVd8PhVmsSOuLqZ,QMTND1100479
402,"O.D.","Method Man",100,3B,51,2022-10-13,03:32,26,"east coast hip hop, old school hip hop, hip hop, hardcore hip hop","Def Jam Sessions, Vol. 1",2007-01-01,80,10,0,20,20,30,-6,C♯/D♭ Major,4,5uf8pDN8nALaKwv7pRbk8v,USUM70607458
403,"Best Friends","The Weeknd",90,9A,56,2022-10-13,02:43,63,"","Dawn FM",2022-01-06,74,44,0,53,10,30,-7,E Minor,4,1E5Xu8dur0fAjSP1VpVhAZ,USUG12106691
404,"Take My Breath","The Weeknd",121,4B,77,2022-10-13,05:39,72,"","Dawn FM",2022-01-06,70,1,0,35,0,20,-7,G#/A♭ Major,4,2vgUijXOTRMnWXDtvgMp2b,USUG12106684
405,"More Than Friends","24kGoldn",172,9B,86,2022-10-13,02:54,43,"","More Than Friends",2021-12-17,59,7,0,72,30,0,-5,G Major,4,7f6CYOMT6sXv35ZTJRtXtA,USQX92105743
406,"Moonlight","Ariana Grande",102,11B,41,2022-10-13,03:22,62,"pop","Dangerous Woman",2016-04-01,63,42,0,21,0,0,-7,A Major,3,5A7CwBNDUhvLWuSU5oJEh3,USUM71602106
407,"Midnight","OdIe",174,9B,83,2022-10-13,02:18,1,"","Broadcast",2021-06-04,61,2,92,23,0,10,-11,G Major,4,6J3qVVxEQshLZD0LnSijGA,QZMHK2030867
408,"No Time To Die","Billie Eilish",71,9A,22,2022-10-13,04:02,77,"","No Time To Die",2020-02-13,34,92,1,5,0,0,-13,E Minor,4,73SpzrcaHk0RQPFP73vqVR,USUM72002771
409,"There Will Never Be Another You - Vocal Version","Chet Baker",169,5B,11,2022-10-13,03:00,56,"jazz, cool jazz, vocal jazz, jazz ballads","Chet Baker Sings",1956-00-00,51,95,0,58,0,0,-16,D#/E♭ Major,3,2zPANzQTt5Nbkg0eBPb7HI,USBN28900068
410,"The Beach","GIVĒON",100,2A,51,2022-10-13,03:25,72,"r&b","TAKE TIME",2020-03-27,65,18,0,22,0,90,-10,D#/E♭ Minor,4,2Hd7uGbl8PX0IxyX59VFOg,USSM12001672
411,"Hit My Line","Logic",164,8A,79,2022-10-13,04:25,49,"","No Pressure",2020-07-24,62,14,0,68,10,40,-5,A Minor,4,24FR8mXTaiGZPrxnkf1kcP,USUM72014339
412,"Zack And Codeine","Post Malone",138,4A,82,2022-10-13,03:24,60,"","beerbongs & bentleys",2018-04-27,74,15,0,39,0,10,-5,F Minor,4,5lZZmityu9TAjNvSY6GLhR,USUM71805167
413,"2 Much","Justin Bieber",120,11B,44,2022-10-13,02:32,72,"","Justice",2021-03-19,58,59,0,17,0,30,-9,A Major,4,0oaY19dUwZimIgzn3ZZLZO,USUM72102628
414,"Overture/And All That Jazz","Catherine Zeta-Jones,Renée Zellweger,Taye Diggs",120,12A,60,2022-10-13,06:04,54,"musicals","Chicago - Music From The Miramax Motion Picture",2002-11-08,58,38,0,70,10,30,-7,C♯/D♭ Minor,4,3cGmUgp7hF5Eb8NyuEmtCA,USSM10213915
415,"It Don't Mean a Thing (If It Ain't Got That Swing)","Duke Ellington",107,5A,39,2022-10-13,03:09,39,"jazz, big band, swing music, cool jazz, jazz ballads","Ken Burns Jazz-Duke Ellington",2000-10-30,71,97,6,67,30,10,-11,C Minor,3,3FexBqEnmKPUttfXtwRDR6,USSM13200061
416,"Sunny","Stanley Turrentine",122,4A,46,2022-10-13,07:23,32,"hard bop, jazz, soul jazz, jazz ballads, cool jazz, bebop","The Spoiler",1996-01-01,56,52,1,70,0,0,-10,F Minor,4,5izUwBbaQqfpTm9eYKTYFf,USBN29600685
417,"SoulMate","Justin Timberlake",110,6A,78,2022-10-13,03:16,39,"","SoulMate",2018-07-03,77,2,0,45,0,10,-5,G Minor,4,4YLtrBhzjsI2LT6ybXQHeD,USRC11802710
418,"Japanese Denim","Daniel Caesar",124,5B,24,2022-10-13,04:30,6,"","Get You - Single",2016-10-21,71,9,0,35,0,0,-9,D#/E♭ Major,3,1boXOL0ua7N2iCOUVI1p9F,TCACR1690007
419,"Short Cruise","Raz",150,5A,46,2022-10-13,02:10,5,"pinoy hip hop, bisrock","Animated Words",2022-02-07,67,76,0,51,20,10,-14,C Minor,4,74R7NiZiTQhd9sW9ohIGcY,QZFZ62291748
420,"Easily","Bruno Major",119,6A,26,2022-10-13,03:30,67,"","A Song For Every Moon",2017-08-31,77,49,1,36,0,10,-9,G Minor,3,0RnxpSzxzwZgFQ0NahQr9K,GBKPL1674673
421,"Wavey (feat. Alika)","CLiQ,Alika",123,9B,77,2022-10-13,02:44,48,"","Wavey (feat. Alika)",2017-11-03,84,16,0,68,20,20,-6,G Major,4,5KvRFKrsapVHYNzoM7rDUw,GBARL1702029
422,"Undecided","Chris Brown",97,4A,61,2022-10-13,03:05,61,"r&b","Indigo",2019-06-28,41,29,0,49,10,20,-4,F Minor,4,58oryymPZNdtS2z8Une6NJ,USRC11803551
423,"Groovin'","Jeff Bernat",105,3A,50,2022-10-13,03:44,39,"","The Gentleman Approach",2011-12-01,85,56,0,90,0,10,-5,A#/B♭ Minor,4,3IsOOzLVNjyuJs1z2hZN0b,TCABC1112778
424,"Isn't She Lovely","Stevie Wonder",119,12A,69,2022-10-13,03:19,73,"motown, classic soul, soul","The Definitive Collection (Deluxe Edition)",2002-10-29,75,20,0,90,0,0,-9,C♯/D♭ Minor,4,3NlLmKBJozwoi0k03Feb1N,USMO19682655
425,"41","Ytiet",116,3B,33,2022-10-13,02:12,33,"","41",2020-08-22,86,18,0,60,0,10,-11,C♯/D♭ Major,5,6VBuuMGYskvpkK8V9zmJau,USUYG1329711
426,"Inside Out (feat. Griff)","Zedd,Griff",146,10B,68,2022-10-13,03:06,53,"edm, ","Inside Out (feat. Griff)",2020-10-23,64,17,0,40,0,10,-4,D Major,4,6IiCb4PCrDgqLuDWgHhFi7,USUM72019501
427,"Be the light","ONE OK ROCK",82,6B,88,2022-10-14,05:38,8,"j-rock, j-pop","JINSEI KAKETE BOKU WA",2013-03-06,45,1,0,42,0,0,-4,A#/B♭ Major,4,21hiz49utFR9rm3DxqsvzX,JPJ221200411
428,"DU DU DU (English ver)","TAN",118,2B,70,2022-11-11,03:36,27,"k-pop","LIMITED EDITION ‘1TAN’",2022-03-10,81,1,0,61,0,10,-4,F#/G♭ Major,4,0dQsjJm0yjr0QlECFUUCMd,KRA382203731
429,"Louder (English Ver)","TAN",112,8A,92,2022-11-11,03:18,13,"k-pop","W SERIES ‘2TAN’(wish ver)",2022-06-21,71,0,0,56,0,0,-3,A Minor,4,2XG8oRI48SmcSP1xSf2Y9E,KRA382205784
430,"Walking on the moon (English Ver)","TAN",153,2A,84,2022-11-11,03:37,10,"k-pop","W SERIES ‘2TAN’(we ver)",2022-07-26,58,11,0,71,10,10,-4,D#/E♭ Minor,4,57Sevy6erlnASHSEkHHjjm,KRA382206439
431,"Ballroom Extravaganza","DPR IAN",145,7B,77,2022-11-11,03:09,44,"k-rap","Ballroom Extravaganza",2022-07-26,51,11,0,41,0,10,-6,F Major,4,1KoAKmbSdx172NnEn6rV9F,QM6N22295910
432,"1 Shot","DPR IAN",170,10A,76,2022-11-11,02:24,51,"k-rap","Moodswings In To Order",2022-07-29,67,26,0,50,0,10,-6,B Minor,4,7I8fc2jrGKXtlWFYrV9ZIq,QM6N22250318
433,"Ribbon","DPR IAN",105,3A,66,2022-11-11,03:35,50,"k-rap","Moodswings In To Order",2022-07-29,79,13,0,58,0,10,-6,A#/B♭ Minor,4,2DRLpcA0XTBRt2T2IRUHJO,QM6N22250351
434,"YOU AGAINST YOURSELF","Ruel",178,2B,85,2022-11-21,02:26,37,"","YOU AGAINST YOURSELF",2022-08-17,47,4,0,63,0,10,-6,F#/G♭ Major,4,3Cozx0ZC9RjHOPhW8VOdXC,USRC12202405
435,"SOMEONE ELSE'S PROBLEM","Ruel",172,11B,51,2022-11-21,02:40,42,"","SOMEONE ELSE'S PROBLEM",2022-10-27,52,30,0,44,0,10,-6,A Major,4,3yaLVo3UBWXEy9FcHl8kOb,USRC12201318
436,"golden hour - Ruel Remix","JVKE,Ruel",188,12B,65,2022-11-21,03:29,50,"","golden hour (Ruel Remix)",2022-11-18,33,65,1,18,0,20,-4,E Major,3,5SxZtc0xXmrXcXaoUIQskY,QMDA72216186
437,"Kill Bill","SZA",89,4B,73,2022-12-28,02:33,78,"r&b","SOS",2022-12-09,64,5,17,43,0,10,-6,G#/A♭ Major,4,3OHfY25tqY28d16oZczHc8,USRC12204584
438,"Sweater (feat. JAMIE)","WOODZ,JAMIE",126,9B,55,2022-12-30,03:01,33,"k-rock, k-pop, k-rap","WOOPS!",2020-11-17,53,37,0,20,20,20,-6,G Major,1,3YSpZxnHvDHrkMJe2aEa6i,KRMIM2031443
439,"Try Everything","UKISS",125,6B,69,2022-12-30,03:01,13,"k-pop","LINK",2018-03-21,65,7,0,53,0,10,-6,A#/B♭ Major,4,5UY3cZbtNqcHVj48O7KIyr,JPB601703136
440,"Dialing Drunk","Ethan Gruska",81,3B,4,2022-12-30,03:15,30,"","En Garde",2020-01-24,37,97,0,27,0,10,-18,C♯/D♭ Major,4,73VzVD9pHiD2ycmqQK4zZm,USWB11902603
441,"The Dress","Dijon",88,4B,53,2022-12-30,03:04,79,"","Absolutely",2021-11-05,75,27,0,79,0,10,-6,G#/A♭ Major,4,0YMe6PHRbeDcN7KJdCG0bW,USWB12104062
442,"Enough for Now (feat. Phoebe Bridgers)","Ethan Gruska,Phoebe Bridgers",169,1B,65,2022-12-30,03:16,33,"","En Garde",2020-01-24,52,14,0,56,10,30,-9,B Major,4,2NypCBazBS9PPRW0939Wux,USWB11902602
443,"Hannah Sun","Lomelda",144,4B,27,2022-12-30,03:28,0,"","Hannah",2020-09-04,67,90,12,31,0,20,-17,G#/A♭ Major,4,4neuBR5NvjaYqAfj2vPbig,QZAZS2007302
444,"ROLLERCOASTER","The Lumineers",198,7B,19,2022-12-30,03:48,37,"folk pop, indie folk","BRIGHTSIDE",2022-01-14,40,98,0,22,0,0,-12,F Major,4,5jwgqsTNFsKQIMrwhGZ5et,USDMG2224907
445,"Ivy","Frank Ocean",116,8A,39,2023-01-01,04:09,85,"","Blonde",2016-08-20,57,79,0,47,0,20,-10,A Minor,4,2ZWlPOoWh0626oTaHrnl2a,QZ5C81600002
446,"Escapism.","RAYE,070 Shake",96,10B,74,2023-01-05,04:32,5,"","Escapism. / The Thrill Is Gone.",2022-10-12,54,14,0,25,10,0,-5,D Major,4,5Z2MiIZ5I3jJvvmeWMLbOQ,QMDA62217995
447,"Alright","Supergrass",146,9A,96,2023-01-06,03:00,5,"britpop","I Should Coco",1995-05-15,47,0,20,70,0,30,-5,E Minor,4,5xC8uOesnn0udeXAYlAnoY,GBAYE9500044
448,"The Birthday Party","The 1975",134,10B,50,2023-01-06,04:45,52,"","Notes On A Conditional Form",2020-05-22,63,7,10,45,0,10,-9,D Major,4,3wFPsw1WQJevCFoKpoLyTF,GBK3W1901067
449,"Must Be Nice","Nickelback",98,8B,92,2023-01-12,03:42,58,"post-grunge, rock","Feed the Machine",2017-06-16,62,0,18,74,0,10,-4,C Major,4,3LHFVQwFLoFLJRd1AFbPTZ,QMRSZ1700236
450,"Feeling Good","Michael Bublé",115,3B,55,2023-01-17,03:57,11,"christmas","To Be Loved",2013-04-11,54,53,0,48,0,10,-7,C♯/D♭ Major,3,3WDtScNT5dVGm5a5GxEhxf,USRE10401889
451,"Nobody but Me","Michael Bublé",94,12B,70,2023-01-17,02:59,39,"christmas","Nobody but Me",2016-10-21,69,14,0,96,0,10,-5,E Major,4,1vIfagPXcsvAglUDSlFV0U,USRE11600450
452,"Home","Michael Bublé",128,9B,37,2023-01-17,03:45,66,"christmas","It's Time",2005-02-08,61,84,0,35,0,10,-9,G Major,4,3lyLqIn8mybyEFTs8JJaLf,USRE10401888
453,"Everything","Michael Bublé",123,11A,69,2023-01-17,03:32,72,"christmas","Call Me Irresponsible",2007-04-27,69,39,0,49,0,0,-5,F#/G♭ Minor,4,4T6HLdP6OcAtqC6tGnQelG,USRE10700317
454,"Cry Me a River","Michael Bublé",105,6B,48,2023-01-17,04:14,54,"christmas","Crazy Love",2009-10-06,46,62,0,51,0,0,-8,A#/B♭ Major,3,5i04Jy87RLxoZszJqY3QAN,USRE10901470
455,"Best of Me","Michael Bublé",81,5B,13,2023-01-17,04:33,37,"christmas","Crazy Love (Hollywood Edition)",2009-10-06,25,90,0,18,0,10,-15,D#/E♭ Major,1,6K5LqVlkQMEmdXBmUwmyDK,USRE11000874
456,"YOUTH","Troye Sivan",92,9B,74,2023-01-17,03:05,53,"","Blue Neighbourhood (Deluxe)",2015-12-09,63,6,0,59,0,0,-4,G Major,4,0nhBKubnVz9yFNNprBniWz,AUUM71501373
457,"FOOLS","Troye Sivan",87,6B,68,2023-01-17,03:40,38,"","Blue Neighbourhood (Deluxe)",2015-12-09,29,20,0,36,0,10,-6,A#/B♭ Major,4,5lMgUPtlARalVIGxl0xE3J,AUUM71500833
458,"Back At One","Brian McKnight",130,1B,35,2023-01-17,04:23,0,"quiet storm, r&b","Back At One",1999-09-21,66,45,0,26,0,10,-9,B Major,4,0WWKJsCjOAhymkdt8GuKTt,USMO19900016
459,"6, 8, 12","Brian McKnight",127,6A,34,2023-01-17,04:07,0,"quiet storm, r&b","Back At One",1999-09-21,72,49,0,37,0,10,-10,G Minor,4,5aFpCL2J7qKJT5nA2c9wEJ,USMO19900018
460,"Never Felt This Way","Brian McKnight",101,5B,7,2023-01-17,05:35,0,"quiet storm, r&b","Brian McKnight",1992-06-23,46,94,0,11,0,10,-16,D#/E♭ Major,4,43hRiRCSBCU3Jx2dHX7ZOB,USIR20000073
461,"All About That Bass","Meghan Trainor",134,11B,89,2023-01-17,03:11,71,"","Title (Deluxe)",2015-01-12,81,6,0,96,0,10,-4,A Major,4,5jE48hhRu8E6zBDPRSkEq7,USSM11401317
462,"Caroline","Aminé",120,6B,32,2023-01-17,03:29,0,"","Good For You",2017-07-28,95,17,0,67,40,20,-10,A#/B♭ Major,4,7FB8l7UA1HKqnuSLjP9qDc,USCGH1697037
463,"Cry out","ONE OK ROCK",168,7B,98,2023-01-17,03:47,12,"j-rock, j-pop","35xxxv",2015-02-11,34,0,0,15,20,10,-2,F Major,4,1yDQHmQ4uxcC3qrYpd702l,JPJ221400662
464,"Heartache","ONE OK ROCK",143,3B,69,2023-01-17,04:25,12,"j-rock, j-pop","35xxxv",2015-02-11,40,10,0,24,0,0,-5,C♯/D♭ Major,4,35u1HQH5grjygDHlmImpax,JPJ221400664
465,"Galway Girl","Ed Sheeran",100,11B,88,2023-01-17,02:50,82,"soft pop","÷ (Deluxe)",2017-03-03,62,7,0,78,10,30,-3,A Major,4,0afhq8XCExXpqazXczTSve,GBAHS1700026
466,"Don't Wanna Know (feat. Kendrick Lamar)","Maroon 5,Kendrick Lamar",100,9B,62,2023-01-17,03:34,0,"pop, hip hop, west coast hip hop","Red Pill Blues (Deluxe)",2017-11-03,78,34,0,44,0,10,-6,G Major,4,5C7vJB00Sfmg8jgUcjQpgQ,USUM71609975
467,"Something Just Like This","The Chainsmokers,Coldplay",103,10A,64,2023-01-17,04:07,89,"","Memories...Do Not Open",2017-04-07,62,5,0,45,0,10,-7,B Minor,4,6RUKPb4LETWmmr3iAEQktW,USQX91700278
468,"Paradise","Coldplay",140,7B,59,2023-01-17,04:38,49,"","Mylo Xyloto",2011-10-19,45,5,0,21,0,0,-7,F Major,4,7wBrglFVTNCcW6IhdgBkm1,GBAYE1101143
469,"Gucci Gang","Lil Pump",120,7B,52,2023-01-17,02:04,61,"","Lil Pump",2017-10-06,94,24,0,70,0,10,-7,F Major,4,43ZyHQITOjhciSUUNPVRHc,USWB11701486
470,"One Day","Caro Emerald",133,8B,56,2023-01-17,04:32,0,"electro swing, swing music","The Shocking Miss Emerald",2013-05-08,86,25,1,84,0,10,-8,C Major,4,1Pn0HvmwBb6AaV7sEnKJE8,NLHR31300005
471,"Freedom","Pharrell Williams",86,12A,56,2023-01-17,02:43,74,"","Freedom",2015-07-02,43,40,0,61,0,10,-6,C♯/D♭ Minor,4,6RB9YvNyP0RZfCUcMtZELH,USSM11505220
472,"Happy - From  Despicable Me 2 ","Pharrell Williams",160,4A,82,2023-01-17,03:52,7,"","G I R L",2014-03-03,65,22,0,96,10,0,-5,F Minor,4,5b88tNINg4Q4nrRbrCXUmg,USQ4E1300686
473,"Superstition - Single Version","Stevie Wonder",100,4B,74,2023-01-17,04:04,3,"motown, classic soul, soul","Number Ones",2007-01-01,64,2,0,86,0,0,-9,G#/A♭ Major,4,300RfAPZ57B0y6YYj9n6DN,USMO10000310
474,"Lately","Stevie Wonder",76,3B,15,2023-01-17,04:05,0,"motown, classic soul, soul","Hotter Than July (Digipak)",1980-09-29,44,48,0,27,0,10,-17,C♯/D♭ Major,4,3tFxrWeJcm0Z5mIwQJPeyZ,USMO18084665
475,"Ribbon In The Sky","Stevie Wonder",137,3A,25,2023-01-17,05:37,0,"motown, classic soul, soul","At The Close Of A Century",1999-01-01,63,66,0,36,0,0,-16,A#/B♭ Minor,4,1aXzEVoWEr1bfZbUINnkv1,USMO18200573
476,"Privacy","Chris Brown",97,8B,58,2023-01-17,03:40,64,"r&b","Heartbreak on a Full Moon",2017-10-31,74,15,0,43,30,10,-8,C Major,4,5kyd6oKvKmj6mWCaAaHoN4,USRC11700703
477,"With You","Chris Brown",86,5B,69,2023-01-17,04:12,0,"r&b","Exclusive - The Forever Edition",2007-00-00,66,13,0,66,0,10,-4,D#/E♭ Major,4,7ByfFjT83MNmisdzhZ50Fv,USJI10700711
478,"New Flame (feat. Usher & Rick Ross)","Chris Brown,USHER,Rick Ross",142,3B,63,2023-01-17,04:04,74,"r&b, southern hip hop","X (Expanded Edition)",2014-09-16,70,5,0,45,0,10,-4,C♯/D♭ Major,4,3fBbfrWZUuWWrMQXFISr7N,USRC11401422
479,"Time For Love","Chris Brown",105,3A,91,2023-01-17,03:45,46,"r&b","X (Expanded Edition)",2014-09-16,65,1,0,34,10,0,-5,A#/B♭ Minor,4,40Z99CddZbCq4d9mBayPBx,USRC11401988
480,"Moves Like Jagger - Studio Recording From  The Voice  Performance","Maroon 5,Christina Aguilera",128,10A,76,2023-01-17,03:21,84,"pop, ","Hands All Over (Revised International Standard version)",2010-00-00,72,1,0,62,0,30,-4,B Minor,4,7pYfyrMNPn3wtoCyqcTVoI,USUM71109132
481,"This Love","Maroon 5",95,4A,87,2023-01-17,03:26,1,"pop","Songs About Jane",2002-06-25,71,6,0,78,0,10,-5,F Minor,4,5zF2zGPkL6Ipsn9AfAK6RP,USJAY0300080
482,"Still With You","Eric Benét",76,4B,29,2023-01-17,04:40,34,"neo soul, quiet storm","Hurricane",2005-00-00,26,86,0,10,0,10,-8,G#/A♭ Major,4,2jyzwg8ZIXvzOI0zIGP9W7,USRE10500644
483,"Cracks of My Broken Heart","Eric Benét",59,11B,32,2023-01-17,04:35,32,"neo soul, quiet storm","Hurricane",2005-00-00,30,89,0,17,0,0,-8,A Major,3,1UJH8voFFpJR2uFD2mbRzw,USRE10500642
484,"Butterfly","Jason Mraz",108,3A,66,2023-01-17,04:59,52,"soft pop, acoustic pop","We Sing. We Dance. We Steal Things. (Bonus Tracks Version)",2008-05-01,72,15,0,80,0,20,-7,A#/B♭ Minor,4,095eK5hacN4Y9r7k8TyJ1B,USEE10800807
485,"Lemonade - Ukulele Version","Jeremy Passion",128,10B,22,2023-01-17,03:01,56,"","For More Than a Feeling",2011-12-13,55,87,0,59,0,10,-9,D Major,4,5nJzWhlrBfn3cfDLlaAgAO,USQY51209398
486,"Sriracha","Marteen",153,11A,65,2023-01-17,02:59,40,"","Sriracha",2017-07-21,79,4,0,83,10,20,-7,F#/G♭ Minor,4,4UrRKoDxouwUoFtdW3TteR,USWB11701232
487,"There's Nothing Holdin' Me Back","Shawn Mendes",122,10B,80,2023-01-17,03:19,3,"","Illuminate (Deluxe)",2017-04-20,86,38,0,97,0,0,-4,D Major,4,79cuOz3SPQTuFrp8WgftAu,USUM71702833
488,"Sky Walker (feat. Travis Scott)","Miguel,Travis Scott",146,2B,72,2023-01-17,04:20,46,"r&b, rap","Sky Walker (feat. Travis Scott)",2017-08-25,63,9,0,13,0,30,-6,F#/G♭ Major,4,1DRW9bQzt2SE8f7H4KJZyL,USRC11701703
489,"Pretty Wings - uncut","Maxwell",116,11B,40,2023-01-17,05:10,61,"neo soul, quiet storm, r&b","BLACKsummers'night (2009)",2009-07-07,56,25,0,20,0,0,-10,A Major,4,22NLm3IIR9NLG0cUYtmHMW,USSM10901885
490,"Castle on the Hill","Ed Sheeran",135,10B,83,2023-01-17,04:21,81,"soft pop","÷ (Deluxe)",2017-03-03,46,2,0,47,10,10,-5,D Major,4,6PCUP3dWmTjcTtXY02oFdT,GBAHS1600462
491,"There for You","Martin Garrix,Troye Sivan",106,11A,64,2023-01-17,03:41,66,"edm, progressive house, electronica, ","There for You",2017-05-26,61,12,0,13,0,10,-8,F#/G♭ Minor,4,6jA8HL9i4QGzsj6fjoxp8Y,NLM5S1600060
492,"Dawsin's Breek (feat. Jeremih)","Ty Dolla $ign,Jeremih",129,1B,69,2023-01-17,02:45,0,"trap soul, ","Dawsin's Breek (feat. Jeremih)",2017-09-20,90,1,0,44,0,10,-3,B Major,4,3HD1VRaHsD8toQySblbJv4,USAT21703789
493,"Hope","Jordan Rakei",100,6B,27,2023-01-17,03:34,25,"indie soul, neo soul","Franklin's Room",2013-09-26,67,80,0,16,0,10,-9,A#/B♭ Major,3,1zxDmyjcjtw3fJGvR5ZL0a,TCACI1506371
494,"Focus","H.E.R.",85,12A,31,2023-01-17,03:20,68,"r&b","H.E.R.",2017-10-20,41,25,0,9,0,10,-13,C♯/D♭ Minor,4,3tZs3nVjySLbL320lP4mvs,USRC11601790
495,"Moonlight Becomes You","The Eddie Higgins Trio",116,7B,30,2023-01-17,05:06,0,"","Dear Old Stockholm",2014-07-09,58,91,90,40,0,10,-16,F Major,4,1PooqU1AoqEXtWQdv8MOa5,JPI291053901
496,"The Flame","Parov Stelar",125,8B,70,2023-01-17,05:33,11,"electro swing, swing music, nu jazz","Coco, Pt. 2",2009-08-28,83,1,50,82,0,0,-8,C Major,4,3IGI84ek1uBpgOLo470Kwu,ATE610800083
497,"Roses","Luke Christopher",176,4A,85,2023-01-17,03:06,32,"","TMRW",2015-09-11,45,48,0,83,30,20,-3,F Minor,4,3ZrEHDncOZhR1x8vPqWyMy,USRC11502496
498,"Bad Blood","Nao",113,4A,41,2023-01-17,04:00,54,"alternative r&b, uk r&b","For All We Know",2016-07-29,49,64,0,38,10,0,-6,F Minor,4,4Iam3vZMJCMltFkK9mNruw,GBARL1501466
499,"Homewrecker","Travis Garland",132,9B,71,2023-01-17,05:34,21,"","Travis Garland",2013-09-10,67,7,0,42,0,30,-6,G Major,4,3WBeCZTA51Rv7l9s6rQ57y,USUYG1034057
500,"Neighbor","Travis Garland",120,4A,61,2023-01-17,03:28,16,"","Travis Garland",2013-09-10,70,3,0,33,0,0,-7,F Minor,4,0M66gHzGqf0MZJhfrXlOHz,USUYG1034050
501,"Focus","Fortunes.",130,6A,37,2023-01-17,04:00,0,"","Focus",2017-03-10,49,18,0,9,0,0,-8,G Minor,4,1agJQSFiuLYf4c3snibsp8,AUFF01700014
502,"• Tell Me","Jazz Cartier,River Tiber",112,2B,47,2023-01-17,03:43,0,"","Hotel Paranoia",2016-02-03,57,40,0,50,10,0,-11,F#/G♭ Major,4,4TEHRuLkEYD2Te0HkEibvP,CAY0L1600007
503,"• I Know","Jazz Cartier",120,1A,49,2023-01-17,03:36,0,"","Hotel Paranoia",2016-02-03,85,19,0,38,10,10,-9,G#/A♭ Minor,4,4LTYcAUxRMvZ4e0FbrcnrE,CAY0I1500004
504,"Come Down","Anderson .Paak",98,4B,90,2023-01-17,02:49,66,"","Malibu",2016-01-15,84,27,2,93,10,30,-7,G#/A♭ Major,4,276zciJ7Fg7Jk6Ta6QuLkp,USUYG1088425
505,"No More Night","David Phelps",106,1B,39,2023-01-17,05:02,0,"southern gospel, hymns, gospel, christian","Southern Gospel's Favorite Hits",2014-01-01,24,57,0,6,0,20,-9,B Major,4,6LJs17z8LpBpPclufUEZ0E,USB4U0500303
506,"First Began","PJ Morton",75,2B,19,2023-01-17,03:53,19,"neo soul","First Began",2017-03-31,38,86,0,34,10,10,-11,F#/G♭ Major,4,2iDg7ffwBoyMJ13Xkt6Gmy,USUYG1135752
507,"Stuck On Stupid","Chris Brown",82,3B,72,2023-01-17,03:58,0,"r&b","Fortune",2013-10-23,52,1,0,38,0,10,-6,C♯/D♭ Major,4,6gcg9BttkPgARJDwzud1zt,USRC11200567
508,"Take Care","Drake,Rihanna",122,5A,52,2023-01-17,04:37,0,"rap, ","Take Care",2011-11-15,70,3,0,32,20,0,-10,C Minor,4,1df2yS7y15MEtUKwlkHubp,USCM51100547
509,"Breathless","Shayne Ward",124,10B,58,2023-01-17,03:47,0,"","Breathless",2007-11-16,51,47,0,49,0,0,-6,D Major,4,0np3m3ZA3ujWO5IHUqWFLW,GBHMU0700054
510,"All I Do Is Win (feat. T-Pain, Ludacris, Snoop Dogg & Rick Ross)","DJ Khaled,T-Pain,Ludacris,Snoop Dogg,Rick Ross",150,6B,79,2023-01-17,03:47,4,"southern hip hop, g-funk, west coast hip hop, gangster rap, old school hip hop, hip hop, rap","Victory",2010-03-02,55,1,0,29,10,40,-4,A#/B♭ Major,4,6u5M4jPpYkoRV4vVHDQvkd,USKO11000176
511,"Radioactive","Imagine Dragons,Kendrick Lamar",140,11B,89,2023-01-17,04:36,0,"hip hop, west coast hip hop","Radioactive",2014-01-01,49,4,0,26,20,30,-4,A Major,4,5VgkwQf6Rzfw9cAzNpxrDJ,USUM71400693
512,"Closer","The Chainsmokers,Halsey",95,4B,52,2023-01-17,04:04,89,"","Closer",2016-07-29,75,41,0,66,0,10,-6,G#/A♭ Major,4,7BKLCZ1jbUBVqRi2FVlTVw,USQX91601347
513,"Shape of You","Ed Sheeran",96,12A,65,2023-01-17,03:53,90,"soft pop","÷ (Deluxe)",2017-03-03,83,58,0,93,0,0,-3,C♯/D♭ Minor,4,7qiZfU4dY1lWllzX7mPBI3,GBAHS1600463
514,"Uptown Funk (feat. Bruno Mars)","Mark Ronson,Bruno Mars",115,8B,61,2023-01-17,04:29,87,"","Uptown Special",2015-01-12,86,1,0,93,0,0,-7,C Major,4,32OlwWuMpZ6b0aN2RZOeMS,GBARL1401524
515,"Stereo Hearts (feat. Adam Levine)","Gym Class Heroes,Adam Levine",90,11B,80,2023-01-17,03:30,86,"","The Papercut Chronicles II",2011-11-11,65,3,0,80,10,20,-3,A Major,4,0qOnSQQF0yzuPWsXrQ9paz,USAT21101071
516,"Thunder","Imagine Dragons",168,8B,81,2023-01-17,03:07,7,"","Evolve",2017-06-23,60,1,21,30,0,10,-5,C Major,4,0tKcYR2II1VCQWT79i5NrW,USUM71704167
517,"Animals","Maroon 5",190,9A,74,2023-01-17,03:51,40,"pop","V Japan Special Edition",2015-07-22,28,0,0,33,0,50,-6,E Minor,4,74YqGwJ58HtMcye5ZD1gfp,USUM71409576
518,"Payphone","Maroon 5,Wiz Khalifa",110,12B,75,2023-01-17,03:51,87,"pop, ","Overexposed Track By Track",2012-01-01,74,2,0,55,0,20,-5,E Major,4,1XGmzt0PVuFgQYYnV2It7A,USUM71203347
519,"Lucky Strike","Maroon 5",144,10A,74,2023-01-17,03:05,36,"pop","Overexposed",2012-01-01,67,0,0,43,0,10,-5,B Minor,4,4xnjQeIMxIne3ADizSnqlI,USUM71204772
520,"I'll Show You","Justin Bieber",192,8A,61,2023-01-17,03:19,0,"","Purpose (Deluxe)",2015-11-13,36,5,0,8,10,10,-7,A Minor,4,747eWJy8c3u09N30NSqSTp,USUM71516758
521,"Company","Justin Bieber",95,9A,80,2023-01-17,03:28,0,"","Purpose (Deluxe)",2015-11-13,59,13,0,43,0,0,-5,E Minor,4,09mhA1SJjMHniZPF4Hcihn,USUM71516762
522,"Glass Girl","Conor Maynard",130,10A,62,2023-01-17,04:31,20,"","Contrast",2012-07-09,65,3,0,20,0,0,-7,B Minor,4,16zxzZi4W2HnmEnemeI4oY,GBAYE1201123
523,"Animal","Conor Maynard",130,11B,89,2023-01-17,03:16,36,"","Contrast",2012-07-09,68,11,0,61,0,0,-4,A Major,4,5R7NpevGafxSzispzQpv1x,GBAYE1201085
524,"Mirrors","Justin Timberlake",77,4A,51,2023-01-17,08:05,86,"","The 20/20 Experience (Deluxe Version)",2013-03-15,57,23,0,51,0,0,-7,F Minor,4,4rHZZAmHpZrA3iH5zx8frV,USRC11300059
525,"Blindness","Justin Timberlake",79,12A,59,2023-01-17,04:48,32,"","The 20/20 Experience - 2 of 2 (Deluxe)",2013-09-27,69,47,3,74,20,10,-6,C♯/D♭ Minor,4,38lNQQzolUE5hjDI73ndCX,USRC11301043
526,"My Love","Justin Timberlake,T.I.",120,9A,68,2023-01-17,04:36,1,"southern hip hop","FutureSex/LoveSounds",2006-09-12,77,28,0,80,20,50,-6,E Minor,4,13X42np3KJr0o2LkK1MG76,USJI10600477
527,"Thriller","Michael Jackson",118,1B,89,2023-01-17,05:58,65,"","Scream",2017-09-27,76,8,0,72,0,80,-4,B Major,4,7azo4rpSUh8nXgtonC6Pkq,USSM19902989
528,"Black or White - Single Version","Michael Jackson",115,12B,89,2023-01-17,04:16,60,"","The Essential Michael Jackson",2005-07-19,74,8,5,96,0,0,-4,E Major,4,2Cy7QY8HPLk925AyNAt6OG,USSM10312784
529,"Versace on the Floor","Bruno Mars",174,10B,57,2023-01-17,04:21,85,"","24K Magic",2016-11-18,58,20,0,30,0,0,-6,D Major,4,0kN8xEmgMW9mh7UmDYHlJP,USAT21602949
530,"Just Once - New Version","James Ingram",144,8B,49,2023-01-17,04:29,65,"yacht rock","Forever More (Love Songs, Hits & Duets)",1999-04-12,62,69,0,32,0,10,-7,C Major,4,0rKPoDE9Bm4OcZeyHrHZnV,USPM19902030
531,"I Believe I Can Fly","James Ingram",124,9B,48,2023-01-17,05:03,42,"yacht rock","Forever More (Love Songs, Hits & Duets)",1999-04-12,64,35,0,15,0,10,-7,G Major,4,3oTslPdCJFy9oaDoJ4N4jC,USPM19902024
532,"BURNITUP!","Janet Jackson,Missy Elliott",123,10A,70,2023-01-17,04:09,0,"new jack swing, hip hop","Unbreakable",2015-10-02,83,4,0,80,10,30,-7,B Minor,4,3r5shtivkxkw9td9jft3rh,QMRSZ1501296
533,"L$D","A$AP Rocky",120,10B,25,2023-01-17,03:58,75,"rap","AT.LONG.LAST.A$AP",2015-05-26,60,19,13,4,0,10,-15,D Major,4,4S7YHmlWwfwArgd8LfSPud,USRC11500789
534,"JD","A$AP Rocky",104,3B,45,2023-01-17,01:45,5,"rap","AT.LONG.LAST.A$AP",2015-06-17,60,7,0,41,30,90,-13,C♯/D♭ Major,4,4bX8kOF6DMl3KAZJJY8eGP,USRC11500793
535,"Electric Body (feat. ScHoolboy Q)","A$AP Rocky,ScHoolboy Q",120,10B,59,2023-01-17,04:15,8,"rap, ","AT.LONG.LAST.A$AP",2015-06-17,89,43,0,53,0,0,-7,D Major,4,6kW1T715B5bwH7YZxT1BMI,USRC11500795
536,"Everyday (feat. Rod Stewart, Miguel & Mark Ronson)","A$AP Rocky,Rod Stewart,Miguel,Mark Ronson",150,12A,66,2023-01-17,04:20,8,"rap, soft rock, r&b, ","AT.LONG.LAST.A$AP",2015-06-17,40,1,0,33,20,30,-9,C♯/D♭ Minor,4,2JIGx5xnbOVpF0a7FPZJFW,USRC11500811
537,"Goldie","A$AP Rocky",82,3A,85,2023-01-17,03:12,0,"rap","LONG.LIVE.A$AP",2013-01-16,70,23,0,73,20,40,-5,A#/B♭ Minor,4,1ctpCGCn99YRZrsv8d9W0i,USRC11200221
538,"1Train","A$AP Rocky,Kendrick Lamar,Joey Bada$$,Yelawolf,Danny Brown,Action Bronson,Big K.R.I.T.",81,10B,88,2023-01-17,06:12,0,"rap, hip hop, west coast hip hop, jazz rap, country hip hop, southern hip hop, experimental hip hop, alternative hip hop, east coast hip hop","LONG.LIVE.A$AP",2013-01-16,49,35,0,78,30,70,-3,D Major,4,67NqAirZwTVQKpRBxI7kYM,USRC11201455
539,"Wild for the Night (feat. Skrillex & Birdy Nam Nam)","A$AP Rocky,Skrillex,Birdy Nam Nam,Lord Flacko",140,10B,85,2023-01-17,03:32,0,"rap, dubstep, edm, electro, electronic, french house, ","LONG.LIVE.A$AP",2013-01-16,76,5,0,68,30,10,-4,D Major,4,1KWHYcEj3N3Tkf8PvE70DJ,USRC11201453
540,"D Rose","Lil Pump",122,8B,55,2023-01-17,02:15,55,"","Lil Pump",2017-10-06,78,20,0,31,0,30,-4,C Major,4,1fEl5TPKRJAsuP6TqZ23hB,USWB11701030
541,"Free Smoke","Drake",142,3A,49,2023-01-17,03:38,0,"rap","More Life",2017-03-18,74,7,0,20,40,50,-7,A#/B♭ Minor,4,3LBBQH0CWnrG3kSvSmzArK,USCM51700056
542,"Energy","Drake",172,1B,57,2023-01-17,03:01,1,"rap","If You're Reading This It's Too Late",2015-02-12,75,38,0,55,40,50,-8,B Major,4,39h7qYbmksGgxQzDH9X7Aq,USCM51500012
543,"Worst Behavior","Drake",110,11B,80,2023-01-17,04:30,0,"rap","Nothing Was The Same",2013-01-01,77,15,0,40,10,20,-6,A Major,4,2pUms6mz4BqFMLOHYMgE4f,USCM51300742
544,"The Motto","Drake,Lil Wayne",202,3B,44,2023-01-17,03:01,0,"rap, hip hop","Take Care",2011-11-15,75,0,0,34,30,10,-9,C♯/D♭ Major,4,4dMQWW2K6DnxTzelWeHOaP,USCM51100731
545,"Started From the Bottom","Drake",86,4B,52,2023-01-17,02:54,0,"rap","Nothing Was The Same (Deluxe)",2013-01-01,79,3,0,56,10,10,-8,G#/A♭ Major,4,4HyL2b6eDZL609DNAUgcNP,USCM51300064
546,"DNA.","Kendrick Lamar",140,8B,52,2023-01-17,03:05,2,"hip hop, west coast hip hop","DAMN.",2017-04-14,64,0,0,39,30,0,-7,C Major,4,4cGeMgLcykDLAazHFpbZbU,USUM71703079
547,"LOYALTY. FEAT. RIHANNA.","Kendrick Lamar,Rihanna",111,8A,52,2023-01-17,03:47,0,"hip hop, west coast hip hop, ","DAMN.",2017-04-14,68,2,0,47,0,10,-9,A Minor,4,7zjRBaNkVjk1vZ8JqxQIXO,USUM71703086
548,"Alright","Kendrick Lamar",110,9B,77,2023-01-17,03:39,0,"hip hop, west coast hip hop","To Pimp A Butterfly",2015-03-16,80,7,0,56,20,0,-6,G Major,4,33i0KOPBWURNW3l97a4QPy,USUM71502498
549,"i","Kendrick Lamar",120,4B,81,2023-01-17,05:36,0,"hip hop, west coast hip hop","To Pimp A Butterfly",2015-03-16,54,71,0,75,30,70,-4,G#/A♭ Major,4,08XAlO8SlW0MWgTDNYkG27,USUM71502509
550,"Black Skinhead","Kanye West",130,3B,83,2023-01-17,03:08,5,"rap","Yeezus",2013-01-01,58,0,0,28,30,10,-6,C♯/D♭ Major,4,1ce3DvvGQn6hY2LMGMLCr5,USUM71307719
551,"All Day","Kanye West,Theophilus London,Allan Kingdom,Paul McCartney",123,8A,65,2023-01-17,05:10,0,"rap, ","All Day",2015-03-02,86,7,0,42,10,20,-5,A Minor,4,1YD3Dg7Olipi5FGVDLHWAu,USUM71502329
552,"Mercy","Kanye West,Big Sean,Pusha T,2 Chainz",140,11A,50,2023-01-17,05:29,1,"rap, southern hip hop","Mercy",2012-01-01,56,7,0,42,40,10,-9,F#/G♭ Minor,4,32CS1c7IyC8jzeFs55Q9n4,USUM71203564
553,"Congratulations","Post Malone,Quavo",123,2B,82,2023-01-17,03:40,2,"","Stoney",2016-12-09,63,20,0,47,0,30,-4,F#/G♭ Major,4,6syOdAs4IK8kPWR7gDyjRw,USUM71614484
554,"Bad and Boujee (feat. Lil Uzi Vert)","Migos,Lil Uzi Vert",127,1B,67,2023-01-17,05:43,3,"trap, melodic rap, rage rap","Culture",2017-04-07,93,6,0,17,20,10,-5,B Major,4,4Km5HrUvYTaSUfiSGPJeQR,QMCE31600796
555,"T-Shirt","Migos",139,3A,69,2023-01-17,04:02,2,"trap","Culture",2017-04-07,87,24,0,49,20,10,-4,A#/B♭ Minor,4,7KOlJ92bu51cltsD9KU5I7,QMCE31600872
556,"Black Beatles","Rae Sremmurd,Gucci Mane",146,8B,65,2023-01-17,04:51,1,"southern hip hop, rap, trap","SremmLife 2 (Deluxe)",2016-08-12,79,16,0,35,0,10,-6,C Major,4,21xJVN5wEbJogczYxfZhqR,USUM71603293
557,"Feeling Good","Muse",109,6A,42,2023-01-17,03:18,66,"alternative rock, rock","Origin of Symmetry",2001-00-00,35,30,0,27,0,10,-8,G Minor,3,5PK1JCSdr34gWgzYHgt3Jq,GBCVT0100018
558,"Love Yourself","Justin Bieber",100,12B,38,2023-01-17,03:53,4,"","Purpose (Deluxe)",2015-11-13,61,84,0,52,40,20,-10,E Major,4,3hB5DgAiMAQ4DzYbsMq1IT,USUM71516761
559,"Party (feat. Usher & Gucci Mane)","Chris Brown,USHER,Gucci Mane",142,12A,58,2023-01-17,03:41,72,"r&b, southern hip hop, rap, trap","Heartbreak on a Full Moon",2017-10-31,76,6,0,32,0,0,-5,C♯/D♭ Minor,4,1KhljCoJ2TgDEldnnfTHHc,USRC11602722
560,"Say Something","A Great Big World,Christina Aguilera",141,10B,15,2023-01-17,03:49,71,"","Is There Anybody Out There?",2014-01-20,41,86,0,8,0,0,-9,D Major,3,6Vc5wAMmXdKIAM7WUoEb7N,USSM11306713
561,"Climax","USHER",136,4B,48,2023-01-17,03:52,0,"r&b","Looking 4 Myself (Deluxe Version)",2012-06-08,65,55,0,33,0,10,-9,G#/A♭ Major,4,6cNajGUxKP53LIg0LzlfQt,USRC11200142
562,"Scream","USHER",128,6A,86,2023-01-17,03:54,1,"r&b","Looking 4 Myself (Deluxe Version)",2012-06-08,62,0,0,57,10,10,-5,G Minor,4,5sAlmL7Qp9N9BJTADkwEt9,USRC11200367
563,"It Girl","Jason Derulo",92,12A,72,2023-01-17,03:12,74,"","Future History (Deluxe Edition)",2011-09-16,67,2,0,35,0,10,-5,C♯/D♭ Minor,4,4fINc8dnfcz7AdhFYVA4i7,USWB11102211
564,"Me And My Broken Heart","Rixton",174,4A,79,2023-01-17,03:13,0,"","Let The Road",2015-05-04,54,1,0,50,0,10,-4,F Minor,4,4i2zhg5fHx4kSwaycOPJqH,USUM71401800
565,"Time is Running Out","Muse",118,8A,84,2023-01-17,03:57,4,"alternative rock, rock","Absolution",2004-03-23,59,0,1,43,0,0,-6,A Minor,4,2takcwOaAZWiXQijPHIx7B,GBCVT0300078
566,"Goodmorning","Bleachers",80,10B,45,2023-01-21,03:13,48,"","Gone Now",2017-06-02,63,58,0,52,10,10,-10,D Major,4,1K13OsIMc0HLgEJHZoWH78,USRC11700733
567,"Archetype","Omar Apollo",92,11B,34,2023-01-21,02:48,0,"bedroom pop","Archetype",2022-07-15,68,37,0,32,0,40,-8,A Major,4,0TZaULNHuHvwyZOivhzc7g,USWB12202077
568,"Selfless","The Strokes",122,12B,68,2023-01-21,03:42,81,"garage rock, indie rock, alternative rock","The New Abnormal",2020-04-10,54,19,0,9,0,0,-4,E Major,4,2t0wwvR15fc3K1ey8OiOaN,USRC11902727
569,"Amber","Steve Lacy",90,2B,40,2023-01-21,02:53,55,"","Gemini Rights",2022-07-15,51,70,0,37,0,10,-8,F#/G♭ Major,4,5Z4EEIaSzeRmYze3W47S1k,USRC12202290
570,"You Still Take Me To The Light","Francis and the Lights",130,10A,58,2023-01-21,03:28,39,"","You Still Take Me To The Light",2020-09-17,86,18,0,57,0,0,-5,B Minor,4,0O3Pb33KINQl8t04jGOrX2,UKXN21952277
571,"Despair, Hangover & Ecstasy","The Dø",143,7A,90,2023-01-21,02:52,26,"french indie pop","Shake, Shook, Shaken",2015-02-10,61,3,0,61,0,10,-4,D Minor,4,50k0yfw16gScfx6yCvkrFE,FR2MH1400015
572,"Sooner or Later","N.E.R.D",79,3B,70,2023-01-21,06:41,49,"","Seeing Sounds",2008-01-01,42,3,0,48,0,10,-5,C♯/D♭ Major,4,4JMYfwYULOoWTaIW3CTvvT,USUM70814602
573,"Ballad Of Big Nothing","Elliott Smith",109,8B,52,2023-01-21,02:48,0,"singer-songwriter","Either/Or",1997-02-25,66,36,1,64,0,10,-10,C Major,4,6mfy4Q8P3fVXMeuD5d19oi,USKRS0326903
574,"Jasper's Song","Flume",96,10B,44,2023-01-21,03:01,0,"future bass","Palaces",2022-05-20,41,98,94,6,0,10,-7,D Major,3,6r7DrQHSYlUCJ48CaKxwwJ,AUFF02200007
575,"Long Way From Texas","Aldae",90,5B,27,2023-01-21,02:22,11,"","Aldae - Vol. 1",2022-04-08,47,75,0,27,0,10,-11,D#/E♭ Major,3,69EFUUpuPqSQIjOXPWHwPs,ZZOPM2222400
576,"Moving","Supergrass",111,9B,86,2023-01-21,04:26,0,"britpop","Supergrass",1999-01-01,47,1,0,24,0,40,-7,G Major,4,1Xo5IcDLNOEpcB1RM4mBNF,GBAYE9901457
577,"Time Has Come Again","The Last Shadow Puppets,Alex Turner,Miles Kane",112,8B,24,2023-01-21,02:22,0,"baroque pop","The Age Of The Understatement",2008-05-06,56,80,0,70,0,0,-16,C Major,4,1XZpu2kxwvCwcCJ36P4nPJ,GBCEL0800166
578,"Momma","Christian Alexander",140,9B,65,2023-01-21,03:40,1,"","I Don't Like You",2022-04-01,52,2,1,37,0,30,-7,G Major,3,4LzjpZOVKS6RfOypnO2yCh,QMDA72170371
579,"Always Got The Love","Cub Sport",126,1B,83,2023-01-21,03:27,29,"","Always Got The Love",2022-06-14,63,1,0,35,0,30,-7,B Major,4,5WCvSTVdMrwwk50yGVHm1g,FR96X2246708
580,"Girl - Remastered 2009","The Beatles",97,4A,29,2023-01-21,02:31,66,"classic rock, psychedelic rock","Rubber Soul (Remastered 2009)",1965-12-03,70,59,0,89,0,10,-13,F Minor,4,6tQvjqDIK9GXWIC6mejms8,GBAYE0601487
581,"Gunshot Glitter","Jeff Buckley",127,5B,100,2023-01-21,05:36,42,"","Sketches for My Sweetheart The Drunk (Expanded Edition)",1998-05-26,31,46,68,6,20,20,-6,D#/E♭ Major,4,2lThK2HDBCNyCHzibIfOUG,USSM19703806
582,"10 d E A T h b R E a s T ⚄ ⚄","Bon Iver",109,1A,79,2023-01-21,02:24,45,"","22, A Million",2016-09-30,69,30,11,73,10,0,-7,G#/A♭ Minor,4,0IiKAVTo9uL6UpiC9FYWkI,US38Y1630002
583,"Pictures","ECÂF",126,8A,62,2023-01-21,03:18,41,"dark r&b","Pictures",2019-07-19,76,2,0,30,0,10,-8,A Minor,4,6FnIiJp2p04cpuDHNr6H71,AUBEC1914770
584,"No Love Allowed","Rihanna",89,3A,48,2023-01-24,04:09,51,"","Unapologetic (Deluxe)",2012-12-11,57,36,0,64,10,0,-9,A#/B♭ Minor,4,2fv47VVvysXZPpT7xsdg7b,USUM71214765
585,"safety net (feat. Ty Dolla $ign)","Ariana Grande,Ty Dolla $ign",162,12A,60,2023-01-24,03:28,70,"pop, trap soul","Positions",2020-10-30,55,7,0,9,0,10,-6,C♯/D♭ Minor,4,14gkWVFMwdxBMyqBw1wmIg,USUM72020432
586,"I Don't Do Drugs (feat. Ariana Grande)","Doja Cat,Ariana Grande",77,7B,62,2023-01-24,03:08,67,"pop","Planet Her",2021-06-25,68,22,0,45,10,10,-6,F Major,4,0FFsgUoFibYISzMxuGS61W,USRC12101536
587,"Getting Older","Billie Eilish",160,6B,13,2023-01-24,04:04,73,"","Happier Than Ever",2021-07-30,60,97,12,37,10,10,-17,A#/B♭ Major,4,4HOryCnbme0zBnF8LWij3f,USUM72105922
588,"emails i can’t send","Sabrina Carpenter",86,9B,39,2023-01-24,01:44,70,"pop","emails i can't send",2022-07-15,52,76,0,41,10,60,-11,G Major,3,2qLyo5FeWquE7HBUbcVnEy,USUM72210693
589,"Another Guy - Acoustic","FLO",125,1A,29,2023-01-24,03:00,40,"uk r&b","The Lead",2022-07-08,52,85,0,62,0,10,-9,G#/A♭ Minor,4,7rWkd70fyKUGw00s6BBSGz,GBUM72204190
590,"Persuasive (with SZA)","Doechii,SZA",120,6A,55,2023-01-24,03:30,66,"r&b","Persuasive (with SZA)",2022-07-22,76,21,0,56,10,20,-7,G Minor,4,67v2UHujFruxWrDmjPYxD6,USUG12201429
591,"ENERGY (feat. Beam)","Beyoncé,BEAM",115,3B,52,2023-01-24,01:56,65,"","RENAISSANCE",2022-07-29,90,28,0,59,20,10,-9,C♯/D♭ Major,4,0314PeD1sQNonfVWix3B2K,USSM12206233
592,"Bad Habit","Steve Lacy",169,3B,51,2023-01-24,03:52,74,"","Bad Habit",2022-06-29,69,63,0,69,0,30,-7,C♯/D♭ Major,4,5CM4UuQ9Gnd6K2YyKGPMoK,USRC12201440
593,"5% TINT","Travis Scott",140,9A,48,2023-01-24,03:16,74,"rap","ASTROWORLD",2018-08-03,71,17,0,6,0,20,-5,E Minor,4,11kDth1aKUEUMq9r1pqyds,USSM11806666
594,"ALIEN SUPERSTAR","Beyoncé",122,3A,64,2023-01-24,03:35,69,"","RENAISSANCE",2022-07-29,55,0,0,46,10,10,-6,A#/B♭ Minor,4,1Hohk6AufHZOrrhMXZppax,USSM12206231
595,"CUFF IT","Beyoncé",115,9B,69,2023-01-24,03:45,75,"","RENAISSANCE",2022-07-29,78,4,0,64,10,0,-6,G Major,4,1xzi1Jcr7mEi9K2RfzLOqS,USSM12206232
596,"BREAK MY SOUL","Beyoncé",115,12A,89,2023-01-24,04:38,68,"","RENAISSANCE",2022-07-29,69,6,0,86,0,20,-5,C♯/D♭ Minor,4,5pyoxDZ1PX0KxBxiRVxA4U,USSM12206234
597,"Shirt","SZA",120,2A,45,2023-01-24,03:01,63,"r&b","Shirt",2022-10-28,82,15,3,55,10,0,-10,D#/E♭ Minor,4,34ZAzO78a5DAVNrYIGWcPm,USRC12203632
598,"WFM","RealestK",80,3B,18,2023-01-24,02:16,59,"","Dreams 2 Reality",2022-10-28,44,72,0,25,0,10,-18,C♯/D♭ Major,4,6z6OFc8qYsqUBSOWta3nLV,USSM12108482
599,"Hrs & Hrs","Muni Long",134,2B,52,2023-01-24,03:24,72,"","Public Displays Of Affection: The Album",2022-09-23,52,61,0,66,10,10,-5,F#/G♭ Major,3,3ncmoWTwJgx63LwMTyBCXf,QZAKB2136210
600,"Just Wanna Rock","Lil Uzi Vert",150,1B,55,2023-01-24,02:03,71,"melodic rap, rage rap","Just Wanna Rock",2022-10-17,49,7,0,4,0,0,-8,B Major,4,4FyesJzVpA39hbYvcseO2d,USAT22219211
601,"For the Night","Chlöe,Latto",79,4A,82,2023-01-24,03:25,44,"","For the Night",2022-10-28,46,22,0,49,20,10,-4,F Minor,4,6y39UI6gdUexBGprn6pQo6,USSM12210022
602,"DON'T THEY","Josh Levi",172,9A,24,2023-01-24,02:58,31,"","DISC ONE",2020-07-01,36,82,0,22,10,40,-7,E Minor,3,2xwbEd4EeuCoi7RIabKD3K,QM24S2005878
603,"Body","Summer Walker",138,10A,51,2023-01-24,03:13,71,"r&b","Over It",2019-10-04,56,25,0,34,10,20,-6,B Minor,4,7vxLj7MREliG5i5vSnqSVr,USUM71919084
604,"Immature","FLO",83,3A,57,2023-01-24,02:53,29,"uk r&b","The Lead",2022-09-21,35,1,0,46,0,10,-6,A#/B♭ Minor,4,6pCM4QZOv17vjMAMRPrG5v,GBUM72204097
605,"Feature Me","FLO",127,11A,49,2023-01-24,03:21,31,"uk r&b","The Lead",2022-09-21,73,12,0,85,0,0,-5,F#/G♭ Minor,4,6RDfrXiBYFbelxIARtGOs2,GBUM72204191
606,"Not My Job","FLO",88,3A,62,2023-01-24,02:54,39,"uk r&b","The Lead",2022-09-21,50,3,0,68,0,10,-4,A#/B♭ Minor,4,6uxNcrFJL76jjkufNmI0xc,GBUM72205876
607,"Do You Miss Me?","PinkPantheress",130,10A,87,2023-01-24,02:08,59,"bedroom pop","Do you miss me?",2022-11-15,65,10,0,64,0,10,-7,B Minor,4,67r7ZHxVxONN9ZQk05AQVL,GBAYE2200752
608,"Ungodly Hour","Chloe x Halle",105,10B,68,2023-01-24,04:15,55,"r&b","Ungodly Hour",2020-06-03,70,15,0,17,30,0,-6,D Major,4,4SJRgLsuBKTEBEl9n6JsNu,USSM12002041
609,"Michelle Obama All-Star Girl Power Anthem - This Is for My Girls - Offer Nissim Remix","Kelly Clarkson,Chloe x Halle,Missy Elliott,Kelly Rowland & Zendaya,Janelle Monáe,Lea Michele,Jadagrace,Offer Nissim",128,10A,81,2023-01-24,06:00,26,"christmas, r&b, hip hop, alternative r&b, musicals, tribal house, mizrahi, electronica","Love",2017-12-12,70,0,0,54,0,10,-6,B Minor,4,3CLN2xU2xE1Ggh9Jvp8Dss,USA2P1701115
610,"Rich Flex","Drake,21 Savage",160,9A,52,2023-01-24,03:59,77,"rap, ","Her Loss",2022-11-04,55,5,0,42,20,30,-9,E Minor,4,1bDbXMyjaUIooNwFE9wn0N,USUG12208598
611,"2Gether (Enterlude)","Steve Lacy,Matt Martians",89,11A,41,2023-01-24,00:50,52,"","Gemini Rights",2022-07-15,44,80,0,41,0,20,-10,F#/G♭ Minor,3,6rTqYkpXwKMv8sBvWB6Fl4,USRC12202288
612,"Mercury","Steve Lacy",151,8A,75,2023-01-24,04:55,65,"","Gemini Rights",2022-07-15,70,54,1,89,0,30,-6,A Minor,3,6uVZddXkgQIArp8myEHs4x,USRC12201526
613,"Static","Steve Lacy",79,3B,31,2023-01-24,02:36,72,"","Gemini Rights",2022-07-15,34,43,63,22,0,10,-13,C♯/D♭ Major,5,4OmfWzukSVD140NiAIEjem,USRC12202285
614,"LOVE AGAIN","Daniel Caesar,Brandy",77,7B,44,2023-01-24,03:34,0,"r&b","CASE STUDY 01",2019-06-28,55,41,0,53,0,10,-6,F Major,4,2fhePAlCSsJplwkjqMYpVm,USKO11900240
615,"Forgiveless (feat. Ol' Dirty Bastard)","SZA,Ol' Dirty Bastard",80,11B,77,2023-01-24,02:21,60,"r&b, east coast hip hop, old school hip hop, hardcore hip hop","SOS",2022-12-09,67,37,0,47,20,0,-5,A Major,4,5IcP1PPnleZ2kuwKDyfNC5,USRC12204603
616,"Seek & Destroy","SZA",152,3B,65,2023-01-24,03:23,66,"r&b","SOS",2022-12-09,65,44,18,35,0,20,-5,C♯/D♭ Major,4,6eT2V7nKXyMf47TwPbtgAD,USRC12204585
617,"Snooze","SZA",143,7B,55,2023-01-24,03:21,88,"r&b","SOS",2022-12-09,56,14,0,39,10,10,-7,F Major,4,4iZ4pt7kvcaH6Yo8UoZ4s2,USRC12204591
618,"Notice Me","SZA",160,7B,68,2023-01-24,02:40,61,"r&b","SOS",2022-12-09,72,28,0,78,10,10,-7,F Major,4,4fnNBPN9W6AoOYSQS3FJxT,USRC12204592
619,"Gone Girl","SZA",150,7B,44,2023-01-24,04:04,63,"r&b","SOS",2022-12-09,43,56,0,42,0,10,-8,F Major,4,2Sjx8DWZO5zaTyTAmgo2gY,USRC12204593
620,"Ghost in the Machine (feat. Phoebe Bridgers)","SZA,Phoebe Bridgers",125,2B,43,2023-01-24,03:38,69,"r&b, ","SOS",2022-12-09,62,84,3,59,0,10,-10,F#/G♭ Major,4,4h5x3XHLVYFJaItKuO2rhy,USRC12204595
621,"Smoking on my Ex Pack","SZA",81,4B,68,2023-01-24,01:23,60,"r&b","SOS",2022-12-09,47,24,0,33,30,20,-8,G#/A♭ Major,4,4jTs7ny5eSRnKTzxdrFv5I,USRC12204594
622,"Blind","SZA",114,8A,28,2023-01-24,02:30,70,"r&b","SOS",2022-12-09,46,91,0,60,0,20,-12,A Minor,4,2CSRrnOEELmhpq8iaAi9cd,USRC12204589
623,"Spain (I Can Recall)","Al Jarreau",123,10A,84,2023-01-24,06:36,36,"yacht rock, smooth jazz, vocal jazz, jazz","This Time",1980-06-15,57,7,0,46,10,10,-6,B Minor,4,3UCH8xws8FhALBusaEpHc9,USWB19600631
624,"ilym","John K",178,12A,28,2023-01-24,03:53,38,"","love + everything else",2020-11-12,26,42,0,4,0,0,-7,C♯/D♭ Minor,3,0Aw8DvbSKLbdoLXWNGFrgm,USSM12006010
625,"Fly - FKJ Remix","June Marieezy,FKJ",75,11A,53,2023-01-24,04:12,47,"","Fly (The Remixes)",2015-03-16,66,71,0,35,0,20,-8,F#/G♭ Minor,4,2cbWaw8K4fKvR9kgBg3ugq,FR9W11502176
626,"MIDDLE OF THE NIGHT","MONSTA X",92,8B,76,2023-01-24,02:46,56,"k-pop, noise music","ALL ABOUT LUV",2020-02-13,74,11,0,92,0,0,-6,C Major,4,2QqHAiFdDZKFJkr1xCV9dG,USSM11912472
627,"The Way It Was Before","Johnny Stimson",100,3B,25,2023-01-24,03:00,23,"","The Way It Was Before",2022-01-28,73,73,0,33,0,30,-10,C♯/D♭ Major,3,72DFb6Sn3sP8kfAvFFBbU1,TCAFZ2116836
628,"don't miss me","Claire Rosinkranz",105,3B,73,2023-01-24,02:03,62,"","don’t miss me",2021-11-22,80,79,0,82,0,0,-5,C♯/D♭ Major,4,5MG69A9XyXDbBbeOxdR3Tl,USUG12106125
629,"Loneliness","Ginger Root",138,1B,90,2023-01-24,03:27,4,"city pop","Loneliness",2022-06-22,59,17,45,67,0,30,-5,B Major,4,0t1qI2DYS68veTpLBGUsNM,FRIDO2211262
630,"Can't Take My Eyes off You","Frankie Valli",124,12B,76,2023-01-24,03:23,75,"doo-wop","The Very Best of Frankie Valli & The 4 Seasons",2003-01-14,57,57,0,54,0,0,-7,E Major,4,6ft9PAgNOjmZ2kFVP7LGqb,USRH10175215
631,"Every Second","Mina Okabe",130,6A,57,2023-01-24,03:02,57,"","Every Second",2021-05-21,81,63,0,64,0,10,-7,G Minor,4,6dquCx5KAW5jCgGgoTlghL,DKUM72100269
632,"fallin (feat.Liss)","george,Liss",125,10B,60,2023-01-24,02:47,19,"k-ballad, dansk pop","fallin (feat.Liss)",2020-05-04,89,9,0,90,0,10,-7,D Major,4,1joLvqSBVz1UeCX2CjfPuM,KRA252000494
633,"The Line","D'Angelo",80,10B,38,2023-01-24,05:16,51,"neo soul","Voodoo",2000-01-01,84,14,0,56,30,10,-10,D Major,4,3RE93xPC29qZqbubAUeXTt,USVI29900232
634,"4 Seasons Of Loneliness","Boyz II Men",98,3B,49,2023-01-24,04:52,56,"new jack swing, r&b, quiet storm","Evolution",1997-03-23,59,81,0,20,0,10,-11,C♯/D♭ Major,4,1TyNecZDYU3BP3EitfpgnT,USMO19783234
635,"Moonlight","Conor Albert,Mac Ayres",119,12A,79,2023-01-24,03:25,0,"jazz pop, ","Moonlight",2021-06-16,60,8,0,73,20,10,-6,C♯/D♭ Minor,4,43XQxLhbUFqqCtRYiKCdCx,UKPNT1800116
636,"Sober","Quinn Oulton",126,7B,27,2023-01-24,04:49,7,"uk r&b","Sober",2021-11-25,66,44,0,11,0,0,-10,F Major,3,0S75EBMDRJn9wFflca0Hjg,FRIDO2113125
637,"The Way Things Were","edbl,Isaac Waddington",98,6A,67,2023-01-24,03:47,47,"uk r&b, lo-fi hip hop, neo soul, ","The Way Things Were",2019-07-26,72,53,0,65,10,20,-4,G Minor,4,0DWDipIn5NVK4It1XnvkMQ,GBKPL1957137
638,"Domino","ADOY",90,3A,66,2023-01-24,02:47,26,"","Vivid",2019-11-22,78,58,9,50,0,0,-6,A#/B♭ Minor,4,11WFIfxYPGFN3XsIFTqBaR,QMFME1910643
639,"I Can't Make You Love Me","Tank",123,6B,53,2023-01-24,03:56,51,"r&b","Now or Never",2010-12-13,47,50,0,43,0,30,-6,A#/B♭ Major,4,2XZt5ACXfEiF9QyxMnwaIr,USAT21002579
640,"Porto girl","Grass",126,3B,35,2023-01-24,03:58,50,"","somewhere the grass is green",2021-08-12,85,63,0,55,0,0,-5,C♯/D♭ Major,4,7rxblk9KO1AOBXmi8GbraY,KRB462100962
641,"Champagne Supernova","Oasis",150,10B,87,2023-01-24,07:29,51,"britpop, madchester","Stop The Clocks",2006-11-13,31,22,0,10,0,30,-2,D Major,4,2V5SGZFsF1yoDakHRwrmma,GBAAW9500197
642,"Until I Found You","Stephen Sanchez",101,6B,51,2023-01-24,02:57,79,"","Until I Found You",2021-09-01,54,73,0,23,0,10,-6,A#/B♭ Major,3,0T5iIrXA4p5GsubkhuBIKV,USUG12103651
643,"It's Been a Little Heavy Lately","Joesef",114,2B,82,2023-01-24,03:41,32,"","It's Been a Little Heavy Lately",2022-02-03,72,16,0,67,0,30,-4,F#/G♭ Major,4,1jWMrfsKLOj0wn3hIdXyg4,GBKPL2176592
644,"calla","wave to earth",110,7B,52,2023-01-24,04:19,0,"","calla",2022-06-08,56,28,0,28,0,10,-8,F Major,4,5BCJefH3AyYYKyhZ9IlzKg,KRA252201123
645,"Scars","James Bay",130,7B,45,2023-01-24,04:32,44,"","Chaos And The Calm",2015-03-20,42,9,0,21,0,10,-9,F Major,5,78pULHVnsTsnAQcOrdALc0,USUM71417479
646,"Long Way Home","AK420",172,10A,62,2023-01-24,03:00,37,"jazz beats, boom bap, jazz rap, lo-fi beats","Loungin",2017-03-31,84,43,22,66,0,10,-8,B Minor,4,58BQlDZ9wjiwcCHUE01wCT,DEQ121746245
647,"I'M THAT GIRL","Beyoncé",106,9B,54,2023-01-24,03:28,38,"","RENAISSANCE",2022-07-29,57,6,0,14,20,10,-9,G Major,4,1kINLseIy6cqaRZQSI7sPH,USSM12207158
648,"COZY","Beyoncé",112,8B,64,2023-01-24,03:30,39,"","RENAISSANCE",2022-07-29,84,0,0,40,0,10,-8,C Major,4,42vGWSOjLteNhlySwoXrcK,USSM12207159
649,"Anyone","Justin Bieber",116,10B,52,2023-01-24,03:10,75,"","Justice",2021-03-19,69,19,0,58,0,10,-8,D Major,4,2WnAKZefdRHxtBEkRjFOHC,USUM72023175
650,"MUST BE NICE","Ruel",100,10B,34,2023-01-25,02:55,40,"","MUST BE NICE",2023-01-25,54,91,0,25,0,10,-9,D Major,4,7FGDL2pk8qcJDAvn4BF3Al,USRC12204862
651,"Killer + The Sound","Phoebe Bridgers,Abby Gundersen,Noah Gundersen",127,8B,10,2023-01-28,07:55,52,"indie folk","Killer + The Sound",2018-04-28,40,98,0,10,0,10,-15,C Major,4,00fRUfon3pr861IKiG03kA,USJ5G1817201
652,"Poltergeists","Sam Fender",70,1B,27,2023-01-28,02:32,39,"","Seventeen Going Under (Deluxe)",2021-10-08,42,91,0,36,0,10,-7,B Major,4,5La9lSnJB3aIaw0OrWb4EB,GBUM72104814
653,"Poses","Rufus Wainwright",173,3B,27,2023-01-28,05:02,32,"singer-songwriter","Poses (Expanded Edition)",2001-00-00,26,76,0,31,0,10,-11,C♯/D♭ Major,4,4JdHCZNdEfD4bLTdl7paB6,USDW10110102
654,"Better in the Shade","Patrick Watson",81,5A,11,2023-01-28,03:36,0,"","Better in the Shade",2022-04-22,43,96,0,10,0,20,-15,C Minor,4,3A9xFLSTS6K9dII3fbDr4O,CA0RZ2200031
655,"Goodbye","Chloe Angelides",130,10B,12,2023-01-28,01:42,5,"future bass, melodic bass","Friends Who Failed At Love",2021-03-26,37,95,0,4,0,10,-15,D Major,3,4A4kDuLgLx6dRyYZCrgOYy,USUYG1360883
656,"Glimpse of Us","Joji",170,4B,32,2023-01-28,03:53,9,"","Glimpse of Us",2022-06-10,44,89,0,27,0,10,-9,G#/A♭ Major,3,6xGruZOHLs39ZbVccQTuPZ,USWB12201789
657,"A Case Of You","James Blake",167,9B,28,2023-01-28,02:57,39,"","James Blake",2011-01-01,46,93,0,47,0,10,-11,G Major,4,6sZRhv00LRKzFl8QpYiD1w,GBUM71106463
658,"Without You","Tobias Jesso Jr.",131,3B,61,2023-01-28,05:09,36,"","Goon",2015-03-16,67,70,0,13,0,10,-8,C♯/D♭ Major,4,5Tw2HCe45FErCET2mfaJj8,USMTD1505828
659,"Good Time","Owl City,Carly Rae Jepsen",126,5B,87,2023-01-29,03:25,79,"","The Midsummer Station",2012-08-17,56,2,0,68,10,30,-4,D#/E♭ Major,4,1kPpge9JDLpcj15qgrPbYX,USUM71206288
660,"Die with a Smile","FKJ",89,7A,41,2023-01-29,04:12,49,"","French Kiwi Juice",2017-03-03,65,77,0,22,0,10,-6,D Minor,4,00xjXIoyDIQYSYve03VsXf,FR10S1734398
661,"Drops","FKJ,Tom Bailey",88,8A,38,2023-01-29,04:01,0,"","TheSoundYouNeed, Vol. 2",2015-12-11,86,32,0,53,10,10,-9,A Minor,4,5lctI6kFdwU558kS3CrdTX,GB2LD0902169
662,"Get Like Me","Nelly,Nicki Minaj,Pharrell Williams",190,3A,60,2023-01-29,03:51,37,"","M.O. (Deluxe Edition)",2013-09-30,75,6,49,22,10,0,-7,A#/B♭ Minor,4,6vw4pbhk9IvMMg9yFVAhMR,USUM71308180
663,"Sweetest Dreams","Franklin Vaughan",142,6A,1,2023-01-29,02:42,0,"","Sweetest Dreams",2022-11-18,73,90,92,70,0,10,-18,G Minor,4,654eoZPieLB6ru52YSOogF,GBPS84290071
664,"Nonstop","Drake",155,9B,41,2023-01-29,03:58,79,"rap","Scorpion",2018-06-29,91,2,1,42,10,10,-8,G Major,4,0TlLq3lA83rQOYtrqBqSct,USCM51800191
665,"Someone You Loved","Lewis Capaldi",110,3B,41,2023-02-27,03:02,87,"soft pop","Divinely Uninspired To A Hellish Extent",2019-05-17,50,75,0,45,0,10,-6,C♯/D♭ Major,4,7qEHsqek33rTcFNT9PFqLf,DEUM71807062
666,"I DON'T WANNA BE LIKE YOU","Ruel",122,3B,79,2023-02-28,02:43,32,"","I DON'T WANNA BE LIKE YOU",2023-02-28,70,1,0,95,0,0,-5,C♯/D♭ Major,4,6kZs5onGsFyRkTTAW624u0,USRC12300191
667,"END SCENE","Ruel",80,8B,37,2023-03-02,04:50,39,"","4TH WALL",2023-03-03,39,37,0,26,0,0,-9,C Major,4,4EfBubHt9kkZ7rTW4SIOWb,USRC12300198
668,"WISH I HAD YOU","Ruel",102,9B,34,2023-03-02,03:16,38,"","4TH WALL",2023-03-03,50,74,0,11,0,10,-9,G Major,4,62QpXSagvTBsZMdIhd1ys2,USRC12300196
669,"IF AND/OR WHEN","Ruel",81,8B,51,2023-03-02,02:52,46,"","4TH WALL",2023-03-03,44,14,0,39,0,10,-8,C Major,3,0Y8cp5k68B9AWRdIAEHc4C,USRC12300197
670,"LIE","Ruel",79,5A,32,2023-03-02,02:54,37,"","4TH WALL",2023-03-03,48,81,0,37,0,30,-8,C Minor,4,1shhYu6UJfOoTFRzgLJ9Ft,USRC12300195
671,"SET YOURSELF ON FIRE","Ruel",160,1B,85,2023-03-02,02:51,37,"","4TH WALL",2023-03-03,57,1,0,57,0,30,-6,B Major,4,479UAU6GZAr9SWFe3nxu2j,USRC12300194
672,"JAPANESE WHISKEY","Ruel",73,6B,42,2023-03-02,03:28,40,"","4TH WALL",2023-03-03,37,14,0,11,0,10,-9,A#/B♭ Major,3,7Er8F6srhIpppYOvIBQ3yt,USRC12300193
673,"SITTING IN TRAFFIC","Ruel",48,9B,44,2023-03-02,04:15,45,"","4TH WALL",2023-03-03,30,63,0,30,0,0,-8,G Major,4,4dWsrUBZksAT56oRbgcDOl,USRC12300192
674,"GO ON WITHOUT ME","Ruel",92,1B,55,2023-03-02,02:42,41,"","4TH WALL",2023-03-03,75,25,0,50,0,40,-6,B Major,4,1nHWR7etfgJZWoy7Qjdpz9,USRC12300190
675,"Down","A.C.E",150,10B,66,2023-03-20,03:13,25,"k-pop, noise music","Down",2021-04-16,79,22,0,54,20,10,-5,D Major,4,4If4s5OJ4RukQn7fXuQsxC,KRA252100502
676,"Down (feat. Grey)","A.C.E,Grey",150,10B,64,2023-03-20,03:13,38,"k-pop, noise music, ","Down",2021-04-16,78,18,0,53,20,10,-5,D Major,4,0hCN8CN4XwpnVxCUvUuRu7,KRA252100501
677,"CACTUS (Eng ver.)","A.C.E",150,3A,97,2023-03-26,03:22,0,"k-pop, noise music","Changer : Dear Eris",2021-09-02,53,0,0,34,0,30,-3,A#/B♭ Minor,4,0FR1Iylwto9er6yPeniyGR,KRA382160912
678,"Let’s Go (English)","Various Artists",130,8B,80,2023-03-31,03:29,2,"","GROUP OF 20",2010-10-15,69,12,0,55,0,10,-4,C Major,4,0c8IroJWzAgmreY3daPLlQ,KRA381000949
679,"Bad Religion","Frank Ocean",83,11B,37,2023-04-13,02:55,75,"","channel ORANGE",2012-07-10,36,74,0,10,0,0,-8,A Major,4,2pMPWE7PJH1PizfgGRMnR9,USUM71207189
680,"I'd Rather","Luther Vandross",120,8B,47,2023-04-20,04:19,62,"quiet storm, soul, classic soul","The Ultimate Luther Vandross",2006-00-00,70,24,0,52,0,10,-8,C Major,4,5oDM9YSQIlhuWa0awHF4Z2,USJAY0600305
681,"On Bended Knee","Boyz II Men",117,4B,51,2023-04-20,05:29,76,"new jack swing, r&b, quiet storm","II",1994-08-30,63,38,0,19,0,10,-8,G#/A♭ Major,4,4Gmkqn3V7IMTkOmmiX7cbb,USMO19400347
682,"Mr. Insanity","DPR IAN",110,1B,62,2023-04-22,02:47,53,"k-rap","Moodswings In To Order",2022-07-29,86,46,0,87,0,20,-7,B Major,4,5SvmJngLXRLDAQ41mFsfGE,QM6N22250373
683,"Avalon","DPR IAN",120,2B,59,2023-04-22,03:15,54,"k-rap","Moodswings In To Order",2022-07-29,73,58,0,48,0,10,-9,F#/G♭ Major,4,0K4p7uv5Pw5NE8LrF6HE7q,QM6N22250349
684,"zombie pop","DPR IAN",90,10B,69,2023-04-22,01:54,0,"k-rap","DPR ARCHIVES",2020-06-18,69,1,0,86,0,0,-8,D Major,4,1tj2v4v752ovPOu5gWxZsM,KRA382002039
685,"Diamonds + And Pearls","DPR LIVE,DPR IAN,peace.",94,7B,90,2023-04-22,03:39,49,"k-rap, ","Shang-Chi and The Legend of The Ten Rings: The Album",2021-09-03,53,46,0,37,10,10,-3,F Major,4,314oBdIvnoTPDwSP4zOP8p,USUM72114021
686,"Don't Go Wasting Time","New Hope Club",130,12B,58,2023-04-23,03:27,0,"","Don't Go Wasting Time",2023-01-27,59,24,0,13,0,0,-5,E Major,4,7whiCi6fX2awaY0p2qYzzG,USHR12243278
687,"Like Strangers Do","AJ Mitchell",98,2A,24,2023-04-25,02:40,59,"","Like Strangers Do",2019-10-18,63,52,0,69,0,0,-9,D#/E♭ Minor,4,0Wc6cbF38a90b8wov9V63F,USSM11903510
688,"Superpowers","Daniel Caesar",107,9B,43,2023-04-28,02:54,86,"","NEVER ENOUGH",2023-04-07,46,61,3,5,0,10,-9,G Major,5,736PP5LTtREkDgktNmX3Gu,USUG12209368
689,"Multiple Endings","Ryan Beatty",75,7B,10,2023-04-30,03:16,40,"","Calico",2023-04-28,37,97,0,31,0,10,-12,F Major,3,2aULK5mtJaeb4KF0xnAuyU,GBAHS2300262
690,"Boom Boom Pow","Black Eyed Peas",130,11B,86,2023-04-30,04:11,74,"","THE E.N.D. (THE ENERGY NEVER DIES) [Deluxe Version]",2009-01-01,87,13,0,41,0,10,-6,A Major,4,3oDFtOhcN08qeDPAK6MEQG,USUM70955624
691,"Tiny Riot","Sam Ryder",177,5A,79,2023-04-30,03:24,50,"","Tiny Riot",2021-03-26,53,10,0,51,0,0,-4,C Minor,4,0u7b8p0mxUUNT7xeuYUtlP,GBAYE2100380
692,"Wearin' You Down","Obrian",174,4A,38,2023-04-30,02:13,34,"","Wearin' You Down",2018-04-29,66,2,0,62,10,0,-10,F Minor,4,4pdTydjcFYp043ZKFTuCTD,usdy41842778
693,"Guilty Conscience","070 Shake",180,9B,64,2023-04-30,03:33,59,"","Modus Vivendi",2020-01-17,54,1,0,22,10,10,-6,G Major,4,0smgkpVia3VCXgY4qhVJvp,USUM71924033
694,"P.Y.T. (Pretty Young Thing)","Michael Jackson",127,10A,82,2023-04-30,03:58,66,"","Thriller 25 Super Deluxe Edition",2008-02-08,89,23,0,96,0,10,-5,B Minor,4,5lA3pwMkBdd24StM90QrNR,USSM19902993
695,"AQUAMAN","Jay Park",97,6B,87,2023-04-30,04:12,40,"k-rap, k-pop","EVERYTHING YOU WANTED",2016-10-20,69,9,0,73,20,0,-5,A#/B♭ Major,4,39L0cwuHe0RIgOehPJuQu0,KRC711600038
696,"Nocturnal","Disclosure,The Weeknd",103,7A,68,2023-04-30,06:44,59,"house, ","Caracal (Deluxe)",2015-09-25,67,2,0,27,0,10,-6,D Minor,4,2ZbqLzPVJxwJ5KPVXb3KaL,GBUM71503564
697,"Sexy 4 Eva","Jay Park",124,2B,73,2023-04-30,03:41,36,"k-rap, k-pop","Ask Bout Me",2018-07-20,74,3,0,30,10,20,-5,F#/G♭ Major,4,1RPQAYvomUz5QAim2hj6cn,QMJMT1801819
698,"Night Changes","One Direction",120,4B,52,2023-04-30,03:46,88,"","FOUR (Deluxe)",2014-11-17,67,86,0,37,0,10,-8,G#/A♭ Major,4,5O2P9iiztwhomNh8xkR9lJ,GBHMU1400165
699,"Dope Lovers","DPR IAN",160,11B,80,2023-05-05,03:20,60,"k-rap","Moodswings In This Order",2021-03-11,64,26,0,81,0,10,-6,A Major,4,6cvbvXaRbQcuv54SjYXP86,QM4TW2168135
700,"Winterfall","DPR IAN",99,11A,41,2023-05-05,03:36,52,"k-rap","Moodswings In To Order",2022-07-29,48,63,2,19,0,20,-9,F#/G♭ Minor,4,4WdDXnj1AxoRpuX7eEvFCh,QM6N22250352
701,"No Silhouette","DPR IAN",125,3B,70,2023-05-05,02:29,49,"k-rap","Moodswings In This Order",2021-03-11,55,21,1,45,0,10,-6,C♯/D♭ Major,4,21bty2KT6tMsceRDsuORBy,QM4TW2168161
702,"Sometimes I'm","DPR IAN",150,12B,51,2023-05-05,02:37,49,"k-rap","Moodswings In To Order",2022-07-29,81,24,0,81,20,20,-9,E Major,4,3jxJsU6iTR8bmf3mbq2avt,QM6N22250377
703,"Greedy","Ariana Grande",110,3B,71,2023-05-10,03:34,69,"pop","Dangerous Woman",2016-04-01,62,3,0,84,10,0,-5,C♯/D♭ Major,4,7aLT0tLcS40Penaplqu2cZ,USUM71602108
704,"No Way","Adrian Marcel",142,1A,41,2023-05-17,03:13,13,"","Weak After Next Reloaded",2015-12-07,75,2,0,44,0,0,-6,G#/A♭ Minor,4,2bTPQqJOkIf8dGMrg6zxzE,QZB4J1843113
705,"JUMP (English Version)","P1Harmony",121,10B,68,2023-06-09,02:43,37,"k-pop, noise music","JUMP (English Version)",2023-06-09,80,4,0,68,0,10,-5,D Major,4,7yjOkyF3S0Xp3r7vIIHZVv,KRA382302747
706,"Mourning","Post Malone",74,11B,66,2023-06-20,02:27,62,"","Mourning",2023-05-19,60,8,0,24,0,20,-5,A Major,4,0gWrMbx6pbdH3n3nsLjE55,USUM72306015
707,"Sorry","Justin Bieber",100,5A,76,2023-06-20,03:20,77,"","Purpose (Deluxe)",2015-11-13,66,8,0,41,0,30,-4,C Minor,4,0JBq4P9Jpp37F1PteCgGL1,USUM71516760
708,"Santa Claus Is Coming to Town","Michael Bublé",122,6B,39,2023-06-20,02:51,1,"christmas","Christmas (Deluxe Special Edition)",2012-11-09,59,79,0,40,0,0,-7,A#/B♭ Major,4,1RMDXedcRno6rDBCbNHDJf,USRE11100701
709,"Easier","5 Seconds of Summer",176,7B,46,2023-06-20,02:38,70,"","CALM",2020-03-27,56,48,0,62,20,10,-4,F Major,4,2bjUEg4jBtKBlPdNrTAppI,USUG11901520
710,"Empty Space","James Arthur",165,3B,52,2023-06-20,03:33,64,"soft pop","YOU",2019-10-18,55,22,0,34,0,0,-5,C♯/D♭ Major,4,6GFfDRG1Sff3IZaD0TYro4,DEE861805366
711,"Believer","Imagine Dragons",125,3A,78,2023-06-20,03:24,88,"","Evolve",2017-06-23,78,6,0,67,10,0,-4,A#/B♭ Minor,4,0pqnGHJpmpxLKifKRmU6WP,USUM71700626
712,"History","One Direction",87,1B,70,2023-06-20,03:07,72,"","Made In The A.M. (Deluxe Edition)",2015-11-13,66,4,0,80,0,0,-4,B Major,4,0HMjXBAZmSYOTTi33WpMso,GBHMU1500114
713,"Roses","Finn Askew",115,3B,60,2023-06-20,03:21,51,"","Roses",2020-07-31,71,59,0,32,0,10,-6,C♯/D♭ Major,4,7h5JV2j5wEwMP2hQE12Nk4,GBUM72003488
714,"Out of Time","The Weeknd",93,5A,76,2023-06-20,03:34,78,"","Dawn FM",2022-01-06,65,26,0,84,0,30,-4,C Minor,4,2SLwbpExuoBDZBpjfefCtV,USUG12106689
715,"Trampoline (with ZAYN)","SHAED,ZAYN",127,6A,46,2023-06-20,03:04,6,"","Trampoline (with ZAYN)",2019-09-26,62,56,0,50,0,10,-6,G Minor,4,1iQDltZqI7BXnHrFy4Qo1k,QZ47A1900210
716,"It Won't Stop (feat. Chris Brown) - EP Version","Sevyn Streeter,Chris Brown",120,12A,57,2023-06-20,04:41,73,"r&b","Call Me Crazy, But...",2013-12-03,66,2,0,21,0,10,-9,C♯/D♭ Minor,4,2xRYnHQdLD9ketvC01UYYT,USAT21302744
717,"Fukk Sleep (feat. FKA twigs)","A$AP Rocky,FKA twigs",136,10B,41,2023-06-20,03:12,68,"rap, art pop, alternative r&b","TESTING",2018-05-25,80,44,0,30,30,20,-9,D Major,4,1AqemxWsT0iGg5Lvkm16Bt,USRC11801926
718,"Isis (feat. Logic)","Joyner Lucas,Logic",120,3B,94,2023-06-20,03:56,67,"","ADHD",2020-03-27,88,21,0,76,10,20,-4,C♯/D♭ Major,4,4h7qcXBtaOJnmrapxoWxGf,QM6N21911820
719,"She Twerkin (feat. Cash Out, Lil Boosie, Juicy J & Ty Dolla $ign)","Kid Ink,Juicy J,Cash Out,Boosie Badazz,Ty Dolla $ign",142,10B,64,2023-06-20,04:31,20,"crunk, southern hip hop, trap soul","Kid Ink",2014-11-10,89,0,0,35,10,10,-5,D Major,4,0PKMpGYwAUoSbmFdIOkRR3,FR5R00904431
720,"Funeral","Miguel",96,10B,31,2023-06-20,02:15,1,"r&b","Funeral",2019-11-01,74,4,3,17,0,10,-10,D Major,4,782CIMTujSmNFrRuAVhsqd,USRC11903399
721,"Suit & Tie (feat. JAY-Z)","Justin Timberlake,JAŸ-Z",102,10A,60,2023-06-20,05:26,71,"hip hop, east coast hip hop, rap","The 20/20 Experience (Deluxe Version)",2013-03-15,80,10,0,36,20,10,-4,B Minor,4,6vt0I1cw1YmAIKDJvHVIM5,USRC11300004
722,"Smooth Criminal - 2012 Remaster","Michael Jackson",118,4B,98,2023-06-20,04:17,78,"","Bad 25th Anniversary",2012-09-18,85,25,47,60,0,30,-4,G#/A♭ Major,4,2bCQHF9gdG5BNDVuEIEnNk,USSM11204989
723,"Monster (Shawn Mendes & Justin Bieber)","Shawn Mendes,Justin Bieber",146,7A,38,2023-06-20,02:58,69,"","Monster",2020-11-20,65,7,0,55,0,0,-7,D Minor,4,2Z8yfpFX0ZMavHkcIeHiO1,USUM72018810
724,"Kiss Kiss (feat. T-Pain)","Chris Brown,T-Pain",140,3A,66,2023-06-20,04:10,79,"r&b, ","Exclusive (Expanded Edition)",2007-11-06,73,5,0,55,20,0,-3,A#/B♭ Minor,3,3wKKkGVn7cVSfgPeYYIiXG,USJI10700577
725,"So Beautiful","DPR IAN",122,6A,72,2023-06-25,03:07,45,"k-rap","So Beautiful",2020-10-26,80,28,0,78,0,0,-5,G Minor,4,3aPUPt18WCBy8pYAWn77Py,QMBZ92080093
726,"Sparks","Coldplay",103,3B,27,2023-06-26,03:47,90,"","Parachutes",2000-07-10,37,75,5,17,0,10,-11,C♯/D♭ Major,3,7D0RhFcb3CrfPuTJ0obrod,GBAYE0000569
727,"Whatcha Say","Jason Derulo",144,1B,71,2023-06-26,03:41,78,"","Jason Derulo (International)",2010-02-24,62,4,0,71,0,10,-6,B Major,4,7xkQdy0cy5ymoWT7nedvLz,USWB10901504
728,"Way","Swaralaya",160,9B,73,2023-06-27,03:45,0,"","Way",2021-09-21,45,9,0,56,0,10,-7,G Major,4,09piKnjL3wbmfmZdF1MwOf,TCAFT2148658
729,"Billion Steps To Go","The Secret",152,7B,51,2023-06-27,03:28,0,"","Billion Steps To Go",2023-06-23,39,76,0,21,0,10,-8,F Major,4,69Nw0AoZmNEObxb8mGj2si,FRX872303303
730,"Orange Colored Sky","New York Voices",129,5B,45,2023-06-28,03:54,23,"vocal jazz, big band","Sing! Sing! Sing!",2001-01-01,65,65,0,65,0,20,-8,D#/E♭ Major,4,6rNq5xAxcEI1XVuM6d2YSm,USC4R0303586
731,"blue","Kamal.",128,10A,26,2023-06-30,03:04,57,"","blue",2020-05-20,73,67,0,17,20,10,-14,B Minor,3,7pt64sepCy5QmDrgy9wOJS,GBUM72002067
732,"I Am a Fool to Want You","Chet Baker",96,5A,3,2023-06-30,08:41,33,"jazz, cool jazz, vocal jazz, jazz ballads","As Time Goes By",1990-00-00,43,95,23,11,0,10,-24,C Minor,3,06M6Mfoe1LX1ecPvHL7UQt,NLA410814737
733,"Falling Slowly","Glen Hansard,Markéta Irglová",137,8B,21,2023-06-30,04:04,60,"","Once (Music From The Motion Picture)",2007-05-22,34,68,0,15,0,10,-12,C Major,4,6EIVLz5xM1xE29r0OmIkWt,USLIC0700662
734,"Heebiejeebies","Aminé,Kehlani",107,3B,47,2023-06-30,03:41,21,"","R&Bae",2017-07-07,76,37,0,53,10,10,-9,C♯/D♭ Major,4,7efcsFcIKhedScs9xHdvoS,USUG11700787
735,"Photograph","Ed Sheeran",108,12B,38,2023-06-30,04:18,88,"soft pop","x (Deluxe Edition)",2014-06-21,61,61,0,20,0,10,-10,E Major,4,1HNkqx9Ahdgi1Ixy2xkKkL,GBAHS1400094
736,"Famous","Ty Dolla $ign",78,2B,30,2023-06-30,03:20,35,"trap soul","Beach House 3",2017-10-27,56,69,0,58,0,30,-10,F#/G♭ Major,3,0DowsITFvHqUqg96WQR3s5,USAT21703923
737,"24K Magic","Bruno Mars",107,3B,80,2023-06-30,03:45,86,"","24K Magic",2016-11-18,82,3,0,63,0,10,-4,C♯/D♭ Major,4,6b8Be6ljOzmkOmFslEb23P,USAT21602944
738,"Stay","Post Malone",86,7B,48,2023-06-30,03:24,71,"","beerbongs & bentleys",2018-04-27,51,45,0,35,0,10,-5,F Major,4,4H7WNRErSbONkM06blBoGc,USUM71805172
739,"Ice Box","Omarion",131,4B,73,2023-06-30,04:16,61,"r&b","21",2006-12-26,78,19,0,82,10,10,-5,G#/A♭ Major,4,5qhlC4Rzals34zxovrPzKp,USSM10606021
740,"Just My Type","The Vamps",125,7A,87,2023-06-30,03:31,61,"","Night & Day (Day Edition)",2018-07-13,61,0,0,52,0,0,-4,D Minor,4,29VLdEqFvd0l4JFscCnrp7,GBUM71801469
741,"Corner Store (feat. Dave B & Travis Thompson)","Macklemore,Dave B.,Travis Thompson",146,1B,43,2023-06-30,04:33,49,"","GEMINI",2017-09-22,85,12,0,82,40,30,-10,B Major,4,4m4aiyWCBH011DhxQeoWt1,QZ8TY1700023
742,"Lie","NF",95,7B,66,2023-06-30,03:29,76,"christian hip hop","Perception",2017-10-06,75,16,0,19,10,20,-6,F Major,4,07FkzikE6FuHIa8Ma7zJGc,USUM71708227
743,"cheers (with Wiz Khalifa)","blackbear,Wiz Khalifa",98,11B,64,2023-06-30,03:21,52,"","cheers (with Wiz Khalifa)",2020-12-25,80,5,0,67,0,10,-4,A Major,4,294CLJ9yQQZ7fg9QB7ve16,USUG12004797
744,"Happier","Marshmello,Bastille",100,7B,79,2023-07-01,03:34,10,"edm, ","Happier",2018-08-17,69,19,0,67,0,10,-3,F Major,4,2dpaYNEQHiRxtZbfNsse99,USUG11801651
745,"Burned By The Love (Acoustic)","Juke Ross",128,4B,6,2023-07-01,03:16,21,"","Chapter 2",2020-06-19,65,86,0,28,0,10,-15,G#/A♭ Major,4,3T7e8Ido49J1ou8dcAmq0z,USRC11901516
746,"Jonah","Kanye West",177,8A,43,2023-07-01,03:15,56,"rap","Donda",2021-08-29,46,80,0,13,20,20,-8,A Minor,4,35acXjupfWHgtchiS6yAjC,USUM72116302
747,"Praise God","Kanye West",118,3B,55,2023-07-01,03:46,74,"rap","Donda",2021-08-29,80,1,0,21,10,20,-6,C♯/D♭ Major,4,0WSEq9Ko4kFPt8yo3ICd6T,USUM72116287
748,"Hurricane","Kanye West,The Weeknd,Lil Baby",80,8B,56,2023-07-01,04:03,68,"rap, ","Donda",2021-08-29,59,5,0,35,10,10,-7,C Major,4,6Hfu9sc7jvv6coyy2LlzBF,USUM72116311
749,"Off The Grid","Kanye West",138,4B,64,2023-07-01,05:39,68,"rap","Donda",2021-08-29,55,4,0,63,30,10,-6,G#/A♭ Major,4,6LNoArVBBVZzUTUiAX2aKO,USUM72116304
750,"God Breathed","Kanye West",93,6B,31,2023-07-01,05:33,51,"rap","Donda",2021-08-29,33,29,0,8,0,10,-7,A#/B♭ Major,3,5JaSg0AYyAMMLjyGGDrrCm,USUM72116306
751,"Jail","Kanye West",110,12B,57,2023-07-01,04:57,61,"rap","Donda",2021-08-29,46,54,0,59,0,0,-7,E Major,4,6d8HN8MqqbqrEUI2bvx0aG,USUM72116263
752,"Jamirobeegees Mashup: Stayin' Alive / Virtual Insanity","Pomplamoose",95,2A,87,2023-07-01,02:52,42,"","Jamirobeegees Mashup: Stayin' Alive / Virtual Insanity",2018-05-25,64,21,0,82,10,0,-4,D#/E♭ Minor,4,1xWaf4Gu6CihGd2s0NaaPV,QZ22B1952125
753,"Sunday Morning","Scott Bradlee's Postmodern Jukebox",89,10B,66,2023-07-01,03:37,25,"swing music, jazz pop, electro swing","Fake Blues",2017-04-06,42,53,0,73,0,0,-6,D Major,4,6le5eJ5WNmiq7FMNPMr6Th,GBDMT1700169
754,"Fly Me To The Moon - 2008 Remastered","Frank Sinatra,Count Basie",120,9A,30,2023-07-01,02:27,68,"christmas, big band, adult standards, swing music, jazz, vocal jazz","Nothing But The Best (2008 Remastered)",2008-05-13,62,55,0,38,0,0,-12,E Minor,4,7FXj7Qg3YorUxdrzvrcY25,USRH10723029
755,"Watertown - 2022 Mix","Frank Sinatra",77,7B,33,2023-07-01,03:36,32,"christmas, big band, adult standards, swing music, jazz, vocal jazz","Watertown (Deluxe Edition / 2022 Mix)",1970-03,34,52,0,51,0,10,-14,F Major,4,15AD0dVRa56knhKRVJrhtY,USUG12200350
756,"I Fall In Love Too Easily","Chet Baker",129,5A,7,2023-07-01,03:21,68,"jazz, cool jazz, vocal jazz, jazz ballads","Chet Baker Sings",1956-00-00,53,94,0,29,0,0,-19,C Minor,4,0F845nujLVqCb0XMZCh5Pc,USBN28900070
757,"Time After Time","Chet Baker",181,5A,14,2023-07-01,06:47,40,"jazz, cool jazz, vocal jazz, jazz ballads","Cool Jazz For Hot Nights",2000-01-01,36,96,1,12,0,0,-13,C Minor,3,78lAdJFOmJZ5I6Ml9YjteG,GBCWU0600370
758,"I Want You Around","Snoh Aalegra",168,12B,43,2023-07-07,03:32,68,"alternative r&b","- Ugh, those feels again",2019-08-16,71,38,13,60,20,0,-10,E Major,4,2gjidmxtA1pyj2HYrdOTG1,QZG9T1900002
759,"BEEN HIGH","Amber Ryann",150,10A,82,2023-07-07,02:51,19,"","A SIGN OF THE TIMES (Collection)",2021-11-12,74,7,0,91,0,30,-6,B Minor,4,6UqwRfFq70VN8z8C87a1Ue,QZ93L2131794
760,"Think I'm In Love","Richard Fairlie",153,12A,74,2023-07-07,02:13,0,"","Think I'm In Love",2023-01-06,66,2,0,77,0,10,-8,C♯/D♭ Minor,4,4DdNJPSeSHacmc04nlvwx1,UKP8W2200035
761,"Why Do I Still? [feat. May Angeles] - Unplugged","Nieman,May Angeles",109,9B,32,2023-07-08,04:11,40,"pinoy indie, christian jazz, christian edm, christian pop, christian lo-fi","Why Do I Still? [feat. May Angeles] (Unplugged)",2017-07-06,55,77,0,49,0,10,-8,G Major,1,34p3Kw1fR2POzyLDZkLT62,UST8K1739042
762,"The Rest of My Life","Brian McKnight",140,12B,36,2023-07-09,04:44,43,"quiet storm, r&b","Ten (U.S. Version)",2006-12-05,42,36,0,14,0,0,-10,E Major,3,7GqVZVo8kSTR71Ohq98web,USWB10606088
763,"OVERDRIVE (English Ver.)","WEi",80,5B,81,2023-07-10,03:15,22,"k-pop","OVERDRIVE (English Ver.)",2023-07-10,69,13,0,77,10,0,-2,D#/E♭ Major,4,52RU9Lvg66w5Jg9ENBdfpf,KRA382318455
764,"Hard to love (feat. KINO)","Kriz,KINO",88,9A,81,2023-07-10,03:34,10,"","Hard to love (feat. KINO)",2019-11-01,73,49,0,41,20,10,-5,E Minor,4,24jdTmyX6Ww7tk1l69F0lR,QZF452002061
765,"Rebound","WOODZ",110,3A,54,2023-07-11,02:58,38,"k-rock, k-pop","SET",2021-03-15,38,6,0,13,0,10,-8,A#/B♭ Minor,4,0naU7W4XICqrfTtwEzMu2x,KRMIM2107941
766,"Thinkin bout you","WOODZ",94,5A,61,2023-07-11,02:51,42,"k-rock, k-pop","ONLY LOVERS LEFT",2021-10-05,64,3,0,57,0,0,-5,C Minor,4,4lZf4hG43HUtXPqnUFp5O4,KRMIM2140365
767,"Mercy","Shawn Mendes",148,10A,66,2023-07-11,03:28,82,"","Illuminate (Deluxe)",2017-04-20,55,13,0,34,0,10,-5,B Minor,4,0AS63m1wHv9n4VVRizK6Hc,USUM71603531
768,"Can't Let Go","Anthony Hamilton",128,6B,50,2023-07-11,03:52,51,"neo soul, r&b, quiet storm","Ain't Nobody Worryin'",2005-12-13,65,58,0,37,10,10,-7,A#/B♭ Major,4,4mBy2d5IY5rQkidZBKXxfT,USAR10500667
769,"How Long","Charlie Puth",110,12A,56,2023-07-11,03:20,79,"soft pop","Voicenotes",2018-05-11,85,21,0,81,0,0,-5,C♯/D♭ Minor,4,6wmAHw1szh5RCKSRjiXhPe,USAT21702278
770,"As Long As You Love Me","Justin Bieber,Big Sean",140,5A,87,2023-07-11,03:49,79,"","Believe (Deluxe Edition)",2012-06-15,57,8,0,61,10,30,-3,C Minor,4,0pwYLVXVknPSGUQb39cePC,USUM71205320
771,"Cold as Stone (feat. Charlotte Lawrence)","Kaskade,Charlotte Lawrence",130,9B,64,2023-07-11,04:00,32,"edm, ","Cold as Stone (feat. Charlotte Lawrence)",2018-03-16,50,59,0,44,0,10,-4,G Major,4,5jfF26NIqQV3DXMOVgqEli,DEE861800435
772,"Multiply","WOODZ",73,7B,77,2023-07-11,03:02,46,"k-rock, k-pop","ONLY LOVERS LEFT",2021-10-05,50,2,0,71,30,20,-6,F Major,4,59kfMcUIck0QQaMLsFZK6g,KRMIM2140364
773,"In My Blood","Shawn Mendes",140,7B,71,2023-07-11,03:31,74,"","Shawn Mendes",2018-05-25,62,6,0,49,0,10,-7,F Major,4,2QZ7WLBE8h2y1Y5Fb8RYbH,USUM71803183
774,"we all try","ocean sixteen",147,10B,64,2023-07-11,02:52,0,"","we all try",2023-04-21,63,32,0,54,20,20,-15,D Major,4,0kv8k2BIGzkWZeEBVofTrj,QZHNB2338034
775,"Dirt on my leather","WOODZ",124,9A,83,2023-07-11,02:35,44,"k-rock, k-pop","COLORFUL TRAUMA",2022-05-04,60,0,0,58,0,30,-2,E Minor,4,4r8Hu90hCjZgwAr2f65l6G,KRMIM2214572
776,"Merry Go","DPR IAN",147,1A,64,2023-07-18,03:10,56,"k-rap","Moodswings In To Order",2022-07-29,57,50,0,34,0,20,-7,G#/A♭ Minor,4,20TNOr28Qj4kuOfzYRNXKn,QM6N22250350
777,"A Thousand Miles","Vanessa Carlton",95,1B,83,2023-08-01,03:57,82,"","Be Not Nobody",2002-04-30,56,32,0,27,0,10,-4,B Major,4,4w1lzcaoZ1IC2K5TwjalRP,USIR10210955
778,"Dancing In The Courthouse","Dominic Fike",77,10B,76,2023-08-01,02:39,47,"","Dancing In The Courthouse",2023-04-14,57,9,0,72,0,30,-5,D Major,4,4ZwgD4frTwoDdOUsjyoqAJ,USQX92301814
779,"Here With Me","d4vd",132,12B,45,2023-08-01,04:02,21,"","Petals to Thorns",2023-05-26,57,53,0,26,0,10,-9,E Major,4,5LrN7yUQAzvthd4QujgPFr,QZMEM2209263
780,"Favorite Song","Toosii",116,10B,38,2023-08-01,03:28,66,"","Favorite Song",2023-02-17,81,28,0,43,0,10,-9,D Major,4,1SRw5p2lVAi7RGlHEmZg66,USUM72301797
781,"Somebody Else","The 1975",101,8B,79,2023-08-01,05:47,76,"","I like it when you sleep, for you are so beautiful yet so unaware of it",2016-02-26,62,20,1,46,0,10,-6,C Major,4,4m0q0xQ2BNl9SCAGKyfiGZ,GBK3W1500426
782,"Be My Mistake","The 1975",110,2B,16,2023-08-01,04:16,67,"","A Brief Inquiry Into Online Relationships",2018-11-30,58,83,0,9,0,0,-14,F#/G♭ Major,3,18UsAG7SfOQ5sxJEdjAMH0,GBK3W1800833
783,"Daylight","David Kushner",130,7A,43,2023-08-01,03:32,13,"","Daylight",2023-04-14,51,83,0,32,0,0,-9,D Minor,4,1odExI7RdWc4BT515LTAwj,QZXDB2300005
784,"Those Eyes","New West",120,12B,35,2023-08-01,03:40,79,"","Those Eyes",2019-05-10,59,71,0,25,0,30,-8,E Major,3,50x1Ic8CaXkYNvjmxe3WXy,TCAEE1990215
785,"Gotta Move On (feat. Bryson Tiller)","Diddy,Bryson Tiller",103,11B,68,2023-08-02,02:40,50,"hip hop, east coast hip hop, trap soul, r&b","Gotta Move On (feat. Bryson Tiller)",2022-06-17,70,55,0,56,0,0,-5,A Major,4,3K9IrLs25jHtvWjAAFAfav,USUG12203041
786,"Junk Truck Head Fuck","DMA'S",117,9B,31,2023-08-02,02:34,0,"","I Love You Unconditionally, Sure Am Going to Miss You",2021-08-20,61,57,0,22,0,10,-12,G Major,4,6yBM8kKrwXCImcVT1v9oC7,AULI02140220
787,"Breakup Season","Maya Delilah,Samm Henshaw",86,8B,60,2023-08-02,03:12,47,"uk r&b","Breakup Season",2021-06-11,71,58,0,67,0,10,-8,C Major,4,7xPOV2FPzi7zaYBZnQytOW,GBKPL2153168
788,"What Was I Made For? [From The Motion Picture  Barbie ]","Billie Eilish",79,8B,8,2023-08-02,03:42,85,"","What Was I Made For? [From The Motion Picture  Barbie ]",2023-07-13,39,95,0,11,0,10,-18,C Major,4,6wf7Yu7cxBSPrRlWeSeK0Q,USUM72307484
789,"I'm Just Ken","Ryan Gosling",140,3B,63,2023-08-02,03:42,61,"","Barbie The Album",2023-07-21,35,3,0,39,0,10,-6,C♯/D♭ Major,4,3zXIvb4nZ3cTdT8CsbTy3U,USAT22305736
790,"Planet With Water","Charlie Hickey",103,3B,25,2023-08-02,03:07,25,"","Nervous At Night",2022-05-20,63,91,0,60,0,0,-12,C♯/D♭ Major,4,5ScvUK3JuwyxH3i1HMVqKp,USJ5G2100911
791,"Playing On My Mind","The 1975",81,2B,33,2023-08-02,03:24,45,"","Notes On A Conditional Form",2020-05-22,48,90,0,40,0,10,-12,F#/G♭ Major,4,2q3s94g1UFU90IinOiFmDQ,GBK3W1901078
792,"Deep Deep Sleep","WOODZ",125,12A,39,2023-08-05,02:22,43,"k-rock, k-pop","OO-LI",2023-04-26,51,77,0,8,0,10,-10,C♯/D♭ Minor,3,3Lqqyxa50G38xD98547B1Z,KRA382301987
793,"Attention","Charlie Puth",100,2A,61,2023-08-08,03:28,88,"soft pop","Voicenotes",2018-05-11,78,11,0,80,0,10,-5,D#/E♭ Minor,4,5cF0dROlMOK5uNZtivgu50,USAT21700928
794,"Welcome To The Show","DPR IAN",84,4B,48,2023-08-26,03:25,51,"k-rap","Moodswings In This Order",2021-03-11,49,70,0,23,0,30,-6,G#/A♭ Major,4,3Gh9maavHOFRoRkzVw0a6Q,QM4TW2168151
795,"Scaredy Cat","DPR IAN",120,4A,69,2023-08-26,02:50,58,"k-rap","Moodswings In This Order",2021-03-11,80,13,0,89,0,0,-4,F Minor,4,4LkXtklCusSbi6UxYWgH8B,QM4TW2168148
796,"Miss Understood","DPR IAN",118,11A,62,2023-08-26,03:20,51,"k-rap","Moodswings In To Order",2022-07-29,52,53,3,79,0,10,-10,F#/G♭ Minor,4,7hu1jbKiv9hHkjeeZ1L1TB,QM6N22250346
797,"Seraph","DPR IAN",94,3B,40,2023-08-26,02:26,47,"k-rap","Moodswings In To Order",2022-07-29,27,78,8,4,0,10,-10,C♯/D♭ Major,4,63fKobYkOInUrQL1Kb1oME,QM6N22250312
798,"THE GODS CAN BLEED","DPR IAN",140,7A,49,2023-08-26,01:45,41,"k-rap","DPR ARCHIVES Part 2",2023-03-17,54,83,91,15,0,10,-10,D Minor,4,3OqRChB1UpEAElJjzPyqt3,QM4TX2333374
799,"Leave The Door Open","Bruno Mars,Anderson .Paak,Silk Sonic",148,7B,62,2023-08-26,04:02,72,"","An Evening With Silk Sonic",2021-11-12,59,18,0,72,0,0,-8,F Major,4,4pryE6cN2gFL1FVF5fYINl,USAT22100906
800,"Nerves","DPR IAN",140,10A,66,2023-08-26,03:15,61,"k-rap","Moodswings In This Order",2021-03-11,63,26,0,32,0,10,-5,B Minor,4,2qwplOI7upNGwg2mLVrraw,QM4TW2168146
801,"MITO","DPR IAN",145,1B,73,2023-08-26,01:39,45,"k-rap","Moodswings In This Order",2021-03-11,63,9,9,46,0,10,-7,B Major,4,4rwMtWf0ZanBaavUKROaXe,QM4TW2168121
802,"Calico","DPR IAN",100,3A,52,2023-08-26,03:42,58,"k-rap","Moodswings In To Order",2022-07-29,87,29,0,79,0,0,-8,A#/B♭ Minor,4,6rgMOrZmsa3eKZfRSw1587,QM6N22250356
803,"Peanut Butter & Tears","DPR IAN",100,3A,74,2023-08-26,03:45,46,"k-rap","Peanut Butter & Tears",2023-08-04,53,0,0,90,0,30,-6,A#/B♭ Minor,4,05QrjMU5kHV7dpyNmSxqdv,QMBZ92309795
804,"MITO REBORN","DPR IAN",123,10A,65,2023-08-26,01:22,42,"k-rap","DPR ARCHIVES Part 2",2023-03-17,22,8,0,18,0,10,-8,B Minor,4,51TanfxAHuzyhQa3DBvnO1,QM4TX2333377
805,"7Villaz","DRIPPIN",106,9B,60,2023-08-27,01:14,9,"k-pop","DRIPPIN 3rd Mini Album [Villain]",2022-01-17,76,2,72,44,10,10,-6,G Major,4,1AvS03GqtA1iVUUIg9jz92,KRA382264639
806,"Intro : Lost","KIM WOO SEOK",100,11A,68,2023-08-27,01:58,14,"k-pop","1ST DESIRE [GREED]",2020-05-25,69,2,0,50,0,40,-7,F#/G♭ Minor,4,2O1dmuMVFkZw6yU1kXXhUP,KRA382001636
807,"Creep","Radiohead",92,9B,43,2023-08-28,03:58,93,"art rock, alternative rock","Pablo Honey",1993-02-22,52,1,0,10,0,10,-10,G Major,4,70LcF31zb1H0PyJoS1Sx1r,GBAYE9200070
808,"the perfect pair","beabadoobee",146,1B,66,2023-09-01,02:57,84,"bedroom pop","Beatopia",2022-07-15,63,43,12,60,0,10,-7,B Major,4,41P6Tnd8KIHqON0QIydx6a,GBK3W2202093
809,"The Beach House","Space Doves",84,8B,30,2023-09-02,02:37,21,"","Dive",2021-03-01,73,20,16,52,0,10,-13,C Major,4,3N38bT3sR1etI9dpfTS6Ni,IL6652102347
810,"Berlin","James Forest",120,11B,13,2023-09-02,06:36,10,"","James Forest & the East Road",2017-04-18,33,65,35,11,0,10,-17,A Major,3,5QbEK5NVaLpfJfSakM1UOB,CAQ9V1600020
811,"Brief Moment","Caleb Etheridge",130,1A,45,2023-09-02,01:00,18,"","Sea of Clouds",2017-00-00,46,95,95,36,0,10,-10,G#/A♭ Minor,4,0R2L8OGsDau8GX1WGx5995,QZGWW2083532
812,"California","Ethan Dufault",75,11B,66,2023-09-02,03:21,48,"christian edm","What If",2021-01-29,61,14,0,31,0,0,-7,A Major,4,6DpDUsVgeAGSO82NgDKxFM,GBKPL2024941
813,"Carmen","Esteban Maxera Cuarteto",112,10B,83,2023-09-02,07:20,2,"jazz fusion","Paisajes",2019-03-21,53,24,85,55,0,10,-5,D Major,4,3cTT5J0bv3ss4eyxiyON2X,CA5KR1917920
814,"Cityscapes","vern matz",119,5B,36,2023-09-02,02:47,19,"","Bobblehead",2019-01-24,67,69,0,30,0,10,-11,D#/E♭ Major,4,5ZYSx7qXCFMQ2k1SvyXbaZ,TCAEA1963010
815,"Distant Dreams","Evert Z",73,8B,12,2023-09-02,03:05,3,"","Into the Unknown",2020-11-18,22,96,85,4,0,0,-22,C Major,3,5M4IxSE2ksHX5IswMQoL0g,QZNWU2058574
816,"Down To Get Up Again","Michael Shynes",97,5B,46,2023-09-02,04:44,0,"","Cry No More",2021-06-11,61,76,0,45,0,10,-9,D#/E♭ Major,4,4f2DaHi0ebDkqhq4TghMaz,QZP7F2125366
817,"For a Summer","Sarah Kang",170,12A,47,2023-09-02,03:03,36,"","For a Summer",2019-07-24,56,61,0,18,20,10,-9,C♯/D♭ Minor,4,7wAJxSabDf4O1w8dTUwqkG,QZFZ21972902
818,"Gratitude","Aves,Bel-Ami",81,12B,38,2023-09-02,04:13,14,"funky house, disco house","Try So Hard",2021-03-25,64,82,40,44,20,10,-10,E Major,4,28SrTgpxxij2vquyVbFuEZ,IL6652102480
819,"Hey Highway","Southern Call",85,10B,37,2023-09-02,03:32,0,"","Hey Highway",2019-08-02,55,77,0,38,0,0,-12,D Major,4,78jMAVvZZEqBwq9E7ssp1n,QZFZ41936193
820,"Homesick","Joel Ansett",121,1A,37,2023-09-02,03:09,0,"christian folk","A Place I Knew Before",2019-08-22,67,74,1,38,0,10,-13,G#/A♭ Minor,3,4Xdn0SxqP1bWqzmDKjvyTD,GBKPL1959498
821,"I Choose You","Ryann Darling",73,8B,23,2023-09-02,05:41,0,"","I Choose You",2017-03-03,55,94,0,23,0,10,-10,C Major,4,3dLRK3SKATbzMd1tcAzsJz,USCGJ1713126
822,"Moon","Space Doves",143,7B,15,2023-09-02,03:16,8,"","Dive",2021-03-01,24,87,26,5,0,20,-19,F Major,4,1jsAnYehxOEv7DoHlJpzql,IL6652102344
823,"My World","Jasmine J Walker",101,3A,74,2023-09-02,03:17,18,"","Chasing Freedom",2021-07-16,76,8,0,73,10,20,-6,A#/B♭ Minor,4,4dvgEc3gy3USX3vE6jImMp,IL6652102812
824,"Need a Lover","Bubble Boys",187,12B,94,2023-09-02,01:54,23,"egg punk, garage rock","Sticky Sitch",2018-04-13,18,0,95,83,0,30,-5,E Major,4,42oL4QcEvR6HO6GQQ5ujc3,ushm21885643
825,"Old Boyfriends","Phillip Vo",170,12B,53,2023-09-02,03:20,37,"","Old Boyfriends",2020-04-10,72,58,0,72,40,10,-12,E Major,4,4MRSyWThy87Aq1veOrO7lW,uscgj2093669
826,"Pray","Duce Williams",94,7B,35,2023-09-02,03:18,10,"","Ethereal",2021-02-05,26,21,0,27,0,20,-11,F Major,1,12LjQoXeUE4UoAWHNpbSDf,IL6652002166
827,"Rain on Me","Jason L. Smith",79,10B,30,2023-09-02,09:50,0,"","Rain on Me",2020-07-03,66,85,0,31,20,20,-17,D Major,4,15VTK4CnjvqfaUxNHSE4Nh,USA2P2022148
828,"Signs of Summer","Ty Simon",92,8B,69,2023-09-02,02:00,0,"","Seasons",2021-01-15,82,13,34,83,0,0,-10,C Major,4,171NCIjGnMrTArasPrgBps,IL6652002109
829,"So Bad","Ethan Dufault",113,11B,52,2023-09-02,02:31,45,"christian edm","What If",2021-01-29,81,7,0,63,0,0,-7,A Major,4,1ZtjszSbYrbTQPKKNnVsCj,GBKPL2010815
830,"Springtime Blessings","Brock Hewitt: Stories in Sound,The David Roy Collective",140,1B,53,2023-09-02,02:01,5,"","His Story of Wisdom",2021-08-01,56,72,96,29,0,10,-14,B Major,4,0QQLBC1F0lHE80yuiiG5xD,QZGWX2171504
831,"Starlight","Paper Planes",92,3B,33,2023-09-02,02:52,26,"","Starlight",2021-02-05,60,85,93,4,0,10,-18,C♯/D♭ Major,4,43mDE7L8QxHNvmB6xLF1Up,QZHN52023628
832,"Starry-Eyed","Ziv Moran",95,10B,41,2023-09-02,02:28,5,"","Starry-Eyed",2020-07-15,58,58,85,15,0,10,-14,D Major,4,2AklpfR8drLpM4BMZ3XsB5,IL6651800403
833,"Street Dreams","Julian Hartwell Project",81,4A,39,2023-09-02,10:06,0,"","The Julian Hartwell Project",2015-10-30,59,52,90,49,0,0,-10,F Minor,4,2G5m63F56Ah4fD8hh1F5MN,TCACJ1513083
834,"Sugar","Katrina Stone",144,8B,48,2023-09-02,02:30,14,"","Never Wanna Grow Up",2016-08-01,70,67,0,69,10,20,-5,C Major,4,3OveMr9KYCizleETpQQzlI,USE831583040
835,"A Thousand Little Fires","Anthony Lazaro",75,7B,32,2023-09-02,03:35,29,"jazz pop","Rock Paper Scissors",2019-03-21,69,62,0,52,0,10,-14,F Major,4,0E6HuRitShaYdURgPKjvHa,QZDA51893936
836,"Under a Blanket","Muted",134,11B,1,2023-09-02,02:54,41,"","Silhouettes",2020-08-03,24,98,94,6,0,10,-25,A Major,4,6cWoOFFhgmKbXIvK3b5m6y,IL6651900920
837,"Voice","Oak and Cherry",150,9B,11,2023-09-02,04:07,14,"","Oak and Cherry",2017-12-14,41,88,77,18,0,0,-19,G Major,3,0CQeuAtd7ckHObe6xD5uuu,QZANL1793498
838,"invisible string","Taylor Swift",83,9A,45,2023-09-02,04:12,74,"","folklore",2020-07-24,65,84,0,45,0,10,-11,E Minor,4,6VsvKPJ4xjVNKpI8VVZ3SV,USUG12002845
839,"Paris in the Rain","Lauv",80,5B,41,2023-09-05,03:24,2,"","I met you when I was 18. (the playlist)",2018-05-31,41,77,0,53,0,30,-9,D#/E♭ Major,4,2MOoIbJWIYikwIXjBDe26i,GBWWP1703276
840,"Push It Right","MOTi,Laura White",125,6A,83,2023-09-05,02:45,38,"big room, future house, edm, ","Push It Right",2020-06-19,64,1,2,44,0,30,-5,G Minor,4,4M61DpNzoLws32l7tvAbYL,NLUM72000515
841,"Deep End","Jay Sean",140,6A,66,2023-09-05,03:31,23,"","Neon",2010-01-01,67,0,0,46,0,10,-7,G Minor,4,1NRotk60WUR3YyYA7Pty2K,USCM51300565
842,"No Place Like Home (feat. JONES)","HONNE,JONES",140,8B,50,2023-09-07,04:33,34,"","Gone Are the Days (Shimokita Import)",2016-01-22,28,40,1,13,0,0,-9,C Major,4,3VgNYKxGoL5FeGh7jBQjU0,GBAHS1500378
843,"BOY","Charlie Puth",93,3B,77,2023-09-08,04:23,58,"soft pop","Voicenotes",2018-05-11,73,15,0,65,0,0,-6,C♯/D♭ Major,4,7aSvPfoqiM0zwPqupLGaHd,USAT21702283
844,"Girls Like You","Tone Stith",122,3B,46,2023-09-09,02:53,33,"trap soul, r&b","Girls Like You",2023-06-30,70,28,0,75,30,0,-7,C♯/D♭ Major,4,2Q2VlgK3KJcuZJUCyX5miq,USRC12300433
845,"Cold in LA","Why Don't We",110,4B,62,2023-09-13,03:26,49,"","Cold in LA",2019-02-14,68,13,0,73,0,10,-6,G#/A♭ Major,4,2soCr3tI1sJ6lFrxBPQVzQ,USAT21901371
846,"You","Regard,Troye Sivan,Tate McRae",106,8B,70,2023-09-14,03:53,70,"","You",2021-04-16,69,6,0,51,0,0,-6,C Major,4,2cc8Sw1OnCuA5bV8nqWqpE,GBCEN2100035
847,"Warm on a Cold Night","HONNE",83,4B,61,2023-09-14,04:21,53,"","Warm on a Cold Night (Deluxe)",2016-07-13,34,19,0,40,0,0,-6,G#/A♭ Major,4,6Dg2RJihNlbkLSmtXY3p5f,GBG7F1400501
848,"Dancing Queen","ABBA",101,11B,87,2023-09-14,03:50,87,"","Arrival",1976-00-00,54,36,0,75,0,70,-7,A Major,4,0GjEhVFGZW8afUYGChu3Rr,SEAYD7601020
849,"Godspeed","Frank Ocean",110,2B,10,2023-09-16,02:57,79,"","Blonde",2016-08-20,40,93,0,8,0,10,-13,F#/G♭ Major,4,34xTFwjPQ1dC6uJmleno7x,QZ5C81600016
850,"Steal The Show - From  Elemental ","Lauv",93,9B,64,2023-09-18,03:11,48,"","Steal The Show (From  Elemental )",2023-06-02,62,34,0,41,0,10,-7,G Major,4,6R5fYCySNHrqo4Og6O1ppn,USWD12326770
851,"The City","Grace VanderWaal",76,11B,55,2023-09-18,04:10,26,"","LETTERS: VOL. 1",2019-11-22,48,27,0,23,0,0,-8,A Major,4,7C7W7eWJj5UEGhNtBMmJ0k,USSM11913929
852,"4x4","Dominic Fike",152,6B,26,2023-09-19,02:47,55,"","Sunburn",2023-07-07,63,93,0,45,0,10,-10,A#/B♭ Major,4,3frC55hy41BhQK65FiJK7q,USQX92301818
853,"Gonna Make You Sweat","Danceteria",114,4A,95,2023-09-21,04:08,3,"","Breakdance Classics - Oldschool Edition",2010-07-16,77,0,69,85,0,0,-7,F Minor,4,5A3fLmNl57pr4JZQKl13V5,DEA310600477
854,"Down with the Sickness","Disturbed",90,2A,88,2023-09-21,04:39,80,"metal, nu metal, alternative metal, rap metal, hard rock","The Sickness",2000-03-07,70,0,0,94,0,10,-4,D#/E♭ Minor,4,40rvBMQizxkIqnjPdEWY1v,USGI19900180
855,"Wassup Gwayy","Famous Sally & YB",153,10B,45,2023-09-21,02:24,0,"","Wassup Gwayy",2023-06-15,86,2,0,41,30,0,-9,D Major,4,5CQ0tp4ZdSrzj2ev9yieVV,QZMEN2368397
856,"Just the Way You Are","Bruno Mars",109,7B,84,2023-09-29,03:40,88,"","Doo-Wops & Hooligans",2010-05-11,64,1,0,42,0,0,-5,F Major,4,7BqBn9nzAq8spo5e7cZ0dJ,USAT21001269
857,"Twinkle Twinkle Little Star","Super Simple Songs",88,3B,23,2023-09-29,02:31,74,"children's music, lullaby","Twinkle Twinkle Little Star & More Kids Songs",2017-03-24,70,87,0,28,0,0,-12,C♯/D♭ Major,4,3N6kzbnfpTPB5J9NAGc1rU,TCACZ1758275
858,"Somewhere Only We Know","Keane",172,11B,67,2023-10-02,03:57,88,"","Hopes And Fears",2004-05-10,45,6,0,30,0,0,-4,A Major,4,1SKPmfSYaPsETbRHaiA18G,GBAAN0300664
859,"Paint The Town Red","Doja Cat",100,7B,54,2023-10-07,03:51,78,"","Paint The Town Red",2023-08-04,87,27,0,73,10,0,-9,F Major,4,2IGMVunIBsBLtEQyoI1Mu7,USRC12300907
860,"It Is What It Is","Jenna Raine",96,9B,66,2023-10-11,02:26,2,"","It Is What It Is",2023-07-21,81,26,0,81,0,0,-7,G Major,4,1558CwDaXSZiCplq9AaH0q,USWB12303527
861,"Everything Happens to Me","Chet Baker",116,9B,19,2023-10-21,05:05,50,"jazz, cool jazz, vocal jazz, jazz ballads","Chet Baker Sings: It Could Happen To You [Original Jazz Classics Remasters] (OJC Remaster)",2010-01-01,51,81,0,16,0,10,-15,G Major,4,4Y5fyQ5fBysC32Na5sZT3J,USC4R1016840
862,"Management","Clairo",90,9B,16,2023-10-21,03:48,49,"bedroom pop","Sling",2021-07-16,27,95,0,22,0,10,-16,G Major,4,6IemSJkHc0EHmGPRnxamG5,USUG12101901
863,"Little Changes","Clairo",63,7B,8,2023-10-21,02:40,48,"bedroom pop","Sling",2021-07-16,42,98,0,18,0,0,-22,F Major,4,3Gjj8LeMagv4Ou2p7kgQHT,USUG12101900
864,"Just For Today","Clairo",144,5B,4,2023-10-21,03:37,51,"bedroom pop","Sling",2021-07-16,38,92,0,32,0,10,-22,D#/E♭ Major,4,63O4CpEtppRmeOZ89Fb8tn,USUG12101897
865,"Partridge","Clairo",130,4A,18,2023-10-21,03:13,55,"bedroom pop","Sling",2021-07-16,67,92,1,27,0,10,-17,F Minor,4,4iBtktPvH4yfS5LR6oAQT1,USUG12101892
866,"Reaper","Clairo",148,2B,22,2023-10-21,02:39,52,"bedroom pop","Sling",2021-07-16,54,86,4,63,0,10,-20,F#/G♭ Major,4,2P0qa2otcQdjrnypyueuJl,USUG12101899
867,"Wade","Clairo",108,7B,16,2023-10-21,04:46,48,"bedroom pop","Sling",2021-07-16,61,95,1,33,0,10,-18,F Major,4,6VyCMQf7wZyZF4j9368HGK,USUG12101895
868,"Harbor","Clairo",93,2B,17,2023-10-21,04:24,57,"bedroom pop","Sling",2021-07-16,38,95,0,20,0,0,-15,F#/G♭ Major,4,57VAuR1WgKFzcpO3ujQx9A,USUG12101896
869,"Zinnias","Clairo",146,8B,42,2023-10-21,02:54,50,"bedroom pop","Sling",2021-07-16,70,67,1,78,0,30,-13,C Major,4,67bSS4aLrasUNp3EQjdHTT,USUG12101893
870,"Bambi","Clairo",84,11B,20,2023-10-21,04:37,58,"bedroom pop","Sling",2021-07-16,44,90,0,28,0,10,-15,A Major,4,6wQXjA6KWbwPT3ydQCsJ4P,USUG12101890
871,"Joanie","Clairo",121,10B,7,2023-10-21,04:45,47,"bedroom pop","Sling",2021-07-16,42,96,90,5,0,10,-20,D Major,3,1bCFgapvqHqqcuQXgnP94L,USUG12101898
872,"Blouse","Clairo",145,9B,12,2023-10-21,03:15,55,"bedroom pop","Sling",2021-07-16,32,95,0,40,0,10,-20,G Major,3,7brBeAX3RT0CMh3qbTBrIP,USUG12101894
873,"Amoeba","Clairo",111,2B,49,2023-10-21,03:48,75,"bedroom pop","Sling",2021-07-16,74,79,4,71,0,10,-12,F#/G♭ Major,4,0HAqq2GcQKyi3s87GuN7jU,USUG12101891
874,"Get Away","The Internet",110,11B,49,2023-10-21,02:30,54,"alternative r&b, neo soul","Ego Death",2015-06-26,76,40,62,37,0,10,-12,A Major,4,10SUWedx0zohs8M3OJpnA7,USQX91500960
875,"Just Sayin/I Tried","The Internet",96,1B,51,2023-10-21,06:54,47,"alternative r&b, neo soul","Ego Death",2015-06-26,49,43,9,43,10,10,-10,B Major,4,2F4JaV4P4zajoAiUkHD36b,USQX91500964
876,"Special Affair","The Internet",120,8A,41,2023-10-21,02:58,61,"alternative r&b, neo soul","Ego Death",2015-06-26,80,18,0,52,0,10,-10,A Minor,4,3NWTRZ0A8xKlBP1qgNftql,USQX91500968
877,"Somthing's Missing","The Internet",100,4A,48,2023-10-21,06:21,43,"alternative r&b, neo soul","Ego Death",2015-06-26,62,15,36,57,10,0,-9,F Minor,4,0fScVCIlDvKJYB550Fp8rM,USQX91500969
878,"Gabby (feat. Janelle Monáe)","The Internet,Janelle Monáe",157,11B,78,2023-10-21,03:33,49,"alternative r&b, neo soul","Ego Death",2015-06-26,50,1,16,66,20,20,-5,A Major,4,5xok0LRntz8qY9ljEwPV9L,USQX91500961
879,"Penthouse Cloud","The Internet",89,4B,42,2023-10-21,04:44,42,"alternative r&b, neo soul","Ego Death",2015-06-26,50,43,2,27,0,10,-12,G#/A♭ Major,4,1x0OUPKa4Rcj1jCoLI66bZ,USQX91500972
880,"Under Control","The Internet",98,9B,71,2023-10-21,04:04,54,"alternative r&b, neo soul","Ego Death",2015-06-26,71,33,1,50,0,10,-6,G Major,4,2kBHv0gFA2iheTUXmPB9e1,USQX91500962
881,"Girl (feat. KAYTRANADA)","The Internet,KAYTRANADA",80,6A,42,2023-10-21,06:56,64,"alternative r&b, neo soul, ","Ego Death",2015-06-26,57,54,12,45,20,10,-11,G Minor,4,3PFaFVWq5wucLu6s4baj9D,USQX91500966
882,"For the World (feat. James Fauntleroy)","The Internet,James Fauntleroy",95,3A,45,2023-10-21,03:23,40,"alternative r&b, neo soul, ","Ego Death",2015-06-26,58,28,0,61,20,70,-10,A#/B♭ Minor,4,2wknuokNRAnUPoNmYe0shu,USQX91500965
883,"Partners in Crime Part Three","The Internet",77,11B,80,2023-10-21,03:23,38,"alternative r&b, neo soul","Ego Death",2015-06-26,64,64,4,68,20,20,-8,A Major,4,2Gltp7RUlcuErncUmyEFvI,USQX91500971
884,"Palace/Curse (feat. Tyler, The Creator & Steve Lacy)","The Internet,Tyler, The Creator,Steve Lacy",67,3A,63,2023-10-21,07:20,62,"alternative r&b, neo soul, ","Ego Death",2015-06-26,45,4,0,26,30,20,-8,A#/B♭ Minor,4,300DUx4tdtCdGEUXR032jA,USQX91500974
885,"Settling","Summer Walker",116,5A,22,2023-10-21,03:29,45,"r&b","CLEAR",2019-01-25,61,69,0,17,0,10,-11,C Minor,3,5tA3oQh58iYSdJWhSw0yJV,USUM71900166
886,"Wasted","Summer Walker",117,9B,35,2023-10-21,02:34,49,"r&b","CLEAR",2019-01-25,71,45,0,21,10,30,-11,G Major,4,2L3nFptzwy0jlVKSzXHjnL,USUM71900167
887,"Grave","Summer Walker",97,3B,47,2023-10-21,03:05,45,"r&b","CLEAR",2019-01-25,65,5,0,20,0,30,-12,C♯/D♭ Major,4,6cZ7aS2UC3hfUyqJhwHb4G,USUM71900164
888,"Riot","Summer Walker",171,12A,10,2023-10-21,01:44,52,"r&b","CLEAR",2019-01-25,58,62,0,39,30,10,-14,C♯/D♭ Minor,3,4qQVKOnZEYWZIHUMRapsVO,USUM71900163
889,"Sundays (feat. LOONY)","JON VINYL,LOONY",60,7A,48,2023-10-21,03:01,40,"alternative r&b","Dangerous",2019-10-04,55,63,0,49,10,10,-7,D Minor,4,7tIICbUgVgBSeiP5D9kTSS,USLD91721214
890,"LA","SiR",86,12A,52,2023-10-21,05:10,0,"alternative r&b, neo soul","Chasing Summer",2019-08-30,51,57,0,19,40,20,-9,C♯/D♭ Minor,4,3b1Nsr6zhpepGc0KQKpSU3,USRC11902373
891,"Touch Down","SiR",136,3A,63,2023-10-21,02:55,0,"alternative r&b, neo soul","Chasing Summer",2019-08-30,67,3,0,15,0,60,-7,A#/B♭ Minor,4,3wnWcnaUJuoQBb0gtHqQcW,USRC11902358
892,"Wires In The Way","SiR",67,3A,76,2023-10-21,02:10,0,"alternative r&b, neo soul","Chasing Summer",2019-08-30,46,56,6,60,0,10,-6,A#/B♭ Minor,4,6Gt4gGrlpfsZDHwb1IPpwy,USRC11902364
893,"LA Lisa (feat. Smino)","SiR,Smino",120,9A,56,2023-10-21,03:40,0,"alternative r&b, neo soul, ","Chasing Summer",2019-08-30,64,13,0,40,10,60,-6,E Minor,4,3DzQnp8r1kjmeOjXFXWOMc,USRC11902347
894,"Still Blue (feat. Jill Scott)","SiR,Jill Scott",128,5A,48,2023-10-21,03:05,0,"alternative r&b, neo soul, quiet storm","Chasing Summer",2019-08-30,69,83,0,49,0,10,-8,C Minor,4,3jWnfv5QqiNCMaGUcLqGjo,USRC11902367
895,"The Recipe","SiR",130,8B,49,2023-10-21,02:58,0,"alternative r&b, neo soul","Chasing Summer",2019-08-30,53,5,0,37,0,0,-7,C Major,4,33fgHbTXA4hVRriK2W1khx,USRC11902371
896,"You Can't Save Me","SiR",158,8B,58,2023-10-21,02:54,0,"alternative r&b, neo soul","Chasing Summer",2019-08-30,62,6,0,55,10,10,-8,C Major,4,5LKzqs734Xs528hqK8bGS1,USRC11902290
897,"John Redcorn","SiR",144,11A,44,2023-10-21,03:07,0,"alternative r&b, neo soul","Chasing Summer",2019-08-30,73,22,0,65,0,20,-6,F#/G♭ Minor,4,5ibTi2YwtvbB1bTOv2I93d,USRC11902342
898,"That's Why I Love You (feat. Sabrina Claudio)","SiR,Sabrina Claudio",120,2A,50,2023-10-21,04:01,0,"alternative r&b, neo soul, ","Chasing Summer",2019-08-30,64,33,0,55,20,10,-6,D#/E♭ Minor,4,3Ku9kSWtDQPC8bSWpHR7z0,USRC11902354
899,"Lucy's Love (feat. Lil Wayne)","SiR,Lil Wayne",133,9A,40,2023-10-21,03:07,0,"alternative r&b, neo soul, rap, hip hop","Chasing Summer",2019-08-30,64,53,0,7,30,10,-10,E Minor,4,1o7S218Z4CG6IVCOudaPcT,USRC11902351
900,"Fire","SiR",132,7B,44,2023-10-21,02:33,0,"alternative r&b, neo soul","Chasing Summer",2019-08-30,68,22,0,44,0,30,-10,F Major,4,6lfYEDqBMdeqNEszf5tQ9Q,USRC11902349
901,"Hair Down (feat. Kendrick Lamar)","SiR,Kendrick Lamar",120,1A,49,2023-10-21,03:36,0,"alternative r&b, neo soul, hip hop, west coast hip hop","Chasing Summer",2019-08-30,79,25,0,47,20,40,-11,G#/A♭ Minor,4,4sFzG7iUlyPmuyASCkre9A,USRC11902107
902,"New Sky (feat. Kadhja Bonet)","SiR,Kadhja Bonet",89,4A,65,2023-10-21,03:11,0,"alternative r&b, neo soul, ","Chasing Summer",2019-08-30,61,6,0,25,0,10,-7,F Minor,4,3J5fFQ0PxfKQU5putEvUoM,USRC11902291
903,"Lord Is Coming (feat. YBN Cordae)","H.E.R.,Cordae",84,8B,45,2023-10-21,06:09,35,"r&b, ","I Used To Know Her",2019-08-30,68,64,0,38,20,0,-9,C Major,4,395jpTFcWeAKNT6Up5f07R,USRC11902137
904,"Lost Souls (feat. DJ Scratch)","H.E.R.,D.J. Scratch",95,9B,79,2023-10-21,02:31,36,"r&b, ","I Used To Know Her",2019-08-30,71,15,0,84,30,10,-6,G Major,4,1eoK3PDzSmdvj55FUhptJk,USRC11802595
905,"Fate","H.E.R.",71,8B,50,2023-10-21,03:14,42,"r&b","I Used To Know Her",2019-08-30,46,68,0,20,0,10,-7,C Major,4,1wDacf69FcQgyUCCN2UudC,USRC11803577
906,"Carried Away","H.E.R.",158,10B,64,2023-10-21,03:41,47,"r&b","I Used To Know Her",2019-08-30,70,21,2,53,0,10,-7,D Major,4,7dA5TuziQNiseDqFTyVWzi,USRC11803571
907,"Going (Full)","H.E.R.",120,11A,47,2023-10-21,02:52,47,"r&b","I Used To Know Her",2019-08-30,65,62,0,37,0,10,-9,F#/G♭ Minor,4,0dxG43dwlFFILCBorf51Hh,USRC11902135
908,"Be On My Way (Full)","H.E.R.",73,6A,29,2023-10-21,02:37,39,"r&b","I Used To Know Her",2019-08-30,47,81,0,17,0,20,-12,G Minor,4,6kLEV4RF4HySkPmGeNOFT8,USRC11902136
909,"Can't Help Me","H.E.R.",178,3B,52,2023-10-21,02:54,37,"r&b","I Used To Know Her",2019-08-30,64,41,1,60,30,0,-10,C♯/D♭ Major,4,6K10elRcuzzJq5YbO1Hvz0,USRC11803572
910,"Something Keeps Pulling Me Back","H.E.R.",155,2B,43,2023-10-21,03:04,45,"r&b","I Used To Know Her",2019-08-30,50,37,1,18,20,20,-12,F#/G♭ Major,4,6WC5YDTKztcTU3tWux0Jk1,USRC11902258
911,"Feel A Way","H.E.R.",75,6A,56,2023-10-21,03:28,45,"r&b","I Used To Know Her",2019-08-30,57,8,2,41,0,10,-8,G Minor,4,0Nt3UdaA4KrHEUSNwq9nCI,USRC11802943
912,"21","H.E.R.",80,3B,72,2023-10-21,03:15,37,"r&b","I Used To Know Her",2019-08-30,60,49,0,53,40,30,-8,C♯/D♭ Major,4,0Duevp5ytVdmRkCWFXQHwr,USRC11902068
913,"Racks (feat. YBN Cordae)","H.E.R.,Cordae",115,1A,59,2023-10-21,03:41,39,"r&b, ","I Used To Know Her",2019-08-30,72,11,0,61,0,20,-6,G#/A♭ Minor,4,7uBWy2zZ0c9wyUMD1hiEQO,USRC11901656
914,"I'm Not OK","H.E.R.",103,10A,39,2023-10-21,03:25,42,"r&b","I Used To Know Her",2019-08-30,46,87,0,17,0,10,-12,B Minor,5,2JonPpQM16rCfa8ZFrBemE,USRC11803573
915,"Against Me","H.E.R.",47,11A,34,2023-10-21,04:30,45,"r&b","I Used To Know Her",2019-08-30,48,38,0,8,30,10,-12,F#/G♭ Minor,3,7oyZBFN3b4fwWocws5NBcY,USRC11802599
916,"Could've Been (feat. Bryson Tiller)","H.E.R.,Bryson Tiller",103,12A,35,2023-10-21,04:12,75,"r&b, trap soul","I Used To Know Her",2019-08-30,45,65,0,41,20,20,-12,C♯/D♭ Minor,4,6oEVnWKgPqIEPc53OYDNqG,USRC11802598
917,"Good To Me","H.E.R.",126,8B,21,2023-10-21,07:10,38,"r&b","I Used To Know Her",2019-08-30,63,57,0,31,10,10,-15,C Major,3,4RVXyBjEedKV90LvSLyxjm,USRC11902112
918,"Take You There","H.E.R.",78,12A,30,2023-10-21,04:03,60,"r&b","I Used To Know Her",2019-08-30,41,89,0,26,0,0,-12,C♯/D♭ Minor,4,0jq34bzlBreNWsnp8rvlvK,USRC11803574
919,"As I Am","H.E.R.",84,7A,57,2023-10-21,04:00,54,"r&b","I Used To Know Her",2019-08-30,45,8,0,18,20,20,-8,D Minor,4,6hRrzZJ90DNQdEF1Wu2Mrf,USRC11802597
920,"Hard Place - Single Version","H.E.R.",160,11B,77,2023-10-21,03:32,45,"r&b","I Used To Know Her",2019-08-30,61,12,0,44,10,30,-4,A Major,4,1sMJJQEvUXyxILW5sv3A2P,USRC11900303
921,"Uninvited - Live From Apple Music Up Next","H.E.R.",139,5A,46,2023-10-21,03:43,35,"r&b","I Used To Know Her",2019-08-30,28,84,0,40,0,10,-6,C Minor,4,3HBbvIrYYXVrkIXDeUcrvO,USRC11803493
922,"no name","Noname,Adam Ness,Yaw",84,2B,30,2023-10-21,04:05,32,"alternative r&b, ","Room 25",2018-09-14,42,88,2,11,0,0,-13,F#/G♭ Major,4,1m53YN2bXakCpC6MUWWP48,QM24S1834480
923,"Blaxploitation","Noname",101,1B,83,2023-10-21,02:13,34,"alternative r&b","Room 25",2018-09-14,89,9,0,87,30,20,-6,B Major,4,7npEyXswEtXndjHXQs081U,QM24S1834471
924,"Prayer Song","Noname,Adam Ness",112,8A,56,2023-10-21,04:17,30,"alternative r&b, ","Room 25",2018-09-14,79,68,0,51,10,0,-9,A Minor,4,6P4rFlDdTy8N0JiQPXStKX,QM24S1834472
925,"Window","Noname,Phoelix",174,3B,57,2023-10-21,04:38,34,"alternative r&b, ","Room 25",2018-09-14,35,75,0,42,10,40,-9,C♯/D♭ Major,4,0xt2rfiv6qpGYzypG0MziP,QM24S1834473
926,"Don't Forget about me","Noname",76,3B,47,2023-10-21,03:39,39,"alternative r&b","Room 25",2018-09-14,74,43,13,70,20,0,-6,C♯/D♭ Major,4,2VhgIVAahu3OGdmZcSplIT,QM24S1834474
927,"Regal","Noname",169,3B,48,2023-10-21,02:48,31,"alternative r&b","Room 25",2018-09-14,41,82,26,49,10,10,-12,C♯/D♭ Major,4,5sihlm7PTrHsZgIjk6JlrT,QM24S1834475
928,"Montego Bae","Noname,Ravyn Lenae",152,4A,55,2023-10-21,02:43,39,"alternative r&b, indie soul","Room 25",2018-09-14,59,79,17,69,0,0,-11,F Minor,4,6QNaeyzCJBOS1R8N5GskR7,QM24S1834476
929,"Ace","Noname,Smino,Saba",107,6B,51,2023-10-21,03:02,44,"alternative r&b, ","Room 25",2018-09-14,69,87,0,65,40,10,-9,A#/B♭ Major,4,1Ya8UT49Oc3oASVcsDqz60,QM24S1834477
930,"Part of me","Noname,Benjamin Earl Turner,Phoelix",90,9A,55,2023-10-21,03:15,30,"alternative r&b, ","Room 25",2018-09-14,81,44,0,69,30,30,-6,E Minor,4,1ePNcYIPo9CuW5kKZYlh2K,QM24S1834478
931,"With you","Noname",84,5B,57,2023-10-21,02:29,31,"alternative r&b","Room 25",2018-09-14,52,50,0,52,20,10,-9,D#/E♭ Major,4,0kilwMEtrwd58885j8JhCa,QM24S1834479
932,"A Life Like This","Nao",134,8B,46,2023-10-21,03:37,25,"alternative r&b, uk r&b","Saturn",2018-10-26,29,62,0,16,0,10,-10,C Major,4,7c8bCcNTQTx13FkjtKkb8E,GBARL1801063
933,"Yellow of the Sun","Nao",91,10A,57,2023-10-21,03:51,32,"alternative r&b, uk r&b","Saturn",2018-10-26,47,14,0,62,0,10,-8,B Minor,4,1sopAWv0BToiOT2wAunyuV,GBARL1801062
934,"Don't Change","Nao,Stint",105,4B,39,2023-10-21,03:28,28,"alternative r&b, uk r&b, ","Saturn",2018-10-26,62,10,0,26,0,0,-8,G#/A♭ Major,3,3tyB3Y7sfc02VwtsnW3aCO,GBARL1800644
935,"Drive and Disconnect","Nao",116,6A,75,2023-10-21,03:30,57,"alternative r&b, uk r&b","Saturn",2018-10-26,82,24,6,53,0,10,-8,G Minor,4,6pEAd0UjznaKABT7WLLvmC,GBARL1801061
936,"Curiosity","Nao",107,7B,45,2023-10-21,03:35,32,"alternative r&b, uk r&b","Saturn",2018-10-26,56,11,0,24,0,10,-9,F Major,4,6j1owOuV2iTquW5vTw1fm3,GBARL1801060
937,"Love Supreme","Nao",96,9B,45,2023-10-21,04:15,34,"alternative r&b, uk r&b","Saturn",2018-10-26,73,26,0,40,10,60,-8,G Major,4,591qGFsTHMPHQ9V6lz4CKJ,GBARL1801059
938,"Gabriel","Nao",93,7A,52,2023-10-21,03:50,29,"alternative r&b, uk r&b","Saturn",2018-10-26,59,66,0,82,40,10,-8,D Minor,4,5fp8Ww74MLFXjCYRxf6YMt,GBARL1801057
939,"Saturn (feat. Kwabs)","Nao,Kwabs",136,3B,45,2023-10-21,04:50,39,"alternative r&b, uk r&b, ","Saturn",2018-10-26,50,28,0,24,0,10,-8,C♯/D♭ Major,4,7HHlagS4aGF82LduE2FoY4,GBARL1801056
940,"When Saturn Returns - Interlude","Nao",137,5A,45,2023-10-21,00:59,25,"alternative r&b, uk r&b","Saturn",2018-10-26,26,66,2,60,0,80,-16,C Minor,4,7F23U974sp3gkkCTA4gJ4M,GBARL1801055
941,"Make It Out Alive (feat. SiR)","Nao,SiR",148,5A,65,2023-10-21,03:59,42,"alternative r&b, uk r&b, neo soul","Saturn",2018-10-26,67,67,0,62,0,10,-7,C Minor,4,0VXinRGqxFxr1BKrOrC9pP,GBARL1801051
942,"Another Lifetime","Nao",60,8A,32,2023-10-21,03:29,54,"alternative r&b, uk r&b","Saturn",2018-10-26,45,42,0,27,0,10,-9,A Minor,4,48WTGGIeSFD5ZMF51Rm4Y9,GBARL1800722
943,"Killer","Kali Uchis",140,8B,64,2023-10-21,02:52,54,"","Isolation",2018-04-06,62,13,0,65,0,30,-6,C Major,4,5n1WeUNWJIjs9ueYD4v0Pt,GBUM71702556
944,"Body Language - Intro","Kali Uchis",116,11B,71,2023-10-21,02:16,53,"","Isolation",2018-04-06,39,64,0,59,10,20,-9,A Major,4,2Tl0t18jgqJo0S7Fs2iy50,GBUM71702542
945,"Just A Stranger (feat. Steve Lacy)","Kali Uchis,Steve Lacy",108,11B,67,2023-10-21,02:57,66,"","Isolation",2018-04-06,75,13,0,64,0,10,-6,A Major,4,1HA2V2EfAgJUBVOju4YfiB,GBUM71702544
946,"Flight 22","Kali Uchis",118,6B,65,2023-10-21,03:36,57,"","Isolation",2018-04-06,64,42,0,34,0,40,-5,A#/B♭ Major,3,3iv26BUAWSn83q8rhGKPE8,GBUM71702546
947,"Your Teeth In My Neck","Kali Uchis",116,2A,60,2023-10-21,03:06,70,"","Isolation",2018-04-06,85,7,0,86,0,10,-6,D#/E♭ Minor,4,54IbnYEdA3ymfxv07WgN3b,GBUM71702547
948,"Dead To Me","Kali Uchis",119,9A,76,2023-10-21,03:19,77,"","Isolation",2018-04-06,68,43,0,43,0,10,-4,E Minor,4,6LOZws7T3jqZz78unPgFF9,GBUM71801115
949,"In My Dreams","Kali Uchis",166,8B,84,2023-10-21,03:21,53,"","Isolation",2018-04-06,61,2,0,91,0,10,-5,C Major,4,2dDzrUEDCKXaLViMPa1jo5,GBUM71702549
950,"Gotta Get Up - Interlude","Kali Uchis",141,2A,38,2023-10-21,01:53,55,"","Isolation",2018-04-06,49,61,9,22,0,0,-8,D#/E♭ Minor,4,7N3c9CKUmRqrt3dDvGWBWG,GBUM71702550
951,"Coming Home - Interlude","Kali Uchis",88,9B,54,2023-10-21,02:39,50,"","Isolation",2018-04-06,62,34,0,29,10,10,-8,G Major,4,66p59VAALXRlp777aP1Wom,GBUM71702554
952,"Feel Like A Fool","Kali Uchis",108,5B,81,2023-10-21,03:05,53,"","Isolation",2018-04-06,70,2,0,86,0,10,-5,D#/E♭ Major,4,5RcuACCOhgoc4ZH57AVCLA,GBUM71702548
953,"Holding the Gun","Sabrina Claudio",78,4B,56,2023-10-21,03:08,40,"","Truth Is",2019-10-04,67,16,0,35,0,30,-6,G#/A♭ Major,4,4Hs7FS8jNNReipDe6SDpwz,USAT21903966
954,"Take One to the Head","Sabrina Claudio",136,5A,55,2023-10-21,03:46,46,"","Truth Is",2019-10-04,60,28,3,38,0,10,-7,C Minor,4,5E1ACdOkVeCEt3BMcL67K8,USAT21905289
955,"Truth Is","Sabrina Claudio",130,9A,73,2023-10-21,03:32,50,"","Truth Is",2019-10-04,65,59,0,16,0,10,-3,E Minor,3,2AAL4PF8WtOgHKHajUBbwh,USAT21905162
956,"Rumors (feat. ZAYN)","Sabrina Claudio,ZAYN",172,9A,71,2023-10-21,03:46,55,"","Truth Is",2019-10-04,60,18,0,48,10,10,-5,E Minor,4,6XjNLIoUiU2XKdbNp7PvHl,USAT21905290
957,"Hurt People","Sabrina Claudio",105,9A,29,2023-10-21,03:51,39,"","Truth Is",2019-10-04,63,87,2,46,0,0,-10,E Minor,4,4QvzPle6U0d4NuiY4gD1SQ,USAT21905291
958,"On My Shoulders","Sabrina Claudio",143,4A,38,2023-10-21,03:37,45,"","Truth Is",2019-10-04,67,50,2,18,0,10,-7,F Minor,4,3NZJBpz5OO8kYp1A2XvLDu,USAT21905256
959,"Me in Her","Sabrina Claudio",115,1B,52,2023-10-21,03:06,41,"","Truth Is",2019-10-04,76,29,3,34,0,10,-6,B Major,4,2psuZQ8aJX0sEyjcfeP7rP,USAT21905292
960,"I Don't Mean To","Sabrina Claudio",77,10A,55,2023-10-21,03:21,38,"","Truth Is",2019-10-04,59,55,0,24,20,10,-7,B Minor,4,21CAxlvGH09dzJZfzF44E8,USAT21905293
961,"As Long as You're Asleep","Sabrina Claudio",120,6A,53,2023-10-21,02:42,34,"","Truth Is",2019-10-04,49,73,0,51,20,10,-6,G Minor,3,14J8TjBnTLIH1GVa3XzuiE,USAT21905255
962,"Problem With You","Sabrina Claudio",160,11A,53,2023-10-21,03:35,54,"","Truth Is",2019-10-04,61,47,1,32,10,10,-6,F#/G♭ Minor,4,5c8lzZGPbmVu6sLQOA5WoU,USAT21905294
963,"ROYL","Chloe x Halle",150,7B,69,2023-10-21,03:24,37,"r&b","Ungodly Hour",2020-06-12,66,35,0,59,0,10,-6,F Major,4,1C6ABWzxA5DBUpbTxNyTyB,USSM12002047
964,"Intro","Chloe x Halle",103,9A,7,2023-10-21,00:28,5,"r&b","Ungodly Hour",2020-06-12,44,92,5,61,0,30,-17,E Minor,3,6zP0N4moIKjEBFvztP88DR,USSM12002036
965,"Forgive Me","Chloe x Halle",137,9A,65,2023-10-21,02:37,51,"r&b","Ungodly Hour",2020-06-12,71,4,0,56,0,40,-3,E Minor,4,0qU3XhIH9xczYPUWV6OopS,USSM12002037
966,"Baby Girl","Chloe x Halle",81,3B,47,2023-10-21,03:32,38,"r&b","Ungodly Hour",2020-06-12,68,0,0,30,0,30,-6,C♯/D♭ Major,4,1AYn4YyxEF0SR3fGr6x7KN,USSM12002038
967,"Do It","Chloe x Halle",83,4A,67,2023-10-21,02:56,42,"r&b","Ungodly Hour",2020-06-12,70,9,0,55,0,10,-7,F Minor,4,2mE9iW3E4iteXrrWneOYsT,USSM12002039
968,"Tipsy","Chloe x Halle",137,11B,61,2023-10-21,02:32,44,"r&b","Ungodly Hour",2020-06-12,82,3,0,67,0,0,-5,A Major,4,5GXuUITCCWAG4h8ABnQ8ve,USSM12002040
969,"Busy Boy","Chloe x Halle",90,9B,66,2023-10-21,03:09,38,"r&b","Ungodly Hour",2020-06-12,77,3,0,35,0,10,-6,G Major,4,31iu7QBaScWz35mRDeFmI1,USSM12002042
970,"Catch Up (feat. Mike WiLL Made-It)","Chloe x Halle,Swae Lee,Mike WiLL Made-It",105,9A,57,2023-10-21,03:04,34,"r&b, ","Ungodly Hour",2020-06-12,82,48,0,54,0,10,-7,E Minor,4,2RIwyaOBDgvnr2NsgCEPTO,USSM12001917
971,"Overwhelmed","Chloe x Halle",83,9A,22,2023-10-21,00:52,34,"r&b","Ungodly Hour",2020-06-12,41,90,0,61,0,10,-13,E Minor,4,69YtbnALqh0dhXeyJe1WO0,USSM12002043
972,"Lonely","Chloe x Halle",95,11B,39,2023-10-21,03:15,37,"r&b","Ungodly Hour",2020-06-12,82,16,9,24,0,10,-6,A Major,4,7zzFMgUlCC0ZUQGXkf6t1B,USSM12002044
973,"Don't Make It Harder On Me","Chloe x Halle",164,6B,75,2023-10-21,03:35,40,"r&b","Ungodly Hour",2020-06-12,52,11,0,55,0,20,-6,A#/B♭ Major,4,1osZ4ByxDPk5JbUqnyBJ1v,USSM12002045
974,"Wonder What She Thinks of Me","Chloe x Halle",125,10B,54,2023-10-21,03:31,37,"r&b","Ungodly Hour",2020-06-12,56,33,0,28,0,0,-7,D Major,4,4keqQBiftWkXbPOSsjK7EH,USSM12002046
975,"Freudian","Daniel Caesar",116,4B,30,2023-10-21,10:02,1,"","Freudian",2017-08-25,36,31,0,7,0,10,-12,G#/A♭ Major,3,4nESnAOALHmxg8UFCCtXhO,CADDS1700027
976,"Hold Me Down","Daniel Caesar",116,1A,43,2023-10-21,03:51,4,"","Freudian",2017-08-25,46,63,0,23,0,0,-10,G#/A♭ Minor,4,1Mza2sr6tPhy6jjI3HB9fW,CADDS1700023
977,"Loose","Daniel Caesar",70,3B,16,2023-10-21,03:05,6,"","Freudian",2017-08-25,20,93,1,5,0,10,-16,C♯/D♭ Major,1,59acp1OhcvxwVBwQJBYKuX,CADDS1700028
978,"We Find Love","Daniel Caesar",78,7B,36,2023-10-21,04:14,2,"","Freudian",2017-08-25,51,85,0,43,0,10,-9,F Major,4,1TPLsNVlofwX1txcE9gZZF,CADDS1700020
979,"Take Me Away (feat. Syd)","Daniel Caesar,Charlotte Day Wilson",74,2B,41,2023-10-21,03:46,1,"","Freudian",2017-08-25,40,71,0,19,0,10,-9,F#/G♭ Major,4,3E895HtTn6lB40SA0l9EkL,CADDS1700025
980,"I Won't","H.E.R.",174,12A,41,2023-10-21,03:30,48,"r&b","H.E.R.",2017-10-20,53,54,0,27,10,20,-11,C♯/D♭ Minor,4,4coITt1FG81SBmqJ1eSPxO,USRC11700630
981,"Avenue","H.E.R.",83,4B,42,2023-10-21,03:34,54,"r&b","H.E.R.",2017-10-20,36,51,0,11,20,10,-11,G#/A♭ Major,4,3hAGmPnGix8RTb1vy5qZcb,USRC11701142
982,"Let Me In","H.E.R.",78,11A,42,2023-10-21,04:57,47,"r&b","H.E.R.",2017-10-20,61,1,21,33,0,10,-8,F#/G♭ Minor,4,4Vs0lqUgQzO4vEcbgkUgJb,USRC11702689
983,"Lights On","H.E.R.",118,3A,40,2023-10-21,03:39,55,"r&b","H.E.R.",2017-10-20,52,68,0,34,10,10,-9,A#/B♭ Minor,4,01ZqsXtHhRtO2Z2JrvkG1w,USRC11700913
984,"Say It Again","H.E.R.",87,2A,50,2023-10-21,02:52,47,"r&b","H.E.R.",2017-10-20,33,72,0,21,0,10,-10,D#/E♭ Minor,5,5yamjs92dcayRVlNuY116G,USRC11700628
985,"Facts","H.E.R.",127,3A,41,2023-10-21,03:38,46,"r&b","H.E.R.",2017-10-20,70,61,1,38,10,0,-14,A#/B♭ Minor,4,4MzxCIHY6TB9amFIvWsO2V,USRC11601788
986,"U","H.E.R.",110,9A,66,2023-10-21,02:58,48,"r&b","H.E.R.",2017-10-20,66,1,0,29,0,10,-8,E Minor,4,5Ikz3bF0Iqgqiu2soUPr6X,USRC11601789
987,"Every Kind Of Way","H.E.R.",95,9B,30,2023-10-21,02:40,67,"r&b","H.E.R.",2017-10-20,42,64,0,19,0,10,-8,G Major,4,0Aa3g9EQoPNt6PiKjaUeb7,USRC11700627
988,"Jungle","H.E.R.",99,9A,27,2023-10-21,05:04,53,"r&b","H.E.R.",2017-10-20,61,71,0,38,0,10,-12,E Minor,4,3C23UChONVCL0A3U9uWO5u,USRC11601791
989,"Free","H.E.R.",78,2A,49,2023-10-21,03:18,43,"r&b","H.E.R.",2017-10-20,35,81,0,23,0,10,-11,D#/E♭ Minor,4,2Lq4UDwWv7zgYvc4bLION3,USRC11702690
990,"Rather Be","H.E.R.",95,1A,59,2023-10-21,03:08,44,"r&b","H.E.R.",2017-10-20,53,19,0,16,0,10,-8,G#/A♭ Minor,4,6xWoRNrT0nckMqq6yGtTNH,USRC11700633
991,"2","H.E.R.",150,11A,45,2023-10-21,03:08,49,"r&b","H.E.R.",2017-10-20,79,31,2,44,10,10,-7,F#/G♭ Minor,4,2YyNFk4HBKXrqgsvPDNJtO,USRC11702691
992,"Hopes Up","H.E.R.",146,8A,46,2023-10-21,03:05,41,"r&b","H.E.R.",2017-10-20,56,11,2,31,0,10,-12,A Minor,4,1VnEQ3LdQlARfow87U9BLn,USRC11702692
993,"Still Down","H.E.R.",190,5A,40,2023-10-21,02:49,44,"r&b","H.E.R.",2017-10-20,35,65,0,9,20,10,-12,C Minor,4,3P1MMSKp3FR5tvWlzPyVSX,USRC11700629
994,"Wait For It","H.E.R.",79,7B,35,2023-10-21,02:15,43,"r&b","H.E.R.",2017-10-20,74,20,0,29,20,10,-15,F Major,3,2CcstVa4AIry0N18o0kChA,USRC11601787
995,"Pigment","H.E.R.",111,2A,34,2023-10-21,02:59,41,"r&b","H.E.R.",2017-10-20,64,59,0,33,20,10,-13,D#/E♭ Minor,4,4ze4eAFojKY9e3QT6xNRNZ,USRC11603001
996,"Gone Away","H.E.R.",77,11A,34,2023-10-21,04:09,49,"r&b","H.E.R.",2017-10-20,37,67,0,30,10,10,-13,F#/G♭ Minor,4,50lP2u9FBdxwP2mHdaQ3DR,USRC11701143
997,"Good Thing (with Kehlani)","Zedd,Kehlani",186,12A,56,2023-10-22,03:30,64,"edm, ","Good Thing (with Kehlani)",2019-09-27,69,40,0,57,0,0,-4,C♯/D♭ Minor,3,5aUSEPNd3m5xliFK4pn5mU,USUM71919172
998,"Violet Crazy","DPR IAN",144,12B,56,2023-10-23,03:08,56,"k-rap","Dear Insanity...",2023-10-06,46,44,0,51,0,0,-7,E Major,4,7sSCYdK8Weo2HhxPDMuvDX,QMBZ92331728
999,"BILLIE EILISH.","Armani White",100,3B,51,2023-10-24,01:39,66,"","BILLIE EILISH.",2022-05-19,90,12,0,77,20,0,-7,C♯/D♭ Major,4,27ZZdyTSQWI7Cug2d2PkqV,SGB502248062
1000,"hello!","ROLE MODEL",126,6B,46,2023-10-25,03:08,51,"bedroom pop","oh, how perfect",2019-11-13,79,51,0,56,0,10,-4,A#/B♭ Major,4,7a2IJHzw9WJjoknwdnCop0,USUM71919494
1001,"Summer on You","PRETTYMUCH",100,12B,45,2023-10-27,03:25,54,"","Summer on You",2018-06-21,81,64,0,69,0,40,-7,E Major,4,07ipXN6CNTw34qwSYePKpg,GBHMU1800020
1002,"Always","Daniel Caesar",136,10B,44,2023-10-27,03:45,85,"","NEVER ENOUGH",2023-04-07,58,67,0,20,0,10,-8,D Major,4,2LlOeW5rVcvl3QcPNPcDus,USUG12209355
1003,"Lover, You Should've Come Over","Jeff Buckley",119,10B,60,2023-10-29,06:44,86,"","Grace",1994-00-00,39,36,0,15,0,10,-6,D Major,3,6Jv7kjGkhY2fT4yuBF3aTz,USSM19400916
1004,"Scarlett","Holly Humberstone",143,10B,65,2023-10-29,03:16,43,"","The Walls Are Way Too Thin",2021-11-12,62,17,0,47,0,0,-8,D Major,4,6dIU41Lx5NqUncAnPOJDco,GBUM72102851
1005,"Underdog","Alicia Keys",90,5A,73,2023-10-31,03:24,62,"r&b, neo soul","ALICIA",2020-12-18,66,54,0,28,0,10,-5,C Minor,4,7FsAFw1oZeTJUZmIzSh0cg,USRC11903811
1006,"Snooze (Acoustic) (feat. Justin Bieber)","SZA,Justin Bieber",141,8A,33,2023-11-01,03:10,76,"r&b, ","Snooze (Acoustic) (feat. Justin Bieber)",2023-09-15,46,91,0,60,0,10,-9,A Minor,3,5YABYtKx9qa56vBjlXDbmw,USRC12302438
1007,"It Will Rain","Bruno Mars",150,10B,84,2023-11-02,04:17,86,"","It Will Rain",2011-09-28,58,34,0,48,0,0,-7,D Major,4,0M3HkE321xpCbCYqVKzr1q,USAT21102075
1008,"Love Is Gone - Acoustic","SLANDER,Dylan Matthew",140,2B,15,2023-11-02,02:56,76,"melodic bass, future bass, dubstep, edm","Love Is Gone (Acoustic)",2019-11-13,54,88,0,36,0,10,-11,F#/G♭ Major,4,7F1CiKqrY44kh5cDqwHOnx,CA5KR1969481
1009,"Oh My God","Adele",88,3B,73,2023-11-02,03:45,74,"soft pop","30",2021-11-19,53,9,0,55,0,0,-4,C♯/D♭ Major,4,3Kkjo3cT83cw09VJyrLNwX,USSM12105973
1010,"Summertime","FLO",97,5A,61,2023-11-03,02:27,51,"uk r&b","The Lead",2022-07-08,54,3,0,86,10,0,-7,C Minor,4,5KZVbtDMFcurkynWsncKtr,GBUM72204192
1011,"Baby","Justin Bieber,Ludacris",65,4A,86,2023-11-03,03:34,93,"southern hip hop","My World 2.0",2010-01-01,73,4,0,54,10,10,-5,F Minor,4,6epn3r7S14KUqlReYr77hA,USUM70919263
1012,"Tadow","Masego,FKJ",122,8A,49,2023-11-03,05:01,7,"","Lady Lady",2018-09-07,70,67,0,31,0,10,-6,A Minor,4,51rPRW8NjxZoWPPjnRGzHw,QM24S1703810
1013,"Before the Sun Sets","Wooden Chair",111,1B,28,2023-11-04,03:21,0,"","Before the Sun Sets",2022-05-11,71,75,86,94,0,10,-21,B Major,4,5AmiVkF8WaRvC2b8Ne0q6X,KRF502200210
1014,"Pause","Wooden Chair",116,3B,6,2023-11-04,03:04,0,"","Back in My Dreams",2022-08-31,78,83,94,67,0,10,-21,C♯/D♭ Major,4,6wtOoBYyDf3OvWAzN4YDbu,KRF502200404
1015,"Sunshine Stroll","Plusis Trio",130,8B,28,2023-11-04,04:12,0,"","Sunshine Stroll",2022-09-21,64,68,90,58,0,0,-16,C Major,4,40OqMoTZ6DWamTmImE048j,KRF502200434
1016,"Us and No Others","Wooden Chair",103,8B,27,2023-11-04,03:13,0,"","Still Listening",2022-08-03,78,75,90,94,10,0,-21,C Major,4,0ISXJN76ezSpDIyOSGE3xg,KRF502200355
1017,"Chit Chat About That","Plusis Trio",139,9A,36,2023-11-04,03:11,0,"","Welcoming Cocktail Party",2022-08-10,60,58,94,66,0,10,-15,E Minor,4,4dL0FLcdG8XsKWbc9c2f3z,KRF502200367
1018,"All in Good Time","Deba",149,5A,37,2023-11-04,02:45,0,"bossa nova","Over Here",2022-08-16,64,76,84,69,0,10,-11,C Minor,4,0UvM1O2fTSGwJLpFo5cYb9,KRF502200371
1019,"All Wound Up","Plusis Trio",120,8B,22,2023-11-04,03:58,0,"","All Wound Up",2022-09-07,71,23,84,40,0,10,-16,C Major,4,1W6FP01W3oE6mTlZoR4CAD,KRF502200416
1020,"Encounters","Wooden Chair",150,10A,50,2023-11-04,02:28,0,"","All in Your Eyes",2022-01-26,42,20,88,32,0,10,-13,B Minor,4,4U8EsoeS5TgI3y15M3mZ1Y,KRF502200071
1021,"In a Deeper Sense","Wooden Chair",95,9B,31,2023-11-04,02:29,0,"","All in Your Eyes",2022-01-26,62,25,96,30,0,10,-14,G Major,4,21rPgoixquZWdiYL777Svr,KRF502200070
1022,"As We Believed","Wooden Chair",95,7A,37,2023-11-04,02:17,0,"","All in Your Eyes",2022-01-26,71,50,92,30,0,10,-12,D Minor,4,0XO7ubT7xpWskI5C1LtxOP,KRF502200068
1023,"Stay With You","Wooden Chair",93,10B,23,2023-11-04,02:16,0,"","Nice to Meet You",2022-01-19,60,62,86,17,0,10,-16,D Major,4,3rbOLIE0G8evtYcZpDVE0h,KRF502200055
1024,"A Fine Promise","Wooden Chair",129,8B,29,2023-11-04,02:26,0,"","Nice to Meet You",2022-01-19,43,43,90,10,0,10,-16,C Major,3,0x73u3bbr1VcyL0cTxYuSM,KRF502200054
1025,"Room 0","Wooden Chair",90,8B,24,2023-11-04,02:18,0,"","Nice to Meet You",2022-01-19,66,54,89,20,0,10,-17,C Major,4,5d6KeOFtObMrQ3HtHkTR5W,KRF502200053
1026,"A Dream to Keep","Wooden Chair",90,9B,16,2023-11-04,03:01,0,"","The Winter",2022-01-05,68,70,93,29,0,10,-19,G Major,4,3qy79W06UwhA7T8Hhjdu11,KRF502200012
1027,"A Reason to Be Awake","Wooden Chair",100,8B,15,2023-11-04,03:43,0,"","The Winter",2022-01-05,78,74,97,67,0,0,-19,C Major,4,2576yJWEVfX9KiQYC3Qtnq,KRF502200011
1028,"All the Way Home","Wooden Chair",82,8B,4,2023-11-04,03:04,0,"","The Winter",2022-01-05,72,64,34,26,0,0,-23,C Major,4,2e0ukcfAMxsCeydOEwlBJv,KRF502200010
1029,"Coffee With Cream","Wooden Chair",80,2B,7,2023-11-04,03:18,0,"","The Winter",2022-01-05,65,73,47,29,0,10,-22,F#/G♭ Major,4,46ldXWWobQowBmDjEir0xm,KRF502200009
1030,"London Plane","Coffee Jazz Melody",68,10A,5,2023-11-04,03:43,33,"jazz","Stairway to the Stars",2022-05-05,55,84,57,24,0,0,-25,B Minor,4,0Fk2OUSaUewWozNT4mVAeA,GBKQU2225463
1031,"I've Got A Crush On You","Coffee Jazz Melody",66,9B,8,2023-11-04,03:22,37,"jazz","Swept Away",2022-04-03,70,84,5,23,0,0,-25,G Major,4,0Cr3GKvlcwK0TlfcEBmOj4,GBKQU2221990
1032,"Shake It For Me","Coffee Jazz Melody",186,8B,5,2023-11-04,03:52,26,"jazz","Let's Have Some Fun",2022-07-22,35,96,92,13,0,10,-23,C Major,1,42dKWWunZ6hfqWSJrxs6yp,GBKQU2248619
1033,"Ships In The Night","Coffee Jazz Melody",100,8B,4,2023-11-04,05:18,15,"jazz","Let's Have Some Fun",2022-07-22,41,96,68,11,0,10,-25,C Major,4,10w0muGzZMIfbJndvTGrnq,GBKQU2248620
1034,"Bad Cold","DPR IAN",135,9B,65,2023-11-05,03:16,54,"k-rap","Dear Insanity...",2023-10-06,73,15,0,38,0,10,-5,G Major,4,3r12kEJCa3rUTUTqCUuOhR,QMBZ92331725
1035,"HandClap","Fitz and The Tantrums",140,4B,84,2023-11-06,03:13,73,"","Fitz and The Tantrums",2016-06-10,64,1,0,72,0,0,-3,G#/A♭ Major,4,7j56HrjR9cGzvekvZY3Faz,USAT21600408
1036,"Feelin' Low (F*ckboy Blues)","Peach Pit",155,9B,92,2023-11-06,02:57,39,"","You and Your Friends",2020-04-03,44,1,0,28,0,0,-5,G Major,4,0JVQDa8fsmRpwQNG38Eegn,USSM11910060
1037,"ME! (feat. Brendon Urie of Panic! At The Disco)","Taylor Swift,Brendon Urie,Panic! At The Disco",182,8B,83,2023-11-06,03:13,74,"emo","Lover",2019-08-23,61,3,0,73,0,10,-4,C Major,4,2Rk4JlNc2TPmZe2af99d45,USUG11901494
1038,"I Don't Care (with Justin Bieber)","Ed Sheeran & Justin Bieber,Justin Bieber",102,2B,68,2023-11-06,03:39,76,"","I Don't Care (with Justin Bieber)",2019-05-10,80,9,0,84,0,0,-5,F#/G♭ Major,4,3HVWdVOQ0ZA45FuZGSfvns,GBAHS1900672
1039,"Next To You","Ben L'Oncle Soul",85,3B,52,2023-11-06,03:34,34,"indie soul","Next To You",2019-07-26,62,47,0,45,10,10,-10,C♯/D♭ Major,4,6qjrJJppRQlIpqnfypeMsr,FRUM71900924
1040,"North of the Heart","Jonah Aardekker",65,7B,10,2023-11-06,04:19,29,"","North of the Heart",2019-09-06,68,99,90,9,0,10,-14,F Major,4,6PHe69XwCTpFdoZjWOhUhl,SE5Q51901641
1041,"From This Day Until Forever","Oakwood Station",79,7A,17,2023-11-06,03:51,38,"jazz","For Better Times",2018-04-20,48,97,1,14,0,10,-14,D Minor,4,5iYYQ8CUMSPlaVOHhpB0Kw,SE5Q51800293
1042,"Smooth Talking","Nocturnal Spirits",177,5A,24,2023-11-06,04:30,21,"jazz","Shadesmar",2017-11-24,34,94,89,33,0,10,-12,C Minor,3,2pQ7tvFq7DgkQnJgU2eKia,SE5Q51803185
1043,"Yours","Ennio Máno",77,7A,4,2023-11-06,01:49,26,"bossa nova, brazilian jazz, smooth jazz","Yours",2020-03-06,37,99,96,22,0,10,-23,D Minor,3,77Q5qt8uVpfDd7xMlplRfv,SE5Q51903936
1044,"Later","Hara Noda",107,7B,27,2023-11-06,04:20,18,"jazz, ambient jazz","Later",2020-07-10,55,92,15,15,0,20,-8,F Major,4,0g4Pw1TnMLghsyHQBZLgnG,SE5Q52001133
1045,"Midnight Serenade","Bladverk Band",118,5B,17,2023-11-06,03:11,34,"jazz","Blue",2017-09-29,50,94,46,10,0,10,-17,D#/E♭ Major,4,1LgkpfvD3gupo4USKzO65W,SE5Q51823808
1046,"One Sweet Evening","Nocturnal Spirits",81,8B,19,2023-11-06,05:10,34,"jazz","Method in the Madness",2017-06-09,57,66,91,31,0,0,-14,C Major,3,71IW47IeSrS1WmrChokJsS,SE5Q51825069
1047,"The Night Has a Thousand Eyes","Sonny Rollins",129,9B,31,2023-11-06,09:11,5,"hard bop, jazz, bebop, jazz ballads, cool jazz, free jazz","What's New?",1962-06-21,71,75,80,61,0,10,-14,G Major,4,21AcBRvgRyf9FyzxQurpIu,USBB16201041
1048,"Midnight Blue","Kenny Burrell",74,4A,33,2023-11-06,03:59,12,"hard bop, jazz, cool jazz, bebop, jazz ballads, soul jazz","Midnight Blue",2001-09-20,70,56,0,56,0,10,-15,F Minor,4,6WbOeU75h7D2NahZqp14yB,ZA42A1539285
1049,"Melody For C","Sonny Clark",83,8B,36,2023-11-06,07:45,31,"hard bop, jazz, bebop, jazz ballads, cool jazz","Leapin' And Lopin'",1962-01-01,63,76,0,71,0,20,-13,C Major,4,5333J0hIUJoXfb2S7bRsaW,USBN28700203
1050,"Remember","Hank Mobley",166,4B,24,2023-11-06,05:42,5,"hard bop, jazz, bebop, jazz ballads, cool jazz","Blue Berlin",1992-01-01,53,81,0,70,0,10,-16,G#/A♭ Major,4,2sJDuitnGHJj96dLefy8uJ,USBN28600076
1051,"Ages Ago","Ennio Máno",80,6B,21,2023-11-08,03:19,40,"bossa nova, brazilian jazz, smooth jazz","Light Dance",2019-04-26,51,94,78,36,0,10,-14,A#/B♭ Major,4,0CMPb56yOXSCwSz5AV4LPq,SE5Q51900583
1052,"For Once","Almost Here",71,3A,30,2023-11-08,03:07,49,"jazz","A Moment Ago",2016-03-25,68,91,91,25,0,10,-11,A#/B♭ Minor,5,4BeNRVWWMV5zQ0tbifbNa7,SE5Q51804752
1053,"Follow the Flow","Oakwood Station",127,4B,29,2023-11-08,03:13,46,"jazz","Space For Two",2016-09-23,67,97,94,25,0,10,-14,G#/A♭ Major,4,0oqS1n1WiEqpFKwluYB1AU,SE5Q51812136
1054,"Drive-Through Dinner","Magnus Ringblom",157,6B,24,2023-11-08,03:24,40,"bossa nova","Blue Night Bossa",2017-07-04,56,84,93,61,0,10,-16,A#/B♭ Major,4,6xUyKTOx2LBGTlWz6Ndlvs,SE5Q51701008
1055,"Catcher","Hara Noda",75,5A,30,2023-11-08,03:53,43,"jazz, ambient jazz","Catcher",2019-08-16,54,94,92,36,0,10,-14,C Minor,4,7aCO33Cnj6wLZx31KLfSs3,SE5Q51901789
1056,"Around the Corner","Oakwood Station",117,3A,20,2023-11-08,03:27,40,"jazz","Around The Corner",2017-09-29,81,85,83,50,0,10,-20,A#/B♭ Minor,4,5EP8FiCA7nKYv3U2yFV8LX,SE5Q51822814
1057,"Honest Question","Oakwood Station",87,7B,21,2023-11-08,02:55,33,"jazz","Parkside Lane",2017-03-31,53,95,86,18,0,10,-14,F Major,3,3S2VatnclpcfQtkVMjQyno,SE5Q51804445
1058,"That's the One","Almost Here",134,9B,29,2023-11-08,03:55,19,"jazz","That's the One",2016-09-30,41,80,54,20,0,10,-17,G Major,3,1upc0154EkXRJVcAEgVvdA,SE5Q51813736
1059,"That's How I Like It","Oakwood Station",141,3B,25,2023-11-08,03:18,42,"jazz","A Trace Of Light",2018-01-19,61,86,82,28,0,20,-18,C♯/D♭ Major,4,6vEYqjxXYOWQES6pizB4D4,SE5Q51816222
1060,"Away with You","Alumo",90,7A,48,2023-11-08,03:39,1,"","All in Good Time",2017-02-03,74,1,91,51,0,10,-8,D Minor,4,7LgiGSHxINi5qRDQREo8Oc,uscgh1753731
1061,"Old Ship","Aminolen",178,1B,49,2023-11-08,03:43,2,"chillstep","Shadows",2019-05-16,47,9,79,8,0,10,-10,B Major,4,51ZwU4hgB9H21GaKQX82fm,QZGLS1978170
1062,"Joy to The World Jazz","Richard Freeman",100,8B,35,2023-11-08,03:04,5,"jazz","Christmas Joy",2020-11-17,66,88,85,47,0,10,-14,C Major,4,7uGl5Kahaq6ET4H7IemKvP,QZNWT2036392
1063,"To Begin Again","Ingrid Michaelson,ZAYN",76,8B,36,2023-11-08,03:30,49,"","To Begin Again",2021-03-17,44,21,0,12,0,10,-10,C Major,4,1iJBSr7s7jYXzM8EGcbK5b,USVT34000002
1064,"I'm into It","Cafe Music BGM channel",73,4A,18,2023-11-08,02:44,14,"jazz, bossa nova","Today's Coffee Monday",2021-04-02,56,99,94,28,0,10,-18,F Minor,4,2R7X2ZzcdomY5WsmLxal2Q,TCAFM2104089
1065,"Wake up to the Day","Cafe Music BGM channel",141,6B,19,2023-11-08,02:49,17,"jazz, bossa nova","Today's Coffee Monday",2021-04-02,49,99,95,29,0,10,-17,A#/B♭ Major,4,3YaFrHmOhpWQRIqHdBteKT,TCAFM2104145
1066,"Finest Solution","Cafe Music BGM channel",138,7B,18,2023-11-08,02:53,17,"jazz, bossa nova","Today's Coffee Monday",2021-04-02,49,99,94,13,0,10,-16,F Major,4,1K63sRgG1BsHzu0LRUbeg8,TCAFM2104109
1067,"Bring It On Home to Me","Sam Cooke",71,8B,40,2023-11-08,02:42,64,"motown, soul, classic soul","The Man Who Invented Soul",2000-09-26,52,78,0,68,0,40,-8,C Major,4,0WVTQp3SOCuMr08jh1jweV,USRC16206739
1068,"You Send Me - Mono","Sam Cooke",96,9A,37,2023-11-08,02:45,59,"motown, soul, classic soul","Sam Cooke",1958-02-01,57,88,0,41,0,10,-8,E Minor,4,1XPj5quoeV5Gd0paSUDpvm,USA171920000
1069,"Can't Get Away","Mint Condition",100,3B,52,2023-11-08,04:57,18,"quiet storm, new jack swing, r&b","7...",2011-04-05,62,0,0,59,0,10,-8,C♯/D♭ Major,4,7FoDsmTeduUBEjhgCDiBN7,QZTAY2383901
1070,"Lean On Me","Michael Bolton",172,7B,62,2023-11-08,05:20,51,"soft rock","The One Thing",1993-00-00,51,25,0,46,0,10,-8,F Major,4,6ScSkz4CAXfLGEbiMz2Qrk,USSM19303124
1071,"Get Back","Mario,Chris Brown",91,4B,45,2023-11-08,03:42,49,"r&b","Get Back",2021-10-29,66,20,0,25,10,10,-9,G#/A♭ Major,4,74CjepodJooOCQkrGCwE4C,QZSYP2115081
1072,"End Of The Road","Boyz II Men",150,4A,43,2023-11-08,05:51,75,"new jack swing, r&b, quiet storm","Cooleyhighharmony (Bonus Tracks Version)",1991-04-30,64,7,0,53,0,0,-9,F Minor,3,3l3xTXsUXeWlkPqzMs7mPD,USMO19200465
1073,"How Come You Don't Call Me","Alicia Keys",125,11A,55,2023-11-08,03:57,50,"r&b, neo soul","Songs In A Minor",2001-06-05,84,16,0,76,0,0,-8,F#/G♭ Minor,3,29cup7R0CQiUB1lj4Laq72,USJAY0100056
1074,"Untitled (How Does It Feel) - Edit","D'Angelo",113,9A,41,2023-11-08,04:19,6,"neo soul","Ultimate D'Angelo",2008-01-01,79,21,2,33,0,30,-7,E Minor,3,3mz1kmUWrrbJsoAx6rFRc7,USVI20000213
1075,"(What A) Wonderful World","Sam Cooke",129,1B,51,2023-11-08,02:05,65,"motown, soul, classic soul","The Man Who Invented Soul",2000-09-26,69,63,0,89,0,40,-10,B Major,4,2g2GkH3vZHk4lWzBjgQ6nY,USRC10000389
1076,"Oh, Daddy","Natalie Cole",126,9A,21,2023-11-08,04:05,3,"quiet storm","I Love You So",1979-03-01,75,53,0,64,0,0,-15,E Minor,4,6HJrgwzjXEv8O0cVQZYu3J,USCA29200580
1077,"I Honestly Love You","Jerry Butler",131,12B,34,2023-11-08,04:26,2,"philly soul, classic soul, northern soul, doo-wop, motown, soul","Love's On The Menu",1976-01-01,48,61,3,32,0,40,-15,E Major,4,7BW8CVRbgivswB8QKngKg1,USUM71302717
1078,"This Woman's Work - Live from MTV Unplugged, Brooklyn, NY - May 1997","Maxwell",107,4B,34,2023-11-08,04:25,41,"neo soul, quiet storm, r&b","MTV Unplugged",1997-06-12,37,88,0,15,0,80,-11,G#/A♭ Major,4,5aZsRVl7V7Wn8GKYCtqtkf,USSM19701040
1079,"Right To Be Wrong","Coffee Jazz Melody",69,3B,17,2023-11-09,05:45,34,"jazz","The Memory of Our Love",2023-04-18,68,93,90,31,0,10,-16,C♯/D♭ Major,4,6UE9V1VQuF5GXjJHRsaHBM,GBKQU2319162
1080,"Love Is Just a Breath Away","Coffee Jazz Melody",94,12B,15,2023-11-09,06:15,30,"jazz","The Memory of Our Love",2023-04-18,61,90,91,28,0,10,-16,E Major,3,6vVCV9YWeK5MsfCRF9I4Su,GBKQU2319159
1081,"Hold My Head","Coffee Jazz Melody",98,8B,3,2023-11-09,06:01,15,"jazz","Maybe I'm Lonely",2023-04-25,47,85,90,14,0,10,-27,C Major,3,2nujBGQw99pUcGeFV3UyYq,GBKQU2321171
1082,"Mellow Creation","Coffee Jazz Melody",95,5B,7,2023-11-09,06:26,37,"jazz","Peaceful Moment",2023-07-24,69,91,88,23,0,10,-19,D#/E♭ Major,3,2ngm8EdMHQWvDoz7rggPuZ,GBKQU2350126
1083,"I Love Midnight Stroll","Coffee Jazz Melody",69,4B,11,2023-11-09,05:43,35,"jazz","Peaceful Moment",2023-07-24,63,90,91,12,0,10,-17,G#/A♭ Major,4,2oabMamqCongc8yVG7ERzH,GBKQU2350124
1084,"Unused Night","Coffee Jazz Melody",75,9B,11,2023-11-09,05:21,34,"jazz","Peaceful Moment",2023-07-24,41,93,89,21,0,10,-17,G Major,4,6G04PtMkYBQqX5lqGSqqMU,GBKQU2350129
1085,"Welcome To The Other Side","DPR IAN",115,6A,66,2023-11-11,03:39,50,"k-rap","Dear Insanity...",2023-10-06,48,38,1,19,0,10,-5,G Minor,4,2ZR0hXJR1pvpb6loEYirHX,QMBZ92331723
1086,"Ghost Processional","Kevin MacLeod",100,5A,0,2023-11-11,01:44,14,"","Dark World",2014-12-25,60,56,91,4,0,20,-29,C Minor,4,0maIpFe6r8jK1yZqObhOqQ,USUAN1100219
1087,"See You Again (feat. Charlie Puth)","Wiz Khalifa,Charlie Puth",80,6B,48,2023-11-11,03:49,61,"soft pop","Nine Track Mind",2016-01-29,69,37,0,28,0,0,-8,A#/B♭ Major,4,66CFbqJScx6zRieGllITcs,USAT21503426
1088,"Letters - Acoustic","Maximillian",81,4B,15,2023-11-13,03:05,23,"","Unplugged",2023-06-09,55,96,0,32,0,10,-10,G#/A♭ Major,4,3cIsGb7kQCBbizV5uF9KcX,DKUM72300429
1089,"Still You","Kyle Juliano",136,9B,56,2023-11-13,03:28,35,"opm, pinoy r&b","Still You",2021-01-29,48,25,0,34,0,20,-6,G Major,4,2PocshiDkSmKL2PglO2kK1,PHU012016020
1090,"Counting My Blessings - Acoustic","Seph Schlueter",111,9B,44,2023-11-13,03:28,43,"christian, worship, christian pop","Counting My Blessings (Acoustic)",2023-11-10,40,72,0,25,0,0,-7,G Major,4,5GVWorVAP2wKRNfpWHpmOu,USA5W2300842
1091,"That Part","Lauren Spencer Smith",175,7B,45,2023-11-13,02:54,66,"","Mirror",2023-07-14,36,18,0,37,0,10,-8,F Major,3,7ggnnK9KC8ZKhahPdnY0c3,USUG12303120
1092,"Need You Tonight","JP Cooper,RAY BLK",144,10B,68,2023-11-13,03:18,35,"uk r&b, alternative r&b","Need You Tonight",2022-01-14,52,44,0,29,0,10,-3,D Major,4,4HLuopIC1sQIgTAcDwkkqR,GBUM72108916
1093,"Car Accident","Jade LeMac",152,5A,70,2023-11-13,03:33,52,"","Constellations",2023-02-10,69,64,0,71,0,10,-4,C Minor,4,0fOwJiPxWs5Wp8IggTSYAE,USAR12200485
1094,"What If We Never Met","Chris James",131,2B,49,2023-11-13,02:32,27,"","The Weight of Nostalgia",2022-07-01,79,49,0,52,0,10,-8,F#/G♭ Major,4,4Rq2AwqLyFIFsAxuw7WpSf,CH7812221765
1095,"Get over You Again","Christine Smit",86,7B,49,2023-11-13,03:23,42,"","Get over You Again",2020-05-22,67,31,0,47,0,10,-8,F Major,4,5PirGBr6hiyw1AaNZTVBU3,SE5Q52000880
1096,"24/7, 365 (sunset session)","elijah woods",145,2B,43,2023-11-13,02:57,31,"pop singer-songwriter","bright orange everglow (sunset sessions)",2023-10-27,63,42,0,43,0,10,-9,F#/G♭ Major,4,3veTpvb6fyOccHljXTOS8i,QZTB82346445
1097,"Love Was Really Gone - 2018 Remaster","Makoto Matsushita",87,9A,65,2023-11-13,05:47,61,"city pop, jazz fusion, j-r&b","FIRST LIGHT (+1; 2018 Remaster)",1982-04-21,62,59,0,41,0,20,-8,E Minor,4,2aaOJJd2fBkd4es7vI2h2a,JPWP01801798
1098,"Song Cry","August Alsina",71,10A,60,2023-11-14,04:29,48,"r&b","This Thing Called Life",2015-12-11,35,7,0,32,0,10,-7,B Minor,4,4xisQDP6YDwBEDW5DVuj5p,USUM71517364
1099,"Blame","Bryson Tiller",115,10A,38,2023-11-14,02:07,62,"trap soul, r&b","Blame",2019-07-26,73,3,0,32,10,10,-9,B Minor,4,6S5dMjMifQYmyTu1mX4f8P,USRC11902083
1100,"Why Haven't I Met You?","Cameron Dallas",105,2A,47,2023-11-14,03:00,39,"","Why Haven't I Met You?",2018-10-26,70,20,0,53,0,0,-7,D#/E♭ Minor,4,5NACaWLnFkMDY5c4IUiqml,USQX91803041
1101,"Love Quotes","Jenevieve",75,11A,67,2023-11-14,03:15,58,"alternative r&b","Love Quotes",2022-08-12,68,59,0,51,0,10,-6,F#/G♭ Minor,4,6FnXRfvhQsTbiMaiXb2gff,USUM72215192
1102,"Cruel Summer","Taylor Swift",170,11B,70,2023-11-14,02:58,89,"","Lover",2019-08-23,55,12,0,56,10,10,-6,A Major,4,1BxfuPKGuaTgP7aM0Bbdwr,USUG11901472
1103,"Lights Down Low","MAX",81,4A,49,2023-11-14,03:43,58,"","Hell's Kitchen Angel",2016-04-08,62,6,0,59,0,10,-8,F Minor,4,1sYSP7gKa5kdKIfhANfori,USQX91600306
1104,"can’t bear to be without you","HONNE",111,3B,77,2023-11-14,02:30,25,"","no song without you",2020-07-03,72,71,91,31,0,40,-9,C♯/D♭ Major,4,3ByZXP8iXAvhIhkJccDlbD,GBAHS2000608
1105,"Best Days","Alessia Cara",155,2B,28,2023-11-14,03:31,12,"","Best Days (The Remixes)",2022-01-21,40,88,0,27,0,10,-13,F#/G♭ Major,4,58RC243mZCYi8wmFyLGwIk,USUM72115832
1106,"This Time","Jeff Bernat",107,12B,43,2023-11-14,03:05,55,"","This Time",2021-01-15,69,72,0,48,0,10,-10,E Major,4,07tYyJZJyu7SYYG4EWKkGS,TCAFI2017184
1107,"Bet","UMI",105,10B,66,2023-11-14,02:31,28,"","Introspection",2020-06-21,67,9,0,49,0,20,-7,D Major,4,1hv5qektVlfqlu1P858s5G,USRC12002043
1108,"Let Me Go","Daniel Caesar",153,6A,47,2023-11-14,03:36,51,"","NEVER ENOUGH",2023-04-07,59,69,0,45,0,10,-8,G Minor,4,0cE1CAG5yunIjnHWLAZNub,USUG12209350
1109,"Honest.","Kiana Ledé",93,5A,56,2023-11-14,02:38,42,"","KIKI",2020-04-03,79,23,0,40,0,30,-6,C Minor,4,1iP8wvXwcMsbOMeLDiZ4O4,USUM72003416
1110,"moonlight","Dhruv",92,10B,50,2023-11-14,02:39,51,"","moonlight",2020-02-21,73,63,0,56,10,10,-11,D Major,4,70MgcT507FGdoDBBLdmsqu,QM24S2001140
1111,"Love Me Like That","Sam Kim",88,11B,29,2023-11-14,03:31,62,"k-ballad, k-pop","Nevertheless, (Original Television Soundtrack, Pt. 6)",2021-07-24,59,85,0,46,0,0,-8,A Major,4,1lhm29o3syw122xynSKaAK,KRF702100173
1112,"Remember That Night?","Sara Kays",124,6A,61,2023-11-14,03:47,72,"","Remember That Night?",2020-11-06,68,59,0,55,0,10,-11,G Minor,4,1nYzjrdVQ8RpF93M0jPFW7,USAT22007230
1113,"Routine","Sam MacPherson",86,12B,25,2023-11-14,03:15,0,"","Songs for Sam",2021-10-15,64,75,0,11,0,30,-14,E Major,4,4cFk1pwIYF71o4bMqrlbMI,GBKPL2139531
1114,"Death Bed","sleep.ing",136,1B,30,2023-11-14,02:42,27,"","Death Bed",2020-03-06,75,80,0,87,0,20,-16,B Major,4,28T5s2czZuviZ4F3k9GJlw,QZFZ42039672
1115,"Forfeit. (ft. Lucky Daye)","Kiana Ledé,Lucky Daye",132,3B,44,2023-11-14,04:02,51,"","KIKI",2020-04-03,77,49,0,39,10,10,-8,C♯/D♭ Major,3,4uMvvCwqs046uxyJiFJTT1,USUM72003405
1116,"come out and play","Billie Eilish",145,8B,32,2023-11-14,03:30,68,"","come out and play",2018-11-20,64,69,3,18,0,10,-15,C Major,4,7wC5eZcFS1Q1BsQ35DU6H4,USUM71818958
1117,"Baby Powder","Jenevieve",78,12A,45,2023-11-14,02:56,69,"alternative r&b","Division",2021-09-03,80,24,0,73,0,0,-8,C♯/D♭ Minor,3,4Nw7kywWurWS6ceinn1cHK,GBKPL2091097
1118,"I Don't Love You","Aidan Alexander",96,3B,47,2023-11-14,03:24,22,"","I Don't Love You",2018-09-19,60,21,0,37,0,0,-10,C♯/D♭ Major,4,5lmNLpttoz07aUCITtAKhX,GBKPL1819652
1119,"attention (with Justin Bieber)","OMAH LAY,Justin Bieber",120,4A,72,2023-11-14,03:00,55,"afrobeats, afrobeat, afropop, afro r&b, afropiano, afro soul, ","attention (with Justin Bieber)",2022-03-03,82,17,0,38,0,10,-8,F Minor,4,6tTeRmhhuwDl5Y4UiJdHuO,USWB12200242
1120,"Always Remember Us This Way","Lady Gaga",130,8B,50,2023-11-14,03:30,86,"art pop, pop","A Star Is Born Soundtrack (Without Dialogue)",2018-10-05,55,30,0,29,0,70,-6,C Major,4,2rbDhOo9Fh61Bbu23T2qCk,USUM71813195
1121,"Green Mile","SZA",150,8A,63,2023-11-14,03:34,48,"r&b","Z",2014-04-08,37,60,57,13,10,10,-8,A Minor,4,0FclB23LoCgzu0jm9VOPuq,TCABW1406848
1122,"When You’re Sad I’m Sad","Charlie Puth",77,3B,23,2023-11-14,02:54,43,"soft pop","CHARLIE",2022-10-07,65,89,0,41,0,10,-12,C♯/D♭ Major,4,4JC4Gj3DcAkwh9rvBeYoXy,USAT22208886
1123,"The Hills","The Weeknd",113,5A,56,2023-11-14,04:02,88,"","Beauty Behind The Madness",2015-08-28,59,7,0,14,0,10,-7,C Minor,4,7fBv7CLKzipRk6EC6TWHOB,USUG11500737
1124,"Remember Me","UMI",112,4A,34,2023-11-14,03:19,60,"","Remember Me",2018-10-08,84,46,0,53,0,30,-9,F Minor,4,630Ug0XtmhhFvAKo0PNuEI,UST8K1847614
1125,"Since I Have A Lover","6LACK",120,8B,67,2023-11-14,04:42,53,"","Since I Have A Lover",2023-03-24,70,3,5,14,0,20,-6,C Major,4,5D1QJgn1rP8docnVY6MRJ9,USUM72301554
1126,"Good Looking","Suki Waterhouse",150,12B,55,2023-11-14,03:34,15,"","Good Looking",2022-08-18,37,8,0,26,0,10,-9,E Major,3,0j3mqDTK4Z6lvrLzFCUUz6,QZ9Y21712533
1127,"Eyes Closed","Ed Sheeran",107,10B,53,2023-11-14,03:14,74,"soft pop","- (Deluxe)",2023-05-05,78,30,0,39,0,10,-6,D Major,4,3p7XQpdt8Dr6oMXSvRZ9bg,GBAHS2201304
1128,"Need Your Love (with Noah Kahan)","Gryffin,Seven Lions,Noah Kahan",104,8B,76,2023-11-14,03:25,57,"edm, melodic bass, future bass, chillstep, dubstep, progressive trance, ","Gravity",2019-10-24,58,16,0,52,0,10,-4,C Major,4,1vsQb8n0icvMsFnL9663LM,USUM71920252
1129,"IN A DREAM","Troye Sivan",170,8B,81,2023-11-14,03:49,50,"","In A Dream",2020-08-21,54,2,0,70,10,10,-6,C Major,4,6d48aJz9FrGQCfA9zj0ZMM,AUUM72000414
1130,"Moments","Pink Sweat$",94,3B,27,2023-11-14,02:42,37,"","Moments",2023-04-06,45,66,0,48,0,20,-8,C♯/D♭ Major,4,1uBFnk2iTrgjnEejK9PKq7,QZVEM2317936
1131,"Chemical","Post Malone",170,10B,88,2023-11-14,03:04,75,"","Chemical",2023-04-14,49,0,0,39,0,10,-5,D Major,4,5w40ZYhbBMAlHYNDaVJIUu,USUM72305205
1132,"End Game","Taylor Swift,Ed Sheeran,Future",159,10B,59,2023-11-14,04:04,74,"soft pop, rap","reputation",2017-11-10,65,1,0,15,0,10,-6,D Major,4,2x0WlnmfG39ZuDmstl9xfX,USCJY1750004
1133,"Don’t Blame Me","Taylor Swift",136,8A,53,2023-11-14,03:56,83,"","reputation",2017-11-10,62,11,0,19,0,0,-7,A Minor,4,1R0a2iXumgCiFb7HEZ7gUE,USCJY1750006
1134,"a thousand years","Christina Perri",139,6B,41,2023-11-14,04:45,86,"soft pop","a thousand years",2011-10-18,42,31,0,16,0,10,-7,A#/B♭ Major,3,6lanRgr6wXibZr8KgzXxBl,USAT21102141
1135,"Eternal","Jenevieve",160,6A,70,2023-11-14,02:39,19,"alternative r&b","Division (Deluxe)",2022-04-29,51,63,0,21,10,10,-10,G Minor,4,34dNNN5cn8QxDub8sZbEKa,USUM72107227
1136,"Valentina","Daniel Caesar",92,5A,31,2023-11-14,02:34,72,"","NEVER ENOUGH",2023-04-07,75,62,34,37,0,10,-5,C Minor,4,0b83L1ToHRiwlpmUAjiCHc,USUG12209353
1137,"Over It","Delanir,Asia Burgess",126,1A,42,2023-11-14,02:34,4,"indonesian r&b, indonesian hip hop, hipdut, indonesian indie","Over It",2020-03-06,83,76,0,18,0,10,-11,G#/A♭ Minor,4,625Nm7d6B3y6FDwbtWSgaD,GBSMU7588427
1138,"Baby Why","Sarah Cothran",73,4B,50,2023-11-14,02:44,47,"","Baby Why",2022-07-29,29,15,0,27,0,30,-5,G#/A♭ Major,4,7qLUUHpvOezSnNERh4IRPx,USUM72213160
1139,"Until I Found You - Piano Version","Stephen Sanchez",95,9B,15,2023-11-14,03:04,65,"","Until I Found You (Piano Version)",2022-03-11,60,93,0,23,0,10,-10,G Major,3,06vNG6CiV4k8oNA0wUUAO7,USUG12201478
1140,"Deeper","Kiana Ledé",101,12B,62,2023-11-14,03:34,36,"","Deeper",2023-05-12,63,3,0,16,0,10,-5,E Major,4,4NfGgVjYu5xqBLYAFdw7F0,USUM72306376
1141,"Wait - from ‘Three Months’","Troye Sivan,Gordi",108,9B,86,2023-11-14,03:29,41,"","Wait (from ‘Three Months’)",2022-02-23,65,30,0,27,0,10,-6,G Major,4,70iazIU8mYvhSouvV7LZir,AUUM72100240
1142,"you broke me first - Gryffin Remix","Tate McRae,Gryffin",124,12A,80,2023-11-14,03:35,48,"edm, melodic bass, future bass","you broke me first (Gryffin Remix)",2020-06-01,57,36,0,23,0,10,-6,C♯/D♭ Minor,4,3Ni9jLlq3xPoOKv1HYlQrH,USRC12003397
1143,"Like A Star","Corinne Bailey Rae",123,7A,23,2023-11-14,04:03,65,"","Corinne Bailey Rae",2006-01-01,61,72,0,14,0,30,-11,D Minor,4,5Anh8jULgeUgciLHCR25Mk,GBAYE0501496
1144,"Memories","Conan Gray",113,1B,68,2023-11-14,04:08,61,"","Memories",2022-04-15,34,1,0,56,0,30,-6,B Major,4,7AYP21Q4qnxw2WxETEvSRb,USUM72204111
1145,"Magic In The Hamptons (feat. Lil Yachty)","Social House,Lil Yachty",96,3B,48,2023-11-14,02:44,70,"","Magic In The Hamptons (feat. Lil Yachty)",2018-06-08,77,66,0,80,0,0,-5,C♯/D♭ Major,4,2Yer0p7uB2lVBUAtANuuQp,USUM71806833
1146,"HAPPY","NF",106,9B,86,2023-11-14,04:02,75,"christian hip hop","HOPE",2023-04-07,73,31,0,22,0,10,-4,G Major,4,3ZEno9fORwMA1HPecdLi0R,USUM72300449
1147,"Yesterday","Jay Park",168,12B,44,2023-11-14,03:11,47,"k-rap, k-pop","Yesterday",2023-02-13,45,49,0,30,0,10,-9,E Major,4,4mPOgPXaXFBQ9dCg6OGEFv,KRMIM2330574
1148,"Just Don't Know It Yet","New Hope Club",80,7B,32,2023-11-15,02:57,0,"","Just Don't Know It Yet",2023-04-14,45,87,0,43,0,10,-9,F Major,4,3gATMpdrZqQIws1Bks8n0O,USHR12244404
1149,"Strip That Down - Acoustic","Liam Payne",106,2B,38,2023-11-17,03:04,47,"","Strip That Down (Acoustic)",2017-06-16,88,64,0,91,0,10,-8,F#/G♭ Major,4,1Ddj6nkhUP3lHpLvDqPsvC,GBUM71702057
1150,"U Guessed It","OG Maco",120,3B,29,2023-11-17,02:26,46,"","U Guessed It - Single",2014-09-25,84,1,0,27,30,0,-11,C♯/D♭ Major,4,4UUFTQKwwId0n1P9t4ZQhx,USUYG1053463
1151,"City Girls","Chris Brown,Young Thug",92,6A,59,2023-11-17,03:50,64,"r&b, rap, trap, melodic rap","Slime & B",2020-05-08,75,5,0,82,0,0,-8,G Minor,4,1rJUbH0v2E8t1GY4OAUTeC,USRC12001475
1152,"WAIT FOR YOU","Elliott Yamin",116,8B,49,2023-12-01,04:24,47,"","WAIT FOR YOU",2008-00-00,76,26,0,37,0,10,-7,C Major,4,5pbdWdGUFojHTCaEVW01wK,USYYK0700001
1153,"Hold On - Ultimate Mix","John Lennon",84,12A,27,2023-12-01,01:52,37,"christmas","Plastic Ono Band (The Ultimate Collection)",2021-04-23,76,46,0,66,0,30,-12,C♯/D♭ Minor,4,7ycuU1aOKJy97VNFkKUSK5,GBUM72002950
1154,"U Can't Touch This","MC Hammer",133,10A,52,2023-12-04,04:17,76,"","Please Hammer Don't Hurt 'Em",1990-02-20,87,0,0,86,0,0,-13,B Minor,4,1B75hgRqe7A4fwee3g3Wmu,USCA29000294
1155,"What Do You Mean?","Justin Bieber",125,4A,57,2023-12-06,03:25,72,"","Purpose (Deluxe)",2015-11-13,85,59,0,79,10,0,-8,F Minor,4,0NpZenGEA81m99MX1Q677C,USUM71511919
1156,"Shhh (Pew Pew)","Young Fanatic",170,9A,61,2023-12-07,01:53,50,"","Unknown",2019-07-03,82,11,0,52,30,0,-7,E Minor,4,4CRoQgyLLkvNHQ2h990OYr,QM6N21993541
1157,"Born To Fight","UNIQ",95,3B,87,2023-12-08,03:01,14,"c-pop, k-pop","The First Digital Single 'Falling In Love'",2014-10-20,69,0,0,80,20,0,-5,C♯/D♭ Major,4,29lIaMFvN5pjWb4Kt6fZ0n,KRA381209077
1158,"why dont we go","UMI",118,8A,38,2023-12-09,02:46,41,"","why dont we go",2023-11-03,82,57,0,53,0,10,-10,A Minor,4,54PYCknS6lsyUXSkgnj2OM,QM24S2306061
1159,"Clap Back","Ja Rule",94,11B,79,2023-12-13,04:56,62,"east coast hip hop","Blood In My Eye",2003-01-01,63,4,0,70,30,0,-6,A Major,4,1FK0sZfZzCAIDUn7htCemp,USDJ20301038
1160,"Feel It","Crooked Colours",122,9A,76,2023-12-15,03:51,36,"","Tomorrows",2022-09-23,73,2,4,20,0,20,-7,E Minor,4,1ARuHk4XNA0FJXuCOIassd,USAT22202718
1161,"Fall Into Blue - English Version","Yong Jun Hyung",110,3B,61,2023-12-20,02:56,5,"","Fall Into Blue",2023-12-19,71,14,0,34,0,10,-6,C♯/D♭ Major,3,20sJPkSQw0qnLNCbbh12Ip,KRB462301249
1162,"If We Ever Broke Up","Mae Stephens",116,9B,73,2023-12-27,02:22,69,"","If We Ever Broke Up",2023-02-10,90,59,0,94,0,0,-4,G Major,4,6maTPqynTmrkWIralgGaoP,GBUM72300969
1163,"Santa Tell Me","Ariana Grande",192,9B,62,2023-12-27,03:24,67,"pop","Santa Tell Me",2014-11-24,53,5,0,59,10,20,-7,G Major,4,0lizgQ7Qw35od7CYaoMBZb,USUM71417401
1164,"Sunny Day","Anno Domini Beats",168,9B,78,2023-12-28,03:00,0,"","Sunny Day",2013-01-11,70,31,83,96,0,10,-6,G Major,4,45Cke7CoPeNdZjP6QzqIAq,USQY51310178
1165,"How Will I Know","Whitney Houston",119,2B,54,2023-12-29,04:29,77,"","Whitney Houston",1985-02-14,83,20,0,93,0,60,-13,F#/G♭ Major,4,5tdKaKLnC4SgtDZ6RlWeal,USAR18500150
1166,"New Love","LL COOL J,Charlie Wilson",174,10A,85,2023-12-29,03:15,9,"old school hip hop, east coast hip hop, sexy drill","Authentic (Deluxe Edition)",2013-04-30,42,0,0,38,20,10,-4,B Minor,4,1ZHdxt9fCy0cSR9erLi1Rp,USSJ11300112
1167,"My Song","H.E.R.",102,6A,23,2023-12-29,05:50,44,"r&b","My Song",2018-01-02,44,97,0,35,0,10,-9,G Minor,4,16V37tEJapC7jTli8qHImc,USRC11703679
1168,"this is what space feels like","JVKE",73,6B,38,2023-12-30,03:03,64,"","this is what space feels like",2023-09-25,52,30,0,46,10,30,-5,A#/B♭ Major,4,6PetYmvjKZBjiUYlnlAcn1,QMFME2311350
1169,"Special","SZA",76,8B,20,2023-12-30,02:38,68,"r&b","SOS",2022-12-09,60,78,0,19,0,10,-12,C Major,4,6RQ5IwG7uADz9LDWliJGjU,USRC12204597
1170,"It's Beginning to Look a Lot like Christmas","Michael Bublé",95,12B,21,2023-12-30,03:26,10,"christmas","Christmas (Deluxe Special Edition)",2012-11-09,34,91,0,36,0,30,-12,E Major,3,5a1iz510sv2W9Dt1MvFd5R,USRE11100700
1171,"Tomorrow (A Better You, Better Me)","Quincy Jones,Tevin Campbell",82,7B,64,2024-01-01,04:46,44,"soul jazz, big band, quiet storm, new jack swing","Back On The Block",1989-01-01,34,67,0,39,0,10,-6,F Major,4,4jYuAdVCOMkEQJWV2qvlj6,USWB18900004
1172,"Underneath the Tree","Kelly Clarkson",160,4B,81,2024-01-04,03:49,60,"christmas","Wrapped In Red",2013-10-25,51,0,0,69,0,20,-5,G#/A♭ Major,4,3nAp4IvdMPPWEH9uuXFFV5,GBCTA1300103
1173,"Disco Inferno","50 Cent",97,5B,66,2024-01-04,03:34,77,"old school hip hop, east coast hip hop","The Massacre",2005-03-03,93,21,0,71,20,20,-5,D#/E♭ Major,4,69bHJ9qs5FrUJbKP8xU8uZ,USIR10401085
1174,"Wop (Official Version)","J. Dash",112,9B,82,2024-01-04,03:50,57,"","Wop (Official Version)",2010-12-16,84,1,0,65,0,10,-6,G Major,4,3zbnvxvqV5lL4Vq0FznWsX,US49U1076008
1175,"Kung Fu Fighting","Carl Douglas",102,10B,76,2024-01-04,03:17,71,"","Kung Fu Fighter",1974-01-01,62,15,0,75,0,10,-9,D Major,4,7K8QsHbmUpSX37oOCL4e2g,GBAJE7400014
1176,"Lovin On Me","Jack Harlow",105,10B,56,2024-01-04,02:18,81,"","Lovin On Me",2023-11-10,94,0,0,61,0,0,-5,D Major,4,4xhsWYTOGcal8zt0J161CU,USAT22311371
1177,"All That Glitters","Earl",97,2A,66,2024-01-04,03:17,47,"electro swing, swing music","All That Glitters",2017-06-14,71,59,0,75,0,0,-4,D#/E♭ Minor,4,0WCWg6SaS7Fq83yIyU4I3f,GB5KW1701319
1178,"TiK ToK","Kesha",120,7A,84,2024-01-04,03:19,86,"","Animal (Expanded Edition)",2010-01-01,76,10,0,71,10,20,-3,D Minor,4,0HPD5WQqrq7wPWR7P7Dw1i,USRC10900433
1179,"Last Christmas","Ariana Grande",206,10B,80,2024-01-04,03:23,57,"pop","Christmas Kisses",2013-01-01,50,13,0,79,0,10,-3,D Major,4,5xDrO9DEDJGUQGfyoHvgDJ,USUM71318388
1180,"Young, Wild & Free (feat. Bruno Mars)","Snoop Dogg,Wiz Khalifa,Bruno Mars",95,8B,66,2024-01-04,03:27,76,"g-funk, west coast hip hop, gangster rap, old school hip hop, hip hop, rap, ","Young, Wild & Free (feat. Bruno Mars)",2011-10-11,72,5,0,53,10,10,-6,C Major,4,5HQVUIKwCEXpe7JIHyY734,USAT21102232
1181,"Like I Do","J.Tajor",105,11B,50,2024-01-06,02:29,0,"","Like I Do",2022-03-04,85,65,0,60,0,10,-5,A Major,4,1inxDUNid3wiWPEqAqlJbo,TCAGB2228976
1182,"My Love Mine All Mine","Mitski",114,11B,31,2024-01-07,02:17,87,"","The Land Is Inhospitable and So Are We",2023-09-15,50,87,14,12,0,10,-15,A Major,4,3vkCueOmm7xQDoJ17W1Pm3,USJ5G2335007
1183,"Addicted to My Ex","M City JR",140,3B,50,2024-01-10,03:43,56,"","Addicted to My Ex",2016-06-24,83,9,0,5,0,20,-7,C♯/D♭ Major,4,5NuhZIx47GxB5DAXg8jWHN,USAT21601913
1184,"Howl's Moving Castle Theme: Merry-Go-Round of Life - Piano","Frozen Silence",125,12A,13,2024-01-10,02:54,36,"","Howl's Moving Castle Theme: Merry-Go-Round of Life (Piano)",2022-02-04,64,100,94,21,0,0,-24,C♯/D♭ Minor,4,0It7W8ulS4bsLyQkG4YA8a,QZPJ32144595
1185,"One and Only - AseMix","Ase",105,1A,60,2024-01-11,04:02,42,"","One and Only (AseMix)",2021-09-25,82,28,10,83,0,10,-9,G#/A♭ Minor,4,6CBbpHvcVFqKzhgyJHKi3W,QZNWS2175472
1186,"I Don’t Think That I Like Her","Charlie Puth",186,1A,55,2024-01-12,03:08,60,"soft pop","CHARLIE",2022-10-07,59,40,0,71,0,10,-6,G#/A♭ Minor,4,0Ts1lnK3lYa2dwE2orDJc5,USAT22208889
1187,"Peter Pan Was Right","Anson Seabra",84,7B,52,2024-01-12,03:12,65,"","Peter Pan Was Right",2022-04-29,66,22,0,24,0,10,-8,F Major,4,2At18rPHOuTEjGEppwGV0A,QZPY62200098
1188,"Endless Fashion (feat. Nicki Minaj)","Lil Uzi Vert,Nicki Minaj",133,3B,61,2024-01-12,03:36,61,"melodic rap, rage rap, ","Pink Tape",2023-06-30,73,7,0,41,10,10,-5,C♯/D♭ Major,4,41bmnQZoDMQdDh5zyomtW7,USAT22306857
1189,"I'll Be Missing You (feat. Faith Evans, 112)","Diddy,Faith Evans,112",110,9B,48,2024-01-13,05:01,74,"hip hop, east coast hip hop, r&b","Bad Boy's 10th Anniversary- The Hits",2004-03-09,86,5,0,92,0,50,-9,G Major,4,3QHONiXGMGU3z68mQInncF,USBB40581044
1190,"Still","Dvwn",127,11B,6,2024-01-13,03:24,35,"","Doona! (Music from The Netflix Series)",2023-10-20,43,95,0,14,0,10,-12,A Major,4,0vN1486y3zegOmBy89X196,QZ8BZ2307216
1191,"Better Place (Family Harmony)","Justin Timberlake,Eric Andre,Daveed Diggs,Kid Cudi,Troye Sivan,Anna Kendrick,Camila Cabello",116,9A,46,2024-01-13,01:56,63,"musicals, children's music, ","TROLLS Band Together (Original Motion Picture Soundtrack)",2023-10-20,46,48,0,21,0,0,-8,E Minor,4,7ELtAKka2YiZRclp70wZ6F,USRC12301395
1192,"Two of Hearts","Stacey Q",131,4A,51,2024-01-17,03:59,68,"hi-nrg, italo disco, freestyle","Better Than Heaven",1986-00-00,82,12,0,65,0,10,-7,F Minor,4,2dURQIBrw3XcHyVZlfdpC1,USAT29902109
1193,"Anti-Hero","Taylor Swift",97,12B,65,2024-01-17,03:20,81,"","Midnights",2022-10-21,63,12,0,49,0,10,-7,E Major,4,0V3wPSX9ygBnCm8psDIegu,USUG12205736
1194,"Beautiful Things","Benson Boone",105,6B,47,2024-01-28,03:00,85,"","Beautiful Things",2024-01-18,47,15,0,22,0,10,-6,A#/B♭ Major,3,6tNQ70jh4OwmPGpYy6R2o9,USWB12307016
1195,"Think U The Shit (Fart)","Ice Spice",122,11B,55,2024-02-03,02:21,59,"","Think U The Shit (Fart)",2024-01-26,97,4,0,32,20,0,-7,A Major,4,4w2Furap0ZzaiK4J14E9sR,USUG12400704
1196,"Tell Em","Cochise,$NOT",158,7B,72,2024-02-03,03:00,71,"rage rap, ","Tell Em",2021-05-28,67,10,0,47,20,40,-7,F Major,4,7nc7mlSdWYeFom84zZ8Wr8,USSM12103018
1197,"That's What I Like","Bruno Mars",134,3B,56,2024-02-03,03:26,92,"","24K Magic",2016-11-18,85,1,0,86,0,0,-5,C♯/D♭ Major,4,0KKkJNfGyhkQ5aFogxQAPU,USAT21602948
1198,"Better With You","Jeff Bernat",125,9A,44,2024-02-05,03:06,53,"","Better With You",2023-11-03,65,73,0,54,10,10,-8,E Minor,3,5rZQUcZVDCCUsJHeaxVPpG,QZTB62359889
1199,"drunk text","Henry Moodie",95,8B,49,2024-02-05,03:07,2,"","drunk text",2023-01-26,61,7,0,18,0,10,-5,C Major,3,0KpWiHVmIFDTvai20likX4,GBARL2202513
1200,"Little Bit","Chris Brown",102,9B,47,2024-02-06,02:45,53,"r&b","Royalty (Deluxe Version)",2015-12-18,60,1,0,15,0,10,-7,G Major,4,3Sz1T7n5xbFFa8eYdRUPeX,USRC11503037
1201,"Obsessed","Ayumu Imazu",90,6B,52,2024-02-07,03:16,61,"j-pop, j-r&b","Obsessed",2024-01-24,78,52,0,92,30,0,-8,A#/B♭ Major,4,2QYnONicU24TXbkhtaemOM,JPWP02400005
1202,"Real Love Baby","Father John Misty",204,9B,69,2024-02-10,03:09,79,"","Real Love Baby",2016-07-26,42,10,3,63,0,10,-6,G Major,4,0Z57YWES04xGh3AImDz6Qr,USSUB1618101
1203,"Too Cool To Die","Post Malone",107,8B,75,2024-02-10,03:24,63,"","AUSTIN",2023-07-28,58,0,0,43,0,10,-6,C Major,4,3FtQes77xlbS9QTVts7p2u,USUM72306016
1204,"Until I Found You (with Em Beihold) - Em Beihold Version","Stephen Sanchez,Em Beihold",101,6B,55,2024-02-10,02:56,79,"","Until I Found You (Em Beihold Version)",2022-04-22,55,78,0,34,0,20,-5,A#/B♭ Major,3,1Y3LN4zO1Edc2EluIoSPJN,USUG12202266
1205,"Normal Girl","SZA",76,8B,53,2024-02-13,04:13,76,"r&b","Ctrl",2017-06-09,62,27,0,36,10,10,-7,C Major,4,5fQBa4wkmq28xpSLOQ202K,USRC11701128
1206,"Checklist (feat. Chromeo)","MAX,Chromeo",123,6A,79,2024-02-13,02:15,56,"nu disco, alternative dance","Checklist (feat. Chromeo)",2019-11-01,79,7,0,87,0,20,-4,G Minor,4,3rT0YIyiE1n8JAUpBCUudE,USQX91902534
1207,"Let's Stay Together","Al Green",102,6A,40,2024-02-16,03:19,78,"soul, classic soul, motown, soul blues","Let's Stay Together",1972-00-00,76,58,1,51,0,0,-11,G Minor,4,63xdwScd1Ai1GigAwQxE8y,US2HK0913701
1208,"Aphid (feat. Dijon)","Matt Champion",89,11A,55,2024-02-16,02:45,29,"bedroom pop","Aphid (feat. Dijon)",2024-02-14,67,71,0,71,10,10,-8,F#/G♭ Minor,4,5BLRxUeMQFa4cK61ljrNiF,USRC12400209
1209,"Violet","Connor Price,Killa",120,1A,72,2024-02-16,02:02,58,"","Violet",2022-10-07,92,2,0,48,0,10,-7,G#/A♭ Minor,4,3zb9k8UUuKz5tYmKJvNqQA,QZPLS2235276
1210,"Selfish","Justin Timberlake",88,3B,54,2024-02-16,03:49,63,"","Selfish",2024-01-25,69,7,3,38,0,0,-7,C♯/D♭ Major,4,0QosomGFiJYOxj2ViZfqng,USRC12400001
1211,"Ruin","USHER,Pheelz",196,8B,52,2024-02-21,03:01,49,"r&b, afrobeats, afrobeat, afropop, afropiano","Ruin",2024-02-02,55,46,0,36,10,10,-7,C Major,4,3XloH0C8QYXgbYPmXlxf2x,QZS7J2388470
1212,"So I Danced","DPR IAN",140,4A,72,2024-02-22,02:53,42,"k-rap","So I Danced",2023-09-15,69,4,6,75,0,10,-6,F Minor,4,6OXq1P3P8Z8ky2x8dDtHSH,QMBZ92331726
1213,"GOOD DAY","Forrest Frank",76,4B,68,2024-02-27,02:50,64,"christian, christian pop, christian hip hop, worship, christian lo-fi, christian r&b","GOOD DAY",2024-01-19,71,6,0,72,10,10,-7,G#/A♭ Major,4,5KXXi90Q4pjVxEapZjRC9O,QZFZ22423696
1214,"Love","Keyshia Cole",117,7B,52,2024-03-01,04:15,84,"r&b","The Way It Is",2005-01-01,69,6,0,31,0,10,-4,F Major,4,0W4NhJhcqKCqEP2GIpDCDq,USAM10500210
1215,"slow down","Forrest.,Forrest Frank",172,12B,46,2024-03-05,02:50,63,"christian, christian pop, christian hip hop, worship, christian lo-fi, christian r&b","slow down",2022-06-30,63,38,0,75,0,10,-8,E Major,4,1bxEymHzVbGrbjR99QjS0l,QZK6L2269812
1216,"Class","GORO KUMAI",91,6A,21,2024-03-08,01:06,0,"j-r&b, jazz beats","THE MOTEL 2.0",2023-11-10,81,68,85,85,10,0,-8,G Minor,4,1yZ6vwpLeAV8fTQc3QoPCg,TCJPX2380797
1217,"Pop That! (Popped! by Galazy)","Ethanplus,Galazy",95,3A,72,2024-03-08,01:52,22,"hyperpop, ","Popped That!",2021-09-23,77,2,14,75,40,50,-6,A#/B♭ Minor,4,737Y6IzqsgpY0extbC52a5,QZMER2171006
1218,"What You Won't Do for Love","Bobby Caldwell",84,2B,40,2024-03-08,04:46,75,"yacht rock","What You Won't Do for Love",1978-00-00,64,46,0,80,0,10,-17,F#/G♭ Major,4,6Dk5fHTvH897XrVzCO64Mx,USA370532331
1219,"Golden","Harry Styles",140,9A,84,2024-03-10,03:28,79,"","Fine Line",2019-12-13,45,21,0,25,0,10,-5,E Minor,4,45S5WTQEGOB1VHr1Q4FuPl,USSM11912586
1220,"True romance","PinkPantheress",160,10A,96,2024-03-12,02:16,63,"bedroom pop","Heaven knows",2023-11-10,53,5,0,35,10,80,-5,B Minor,4,3ozo6hdOQAJKY1KZExV6UJ,GBAYE2301719
1221,"End of Beginning","Djo",160,10B,45,2024-03-13,02:39,97,"","DECIDE",2022-09-16,69,4,0,91,0,0,-8,D Major,4,3qhlB30KknSejmIvZZLjOD,GBKPL2205058
1222,"Angels","A$AP Rocky",121,5A,74,2024-03-13,03:47,65,"rap","LONG.LIVE.A$AP (Deluxe Version)",2013-00-00,78,37,0,54,0,0,-4,C Minor,4,0NFCFdJxEGCGO6EGkFCGgF,USRC11201467
1223,"Break Free","Ariana Grande,Zedd",130,6A,70,2024-03-15,03:34,83,"pop, edm","My Everything (Deluxe)",2014-08-22,69,1,0,29,0,20,-5,G Minor,4,12KUFSHFgT0XCoiSlvdQi4,USUM71409719
1224,"You Could Start A Cult","Niall Horan",84,8B,20,2024-03-15,03:20,52,"","The Show",2023-06-09,49,92,0,26,0,10,-11,C Major,4,3iVmzeoFR0AZrn8EYFnEsB,USUG12301143
1225,"Dumptruck","Kinfolk Thugs",140,5A,58,2024-03-17,04:38,49,"","Reloaded",2010-08-17,72,12,0,79,10,10,-10,C Minor,4,4uFevo0lhDBUmEbcDSVqGK,USUYG1000082
1226,"Bops Goin Brazy","Tyga",116,10B,88,2024-03-18,02:08,51,"","Bops Goin Brazy",2023-09-15,99,0,0,65,20,10,-4,D Major,4,1A8bKLSq6A4OboABhnDN6Q,USUYG1496998
1227,"Water","Tyla",117,2A,72,2024-03-18,03:20,85,"afrobeats","Water",2023-07-28,67,9,0,52,0,10,-3,D#/E♭ Minor,4,5aIVCx5tnk0ntmdiinnYvw,USSM12305126
1228,"Giddy Up Pony","Cowboy Bob",96,12B,47,2024-03-21,02:08,0,"","Buckaroo Roundup",2001-00-00,84,82,0,89,0,10,-14,E Major,4,3uhKpDUe626Dr7bTpaqUPo,ushm90810916
1229,"my strange addiction","Billie Eilish",100,1A,31,2024-03-22,02:59,76,"","WHEN WE ALL FALL ASLEEP, WHERE DO WE GO?",2019-03-29,94,35,0,56,30,10,-11,G#/A♭ Minor,4,3Tc57t9l2O8FwQZtQOvPXK,USUM71900769
1230,"By Your Side","Sade",146,1B,43,2024-03-23,04:34,77,"","Lovers Rock",2000-11-13,65,8,0,63,0,0,-10,B Major,4,7H3ojI1BsVy0dEJENqMt1k,GBBBM0002171
1231,"0310","Yerin Baek",136,9B,46,2024-03-23,03:58,0,"k-ballad","Every letter I sent you.",2019-12-10,55,70,0,53,0,10,-6,G Major,4,6EWWZTKKhFh7sTYsm65zfV,KRF251900196
1232,"18","One Direction",124,11A,58,2024-03-27,04:08,80,"","FOUR (Deluxe)",2014-11-17,68,22,0,22,0,10,-8,F#/G♭ Minor,4,3JjnGLK8IxkNLvo8Lb3KOM,GBHMU1400162
1233,"Day 1 ◑","HONNE",95,2B,58,2024-03-27,03:53,64,"","Love Me / Love Me Not",2018-08-24,50,21,0,63,0,20,-7,F#/G♭ Major,4,6ZzYETKetIfNUsZUb23jgG,GBAHS1800129
1234,"What A Life","Ruel,DMA'S",114,1B,79,2024-03-27,03:14,33,"","What A Life",2024-03-27,56,0,0,28,0,0,-6,B Major,4,4OUASKtHBgvuEY1By2WO5v,AULI02456750
1235,"Satellite","Harry Styles",139,8B,46,2024-03-28,03:38,76,"","Harry's House",2022-05-20,58,14,0,30,0,0,-6,C Major,4,0rzaRSujxA0bKyjJl6vHYq,USSM12200619
1236,"Stand By Me","Ben E. King",118,11B,31,2024-03-29,03:00,80,"doo-wop","Don't Play That Song (Mono)",1962-08-20,65,57,0,61,0,0,-9,A Major,4,3SdTKo2uVsxFblQjpScoHy,USAT21402270
1237,"Don't Look Back in Anger","Oasis",163,8B,94,2024-03-30,04:53,65,"britpop, madchester","Stop The Clocks",2006-11-13,32,7,0,29,0,0,-2,C Major,4,6qZoQsBTQW2tix6KViDC7F,GBAAW9500190
1238,"BRING IT BACK RMX","LilC4",145,10A,61,2024-03-30,01:59,0,"jersey club, baltimore club, philly club","XENOWRLD",2021-10-22,92,1,0,64,20,10,-9,B Minor,4,6CRGVXkNibQynEnhy6JSOo,QZS652101948
1239,"Little Bit","Mattybraps,Haschak Sisters",101,3B,55,2024-03-30,04:04,45,"","Little Bit",2018-03-21,91,31,0,87,0,0,-8,C♯/D♭ Major,4,0TywVj1iDzeRmKwd1IXzhp,QMDDU1800056
1240,"Forever (feat. Post Malone & Clever)","Justin Bieber,Post Malone,Clever",140,1A,48,2024-03-31,03:39,67,"","Changes",2020-02-14,82,54,0,89,0,20,-6,G#/A♭ Minor,4,2ZlCGeK30BLRNSPC832pNZ,USUM72001323
1241,"Cinema","Harry Styles",106,8A,64,2024-03-31,04:03,74,"","Harry's House",2022-05-20,83,35,5,90,0,0,-8,A Minor,4,35TyJIMR3xRouUuo2sjS6v,USSM12200616
1242,"Temperature Rising","Tory Lanez",132,11A,52,2024-03-31,02:16,57,"","Temperature Rising",2020-05-15,57,1,0,8,0,0,-5,F#/G♭ Minor,5,1FKFLWFa7fVoftc7UmYhDC,QM24S2005015
1243,"Crown","Stormzy",109,11B,58,2024-04-02,03:33,57,"grime, uk grime, uk drill","Heavy Is The Head",2019-12-13,54,70,0,9,10,0,-6,A Major,4,4CEGyF5A5u5BjweVvkgCsn,GBAHS1900855
1244,"Runaway Baby","Bruno Mars",164,3A,76,2024-04-03,02:28,78,"","Doo-Wops & Hooligans",2010-05-11,66,26,0,82,0,10,-3,A#/B♭ Minor,4,7hCNBVRhHzcsRAv0TQnOzq,USAT21001885
1245,"Gorilla","Little Simz",90,7B,81,2024-04-03,04:05,61,"","NO THANK YOU",2022-12-12,72,27,0,68,20,10,-6,F Major,4,0pJO1tc1GpnxFyQp6Zp82r,QMFME2257574
1246,"All I Ask","Adele",142,12B,28,2024-04-05,04:31,75,"soft pop","25",2015-11-20,59,89,0,35,0,10,-5,E Major,4,6DEMMeWXfmFAXgDUMMzeg6,GBBKS1500223
1247,"Do I Wanna Know?","Arctic Monkeys",85,7A,57,2024-04-06,04:33,60,"indie, garage rock","Do I Wanna Know?",2013-07-18,54,35,0,45,0,10,-7,D Minor,4,7xmwLmkoWpghkq8jyEhtbx,GBCEL1300332
1248,"Know No Better (feat. DaBaby)","Justin Bieber,DaBaby",132,9B,44,2024-04-07,02:41,57,"","Justice (Triple Chucks Deluxe)",2021-03-26,67,62,0,85,10,0,-8,G Major,4,6iKFUkq6GmaW4UQGED1tSd,USUM72104713
1249,"You and Me","Zach Oliver",82,9A,60,2024-04-07,03:02,25,"","You and Me",2018-12-10,80,8,0,43,0,10,-7,E Minor,4,6Re8eOJki8Lit4m97lyWnK,CAINA1800001
1250,"In My Blood - Acoustic","Shawn Mendes",140,7B,52,2024-04-09,03:32,54,"","In My Blood (Acoustic)",2018-05-11,57,73,0,24,0,10,-6,F Major,4,6Pce5yn5oOSDB6hZm8Ou2U,USUM71805275
1251,"American Boy","Estelle,Kanye West",118,8B,73,2024-04-13,04:44,85,"rap","Shine",2008-03-28,69,17,0,52,30,0,-3,C Major,4,6etwirSInfuJrSOlogS6Sh,USAT20706210
1252,"Slow It Down","Benson Boone",181,4B,58,2024-04-16,02:41,71,"","Slow It Down",2024-03-21,43,17,0,54,0,0,-5,G#/A♭ Major,4,6WO7IDGLakjO38lsvI2gHB,USWB12400913
1253,"Kiss The Sky","Avery Wilson",160,3B,83,2024-04-16,05:48,41,"","Kiss The Sky",2023-09-29,62,27,0,58,0,10,-5,C♯/D♭ Major,4,720VE8ztYhPhFVL7RFw6r3,QM6G42300121
1254,"Kiss the Sky","Jason Derulo",110,1B,84,2024-04-16,03:42,46,"","Kiss the Sky",2016-08-12,74,8,0,81,0,10,-3,B Major,4,0LiEC0RZvGaUISWv7lYsJL,USWB11601261
1255,"Crack Rock","Frank Ocean",89,7B,74,2024-04-16,03:44,75,"","channel ORANGE",2012-07-10,43,7,0,38,20,0,-8,F Major,4,5lcyIeEfwZTs8Ajw3kdF7P,USUM71207184
1256,"Passionfruit","Drake",112,1B,46,2024-04-17,04:58,89,"rap","More Life",2017-03-18,81,26,9,36,0,10,-11,B Major,4,5mCPDVBb16L4XQwDdbRUpz,USCM51700072
1257,"We’re A Pair Of Diamonds","Ruel,DMA'S",75,2B,60,2024-04-18,03:48,37,"","We’re A Pair Of Diamonds",2024-04-18,53,8,0,25,0,0,-5,F#/G♭ Major,4,0XwJV48hWrbwJWhgw19Acf,AULI02456760
1258,"Jump","Tyla,Gunna,Skillibeng",100,3A,72,2024-04-21,02:27,71,"afrobeats, melodic rap, dancehall","TYLA",2024-03-22,79,3,0,63,0,20,-3,A#/B♭ Minor,4,6XpEm7VJ7TZxZTawH8BCSW,USSM12308661
1259,"Clues","Ashley Alisha",139,2B,70,2024-04-23,03:15,53,"","Clues",2024-01-23,73,35,0,65,10,10,-6,F#/G♭ Major,4,61gbYhkIPt0mtBoWyU5lFg,QZFZ22477299
1260,"lavender (feat. Pink Sweat$)","JVKE,Pink Sweat$",73,12A,66,2024-04-23,02:37,50,"","lavender (feat. Pink Sweat$)",2024-02-09,76,21,0,67,0,20,-5,C♯/D♭ Minor,4,4WkmcS7sW41aVsFdJ2PfT7,QM4TW2472617
1261,"not ur friend","Jeremy Zucker",69,12B,31,2024-04-23,02:54,52,"","love is not dying",2020-04-17,78,30,0,71,40,60,-9,E Major,4,2b2LUjMx9LKwIARJf93Rbd,USUM72003026
1262,"It's You","Ramzi",124,6B,33,2024-04-23,03:05,25,"bhangra","It's You",2020-02-20,55,78,0,11,0,10,-10,A#/B♭ Major,4,14ABFnU3RzBQj9nnwt1tag,USJ3V1888925
1263,"Only One","Essosa",118,10B,76,2024-04-23,02:37,27,"","Only One",2024-04-18,85,5,0,71,0,10,-5,D Major,4,41Qqx0ZO35t2wRhgbaQ8mn,GBAHS2400108
1264,"so good","joan",90,9B,65,2024-04-23,02:31,0,"","so good",2021-05-06,78,2,0,72,0,0,-7,G Major,4,5viDyBHBnJHCF1XTcROFkF,QZ47A2100315
1265,"Blue Monday","Above & Beyond",130,9B,89,2024-04-24,04:12,52,"trance, progressive trance, progressive house","Blue Monday",2020-01-20,65,0,42,38,0,20,-6,G Major,4,5dXZhZbDHWu6zwXkssFQcs,GBEWA1904400
1266,"Yesterday, When I Was Young","Glen Campbell",83,7A,49,2024-04-26,03:43,53,"classic country","Houston (Comin' To See You)",1974-01-01,38,37,0,33,0,0,-7,D Minor,4,0YPlreSsGywd4duXIRZK5u,USCN17300052
1267,"Redbone","Childish Gambino",160,3B,35,2024-04-28,05:26,7,""," Awaken, My Love! ",2016-12-02,75,17,1,60,10,10,-11,C♯/D♭ Major,4,0WtDGnWL2KrMCk0mI1Gpwz,USYAH1600107
1268,"Strawberries and Wine - Acoustic","Jaylon Ashaun",96,3B,26,2024-04-28,01:30,42,"","Strawberries and Wine (Acoustic)",2020-02-13,52,71,0,63,0,20,-13,C♯/D♭ Major,4,30eNMlF5FIm7mlnIgwroHw,QZFZ22050096
1269,"When the Lights Turn Low","Patternist",82,1B,85,2024-04-29,03:21,25,"","Give It Up - EP",2016-12-09,55,1,0,94,0,0,-5,B Major,4,1pieWUZF01sAxW5CJkzdIF,ushm91638133
1270,"parking lot view","almost monday",113,10A,88,2024-04-29,02:59,50,"","parking lot view",2020-01-24,74,11,0,95,0,90,-5,B Minor,4,3g4o4r0eC0aySaIRNCheL2,USHR11939574
1271,"How to Love (feat. Sofia Reyes)","Cash Cash,Sofía Reyes",119,8B,89,2024-04-29,03:39,55,"edm, latin pop","Blood, Sweat & 3 Years",2016-06-24,67,15,0,63,0,10,-3,C Major,4,1oUb2nyyq0IWVj1nsuft0H,USAT21600889
1272,"Burn","The Endorphins",105,3B,57,2024-04-29,03:15,48,"","Burn",2020-10-30,61,18,0,38,0,30,-7,C♯/D♭ Major,4,2cJeo87Z6YUwldXih1A4S9,NOEPO2000017
1273,"WINTER WITHOUT YOU","XG",80,6B,67,2024-04-29,04:03,57,"k-pop","WINTER WITHOUT YOU",2023-12-08,52,17,0,39,10,0,-5,A#/B♭ Major,4,5KxTHd0r8eM6T2K65zxt2L,JPB602306869
1274,"Tongue Tied","GROUPLOVE",113,5B,94,2024-04-29,03:38,82,"indie","Never Trust a Happy Song",2011-09-02,56,1,0,37,0,10,-6,D#/E♭ Major,4,0GO8y8jQk1PkHzS31d699N,USAT21101334
1275,"Sun Goes Down (feat. Jasmine Thompson) - Radio Mix","Robin Schulz,Jasmine Thompson",125,2B,72,2024-04-29,02:59,72,"tropical house, ","Prayer",2014-09-16,55,10,0,50,0,30,-6,F#/G♭ Major,4,4zLBcDtvYNVtF9fnG6lme3,DEA621400666
1276,"What Lovers Do (feat. SZA)","Maroon 5,SZA",110,4A,60,2024-04-29,03:19,74,"pop, r&b","Red Pill Blues (Deluxe)",2018-06-15,80,8,0,42,0,10,-5,F Minor,4,0GxQ1A5L9xnMOytbP6eKBG,USUM71709292
1277,"Heroes (we could be)","Alesso,Tove Lo",126,7B,75,2024-04-29,03:30,77,"edm, ","Forever",2015-05-22,50,3,0,36,0,30,-4,F Major,4,3zU9rdflI65tK4dkkNSp77,USUM71411636
1278,"Cool","Alesso,Roy English",128,11A,85,2024-04-29,03:41,61,"edm, ","Forever",2015-05-22,54,4,0,50,0,40,-2,F#/G♭ Minor,4,2ToIksTPpJ4csKPEOdUEyM,USUG11500056
1279,"Someone That Loves You","HONNE,Izzy Bizu",105,11A,73,2024-04-29,04:04,54,"","Warm on a Cold Night (Deluxe)",2016-07-13,53,4,0,42,0,10,-5,F#/G♭ Minor,4,1yraET52i6ZkrvvrmKNyn6,GBAHS1600143
1280,"Hold On, We're Going Home","Drake,Majid Jordan",100,11A,41,2024-04-29,03:47,82,"rap, ","Nothing Was The Same (Deluxe)",2013-01-01,77,0,0,29,10,0,-7,F#/G♭ Minor,4,6jdOi5U5LBzQrc4c1VT983,USCM51300762
1281,"In My Place","Coldplay",145,11B,59,2024-04-29,03:46,76,"","A Rush of Blood to the Head",2002-08-27,42,6,0,19,0,30,-5,A Major,4,2nvC4i2aMo4CzRjRflysah,GBAYE0200606
1282,"Already Gone","Kelly Clarkson",78,11B,87,2024-04-29,04:41,58,"christmas","All I Ever Wanted",2009-03-06,21,22,0,29,0,0,-3,A Major,4,4fq2YUONcgrCJ2SPndSeKC,GBCTA0900011
1283,"Love Me Like You Do","Ellie Goulding",95,4A,60,2024-04-29,04:13,80,"","Fifty Shades Freed (Original Motion Picture Soundtrack)",2018-02-09,49,27,0,32,0,10,-7,F Minor,4,0Cy7wt6IlRfBPHXXjmZbcP,GBUM71706324
1284,"Titanium (feat. Sia)","David Guetta,Sia",126,5A,79,2024-04-29,04:05,55,"edm, ","Nothing but the Beat 2.0",2012-09-10,60,7,15,30,10,10,-4,C Minor,4,2i1AVZAYLhrQTvzr1hu7Jt,GB28K1100036
1285,"supernatural","Ariana Grande",76,4B,71,2024-04-29,02:43,80,"pop","eternal sunshine",2024-03-08,58,10,0,52,10,10,-7,G#/A♭ Major,4,142PiXzA84lmEw2RstFHFa,USUM72317274
1286,"I Feel Good","Pink Sweat$",106,1B,75,2024-04-29,02:16,59,"","I Feel Good",2021-10-15,80,2,0,63,0,0,-5,B Major,4,3lUQpvfWFcxZC3RYAVGE7F,USAT22105781
1287,"11:11","Niigo",110,11A,69,2024-04-29,02:02,0,"","11:11",2024-04-08,76,21,0,54,0,0,-11,F#/G♭ Minor,4,6jmsuPFB5Ee2Bh9GFA6Qzy,QZK6Q2425813
1288,"Walk Like This","FLO",98,12A,78,2024-05-01,03:17,37,"uk r&b","Walk Like This (Strut Speed)",2024-03-01,62,4,0,76,0,20,-6,C♯/D♭ Minor,4,60NGhmtLOMwLCK8bCsi2x7,GBUM72400545
1289,"For What It's Worth","Liam Gallagher",146,8B,84,2024-05-01,04:11,60,"britpop, madchester","As You Were (Deluxe Edition)",2017-10-06,49,1,0,44,0,10,-4,C Major,4,5Ih40KFkj3cSzxgisQxBvX,GBAHT1700415
1290,"Smooth (feat. Rob Thomas)","Santana,Rob Thomas",116,11B,92,2024-05-04,04:54,73,"","Supernatural (Remastered)",1999-06-15,61,16,0,96,0,30,-4,A Major,4,0n2SEXB2qoRQg171q7XqeW,USAR19900033
1291,"A Better Day (feat. J.O.Y & Ashley Alisha)","Dept,Ashley Alisha,J.O.Y",178,7B,72,2024-05-07,02:56,23,"","A Better Day",2023-11-26,59,4,0,84,0,10,-6,F Major,4,0iQMtI3PL5ZTgUP6od5eNi,KRNAR2371097
1292,"Easy - Remix","DaniLeigh,Chris Brown",100,9B,30,2024-05-07,03:06,70,"r&b","Easy (Remix)",2019-05-31,80,20,0,51,10,0,-11,G Major,4,4CMrdHWqic0usIZfTrKoI3,USUM71907371
1293,"Dangerous","Madison Beer",77,7B,36,2024-05-07,03:47,51,"","Silence Between Songs",2023-09-15,35,87,0,17,0,10,-9,F Major,3,2h8BoFJxiCmGqsGmIQKkB0,USSM12203364
1294,"Unchained Melody","The Righteous Brothers",99,8B,21,2024-05-10,03:38,78,"","Just Once In My Life",1965-04-04,34,40,0,29,0,10,-17,C Major,3,2qhASBzpbFhPRtrnZ5lLnz,USPG19090023
1295,"Squadron","RHYTHMIX_SHUN",85,3B,20,2024-05-20,02:39,0,"","Landing",2021-09-01,71,37,88,40,10,10,-13,C♯/D♭ Major,4,6E9HlogKD2wYJLc4UffyNa,QZPLR2357257
1296,"sundown","mt. fujitive",76,7B,16,2024-05-20,01:52,0,"lo-fi, lo-fi beats, lo-fi hip hop","sanctuary",2019-10-15,66,96,93,48,0,10,-20,F Major,3,5LKVbgGeC5UAKoORA0rnKU,DEQ021906300
1297,"Luv 2 U","Flwr Chyld,James Tillman",132,11A,45,2024-05-20,03:39,36,"indie r&b, alternative r&b, neo soul, indie jazz","Iridescent Luv",2019-06-07,75,26,0,41,0,10,-10,F#/G♭ Minor,4,0XiDMLPHEVvAbYAgnLKJ85,QM24S1915011
1298,"Amazing Grace","The Kingdom Choir",71,4B,21,2024-05-20,03:32,34,"christmas","Stand By Me",2018-10-26,29,93,0,13,0,10,-13,G#/A♭ Major,3,3wtj4gGDoKNOyV2qzXd7Wu,GBARL1801357
1299,"Spider-Man 3 Main Theme","Joseph Caquias",78,7A,47,2024-05-20,02:51,15,"","Spider-Man 3 Main Theme",2023-11-20,13,12,35,4,0,0,-12,D Minor,4,7w4HJetFtBKwCVYIpeFJ72,QZWFF2370477
1300,"Wonderful Place - Contains Hidden Track/Waiting For You","N.E.R.D",88,4A,47,2024-05-20,07:09,35,"","Fly Or Die",2004-01-01,49,30,0,62,0,10,-7,F Minor,4,3K9KUClbHOUBHUCgVSYAA3,USVI20400097
1301,"Just The Two Of Us","Mike Phillips,Butterscotch",90,3A,48,2024-05-20,02:52,0,"smooth jazz, jazz, ","Pulling Off The Covers",2020-01-24,81,48,0,55,0,0,-7,A#/B♭ Minor,4,3NxaCbY6Pr99h01IPlLXWx,QM43A1900781
1302,"I Think I Like When It Rains","WILLIS",124,11B,46,2024-05-20,04:38,2,"","Locals 2",2017-06-12,62,4,0,27,0,10,-7,A Major,4,1A3tuE6ti9qoZDwB3LB0t2,QMAAK1724976
1303,"Waterfalls","TLC",172,3B,51,2024-05-20,04:39,78,"","Crazysexycool",1994-11-15,77,31,0,76,0,0,-7,C♯/D♭ Major,4,6qspW4YKycviDFjHBOaqUY,USLF29400133
1304,"Back & Forth","MK,Jonas Blue,Becky Hill",122,3A,82,2024-05-20,03:16,57,"house, tropical house, ","Back & Forth",2018-09-07,68,2,0,70,0,0,-5,A#/B♭ Minor,4,4M8x1TR36VMQMFMbGCdoyA,GBARL1801131
1305,"Go Back Home","FKJ",96,2A,59,2024-05-20,03:55,49,"","Go Back Home",2017-01-13,78,45,49,52,0,10,-6,D#/E♭ Minor,4,1B5fbRxnB26duk77yCBWvS,FRX201643056
1306,"Deep Green","Christian Kuria",88,10B,64,2024-05-20,03:23,62,"","Suspension of Disbelief",2022-11-29,55,9,0,47,0,0,-6,D Major,4,2xGGpmywtvPY3h7JkcwP1E,QZNWS2243069
1307,"seasons","wave to earth",60,9B,27,2024-05-20,04:15,22,"","summer flows 0.02",2020-08-04,37,78,5,17,0,20,-11,G Major,4,5VBjyOQzqlPNgdRPMM6prF,KRMIM2021578
1308,"California Dreamin'","The Mamas & The Papas",112,12A,73,2024-05-21,02:40,76,"folk rock","All The Leaves Are Brown The Golden Era Collection",2001-08-28,55,42,0,65,0,0,-7,C♯/D♭ Minor,4,1ZEOIhSn6BKErV59bIgn76,USMC16532697
1309,"Blue World","Mac Miller",85,4B,55,2024-05-21,03:29,74,"","Circles",2020-01-17,74,39,0,51,40,0,-9,G#/A♭ Major,4,2hwOoMtWPtTSSn6WHV7Vp5,USWB11801009
1310,"Take Me out to the Ballgame (7th Inning Stretch)","Jeremy Boyer",101,9B,36,2024-05-21,01:03,5,"ragtime","At the Pearly Gates of Baseball Heaven",2023-03-29,47,43,7,16,0,40,-8,G Major,4,77cIywu5cElcPHLSBqkjcE,TCAGZ2339335
1311,"Wannabe","Spice Girls",110,1B,86,2024-05-21,02:53,83,"","Spice",1996-01-01,77,10,0,89,0,10,-6,B Major,4,1Je1IMUlBXcx1Fz0WE7oPT,GBAAA9600008
1312,"Have you seen my boyfriend (Freestyle) (feat. Zeddy Will)","ScarLip,ZEDDY WILL",136,10A,89,2024-05-21,01:35,43,"jersey club","Have you seen my boyfriend (Freestyle) (feat. Zeddy Will)",2024-04-12,76,22,0,67,30,40,-7,B Minor,4,6e6pFsk1ye0d3if0t9TsJI,USSM12403011
1313,"When I´m Still Getting Over You (feat. Paige)","Peder Elias,Paige",136,9B,53,2024-05-22,02:53,48,"norwegian pop, ","Love & Loneliness",2022-04-29,64,59,0,78,0,40,-10,G Major,3,7tdEvDP3XiCTsopgrjhQbZ,NOAAC2100059
1314,"Shooting Stars","Bag Raiders",125,1B,72,2024-05-22,03:47,66,"alternative dance","Shooting Stars",2009-01-01,66,5,0,56,0,10,-6,B Major,4,7tOcPDj3vyopZ404pY6UuP,AUUM70902040
1315,"I Had Some Help (Feat. Morgan Wallen)","Post Malone,Morgan Wallen",128,9B,86,2024-05-22,02:58,82,"country","I Had Some Help",2024-05-10,64,1,0,73,0,20,-5,G Major,4,7221xIgOnuakPdLqT0F3nP,USUM72404990
1316,"Samurai","Lupe Fiasco",188,4A,64,2024-05-22,03:14,50,"","Samurai",2024-05-17,49,1,0,50,0,10,-5,F Minor,4,00LGJRRqN4AtSpHrvjIyiJ,US5KD2400006
1317,"Cozy","Jeremy Zucker,Lauv,Alexander 23",75,3B,36,2024-05-22,02:45,50,"","Cozy",2024-05-22,51,42,0,36,0,80,-13,C♯/D♭ Major,4,5mRFZlOAptPpimncCeBxoJ,USUM72405346
1318,"Girl of My Dreams","Guti",139,6B,33,2024-05-23,03:42,1,"","Girl of My Dreams",2019-12-14,57,78,40,5,0,0,-16,A#/B♭ Major,4,0fxrED7Uh7e0waswxKW3IM,TCAEO1957086
1319,"You Are My Starship","Dazz Band",76,5A,57,2024-05-24,05:15,16,"funk, post-disco","Time Traveler",2002-01-01,62,17,0,22,0,30,-8,C Minor,4,4ftqVatDGht1Y62FIbMGcN,ushm80427416
1320,"Figured","Will Eason,Nic Hanson",89,12A,54,2024-05-25,03:49,36,"nu disco","Figured",2024-02-23,58,68,0,79,20,0,-6,C♯/D♭ Minor,4,45Qc9qfyfyanIJDMPtWsUF,NLSB72400043
1321,"like my father","Jax",93,7B,22,2024-05-30,03:03,62,"","like my father",2021-06-03,49,91,0,42,0,10,-8,F Major,4,5YVmHTAsdWnoanWXB7AwZX,USAT22102090
1322,"Attention","Bryson Tiller",130,2A,73,2024-05-30,03:36,65,"trap soul, r&b","Bryson Tiller",2024-04-05,57,7,0,50,0,10,-5,D#/E♭ Minor,4,7tr8SXmP9j0uVqUU0qoapb,USRC12400559
1323,"LUNCH","Billie Eilish",125,10A,40,2024-05-30,02:59,82,"","HIT ME HARD AND SOFT",2024-05-17,89,5,8,95,0,0,-8,B Minor,4,629DixmZGHc7ILtEntuiWE,USUM72401991
1324,"Raindrop Flower","OSRSBeatz",110,8B,59,2024-05-30,02:02,34,"","Raindrop Flower",2020-03-16,65,25,65,43,0,10,-10,C Major,4,4nXpzLvQmGtQk9JKjltsnz,QZFZ32135217
1325,"Tell Ur Girlfriend","Lay Bankz",135,9B,74,2024-05-30,02:04,5,"jersey club","Tell Ur Girlfriend",2024-02-07,87,9,0,61,20,0,-5,G Major,4,3lMzT16MjAKKXF7pSZn13B,QZZ4J2400019
1326,"L’AMOUR DE MA VIE","Billie Eilish",145,11B,39,2024-05-30,05:33,81,"","HIT ME HARD AND SOFT",2024-05-17,47,20,2,31,0,10,-9,A Major,4,6fPan2saHdFaIHuTSatORv,USUM72401990
1327,"Me Myself & I","Crush",88,5A,68,2024-05-30,04:20,34,"k-rap, k-pop, k-ballad","wonderego",2023-11-14,62,17,0,93,0,20,-6,C Minor,4,65bubj32HiPvn5NglTiU1s,ZZA0P2312404
1328,"It's A Blue World","The Four Freshmen",77,5B,4,2024-05-30,02:58,33,"vocal jazz, adult standards, doo-wop","Voices In Modern",1955-01-01,37,96,0,13,0,10,-14,D#/E♭ Major,4,2iXNeaqJ1Ef3YZ3iEak8tU,USCA25500142
1329,"Instant Need","FKJ",91,3A,49,2024-05-30,04:30,55,"","Time for a Change",2013-07-08,77,21,4,57,0,0,-8,A#/B♭ Minor,4,6obKvh06VvBZP98oqU6YR7,FR9W11306652
1330,"Lovefool","The Cardigans",112,11B,64,2024-06-01,03:13,85,"swedish pop","First Band On The Moon (Remastered)",1996-01-01,70,3,0,89,0,30,-6,A Major,4,7aQjPecQdIuNd1sz3KCDhD,SEBKB9629380
1331,"About You","The 1975",96,10B,76,2024-06-07,05:26,27,"","Being Funny In A Foreign Language",2022-10-14,42,31,80,46,0,0,-7,D Major,4,1fDFHXcykq4iw8Gg7s5hG9,GBK3W2202321
1332,"MAKUONA HORROR","SOYAPI",145,3B,85,2024-06-07,03:23,0,"","THE HEAVY 5",2020-11-24,79,12,0,74,0,30,-4,C♯/D♭ Major,4,5E9p55EHDexeXhBfglmwPy,USLZJ2082102
1333,"Hide Away","Daya",95,10A,83,2024-06-07,03:11,3,"","Sit Still, Look Pretty",2016-10-07,88,22,0,47,0,0,-4,B Minor,4,7fPyCCiXVwbzPQ1MtoUChl,QM4ZV1500057
1334,"Me Too","Meghan Trainor",124,10A,69,2024-06-07,03:01,76,"","Thank You (Deluxe Version)",2017-05-12,93,10,0,83,10,40,-6,B Minor,4,3KwwE4sgCzMaKWq6QBebmX,USSM11601177
1335,"Ordinary People","John Legend",67,6B,13,2024-06-07,04:41,64,"soft pop, neo soul","Get Lifted",2005-12-06,47,93,0,36,0,0,-14,A#/B♭ Major,3,2ZA4uMlSZjaoWGFqP1tsLI,USSM10411915
1336,"Ghost","Justin Bieber",154,10B,74,2024-06-11,02:33,89,"","Justice",2021-03-19,60,19,0,44,0,40,-6,D Major,4,6I3mqTwhRpn34SLVafSH7G,USUM72102635
1337,"Celebrity Deathmatch","fakemink",100,2B,90,2024-06-11,03:02,0,"cloud rap","London's Saviour",2023-12-22,77,19,1,68,20,10,-9,F#/G♭ Major,4,2xPWRDQkXFTmLPiO7IL6gu,QZWFQ2381530
1338,"Charger (feat. Grace Jones)","Gorillaz,Grace Jones",138,8B,74,2024-06-11,03:34,51,"art pop","Humanz (Deluxe)",2017-04-28,57,11,0,51,0,30,-5,C Major,4,2CJ6CRzuRQd46asE1ucuVD,GBAYE1700167
1339,"IT'S ONLY YOU","DESTIN CONRAD",100,11A,47,2024-06-11,02:28,37,"alternative r&b","SUBMISSIVE2",2024-01-19,71,20,0,59,0,10,-10,F#/G♭ Minor,4,1LWfSjRW9AS4mWnO67bdYp,QM24S2400193
1340,"Back In Black","AC/DC",188,11B,70,2024-06-11,04:16,87,"rock, hard rock, classic rock, rock and roll","Back In Black",1980-07-25,31,1,1,76,0,0,-6,A Major,4,08mG3Y1vljYA6bvDt4Wqkj,AUAP08000046
1341,"BAND4BAND (feat. Lil Baby)","Central Cee,Lil Baby",140,1B,76,2024-06-11,02:20,73,"uk drill, drill, uk grime, ","BAND4BAND (feat. Lil Baby)",2024-05-23,88,36,0,89,20,10,-5,B Major,4,7iabz12vAuVQYyekFIWJxD,USSM12404354
1342,"Truth or Dare","Tyla",154,3B,60,2024-06-12,03:10,67,"afrobeats","TYLA",2023-12-01,61,18,0,81,30,0,-6,C♯/D♭ Major,5,1whAXVGN8AdfrnoXNIXfJf,USSM12308650
1343,"365","Charli xcx",127,3B,86,2024-06-12,03:23,76,"hyperpop, art pop","BRAT",2024-06-07,76,15,50,73,10,10,-5,C♯/D♭ Major,4,5h68SoVFGleijCtjEja3xG,USAT22401354
1344,"I think about it all the time","Charli xcx",122,8B,92,2024-06-12,02:15,57,"hyperpop, art pop","BRAT",2024-06-07,82,36,0,87,0,10,-7,C Major,4,3OaFGqHUyxGVkOcSILw8Kx,USAT22401353
1345,"Mean girls","Charli xcx",140,2B,62,2024-06-12,03:09,65,"hyperpop, art pop","BRAT",2024-06-07,71,12,0,86,0,90,-7,F#/G♭ Major,4,1qKCO2Tocwg8CbepJ9uDtd,USAT22401352
1346,"B2b","Charli xcx",116,3B,77,2024-06-12,02:58,75,"hyperpop, art pop","BRAT",2024-06-07,77,0,67,37,0,0,-3,C♯/D♭ Major,3,4wTvw1dBiPXNiHTh0zzpcI,USAT22401351
1347,"Apple","Charli xcx",126,8B,96,2024-06-12,02:31,78,"hyperpop, art pop","BRAT",2024-06-07,80,13,2,96,0,10,-5,C Major,4,19RybK6XDbAVpcdxSbZL1o,USAT22401350
1348,"Girl, so confusing","Charli xcx",125,10A,80,2024-06-12,02:54,67,"hyperpop, art pop","BRAT",2024-06-07,69,7,0,36,0,20,-6,B Minor,4,41krZZovstMJKeJZJtbL78,USAT22401349
1349,"So I","Charli xcx",116,10B,48,2024-06-12,03:31,60,"hyperpop, art pop","BRAT",2024-06-07,73,74,0,53,0,0,-7,D Major,4,0AkiAfilrTUXV49dleC5SB,USAT22401348
1350,"Rewind","Charli xcx",89,3B,74,2024-06-12,02:48,61,"hyperpop, art pop","BRAT",2024-06-07,50,30,0,68,20,20,-5,C♯/D♭ Major,3,50GxvQA2KEWNt31EdwIlzY,USAT22401347
1351,"Everything is romantic","Charli xcx",150,7A,64,2024-06-12,03:23,69,"hyperpop, art pop","BRAT",2024-06-07,49,31,0,42,10,10,-7,D Minor,4,5sMEEjviCkH6Rp5X2ZvIIc,USAT22401346
1352,"Von dutch","Charli xcx",130,6B,70,2024-06-12,02:44,80,"hyperpop, art pop","BRAT",2024-06-07,71,0,0,65,0,10,-6,A#/B♭ Major,4,3Y1EvIgEVw51XtgNEgpz5c,USAT22313737
1353,"Talk talk","Charli xcx",130,5A,89,2024-06-12,02:41,68,"hyperpop, art pop","BRAT",2024-06-07,58,5,0,64,20,10,-6,C Minor,3,62fqMvguJbsSs9HKhhRfuS,USAT22401345
1354,"I might say something stupid","Charli xcx",79,7B,30,2024-06-12,01:49,60,"hyperpop, art pop","BRAT",2024-06-07,50,74,1,16,0,10,-9,F Major,4,0PFZCt7UNmpas24HejQGu8,USAT22401344
1355,"Sympathy is a knife","Charli xcx",132,6A,71,2024-06-12,02:31,71,"hyperpop, art pop","BRAT",2024-06-07,72,5,0,58,0,40,-6,G Minor,4,5c9tBmJKbTdn1vhzXHeAwW,USAT22401343
1356,"Club classics","Charli xcx",145,9B,87,2024-06-12,02:33,69,"hyperpop, art pop","BRAT",2024-06-07,70,13,0,71,10,10,-6,G Major,4,0CySZwyRJ0vyUqtSjM9i2k,USAT22401342
1357,"360","Charli xcx",120,8B,62,2024-06-12,02:13,80,"hyperpop, art pop","BRAT",2024-06-07,86,65,24,80,0,0,-8,C Major,4,4w2GLmK2wnioVnb5CPQeex,USAT22401341
1358,"Drew Barrymore","SZA",135,5A,52,2024-06-12,03:51,74,"r&b","Ctrl",2017-06-09,58,49,0,29,0,10,-6,C Minor,4,06u5LrUpbosQlQ1QJFhPpG,TCACW1767742
1359,"We Will Rock You","Mr. King",81,9B,82,2024-06-12,02:07,1,"christian reggae","Las Canciones de Los Mundiales",2014-05-29,86,18,0,47,10,0,-8,G Major,4,7Jazjqe8Q6H7n5IrWBSQiz,ARF061000287
1360,"360 featuring robyn & yung lean","Charli xcx,Robyn,Yung Lean",120,8B,65,2024-06-12,02:09,47,"hyperpop, art pop, swedish pop, cloud rap","360 featuring robyn and yung lean",2024-05-31,93,43,0,95,0,10,-7,C Major,4,0VYJseZYvfVP3YOsQZ1tzS,USAT22403776
1361,"Nasty","Tinashe",100,4B,41,2024-06-12,02:56,67,"alternative r&b","Nasty",2024-04-12,93,17,0,52,0,10,-8,G#/A♭ Major,4,6NjWCIYu1W8xa3HIvcIhd4,USLD91757578
1362,"Think I'm In Love With You","Chris Stapleton",92,11A,42,2024-06-12,03:42,72,"country, outlaw country","Think I’m In Love With You",2023-09-08,67,19,22,61,0,10,-14,F#/G♭ Minor,4,65M92JpTbAdHmTQm4jGaDa,USUG12300474
1363,"OKAY","JT",79,1B,56,2024-06-12,02:44,61,"","OKAY",2024-04-26,71,0,0,37,10,30,-6,B Major,4,0e1KTuawmiFLiK0Lh3nNtM,USUG12400080
1364,"Halfway To Hell","Jelly Roll",107,7A,86,2024-06-12,02:58,67,"country hip hop, country","Whitsitt Chapel",2023-06-02,50,0,0,44,0,90,-5,D Minor,4,1fAeFPXsX08Ovnn9iV1x27,QMRSZ2300351
1365,"YOSHIMITSU","Cochise",155,7B,67,2024-06-12,02:52,51,"rage rap","YOSHIMITSU",2024-02-16,69,2,0,33,0,30,-7,F Major,4,5X5Aw2yaaCXncoiQh3gWRc,USSM12400936
1366,"Motorcycle Patches","Huncho Jack,Travis Scott,Quavo",163,4B,66,2024-06-12,03:11,57,"rap, ","Huncho Jack, Jack Huncho",2017-12-21,87,2,0,44,10,10,-5,G#/A♭ Major,4,7g7raxdQpiLZT7aOlib4S1,USUM71714114
1367,"20 Min","Lil Uzi Vert",123,1A,75,2024-06-12,03:40,86,"melodic rap, rage rap","Luv Is Rage 2 (Deluxe)",2017-11-17,77,11,0,78,10,10,-4,G#/A♭ Minor,4,0uxSUdBrJy9Un0EYoBowng,USAT21704166
1368,"Von dutch a. g. cook remix featuring addison rae","Charli xcx,Addison Rae,A. G. Cook",138,11B,78,2024-06-12,02:37,56,"hyperpop, art pop","Von dutch a. g. cook remix featuring addison rae",2024-03-22,67,6,0,34,10,30,-5,A Major,4,1EycQzSpakKNsHgMbTMMKo,USAT22402007
1369,"IN THE AIR","DESTIN CONRAD",115,4B,39,2024-06-12,02:16,59,"alternative r&b","COLORWAY",2021-03-05,79,4,0,26,0,10,-6,G#/A♭ Major,4,4TLJNON6mZLpfZX3g4Oh8B,QM24S2010294
1370,"Lifetime","Justin Bieber",180,10B,27,2024-06-14,03:27,65,"","Justice (Triple Chucks Deluxe)",2021-03-26,48,77,0,33,0,10,-7,D Major,3,10Z9RbwrTbQ0gQeNRJ2dC1,USUM72102644
1371,"Saturn","SZA",178,3B,62,2024-06-16,03:06,78,"r&b","Saturn",2024-02-22,41,62,0,34,0,10,-7,C♯/D♭ Major,4,1bjeWoagtHmUKputLVyDxQ,USRC12400216
1372,"Blinding Lights","The Weeknd",171,3B,73,2024-06-16,03:20,90,"","After Hours",2020-03-20,51,0,0,33,0,0,-6,C♯/D♭ Major,4,0VjIjW4GlUZAMYd2vXMi3b,USUG11904206
1373,"Digital Love","Daft Punk",125,11B,66,2024-06-17,05:01,73,"french house, electronic, electro","Discovery",2001-03-12,64,5,87,53,0,30,-8,A Major,4,2VEZx7NWsZ1D0eJ4uv5Fym,GBDUW0000058
1374,"MILLION DOLLAR BABY","Tommy Richman",138,12A,70,2024-06-25,02:35,83,"","MILLION DOLLAR BABY",2024-04-26,85,10,0,92,0,0,-6,C♯/D♭ Minor,4,5AJ9hqTS2wcFQCELCFRO7A,QM24S2402528
1375,"All Star","Smash Mouth",104,1B,87,2024-06-25,03:20,81,"","Astro Lounge",1999-06-08,73,4,0,78,0,0,-6,B Major,4,3cfOd4CMv2snFaKAnMdnvK,USIR19902220
1376,"Jimmy Cooks (feat. 21 Savage)","Drake,21 Savage",166,8B,67,2024-06-25,03:38,82,"rap, ","Honestly, Nevermind",2022-06-17,53,0,0,37,10,0,-5,C Major,4,3F5CgOj3wFlRv51JsHbxhe,USUG12204897
1377,"sunny days","wave to earth",158,9B,47,2024-06-25,04:08,0,"","0.1 flaws and all.",2023-04-20,55,75,0,38,0,10,-8,G Major,4,4U9teFThcaHZz386DQM6FY,KRA252300808
1378,"Finesse - Remix; feat. Cardi B","Bruno Mars,Cardi B",105,4A,86,2024-06-25,03:37,79,"","Finesse (Remix) [feat. Cardi B]",2017-12-20,70,2,0,93,10,0,-5,F Minor,4,3Vo4wInECJQuz9BIBMOu8i,USAT21705441
1379,"Do You Mind","Vedo,Chris Brown",97,3B,53,2024-06-25,02:20,51,"r&b","Do You Mind",2023-01-06,79,4,0,73,0,0,-7,C♯/D♭ Major,4,5bGNmiFJqhIlMP8fbQUu4E,USUYG1450674
1380,"Favorite Regret (feat. Sval)","Peder Elias,Sval",126,11A,35,2024-06-25,02:55,21,"norwegian pop","Favorite Regret (feat. Sval)",2019-04-26,75,46,0,76,0,10,-10,F#/G♭ Minor,4,4Ualco8K5GFy5lAnSBo4O1,NOAAC1900037
1381,"Kiss Me","Ruel",89,8B,25,2024-06-27,02:53,38,"","Kiss Me",2024-06-27,28,92,0,12,0,10,-9,C Major,3,7BqfPKo9uk9dMoZ73sJDlp,NL8RL2425709
1382,"bad","wave to earth",136,10B,55,2024-06-28,04:23,2,"","0.1 flaws and all.",2023-04-20,56,71,11,39,0,10,-9,D Major,4,5TZKpQFKCbIlWGD8DzHbC6,KRA252300807
1383,"mad","eaJ",166,1B,76,2024-06-28,02:57,47,"","mad",2024-02-23,64,18,0,54,0,20,-4,B Major,4,3k5BYX0I1EC2tAPcyFHkmI,QZFZ62489351
1384,"Rolex","Ayo & Teo",145,3B,89,2024-06-28,03:58,70,"","Rolex",2017-03-15,80,8,0,79,0,20,-3,C♯/D♭ Major,4,0pSBuHjILhNEo55xK1zrRt,USSM11702948
1385,"Codomo","EVISBEATS,Nagipan",161,7A,29,2024-06-28,02:44,24,"j-rap, j-r&b","PEPE",2021-12-22,52,77,82,29,20,10,-9,D Minor,5,1D6fxGKcI3JkOZPKrLKPn0,JPS802100180
1386,"Come With Me","Surfaces,salem ilese",112,10A,56,2024-06-30,03:29,66,"","Pacifico",2021-06-25,88,16,3,93,0,10,-7,B Minor,4,3curUGAfGYvGcBbE1k5Fyy,QZJ842001019
1387,"Feel It (From “Invincible”)","d4vd",121,4B,59,2024-07-02,02:37,81,"","Feel It (From “Invincible”)",2024-03-28,56,3,0,43,0,20,-6,G#/A♭ Major,4,3SAga35lAPYdjj3qyfEsCF,USUM72401132
1388,"Chasing Cars","Snow Patrol",104,11B,60,2024-07-02,04:27,84,"","Eyes Open",2006-01-01,56,20,0,14,0,10,-5,A Major,4,5hnyJvgoWiQUYZttV4wXy6,GBUM70600345
1389,"WOKE UP","XG",147,10A,63,2024-07-02,03:08,72,"k-pop","WOKE UP",2024-05-21,88,2,0,46,20,0,-6,B Minor,4,4keuUM29CtIWgsPRzRhXoW,JPB602401462
1390,"Garden (Say It Like Dat)","SZA",111,11B,46,2024-07-02,03:28,72,"r&b","Ctrl",2017-06-09,73,7,0,55,20,10,-7,A Major,4,19woxaSpjOefa2JnAOoqW5,USRC11701120
1391,"Body Party","Ciara",134,10B,58,2024-07-02,03:54,65,"","Ciara",2013-07-08,58,1,0,12,0,60,-6,D Major,4,0rFZaQ4crlGAzuCjWCQ2xu,USSM11301017
1392,"Top Down","EARTHGANG",154,5A,46,2024-07-02,03:16,43,"","Mirrorland",2019-09-06,72,12,0,63,0,10,-7,C Minor,4,6o2YQhGPwCdYBPpisPFInv,USUM71917935
1393,"Trendsetter","Connor Price,Haviah Mighty",95,4A,58,2024-07-03,02:22,60,"","Trendsetter",2023-11-03,86,1,0,85,10,0,-6,F Minor,4,09VW2o6EHSWwzCdhW4ARU1,QZTBA2329254
1394,"Birthday","Anne-Marie",152,1B,79,2024-07-03,03:01,56,"","Birthday",2020-02-07,61,5,0,76,0,10,-3,B Major,4,5hff5RQeE84pznOt8WEWeO,GBAHS2000028
1395,"Bomdigi","Erick Sermon",91,9B,63,2024-07-05,03:34,31,"east coast hip hop, old school hip hop","Double Or Nothing",1995-01-01,79,0,0,75,30,0,-10,G Major,4,6tRh6OfYIZbZhq6uQVBaF3,USRL19500157
1396,"Shook Ones, Pt. II","Mobb Deep",94,3A,79,2024-07-11,05:25,79,"old school hip hop, east coast hip hop, hardcore hip hop, hip hop, gangster rap","The Infamous",1995-04-25,76,1,1,50,20,0,-6,A#/B♭ Minor,4,33ZXjLCpiINn8eQIDYEPTD,USRC19401295
1397,"On My Body","Tyla,Becky G",114,4A,86,2024-07-11,02:39,53,"afrobeats, reggaeton, latin","TYLA",2024-03-22,78,44,0,75,0,20,-3,F Minor,4,5uxzcaOKTqgUf6E9KXftKz,USSM12308663
1398,"Karma","AJR",156,2B,73,2024-07-11,04:05,54,"","Neotheater",2019-04-26,53,6,0,21,10,10,-6,F#/G♭ Major,4,4NknsYwkHVIeCxEq18UXCv,QMRSZ1900095
1399,"Follow The Leader","The Soca Boys,Van B. King",144,9B,92,2024-07-16,04:14,56,"soca","The Album",1998-00-00,77,0,0,94,0,30,-7,G Major,4,3MktEQFErlU3BeJY1pFFU1,NLC289800476
1400,"L.U.S.H.","New Hope Club",138,11A,55,2024-07-17,02:52,0,"","L.U.S.H.",2022-10-26,73,8,0,88,0,10,-6,F#/G♭ Minor,4,58LjmBGKL3m3rzD6cUAMeq,USHR12243279
1401,"Let Me Down Slow","New Hope Club",60,12B,57,2024-07-17,02:42,33,"","New Hope Club",2020-02-14,56,35,0,32,0,0,-6,E Major,4,1P6Tart9XczmKNK6miet99,GBUM71906878
1402,"Getting Better","New Hope Club",118,6B,76,2024-07-17,02:46,0,"","Getting Better",2022-06-15,81,2,0,86,0,0,-4,A#/B♭ Major,4,0LfyrFWFTEvKuW4EOAT3fj,USHR12243272
1403,"Somebody That You Loved","Bruno Martini,New Hope Club",110,6A,72,2024-07-17,03:35,42,"brazilian pop, brazilian bass, ","Somebody That You Loved",2019-08-02,71,33,0,44,0,0,-7,G Minor,4,2x6kFL5AIIwacxHySO4mXP,BRUM71902364
1404,"Fixed","New Hope Club",82,12A,65,2024-07-17,03:44,28,"","Welcome To The Club",2017-05-05,76,10,0,71,0,0,-5,C♯/D♭ Minor,4,4sWbss534ElDRQNsHRZeU0,GBUM71701052
1405,"Worse","New Hope Club",95,10A,65,2024-07-17,03:14,37,"","Worse",2020-04-24,61,6,0,76,0,10,-7,B Minor,4,05jZfHzqqf4hbKuOpjjx9c,GBUM72001312
1406,"Love Again","New Hope Club",88,10A,75,2024-07-17,03:23,30,"","Love Again",2019-05-03,54,13,0,20,0,10,-4,B Minor,4,48M5Uau9B3XEhLvnkFRGxN,GBUM71901070
1407,"Whatever","New Hope Club",124,11B,67,2024-07-17,03:17,0,"","Call Me a Quitter",2022-08-17,85,36,0,70,0,10,-6,A Major,4,4PYgQHtKLNqHvLVG633k1K,USHR12243275
1408,"Walk It Out","New Hope Club",126,12B,76,2024-07-17,02:33,0,"","L.U.S.H.",2022-10-26,74,24,0,76,0,30,-4,E Major,4,2Q7jMIJsvUIKO0KdLkIVUO,USHR12243277
1409,"Permission","New Hope Club",105,1B,79,2024-07-17,03:14,30,"","Permission",2019-02-01,76,7,0,78,0,10,-6,B Major,4,7DvQTs0DsiKL9KAGafSayU,GBUM71805326
1410,"Call Me a Quitter","New Hope Club",160,11B,70,2024-07-17,02:24,0,"","Call Me a Quitter",2022-08-17,77,12,0,92,0,10,-5,A Major,4,5l51zmTjvBBCMB1oPtW800,USHR12243274
1411,"The Black Dog","Taylor Swift",154,8B,27,2024-07-17,03:58,73,"","THE TORTURED POETS DEPARTMENT: THE ANTHOLOGY",2024-04-19,53,71,0,23,0,10,-11,C Major,4,62E2nR0od0M5HYxuYLaDz7,USUG12401046
1412,"Call Out My Name","Ruel",121,8A,51,2024-07-19,03:46,40,"","Call Out My Name",2024-07-18,48,13,0,15,0,20,-8,A Minor,3,1DlqQ6itflIyZwOBx5Fppa,NL8RL2430152
1413,"Kiss Me","Sixpence None The Richer",100,5B,75,2024-07-19,03:28,86,"","Sixpence None The Richer",1997-11-22,53,2,0,42,0,0,-7,D#/E♭ Major,4,754kgU5rWscRTfvlsuEwFp,USEE19900312
1414,"day off","softy",143,11B,33,2024-07-20,04:07,35,"lo-fi hip hop, lo-fi, lo-fi beats","Another Place",2020-03-27,59,99,93,18,0,40,-11,A Major,4,5sgdfbUpECgzpi5oSjvmTc,USANG2028365
1415,"OKLOSER","Doja Cat",152,3B,68,2024-07-20,02:49,45,"","OKLOSER",2024-04-01,90,3,0,90,20,0,-8,C♯/D♭ Major,4,3EM5ZPDSe1JjSztumpsc5n,USRC12400591
1416,"Little Blue (feat. Brandi Carlile)","Jacob Collier,Brandi Carlile",80,4B,34,2024-07-20,04:25,43,"folk, americana","Little Blue (feat. Brandi Carlile)",2023-09-21,33,93,0,15,0,10,-13,G#/A♭ Major,4,0HWWt7Nv69TSuaVc5Woy7O,GBUM72307989
1417,"NATURAL","Isaiah Falls,Tamae,Icee Red",110,10A,49,2024-07-20,02:04,49,"dark r&b, ","NATURAL",2023-09-12,72,44,22,51,0,10,-12,B Minor,4,1G5t5ZgltxfiN1uQmZkqdu,QZRP52390113
1418,"LIKE THAT","BABYMONSTER",102,10A,50,2024-07-20,02:48,74,"k-pop","BABYMONS7ER",2024-04-01,87,32,0,76,10,0,-9,B Minor,4,7GDgpad2BQVuDUzaxHFakc,KRA402400017
1419,"Low","SZA",145,5A,55,2024-07-21,03:01,75,"r&b","SOS",2022-12-09,70,43,0,34,0,10,-7,C Minor,4,2GAhgAjOhEmItWLfgisyOn,USRC12204586
1420,"Caroline","Ahv",97,1B,54,2024-07-21,03:22,44,"","Sunset",2022-11-11,81,74,0,64,0,30,-9,B Major,4,1NsdkgpMpixe3WmX6Fl7Ab,QZTAX2291846
1421,"BITTERSUITE","Billie Eilish",125,8A,25,2024-07-22,04:58,76,"","HIT ME HARD AND SOFT",2024-05-17,52,82,88,15,0,10,-14,A Minor,4,7DpUoxGSdlDHfqCYj0otzU,USUM72401987
1422,"I Was Never There","The Weeknd,Gesaffelstein",113,6B,74,2024-07-23,04:01,83,"","My Dear Melancholy,",2018-03-30,32,14,0,16,0,10,-4,A#/B♭ Major,4,1cKHdTo9u0ZymJdPGSh6nq,USUG11800570
1423,"Juna","Clairo",142,5B,71,2024-07-23,03:15,79,"bedroom pop","Charm",2024-07-12,61,24,10,45,0,10,-6,D#/E♭ Major,4,2mWfVxEo4xZYDaz0v7hYrN,USA2P2416229
1424,"Moon,Snow,Flower","Anan Ryoko",106,9B,23,2024-07-23,03:42,3,"jazz rap","Usubenifuji",2011-05-03,50,98,77,9,10,0,-16,G Major,4,3xD1QHbXzMl9QnRYcOGGah,JPD731100216
1425,"Eenie Meenie","Sean Kingston,Justin Bieber",121,3B,61,2024-07-24,03:21,90,"","Eenie Meenie",2010-03-23,72,5,0,83,0,10,-4,C♯/D♭ Major,4,4vVTI94F9uJ8lHNDWKv0i2,USSM11000625
1426,"Ladders","Mac Miller",104,4B,46,2024-07-24,04:47,73,"","Swimming",2018-08-03,80,24,1,29,10,10,-8,G#/A♭ Major,4,39NDBdU5Xkm5pCFGa5kZtI,USWB11801217
1427,"2 On (feat. ScHoolboy Q)","Tinashe,ScHoolboy Q",101,11B,60,2024-07-24,03:47,83,"alternative r&b, ","Aquarius",2014-10-01,74,15,0,43,10,10,-8,A Major,4,3jVtllWS5CFFWLQng8sKsr,USRC11301176
1428,"Nothin' on You (feat. Bruno Mars)","B.o.B,Bruno Mars",104,6B,85,2024-07-24,04:28,87,"","B.o.B Presents: The Adventures of Bobby Ray",2010-04-27,69,39,0,74,0,0,-6,A#/B♭ Major,4,59dLtGBS26x7kc0rHbaPrq,USAT20904033
1429,"sniper gonna fuk","sniper2004",101,3B,74,2024-07-24,02:17,0,"cloud rap","i wanna be a sniperrrrr",2024-05-20,63,0,0,14,0,30,-5,C♯/D♭ Major,4,0AOL0mA3LaLFe6ALRWfoDG,QZMEP2425523
1430,"Unbreak","KATIE",108,3A,70,2024-07-26,03:19,27,"","Unbreak",2024-07-19,74,14,0,30,0,20,-4,A#/B♭ Minor,4,1UQHcilrljYHCBHEHg8eMi,KRB462400544
1431,"Feeling Lucky","BIBI,Jackson Wang",124,10A,57,2024-07-26,02:31,56,"k-pop, k-rap","Feeling Lucky",2024-04-26,87,5,0,68,0,0,-9,B Minor,4,53x0Yk1qOyurd2MefyF3Ny,QM6MZ2481922
1432,"pick up the phone","Henry Moodie",178,5B,64,2024-07-28,02:25,61,"","in all of my lonely nights",2024-01-26,54,22,0,42,0,10,-5,D#/E♭ Major,4,6Z1IBgysq1FfSzhQWUdvAc,GBARL2300745
1433,"The Touch Of Your Lips","Chet Baker",109,8A,6,2024-07-28,02:42,54,"jazz, cool jazz, vocal jazz, jazz ballads","Baby Breeze (Expanded Edition)",1965-01-01,38,87,0,6,0,10,-18,A Minor,4,5LLWrf6UdvgH9o1PGkNeYP,USPR36486918
1434,"Delusion:All","ONE OK ROCK",108,10A,90,2024-07-28,03:04,60,"j-rock, j-pop","Delusion:All",2024-07-12,42,0,0,31,0,0,-4,B Minor,3,61f3iPQRIe0I6CSj7qJdi3,USAT22403278
1435,"Love Is (Originally by Vanessa Williams and Brian McKnight)","Various Artists",80,3B,41,2024-07-28,04:48,14,"","Ballads - 20 Beautiful Ballads & Romantic Songs Vol. 2",2011-03-15,43,68,0,12,0,10,-9,C♯/D♭ Major,4,78022EH1Qrkp10u1MC7TCC,USA371214813
1436,"California Love - Original Version","2Pac,Roger,Dr. Dre",92,9B,85,2024-07-28,04:44,83,"old school hip hop, west coast hip hop, gangster rap, g-funk, hip hop, funk, post-disco, rap","Greatest Hits",1998-01-01,76,3,0,76,0,30,-3,G Major,4,3ia3dJETSOllPsv3LJkE35,USUG10702628
1437,"Jus' Know","BlackMayo",130,9A,54,2024-07-29,02:00,67,"","Jus' Know",2018-12-03,83,3,0,51,0,10,-9,E Minor,4,3PbutKhWZwCvV36TMJiNl3,QZES91898842
1438,"Can't Stop","Red Hot Chili Peppers",91,11B,94,2024-07-29,04:29,89,"funk rock, alternative rock, rock","By the Way (Deluxe Edition)",2002-07-09,62,2,0,88,0,10,-3,A Major,4,3ZOEytgrvLwQaqXreDs2Jx,USWB10201694
1439,"Veggie Dance","Gracie's Corner",150,3A,73,2024-07-30,01:56,0,"children's music","Veggie Dance",2024-04-05,89,6,0,45,10,0,-5,A#/B♭ Minor,4,4lD3ZQHzBGTneixh36NXnk,QZHNA2455146
1440,"Grillz","Nelly,Paul Wall,Ali & Gipp",83,9A,52,2024-07-31,04:31,55,"southern hip hop, crunk","Sweatsuit",2005-11-25,86,4,0,84,20,30,-7,E Minor,4,6MyRJF1ttIyBTFLoqzCRwV,USUM70505024
1441,"Dontcha","The Internet",115,1A,35,2024-08-02,03:21,60,"alternative r&b, neo soul","Feel Good",2013-09-23,86,2,13,58,0,10,-12,G#/A♭ Minor,4,6dET51TwAJPrKV5wmA5Vhr,USQX91301600
1442,"Wish You Were Here (feat. Khalid)","Lukas Graham,Khalid",106,4B,64,2024-08-02,02:55,44,"dansk pop, ","Wish You Were Here (feat. Khalid)",2022-08-19,65,0,0,13,0,10,-6,G#/A♭ Major,4,7up4SX2l8FAnisrUXoGupd,USWB12201688
1443,"On My Mama","Victoria Monét",153,9A,54,2024-08-02,03:06,63,"alternative r&b","On My Mama",2023-06-16,48,55,1,62,10,10,-8,E Minor,4,1o8Z7GD1CeOaVBEyuzu4HO,USRC12204025
1444,"Please Please Please","Sabrina Carpenter",107,11B,59,2024-08-02,03:06,80,"pop","Please Please Please",2024-06-06,67,27,0,58,0,10,-6,A Major,4,5N3hjp1WNayUPZrA8kJmJP,USUM72404101
1445,"Hollywood","Tobias Jesso Jr.",97,8B,18,2024-08-02,06:08,21,"","Goon",2015-03-16,32,92,17,14,0,10,-12,C Major,3,04erU78C1GiMbHCM3YqGHt,USMTD1405273
1446,"Hollywood","Ruel",155,7B,46,2024-08-02,03:15,27,"","Adaptations",2024-08-02,32,52,0,21,0,10,-9,F Major,4,5ixsARSHL26SXP89piNe1r,NL8RL2431134
1447,"Hide & Seek","Ruel",145,11B,71,2024-08-02,03:42,25,"","Adaptations",2024-08-02,45,2,0,22,0,30,-7,A Major,4,15WkhC8iqBtxvfDlnbK2Dn,NL8RL2431135
1448,"Malibu","Ruel",122,12B,38,2024-08-02,04:04,26,"","Adaptations",2024-08-02,36,67,0,26,0,10,-9,E Major,4,00X8lqI9K51uCro5V1pqH0,NL8RL2431136
1449,"Malibu","Miley Cyrus",140,4B,78,2024-08-02,03:51,74,"","Younger Now",2017-09-29,57,8,0,34,0,0,-6,G#/A♭ Major,4,1UZOjK1BwmwWU14Erba9CZ,USRC11700814
1450,"Hide and Seek","Imogen Heap",121,11B,17,2024-08-02,04:28,1,"","Speak for Yourself",2005-07-18,45,91,0,9,0,10,-11,A Major,4,7mMlbJlXXo2mRtQ4R9sIzD,GBJPX0500005
1451,"happy stuff","Walk off the Earth",154,9B,56,2024-08-06,02:42,35,"","happy stuff",2022-08-26,62,21,0,67,0,10,-9,G Major,4,1C7eURT2UroBgmOEAX2eiR,QMBZ92250311
1452,"Adore You","Harry Styles",99,4B,77,2024-08-06,03:27,86,"","Fine Line",2019-12-13,68,2,0,57,0,10,-4,G#/A♭ Major,4,3jjujdWJ72nww5eGnfs2E7,USSM11912588
1453,"Up Down (Do This All Day) (feat. B.o.B)","T-Pain,B.o.B",97,4A,50,2024-08-12,03:51,81,"","Happy Hour: The Greatest Hits",2014-00-00,78,26,0,46,0,30,-7,F Minor,4,6lbhWl34Il0WXm5pX1fM9E,USRC11301140
1454,"Guess","Charli xcx",130,8B,69,2024-08-12,02:22,59,"hyperpop, art pop","Brat and it’s the same but there’s three more songs so it’s not",2024-06-10,77,2,37,54,10,0,-5,C Major,4,0xzBmAsCfu3AzX1W0GYtMJ,USAT22403715
1455,"Walk It Talk It","Migos,Drake",146,10B,63,2024-08-15,04:36,74,"trap, rap","Culture II",2018-01-26,91,9,0,40,10,10,-5,D Major,4,6n4U3TlzUGhdSFbUUhTvLP,USUM71800983
1456,"Sextape","Deftones",90,7B,63,2024-08-15,04:01,82,"nu metal, alternative metal, rap metal, rock, shoegaze","Diamond Eyes",2010-04-30,37,0,8,10,0,10,-6,F Major,4,1EryAkZ0VHstC6haIxVBiE,USRE11000115
1457,"My Best","Saweetie",140,4A,68,2024-08-15,02:01,39,"","My Best",2024-08-02,87,1,0,50,0,10,-5,F Minor,4,3qAMlVUvNZVpxA85pFPxOT,USWB12403062
1458,"calm","Lofi u",148,12A,16,2024-08-15,02:38,33,"christian lo-fi","calm",2021-09-07,67,93,93,64,0,10,-20,C♯/D♭ Minor,4,0Lx0BUHMOuVhg2NjzbEBFw,QZMEP2179165
1459,"Roses","JAEHYUN",99,3A,48,2024-08-16,02:48,35,"","Roses/Dandelion",2024-08-12,45,35,0,56,10,10,-6,A#/B♭ Minor,4,4mcTAI2cZUWC0bmdOHiuYF,KRA302400232
1460,"BIRDS OF A FEATHER","Billie Eilish",105,10B,51,2024-08-16,03:30,94,"","HIT ME HARD AND SOFT",2024-05-17,75,20,6,44,0,10,-10,D Major,4,6dOtVTDdiauQNBQEDOtlAB,USUM72401994
1461,"Walk Away","Mina Okabe",115,10B,56,2024-08-19,02:49,40,"","Walk Away",2021-03-26,89,57,0,64,0,0,-8,D Major,4,3XQDYyBoAeP7Agcx4YCwHS,DKUM72000912
1462,"Not Like Us","Kendrick Lamar",101,3B,47,2024-08-19,04:34,88,"hip hop, west coast hip hop","Not Like Us",2024-05-04,90,1,0,21,0,10,-7,C♯/D♭ Major,4,6AI3ezQ4o3HUoP6Dhudph3,USUG12400910
1463,"Magic Johnson","ian",140,3B,69,2024-08-19,02:17,73,"","Valedictorian [Deluxe]",2024-06-07,91,0,0,55,20,0,-6,C♯/D♭ Major,4,4oPLjuY1WgGTL0Ja1doDOn,USQX92402650
1464,"FLORIDA BABY","Isaiah Falls",96,10A,45,2024-08-20,02:20,3,"dark r&b","FLORIDA BABY",2024-01-16,53,45,0,33,20,10,-10,B Minor,4,2tzsaXT5OzOFZXzzii7AzK,QZFZ32445783
1465,"Pink Lemonade (Str8 Reload)","LeoStayTrill,Str8 Reload",144,1B,63,2024-08-20,02:02,63,"uk drill","Pink Lemonade (Str8 Reload)",2024-05-23,91,52,0,67,30,10,-8,B Major,4,4Pt80KvnL6e8DCd9QVx7Ht,GXD7G2419221
1466,"Doing It Wrong","Drake",101,11A,17,2024-08-22,04:25,76,"rap","Take Care (Deluxe)",2011-11-15,40,84,0,12,0,10,-16,F#/G♭ Minor,4,4eSGSqP2TZvvX0kadZZttM,USCM51100564
1467,"Don't Go Insane","DPR IAN",115,6A,48,2024-08-23,03:24,60,"k-rap","Don't Go Insane",2023-10-04,72,19,0,60,0,10,-6,G Minor,4,5izX3yhDZHqQFi8p2m6RHi,QMBZ92331724
1468,"Every Breath You Take","The Police",117,3B,45,2024-08-25,04:13,93,"","Synchronicity (Remastered 2003)",1983-06-17,82,54,0,74,0,0,-10,C♯/D♭ Major,4,1JSTJqkT5qHq8MDJnJbRE1,GBAAM0201110
1469,"With You","CHRISPY",92,10B,41,2024-08-25,03:11,33,"","With You",2023-09-22,75,69,0,53,0,10,-7,D Major,4,0ayKrKiG2MaxALHsxTrEdO,QZTAW2359202
1470,"The Spark","Kabin Crew,Lisdoonvarna Crew",174,11A,86,2024-08-25,02:26,66,"","The Spark",2024-06-13,84,5,0,65,20,20,-4,F#/G♭ Minor,4,0bhnFakmRioZbuQcmhVwoH,IEACJ2400068
1471,"doodle","Zachz Winner",160,8B,81,2024-08-25,01:13,56,"","doodle",2024-02-04,66,1,17,84,0,20,-8,C Major,4,4Xfp9BcKrKYmxJPxn68Yb8,GX89G2443655
1472,"Juno","Sabrina Carpenter",131,7B,73,2024-08-25,03:43,85,"pop","Short n' Sweet",2024-08-23,63,5,0,64,0,20,-4,F Major,4,21B4gaTWnTkuSh77iWEXdS,USUM72404107
1473,"Glue Song (feat. Clairo)","beabadoobee,Clairo",114,3B,39,2024-08-26,02:15,71,"bedroom pop","Glue Song (feat. Clairo)",2023-04-17,62,78,1,53,0,10,-10,C♯/D♭ Major,3,0tMMPZEt6Gyrl9FI8zSicm,GBK3W2302605
1474,"Don't Go Away","Oasis",81,8B,84,2024-08-27,04:48,58,"britpop, madchester","Be Here Now",1997-08-21,43,5,0,18,0,0,-4,C Major,4,3MCuDi4gQrf7Xms8lTpTAx,GBBQY9700012
1475,"Smoke - English Version","JAEHYUN",93,11A,67,2024-08-28,02:49,45,"","J - The 1st Album",2024-08-26,66,8,0,43,30,60,-5,F#/G♭ Minor,4,2aLDT8VOsssC5tIJDLIga2,KRA302400241
1476,"Guys","The 1975",204,2B,59,2024-08-28,04:29,54,"","Notes On A Conditional Form",2020-05-22,38,0,0,42,0,20,-8,F#/G♭ Major,4,0dGyrOsSR0TOAxY4UBojmV,GBK3W1901083
1477,"Disco","Surf Curse",173,10A,62,2024-08-28,02:32,80,"indie","Disco",2019-06-12,47,3,0,78,0,10,-9,B Minor,4,2Lumsra3kuU61wXkEKzKaK,USAT22103311
1478,"Heat","Scarlet Pleasure",100,10A,63,2024-08-28,03:13,46,"dansk pop","Youth Is Wasted On The Young",2016-04-29,67,7,0,29,0,0,-5,B Minor,4,17FGkNX0mEUcU287PGzS2G,DKUM71500064
1479,"the boy is mine","Ariana Grande",98,6A,63,2024-08-30,02:53,78,"pop","eternal sunshine",2024-03-08,80,16,0,45,0,0,-6,G Minor,4,0Lmbke3KNVFXtoH2mMSHCw,USUM72317268
1480,"august","Taylor Swift",90,7B,62,2024-09-01,04:21,85,"","folklore",2020-07-24,53,54,0,40,0,0,-9,F Major,4,3hUxzQpSfdDqwM3ZTFQY0K,USUG12002842
1481,"Guess featuring billie eilish","Charli xcx,Billie Eilish",130,8B,71,2024-09-01,02:23,49,"hyperpop, art pop, ","Guess featuring Billie Eilish",2024-08-01,78,2,21,62,0,10,-4,C Major,4,7qbJ4Dh8xuYUFdAWL8SFPK,USAT22406808
1482,"Dreaming","Lee",79,10B,12,2024-09-03,04:44,41,"lo-fi","Lo-fi of Lee",2020-03-27,35,18,88,7,0,10,-19,D Major,4,2cQiLv2MlhR9MJHcIzrIap,KRMIM2006380
1483,"Second Wind","L'Indécis",82,5A,31,2024-09-14,03:00,47,"lo-fi beats, jazz beats, lo-fi, lo-fi hip hop, jazz rap","Second Wind",2019-05-10,45,89,79,27,0,10,-11,C Minor,4,02u9LupbcUXwrQfGH0Q9ub,GBKQU1927859
1484,"Crew (feat. Brent Faiyaz & Shy Glizzy)","GoldLink,Brent Faiyaz,Shy Glizzy",130,12A,61,2024-09-14,02:56,75,"r&b, ","At What Cost",2017-03-24,73,13,0,45,10,0,-8,C♯/D♭ Minor,4,15EPc80XuFrb2LmOzGjuRg,USRC11602777
1485,"sxyldy","Ballhead",83,4A,95,2024-09-14,02:31,7,"","StrictlyButterSoulBeatSmith",2023-05-03,40,7,13,51,50,80,-3,F Minor,4,6f9SUyzEGsB8LN6hfMjKzT,QZHN92327279
1486,"Nude","Radiohead",128,12B,34,2024-09-14,04:15,75,"art rock, alternative rock","In Rainbows",2007-12-28,52,83,58,17,0,0,-10,E Major,3,35YyxFpE0ZTOoqFx5bADW8,GBSTK0700003
1487,"Please Me","Cardi B,Bruno Mars",134,3B,57,2024-09-14,03:20,76,"","Please Me",2019-02-15,75,6,0,65,0,0,-7,C♯/D♭ Major,4,0PG9fbaaHFHfre2gUVo7AN,USAT21811659
1488,"Tear in My Heart","Twenty One Pilots",120,10B,63,2024-09-14,03:08,77,"","Blurryface",2015-05-15,66,2,0,45,0,0,-5,D Major,4,3bnVBN67NBEzedqQuWrpP4,USAT21500390
1489,"Left Cheek (Doo Doo Blick)","Lay Bankz",140,11A,74,2024-09-18,02:54,0,"jersey club","Left Cheek (Doo Doo Blick)",2022-08-23,74,41,0,64,10,10,-7,F#/G♭ Minor,4,1aKHgPHMKTJEmLkKmcbe3a,QZVFR2200133
1490,"this house is not a home","Munn,Delanie Leclerc",150,4B,64,2024-09-18,02:38,51,"","this house is not a home",2021-12-16,58,84,0,54,0,20,-7,G#/A♭ Major,4,7CKDmTfTBNp6cezLioRqRs,QZRP52154657
1491,"Lonely","Akon",90,4A,53,2024-09-18,03:55,82,"","Trouble Deluxe Edition",2005-01-01,63,34,0,62,0,20,-8,F Minor,4,4v7DCN09hgXkKazefkznDQ,USUR10400235
1492,"keep smiling","demxntia",112,10B,51,2024-09-18,02:12,10,"vietnamese lo-fi, emo rap","keep smiling",2023-05-19,46,80,0,26,0,30,-8,D Major,1,7LDq1IEYI3zgVxT5BL2zOg,QZVEM2309592
1493,"Something In The Way","Nirvana",105,4B,20,2024-09-18,03:52,74,"grunge, rock","Nevermind (Remastered)",1991-09-26,43,75,26,7,0,10,-13,G#/A♭ Major,4,4gHnSNHs8RyVukKoWdS99f,USGF19942512
1494,"SAD SONG (English Version)","P1Harmony",80,3A,95,2024-09-21,02:54,43,"k-pop, noise music","SAD SONG",2024-09-20,63,25,0,96,0,10,-2,A#/B♭ Minor,4,6BiXqTJPAb7G3QbHDmVR9g,KRA382404677
1495,"Piano Concerto No. 20 in D Minor, K. 466: II. Romance","Wolfgang Amadeus Mozart,Alexandre Rabinovitch-Barakovsky,Martha Argerich,Orchestra di Padova e del Veneto",84,6B,6,2024-09-21,08:46,16,"classical, classical piano, opera, chamber music, concerto, impressionism","Classical Study Focus Music",2024-03-02,22,99,91,11,0,10,-22,A#/B♭ Major,4,1hVnLCHDqce1vKXtFfv3Tg,DEA809816302
1496,"Journey on September","GANGGA",138,3B,21,2024-09-24,03:58,43,"","Journey on September",2020-10-30,41,95,1,7,0,20,-14,C♯/D♭ Major,4,22PhxtknUvYnNNidP1cuGJ,FRS182044025
1497,"Lean and Dabb","iLoveMemphis",80,4B,65,2024-09-24,03:57,45,"","Lean and Dabb",2015-12-18,80,2,0,62,40,20,-9,G#/A♭ Major,4,3anp5nvmUKwMBEIEL1sPHR,QM33K1500008
1498,"HOT TO GO!","Chappell Roan",140,2B,76,2024-09-24,03:04,77,"","The Rise and Fall of a Midwest Princess",2023-09-22,74,2,0,96,0,30,-5,F#/G♭ Major,4,4xdBrk0nFZaP54vvZj0yx7,USUG12305911
1499,"Pushing It Down and Praying","Lizzy McAlpine",130,2B,25,2024-09-24,03:54,73,"","Pushing It Down and Praying",2024-09-20,41,80,0,18,0,10,-10,F#/G♭ Major,4,4wO2JlPZw72Xlu6dGUW4Ce,USRC12402570
1500,"Bosco (Forest)","Hemio",114,3B,1,2024-09-24,02:22,47,"","Love Does Soul Like Water on Withered Soil",2015-01-01,40,99,97,19,0,10,-25,C♯/D♭ Major,3,5xgctu8pfsFGaYmBNb7HJS,GBSMU2452645
1501,"Echo","The Marías",81,7A,45,2024-09-27,03:29,66,"bedroom pop","Submarine",2024-05-31,75,53,0,77,0,10,-7,D Minor,4,3SH1vOTwgg5Ma1NhHaXvrA,USAT22400840
1502,"Big Boy (feat. Starrah)","Normani,Starrah",168,3B,78,2024-09-27,02:53,42,"","DOPAMINE",2024-06-14,75,4,0,88,10,0,-6,C♯/D♭ Major,4,6617OvEesvCz7kGfXLYW4h,USRC12401014
1503,"My Funny Valentine","Chet Baker",133,5A,1,2024-09-27,02:21,65,"jazz, cool jazz, vocal jazz, jazz ballads","Chet Baker Sings",1956-00-00,44,94,1,28,0,10,-26,C Minor,4,4l9hml2UCnxoNI3yCdL1BW,USBN28900073
1504,"Yebba’s Heartbreak","Drake,Yebba",120,1A,16,2024-09-27,02:13,80,"rap, ","Certified Lover Boy",2021-09-03,48,97,4,9,0,10,-12,G#/A♭ Minor,4,1PDP7mLiAMwhfmgIwzhOm2,USUG12104407
1505,"Lose My Breath","Destiny's Child",119,3B,90,2024-09-27,04:02,70,"","Destiny Fulfilled",2004-00-00,81,1,22,55,0,10,-6,C♯/D♭ Major,4,2n4uOdMHzEvcZ0KP7iQnay,USSM10412855
1506,"Lit","Richie Wess,Yung Dred",134,9B,66,2024-09-30,03:00,9,"","Lit",2021-06-15,88,0,0,89,10,30,-8,G Major,4,2nGPSmmtje1Z4E0J3Z7nIz,USUYG1373047
1507,"Dangerous","Michael Jackson",113,6B,71,2024-10-02,06:59,69,"","Dangerous",1991-11-13,94,3,0,58,10,0,-5,A#/B♭ Major,4,3u4RKvwDT3CKeYbjxqXEye,USSM10020714
1508,"The Next Episode","Dr. Dre,Snoop Dogg",95,3A,91,2024-10-02,02:41,82,"old school hip hop, g-funk, gangster rap, west coast hip hop, hip hop, rap","2001",1999-11-16,92,3,0,31,20,0,-2,A#/B♭ Minor,4,4LwU4Vp6od3Sb08CsP99GC,USIR19915078
1509,"Alesis","Mk.gee",108,10A,69,2024-10-02,03:18,54,"","Two Star & The Dream Police",2024-02-09,83,58,0,42,0,10,-8,B Minor,4,4u7vj352S98d9iA7ac1EVG,QM24S2400318
1510,"I'd Rather Pretend","Bryant Barnes",130,4B,35,2024-10-02,03:04,71,"","VANITY",2024-07-26,56,93,3,27,0,10,-10,G#/A♭ Major,4,4rJHH484bHZDts51o5i2CB,USUM72407673
1511,"Ms. Delicate","Yerin Baek",106,8B,68,2024-10-04,03:59,31,"k-ballad","tellusboutyourself",2020-12-10,76,57,1,19,0,10,-5,C Major,4,2NdAO7ywPSpippyIAuqhn5,KRF252000168
1512,"Youngblood","5 Seconds of Summer",120,6A,85,2024-10-04,03:23,82,"","Youngblood (Deluxe)",2018-06-15,60,2,0,15,40,10,-5,G Minor,4,2iUXsYOEPhVqEBwsqP70rE,GBUM71800366
1513,"Love on Top","John Canada",172,8B,30,2024-10-06,03:54,58,"","Love on Top",2020-05-15,56,85,0,46,0,10,-11,C Major,4,35vsRRQ79zIyyHPre0IwTu,QZES52097137
1514,"Pose For Me","John Mackk,Natalie Nunn",98,11B,52,2024-10-06,02:26,0,"","Pose For Me",2024-09-06,89,13,0,55,20,40,-11,A Major,4,3YOrk2YHbXRdKtmurcdq2T,QZTBC2444179
1515,"Passage","L'Indécis",90,8A,34,2024-10-06,04:06,35,"lo-fi beats, jazz beats, lo-fi, lo-fi hip hop, jazz rap","Passage",2018-06-25,37,59,91,31,0,10,-12,A Minor,4,0YdsFsstZAyarcThj2TtTv,GBKQU1854891
1516,"Da' Dip","Freak Nasty",132,4B,43,2024-10-06,03:57,57,"miami bass, new orleans bounce","Controversee…That's Life…and That's the Way It Is",1996-10-29,95,1,3,72,30,20,-17,G#/A♭ Major,4,76YDsWGWezclVy9Z6sDGhf,US25T9920900
1517,"Die With A Smile","Lady Gaga,Bruno Mars",158,11A,59,2024-10-07,04:11,91,"art pop, pop, ","Die With A Smile",2024-08-16,52,31,0,54,0,10,-8,F#/G♭ Minor,3,2plbrEY59IikOBgBGLjaoe,USUM72409273
1518,"Smack Yo'","Beltran",127,9B,75,2024-10-07,04:05,67,"tech house","Smack Yo'",2022-09-30,88,0,36,74,10,0,-8,G Major,4,2UdCQIDwFvGhslUYZH5tRR,GBKQU2286551
1519,"Good Luck, Babe!","Chappell Roan",117,10A,58,2024-10-08,03:38,90,"","Good Luck, Babe!",2024-04-05,70,5,0,79,0,0,-6,B Minor,4,0WbMK4wrZ1wFSty9F7FCgu,USUG12401967
1520,"Life We Live (feat. Namond Lumpkin & Edgar Fletcher)","Project Pat,Namond Lumpkin,Edgar Fletcher",77,3B,63,2024-10-08,04:14,68,"southern hip hop, crunk, gangster rap, ","Mista Don't Play: Everythangs Workin",2001-02-27,88,1,0,24,10,10,-6,C♯/D♭ Major,4,3A4S0o95OxSgRbqEnEMsn4,USLR50000930
1521,"Hardest Ese Ever","That Mexican OT",138,9B,60,2024-10-08,02:38,69,"","Hardest Ese Ever",2021-12-31,88,7,0,73,40,10,-9,G Major,4,3xm1puvbLw7uDKiYwEG64Y,US6YF2400031
1522,"WHAT A DAY","Tyler, The Creator",89,3A,83,2024-10-09,03:36,63,"","CALL ME IF YOU GET LOST: The Estate Sale",2023-03-31,48,53,0,77,20,10,-6,A#/B♭ Minor,4,3v3gyQkwRQGwDUZ7V2q2lF,USQX92301935
1523,"We Might Even Be Falling In Love (Duet)","Victoria Monét,Bryson Tiller",77,2B,42,2024-10-09,01:30,57,"alternative r&b, trap soul, r&b","We Might Even Be Falling In Love (Duet)",2023-02-14,73,47,0,78,0,10,-10,F#/G♭ Major,4,0wOtc2nY3NOohp4xSwOyTN,USRC12300364
1524,"T Pain","Pete & Bas",112,11B,87,2024-10-11,02:17,42,"uk drill, grime, drill, uk grime","T Pain",2024-09-19,88,43,0,39,20,10,-2,A Major,4,4kyj7AYuYpqF6aq20yVuOv,AEA3A2480565
1525,"Juliet","LMNT",99,11B,76,2024-10-11,03:41,16,"","Party Beats",2003-01-01,75,17,0,87,0,0,-6,A Major,4,63HSxbWg1uTDB9Nd57cA4d,USR1B0320078
1526,"Maps","Yeah Yeah Yeahs",120,9B,94,2024-10-12,03:39,70,"indie rock","Fever To Tell (Deluxe Remastered)",2003-04-29,50,0,32,12,0,50,-5,G Major,4,0hDQV9X1Da5JrwhK8gu86p,USIR10300259
1527,"THE DINER","Billie Eilish",125,3B,39,2024-10-12,03:06,77,"","HIT ME HARD AND SOFT",2024-05-17,86,24,9,66,10,10,-10,C♯/D♭ Major,4,1LLUoftvmTjVNBHZoQyveF,USUM72401989
1528,"CHIHIRO","Billie Eilish",110,9B,43,2024-10-12,05:03,87,"","HIT ME HARD AND SOFT",2024-05-17,70,14,88,52,0,0,-13,G Major,4,7BRD7x5pt8Lqa1eGYC4dzj,USUM72401988
1529,"WILDFLOWER","Billie Eilish",148,11A,25,2024-10-12,04:21,92,"","HIT ME HARD AND SOFT",2024-05-17,47,61,0,13,0,10,-12,F#/G♭ Minor,4,3QaPy1KgI7nu9FJEQUgn6h,USUM72401993
1530,"Turn it up","PinkPantheress",132,9B,56,2024-10-12,02:27,63,"bedroom pop","Turn it up",2024-05-24,77,67,0,44,0,20,-9,G Major,4,1YhNljrEyPYaYNgBNsWap5,GBAYE2400575
1531,"SKINNY","Billie Eilish",70,11B,25,2024-10-12,03:39,78,"","HIT ME HARD AND SOFT",2024-05-17,25,69,1,4,0,10,-14,A Major,4,1CsMKhwEmNnmvHUuO5nryA,USUM72401995
1532,"THE GREATEST","Billie Eilish",128,9B,19,2024-10-12,04:53,81,"","HIT ME HARD AND SOFT",2024-05-17,41,64,0,16,0,20,-11,G Major,4,6TGd66r0nlPaYm3KIoI7ET,USUM72401992
1533,"BLUE","Billie Eilish",142,9B,34,2024-10-12,05:43,81,"","HIT ME HARD AND SOFT",2024-05-17,35,29,17,4,0,10,-11,G Major,4,2prqm9sPLj10B4Wg0wE5x9,USUM72401996
1534,"FE!N (feat. Playboi Carti)","Travis Scott,Playboi Carti",148,2A,88,2024-10-12,03:11,85,"rap, rage rap","UTOPIA",2023-07-28,57,3,0,20,0,10,-3,D#/E♭ Minor,4,42VsgItocQwOQC3XWZ8JNA,USSM12305010
1535,"URRRGE!!!!!!!!!! (feat. A$AP Rocky)","Doja Cat,A$AP Rocky",120,3B,65,2024-10-12,02:32,56,"rap","Scarlet 2 CLAUDE",2024-04-05,94,1,0,43,10,10,-8,C♯/D♭ Major,4,0mxMMetknt24PVQxAHwXAZ,USRC12400594
1536,"ART","Tyla",116,3B,59,2024-10-12,02:28,71,"afrobeats","TYLA",2024-03-22,72,9,0,71,0,10,-6,C♯/D♭ Major,4,40ds3xedbMkWhszkGnZwxi,USSM12308662
1537,"Misery Business","Paramore",173,3B,91,2024-10-12,03:31,79,"pop punk, emo","Riot!",2007-06-12,52,0,0,73,0,10,-4,C♯/D♭ Major,4,3l9CW99AHtExIRV4hW2N5m,USAT20702617
1538,"A Milli","Lil Wayne",151,11A,70,2024-10-13,03:41,72,"rap, hip hop","Tha Carter III",2008-01-01,67,4,0,77,20,10,-9,F#/G♭ Minor,4,3uqinR4FCjLv28bkrTdNX5,USCM50800553
1539,"It's Not Just Me, It's Everybody","Weyes Blood",75,8B,34,2024-10-13,06:16,51,"art pop, baroque pop","And In The Darkness, Hearts Aglow",2022-11-18,43,85,2,15,0,20,-12,C Major,4,7G6NU3cp3ufNMEFCI2l90X,USSUB2248501
1540,"Children of the Empire","Weyes Blood",112,3A,48,2024-10-13,06:03,42,"art pop, baroque pop","And In The Darkness, Hearts Aglow",2022-11-18,35,50,1,6,0,10,-8,A#/B♭ Minor,4,75vW355BVk8wNjOqfrjfjo,USSUB2248502
1541,"Grapevine","Weyes Blood",123,9A,41,2024-10-13,05:25,45,"art pop, baroque pop","And In The Darkness, Hearts Aglow",2022-11-18,36,59,46,8,0,0,-9,E Minor,3,5BwfV9vNhDfIysUTyuTbuQ,USSUB2248503
1542,"God Turn Me Into a Flower","Weyes Blood",83,9B,27,2024-10-13,06:25,48,"art pop, baroque pop","And In The Darkness, Hearts Aglow",2022-11-18,19,88,4,4,0,10,-11,G Major,4,5gJw9DpcnYywIIVGYSb4Y5,USSUB2248504
1543,"Hearts Aglow","Weyes Blood",73,11B,51,2024-10-13,05:49,44,"art pop, baroque pop","And In The Darkness, Hearts Aglow",2022-11-18,19,71,22,10,0,10,-9,A Major,4,1FcUc6un64dEBZ53iFuO6M,USSUB2248505
1545,"Twin Flame","Weyes Blood",96,4B,42,2024-10-13,04:22,50,"art pop, baroque pop","And In The Darkness, Hearts Aglow",2022-11-18,73,29,47,68,0,10,-9,G#/A♭ Major,4,2HZasNmIAzprwJjFLPoSGM,USSUB2248507
1546,"In Holy Flux","Weyes Blood",80,7B,34,2024-10-13,01:47,35,"art pop, baroque pop","And In The Darkness, Hearts Aglow",2022-11-18,18,98,98,11,0,10,-19,F Major,4,4MWUfpdFjS84KPdwFQneSj,USSUB2248508
1547,"The Worst Is Done","Weyes Blood",121,5B,60,2024-10-13,06:00,40,"art pop, baroque pop","And In The Darkness, Hearts Aglow",2022-11-18,61,42,0,63,0,10,-10,D#/E♭ Major,4,2P2b0zvBngQWKXqE8LMjPo,USSUB2248509
1548,"A Given Thing","Weyes Blood",124,8B,28,2024-10-13,04:01,40,"art pop, baroque pop","And In The Darkness, Hearts Aglow",2022-11-18,27,91,0,6,0,10,-13,C Major,4,2Z5YC9671Ca2qLEKBHktis,USSUB2248510
1549,"A Lot's Gonna Change","Weyes Blood",140,3B,34,2024-10-13,04:21,61,"art pop, baroque pop","Titanic Rising",2019-04-05,22,64,0,10,0,10,-10,C♯/D♭ Major,4,5qspeKX1xBacLJMm2t3Yc0,USSUB1923201
1550,"Andromeda","Weyes Blood",131,12A,46,2024-10-13,04:40,69,"art pop, baroque pop","Titanic Rising",2019-04-05,47,37,0,19,0,30,-8,C♯/D♭ Minor,4,51EMSRpNm9Rg5rGViVCczv,USSUB1923202
1551,"Everyday","Weyes Blood",113,10B,57,2024-10-13,05:07,50,"art pop, baroque pop","Titanic Rising",2019-04-05,48,27,0,42,0,0,-7,D Major,4,2VYqgye3Wf9ySE4qYM3iJn,USSUB1923203
1552,"Something to Believe","Weyes Blood",137,12B,39,2024-10-13,04:45,55,"art pop, baroque pop","Titanic Rising",2019-04-05,31,63,0,19,0,30,-9,E Major,4,30TCAxiC8zVb5NVdUoUuCS,USSUB1923204
1553,"Titanic Rising","Weyes Blood",82,8A,29,2024-10-13,01:36,44,"art pop, baroque pop","Titanic Rising",2019-04-05,16,87,100,3,0,0,-19,A Minor,4,1ki6pB2iYh9nSmlG4WPdqf,USSUB1923205
1554,"Movies","Weyes Blood",71,6A,36,2024-10-13,05:53,58,"art pop, baroque pop","Titanic Rising",2019-04-05,9,64,40,9,0,10,-9,G Minor,4,6f4itfvWzS59Qu7JWorhxn,USSUB1923206
1555,"Mirror Forever","Weyes Blood",110,8B,28,2024-10-13,05:05,48,"art pop, baroque pop","Titanic Rising",2019-04-05,36,50,0,15,0,0,-11,C Major,4,2ujzo6cl7jAcLCnyKyYWwM,USSUB1923207
1556,"Wild Time","Weyes Blood",141,9B,42,2024-10-13,06:09,52,"art pop, baroque pop","Titanic Rising",2019-04-05,38,55,1,23,0,20,-10,G Major,4,5V25JNAs17PQ3dJfmMIqSG,USSUB1923208
1557,"Picture Me Better","Weyes Blood",74,4B,16,2024-10-13,03:41,54,"art pop, baroque pop","Titanic Rising",2019-04-05,23,93,0,8,0,10,-15,G#/A♭ Major,4,6Jy6p1xGv0n4c5hH0CH3VP,USSUB1923209
1558,"Nearer to Thee","Weyes Blood",87,3B,12,2024-10-13,01:05,40,"art pop, baroque pop","Titanic Rising",2019-04-05,17,79,94,7,0,0,-19,C♯/D♭ Major,1,7s9I4aCM8cfe2cSgPaPezg,USSUB1923210
1559,"Savior","Kendrick Lamar,Baby Keem,Sam Dew",125,4B,69,2024-10-13,03:44,65,"hip hop, west coast hip hop, ","Mr. Morale & The Big Steppers",2022-05-13,61,50,0,69,40,30,-7,G#/A♭ Major,5,3drdWsJKiVCSQ2gKhd9BDT,USUM72208978
1560,"N95","Kendrick Lamar",140,3B,67,2024-10-13,03:15,73,"hip hop, west coast hip hop","Mr. Morale & The Big Steppers",2022-05-13,79,38,0,41,10,10,-6,C♯/D♭ Major,4,0fX4oNGBWO3dSGUZcVdVV2,USUM72208963
1561,"All The Stars (with SZA) - From  Black Panther: The Album ","Kendrick Lamar,SZA",97,4B,63,2024-10-13,03:52,91,"hip hop, west coast hip hop, r&b","Black Panther The Album Music From And Inspired By",2018-02-09,70,6,0,56,0,0,-5,G#/A♭ Major,4,3GCdLUSnKSMJhs4Tj6CV3s,USUM71713947
1562,"Open Arms (feat. Travis Scott)","SZA,Travis Scott",78,11B,59,2024-10-13,03:59,75,"r&b, rap","SOS",2022-12-09,67,76,1,22,10,10,-8,A Major,4,0xaFw2zDYf1rIJWl2dXiSF,USRC12204602
1563,"AMERICA HAS A PROBLEM (feat. Kendrick Lamar)","Beyoncé,Kendrick Lamar",126,3B,69,2024-10-13,04:20,43,"hip hop, west coast hip hop","AMERICA HAS A PROBLEM (feat. Kendrick Lamar)",2023-05-19,79,1,0,23,0,10,-5,C♯/D♭ Major,4,5xlLG6RthtyXShVhGA3ojN,USSM12303516
1564,"TOPIA TWINS (feat. Rob49 & 21 Savage)","Travis Scott,Rob49,21 Savage",160,12A,57,2024-10-13,03:43,73,"rap, ","UTOPIA",2023-07-28,72,6,0,33,0,0,-4,C♯/D♭ Minor,4,0lodMO0qK83vfPiiD7FMEt,USSM12305013
1565,"Doesn't Have to Be That Way","Liam Gallagher",128,1B,97,2024-10-13,03:58,32,"britpop, madchester","As You Were (Deluxe Edition)",2017-10-06,41,0,88,32,0,60,-5,B Major,4,6yvufTNEoh95nPcjjtbWXo,GBAHT1700423
1566,"Airbag","Radiohead",168,10B,87,2024-10-13,04:47,65,"art rock, alternative rock","OK Computer",1997-05-28,31,1,80,65,0,20,-7,D Major,4,7c378mlmubSu7NGkLFa4sN,GBAYE9701274
1567,"Speed Drive (From Barbie The Album)","Charli xcx",174,8B,88,2024-10-13,01:57,69,"hyperpop, art pop","Speed Drive (From Barbie The Album)",2023-06-29,65,0,9,79,0,0,-6,C Major,4,5VxmI3IdgAxWVvUnJoLuY2,USAT22306163
1568,"Columbia","Oasis",100,9B,85,2024-10-13,06:17,13,"britpop, madchester","Columbia",1994-08-24,33,0,70,4,0,30,-5,G Major,4,4fT75lR7jAyy8FfOwlJjXn,GBBQY9902018
1569,"In Bloom","Nirvana",157,3A,88,2024-10-13,04:15,73,"grunge, rock","Nevermind (Remastered)",1991-09-26,44,0,0,51,0,20,-5,A#/B♭ Minor,4,2mvffzYUJ9Ld9xhsF5DUjU,USGF19942502
1570,"Confrontation","Anthony Warlow",82,12B,59,2024-10-13,04:26,51,"musicals","Jekyll & Hyde: The Gothic Musical Thriller",1995-01-24,29,58,0,9,10,10,-10,E Major,4,5oLWroGhJvHACXQ5nEx692,USAT20403120
1571,"Summer Love","bLAck pARty",160,2A,60,2024-10-13,01:14,46,"indie soul, alternative r&b","Mango",2016-10-14,62,59,0,86,0,30,-8,D#/E♭ Minor,3,6mLNU3uGKZ1fLcJv9J1u7G,TCACS1607076
1572,"Drop It Down","Cookiee Kawaii,Rye Rye",136,6B,72,2024-10-13,02:09,14,"jersey club, baltimore club, ballroom vogue","Drop It Down",2023-11-22,66,38,0,12,90,10,-11,A#/B♭ Major,4,5Ict8o5iMGhCC3bIHVPvYa,QZWFE2347284
1573,"Build God, Then We'll Talk","Panic! At The Disco",125,10A,83,2024-10-13,03:40,27,"emo","Build God, Then We'll Talk",2007-03-26,42,14,0,45,0,30,-4,B Minor,4,68PVZq98OxgeWBWbskYQLt,US56V0507713
1574,"Broken","Jake Bugg",120,4B,44,2024-10-13,04:07,52,"","Jake Bugg",2012-01-01,44,34,1,19,0,10,-9,G#/A♭ Major,4,1Bph2KY0MA2JUiX5uADWjZ,GBUM71205125
1575,"Trash","Suede",125,1B,99,2024-10-13,04:05,55,"britpop, madchester","Coming Up - 20th Anniversary Edition (Audio Version)",1996-09-03,42,0,0,17,10,30,-4,B Major,4,5sVPOuJJAmidyxU8LjJBVu,GBL2J1000036
1576,"Colin Zeal - 2012 Remaster","Blur",128,8A,83,2024-10-13,03:16,26,"britpop, madchester, alternative rock","Modern Life Is Rubbish (Special Edition)",1993-05-10,60,1,0,68,0,0,-7,A Minor,4,0V7wvqLN6DHTni1TKup3YE,GBAYE1200385
1577,"Dance, Dance","Fall Out Boy",114,10A,96,2024-10-13,03:00,80,"emo, pop punk","From Under The Cork Tree",2005-05-03,62,1,0,45,10,0,-3,B Minor,4,0a7BloCiNzLDD9qSQHh5m7,USDJ20500174
1578,"Cracker Island (feat. Thundercat)","Gorillaz,Thundercat",120,7A,91,2024-10-13,03:33,67,"","Cracker Island",2023-02-24,74,0,10,64,0,30,-3,D Minor,4,4J3I4jpAtNjsclcs99jzeF,GBAYE1901301
1579,"Baby By Me","50 Cent,Ne-Yo",190,5A,83,2024-10-14,03:33,79,"old school hip hop, east coast hip hop, ","Before I Self-Destruct",2009-01-01,61,0,1,36,0,0,-5,C Minor,4,1x075F39Q0zOhjPzPKgG8E,USUM70986703
1580,"nice day","JWS",92,3B,23,2024-10-14,01:02,27,"","Directions",2020-04-22,72,80,77,46,10,10,-13,C♯/D♭ Major,4,0a7QhVUK3GpphbE0IoRy6u,QZES62091808
1581,"KEEP UP","Odetari",139,3A,83,2024-10-14,02:13,76,"hyperpop","KEEP UP // FROSTBITE",2024-07-17,48,2,1,51,0,10,-4,A#/B♭ Minor,4,2yR2sziCF4WEs3klW1F38d,QZZ4J2400386
1582,"Slip Away","Johnny Valentine",154,5B,89,2024-10-14,03:11,51,"","Slip Away",2024-06-07,51,9,0,54,0,10,-5,D#/E♭ Major,4,5fzCeWuSAtgA9gmoQl3E8e,QZTLA2437947
1583,"Enjoying the day","Arkei",190,2B,35,2024-10-14,01:43,21,"lo-fi","Enjoying the day",2021-09-03,49,96,91,45,0,10,-13,F#/G♭ Major,4,7zpBzfVMJ7pxHUtv4ovbvZ,SE6XW2111011
1584,"Die For You (with Ariana Grande) - Remix","The Weeknd,Ariana Grande",67,12A,52,2024-10-14,03:52,71,"pop","Die For You",2023-02-27,56,27,0,49,0,30,-7,C♯/D♭ Minor,4,4JNdwEfqwFRiAeEISC8RU8,USUG12301287
1585,"Cats on the Ceiling","Ruel",93,9B,85,2024-10-17,03:33,50,"","Cats on the Ceiling",2024-10-16,60,40,0,48,20,10,-7,G Major,4,6cj79wCb9j6UZbB2WQq19P,NL8RL2444871
1586,"Nothing","Rex Orange County,Marco McKinnis",78,11B,42,2024-10-17,04:53,51,"bedroom pop, ","Apricot Princess",2017-04-26,73,34,0,38,0,0,-9,A Major,4,5J27KD5G7Ub3hubaRnGoVB,US23A1500498
1587,"distance","bixby",127,9B,78,2024-10-18,01:53,63,"","distance",2024-02-23,60,3,0,16,0,0,-5,G Major,4,2stuYeS9icwoQf79tUmnv8,USAT22401368
1588,"I Wanna Be Yours","Arctic Monkeys",68,5A,42,2024-10-18,03:03,92,"indie, garage rock","AM",2013-09-09,46,14,2,48,0,10,-9,C Minor,4,5XeFesFbtLpXzIVDNQP22n,GBCEL1300373
1589,"Chill Day","LAKEY INSPIRED",160,10A,39,2024-10-18,03:06,56,"lo-fi beats, lo-fi","Chill Day",2017-03-27,72,9,94,39,0,10,-8,B Minor,4,5dTiWDCLrInxfUwhLQZ5Em,QM42K1614205
1590,"Overdrive","Post Malone",140,3B,73,2024-10-18,02:27,58,"","Overdrive",2023-07-14,56,0,0,48,0,30,-5,C♯/D♭ Major,4,3t0ic4mkhvhamrKDkulB8v,USUM72306020
1591,"She Knows (feat. Amber Coffman & Cults)","J. Cole,Cults,Amber Coffman",118,3B,74,2024-10-18,04:56,75,"rap, dubstep, dub","Born Sinner (Deluxe Version)",2013-06-18,77,2,8,18,0,20,-10,C♯/D♭ Major,4,0Fs9cdPDhptWEDJmiCbkEW,USQX91301184
1592,"I Love You 3000","Stephanie Poetri",90,2B,38,2024-10-19,03:29,70,"","I Love You 3000",2019-06-03,65,91,0,40,0,30,-8,F#/G♭ Major,4,5xCsdnbeg7yhVX2qlRaDUw,TCAEG1949593
1593,"Let's Go Back","Jungle",72,8A,75,2024-10-22,02:49,71,"","Let's Go Back",2024-09-04,53,15,0,79,0,20,-5,A Minor,4,3fvZo45Y28ly1QBo05pujJ,QM7282461058
1594,"Virtual Insanity - Remastered 2013","Jamiroquai",92,2B,89,2024-10-22,05:40,64,"acid jazz","Travelling Without Moving (Remastered)",1996-09-09,62,17,0,52,10,20,-6,F#/G♭ Major,4,2Bxt2qamL6iu0XN0Td484J,GBARL1201220
1595,"One Time","Justin Bieber",146,12A,85,2024-10-22,03:35,85,"","My World",2009-01-01,69,6,0,76,0,0,-3,C♯/D♭ Minor,4,6eDApnV9Jdb1nYahOlbbUh,USUM70964274
1596,"Say Yes To Heaven","Lana Del Rey",100,11A,35,2024-10-22,03:29,86,"","Say Yes To Heaven",2023-05-19,49,68,17,14,0,10,-12,F#/G♭ Minor,4,6GGtHZgBycCgGBUhZo81xe,GBUM72304301
1597,"California Winter","Dhruv",94,3B,66,2024-10-22,03:07,47,"","Private Blizzard",2024-08-23,61,5,0,53,0,10,-6,C♯/D♭ Major,4,3PWAW2Vw9hnYeP9VljWhCc,USRC12400609
1598,"Can’t Take My Eyes off You","Joey Stamper",110,12B,20,2024-10-23,03:12,47,"","Can’t Take My Eyes off You",2020-05-15,55,74,0,46,0,10,-10,E Major,3,3JHra3AFyPcxiw3wVjFUjA,TCAEW2042034
1599,"Sofa King","Royel Otis",97,8B,90,2024-10-24,03:16,70,"indie","Sofa Kings",2023-03-31,56,0,0,86,0,20,-5,C Major,4,25HgUJf69zb3K7TJw7LGCQ,FR10S2313210
1600,"Somebody Else - Spotify Singles","ROLE MODEL",204,8B,65,2024-10-24,05:00,62,"bedroom pop","Somebody Else - Spotify Singles",2024-09-18,48,6,0,45,0,10,-6,C Major,4,5gMZytf2L5iBLiyBEaSAhh,USUM72410584
1601,"I think about it all the time featuring bon iver","Charli xcx,Bon Iver",122,8B,47,2024-10-24,03:20,38,"hyperpop, art pop, ","I think about it all the time featuring bon iver",2024-10-10,74,21,18,44,0,10,-10,C Major,4,63NhLtWQ6UxCRIu1k8uSwQ,USAT22408101
1602,"Terrapin","Clairo",137,12B,44,2024-10-24,03:00,68,"bedroom pop","Charm",2024-07-12,58,23,74,47,0,10,-7,E Major,4,32fwe7MW5koort1Ua3YFx6,USA2P2416228
1603,"Panavision","Roy Blair",172,8B,67,2024-10-24,04:09,20,"bedroom pop","Panavision",2024-10-04,40,6,12,33,0,10,-11,C Major,4,5DO8iVnJwb45iYWpDzIOse,USWB12403881
1604,"Designer","Balu Brigada",103,3B,86,2024-10-24,03:10,70,"","Find A Way",2023-07-28,71,12,0,86,0,20,-6,C♯/D♭ Major,4,2GnyD2EllduW0BjmacUSNL,AUWA02300119
1605,"Drank on Accutane","slimdan",94,4B,61,2024-10-24,03:10,46,"","Second Dinner",2024-07-19,51,35,0,64,0,60,-6,G#/A♭ Major,4,7I5OMqde1Ha2HhWXK5avS0,QZVEM2391674
1606,"The Whole of the Moon","The Waterboys",106,8B,85,2024-10-24,04:59,56,"celtic rock","The Whole of the Moon: The Music of Mike Scott & The Waterboys",1998-09-22,54,7,0,60,0,60,-6,C Major,4,6MYtWkoEiUNZmMe5CgCczM,GBAYK8500003
1607,"Forever My Friend","Ray LaMontagne",88,10B,53,2024-10-24,05:47,48,"","Trouble",2004-08-15,61,33,1,37,0,30,-14,D Major,4,3V1WgaXwE2xn95JgjPd6tP,USRC10401024
1608,"Seabird","Alessi Brothers",126,5A,38,2024-10-24,03:06,57,"yacht rock","The Best Of The Alessi Brothers",1998-01-01,73,14,0,61,0,10,-13,C Minor,4,7qw4F9ebIh2z1dSBpJMfdt,USAM17600078
1609,"Arrow Through Me - Remastered 1993","Wings",86,10B,36,2024-10-24,03:36,56,"","Back To The Egg",1979-06-06,87,22,3,68,10,10,-12,D Major,4,3NiYvMjp5A3FZmP3dojS8k,GBCCS0700022
1610,"Runner","Alex G",109,1B,70,2024-10-24,02:36,45,"","Runner",2022-06-21,73,10,4,84,0,10,-7,B Major,4,5PmvRPR1SedsWA08jDDgF9,GBCEL2200057
1611,"Supernatural - Cyber Punk Remix","A.C.E",100,3A,89,2024-10-25,02:38,0,"k-pop, noise music","Supernatural Remix vol.1",2024-06-07,63,1,0,31,0,10,-5,A#/B♭ Minor,4,4iiRlTy8Y0Q7NqaAuYni2L,KRB472400907
1612,"Supernatural - sped-up","A.C.E",120,10B,92,2024-10-25,02:42,5,"k-pop, noise music","Supernatural",2024-05-31,78,12,0,77,20,20,-4,D Major,4,3u3K1YjawvKNKNZGrJpINY,KRB472400766
1613,"Supernatural - Jpop Remix","A.C.E",110,5A,86,2024-10-25,02:58,0,"k-pop, noise music","Supernatural Remix vol.1",2024-06-07,69,29,0,83,0,40,-3,C Minor,4,5lvHBLYhLvX5jRTBhWVwuY,KRB472400915
1614,"Supernatural - Midnight Remix","A.C.E",112,4A,90,2024-10-25,02:56,0,"k-pop, noise music","Supernatural Remix vol.3",2024-06-28,71,11,0,75,0,10,-3,F Minor,4,1NsxWTR6HXXxIKmEQcqlli,KRB472401078
1615,"Supernatural - Boombap Remix","A.C.E",98,4A,88,2024-10-25,03:19,0,"k-pop, noise music","Supernatural Remix vol.3",2024-06-28,44,23,0,83,20,10,-4,F Minor,4,35uSKYhao7uhB90suISRUI,KRB472401075
1616,"SAINT","DPR IAN",130,3B,82,2024-10-25,02:59,50,"k-rap","SAINT",2024-06-07,58,2,0,10,0,10,-7,C♯/D♭ Major,4,4auMua2dpYAQge1UGMiBnP,QM6P42400666
1617,"Supernatural - Acoustic Pop Remix","A.C.E",100,5A,70,2024-10-25,02:48,0,"k-pop, noise music","Supernatural Remix vol.3",2024-06-28,81,27,0,70,0,30,-4,C Minor,4,4yy2ExoI2H6nPfDHa5g9fr,KRB472401093
1618,"One In A Million","Ne-Yo",100,1B,79,2024-10-25,04:03,69,"","Libra Scale",2010-01-01,76,12,0,65,0,30,-6,B Major,4,03ZtlmARAMWhAgZSIs6Fes,USUM71016538
1619,"Strawberries & Cigarettes","Troye Sivan",84,11B,54,2024-10-25,03:21,72,"","Strawberries & Cigarettes",2018-03-16,58,16,0,25,0,0,-9,A Major,4,3afkJSKX0EAMsJXTZnDXXJ,AUUM71701204
1620,"Be Kind (with Halsey)","Marshmello,Halsey",94,12B,63,2024-10-25,02:52,73,"edm, ","Be Kind (with Halsey)",2020-05-01,63,1,0,45,0,0,-7,E Major,4,3Z8FwOEN59mRMxDCtb8N0A,USUG12001567
1621,"I’d do anything","Jay Chang",120,10B,84,2024-10-25,04:09,22,"","I’d do anything",2023-09-16,60,22,0,31,0,40,-2,D Major,4,4HC0kGPVFbrkvWADKtAapO,KSA012275925
1622,"Supernatural","A.C.E",110,4B,88,2024-10-25,02:57,36,"k-pop, noise music","Supernatural",2024-05-31,77,11,0,84,10,10,-4,G#/A♭ Major,4,2Ovazj2vYIhleoZQDndAFq,KRB472400764
1623,"Supernatural - Hard Techno Remix","A.C.E",140,9B,99,2024-10-25,02:53,0,"k-pop, noise music","Supernatural Remix vol.3",2024-06-28,62,0,3,59,0,20,-3,G Major,4,4mjRuIUKYW55B3kvaJgkjE,KRB472401101
1624,"Supernatural - R&B 2 Remix","A.C.E",110,4A,72,2024-10-25,02:58,0,"k-pop, noise music","Supernatural Remix vol.3",2024-06-28,78,40,0,81,0,10,-5,F Minor,4,7EbaoDG6TJJPAi60E2oiWo,KRB472401085
1625,"Supernatural - Jazz Remix","A.C.E",110,4A,78,2024-10-25,02:25,0,"k-pop, noise music","Supernatural Remix vol.2",2024-06-14,68,24,0,65,0,50,-5,F Minor,4,3kNDHlt0WnzWcfurmqhlmO,KRB472400987
1626,"The Lazy Song","Bruno Mars",175,1A,71,2024-10-26,03:09,82,"","Doo-Wops & Hooligans",2010-05-11,79,30,0,96,0,10,-5,G#/A♭ Minor,4,386RUes7n1uM1yfzgeUuwp,USAT21001886
1627,"Runnin'","The Pharcyde",94,3A,79,2024-10-26,04:56,68,"jazz rap, west coast hip hop, old school hip hop, hip hop","Labcabincalifornia (Deluxe Edition)",1995-01-01,75,3,0,82,10,30,-8,A#/B♭ Minor,4,0XgpiStoxq1IJncYlPrvZ5,USA370507659
1628,"Conga","Miami Sound Machine",122,10B,86,2024-10-26,04:15,65,"","Greatest Hits",1992-10-30,79,12,11,91,0,0,-8,D Major,4,53pZ8y3yMYUNpclGwIufu0,USSM18500167
1629,"California (from Songland) (feat. Tyga)","USHER,Tyga",121,2A,85,2024-10-26,02:55,52,"r&b, ","California (from Songland) (feat. Tyga)",2020-06-16,80,2,0,75,0,20,-4,D#/E♭ Minor,4,0TLnTwqXslKsovat4bz0jp,USRC12002064
1630,"Dilemma","Nelly,Kelly Rowland",168,7A,55,2024-10-29,04:49,83,"","Nellyville",2002-06-25,73,23,0,61,10,20,-8,D Minor,4,0ARK753YaiJbpLUk7z5yIM,USUR10200370
1631,"Falling Asleep on a Stranger","Pierce The Veil",127,9A,66,2024-10-29,03:43,57,"emo, screamo, post-hardcore","A Flair For The Dramatic",2007-00-00,25,0,0,29,0,10,-6,E Minor,4,04ZoUbYzLKu2HeTU61rufH,US3X50713206
1632,"The Most Beautiful Thing","Bruno Major",127,9B,36,2024-10-29,03:55,67,"","To Let A Good Thing Die",2020-06-05,81,54,5,42,0,10,-10,G Major,4,07koEqsKHZTlGVMC9eoEjO,GBKPL2090021
1633,"Brother Louie Mix '98 (feat. Eric Singleton) - Radio Edit","Modern Talking,Eric Singleton",118,7A,97,2024-10-29,03:24,76,"europop, italo disco, eurodance, tropical house","Back For Good/2nd",1998-05-11,77,2,9,97,0,30,-4,D Minor,4,2X7jfQnEMQYYmvkhr6mzS9,DEC739800447
1634,"Diet Pepsi","Addison Rae",150,6B,56,2024-10-29,02:49,76,"","Diet Pepsi",2024-08-09,67,50,1,84,0,10,-7,A#/B♭ Major,4,6MzofobZt2dm0Kf1hTThFz,USSM12405456
1635,"we fell in love in october","girl in red",130,9B,37,2024-10-31,03:04,86,"bedroom pop","we fell in love in october / October Passed Me By",2018-11-21,57,11,18,24,0,10,-13,G Major,4,6IPwKM3fUUzlElbvKw2sKl,GBKPL1828677
1636,"Rodeo (Remix)","Lah Pat,Flo Milli",120,1B,56,2024-10-31,04:05,79,"","Rodeo (Remix)",2023-02-24,75,30,0,85,10,10,-5,B Major,4,035MzEbx4z2DxuRDymHXbv,USAT22301387
1637,"Call Me Maybe","Carly Rae Jepsen",120,9B,58,2024-10-31,03:13,85,"","Kiss",2012-01-01,78,1,0,66,0,10,-7,G Major,4,20I6sIOMTCkB6w7ryavxtO,CAB391100615
1638,"santa doesn’t know you like i do","Sabrina Carpenter",100,3B,71,2024-11-01,03:09,61,"pop","fruitcake",2023-11-17,60,12,0,38,0,30,-4,C♯/D♭ Major,4,5mi0HQrZMhRb2MRdFiUP6v,USUM72313081
1639,"How Long Will I Love You","Ellie Goulding",126,8B,24,2024-11-02,02:34,53,"","About Time",2013-01-01,50,28,0,15,0,10,-13,C Major,5,30pUVEgP0CXceGGTZslhXs,GBUM71304067
1640,"Sunrise","Faime",156,1B,40,2024-11-02,02:54,42,"","Sunrise",2021-08-27,62,80,0,58,0,20,-10,B Major,4,2Zu93iQN1csxtM4FZgcqmk,USA2P2130220
1641,"Superstar!","Dina Ayada",156,11B,58,2024-11-02,01:53,27,"","SUPERSTAR! (Deluxe)",2023-12-22,76,2,0,30,10,10,-7,A Major,5,3g7VPp0ykPIpXtM1TvNwCC,USLD91753795
1642,"Girls Cry 2!","Dina Ayada",132,3A,55,2024-11-02,02:20,14,"","SUPERSTAR! (Deluxe)",2023-12-22,78,44,0,77,0,20,-7,A#/B♭ Minor,4,1fgvMIhMxgmIoBRjFyQuta,USLD91751592
1643,"All You're Dreaming Of","Liam Gallagher",128,8B,50,2024-11-02,04:01,43,"britpop, madchester","All You're Dreaming Of",2020-11-27,27,75,0,7,0,0,-4,C Major,4,17Xof0GRZZfS7ZgjUJ27pH,GBAHT2000782
1644,"LIMBO","DPR IAN",174,3A,64,2024-11-03,02:53,52,"k-rap","SAINT",2024-06-07,39,10,0,21,0,10,-5,A#/B♭ Minor,4,6vwd7vtUupbyZGQIn1AsWU,QM6P42400669
1645,"Supernatural - Midtempo Remix","A.C.E",94,5A,80,2024-11-03,02:38,0,"k-pop, noise music","Supernatural Remix vol.2",2024-06-14,44,2,0,52,0,20,-4,C Minor,4,5kqW9Ok2ta0IsXzWbJNv0c,KRB472400983
1646,"Dive","Ed Sheeran",135,12B,39,2024-11-05,03:58,78,"soft pop","÷ (Deluxe)",2017-03-03,76,36,0,53,0,10,-6,E Major,3,51ChrwmUPDJvedPQnIU8Ls,GBAHS1700022
1647,"Racks in the Middle (feat. Roddy Ricch and Hit-Boy)","Nipsey Hussle,Roddy Ricch,Hit-Boy",79,4A,83,2024-11-08,03:53,63,"west coast hip hop, melodic rap, ","Racks in the Middle (feat. Roddy Ricch and Hit-Boy)",2019-02-15,67,8,0,70,40,0,-5,F Minor,4,6ya8ejoKgw906Y8LWclqrp,USAT21901458
1648,"I Cannot Be (A Sadder Song) (with Gunna)","Post Malone,Gunna",80,3B,67,2024-11-08,02:49,57,"melodic rap","Twelve Carat Toothache",2022-06-03,52,7,0,65,10,40,-6,C♯/D♭ Major,4,4IxeKzzxUSEgivgtbSbyIK,USUM72208024
1649,"Worth It.","RAYE",110,4B,48,2024-11-05,04:06,81,"","My 21st Century Blues",2023-02-03,74,51,0,61,0,30,-8,G#/A♭ Major,4,7JgNAnCjJvL8hBR1kmCOFF,QMDA62229986
1650,"pink skies","LANY",104,7B,63,2024-11-05,03:05,70,"","kinda",2016-06-24,72,27,0,47,0,10,-7,F Major,4,6BZ6pl5bczDc3cMF1kBaOy,GBUM71603332
1651,"Flyerthanshe","Afta-1",86,2A,52,2024-11-05,00:56,14,"","Undefined",2014-07-29,67,23,53,95,0,20,-6,D#/E♭ Minor,4,3gCInuWVhMlkUwVyhBVLT0,TCABY1485259
1652,"4 Minutes (feat. Justin Timberlake & Timbaland)","Madonna,Justin Timberlake,Timbaland",113,10B,93,2024-11-08,03:09,54,"","Celebration (double disc version)",2009-09-18,75,1,1,77,0,20,-5,D Major,4,1oHClQEgDmmbcEx12Kc5nZ,USWB10903601
1653,"Carmen Suite No. 1: Toreador March","Georges Bizet,London Festival Orchestra,Alfred Scholz",128,11B,24,2024-11-09,02:13,42,"opera, classical","Classical Blast: The Most Exhilarating Music in the Universe!",2009-01-01,38,79,77,79,0,60,-16,A Major,4,2IZDaVy6HTSYB2g2VT8tVl,USSJ10301361
1654,"WYA","Leah Kate,24kGoldn",158,2B,98,2024-11-12,02:11,0,"","WYA",2024-11-08,67,9,0,93,0,20,-3,F#/G♭ Major,4,19d6ySq61vARL7hayVuoWZ,AEA3A2304792
1655,"Breathe","Olly Alexander (Years & Years)",92,6B,49,2024-11-14,03:53,74,"","Take Shelter",2014-01-01,75,22,0,42,0,10,-7,A#/B♭ Major,4,267nfLfaSSDa9ivHncHynh,GBUM71403184
1656,"September","Earth, Wind & Fire",126,11B,83,2024-11-14,03:35,76,"funk, disco","The Best Of Earth, Wind & Fire Vol. 1",1978-11-23,70,17,0,98,0,20,-7,A Major,4,2grjqo0Frpf2okIBiifQKs,USSM17800845
1657,"IYKYK","XG",130,11A,85,2024-11-14,03:00,60,"k-pop","IYKYK",2024-10-11,71,3,0,71,0,30,-6,F#/G♭ Minor,4,2lkhdnz6pWlErZuRLnBXTt,JPB602402893
1658,"There are 2 many ppl","CVLoops",94,3B,42,2024-11-18,02:38,0,"","or New",2023-08-09,82,11,91,78,0,0,-7,C♯/D♭ Major,4,79xu4GAxZ8XgiaR1i6k1fV,TCJPW2398039
1659,"Velocities","Sleepy Fish",170,5B,38,2024-11-18,03:12,46,"lo-fi beats, lo-fi hip hop, lo-fi, jazz beats","Beneath Your Waves",2020-02-19,62,70,94,10,0,10,-17,D#/E♭ Major,4,3htTVsaQQ78CWAxLVKCHxO,NL1LE2000442
1660,"Child of Mine","Laura Marling",77,10B,23,2024-11-18,04:12,7,"singer-songwriter, southern gothic, folk, indie folk","Child of Mine",2024-09-24,30,88,3,31,0,50,-12,D Major,4,2CShJyrf1JMBYdVBhjuTle,UKKP22400741
1661,"Winter Baby / New Jersey Blues","070 Shake",110,8B,49,2024-11-18,02:32,33,"","Winter Baby / New Jersey Blues",2024-10-15,39,32,0,51,0,20,-8,C Major,4,1z1eqJLRuLR14DIGpgTLeP,USUM72407528
1662,"Not in Love","Deb Never",75,9B,38,2024-11-18,03:17,33,"","Not in Love",2024-10-15,57,54,25,23,0,10,-11,G Major,4,62wfiBkeh02qOZN3i7qbEU,NL8RL2444150
1663,"You Can Have It Back","Alessi Brothers",87,12B,42,2024-11-18,03:06,26,"yacht rock","Alessi",1976-12-01,61,49,0,67,0,20,-7,E Major,4,0izI7n6UMdPTOjIZknQ6eX,USAM17600070
1664,"East Coast Bed","Grian Chatten",152,8B,65,2024-11-18,04:59,0,"","Chaos For The Fly",2023-06-30,57,14,9,37,0,10,-10,C Major,4,30nv1YGyO5vNHct3nCZtku,USBQU2300016
1665,"Nobody's Clown","Los Yesterdays",99,8B,53,2024-11-18,03:29,62,"retro soul","Nobody's Clown",2021-02-14,77,66,0,85,0,10,-7,C Major,4,5y5AkEON3hWGuPJgxUJObc,USA2B2060637
1666,"act ii: date @ 8","4batz",136,8B,45,2024-11-21,01:53,64,"","act ii: date @ 8",2023-12-15,74,51,0,56,10,40,-13,C Major,4,4HMop4Re0iucehmF7mgV27,QZS7J2359132
1667,"PUSH 2 START","Tyla",93,10B,81,2024-11-21,02:36,81,"afrobeats","TYLA +",2024-10-11,68,28,1,76,0,0,-4,D Major,4,1Cbl3Yq8rHo7hhDQmLQagU,USSM12407085
1668,"Made it Awkward","Ruel",168,1B,76,2024-11-21,03:04,41,"","Made it Awkward",2024-11-21,50,8,0,63,0,60,-5,B Major,4,0YBvfqU633fiBO5hC04SRX,NL8RL2448375
1669,"Dancing In The Flames","The Weeknd",117,3B,73,2024-11-23,03:40,75,"","Dancing In The Flames",2024-09-13,55,0,0,16,0,0,-6,C♯/D♭ Major,4,7z7kvUQGwlC6iOl7vMuAr9,USUG12405844
1670,"Soft Spot","keshi",106,1B,60,2024-11-24,03:24,76,"","Requiem",2024-09-13,70,36,0,71,0,0,-8,B Major,4,2aL4lMGhWdPpyPL6COPou7,USUM72406558
1671,"Senopati in the Rain","Jordan Susanto",65,9B,44,2024-11-25,04:20,22,"indonesian r&b","Senopati in the Rain",2024-05-30,69,69,0,62,0,30,-7,G Major,4,7svlh1SNqobLPM0cJjLTxt,GXD7G2488503
1672,"Moments","Micah Edwards",114,10B,31,2024-11-25,04:52,59,"retro soul","Moments",2020-10-21,55,76,11,22,0,0,-12,D Major,3,1g6aK9HzKkbbQ2RpqtUyvL,CA5KR2090795
1673,"Old Fashioned","Bruno Major",132,10B,24,2024-11-25,03:19,52,"","To Let A Good Thing Die",2020-06-05,74,74,0,33,0,10,-9,D Major,3,3iI7E4AxiTf0Pmb7oWSjR0,GBKPL1935945
1674,"Starting To","Wavelength",69,9B,27,2024-11-25,02:33,38,"","Wavelength",2018-08-15,76,81,0,34,10,10,-11,G Major,4,5kWr2pwqkWbLebmCJ4xjxS,ushm81863422
1675,"Some Kinda Love","LOONY",60,3A,27,2024-11-25,04:52,39,"alternative r&b","Some Kinda Love",2019-11-18,53,81,44,53,10,0,-10,A#/B♭ Minor,4,1kTvzk3atwk9K2YSFMtnzj,GBKPL1974043
1676,"Cabin Fever","Jaden",123,10B,87,2024-11-25,03:15,52,"","CTV3: Cool Tape Vol. 3",2020-08-28,73,13,0,92,0,20,-6,D Major,4,17hEgChAl6FQ73xelHkKNt,QMJMT2002945
1677,"Sweet Coffee (feat. Bassette)","Mullally,Bassette",83,9B,66,2024-11-25,03:22,35,"uk r&b","Sweet Coffee (feat. Bassette)",2018-04-06,71,22,0,55,0,10,-5,G Major,4,5tVRWM3CiMhy7CY0Aohyuh,GBAHS1800152
1678,"It Gets Better (With Time)","The Internet",84,9B,38,2024-11-25,05:26,54,"alternative r&b, neo soul","Hive Mind",2018-07-20,48,69,0,51,30,10,-9,G Major,4,7bKxc7UstlRxOtNBvLjGSs,USSM11804486
1679,"Rosie","John Mayer",139,9B,47,2024-11-25,04:02,60,"singer-songwriter","The Search for Everything",2017-04-14,76,49,0,76,0,10,-7,G Major,4,5KsLlcmWDoHUoJFzRw14wD,USSM11702695
1680,"Presentism","Brahny",70,9B,26,2024-11-25,03:58,0,"lo-fi indie","Fresco Time Machine",2017-10-20,63,87,0,28,0,10,-11,G Major,4,0P3MA7W1dAIO8bg2gEkCmi,QZ9Y21723161
1681,"If Only","Raveena",78,3A,40,2024-11-25,03:21,52,"alternative r&b, indie soul","If Only",2017-11-15,76,46,0,58,0,0,-12,A#/B♭ Minor,4,4jyU03J2YOhRxgOHit2auK,QM24S1704043
1682,"Fair-Weather Friend","Bruno Major",134,2B,34,2024-11-25,03:06,53,"","A Song For Every Moon",2017-08-31,56,57,0,39,10,0,-7,F#/G♭ Major,3,01lVIu83a7JgI6e68u5Ahl,GBKPL1781446
1683,"Distance","Yebba",140,8B,51,2024-11-25,04:15,59,"","Dawn",2021-09-10,60,68,25,47,0,0,-7,C Major,4,1SsUx7lHTfuiSSB1KfRMdE,USRC12001265
1684,"Anything","SZA",152,5A,49,2024-11-25,02:29,61,"r&b","Ctrl",2017-06-09,67,39,0,55,30,10,-5,C Minor,4,0336UwEBwBBao8uWCuugYr,USRC11701124
1685,"How Deep Is Your Love","PJ Morton",88,1A,46,2024-11-25,03:17,60,"neo soul","Gumbo",2017-04-21,80,71,0,77,0,0,-8,G#/A♭ Minor,4,0loJyuSFr6vVPBQSmLLrrQ,USUYG1135406
1686,"Go There With You","Victoria Monét",140,8A,42,2024-11-25,03:03,50,"alternative r&b","JAGUAR",2020-08-07,86,10,0,83,0,10,-9,A Minor,4,4DHbBXZYwlFIVpcI8fC6Ue,US23A1512043
1687,"One Way St. (feat. Ab-Soul)","Jhené Aiko,Ab-Soul",82,3A,60,2024-11-25,02:54,38,"r&b, ","Chilombo",2020-03-06,38,17,0,37,10,60,-8,A#/B♭ Minor,4,00FmWWD8FpB1Ph6nPPw1bC,USUM72003263
1688,"Woman","Doja Cat",108,4A,76,2024-11-25,02:52,85,"","Planet Her",2021-06-25,82,9,0,88,0,10,-4,F Minor,4,6Uj1ctrBOjOas8xZXGqKk4,USRC12101532
1689,"Sweet Dreams","Beyoncé",122,3B,82,2024-11-25,03:27,71,"","I AM...SASHA FIERCE - Platinum Edition",2008-00-00,69,10,0,77,10,0,-6,C♯/D♭ Major,4,2wNGoon7FlKnVEyYS1ZRBQ,USSM10804756
1690,"Alien Boy","Oliver Tree",130,3B,58,2024-11-25,02:44,68,"","Ugly is Beautiful",2020-07-17,79,6,0,52,10,10,-7,C♯/D♭ Major,4,3BIIJgBJJ7NhhCv4MI6n7w,USAT21800606
1691,"As I Am (feat. Khalid)","Justin Bieber,Khalid",100,1B,54,2024-11-25,02:54,66,"","Justice",2021-03-19,60,13,0,11,0,10,-8,B Major,4,6F2r4HgpJnvKDmkN6JEN6J,USUM72102629
1692,"Love You Different (feat. BEAM)","Justin Bieber,BEAM",127,4B,58,2024-11-25,03:06,63,"","Justice",2021-03-19,76,7,0,37,0,10,-7,G#/A♭ Major,4,27UcQ6dAvQrgH9C880rCM3,USUM72102637
1693,"Lonely (with benny blanco)","Justin Bieber,benny blanco",79,10A,24,2024-11-25,02:29,73,"","Justice",2021-03-19,62,90,0,7,0,10,-7,B Minor,4,3S8jK1mGzQi24ilFb45DAZ,USUM72019170
1694,"Sin","070 Shake",81,4B,42,2024-11-27,03:30,37,"","Petrichor",2024-11-15,32,2,0,12,0,10,-7,G#/A♭ Major,4,4IpC5t2knBcblsZoWceVJz,USUM72315646
1695,"Elephant","070 Shake",116,4B,52,2024-11-27,02:47,41,"","Petrichor",2024-11-15,60,1,0,17,0,20,-6,G#/A♭ Major,4,4MH3D8angFt2z5B8yO3xnG,USUM72315641
1696,"Pieces Of You","070 Shake",77,12A,50,2024-11-27,02:48,37,"","Petrichor",2024-11-15,52,28,0,16,0,20,-5,C♯/D♭ Minor,4,5bQrrbXqR6MDnuyYYuoq7S,USUM72407524
1697,"Vagabond","070 Shake",137,9A,60,2024-11-27,03:12,36,"","Petrichor",2024-11-15,44,64,0,20,0,10,-5,E Minor,3,2soAYfuES5KYsYaBXc1Y9T,USUM72407526
1698,"Lungs","070 Shake",106,2B,69,2024-11-27,01:03,29,"","Petrichor",2024-11-15,55,26,0,54,10,0,-7,F#/G♭ Major,4,2FwfEhatjspmb9fqaGVtEa,USUM72407522
1699,"Into Your Garden ft. JT","070 Shake,JT",134,7B,59,2024-11-27,04:23,40,"","Petrichor",2024-11-15,36,63,0,8,0,10,-6,F Major,3,3JlofeC9zHFCBLF8BBFtLf,USUM72314713
1700,"Battlefield","070 Shake",118,7B,58,2024-11-27,01:54,35,"","Petrichor",2024-11-15,45,6,0,41,0,60,-7,F Major,4,2Y0DLfSAncXNhn2tOjmvSD,USUM72407521
1701,"Song to the Siren ft. Courtney Love","070 Shake,Courtney Love",133,6B,55,2024-11-27,02:59,32,"riot grrrl, grunge","Petrichor",2024-11-15,16,20,0,10,0,10,-6,A#/B♭ Major,4,4ebM8xnMGL0JYU6F9Lp6iy,USUM72408037
1702,"What's Wrong With Me","070 Shake",142,1A,70,2024-11-27,03:54,34,"","Petrichor",2024-11-15,59,40,5,16,10,10,-8,G#/A♭ Minor,4,3OogEuQ2FHOhpELyZpJf8Y,USUM72407527
1703,"Blood On Your Hands","070 Shake",104,8B,57,2024-11-27,03:34,32,"","Petrichor",2024-11-15,34,3,0,41,0,40,-7,C Major,4,1IiWAKyLYt3vHILM8NNnGY,USUM72314470
1704,"Never Let Us Fade ft. Cam","070 Shake,Cam",112,12B,57,2024-11-27,03:43,32,"country","Petrichor",2024-11-15,30,3,0,10,0,10,-7,E Major,4,11PE2uYRZJLvJFnRETVKT5,USUM72407523
1705,"Love","070 Shake",108,7A,72,2024-11-27,03:01,33,"","Petrichor",2024-11-15,23,0,0,11,0,10,-3,D Minor,3,2lQcrG4mMugvJo05dCTi52,USUM72315642
1706,"Sticky (feat. GloRilla, Sexyy Red & Lil Wayne)","Tyler, The Creator,GloRilla,Sexyy Red,Lil Wayne",80,3B,81,2024-11-28,04:15,80,"rap, hip hop","CHROMAKOPIA",2024-10-28,51,28,0,66,40,40,-4,C♯/D♭ Major,4,3tFed7YsjGnIfxeLEQwx3R,USQX92405790
1707,"POOKIE'S REQUIEM","SAILORR",132,10A,70,2024-11-28,01:48,0,"","POOKIE'S REQUIEM",2024-11-07,51,51,0,63,40,10,-5,B Minor,3,0Cu1FFIqiLPHXDLCxTUUnR,QZS7J2492945
1708,"Let It Snow! Let It Snow! Let It Snow!","Dean Martin",134,3B,24,2024-11-28,01:57,61,"christmas, adult standards, big band, swing music","A Winter Romance",1959-01-01,45,91,0,70,0,10,-14,C♯/D♭ Major,4,2uFaJJtFpPDc5Pa95XzTvg,USCA25900140
1709,"If You Ever","Nao",112,4B,58,2024-11-28,03:39,35,"alternative r&b, uk r&b","Saturn",2018-10-26,67,14,0,47,0,10,-7,G#/A♭ Major,4,5qbSSuBorHMw2wXC3qPe2Z,GBARL1801054
1710,"Orbit","Nao",95,9B,49,2024-11-28,03:53,47,"alternative r&b, uk r&b","Saturn",2018-10-26,60,42,0,13,0,10,-8,G Major,4,5yrXolC7Un3peiFxwqbucn,GBARL1801058
1711,"Love Galore (feat. Travis Scott)","SZA,Travis Scott",135,8B,59,2024-11-28,04:35,77,"r&b, rap","Ctrl",2017-06-09,80,11,0,41,0,10,-6,C Major,4,0q75NwOoFiARAVp4EXU4Bs,USRC11700886
1712,"Doves In The Wind (feat. Kendrick Lamar)","SZA,Kendrick Lamar",137,3A,71,2024-11-28,04:26,69,"r&b, hip hop, west coast hip hop","Ctrl",2017-06-09,69,34,0,62,30,10,-4,A#/B♭ Minor,4,593W4qZOwwdqF6YnimJjL6,USRC11701112
1713,"Prom","SZA",120,3B,70,2024-11-28,03:16,70,"r&b","Ctrl",2017-06-09,81,6,0,23,0,10,-5,C♯/D♭ Major,4,5yvhdo8FXbBsIllxv2Rr94,USRC11701114
1714,"The Weekend","SZA",73,1A,37,2024-11-28,04:32,77,"r&b","Ctrl",2017-06-09,40,24,0,16,0,10,-9,G#/A♭ Minor,3,6gU9OKjOE7ghfEd55oRO57,USRC11701116
1715,"Wavy (Interlude) (feat. James Fauntleroy)","SZA,James Fauntleroy",79,5A,51,2024-11-28,01:15,61,"r&b, ","Ctrl",2017-06-09,63,48,0,39,0,0,-8,C Minor,1,3LcoHjgdNl4xtWVaJGSA1p,USRC11701126
1716,"Pretty Little Birds (feat. Isaiah Rashad)","SZA,Isaiah Rashad",90,3B,52,2024-11-28,04:05,69,"r&b, ","Ctrl",2017-06-09,36,22,0,35,30,30,-8,C♯/D♭ Major,4,1IgePMOW0qEe1AViWgkal9,USRC11701130
1717,"20 Something","SZA",81,1B,30,2024-11-28,03:18,71,"r&b","Ctrl",2017-06-09,57,74,0,51,20,0,-9,B Major,4,4h6ViRoztTBpWcJ1zFT9Zg,USRC11701132
1718,"shut up","Ariana Grande",128,8B,46,2024-11-28,02:37,60,"pop","Positions",2020-10-30,50,80,0,60,0,0,-5,C Major,4,3ko9jEHNt4O5fjKN65ULJp,USUM72020421
1719,"motive (with Doja Cat)","Ariana Grande,Doja Cat",117,3A,74,2024-11-28,02:47,74,"pop, ","Positions",2020-10-30,79,7,0,66,0,10,-6,A#/B♭ Minor,4,5GkQIP5mWPi4KZLLXeuFTT,USUM72020425
1720,"just like magic","Ariana Grande",128,4B,61,2024-11-28,02:29,67,"pop","Positions",2020-10-30,72,8,0,46,10,10,-5,G#/A♭ Major,4,7Dx9Z6Aon1qPS2N0rHSWTe,USUM72020427
1721,"off the table (with The Weeknd)","Ariana Grande,The Weeknd",88,8B,52,2024-11-28,03:59,65,"pop, ","Positions",2020-10-30,41,52,0,38,10,40,-7,C Major,1,7E1jVNoWuemqUryI4FxsVD,USUM72020429
1722,"six thirty","Ariana Grande",120,8B,52,2024-11-28,03:03,60,"pop","Positions",2020-10-30,74,67,0,43,0,10,-7,C Major,4,2IKJtXeR5UsaUjZB46fTOK,USUM72020430
1723,"my hair","Ariana Grande",92,8B,53,2024-11-28,02:38,63,"pop","Positions",2020-10-30,69,8,0,37,0,10,-7,C Major,4,6u7gmPOz7pzzaeR9xSBpsR,USUM72020433
1724,"nasty","Ariana Grande",128,11A,51,2024-11-28,03:20,68,"pop","Positions",2020-10-30,77,8,0,46,10,10,-7,F#/G♭ Minor,4,0sci7ppTZFm4mjcH3nu8yO,USUM72020434
1725,"west side","Ariana Grande",88,10A,46,2024-11-28,02:12,64,"pop","Positions",2020-10-30,69,19,0,56,20,0,-9,B Minor,4,1whfVLMKWqAX3uk97VXsNN,USUM72020436
1726,"love language","Ariana Grande",110,3A,57,2024-11-28,02:59,61,"pop","Positions",2020-10-30,69,7,0,55,20,0,-5,A#/B♭ Minor,4,6NYtLvyThMT0oALFdJFdzq,USUM72020437
1727,"positions","Ariana Grande",144,8B,80,2024-11-28,02:52,80,"pop","Positions",2020-10-30,74,47,0,68,0,0,-5,C Major,4,35mvY5S1H3J2QZyna3TFe0,USUM72019412
1728,"Over It","Summer Walker",132,9A,44,2024-11-28,02:11,54,"r&b","Over It",2019-10-04,63,23,0,46,10,0,-8,E Minor,4,0csmcZqM3uTKfjxehw0Lw2,USUM71919102
1729,"Playing Games (with Bryson Tiller) - Extended Version","Summer Walker,Bryson Tiller",116,10A,41,2024-11-28,02:23,73,"r&b, trap soul","Over It",2019-10-04,73,60,0,46,0,20,-7,B Minor,4,2xyx0o4xNOLLjBSbOOdcbA,USUM71919639
1730,"Drunk Dialing...LODT","Summer Walker",126,11B,44,2024-11-28,02:14,56,"r&b","Over It",2019-10-04,56,60,0,11,10,20,-7,A Major,3,0pzWCDSuVRX7m95EFOxVa0,USUM71919086
1731,"Come Thru (with Usher)","Summer Walker,USHER",152,4A,73,2024-11-28,03:01,67,"r&b","Over It",2019-10-04,68,16,0,46,10,10,-3,F Minor,4,3TTMUI5dFcbeNSDTTDY9M8,USUM71919105
1732,"Potential","Summer Walker",73,3B,37,2024-11-28,02:53,58,"r&b","Over It",2019-10-04,53,57,0,29,0,0,-7,C♯/D♭ Major,4,4YNrBVo8fv6qiTNwHLVDai,USUM71919104
1733,"Fun Girl","Summer Walker",99,10B,36,2024-11-28,01:49,49,"r&b","Over It",2019-10-04,45,73,0,27,0,10,-6,D Major,3,78mXeWyY9ZEqOCkTl3nGfI,USUM71919088
1734,"Tonight","Summer Walker",106,3B,53,2024-11-28,02:56,67,"r&b","Over It",2019-10-04,72,17,0,22,0,0,-7,C♯/D♭ Major,4,1qC6px1TOZgQFoTSOFUaBr,USUM71919108
1735,"Me","Summer Walker",90,6A,25,2024-11-28,02:08,52,"r&b","Over It",2019-10-04,61,70,0,6,0,10,-8,G Minor,4,7pQAGG3OhXuYZrEh8nUCbi,USUM71919094
1736,"Like It (with 6LACK)","Summer Walker,6LACK",130,7B,61,2024-11-28,02:51,55,"r&b, ","Over It",2019-10-04,71,20,0,61,20,10,-4,F Major,4,4CNzuSQoL5jgCxzYmuMvcz,USUM71919091
1737,"Just Might (with PARTYNEXTDOOR)","Summer Walker,PARTYNEXTDOOR",105,9B,38,2024-11-28,03:25,68,"r&b, dark r&b, trap soul","Over It",2019-10-04,69,67,0,18,0,10,-8,G Major,4,43IMaycr34ZR5kS8mlL5hH,USUM71919093
1738,"Stretch You Out (feat. A Boogie wit da Hoodie)","Summer Walker,A Boogie Wit da Hoodie",103,12A,52,2024-11-28,02:23,58,"r&b, melodic rap","Over It",2019-10-04,64,25,0,25,10,0,-7,C♯/D♭ Minor,4,4Qxn47gWPSucovKrMyRf1z,USUM71919082
1739,"Off Of You","Summer Walker",140,3B,43,2024-11-28,02:05,50,"r&b","Over It",2019-10-04,48,35,0,31,0,10,-5,C♯/D♭ Major,3,0Q71rl68P5r53JkUpxDDto,USUM71916835
1740,"I'll Kill You (feat. Jhené Aiko)","Summer Walker,Jhené Aiko",104,3A,44,2024-11-28,02:59,66,"r&b","Over It",2019-10-04,68,43,0,36,10,10,-9,A#/B♭ Minor,4,7EkiMl81fUHVwpItgtzI4r,USUM71919099
1741,"Nobody Else","Summer Walker",84,7A,43,2024-11-28,03:53,57,"r&b","Over It",2019-10-04,60,42,0,39,0,10,-8,D Minor,4,6eipQrmTw1N3nUfgLlEa2R,USUM71919096
1742,"Playing Games","Summer Walker",116,10A,41,2024-11-28,02:23,62,"r&b","Over It",2019-10-04,76,70,0,40,0,10,-7,B Minor,4,4hWgC5BV5M7EtTleKVXNxw,USUM71917221
1743,"Girls Need Love (with Drake) - Remix","Summer Walker,Drake",97,11A,43,2024-11-28,03:42,55,"r&b, rap","Over It",2019-10-04,67,42,0,9,20,10,-9,F#/G♭ Minor,4,1axArDrl7n4M3QZMNN0XMs,USUM71903117
1744,"READY - Acoustic Version","PJ Morton",93,4A,26,2024-11-28,02:33,43,"neo soul","The Piano Album",2020-02-14,58,93,0,49,0,20,-13,F Minor,3,1v1Z3eg5qucXO2PqG6aCWy,USUYG1295051
1745,"DON'T BREAK MY HEART - Acoustic Version","PJ Morton,Rapsody",94,4A,25,2024-11-28,04:22,30,"neo soul, ","The Piano Album",2020-02-14,45,92,0,36,0,10,-13,F Minor,4,7IdmHcv0kRfUXTCRsqVFFt,USUYG1295052
1746,"Say So - Acoustic Version","PJ Morton,JoJo",138,8B,33,2024-11-28,03:57,31,"neo soul, ","The Piano Album",2020-02-14,38,89,0,22,0,70,-10,C Major,4,39xeg5Cq23RJMNnXs2A4Mf,USUYG1295053
1747,"First Began - Acoustic Version","PJ Morton",130,2A,15,2024-11-28,03:33,31,"neo soul","The Piano Album",2020-02-14,50,93,0,35,0,70,-14,D#/E♭ Minor,3,5NIg1z3gZebnURrsDOlfmO,USUYG1295054
1748,"Go Thru Your Phone - Acoustic Version","PJ Morton",176,2B,17,2024-11-28,03:47,28,"neo soul","The Piano Album",2020-02-14,46,94,0,48,10,20,-17,F#/G♭ Major,4,19GF1uRsf6RsNz3OPNALx0,USUYG1295055
1749,"Two Hearts - Acoustic Version","PJ Morton",95,2A,11,2024-11-28,03:30,26,"neo soul","The Piano Album",2020-02-14,43,94,0,27,0,10,-15,D#/E♭ Minor,4,60wEWVr29fCjGfFmezjbGJ,USUYG1295056
1750,"KID AGAIN - Acoustic Version","PJ Morton",167,1A,18,2024-11-28,02:38,28,"neo soul","The Piano Album",2020-02-14,43,94,0,32,0,10,-13,G#/A♭ Minor,4,5FAVDNlm5a0rYscVkuS5Dw,USUYG1295057
1751,"Mountains and Molehills - Acoustic Version","PJ Morton",109,2B,17,2024-11-28,04:48,32,"neo soul","The Piano Album",2020-02-14,50,94,0,19,0,10,-12,F#/G♭ Major,3,6thmcR5EPoxsT9bE8H9RjZ,USUYG1295058
1752,"Alright - Acoustic Version","PJ Morton",96,7A,23,2024-11-28,02:22,27,"neo soul","The Piano Album",2020-02-14,49,91,0,55,0,10,-13,D Minor,4,6Sl3XDVVfFAMW6w3tdp1xe,USUYG1295059
1753,"Everything's Gonna Be Alright - Acoustic Version","PJ Morton,MusiqCity Walls",94,6B,53,2024-11-28,08:59,23,"neo soul, ","The Piano Album",2020-02-14,65,84,0,73,0,60,-10,A#/B♭ Major,4,6pngkRSya22JiPHtGqlK0t,USUYG1295060
1754,"How Deep Is Your Love - Acoustic Version","PJ Morton,Alex Isley",186,2B,19,2024-11-28,04:04,40,"neo soul, alternative r&b","The Piano Album",2020-02-14,30,94,0,34,0,70,-13,F#/G♭ Major,4,1iovqTYo2kvTWRGhRQPDPV,USUYG1295062
1755,"Pink + White","Frank Ocean",160,11B,55,2024-11-28,03:04,88,"","Blonde",2016-08-20,55,67,0,55,10,40,-7,A Major,3,3xKsf9qdS1CyvXSMEid6g8,QZ5C81600003
1756,"Waves","Mr. Probz",173,4A,28,2024-11-28,02:54,65,"","Waves",2013-11-22,37,54,0,20,0,30,-12,F Minor,4,3s8GJ1A9ujxsKcLaJ2wY7Q,TCABN1366256
1757,"Ridin Round","Kali Uchis",120,12A,79,2024-11-28,04:36,45,"","Ridin Round",2015-11-02,82,1,0,95,0,0,-6,C♯/D♭ Minor,4,4i7QbO97jhQWihsVIIQF3s,GBUM71506941
1758,"NASA","Ariana Grande",75,2B,46,2024-11-28,03:02,66,"pop","thank u, next",2019-02-08,75,45,0,47,30,20,-7,F#/G♭ Major,4,4uTvPEr01pjTbZgl7jcKBD,USUM71900398
1759,"Jealous","Labrinth",117,3B,15,2024-11-28,04:47,73,"","Jealous - EP",2014-11-23,44,87,0,10,0,10,-9,C♯/D♭ Major,3,4G92yYrUs0cvY7G41YRI0z,GBHMU1400291
1760,"Sweater Weather","The Neighbourhood",124,6B,81,2024-11-28,04:00,93,"","I Love You.",2013-04-22,61,5,2,40,0,10,-3,A#/B♭ Major,4,2QjOHCTQ1Jl3zawyYOpxh6,USSM11300080
1761,"Hit Different","SZA,The Neptunes,Pharrell Williams,Ty Dolla $ign",120,5A,52,2024-11-28,03:22,69,"r&b, trap soul","Hit Different",2020-09-04,68,20,0,72,0,10,-6,C Minor,4,7Bar1kLTmsRmH6FCKKMEyU,USRC12002998
1762,"Love Story (Taylor’s Version)","Taylor Swift",119,10B,79,2024-11-28,03:55,78,"","Love Story (Taylor’s Version)",2021-02-12,63,14,0,42,0,10,-4,D Major,4,3CeCwYWvdfXbZLXFhBrbnf,USUG12100342
1763,"Funny - Live","Tori Kelly",137,9B,32,2024-11-28,04:17,25,"","Unbreakable Smile",2015-10-16,54,74,0,49,0,0,-9,G Major,4,2aOzvgTJoxmHOkuBZaiRb7,USUM71505936
1764,"High School","UMI",122,6B,60,2024-11-28,02:13,36,"","High School",2019-01-25,84,11,0,96,0,10,-6,A#/B♭ Major,4,2Q5l817bEwCulz8WjTqyvL,QZ8LD1960301
1765,"Queen Tings","Masego,Tiffany Gouché",88,11A,46,2024-11-28,03:08,4,"","Lady Lady",2018-09-07,82,60,0,53,20,10,-6,F#/G♭ Minor,4,5tkR9JkBj3Ueeo8W4k8IZD,QZD5H1800023
1766,"everything i wanted","Billie Eilish",120,11A,23,2024-11-28,04:05,84,"","everything i wanted",2019-11-13,70,90,66,24,10,10,-14,F#/G♭ Minor,4,3ZCTVFBt2Brf31RLEnCkWJ,USUM71922577
1767,"Dead Man Walking","Brent Faiyaz",144,8A,27,2024-11-28,04:07,65,"r&b","Dead Man Walking",2020-09-18,51,28,0,44,0,10,-14,A Minor,4,5VlTQnZO89Ioku8ssdbqJk,QM24S2006908
1768,"Ready or Not","Bridgit Mendler",93,10B,87,2024-11-28,03:20,72,"","Hello My Name Is...",2012-01-01,72,0,0,75,0,10,-4,D Major,4,5xvUgoVED1F4mBu8FL0HaW,USHR11233750
1769,"L.A. Boyz (feat. Victoria Justice & Ariana Grande)","Victorious Cast,Victoria Justice,Ariana Grande",150,1A,91,2024-11-28,02:59,52,"pop","Victorious 3.0: Even More Music From The Hit TV Show (feat. Victoria Justice)",2012-11-06,62,1,0,71,10,0,-3,G#/A♭ Minor,4,2cOpRVjsE4qZLZbFOB47VJ,USSM11202274
1770,"Umbrella","Rihanna,JAŸ-Z",174,3B,83,2024-11-28,04:35,86,"hip hop, east coast hip hop, rap","Good Girl Gone Bad: Reloaded",2008-06-02,59,1,0,58,10,0,-5,C♯/D♭ Major,4,49FYlytm3dAAraYgpoJZux,USUM70736771
1771,"Never Say Never","Justin Bieber,Jaden",97,8B,81,2024-11-28,03:47,88,"","Never Say Never - The Remixes",2011-01-01,74,2,0,63,0,30,-5,C Major,4,5GYbkDveRD2I8M5ZJ14hWn,USUM71015391
1772,"Body & Soul (feat. Biig Piig)","Emotional Oranges,Biig Piig",104,6A,51,2024-11-28,02:30,0,"indie r&b, ","Body & Soul (feat. Biig Piig)",2021-03-03,85,21,2,78,0,10,-8,G Minor,4,7IE6uE2NqL9SI5gOSeNi3r,USUM72101974
1773,"Muwop (feat. Gucci Mane)","Latto,Gucci Mane",146,8A,61,2024-11-28,03:20,48,"southern hip hop, rap, trap","Muwop (feat. Gucci Mane)",2020-07-30,79,6,0,62,10,20,-7,A Minor,4,3CwcGdFwFF3DfHGGppdI4X,USRC12001741
1774,"Colors","Alex Isley,Jack Dine",78,5B,22,2024-11-28,03:05,48,"neo soul, alternative r&b","Wilton",2019-11-15,45,96,3,9,0,10,-15,D#/E♭ Major,4,62FVFc1vz3NmSlqOOKTlTF,QZHN91904503
1775,"Tiptoe","Boys World",150,10A,65,2024-11-28,02:58,25,"","Tiptoe",2021-03-12,63,2,0,34,0,30,-6,B Minor,4,7jFqorrnHGQq2Kra5E5DSp,ZZOPM2104662
1776,"Back to the Streets (feat. Jhené Aiko)","Saweetie,Jhené Aiko",102,12B,79,2024-11-28,03:09,56,"r&b","Back to the Streets (feat. Jhené Aiko)",2020-10-23,87,17,0,56,0,10,-4,E Major,4,3MEruRteiUZXkStfTlZqRn,USWB12004052
1777,"Let You In","Etta Bond",94,3B,51,2024-11-28,03:58,15,"uk r&b, alternative r&b","He's Mine",2019-03-29,46,3,0,35,10,10,-6,C♯/D♭ Major,4,7sfFTNHw47Gg4k6qhLJZqi,QM4TX1960466
1778,"There Was Love","Alex Isley,Jack Dine",130,11A,38,2024-11-28,04:07,40,"neo soul, alternative r&b","Wilton",2019-11-15,43,97,3,15,0,10,-11,F#/G♭ Minor,4,43XwqpVYDMj0QVa5efcTz6,QZHN91904504
1779,"Into Orbit","Alex Isley",89,2B,18,2024-11-28,05:15,54,"neo soul, alternative r&b","Love / Art Memoirs",2012-05-12,34,83,0,26,0,10,-17,F#/G♭ Major,4,24mo8K6ZzBTB4YBS3OtZ0k,TCADB1745284
1780,"Heather","Conan Gray",102,7B,43,2024-11-28,03:18,85,"","Kid Krow",2020-03-20,36,58,0,27,0,30,-7,F Major,3,4xqrdfXkTW4T0RauPLv3WA,USUM71924264
1781,"Don't Know Why","Norah Jones",88,7B,20,2024-11-28,03:06,2,"jazz pop","Come Away With Me",2002-02-26,73,88,0,62,0,0,-12,F Major,4,6ybViy2qrO9sIi41EgRJgx,USBN20100529
1782,"i love you","Billie Eilish",137,8B,13,2024-11-28,04:51,82,"","WHEN WE ALL FALL ASLEEP, WHERE DO WE GO?",2019-03-29,42,95,0,12,0,10,-18,C Major,4,6CcJMwBtXByIz4zQLzFkKc,USUM71900773
1783,"Midnight Blues","UMI",88,10A,49,2024-11-28,02:27,47,"","Interlude",2018-01-25,76,97,0,35,0,10,-7,B Minor,4,5HYSOEDwblGTVSh88TZnet,QZAPG1887295
1784,"Your Power","Billie Eilish",130,8A,28,2024-11-28,04:05,1,"","Your Power",2021-04-29,63,94,0,20,0,20,-14,A Minor,4,5qNh5WtzMbfpSj2jLlBkoD,USUM72105934
1785,"Papaya","Saba,daedaePIVOT",139,2B,58,2024-11-28,03:56,26,"","Papaya",2018-12-07,75,24,0,65,30,10,-7,F#/G♭ Major,4,79YUO28pB2fGxsmigK3Sjv,QM24S1844760
1786,"Too Much Too Late","Sabrina Claudio",92,6B,45,2024-11-28,03:34,42,"","Confidently Lost",2017-03-02,62,22,0,32,10,10,-9,A#/B♭ Major,4,2d9hKKKQmGxcknyMIgLVmQ,USAT21700444
1787,"Distraction","Kehlani",121,4A,70,2024-11-28,03:55,68,"","SweetSexySavage (Deluxe)",2017-01-27,66,3,0,40,0,30,-6,F Minor,4,2wSQyp6VzUopSFBinRo1iD,USAT21602091
1788,"River","UMI",97,4B,27,2024-11-28,03:21,40,"","River",2018-04-30,63,85,0,15,0,10,-9,G#/A♭ Major,4,40kU9OJ2myahlf1FRg2GJi,QZCE61863155
1789,"Umm… Life","BIBI",104,10A,43,2024-11-28,02:11,41,"k-pop, k-rap","Life is a Bi…",2021-04-28,81,68,3,13,0,10,-8,B Minor,4,1VUMGh78m27FPB1vXL9ipW,KRA382103025
1790,"Pray You Catch Me","Beyoncé",175,1A,22,2024-11-28,03:15,63,"","Lemonade",2016-04-23,25,63,7,7,0,40,-14,G#/A♭ Minor,3,7rLDARtJALM7QdiJDMXW7m,USSM11603175
1791,"Hold Up","Beyoncé",81,8B,40,2024-11-28,03:41,67,"","Lemonade",2016-04-23,52,75,0,55,40,50,-12,C Major,4,0rzNMzZsubFcXSEh7dnem7,USSM11603176
1792,"All In My Head","Tori Kelly",130,2B,51,2024-11-28,03:30,49,"","Handmade Songs By Tori Kelly",2012-00-00,68,11,0,32,0,0,-8,F#/G♭ Major,4,098tAg0yjz9ds5oys4MAPG,US3DF1207354
1793,"Art Of Letting You Go","Tori Kelly",79,9B,66,2024-11-28,03:36,23,"","Unbreakable Smile",2015-10-16,62,7,0,36,0,0,-7,G Major,4,7vaBo3hzfczKCrlmbqgLMq,USUM71505937
1794,"Falling Slow","Tori Kelly",144,7B,47,2024-11-28,03:54,19,"","Unbreakable Smile",2015-10-16,64,31,0,41,0,10,-8,F Major,4,0WLbxVlFM7SVQ2mmUebeYK,USUM71505939
1795,"Damage","H.E.R.",81,3B,70,2024-11-28,03:43,58,"r&b","Damage",2020-10-21,65,11,0,18,0,10,-7,C♯/D♭ Major,4,0KS2h61pHQ4WmOwruD7uxD,USRC11903897
1796,"Pick Up Your Feelings","Jazmine Sullivan",85,7A,41,2024-11-28,03:49,60,"r&b","Heaux Tales",2021-01-07,76,32,0,60,0,10,-6,D Minor,3,2I7CJZLo2nDqGuzZJA1XlZ,USRC12003898
1797,"Girl Like Me (feat. H.E.R.)","Jazmine Sullivan,H.E.R.",81,11A,64,2024-11-28,03:44,55,"r&b","Heaux Tales",2021-01-08,50,66,0,70,0,30,-4,F#/G♭ Minor,4,2sXydP9vPEYUH4uAWotuGu,USRC12003995
1798,"White Ferrari","Frank Ocean",109,8B,10,2024-11-28,04:08,86,"","Blonde",2016-08-20,50,77,0,20,0,30,-16,C Major,4,2LMkwUfqC6S6s6qDVlEuzV,QZ5C81600014
1799,"Honesty","Pink Sweat$",80,11A,14,2024-11-28,03:09,0,"","PINK PLANET",2021-02-12,66,96,0,31,0,10,-16,F#/G♭ Minor,4,19gCnDoMbugHhF7eMpLpe1,QM24S1818041
1800,"Loner","Andy O.",120,12A,90,2024-11-28,04:49,0,"pop r&b","Room 808",2019-01-28,75,56,0,64,10,10,-7,C♯/D♭ Minor,4,3m1xHk6TM74FwpiCcfhd21,TCAEJ1999501
1801,"Dapper (feat. Anderson .Paak)","Domo Genesis,Anderson .Paak",113,12A,59,2024-11-28,03:13,50,"","Genesis",2016-03-25,75,7,0,56,0,30,-9,C♯/D♭ Minor,4,2Nh2cMryoXl7BrZoIeN2Pr,USQX91600320
1802,"GLOWED UP","KAYTRANADA,Anderson .Paak",136,3B,62,2024-11-28,04:58,51,"","99.9%",2016-05-06,68,4,1,43,30,10,-10,C♯/D♭ Major,4,4v20N4W83XDJORt7WCedII,GBBKS1600021
1803,"Faith","Stevie Wonder,Ariana Grande",158,3B,87,2024-11-28,02:42,50,"motown, classic soul, soul, pop","Sing (Original Motion Picture Soundtrack Deluxe)",2016-12-09,73,11,0,95,10,0,-4,C♯/D♭ Major,4,2UWdzm5eaYdttoLgCbJbtZ,USQ4E1602392
1804,"Don't You Worry 'Bout A Thing","Tori Kelly",127,3B,83,2024-11-28,04:01,65,"","Don't You Worry 'Bout A Thing (From  Sing  Original Motion Picture Soundtrack)",2016-11-18,62,2,0,57,0,10,-4,C♯/D♭ Major,4,3PLyl3Ir75VkGgX0KEehqh,USQ4E1602403
1805,"HIGHEST IN THE ROOM","Travis Scott",76,6A,43,2024-11-28,02:55,84,"rap","HIGHEST IN THE ROOM",2019-10-04,60,5,0,6,0,20,-9,G Minor,4,3eekarcy7kvN4yt5ZFzltW,USSM11904276
1806,"goosebumps","Travis Scott",130,9B,73,2024-11-28,04:03,85,"rap","Birds In The Trap Sing McKnight",2016-09-16,84,8,0,43,0,10,-3,G Major,4,6gBFPUFcJLzWGx4lenP6h2,USSM11607555
1807,"beibs in the trap","Travis Scott",119,6A,57,2024-11-28,03:33,68,"rap","Birds In The Trap Sing McKnight",2016-09-16,74,24,0,50,10,20,-6,G Minor,4,0ESJlaM8CE1jRWaNtwSNj8,USSM11607551
1808,"MONOPOLY (with Victoria Monét)","Ariana Grande,Victoria Monét",144,8B,51,2024-11-28,02:38,61,"pop, alternative r&b","MONOPOLY",2019-04-01,89,70,0,70,30,10,-8,C Major,4,6tsOcBnaKgzK22yEiqRh8P,USUM71905581
1809,"U Say (feat. Tyler, The Creator & Jay Prince)","GoldLink,Tyler, The Creator,Jay Prince",115,10B,68,2024-11-28,03:21,56,"","Diaspora",2019-06-12,93,5,0,46,20,10,-8,D Major,4,2p37Mfy2PWajgOS3i2aaep,USRC11901562
1810,"Somebody That I Used To Know","Gotye,Kimbra",129,8B,52,2024-11-28,04:04,83,"","Making Mirrors",2011-01-01,87,55,0,75,0,10,-7,C Major,4,1qDrWA6lyx8cLECdZE7TV7,AUZS21100040
1811,"Firework","Katy Perry",124,4B,83,2024-11-28,03:47,73,"pop","Teenage Dream: The Complete Confection",2012-03-12,64,14,0,65,0,0,-5,G#/A♭ Major,4,4lCv7b86sLynZbXhfScfm2,USCA21001262
1812,"One Dance","Drake,Wizkid,Kyla",104,3B,63,2024-11-28,02:53,92,"rap, afrobeats, afrobeat, afropop, azonto, afroswing, afro r&b, afropiano, ","Views",2016-05-06,79,1,0,37,0,30,-6,C♯/D♭ Major,4,1zi7xx7UVEFkmKfv06H8x0,USCM51600028
1813,"someone like u - interlude","Ariana Grande",118,4A,54,2024-11-28,01:16,56,"pop","Positions (Deluxe)",2021-02-19,64,18,0,18,0,10,-10,F Minor,4,3Os1431WclqyKxWqMzRESE,USUM72102131
1814,"34+35 Remix (feat. Doja Cat, Megan Thee Stallion) - Remix","Ariana Grande,Doja Cat,Megan Thee Stallion",110,7B,66,2024-11-28,03:02,64,"pop, ","Positions (Deluxe)",2021-02-19,66,21,0,70,40,20,-6,F Major,4,2sQH02O2HBCPJCztBrCWNa,USUM72024483
1815,"worst behavior","Ariana Grande",100,4A,67,2024-11-28,02:04,62,"pop","Positions (Deluxe)",2021-02-19,73,37,0,43,0,10,-6,F Minor,4,6KIKaWKE9wV6mLjho3w61y,USUM72102133
1816,"main thing","Ariana Grande",134,11B,48,2024-11-28,02:09,60,"pop","Positions (Deluxe)",2021-02-19,73,32,0,22,0,10,-8,A Major,4,63WsFFnQ8CL941iZBELYsX,USUM72102135
1817,"All By Myself","Céline Dion",119,10A,33,2024-11-28,05:12,73,"variété française","Falling into You",1996-03-11,34,35,2,8,0,0,-10,B Minor,4,0gsl92EMIScPGV1AU35nuD,CAC229800162
1818,"BALANCE","Brandon Banks,UMI",144,4B,38,2024-11-28,03:37,0,"alternative r&b, indie r&b, ","STATIC",2020-03-03,58,27,0,26,0,0,-9,G#/A♭ Major,4,554aovyOUZvQcfru84sYYT,QMEZE1949200
1819,"Chinese New Year","SALES",75,9A,85,2024-11-28,02:40,67,"bedroom pop","Chinese New Year",2014-06-06,74,76,23,75,20,10,-7,E Minor,4,0SIAFU49FFHwR3QnT5Jx0k,TCABX1485212
1820,"Send Me On My Way","Rusted Root",119,8B,77,2024-11-28,04:21,58,"jam band","The Best Of / 20th Century Masters The Millennium Collection",2005-01-01,50,14,0,72,0,10,-7,C Major,4,4yshHBPp0MoVynV1sMCKV3,USPR39402077
1821,"You Right","Doja Cat,The Weeknd",129,4B,62,2024-11-28,03:06,82,"","Planet Her",2021-06-25,83,2,0,44,0,0,-6,G#/A♭ Major,4,0k4d5YPDr1r7FX77VdqWez,USRC12100544
1822,"Been Like This","Doja Cat",99,6B,53,2024-11-28,02:57,62,"","Planet Her (Deluxe)",2021-06-27,68,13,0,18,0,30,-5,A#/B♭ Major,4,0GU7GSh1Ri0CKOe7fseiR1,USRC12101538
1823,"Save Your Tears (with Ariana Grande) (Remix)","The Weeknd,Ariana Grande",118,8B,83,2024-11-28,03:11,80,"pop","Save Your Tears (Remix)",2021-04-23,65,2,0,59,0,0,-5,C Major,4,37BZB0z9T8Xu7U3e65qxFy,USUG12101839
1824,"deja vu","Olivia Rodrigo",181,10B,61,2024-11-28,03:35,88,"","SOUR",2021-05-21,44,58,0,18,10,30,-7,D Major,4,6HU7h9RYOaPRFeh0R3UeAr,USUG12101240
1825,"brutal","Olivia Rodrigo",124,12B,53,2024-11-28,02:23,79,"","SOUR",2021-05-21,67,3,0,28,0,20,-6,E Major,4,6SRsiMl7w1USE4mFqrOhHC,USUG12101242
1826,"All That Matters","Justin Bieber",130,3B,51,2024-11-28,03:11,81,"","Journals",2014-05-13,70,1,0,14,0,0,-6,C♯/D♭ Major,4,6CLVh9sekZ1p2G8Tfhhj8h,USUM71314567
1827,"Still into You","Paramore",136,7B,92,2024-11-28,03:36,84,"pop punk, emo","Paramore",2013-04-05,60,1,0,77,0,0,-4,F Major,4,1yjY7rpaAQvKwpdUliHx0d,USAT21300012
1828,"She Will Be Loved","Maroon 5",102,5A,71,2024-11-28,04:17,75,"pop","Songs About Jane",2002-06-25,71,6,0,54,0,10,-6,C Minor,4,7sapKrjDij2fpDVj0GxP66,USJAY0300082
1829,"Evian (feat. PinkPantheress, Rizloski & Rax)","GoldLink,PinkPantheress,Rizloski,Rax",135,1A,85,2024-11-28,02:08,50,"bedroom pop, ","HARAM!",2021-06-18,82,10,2,97,20,10,-7,G#/A♭ Minor,4,5uakDGEx9HegMZZi840VzH,USRC12101831
1830,"Warm Winds (feat. Isaiah Rashad)","SZA,Isaiah Rashad",85,9B,51,2024-11-28,05:50,58,"r&b, ","Z",2014-04-08,39,26,0,16,20,50,-9,G Major,4,0Kz9aGVgFvndWkcaiylIt5,TCABW1406845
1831,"Fool to Love","Nao",94,10A,56,2024-11-28,03:26,40,"alternative r&b, uk r&b","For All We Know",2016-07-29,54,27,0,76,20,10,-7,B Minor,4,0uII79GWhvmTIvruhfIXlf,GBARL1600226
1832,"Tia Tamera (feat. Rico Nasty)","Doja Cat,Rico Nasty",120,8B,65,2024-11-28,03:31,73,"","Amala (Deluxe Version)",2019-03-01,82,2,0,42,10,20,-5,C Major,4,1uNePI826aqh9uC9pgbeHU,USRC11803908
1833,"Don't Touch My Hair (feat. Sampha)","Solange,Sampha",91,8B,41,2024-11-28,04:17,53,"alternative r&b, neo soul, indie soul","A Seat at the Table",2016-09-30,82,41,0,40,0,60,-7,C Major,4,2TyCAfhwu5tRqFW8VnGMIL,USSM11607812
1834,"my future","Billie Eilish",105,4B,28,2024-11-28,03:30,70,"","Happier Than Ever",2021-07-30,46,81,14,8,10,30,-11,G#/A♭ Major,4,3YUMWmx8EJq0DurfuIwoGh,USUM72013019
1835,"Oxytocin","Billie Eilish",125,1B,60,2024-11-28,03:30,71,"","Happier Than Ever",2021-07-30,76,9,55,18,0,10,-8,B Major,4,4t2OeILB07eMGTXSUbMPEu,USUM72104675
1836,"Beauty And A Beat","Justin Bieber,Nicki Minaj",128,8B,84,2024-11-28,03:47,91,"","Believe (Deluxe Edition)",2012-06-15,60,0,0,53,0,0,-5,C Major,4,190jyVPHYjAqEaOGmMzdyk,USUM71205367
1837,"Turn Up the Music","Chris Brown",130,3B,84,2024-11-28,03:47,66,"r&b","Fortune (Expanded Edition)",2012-07-03,59,0,0,64,10,10,-6,C♯/D♭ Major,4,1RMRkCn07y2xtBip9DzwmC,USRC11200099
1838,"fOoL fOr YoU","ZAYN",78,9B,51,2024-11-28,03:22,61,"","Mind Of Mine (Deluxe Edition)",2016-03-25,52,28,0,17,0,10,-7,G Major,4,6lvsJDZ7336YmpBzcNGhbe,USRC11600394
1839,"How to Be a Heartbreaker","MARINA",140,10A,90,2024-11-28,03:41,72,"","Electra Heart (Deluxe)",2012-04-27,69,1,0,85,0,10,-5,B Minor,4,2sEk5R8ErGIFxbZ7rX6S2S,GBFFS1200077
1840,"Teen Idle","MARINA",121,7B,65,2024-11-28,04:14,67,"","Electra Heart (Deluxe)",2012-04-27,57,24,0,37,0,0,-6,F Major,4,5B8N5rPOmTVVGpuBMK2Vby,GBFFS1200016
1841,"favorite crime","Olivia Rodrigo",173,11B,27,2024-11-28,02:32,84,"","SOUR",2021-05-21,37,87,0,22,0,10,-10,A Major,4,5JCoSi02qi3jJeHdZXMmR8,USUG12101249
1842,"Pretty Girl","Clairo",112,8B,61,2024-11-28,02:58,5,"bedroom pop","Pretty Girl",2017-08-04,93,59,0,70,0,0,-4,C Major,4,0KyAGiNGUytG5JLxJu4F6l,TCADF1795049
1843,"Sofia","Clairo",113,8B,62,2024-11-28,03:08,9,"bedroom pop","Immunity",2019-08-02,74,60,0,64,0,20,-10,C Major,4,7B3z0ySL9Rr0XvZEAjWZzM,US4HB1900086
1844,"Apricot Princess","Rex Orange County",112,10B,47,2024-11-28,03:58,0,"bedroom pop","Apricot Princess",2017-04-26,40,24,0,25,0,10,-9,D Major,4,28GbaBYFpYi1J61fXnGSfd,US23A1500496
1845,"Nobody","Mitski",117,8B,72,2024-11-28,03:13,0,"","Be the Cowboy",2018-08-17,40,8,0,49,0,0,-5,C Major,4,6bTn1ovliI0OkjUNkiMBJq,USJ5G1815009
1846,"Dear No One","Tori Kelly",168,2B,59,2024-11-28,03:17,56,"","Foreword",2013-01-01,63,13,0,46,30,10,-6,F#/G♭ Major,4,2wWboDFZJPWXVNlHUbdSVQ,USUM71312704
1847,"Stone Cold","Demi Lovato",140,4B,45,2024-11-28,03:11,65,"","Confident",2015-01-01,42,54,0,36,0,10,-8,G#/A♭ Major,3,3by8IfnW9dZ2t4pZw1WVxz,USHR11536744
1848,"A Whole New World","Mena Massoud,Naomi Scott",121,8B,38,2024-11-28,02:55,65,"","Aladdin (Original Motion Picture Soundtrack)",2019-05-22,40,23,0,13,0,10,-8,C Major,4,5viFjDGTnrApmUY5c8qkfw,USWD11993111
1849,"Love Never Felt So Good","Michael Jackson,Justin Timberlake",118,6A,72,2024-11-28,04:06,78,"","XSCAPE",2014-05-09,78,13,0,71,0,0,-6,G Minor,4,48td6xvpokdYwvbl3JIiXP,USSM11401760
1850,"REEL IT IN (feat. Gucci Mane) - Remix","Aminé,Gucci Mane",129,3A,36,2024-11-28,02:46,45,"southern hip hop, rap, trap","REEL IT IN",2018-11-20,78,6,0,36,0,10,-9,A#/B♭ Minor,4,4yVEpUXxYgBwfSOKGTFxv5,USUM71820530
1851,"Scream & Shout","will.i.am,Britney Spears",130,7B,69,2024-11-28,04:43,83,"pop","#willpower",2013-01-01,77,2,0,50,0,10,-7,F Major,4,2iJuuzV8P9Yz0VSurttIV5,USUM71215597
1852,"I Must Apologise","PinkPantheress",157,11B,86,2024-11-28,01:48,58,"bedroom pop","I must apologise",2021-10-06,62,52,7,75,0,20,-6,A Major,4,08g7wxW8iELmpxO0ppcwnI,GBAYE2101300
1853,"Noticed I Cried","PinkPantheress",164,1B,86,2024-11-28,01:22,59,"bedroom pop","to hell with it",2021-10-15,50,5,13,39,0,0,-6,B Major,4,5w9YU63asHqNFyWq3nCsSl,GBAYE2101302
1854,"All My Friends Know","PinkPantheress",102,6B,55,2024-11-28,01:58,62,"bedroom pop","to hell with it",2021-10-15,72,33,15,19,10,10,-8,A#/B♭ Major,4,3ZpqeV6u8cheGopIXQlHfH,GBAYE2101304
1855,"Prisoner (feat. Dua Lipa)","Miley Cyrus,Dua Lipa",128,2A,67,2024-11-28,02:49,72,"pop","Plastic Hearts",2020-11-27,78,1,0,60,0,0,-4,D#/E♭ Minor,4,2Oycxb8QbPkpHTo8ZrmG0B,USRC12003364
1856,"Just Like You","Emotional Oranges",101,3B,68,2024-11-28,03:35,53,"indie r&b","The Juice: Vol. II",2019-11-08,72,0,0,52,0,10,-7,C♯/D♭ Major,4,0sYfwwEy0UyNizk6na4zGm,USUM71915533
1857,"Daydream","Tori Kelly",88,12B,43,2024-11-28,04:00,36,"","Foreword",2013-01-01,70,19,0,25,10,40,-9,E Major,4,1gPVp4acBJk7vdTTwDs6rV,USUM71312852
1858,"Never Alone","Tori Kelly,Kirk Franklin",91,3B,54,2024-11-28,03:34,49,"gospel, christian r&b, worship","Hiding Place",2018-09-14,56,25,0,55,10,10,-9,C♯/D♭ Major,4,7vF5RIx2jHtt9Y0OElOZKK,USUM71810801
1859,"Invincible (feat. Daniel Caesar)","Omar Apollo,Daniel Caesar",135,11A,47,2024-11-28,03:36,69,"bedroom pop, ","Ivory",2022-04-08,56,22,0,26,0,10,-12,F#/G♭ Minor,4,7jhxagwOk9y1HC5ciRfmkQ,USWB12200029
1860,"True Love","Ariana Grande",102,4B,37,2024-11-28,02:46,44,"pop","Christmas & Chill",2015-12-18,56,8,0,24,0,10,-7,G#/A♭ Major,4,4NRF1B6kriUmtXflcVmed7,USUM71519302
1861,"Soundgasm","Rema",100,11A,53,2024-11-28,03:24,63,"afrobeats, afrobeat, afropop, afropiano","Soundgasm",2021-06-10,81,12,0,69,0,0,-7,F#/G♭ Minor,4,5c549LWiKCWGvcDsZwMN6v,NGA3B2114003
1862,"CAROUSEL","Travis Scott",95,4A,40,2024-11-28,03:00,65,"rap","ASTROWORLD",2018-08-03,43,23,0,13,20,20,-6,F Minor,5,7KZ5MMVgBVox9ycroB2UrI,USSM11806659
1863,"Love Galore (Alt Version)","SZA",135,8A,44,2024-11-28,04:33,64,"r&b","Ctrl (Deluxe)",2022-06-09,83,7,0,46,0,10,-10,A Minor,4,3fcX3E9l1gVnfKeWaEzHHv,USRC12202146
1864,"Percolator","SZA",120,8B,47,2024-11-28,01:24,55,"r&b","Ctrl (Deluxe)",2022-06-09,95,1,41,42,10,0,-10,C Major,4,4UJuFZ4btsiGqMyFHBRPbo,USRC12202152
1865,"everytime","Ariana Grande",148,3A,61,2024-11-28,02:52,76,"pop","Sweetener",2018-08-17,71,19,0,66,0,10,-7,A#/B♭ Minor,4,0WdR2AyLW1Drd3OUdwezM0,USUM71808580
1866,"Done for Me (feat. Kehlani)","Charlie Puth,Kehlani",112,11A,63,2024-11-28,03:00,72,"soft pop, ","Voicenotes",2018-05-11,86,19,0,70,0,0,-4,F#/G♭ Minor,4,1lsBTdE6MGsKeZCD6llNu7,USAT21702279
1867,"Want You Back","5 Seconds of Summer",98,8B,87,2024-11-28,02:53,63,"","Youngblood (Deluxe)",2018-06-15,62,1,0,59,0,20,-5,C Major,4,2vHfabj6nFebekTYODqntl,GBUM71800363
1868,"Right Hand","Drake",101,10B,30,2024-11-28,03:10,59,"rap","Right Hand",2015-07-31,92,12,0,35,20,0,-8,D Major,4,3lSR267IJfT54p0Gfuw7mi,USCM51500244
1869,"IV. Sweatpants","Childish Gambino",80,12A,47,2024-11-28,03:00,1,"","Because the Internet",2013-12-10,71,15,0,58,10,60,-9,C♯/D♭ Minor,4,00GOPLxW4PGQuUYdPJh8K1,USYAH1300223
1870,"everything","Kehlani",142,1A,45,2024-11-28,03:27,65,"","blue water road",2022-04-29,39,85,0,40,0,30,-5,G#/A♭ Minor,5,6pyM30WDpG70VTfwoQg4m2,USAT22201518
1871,"wondering/wandering (feat. thundercat & ambré)","Kehlani,Thundercat,Ambré",180,1B,54,2024-11-28,02:55,39,"alternative r&b","blue water road",2022-04-29,29,54,0,46,10,10,-8,B Major,4,4dIVFjnAzAYjJEdWiUGFwu,USAT22201519
1872,"Teenage Dream","Katy Perry",120,6B,80,2024-11-28,03:47,70,"pop","Teenage Dream",2010-08-24,72,2,0,59,0,10,-5,A#/B♭ Major,4,235LXPXfi0SmOaS9TaCh3c,USCA21001255
1873,"We Are Never Ever Getting Back Together","Taylor Swift",86,9B,68,2024-11-28,03:13,60,"","Red (Deluxe Edition)",2012-10-22,63,1,0,75,0,10,-6,G Major,4,6kISMRfweKSvgHR0urMQFG,USCJY1231018
1874,"7 rings","Ariana Grande",140,12A,32,2024-11-28,02:58,86,"pop","thank u, next",2019-02-08,78,59,0,33,30,0,-11,C♯/D♭ Minor,4,6ocbgoVGwYJhOv1GgI9NsF,USUM71900110
1875,"Formation","Beyoncé",122,4A,62,2024-11-28,03:26,72,"","Lemonade",2016-04-23,90,1,0,82,20,20,-7,F Minor,4,6g0Orsxv6glTJCt4cHsRsQ,USSM11603186
1876,"Genius (feat. Sia, Diplo, and Labrinth)","Sia,Diplo,Labrinth,LSD",159,10A,62,2024-11-28,03:33,77,"moombahton, dance pop","LABRINTH, SIA & DIPLO PRESENT... LSD",2019-04-12,60,8,0,56,10,10,-5,B Minor,4,4xigPf2sigSPmuFH3qCelB,USQX91800798
1877,"Fancy","Iggy Azalea,Charli xcx",95,3A,72,2024-11-28,03:19,71,"hyperpop, art pop","The New Classic (Deluxe Version)",2014-01-01,91,9,0,38,0,0,-4,A#/B♭ Minor,4,3W3KtDwAIg3mAruSpnfG3Q,GBUM71400597
1878,"You Belong With Me","Taylor Swift",130,2B,77,2024-11-28,03:51,61,"","Fearless (Platinum Edition)",2008-11-11,69,16,0,45,0,10,-4,F#/G♭ Major,4,4kgTdThcDHfuDS2kKxB7Lc,USCJY0803328
1879,"We Are Young (feat. Janelle Monáe)","fun.,Janelle Monáe",184,6B,64,2024-11-28,04:10,82,"alternative r&b","Some Nights",2012-02-14,38,2,0,74,0,0,-6,A#/B♭ Major,4,5rgy6ghBq1eRApCkeUdJXf,USAT21101399
1880,"Rather Be (feat. Jess Glynne)","Clean Bandit,Jess Glynne",121,1B,59,2024-11-28,03:47,76,"","Rather Be (feat. Jess Glynne)",2014-01-17,80,16,0,55,0,10,-7,B Major,4,3s4U7OHV7gnj42VV72eSZ6,GBAHS1300498
1881,"Super Bass","Nicki Minaj",127,1B,86,2024-11-28,03:20,80,"","Pink Friday (Complete Edition)",2010-11-22,72,27,0,67,20,60,-4,B Major,4,3hlksXnvbKogFdPbpO9vel,USCM51000734
1882,"Stressed Out","Twenty One Pilots",170,9A,64,2024-11-28,03:22,88,"","Blurryface",2015-05-15,73,5,0,65,10,0,-6,E Minor,4,3CRDbSIZ4r5MsZ0YwxuEkn,USAT21500597
1883,"Airplanes (feat. Hayley Williams of Paramore)","B.o.B,Hayley Williams",93,11A,87,2024-11-28,03:00,82,"art pop","B.o.B Presents: The Adventures of Bobby Ray",2010-04-27,66,11,0,38,10,0,-4,F#/G♭ Minor,4,6lV2MSQmRIkycDScNtrBXO,USAT21000477
1884,"Confident","Demi Lovato",130,5B,75,2024-11-28,03:25,75,"","Confident",2015-01-01,59,0,0,34,0,0,-6,D#/E♭ Major,4,3DXXKDbbZKyAZfNb96ST3q,USHR11536743
1885,"Dynamite","Taio Cruz",120,12B,78,2024-11-28,03:22,77,"","The Rokstarr Hits Collection",2010-01-01,75,0,0,81,0,0,-4,E Major,4,2CEgGE6aESpnmtfiZwYlbV,GBUM71003721
1886,"That's My Girl","Fifth Harmony",202,4A,85,2024-11-28,03:24,72,"","7/27 (Deluxe)",2016-05-27,60,4,0,61,10,30,-4,F Minor,4,2ACOWPLUe4A4KuQ5ioD2od,USSM11601117
1887,"BO$$","Fifth Harmony",103,11B,87,2024-11-28,02:51,60,"","Reflection (Deluxe)",2015-01-30,81,1,0,74,10,0,-5,A Major,4,1COvXs6jaykXC73h9OSBVM,USSM11404393
1888,"Sledgehammer","Fifth Harmony",100,10B,78,2024-11-28,03:50,64,"","Reflection (Deluxe)",2015-01-30,67,1,0,29,0,0,-4,D Major,4,4rUTAkOU7OkVGeQuyQCHhF,USSM11406643
1889,"Reflection","Fifth Harmony",150,3B,61,2024-11-28,03:08,50,"","Reflection (Deluxe)",2015-01-30,72,50,0,75,10,0,-5,C♯/D♭ Major,4,02y4CADbBLKy1dpFsSeay5,USSM11406649
1890,"One Kiss (with Dua Lipa)","Calvin Harris,Dua Lipa",124,8A,86,2024-11-28,03:34,82,"edm, pop","One Kiss (with Dua Lipa)",2018-04-06,79,4,0,59,10,0,-3,A Minor,4,7ef4DlsgrMEH11cDZd32M6,GBARL1800368
1891,"Nakamarra","Hiatus Kaiyote",181,4B,48,2024-11-28,04:34,0,"neo soul, indie soul, alternative r&b","Tawk Tomahawk",2013-07-12,46,77,0,37,20,10,-6,G#/A♭ Major,4,1WCbWyu8mRrOk5Su9yPnkO,USQX91301416
1892,"Come and See Me (feat. Drake)","PARTYNEXTDOOR,Drake",85,10A,35,2024-11-28,03:55,2,"dark r&b, r&b, trap soul, rap","PARTYNEXTDOOR 3 (P3)",2016-08-12,72,5,0,6,0,0,-10,B Minor,4,1wZqJM5FGDEl3FjHDxDyQd,USWB11600360
1893,"Resonance","Home",170,4B,74,2024-11-28,03:32,0,"vaporwave, synthwave, chillwave","Resonance",2014-07-01,57,4,84,36,0,20,-9,G#/A♭ Major,5,0sf08ejiyPaY9vcIzuTonK,QM4DW1607618
1894,"jealousy, jealousy","Olivia Rodrigo",164,3A,57,2024-11-28,02:53,83,"","SOUR",2021-05-21,70,20,0,70,10,0,-6,A#/B♭ Minor,4,0MMyJUC3WNnFS1lit5pTjk,USUG12101248
1895,"Love in the Sky","McClenney,April + VISTA",72,9A,59,2024-11-28,04:17,20,"alternative r&b","Love In The Sky",2019-03-28,65,65,14,69,0,10,-8,E Minor,4,5Q5GYJHW2pAZc5bZKjBjNC,QM24S1911677
1896,"Okinawa","92914",148,7B,17,2024-11-28,05:48,0,"","Okinawa",2018-02-14,74,93,17,38,0,60,-18,F Major,4,1xyGT0Onkr3s5qctSQWStE,KRZ291803399
1897,"Regent's Park","Bruno Major",63,3B,33,2024-11-28,02:57,0,"","To Let A Good Thing Die",2020-06-05,65,76,0,37,20,10,-11,C♯/D♭ Major,4,2lU8zMzPhEEDuiUUcUIZAL,GBKPL2090016
1898,"She Chose Me","Bruno Major",86,7B,17,2024-11-28,02:19,0,"","To Let A Good Thing Die",2020-06-05,48,88,0,33,20,20,-17,F Major,4,5Bfw15NOURWntfbnvDZKTq,GBKPL2090017
1899,"L-O-V-E","Nat King Cole",78,12B,37,2024-11-28,02:35,75,"christmas, adult standards, vocal jazz","L-O-V-E",1965-01-11,43,69,0,66,0,0,-8,E Major,4,4QxDOjgpYtQDxxbWPuEJOy,USCA29000091
1900,"Apocalypse","Cigarettes After Sex",94,7B,47,2024-11-28,04:50,11,"dream pop","Cigarettes After Sex",2017-06-09,37,2,57,18,0,10,-9,F Major,4,0yc6Gst2xkRu0eMLeRMGCX,USBQU1700034
1901,"chanson","Ryuichi Sakamoto",106,11B,4,2024-11-28,02:23,0,"japanese classical, ambient","BTTB (Back to the Basics)",1999-02-02,38,99,91,7,0,10,-22,A Major,3,5FVhXgDah71yjQQgAPaM5v,FRZ811810079
1902,"Wish You the Best","By Jun",121,9B,12,2024-11-28,03:40,16,"","Love Sketch",2006-11-09,44,99,94,41,0,10,-21,G Major,4,3LhjeUo25PDoGgVmQ1ZODt,USA371247920
1903,"Show You","Shawn Mendes",166,10B,67,2024-11-28,03:00,53,"","Show You",2015-02-02,65,3,0,78,0,30,-5,D Major,4,6E0U3OTvJwFvc8rmTqZiBK,USUM71409722
1904,"Second Emotion (feat. Travis Scott)","Justin Bieber,Travis Scott",142,10A,78,2024-11-28,03:22,60,"rap","Changes",2020-02-14,80,3,0,96,0,10,-6,B Minor,4,1PnAx788sAvcI3ZxTlEyX8,USUM72001308
1905,"Lighters Up","Lil' Kim",92,11B,77,2024-11-28,04:22,45,"east coast hip hop","Lighters Up",2005-08-30,62,0,0,71,40,10,-6,A Major,4,4eihdGG3Tga3oFq4yqCDeL,USAT20505324
1906,"Candy Shop","50 Cent,Olivia",125,1B,57,2024-11-28,03:29,83,"old school hip hop, east coast hip hop, ","The Massacre",2005-03-03,61,3,0,76,40,30,-8,B Major,5,5D2mYZuzcgjpchVY1pmTPh,USIR10500072
1907,"Hands Up","Lloyd Banks,50 Cent",95,3B,88,2024-11-28,04:01,20,"old school hip hop, east coast hip hop","Hands Up",2006-01-01,79,7,0,61,20,40,-2,C♯/D♭ Major,4,4RF7f8vJw5H2n1VEN7Trtd,USUM70604407
1908,"Fly Me to the Moon","The Cooltrane Quartet,Nenei",100,4A,40,2024-11-28,03:30,45,"bossa nova, jazz pop, lounge, jazz","Fly Me to the Moon",2020-03-27,62,8,0,24,0,10,-11,F Minor,4,5dyVnHugwTjg5ygkcCxrRy,ARF412000026
1909,"TTCL","Eloise",108,4B,26,2024-11-28,02:49,0,"","This Thing Called Living",2019-05-30,50,88,0,16,0,20,-10,G#/A♭ Major,5,3EhEax4z5YuC2EBOLU5g63,QM24S1842229
1910,"You, Dear","Eloise",71,1B,48,2024-11-28,03:07,0,"","This Thing Called Living",2019-05-30,71,76,0,42,30,40,-8,B Major,4,318GlwGP0P1jr3FrSiQWZq,QM24S1834221
1911,"Japan","Matilda Mann",134,6B,28,2024-11-28,02:14,34,"","Because I Wanted You to Know",2020-11-20,71,87,0,55,10,10,-12,A#/B♭ Major,4,0hREmEVmD1culIVeShGzwo,QMBZ92062507
1912,"Nothing","Bruno Major",140,10B,27,2024-11-28,02:42,0,"","To Let A Good Thing Die",2020-06-05,56,93,54,27,0,10,-16,D Major,3,2IAR0DziHCjSu16gR4ihvy,GBKPL1962806
1913,"Wouldn't Mean A Thing","Bruno Major",121,2B,20,2024-11-28,02:54,0,"","A Song For Every Moon",2017-08-31,57,83,0,46,10,10,-12,F#/G♭ Major,4,2My7DsxhZodhsguIHCqAGm,GBKPL1669723
1914,"There's Little Left","Bruno Major",106,10B,28,2024-11-28,03:34,0,"","A Song For Every Moon",2017-08-31,51,64,0,19,0,10,-11,D Major,4,7Jpbi0eEG3WGUhScLt5BgA,GBKPL1671596
1915,"The First Thing You See","Bruno Major",89,10B,53,2024-11-28,03:51,0,"","A Song For Every Moon",2017-08-31,65,66,6,25,0,10,-6,D Major,3,5jcZFcrp4Tmv3x5GkmZL88,GBKPL1673353
1916,"Home","Bruno Major",131,1B,45,2024-11-28,03:20,0,"","A Song For Every Moon",2017-08-31,48,83,0,12,0,0,-7,B Major,4,4OsBjrJQbPSMAqdjLBaGOt,GBKPL1675818
1917,"Like Someone In Love","Bruno Major",72,6B,46,2024-11-28,02:23,0,"","A Song For Every Moon",2017-08-31,60,65,0,38,0,10,-8,A#/B♭ Major,4,0PwaDQfnz4J8WF8221gv7n,GBKPL1777139
1918,"Just The Same","Bruno Major",174,7B,30,2024-11-28,03:25,0,"","A Song For Every Moon",2017-08-31,43,64,0,36,0,0,-8,F Major,3,5hmjpbBTy8TxV9wDKifSub,GBKPL1778049
1919,"Second Time","Bruno Major",93,7B,31,2024-11-28,02:35,0,"","A Song For Every Moon",2017-08-31,63,89,3,41,0,10,-13,F Major,4,6Ub9ro6DKs0u0J0zIBw5Of,GBKPL1779597
1920,"Places We Won't Walk","Bruno Major",88,6A,9,2024-11-28,02:49,0,"","A Song For Every Moon",2017-08-31,39,97,0,19,0,10,-16,G Minor,3,30QNjcM3Q1GnLFIIJjWQL1,GBKPL1782820
1921,"Cold Blood","Bruno Major",91,6B,41,2024-11-28,03:13,0,"","A Song For Every Moon",2017-08-31,60,70,0,32,30,10,-10,A#/B♭ Major,4,0t7m7Vv1KN1fVkJMYeAtiQ,GBKPL1784800
1922,"On Our Own","Bruno Major",78,8B,11,2024-11-28,03:09,0,"","A Song For Every Moon",2017-08-31,43,93,0,24,0,10,-12,C Major,3,1FR7sSXjt4lCN965GvR5ym,GBKPL1786139
1923,"Figment Of My Mind","Bruno Major",86,4A,13,2024-11-28,03:35,0,"","To Let A Good Thing Die",2020-06-05,37,85,1,15,0,10,-16,F Minor,4,3eZS4TyX2KMvD621AD9MqY,GBKPL2090019
1924,"When I Was Your Man","Bruno Mars",73,8B,28,2024-11-28,03:33,90,"","Unorthodox Jukebox",2012-12-07,61,93,0,39,0,0,-9,C Major,4,0nJW01T7XtvILxQgC5J7Wh,USAT21206701
1925,"Sugar","Maroon 5",120,3B,79,2024-11-28,03:55,72,"pop","V (Asia Tour Edition)",2015-05-18,75,6,0,88,0,0,-7,C♯/D♭ Major,4,5d6Mjuu2uCGRPYpFjGpCX5,USUM71410340
1926,"Vincent","Ellie Goulding",106,1B,22,2024-11-28,03:43,51,"","Vincent",2018-02-14,54,92,0,46,0,10,-10,B Major,4,6OkfJkVO5anGzXuSFzMBD7,GBUM71800807
1927,"Teach Me How To Love","Shawn Mendes",99,8A,89,2024-11-28,03:22,58,"","Wonder",2020-12-04,59,5,0,73,0,0,-5,A Minor,4,5LZtB6nxvjIhUoElp3Zqk0,USUM72018806
1928,"Daydream","The Lovin' Spoonful",111,3B,33,2024-11-28,02:19,57,"folk rock","Daydream",1966-03,82,83,0,83,0,10,-11,C♯/D♭ Major,4,3c06k9x6MHHdPQi3ix68yF,USBR16600005
1929,"There She Is","The Lovin' Spoonful",99,11B,72,2024-11-28,01:55,20,"folk rock","Daydream",1966-03,49,40,0,88,0,40,-8,A Major,4,5xWjz4aBcwianOCx176PvE,USBR10200014
1930,"It's Not Time Now","The Lovin' Spoonful",101,8B,52,2024-11-28,02:46,21,"folk rock","Daydream",1966-03,64,49,0,91,0,10,-11,C Major,4,5lhujmEUG5jx4Ad6aHy1Kc,USBR10200015
1931,"Warm Baby","The Lovin' Spoonful",116,9A,48,2024-11-28,02:00,28,"folk rock","Daydream",1966-03,67,41,0,71,0,30,-12,E Minor,4,6XhnrCPo3ufwGTbEZSkq5J,USBR17600010
1932,"I Am Better Off (Jazz Version)","Wildson,Hara Noda,LaKesha Nugent",118,2A,44,2024-11-28,03:05,34,"jazz, ambient jazz, ","I Am Better Off (Jazz Version)",2020-02-21,62,67,0,46,0,10,-8,D#/E♭ Minor,4,2P1LLETZ8k578VJHC9qrfu,SE5Q51903343
1933,"surf.","wave to earth",135,10B,71,2024-11-28,03:49,0,"","summer flows 0.02",2020-08-04,54,60,0,40,0,20,-5,D Major,4,3h0fwjASq9s0rithv6QsRj,KRMIM2021580
1934,"People Watching","Conan Gray",126,7B,59,2024-11-28,02:38,58,"","People Watching",2021-07-15,53,39,0,54,0,30,-7,F Major,4,4JeOesjcWWlprTAvucDSJX,USUM72109491
1935,"Purpose","Justin Bieber",130,8B,28,2024-11-28,03:30,68,"","Purpose (Deluxe)",2015-11-13,48,90,0,32,0,10,-11,C Major,4,2IjyFRCRn8x1bEquOM3vxg,USUM71516767
1936,"A LOT","John K",91,7B,39,2024-11-28,03:01,45,"","A LOT",2022-01-14,90,60,0,55,0,10,-9,F Major,4,1cRY1p6f4k8B1fGt7hnP5H,USSM12109415
1937,"Burden","Aminé",142,11A,79,2024-11-28,03:30,41,"","Limbo",2020-08-07,45,20,0,91,20,10,-3,F#/G♭ Minor,1,315erlcEdp5JqHqQQLQTiD,USUM72013372
1938,"Woodlawn","Aminé",114,6B,59,2024-11-28,02:23,49,"","Limbo",2020-08-07,78,16,0,82,0,10,-5,A#/B♭ Major,4,4FFC7McrnnwAWKbAqbckTP,USUM72013373
1939,"Kobe","Aminé",148,2B,37,2024-11-28,00:39,25,"","Limbo",2020-08-07,58,98,0,77,30,10,-12,F#/G♭ Major,3,49jotD7dFfFNRYtGcJn24m,USUM72013394
1940,"Roots (feat. JID, Charlie Wilson)","Aminé,JID,Charlie Wilson",138,8B,76,2024-11-28,04:27,42,"sexy drill","Limbo",2020-08-07,55,36,0,51,20,50,-4,C Major,4,6CUd1vAgBaRiimFDJblyFb,USUM72013375
1941,"Can’t Decide","Aminé",97,9A,66,2024-11-28,02:40,44,"","Limbo",2020-08-07,75,6,0,19,0,10,-7,E Minor,4,7xEVy3xCkmRSbYavgefnsI,USUM72013376
1942,"Compensating (feat. Young Thug)","Aminé,Young Thug",98,4A,62,2024-11-28,03:17,51,"rap, trap, melodic rap","Limbo",2020-08-07,87,29,0,50,10,20,-5,F Minor,4,61KoN6PlBhQD7sivCcf0hA,USUM72013235
1943,"Shimmy","Aminé",172,4A,88,2024-11-28,02:14,44,"","Limbo",2020-08-07,47,38,0,77,40,20,-4,F Minor,4,1PlitoLAYkgjm8YIg79ouK,USUM72003241
1944,"Pressure In My Palms (feat. slowthai, Vince Staples)","Aminé,slowthai,Vince Staples",172,5A,54,2024-11-28,03:57,46,"grime, uk grime, ","Limbo",2020-08-07,65,31,0,70,40,40,-9,C Minor,4,2nWB8ZpA1lxulicEUzTQ6W,USUM72013377
1945,"Riri","Aminé",122,3A,62,2024-11-28,03:01,49,"","Limbo",2020-08-07,81,5,0,54,0,30,-6,A#/B♭ Minor,4,1VjNQAm7bG3MLIC5Cwb508,USUM72010834
1946,"Easy (feat. Summer Walker)","Aminé,Summer Walker",85,8A,66,2024-11-28,03:31,40,"r&b","Limbo",2020-08-07,75,13,0,72,10,0,-4,A Minor,4,5AMJhqZCE2FkvbCSLlABaX,USUM72013388
1947,"Mama","Aminé",92,8B,69,2024-11-28,03:38,33,"","Limbo",2020-08-07,62,33,0,47,10,10,-6,C Major,4,5Ze85vOLSjJMABOk1hHTlG,USUM72013389
1948,"Becky","Aminé",88,3A,65,2024-11-28,03:40,44,"","Limbo",2020-08-07,58,4,0,33,0,10,-5,A#/B♭ Minor,4,4PDfwhqOmkkocOHg4Rh4Mq,USUM72013390
1949,"Fetus (feat. Injury Reserve)","Aminé,Injury Reserve",76,8B,81,2024-11-28,03:51,34,"experimental hip hop, alternative hip hop","Limbo",2020-08-07,44,39,0,64,30,10,-7,C Major,4,1ICKC4Vfudq4olci6pXRHR,USUM72013393
1950,"My Reality","Aminé",180,7B,88,2024-11-28,03:09,33,"","Limbo",2020-08-07,38,18,0,40,20,10,-4,F Major,4,0Q9HulJie8Hxe2mx1q4nCy,USUM72013391
1951,"Reality","Richard Sanderson",146,9B,27,2024-11-28,05:05,0,"","Best of Pop Volume 1",2007-05-12,43,37,0,14,0,0,-13,G Major,4,5tFikHsd4xViCuKfnOZA1Z,DEA370404313
1952,"Make It Better (feat. Smokey Robinson)","Anderson .Paak,Smokey Robinson",179,9A,56,2024-11-28,03:39,60,"motown, quiet storm, classic soul","Ventura",2019-04-12,68,1,0,55,0,10,-6,E Minor,4,4SBVWkRIMJ6WBCYPvr5Bwr,ZZOPM1900900
1953,"Belong to You (feat. 6LACK)","Sabrina Claudio,6LACK",152,3A,55,2024-11-28,03:05,55,"","About Time",2017-10-05,61,27,2,62,10,10,-11,A#/B♭ Minor,4,2I88NEWpKrAPZuapXNV5G6,USAT21704019
1954,"11 Minutes (with Halsey feat. Travis Barker)","YUNGBLUD,Halsey,Travis Barker",160,1B,85,2024-11-28,03:59,69,"rap rock","11 Minutes (with Halsey feat. Travis Barker)",2019-02-14,46,1,0,23,0,10,-4,B Major,4,4mGdjNMo0RonTlOEb7cYg4,USUG11800795
1955,"LET IT GO (feat. Justin Bieber & 21 Savage)","DJ Khaled,21 Savage,Justin Bieber",129,4B,44,2024-11-28,02:45,59,"","KHALED KHALED",2021-04-30,88,24,0,66,10,10,-8,G#/A♭ Major,4,1cEhrSF6EylAEqdhUGuNpX,USSM12102186
1956,"Picture Me Rollin'","Chris Brown",103,10B,55,2024-11-28,03:13,24,"r&b","Royalty (Deluxe Version)",2015-12-18,77,1,0,45,0,60,-6,D Major,4,4MabHfik3jVhrspBFGXIEj,USRC11503032
1957,"Get Luv","AUDREY NUNA",132,3A,43,2024-11-28,02:58,29,"","a liquid breakfast",2021-05-21,87,47,0,56,10,0,-10,A#/B♭ Minor,4,3KfKcViZxY8AbGlTw85OdF,USQX92100962
1958,"Space","AUDREY NUNA",79,8A,22,2024-11-28,03:13,38,"","a liquid breakfast",2021-05-21,46,92,1,12,0,0,-13,A Minor,4,0mvKoOMnjfGtgTEUQAHWMs,USQX92003624
1959,"Wild Irish Roses","Smino",87,5A,30,2024-11-28,02:49,61,"","blkswn",2017-03-14,64,56,0,64,50,30,-11,C Minor,4,6efkcs2aUBMFKxl0cl2JWQ,USUG11700151
1960,"Maraca","Smino",74,11A,57,2024-11-28,03:25,41,"","blkswn",2017-03-14,52,57,0,58,80,10,-9,F#/G♭ Minor,3,4TtKJMwpf4Df6vacawP1k3,USUG11700153
1961,"KLINK","Smino",129,8A,54,2024-11-28,03:02,49,"","NOIR",2018-11-08,79,10,0,77,30,30,-8,A Minor,4,6tdAmfHEd4cXEkNbCMgOP9,USUG11802425
1962,"WHAT WOULD YOU DO? (feat. Pink Sweat$)","HONNE,Pink Sweat$",112,6A,51,2024-11-28,03:12,40,"","WHAT WOULD YOU DO? (feat. Pink Sweat$)",2021-06-11,87,9,0,65,10,30,-9,G Minor,4,63CGV6P4cEYZvUgvVhZWAl,GBAHS2100247
1963,"Netflix & Dusse","Smino",80,6A,33,2024-11-28,04:19,51,"","blkswn",2017-03-14,73,44,0,16,50,30,-10,G Minor,4,4hP7NIeToP2hU6lyvIHPyp,USUG11700161
1964,"Sweet Child O' Mine","Guns N' Roses",125,2B,91,2024-11-28,05:54,15,"rock, glam metal, hard rock, classic rock","Appetite For Destruction",1987-07-21,45,9,10,63,0,10,-8,F#/G♭ Major,4,7o2CTH4ctstm8TNelqjb51,USGF18714809
1965,"Hook, Line & Sinker","Royal Blood",88,9B,90,2024-11-28,03:27,55,"garage rock, rock","How Did We Get So Dark?",2017-06-16,51,0,0,49,0,20,-5,G Major,4,35lBL83KZl80dHivikZKEq,GBAHT1700104
1966,"Dope House (feat. Jadakiss)","Chinx,Jadakiss",182,3A,46,2024-11-28,02:51,43,"east coast hip hop","CR5",2015-01-13,69,31,0,42,40,10,-6,A#/B♭ Minor,4,6vmYIyS1CImTs6ooYiwbBn,QM6N21406361
1967,"Ants","edIT",140,6B,53,2024-11-28,04:03,43,"glitch, idm","Crying over Pros for No Reason (Deluxe Edition)",2004-05-17,60,2,18,17,0,40,-7,A#/B♭ Major,4,5Fwq7F2yjF3eQnvkfjN4LY,US78Q0500307
1968,"3:00 AM","Finding Hope",82,5A,15,2024-11-28,03:21,0,"","Our Love",2017-10-27,55,56,0,3,0,20,-19,C Minor,4,5HsSsEeP3hU9QSfHZrzbtA,USQY51775821
1969,"Rent Free (Feat. Jeff Bernat)","Dumbfoundead,Jeff Bernat",139,11A,77,2024-11-28,02:47,16,"k-rap, ","Rent Free (Feat. Jeff Bernat)",2021-04-29,84,65,0,87,20,10,-8,F#/G♭ Minor,4,2J3ZzY2asBfkNXkx5jJmjG,KRB472100713
1970,"Snowed In","Chance the Rapper,Jeremih",175,1B,24,2024-11-28,04:04,0,"","Merry Christmas Lil Mama: The Gift That Keeps On Giving",2020-12-23,40,51,0,29,20,20,-15,B Major,3,7dFfjLVeVoWR2xArhHuh3v,QMEZE1948917
1971,"Norface Coat","Art Fenixx",118,3B,55,2024-11-28,02:21,0,"","Norface Coat",2021-08-10,56,2,0,48,20,20,-9,C♯/D♭ Major,4,7rr7rEKVls4Vw9Jcatnyp6,QZK6G2125920
1972,"We Outside","Duckwrth",90,4B,70,2024-11-28,02:42,24,"","SG8*",2021-09-03,71,8,0,51,10,10,-8,G#/A♭ Major,4,16IpP0KkGPR8gJxEwlj8Pu,QZLBC2100266
1973,"No Chill","Duckwrth",103,8A,60,2024-11-28,02:43,35,"","SG8*",2021-09-03,67,5,0,64,20,50,-7,A Minor,4,6J1qFWHFbmMgz0A6o10Xaq,QZLBC2100267
1974,"Link Up Time","Duckwrth,Jordan Ward",145,10A,67,2024-11-28,02:45,27,"alternative r&b","SG8*",2021-09-03,70,4,0,60,20,10,-7,B Minor,4,4AK6me488IIiU0YjEuiFQW,QZLBC2100268
1975,"Slow Motion","Duckwrth",136,3A,57,2024-11-28,02:31,22,"","SG8*",2021-09-03,80,31,5,64,0,10,-10,A#/B♭ Minor,4,2YUJdXBZHpfq3SlIfvXuGO,QZLBC2100270
1976,"Clueless","Duckwrth,DESTIN CONRAD",108,10A,45,2024-11-28,03:06,22,"alternative r&b","SG8*",2021-09-03,77,73,0,63,30,10,-9,B Minor,4,4hYFxbr4sBhtOvh4LXixoE,QZLBC2100271
1977,"4K","Duckwrth,PHABO",126,9A,63,2024-11-28,03:07,37,"trap soul","SG8*",2021-09-03,79,3,0,40,0,60,-5,E Minor,4,1p6l9BLXN9sayRzl2snCpv,QZLBC2100246
1978,"Make U Go","Duckwrth",130,4B,48,2024-11-28,03:34,23,"","SG8*",2021-09-03,71,55,0,65,20,50,-5,G#/A♭ Major,4,3gRaqRtOTL5zWfzzbJ2qBE,QZLBC2100205
1979,"REEL IT IN","Aminé",129,3A,34,2024-11-28,02:01,65,"","ONEPOINTFIVE",2018-08-15,75,7,0,42,10,10,-9,A#/B♭ Minor,4,5qHirGR7M9tdm6C17DlzSY,USUM71811853
1980,"Gradually","ASTN",73,2B,40,2024-11-28,02:35,42,"","Gradually",2022-01-28,73,40,0,55,30,10,-9,F#/G♭ Major,4,2zQ0BWsBnGckZt5PwW2Rrj,QZN882178096
1981,"As It Was","Keller Jr.",87,11A,67,2024-11-30,03:43,6,"","Sax Love II",2024-01-11,78,64,21,93,0,10,-7,F#/G♭ Minor,4,7AFltK8Zjp6VoyTc4Y3ol7,BRTRB2400259
1982,"Missin’ You Like This (Feat. Luke Combs)","Post Malone,Luke Combs",79,9B,71,2024-11-30,03:42,63,"country","F-1 Trillion",2024-08-15,50,3,0,45,0,30,-5,G Major,4,1IzCS4zuowRsXu4YS8caOB,USUM72405619
1983,"LIMBO","keshi",130,4B,37,2024-11-30,03:32,73,"","GABRIEL",2022-03-25,58,88,0,8,0,10,-12,G#/A♭ Major,4,2bdVgAQgosGUJoViVDNeOV,USUM72123297
1984,"Last Christmas","Wham!",108,10B,48,2024-11-30,04:22,73,"christmas","LAST CHRISTMAS",1984-11-29,74,19,0,95,0,30,-12,D Major,4,2FRnf9qhLbvw8fu4IBXx78,GBBBM8400019
1985,"Off Limits","BAYNK,Glades",80,2B,56,2024-11-30,02:39,39,"","Off Limits",2018-12-05,66,48,0,55,30,0,-8,F#/G♭ Major,4,2vdPsHLLkZpfhqzMZQIDzT,GB45A1801307
1986,"Like a Queen","spring gang,Matt Bloyd",90,5A,51,2024-11-30,03:28,46,"","Like A Queen",2020-01-31,74,30,0,61,0,10,-6,C Minor,4,6RmRryjEXZaXDhw8HIe36O,SE5Q51903803
1987,"10,000 Hours (with Justin Bieber)","Dan + Shay,Justin Bieber",90,6B,63,2024-11-30,02:47,72,"country, ","10,000 Hours (with Justin Bieber)",2019-10-04,65,15,0,43,0,10,-5,A#/B♭ Major,4,2wrJq5XKLnmhRXHIAf9xBa,USWB11902440
1988,"Stay","Rihanna,Mikky Ekko",112,8A,31,2024-12-04,04:00,76,"","Unapologetic (Deluxe)",2012-12-11,62,95,0,13,0,10,-10,A Minor,4,0GNI8K3VATWBABQFAzBAYe,USUM71214754
1989,"Girl With The Tattoo Enter.lewd","Miguel",113,11A,24,2024-12-06,01:42,81,"r&b","All I Want Is You",2010-11-30,37,86,0,13,0,10,-11,F#/G♭ Minor,4,1eUGmzzvahJjOSWgDHuRlv,USJI11000245
1990,"Winter (feat. Pat Kiloran)","Dept,Pat Kiloran",85,2A,50,2024-12-06,02:42,30,"","A Night of January",2021-01-08,79,33,0,30,0,30,-5,D#/E♭ Minor,4,5hX5CAwZXusoqdExyjjMpg,KRMIM2036555
1991,"Made it Awkward - Stripped","Ruel",82,6B,54,2024-12-08,02:51,24,"","Made it Even More Awkward",2024-12-08,50,30,0,47,0,10,-7,A#/B♭ Major,4,0wB4q2opqkewfdw15CqJLQ,NL8RL2459434
1992,"Made it Awkward - Awkwardly Slow","Ruel",67,9B,67,2024-12-08,03:50,9,"","Made it Even More Awkward",2024-12-08,55,20,7,38,0,40,-6,G Major,4,40ugLfycsFodIhHoar199Z,NL8RL2459435
1993,"Made it Awkward - Awkwardly Fast","Ruel",118,7B,86,2024-12-08,02:10,9,"","Made it Even More Awkward",2024-12-08,65,2,0,85,0,70,-3,F Major,4,7JgOKsSsGlfTQNc3usMQIq,NL8RL2459436
1994,"Made it Awkward - Naked","Ruel",167,2A,19,2024-12-08,03:08,10,"","Made it Even More Awkward",2024-12-08,62,88,0,39,50,50,-9,D#/E♭ Minor,4,5Ro0YZnMKueRPm5zZTBg8D,NL8RL2459437
1995,"sweetener","Ariana Grande",120,12B,46,2024-12-11,03:28,70,"pop","Sweetener",2018-08-17,72,25,0,46,0,20,-6,E Major,4,70khXICDeTTxgYtw3EysKH,USUM71808576
1996,"Lost In Japan","Shawn Mendes",105,6B,74,2024-12-11,03:21,72,"","Shawn Mendes",2018-05-25,71,26,0,42,30,10,-7,A#/B♭ Major,4,79esEXlqqmq0GPz0xQSZTV,USUM71803548
1997,"IC+B","Thomas Ng",63,10A,32,2024-12-11,02:25,42,"","IC+B",2023-11-10,74,70,0,43,0,10,-9,B Minor,4,0o82x213k6duiSdEPIyxJF,HKA972300065
1998,"Confident","Justin Bieber,Chance the Rapper",134,4A,56,2024-12-11,04:08,92,"","Journals",2014-05-13,74,11,0,89,10,20,-5,F Minor,4,3JsydWaf2Ev4ehaLUjj3SY,USUM71319306
1999,"These Walls","Dua Lipa",123,3B,73,2024-12-11,03:37,72,"pop","Radical Optimism",2024-05-03,73,4,0,74,0,10,-5,C♯/D♭ Major,4,7b6sWLSnbZhSIeqNGrJ4py,GBAHT2400111
2000,"Piece of My Heart (feat. Brent Faiyaz)","Wizkid,Brent Faiyaz",93,3B,65,2024-12-11,04:19,56,"afrobeats, afrobeat, afropop, azonto, afroswing, afro r&b, afropiano, r&b","Piece of My Heart (feat. Brent Faiyaz)",2024-10-18,74,25,0,75,10,10,-5,C♯/D♭ Major,4,2nYeyMeqYDiFSYYtl2BWD6,USRC12403045
2001,"I Want","Mk.gee",97,4B,30,2024-12-11,03:38,54,"","Two Star & The Dream Police",2024-02-09,81,81,88,47,0,0,-13,G#/A♭ Major,4,141hcjVM8lNPxi4wjNLgdX,QM24S2308583
2002,"DNM","Mk.gee",106,12A,46,2024-12-11,01:58,43,"","Two Star & The Dream Police",2024-02-09,72,29,0,14,10,30,-7,C♯/D♭ Minor,4,67Oq8booO7HDSL4LlmHE4s,QM24S2400320
2003,"Melody feat. Melody Bloom Bacote","Lady Wray",137,2B,13,2024-12-11,03:48,20,"retro soul","Piece of Me",2022-01-28,71,96,0,58,0,10,-10,F#/G♭ Major,4,59zpgNosccaOh91yitmpdB,QZ2L62100133
2004,"Through The Echoes","Paolo Nutini",105,9B,49,2024-12-11,03:41,66,"","Last Night In The Bittersweet",2022-07-01,73,28,0,31,0,10,-8,G Major,4,78NogwkqVC4GBQMxOwOQrC,GBAHS2200571
2005,"Cats on the Ceiling - Acoustic","Ruel",90,9B,46,2024-12-18,03:32,25,"","Cats on the Ceiling (Purrfectly Altered)",2024-12-18,48,67,0,18,0,10,-5,G Major,4,5Z5cZqWb983vtfsomn2Uk8,NL8RL2459439
2006,"Cats on the Ceiling - Catnip Version","Ruel",107,8A,74,2024-12-18,03:04,15,"","Cats on the Ceiling (Purrfectly Altered)",2024-12-18,64,40,0,63,30,20,-13,A Minor,4,349oRJxyvPmWZIuKONhh05,NL8RL2459441
2007,"Cats on the Ceiling - Catnap Version","Ruel",151,1B,80,2024-12-18,04:22,15,"","Cats on the Ceiling (Purrfectly Altered)",2024-12-18,53,45,0,55,10,20,-7,B Major,4,10r6hA6CSPJrJyWvajzk7Q,NL8RL2459440
2008,"Cats on the Ceiling - Acapurrlla","Ruel",108,9B,21,2024-12-18,03:33,11,"","Cats on the Ceiling (Purrfectly Altered)",2024-12-18,49,86,0,32,0,10,-10,G Major,4,2vPpyn2o7asLIeB7ljhICg,NL8RL2459442
2009,"Sweet Heat Lightning","Gregory Alan Isakov",66,8B,21,2024-12-19,04:46,77,"indie folk, folk, folk pop","Appaloosa Bones",2023-08-18,57,91,39,14,0,10,-15,C Major,4,7gSZkeBr9Koc9Rfm3pp769,USDMG2355410
2010,"WHAT MORE CAN I SAY !","Myles Lloyd",88,7A,44,2024-12-21,02:57,47,"","WHAT MORE CAN I SAY ?",2024-09-06,40,47,0,22,0,0,-8,D Minor,4,3g1fN581Iqm9gBjJMtT9pE,DGA092456392
2011,"Jingle Bell Rock","Bobby Helms",120,10B,42,2024-12-21,02:10,63,"christmas, villancicos","Jingle Bell Rock/Captain Santa Claus (And His Reindeer Space Patrol)",1957-12-02,75,64,0,81,0,0,-8,D Major,4,7vQbuQcyTflfCIOu3Uzzya,USMC15746480
2012,"Popular","Ariana Grande",178,7B,32,2024-12-21,04:01,69,"pop","Wicked: The Soundtrack",2024-11-22,44,73,0,47,10,10,-12,F Major,4,3i8fIJNV0yuC4kXT3SkVBZ,USUG12407080
2013,"SKINS","DPR IAN",110,8B,32,2024-12-22,01:57,52,"k-rap","SAINT",2024-06-07,56,70,0,23,0,10,-10,C Major,4,6pqnm6ETZBIISxENuLOcht,QM6P42400667
2014,"Moments.","8Bite",170,5B,28,2024-12-22,04:08,41,"chinese r&b","Moonstruck Moments About the Human Won't Change 4 Life.",2023-12-09,58,80,0,56,0,20,-12,D#/E♭ Major,4,1EAKh1MEglXvDEEqiNngnY,HKG731672540
2015,"My Way","KATSEYE",178,12A,63,2024-12-22,02:34,80,"k-pop","SIS (Soft Is Strong)",2024-08-16,50,19,0,53,0,20,-5,C♯/D♭ Minor,4,3zUxQpCyUrfEjz6Y07yg4b,USUM72407250
2016,"SAME MISTAKE","DESTIN CONRAD,Alex Isley",110,6A,37,2025-01-01,02:58,51,"alternative r&b, neo soul","SUBMISSIVE2",2024-01-19,65,39,0,19,10,10,-10,G Minor,4,2WFPw4XpswToe0t3MhzhCN,QM24S2400187
2017,"Problematic","Jesse Gold",72,10B,35,2025-01-08,03:03,32,"","Problematic",2024-04-26,82,49,0,60,20,20,-8,D Major,4,4HYN77KVznXYhcnZ1dHH6W,QM6MZ2407755
2018,"Boy's a liar Pt. 2","PinkPantheress,Ice Spice",133,7B,81,2025-01-08,02:11,74,"bedroom pop, ","Boy's a liar Pt. 2",2023-02-03,70,25,0,86,0,20,-8,F Major,4,6AQbmUe0Qwf5PZnt4HmTXv,GBAYE2300015
2019,"Try Whistling This","Neil Finn",108,9B,34,2025-01-08,04:13,20,"","Try Whistling This",1998-06-15,49,71,5,15,0,0,-13,G Major,4,6kiy4QWF8e8IY9qiKskrR0,GBAYE9800528
2020,"Jump Up, Super Star!","VGR,Jenny",105,4B,86,2025-01-08,04:01,53,"","Jump Up, Super Star!",2017-07-30,62,3,0,59,20,10,-2,G#/A♭ Major,4,1qYM274Q2i3Ssu4zSdzRu9,QM4DW1799693
2021,"Dandelion","grentperez,Ruel",128,9B,57,2025-01-15,03:22,47,"","Dandelion",2025-01-15,93,21,0,76,0,10,-5,G Major,4,0tz35TsCwA94l9b1KvTWVq,QMFMF2426713
2022,"Wish U","16",180,4B,55,2025-01-16,03:26,56,"","Wish U",2024-02-05,57,11,0,36,0,10,-5,G#/A♭ Major,4,0rvXgwMEBFYwjY1BmRGbCr,KRMM02326351
2023,"Apotos - Day","SEGA SOUND TEAM,Fumie Kumatani",104,10B,44,2025-01-16,03:19,42,"japanese vgm, soundtrack","SONIC WORLD ADVENTURE ORIGINAL SOUNDTRACK PLANETARY PIECES (Vol. 1)",2009-01-28,73,79,88,76,0,10,-12,D Major,4,6Z1Y97JUkQhL99r64JXKln,JPX300838950
2024,"Saturday.","8Bite",77,11B,38,2025-01-16,03:07,51,"chinese r&b","Saturday.",2023-07-25,54,63,0,53,20,30,-7,A Major,4,6tddaCSDMYlrVdVuQKJRq4,HKG732386248
2025,"Catching Feelings","Justin Bieber",85,5B,54,2025-01-16,03:54,57,"","Believe (Deluxe Edition)",2012-06-15,32,35,0,36,0,30,-7,D#/E♭ Major,4,5uDuOnjJ0MrfJxvEHPpJap,USUM71205333
2026,"SELFISH","Tommy Richman",119,10A,59,2025-01-16,03:12,45,"","SELFISH",2024-04-19,87,19,0,86,10,0,-4,B Minor,4,6oM2os7uwKBhyHSSFb4S8P,QM24S2401864
2027,"Just the Two of Us","Fujii Kaze",90,3B,41,2025-01-16,03:37,54,"j-pop","LOVE ALL COVER ALL",2022-03-23,53,87,24,43,0,0,-9,C♯/D♭ Major,4,25rJtfnU4uqPj4iD96JGMv,JPPO02003397
2028,"Chamomile","Jeff Bernat",156,7A,51,2025-01-16,02:32,45,"","Love, Jeffrey",2024-01-05,63,61,0,60,0,0,-7,D Minor,4,6oYfq3ryu8EiJDTWpdngI6,QZWFL2355607
2029,"Steeeam","Shelly",120,4A,76,2025-01-16,02:50,71,"lo-fi indie","Shelly",2020-10-30,82,55,16,92,0,10,-11,F Minor,4,09RamrocZneYcLYLRIxYha,TCAFE2075120
2030,"Summer Is for Falling in Love","Sarah Kang,EyeLoveBrandon",75,1B,42,2025-01-16,03:06,55,"","Summer Is for Falling in Love",2020-07-31,54,47,0,28,20,10,-8,B Major,4,6yfGer1TKpxOjhSd5eL0DL,QZHNC2002547
2031,"Work from Home (feat. Ty Dolla $ign)","Fifth Harmony,Ty Dolla $ign",105,4B,59,2025-01-16,03:34,81,"trap soul","7/27 (Deluxe)",2016-05-27,80,10,0,59,0,0,-6,G#/A♭ Major,4,4tCtwWceOPWzenK2HAIJSb,USSM11600251
2032,"Lose Yourself","Eminem",171,10B,74,2025-01-22,05:26,81,"rap, hip hop","Curtain Call: The Hits (Deluxe Edition)",2005-12-06,69,1,0,6,20,30,-5,D Major,4,5Z01UMMf7V1o0MzF86s6WJ,USIR10211559
2033,"Another You","Brian McKnight",70,2B,17,2025-01-22,03:21,40,"quiet storm, r&b","Evolution Of A Man",2009-10-27,48,93,0,38,0,20,-16,F#/G♭ Major,3,05HPNGMoISCjA1qz0RihK9,USKO10902185
2034,"boy for the weekend","marc indigo",68,2B,40,2025-01-22,01:55,54,"","boy for the weekend",2023-12-06,71,68,0,66,10,20,-11,F#/G♭ Major,4,2q4F5KlvlNyddxZQOKSFwp,QZWFF2336164
2035,"That’s So True","Gracie Abrams",109,3B,81,2025-01-22,02:46,90,"","The Secret of Us (Deluxe)",2024-10-18,55,21,0,37,0,10,-4,C♯/D♭ Major,4,7ne4VBA60CxGM75vw0EYad,USUG12406903
2036,"Sweet Symphony (feat. Chris Stapleton)","Joy Oladokun,Chris Stapleton",171,4B,28,2025-01-22,03:48,69,"country, outlaw country","Proof Of Life",2023-04-28,39,79,0,15,0,10,-10,G#/A♭ Major,3,4N1QzEzQudrgGMWjPZhaX2,USUG12206809
2037,"A Flower is not a Flower","Ryuichi Sakamoto",77,7A,1,2025-01-22,06:34,42,"japanese classical, ambient","Playing The Piano",2009-10-09,56,99,93,6,0,0,-26,D Minor,4,5TfOsBKGnxQ1Z51TXq2sQ6,USA6D0910329
2038,"Strategy (feat. Megan Thee Stallion)","TWICE,Megan Thee Stallion",110,10B,75,2025-01-22,03:21,76,"k-pop, ","STRATEGY",2024-12-06,80,24,0,69,0,30,-2,D Major,4,5zQUndaoBtXJ10SsApqtvw,US5TA2400297
2039,"Hinoki Wood (Gia Margaret Cover)","Paul Drew",120,3B,14,2025-01-22,01:32,37,"","Hinoki Wood (Gia Margaret Cover)",2024-11-30,25,79,85,6,0,10,-19,C♯/D♭ Major,4,0hYWSWVVS3WdPWoIYUUsLD,QZYD92405186
2040,"Leanin","Nacy",124,3B,56,2025-01-22,01:37,40,"","Leanin",2024-11-08,65,5,0,21,0,10,-8,C♯/D♭ Major,4,7LIJxeGGv3Ae9mPpCv6nY7,QZZ772462304
2041,"City Of Stars - From  La La Land  Soundtrack","Ryan Gosling,Emma Stone",112,7A,12,2025-01-22,02:29,67,"musicals","La La Land (Original Motion Picture Soundtrack)",2016-12-09,49,90,0,43,0,0,-15,D Minor,4,6XQHlsNu6so4PdglFkJQRJ,USUG11600656
2042,"Mia & Sebastian’s Theme","Justin Hurwitz",117,11B,19,2025-01-22,01:38,72,"score","La La Land (Original Motion Picture Soundtrack)",2016-12-09,48,98,93,11,0,10,-16,A Major,3,1Vk4yRsz0iBzDiZEoFMQyv,USUG11600660
2043,"A Lovely Night","Ryan Gosling,Emma Stone",135,9B,48,2025-01-22,03:56,66,"musicals","La La Land (Original Motion Picture Soundtrack)",2016-12-09,36,30,0,49,0,10,-9,G Major,4,4r9hiElqKWMPT4Z3vN2exq,USUG11600652
2044,"Supernatural - Alternative Rock Remix","A.C.E",110,5B,69,2025-01-24,02:57,0,"k-pop, noise music","Supernatural Remix vol.3",2024-06-28,69,21,0,68,0,10,-5,D#/E♭ Major,4,6g9PNwcX8P0z9ynYh5vaYG,KRB472401094
2045,"Supernatural - TWERK TRAP Remix","A.C.E",108,10A,92,2025-01-24,03:15,0,"k-pop, noise music","Supernatural Remix vol.3",2024-06-28,68,0,0,54,10,30,-4,B Minor,4,2dWRKQc16oyjEUmbOBf2Wp,KRB472401090
2046,"Breathe","Lauv",137,12B,39,2025-01-25,03:57,61,"","I met you when I was 18. (the playlist)",2018-05-31,32,73,0,19,0,30,-8,E Major,4,0agBbN89WzrD9B2vPwQdNr,TCACS1607973
2047,"Goodnight and Go","Imogen Heap",110,3B,65,2025-01-25,03:52,59,"","Speak for Yourself (Deluxe Version)",2005-00-00,60,34,0,50,0,10,-10,C♯/D♭ Major,4,4lJjVASVLA8m4RJUCD6MPL,GBJPX0500002
2048,"Press Against Me","J.Tajor",104,4B,63,2025-01-25,02:23,50,"","Press Against Me",2024-11-15,76,40,0,81,0,10,-6,G#/A♭ Major,4,60ht9ujk1yPAqycFf4pzfD,AUG0H2401371
2049,"Love Me Like My Mama","John Michael Howell",117,5B,47,2025-01-26,02:22,51,"pop singer-songwriter","Love Me Like My Mama",2024-12-20,92,21,0,96,0,10,-9,D#/E♭ Major,4,1fpkklG6WtmqlIj4uqEruv,QZZ7X2434202
2050,"Car's Outside","James Arthur",150,11B,56,2025-01-26,04:09,83,"soft pop","YOU",2019-10-18,34,4,0,26,0,10,-7,A Major,4,0otRX6Z89qKkHkQ9OqJpKt,DEE861903416
2051,"T.I.E (Take It Easy) (feat. Jay Park)","BUMKEY,Jay Park",150,5B,45,2025-01-28,02:55,18,"k-rap, k-pop","T.I.E",2024-08-17,49,66,0,66,10,20,-7,D#/E♭ Major,1,7hQ1SBhTR46RljOL9aL2M2,KRA382404862
2052,"If You Ever Change Your Mind","Teddy Swims",106,11A,23,2025-01-28,02:01,47,"","I've Tried Everything But Therapy (Part 2)",2025-01-24,71,84,0,37,0,10,-10,F#/G♭ Minor,4,1suQB6ek8MYMtBNFpAdmp7,USWB12404294
2053,"luther (with sza)","Kendrick Lamar,SZA",138,10B,57,2025-01-28,02:57,83,"hip hop, west coast hip hop, r&b","GNX",2024-11-22,71,25,0,58,10,20,-8,D Major,4,45J4avUb9Ni0bnETYaYFVJ,USUG12408496
2054,"Later And Later","Nouvelle Marée",106,4B,12,2025-01-28,06:48,45,"jazz, ambient jazz","Later And Later",2023-12-08,54,95,92,13,0,10,-24,G#/A♭ Major,4,2odZfZZd36vPy5nfuaLCmw,SE66H2300891
2055,"Best Song Ever","One Direction",118,3B,88,2025-01-28,03:20,79,"","Midnight Memories (Deluxe)",2013-11-25,65,2,0,49,0,0,-3,C♯/D♭ Major,4,5T7ZFtCcOgkpjxcuaeZbw0,GBHMU1300102
2056,"Last First Kiss","One Direction",82,12B,82,2025-01-28,03:23,64,"","Take Me Home (Expanded Edition)",2012-11-12,54,4,0,48,0,20,-3,E Major,4,0KqlLyIGuBZWqzNwP9rypc,GBHMU1200376
2057,"Invitation","Why Don't We",170,12A,66,2025-01-28,03:22,42,"","Invitation",2017-09-26,66,3,0,41,0,0,-3,C♯/D♭ Minor,4,3L4suJQV84AAOAE4FRefti,USAT21703906
2058,"Shivers","Ed Sheeran",141,10B,86,2025-01-28,03:27,85,"soft pop","=",2021-10-25,79,28,0,82,0,0,-3,D Major,4,50nfwKoDiSYg8zOCREWAm5,GBAHS2100671
2059,"Never Not","Lauv",134,7B,21,2025-01-28,03:01,44,"","Never Not",2018-05-30,47,67,0,26,0,10,-9,F Major,4,0c6BMMJ1X3F1uBE2NoqxUZ,QM6N22333315
2060,"Strong","One Direction",115,8B,66,2025-01-28,03:04,74,"","Midnight Memories (Deluxe)",2013-11-25,74,6,0,34,0,0,-7,C Major,4,3cKM7UXBZmgjEgEBTkaIlU,GBHMU1300215
2061,"One Way Ticket","ONE OK ROCK",98,4B,75,2025-01-28,03:36,54,"j-rock, j-pop","Ambitions",2017-01-13,72,47,0,53,0,0,-5,G#/A♭ Major,4,1w0hboEMff54kez5XXyRNP,USAT21603328
2062,"Blank Space","Taylor Swift",96,7B,70,2025-01-28,03:51,85,"","1989 (Deluxe)",2014-01-01,76,10,0,57,0,0,-5,F Major,4,1u8c2t2Cy7UBoG4ArRcF5g,USCJY1431309
2063,"Romantic Homicide","d4vd",132,2B,54,2025-01-29,02:12,85,"","Romantic Homicide",2022-07-20,57,45,1,22,0,30,-11,F#/G♭ Major,4,1xK59OXxi2TAAAbmZK0kBL,QZMEM2232831
2064,"Popular (with Playboi Carti & Madonna) - From The Idol Vol. 1 (Music from the HBO Original Series)","The Weeknd,Playboi Carti,Madonna",99,3B,67,2025-01-29,03:35,83,"rage rap, ","Popular (Music from the HBO Original Series)",2023-06-02,85,5,0,85,10,50,-6,C♯/D♭ Major,4,6WzRpISELf3YglGAh7TXcG,USUG12303876
2065,"Gimme A Minute (Feat. CHUNG HA)","Jay Park,CHUNG HA",110,11A,68,2025-01-29,03:05,40,"k-rap, k-pop","THE ONE YOU WANTED",2024-10-08,69,1,0,57,10,40,-8,F#/G♭ Minor,4,7jYRRvidgWHyHmlIu5lyx7,KRMIM2467075
2066,"Lofi One","DeLeon Rovon",125,2B,17,2025-02-04,03:50,20,"","Beats + Smoothies",2020-01-28,86,98,7,83,40,10,-13,F#/G♭ Major,4,2FvHJmr7XOhmNI9Dch2x4R,QZFYY2073744
2067,"Hindenburg Lover","Anson Seabra",100,4B,24,2025-02-04,05:02,45,"","Songs I Wrote in My Bedroom",2020-05-08,52,89,0,21,10,30,-13,G#/A♭ Major,4,32RwADYaEBNw9QeXP4Tz1g,TCAET2087340
2068,"Oh Happy Day","The New York Spirit",120,7B,60,2025-02-04,04:51,16,"","Joy to the world",2002-00-00,56,47,0,74,0,20,-8,F Major,4,1qeRAEbmfMSWDFxCrQ1iSE,NLA240304317
2069,"Nas Is Like","Nas",94,10A,85,2025-02-04,03:57,66,"old school hip hop, east coast hip hop, hip hop","I Am...",1999-04-06,63,1,0,93,30,0,-5,B Minor,4,3gY6tiCNsuVi6s8kPV6aQg,USSM19804988
2070,"2 hands","Tate McRae",104,3B,81,2025-02-04,03:01,64,"","2 hands",2024-11-14,61,12,0,59,0,10,-3,C♯/D♭ Major,4,1f18HzFpegqvH4ibGJyeMJ,USRC12403001
2071,"Niagara Falls","The Weeknd",97,11A,56,2025-02-04,04:37,71,"","Hurry Up Tomorrow",2025-01-31,57,7,0,18,0,10,-7,F#/G♭ Minor,4,2v0AG62ZHtD3I4YmTb3WYM,USUG12501139
2072,"Afterglow","Leroy Sanchez",110,1B,27,2025-02-04,03:06,46,"","Afterglow",2021-01-01,66,82,0,29,0,10,-6,B Major,4,5TdWoAiv294f6tRncoodvF,TCAFI2024928
2073,"toxic till the end","ROSÉ",167,9B,60,2025-02-04,02:36,81,"k-pop","rosie",2024-12-06,41,5,0,30,10,10,-6,G Major,4,1z5ebC9238uGoBgzYyvGpQ,USAT22409170
2074,"party favor","Billie Eilish",130,8B,19,2025-02-04,03:24,67,"","dont smile at me",2017-12-22,83,88,0,21,0,10,-12,C Major,4,3WxmlTZ85sCYFnuIXmUAEe,USUM71708095
2075,"Where Are You","54 Ultra",109,10A,52,2025-02-04,02:22,66,"retro soul","Where Are You",2023-06-30,68,82,62,71,0,10,-9,B Minor,4,1uehfWs4shogYWuboAFkme,QZMER2383531
2076,"The Journey","H.E.R.",130,8B,40,2025-02-04,04:22,44,"r&b","The Journey",2023-05-18,31,19,0,7,0,10,-6,C Major,4,7y5JL5ORUmqHHZQuhZI5JI,USRC12300979
2077,"Perfect / Style","Jonah Baker",111,1B,29,2025-02-04,03:32,0,"acoustic pop","Covers",2017-07-04,59,83,0,38,0,10,-13,B Major,4,4x7AdVDV9IFWp8pg4LMz90,TCADB1798972
2078,"It’s Not You It’s Me","Karencici",140,12B,71,2025-02-04,02:24,58,"chinese r&b, taiwanese indie, mandopop, chinese hip hop, c-pop, taiwanese pop, chinese indie","Missing You",2024-10-25,71,7,0,40,0,30,-5,E Major,4,6pIPXxVAfKqMVTh69AWDc5,TWA532400643
2079,"5 Dollar Pony Rides","Mac Miller",96,10A,83,2025-02-04,03:42,51,"","5 Dollar Pony Rides",2025-01-09,74,26,1,30,0,10,-6,B Minor,4,3ob86O0HYEc7PDkBpdzSoT,USWB12405231
2080,"Ciao!","Bryson Tiller",107,7B,72,2025-02-04,02:05,60,"trap soul, r&b","Bryson Tiller",2024-04-05,43,0,0,47,0,30,-5,F Major,3,0oMlowcYGs70fDAfRf8eKJ,USRC12400562
2081,"Alone But Moving","Here We Go Magic",82,10B,47,2025-02-04,03:57,40,"baroque pop","A Different Ship",2012-05-08,58,1,5,46,0,0,-7,D Major,4,56mfKXvVWU1stuCjTq5g9J,US38W1223004
2082,"toez","BAE173",118,10A,82,2025-02-06,02:12,1,"k-pop, noise music","ODYSSEY:DaSH",2022-08-17,84,19,0,94,10,30,-2,B Minor,4,1con5VuJgzaYVhazrB1cIB,KRA382206653
2083,"Ayo","Chris Brown,Tyga",98,2B,56,2025-02-12,03:45,77,"r&b, ","Fan of A Fan The Album (Expanded Edition)",2015-02-24,82,4,0,68,0,0,-5,F#/G♭ Major,4,0k6DnZMLoEUH8NGD5zh2SE,USRC11403042
2084,"DENIAL IS A RIVER","Doechii",93,11A,64,2025-02-12,02:39,79,"","Alligator Bites Never Heal",2024-08-30,83,9,0,62,30,0,-3,F#/G♭ Minor,4,1eTaznNW4Xxtx9za2SMTXB,USUG12405664
2085,"Opened Once","Jeff Buckley",75,11B,16,2025-02-12,03:30,56,"","Sketches for My Sweetheart The Drunk (Expanded Edition)",1998-05-26,50,96,16,20,0,0,-15,A Major,4,6k3FDsLP3YfSjyobQWOlfa,USSM19703813
2086,"Long Way 2 Go","Cassie",105,4B,66,2025-02-12,03:40,83,"","Cassie (U.S. Version)",2006-08-07,59,6,0,68,0,30,-8,G#/A♭ Major,4,4v5kAh2wWyCSuKuhMJK8u6,USBB40610297
2087,"Chill in the City","kesuike-lofi",87,10B,17,2025-02-12,01:45,0,"","80s chill city pop Best Album Vol.01 LOFI Playlist Chill mix BGM",2024-07-16,63,94,97,65,0,10,-17,D Major,4,1o1eLvbe2eZzt7wns6bXRs,JP92A2427387
2088,"Vibes and Stuff","A Tribe Called Quest",92,7A,26,2025-02-12,04:17,51,"jazz rap, east coast hip hop, old school hip hop, hip hop","The Low End Theory",1991-09-24,82,71,2,48,10,10,-14,D Minor,4,4MdEYuoGhG2RTG3erOiu2H,USJI10300156
2089,"Espresso","Sabrina Carpenter",104,8B,76,2025-02-12,02:55,86,"pop","Espresso",2024-04-12,70,11,0,69,0,10,-5,C Major,4,2qSkIjg1o9h3YT9RAgYN75,USUM72403305
2090,"anything 4 u","LANY",147,6B,56,2025-02-12,03:14,60,"","mama's boy (deluxe)",2021-02-05,57,14,0,47,0,10,-8,A#/B♭ Major,4,4M1wfKr9MlDT2jVgDCMAnA,GBUM72003707
2091,"Don't Drop That Thun Thun","Finatticz",98,9B,42,2025-02-12,03:22,52,"","Don't Drop That Thun Thun",2012-05-01,93,6,0,62,20,0,-8,G Major,4,2FJ9TL5T4Hj7wsF8aWjAv3,USKO11200940
2092,"Missing My Love","Donell Lewis,Fortafy",91,4A,61,2025-02-12,03:10,47,"nz reggae, ","Missing My Love",2012-10-12,80,1,0,52,10,0,-9,F Minor,4,6sJ4Hf4UWJevqKA9Bzjdqz,QZHNA2134217
2093,"LOVE YA!","HYUKOH",144,1B,56,2025-02-12,04:11,51,"k-rock, k-ballad","24 : How to find true love and happiness",2018-05-31,36,13,0,35,0,10,-6,B Major,4,70M62MNyEskm9on3FiDubd,KRC081800006
2094,"Get You The Moon (feat. Snøw)","Kina,Snøw",119,12A,24,2025-02-17,02:59,75,"","Get You The Moon (feat. Snøw)",2018-10-08,50,72,0,9,10,10,-17,C♯/D♭ Minor,4,4ZLzoOkj0MPWrTLvooIuaa,USSM11808093
2095,"Questions","Chris Brown",106,3A,60,2025-02-17,02:09,64,"r&b","Heartbreak on a Full Moon",2017-10-31,61,1,0,56,0,10,-6,A#/B♭ Minor,4,3ojTJaonfkL96iIWa47SU3,USRC11701902
2096,"Doo Wop (That Thing)","Ms. Lauryn Hill",100,7A,51,2025-02-17,05:20,78,"neo soul","The Miseducation of Lauryn Hill",1998-08-25,54,4,0,50,20,0,-9,D Minor,4,0uEp9E98JB5awlA084uaIg,USSM19802337
2097,"Born Again (feat. Doja Cat & RAYE)","LISA,Doja Cat,RAYE",115,3B,78,2025-02-17,03:51,72,"k-pop, ","Born Again (feat. Doja Cat & RAYE)",2025-02-06,69,7,0,37,0,0,-5,C♯/D♭ Major,4,4CPuDVC8jhhK6lA2DIt8Cf,USRC12403763
2098,"I Like Girls feat. Tyga","Pleasure P,Tyga",119,9B,69,2025-02-17,03:53,44,"","I Love Girls feat. Tyga",2012-06-26,59,3,0,59,20,10,-9,G Major,5,5VtVQWXzAboDJwAlZJDQel,USKO11201391
2099,"Guy For That (Feat. Luke Combs)","Post Malone,Luke Combs",120,4B,91,2025-02-17,02:44,65,"country","Guy For That",2024-07-26,61,1,0,51,0,10,-4,G#/A♭ Major,4,5crxqqibcvoOQQgg4HjAFQ,USUM72405595
2100,"Jealousy","RUBII",122,3B,34,2025-02-17,02:53,70,"","Jealousy",2024-01-31,88,8,10,96,10,10,-8,C♯/D♭ Major,4,0uU6wpqMrSe8SuIAJNIje9,GBLFP2407954
2101,"squabble up","Kendrick Lamar",104,8B,67,2025-02-17,02:37,80,"hip hop, west coast hip hop","GNX",2024-11-22,87,2,0,71,20,0,-6,C Major,4,0nj9Bq5sHDiTxSHunhgkFb,USUG12408494
2102,"23","Mike WiLL Made-It,Miley Cyrus,Wiz Khalifa,Juicy J",140,11B,60,2025-02-17,04:12,74,"crunk","23",2013-01-01,86,0,0,32,0,10,-5,A Major,4,20FZrLl9zSbO9b3DhaqO6M,USUM71312049
2103,"Roc Steady (feat. Flo Milli)","Megan Thee Stallion,Flo Milli",102,8B,87,2025-02-17,02:19,76,"","MEGAN: ACT II",2024-10-25,96,1,0,72,20,0,-5,C Major,4,4jCKLCyhHjrzz6be6NDhrd,USAT22409892
2104,"Tell Me (Like I Love You)","Ezra Neal",150,8B,39,2025-02-17,03:01,31,"","Tell Me (Like I Love You)",2025-02-14,56,45,0,52,0,10,-12,C Major,4,0HSsVQptVwDlSayaRUbPgN,QZES72540005
2105,"Cry","Cigarettes After Sex",143,9B,40,2025-02-18,04:16,61,"dream pop","Cry",2019-10-25,41,76,65,17,0,10,-10,G Major,4,3p4hRhMcb6ch8OLtATMaLw,USBQU1900121
2106,"Somebody's Pleasure (Extended Version)","Aziz Hedra",113,5A,54,2025-02-28,04:41,71,"indonesian pop","Somebody's Pleasure (Extended Version)",2024-12-13,51,71,0,33,0,0,-9,C Minor,4,4y5HTa0xfMGORsMhy26n3X,IDAC52400278
2107,"Off The Lawn","The Brook & The Bluff",123,11B,63,2025-02-28,04:15,44,"","First Place",2019-10-25,72,63,0,75,0,10,-8,A Major,4,4f3OHKMS6PXHElIp0mdA3Y,QZ93L1964769
2108,"close with desires (feat. thuy)","Teo Glacier,thủy",71,10A,57,2025-02-28,03:25,57,"","close with desires (feat. thuy)",2023-09-01,40,30,0,24,10,10,-6,B Minor,3,40mxgmFEtNKcgKRiiHmlHf,USUM72312412
2109,"Toroka","Christian Kuria",68,7B,44,2025-02-28,03:22,55,"","Toroka",2020-10-21,64,91,0,34,10,10,-7,F Major,4,6RMltEudPPFoJuUoshxRBB,QZMEM2008134
2110,"Sunsets With You","Cliff,Yden",115,3B,36,2025-02-28,04:13,58,"opm, harana, parang","Sunsets With You",2022-02-04,45,92,0,13,0,10,-10,C♯/D♭ Major,3,43t6oyPWJ67nifk7JgDgoI,QZFZ32277239
2111,"Frozen Heart","8Bite,Dyrox",74,2B,25,2025-02-28,03:09,52,"chinese r&b, ","Frozen Heart",2023-09-16,48,89,0,54,0,30,-13,F#/G♭ Major,3,0GRHTkx3f6VsIoSRA0DsVZ,HKG731611373
2112,"0405 (Four Five)","dori",114,4B,67,2025-02-28,02:43,33,"k-ballad","0405 (Four Five)",2025-02-16,84,5,0,97,0,0,-3,G#/A♭ Major,4,13kL8jBBpIq40ypSWnaQTl,KSA002500201
2113,"To Be With You","Mr. Big",84,12B,41,2025-02-28,03:27,62,"glam metal","Big, Bigger, Biggest! The Best Of Mr. Big",1996-11-25,69,35,0,48,0,10,-8,E Major,4,3bP47tw8MOgtrwdO1iahVl,USAT20900841
2114,"Chicago","Michael Jackson",176,6A,76,2025-02-28,04:05,86,"","XSCAPE",2014-05-09,61,8,0,55,10,10,-3,G Minor,4,5BKKy9fIJL5uM9fz1SnqyP,USSM11401745
2115,"Sweet (feat. Landon Sears)","Bren Joy,Landon Sears",78,8B,73,2025-02-28,03:46,51,"","Twenties",2019-05-17,62,17,0,55,10,0,-7,C Major,4,3IPBftcOHWxzLFyH5svvnY,QZES81960489
2116,"blue","yung kai",97,12B,32,2025-02-28,03:34,82,"","blue",2024-08-02,75,93,2,59,0,10,-12,E Major,3,3be9ACTxtcL6Zm4vJRUiPG,TLVEM2456474
2117,"IS THIS LOVE","XG",130,4B,71,2025-02-28,02:35,71,"k-pop","AWE",2024-11-08,76,4,0,46,0,10,-6,G#/A♭ Major,4,0dzbNEBsrs17os3jJOFLar,JPB602402896
2118,"Let Me Know","Jimmy Brown",98,10B,39,2025-02-28,03:08,49,"","Let Me Know",2020-10-06,80,73,0,54,0,10,-7,D Major,4,1SPDWTBH7qcjbZ8zMRXlQ9,KRMIM2027093
2119,"On My Mind","Sire",114,3B,74,2025-02-28,03:01,0,"christian r&b","On My Mind",2025-02-07,74,3,0,72,0,10,-6,C♯/D♭ Major,4,4q80HvDBqvtI6F7T46OBXM,NZPB12501633
2120,"Super Freaky Girl","Nicki Minaj",133,10B,89,2025-02-28,02:50,68,"","Super Freaky Girl",2022-08-12,95,6,0,91,20,30,-3,D Major,4,4C6Uex2ILwJi9sZXRdmqXp,USUM72215262
2121,"Empire State Of Mind","JAŸ-Z,Alicia Keys",174,1B,96,2025-02-28,04:36,87,"hip hop, east coast hip hop, rap, r&b, neo soul","The Blueprint 3",2009-09-08,49,3,0,81,30,40,-2,B Major,4,2igwFfvr1OAGX9SKDCPBwO,USJZ10900031
2122,"Red Terror","The Weeknd",80,3B,33,2025-02-28,03:51,61,"","Hurry Up Tomorrow",2025-01-31,27,43,0,16,0,50,-11,C♯/D♭ Major,3,717s9KFmHhyy5t3xkStS56,USUG12501145
2123,"It's yummy","Tablet sound",96,9B,60,2025-02-28,01:48,0,"","It's yummy",2022-10-14,76,20,80,82,0,10,-8,G Major,4,4mOtgvr0hMZ6fkHiUmACWI,RUAEX2226926
2124,"New York, New York","Frank Sinatra,Tony Bennett",109,10B,40,2025-02-28,03:30,55,"christmas, big band, adult standards, swing music, jazz, vocal jazz","Duets (20th Anniversary Deluxe Edition)",2013-01-01,44,55,0,47,0,30,-8,D Major,4,4NdzFKsviXMxchKjzPhnKW,USCA29300070
2125,"this is what falling in love feels like","JVKE",129,1B,44,2025-02-28,02:00,80,"","this is what ____ feels like (Vol. 1-4)",2022-09-23,42,62,0,33,0,0,-6,B Major,5,2PWTZV5znjLtZC5T1EVJvL,GBKPL2163189
2126,"Six Feet Under","Billie Eilish",68,10A,31,2025-02-28,03:09,74,"","Six Feet Under",2016-11-17,58,81,0,16,0,0,-13,B Minor,4,2VlLbhGLVJgdOW7kKdWWFc,TCACP1646299
2127,"How to Kill Houseplants","Spacey Jane",105,1B,69,2025-03-01,03:28,30,"surf rock","How to Kill Houseplants",2025-02-28,63,3,0,57,0,0,-7,B Major,4,19y5QUQ6zfgRyPi0Jlg1PO,USC4R2449756
2128,"Long Distance Love","Little Feat",114,9B,29,2025-03-01,02:43,53,"southern rock, jam band, country rock","The Last Record Album",1975-00-00,79,64,0,36,0,10,-12,G Major,4,64lIUwQx1vwo4PIrS5jYb1,USWB10100839
2129,"All Damn Day!","Ant Saunders",115,7A,57,2025-03-04,02:48,36,"","All Damn Day!",2021-09-24,79,2,0,93,0,40,-6,D Minor,4,54CuNYfGsUsVWIYpkBiPb2,USQX92101390
2130,"Listen 4 My Love","Funk LeBlanc,Holland Greco",110,4B,59,2025-03-04,04:42,0,"nu disco, french house, indie dance, funky house","Listen 4 My Love",2020-02-14,80,7,0,68,0,0,-6,G#/A♭ Major,4,5Kd14oUKVX79Q9cIbdbs5r,USCGH2044605
2131,"Daffodils","Adam Snow",107,8B,53,2025-03-04,02:46,16,"bedroom pop","Daffodils",2020-10-23,91,13,0,88,0,10,-7,C Major,4,7hDmNg1ZC5BAZfb06lcgrf,NZAM02002869
2132,"Sleep Well","d4vd",148,4B,36,2025-03-04,02:55,11,"","Petals to Thorns",2023-05-26,37,80,0,19,0,10,-11,G#/A♭ Major,3,5ye1TParxcolbnNsOXO8qE,USUM72304647
2133,"NEVER BE THE SAME","Myles Lloyd",142,9B,64,2025-03-04,03:12,39,"","WHAT MORE CAN I SAY ?",2024-09-06,65,18,0,24,10,10,-5,G Major,4,6AGAoicuRIAkMsgjqcfY7Y,DGA092456393
2134,"One More Dance","d4vd",180,7B,57,2025-03-04,03:08,1,"","One More Dance",2025-02-07,22,5,0,20,0,20,-8,F Major,3,2SyMl67slr9yJA9YJFC3mV,USUM72500147
2135,"Magnificent background","BGM Teacher",130,10B,80,2025-03-11,02:07,0,"","Immerse yourself in the world of painting [Illustrator]",2022-03-14,54,1,91,16,0,10,-10,D Major,4,76xQzE53OIRfD300FqBH6e,KRMIM2215356
2136,"What Is This","BGM President",178,11B,17,2025-03-11,02:01,0,"","BGM President Anthology Vol.5",2024-06-07,69,96,94,27,10,10,-18,A Major,4,5rCPJSINlkIskWKkwNYuqh,ZZA0P2406029
2137,"Cookin‘ with Kya - Jersey Club Remix","Ali Beats",75,3B,76,2025-03-11,01:19,35,"jersey club","Cookin‘ with Kya (Jersey Club Remix)",2025-01-04,77,43,32,57,0,30,-8,C♯/D♭ Major,4,2sI9QEaCOP5LDiwbbc6mlY,CA5KR2509638
2138,"how deep?","Tai Verdes",97,12A,68,2025-03-11,02:34,58,"","how deep?",2022-08-26,80,10,0,45,0,20,-7,C♯/D♭ Minor,4,0VcWp30A3hSJrPjdDEHeNE,USAR12200373
2139,"House Of Balloons / Glass Table Girls","The Weeknd",89,8B,71,2025-03-11,06:45,75,"","Trilogy",2012-11-13,65,1,1,32,0,30,-5,C Major,4,50iiDJGpAPdr2VTrz999XA,USUM71212069
2140,"Abracadabra","Lady Gaga",126,3A,91,2025-03-11,03:43,79,"art pop, pop","Abracadabra",2025-02-03,68,1,0,63,0,20,-3,A#/B♭ Minor,4,5ZLUm9eab8y3tqQ1OhQSHI,USUM72412581
2141,"Rock with You - Single Version","Michael Jackson",114,3B,54,2025-03-11,03:39,86,"","Off the Wall",1979-08-10,81,18,0,85,0,10,-13,C♯/D♭ Major,4,7oOOI85fVQvVnK5ynNMdW7,USSM17900817
2142,"FWM","Tone Stith",142,6A,55,2025-03-11,03:16,46,"trap soul, r&b","FWM",2021-06-11,62,28,0,36,10,10,-7,G Minor,4,5qF9vwRZIzBCR1iDUDkU8W,USRC12100096
2143,"Clearly","Alessia Cara",154,5B,55,2025-03-11,03:28,35,"","Love & Hyperbole",2025-02-14,52,7,0,44,0,10,-7,D#/E♭ Major,4,1ViC1tkoLaHnkdRD8fgAIS,USUM72403246
2144,"Rocketeer","Far East Movement,Ryan Tedder,Ruff Loaderz",96,9A,85,2025-03-11,03:31,71,"","Free Wired",2010-01-01,66,18,0,36,0,20,-6,E Minor,4,3ZuiIFm9nRnkRz8AZAekjJ,USUM71022782
2145,"Famous Last Words","DPR IAN",150,5A,82,2025-03-11,02:01,44,"k-rap","Dear Insanity...",2023-10-06,22,2,13,49,10,10,-6,C Minor,4,6wlAUkgJjEH1xLblEeiko2,QMBZ92331722
2146,"LoveHate Thing (feat. Sam Dew)","Wale,Sam Dew",200,4B,68,2025-03-11,04:26,51,"","The Gifted",2013-06-25,57,9,0,17,20,0,-7,G#/A♭ Major,4,3hJ9feAGhDRYhp4R7fZswe,USAT21301254
2147,"Billie Jean","Michael Jackson",117,10A,65,2025-03-11,04:53,81,"","Thriller 25 Super Deluxe Edition",2008-02-08,92,2,2,85,0,0,-3,B Minor,4,5ChkMS8OtdzJeqyybCc9R5,USSM19902991
2148,"Let's Go Home","Jake Miller",111,2B,30,2025-03-11,03:05,23,"","Silver Lining II",2021-06-18,43,82,0,44,0,10,-11,F#/G♭ Major,5,3VxtoA1Ha9etjV7E5Faokg,QM7282018289
2149,"SAME MISTAKE (MARK FRANCIS REMIX)","DESTIN CONRAD,Alex Isley,Mark Francis",120,6A,68,2025-03-11,05:54,17,"alternative r&b, neo soul, ","SAME MISTAKE (REMIXES)",2024-05-15,74,1,70,68,0,0,-10,G Minor,4,2HWe8Xugw4TOJlKUlgziYj,QM24S2402970
2150,"peekaboo (feat. azchike)","Kendrick Lamar,AZ Chike",100,3B,30,2025-03-11,02:35,76,"hip hop, west coast hip hop, hyphy","GNX",2024-11-22,89,0,0,31,10,10,-9,C♯/D♭ Major,4,2Uts1QFB4u2YNIMiqcb4de,USUG12408501
2151,"2 soon","keshi",174,11A,66,2025-03-11,03:26,69,"","2 soon",2018-08-21,52,15,0,15,0,30,-7,F#/G♭ Minor,4,5SlU0Yhi51jobhEiGE4xDv,SEYOK1844144
2152,"World On Wheels","Duckwrth,Kyle Dion",112,8A,78,2025-03-11,02:39,40,"alternative r&b","SuperGood",2020-08-21,77,65,0,96,0,20,-5,A Minor,4,2t5ebbh0zWyTIe02d6kv8Y,USUM72015580
2153,"Every Hour","Tone Stith",95,10B,65,2025-03-11,03:08,25,"trap soul, r&b","Can We Talk",2017-10-20,76,6,0,61,0,30,-7,D Major,4,7i942MpXP9mKlfraNt6yWr,QM24S1702436
2154,"Supernatural - Kawaii Remix","A.C.E",124,8A,87,2025-03-17,02:36,0,"k-pop, noise music","Supernatural Remix vol.3",2024-06-28,69,0,0,83,0,20,-5,A Minor,4,7DCg7e67KAk12DEUQx4Yfm,KRB472401098
2155,"Supernatural - Chiptune Remix","A.C.E",110,3A,93,2025-03-17,02:57,0,"k-pop, noise music","Supernatural Remix vol.3",2024-06-28,77,5,0,61,0,20,-3,A#/B♭ Minor,4,5xw2eLxVf2bKILbLqnK6Is,KRB472401080
2156,"Toosie Slide","Drake",82,12A,45,2025-03-17,04:07,71,"rap","Toosie Slide",2020-04-03,83,32,0,84,20,10,-10,C♯/D♭ Minor,4,127QTOFJsJQp5LbJbu3A1y,USUG12001281
2157,"Somebody","Justin Bieber",76,10B,76,2025-03-17,02:59,69,"","Justice",2021-03-19,55,0,0,36,0,10,-8,D Major,4,3buwFfY33H32wfZ6X9poV3,USUM72102634
2158,"last day on earth","Tai Verdes",82,7B,55,2025-03-17,02:52,57,"","last day on earth",2022-01-13,49,41,0,36,20,20,-6,F Major,4,0fVDu1evgjX9CFD0cmuRrM,USAR12200001
2159,"NOKIA","Drake",106,7B,73,2025-03-17,04:01,84,"rap","$ome $exy $ongs 4 U",2025-02-14,54,25,0,51,10,10,-4,F Major,4,2u9S9JJ6hTZS3Vf22HOZKg,USLD91772032
2160,"Be Thankful For What You’ve Got","Lucky Daye,Big Freedia,BJRNCK",100,10A,64,2025-03-17,03:50,37,"new orleans bounce, bounce, ballroom vogue, ","Be Thankful For What You’ve Got",2020-12-04,70,14,0,71,10,20,-6,B Minor,4,3UfyMJ6JzeBNqjLUgGHKR2,GBAYE2001196
2161,"Leave Em Alone","Quality Control,Layton Greene,Lil Baby,City Girls,PnB Rock",102,11A,75,2025-03-17,02:51,63,"melodic rap","Leave Em Alone",2019-05-29,52,2,0,51,30,0,-5,F#/G♭ Minor,4,1bIEvOOqf2V3QBrFiClE3Y,USUG11900730
2162,"over u","keshi",130,4B,26,2025-03-17,02:59,47,"","over u",2017-09-20,91,25,0,19,30,30,-12,G#/A♭ Major,4,6dMnsLoJPFfXIxcsDqjGiZ,SEYOK1765633
2163,"headlock freestyle #freedrew","Buddha 2x",120,4B,34,2025-03-17,02:40,0,"jersey club","headlock freestyle #freedrew",2025-02-09,87,11,0,50,40,10,-11,G#/A♭ Major,4,3L2TQtpcAthYrE8HryZVhn,QZES52516145
2164,"Crush","Duckwrth",108,7B,48,2025-03-17,02:15,55,"","Crush",2019-08-30,87,66,0,95,20,10,-7,F Major,4,3aUviSdBVbsdmH406j5GZC,USUM71916584
2165,"Cotton Candy","Nic D",208,5A,49,2025-03-17,02:25,53,"","Cotton Candy",2022-04-25,75,24,0,82,0,0,-6,C Minor,4,49svgOKkm8D9u8RuQHdIW7,QZHN52236994
2166,"Rack","callmestevieray",104,8A,57,2025-03-17,02:52,66,"","Rack",2022-10-28,93,8,0,69,0,0,-8,A Minor,4,5Pg8MZDBD6sNsnV3miq2jo,QZRP52298779
2167,"Chill","LISA",120,2A,72,2025-03-17,02:39,65,"k-pop","Alter Ego",2025-02-26,87,20,0,89,0,0,-5,D#/E♭ Minor,4,0jLunknItK9AujRCUYkVhn,USRC12403313
2168,"moonbeam.","frad,Ahntow",75,7B,33,2025-03-17,01:55,42,"lo-fi, lo-fi beats","moonbeam.",2020-10-27,81,90,94,32,0,10,-12,F Major,4,7dd2VTXO6oiZC7bDhn6R72,US3DF2000490
2169,"Relationships","HAIM",101,10B,67,2025-03-17,03:22,49,"","Relationships",2025-03-12,74,1,0,85,0,0,-6,D Major,4,3QBNfI9ZyLVSgWoF9xw413,GBUM72501035
2170,"Supernatural - Minimal Pop Remix","A.C.E",110,4A,79,2025-03-17,02:37,0,"k-pop, noise music","Supernatural Remix vol.3",2024-06-28,76,12,0,27,0,10,-4,F Minor,4,4JD5qSlVbKczOvNOvi1clv,KRB472401097
2171,"Levitating","Dua Lipa",103,11A,88,2025-03-17,03:23,82,"pop","Future Nostalgia",2020-03-27,70,6,0,91,0,20,-2,F#/G♭ Minor,4,39LLxExYz6ewLAcYrzQQyP,GBAHT1901299
2172,"Forecast","tobi lou,FARADA,Chief Keef",143,7B,61,2025-03-18,03:21,25,"chicago drill, drill","'Decent",2023-06-30,59,42,0,37,10,60,-7,F Major,4,19LhyeusZDLuMytgMRch6D,QZMEP2313797
2173,"Kiss of Life","Sade",97,11A,47,2025-03-18,04:11,83,"","The Best of Sade",1994-10-31,72,63,4,78,0,10,-11,F#/G♭ Minor,4,65krtHkaYLPr0mEbjL61UP,GBBBM9200026
2174,"Alive!","Bakar",97,1A,74,2025-03-18,03:52,53,"","Alive!",2023-06-21,75,52,0,58,0,0,-5,G#/A♭ Minor,4,6KzI6EM1QYyOq5oudPlcWT,GBARL2300706
2175,"JUMP","Mura Masa",133,11B,93,2025-03-18,03:00,29,"","JUMP",2025-03-10,77,1,35,84,10,0,-4,A Major,4,4WejDFaJx72saURVWVgOB8,GX9U42500001
2176,"Cloud 9ine","GALACTIKA *,woobin,Junha",106,3B,79,2025-03-18,03:26,1,"","FRΛCTION * : Cloud 9ine",2025-03-05,62,25,0,46,0,10,-4,C♯/D♭ Major,4,1153oaQDBgkkVDbJiRjfZ9,KRB472500790
2177,"Anxiety","Doechii",129,8B,59,2025-03-18,04:09,78,"","Anxiety",2025-03-05,81,34,0,89,0,10,-7,C Major,4,1musbempyJAw5gfSKZHXP9,USUG12500650
2178,"Shadow Of A Man","Lady Gaga",118,4A,84,2025-03-19,03:19,69,"art pop, pop","MAYHEM",2025-03-07,69,0,0,77,0,10,-4,F Minor,4,6OC87jHRiovNPEUrgaqFSu,USUM72412590
2179,"Numb","Linkin Park",110,11A,87,2025-03-19,03:07,90,"nu metal, rap metal, rock, alternative metal","Meteora",2003-03-25,49,0,0,21,0,40,-4,F#/G♭ Minor,4,2nLtzopw4rPReszdYBJU6h,USWB10300474
2180,"m y . l i f e (with 21 Savage & Morray)","J. Cole,21 Savage,Morray",140,6A,59,2025-03-30,03:38,74,"rap, ","The Off-Season",2021-05-14,60,6,0,8,10,20,-7,G Minor,4,1D3z6HTiQsNmZxjl7F7eoG,QMJMT2103634
2181,"Babies (feat. Alessia Cara)","KYLE,Alessia Cara",90,2B,54,2025-03-30,04:00,38,"","Light of Mine",2018-05-18,67,12,0,20,0,30,-7,F#/G♭ Major,4,2iTQEWxLtKrIoYr7FIWq6q,USAT21801999
2182,"Lowdown (2023 Remaster)","Boz Scaggs",117,10A,55,2025-04-05,05:17,66,"yacht rock, aor","Silk Degrees (2023 Remaster)",1976-02-18,69,7,10,94,0,0,-12,B Minor,4,5QhikAUv91oMAaFnfKz22u,USSM17500295
2183,"There’s no Other","Felly",106,12A,49,2025-04-05,02:35,36,"","There’s no Other",2023-06-30,87,47,13,84,0,10,-9,C♯/D♭ Minor,4,1HHxnVIKnlNnCPnUxsnsXs,QZVEM2331438
2184,"Don't Give Up On Us","Nick Jonas",112,3B,78,2025-04-05,03:21,34,"","Spaceman",2021-03-12,80,5,0,34,0,10,-6,C♯/D♭ Major,4,5AsHM42zzkvrAWBU1gkCfv,USUM72102467
2185,"Supernatural - Acid Jazz Remix","A.C.E",110,4A,78,2025-04-07,02:49,0,"k-pop, noise music","Supernatural Remix vol.2",2024-06-14,61,26,0,84,0,10,-4,F Minor,4,7pFPqhwg1pogyspZFEg01y,KRB472400984
2186,"Dear god","Tate McRae",98,3B,74,2025-04-10,02:51,66,"","So Close To What",2025-02-21,73,8,0,44,0,20,-5,C♯/D♭ Major,4,2ETQsbiuGm2WLOSOr2I19A,USRC12403579
2187,"Don’t Wake Me Up","Jonas Blue,Why Don't We",124,1B,75,2025-04-10,03:08,65,"tropical house, ","Don’t Wake Me Up",2022-01-07,62,22,0,43,0,10,-5,B Major,4,3LEgGAl9zLcQWGTp7ptqtQ,GBUM72107793
2188,"SUNRISE","Forrest Frank",82,9B,64,2025-04-10,02:36,65,"christian, christian pop, christian hip hop, worship, christian lo-fi, christian r&b","SUNRISE",2025-02-07,74,17,0,53,0,30,-6,G Major,4,7scWcScVJIcVTLLE1cv1ib,QZJ842500555
2189,"Instant Crush (feat. Julian Casablancas)","Daft Punk,Julian Casablancas",110,3A,59,2025-04-10,05:37,78,"french house, electronic, electro, ","Random Access Memories",2013-05-20,78,4,62,52,0,0,-10,A#/B♭ Minor,4,2cGxRwrMyEAp8dEbuZaVv6,USQX91300105
2190,"Purple Hat","SOFI TUKKER",94,11B,74,2025-04-10,02:58,69,"","Purple Hat",2019-09-06,78,34,1,65,20,0,-7,A Major,4,6WiGRFQfx2qw49MA7OeDYK,QM37X1900018
2191,"Happier Than Ever","Billie Eilish",81,8B,23,2025-04-10,04:58,85,"","Happier Than Ever",2021-07-30,33,77,0,30,0,10,-9,C Major,3,4RVwu0g32PAqgUiJoXsdF8,USUM72105936
2192,"Spring","Ed Sheeran",96,7B,32,2025-04-10,02:58,45,"soft pop","Autumn Variations",2023-09-29,64,92,0,67,0,10,-12,F Major,4,5xlCPBwakaVR2uwJG8Zph3,GBAHS2301074
2193,"Teenage Fantasy","Jorja Smith",176,9A,68,2025-04-10,03:46,59,"","Lost & Found",2018-06-08,58,47,19,50,40,40,-10,E Minor,4,0fIFjeeLJjIBliWUCsxyMF,US23A1500540
2194,"Wake Me Up (feat. Justice)","The Weeknd,Justice",111,3B,51,2025-04-10,05:08,70,"french house, new rave","Hurry Up Tomorrow",2025-01-31,60,0,0,18,0,50,-9,C♯/D♭ Major,4,5673WA8EEUSPx1ir26lhGW,USUG12501128
2195,"Melodramatic Fanatic","Lime Cordiale,Ruel",120,8B,82,2025-04-10,04:09,50,"surf rock, ","Melodramatic Fanatic",2025-04-10,62,1,0,60,0,40,-6,C Major,4,6kJB0UAaSCnFCJMRc5nVze,AUCZC2500004
2196,"CASH NAP","Matt Corman",100,3B,79,2025-04-16,02:17,43,"","CASH NAP",2024-09-20,79,1,0,42,0,40,-3,C♯/D♭ Major,4,3SaJJe4vdTQjLEWneTRLgq,QZTAX2440008
2197,"April","Art Music",170,1B,23,2025-04-16,01:53,23,"","April",2024-03-15,56,96,89,48,0,10,-17,B Major,3,0hG6mP7VPHEU2xOBZJJaLU,QZES82400331
2198,"Like the Movies","Laufey",87,8B,27,2025-04-16,02:42,68,"","Typical of Me EP",2021-04-30,57,91,0,21,0,10,-10,C Major,4,1hUXDEqjNIIbfjTcaz3jzb,TCAFJ2195573
2199,"Where Roses Bloom - Voice Memo Clip","Teesa",135,4B,1,2025-04-16,01:16,42,"","Where Roses Bloom (Voice Memo Clip)",2025-02-22,40,100,92,20,0,10,-32,G#/A♭ Major,3,1Xi2F7gVbl8H38B4HLgFBf,QZES92589881
2200,"MUTT","Leon Thomas",180,3B,46,2025-04-16,03:13,73,"","MUTT",2024-08-09,64,17,0,60,10,0,-8,C♯/D♭ Major,4,1mh9eHVRdNhzryG43PXdW1,USUM72409025
2201,"Surfin’","Nate Good",150,1B,60,2025-04-16,01:44,33,"","Surfin’",2023-06-16,87,3,0,82,30,10,-7,B Major,4,2rGqG5x88V0zLJ9Ay4csTw,SE6XW2352425
2202,"She Will","Lil Wayne,Drake",100,4B,84,2025-04-16,05:05,80,"rap, hip hop","Tha Carter IV (Explicit Version)",2011-01-01,36,0,0,8,10,20,-5,G#/A♭ Major,5,78O33U6jbQtNiNfbkZudpd,USCM51100309
2203,"What Love Is","Zimmer90",120,6A,69,2025-04-16,03:40,61,"","What Love Is",2023-12-08,72,47,60,71,0,10,-8,G Minor,4,6eF2psRQNVS3EbIZ1q5NV3,DEMN92300032
2204,"Know me","Gemini",95,4A,63,2025-04-16,03:34,55,"k-rap","Know me",2021-02-06,77,13,0,68,0,10,-6,F Minor,4,5bvVA6idKl1R38C5G4tuxC,KRMIM2103909
2205,"I Got It","Ogi",140,11A,71,2025-04-17,03:27,59,"retro soul","Monologues",2022-05-05,72,59,0,41,20,10,-7,F#/G♭ Minor,4,4O9OqRpTCXz6fB3BDEAbKz,USAT22200182
2206,"Give You My Lovin","Mazzy Star",173,9B,29,2025-04-19,03:50,61,"dream pop, shoegaze, slowcore","She Hangs Brightly",1990-05-21,56,74,0,35,0,10,-12,G Major,4,7Gwi3AOnlyXkt6yJzU3BmM,USCA29000614
2207,"Right Side of My Neck","Faye Webster",117,3B,52,2025-04-19,02:33,72,"","Atlanta Millionaires Club",2019-05-24,72,0,0,32,0,30,-9,C♯/D♭ Major,4,3cxZT78mZDyLsLPJKcTu3U,US38W1937602
2208,"Stay Home","American Football",120,7B,76,2025-04-19,08:10,51,"midwest emo, math rock, emo","American Football",1999-09-14,49,50,32,12,0,10,-9,F Major,1,2EVDo3nsKqtqUwcnIA7FsJ,US3R49900017
2209,"Step On Me","The Cardigans",90,10B,47,2025-04-19,03:50,78,"swedish pop","First Band On The Moon (Remastered)",1996-01-01,33,1,0,14,0,0,-6,D Major,4,6ZaiqbV2GfUtrUlhsu58fN,SEBKB9629370
2210,"DOWN BAD","SAILORR",97,4B,24,2025-04-19,02:12,44,"","DOWN BAD",2025-04-04,77,47,0,32,0,10,-15,G#/A♭ Major,4,6V2GsxdsoC7s81pD0ZMyi6,QZJ842501244
2211,"CUT UP","SAILORR",183,5A,35,2025-04-19,02:56,47,"","CUT UP",2025-02-13,56,35,0,44,0,20,-9,C Minor,3,6409bzRqrc9guKehKXiEcN,QZJ842404716
2212,"POOKIE’S REQUIEM (feat. Summer Walker) - hehe look y'all I made it longer","SAILORR,Summer Walker",134,10A,25,2025-04-19,02:53,52,"r&b","POOKIE’S REQUIEM (feat. Summer Walker) [hehe look y'all I made it longer]",2025-01-24,64,26,0,54,10,10,-20,B Minor,3,2LIgTJnCCAtGbuPn0qN7Ny,QZJ842500134
2213,"W1LL U L13?","SAILORR",73,6B,65,2025-04-19,02:19,46,"","W1LL U L13?",2024-12-13,29,38,0,13,0,30,-6,A#/B♭ Major,1,5K8BxVTTf8TYWWA8roPuSq,QZJ842404449
2214,"Gossip","Tame Impala",119,10A,21,2025-04-19,00:55,63,"neo-psychedelic, indie","Currents",2015-07-17,55,97,97,35,0,10,-18,B Minor,3,79chzfFIIq7cHkqcYYORk0,AUUM71500299
2215,"The Great Escape","BOYS LIKE GIRLS",150,12A,94,2025-04-19,03:26,62,"pop punk, emo","Boys Like Girls",2007-08-31,42,0,0,51,0,10,-4,C♯/D♭ Minor,4,6GIrIt2M39wEGwjCQjGChX,USSM10603069
2216,"Get Back To You","Molly Payton",138,10B,36,2025-05-02,04:07,16,"lo-fi indie","YOYOTTA",2024-08-30,51,53,0,26,0,70,-10,D Major,4,13gDqr3fFv9mUBZrQ3bzHT,QM6P42486520
2217,"Mr. Raindrops","Chester",94,4B,11,2025-05-02,03:51,0,"","Big Ugly Headlines",2025-01-15,40,93,0,28,0,30,-15,G#/A♭ Major,4,7gL31hu3EiDFqeGHn2ZwUw,QZZ7V2434813
2218,"American Dream Trajectory","Sam MacPherson",134,12B,79,2025-05-02,03:12,18,"","American Dream Trajectory",2025-03-28,51,3,0,36,0,0,-6,E Major,4,3LQky1wyGmPTeXusMpJAI5,SGB502501173
2219,"Lover's Spit","Broken Social Scene",78,8B,59,2025-05-02,06:22,51,"baroque pop, indie rock, indie","You Forgot It In People",2003-03-11,33,0,28,15,0,0,-7,C Major,4,3Cl35xMXJUEhpPaYBeNUQR,CAAA10200111
2220,"Pickup Man","HIXTAPE,Joe Diffie,Post Malone",141,9B,87,2025-05-02,03:36,56,"country, classic country, ","HIXTAPE: Vol 3: DIFFTAPE (Small Batch)",2023-11-09,56,16,0,84,0,10,-4,G Major,4,4MXqpnu9lAqqkjSHVlBVoZ,USUG12305726
2221,"You're Stuck (feat. Summer Walker)","Odeal,Summer Walker",78,3A,60,2025-05-02,04:04,47,"afroswing, afro r&b, alté, uk r&b, afrobeats, afro soul, afrobeat, r&b","Lustropolis",2024-11-15,45,47,0,39,10,10,-6,A#/B♭ Minor,1,4kCfyoPOYHqev60dmNPXzF,QMDA72448687
2222,"Can I Get Some Help","James Brown",109,7B,79,2025-05-02,08:54,21,"funk, soul, motown, classic soul","Motherlode",2003-01-01,77,5,2,52,20,10,-5,F Major,4,2OE0SQCsIExYh8K3Zb5Jeq,USUR10300485
2223,"King of Everything","Dominic Fike",167,7B,47,2025-05-02,03:14,50,"","Don't Forget About Me, Demos",2018-10-16,64,78,6,57,0,10,-8,F Major,4,5IWW129DwGyMVQAbaJz3rS,USQX91802460
2224,"EVIL J0RDAN","Playboi Carti",154,3B,36,2025-05-02,03:03,78,"rage rap","MUSIC",2025-03-14,69,1,0,6,0,10,-7,C♯/D♭ Major,4,6iycYUk3oB0NPMdaDUrN1w,USUM72414866
2225,"Leave It All To Me (Theme from iCarly) (feat. Drake Bell)","Miranda Cosgrove,Drake Bell",210,9B,80,2025-05-02,02:38,59,"","Leave It All To Me (Theme from iCarly) (feat. Drake Bell)",2007-12-18,23,0,0,56,10,0,-6,G Major,4,7CMIy0uwXyeBv2MvaEUJM1,USN1R0704001
2226,"The Late Regret - Eng Version","A.C.E",138,3B,40,2025-05-08,04:22,17,"k-pop, noise music","The Late Regret",2024-12-22,47,60,0,27,0,10,-6,C♯/D♭ Major,4,2zkGZmzfuaBIIgu89dhbK6,KRB472403767
2227,"Superconductor","SF9",130,5A,85,2025-05-11,02:47,24,"k-pop","Sequence",2024-01-08,55,23,0,63,20,30,-3,C Minor,4,2gUrnQ0QQrk8ySMr1TUEvI,KRA382324453
2228,"annie.","wave to earth",74,6A,43,2025-05-13,03:20,48,"","play with earth! 0.03 (extended)",2024-10-11,60,34,1,30,0,10,-9,G Minor,1,1I9je9jTqpmejE4Tzdl4MM,KRA252402438
2229,"I Want U To Myself","okay coleman!",95,7A,26,2025-05-15,02:36,45,"","I had a dream with you in it",2021-10-22,79,36,0,55,0,0,-10,D Minor,4,3bbZtkmyBJcibe8Xg101ti,QZNWR2161686
2230,"Don't Stare Too Long","¿Téo?",168,10A,54,2025-05-15,03:08,45,"","Luna",2023-08-18,34,36,1,51,0,10,-11,B Minor,3,1LRC7qLxnxvVXjUuna4vHE,CA5KR2367832
2231,"I See the Light - From  Tangled  / Soundtrack Version","Mandy Moore,Zachary Levi",92,7B,14,2025-05-15,03:44,73,"","Tangled",2010-01-01,24,83,0,17,0,0,-14,F Major,4,6klpXs2uAjagnZMFkt4qkl,USWD11054842
2232,"Agave","okay coleman!",135,2B,51,2025-05-15,03:08,47,"","Agave",2022-10-21,65,69,0,68,10,10,-7,F#/G♭ Major,4,3C69lBB1VFHKke5JAij3Wb,QZRP42238364
2233,"Doubt","RISSA",147,2B,52,2025-05-15,02:00,56,"","Made To Feel",2023-10-20,77,76,0,35,0,10,-6,F#/G♭ Major,3,7vevUV5uIP4vL5fRhrSSmc,AUZWY2300008
2234,"Too Bad I Forget","Alex Isley,Jack Dine",153,6A,49,2025-05-15,02:30,46,"neo soul, alternative r&b","Marigold",2022-03-30,56,91,51,19,0,10,-8,G Minor,4,0QsshmiJQr2A3j5WUQdM5Q,QZDA82281448
2235,"DANCE","greek",117,8A,80,2025-05-15,03:23,48,"","ACCELERATOR",2024-06-28,69,15,0,42,30,0,-7,A Minor,4,2z35KR0NuYAERVFHx1j0Mg,QZAKB2407092
2236,"Gone","Alex Isley,Jack Dine",80,10A,25,2025-05-15,03:48,50,"neo soul, alternative r&b","Gone",2020-02-04,45,96,11,10,0,10,-11,B Minor,4,2JXKDWkz0E1LNy7tdsfqan,QZFYZ2064765
2237,"SOMEDAY","greek",134,8A,55,2025-05-15,03:29,39,"","ACCELERATOR",2024-06-28,53,46,0,30,0,20,-6,A Minor,4,4ZIQnxniIUATgmjBZr9vap,QZAKB2402316
2238,"Us","FKJ",82,6A,32,2025-05-20,03:56,42,"","V I N C E N T",2022-06-10,55,97,89,35,0,10,-12,G Minor,4,4zTS46lRi1PBbPkhoXcQSv,USQE92100289
2239,"golden hour","JVKE",94,12B,59,2025-05-20,03:29,81,"","this is what ____ feels like (Vol. 1-4)",2022-09-23,52,65,16,15,0,20,-5,E Major,3,5odlY52u43F5BjByhxg7wg,GBKPL2204171
2240,"Cinema","Galdive",126,1A,49,2025-05-22,02:59,0,"indonesian r&b, indonesian indie","Blue",2025-05-09,80,63,0,78,10,30,-8,G#/A♭ Minor,4,31uZDjlMnBJ4R9fedqYKvF,USQE92500078
2241,"Is there free breakfast here?","Hotel Ugly",75,10B,37,2025-05-22,02:09,66,"","Ugly Duck",2023-03-24,62,60,0,34,0,20,-10,D Major,4,30jui3PqevssdIVpjEWM38,SE5752374724
2242,"Sway","Michael Bublé",126,7A,64,2025-05-22,03:08,75,"christmas","Michael Bublé",2003-00-00,71,75,0,74,0,0,-6,D Minor,4,2ajUl8lBLAXOXNpG4NEPMz,USRE10201551
2243,"Everything Is Embarrassing","Sky Ferreira",117,8B,79,2025-05-22,04:09,69,"","Ghost",2012-01-01,67,5,0,60,0,0,-6,C Major,4,70v5mCvyPRquTyU7qTIU81,USCA21202535
2244,"Gucci Rock N Rolla (feat. Rivers Cuomo & KYLE)","Snakehips,Rivers Cuomo,KYLE",124,10A,93,2025-05-22,02:39,36,"","Gucci Rock N Rolla (feat. Rivers Cuomo & KYLE)",2019-02-01,80,6,0,91,0,90,-3,B Minor,4,2VBYFWgwIlJjyzidPTHQqp,GBARL1801816
2245,"Doomed","Bring Me The Horizon",147,11A,90,2025-05-23,04:34,77,"metalcore, emo, rock, screamo, post-hardcore","That's The Spirit",2015-09-11,27,0,0,22,10,10,-5,F#/G♭ Minor,4,3lPn81PFyKvXiyHhlkwkQ4,GBARL1500768
2246,"Shake It To The Max (FLY) - Remix","MOLIY,Silent Addy,Skillibeng,Shenseea",98,5A,55,2025-05-23,02:58,83,"alté, shatta, dancehall, soca, afrobeats","Shake It To The Max (FLY) (Remix)",2025-02-21,86,56,0,56,10,10,-7,C Minor,4,0QCIpQV3twfqo9kh0t8Zza,QZS7J2542546
2247,"Luna - 2011 Remaster","The Smashing Pumpkins",126,11B,27,2025-06-07,03:22,71,"alternative rock, rock","Siamese Dream (Deluxe Edition)",1993-00-00,57,1,79,11,0,10,-14,A Major,4,5Q6Xzp25aXYxNJ4B6vBkcf,USVI21100158
2248,"Everybody Ate","Cleotrapa,Lay Bankz",135,11A,87,2025-06-07,01:52,31,"jersey club","Everybody Ate",2024-10-11,65,0,0,56,20,0,-5,F#/G♭ Minor,4,2AOPRnFQGqUdtEvGuU7fGs,QZNMW2470315
2249,"Muffins In The Freezer","Tiagz",120,8B,41,2025-06-07,01:46,44,"dembow belico, electro corridos","Muffins In The Freezer",2020-07-03,97,8,0,49,40,0,-9,C Major,4,433oHg3yvSo0Dtu67A1idB,USSM12004230
2250,"next door (feat. ASTN)","Amelia Moore,ASTN",102,2B,49,2025-06-07,03:28,65,"","next door (feat. ASTN)",2022-09-23,77,52,0,63,0,10,-6,F#/G♭ Major,4,08HGey7e94Ez3ZurG1IXTP,USUM72217587
2251,"Wall To Wall","Chris Brown",188,6A,54,2025-06-07,03:43,71,"r&b","Exclusive (Expanded Edition)",2007-11-06,60,0,0,58,10,10,-7,G Minor,4,5Zu4UO0QlderRYNPFkbJeO,USJI10700418
2252,"On and On","Housefires",138,10B,63,2025-06-07,08:01,52,"worship, christian","Housefires III",2016-08-12,39,45,0,25,0,50,-6,D Major,4,3AYEtQccJCFiOQVTD8bazY,QMF921650044
2253,"i think i wanna text u","vaultboy",77,9B,42,2025-06-07,03:16,16,"","vaultboy EP",2022-01-14,45,18,0,22,0,10,-9,G Major,4,4hH46xhExjwEGfuWFgnOc3,QZLBC2100686
2254,"Right Now","One Direction",120,4B,78,2025-06-07,03:20,77,"","Midnight Memories (Deluxe)",2013-11-25,65,22,0,37,0,0,-5,G#/A♭ Major,4,1dQQ2QlnvXUehsRUrukKmf,GBHMU1300217
2255,"Pillow Talk","Jeff Bernat",140,12A,58,2025-06-18,03:42,32,"","Modern Renaissance",2013-12-05,84,30,1,69,0,20,-7,C♯/D♭ Minor,4,51rnvSxHysVjKU34GWrXmE,TCABR1327351
2256,"New York","Addison Rae",148,8A,63,2025-06-18,02:32,68,"","Addison",2025-06-06,60,3,0,28,10,20,-9,A Minor,4,0Q9kIg9o8w1XKepXWmDUmT,USSM12501567
2257,"Fine China","Chris Brown",104,3A,73,2025-06-18,03:33,65,"r&b","X (Expanded Edition)",2014-09-16,65,4,0,59,0,10,-5,A#/B♭ Minor,4,0yz2J4wsXFCjMjpJ6A74yV,USRC11300305
2258,"Don't Start Now","Dua Lipa",124,10A,79,2025-06-18,03:03,83,"pop","Future Nostalgia",2020-03-27,79,1,0,68,0,10,-5,B Minor,4,3PfIrDoz19wz7qK7tYeu62,GBAHT1901121
2259,"free love","HONNE",134,11B,68,2025-06-18,03:29,58,"","no song without you",2020-07-03,71,6,0,70,0,10,-8,A Major,4,0GPJSHYaXh8rZSSJoUMgyl,GBAHS2000603
2260,"with u","2006WR",145,2B,49,2025-06-18,02:16,50,"hyperpop","with u",2025-04-04,44,2,1,15,10,20,-8,F#/G♭ Major,4,5bQDapqPmoCukx6ZgO4T1b,QZK6J2560144
2261,"Stateside","PinkPantheress",123,1B,90,2025-06-18,02:48,57,"bedroom pop","Stateside",2025-04-25,67,17,1,57,0,10,-5,B Major,4,7Fr2Q6q3rAxFUcMkuvVrXO,GBAYE2500037
2262,"Pop Ya Collar","USHER",107,4A,73,2025-06-18,03:35,23,"r&b","My Boo: R&B Dance",2016-05-06,89,7,0,88,10,10,-6,F Minor,4,1F0SBXfXA31jJuoocT2MP9,USLF20000499
2263,"21","Gracie Abrams",125,10B,67,2025-06-18,03:05,73,"","minor",2020-07-14,76,51,0,41,0,10,-6,D Major,4,5meVa5klVlJalupZTvv5XX,USUG11903590
2264,"Strawberry Dream","Dagny",97,10B,76,2025-06-18,03:11,36,"norwegian pop","ELLE",2024-06-07,56,4,0,54,0,0,-4,D Major,4,3p6iQzC9XHmCmPo4vEYegV,NOUM72400075
2265,"Smoke 'Em If You Got 'Em","Parkway Drive",194,1B,94,2025-06-19,03:40,41,"metalcore, metal, deathcore","Killing With A Smile",2006-08-22,19,0,0,37,10,30,-4,B Major,4,3vbplXokNSSglwXOyZtnY5,USEP40628110
2266,"Creep","Cruza",130,6B,53,2025-06-19,02:34,42,"alternative r&b","Cruzafied",2024-06-14,90,1,6,67,10,10,-12,A#/B♭ Major,4,0QbMnjrAf4zdoWuXnHq3Ja,USUM72405288
2267,"RAL2222 - Radio Edit","SEES00000",105,4B,87,2025-06-19,02:53,41,"","If I Promise To Miss You, Will You Go Away",2024-05-18,73,9,76,83,0,10,-4,G#/A♭ Major,4,3FInZ2hV2VEfiX6GL5xmNL,QZMEM2406949
2268,"FWT","Icee Red,Isaiah Falls,Flozigg",100,4A,47,2025-06-19,02:57,45,"dark r&b, ","FWT",2023-10-31,92,49,1,53,10,10,-10,F Minor,4,1SYt4DjJdoSs7W4fB6aLKd,QZTBA2311067
2269,"The Auction","Nikita, the Wicked",132,9B,83,2025-06-19,02:56,35,"uk garage, bass music","The Auction",2024-01-26,92,37,42,76,30,0,-7,G Major,4,6Iyjyipx38ScxCNP4TmBq4,QZFZ62457563
2270,"Charlie's Comet","Mandrake Handshake",142,8B,61,2025-06-19,04:02,22,"neo-psychedelic","Charlie's Comet",2024-07-23,61,0,26,90,0,30,-11,C Major,4,2Y7Z6kTzPQFwStThi451lf,GBM4B2400032
2271,"Flip It - VIP","Levity,Dem Jointz",140,11B,72,2025-06-19,02:42,38,"dubstep, ","Flip It (Remixes)",2024-06-21,79,7,0,36,0,10,-4,A Major,4,5a3vNuS67dTu8lrxLagvDt,CAUM82400091
2272,"jungle","Chanpan,Ladji Mouflet",88,3B,73,2025-06-19,02:45,49,"","jungle",2023-09-20,61,10,54,47,20,50,-8,C♯/D♭ Major,4,4HWOf2MQRqqNPOny5yyMhL,QZTAS2363725
2273,"Girls","The Dare",122,10B,84,2025-06-19,01:59,25,"electroclash","What's Wrong With New York?",2024-09-06,92,9,0,91,20,0,-2,D Major,4,7m8wiHGjtlJ5UQvqiCjhV5,USA2B2202911
2274,"Go Again","borne",140,4A,95,2025-06-19,02:10,39,"uk garage, bass music, dubstep","Go Again",2025-05-09,67,4,89,29,0,30,-5,F Minor,4,4t2tX7m8SPhCtvgQ1w3iRo,QZTGW2404430
2275,"worst behaviour","kwn",118,11B,41,2025-06-19,02:58,56,"uk r&b","worst behaviour",2024-11-01,56,18,0,34,20,10,-7,A Major,4,6gCaGG38yk0Pc3hZG8U6kc,GXEN72411111
2276,"Lullaby","JayDon,Paradise",180,11A,57,2025-06-19,03:37,57,"","Lullaby",2025-02-14,48,13,0,48,10,0,-4,F#/G♭ Minor,3,0RJVZpscIbTcsV5yt6960t,QZQAY2550331
2277,"Going to the Battle Field","Oasis Music Choir",119,5A,38,2025-06-19,03:19,12,"","Military Song and Wholsome Music Collection",1984-03-01,64,80,93,53,0,0,-12,C Minor,4,63hf2YJsJRrxdZKXBh1WkM,KRRAR2017381
2278,"Fireflies","Owl City",180,5B,66,2025-06-20,03:48,81,"","Ocean Eyes",2009-01-01,51,3,0,47,0,10,-7,D#/E♭ Major,4,3DamFFqW32WihKkTVlwTYQ,USUM70972068
2279,"Soon as I Get Home","Babyface",120,2B,44,2025-06-21,05:09,46,"quiet storm, new jack swing, r&b, contemporary r&b","Tender Lover",1989-07-07,72,13,0,54,0,0,-9,F#/G♭ Major,4,2yZxdm4Fdi8B5UGVqv8IgP,USSM19907797
2280,"Only A Fool (with Pink Sweat$)","Galantis,Ship Wrek,Pink Sweat$",123,4A,62,2025-06-21,02:46,45,"stutter house, bass house, ","Only A Fool (with Pink Sweat$)",2020-05-29,73,5,0,62,0,10,-6,F Minor,4,4iWKQu7GcqRl1aVll2PD20,USAT22003137
2281,"BMF","SZA",128,3A,55,2025-06-21,03:00,76,"r&b","SOS Deluxe: LANA",2024-12-20,79,51,2,97,0,0,-9,A#/B♭ Minor,4,3U3hFkMr0Q90pD24EkE3Pr,USRC12403826
2282,"Hit the Quan - Throw the Flag Version","iLoveMemphis",160,4B,49,2025-06-21,03:01,36,"","Hit the Quan",2015-10-09,75,0,0,63,30,0,-8,G#/A♭ Major,4,402gph4cuWcZ5gTvzuWwc1,QM33K1500007
2283,"Shake It Off","Taylor Swift",160,9B,80,2025-06-21,03:39,83,"","1989 (Deluxe)",2014-01-01,65,6,0,94,10,30,-5,G Major,4,0cqRj7pUJDkTCEsJkx8snD,USCJY1431349
2284,"I'm In Love","Lionel Richie",82,12B,69,2025-06-24,04:05,29,"motown","Just Go",2009-03-13,66,31,0,74,0,0,-5,E Major,4,4x6Rgh6H1JqwG5aQlrFNfC,USUM70851128
2285,"Let You Break My Heart Again","Laufey,Philharmonia Orchestra",77,10B,14,2025-06-24,04:29,80,"opera, classical, orchestral","Let You Break My Heart Again",2021-08-13,30,97,11,12,0,10,-15,D Major,4,709p9UGPAuyImWf1Z3vjRo,TCAFR2175884
2286,"Everybody","Mac Miller",152,8A,60,2025-06-24,04:16,61,"","Circles",2020-01-17,88,3,1,11,10,10,-9,A Minor,4,1OuN92HcVG6NVpWbeESNB3,USWB11801012
2287,"Nostalgic","No Guidnce",79,6A,56,2025-06-24,02:54,43,"uk r&b","Nostalgic",2024-11-15,70,4,0,73,10,10,-7,G Minor,4,7zzjWKUz5xAb8xNoxr5O5w,QMDA62476482
2288,"Rainy Days","Alf Wardhana",88,8B,35,2025-06-24,03:38,44,"","Rainy Days",2019-08-23,76,90,4,54,0,0,-11,C Major,4,0ejF51HDSYwIX7vnehlOtD,QZFZ61980181
2289,"TORE UP","Don Toliver",155,1B,82,2025-06-24,02:06,80,"","HARDSTONE PSYCHO",2024-06-14,53,0,0,8,0,10,-4,B Major,4,1jKXjxMWlq4BhH6f9GtZbu,USAT22402804
2290,"It's Beginning To Look A Lot Like Christmas","Matthew Ifield",99,5B,25,2025-06-24,03:14,27,"","A Christmas Album",2024-10-25,54,86,1,36,0,10,-12,D#/E♭ Major,4,2Jaa4hkzxvSFM7hg2FqJAT,AUUM72300394
2291,"Spicy","No Guidnce",93,4A,69,2025-06-24,02:48,17,"uk r&b","Spicy EP",2023-09-28,70,8,0,55,0,0,-6,F Minor,4,5jsXDTkZnlbFT4aSTCOn1y,UK8E21940402
2292,"Fallen Star","The Neighbourhood",75,3A,55,2025-06-25,03:44,76,"","Fallen Star",2021-10-01,60,7,10,44,0,10,-6,A#/B♭ Minor,4,60F6pgM6H6miNr5AmjxwjL,ZZOPM2110941
2293,"Art Deco","Lana Del Rey",148,10A,46,2025-06-25,04:55,80,"","Honeymoon",2015-09-18,28,54,22,6,0,10,-11,B Minor,5,5jqNQZBwbZWQXPWfo0ygZF,GBUM71503925
2294,"Clearblue","Lorde",187,11B,39,2025-06-27,01:57,59,"","Virgin",2025-06-27,54,52,0,40,90,20,-8,A Major,4,5IOucMoMeoBw64mEQ68MjE,NZUM72500026
2295,"Shy Away","Twenty One Pilots",97,8A,86,2025-06-27,02:55,69,"","Scaled And Icy",2021-05-21,59,0,7,64,0,20,-5,A Minor,4,2nG54Y4a3sH9YpfxMolOyi,USAT22101330
2296,"Maybe Next Time","FunkyMo",76,7B,42,2025-06-27,04:16,33,"taiwanese indie, taiwanese pop, chinese indie","物件，所在",2024-09-03,70,61,0,71,0,20,-7,F Major,4,2fFrSP6KrQ8yXBuankbDRj,TWP012475422
2297,"Can't Feel My Face","The Weeknd",108,8A,77,2025-06-27,03:33,84,"","Beauty Behind The Madness",2015-08-28,71,11,0,58,0,10,-6,A Minor,4,22VdIZQfgXJea34mQxlt81,USUG11500741
2298,"Yesterday - Remastered 2009","The Beatles",97,7B,18,2025-06-27,02:05,78,"classic rock, psychedelic rock","Help! (Remastered)",1965-08-06,33,88,0,32,0,0,-12,F Major,4,3BQHpFgAp4l80e1XslIjNI,GBAYE0601477
2299,"I Can Transform Ya (feat. Swizz Beatz & Lil' Wayne)","Chris Brown,Swizz Beatz,Lil Wayne",111,7B,95,2025-06-27,03:48,58,"r&b, rap, hip hop","Graffiti (Expanded Edition)",2009-12-08,54,5,0,86,10,10,-4,F Major,5,7n6TT5TDeS0A1DqEtSdapf,USJI10900612
2300,"Gimme That","Chris Brown",87,10A,57,2025-06-27,03:06,71,"r&b","Chris Brown (Expanded Edition)",2005-00-00,68,0,0,44,0,10,-7,B Minor,4,53ETzLQQKFCzykRbqWb1ph,USJI10500721
2301,"Into the Unknown","Idina Menzel,AURORA",146,3A,41,2025-06-27,03:14,76,"musicals, norwegian pop, art pop","Frozen 2 (Original Motion Picture Soundtrack/Deluxe Edition)",2019-11-15,32,85,0,27,0,10,-9,A#/B♭ Minor,5,3Z0oQ8r78OUaHvGPiDBR3W,USWD11994667
2302,"state of mind","JWS",184,11A,29,2025-06-27,01:22,6,"","Directions",2020-04-22,76,8,93,83,10,10,-15,F#/G♭ Minor,4,4U9CZvTOEYfNXyajYUfbqP,QZES62091810
2303,"Credits","VALENTINE",90,1A,46,2025-06-27,01:25,5,"future bass","Falling",2018-09-28,88,31,0,70,20,10,-7,G#/A♭ Minor,4,3lLpmqtM6Fl3p0H7jhTMWJ,DEVF11800388
2304,"drunk","keshi",105,12B,39,2025-06-29,03:47,64,"","always",2020-10-23,69,77,0,31,0,0,-8,E Major,4,6D6HVKe7Qu3imn4zzJD0W9,USUM72014502
2305,"Loving Is Easy","Rex Orange County,Benny Sings",117,5B,61,2025-06-30,02:35,69,"bedroom pop, ","Loving is Easy",2017-10-11,76,22,0,54,0,10,-8,D#/E♭ Major,4,7ASFZh1D0DPZro7UXUKGmd,GBKPL1789493
2306,"feel u","okayceci",118,3B,67,2025-06-30,02:30,50,"bedroom pop","feel u",2019-11-07,87,57,30,85,0,10,-10,C♯/D♭ Major,4,6042XJOCOw3U90tCNGBIPz,SE6131975786
2307,"Find Myself Again","Blanks",124,10B,48,2025-06-30,03:57,31,"","Find Myself Again",2023-12-01,60,32,0,29,0,10,-9,D Major,4,6P7sm0qA1xnIyBpwtaBdW8,NL1XK2300005
2308,"Ordinary Life","The Weeknd",150,6A,59,2025-07-01,03:41,62,"","Starboy",2016-11-25,54,3,0,37,0,10,-7,G Minor,4,15k2nBQJ0teDmPZHrOXL2N,USUG11601008
2309,"Gravity of Us","Objective.",172,9B,37,2025-07-01,02:44,0,"","Sleepless streets, a windowside where thoughts linger.",2025-04-04,45,31,0,15,0,10,-13,G Major,4,6a5TVOPYxhvXOWvX2cw923,QZK6G2542168
2310,"Overrated","Blxst",98,3B,55,2025-07-01,02:26,60,"","No Love Lost",2020-09-04,84,63,0,47,10,10,-6,C♯/D♭ Major,4,6Fc9IYSkbmVwv4dlzn8hJb,USP6L2000517
2311,"Hold On Tight","Jesse Barrera,Albert Posis",68,10B,42,2025-07-02,03:19,55,"","Hold On Tight",2021-08-20,63,46,0,49,0,0,-7,D Major,4,5hPewfonZMGexEhuuTDaDH,QZK6J2125726
2312,"Feels Like Summer","Samuel Jack",102,4A,71,2025-07-02,03:07,58,"","Feels Like Summer",2019-06-14,75,2,0,47,0,10,-6,F Minor,4,0ZERGmkfuDSrLaIzEGFdiH,QZ2LG1900004
2313,"Robbers","The 1975",100,12B,69,2025-07-02,04:14,75,"","The 1975",2013-01-01,62,0,0,39,0,30,-7,E Major,4,73jVPicY2G9YHmzgjk69ae,GBK3W1000199
2314,"...Ready For It?","Taylor Swift",160,10B,76,2025-07-03,03:28,79,"","reputation",2017-11-10,61,5,0,42,10,20,-7,D Major,4,2yLa0QULdQr0qAIvVwN6B5,USCJY1750003
2315,"Bleed (feat. Omar Apollo)","Malcolm Todd,Omar Apollo",124,8A,57,2025-07-04,02:59,67,"bedroom pop","Bleed (feat. Omar Apollo)",2025-02-28,73,0,0,51,0,40,-7,A Minor,4,5p3ckKoVpUi51ByUmA1vfT,USSM12500663
2316,"Dang! (feat. Anderson .Paak)","Mac Miller,Anderson .Paak",107,4A,67,2025-07-06,05:05,72,"","The Divine Feminine",2016-09-16,84,1,0,56,20,0,-7,F Minor,4,5iUQMwxUPdJBFeGkePtM66,USWB11601217
2317,"Stuff (feat. Travis Scott)","Lil Baby,Travis Scott",120,1A,68,2025-07-07,03:00,74,"rap","WHAM (Extended Version)",2025-01-10,84,1,0,76,20,10,-6,G#/A♭ Minor,4,6JvIjI8H3yxpigROd3Cv9N,USUG12500008
2318,"Silver Skies","MANILA GREY",100,2B,65,2025-07-07,03:02,47,"pinoy hip hop, pinoy r&b","No Saints Loading",2019-11-27,69,35,0,57,0,10,-7,F#/G♭ Major,4,612k0JGUvwPwfXoldaEqs8,TCAEH1985481
2319,"I Really Want to Stay at Your House","Rosa Walton,Hallie Coggins",125,2A,74,2025-07-07,04:06,79,"","Cyberpunk 2077: Radio, Vol. 2 (Original Soundtrack)",2020-12-18,49,0,0,13,0,0,-7,D#/E♭ Minor,4,7mykoq6R3BArsSpNDjFQTm,USLS52081705
2320,"Old Vibes","DROPLIKEAI",170,3A,38,2025-07-09,03:00,42,"","Giveaway Ep.1",2024-09-12,78,2,89,12,40,10,-12,A#/B♭ Minor,4,7ABZd9eo06ILpS0TlQN9bo,QZTBF2494143
2321,"Be Yourself","Nick Hustles",144,5B,25,2025-07-09,03:28,45,"","Be Yourself",2025-02-18,81,38,0,52,0,10,-16,D#/E♭ Major,4,0LwdoDmvwL2R6OwtJAEiK2,QZL382570961
2322,"Always Love featuring Hyunjin (Stray Kids)","d4vd,Hyunjin",142,4A,47,2025-07-09,03:18,68,"","Always Love featuring Hyunjin (Stray Kids)",2025-06-27,36,43,0,40,0,10,-9,F Minor,4,1WKafez8TM4dVYlSsxi6dS,USUM72506682
2323,"Big Poppa - 2007 Remaster","The Notorious B.I.G.",85,8A,67,2025-07-09,04:09,74,"old school hip hop, gangster rap, east coast hip hop, hip hop","Greatest Hits",2007-03-02,77,34,0,80,20,0,-5,A Minor,4,63BcfK6YAzJYeISaTPr6IO,USBB40706423
2324,"worst behaviour (feat. Kehlani)","kwn,Kehlani",118,10B,42,2025-07-09,03:33,64,"uk r&b, ","worst behaviour (feat. Kehlani)",2025-02-14,61,27,0,37,20,10,-9,D Major,4,7eRJjg52FkSmQvmNQDYpMl,USRC12500056
2325,"Circle","Tuesday Beach Club",83,12B,60,2025-07-10,03:33,38,"k-rock","Color",2024-12-10,38,41,19,12,0,10,-7,E Major,4,3VLeNf2S2bHwxFMgvYJCLW,KRMIM2477897
2326,"Still","Jeff Bernat",135,12B,32,2025-07-10,03:46,60,"","She Loves Me Not",2019-02-14,49,58,0,43,0,10,-12,E Major,4,6sv7ZmasB6qSiF8hWJNpDG,TCAEB1985736
2327,"SWAG","Justin Bieber,Cash Cobain,Eddie Benjamin",138,12A,75,2025-07-11,02:30,69,"sexy drill, jersey club, ","SWAG",2025-07-11,60,14,0,53,0,10,-6,C♯/D♭ Minor,4,3WQ5w7ruC3c861lHXF9Gs2,USUG12506188
2328,"Addicted to Pain","Alter Bridge",118,12A,99,2025-07-13,04:16,57,"post-grunge, alternative metal, hard rock","Fortress",2013-09-27,52,0,0,28,10,0,-4,C♯/D♭ Minor,4,2I75GCnEOzCvNpxCR3XYZH,NLA321392725
2329,"New York State of Mind","Billy Joel",121,8B,37,2025-07-13,06:03,67,"soft rock","Turnstiles",1976-05-19,51,50,0,19,0,30,-9,C Major,4,6yjKlmm7vOszkXEUku1EM1,USSM17600481
2330,"GO BABY","Justin Bieber",120,11B,57,2025-07-14,03:14,82,"","SWAG",2025-07-11,54,27,0,33,0,0,-8,A Major,4,01p5urrGw5fuFCcfT7PBgc,USUG12506175
2331,"Summer Uptown","jasontheween,d4vd",164,10A,74,2025-07-14,02:35,1,"","Summer Uptown",2025-07-09,53,1,0,77,0,10,-7,B Minor,4,7t98lQEVYPP58rkubC03Mh,USA2P2534113
2332,"Your Man","Josh Turner",101,2B,64,2025-07-15,03:31,76,"country, country christian","Your Man",2006-00-00,74,33,0,78,0,0,-4,F#/G♭ Major,4,1WzAeadSKJhqykZFbJNmQv,USUM70500903
2333,"Love Is Waiting","grooveman Spot,aimi",81,8B,61,2025-07-15,03:38,26,"j-r&b, j-rap","LUV 4 ME",2021-09-22,72,59,0,64,10,10,-6,C Major,4,7zwWa2rPNiqzWITeazIXQO,JPB602182441
2334,"Walking On Air","Babyface,El DeBarge",120,8B,81,2025-07-15,03:53,21,"quiet storm, new jack swing, r&b, contemporary r&b","Return Of The Tender Lover",2015-12-04,74,18,0,86,0,10,-4,C Major,4,7bvE9RNKdesTqivV2e9KQn,USUM71509399
2335,"Can We Luv (Feat. Etham)","1MILLION,Etham",115,3B,85,2025-07-15,03:41,29,"k-rap, ","Can We Luv",2025-07-10,70,5,0,64,0,30,-5,C♯/D♭ Major,4,7jh3WeZADPPcWpobKdDs1h,KRB472502024
2336,"Everything","Objective.",90,12B,35,2025-07-16,03:06,0,"","Sleepless streets, a windowside where thoughts linger.",2025-04-04,84,13,0,51,0,10,-12,E Major,4,0v5VDMGOR1BgiJqBWFojXa,QZK6G2542165
2337,"Parasite","Nick Drake",131,1B,35,2025-07-17,03:34,52,"folk, singer-songwriter","Pink Moon",1972-02-25,61,76,0,24,0,10,-9,B Major,4,2tlhnUxHtYDqu0i9KIraUu,GBAAN7200037
2338,"GOOD TIME","Niko Moon",138,7B,59,2025-07-17,03:34,64,"country","GOOD TIME",2021-08-27,80,9,0,69,0,20,-7,F Major,4,2S8UMuLJ0z8agFgFGJ6Ztt,USRN11900070
2339,"Melt","Kzyboost",103,10A,56,2025-07-17,02:32,6,"j-r&b, g-funk, j-rap","Too Wise",2023-09-20,81,22,2,66,10,20,-7,B Minor,4,7mxQseC2zaJpQLGA6WvVo8,TCJPX2328188
2340,"I Can Die Now","Ruel",147,9B,72,2025-07-17,02:51,45,"","I Can Die Now",2025-07-17,66,16,0,66,10,10,-3,G Major,4,6uHFeKZwWzGyIXlLbKi9oz,USA2P2531050
2341,"WAY IT IS","Justin Bieber,Gunna",77,4B,58,2025-07-19,03:15,48,"melodic rap","SWAG",2025-07-11,56,36,0,39,0,10,-6,G#/A♭ Major,4,6uTxnRiGNnMcwm1ZGdVCWl,USUG12506177
2342,"Renew","BANFF",76,8B,50,2025-07-19,03:54,19,"","Renew",2017-10-05,50,76,7,51,0,10,-9,C Major,4,19IvSX3bvwAePXlY51tDKC,FRX201712462
2343,"Be My Baby","The Ronettes",130,12B,77,2025-07-19,02:40,83,"christmas","Presenting the Fabulous Ronettes Featuring Veronica",1964-11-01,51,17,0,80,0,0,-7,E Major,4,1WN4uNclrDuczTO3bCr8s1,USQX91100088
2344,"Live Forever","Oasis",91,8A,78,2025-07-19,04:36,68,"britpop, madchester","Definitely Maybe",1994-08-29,34,0,0,22,0,30,-5,A Minor,4,1KgfeuVn5OlsBEtoEmBa1t,GBBBN0009485
2345,"FIELD TRIP","¥$,Playboi Carti,Don Toliver,Kodak Black",122,10A,69,2025-07-19,02:43,57,"rage rap, ","FIELD TRIP",2024-08-03,73,5,0,46,10,0,-5,B Minor,4,3lCb7ZYE3Fvie4JOPqpXfY,TLVEM2467230
2346,"Vegas","Johnny Orlando",94,4B,48,2025-07-19,02:51,44,"","The Ride",2024-02-23,60,49,0,20,0,10,-9,G#/A♭ Major,4,3a7hrn5cgp6D53uPUTc3Ai,CAUM72400017
2347,"Here Comes The Sun - Remastered 2009","The Beatles",129,11B,54,2025-07-19,03:05,85,"classic rock, psychedelic rock","Abbey Road (Remastered)",1969-09-26,56,3,0,39,0,10,-10,A Major,4,6dGnYIeXmHdcikdzNNDMm2,GBAYE0601696
2348,"Folded","Kehlani",136,3B,60,2025-07-19,03:58,88,"","Folded",2025-06-11,57,30,0,50,0,10,-7,C♯/D♭ Major,4,0bxPRWprUVpQK0UFcddkrA,USAT22504344
2349,"West Coast","Lana Del Rey",123,11A,59,2025-07-19,04:16,84,"","Ultraviolence (Deluxe)",2014-01-01,53,19,2,46,0,0,-8,F#/G♭ Minor,4,5Y6nVaayzitvsD5F7nr3DV,GBUM71402081
2350,"boffum","Saweetie,J White Did It",105,11B,71,2025-07-19,02:07,23,"","boffum",2025-07-17,90,0,0,7,0,10,-5,A Major,4,2OZIyvTgufOY7Gr7P854y4,USWB12502451
2351,"Boom (feat. JID)","Token,JID",126,3B,73,2025-07-22,02:34,45,"","Pink Is Better",2022-01-14,86,4,0,33,20,30,-7,C♯/D♭ Major,4,512YmmPt5AELP0TLAdzSUW,USAT22107844
2352,"Spring","Zmeyev",82,3B,37,2025-07-22,02:43,37,"lo-fi beats, jazz beats, lo-fi, jazz rap","Spring",2019-01-27,78,76,89,62,20,10,-12,C♯/D♭ Major,4,73Yoxsp8uqnrd1fEnZjUCU,QZ8LD1961223
2353,"DAISIES","Justin Bieber",110,4B,38,2025-07-23,02:56,70,"","SWAG",2025-07-11,80,72,0,48,0,10,-9,G#/A♭ Major,4,7rcbwjIaZ5jEgyFk35Bqfj,USUG12504304
2354,"Til I Get Found","Marc E. Bassy",105,3A,70,2025-07-24,03:42,36,"","Gossip Columns",2017-10-13,77,7,0,40,0,10,-7,A#/B♭ Minor,4,3UReTN3heQsznBG8edEcTU,USUM71710704
2355,"Sunday Best","Surfaces",112,7B,56,2025-07-24,02:38,75,"","Where the Light Is",2019-01-06,87,14,0,74,0,0,-6,F Major,4,1qYKWcEOrh2tM8PlgIm8K1,TCAEA1802695
2356,"Good Day","Surfaces",125,1B,53,2025-07-24,02:53,58,"","Horizons",2020-02-28,91,55,0,82,0,10,-7,B Major,4,3Sn36jbYTRuTSA3pHi4Ajz,QZJ841900239
2357,"Sundays","Emotional Oranges",98,6A,56,2025-07-24,03:09,58,"indie r&b","The Juice: Vol. II",2019-11-08,74,23,11,42,0,10,-8,G Minor,4,2yj8xbWxfrW8azD7VDQBER,USUM71920237
2358,"Love Me Less (feat. Quinn XCII)","MAX,Quinn XCII",145,10A,86,2025-07-24,02:57,56,"","Love Me Less (feat. Quinn XCII)",2019-04-05,73,8,0,77,0,30,-2,B Minor,4,2tOOcDDYkh0PSjr6GwPEAJ,USQX91900537
2359,"How Deep Is Your Love","Portrait",96,4A,34,2025-07-24,04:03,31,"new jack swing, quiet storm","All That Matters",1995-01-01,62,68,0,45,0,0,-14,F Minor,4,5wBK7kzV4ebnS3qAu7lWKL,USCA29500464
2360,"Just Friends","Virginia To Vegas",100,9B,71,2025-07-24,02:48,52,"","Just Friends",2019-05-24,79,16,0,79,10,10,-8,G Major,4,02Ygu8lo3qSknRpcBnspso,CA0K51900015
2361,"Like You Do","Joji",133,6B,20,2025-07-24,04:00,71,"","Nectar",2020-09-24,56,95,1,8,0,10,-10,A#/B♭ Major,4,4vgU9MGJwhgBEtlO8mMN49,ZZOPM2002290
2362,"Sudden","XamVolo",55,8A,17,2025-07-24,05:06,10,"","All The Sweetness On The Surface",2019-01-25,44,38,0,27,20,10,-8,A Minor,4,7GuYaxWTCtNHkh6g7U68Ar,GBUM71705298
2363,"High","5 Seconds of Summer",170,10B,59,2025-07-24,02:58,54,"","CALM",2020-03-27,47,78,0,60,0,10,-3,D Major,4,3uegDoaCj8IcNAaW3AoZUX,USUG12000302
2364,"Babylon","5 Seconds of Summer",93,9A,88,2025-07-24,03:33,58,"","Youngblood (Deluxe)",2018-06-15,52,0,0,49,0,20,-3,E Minor,4,6PUYqQtGWVAovZrLC9BIqt,GBUM71800859
2365,"Fly","Fransis Derelle,Parker Polhill",145,12B,72,2025-07-24,03:22,10,"future bass, melodic bass, ","Fly",2016-08-04,53,3,0,8,0,0,-4,E Major,4,27nHryoRxtrELpi3VHMxrq,GB2LD0902435
2366,"Better When I'm Dancin'","Meghan Trainor",128,10B,79,2025-07-27,02:56,70,"","Better When I'm Dancin'",2015-10-14,76,53,0,87,0,10,-7,D Major,4,5k5fWendNngd89O8JKoE8L,USSM11506387
2367,"Bodies","Dominic Fike",98,8B,75,2025-07-29,02:04,63,"","Sunburn",2023-07-07,81,2,0,68,0,0,-5,C Major,4,59JXLBosh2OFLMCARkINnB,USQX92301815
2368,"One Time Forever","DERBY",161,4B,63,2025-07-29,01:48,33,"","Slugger",2025-06-06,53,19,0,83,0,20,-11,G#/A♭ Major,4,12AzZ7frdHq5rKnnuWhEd8,USLD91777498
2369,"Deep Dive","Wallows",91,1B,48,2025-07-29,03:20,45,"indie","More",2025-03-28,56,22,0,46,0,10,-5,B Major,4,2xwdpcBS3JUMbaGdZ52SLs,USAT22401055
2370,"Delete Ya","Djo",118,4B,67,2025-07-29,03:23,79,"","The Crux",2025-04-04,83,25,6,84,0,40,-6,G#/A♭ Major,4,7tFI5cqfAoR7MIvmbw1qd8,QM4TW2525818
2371,"Cowboy Nudes","Geese",160,11B,86,2025-07-29,02:50,0,"art rock","3D Country",2023-06-23,63,2,8,93,0,10,-7,A Major,4,7i8XQTUczz7xyFdkSAdEg9,USBQU2200320
2372,"Add Up My Love","Clairo",105,4B,62,2025-07-29,03:25,71,"bedroom pop","Charm",2024-07-12,72,17,0,77,0,10,-7,G#/A♭ Major,4,6FcDxtnGfsYHOcGkXN2OIG,USA2P2416230
2373,"Touching Yourself","The Japanese House",108,5B,68,2025-07-29,03:01,65,"","In the End It Always Does",2023-06-30,71,14,0,93,0,20,-6,D#/E♭ Major,4,1HfsmNlg8xxhOr9N2i4Q0n,GBK3W2202473
2374,"SHELL ( OF A MAN )","Saya Gray",93,10B,43,2025-07-29,03:39,8,"","H.B.W",2024-11-21,68,65,0,48,10,40,-11,D Major,4,4oiSwIBwdYHm7RvDKR80vC,GBK3W2403075
2375,"Not Nice","John Keek",114,7B,48,2025-07-29,02:10,18,"","Do You Love John Keek?",2022-11-18,67,84,0,17,0,10,-11,F Major,4,1sAtSbcqfKD7a3Fhgjg5cw,GB5P52200389
2376,"Hit Me","Dirty Loops",130,10A,78,2025-07-29,03:31,43,"jazz funk, jazz fusion","Loopified",2014-01-01,65,0,0,59,0,10,-6,B Minor,4,69gIo7QQHFuhAiiJSXCYqI,USUM71317987
2377,"Mystical Magical","Benson Boone",120,1B,70,2025-07-29,02:45,79,"","Mystical Magical",2025-04-24,67,19,0,85,10,30,-4,B Major,4,221eHga9f9Ne4f8D7WVgPT,USWB12500844
2378,"I Can Die Now (ER Version)","Ruel",147,9B,82,2025-07-31,02:48,32,"","I Can Die Now (ER Version)",2025-07-30,60,0,1,95,0,0,-6,G Major,4,3Nq7dbFCxqqsb1aF4Cje6H,USA2P2536750
2379,"Decode - Twilight Soundtrack Version","Paramore",164,3A,87,2025-08-01,04:21,50,"pop punk, emo","Twilight Original Motion Picture Soundtrack (International Special Edition)",2008-11-03,28,0,1,28,0,10,-4,A#/B♭ Minor,4,3PvlHRry6oTyqLgvwsKdH6,USAT20804057
2380,"All I Can Say","Kali Uchis",68,5A,57,2025-08-01,03:07,68,"","Sincerely,",2025-05-09,48,74,7,28,0,10,-5,C Minor,4,6ewcR0FnLdKjIt9gcMghrQ,USUG12501805
2381,"Selfish","Lil Mosey",98,1B,54,2025-08-01,02:34,40,"melodic rap","Selfish",2025-05-16,71,1,0,48,0,0,-7,B Major,4,1YDhjVGQqvB0OpMPBM6g4t,USDXS2501018
2382,"Bass for My Thoughts","070 Shake",100,3B,55,2025-08-02,06:55,25,"","Bass for My Thoughts - Single",2016-06-28,67,3,0,30,0,20,-8,C♯/D♭ Major,4,047FzaHeN5Hgd1V0sDbZyv,USUYG1106105
2383,"Time Alone With You (feat. Daniel Caesar)","Jacob Collier,Daniel Caesar",77,3B,35,2025-08-02,04:15,47,"","Time Alone With You (feat. Daniel Caesar)",2019-11-29,67,32,0,53,40,40,-11,C♯/D♭ Major,4,04jVEb76Kw5OrmGtlXlHxI,GBUM71906100
2384,"Gas Pedal - Remix","Sage The Gemini,Justin Bieber,Iamsu!",98,3B,57,2025-08-09,04:39,54,"hyphy","Remember Me",2014-03-25,80,18,0,55,0,10,-8,C♯/D♭ Major,4,0YlmsOyEK9GL5In154LkID,USUM71320167
2385,"Magnolia","Playboi Carti",163,10A,58,2025-08-09,03:01,79,"rage rap","Playboi Carti",2017-04-14,79,1,0,44,20,30,-7,B Minor,4,1e1JKLEDKP7hEQzJfNAgPl,USUM71703095
2386,"Shimmer","Tockyy,LeBerry",125,3B,75,2025-08-09,01:55,14,"","Shimmer",2024-09-02,63,0,0,44,20,10,-11,C♯/D♭ Major,4,7zn7tDVb7LllxPQa96MLXw,QZTBC2498444
2387,"Hands To Myself","Selena Gomez",111,4A,51,2025-08-09,03:20,69,"","Revival (Deluxe)",2015-10-09,81,1,0,44,10,30,-7,F Minor,4,3CJvmtWw2bJsudbAC5uCQk,USUM71513592
2388,"Say My Name","Destiny's Child",138,4A,68,2025-08-09,04:31,82,"","The Writing's On The Wall",1999-07-27,71,27,0,73,10,10,-4,F Minor,4,7H6ev70Weq6DdpZyyTmUXk,USSM19901056
2389,"I'm the One (feat. Justin Bieber, Quavo, Chance the Rapper & Lil Wayne)","DJ Khaled,Justin Bieber,Quavo,Chance the Rapper,Lil Wayne",81,9B,67,2025-08-10,04:48,79,"rap, hip hop","Grateful",2017-06-22,61,6,0,81,0,10,-4,G Major,4,3DXncPQOG4VBw3QHh3S817,USSM11703300
2390,"WANTCHU","keshi",97,9B,53,2025-08-10,03:19,70,"","WANTCHU",2025-08-08,67,3,0,51,0,20,-8,G Major,4,0XWf8CRB6IptewumZDi5b6,USUM72507968
2391,"For Once In My Life","Stevie Wonder",110,2B,52,2025-08-11,02:49,73,"motown, classic soul, soul","For Once In My Life",1968-12-01,52,20,0,85,0,50,-12,F#/G♭ Major,4,4kP69y3GKHi9tXckfgp4bK,USMO16800531
2392,"SELAH","Forrest Frank",115,7B,36,2025-08-11,03:22,57,"christian, christian pop, christian hip hop, worship, christian lo-fi, christian r&b","SELAH",2025-08-08,71,71,0,24,0,20,-10,F Major,4,3epR1Sq8kRU8qc3iHcU6Iz,QZJ842503598
2393,"Die Young","Lil Texas",174,4B,90,2025-08-13,02:15,59,"hardstyle, frenchcore, gabber, hardcore, hardcore techno, tekno, speedcore, hard techno","Die Young",2025-06-13,57,18,0,81,0,30,1,G#/A♭ Major,4,1kWp3aDjFkJgGEWnCtRxi6,QZRP42276122
2394,"The Blower's Daughter","Damien Rice",133,12B,20,2025-08-13,04:46,65,"singer-songwriter","O",2002-00-00,34,13,0,7,0,30,-14,E Major,4,5yyRH93h4Pm6tXXYTxt7ea,IEABD0100003
2395,"The Subway","Chappell Roan",166,6B,61,2025-08-13,04:12,81,"","The Subway",2025-08-01,31,43,0,50,0,10,-6,A#/B♭ Major,4,2SsY5k7UWFqgye3PUMG3Oq,USUG12506170
2396,"Crysalis","Jenevieve",93,11A,56,2025-08-13,01:47,0,"alternative r&b","Crysalis",2025-07-25,46,33,3,38,0,10,-6,F#/G♭ Minor,4,43drLzaqUUPyo8YlD6PBPM,USUM72507519
2397,"Head Over Heels","Jenevieve",81,9A,54,2025-08-13,03:48,46,"alternative r&b","Head Over Heels",2025-06-13,71,26,0,68,0,30,-8,E Minor,4,7zORXBKwO7ON5qp9EMoN9g,USUM72505778
2398,"Missing Persons","Jenevieve",78,8B,58,2025-08-13,03:14,41,"alternative r&b","CRYSALIS",2025-08-08,63,10,0,69,0,10,-8,C Major,4,6Av4na55D5OeljhnIyfErJ,USUM72507529
2399,"Haiku","Jenevieve",84,7B,42,2025-08-13,03:32,41,"alternative r&b","Haiku",2025-05-09,68,23,0,59,0,20,-8,F Major,4,52uaVOICJKsGh3jBM1EW6m,USUM72503987
2400,"Flight Risk","Jenevieve",90,3B,55,2025-08-13,02:30,50,"alternative r&b","CRYSALIS",2025-08-08,76,31,0,74,0,0,-5,C♯/D♭ Major,4,6kh5cfH6NyQo8AZFsEJy0d,USUM72507526
2401,"Say That You Love Me","Letdown.",130,3B,74,2025-08-15,02:32,61,"","Say That You Love Me",2025-05-16,63,0,0,73,0,10,-5,C♯/D♭ Major,4,5kcAl2B3o7oM26BCQVggKl,USUG12503270
2402,"Barbie Girl","Aqua",130,12A,88,2025-08-15,03:17,78,"europop, eurodance","Aquarium (Special Edition)",1997-01-01,81,2,22,96,0,30,-11,C♯/D♭ Minor,4,5ZrDlcxIDZyjOzHdYW1ydr,DKBKA9700403
2403,"Fix You","Coldplay",138,5B,42,2025-08-16,04:55,86,"","X&Y",2005-06-07,21,16,0,12,0,10,-9,D#/E♭ Major,4,7LVHVU3tWfcxj5aiPFEW4Q,GBAYE0500605
2404,"I Love You So","The Walters",76,6B,65,2025-08-16,02:40,87,"","I Love You So",2014-11-28,57,58,0,47,0,10,-5,A#/B♭ Major,4,4SqWKzw0CbA05TGszDgMlc,TCACC1438995
2405,"WALKING AWAY","Justin Bieber",175,6B,68,2025-08-17,04:04,81,"","SWAG",2025-07-11,34,31,0,76,0,0,-7,A#/B♭ Major,4,0LutvoC2HqCfnaRSjrhtzo,USUG12506179
2406,"secondary option","leejean",98,4A,69,2025-08-18,03:21,45,"","ground zero ; chapter i",2023-03-08,81,32,0,69,20,10,-5,F Minor,4,2vImErlRn9X7bxvDjj4FDt,QZAY42300615
2407,"The Suburbs","Ruel",97,9B,63,2025-08-23,03:08,45,"","The Suburbs",2025-08-21,65,14,0,41,0,10,-5,G Major,4,1RtBcv6qFWBiKfVWfP7gHX,USA2P2535593
2408,"GALS4U","The Free Label",119,2B,52,2025-08-23,02:55,50,"","DANCING ON YOUR OWN",2025-04-03,79,57,12,86,0,10,-8,F#/G♭ Major,4,6sU774APj2OZ4tLGjwbZsK,FR59R2557833
2409,"L.O.V.E.U (feat. hannah bahng)","d4vd,hannah bahng",103,12A,51,2025-08-25,03:19,54,"","L.O.V.E.U (feat. hannah bahng)",2025-08-01,59,29,0,40,0,10,-10,C♯/D♭ Minor,4,1fdJovNYzsGgh7jv4qBckQ,USUM72507824
2410,"Daylight","Harry Styles",146,8B,45,2025-08-28,02:44,73,"","Harry's House",2022-05-20,69,48,0,63,0,10,-7,C Major,3,51Zw1cKDgkad0CXv23HCMU,USSM12200613
2411,"The Hurting","Tears For Fears",146,2B,88,2025-09-01,04:16,47,"new wave, synthpop","The Hurting",1983-03-07,59,19,24,86,0,10,-6,F#/G♭ Major,4,0CpBiDWgrVau4bGJbkQ73R,GBF088300039
2412,"Talk Down","Dijon",113,3B,82,2025-09-01,02:31,68,"","Absolutely",2021-11-05,75,18,0,71,10,20,-6,C♯/D♭ Major,4,4AZk9awBXJRVaLS7gOsaMO,USWB12104065
2413,"If I Believe You","The 1975",130,6B,32,2025-09-01,06:20,31,"","I like it when you sleep, for you are so beautiful yet so unaware of it",2016-02-26,69,74,1,32,0,10,-8,A#/B♭ Major,3,6cQ4bLtHOL6AfDV68wDrqf,GBK3W1500422
2414,"Less Than Zero","The Weeknd",143,8B,79,2025-09-01,03:31,75,"","Dawn FM",2022-01-06,54,0,0,50,0,0,-6,C Major,4,2D4dV2KXDTszzJ3p3cFqhA,USUG12106698
2415,"White Teeth","Ryan Beatty",168,2B,37,2025-09-01,03:58,49,"","Calico",2023-04-28,27,63,0,37,0,10,-8,F#/G♭ Major,5,3Gqagi4hGvcHyoWznBi4q3,GBAHS2300261
2416,"Falling Apart","Slow Pulp",146,1B,56,2025-09-01,02:46,65,"","Moveys",2020-10-09,67,40,1,42,0,10,-8,B Major,4,2b7zdV4i5vEaRlZAkiIAR5,QZ8SH2003508
2417,"Loving The Alien - 2018 Remaster","David Bowie",118,8B,78,2025-09-01,07:12,44,"glam rock, art rock","Tonight (2018 Remaster)",1984-09-29,60,2,0,76,0,10,-8,C Major,4,7BajdQYAHjGjwVmddeRlUn,USJT11700509
2418,"Sunshine Baby","The Japanese House",88,8B,58,2025-09-01,03:39,63,"","In the End It Always Does",2023-06-30,55,58,0,72,0,10,-8,C Major,4,7ihVeKd4RjiZ3y12nDhPZO,GBK3W2202480
2419,"The Downtown Lights","The Blue Nile",98,12B,70,2025-09-01,06:31,54,"art rock, synthpop","Hats",1989-00-00,56,32,0,44,0,10,-7,E Major,4,38TMvbDxQCQJm9nzHqmpiK,GBAAA1200709
2420,"From","Bon Iver",106,3B,55,2025-09-01,03:02,61,"","SABLE, fABLE",2025-04-11,73,53,4,82,0,0,-6,C♯/D♭ Major,4,5agmWuBAor2UQcNqByOvWC,US38Y2445005
2421,"Storms - 2015 Remaster","Fleetwood Mac",107,10A,28,2025-09-01,05:30,62,"yacht rock, classic rock, soft rock","Tusk (2015 Remaster)",1979-10-12,73,88,1,28,0,10,-15,B Minor,4,3h9T2wLTy4FEKulLDkUjlX,USRH11507775
2422,"Mythological Beauty","Big Thief",107,6B,58,2025-09-01,05:06,57,"","Capacity",2017-06-09,63,30,21,47,0,10,-9,A#/B♭ Major,4,3DM9c4wXXe0FBIBE6sgahF,US2U61725507
2423,"The Suburbs (35mph Version)","Ruel",78,12B,18,2025-09-14,03:45,34,"","The Suburbs (35mph Version)",2025-09-11,67,92,0,46,0,10,-12,E Major,3,0KaJHUYl1F1dTsGtqiuU81,USA2P2545418
2424,"Beaches","beabadoobee",82,6B,81,2025-09-19,03:50,80,"bedroom pop","This Is How Tomorrow Moves",2024-08-09,42,2,0,42,0,10,-4,A#/B♭ Major,4,1a19jsjG2DvbN1fVJonKUU,GBK3W2402971
2425,"With You","Teather",96,1A,49,2025-09-19,03:41,32,"trip hop","It Was Only Perfect Because It Was Never Real",2025-08-01,66,37,50,33,0,10,-11,G#/A♭ Minor,4,2OOTWoRspM8rw7FC9bcDW4,QZNWQ2585306
2426,"SPEED DEMON","Justin Bieber",93,6B,71,2025-09-25,03:31,84,"","SWAG II",2025-09-05,84,9,0,86,10,0,-5,A#/B♭ Major,4,4YmS7BALpAU0h4EAF4fYuh,USUG12508123
2427,"Wild Guess","Ruel",117,8B,88,2025-09-25,02:46,43,"","Wild Guess",2025-09-25,61,0,0,61,0,10,-3,C Major,4,3yEBtdO34T5kdnabqZJawn,USA2P2535589
2428,"EX","P1Harmony",148,10B,85,2025-09-26,02:53,62,"k-pop, noise music","EX",2025-09-26,79,5,0,89,10,0,-4,D Major,4,50ARYbP5bKUn4YVKZIEfbS,KRMIM2548487
2429,"Dancing Queen","P1Harmony",136,7B,82,2025-09-26,03:31,61,"k-pop, noise music","EX",2025-09-26,63,4,0,40,0,10,-4,F Major,4,6IgeJKw2mKHM8qsQLTnC1S,KRMIM2548488
2430,"Stupid Brain","P1Harmony",92,4B,75,2025-09-26,04:02,59,"k-pop, noise music","EX",2025-09-26,68,2,0,56,0,20,-4,G#/A♭ Major,4,2IkRaB1f2WfjDfd2Un337i,KRMIM2548489
2431,"Night Of My Life","P1Harmony",148,2B,91,2025-09-26,02:12,53,"k-pop, noise music","EX",2025-09-26,60,2,0,75,0,0,-4,F#/G♭ Major,4,2zJgvkrsHMgheuV3RR3USP,KRMIM2548490
2432,"Sugar On My Tongue","Tyler, The Creator",126,1B,50,2025-09-27,02:33,84,"","DON'T TAP THE GLASS",2025-07-21,70,3,0,46,10,10,-7,B Major,4,6xV7Be6XEvkSnighmh2Tzj,USQX92503270
2433,"Cobra","Geese",121,9B,83,2025-09-27,03:05,70,"art rock","Getting Killed",2025-09-26,53,26,2,60,0,40,-4,G Major,4,7qOBKhD1a54OvLvVee2tGf,USBQU2500077
2434,"ocean eyes","Billie Eilish",145,9A,36,2025-09-27,03:20,81,"","dont smile at me",2017-12-22,51,82,3,17,0,0,-8,E Minor,4,7hDVYcQq6MxkdJGweuCtl9,US23A1500056
2435,"God 1st","Caleb Gordon",160,10A,64,2025-09-27,02:00,53,"christian hip hop, christian r&b, christian, christian pop","God 1st",2025-09-12,70,43,0,81,20,10,-6,B Minor,4,3fr7sRjXYbYz7rf2EdiKXr,QT65X2505937
2436,"Vibrations","Al Dobson Jr.",99,4A,51,2025-09-27,02:18,34,"jazz house, indie jazz","Rye Lane (Vol. 2 & 3)",2016-03-22,77,59,93,88,20,10,-15,F Minor,4,0V9xqjOSTk6G8BJ3uUfgeP,UKB8U1500035
2437,"Social","from20",102,4A,72,2025-09-27,02:45,39,"","Social",2025-09-26,72,3,0,72,10,0,-2,F Minor,4,0WhsfjJmg66WGioRJP0gyY,ZZA0P2520717
2438,"Say","keshi",102,4A,67,2025-09-29,03:01,69,"","Requiem",2024-09-13,67,43,0,66,0,10,-8,F Minor,4,49PPH7Kji3bCyKKNx78SxS,USUM72406556
2439,"Are You Bored Yet? (feat. Clairo)","Wallows,Clairo",120,1A,68,2025-10-01,02:58,79,"indie, bedroom pop","Nothing Happens",2019-03-22,68,16,0,64,0,20,-6,G#/A♭ Minor,4,57RA3JGafJm5zRtKJiKPIm,USAT21812258
2440,"Girl at the Station","grentperez",94,12B,42,2025-10-01,02:27,50,"","Backflips in a Restaurant",2025-03-28,56,54,0,45,0,30,-9,E Major,3,4of0FMIHXxzAfvsKk3Ne76,QMFMF2426969
2441,"Apple Cider","beabadoobee",138,10B,92,2025-10-02,02:58,78,"bedroom pop","Loveworm",2019-04-26,49,8,1,68,0,30,-4,D Major,4,5xA5MggKc3aQxuOzNzPUWB,GBK3W1901010
2442,"She's Back","Sexyy Red",160,4B,47,2025-10-02,02:42,60,"","In Sexyy We Trust",2024-05-24,72,6,0,16,30,30,-6,G#/A♭ Major,4,3PR8q1B3b6hsJlwphfgCZK,QZS7J2480846
2443,"Young Black & Rich","Melly Mike",130,3B,57,2025-10-02,02:35,50,"","Selfish Nightmares",2025-02-07,51,0,0,22,0,10,-12,C♯/D♭ Major,4,329Oa67QUA5iqu5RTuVE4n,QZMEP2444086
2444,"Keep Me Warm","Chace",86,4A,70,2025-10-04,03:38,27,"deep house, future house","Keep Me Warm",2025-02-07,68,13,0,39,0,0,-7,F Minor,4,2pLo1jJFDkwnfm6bYVg3eS,QMRSZ2402119
2445,"Sunsetter","Calum Hood",143,10B,74,2025-10-05,03:59,49,"","ORDER chaos ORDER",2025-06-13,37,15,0,35,0,20,-7,D Major,4,34Gex6ugcOGNoHPZF2rofH,AU2DY2500079
2446,"Sanctuary","Joji",168,3B,64,2025-10-07,03:00,78,"","Nectar",2020-09-24,55,39,0,33,10,30,-7,C♯/D♭ Major,4,4VQH4VluDUOsOuDxccTeyN,ZZOPM2002183
2447,"Just Keep Watching","Tate McRae",130,8A,80,2025-10-08,02:22,70,"","F1 The Album",2025-06-27,66,6,0,38,10,60,-6,A Minor,4,2HbCo1YJTZyF8hD3eyFKPN,USAT22503028
2448,"Caviar","JayDon",84,6B,33,2025-10-08,02:54,41,"","Caviar",2025-10-03,56,56,0,66,0,10,-7,A#/B♭ Major,4,3bUBljQLIeJcsdfKy9NzsS,QZS7J2592554
2449,"WITCHYA","Justin Bieber",175,9B,42,2025-10-08,02:43,71,"","SWAG II",2025-09-05,56,25,0,53,0,60,-9,G Major,4,7itUbJA4IGNGOrvOOGywD7,USUG12508126
2450,"Too Good to Say Goodbye","Bruno Mars",77,10B,63,2025-10-10,04:41,78,"","24K Magic",2016-11-18,59,4,0,43,0,30,-6,D Major,4,0B0tYbVp7pDQAqKDhgMeaL,USAT21602953
2451,"Mystery of Love","Sufjan Stevens",132,9A,27,2025-10-10,04:08,82,"baroque pop","Mystery of Love",2017-12-01,37,94,43,24,0,10,-17,E Minor,5,5GbVzc6Ex5LYlLJqzRQhuy,US64G1737302
2452,"Be Quiet and Drive (Far Away)","Deftones",93,3B,97,2025-10-10,04:59,82,"nu metal, alternative metal, rap metal, rock, shoegaze","Around the Fur",1997-10-27,21,0,83,17,0,30,-5,C♯/D♭ Major,4,4Uiw0Sl9yskBaC6P4DcdVD,USMV29700147
2453,"how do you dance?","yung kai",124,8B,46,2025-10-10,03:21,60,"","stay with the ocean, i'll find you",2025-09-26,72,55,62,73,0,10,-13,C Major,4,3TFCPkwhrH1E47OoJuN4hP,QMRSZ2501534
2454,"Your Love Is My Drug","Kesha",120,3B,61,2025-10-10,03:07,80,"","Animal (Expanded Edition)",2010-01-01,83,1,0,76,10,0,-4,C♯/D♭ Major,4,6vc2Jq2vaGu8z326kSrw92,USRC10900735
2455,"First Class","Jack Harlow",107,4A,58,2025-10-11,02:53,77,"","Come Home The Kids Miss You",2022-05-06,90,11,0,33,10,10,-6,F Minor,4,0wHFktze2PHC5jDt3B17DC,USAT22203024
2456,"Real Friends","Camila Cabello",92,5B,30,2025-10-12,03:34,54,"","Camila",2018-01-12,73,84,0,81,10,0,-9,D#/E♭ Major,4,3iq9nhbI8fcnNamxMft1uv,USSM11706923
2457,"Ocho Rios","Daniel Caesar",128,10B,52,2025-10-12,02:33,65,"","NEVER ENOUGH",2023-04-07,58,4,0,21,0,0,-7,D Major,4,5XUuMp2i5ojqcDOSusChqL,USUG12209352
2458,"Vodka Cranberry","Conan Gray",186,7B,66,2025-10-13,04:05,68,"","Vodka Cranberry",2025-07-11,40,47,0,43,0,0,-5,F Major,4,6Ql76QUTIXajTh9cVjrAZl,USUM72505666
2459,"Opalite","Taylor Swift",125,9A,82,2025-10-13,03:55,92,"","The Life of a Showgirl",2025-10-03,81,8,0,80,0,0,-5,E Minor,4,3yWuTOYDztXjZxdE2cIRUa,USUG12506438
2460,"You Are","Bryan Chase",97,2B,31,2025-10-13,03:01,3,"k-rap","2U",2023-06-28,63,74,0,16,0,10,-11,F#/G♭ Major,4,6fxdColsUIzGDEGB70AWa6,KSA002301390
2461,"Please U","USHER",140,5A,63,2025-10-13,02:58,36,"r&b","COMING HOME",2024-02-09,75,10,0,93,0,10,-5,C Minor,4,0SMkyHDWI9vNOCuSAeplj5,QZS7J2388025
2462,"Cannonball","Alex Sampson",80,8B,38,2025-10-13,03:12,36,"pop singer-songwriter","Cannonball",2021-04-30,52,51,0,27,0,20,-8,C Major,4,4NohFTIQ0kUD9Ue890qtVV,QZES52183987
2463,"Only Ever","Ruel",173,3B,81,2025-10-16,02:31,51,"","Kicking My Feet",2025-10-17,48,6,0,63,10,30,-4,C♯/D♭ Major,4,1RdVZNgFRiXicu9qC7aofS,USA2P2535588
2464,"When You Walk In The Room","Ruel",147,6B,79,2025-10-16,01:58,45,"","Kicking My Feet",2025-10-17,58,31,0,61,0,30,-5,A#/B♭ Major,4,5BSCINJT3puNEiM2KwPCgb,USA2P2535590
2465,"Not What’s Going On","Ruel",142,3B,85,2025-10-16,02:54,53,"","Kicking My Feet",2025-10-17,59,1,0,73,0,10,-3,C♯/D♭ Major,4,22j1qFcWhyPMQjXWtq0bKc,USA2P2535591
2466,"Destroyer","Ruel",91,10B,56,2025-10-16,03:08,49,"","Kicking My Feet",2025-10-17,53,11,0,35,0,0,-5,D Major,4,4lTHDY956zbELiMBqqRBGj,USA2P2535592
2467,"No News Is Good News","Ruel",138,12B,47,2025-10-16,03:46,45,"","Kicking My Feet",2025-10-17,65,38,0,43,0,10,-7,E Major,4,0Ndw45QXn1U8Wv7xi3Y6zN,USA2P2535594
2468,"Even Angels Won’t","Ruel",81,3B,28,2025-10-16,03:17,45,"","Kicking My Feet",2025-10-17,50,77,0,21,0,10,-8,C♯/D♭ Major,4,2DPZtjnmdw53pvIGHrIUH6,USA2P2535595
2469,"Kicking My Feet","Ruel",160,9B,62,2025-10-16,03:18,47,"","Kicking My Feet",2025-10-17,37,53,0,35,0,10,-5,G Major,3,2QrK5VB3VEwL9uwizfRwRi,USA2P2535596
2470,"dst (outro)","Ruel",80,11B,40,2025-10-16,00:52,42,"","Kicking My Feet",2025-10-17,22,47,0,31,0,50,-6,A Major,3,2uTzqtVSuzEMse03KtZmzc,USA2P2535597
2471,"Something Keeps Calling (feat. Rob Bacon)","Raphael Saadiq,Rob Bacon",80,9B,66,2025-10-18,04:44,31,"neo soul, soul, retro soul, ","Jimmy Lee",2019-08-23,61,24,0,56,0,40,-7,G Major,4,1dRnQLpzDjnmYhX4BSg937,USSM11903187
2472,"Just A Dream","Nelly",90,3B,75,2025-10-18,03:57,80,"","5.0",2010-11-12,53,4,0,10,0,10,-6,C♯/D♭ Major,4,3ZdJffjzJWFimSQyxgGIxN,USUM71020948
2473,"YUKON","Justin Bieber",81,6A,30,2025-10-18,02:43,90,"","SWAG",2025-07-11,45,80,0,59,20,10,-13,G Minor,3,29iva9idM6rFCPUlu7Rhxl,USUG12506174
2474,"After Midnight","Chappell Roan",110,8B,89,2025-10-27,03:24,67,"","The Rise and Fall of a Midwest Princess",2023-09-22,71,2,0,84,0,0,-4,C Major,4,4rlQza35DE4Prh5yonxnCs,USUG12302739
2475,"Snacks & Wine","WIM",138,5B,57,2025-10-27,03:30,49,"","Snacks & Wine",2025-04-02,77,28,0,68,0,10,-8,D#/E♭ Major,4,5YZR3UQJQ8OLWYjhieJ6hn,FR59R2592175
2476,"Baby Blue (Feat. Norwill Simmonds)","Daniel Caesar,Norwill Simmonds",179,8A,43,2025-10-27,05:57,22,"","Son Of Spergy",2025-10-24,33,79,0,14,0,30,-8,A Minor,3,1gEhfHuq8JcPiP3M3OBdbN,USUG12505891
2477,"evening glow","wave to earth",100,1B,52,2025-10-27,03:36,57,"","0.1 flaws and all.",2023-04-20,52,30,62,49,0,10,-9,B Major,4,7KboPR4TuGQSAEjJNXKwQQ,KRA252300810
2478,"Townies","8RO8",97,12A,66,2025-10-27,02:31,29,"","Townies",2023-02-10,66,26,0,61,10,10,-7,C♯/D♭ Minor,4,0olsaee5nvAvJP9D8ZfZtS,US39N2300418
2479,"Dreamland","Glass Animals",142,4B,35,2025-10-27,03:23,56,"","Dreamland",2020-08-07,25,88,0,10,0,0,-12,G#/A♭ Major,5,2LiDZmGERLzjrtBTCofj2G,GBUM72000427
2480,"last girl","elijah woods",140,2B,42,2025-10-27,03:20,28,"pop singer-songwriter","bright orange everglow",2023-08-20,61,28,0,29,0,10,-10,F#/G♭ Major,3,1clbhXTQHTCnhAHx4efjXx,QZNWU2345441
2481,"Thirst Trap","Audrey Hobert",119,5B,71,2025-10-27,03:05,63,"","Who's the Clown?",2025-08-15,71,8,0,60,0,0,-7,D#/E♭ Major,4,0xiySkh9JAa1f3r6MdBUa3,USRC12500627
2482,"Say","Tenseoh,ANH,Vnoahh",130,5A,25,2025-10-27,02:04,43,"","Say",2023-09-14,90,1,92,92,30,0,-11,C Minor,4,2HfowGa7fUbKe9JnEdj44Q,QM3DF2294284
2483,"It Takes Two","Fiji Blue",102,12B,60,2025-10-27,02:39,57,"","It Takes Two",2021-02-25,73,34,0,86,0,0,-8,E Major,4,5V7qLbZJNTwaEVbZADqofc,TCAFI2178857
2484,"GET IT","keshi",170,9A,71,2025-10-27,02:31,52,"","GABRIEL",2022-03-25,62,22,0,31,0,20,-8,E Minor,4,4LaZ8RpIP6DIgN73bXQVlO,USUM72123275
2485,"Love Language","SZA",65,8A,26,2025-11-01,03:03,68,"r&b","SOS",2022-12-09,71,85,0,55,0,10,-10,A Minor,4,1eIXYZWEfJO3Na2LCCnIJE,USRC12204588
2486,"Daylight Blush","Take Van",140,12A,54,2025-11-01,02:36,30,"","Daylight Blush",2025-07-31,84,0,10,68,0,10,-7,C♯/D♭ Minor,4,4TAKGdEHWxfQM11RM4fNo1,TCAJU2575223
2487,"No Pole - Slowed & Reverb","Forsaken",113,3A,57,2025-11-01,03:33,62,"","No Pole (Slowed & Reverb)",2024-10-25,61,9,0,25,0,20,-7,A#/B♭ Minor,3,0VWfkieYW5d9IPKKOEs7HM,CA5KR2500812
2488,"Stuck On You","Velvet Funk",102,8A,56,2025-11-02,03:17,47,"","Stuck On You",2025-05-10,85,14,0,40,10,0,-7,A Minor,4,0NMdsJ1xYzR7O3ogP1Qkru,CAGOO2521370
2489,"Hello Hi","Tyde",135,7B,41,2025-11-04,02:39,46,"dark r&b","Hello Hi",2023-07-28,80,72,0,59,20,10,-13,F Major,4,3odnvEnC9RG9ZvTRHM2NIG,QZNWV2376928
2490,"Welcome To New York","Taylor Swift",117,9B,63,2025-11-04,03:32,66,"","1989",2014-01-01,79,4,0,62,0,30,-5,G Major,4,10nqz67NQWWa7XPq7ycihi,USCJY1431299
2491,"Sign of the Times","Harry Styles",120,7B,60,2025-11-10,05:40,92,"","Harry Styles",2017-05-12,52,3,0,22,0,10,-5,F Major,4,5Ohxk2dO5COHF1krpoPigN,USSM11703595
2492,"Mine","Bazzi",143,12B,79,2025-11-10,02:11,74,"","COSMIC",2018-04-12,71,2,0,72,0,40,-4,E Major,4,7uzmGiiJyRfuViKKK3lVmR,USAT21704227
2493,"Flower","Johnny Stimson",197,5A,36,2025-11-10,02:53,57,"","Flower",2021-11-19,49,14,0,50,20,10,-8,C Minor,3,48QKOSXSIdV6nZkT0pfqLn,TCAED1972915
2494,"see through","Amelia Moore",148,2B,47,2025-11-26,02:59,52,"","he's just not that into you!",2024-07-26,63,46,2,45,0,10,-9,F#/G♭ Major,4,1lsJjnvmbmx1ufznwAdYku,US38Y2415652
2495,"Bags - Recorded At Electric Lady Studios","Clairo",110,3A,66,2025-11-26,04:39,66,"bedroom pop","Live at Electric Lady",2023-05-12,67,11,9,60,0,0,-6,A#/B♭ Minor,4,3ISKxnCGKc5B9zr9CTUB3v,USUG12302755
2496,"Rockstar","HYBS",117,3B,60,2025-12-01,03:02,48,"","Making Steak",2022-09-01,77,26,54,92,0,10,-8,C♯/D♭ Major,4,379gXeCL1yvMogRRpKMDIE,FRX452209418
2497,"Maybe We Could Be a Thing","Jesse Barrera,Michael Carreon,Albert Posis",95,12B,48,2025-12-01,02:56,59,"","Maybe We Could Be a Thing",2022-03-11,68,67,0,62,0,10,-9,E Major,4,2yjDmSX8ukT00SXmRs04T6,QZDA62267834
2498,"Dancing with my phone","HYBS",102,2B,59,2025-12-01,03:23,50,"","Dancing with my phone",2021-11-23,83,44,8,88,0,10,-8,F#/G♭ Major,4,4Zh9zZmEBoDLTKQRjXwict,FRX872124199
2499,"Daisy","Delorians",115,3B,65,2025-12-01,03:06,40,"indonesian indie, bedroom pop","Daisy",2021-09-21,64,13,0,60,0,20,-10,C♯/D♭ Major,4,3SE3kNoi1T9euYL6NTOcXB,QZMEQ2176462
2500,"Take It Further","Mina Okabe",93,7B,48,2025-12-01,03:21,45,"","Take It Further",2022-05-20,76,79,0,51,0,10,-8,F Major,4,0rbT2Eihb1kA0XUOnYHnyS,DKUM72200149
2501,"Kiss Me","Matt Maltese",77,2B,46,2025-12-01,02:57,42,"","Kiss Me",2024-01-24,54,36,91,31,0,10,-9,F#/G♭ Major,4,2b38FyMDTmShS1H5psrqXb,QMFMF2372453
2502,"Hi Bye, Goodnight","DANIEL",98,6B,54,2025-12-01,04:15,48,"","Hi Bye, Goodnight",2020-12-15,35,88,36,33,0,10,-8,A#/B♭ Major,4,0Cbo2nwSh4r2zjlDml9cQp,KRMIM2034323
2503,"Soft Spot - Acoustic","keshi",106,1B,28,2025-12-01,03:28,58,"","Soft Spot (Alternate Versions)",2024-10-25,56,91,0,35,0,10,-13,B Major,4,7FB6Nx7TK8y1Ke8dY6ROpQ,USUM72412101
2504,"<3 Song","Delorians,Winda Claudia",120,11B,48,2025-12-01,03:13,34,"indonesian indie, bedroom pop, ","<3 Song",2021-08-13,77,12,0,89,0,10,-8,A Major,4,1e3tWzJosmVs6Jg2gqExup,QZK6H2161085
2505,"Dreamy Summer","babychair",105,11B,39,2025-12-01,03:11,37,"taiwanese indie","Summertime",2021-03-25,68,24,39,63,0,20,-11,A Major,4,45KJPwxKELegq5ArJR2MRa,TCAFH2051033
2506,"Favorite Person","Delorians,Marsharis",100,8B,31,2025-12-01,04:02,41,"indonesian indie, bedroom pop, ","Favorite Person",2021-08-27,78,8,0,67,0,0,-12,C Major,4,4fsbGl8HipSG3ShhjlCmMo,QZK6F2129765
2507,"Fantasy","HYBS",106,11A,77,2025-12-01,03:31,47,"","Fantasy",2023-11-14,68,26,0,76,0,0,-6,F#/G♭ Minor,4,6OYm4FXjYy0Q3sgssdFEho,DGA0H2387610
2508,"All Day All Night","babychair",168,9A,68,2025-12-01,03:20,49,"taiwanese indie","Summertime",2021-03-25,67,72,0,89,10,40,-9,E Minor,4,1zEekvEjXdZbD86o8tSx9l,TCAFF2049971
2509,"You're Sorry","Victor Lundberg,Astyn Turr",80,11B,48,2025-12-01,05:24,50,"","You're Sorry",2021-03-12,64,88,0,59,0,10,-8,A Major,4,0radZezmqKDFv3fSvbFQSz,SE5Q52100559
2510,"Needy","Delorians",117,7B,53,2025-12-01,03:36,35,"indonesian indie, bedroom pop","Needy",2021-10-31,66,0,0,90,0,10,-12,F Major,4,6KkryukVg2oVEkT5Cbwsv7,QZNWV2162208
2511,"Long Limbs","The Brook & The Bluff",120,4B,71,2025-12-01,03:16,35,"","Long Limbs",2023-06-06,73,37,2,82,0,20,-8,G#/A♭ Major,4,7r7QkwZPOVFsVUlJ8D2XRI,QM6N22379465
2512,"I Love You So","Delorians",90,6B,60,2025-12-01,03:04,42,"indonesian indie, bedroom pop","I Love You So",2022-02-10,52,4,0,45,0,20,-9,A#/B♭ Major,4,5g6jEIR6C9USlFizEtkFsG,QZFZ72224031
2513,"Let It Rain","HYBS,GANGGA",93,7B,55,2025-12-01,03:30,48,"","Let It Rain",2023-12-19,78,44,0,74,0,10,-7,F Major,4,6uOSgCjfRFc4hrqK2PEq12,DGA0Q2342798
2514,"New Light","John Mayer",124,9B,69,2025-12-01,03:37,79,"singer-songwriter","Sob Rock",2021-07-16,83,32,3,85,0,0,-8,G Major,4,4T6FWA703h6H7zk1FoSARw,USSM11806100
2515,"Afterglow","Ed Sheeran",110,1B,32,2025-12-01,03:05,67,"soft pop","Afterglow",2020-12-21,64,70,0,27,0,30,-6,B Major,4,0E4Y1XIbs8GrAT1YqVy6dq,GBAHS2001193
2516,"Beautiful People (feat. Khalid)","Ed Sheeran,Khalid",93,4A,65,2025-12-01,03:17,70,"soft pop, ","Beautiful People (feat. Khalid)",2019-06-28,64,12,0,55,10,0,-8,F Minor,4,4evmHXcjt3bTUHD1cvny97,GBAHS1900885
2517,"Happier","Ed Sheeran",90,8B,39,2025-12-01,03:27,77,"soft pop","÷ (Deluxe)",2017-03-03,52,54,0,24,0,10,-7,C Major,4,2RttW7RAu5nOAfq6YFvApB,GBAHS1700028
2518,"Lego House","Ed Sheeran",160,1B,64,2025-12-01,03:05,72,"soft pop","+",2011-09-09,59,56,0,56,10,10,-8,B Major,4,5ubHAQtKuFfiG4FXfLP804,GBAHS1100206
2519,"South of the Border (feat. Camila Cabello & Cardi B)","Ed Sheeran,Camila Cabello,Cardi B",98,8A,62,2025-12-01,03:24,75,"soft pop, ","No.6 Collaborations Project",2019-07-12,86,15,0,67,0,0,-6,A Minor,4,4vUmTMuQqjdnvlZmAH61Qk,GBAHS1900714
2520,"Destroyer (Heartstring Version)","Ruel",91,10B,41,2025-12-03,03:07,33,"","Destroyer",2025-12-04,29,24,0,29,0,30,-9,D Major,4,1feivhwq88ZMf3Bmt86MSC,USA2P2565987
2521,"Destroyer (Demolition Version)","Ruel",95,10B,37,2025-12-03,02:34,22,"","Destroyer",2025-12-04,48,81,0,36,0,10,-7,D Major,4,0OQEjzI6HXWeGyEvO7F1nl,USA2P2546985
2522,"Have A Baby (With Me)","Daniel Caesar",131,3B,34,2025-12-04,03:45,60,"","Have A Baby (With Me)",2025-07-25,64,81,3,46,0,10,-12,C♯/D♭ Major,4,1V0rl8HIvcfn1ztxPuYMFc,USUG12505889
2523,"All I Want for Christmas Is You","Mariah Carey",150,9B,63,2025-12-04,04:01,71,"christmas","Merry Christmas",1994-10-28,34,16,0,35,0,0,-7,G Major,4,0bYg9bo50gSsH3LtXe2SQn,USSM19400325
2524,"Rich Girl","Gwen Stefani,Eve",98,6A,75,2025-12-04,03:56,76,"","Love. Angel. Music. Baby.",2004-11-12,86,3,0,76,0,20,-3,G Minor,4,2oxtQ84p1j5GmyzmD50Lq0,USIR10400846
2525,"SO BAD","Kelly is Green",146,11A,67,2025-12-04,02:43,8,"","SO BAD",2025-11-02,64,39,0,78,0,20,-7,F#/G♭ Minor,4,6dgByLnvK05bo8TYJiSWTw,QT6EB2507117
2526,"Drinking Age","Cameron Winter",134,1B,13,2025-12-05,03:30,63,"","Heavy Metal",2024-12-06,28,90,12,12,0,10,-15,B Major,4,6nUPcVDYjCrnNMaXAJ9eO3,USBQU2400172
2527,"Arm's Length","Sam Fender",116,4A,59,2025-12-05,03:59,56,"","Arm's Length",2025-01-24,72,31,2,58,0,40,-8,F Minor,4,5rrwj9g1c4kwnPSnsXP7g3,GBUM72403254
2528,"There's A Rhythmn","Bon Iver",81,5B,38,2025-12-05,05:16,58,"","SABLE, fABLE",2025-04-11,60,72,37,47,0,10,-9,D#/E♭ Major,4,7uWS4zoWMNU9fUPojMYilC,US38Y2445008
2529,"COULD BE WRONG","LOSTBOYJAY",129,8B,77,2025-12-05,03:06,76,"rally house, house","COULD BE WRONG",2022-12-02,88,2,0,83,10,30,-8,C Major,4,5zuex7tbGFz0gSHlrMvQdu,GBUM72208113
2530,"False Alarm","The Weeknd",174,1A,68,2025-12-05,03:40,65,"","Starboy",2016-11-25,52,3,0,19,0,10,-6,G#/A♭ Minor,4,4oeaIftdpT3JuZLcCkKmVE,USUG11600975
2531,"Pull Up (feat. NAV)","A Boogie Wit da Hoodie,NAV",150,6A,37,2025-12-05,03:13,45,"melodic rap","Hoodie SZN",2018-12-21,83,49,0,56,20,10,-7,G Minor,4,76vviJBqmRdMMb9u9npgfj,USAT21802883
2532,"Santa Claus Is Coming To Town","Frank Sinatra",142,5B,40,2025-12-05,02:14,48,"christmas, big band, adult standards, swing music, jazz, vocal jazz","Ultimate Christmas",2017-10-06,56,67,0,68,0,20,-10,D#/E♭ Major,4,6syO6UTl8QiiWADJy3Uy2d,USRH10903365
2533,"Beggin'","Frankie Valli & The Four Seasons",130,7A,36,2025-12-05,02:50,58,"northern soul, doo-wop, motown","Four Seasons, Six Decades",2022-06-24,59,6,0,37,0,10,-15,D Minor,4,61fjeXSGKDkIUXw9yEDnRY,USRH11400296
2534,"Winter Magic","Winterbell",87,8B,25,2025-12-05,02:09,38,"","Magic Moments",2025-10-31,13,95,63,22,0,0,-16,C Major,4,12UMBJJgRvdoYqobqlp5gQ,US39N2541105
2535,"Be My Friend Pt1","Selecta Ghost,DJ Vybeout",105,10B,91,2025-12-06,01:26,17,"","Raspe 4 Di Win",2025-08-07,69,6,0,65,30,50,1,D Major,4,2NOqOMUcZyUjZZNdZMxLQ0,QZWFU2501331
2536,"Ice Skater","Huncho Wilt",83,5B,61,2025-12-06,02:19,0,"","Apron Talk III",2024-08-10,69,1,0,12,30,80,-7,D#/E♭ Major,4,2ztr4KboGMSJiJh7DlIBzy,QZTAY2479312
2537,"CHANEL","Tyla",115,10A,77,2025-12-06,03:08,88,"afrobeats","CHANEL",2025-10-24,86,13,0,88,0,40,-5,B Minor,4,4VxTzYm00mg82MuoT35Ja7,USSM12503648
2538,"Body Go (with Tyla)","MOLIY,Tyla",112,12A,64,2025-12-06,02:45,68,"alté, afrobeats","Body Go (with Tyla)",2025-10-17,82,12,0,45,0,10,-7,C♯/D♭ Minor,4,4UDguq9kRecAxXZZl2kH1P,QZS7J2560084
2539,"Trunks","A$AP Rocky",144,10B,72,2025-12-06,03:43,63,"rap","Highest 2 Lowest (Original Soundtrack)",2025-08-15,83,2,0,34,0,30,-4,D Major,4,1GcV3QOYG2rpRYwumBZD6q,USRC12500969
2540,"End of the Day","Soul Cafe",127,6B,13,2025-12-06,03:52,21,"","The Night Begins",2025-09-01,60,81,0,13,0,10,-17,A#/B♭ Major,4,6ulmuZkJrVdEC6VryozMLE,USB8U2502116
2541,"Smile","Johnny Stimson",88,10B,32,2025-12-06,02:42,49,"","Smile",2020-05-08,51,21,0,44,20,0,-10,D Major,4,2HbmLbfMj0m3gMd9E5c9iu,TCAEU2044313
2542,"Filthy","Justin Timberlake",97,3B,58,2025-12-06,04:53,49,"","Man of the Woods",2018-02-02,75,4,1,65,10,20,-6,C♯/D♭ Major,4,5ZpjODX6OH1xZs3AOewTO6,USRC11702778
2543,"Lithonia","Childish Gambino",140,3B,38,2025-12-06,02:59,65,"","Lithonia",2024-07-02,42,9,0,17,0,10,-8,C♯/D♭ Major,4,4JfpJrrGNXRj2yXm1fYV23,USRC12402124
2544,"Lose My Mind (feat. Doja Cat) [From F1® The Movie]","Don Toliver,Doja Cat,F1 The Album",110,9B,67,2025-12-06,03:29,83,"","Lose My Mind (feat. Doja Cat) [From F1® The Movie]",2025-04-30,55,6,0,24,0,10,-6,G Major,4,02BcXEH1zJYbXSabPtNlKf,USAT22503117
2545,"Golden December","Michael Miles,The Christmas Collective",96,3B,60,2025-12-17,04:11,37,"christmas","Golden December",2025-11-17,56,44,0,29,0,10,-7,C♯/D♭ Major,4,5WgdzS8cslebdjqjPVu1pb,SE62X2546701
2546,"A COLD PLAY","The Kid LAROI",151,8B,64,2025-12-17,02:59,69,"","A COLD PLAY",2025-09-05,82,5,0,43,0,10,-5,C Major,4,4H5DcBcHSt6ReloheY37Yi,USSM12503891
2547,"Last Christmas","Johnny Orlando",128,8B,73,2025-12-18,03:07,25,"","Last Christmas",2020-11-17,71,3,0,68,0,10,-6,C Major,4,7IguZUbEN3K37mQ2lTI4Uq,CAUM72000231
2548,"Miffed It","Way Dynamic",87,10A,36,2025-12-20,04:06,64,"","Massive Shoe",2025-08-22,65,37,64,52,0,0,-13,B Minor,4,2Akjix15UL9ec80rPlzW9P,FRX282576865
2549,"On My Way","Delorians",120,6B,49,2025-12-21,02:46,33,"indonesian indie, bedroom pop","On My Way",2022-04-14,78,9,0,77,0,0,-9,A#/B♭ Major,4,24HsSiABSidMgIWKppAKKu,QZHN32298971
2550,"BOYFRIEND KILLER","Palmer",95,11A,36,2025-12-21,03:14,35,"","BOYFRIEND KILLER",2021-05-28,84,53,0,39,0,0,-10,F#/G♭ Minor,4,6rqot498PSzyAq1tEn4BFD,QZHN52141897
2551,"Only Ever (Stripped)","Ruel",87,3A,38,2025-12-22,02:19,24,"","Kicking My Feet (Live Sessions)",2025-12-19,52,86,0,53,0,20,-8,A#/B♭ Minor,4,1DncqDUyOIQiF5WddVpNsI,USA2P2546983
2552,"When You Walk In The Room (Live)","Ruel",73,6B,57,2025-12-22,02:02,25,"","Kicking My Feet (Live Sessions)",2025-12-19,51,42,0,55,0,20,-8,A#/B♭ Major,4,3Hi8fZ1PcfRsWU43xetKIK,USA2P2568948
2553,"The Suburbs (Live)","Ruel",99,10B,58,2025-12-22,02:57,23,"","Kicking My Feet (Live Sessions)",2025-12-19,72,32,0,61,0,10,-6,D Major,4,13gUehFbDy3e5Dlus1iNYk,USA2P2568949
2554,"Even Angels Won’t (Live)","Ruel",166,3B,28,2025-12-22,03:13,23,"","Kicking My Feet (Live Sessions)",2025-12-19,32,95,1,23,0,10,-9,C♯/D♭ Major,4,6V1AZNUxDRr7SfsKza7pet,USA2P2568950
2555,"Kicking My Feet (Stripped)","Ruel",105,9B,32,2025-12-22,03:11,25,"","Kicking My Feet (Live Sessions)",2025-12-19,49,87,0,34,0,10,-9,G Major,4,4hpbSSqnEWrcBZDRkeOfMQ,USA2P2546987
2556,"Dream","keshi",158,1B,16,2025-12-24,03:30,61,"","Requiem",2024-09-13,33,86,0,17,0,10,-14,B Major,3,2os94xwGzHhL7XgtSdzep2,USUM72406561
2557,"Lover Boy","Phum Viphurit",110,1B,56,2025-12-24,03:56,58,"bedroom pop","Lover Boy",2018-03-22,80,53,0,63,0,10,-9,B Major,4,2rd4FH1cSaWGc0ZiUaMbX9,FR10S1894031
2558,"SLIDE THRU DMS","Delorians,Winda Claudia",108,2B,42,2025-12-24,03:55,18,"indonesian indie, bedroom pop, ","SLIDE THRU DMS",2021-02-19,66,20,0,34,0,10,-12,F#/G♭ Major,4,7oqvj5IaKP7vBm4k5lLUa9,QZFZ62149117
2559,"peach eyes","wave to earth",95,10A,49,2025-12-24,03:05,68,"","0.1 flaws and all.",2023-04-20,62,64,0,72,0,10,-9,B Minor,4,72UVMFjUAL6KJvwi36VBiz,KRA252300809
2560,"Lonely Nights","LEISURE",104,4A,60,2025-12-24,03:20,64,"indie soul","Sunsetter",2021-12-03,69,12,3,72,0,20,-8,F Minor,4,1SJ7eKG6Ha5opLNxlXXvwa,CAN112000215
2561,"she likes spring, I prefer winter","slchld",80,11B,65,2025-12-24,03:27,18,"","my insecurities, not yours",2019-03-01,45,56,0,47,0,20,-7,A Major,4,6bM1QYzUKzZpQyAa7uO5kr,QZDA71918712
2562,"Daffodil","Cruise Awayy",105,2B,77,2025-12-24,03:30,5,"surf rock, dream pop","Daffodil",2022-08-01,55,4,0,84,0,20,-7,F#/G♭ Major,4,6mwp1rcoPjXCPLBPkZJxAd,QZK6G2291051
2563,"Dive","Olivia Dean",90,9B,75,2025-12-24,03:20,88,"pop soul","Messy",2023-06-30,63,15,0,28,0,10,-6,G Major,4,36vmaZyO0iAE6FZ7287fg2,GBUM72301484
2564,"Go Higher","HYBS",121,9A,66,2025-12-24,03:28,54,"","Making Steak",2022-09-01,74,13,7,87,0,0,-9,E Minor,4,4aivV3u4U30a9fXLrWJEpj,FR10S2255818
2565,"Run Away","HYBS",122,7A,63,2025-12-24,03:39,48,"","Making Steak",2022-09-01,80,36,1,93,0,20,-6,D Minor,4,3GC6ftneUaMZXPUlSmyxV3,FRX452209416
2566,"Killer","HYBS",95,7A,44,2025-12-24,03:18,38,"","Killer",2022-05-24,75,13,1,56,0,10,-8,D Minor,4,0skOmSnfoOEOjCvkkvymhz,FR96X2214105
2567,"Text Me Merry Christmas (feat. Kristen Bell)","Straight No Chaser,Kristen Bell",79,9B,51,2025-12-25,02:40,27,"christmas, ","Under the Influence: Holiday Edition",2014-11-18,60,43,0,67,0,30,-5,G Major,4,68bjO39GD3JEEL3qAu0bGC,USAT21404579
2568,"Christmas for Two","Room.",93,9B,41,2025-12-25,03:29,16,"","Holiday Love",2025-11-06,65,47,0,41,0,10,-13,G Major,4,79KEH2urevPuaKSu44tFK7,QT6EF2574944
2569,"Last Christmas","ASTN",120,11B,38,2025-12-25,02:28,36,"","Last Christmas",2023-10-20,73,29,0,36,10,10,-10,A Major,5,6KVbGwEeQU6OOFNImlaT3b,USWB12304020
2570,"Sleigh Ride","Mariah Carey",184,10A,90,2025-12-25,02:39,11,"christmas","Mariah Carey's Magical Christmas Special (Apple TV+ Original Soundtrack)",2020-12-11,47,15,0,65,10,70,-4,B Minor,4,1oHdP8DCgkHPStfPjOBJqs,USQX92005044
2571,"Rockin' Around The Christmas Tree","Brenda Lee",67,4B,47,2025-12-25,02:06,64,"christmas","Merry Christmas From Brenda Lee",1964-10-19,60,62,0,88,0,50,-9,G#/A♭ Major,4,2EjXfH91m7f8HiJN1yQg97,USMC15848998
2572,"This Christmas","Tai Verdes",112,7B,30,2025-12-25,03:18,11,"","This Christmas",2021-10-29,75,35,0,37,0,10,-11,F Major,3,6d8gHs2B0VbCD6ttF87jmD,USAR12100167
2573,"Christmas In The Room","Sufjan Stevens",150,8B,23,2025-12-25,04:22,19,"baroque pop","Silver & Gold",2012-11-13,62,92,0,26,0,10,-14,C Major,3,5HKMy7VNuQpHEeD5UOMDNx,US64G1210034
2574,"I Want You","cortex",128,6A,60,2025-12-27,03:02,42,"dark r&b","6 AM / I Want You",2025-11-14,54,3,0,25,0,10,-5,G Minor,3,6TqgqV2DS0Ze3S8oDg5wzJ,USLD91786137
2575,"The Middle","Zedd,Maren Morris,Grey",107,9B,66,2025-12-27,03:04,81,"edm, country, ","The Middle",2018-01-23,75,17,0,44,0,10,-3,G Major,4,09IStsImFySgyp0pIQdqAc,USUM71800463
2576,"Maria","Justin Bieber",111,11A,69,2025-12-27,04:08,77,"","Believe (Deluxe Edition)",2012-06-15,83,1,0,29,0,10,-7,F#/G♭ Minor,4,7E1dQbOk1qcx9gEPUMBKsk,USUM71205389
2577,"How It Ends","DeVotchKa",104,9A,34,2025-12-30,06:59,55,"","How It Ends",2004-10-05,62,87,8,4,0,40,-11,E Minor,4,24dR04JmT6GtVQ0rWJo13V,USA2B0499605
2578,"High Hopes","Panic! At The Disco",82,7B,90,2026-01-03,03:10,84,"emo","Pray for the Wicked",2018-06-22,58,19,0,68,0,0,-3,F Major,4,1rqqCSm0Qe4I9rUvWncaom,USAT21801174
2579,"if it's real, then i'll stay","Bonjr",98,3B,4,2026-01-03,03:04,65,"dark ambient","if it's real, then i'll stay",2021-07-02,40,99,96,7,0,10,-29,C♯/D♭ Major,4,6MIouIaP6WqE6o9Uo25gdO,GX38U2199010
2580,"16","Baby Keem",94,3B,78,2026-01-03,02:36,76,"","The Melodic Blue",2021-09-10,70,9,0,57,10,10,-5,C♯/D♭ Major,4,1Is8hGpkGMiePASAxBluxM,USSM12106871
2581,"See You Again (feat. Kali Uchis)","Tyler, The Creator,Kali Uchis",79,2B,56,2026-01-03,03:00,91,"","Flower Boy",2017-07-21,56,37,0,62,10,10,-9,F#/G♭ Major,4,7KA4W4McWYRpgf0fWsJZWB,USQX91701275
2582,"Goodbye Love","Rosario Dawson,Adam Pascal,Taye Diggs,Idina Menzel,Tracie Thoms,Anthony Rapp,Jesse L. Martin",87,5A,41,2026-01-03,06:24,41,"musicals","RENT (Original Motion Picture Soundtrack)",2005-09-27,36,81,0,15,0,10,-7,C Minor,4,5XfbSyRMdop6Te9znNL238,USBYQ0500023
2583,"25th","Tori Kelly",88,1B,78,2026-01-03,03:46,29,"","A Tori Kelly Christmas",2020-10-30,58,2,0,74,0,0,-4,B Major,4,7gM3AyEuhJs4RXT6i9yJGy,USUM72018888
2584,"city boy","kanegi.",94,6A,20,2026-01-03,02:46,56,"","archives 02",2025-08-06,79,37,0,51,0,0,-16,G Minor,4,5Ai1xBdEWnP99udbOaWbc2,QZWFT2554460
2585,"best day ever","Oscar Anton,Blanks",128,10B,69,2026-01-16,03:00,29,"french indie pop, french pop, ","postcard from Amsterdam",2022-05-06,61,6,0,90,0,70,-9,D Major,4,5Oj8fVzb2Ha8NutbI0x3P8,UKRLR2000202
2586,"Big Guy - from  The SpongeBob Movie: Search for SquarePants”","Ice Spice",115,3B,79,2026-01-16,02:30,79,"","Big Guy (from  The SpongeBob Movie: Search for SquarePants”)",2025-11-14,98,0,0,72,10,0,-4,C♯/D♭ Major,4,3HiCAjMaPfM4vnbhLhADBp,USUG12508803
2587,"Sweet Boy","Malcolm Todd",88,4A,37,2026-01-16,03:00,87,"","Sweet Boy",2024-04-05,77,37,0,71,0,30,-10,F Minor,4,59c2xv2kMzYM6HR9oY6BIa,USSM12306221
2588,"No Hands (feat. Roscoe Dash & Wale)","Waka Flocka Flame,Roscoe Dash,Wale",131,3B,60,2026-01-16,04:23,86,"","Flockaveli",2010-10-01,76,1,0,36,0,20,-6,C♯/D♭ Major,4,03tqyYWC9Um2ZqU0ZN849H,USWB11002103
2589,"Die On This Hill","SIENNA SPIRO",82,4A,43,2026-01-16,03:37,93,"","Die On This Hill",2025-10-10,52,76,0,25,0,30,-5,F Minor,4,2gYTC8DsplN3RNdpdBcCOQ,USUG12508560
2590,"have to.","Brent Faiyaz",160,3B,40,2026-01-16,03:27,58,"r&b","have to.",2025-10-31,78,38,1,76,10,0,-8,C♯/D♭ Major,4,55Doxe1XJGnB88uYpLf6xW,QZNMW2599622
2591,"Long Live (Taylor's Version)","Taylor Swift",204,8B,63,2026-01-16,05:17,71,"","Speak Now (Taylor's Version)",2023-07-07,38,2,0,10,0,20,-4,C Major,4,4hqJ4bSlYJOXb6Z4SRmzxs,USUG12302086
2592,"I Think They Call This Love - Cover","Matthew Ifield",104,5A,56,2026-01-16,03:16,77,"","I’ll Be Home For Christmas / I Think They Call This Love (Cover)",2024-11-28,39,68,1,57,0,10,-7,C Minor,3,14mT8BCOXiUUcGlb7KujkT,AUUM72400359
2593,"Happy Birthday (lofi)","Less Gravity",125,4B,31,2026-01-16,00:36,25,"lo-fi","Happy Birthday (lofi)",2025-03-14,81,85,92,82,0,10,-13,G#/A♭ Major,3,6cGOpPMiGFBuk61bTGQo3S,FIPHW2500004
2594,"Boys","Charli xcx",140,10B,55,2026-01-16,02:42,58,"hyperpop, art pop","Boys",2017-07-26,87,6,0,53,0,0,-5,D Major,4,5o4yGlG0PfeVUa6ClIyOxq,GBAHS1700564
2595,"Love Me Harder","Ariana Grande,The Weeknd",99,12A,71,2026-01-19,03:56,87,"pop, ","My Everything (Deluxe)",2014-08-22,49,1,0,24,0,0,-4,C♯/D♭ Minor,4,5J4ZkQpzMUFojo1CtAZYpn,USUM71409728
2596,"Numb","Men I Trust",139,12B,30,2026-01-29,03:39,69,"bedroom pop, indie pop","Numb",2019-04-12,78,81,95,65,0,10,-14,E Major,4,6Ijmj8Z0L31hCp5pLZnT5U,QZDA61998453
2597,"Your Eyes","Adam Pascal",101,8B,41,2026-01-29,02:36,38,"musicals","RENT (Original Motion Picture Soundtrack)",2005-09-27,39,21,0,11,0,20,-7,C Major,4,4i5CsAoHF8V6fL79WzEHzx,USBYQ0500026
2598,"Baby!","Dijon",83,12B,56,2026-01-29,03:40,58,"","Baby",2025-08-15,33,45,0,38,0,10,-8,E Major,4,6Qgy3ikLFnJsJ7xHL0mayF,USWB12503070
2599,"After Party","Don Toliver",163,7B,69,2026-01-29,02:47,76,"","Heaven Or Hell",2020-03-13,63,1,33,45,0,60,-8,F Major,4,527k23H0A4Q0UJN3vGs0Da,USAT22001223
2600,"Aperture","Harry Styles",128,10B,72,2026-01-29,05:11,83,"","Aperture",2026-01-22,68,11,7,18,0,10,-10,D Major,4,45Z3m6yazmAi4jZuW0tzW0,USSM12600096
2601,"i'm in ♥","Hangsung",90,9B,49,2026-01-30,03:36,38,"","you're the sunshine!",2025-10-16,70,6,0,52,0,10,-7,G Major,4,2B0diV7giYtuF22GDlk0nK,KRA252501683
2602,"4Me 4Me","Malcolm Todd",150,1A,66,2026-01-30,03:30,63,"","4Me 4Me",2024-01-26,57,52,11,67,0,50,-8,G#/A♭ Minor,4,07oVB2BTnBp1RBQ5gdbWLA,USSM12400299
2603,"Peace Of Mind","Wesley Joseph,Danny Brown",76,10B,61,2026-01-30,02:09,49,"experimental hip hop, alternative hip hop","Peace Of Mind",2026-01-08,77,54,0,81,20,10,-7,D Major,4,0QDpFGGK0vPADxypanLHVz,US38W2546206
2604,"With you","Bassvictim",130,10B,48,2026-01-30,02:43,52,"electroclash, witch house, hyperpop","Basspunk 2",2025-01-30,72,1,0,49,0,10,-9,D Major,4,1PDy5ezNt5OLCw3ew79ywB,USZ4V2500043
2605,"Wicked Games","Kiana Ledé",146,11A,44,2026-01-30,03:01,63,"","Selfless",2018-07-13,77,45,0,48,0,10,-7,F#/G♭ Minor,3,0TYhf0MgEj4YJaKwo5c4Km,USUM71809557
2606,"Why","Blxst",95,2B,56,2026-01-30,02:32,47,"","Why",2025-12-05,65,77,0,81,30,10,-5,F#/G♭ Major,4,5m7WSCHb0I8wBSAM0xAVOq,USUYG1772751
2607,"Suga' iced Tea","My Boy Arlo",174,7A,25,2026-01-30,03:15,0,"","Grown Folkz: First Edition",2025-11-27,63,49,0,44,0,10,-12,D Minor,3,1dsw2fqf7sX66sBcjg0XhW,QT65X2656019
2608,"Keep Me","Novo Amor",105,3B,13,2026-01-30,03:14,67,"ambient folk","Cannot Be, Whatsoever",2020-11-06,57,89,6,7,0,10,-14,C♯/D♭ Major,4,5xYpEeGFXmkGMBQ22NfKfO,GB45A2002052
2609,"Butterflies","Michael Jackson",90,4B,66,2026-01-30,04:40,70,"","Invincible",2001-10-29,71,6,0,55,0,10,-3,G#/A♭ Major,4,0rT9f5BSZrZ6DvzfBEckG0,USSM10110474
2610,"Don't Judge Me","Chris Brown",176,9A,50,2026-01-30,04:00,67,"r&b","Fortune (Expanded Edition)",2012-07-03,33,53,0,36,10,10,-11,E Minor,4,0NG5gJzPHjYeQmqcmqfopN,USRC11200565
2611,"Prettiest To Me","HYBS",167,2B,27,2026-02-01,03:22,60,"","Making Steak",2022-09-01,29,92,1,22,0,10,-11,F#/G♭ Major,3,7rfvlim74ftATAUcpMO1Vx,FRX452209419
2612,"Washed Away","Kelela",147,9A,42,2026-02-01,03:36,45,"alternative r&b","Raven",2023-02-10,15,98,97,14,0,20,-10,E Minor,4,1o6heh4aefLv3GJYjtfLa6,GBBPW2200061
2613,"Happy Ending","Kelela",133,5A,88,2026-02-01,04:08,50,"alternative r&b","Raven",2023-02-10,62,32,6,46,0,10,-7,C Minor,4,1Szz2K6zjz3tbHJFfuIb4E,GBBPW2200062
2614,"Let It Go","Kelela",104,4A,25,2026-02-01,04:22,41,"alternative r&b","Raven",2023-02-10,36,79,4,9,0,10,-15,F Minor,4,1OFEzFogOuGlrjZt6jdz6l,GBBPW2200063
2615,"On the Run","Kelela",85,4A,36,2026-02-01,04:52,45,"alternative r&b","Raven",2023-02-10,48,47,3,18,10,10,-13,F Minor,4,4N9CjZCmixsudkya5a7MtW,GBBPW2200064
2616,"Missed Call","Kelela",134,5A,70,2026-02-01,03:51,39,"alternative r&b","Raven",2023-02-10,76,6,0,79,0,10,-9,C Minor,4,2CsJF93DaHd8mYwYX3JtLL,GBBPW2200065
2617,"Closure","Kelela,Rahrah Gabor",101,1A,51,2026-02-01,03:29,43,"alternative r&b, ","Raven",2023-02-10,70,70,0,46,0,10,-13,G#/A♭ Minor,4,5tir4dUwLnKYd1rr0zLiGR,GBBPW2200066
2618,"Contact","Kelela",127,11A,82,2026-02-01,04:00,55,"alternative r&b","Raven",2023-02-10,72,39,13,74,0,0,-9,F#/G♭ Minor,4,6RlczF1bVrcf4f65qaXuoA,GBBPW2200067
2619,"Fooley","Kelela",140,4A,22,2026-02-01,03:34,38,"alternative r&b","Raven",2023-02-10,45,11,89,5,0,10,-16,F Minor,4,53a82fPkpZAQ7zgXTCsLpn,GBBPW2200068
2620,"Holier","Kelela",70,1A,13,2026-02-01,04:14,38,"alternative r&b","Raven",2023-02-10,13,85,79,7,0,10,-21,G#/A♭ Minor,5,1pXfj151MyB7kWMkY4DYdt,GBBPW2200069
2621,"Raven","Kelela",128,3B,45,2026-02-01,04:36,40,"alternative r&b","Raven",2023-02-10,36,36,5,15,0,10,-13,C♯/D♭ Major,4,3lNsSHUBMTbi9T2fYSxDyj,GBBPW2200070
2622,"Bruises","Kelela",130,9B,60,2026-02-01,04:15,42,"alternative r&b","Raven",2023-02-10,62,50,51,11,10,10,-12,G Major,4,5EKjnrnyrw688C3yoMfbwK,GBBPW2200071
2623,"Sorbet","Kelela",120,1A,19,2026-02-01,05:29,45,"alternative r&b","Raven",2023-02-10,41,86,5,13,0,10,-17,G#/A♭ Minor,4,6yLrQ7UEwIknRZNm7boKHV,GBBPW2200072
2624,"Divorce","Kelela",121,12B,17,2026-02-01,03:21,36,"alternative r&b","Raven",2023-02-10,26,83,34,5,0,10,-17,E Major,3,6osuEBSw4nYk2cw3stqy4A,GBBPW2200073
2625,"Enough for Love","Kelela",169,8B,50,2026-02-01,04:25,38,"alternative r&b","Raven",2023-02-10,38,36,0,24,10,60,-11,C Major,4,0rbvjJu9ws4Ye1vurZM2fW,GBBPW2200074
2626,"Far Away","Kelela",110,8A,34,2026-02-01,04:21,38,"alternative r&b","Raven",2023-02-10,16,47,35,14,0,20,-12,A Minor,4,3ThIJ13rElAE4Nx4Qjza4l,GBBPW2200075
2627,"Swalla (feat. Nicki Minaj & Ty Dolla $ign)","Jason Derulo,Nicki Minaj,Ty Dolla $ign",98,3B,79,2026-02-01,03:36,72,"trap soul","Swalla (feat. Nicki Minaj & Ty Dolla $ign)",2017-02-23,69,15,0,75,10,20,-5,C♯/D♭ Major,4,6kex4EBAj0WHXDKZMEJaaF,USWB11700237
2628,"Tattoo (12:30) (with. Lee jiham, BK, KANG YUCHAN & WoW)","JUNHEE,Lee jiham,김병관,KANG YUCHAN ,WoW",118,3B,73,2026-02-03,03:15,42,"k-ballad, ","The First Day & Night",2025-09-12,67,15,0,75,0,0,-7,C♯/D♭ Major,4,4t67VSwxK3jhW9cAlqpI4z,KSA012405303
2629,"Gang Over Luv","Brent Faiyaz",164,4B,28,2026-02-04,03:24,71,"r&b","Sonder Son",2017-10-13,78,4,0,30,30,0,-9,G#/A♭ Major,4,7LaI3mRTJu66r9HKdv7iBx,QM24S1703696
2630,"Homewrecker","sombr",100,3B,92,2026-02-08,03:29,94,"","Homewrecker",2026-02-05,46,5,0,53,0,10,-3,C♯/D♭ Major,4,7tICCrK3CcyRFKza7yrR0z,USWB12600102
2631,"Get Lucky (feat. Pharrell Williams and Nile Rodgers)","Daft Punk,Pharrell Williams,Nile Rodgers",116,11A,79,2026-02-08,06:09,77,"french house, electronic, electro, ","Random Access Memories",2013-05-20,81,4,0,86,0,0,-9,F#/G♭ Minor,4,69kOkLUCkxIZYexIgSG8rq,USQX91300108
2632,"Isolation - Live from Wembley Arena, November 29, 2011","Alter Bridge",103,7B,97,2026-02-08,06:58,18,"post-grunge, alternative metal, hard rock","Live At Wembley",2012-03-26,21,0,0,11,10,80,-5,F Major,4,1ixoCrPhKQGHOvPZFuj8xD,USY252291466
2633,"Rocket Queen","Guns N' Roses",112,4A,98,2026-02-08,06:13,65,"rock, glam metal, hard rock, classic rock","Appetite For Destruction",1987-07-21,45,3,16,40,0,0,-5,F Minor,4,0xaNdYwK8ZF3cHSjraQGC0,USGF18714812
2634,"Highway to Hell","AC/DC",116,11A,91,2026-02-08,03:28,88,"rock, hard rock, classic rock, rock and roll","Highway to Hell",1979-07-27,57,6,0,42,10,10,-5,F#/G♭ Minor,4,2zYzyRzz6pRmhPzyfMEC8s,AUAP07900028
2635,"Summer in California","Johnny Stimson",161,3B,58,2026-02-08,02:57,13,"","Summer in California",2023-05-26,38,54,0,31,0,10,-4,C♯/D♭ Major,4,1yI4JeK2krY1hIX7VL4NgM,TCAHB2394333
2636,"Off the Record","Will Jay",112,9B,74,2026-02-08,03:27,37,"","Off the Record",2017-08-08,85,3,0,80,0,0,-6,G Major,4,3dtzkKx6beVq9qsjCGxMrC,QM64R1700002
2637,"Wonderful Slippery Thing","Guthrie Govan",96,10A,79,2026-02-08,03:20,47,"jazz fusion, electro swing","Erotic Cakes",2012-02-23,54,6,59,71,0,0,-7,B Minor,4,3MbHBhGhJr7anwlETNVTRA,TCABE1225351
2638,"back 'n forth","Chuka, The Destroyer",127,3A,52,2026-02-19,03:17,54,"","back 'n forth",2026-01-16,75,6,0,70,10,10,-5,A#/B♭ Minor,4,57c824155MOILKW4B9i26h,QT6HL2551640
2639,"365 featuring shygirl","Charli xcx,Shygirl",138,8B,65,2026-02-25,02:01,56,"hyperpop, art pop","365 featuring shygirl",2024-10-10,74,24,1,69,20,70,-9,C Major,4,4GvIHtWAavGmq5WkWpvroZ,USAT22408102
2640,"Good thing going","Dermot Henry",121,1B,12,2026-02-25,03:40,36,"","Good thing going",2024-02-26,47,82,0,27,0,30,-19,B Major,3,0GB6PJlEbOy3auR7G7OtNM,QZES82408505
2641,"Cooler","Jonny Chopps",150,10A,69,2026-02-27,03:14,16,"aussie drill","Cooler",2025-02-28,85,4,0,61,30,10,-9,B Minor,4,1dCqevIlpZ72w0DLCFKUEN,QZHN52582484
2642,"Love U Like That","Lauv",95,6B,67,2026-02-27,03:31,69,"","Love U Like That",2023-08-04,71,9,0,24,0,0,-4,A#/B♭ Major,4,3rmqiQbzPDx7A8p88IRFKg,QZTTB2300002
2643,"Forever Young","Fujii Kaze",123,8B,76,2026-02-27,05:53,59,"j-pop","Prema",2025-09-05,74,3,1,33,0,0,-8,C Major,4,3K0Xr4N0ccBKqBBHDARIFy,JPPO02501624
2644,"butterflies.","Brent Faiyaz",83,8B,35,2026-02-28,04:08,84,"r&b","Icon",2026-02-13,38,54,0,31,0,10,-10,C Major,4,4jyyma8YdFC4S4llusSFRu,QZJG52634676
2645,"Epilepsy Is Dancing","Antony and the Johnsons,ANOHNI",77,5B,16,2026-02-28,02:41,31,"baroque pop, art pop","The Crying Light",2009-01-19,44,96,0,36,0,10,-14,D#/E♭ Major,3,2MjBAuWvXeboXwO3Qxhczv,US38W0919402
2646,"Big Ole Freak","Megan Thee Stallion",143,10B,70,2026-03-07,03:34,73,"","Tina Snow",2018-12-21,80,1,0,63,20,10,-8,D Major,4,3YEbLhXRDPTtctnb3ddg8g,USXQS1821741
2647,"two","bbno$",128,3B,88,2026-03-07,02:15,72,"","two",2024-10-04,86,1,0,88,0,30,-5,C♯/D♭ Major,4,6DRZmJa38MaMNthwG3fCBD,QM24S2405396
2648,"Die For Me","ZAYN",168,6A,64,2026-03-07,03:00,72,"","Die For Me",2026-02-06,35,4,0,23,0,30,-5,G Minor,3,15tkKpcwBE3XJhaBdLPBKJ,USUG12600847
2649,"Life Is Worth Living","Justin Bieber",76,6B,30,2026-03-07,03:54,47,"","Purpose (Deluxe)",2015-11-13,56,91,0,46,0,10,-9,A#/B♭ Major,4,6v3K6OzmSrwMgSNuPYIBrc,USUM71513215
2650,"Stuck In The Moment","Justin Bieber",90,5A,70,2026-03-07,03:42,75,"","My World 2.0",2010-01-01,72,17,0,37,0,10,-6,C Minor,4,1DyV9obL0pPibOjW5ufg15,USUM71004769
2651,"Good News","Mac Miller",174,12A,32,2026-03-19,05:42,71,"","Circles",2020-01-17,79,85,13,24,10,10,-13,C♯/D♭ Minor,4,1DWZUa5Mzf2BwzpHtgbHPY,USWB11801008
2652,"Sunflower - Spider-Man: Into the Spider-Verse","Post Malone,Swae Lee",90,10B,48,2026-03-19,02:38,85,"","Spider-Man: Into the Spider-Verse (Soundtrack From & Inspired by the Motion Picture)",2018-12-14,76,55,0,91,0,0,-6,D Major,4,3KkXRkHbMCARz0aVfEt68P,USUM71814888
2653,"Best Meal Of My Life","Neko Fuzz,Sharkie J",98,7B,79,2026-03-19,03:27,1,"","Close Your Eyes",2024-09-11,64,20,4,90,0,0,-9,F Major,4,5e54inSLqJFMMcF6DOwE4P,QZAAJ2300794
2654,"Good Day","Kelly is Green",106,6B,54,2026-03-19,03:03,42,"","Good Day",2025-08-20,76,61,0,91,0,0,-9,A#/B♭ Major,4,0qZUtrJYFM9wunW9gfhvbw,QZZ772546601
2655,"I Love Rock 'N Roll","Joan Jett & the Blackhearts",94,12B,72,2026-03-19,02:55,71,"rock","I Love Rock 'N' Roll (Expanded Edition)",1981-11-18,54,33,0,90,0,60,-5,E Major,4,2Cdvbe2G4hZsnhNMKyGrie,USBH18100118
2656,"Perfect Timing","Ray Saetta",180,8B,43,2026-03-19,02:30,43,"","Perfect Timing",2025-07-28,61,64,0,32,10,10,-10,C Major,4,02vCIHmJKXFOS9iUMXKf9W,QZZ7Q2516978
2657,"closer to you","kanegi.",110,5A,57,2026-03-19,02:58,49,"","archives 12",2025-09-19,72,2,0,70,0,10,-12,C Minor,4,6J0tB8G8iZuuSfxqu25m5W,QZZ7T2530716
2658,"Everybody Talks","Neon Trees",155,4B,92,2026-03-19,02:57,82,"","Picture Show",2012-01-01,47,0,0,72,0,30,-4,G#/A♭ Major,4,2iUmqdfGZcHIhS3b9E9EWq,USUM71119189
2659,"reset, restart, refocus","the cozy lofi",82,10A,27,2026-03-19,02:12,35,"","reset, restart, refocus",2024-08-28,55,95,95,53,0,10,-20,B Minor,4,3bGkFystTUvhyAKqV6B5RB,QZTBA2472332
2660,"Run It Back #JerseyClub","Salako,Nueve Lio",145,6B,62,2026-03-19,01:59,57,"jersey club, philly club","Run It Back #JerseyClub",2026-01-05,57,3,10,22,0,30,-6,A#/B♭ Major,4,456YGXyYW6T5DFA1VkQV0C,QZFYZ2697945
2661,"Don't Say That","Ruel",85,8A,64,2026-03-19,03:30,65,"","Don't Say That",2026-03-19,25,36,0,48,0,30,-6,A Minor,4,3y8b3mpLNiQnHvbZU9s2o6,USA2P2600500
2662,"Darling, I (feat. Teezo Touchdown)","Tyler, The Creator,Teezo Touchdown",98,2A,82,2026-03-19,04:13,74,"","CHROMAKOPIA",2024-10-28,37,36,0,36,10,40,-3,D#/E♭ Minor,4,0VaeksJaXy5R1nvcTMh3Xk,USQX92405786
2663,"Overkill","Brad",176,10B,94,2026-03-19,02:52,7,"k-rock","Overkill",2025-05-12,47,6,0,39,0,0,-4,D Major,4,7EAlXMr1xyyE44QIPnfBGy,KRMIM2526969
2664,"Sweet","purge!",150,2B,57,2026-03-19,03:12,35,"","Sweet",2022-12-29,66,0,0,65,10,20,-13,F#/G♭ Major,4,6CQ7wNmZe4S8euiYX8pNd8,QZTBB2212525
2665,"Kitty Kat","Beyoncé",158,3B,39,2026-03-19,03:55,58,"","B'Day",2006-09-04,81,5,1,51,30,10,-8,C♯/D♭ Major,4,5UhR5ud9gS6n0PgzsjZmQd,USSM10603716
2666,"Where Roses Bloom","Teesa",127,4B,4,2026-03-19,06:30,44,"","Where Roses Bloom",2024-01-08,43,98,89,9,0,10,-16,G#/A♭ Major,3,39syhJ2wG5nefYG4boVI0B,QZWFS2331340
2667,"Just Kitten","fakemink",194,12A,66,2026-03-19,03:18,60,"cloud rap","London's Saviour",2023-12-22,65,13,0,52,40,10,-8,C♯/D♭ Minor,4,1Asgl3E0Zbu55iqJziisdR,QZWFQ2381525
2668,"wrong faces.","Brent Faiyaz",140,8A,50,2026-03-19,03:43,76,"r&b","Icon",2026-02-13,75,11,0,84,0,10,-8,A Minor,4,0yYTRodDOWqZZ0AWa2qxHH,QZJG52634675
2669,"Who's Got Your Love","Cheat Codes,Daniel Blume",125,1B,89,2026-03-19,02:37,46,"","Who's Got Your Love",2019-03-15,70,1,0,53,0,0,-3,B Major,4,47dABAPyBgKB3iQCrC4Vrv,QMCE31902061
2670,"feelslikeimfallinginlove","Coldplay",121,8B,52,2026-03-19,03:56,63,"","Moon Music",2024-10-04,63,5,1,29,0,10,-8,C Major,4,49S3znqBAQyPyMpEuKeyJ6,GBAYE2400891
2671,"Don't Say That (not saying that)","Ruel",88,8A,54,2026-04-09,03:31,28,"","Don't Say That (Single Pack)",2026-04-09,23,0,90,15,0,10,-8,A Minor,4,2lyGoz6tMg4qXbdXSajBxm,USA2P2620955
2672,"Don't Say That (only saying that)","Ruel",83,9A,33,2026-04-09,03:31,30,"","Don't Say That (Single Pack)",2026-04-09,46,77,0,48,10,30,-8,E Minor,4,3juYJnrnEL84nttfmfh8tq,USA2P2620956
2673,"Don't Say That (little bit of that)","Ruel",87,8A,60,2026-04-09,03:31,45,"","Don't Say That (Single Pack)",2026-04-09,20,4,0,25,0,20,-8,A Minor,4,6uOG1iIfseNfsHoRhMXj8y,USA2P2620957
2674,"<3 me","Nettspend",77,3B,63,2026-04-11,01:27,59,"rage rap, underground hip hop","early life crisis",2026-03-06,51,0,0,12,0,20,-4,C♯/D♭ Major,4,7uo7pjCnaM4ZDHdEahGaBO,USUG12602014
2675,"SSAK (Feat. Loco) (Prod. By GRAY)","OXYNOVA,MASON HOME,MILLI,Foggyatthebottom,OSUN,Loco",166,8B,82,2026-04-11,04:30,73,"k-rap, t-pop, thai pop, thai hip hop, thai trap, k-pop","Show Me The Money 12 Episode 1",2026-03-06,72,30,0,87,20,10,-4,C Major,4,0FOReGSXypVBP1q3CLEbfN,KRA492600201
2676,"Vroom Vroom","Charli xcx",151,1B,68,2026-04-11,03:13,71,"hyperpop, art pop","Vroom Vroom EP",2016-02-26,84,12,0,51,20,0,-6,B Major,4,5hyq3LBlCfjRQAFkdQwe8o,GBAHS1600092
2677,"Salt & Light","thegodwav",84,9B,71,2026-04-11,03:26,49,"christian r&b","Planting Seeds",2025-11-23,71,41,0,52,10,10,-3,G Major,4,7CIGmuhyNiLUynWI5rBVuM,QT6EX2588645
2678,"Touch The Sky","Kanye West,Lupe Fiasco",99,11B,85,2026-04-11,03:56,80,"rap, ","Late Registration",2005-08-30,55,1,0,55,30,30,-5,A Major,1,2dxjKgT0li4qBI3QwuN9Ih,USUM70502527
2679,"Numb","Rihanna,Eminem",129,1A,70,2026-04-11,03:25,51,"rap, hip hop","Unapologetic (Deluxe)",2012-12-11,72,1,0,38,10,10,-6,G#/A♭ Minor,4,3Naj4ZtvX9VpVqJH5EKmJE,USUM71214735
2680,"Telephones","Vacations",75,10B,45,2026-04-11,03:32,82,"","Changes",2018-00-00,53,0,3,18,0,10,-9,D Major,4,0JIMT9gzLIIz0esKLyjbKf,SEYOK1814657
2681,"Hate Myself","Ruel",123,7B,78,2026-04-24,02:32,56,"","Hate Myself",2026-04-24,75,2,0,87,0,0,-4,F Major,4,7DmTGp8xqD7TeuFKU7230f,USA2P2600495
2682,"The Emptiness Machine","Linkin Park",184,9B,87,2026-04-27,03:10,78,"nu metal, rap metal, rock, alternative metal","The Emptiness Machine",2024-09-05,47,2,0,81,0,10,-3,G Major,4,2PnlsTsOTLE5jnBnNe2K0A,USWB12403464
2683,"baby pink (feat. Eem Triplin)","Camila Cabello,Eem Triplin",152,3B,60,2026-04-27,03:52,54,"","C,XOXO (Magic City Edition)",2024-09-06,71,49,0,53,20,10,-9,C♯/D♭ Major,4,3zJ9BAluAfcbZ4lZn5MXnw,USUG12405631
2684,"Ipanema (Cafuné)","NoMBe",112,11B,73,2026-04-27,03:33,55,"","DIÁSPORA",2025-07-02,75,11,0,96,0,0,-10,A Major,4,71lC5og1dZKT8gcl1WkMnc,USA2P2524627
2685,"Jazz","Mick Jenkins",125,4B,61,2026-04-27,04:20,50,"jazz rap","The Water (S)",2014-08-12,64,25,0,30,10,10,-10,G#/A♭ Major,3,2rk0lCpO1vkKAQ6BC8bjUX,QMKSC1400021
2686,"Underlined Moments","grgr_playlist",96,7B,32,2026-04-27,02:53,36,"","GROOVE | HIP HOP | laid-back | Vol.2 | Chill Beats with a Touch of Rhythm",2025-11-29,83,65,0,39,0,20,-12,F Major,4,2a8cdFXtAlVnG0SvqjhPiT,QT6F82555304
2687,"BLESSIN","DIMO REX",120,12A,31,2026-04-27,03:29,54,"k-rap","INTOXICATED",2026-01-30,90,64,0,93,0,10,-10,C♯/D♭ Minor,4,0EYceSBCU4W21KSNy6w4op,KRA252600099
2688,"Losing You","Solange",114,8B,80,2026-04-27,04:20,73,"alternative r&b, neo soul","Losing You",2012-10-02,74,6,7,46,10,10,-6,C Major,4,5hR0wTnydz6lmErOV4c0sp,USME31201358
2689,"Television","A. G. Cook",143,3B,59,2026-04-27,03:37,31,"hyperpop","Britpop",2024-05-10,78,52,94,55,0,0,-6,C♯/D♭ Major,4,4H4eTqRROUWrwW61oExl0l,US38Y2410108
2690,"Good Mood","DARGZ,Nadine El Roubi",96,4B,25,2026-04-27,02:10,49,"neo soul","Friends & Family",2025-05-09,94,1,5,56,10,10,-11,G#/A♭ Major,4,1zjtjFgN5eSF4ZnhFsRbzt,FR59R2524829